UNIQUE_ID,COLLISION_ID,CRASH_DATE,CRASH_TIME,VEHICLE_ID,VEHICLE_TYPE,VEHICLE_MAKE,VEHICLE_YEAR,VEHICLE_OCCUPANTS,DRIVER_SEX,DRIVER_LICENSE_STATUS,PRE_CRASH,POINT_OF_IMPACT,VEHICLE_DAMAGE,VEHICLE_DAMAGE_1,VEHICLE_DAMAGE_2,VEHICLE_DAMAGE_3,PUBLIC_PROPERTY_DAMAGE,PUBLIC_PROPERTY_DAMAGE_TYPE,CONTRIBUTING_FACTOR_1,CONTRIBUTING_FACTOR_2,BOROUGH,ZIP CODE,LOCATION,NUMBER OF PERSONS INJURED,NUMBER OF PERSONS KILLED,NUMBER OF PEDESTRIANS INJURED,NUMBER OF PEDESTRIANS KILLED,NUMBER OF CYCLIST INJURED,NUMBER OF CYCLIST KILLED,NUMBER OF MOTORIST INJURED,NUMBER OF MOTORIST KILLED,VEHICLE TYPE CODE 1,VEHICLE TYPE CODE 2,Severity
17345834,3561523,11/16/2016,08:40,1076501,Motorcycle,DUCATI,2016.0,1.0,M,Licensed,Going Straight Ahead,Left Front Quarter Panel,Left Front Quarter Panel,Left Front Bumper,Right Front Quarter Panel,,N,,Unspecified,Unspecified,,,"(40.65218, -74.00996)",0.0,0.0,0,0,0,0,0,0,Motorcycle,Station Wagon/Sport Utility Vehicle,0
17192916,3484714,07/15/2016,15:15,538451,Van,FORD-TRUCK/BUS,2005.0,1.0,M,Licensed,Making Right Turn,Right Front Quarter Panel,Right Side Doors,Right Rear Quarter Panel,No Damage,No Damage,N,,Unspecified,Unspecified,BROOKLYN,11212.0,"(40.654587, -73.90787)",0.0,0.0,0,0,0,0,0,0,Van,PK,0
17350477,3560096,11/10/2016,21:30,1066982,Sedan,CADI -CAR/SUV,2016.0,1.0,M,Licensed,Going Straight Ahead,Left Front Bumper,Center Front End,Right Front Bumper,,,N,,Animals Action,Unspecified,,,"(40.86095, -73.828415)",0.0,0.0,0,0,0,0,0,0,Sedan,,0
16960744,3413279,04/02/2016,15:50,82655,4 dr sedan,VOLK -CAR/SUV,2009.0,0.0,,,Parked,Left Side Doors,Left Rear Quarter Panel,,,,N,,Unspecified,Unspecified,,,,0.0,0.0,0,0,0,0,0,0,4 dr sedan,,0
17179924,3493496,08/01/2016,16:28,601379,Sedan,HOND -CAR/SUV,2011.0,1.0,M,Licensed,Going Straight Ahead,Left Front Quarter Panel,Left Front Quarter Panel,Left Side Doors,Left Front Bumper,,N,,Unspecified,Unspecified,,,"(40.63082, -73.88636)",0.0,0.0,0,0,0,0,0,0,Sedan,Sedan,0
17367235,3558803,11/11/2016,15:50,1057071,Sedan,HYUN -CAR/SUV,2003.0,1.0,M,Licensed,Merging,Left Front Bumper,Left Front Bumper,,,,N,,Passing or Lane Usage Improper,Unsafe Lane Changing,MANHATTAN,10014.0,"(40.726173, -74.01099)",0.0,0.0,0,0,0,0,0,0,Taxi,Sedan,0
17393401,3563570,11/19/2016,13:50,1091601,Station Wagon/Sport Utility Vehicle,HOND -CAR/SUV,2015.0,0.0,,,Parked,Left Rear Quarter Panel,Left Rear Quarter Panel,Left Side Doors,Left Front Quarter Panel,Left Front Bumper,N,,Unspecified,Unspecified,QUEENS,11361.0,"(40.761944, -73.76699)",0.0,0.0,0,0,0,0,0,0,Sedan,Station Wagon/Sport Utility Vehicle,0
17409767,3519086,09/13/2016,18:15,788719,Station Wagon/Sport Utility Vehicle,NISS -CAR/SUV,2004.0,1.0,M,Licensed,Making Left Turn,Right Front Bumper,No Damage,,,,N,,Unspecified,Unspecified,QUEENS,11434.0,"(40.65821, -73.768906)",1.0,0.0,1,0,0,0,0,0,Station Wagon/Sport Utility Vehicle,,1
17204782,3555976,11/06/2016,18:50,1039087,Station Wagon/Sport Utility Vehicle,HOND -CAR/SUV,2013.0,4.0,M,Licensed,Going Straight Ahead,Right Side Doors,Right Side Doors,,,,N,,Unspecified,Unspecified,,,"(40.718864, -73.97483)",0.0,0.0,0,0,0,0,0,0,Station Wagon/Sport Utility Vehicle,,0
17376869,3560629,11/09/2016,13:35,1071742,PK,HINO -TRUCK/BUS,2017.0,1.0,M,Unlicensed,Backing,No Damage,No Damage,,,,N,,Backing Unsafely,Backing Unsafely,MANHATTAN,10017.0,"(40.750492, -73.97172)",0.0,0.0,0,0,0,0,0,0,PK,Sedan,0
17261824,3478001,07/11/2016,03:10,502999,4 dr sedan,MAZD -CAR/SUV,2008.0,1.0,M,Licensed,Going Straight Ahead,Center Front End,Center Front End,Left Front Bumper,Right Front Bumper,,N,,Unspecified,Unspecified,,,,0.0,0.0,0,0,0,0,0,0,4 dr sedan,,0
17334075,3545739,10/21/2016,18:13,966395,Sedan,NISS -CAR/SUV,2016.0,,,,Going Straight Ahead,,,,,,N,,Following Too Closely,Driver Inattention/Distraction,,,"(40.59938, -73.95141)",0.0,0.0,0,0,0,0,0,0,Sedan,Sedan,0
17063931,3446631,05/27/2016,19:13,327580,Station Wagon/Sport Utility Vehicle,GMC -CAR/SUV,2012.0,1.0,F,Licensed,Slowing or Stopping,Center Back End,Center Back End,,,,N,,Unspecified,Unspecified,,,,0.0,0.0,0,0,0,0,0,0,Station Wagon/Sport Utility Vehicle,4 dr sedan,0
17171826,3459248,06/09/2016,22:20,445411,Station Wagon/Sport Utility Vehicle,HYUN -CAR/SUV,2005.0,0.0,,,Parked,Right Front Bumper,Right Front Bumper,Right Front Quarter Panel,,,N,,Unspecified,Unspecified,BROOKLYN,11223.0,"(40.60375, -73.98084)",0.0,0.0,0,0,0,0,0,0,4 dr sedan,Station Wagon/Sport Utility Vehicle,0
17162943,3454494,06/02/2016,16:00,352880,4 dr sedan,NISS -CAR/SUV,2015.0,3.0,M,Licensed,Going Straight Ahead,Left Front Bumper,Left Front Bumper,Left Front Quarter Panel,Center Front End,,Unspecified,,Unspecified,Unspecified,BROOKLYN,11234.0,"(40.61697, -73.93321)",1.0,0.0,0,0,0,0,1,0,Station Wagon/Sport Utility Vehicle,4 dr sedan,1
17307423,3562679,11/18/2016,01:30,1085666,Sedan,HOND -CAR/SUV,2009.0,0.0,,,Parked,Left Side Doors,Left Side Doors,Left Rear Bumper,,,N,,Unspecified,Unspecified,BRONX,10457.0,"(40.85391, -73.89109)",0.0,0.0,0,0,0,0,0,0,Ambulance,Sedan,0
17254994,3547987,10/24/2016,17:35,1012129,Station Wagon/Sport Utility Vehicle,MITS -CAR/SUV,2016.0,3.0,F,Unlicensed,Passing,Left Front Quarter Panel,Left Front Quarter Panel,,,,N,,Driver Inexperience,Driver Inattention/Distraction,,,"(40.677574, -73.95548)",0.0,0.0,0,0,0,0,0,0,Sedan,Station Wagon/Sport Utility Vehicle,0
17175373,3457181,06/06/2016,10:00,368824,4 dr sedan,VOLK -CAR/SUV,2000.0,1.0,M,Licensed,Going Straight Ahead,Left Front Bumper,Left Front Bumper,,,,N,,Following Too Closely,Driver Inattention/Distraction,,,"(40.702858, -73.99288)",0.0,0.0,0,0,0,0,0,0,4 dr sedan,4 dr sedan,0
16948627,3405711,03/31/2016,13:20,128124,4 dr sedan,ACUR -CAR/SUV,2005.0,1.0,M,Licensed,Parked,Left Front Quarter Panel,Left Front Quarter Panel,,,,N,,Unspecified,Unspecified,MANHATTAN,10013.0,"(40.717808, -73.99692)",0.0,0.0,0,0,0,0,0,0,Bus,4 dr sedan,0
17362354,3575025,12/07/2016,08:00,1168277,Sedan,VOLK -CAR/SUV,2001.0,1.0,F,Licensed,Going Straight Ahead,Right Front Quarter Panel,Right Front Quarter Panel,Right Side Doors,Right Rear Quarter Panel,No Damage,N,,Unspecified,Unspecified,BROOKLYN,11220.0,"(40.648148, -74.01083)",0.0,0.0,0,0,0,0,0,0,Sedan,Station Wagon/Sport Utility Vehicle,0
17178677,3472092,06/30/2016,06:45,729853,4 dr sedan,STRN -CAR/SUV,1997.0,0.0,,,Parked,Right Side Doors,Right Side Doors,,,,N,,Unspecified,Unspecified,BRONX,10458.0,"(40.85909, -73.89114)",0.0,0.0,0,0,0,0,0,0,4 dr sedan,,0
17419342,3546368,10/24/2016,08:40,972524,Sedan,HOND -CAR/SUV,2006.0,1.0,F,Licensed,Going Straight Ahead,Center Front End,Center Front End,Right Front Bumper,Left Front Bumper,No Damage,N,,Following Too Closely,Unspecified,,,"(40.71487, -73.7291)",0.0,0.0,0,0,0,0,0,0,Sedan,Sedan,0
17159920,3557389,11/09/2016,15:30,1073335,Sedan,HOND -CAR/SUV,2016.0,1.0,F,Licensed,Going Straight Ahead,Center Back End,Center Back End,,,,N,,Following Too Closely,Following Too Closely,QUEENS,11692.0,"(40.586826, -73.800705)",0.0,0.0,0,0,0,0,0,0,Sedan,Sedan,0
17178252,3462093,06/15/2016,18:00,430599,4 dr sedan,TOYT -CAR/SUV,2007.0,1.0,F,Licensed,Making Left Turn,Left Rear Quarter Panel,Left Rear Quarter Panel,,,,N,,Driver Inattention/Distraction,Unspecified,,,,0.0,0.0,0,0,0,0,0,0,4 dr sedan,Station Wagon/Sport Utility Vehicle,0
17040001,3436681,05/05/2016,20:16,233515,4 dr sedan,TOYT -CAR/SUV,2011.0,1.0,M,Licensed,Going Straight Ahead,Left Front Quarter Panel,Left Front Bumper,No Damage,No Damage,No Damage,N,,Driver Inattention/Distraction,Unspecified,BROOKLYN,11233.0,"(40.670116, -73.92248)",0.0,0.0,0,0,0,0,0,0,4 dr sedan,Sedan,0
17393512,3501937,08/16/2016,16:15,665264,Sedan,HYUN -CAR/SUV,2016.0,1.0,M,,Backing,Center Back End,Center Back End,,,,N,,Driver Inexperience,Driver Inattention/Distraction,QUEENS,11040.0,"(40.752346, -73.70194)",0.0,0.0,0,0,0,0,0,0,Sedan,Sedan,0
17419800,3586900,12/23/2016,12:59,1244205,Station Wagon/Sport Utility Vehicle,GMC -CAR/SUV,2005.0,1.0,,,Starting from Parking,Left Front Bumper,Left Front Bumper,Left Front Quarter Panel,,,N,,Driver Inattention/Distraction,Unspecified,MANHATTAN,10021.0,"(40.772373, -73.96079)",0.0,0.0,0,0,0,0,0,0,Sedan,Station Wagon/Sport Utility Vehicle,0
17053023,3450099,05/17/2016,07:50,285010,4 dr sedan,BMW -CAR/SUV,2011.0,1.0,F,Licensed,Stopped in Traffic,Center Back End,No Damage,No Damage,No Damage,No Damage,N,,Unspecified,Unspecified,BROOKLYN,11209.0,"(40.614815, -74.02941)",1.0,0.0,0,0,0,0,1,0,4 dr sedan,4 dr sedan,1
17367111,3587760,12/27/2016,16:00,1256697,Station Wagon/Sport Utility Vehicle,GMC -CAR/SUV,2006.0,0.0,,,Parked,Left Front Bumper,Left Front Quarter Panel,,,,N,,Unspecified,Unspecified,BROOKLYN,11204.0,"(40.623154, -73.99372)",0.0,0.0,0,0,0,0,0,0,Tractor Truck Diesel,Station Wagon/Sport Utility Vehicle,0
17412489,3583541,12/15/2016,14:10,1224486,Pick-up Truck,GMC -CAR/SUV,2008.0,1.0,M,,Slowing or Stopping,Center Front End,No Damage,Center Front End,No Damage,,N,,Following Too Closely,Other Vehicular,MANHATTAN,10019.0,"(40.762966, -73.973976)",0.0,0.0,0,0,0,0,0,0,Taxi,Pick-up Truck,0
17403485,3503717,08/20/2016,09:00,722993,Station Wagon/Sport Utility Vehicle,TOYT -CAR/SUV,2006.0,1.0,F,Licensed,Slowing or Stopping,Left Front Bumper,Left Front Bumper,Center Front End,Right Front Bumper,,N,,Following Too Closely,Unspecified,,,"(40.74285, -73.830284)",0.0,0.0,0,0,0,0,0,0,Sedan,Station Wagon/Sport Utility Vehicle,0
17307696,3524967,09/21/2016,17:16,825098,Station Wagon/Sport Utility Vehicle,FORD -CAR/SUV,2002.0,1.0,F,Unlicensed,Going Straight Ahead,Right Side Doors,Right Side Doors,,,,N,,Driver Inexperience,Unspecified,QUEENS,11372.0,"(40.7568, -73.87358)",1.0,0.0,0,0,1,0,0,0,Station Wagon/Sport Utility Vehicle,Bike,1
17250408,3511303,08/31/2016,14:35,732853,Sedan,NISS -CAR/SUV,2000.0,1.0,F,Licensed,Making Right Turn,Right Rear Bumper,Right Rear Bumper,Right Rear Quarter Panel,,,Unspecified,,Unspecified,Unspecified,BROOKLYN,11234.0,"(40.608864, -73.92146)",0.0,0.0,0,0,0,0,0,0,Sedan,Station Wagon/Sport Utility Vehicle,0
16984951,3433197,04/26/2016,21:00,194126,Station Wagon/Sport Utility Vehicle,NISS -CAR/SUV,1999.0,1.0,M,Licensed,Changing Lanes,Right Front Quarter Panel,Right Front Quarter Panel,No Damage,No Damage,No Damage,N,,Failure to Yield Right-of-Way,,,,"(40.7681, -73.90512)",0.0,0.0,0,0,0,0,0,0,Station Wagon/Sport Utility Vehicle,4 dr sedan,0
17203651,3515346,09/07/2016,22:10,862107,Station Wagon/Sport Utility Vehicle,HOND -CAR/SUV,2012.0,1.0,M,Licensed,Going Straight Ahead,Left Front Bumper,Left Front Bumper,Left Front Quarter Panel,Center Front End,,N,,Unspecified,Unspecified,BRONX,10468.0,"(40.871925, -73.901054)",1.0,0.0,0,0,0,0,1,0,Station Wagon/Sport Utility Vehicle,Sedan,1
17262802,3499037,08/11/2016,17:00,641820,Station Wagon/Sport Utility Vehicle,NISS -CAR/SUV,2007.0,1.0,F,Licensed,Going Straight Ahead,Center Back End,Center Back End,Right Rear Bumper,Left Rear Bumper,,N,,Unspecified,Unspecified,QUEENS,11369.0,"(40.759075, -73.86985)",0.0,0.0,0,0,0,0,0,0,Station Wagon/Sport Utility Vehicle,Sedan,0
17314676,3569372,11/29/2016,00:10,1129554,Sedan,HOND -CAR/SUV,2003.0,1.0,M,Licensed,Going Straight Ahead,Center Front End,Center Front End,No Damage,No Damage,No Damage,N,,Unspecified,Unspecified,,,"(40.855755, -73.88544)",0.0,0.0,0,0,0,0,0,0,Sedan,Sedan,0
17144969,3423815,03/26/2016,14:30,875647,Sedan,NISS -CAR/SUV,2009.0,1.0,M,Unlicensed,Going Straight Ahead,No Damage,Undercarriage,,,,N,,Unspecified,Unspecified,QUEENS,11434.0,"(40.667236, -73.770004)",0.0,0.0,0,0,0,0,0,0,Station Wagon/Sport Utility Vehicle,Sedan,0
17150689,3456071,06/03/2016,16:17,355417,Station Wagon/Sport Utility Vehicle,ACUR -CAR/SUV,2016.0,3.0,F,Licensed,Slowing or Stopping,Left Front Bumper,Left Front Bumper,Left Front Quarter Panel,,,N,,Unspecified,Unspecified,BRONX,10463.0,"(40.875298, -73.90617)",0.0,0.0,0,0,0,0,0,0,Station Wagon/Sport Utility Vehicle,Station Wagon/Sport Utility Vehicle,0
17331789,3554094,11/02/2016,21:53,1027273,Sedan,VOLK -CAR/SUV,2006.0,1.0,,,Going Straight Ahead,Center Front End,Center Front End,No Damage,No Damage,No Damage,N,,Fell Asleep,Unspecified,,,"(40.66654, -73.99509)",2.0,0.0,0,0,0,0,2,0,Taxi,Sedan,1
17311977,3509413,08/29/2016,10:50,718441,Sedan,HOND -CAR/SUV,2016.0,1.0,F,Licensed,Going Straight Ahead,Right Rear Quarter Panel,Right Rear Quarter Panel,Right Rear Quarter Panel,Right Rear Bumper,No Damage,N,,Unspecified,Unspecified,,,"(40.699512, -73.81461)",0.0,0.0,0,0,0,0,0,0,Sedan,Station Wagon/Sport Utility Vehicle,0
16967252,3407792,04/09/2016,01:45,112361,Sedan,HOND -CAR/SUV,2009.0,1.0,M,Licensed,Going Straight Ahead,No Damage,No Damage,,,,N,,Other Vehicular,Unspecified,,,,1.0,0.0,0,0,0,0,1,0,Taxi,Sedan,1
17239463,3524908,09/20/2016,16:34,829234,Station Wagon/Sport Utility Vehicle,MAZD -CAR/SUV,2013.0,1.0,F,Licensed,Going Straight Ahead,Center Back End,No Damage,,,,N,,Unspecified,Unspecified,BROOKLYN,11207.0,"(40.68366, -73.90788)",1.0,0.0,1,0,0,0,0,0,Sedan,Station Wagon/Sport Utility Vehicle,1
17291073,3534738,10/05/2016,18:20,896288,Station Wagon/Sport Utility Vehicle,NISS -CAR/SUV,2010.0,2.0,F,Licensed,Going Straight Ahead,Left Rear Bumper,Left Rear Bumper,No Damage,No Damage,No Damage,Unspecified,,Unspecified,Unspecified,MANHATTAN,10035.0,,0.0,0.0,0,0,0,0,0,0,Station Wagon/Sport Utility Vehicle,Station Wagon/Sport Utility Vehicle,0
17327977,3469249,06/26/2016,10:15,449657,4 dr sedan,MERZ -CAR/SUV,2015.0,1.0,F,Licensed,Parked,Center Front End,Center Front End,,,,N,,Unspecified,Unspecified,QUEENS,11356.0,"(40.78299, -73.84494)",0.0,0.0,0,0,0,0,0,0,4 dr sedan,Station Wagon/Sport Utility Vehicle,0
17179665,3513255,08/30/2016,00:00,723852,Sedan,NISS -CAR/SUV,,,,,Making Left Turn,Center Front End,,,,,N,,Failure to Yield Right-of-Way,Driver Inattention/Distraction,MANHATTAN,10037.0,"(40.815403, -73.93992)",1.0,0.0,1,0,0,0,0,0,Sedan,,1
16957513,3413255,03/31/2016,18:59,124783,Station Wagon/Sport Utility Vehicle,TOYT -CAR/SUV,2010.0,1.0,M,,Going Straight Ahead,Center Back End,Left Rear Bumper,No Damage,No Damage,No Damage,N,,Unspecified,Unspecified,BRONX,10466.0,,1.0,0.0,0,0,0,0,1,0,Station Wagon/Sport Utility Vehicle,Station Wagon/Sport Utility Vehicle,1
17357238,3482557,07/17/2016,21:10,531395,4 dr sedan,VOLK -CAR/SUV,2011.0,2.0,F,Licensed,Making Left Turn,Left Front Quarter Panel,Left Front Quarter Panel,Left Side Doors,,,Unspecified,,Unspecified,Unspecified,QUEENS,11429.0,"(40.713985, -73.73812)",2.0,0.0,0,0,0,0,2,0,4 dr sedan,4 dr sedan,1
17404596,3574975,12/06/2016,08:40,1167531,Sedan,LEXS -CAR/SUV,2009.0,0.0,,,Parked,Right Rear Quarter Panel,Right Rear Quarter Panel,,,,N,,Unspecified,Unspecified,QUEENS,11365.0,"(40.7331, -73.80484)",0.0,0.0,0,0,0,0,0,0,Box Truck,Sedan,0
17366786,3540468,10/14/2016,20:42,935592,Sedan,HOND -CAR/SUV,2008.0,1.0,F,Licensed,Going Straight Ahead,Left Front Quarter Panel,Left Front Bumper,Right Front Bumper,Right Front Quarter Panel,,N,,Unspecified,Unspecified,,,"(40.763344, -73.75791)",0.0,0.0,0,0,0,0,0,0,Sedan,,0
17366863,3535687,10/06/2016,17:00,897688,Sedan,SUBA -CAR/SUV,2000.0,,,,Going Straight Ahead,Center Front End,Center Front End,,,,N,,Driver Inattention/Distraction,Unspecified,,,"(40.570465, -74.10977)",0.0,0.0,0,0,0,0,0,0,Sedan,Sedan,0
17293028,3552828,11/01/2016,08:20,1015113,Sedan,KIA -CAR/SUV,2012.0,1.0,F,Licensed,Going Straight Ahead,Left Front Bumper,Center Front End,Right Front Bumper,Right Front Bumper,Right Front Bumper,N,,Unspecified,Unspecified,STATEN ISLAND,10314.0,"(40.614925, -74.11699)",1.0,0.0,0,0,0,0,1,0,Sedan,Station Wagon/Sport Utility Vehicle,1
17184810,3576518,12/07/2016,14:15,1170543,Box Truck,FRHT-TRUCK/BUS,2009.0,2.0,M,Licensed,Passing,Right Front Quarter Panel,Right Front Quarter Panel,Right Side Doors,,,N,,Driver Inattention/Distraction,Driver Inattention/Distraction,QUEENS,11691.0,"(40.596474, -73.748215)",0.0,0.0,0,0,0,0,0,0,Box Truck,Station Wagon/Sport Utility Vehicle,0
17395753,3579715,12/14/2016,22:15,1202125,Sedan,TOYT -CAR/SUV,2012.0,1.0,M,Licensed,Changing Lanes,Left Front Quarter Panel,Left Front Quarter Panel,,,,N,,Driver Inattention/Distraction,Unspecified,MANHATTAN,10016.0,"(40.748363, -73.98041)",0.0,0.0,0,0,0,0,0,0,Sedan,Sedan,0
16946587,3407639,03/23/2016,09:00,37211,,0,,0.0,U,,,Other,Other,,,,Unspecified,,Unspecified,Unspecified,MANHATTAN,10022.0,"(40.756824, -73.97118)",0.0,0.0,0,0,0,0,0,0,4 dr sedan,,0
17235617,3572575,12/02/2016,15:00,1147727,Sedan,VOLK -CAR/SUV,2016.0,3.0,F,,Making Left Turn,Left Front Bumper,Left Front Bumper,,,,N,,Driver Inattention/Distraction,Driver Inexperience,MANHATTAN,10009.0,"(40.724583, -73.98751)",0.0,0.0,0,0,0,0,0,0,Sedan,Sedan,0
17202169,3455122,06/03/2016,21:10,1189341,Station Wagon/Sport Utility Vehicle,MERC -CAR/SUV,1999.0,1.0,M,Licensed,Making Right Turn,Center Front End,No Damage,,,,N,,Driver Inattention/Distraction,Unspecified,QUEENS,11432.0,"(40.70731, -73.804245)",1.0,0.0,1,0,0,0,0,0,Station Wagon/Sport Utility Vehicle,,1
16963807,3429421,04/06/2016,19:00,99866,Taxi,TOYT -CAR/SUV,2011.0,1.0,M,Licensed,Going Straight Ahead,Center Front End,,,,,N,,Following Too Closely,Unspecified,,,"(40.7681, -73.90512)",0.0,0.0,0,0,0,0,0,0,Taxi,Taxi,0
16949808,3409466,04/04/2016,18:30,90369,4 dr sedan,HOND -CAR/SUV,2016.0,1.0,F,Licensed,Going Straight Ahead,Left Front Bumper,Left Front Bumper,,,,N,,Pavement Slippery,Unspecified,,,"(40.785866, -73.950935)",0.0,0.0,0,0,0,0,0,0,4 dr sedan,4 dr sedan,0
17318451,3527838,09/24/2016,06:45,846849,Motorcycle,KAWK -MCL,2015.0,2.0,M,Licensed,Going Straight Ahead,Center Front End,Center Front End,Right Front Quarter Panel,Right Side Doors,Right Rear Quarter Panel,N,,Reaction to Uninvolved Vehicle,Unspecified,BRONX,10455.0,"(40.81632, -73.903015)",0.0,0.0,0,0,0,0,0,0,Motorcycle,Sedan,0
16966007,3415709,04/15/2016,05:45,163970,4 dr sedan,FORD -CAR/SUV,2003.0,0.0,,,Parked,Right Rear Bumper,Center Back End,Left Rear Bumper,,,N,,Unspecified,,BROOKLYN,11234.0,,0.0,0.0,0,0,0,0,0,0,Station Wagon/Sport Utility Vehicle,4 dr sedan,0
17186399,3467320,06/15/2016,09:00,430487,4 dr sedan,NISS -CAR/SUV,2010.0,1.0,M,Licensed,Making Right Turn,Left Side Doors,Left Side Doors,,,,N,,Unspecified,Unspecified,BROOKLYN,11209.0,"(40.631443, -74.0189)",0.0,0.0,0,0,0,0,0,0,4 dr sedan,4 dr sedan,0
17260530,3522268,09/17/2016,02:00,804802,Sedan,CHRY -CAR/SUV,2016.0,1.0,M,Licensed,Going Straight Ahead,Right Front Quarter Panel,Right Front Quarter Panel,,,,N,,Driver Inattention/Distraction,Unspecified,MANHATTAN,10016.0,"(40.742336, -73.98176)",0.0,0.0,0,0,0,0,0,0,Sedan,Sedan,0
17409540,3583767,12/20/2016,18:28,1228936,Sedan,HYUN -CAR/SUV,2014.0,1.0,M,Licensed,Merging,Left Rear Quarter Panel,Left Rear Quarter Panel,,,,N,,Unspecified,Unspecified,,,"(40.71699, -73.82402)",0.0,0.0,0,0,0,0,0,0,Sedan,Sedan,0
17396643,3576390,12/09/2016,06:10,1177201,Sedan,TOYT -CAR/SUV,2017.0,1.0,M,Licensed,Making Left Turn,Left Front Bumper,Left Front Bumper,Left Front Bumper,Left Front Bumper,Left Front Bumper,N,,Unspecified,Unspecified,BRONX,10472.0,"(40.82876, -73.85971)",0.0,0.0,0,0,0,0,0,0,Sedan,Sedan,0
17411128,3589632,12/30/2016,16:15,1270975,Sedan,KIA -CAR/SUV,2016.0,1.0,M,Licensed,Making Right Turn,Left Front Bumper,Left Front Bumper,Other,Other,Other,N,,Unspecified,Unspecified,STATEN ISLAND,10306.0,"(40.568893, -74.09205)",0.0,0.0,0,0,0,0,0,0,Sedan,Station Wagon/Sport Utility Vehicle,0
16958350,3417179,04/18/2016,20:40,158163,4 dr sedan,CHEV -CAR/SUV,2016.0,0.0,,,Parked,Center Front End,Left Front Bumper,Right Front Bumper,Left Rear Bumper,Center Back End,N,,Unspecified,Unspecified,BROOKLYN,11236.0,,0.0,0.0,0,0,0,0,0,0,4 dr sedan,4 dr sedan,0
17088477,3596462,01/11/2016,07:55,86832030-7c40-4a6e-8226-14f874434105,Station Wagon/Sport Utility Vehicle,MAZD -CAR/SUV,2010.0,1.0,M,Licensed,Going Straight Ahead,Right Side Doors,Right Side Doors,Right Rear Quarter Panel,,,N,,Unspecified,Unspecified,,,"(40.82325, -73.88277)",0.0,0.0,0,0,0,0,0,0,Sedan,Station Wagon/Sport Utility Vehicle,0
17273136,3487762,07/23/2016,13:30,552317,Station Wagon/Sport Utility Vehicle,LEXS -CAR/SUV,2008.0,1.0,M,Licensed,Going Straight Ahead,Right Side Doors,Right Side Doors,,,,N,,Unspecified,Unspecified,QUEENS,11361.0,"(40.76539, -73.771576)",0.0,0.0,0,0,0,0,0,0,Station Wagon/Sport Utility Vehicle,Station Wagon/Sport Utility Vehicle,0
16954975,3405756,04/06/2016,10:30,97342,4 dr sedan,TOYT -CAR/SUV,2011.0,1.0,M,Licensed,Going Straight Ahead,Right Front Quarter Panel,Right Side Doors,Right Side Doors,,,N,,Aggressive Driving/Road Rage,Unsafe Lane Changing,,,"(40.716194, -73.996086)",0.0,0.0,0,0,0,0,0,0,4 dr sedan,Tractor Truck Diesel,0
16959844,4022168,04/06/2016,20:30,105475,Tractor Truck Diesel,MACK-TRUCK/BUS,2011.0,1.0,M,Licensed,Making Left Turn,Right Front Bumper,No Damage,,,,N,,Following Too Closely,Unspecified,BROOKLYN,11201.0,,0.0,0.0,0,0,0,0,0,0,Tractor Truck Diesel,4 dr sedan,0
17342000,3550483,10/30/2016,13:10,1002919,Sedan,FORD -CAR/SUV,2006.0,0.0,,,Parked,Left Front Quarter Panel,Left Front Quarter Panel,,,,N,,Unspecified,Unspecified,BROOKLYN,11229.0,"(40.592674, -73.95917)",0.0,0.0,0,0,0,0,0,0,Sedan,,0
17201970,3470516,06/29/2016,02:00,460791,4 dr sedan,BMW -CAR/SUV,2014.0,3.0,F,Licensed,Going Straight Ahead,Left Rear Quarter Panel,Left Rear Quarter Panel,Left Side Doors,Left Rear Bumper,,N,,Unspecified,Unspecified,,,,0.0,0.0,0,0,0,0,0,0,Station Wagon/Sport Utility Vehicle,4 dr sedan,0
17237716,3507272,08/24/2016,22:15,699982,Sedan,NISS -CAR/SUV,2013.0,1.0,M,Licensed,Making Right Turn,Right Side Doors,Right Side Doors,,,,N,,Driver Inattention/Distraction,Turning Improperly,,,"(40.735695, -73.99286)",0.0,0.0,0,0,0,0,0,0,Sedan,Sedan,0
17256292,3555301,11/05/2016,20:47,1030988,Sedan,BMW -CAR/SUV,2004.0,1.0,M,Licensed,Going Straight Ahead,Center Front End,Center Front End,,,,N,,Following Too Closely,Unspecified,,,"(40.87666, -73.90419)",1.0,0.0,0,0,0,0,1,0,Sedan,Sedan,1
17218079,3510713,08/29/2016,17:00,720502,Sedan,HYUN -CAR/SUV,2017.0,1.0,M,Licensed,Merging,Left Front Quarter Panel,Right Side Doors,Left Side Doors,Right Side Doors,Left Rear Quarter Panel,N,,Unspecified,Unspecified,BROOKLYN,11206.0,"(40.697258, -73.952385)",0.0,0.0,0,0,0,0,0,0,Sedan,Taxi,0
17361992,3543774,10/20/2016,09:08,955263,Pick-up Truck,FORD -CAR/SUV,2004.0,1.0,M,Licensed,Going Straight Ahead,Left Rear Quarter Panel,Left Rear Quarter Panel,,,,N,,Driver Inattention/Distraction,Unspecified,QUEENS,11421.0,"(40.69366, -73.85217)",0.0,0.0,0,0,0,0,0,0,Pick-up Truck,Carry All,0