UNIQUE_ID,COLLISION_ID,CRASH_DATE,CRASH_TIME,VEHICLE_ID,VEHICLE_TYPE,VEHICLE_MAKE,VEHICLE_YEAR,VEHICLE_OCCUPANTS,DRIVER_SEX,DRIVER_LICENSE_STATUS,PRE_CRASH,POINT_OF_IMPACT,VEHICLE_DAMAGE,VEHICLE_DAMAGE_1,VEHICLE_DAMAGE_2,VEHICLE_DAMAGE_3,PUBLIC_PROPERTY_DAMAGE,PUBLIC_PROPERTY_DAMAGE_TYPE,CONTRIBUTING_FACTOR_1,CONTRIBUTING_FACTOR_2,BOROUGH,ZIP CODE,LOCATION,NUMBER OF PERSONS INJURED,NUMBER OF PERSONS KILLED,NUMBER OF PEDESTRIANS INJURED,NUMBER OF PEDESTRIANS KILLED,NUMBER OF CYCLIST INJURED,NUMBER OF CYCLIST KILLED,NUMBER OF MOTORIST INJURED,NUMBER OF MOTORIST KILLED,VEHICLE TYPE CODE 1,VEHICLE TYPE CODE 2,Severity
17224834,3469600,06/26/2016,16:30,451445,4 dr sedan,HOND -CAR/SUV,2003.0,2.0,M,Licensed,Going Straight Ahead,Left Front Bumper,Left Front Bumper,,,,N,,Brakes Defective,Unspecified,,,"(40.82306, -73.88069)",0.0,0.0,0,0,0,0,0,0,4 dr sedan,Station Wagon/Sport Utility Vehicle,0
17212166,3496940,08/05/2016,20:07,615007,Sedan,CHEV -CAR/SUV,1997.0,1.0,M,Licensed,Going Straight Ahead,Center Front End,Center Front End,Center Front End,Right Front Bumper,,N,,Driver Inattention/Distraction,Failure to Yield Right-of-Way,,,"(40.618244, -74.11959)",0.0,0.0,0,0,0,0,0,0,Sedan,Sedan,0
17281304,3494009,08/03/2016,18:39,608335,Sedan,CHRY -CAR/SUV,2016.0,1.0,M,Licensed,Going Straight Ahead,Center Back End,Center Back End,No Damage,No Damage,No Damage,N,,Unspecified,Unspecified,,,"(40.827595, -73.85004)",1.0,0.0,0,0,0,0,1,0,Sedan,Station Wagon/Sport Utility Vehicle,1
17426027,3573716,12/05/2016,17:38,1160499,Station Wagon/Sport Utility Vehicle,MAZD -CAR/SUV,2015.0,1.0,F,Licensed,Stopped in Traffic,Right Front Bumper,Right Front Bumper,Center Front End,Left Front Bumper,Right Front Quarter Panel,N,,Unspecified,Unspecified,,,"(40.75829, -73.83431)",0.0,0.0,0,0,0,0,0,0,Station Wagon/Sport Utility Vehicle,Sedan,0
17425556,3570427,11/30/2016,12:50,1136996,Station Wagon/Sport Utility Vehicle,PORS -CAR/SUV,2017.0,1.0,F,Licensed,Slowing or Stopping,Center Front End,Center Front End,,,,N,,Following Too Closely,Unspecified,,,"(40.742195, -73.81456)",0.0,0.0,0,0,0,0,0,0,Bus,Station Wagon/Sport Utility Vehicle,0
17171822,3482111,07/17/2016,09:00,547616,4 dr sedan,LEXS -CAR/SUV,2005.0,1.0,F,Licensed,Backing,No Damage,No Damage,,,,N,,Backing Unsafely,Driver Inattention/Distraction,BROOKLYN,11224.0,"(40.57507, -73.985886)",0.0,0.0,0,0,0,0,0,0,4 dr sedan,4 dr sedan,0
17307024,3584688,12/22/2016,00:55,1234400,Sedan,MNNI -CAR/SUV,,0.0,M,Licensed,Going Straight Ahead,Left Front Bumper,Left Front Quarter Panel,No Damage,No Damage,No Damage,Unspecified,,Animals Action,Unsafe Speed,BROOKLYN,11216.0,"(40.683025, -73.94569)",0.0,0.0,0,0,0,0,0,0,Sedan,Sedan,0
16950393,3412914,04/03/2016,11:17,83728,4 dr sedan,HOND -CAR/SUV,2006.0,3.0,M,Licensed,Going Straight Ahead,Right Side Doors,No Damage,No Damage,No Damage,No Damage,N,,Unspecified,Unspecified,BRONX,10458.0,"(40.858044, -73.899574)",0.0,0.0,0,0,0,0,0,0,4 dr sedan,4 dr sedan,0
17360449,3561387,11/15/2016,13:52,1076572,Sedan,LEXS -CAR/SUV,2010.0,1.0,F,Licensed,Stopped in Traffic,Left Rear Quarter Panel,Left Rear Quarter Panel,,,,Unspecified,,Unspecified,Unspecified,MANHATTAN,10001.0,"(40.749054, -73.99576)",0.0,0.0,0,0,0,0,0,0,Sedan,Box Truck,0
17071503,3441622,05/14/2016,16:55,272188,Station Wagon/Sport Utility Vehicle,MERZ -CAR/SUV,2010.0,1.0,M,Licensed,Going Straight Ahead,Center Front End,Center Front End,,,,N,,Unspecified,Unspecified,BROOKLYN,11207.0,"(40.67731, -73.89913)",0.0,0.0,0,0,0,0,0,0,Station Wagon/Sport Utility Vehicle,Station Wagon/Sport Utility Vehicle,0
17335942,3547213,10/25/2016,16:12,979401,Sedan,HOND -CAR/SUV,2012.0,1.0,F,Licensed,Going Straight Ahead,Left Front Quarter Panel,Left Front Quarter Panel,,,,N,,Unspecified,Unspecified,,,"(40.85342, -73.82673)",0.0,0.0,0,0,0,0,0,0,Sedan,,0
16961972,3421838,04/13/2016,23:05,134905,4 dr sedan,HYUN -CAR/SUV,2006.0,0.0,,,Parked,Left Rear Quarter Panel,Left Rear Quarter Panel,No Damage,No Damage,No Damage,N,,Unspecified,Unspecified,BROOKLYN,11211.0,,0.0,0.0,0,0,0,0,0,0,4 dr sedan,4 dr sedan,0
17065159,3448115,05/27/2016,14:30,330764,Station Wagon/Sport Utility Vehicle,GMC -CAR/SUV,2007.0,3.0,M,Licensed,Making Right Turn,Right Side Doors,Right Side Doors,,,,N,,Unsafe Lane Changing,Traffic Control Disregarded,MANHATTAN,10016.0,"(40.747684, -73.97879)",0.0,0.0,0,0,0,0,0,0,4 dr sedan,Station Wagon/Sport Utility Vehicle,0
17366062,3573426,11/18/2016,13:50,1158653,Sedan,NISS -CAR/SUV,2009.0,3.0,M,Licensed,Going Straight Ahead,Right Front Quarter Panel,Right Rear Quarter Panel,Right Side Doors,Right Rear Quarter Panel,,N,,Unspecified,Unspecified,BRONX,10455.0,"(40.81351, -73.91768)",0.0,0.0,0,0,0,0,0,0,Sedan,Station Wagon/Sport Utility Vehicle,0
17158119,3465930,06/21/2016,19:45,430759,4 dr sedan,SUBA -CAR/SUV,1999.0,1.0,M,Licensed,Going Straight Ahead,Center Front End,Center Front End,Left Front Bumper,Right Front Bumper,,N,,Unspecified,Unspecified,BROOKLYN,11236.0,"(40.64234, -73.89397)",0.0,0.0,0,0,0,0,0,0,4 dr sedan,4 dr sedan,0
17049166,3440452,05/12/2016,20:47,265180,4 dr sedan,NISS -CAR/SUV,2009.0,4.0,M,Licensed,Going Straight Ahead,Left Side Doors,Left Rear Quarter Panel,No Damage,No Damage,No Damage,N,,Unsafe Lane Changing,Unspecified,,,,3.0,0.0,0,0,0,0,3,0,4 dr sedan,4 dr sedan,1
16934448,4022096,03/15/2016,17:00,60496,Tractor Truck Gasoline,INT,2005.0,1.0,M,Licensed,Going Straight Ahead,Right Front Quarter Panel,Right Front Quarter Panel,Right Front Quarter Panel,No Damage,No Damage,N,,Unspecified,Unspecified,,,"(40.84481, -73.92579)",1.0,0.0,0,0,0,0,1,0,Tractor Truck Gasoline,4 dr sedan,1
17202291,3455123,06/03/2016,18:45,356298,4 dr sedan,HOND -CAR/SUV,,,,,,,,,,,Unspecified,,,,,,"(40.7681, -73.90512)",0.0,0.0,0,0,0,0,0,0,4 dr sedan,4 dr sedan,0
17399044,3500598,08/13/2016,20:30,650649,Sedan,HOND -CAR/SUV,2015.0,1.0,F,Licensed,Making Left Turn,Center Front End,No Damage,No Damage,No Damage,No Damage,N,,Unspecified,Unspecified,QUEENS,11358.0,"(40.75383, -73.799225)",1.0,0.0,0,0,1,0,0,0,Sedan,Bike,1
16932913,3423593,03/13/2016,19:24,152315,4 dr sedan,NISS -CAR/SUV,2011.0,1.0,M,Licensed,Making Right Turn,Center Front End,Right Front Bumper,Left Front Quarter Panel,,,Unspecified,,Traffic Control Disregarded,Failure to Yield Right-of-Way,,,"(40.682507, -73.740005)",0.0,0.0,0,0,0,0,0,0,4 dr sedan,4 dr sedan,0
16963736,3413910,04/03/2016,22:50,135523,4 dr sedan,NISS -CAR/SUV,2014.0,1.0,,,Going Straight Ahead,Right Front Bumper,Right Front Quarter Panel,No Damage,No Damage,No Damage,N,,Failure to Yield Right-of-Way,Unspecified,,,,0.0,0.0,0,0,0,0,0,0,4 dr sedan,4 dr sedan,0
17023123,3447288,05/26/2016,10:19,341037,4 dr sedan,NISS -CAR/SUV,2014.0,1.0,F,Licensed,Stopped in Traffic,Left Rear Quarter Panel,Left Rear Quarter Panel,No Damage,No Damage,No Damage,N,,Other Vehicular,Unspecified,BROOKLYN,11203.0,"(40.654526, -73.94432)",0.0,0.0,0,0,0,0,0,0,4 dr sedan,Station Wagon/Sport Utility Vehicle,0
17174158,3488824,07/25/2016,13:00,560301,4 dr sedan,NISS -CAR/SUV,2013.0,0.0,,,Parked,Center Back End,Center Back End,Center Back End,Center Back End,Center Back End,N,,Unspecified,Unspecified,BRONX,10471.0,"(40.89571, -73.89791)",0.0,0.0,0,0,0,0,0,0,4 dr sedan,4 dr sedan,0
17073257,3451633,05/29/2016,11:00,333054,Station Wagon/Sport Utility Vehicle,NISS -CAR/SUV,2002.0,1.0,M,Licensed,Going Straight Ahead,Center Front End,Center Front End,Left Front Bumper,Right Front Bumper,,N,,Unspecified,Unspecified,QUEENS,11413.0,"(40.680115, -73.75324)",0.0,0.0,0,0,0,0,0,0,Station Wagon/Sport Utility Vehicle,4 dr sedan,0
17160531,4022531,06/10/2016,10:30,383148,Station Wagon/Sport Utility Vehicle,HOND -CAR/SUV,2016.0,2.0,M,Licensed,Changing Lanes,Left Front Quarter Panel,Left Front Quarter Panel,,,,N,,Driver Inattention/Distraction,Failure to Yield Right-of-Way,,,"(40.71997, -73.992905)",0.0,0.0,0,0,0,0,0,0,Station Wagon/Sport Utility Vehicle,Station Wagon/Sport Utility Vehicle,0
16979660,3408352,04/12/2016,23:30,128482,Station Wagon/Sport Utility Vehicle,CADI -CAR/SUV,2013.0,1.0,M,Licensed,Going Straight Ahead,Right Front Bumper,No Damage,No Damage,No Damage,No Damage,N,,Unspecified,Unspecified,MANHATTAN,10019.0,,1.0,0.0,1,0,0,0,0,0,Station Wagon/Sport Utility Vehicle,,1
17319204,3526430,09/22/2016,08:35,840665,Sedan,MNNI -CAR/SUV,2008.0,1.0,M,Licensed,Going Straight Ahead,Right Front Bumper,Right Front Bumper,Right Front Quarter Panel,Center Front End,,N,,Reaction to Uninvolved Vehicle,Unspecified,,,"(40.609146, -74.1608)",0.0,0.0,0,0,0,0,0,0,Sedan,Sedan,0
17397005,3544326,10/20/2016,13:55,961037,Sedan,TOYT -CAR/SUV,2012.0,1.0,M,Licensed,Merging,Right Front Quarter Panel,Right Front Quarter Panel,Right Front Bumper,,,N,,Failure to Yield Right-of-Way,Unspecified,,,"(40.74163, -73.95306)",0.0,0.0,0,0,0,0,0,0,Sedan,Taxi,0
17402117,3541478,10/15/2016,09:33,935004,Sedan,LEXS -CAR/SUV,2005.0,3.0,M,Licensed,Going Straight Ahead,Right Front Quarter Panel,Right Front Quarter Panel,No Damage,No Damage,No Damage,N,,Driver Inattention/Distraction,Failure to Yield Right-of-Way,,,"(40.776875, -73.94938)",0.0,0.0,0,0,0,0,0,0,Taxi,Sedan,0
16957580,3425580,03/24/2016,16:30,49716,4 dr sedan,CHEV -CAR/SUV,2006.0,0.0,,,Parked,Left Side Doors,Left Side Doors,,,,N,,Unspecified,Unspecified,,,,0.0,0.0,0,0,0,0,0,0,4 dr sedan,Box Truck,0
17289107,3501053,08/14/2016,07:04,653949,Sedan,FORD -CAR/SUV,2014.0,0.0,,,Parked,Center Back End,Right Rear Bumper,,,,N,,Unspecified,Unspecified,BROOKLYN,11203.0,"(40.649513, -73.93984)",1.0,0.0,0,0,0,0,1,0,Station Wagon/Sport Utility Vehicle,Sedan,1
16968833,3413058,04/22/2016,17:22,178454,4 dr sedan,SUZI -CAR/SUV,2002.0,1.0,M,Licensed,Going Straight Ahead,Right Front Bumper,Right Rear Quarter Panel,Right Front Quarter Panel,Right Side Doors,,N,,Unspecified,Unspecified,,,"(40.85814, -73.895744)",0.0,0.0,0,0,0,0,0,0,4 dr sedan,4 dr sedan,0
17398538,3573401,11/24/2016,10:20,1158667,Sedan,HOND -CAR/SUV,2011.0,1.0,M,Licensed,Going Straight Ahead,Center Front End,Center Front End,Left Front Bumper,Right Front Bumper,Left Front Quarter Panel,N,,Following Too Closely,Unspecified,,,"(40.604153, -74.05198)",1.0,0.0,0,0,0,0,1,0,Sedan,Sedan,1
17346628,3570296,11/29/2016,17:15,1133123,Sedan,HOND -CAR/SUV,2008.0,1.0,M,Licensed,Slowing or Stopping,Right Rear Quarter Panel,Right Rear Quarter Panel,,,,N,,Unspecified,Unspecified,,,"(40.605568, -74.00443)",0.0,0.0,0,0,0,0,0,0,Sedan,Station Wagon/Sport Utility Vehicle,0
17352755,3575104,12/06/2016,16:50,1169204,Station Wagon/Sport Utility Vehicle,NISS -CAR/SUV,2005.0,1.0,M,Licensed,Going Straight Ahead,Right Rear Quarter Panel,Right Rear Quarter Panel,,,,N,,Unspecified,Unspecified,,,"(40.82406, -73.92815)",0.0,0.0,0,0,0,0,0,0,Station Wagon/Sport Utility Vehicle,Sedan,0
17224754,3588800,12/23/2016,03:21,1264666,Sedan,NISS -CAR/SUV,2011.0,1.0,M,Licensed,Going Straight Ahead,Right Front Bumper,Right Front Quarter Panel,Left Front Bumper,,,N,,Driver Inattention/Distraction,Unspecified,BROOKLYN,11221.0,"(40.686703, -73.92683)",0.0,0.0,0,0,0,0,0,0,Sedan,Station Wagon/Sport Utility Vehicle,0
16983229,3423532,04/21/2016,07:50,172875,Station Wagon/Sport Utility Vehicle,JEEP -CAR/SUV,2015.0,2.0,F,Licensed,Stopped in Traffic,Center Back End,Center Back End,,,,N,,Unspecified,Unspecified,,,"(40.70143, -73.88701)",0.0,0.0,0,0,0,0,0,0,Station Wagon/Sport Utility Vehicle,Station Wagon/Sport Utility Vehicle,0
17228037,3535197,10/05/2016,20:03,892377,Sedan,CHEV -CAR/SUV,2006.0,2.0,F,Licensed,Going Straight Ahead,Left Front Bumper,Left Front Quarter Panel,Left Side Doors,No Damage,,N,,Following Too Closely,Passenger Distraction,,,"(40.90145, -73.887924)",0.0,0.0,0,0,0,0,0,0,Sedan,Sedan,0
17387339,3503975,08/18/2016,09:50,680305,Sedan,TOYT -CAR/SUV,2012.0,1.0,M,,Stopped in Traffic,Right Rear Bumper,Center Back End,,,,Unspecified,,Unspecified,Unspecified,BROOKLYN,11208.0,"(40.680016, -73.87743)",0.0,0.0,0,0,0,0,0,0,Sedan,Sedan,0
17188518,3484405,06/18/2016,21:42,418090,4 dr sedan,NISS -CAR/SUV,2012.0,1.0,M,Licensed,Going Straight Ahead,Left Front Bumper,Left Front Bumper,Left Front Quarter Panel,,,N,,Driver Inattention/Distraction,Unspecified,BRONX,10464.0,"(40.837658, -73.782936)",0.0,0.0,0,0,0,0,0,0,Station Wagon/Sport Utility Vehicle,4 dr sedan,0
17230226,3512448,09/02/2016,13:30,740129,Station Wagon/Sport Utility Vehicle,LEXS -CAR/SUV,2013.0,1.0,M,Licensed,Merging,Center Back End,Center Back End,,,,N,,Unspecified,Unspecified,,,"(40.851658, -73.921394)",0.0,0.0,0,0,0,0,0,0,Station Wagon/Sport Utility Vehicle,Sedan,0
16963121,3407030,04/13/2016,10:55,129781,Box Truck,INTL-TRUCK/BUS,2005.0,0.0,M,Licensed,Changing Lanes,Right Front Quarter Panel,No Damage,,,,N,,Unsafe Lane Changing,Unspecified,,,"(40.740185, -73.986374)",0.0,0.0,0,0,0,0,0,0,Box Truck,4 dr sedan,0
17215288,3462306,06/15/2016,00:00,403090,Station Wagon/Sport Utility Vehicle,SUBA -CAR/SUV,2015.0,0.0,,,Parked,Right Rear Quarter Panel,Right Rear Quarter Panel,,,,Unspecified,,Unspecified,Unspecified,QUEENS,11378.0,"(40.730766, -73.89919)",0.0,0.0,0,0,0,0,0,0,Station Wagon/Sport Utility Vehicle,4 dr sedan,0
17329016,3536867,10/07/2016,18:08,908581,Sedan,NISS -CAR/SUV,2009.0,0.0,,,Parked,Right Front Quarter Panel,Right Front Quarter Panel,Right Front Bumper,Right Side Doors,No Damage,N,,Unspecified,Unspecified,BRONX,10454.0,"(40.800343, -73.9142)",0.0,0.0,0,0,0,0,0,0,Sedan,,0
17182779,3469714,06/20/2016,15:00,455815,Van,DODG-TRUCK/BUS,2009.0,,,,Going Straight Ahead,Center Front End,Center Front End,,,,N,,Following Too Closely,Driver Inattention/Distraction,BROOKLYN,11234.0,"(40.635258, -73.92745)",0.0,0.0,0,0,0,0,0,0,Station Wagon/Sport Utility Vehicle,Van,0
17051902,3431729,05/01/2016,01:20,214900,Station Wagon/Sport Utility Vehicle,HOND -CAR/SUV,2005.0,0.0,,,Parked,Left Front Bumper,Left Front Bumper,Center Back End,,,N,,Unspecified,Unspecified,BRONX,10460.0,,0.0,0.0,0,0,0,0,0,0,Station Wagon/Sport Utility Vehicle,Station Wagon/Sport Utility Vehicle,0
17368060,3535561,10/07/2016,15:00,902153,Station Wagon/Sport Utility Vehicle,HOND -CAR/SUV,2014.0,1.0,M,,Parked,Left Rear Quarter Panel,Left Rear Quarter Panel,Other,Other,Other,N,,Unspecified,Unspecified,STATEN ISLAND,10306.0,"(0.0, 0.0)",0.0,0.0,0,0,0,0,0,0,Sedan,Station Wagon/Sport Utility Vehicle,0
17259841,3557792,11/10/2016,09:30,1050479,Sedan,TOYT -CAR/SUV,2014.0,2.0,M,Licensed,Going Straight Ahead,Left Side Doors,Left Side Doors,,,,N,,Unspecified,Unspecified,,,"(40.905018, -73.88631)",0.0,0.0,0,0,0,0,0,0,Station Wagon/Sport Utility Vehicle,Sedan,0
16933424,3410115,03/17/2016,08:30,98362,Pick-up Truck,FORD -CAR/SUV,2009.0,2.0,F,Licensed,Making Right Turn,Left Rear Quarter Panel,Left Rear Quarter Panel,,,,N,,Unspecified,Unspecified,MANHATTAN,10035.0,,0.0,0.0,0,0,0,0,0,0,Pick-up Truck,Box Truck,0
17259770,3451641,05/30/2016,12:15,874055,4 dr sedan,CHEV -CAR/SUV,2016.0,0.0,,,Parked,Center Back End,Left Rear Bumper,Right Rear Bumper,,,N,,Unspecified,Unspecified,,,"(40.705986, -73.72995)",0.0,0.0,0,0,0,0,0,0,4 dr sedan,,0
17342256,3529099,09/28/2016,17:00,857895,Station Wagon/Sport Utility Vehicle,TOYT -CAR/SUV,2014.0,1.0,M,Licensed,Going Straight Ahead,Left Side Doors,Left Side Doors,,,,N,,Driver Inattention/Distraction,Unspecified,QUEENS,11419.0,"(40.69055, -73.83405)",0.0,0.0,0,0,0,0,0,0,Station Wagon/Sport Utility Vehicle,Sedan,0
17401769,3573673,12/05/2016,17:30,1160320,Sedan,LEXS -CAR/SUV,2001.0,1.0,F,Licensed,Going Straight Ahead,Center Back End,Center Back End,,,,N,,Unspecified,Unspecified,,,,1.0,0.0,0,0,0,0,1,0,Station Wagon/Sport Utility Vehicle,Sedan,1
17338354,3522373,09/16/2016,15:30,802875,Station Wagon/Sport Utility Vehicle,FORD -CAR/SUV,2006.0,1.0,M,Licensed,Going Straight Ahead,Center Back End,Center Back End,,,,N,,Unspecified,Unspecified,,,"(40.72522, -73.894745)",1.0,0.0,0,0,0,0,1,0,Station Wagon/Sport Utility Vehicle,Station Wagon/Sport Utility Vehicle,1
17332210,3588128,12/25/2016,07:50,1251786,Sedan,BMW -CAR/SUV,2017.0,0.0,,,Parked,Right Rear Quarter Panel,Right Rear Quarter Panel,,,,N,,Unspecified,Unspecified,,,"(40.71975, -73.992165)",0.0,0.0,0,0,0,0,0,0,Sedan,,0
17425206,3568508,11/27/2016,13:20,1122608,Station Wagon/Sport Utility Vehicle,HYUN -CAR/SUV,2014.0,1.0,M,Licensed,Backing,Center Back End,Center Back End,,,,N,,Backing Unsafely,Unspecified,QUEENS,11357.0,"(40.785698, -73.81844)",0.0,0.0,0,0,0,0,0,0,Station Wagon/Sport Utility Vehicle,Station Wagon/Sport Utility Vehicle,0
17223073,3475283,07/02/2016,21:25,482736,4 dr sedan,FORD -CAR/SUV,2017.0,1.0,M,Licensed,Merging,Right Front Bumper,Right Front Bumper,Right Front Quarter Panel,Center Front End,,N,,Unsafe Lane Changing,Unspecified,,,,0.0,0.0,0,0,0,0,0,0,Station Wagon/Sport Utility Vehicle,4 dr sedan,0
17381549,3563986,11/14/2016,08:52,1095969,Sedan,LINC -CAR/SUV,2007.0,1.0,M,Unlicensed,Going Straight Ahead,Left Rear Quarter Panel,Left Rear Quarter Panel,Left Side Doors,,,N,,Unspecified,Other Vehicular,BROOKLYN,11236.0,"(40.652786, -73.91997)",0.0,0.0,0,0,0,0,0,0,Station Wagon/Sport Utility Vehicle,Sedan,0
17223556,3529515,09/28/2016,21:25,926287,Sedan,NISS -CAR/SUV,1997.0,0.0,,,Parked,Center Back End,Center Back End,,,,N,,Unspecified,Unspecified,BROOKLYN,11236.0,"(40.63295, -73.91239)",0.0,0.0,0,0,0,0,0,0,Station Wagon/Sport Utility Vehicle,Sedan,0
16942117,3410554,03/29/2016,02:05,58035,Garbage or Refuse,MACK-TRUCK/BUS,2013.0,0.0,,,Parked,No Damage,No Damage,,,,N,,Unspecified,Unspecified,,,"(40.83406, -73.944885)",0.0,0.0,0,0,0,0,0,0,Bus,Garbage or Refuse,0
17184494,3518295,09/09/2016,00:00,786436,Taxi,HOND -CAR/SUV,2016.0,1.0,M,Licensed,Entering Parked Position,Right Front Quarter Panel,Right Front Quarter Panel,,,,N,,Failure to Yield Right-of-Way,Unspecified,,,,0.0,0.0,0,0,0,0,0,0,Taxi,Station Wagon/Sport Utility Vehicle,0
17420116,3562918,11/18/2016,10:41,1088883,Sedan,NISS -CAR/SUV,2015.0,0.0,,,Parked,Right Front Quarter Panel,Right Side Doors,Right Rear Quarter Panel,,,N,,Unspecified,Unspecified,BROOKLYN,11239.0,"(40.65136, -73.86971)",0.0,0.0,0,0,0,0,0,0,Sedan,,0
17264989,3480656,07/13/2016,14:10,512760,4 dr sedan,FORD -CAR/SUV,2014.0,2.0,F,Licensed,Starting in Traffic,Right Front Bumper,Right Front Bumper,Center Front End,Left Front Bumper,,N,,View Obstructed/Limited,Unspecified,QUEENS,11435.0,"(40.707363, -73.80695)",0.0,0.0,0,0,0,0,0,0,Station Wagon/Sport Utility Vehicle,4 dr sedan,0
17295253,3531377,10/02/2016,11:22,878160,Station Wagon/Sport Utility Vehicle,NISS -CAR/SUV,2008.0,5.0,F,Licensed,Making Left Turn,No Damage,No Damage,,,,N,,Unspecified,Unspecified,,,"(40.62707, -74.01865)",1.0,0.0,1,0,0,0,0,0,Station Wagon/Sport Utility Vehicle,,1
17158574,3479582,07/12/2016,13:48,508529,4 dr sedan,TOYT -CAR/SUV,2014.0,1.0,M,Licensed,Going Straight Ahead,Right Front Bumper,Center Front End,No Damage,No Damage,No Damage,N,,Unspecified,Unspecified,MANHATTAN,10003.0,"(40.731445, -73.9869)",0.0,0.0,0,0,0,0,0,0,4 dr sedan,Station Wagon/Sport Utility Vehicle,0
17262993,3492055,07/26/2016,20:35,567576,Station Wagon/Sport Utility Vehicle,NISS -CAR/SUV,1994.0,1.0,F,Licensed,Going Straight Ahead,No Damage,No Damage,No Damage,No Damage,No Damage,N,,Fatigued/Drowsy,Unspecified,BROOKLYN,11203.0,"(40.653862, -73.9296)",0.0,0.0,0,0,0,0,0,0,Station Wagon/Sport Utility Vehicle,Station Wagon/Sport Utility Vehicle,0
17375482,3542073,10/17/2016,17:10,944041,Sedan,HOND -CAR/SUV,2010.0,0.0,,,Parked,Right Rear Bumper,Right Rear Bumper,,,,N,,Unspecified,Unspecified,QUEENS,11435.0,"(40.714233, -73.815216)",0.0,0.0,0,0,0,0,0,0,Sedan,Sedan,0
17258676,3498812,08/10/2016,00:00,639407,Station Wagon/Sport Utility Vehicle,NISS -CAR/SUV,2012.0,1.0,M,Licensed,Going Straight Ahead,Center Front End,Center Front End,,,,N,,Following Too Closely,Unspecified,BROOKLYN,11201.0,"(40.695892, -73.99555)",0.0,0.0,0,0,0,0,0,0,Sedan,Station Wagon/Sport Utility Vehicle,0
17170574,3497113,08/09/2016,16:45,631283,Station Wagon/Sport Utility Vehicle,HOND -CAR/SUV,2016.0,2.0,F,Licensed,Backing,Right Rear Quarter Panel,Right Rear Quarter Panel,No Damage,No Damage,No Damage,N,,Backing Unsafely,Unspecified,,,"(40.794285, -73.95112)",0.0,0.0,0,0,0,0,0,0,Sedan,Station Wagon/Sport Utility Vehicle,0
17284035,3550338,10/13/2016,17:00,1002642,Station Wagon/Sport Utility Vehicle,MERZ -CAR/SUV,2017.0,1.0,F,Licensed,Going Straight Ahead,Right Front Bumper,Right Front Bumper,Right Front Quarter Panel,,,N,,Unspecified,Unspecified,MANHATTAN,10010.0,"(40.735798, -73.976105)",0.0,0.0,0,0,0,0,0,0,Station Wagon/Sport Utility Vehicle,Sedan,0
17298549,3510762,08/30/2016,14:20,726323,Station Wagon/Sport Utility Vehicle,LINC -CAR/SUV,2013.0,2.0,M,Licensed,Changing Lanes,Left Rear Quarter Panel,Left Rear Quarter Panel,,,,N,,Passing or Lane Usage Improper,Unspecified,,,"(40.713974, -73.953094)",0.0,0.0,0,0,0,0,0,0,Sedan,Station Wagon/Sport Utility Vehicle,0
17310194,3509015,08/28/2016,02:00,716440,Sedan,NISS -CAR/SUV,2015.0,1.0,F,Licensed,Changing Lanes,Left Rear Quarter Panel,Left Rear Quarter Panel,,Left Rear Bumper,,N,,Unspecified,Passing or Lane Usage Improper,,,"(40.829327, -73.84741)",0.0,0.0,0,0,0,0,0,0,Sedan,Sedan,0
16959295,3416793,03/10/2016,11:30,96269,4 dr sedan,CHEV -CAR/SUV,2006.0,3.0,F,Licensed,Changing Lanes,Left Rear Bumper,Left Rear Bumper,,,,N,,Unsafe Lane Changing,Unspecified,,,"(40.61443, -74.039566)",2.0,0.0,0,0,0,0,2,0,4 dr sedan,Ambul,1
17400795,3562193,11/17/2016,13:17,1082785,Sedan,NISS -CAR/SUV,2009.0,1.0,F,Licensed,Stopped in Traffic,Center Back End,Right Rear Bumper,Left Rear Bumper,,,N,,Unspecified,Unspecified,MANHATTAN,10019.0,"(40.766045, -73.983376)",1.0,0.0,0,0,0,0,1,0,Taxi,Sedan,1
16955436,3412950,04/08/2016,13:30,108110,4 dr sedan,NISS -CAR/SUV,2008.0,1.0,F,Licensed,Going Straight Ahead,Left Front Bumper,Left Front Bumper,,,,N,,Unspecified,Unspecified,BRONX,10453.0,"(40.84873, -73.91901)",0.0,0.0,0,0,0,0,0,0,4 dr sedan,Station Wagon/Sport Utility Vehicle,0
17391891,3553795,11/02/2016,11:40,1018131,Pick-up Truck,HIN,2016.0,1.0,M,,Going Straight Ahead,Right Front Bumper,No Damage,Right Front Bumper,No Damage,,N,,Driver Inattention/Distraction,Unspecified,MANHATTAN,10022.0,"(40.758488, -73.97514)",0.0,0.0,0,0,0,0,0,0,Sedan,Pick-up Truck,0