UNIQUE_ID,COLLISION_ID,CRASH_DATE,CRASH_TIME,VEHICLE_ID,VEHICLE_TYPE,VEHICLE_MAKE,VEHICLE_YEAR,VEHICLE_OCCUPANTS,DRIVER_SEX,DRIVER_LICENSE_STATUS,PRE_CRASH,POINT_OF_IMPACT,VEHICLE_DAMAGE,VEHICLE_DAMAGE_1,VEHICLE_DAMAGE_2,VEHICLE_DAMAGE_3,PUBLIC_PROPERTY_DAMAGE,PUBLIC_PROPERTY_DAMAGE_TYPE,CONTRIBUTING_FACTOR_1,CONTRIBUTING_FACTOR_2,BOROUGH,ZIP CODE,LOCATION,NUMBER OF PERSONS INJURED,NUMBER OF PERSONS KILLED,NUMBER OF PEDESTRIANS INJURED,NUMBER OF PEDESTRIANS KILLED,NUMBER OF CYCLIST INJURED,NUMBER OF CYCLIST KILLED,NUMBER OF MOTORIST INJURED,NUMBER OF MOTORIST KILLED,VEHICLE TYPE CODE 1,VEHICLE TYPE CODE 2,Severity
17350600,3476519,07/08/2016,08:25,494890,Station Wagon/Sport Utility Vehicle,TOYT -CAR/SUV,2015.0,1.0,M,Licensed,Making Right Turn,Left Front Bumper,Left Front Bumper,Left Front Quarter Panel,,,N,,Failure to Yield Right-of-Way,Unspecified,QUEENS,11354.0,"(40.76993, -73.810295)",0.0,0.0,0,0,0,0,0,0,Station Wagon/Sport Utility Vehicle,Station Wagon/Sport Utility Vehicle,0
16939005,3410144,03/30/2016,20:00,174788,,KIA -CAR/SUV,2005.0,1.0,M,Licensed,Making Left Turn,Center Front End,Center Front End,,,,N,,Failure to Yield Right-of-Way,Driver Inattention/Distraction,MANHATTAN,10026.0,,1.0,0.0,0,0,0,0,1,0,4 dr sedan,,1
17213680,3489502,07/25/2016,09:30,573439,Station Wagon/Sport Utility Vehicle,JEEP -CAR/SUV,2014.0,1.0,M,Licensed,Going Straight Ahead,Center Front End,Center Front End,,,,N,,Following Too Closely,Unspecified,BROOKLYN,11234.0,"(40.61661, -73.926636)",0.0,0.0,0,0,0,0,0,0,Station Wagon/Sport Utility Vehicle,Station Wagon/Sport Utility Vehicle,0
17329622,3549095,10/12/2016,16:30,989194,Sedan,TOYT -CAR/SUV,2014.0,1.0,M,Licensed,Going Straight Ahead,Center Front End,Left Front Bumper,Center Front End,,,N,,Unspecified,Unspecified,,,"(40.748863, -73.892715)",0.0,0.0,0,0,0,0,0,0,Sedan,Sedan,0
17396543,3570341,11/30/2016,00:15,1134882,Sedan,TOYT -CAR/SUV,1995.0,2.0,,,Going Straight Ahead,Center Front End,Center Front End,Left Front Bumper,Right Front Bumper,,N,,Unspecified,Unspecified,,,"(40.692936, -73.87777)",0.0,0.0,0,0,0,0,0,0,Sedan,Sedan,0
17350933,3554822,11/03/2016,19:20,1021901,Sedan,LEXS -CAR/SUV,,,,,Making Right Turn,Center Front End,Center Front End,,,,N,,Driver Inattention/Distraction,Following Too Closely,,,"(40.753475, -73.99254)",0.0,0.0,0,0,0,0,0,0,Sedan,Sedan,0
17308527,3525231,09/22/2016,14:50,829521,Station Wagon/Sport Utility Vehicle,HOND -CAR/SUV,2014.0,1.0,F,Licensed,Going Straight Ahead,Center Front End,Center Front End,Right Front Bumper,Right Front Bumper,,N,,Driver Inattention/Distraction,Driver Inattention/Distraction,,,"(40.77164, -73.87285)",0.0,0.0,0,0,0,0,0,0,Station Wagon/Sport Utility Vehicle,Station Wagon/Sport Utility Vehicle,0
17038184,3440751,05/13/2016,13:35,267372,Station Wagon/Sport Utility Vehicle,CHRY -CAR/SUV,2015.0,1.0,M,Licensed,Going Straight Ahead,Right Rear Quarter Panel,Right Rear Quarter Panel,,,,N,,Passing or Lane Usage Improper,Unspecified,BROOKLYN,11236.0,"(40.636745, -73.90839)",0.0,0.0,0,0,0,0,0,0,4 dr sedan,Station Wagon/Sport Utility Vehicle,0
17203009,3477004,07/10/2016,11:45,500980,2 dr sedan,HOND -CAR/SUV,2011.0,0.0,,,Parked,Right Front Quarter Panel,Right Rear Quarter Panel,No Damage,No Damage,No Damage,N,,Other Vehicular,Unspecified,BRONX,10467.0,"(40.879387, -73.881996)",0.0,0.0,0,0,0,0,0,0,2 dr sedan,,0
17069972,3436463,05/06/2016,08:00,246046,Station Wagon/Sport Utility Vehicle,HOND -CAR/SUV,2010.0,1.0,F,Licensed,Going Straight Ahead,Center Back End,Center Back End,,,,N,,Unspecified,Unspecified,,,"(40.787926, -73.79026)",0.0,0.0,0,0,0,0,0,0,Station Wagon/Sport Utility Vehicle,4 dr sedan,0
17203606,3539561,10/13/2016,10:15,926295,Pick-up Truck,HINO,2017.0,1.0,M,Licensed,Stopped in Traffic,Center Front End,No Damage,No Damage,No Damage,No Damage,N,,Driver Inattention/Distraction,Unspecified,MANHATTAN,10003.0,"(40.727715, -73.99118)",0.0,0.0,0,0,0,0,0,0,Sedan,Pick-up Truck,0
17389319,3557440,10/27/2016,11:20,1051406,Station Wagon/Sport Utility Vehicle,CHEV -CAR/SUV,2013.0,1.0,U,Licensed,Making Left Turn,No Damage,No Damage,No Damage,No Damage,No Damage,N,,Driver Inattention/Distraction,Backing Unsafely,MANHATTAN,10172.0,"(40.755302, -73.97536)",0.0,0.0,0,0,0,0,0,0,Sedan,Station Wagon/Sport Utility Vehicle,0
17224534,3503430,08/18/2016,21:30,673978,Sedan,BMW -CAR/SUV,2016.0,1.0,M,,Parked,No Damage,No Damage,No Damage,No Damage,No Damage,N,,Unspecified,Unspecified,STATEN ISLAND,10305.0,"(40.6145, -74.06531)",0.0,0.0,0,0,0,0,0,0,Station Wagon/Sport Utility Vehicle,Sedan,0
17262751,3551963,11/01/2016,17:55,1012359,Station Wagon/Sport Utility Vehicle,CADI -CAR/SUV,2007.0,1.0,M,Licensed,Going Straight Ahead,Left Front Bumper,Left Front Bumper,,,,N,,Other Vehicular,Unspecified,,,"(40.664227, -73.94547)",0.0,0.0,0,0,0,0,0,0,Sedan,Station Wagon/Sport Utility Vehicle,0
17043271,3446097,05/25/2016,22:50,319033,Van,Ford,2012.0,2.0,M,Licensed,Going Straight Ahead,Right Rear Bumper,Right Rear Bumper,,,,N,,Unspecified,Unspecified,,,"(40.90126, -73.90186)",0.0,0.0,0,0,0,0,0,0,Station Wagon/Sport Utility Vehicle,Van,0
17334740,3547397,10/25/2016,16:20,978904,Sedan,NISS -CAR/SUV,1992.0,1.0,M,Licensed,Stopped in Traffic,Center Back End,Center Back End,,,,N,,Unspecified,Unspecified,QUEENS,11435.0,"(40.69474, -73.80625)",0.0,0.0,0,0,0,0,0,0,Station Wagon/Sport Utility Vehicle,Sedan,0
16947280,3426908,03/23/2016,05:00,29654,Station Wagon/Sport Utility Vehicle,HOND -CAR/SUV,2006.0,0.0,,,Parked,Right Rear Bumper,Right Rear Bumper,Right Rear Quarter Panel,Right Side Doors,,N,,Unspecified,Unspecified,QUEENS,11373.0,"(40.747044, -73.8812)",0.0,0.0,0,0,0,0,0,0,4 dr sedan,Station Wagon/Sport Utility Vehicle,0
17151895,3472934,06/29/2016,14:00,462532,Station Wagon/Sport Utility Vehicle,FORD -CAR/SUV,2012.0,0.0,,,Parked,Left Side Doors,Left Side Doors,,,,N,,Unspecified,Unspecified,MANHATTAN,10002.0,"(40.71771, -73.9828)",0.0,0.0,0,0,0,0,0,0,Box Truck,Station Wagon/Sport Utility Vehicle,0
17417532,3589993,12/30/2016,14:40,1269981,Sedan,NISS -CAR/SUV,2015.0,1.0,M,Licensed,Making Left Turn,Center Front End,Center Front End,Left Front Bumper,Right Front Bumper,,Unspecified,,Failure to Yield Right-of-Way,Unspecified,QUEENS,11105.0,"(40.778652, -73.91074)",0.0,0.0,0,0,0,0,0,0,Sedan,Sedan,0
17325053,3580774,12/15/2016,22:30,1206992,Sedan,HOND -CAR/SUV,2007.0,1.0,M,Licensed,Stopped in Traffic,Center Back End,Center Back End,,,,N,,Unspecified,Unspecified,BROOKLYN,11222.0,"(40.725857, -73.94183)",0.0,0.0,0,0,0,0,0,0,Sedan,Sedan,0
17052681,3443982,05/18/2016,08:30,287032,4 dr sedan,DODG -CAR/SUV,2007.0,2.0,M,Licensed,Making Left Turn,Left Front Bumper,Center Front End,Right Front Bumper,,,N,,Unspecified,Unspecified,BROOKLYN,11232.0,"(40.65711, -74.00152)",1.0,0.0,0,0,0,0,1,0,Station Wagon/Sport Utility Vehicle,4 dr sedan,1
17237036,3480116,07/13/2016,11:00,512513,2 dr sedan,INFI -CAR/SUV,2008.0,1.0,M,Licensed,Slowing or Stopping,Other,No Damage,No Damage,No Damage,No Damage,N,,Unspecified,Unspecified,,,"(40.63795, -74.14479)",0.0,0.0,0,0,0,0,0,0,4 dr sedan,2 dr sedan,0
16942839,3430420,03/20/2016,09:50,98955,4 dr sedan,VOLK -CAR/SUV,2015.0,3.0,F,Licensed,Stopped in Traffic,Right Rear Bumper,Right Rear Bumper,Center Back End,,,N,,Unspecified,Unspecified,STATEN ISLAND,10306.0,,0.0,0.0,0,0,0,0,0,0,4 dr sedan,Station Wagon/Sport Utility Vehicle,0
17195616,3483001,07/18/2016,13:00,532930,Box Truck,ISU-TRUCK/BUS,2007.0,1.0,M,Licensed,Going Straight Ahead,No Damage,No Damage,No Damage,,,N,,Unspecified,Unspecified,,,,2.0,0.0,0,0,0,0,2,0,Box Truck,4 dr sedan,1
16969941,3428933,04/03/2016,07:45,84022,Station Wagon/Sport Utility Vehicle,FORD -CAR/SUV,2012.0,1.0,M,Licensed,Going Straight Ahead,Right Side Doors,Right Side Doors,No Damage,No Damage,No Damage,N,,Reaction to Uninvolved Vehicle,Outside Car Distraction,QUEENS,11101.0,"(40.752, -73.93898)",0.0,0.0,0,0,0,0,0,0,Station Wagon/Sport Utility Vehicle,Station Wagon/Sport Utility Vehicle,0
17348276,3521735,09/16/2016,06:00,878824,Sedan,TOYT -CAR/SUV,2014.0,2.0,M,Licensed,Slowing or Stopping,Center Back End,Center Back End,Right Rear Bumper,Left Rear Bumper,,N,,Unspecified,Unspecified,,,"(40.70978, -73.82043)",2.0,0.0,0,0,0,0,2,0,Sedan,Station Wagon/Sport Utility Vehicle,1
17198239,3518397,09/10/2016,00:00,771137,Sedan,TOYT -CAR/SUV,2014.0,1.0,M,Licensed,Going Straight Ahead,Left Front Bumper,Left Front Bumper,Center Front End,Left Front Quarter Panel,,N,,Driver Inattention/Distraction,Driver Inexperience,MANHATTAN,10033.0,"(40.848877, -73.93033)",0.0,0.0,0,0,0,0,0,0,Sedan,Sedan,0
16953662,3418383,04/02/2016,03:37,79723,4 dr sedan,FORD -CAR/SUV,2009.0,3.0,M,Licensed,Going Straight Ahead,Right Side Doors,Right Rear Quarter Panel,,,,N,,Failure to Yield Right-of-Way,Unspecified,BROOKLYN,11233.0,,3.0,0.0,0,0,0,0,3,0,4 dr sedan,4 dr sedan,1
17160574,3471384,06/28/2016,11:23,457953,4 dr sedan,INFI -CAR/SUV,2015.0,0.0,,,Parked,Left Front Quarter Panel,Left Front Bumper,,,,N,,Unspecified,Unspecified,BROOKLYN,11224.0,"(40.574802, -73.98106)",0.0,0.0,0,0,0,0,0,0,4 dr sedan,,0
17317735,3543520,10/19/2016,11:58,951806,Sedan,HOND -CAR/SUV,2004.0,2.0,M,Licensed,Going Straight Ahead,Left Front Bumper,Left Front Bumper,Center Front End,No Damage,No Damage,N,,Driver Inattention/Distraction,Unspecified,,,"(40.71091, -73.85373)",0.0,0.0,0,0,0,0,0,0,Station Wagon/Sport Utility Vehicle,Sedan,0
17239433,3489467,07/26/2016,11:20,574099,Sedan,CHEV -CAR/SUV,2001.0,1.0,F,Licensed,Starting from Parking,Left Front Bumper,Left Front Bumper,Left Front Quarter Panel,,,N,,Unspecified,Unspecified,BROOKLYN,11223.0,"(40.592663, -73.970634)",0.0,0.0,0,0,0,0,0,0,Sedan,Sedan,0
17194351,4023354,06/14/2016,11:24,401538,Station Wagon/Sport Utility Vehicle,NISS -CAR/SUV,2013.0,1.0,M,Licensed,Slowing or Stopping,Center Back End,Center Front End,Right Front Bumper,Left Front Bumper,,N,,Unspecified,Unspecified,BRONX,10454.0,"(40.808163, -73.92653)",0.0,0.0,0,0,0,0,0,0,4 dr sedan,Station Wagon/Sport Utility Vehicle,0
17203146,3466763,06/22/2016,00:54,438234,Station Wagon/Sport Utility Vehicle,NISS -CAR/SUV,2012.0,1.0,F,Licensed,Going Straight Ahead,Right Side Doors,Right Rear Quarter Panel,,,,N,,Unspecified,Unspecified,BROOKLYN,11226.0,"(40.650085, -73.96233)",0.0,0.0,0,0,0,0,0,0,Station Wagon/Sport Utility Vehicle,Motorscooter,0
17167172,3491685,07/31/2016,16:20,589946,Sedan,HOND -CAR/SUV,2008.0,0.0,F,Licensed,Merging,Left Front Quarter Panel,Left Front Quarter Panel,Left Front Bumper,,,N,,Driver Inattention/Distraction,Failure to Yield Right-of-Way,MANHATTAN,10033.0,"(40.846725, -73.93563)",0.0,0.0,0,0,0,0,0,0,Sedan,Sedan,0
17298138,3492454,07/18/2016,19:45,569105,Sedan,CHEV -CAR/SUV,2016.0,1.0,F,Licensed,Going Straight Ahead,Left Front Bumper,Left Front Quarter Panel,Left Side Doors,Left Rear Quarter Panel,Left Front Bumper,N,,Obstruction/Debris,Unspecified,QUEENS,11101.0,"(40.73764, -73.93502)",0.0,0.0,0,0,0,0,0,0,Sedan,,0
17310172,3568353,11/23/2016,18:01,1111503,Sedan,MERZ -CAR/SUV,2014.0,2.0,M,Licensed,Stopped in Traffic,Center Back End,Center Back End,Left Rear Bumper,Right Rear Bumper,,N,,Unspecified,Unspecified,,,"(40.612396, -74.09929)",2.0,0.0,0,0,0,0,2,0,Sedan,Sedan,1
17289280,3514405,09/04/2016,00:45,744861,Sedan,BMW -CAR/SUV,2004.0,1.0,M,Licensed,Parked,Right Front Quarter Panel,Right Front Quarter Panel,Right Front Bumper,,,N,,Unspecified,Unspecified,QUEENS,11369.0,"(40.76199, -73.86934)",0.0,0.0,0,0,0,0,0,0,Station Wagon/Sport Utility Vehicle,Sedan,0
17423979,3588650,12/22/2016,11:50,1263732,Station Wagon/Sport Utility Vehicle,FORD -CAR/SUV,2005.0,1.0,M,Licensed,Backing,No Damage,No Damage,No Damage,No Damage,No Damage,N,,Backing Unsafely,Other Vehicular,BROOKLYN,11239.0,,0.0,0.0,0,0,0,0,0,0,Station Wagon/Sport Utility Vehicle,Station Wagon/Sport Utility Vehicle,0
17380706,3575477,12/07/2016,22:20,1171607,Station Wagon/Sport Utility Vehicle,FORD -CAR/SUV,2012.0,0.0,M,Licensed,Going Straight Ahead,Left Front Bumper,Center Front End,,,,N,,Driver Inattention/Distraction,Unspecified,,,"(40.71996, -74.004)",1.0,0.0,1,0,0,0,0,0,Station Wagon/Sport Utility Vehicle,,1
17197489,3484490,07/20/2016,15:00,542843,Station Wagon/Sport Utility Vehicle,DODG -CAR/SUV,2016.0,3.0,F,Licensed,Parked,Center Front End,Center Front End,,,,N,,Failure to Yield Right-of-Way,Traffic Control Disregarded,BRONX,10458.0,"(40.855385, -73.88468)",0.0,0.0,0,0,0,0,0,0,Station Wagon/Sport Utility Vehicle,4 dr sedan,0
17217406,3470849,06/28/2016,18:50,459888,4 dr sedan,ACUR -CAR/SUV,2010.0,1.0,F,Licensed,Making Right Turn,Left Front Bumper,Left Front Bumper,Center Front End,Right Front Bumper,,N,,Failure to Yield Right-of-Way,Unspecified,BROOKLYN,11211.0,"(40.714066, -73.95163)",0.0,0.0,0,0,0,0,0,0,Station Wagon/Sport Utility Vehicle,4 dr sedan,0
17169082,3468511,06/24/2016,17:45,444500,Box Truck,HINO -TRUCK/BUS,2016.0,2.0,M,Licensed,Making Right Turn,Other,Other,Other,,Other,N,,Unspecified,Unspecified,MANHATTAN,10013.0,"(40.717297, -74.00157)",0.0,0.0,0,0,0,0,0,0,Box Truck,Station Wagon/Sport Utility Vehicle,0
17146030,3470403,06/28/2016,17:00,459813,Station Wagon/Sport Utility Vehicle,TOYT -CAR/SUV,2014.0,3.0,M,Licensed,Going Straight Ahead,Center Front End,Center Front End,,,,N,,Following Too Closely,Driver Inattention/Distraction,,,,0.0,0.0,0,0,0,0,0,0,Station Wagon/Sport Utility Vehicle,Station Wagon/Sport Utility Vehicle,0
17234960,3467629,06/22/2016,16:15,436704,4 dr sedan,LINC -CAR/SUV,2014.0,1.0,M,Licensed,Going Straight Ahead,Left Front Bumper,Left Front Bumper,Center Front End,Other,Other,N,,Reaction to Uninvolved Vehicle,Unspecified,STATEN ISLAND,10306.0,"(40.572166, -74.11577)",1.0,0.0,0,0,0,0,1,0,4 dr sedan,4 dr sedan,1
17168683,3424280,04/22/2016,00:30,874760,Station Wagon/Sport Utility Vehicle,TOYT -CAR/SUV,2013.0,1.0,M,Licensed,Stopped in Traffic,Center Back End,Center Back End,Left Front Bumper,,,N,,Unspecified,Unspecified,QUEENS,11413.0,,1.0,0.0,0,0,0,0,1,0,Station Wagon/Sport Utility Vehicle,Sedan,1
17302410,3514359,09/05/2016,15:30,750483,Sedan,TOYT -CAR/SUV,2015.0,1.0,M,Licensed,Going Straight Ahead,Right Front Quarter Panel,Right Front Quarter Panel,Right Side Doors,,,N,,Unspecified,Unspecified,,,,0.0,0.0,0,0,0,0,0,0,Sedan,Sedan,0
17234854,3455732,06/01/2016,13:45,355602,4 dr sedan,TOYT -CAR/SUV,2016.0,1.0,M,Licensed,Changing Lanes,Right Front Quarter Panel,Right Front Quarter Panel,Center Front End,,,N,,Passing Too Closely,Passing Too Closely,MANHATTAN,10128.0,"(40.78017, -73.9551)",0.0,0.0,0,0,0,0,0,0,4 dr sedan,4 dr sedan,0
17154875,3485662,07/18/2016,08:54,531595,4 dr sedan,FORD -CAR/SUV,2014.0,1.0,M,Licensed,Going Straight Ahead,Center Back End,Center Back End,,,,N,,Unspecified,Unspecified,BROOKLYN,11233.0,"(40.677277, -73.9266)",1.0,0.0,0,0,0,0,1,0,4 dr sedan,,1
17269234,3532522,08/03/2016,17:39,605950,Station Wagon/Sport Utility Vehicle,HOND -CAR/SUV,2014.0,1.0,F,Licensed,Going Straight Ahead,Left Rear Quarter Panel,Left Rear Quarter Panel,Left Rear Bumper,,,N,,Unspecified,Unspecified,MANHATTAN,10016.0,"(40.745056, -73.978615)",0.0,0.0,0,0,0,0,0,0,Bus,Station Wagon/Sport Utility Vehicle,0
16960377,3419387,04/19/2016,17:30,163896,Station Wagon/Sport Utility Vehicle,INTL -CAR/SUV,1998.0,13.0,M,Licensed,Going Straight Ahead,Other,Other,Other,Other,Other,N,,Unspecified,Unspecified,,,,0.0,0.0,0,0,0,0,0,0,Station Wagon/Sport Utility Vehicle,Station Wagon/Sport Utility Vehicle,0
17225636,3498029,08/10/2016,15:20,635981,Station Wagon/Sport Utility Vehicle,CHEV -CAR/SUV,2011.0,3.0,M,Licensed,Making Right Turn,Right Rear Quarter Panel,Right Rear Quarter Panel,,,,N,,Unspecified,Unspecified,,,"(40.844875, -73.8678)",0.0,0.0,0,0,0,0,0,0,Station Wagon/Sport Utility Vehicle,Sedan,0
17032099,3433965,03/31/2016,22:15,213216,Station Wagon/Sport Utility Vehicle,DODG -CAR/SUV,2015.0,3.0,M,,Making Right Turn,Left Front Bumper,Left Front Bumper,,,,N,,Driver Inattention/Distraction,Unspecified,BROOKLYN,11211.0,,0.0,0.0,0,0,0,0,0,0,Station Wagon/Sport Utility Vehicle,4 dr sedan,0
16969626,3423859,03/29/2016,19:00,88486,Station Wagon/Sport Utility Vehicle,FORD -CAR/SUV,2010.0,1.0,M,Licensed,Going Straight Ahead,Left Front Bumper,Left Front Bumper,,,,N,,Unspecified,Unspecified,QUEENS,11411.0,,0.0,0.0,0,0,0,0,0,0,4 dr sedan,Station Wagon/Sport Utility Vehicle,0
17421564,3548583,10/27/2016,15:20,1004695,Sedan,FORD -CAR/SUV,2014.0,2.0,M,Licensed,Parked,Left Side Doors,Left Side Doors,Left Front Quarter Panel,,,N,,Failure to Yield Right-of-Way,Failure to Keep Right,,,"(40.756355, -73.82578)",0.0,0.0,0,0,0,0,0,0,Sedan,Station Wagon/Sport Utility Vehicle,0
17221394,3484566,07/21/2016,06:40,543904,4 dr sedan,TOYT -CAR/SUV,2014.0,0.0,,,Parked,Left Front Bumper,Left Front Bumper,,,,N,,Unspecified,Unspecified,BROOKLYN,11204.0,"(40.620914, -73.9753)",0.0,0.0,0,0,0,0,0,0,4 dr sedan,4 dr sedan,0
17175528,3462735,06/16/2016,13:00,410828,4 dr sedan,LINC -CAR/SUV,2006.0,1.0,M,Licensed,Going Straight Ahead,Left Front Quarter Panel,Left Front Quarter Panel,Left Side Doors,Left Rear Quarter Panel,Left Rear Quarter Panel,N,,Driver Inexperience,Failure to Yield Right-of-Way,,,"(40.82499, -73.91662)",0.0,0.0,0,0,0,0,0,0,2 dr sedan,4 dr sedan,0
17299869,3478936,07/12/2016,12:10,509665,Station Wagon/Sport Utility Vehicle,UNK,,0.0,U,,Parked,Left Rear Bumper,Left Rear Bumper,,,,N,,Unspecified,Unspecified,,,,0.0,0.0,0,0,0,0,0,0,Station Wagon/Sport Utility Vehicle,Sedan,0
17187462,3466686,06/23/2016,04:13,436905,4 dr sedan,PORS -CAR/SUV,2012.0,1.0,M,Licensed,Going Straight Ahead,Center Front End,Center Front End,Right Front Bumper,Left Front Bumper,Right Front Quarter Panel,N,,Unsafe Speed,Passing or Lane Usage Improper,,,,1.0,0.0,0,0,0,0,1,0,4 dr sedan,4 dr sedan,1
17283463,3471968,06/29/2016,19:40,468839,Box Truck,FORD-TRUCK/BUS,2009.0,1.0,M,Licensed,Going Straight Ahead,Right Front Bumper,Right Front Bumper,No Damage,No Damage,No Damage,N,,Unspecified,Unspecified,MANHATTAN,10021.0,"(40.771385, -73.95648)",0.0,0.0,0,0,0,0,0,0,Box Truck,4 dr sedan,0
17223774,3565958,11/22/2016,11:35,1105426,Sedan,MAZD -CAR/SUV,2011.0,0.0,F,Licensed,,Right Rear Bumper,Right Rear Bumper,Right Rear Bumper,Right Rear Bumper,Center Back End,N,,Unspecified,Alcohol Involvement,BRONX,10456.0,"(40.82692, -73.90737)",0.0,0.0,0,0,0,0,0,0,Sedan,Ambulance,0
17184853,3502946,08/18/2016,17:55,673064,Station Wagon/Sport Utility Vehicle,NISS -CAR/SUV,2007.0,3.0,M,Licensed,Making Left Turn,Right Front Bumper,Right Front Bumper,,,,N,,Unspecified,Unspecified,,,"(40.848118, -73.93089)",0.0,0.0,0,0,0,0,0,0,Station Wagon/Sport Utility Vehicle,Station Wagon/Sport Utility Vehicle,0
17324650,3543872,10/19/2016,17:50,953420,Sedan,LINC -CAR/SUV,2011.0,1.0,M,Licensed,Going Straight Ahead,Center Front End,No Damage,No Damage,No Damage,No Damage,N,,Following Too Closely,Unspecified,BROOKLYN,11220.0,"(40.642174, -74.02064)",0.0,0.0,0,0,0,0,0,0,Station Wagon/Sport Utility Vehicle,Sedan,0
17220371,3487483,07/05/2016,19:35,588798,Sedan,CHEV -CAR/SUV,2008.0,1.0,M,Licensed,Making Right Turn,Right Side Doors,Right Side Doors,Right Rear Quarter Panel,Right Rear Bumper,No Damage,N,,Driver Inattention/Distraction,Unspecified,QUEENS,11432.0,"(40.711998, -73.78942)",0.0,0.0,0,0,0,0,0,0,Sedan,Sedan,0
17207131,3519479,09/12/2016,22:00,783261,Station Wagon/Sport Utility Vehicle,LNDR -CAR/SUV,2006.0,1.0,F,Licensed,Backing,Center Back End,Center Back End,,,,N,,Backing Unsafely,Unspecified,BRONX,10463.0,"(40.87497, -73.90921)",0.0,0.0,0,0,0,0,0,0,Station Wagon/Sport Utility Vehicle,Sedan,0
17184958,3460123,06/06/2016,00:00,392050,Taxi,TOYT -CAR/SUV,2015.0,1.0,M,Licensed,Merging,Left Rear Quarter Panel,Left Rear Quarter Panel,,,,N,,Other Vehicular,Other Vehicular,MANHATTAN,10022.0,"(40.75645, -73.97032)",0.0,0.0,0,0,0,0,0,0,Taxi,Taxi,0
17395991,3567171,11/25/2016,19:15,1118011,Station Wagon/Sport Utility Vehicle,CHEV -CAR/SUV,1995.0,1.0,M,Licensed,Going Straight Ahead,Center Front End,Center Front End,Left Front Bumper,Right Front Bumper,,N,,Following Too Closely,Unspecified,,,"(40.748966, -73.75817)",0.0,0.0,0,0,0,0,0,0,Station Wagon/Sport Utility Vehicle,Station Wagon/Sport Utility Vehicle,0
16985826,3409089,04/25/2016,01:24,190387,4 dr sedan,HOND -CAR/SUV,2010.0,1.0,M,Licensed,Making Right Turn,Left Front Bumper,Left Front Quarter Panel,Left Side Doors,Left Rear Quarter Panel,Left Rear Bumper,N,,Driver Inattention/Distraction,,,,"(40.7861, -73.93965)",1.0,0.0,0,0,0,0,1,0,4 dr sedan,,1
17356917,3542282,10/11/2016,14:15,945299,Sedan,MITS -CAR/SUV,2006.0,1.0,M,Licensed,Going Straight Ahead,Right Rear Quarter Panel,Right Rear Quarter Panel,,,,N,,Unspecified,Unspecified,BROOKLYN,11203.0,"(40.64213, -73.92936)",0.0,0.0,0,0,0,0,0,0,Sedan,Sedan,0
17228142,3497870,08/08/2016,06:39,627456,Station Wagon/Sport Utility Vehicle,NISS -CAR/SUV,2006.0,1.0,M,Licensed,Slowing or Stopping,Right Rear Bumper,Center Back End,No Damage,No Damage,No Damage,N,,Unspecified,Unspecified,,,,0.0,0.0,0,0,0,0,0,0,Box Truck,Station Wagon/Sport Utility Vehicle,0
17181142,3500076,08/12/2016,15:57,653346,Station Wagon/Sport Utility Vehicle,HOND -CAR/SUV,2012.0,1.0,F,Licensed,Making Right Turn,Right Rear Quarter Panel,Right Rear Quarter Panel,,,,N,,Unspecified,Unspecified,BRONX,10459.0,"(40.820305, -73.89083)",0.0,0.0,0,0,0,0,0,0,Station Wagon/Sport Utility Vehicle,Sedan,0
17212625,3483758,07/19/2016,10:30,535109,4 dr sedan,TOYT -CAR/SUV,1999.0,0.0,,,Parked,Right Front Bumper,Right Front Bumper,Right Front Quarter Panel,,,N,,Unspecified,Unspecified,,,"(40.86455, -73.901955)",0.0,0.0,0,0,0,0,0,0,4 dr sedan,,0
17593501,3588468,12/28/2016,23:00,d84a4ee7-137d-438d-a602-01102cd5a5d4,Sedan,DODG -CAR/SUV,2013.0,2.0,M,Licensed,Making Right Turn,Left Front Bumper,Left Front Bumper,Center Front End,Left Front Quarter Panel,,N,,Failure to Yield Right-of-Way,Failure to Yield Right-of-Way,BROOKLYN,11220.0,"(40.64032, -74.02841)",0.0,0.0,0,0,0,0,0,0,Sedan,Sedan,0
17316418,3579640,12/14/2016,16:55,1260316,Sedan,CHEV -CAR/SUV,2013.0,0.0,,,Parked,Left Side Doors,Left Front Quarter Panel,,,,N,,Unspecified,Unspecified,BRONX,10453.0,"(40.85525, -73.91277)",0.0,0.0,0,0,0,0,0,0,Sedan,Sedan,0
17202967,3538633,10/12/2016,09:54,920836,Sedan,TOYT -CAR/SUV,2014.0,1.0,M,Licensed,Going Straight Ahead,Right Front Bumper,Right Front Bumper,No Damage,No Damage,No Damage,N,,Unspecified,Unspecified,,,"(40.733875, -74.00449)",0.0,0.0,0,0,0,0,0,0,Sedan,Sedan,0
17044079,3433782,05/02/2016,19:00,217642,4 dr sedan,MERZ -CAR/SUV,2015.0,1.0,M,Licensed,Making Left Turn,Center Back End,Center Back End,No Damage,No Damage,No Damage,N,,Unspecified,Unspecified,BROOKLYN,11214.0,,0.0,0.0,0,0,0,0,0,0,4 dr sedan,4 dr sedan,0