UNIQUE_ID,COLLISION_ID,CRASH_DATE,CRASH_TIME,VEHICLE_ID,VEHICLE_TYPE,VEHICLE_MAKE,VEHICLE_YEAR,VEHICLE_OCCUPANTS,DRIVER_SEX,DRIVER_LICENSE_STATUS,PRE_CRASH,POINT_OF_IMPACT,VEHICLE_DAMAGE,VEHICLE_DAMAGE_1,VEHICLE_DAMAGE_2,VEHICLE_DAMAGE_3,PUBLIC_PROPERTY_DAMAGE,PUBLIC_PROPERTY_DAMAGE_TYPE,CONTRIBUTING_FACTOR_1,CONTRIBUTING_FACTOR_2,BOROUGH,ZIP CODE,LOCATION,NUMBER OF PERSONS INJURED,NUMBER OF PERSONS KILLED,NUMBER OF PEDESTRIANS INJURED,NUMBER OF PEDESTRIANS KILLED,NUMBER OF CYCLIST INJURED,NUMBER OF CYCLIST KILLED,NUMBER OF MOTORIST INJURED,NUMBER OF MOTORIST KILLED,VEHICLE TYPE CODE 1,VEHICLE TYPE CODE 2,Severity
17055796,3440346,05/11/2016,16:00,258990,Station Wagon/Sport Utility Vehicle,MERZ -CAR/SUV,2010.0,1.0,M,Licensed,Going Straight Ahead,Center Front End,Right Front Bumper,Center Front End,Right Front Quarter Panel,Right Front Bumper,N,,Driver Inattention/Distraction,Driver Inattention/Distraction,,,"(40.6348, -74.13556)",2.0,0.0,0,0,0,0,2,0,Station Wagon/Sport Utility Vehicle,4 dr sedan,1
17279217,3490447,07/28/2016,14:30,576320,Sedan,HOND -CAR/SUV,2015.0,2.0,M,Licensed,Going Straight Ahead,Center Back End,Center Back End,Right Rear Bumper,Left Rear Bumper,,N,,Unspecified,Unspecified,,,"(40.74709, -73.76325)",1.0,0.0,0,0,0,0,1,0,Station Wagon/Sport Utility Vehicle,Sedan,1
17275481,3552712,11/01/2016,12:10,1016136,Station Wagon/Sport Utility Vehicle,TOYT -CAR/SUV,2015.0,1.0,M,,Changing Lanes,Left Side Doors,Left Side Doors,,,,N,,Unspecified,Unspecified,,,"(40.670353, -73.96757)",0.0,0.0,0,0,0,0,0,0,Station Wagon/Sport Utility Vehicle,,0
17247256,3464840,06/19/2016,04:25,421002,4 dr sedan,INFI -CAR/SUV,2014.0,4.0,M,Licensed,Going Straight Ahead,Left Front Quarter Panel,Right Rear Bumper,Right Rear Quarter Panel,,,N,,Passing or Lane Usage Improper,Unspecified,,,,1.0,0.0,0,0,0,0,1,0,Station Wagon/Sport Utility Vehicle,4 dr sedan,1
17392652,3562577,11/17/2016,16:00,1084238,Sedan,LEXS -CAR/SUV,2008.0,0.0,,,Parked,Left Rear Quarter Panel,Left Rear Quarter Panel,,,,Unspecified,,Unspecified,Unspecified,QUEENS,11361.0,"(40.758972, -73.77149)",0.0,0.0,0,0,0,0,0,0,Sedan,,0
17044426,3433823,05/01/2016,17:00,216196,4 dr sedan,CHEV -CAR/SUV,2003.0,3.0,M,Licensed,Starting from Parking,Left Front Quarter Panel,Left Front Quarter Panel,Left Front Bumper,No Damage,No Damage,N,,Traffic Control Disregarded,Unspecified,BROOKLYN,11228.0,,0.0,0.0,0,0,0,0,0,0,4 dr sedan,4 dr sedan,0
17061105,3432982,04/29/2016,13:25,204807,Chassis Cab,VOLV -TRUCK/BUS,2017.0,1.0,M,Licensed,Backing,Other,No Damage,,,,N,,View Obstructed/Limited,Oversized Vehicle,QUEENS,11378.0,,0.0,0.0,0,0,0,0,0,0,Tractor Truck Diesel,Chassis Cab,0
17382201,3533483,10/03/2016,19:10,882657,Station Wagon/Sport Utility Vehicle,VOLK -CAR/SUV,2009.0,1.0,,,Parked,Right Side Doors,Right Side Doors,No Damage,No Damage,No Damage,N,,Unspecified,Unspecified,,,"(40.753677, -73.914474)",0.0,0.0,0,0,0,0,0,0,Station Wagon/Sport Utility Vehicle,Station Wagon/Sport Utility Vehicle,0
17038828,3435157,05/02/2016,20:38,227751,Bike,bicycle,,1.0,M,Licensed,Going Straight Ahead,No Damage,No Damage,No Damage,No Damage,No Damage,N,,Unspecified,Unspecified,BROOKLYN,11221.0,,0.0,0.0,0,0,0,0,0,0,4 dr sedan,Bike,0
17420993,3567752,11/25/2016,21:54,1118272,Station Wagon/Sport Utility Vehicle,DODG -CAR/SUV,2013.0,0.0,,,Parked,Center Front End,Center Front End,Right Front Bumper,,,N,,Unspecified,Unspecified,BROOKLYN,11207.0,"(40.665745, -73.89816)",0.0,0.0,0,0,0,0,0,0,Station Wagon/Sport Utility Vehicle,Station Wagon/Sport Utility Vehicle,0
17054228,3439316,05/10/2016,04:45,251948,4 dr sedan,TOYT -CAR/SUV,2010.0,0.0,,,Parked,Left Rear Quarter Panel,Left Rear Quarter Panel,Left Side Doors,,,N,,Unspecified,Unspecified,QUEENS,11373.0,"(40.742413, -73.87143)",2.0,0.0,0,0,0,0,2,0,4 dr sedan,4 dr sedan,1
17165179,3535335,10/05/2016,16:10,942347,Sedan,VOLK -CAR/SUV,2004.0,3.0,M,Licensed,Merging,Left Front Bumper,Left Front Bumper,Center Front End,Right Front Bumper,,N,,Unsafe Lane Changing,Unspecified,QUEENS,11691.0,"(40.605335, -73.75528)",0.0,0.0,0,0,0,0,0,0,Station Wagon/Sport Utility Vehicle,Sedan,0
17068819,3439748,05/11/2016,11:18,260163,Station Wagon/Sport Utility Vehicle,FORD -CAR/SUV,2016.0,0.0,M,,Parked,Right Side Doors,Right Side Doors,Right Front Quarter Panel,,,N,,Unspecified,Unspecified,MANHATTAN,10075.0,"(40.772655, -73.95556)",0.0,0.0,0,0,0,0,0,0,Van,Station Wagon/Sport Utility Vehicle,0
16975388,3408783,04/06/2016,18:58,101635,Sedan,NISS -CAR/SUV,2014.0,0.0,M,Licensed,Making Left Turn,Left Front Bumper,Left Front Bumper,Left Front Bumper,,,N,,Failure to Yield Right-of-Way,Unspecified,,,"(40.77207, -73.94994)",1.0,0.0,1,0,0,0,0,0,Sedan,,1
17061275,3441415,05/13/2016,16:00,269553,4 dr sedan,LINC -CAR/SUV,2016.0,1.0,M,Licensed,Starting from Parking,Left Front Bumper,Left Front Quarter Panel,Other,Other,Other,N,,Driver Inattention/Distraction,Unspecified,STATEN ISLAND,10305.0,"(40.59589, -74.085884)",0.0,0.0,0,0,0,0,0,0,4 dr sedan,Station Wagon/Sport Utility Vehicle,0
17159995,3483218,07/05/2016,17:10,533263,Station Wagon/Sport Utility Vehicle,TOYT -CAR/SUV,2015.0,1.0,M,Licensed,Going Straight Ahead,Center Back End,Center Back End,,,,N,,Unspecified,Unspecified,,,,1.0,0.0,0,0,0,0,1,0,Bus,Station Wagon/Sport Utility Vehicle,1
17371758,3567506,11/23/2016,14:47,1111169,Sedan,FORD -CAR/SUV,2008.0,,,,Going Straight Ahead,Right Front Bumper,Right Front Bumper,,,,N,,Passing Too Closely,Unspecified,QUEENS,11368.0,,0.0,0.0,0,0,0,0,0,0,Station Wagon/Sport Utility Vehicle,Sedan,0
17318197,3579913,12/16/2016,18:20,1211114,Pick-up Truck,GMC -CAR/SUV,1998.0,1.0,M,Licensed,Going Straight Ahead,Left Front Quarter Panel,Left Front Quarter Panel,,,,N,,Outside Car Distraction,Unspecified,BROOKLYN,11233.0,"(40.676132, -73.921906)",0.0,0.0,0,0,0,0,0,0,Pick-up Truck,Station Wagon/Sport Utility Vehicle,0
17422296,3552093,11/01/2016,07:25,1013285,Sedan,NISS -CAR/SUV,2009.0,1.0,F,Licensed,Making Left Turn,Right Front Quarter Panel,Right Front Quarter Panel,Right Front Bumper,,,N,,Turning Improperly,Failure to Yield Right-of-Way,QUEENS,11354.0,"(40.76465, -73.823494)",0.0,0.0,0,0,0,0,0,0,Sedan,Station Wagon/Sport Utility Vehicle,0
17419184,3545620,10/23/2016,09:50,968849,Sedan,NISS -CAR/SUV,2014.0,1.0,F,Licensed,Making Left Turn,Right Front Bumper,No Damage,No Damage,No Damage,No Damage,N,,Glare,View Obstructed/Limited,QUEENS,11004.0,"(40.747055, -73.71194)",1.0,0.0,1,0,0,0,0,0,Sedan,,1
17175278,3444939,05/20/2016,00:20,1259778,4 dr sedan,BMW -CAR/SUV,2000.0,0.0,,,Parked,Left Rear Quarter Panel,Left Rear Quarter Panel,Left Side Doors,Left Front Quarter Panel,Left Front Bumper,N,,Unspecified,Unspecified,QUEENS,11413.0,"(40.672707, -73.758156)",0.0,0.0,0,0,0,0,0,0,4 dr sedan,Station Wagon/Sport Utility Vehicle,0
17160384,3473322,07/01/2016,18:45,473876,4 dr sedan,HOND -CAR/SUV,2014.0,2.0,F,Licensed,Slowing or Stopping,Center Back End,Center Back End,Right Rear Bumper,Left Rear Bumper,,N,,Following Too Closely,Unspecified,STATEN ISLAND,10312.0,"(40.561512, -74.171844)",0.0,0.0,0,0,0,0,0,0,Station Wagon/Sport Utility Vehicle,4 dr sedan,0
17207563,3472363,07/01/2016,11:21,471106,Taxi,FORD -CAR/SUV,2010.0,1.0,M,Licensed,Going Straight Ahead,Right Front Bumper,No Damage,,,,N,,Unspecified,Unspecified,BROOKLYN,11201.0,"(40.68963, -73.98575)",1.0,0.0,0,0,0,0,1,0,Taxi,,1
17047103,3428625,04/23/2016,14:45,286198,4 dr sedan,KIA -CAR/SUV,2004.0,1.0,M,Licensed,Parked,Left Rear Bumper,Left Rear Bumper,,,,N,,Unspecified,Unspecified,QUEENS,11433.0,,0.0,0.0,0,0,0,0,0,0,4 dr sedan,,0
16939736,3410149,04/02/2016,14:24,98033,Station Wagon/Sport Utility Vehicle,CHRY -CAR/SUV,2002.0,2.0,M,Licensed,Other*,Right Front Bumper,Right Front Bumper,Right Front Quarter Panel,,,N,,Driver Inexperience,Unspecified,MANHATTAN,10027.0,"(40.809433, -73.94542)",0.0,0.0,0,0,0,0,0,0,4 dr sedan,Station Wagon/Sport Utility Vehicle,0
17161780,3474706,07/04/2016,22:40,482250,Station Wagon/Sport Utility Vehicle,BMW -CAR/SUV,2011.0,1.0,F,Licensed,Going Straight Ahead,Right Front Bumper,Right Front Quarter Panel,Right Front Bumper,,,N,,Unsafe Speed,Unspecified,STATEN ISLAND,10312.0,"(40.56312, -74.17869)",0.0,0.0,0,0,0,0,0,0,Station Wagon/Sport Utility Vehicle,Station Wagon/Sport Utility Vehicle,0
17180542,3454341,06/02/2016,14:20,351523,4 dr sedan,SUBA -CAR/SUV,2015.0,1.0,F,Licensed,Going Straight Ahead,Left Side Doors,Left Rear Quarter Panel,,,,N,,Driver Inattention/Distraction,Unspecified,MANHATTAN,10016.0,"(40.748863, -73.97584)",0.0,0.0,0,0,0,0,0,0,Station Wagon/Sport Utility Vehicle,4 dr sedan,0
17259494,3503552,08/17/2016,19:00,672277,Station Wagon/Sport Utility Vehicle,INFI -CAR/SUV,2015.0,1.0,F,Licensed,Going Straight Ahead,Left Front Bumper,Center Front End,No Damage,No Damage,No Damage,N,,Unspecified,Unspecified,,,"(40.645103, -74.01033)",1.0,0.0,0,0,1,0,0,0,Station Wagon/Sport Utility Vehicle,Bike,1
17050195,3442221,05/15/2016,19:30,276435,Pick-up Truck,CHEV -CAR/SUV,1997.0,1.0,M,Licensed,Going Straight Ahead,Right Front Bumper,Right Front Bumper,No Damage,No Damage,No Damage,N,,Unspecified,Unspecified,BRONX,10464.0,"(40.846153, -73.78756)",0.0,0.0,0,0,0,0,0,0,Pick-up Truck,4 dr sedan,0
16964169,3406644,04/06/2016,11:30,123296,Box Truck,INTL-TRUCK/BUS,2015.0,2.0,M,Licensed,Going Straight Ahead,Left Front Quarter Panel,No Damage,,,,N,,Failure to Yield Right-of-Way,,MANHATTAN,10018.0,,0.0,0.0,0,0,0,0,0,0,4 dr sedan,Box Truck,0
16954759,3415946,03/28/2016,13:40,55983,Station Wagon/Sport Utility Vehicle,AUDI -CAR/SUV,2014.0,1.0,F,Licensed,Parked,Left Side Doors,Left Side Doors,,,,N,,Driver Inattention/Distraction,Unspecified,BROOKLYN,11219.0,,0.0,0.0,0,0,0,0,0,0,Station Wagon/Sport Utility Vehicle,Armored Truck,0
17039786,3433515,04/22/2016,17:19,218016,Station Wagon/Sport Utility Vehicle,NISS -CAR/SUV,2015.0,5.0,F,Licensed,Passing,Left Rear Quarter Panel,Left Rear Quarter Panel,Left Front Quarter Panel,No Damage,No Damage,Unspecified,,Unspecified,Unspecified,,,,5.0,0.0,0,0,0,0,5,0,Station Wagon/Sport Utility Vehicle,4 dr sedan,1
17328814,3556445,11/08/2016,12:12,1043607,Flat Bed,ISU-TRUCK/BUS,2005.0,1.0,M,Licensed,Going Straight Ahead,Right Side Doors,Right Side Doors,,,,Unspecified,,Oversized Vehicle,Unspecified,MANHATTAN,10001.0,"(40.75458, -73.99915)",0.0,0.0,0,0,0,0,0,0,Sedan,Flat Bed,0
17210059,3458788,06/08/2016,11:40,374697,4 dr sedan,FORD -CAR/SUV,2011.0,1.0,M,Licensed,Making Right Turn,No Damage,No Damage,,,,Unspecified,,Failure to Yield Right-of-Way,Unspecified,QUEENS,11432.0,"(40.71025, -73.799866)",1.0,0.0,1,0,0,0,0,0,4 dr sedan,,1
17356331,3539025,10/12/2016,22:30,1007425,Sedan,TOYT -CAR/SUV,2014.0,3.0,M,Licensed,Making Left Turn,Right Front Bumper,Right Front Bumper,Right Front Quarter Panel,,,N,,Driver Inattention/Distraction,Unspecified,QUEENS,11419.0,"(40.691364, -73.83755)",0.0,0.0,0,0,0,0,0,0,Sedan,Sedan,0
16966263,3422384,04/04/2016,14:30,88791,4 dr sedan,BMW -CAR/SUV,2015.0,1.0,M,Licensed,Stopped in Traffic,Left Front Bumper,Left Front Bumper,,,,N,,Unspecified,Unspecified,,,,0.0,0.0,0,0,0,0,0,0,4 dr sedan,Station Wagon/Sport Utility Vehicle,0
16947138,3429301,03/24/2016,08:30,34883,4 dr sedan,HOND -CAR/SUV,2014.0,1.0,M,Licensed,Going Straight Ahead,Center Front End,Center Front End,,,,N,,Alcohol Involvement,Unspecified,,,"(40.766308, -73.89257)",0.0,0.0,0,0,0,0,0,0,4 dr sedan,4 dr sedan,0
17151141,3435540,05/04/2016,18:30,889179,Station Wagon/Sport Utility Vehicle,HYUN -CAR/SUV,2009.0,1.0,F,Licensed,Going Straight Ahead,Center Front End,No Damage,,,,N,,Following Too Closely,Unspecified,,,"(40.7179, -73.83202)",1.0,0.0,0,0,0,0,1,0,Taxi,Station Wagon/Sport Utility Vehicle,1
17250669,3535524,10/07/2016,06:50,898501,Sedan,NISS -CAR/SUV,2012.0,1.0,F,Licensed,Going Straight Ahead,Left Front Quarter Panel,Left Front Quarter Panel,No Damage,No Damage,No Damage,N,,Driver Inattention/Distraction,Unspecified,,,"(40.69299, -73.95583)",0.0,0.0,0,0,0,0,0,0,Sedan,Station Wagon/Sport Utility Vehicle,0
17392760,3565793,11/21/2016,11:48,1099086,Sedan,CHEV -CAR/SUV,2016.0,1.0,M,Licensed,Parked,Left Front Quarter Panel,Left Front Bumper,Left Front Bumper,No Damage,No Damage,N,,Unspecified,Unspecified,QUEENS,11385.0,"(40.702374, -73.87544)",0.0,0.0,0,0,0,0,0,0,Sedan,Sedan,0
16974489,3422932,04/14/2016,22:10,146144,Station Wagon/Sport Utility Vehicle,KIA -CAR/SUV,2003.0,1.0,M,Unlicensed,Making U Turn,Left Front Bumper,Left Front Quarter Panel,No Damage,No Damage,No Damage,N,,Turning Improperly,Unspecified,QUEENS,11423.0,,1.0,0.0,0,0,0,0,1,0,Station Wagon/Sport Utility Vehicle,Station Wagon/Sport Utility Vehicle,1
17151226,3457628,06/06/2016,19:42,372556,4 dr sedan,FORD -CAR/SUV,2011.0,2.0,M,Licensed,Going Straight Ahead,Right Front Bumper,Right Front Bumper,Left Front Bumper,Right Front Quarter Panel,Left Front Bumper,N,,Unspecified,Unspecified,MANHATTAN,10034.0,"(40.867256, -73.92935)",1.0,0.0,0,0,0,0,1,0,4 dr sedan,4 dr sedan,1
17357445,3579679,12/13/2016,19:05,1196642,Bike,ELECTRICAL BIKE,,1.0,M,Licensed,Passing,No Damage,No Damage,,,,N,,Driver Inattention/Distraction,Passing Too Closely,,,"(40.62707, -74.01865)",1.0,0.0,0,0,0,0,1,0,Bike,Station Wagon/Sport Utility Vehicle,1
17401279,3588247,12/24/2016,14:24,1245192,Station Wagon/Sport Utility Vehicle,TOYT -CAR/SUV,2016.0,0.0,,,Parked,Left Front Bumper,Left Front Bumper,Left Front Quarter Panel,Center Front End,,Unspecified,,Unspecified,Unspecified,QUEENS,11418.0,"(40.69477, -73.8248)",0.0,0.0,0,0,0,0,0,0,Station Wagon/Sport Utility Vehicle,,0
17418640,3555402,11/07/2016,10:18,1036929,Sedan,TOYT -CAR/SUV,2016.0,2.0,M,Licensed,Going Straight Ahead,Center Front End,Center Front End,Left Front Bumper,Right Front Bumper,,N,,Driver Inattention/Distraction,Unspecified,,,"(40.67413, -73.892555)",0.0,0.0,0,0,0,0,0,0,Sedan,Station Wagon/Sport Utility Vehicle,0
17269647,3524056,09/19/2016,10:15,825128,Bus,MCIN-TRUCK/BUS,2004.0,1.0,F,Licensed,Going Straight Ahead,Left Front Quarter Panel,Left Side Doors,Left Rear Quarter Panel,,,Unspecified,,Driver Inattention/Distraction,Unspecified,BROOKLYN,11234.0,"(40.6224, -73.936646)",0.0,0.0,0,0,0,0,0,0,Bus,Station Wagon/Sport Utility Vehicle,0
17067576,3449084,05/28/2016,10:30,336424,4 dr sedan,FORD -CAR/SUV,2013.0,1.0,M,Licensed,Going Straight Ahead,Right Front Bumper,Right Front Bumper,,,,Unspecified,,Unspecified,Unspecified,BRONX,10460.0,"(40.840855, -73.86547)",0.0,0.0,0,0,0,0,0,0,4 dr sedan,Station Wagon/Sport Utility Vehicle,0
17286796,3488982,07/26/2016,17:25,594674,4 dr sedan,LEXS -CAR/SUV,2016.0,1.0,F,Licensed,Going Straight Ahead,Left Rear Quarter Panel,Left Rear Quarter Panel,Left Rear Bumper,,,N,,Unspecified,Unspecified,QUEENS,11420.0,"(40.68379, -73.80978)",0.0,0.0,0,0,0,0,0,0,4 dr sedan,Sedan,0
16977510,4022278,04/17/2016,00:00,165514,4 dr sedan,JEEP -CAR/SUV,2002.0,2.0,M,Licensed,Going Straight Ahead,Right Front Bumper,Right Front Bumper,Right Front Quarter Panel,,,N,,Driver Inexperience,Driver Inattention/Distraction,BRONX,10472.0,"(40.831654, -73.85608)",0.0,0.0,0,0,0,0,0,0,4 dr sedan,4 dr sedan,0
17152055,3461940,06/14/2016,00:00,405376,Sedan,AUDI -CAR/SUV,2013.0,0.0,,,Parked,Left Front Bumper,Left Front Quarter Panel,No Damage,No Damage,No Damage,Unspecified,,Unspecified,Unspecified,MANHATTAN,10029.0,"(40.792187, -73.9382)",0.0,0.0,0,0,0,0,0,0,Sedan,,0
17397148,3545597,10/21/2016,14:00,964657,Station Wagon/Sport Utility Vehicle,FORD -CAR/SUV,2002.0,2.0,M,Licensed,Stopped in Traffic,Left Side Doors,Left Side Doors,,,,N,,Unspecified,Unspecified,QUEENS,11101.0,"(40.74163, -73.9446)",0.0,0.0,0,0,0,0,0,0,Sedan,Station Wagon/Sport Utility Vehicle,0
17196765,3488348,07/23/2016,13:30,559628,4 dr sedan,VOLK -CAR/SUV,2003.0,1.0,F,Licensed,Going Straight Ahead,Center Front End,Center Front End,No Damage,No Damage,No Damage,N,,Unspecified,Unspecified,BROOKLYN,11212.0,"(40.6553, -73.90318)",0.0,0.0,0,0,0,0,0,0,4 dr sedan,4 dr sedan,0
17067065,3433031,04/30/2016,07:30,207519,4 dr sedan,HOND -CAR/SUV,2015.0,0.0,,,Parked,Left Rear Bumper,Left Rear Bumper,,,,N,,Unspecified,Unspecified,QUEENS,11356.0,"(40.790592, -73.83825)",0.0,0.0,0,0,0,0,0,0,4 dr sedan,,0
17038114,3449000,05/24/2016,17:30,314086,4 dr sedan,STRN -CAR/SUV,2005.0,1.0,,,,Center Front End,Center Front End,Center Front End,,,N,,Driver Inattention/Distraction,Following Too Closely,BRONX,10457.0,"(40.839767, -73.905396)",0.0,0.0,0,0,0,0,0,0,Box Truck,4 dr sedan,0
17362191,3582677,12/18/2016,23:30,1220307,Sedan,VOLK -CAR/SUV,2013.0,2.0,F,Licensed,Going Straight Ahead,Right Front Quarter Panel,Right Side Doors,Right Rear Quarter Panel,No Damage,No Damage,N,,Unspecified,Unspecified,BRONX,10452.0,"(40.842335, -73.91619)",0.0,0.0,0,0,0,0,0,0,Sedan,Sedan,0
17237277,3479923,07/12/2016,14:00,514707,4 dr sedan,NISS -CAR/SUV,2012.0,0.0,,,Parked,Left Side Doors,Left Rear Quarter Panel,,,,N,,Unspecified,Unspecified,BROOKLYN,11211.0,"(40.70811, -73.96103)",0.0,0.0,0,0,0,0,0,0,4 dr sedan,4 dr sedan,0
16957770,3410663,04/20/2016,09:30,170315,Station Wagon/Sport Utility Vehicle,GMC -CAR/SUV,2015.0,1.0,F,Licensed,Going Straight Ahead,Right Front Quarter Panel,Right Front Quarter Panel,Right Front Bumper,Right Side Doors,,Unspecified,,Reaction to Uninvolved Vehicle,Driver Inattention/Distraction,MANHATTAN,10032.0,,1.0,0.0,0,0,0,0,1,0,4 dr sedan,Station Wagon/Sport Utility Vehicle,1
17208115,3475308,07/04/2016,22:00,486977,Station Wagon/Sport Utility Vehicle,HOND -CAR/SUV,2003.0,0.0,,,Parked,Roof,Roof,Right Side Doors,Other,,Unspecified,,Unspecified,Unspecified,,,,0.0,0.0,0,0,0,0,0,0,Station Wagon/Sport Utility Vehicle,,0
17276011,3502962,08/18/2016,18:16,674031,Tractor Truck Diesel,FRHT-TRUCK/BUS,1993.0,1.0,M,Licensed,Making Left Turn,Other,Other,,,,N,,Unspecified,Unspecified,,,,0.0,0.0,0,0,0,0,0,0,Tractor Truck Diesel,Sedan,0
17212862,3470439,06/28/2016,09:50,460782,Station Wagon/Sport Utility Vehicle,LEXS -CAR/SUV,2014.0,0.0,,,Parked,Center Front End,Center Front End,Right Front Bumper,,,N,,Unspecified,Unspecified,BRONX,10455.0,"(40.820393, -73.91397)",0.0,0.0,0,0,0,0,0,0,4 dr sedan,Station Wagon/Sport Utility Vehicle,0
17311943,3566533,11/23/2016,14:25,1110710,Station Wagon/Sport Utility Vehicle,HOND -CAR/SUV,2015.0,1.0,M,Licensed,Backing,Center Back End,Center Back End,,,,N,,Backing Unsafely,Unspecified,BRONX,10457.0,"(40.849342, -73.89814)",0.0,0.0,0,0,0,0,0,0,Sedan,Station Wagon/Sport Utility Vehicle,0
17310338,3529837,09/28/2016,13:30,863250,Sedan,TOYT -CAR/SUV,2004.0,1.0,F,Licensed,Parked,Left Side Doors,No Damage,No Damage,No Damage,No Damage,N,,Unspecified,Unspecified,BROOKLYN,11201.0,"(40.688572, -73.991104)",0.0,0.0,0,0,0,0,0,0,Sedan,,0
17150196,3457119,06/01/2016,13:40,347039,Station Wagon/Sport Utility Vehicle,CHEV -CAR/SUV,2002.0,1.0,M,Licensed,Making Left Turn,Right Rear Quarter Panel,Right Rear Quarter Panel,Right Rear Quarter Panel,Right Rear Quarter Panel,Right Rear Quarter Panel,N,,Driver Inattention/Distraction,Unspecified,,,"(0.0, 0.0)",0.0,0.0,0,0,0,0,0,0,Station Wagon/Sport Utility Vehicle,4 dr sedan,0
16970272,3412410,04/19/2016,08:43,159337,Station Wagon/Sport Utility Vehicle,TOYT -CAR/SUV,2011.0,1.0,M,Licensed,Stopped in Traffic,Left Front Bumper,Left Front Bumper,,,,N,,Unspecified,Unspecified,BRONX,10452.0,,0.0,0.0,0,0,0,0,0,0,Station Wagon/Sport Utility Vehicle,Station Wagon/Sport Utility Vehicle,0
17385422,3590487,12/29/2016,16:00,1267204,Sedan,TOYT -CAR/SUV,2008.0,1.0,M,Licensed,Parked,Left Side Doors,Left Side Doors,,,,N,,Unspecified,Unspecified,BROOKLYN,11223.0,"(40.59623, -73.98005)",0.0,0.0,0,0,0,0,0,0,Station Wagon/Sport Utility Vehicle,Sedan,0
17210310,3499617,08/13/2016,09:35,648663,Station Wagon/Sport Utility Vehicle,FORD -CAR/SUV,2012.0,0.0,,,Parked,Left Side Doors,Left Side Doors,,,,N,,Unspecified,Unspecified,BROOKLYN,11222.0,"(40.726345, -73.95228)",0.0,0.0,0,0,0,0,0,0,Box Truck,Station Wagon/Sport Utility Vehicle,0
17335469,3557176,11/09/2016,13:20,1046946,Sedan,CHEV -CAR/SUV,2012.0,1.0,F,Licensed,Going Straight Ahead,Right Side Doors,Right Rear Quarter Panel,,,Right Rear Bumper,N,,Passing Too Closely,Unspecified,QUEENS,11375.0,"(40.720165, -73.844795)",0.0,0.0,0,0,0,0,0,0,Sedan,Tractor Truck Gasoline,0
17420635,3565381,11/17/2016,09:20,1103623,Station Wagon/Sport Utility Vehicle,JEEP -CAR/SUV,2013.0,2.0,M,Licensed,Going Straight Ahead,Right Front Bumper,Right Front Quarter Panel,No Damage,No Damage,No Damage,N,,Unspecified,Unspecified,BROOKLYN,11207.0,"(40.676144, -73.893074)",0.0,0.0,0,0,0,0,0,0,Station Wagon/Sport Utility Vehicle,Station Wagon/Sport Utility Vehicle,0
17322632,3527255,09/25/2016,18:00,842746,Sedan,TOYT -CAR/SUV,2013.0,1.0,M,Licensed,Going Straight Ahead,Center Front End,Center Front End,,,,N,,Driver Inattention/Distraction,Following Too Closely,,,"(40.734978, -73.8614)",0.0,0.0,0,0,0,0,0,0,Station Wagon/Sport Utility Vehicle,Sedan,0
17282874,3499451,08/12/2016,17:30,649323,Taxi,CHRY -CAR/SUV,2006.0,1.0,M,Licensed,Going Straight Ahead,Left Front Quarter Panel,Left Front Quarter Panel,,,,N,,Other Vehicular,Other Vehicular,MANHATTAN,10016.0,"(40.74544, -73.9754)",0.0,0.0,0,0,0,0,0,0,Taxi,Station Wagon/Sport Utility Vehicle,0
17154847,3518389,09/13/2016,04:20,783930,Sedan,NISS -CAR/SUV,2012.0,1.0,M,Licensed,Going Straight Ahead,Right Front Bumper,Right Front Bumper,Right Front Quarter Panel,Center Front End,Left Front Bumper,N,,Fell Asleep,Unspecified,,,"(40.813965, -73.95309)",1.0,0.0,0,0,0,0,1,0,Station Wagon/Sport Utility Vehicle,Taxi,1
17194986,3472718,07/01/2016,09:12,474209,Station Wagon/Sport Utility Vehicle,TOYT -CAR/SUV,2014.0,1.0,F,Licensed,Parked,Left Side Doors,Left Side Doors,Left Front Quarter Panel,Left Rear Quarter Panel,No Damage,N,,Unspecified,Unspecified,BRONX,10468.0,"(40.86532, -73.900314)",0.0,0.0,0,0,0,0,0,0,Station Wagon/Sport Utility Vehicle,,0
17402611,3503355,08/19/2016,09:00,675012,Sedan,HOND -CAR/SUV,2009.0,1.0,F,Licensed,Going Straight Ahead,Left Rear Bumper,Left Rear Bumper,Left Rear Quarter Panel,No Damage,No Damage,N,,Unspecified,Unspecified,,,"(40.793217, -73.824005)",0.0,0.0,0,0,0,0,0,0,Sedan,Sedan,0
17283204,3510228,08/29/2016,17:45,837878,Pick-up Truck,DODG -CAR/SUV,2013.0,1.0,M,Licensed,Going Straight Ahead,Left Rear Quarter Panel,Left Rear Quarter Panel,,,,N,,Unspecified,Unspecified,QUEENS,11370.0,"(40.76635, -73.88756)",0.0,0.0,0,0,0,0,0,0,Pick-up Truck,Station Wagon/Sport Utility Vehicle,0