UNIQUE_ID,COLLISION_ID,CRASH_DATE,CRASH_TIME,VEHICLE_ID,VEHICLE_TYPE,VEHICLE_MAKE,VEHICLE_YEAR,VEHICLE_OCCUPANTS,DRIVER_SEX,DRIVER_LICENSE_STATUS,PRE_CRASH,POINT_OF_IMPACT,VEHICLE_DAMAGE,VEHICLE_DAMAGE_1,VEHICLE_DAMAGE_2,VEHICLE_DAMAGE_3,PUBLIC_PROPERTY_DAMAGE,PUBLIC_PROPERTY_DAMAGE_TYPE,CONTRIBUTING_FACTOR_1,CONTRIBUTING_FACTOR_2,BOROUGH,ZIP CODE,LOCATION,NUMBER OF PERSONS INJURED,NUMBER OF PERSONS KILLED,NUMBER OF PEDESTRIANS INJURED,NUMBER OF PEDESTRIANS KILLED,NUMBER OF CYCLIST INJURED,NUMBER OF CYCLIST KILLED,NUMBER OF MOTORIST INJURED,NUMBER OF MOTORIST KILLED,VEHICLE TYPE CODE 1,VEHICLE TYPE CODE 2,Severity
17410206,3553195,10/28/2016,07:00,1018294,Sedan,INFI -CAR/SUV,2010.0,0.0,F,Licensed,Making Left Turn,Left Front Bumper,Left Front Bumper,,,,N,,Unspecified,Following Too Closely,,,"(40.761173, -73.95789)",0.0,0.0,0,0,0,0,0,0,Sedan,Sedan,0
17263820,3491816,07/22/2016,11:25,575121,Station Wagon/Sport Utility Vehicle,TOYT -CAR/SUV,2006.0,1.0,M,Licensed,Going Straight Ahead,Right Front Quarter Panel,Right Front Bumper,Center Front End,Left Front Bumper,Left Front Quarter Panel,N,,Driver Inattention/Distraction,Unspecified,BRONX,10475.0,"(40.885952, -73.8279)",0.0,0.0,0,0,0,0,0,0,Station Wagon/Sport Utility Vehicle,Station Wagon/Sport Utility Vehicle,0
16933935,3424894,03/14/2016,09:20,152062,4 dr sedan,BUIC -CAR/SUV,2016.0,0.0,,,Parked,Center Back End,Center Back End,Left Front Bumper,,,N,,Other Vehicular,Unspecified,,,"(40.741398, -73.77841)",1.0,0.0,0,0,0,0,1,0,Sedan,4 dr sedan,1
17223925,3531176,10/01/2016,03:30,869339,Station Wagon/Sport Utility Vehicle,TOYT -CAR/SUV,2012.0,1.0,F,Licensed,Going Straight Ahead,Center Front End,Center Front End,Left Front Bumper,Right Front Bumper,No Damage,N,,Fell Asleep,Unspecified,,,"(40.90145, -73.887924)",0.0,0.0,0,0,0,0,0,0,Station Wagon/Sport Utility Vehicle,,0
16947773,3410390,04/05/2016,19:15,95084,4 dr sedan,BMW -CAR/SUV,2013.0,1.0,,,Parked,Left Rear Quarter Panel,Left Rear Quarter Panel,,,,N,,Unspecified,Unspecified,MANHATTAN,10039.0,"(40.820694, -73.936874)",0.0,0.0,0,0,0,0,0,0,4 dr sedan,4 dr sedan,0
17354426,3531090,10/01/2016,11:00,875327,Station Wagon/Sport Utility Vehicle,INFI -CAR/SUV,1998.0,1.0,F,Licensed,Going Straight Ahead,Right Front Bumper,Right Front Quarter Panel,,,,N,,Reaction to Uninvolved Vehicle,Unspecified,,,"(40.74535, -73.776695)",0.0,0.0,0,0,0,0,0,0,Station Wagon/Sport Utility Vehicle,Station Wagon/Sport Utility Vehicle,0
16944662,3430905,03/29/2016,01:15,56664,4 dr sedan,INFI -CAR/SUV,2015.0,1.0,F,Licensed,Going Straight Ahead,Right Front Bumper,Right Front Bumper,Center Front End,,,N,,Driver Inattention/Distraction,Unspecified,STATEN ISLAND,10309.0,"(40.53891, -74.20724)",0.0,0.0,0,0,0,0,0,0,2 dr sedan,4 dr sedan,0
17306119,3490488,07/25/2016,18:00,561342,Station Wagon/Sport Utility Vehicle,TOYT -CAR/SUV,2010.0,1.0,F,Licensed,Parked,Right Front Quarter Panel,Right Front Quarter Panel,Right Front Bumper,,,N,,Unspecified,Unspecified,,,"(40.757004, -73.92611)",0.0,0.0,0,0,0,0,0,0,Box Truck,Station Wagon/Sport Utility Vehicle,0
16984967,3419045,04/15/2016,07:10,138872,Station Wagon/Sport Utility Vehicle,HOND -CAR/SUV,2016.0,0.0,,,Parked,Left Front Bumper,Left Front Bumper,,,,N,,Unspecified,Unspecified,BROOKLYN,11207.0,"(40.68211, -73.89149)",0.0,0.0,0,0,0,0,0,0,Bus,Station Wagon/Sport Utility Vehicle,0
17238675,3498043,08/10/2016,13:20,639431,Station Wagon/Sport Utility Vehicle,TOYT -CAR/SUV,2012.0,2.0,M,Unlicensed,Going Straight Ahead,Left Front Bumper,Left Front Bumper,,,,N,,Driver Inattention/Distraction,Unspecified,,,"(40.86235, -73.894066)",1.0,0.0,0,0,0,0,1,0,Station Wagon/Sport Utility Vehicle,Station Wagon/Sport Utility Vehicle,1
16951837,3415237,03/26/2016,19:50,64165,4 dr sedan,NISS -CAR/SUV,2008.0,1.0,F,Licensed,Going Straight Ahead,Left Front Bumper,Left Front Quarter Panel,Left Side Doors,,,N,,Unspecified,Unspecified,BROOKLYN,11214.0,,1.0,0.0,0,0,0,0,1,0,4 dr sedan,4 dr sedan,1
17285083,3537328,10/08/2016,20:00,931386,Station Wagon/Sport Utility Vehicle,FORD -CAR/SUV,2003.0,3.0,M,Licensed,Going Straight Ahead,Left Rear Bumper,Left Rear Bumper,,,,N,,Failure to Yield Right-of-Way,Unspecified,BROOKLYN,11234.0,"(40.63413, -73.928505)",0.0,0.0,0,0,0,0,0,0,Station Wagon/Sport Utility Vehicle,Station Wagon/Sport Utility Vehicle,0
17334326,3528509,09/27/2016,09:18,853325,Station Wagon/Sport Utility Vehicle,FORD -CAR/SUV,2016.0,1.0,M,Licensed,Stopped in Traffic,Right Front Bumper,Right Front Bumper,,,,N,,Following Too Closely,Following Too Closely,,,"(40.753944, -73.972145)",0.0,0.0,0,0,0,0,0,0,Pick-up Truck,Station Wagon/Sport Utility Vehicle,0
17152607,3464047,06/18/2016,08:50,416109,2 dr sedan,NISS -CAR/SUV,2008.0,1.0,F,Licensed,Parked,Right Rear Quarter Panel,Right Rear Quarter Panel,Right Rear Quarter Panel,,,N,,Unspecified,Unspecified,MANHATTAN,10029.0,"(40.787815, -73.94373)",0.0,0.0,0,0,0,0,0,0,2 dr sedan,,0
17365833,3535330,10/05/2016,09:30,892464,Sedan,HOND -CAR/SUV,2007.0,2.0,M,Licensed,Going Straight Ahead,Center Front End,Center Front End,Left Front Bumper,Right Front Bumper,Other,N,,Following Too Closely,Reaction to Uninvolved Vehicle,,,,0.0,0.0,0,0,0,0,0,0,Sedan,Station Wagon/Sport Utility Vehicle,0
17398556,3506392,08/23/2016,14:05,695679,Sedan,HOND -CAR/SUV,2016.0,1.0,M,Licensed,Starting in Traffic,Left Rear Quarter Panel,Left Front Bumper,Right Front Bumper,Center Front End,Left Side Doors,N,,Driver Inattention/Distraction,Failure to Yield Right-of-Way,QUEENS,11413.0,"(40.674175, -73.74053)",0.0,0.0,0,0,0,0,0,0,Sedan,Station Wagon/Sport Utility Vehicle,0
17399195,3582386,12/16/2016,08:15,1208136,Sedan,NISS -CAR/SUV,2012.0,1.0,M,Unlicensed,Going Straight Ahead,Center Front End,Center Front End,Right Front Bumper,Left Front Bumper,No Damage,N,,Driver Inattention/Distraction,Driver Inattention/Distraction,BRONX,10473.0,"(40.80726, -73.85481)",0.0,0.0,0,0,0,0,0,0,Sedan,Sedan,0
17344783,3565643,11/21/2016,11:35,1099234,Pick-up Truck,mac,1994.0,1.0,M,Licensed,Parked,Left Rear Quarter Panel,Left Rear Bumper,Left Rear Quarter Panel,Left Rear Bumper,Center Back End,N,,Alcohol Involvement,Unspecified,,,"(40.87071, -73.89191)",0.0,0.0,0,0,0,0,0,0,Pick-up Truck,Sedan,0
17307056,3536339,10/08/2016,01:45,951758,Station Wagon/Sport Utility Vehicle,FORD -CAR/SUV,2015.0,2.0,M,Licensed,Going Straight Ahead,Left Front Quarter Panel,Left Front Quarter Panel,No Damage,No Damage,No Damage,N,,Unspecified,Unspecified,QUEENS,11375.0,"(0.0, 0.0)",1.0,0.0,0,0,1,0,0,0,Station Wagon/Sport Utility Vehicle,Bike,1
16961801,3414901,04/04/2016,16:50,96182,4 dr sedan,HYUN -CAR/SUV,2002.0,1.0,M,,Going Straight Ahead,Center Front End,Left Front Bumper,Right Front Bumper,,,N,,Unspecified,Unspecified,BROOKLYN,11235.0,,0.0,0.0,0,0,0,0,0,0,Station Wagon/Sport Utility Vehicle,4 dr sedan,0
17045504,3435753,04/30/2016,17:30,234409,Station Wagon/Sport Utility Vehicle,HOND -CAR/SUV,2011.0,2.0,F,Licensed,Going Straight Ahead,Left Front Bumper,Left Front Quarter Panel,Center Front End,Right Front Bumper,No Damage,N,,Other Vehicular,Other Vehicular,,,,0.0,0.0,0,0,0,0,0,0,4 dr sedan,4 dr sedan,0
17163645,3453190,05/30/2016,17:55,345051,4 dr sedan,DODG -CAR/SUV,2015.0,0.0,,,Parked,Right Front Quarter Panel,Right Front Quarter Panel,Right Side Doors,Right Front Bumper,,N,,Unspecified,Unspecified,,,"(40.84126, -73.92805)",0.0,0.0,0,0,0,0,0,0,4 dr sedan,TRAIL,0
17052272,3438354,05/09/2016,08:33,250066,4 dr sedan,TOYT -CAR/SUV,2007.0,1.0,F,Licensed,Going Straight Ahead,Right Front Bumper,Right Front Bumper,,,,N,,Driver Inattention/Distraction,Unspecified,BROOKLYN,11226.0,"(40.65319, -73.96622)",0.0,0.0,0,0,0,0,0,0,2 dr sedan,4 dr sedan,0
17248979,3475921,07/06/2016,12:30,488447,Station Wagon/Sport Utility Vehicle,CHRY -CAR/SUV,2016.0,0.0,,,Parked,Left Rear Bumper,Left Rear Bumper,,,,N,,Unspecified,Unspecified,QUEENS,11364.0,"(40.73561, -73.74742)",0.0,0.0,0,0,0,0,0,0,Station Wagon/Sport Utility Vehicle,,0
17226617,3475127,07/04/2016,12:10,487808,Station Wagon/Sport Utility Vehicle,INFI -CAR/SUV,2015.0,2.0,M,Licensed,Going Straight Ahead,Left Front Bumper,Center Front End,Right Front Bumper,,,N,,Following Too Closely,Unsafe Speed,,,,1.0,0.0,0,0,0,0,1,0,Station Wagon/Sport Utility Vehicle,Station Wagon/Sport Utility Vehicle,1
17305477,3563960,11/20/2016,16:00,1095568,Station Wagon/Sport Utility Vehicle,JEEP -CAR/SUV,2006.0,1.0,F,Licensed,Slowing or Stopping,Center Back End,Center Back End,Right Rear Bumper,,,N,,Unspecified,Unspecified,BROOKLYN,11222.0,"(40.72025, -73.94374)",1.0,0.0,0,0,0,0,1,0,Station Wagon/Sport Utility Vehicle,Station Wagon/Sport Utility Vehicle,1
17155426,3456361,06/04/2016,19:40,359495,Bus,new flyer,2011.0,1.0,M,Licensed,Going Straight Ahead,No Damage,Right Side Doors,No Damage,No Damage,No Damage,N,,Oversized Vehicle,Unspecified,BROOKLYN,11206.0,"(40.693043, -73.94586)",0.0,0.0,0,0,0,0,0,0,4 dr sedan,Bus,0
17038484,3447686,05/27/2016,09:40,325670,4 dr sedan,CHEV -CAR/SUV,2014.0,0.0,M,Licensed,Going Straight Ahead,Right Front Bumper,Right Front Quarter Panel,Center Front End,,,N,,Driver Inattention/Distraction,Driver Inattention/Distraction,MANHATTAN,10002.0,"(40.720234, -73.98448)",0.0,0.0,0,0,0,0,0,0,4 dr sedan,4 dr sedan,0
17412212,3533817,10/04/2016,09:30,889845,Sedan,NISS -CAR/SUV,2010.0,1.0,M,Licensed,Going Straight Ahead,Right Front Bumper,Right Front Quarter Panel,No Damage,No Damage,No Damage,N,,Following Too Closely,Unspecified,BROOKLYN,11207.0,"(40.667835, -73.89484)",0.0,0.0,0,0,0,0,0,0,Station Wagon/Sport Utility Vehicle,Sedan,0
17307653,3529893,09/29/2016,16:00,862866,Sedan,TOYT -CAR/SUV,2016.0,1.0,M,Licensed,Going Straight Ahead,Right Front Bumper,Right Front Quarter Panel,No Damage,No Damage,No Damage,N,,Unspecified,Unspecified,BROOKLYN,11232.0,"(40.66306, -73.994774)",0.0,0.0,0,0,0,0,0,0,Station Wagon/Sport Utility Vehicle,Sedan,0
17254570,3570238,11/29/2016,08:30,1130512,Station Wagon/Sport Utility Vehicle,BMW -CAR/SUV,2016.0,5.0,F,Licensed,Slowing or Stopping,Center Back End,Center Back End,No Damage,No Damage,No Damage,N,,Unspecified,Unspecified,MANHATTAN,10023.0,"(40.77588, -73.97623)",0.0,0.0,0,0,0,0,0,0,Station Wagon/Sport Utility Vehicle,Sedan,0
17368020,3551574,10/26/2016,10:38,1006884,Station Wagon/Sport Utility Vehicle,BMW -CAR/SUV,2016.0,2.0,F,Licensed,Going Straight Ahead,Center Front End,Center Front End,,,,N,,Other Vehicular,Following Too Closely,BROOKLYN,11226.0,"(40.65505, -73.95631)",0.0,0.0,0,0,0,0,0,0,Sedan,Station Wagon/Sport Utility Vehicle,0
17306569,3545593,10/21/2016,05:30,966588,Box Truck,VOLV -TRUCK/BUS,2015.0,1.0,M,Licensed,Merging,Other,Other,No Damage,No Damage,No Damage,Unspecified,,Driver Inattention/Distraction,Reaction to Uninvolved Vehicle,,,"(40.79522, -73.921524)",0.0,0.0,0,0,0,0,0,0,Sedan,Box Truck,0
17298355,3460894,06/12/2016,20:00,394427,4 dr sedan,BUIC -CAR/SUV,2000.0,0.0,,,Parked,Left Front Quarter Panel,Left Front Quarter Panel,,,,N,,Unspecified,Unspecified,QUEENS,11356.0,"(40.787785, -73.83825)",0.0,0.0,0,0,0,0,0,0,4 dr sedan,,0
17211246,3458784,06/08/2016,19:00,376549,4 dr sedan,BMW -CAR/SUV,2004.0,2.0,M,Licensed,Going Straight Ahead,Center Front End,Left Front Bumper,Right Front Bumper,,,N,,Unspecified,Unspecified,QUEENS,11417.0,"(40.676113, -73.84883)",0.0,0.0,0,0,0,0,0,0,4 dr sedan,4 dr sedan,0
17335142,3493903,08/03/2016,17:26,606193,Taxi,TOYT -CAR/SUV,2016.0,1.0,M,Licensed,Changing Lanes,Right Front Bumper,Right Front Bumper,,,,N,,Driver Inexperience,Reaction to Uninvolved Vehicle,MANHATTAN,10065.0,"(40.765358, -73.965904)",0.0,0.0,0,0,0,0,0,0,Station Wagon/Sport Utility Vehicle,Taxi,0
17401114,3570209,11/29/2016,09:30,4e93408c-f305-45d7-8ec3-9ca5c3a0590b,Station Wagon/Sport Utility Vehicle,DODG -CAR/SUV,2012.0,1.0,M,Licensed,Going Straight Ahead,Right Front Quarter Panel,Right Front Quarter Panel,Right Front Bumper,,,N,,Driver Inattention/Distraction,Unspecified,QUEENS,11435.0,"(40.707363, -73.80695)",1.0,0.0,0,0,0,0,1,0,Station Wagon/Sport Utility Vehicle,Sedan,1
17072610,3445482,05/22/2016,17:30,306042,4 dr sedan,HOND -CAR/SUV,2007.0,1.0,M,Licensed,Going Straight Ahead,Center Front End,Center Front End,Left Front Bumper,Right Front Bumper,,N,,Unspecified,Unspecified,QUEENS,11357.0,"(40.779663, -73.811676)",0.0,0.0,0,0,0,0,0,0,4 dr sedan,Station Wagon/Sport Utility Vehicle,0
17363367,3481058,07/15/2016,07:30,522807,Station Wagon/Sport Utility Vehicle,VOLK -CAR/SUV,2010.0,0.0,,,Parked,Right Front Quarter Panel,Right Front Quarter Panel,Left Rear Quarter Panel,Left Side Doors,Right Front Quarter Panel,N,,Unspecified,Unspecified,,,"(40.745556, -73.81368)",0.0,0.0,0,0,0,0,0,0,2 dr sedan,Station Wagon/Sport Utility Vehicle,0
17339510,3563869,11/18/2016,19:40,1093293,Sedan,TOYT -CAR/SUV,2013.0,1.0,F,Licensed,Going Straight Ahead,Right Side Doors,Right Rear Quarter Panel,Right Front Quarter Panel,,,N,,Unspecified,Unspecified,,,"(40.63552, -74.0167)",0.0,0.0,0,0,0,0,0,0,Station Wagon/Sport Utility Vehicle,Sedan,0
17182569,3485599,07/22/2016,10:30,548838,4 dr sedan,NISS -CAR/SUV,2016.0,0.0,,,Parked,Left Front Quarter Panel,Left Front Quarter Panel,Left Front Bumper,,,N,,Unspecified,Unspecified,,,"(40.66317, -73.95004)",0.0,0.0,0,0,0,0,0,0,4 dr sedan,4 dr sedan,0
17367261,3550834,10/31/2016,08:30,1003692,Station Wagon/Sport Utility Vehicle,FORD -CAR/SUV,2002.0,0.0,M,Licensed,Parked,Left Rear Quarter Panel,Left Front Bumper,Left Rear Quarter Panel,Left Side Doors,Left Front Bumper,N,,Driver Inattention/Distraction,Driver Inattention/Distraction,BROOKLYN,11203.0,"(40.651936, -73.9294)",0.0,0.0,0,0,0,0,0,0,Station Wagon/Sport Utility Vehicle,Sedan,0
17375304,3571650,11/29/2016,20:00,1143974,Taxi,TOYT -CAR/SUV,2013.0,1.0,M,Licensed,Entering Parked Position,Right Rear Bumper,Right Rear Bumper,,,,N,,View Obstructed/Limited,Driver Inexperience,QUEENS,11373.0,"(40.74609, -73.891304)",0.0,0.0,0,0,0,0,0,0,Taxi,Sedan,0
17251968,3554748,11/04/2016,12:10,1025653,Sedan,BMW -CAR/SUV,2011.0,1.0,M,Licensed,Making Right Turn,Center Front End,Left Front Bumper,Center Front End,Right Front Bumper,,N,,Brakes Defective,Driver Inattention/Distraction,BROOKLYN,11234.0,"(40.629368, -73.88477)",0.0,0.0,0,0,0,0,0,0,Sedan,Sedan,0
17219976,3474054,07/02/2016,14:00,474830,Station Wagon/Sport Utility Vehicle,HOND -CAR/SUV,2002.0,1.0,M,Licensed,Going Straight Ahead,Left Rear Bumper,Left Rear Bumper,,,,N,,Unspecified,Unspecified,QUEENS,11373.0,"(40.734375, -73.87342)",0.0,0.0,0,0,0,0,0,0,4 dr sedan,Station Wagon/Sport Utility Vehicle,0
16953048,3411019,03/31/2016,12:30,73740,Sedan,HYUN -CAR/SUV,2005.0,1.0,F,Licensed,Changing Lanes,Right Front Quarter Panel,Right Front Quarter Panel,Right Front Bumper,Right Side Doors,Right Rear Quarter Panel,N,,Unsafe Lane Changing,Unspecified,BRONX,10454.0,,0.0,0.0,0,0,0,0,0,0,Station Wagon/Sport Utility Vehicle,Sedan,0
16961962,3420165,04/13/2016,14:00,176818,4 dr sedan,TOYT -CAR/SUV,2015.0,2.0,M,Licensed,Passing,Right Front Quarter Panel,Right Front Quarter Panel,Left Front Bumper,Left Front Quarter Panel,Right Side Doors,N,,Glare,Aggressive Driving/Road Rage,,,"(40.69203, -73.94565)",3.0,0.0,0,0,0,0,3,0,Station Wagon/Sport Utility Vehicle,4 dr sedan,1
17390335,3551032,10/30/2016,20:24,1002135,Station Wagon/Sport Utility Vehicle,HOND -CAR/SUV,2016.0,2.0,M,Licensed,Making Left Turn,Center Back End,Center Back End,Center Back End,Center Back End,,N,,Turning Improperly,Driver Inattention/Distraction,,,"(40.767815, -73.98951)",0.0,0.0,0,0,0,0,0,0,Station Wagon/Sport Utility Vehicle,Station Wagon/Sport Utility Vehicle,0
16968235,3418490,04/17/2016,13:30,148500,Station Wagon/Sport Utility Vehicle,FORD -CAR/SUV,2009.0,2.0,F,Permit,Starting from Parking,Left Rear Bumper,Left Rear Bumper,Left Rear Quarter Panel,,,N,,Driver Inexperience,Unspecified,,,,0.0,0.0,0,0,0,0,0,0,Station Wagon/Sport Utility Vehicle,4 dr sedan,0
17065914,3444536,05/17/2016,15:00,288991,4 dr sedan,HOND -CAR/SUV,2007.0,0.0,,,Parked,Left Front Quarter Panel,Left Front Quarter Panel,Left Side Doors,,,N,,Unspecified,Unspecified,QUEENS,11435.0,"(40.7128, -73.81437)",0.0,0.0,0,0,0,0,0,0,4 dr sedan,4 dr sedan,0
17048568,3447589,05/25/2016,14:28,317553,4 dr sedan,HYUN -CAR/SUV,2012.0,1.0,M,Licensed,Making Right Turn,Right Front Bumper,Right Front Bumper,Right Front Quarter Panel,,,N,,Following Too Closely,Failure to Yield Right-of-Way,,,"(40.708668, -73.99914)",0.0,0.0,0,0,0,0,0,0,4 dr sedan,4 dr sedan,0
17335018,3515658,09/07/2016,17:50,760320,Sedan,LINC -CAR/SUV,2012.0,1.0,M,Licensed,Going Straight Ahead,Left Front Bumper,Center Front End,,,,N,,Unspecified,Unspecified,QUEENS,11420.0,"(40.66708, -73.81033)",0.0,0.0,0,0,0,0,0,0,Station Wagon/Sport Utility Vehicle,Sedan,0
17242278,3587321,12/26/2016,16:20,ccefcb4d-01ff-4fdf-a469-aa70a7d7ebbb,Sedan,TOYT -CAR/SUV,1999.0,1.0,M,Licensed,Going Straight Ahead,Right Side Doors,Right Front Quarter Panel,Right Rear Quarter Panel,,,N,,Unspecified,Unspecified,BRONX,10460.0,"(40.836864, -73.888596)",2.0,0.0,0,0,0,0,2,0,Station Wagon/Sport Utility Vehicle,Sedan,1
17394862,3542789,10/17/2016,15:55,948406,Sedan,SUBA -CAR/SUV,2015.0,1.0,M,Licensed,Going Straight Ahead,Right Front Quarter Panel,Right Front Quarter Panel,Right Side Doors,Right Rear Quarter Panel,,N,,Unspecified,Unspecified,,,"(40.737904, -73.90459)",0.0,0.0,0,0,0,0,0,0,Bus,Sedan,0
17185928,3498104,08/10/2016,09:40,633847,Pick-up Truck,FORD -CAR/SUV,2007.0,1.0,M,Licensed,Backing,Center Back End,Center Back End,No Damage,No Damage,No Damage,N,,Backing Unsafely,Unspecified,BROOKLYN,11236.0,"(40.647247, -73.893196)",0.0,0.0,0,0,0,0,0,0,Pick-up Truck,Station Wagon/Sport Utility Vehicle,0
17153017,4023153,06/14/2016,14:20,400065,Sedan,TOYT -CAR/SUV,2004.0,5.0,M,Licensed,Going Straight Ahead,Center Back End,Center Back End,Right Rear Bumper,Center Back End,Left Rear Bumper,N,,Unspecified,Unspecified,BROOKLYN,11201.0,"(40.69024, -73.99437)",0.0,0.0,0,0,0,0,0,0,Sedan,4 dr sedan,0
17422772,3554065,11/04/2016,17:10,1026743,Station Wagon/Sport Utility Vehicle,FORD -CAR/SUV,2016.0,1.0,M,Licensed,Going Straight Ahead,Left Rear Bumper,Left Rear Bumper,,,,N,,Passing Too Closely,Unspecified,QUEENS,11354.0,"(40.77071, -73.833725)",0.0,0.0,0,0,0,0,0,0,Station Wagon/Sport Utility Vehicle,Station Wagon/Sport Utility Vehicle,0
17168388,3457059,06/03/2016,11:50,354782,4 dr sedan,TOYT -CAR/SUV,2015.0,1.0,M,Licensed,Slowing or Stopping,Center Back End,Center Back End,,,,N,,Other Vehicular,Unspecified,BROOKLYN,11220.0,"(40.642097, -74.00987)",0.0,0.0,0,0,0,0,0,0,4 dr sedan,Box Truck,0
17353706,3487205,07/23/2016,17:30,553630,4 dr sedan,FORD -CAR/SUV,2015.0,1.0,,,Parked,Left Rear Quarter Panel,Left Rear Quarter Panel,Left Rear Bumper,Left Side Doors,No Damage,N,,Unspecified,Unspecified,,,"(40.66475, -73.89405)",0.0,0.0,0,0,0,0,0,0,4 dr sedan,Bus,0
17178033,3465919,06/21/2016,15:00,430267,Station Wagon/Sport Utility Vehicle,FORD -CAR/SUV,2002.0,,,,Entering Parked Position,,,,,,N,,Driver Inattention/Distraction,Unspecified,,,"(40.630928, -73.92137)",0.0,0.0,0,0,0,0,0,0,Station Wagon/Sport Utility Vehicle,Station Wagon/Sport Utility Vehicle,0
17379374,3500365,08/13/2016,22:05,650732,Sedan,BMW -CAR/SUV,2009.0,3.0,M,Licensed,Making Left Turn,Right Side Doors,Right Side Doors,Right Rear Quarter Panel,,,N,,Failure to Yield Right-of-Way,Unspecified,,,"(40.67591, -73.89492)",0.0,0.0,0,0,0,0,0,0,Sedan,Station Wagon/Sport Utility Vehicle,0
17293671,3460816,06/12/2016,14:11,391089,Pick-up Truck,FORD -CAR/SUV,2011.0,1.0,M,Licensed,Making Left Turn,Left Rear Quarter Panel,Left Rear Quarter Panel,Left Side Doors,,,N,,Unspecified,Unspecified,QUEENS,11434.0,"(40.66437, -73.769875)",0.0,0.0,0,0,0,0,0,0,4 dr sedan,Pick-up Truck,0
16967383,3416041,04/07/2016,18:10,104766,Station Wagon/Sport Utility Vehicle,CHRY -CAR/SUV,2014.0,2.0,F,Licensed,Going Straight Ahead,Center Front End,No Damage,,,,N,,Unspecified,Unspecified,BROOKLYN,11232.0,"(40.645535, -73.99746)",1.0,0.0,1,0,0,0,0,0,Station Wagon/Sport Utility Vehicle,,1
17332337,3558809,11/12/2016,13:30,1059877,Station Wagon/Sport Utility Vehicle,FREIGHLINER,2014.0,1.0,M,Licensed,Parked,Left Rear Quarter Panel,Left Rear Quarter Panel,No Damage,No Damage,No Damage,N,,Unspecified,Unspecified,,,"(40.601036, -73.99235)",0.0,0.0,0,0,0,0,0,0,Station Wagon/Sport Utility Vehicle,Box Truck,0
17363892,3516698,09/10/2016,12:50,772655,Sedan,TOYT -CAR/SUV,2012.0,2.0,F,Unlicensed,Going Straight Ahead,Center Front End,Left Front Bumper,Right Front Quarter Panel,,,N,,Driver Inattention/Distraction,Fatigued/Drowsy,QUEENS,11101.0,"(40.745186, -73.955376)",0.0,0.0,0,0,0,0,0,0,Sedan,Sedan,0
17247305,3517600,09/11/2016,14:15,777859,Sedan,FORD -CAR/SUV,2006.0,4.0,F,Licensed,Going Straight Ahead,Right Front Bumper,Center Front End,Left Front Bumper,Center Front End,Left Front Bumper,N,,Following Too Closely,Unspecified,BRONX,10457.0,"(40.84661, -73.89587)",0.0,0.0,0,0,0,0,0,0,Sedan,Sedan,0
17061971,3445849,05/24/2016,14:50,314282,Taxi,HOND -CAR/SUV,2016.0,2.0,M,Licensed,Parked,Right Front Bumper,Center Front End,,,,N,,Passing or Lane Usage Improper,Passing or Lane Usage Improper,MANHATTAN,10001.0,,0.0,0.0,0,0,0,0,0,0,Taxi,Box Truck,0
16975718,3423928,04/02/2016,11:15,79766,4 dr sedan,NISS -CAR/SUV,2012.0,1.0,F,Licensed,Changing Lanes,Right Front Quarter Panel,Right Front Quarter Panel,,,,N,,Unspecified,Unspecified,,,"(40.665634, -73.758156)",0.0,0.0,0,0,0,0,0,0,4 dr sedan,4 dr sedan,0
17402417,3587146,12/23/2016,17:40,1249636,Sedan,NISS -CAR/SUV,2009.0,1.0,M,Licensed,Going Straight Ahead,Right Front Quarter Panel,Right Front Quarter Panel,,,,N,,Driver Inattention/Distraction,Unspecified,BRONX,10462.0,"(40.837208, -73.85804)",0.0,0.0,0,0,0,0,0,0,Sedan,Sedan,0
17344458,3546272,10/23/2016,13:25,972829,Station Wagon/Sport Utility Vehicle,MERZ -CAR/SUV,2004.0,3.0,M,,Making Right Turn,Center Back End,Right Rear Bumper,,,,N,,Unspecified,Unspecified,BRONX,10451.0,,0.0,0.0,0,0,0,0,0,0,Station Wagon/Sport Utility Vehicle,Station Wagon/Sport Utility Vehicle,0
17280055,3527898,09/23/2016,14:04,837833,Sedan,TOYT -CAR/SUV,2014.0,1.0,M,Licensed,Making Left Turn,Left Side Doors,Left Rear Quarter Panel,,,,N,,Passing or Lane Usage Improper,Turning Improperly,,,"(40.801754, -73.93121)",0.0,0.0,0,0,0,0,0,0,Sedan,Sedan,0
17062598,3432997,04/30/2016,13:40,211586,4 dr sedan,HOND -CAR/SUV,2014.0,1.0,F,Licensed,Going Straight Ahead,Left Front Bumper,Center Front End,,,,N,,Failure to Yield Right-of-Way,Unspecified,QUEENS,11377.0,,0.0,0.0,0,0,0,0,0,0,4 dr sedan,Sedan,0