UNIQUE_ID,COLLISION_ID,CRASH_DATE,CRASH_TIME,VEHICLE_ID,VEHICLE_TYPE,VEHICLE_MAKE,VEHICLE_YEAR,VEHICLE_OCCUPANTS,DRIVER_SEX,DRIVER_LICENSE_STATUS,PRE_CRASH,POINT_OF_IMPACT,VEHICLE_DAMAGE,VEHICLE_DAMAGE_1,VEHICLE_DAMAGE_2,VEHICLE_DAMAGE_3,PUBLIC_PROPERTY_DAMAGE,PUBLIC_PROPERTY_DAMAGE_TYPE,CONTRIBUTING_FACTOR_1,CONTRIBUTING_FACTOR_2,BOROUGH,ZIP CODE,LOCATION,NUMBER OF PERSONS INJURED,NUMBER OF PERSONS KILLED,NUMBER OF PEDESTRIANS INJURED,NUMBER OF PEDESTRIANS KILLED,NUMBER OF CYCLIST INJURED,NUMBER OF CYCLIST KILLED,NUMBER OF MOTORIST INJURED,NUMBER OF MOTORIST KILLED,VEHICLE TYPE CODE 1,VEHICLE TYPE CODE 2,Severity
17250052,3530564,09/21/2016,20:55,978211,Sedan,KIA -CAR/SUV,2004.0,1.0,M,Licensed,Going Straight Ahead,No Damage,No Damage,No Damage,No Damage,No Damage,N,,Unspecified,Unspecified,BROOKLYN,11212.0,"(40.661015, -73.90853)",1.0,0.0,1,0,0,0,0,0,Sedan,,1
17191561,3483879,07/18/2016,17:12,534501,UNKOW,,,,,,,,,,,,Unspecified,,,,BROOKLYN,11233.0,"(40.677364, -73.90798)",0.0,0.0,0,0,0,0,0,0,Station Wagon/Sport Utility Vehicle,UNKOW,0
17312699,3539505,10/13/2016,17:00,927843,Station Wagon/Sport Utility Vehicle,NISS -CAR/SUV,2016.0,4.0,M,Licensed,Going Straight Ahead,Center Front End,Center Front End,,,,N,,Following Too Closely,Unspecified,,,"(40.719975, -73.86524)",0.0,0.0,0,0,0,0,0,0,Station Wagon/Sport Utility Vehicle,Station Wagon/Sport Utility Vehicle,0
17223142,3471345,06/26/2016,13:45,450548,4 dr sedan,TOYT -CAR/SUV,2009.0,0.0,,,Parked,Center Front End,Center Front End,Right Rear Quarter Panel,Right Side Doors,Right Front Quarter Panel,N,,Unspecified,Unspecified,BRONX,10467.0,"(40.878647, -73.86782)",0.0,0.0,0,0,0,0,0,0,Station Wagon/Sport Utility Vehicle,UNKNO,0
17051967,3443847,05/18/2016,09:48,287293,4 dr sedan,TOYT -CAR/SUV,2010.0,1.0,M,Licensed,Avoiding Object in Roadway,Left Side Doors,Left Side Doors,,,,N,,Cell Phone (hand-Held),Passing Too Closely,BRONX,10452.0,"(40.840504, -73.92835)",0.0,0.0,0,0,0,0,0,0,4 dr sedan,4 dr sedan,0
17049088,3434409,05/02/2016,17:50,218451,4 dr sedan,TOYT -CAR/SUV,2015.0,1.0,M,Licensed,Going Straight Ahead,Right Rear Quarter Panel,Right Rear Quarter Panel,,,,N,,Unspecified,Unspecified,MANHATTAN,10022.0,,0.0,0.0,0,0,0,0,0,0,4 dr sedan,4 dr sedan,0
17230656,3478044,07/08/2016,13:47,501102,PK,FORD-TRUCK/BUS,2015.0,1.0,,,Going Straight Ahead,Left Side Doors,Left Side Doors,,,,N,,Driver Inattention/Distraction,Failure to Keep Right,QUEENS,11373.0,"(40.740757, -73.89028)",0.0,0.0,0,0,0,0,0,0,Ambulance,PK,0
17057218,3435963,05/06/2016,04:45,233563,4 dr sedan,HYUN -CAR/SUV,2005.0,1.0,M,Licensed,Going Straight Ahead,Left Front Bumper,Left Front Bumper,,,,N,,Pavement Slippery,Unspecified,,,"(40.754356, -73.7236)",2.0,0.0,0,0,0,0,2,0,4 dr sedan,4 dr sedan,1
17167186,3463652,06/17/2016,13:53,412486,4 dr sedan,CHEV -CAR/SUV,2007.0,0.0,F,Licensed,Slowing or Stopping,Center Front End,No Damage,No Damage,No Damage,No Damage,N,,Other Electronic Device,Other Vehicular,,,"(40.843994, -73.89752)",0.0,0.0,0,0,0,0,0,0,4 dr sedan,4 dr sedan,0
17071385,3441212,05/13/2016,17:45,268691,4 dr sedan,FORD -CAR/SUV,2007.0,1.0,M,Licensed,Going Straight Ahead,Center Front End,Center Front End,Right Front Bumper,Right Front Quarter Panel,Left Front Bumper,N,,Unspecified,Unspecified,BROOKLYN,11207.0,"(40.678738, -73.89887)",5.0,0.0,0,0,0,0,5,0,4 dr sedan,Station Wagon/Sport Utility Vehicle,1
16973743,3414427,04/20/2016,17:15,188965,4 dr sedan,PORS -CAR/SUV,2012.0,0.0,,,Parked,Left Side Doors,Left Side Doors,,,,N,,Unspecified,Unspecified,BRONX,10463.0,"(40.870003, -73.90584)",0.0,0.0,0,0,0,0,0,0,4 dr sedan,4 dr sedan,0
17383223,3578082,12/11/2016,13:50,1188448,Taxi,NISS -CAR/SUV,2014.0,1.0,M,Licensed,Going Straight Ahead,Right Front Quarter Panel,Right Rear Quarter Panel,Undercarriage,Right Front Quarter Panel,,N,,Passing Too Closely,Driver Inattention/Distraction,MANHATTAN,10012.0,"(40.72488, -73.99908)",0.0,0.0,0,0,0,0,0,0,Taxi,Sedan,0
17174083,3476348,07/07/2016,12:37,492426,Flat Rack,GMC-TRUCK/BUS,2006.0,1.0,M,Licensed,Going Straight Ahead,Center Front End,No Damage,No Damage,No Damage,No Damage,N,,Following Too Closely,Following Too Closely,QUEENS,11432.0,"(0.0, 0.0)",1.0,0.0,0,0,0,0,1,0,Flat Rack,4 dr sedan,1
17181576,3454291,06/02/2016,19:40,354323,Carry All,MCIN-TRUCK/BUS,2003.0,1.0,M,Licensed,Making Right Turn,Right Rear Quarter Panel,Right Rear Quarter Panel,,,,Unspecified,,Passing Too Closely,Unspecified,MANHATTAN,10013.0,"(40.720436, -74.00671)",0.0,0.0,0,0,0,0,0,0,Carry All,Station Wagon/Sport Utility Vehicle,0
17378041,3581427,12/16/2016,09:00,f176e4c7-2640-4948-ac75-4d589f29dd0d,Sedan,PONT -CAR/SUV,1999.0,1.0,F,Licensed,Making Right Turn,Left Front Quarter Panel,Left Front Quarter Panel,Left Front Bumper,,,N,,Unspecified,Unspecified,QUEENS,11368.0,"(40.75254, -73.85261)",0.0,0.0,0,0,0,0,0,0,Station Wagon/Sport Utility Vehicle,Sedan,0
16982478,3408394,04/17/2016,17:35,155840,Taxi,TOYT -CAR/SUV,2011.0,1.0,U,,Starting in Traffic,Left Front Quarter Panel,No Damage,No Damage,No Damage,No Damage,N,,Failure to Yield Right-of-Way,Unspecified,MANHATTAN,10022.0,,0.0,0.0,0,0,0,0,0,0,Station Wagon/Sport Utility Vehicle,Taxi,0
17275169,3539005,10/12/2016,18:35,923054,Sedan,BUIC -CAR/SUV,2013.0,1.0,F,,Going Straight Ahead,Right Front Bumper,Right Front Quarter Panel,,,,N,,Failure to Yield Right-of-Way,Unspecified,STATEN ISLAND,10310.0,"(40.630173, -74.11991)",0.0,0.0,0,0,0,0,0,0,Sedan,Sedan,0
16944202,3430429,03/20/2016,17:20,40336,4 dr sedan,HOND -CAR/SUV,2013.0,1.0,F,Licensed,Slowing or Stopping,Center Back End,Center Back End,,,,N,,Unspecified,Unspecified,,,"(40.7244, -73.9818)",0.0,0.0,0,0,0,0,0,0,Station Wagon/Sport Utility Vehicle,4 dr sedan,0
17281056,3508186,08/27/2016,06:05,709878,Taxi,TOYT -CAR/SUV,2012.0,1.0,M,Licensed,Going Straight Ahead,Right Front Bumper,Right Front Bumper,Center Front End,Right Front Quarter Panel,,N,,Driver Inattention/Distraction,Unspecified,QUEENS,11372.0,"(40.754414, -73.87854)",0.0,0.0,0,0,0,0,0,0,Taxi,Sedan,0
17381204,3589464,12/30/2016,11:15,1268461,Station Wagon/Sport Utility Vehicle,MITS -CAR/SUV,2015.0,2.0,F,Licensed,Starting from Parking,Left Front Quarter Panel,Left Front Quarter Panel,Left Front Quarter Panel,No Damage,No Damage,N,,Driver Inattention/Distraction,Failure to Yield Right-of-Way,,,"(40.689228, -73.9847)",0.0,0.0,0,0,0,0,0,0,Station Wagon/Sport Utility Vehicle,Station Wagon/Sport Utility Vehicle,0
17238856,3467850,06/23/2016,11:20,438695,4 dr sedan,LEXS -CAR/SUV,2015.0,1.0,M,Licensed,Going Straight Ahead,Left Front Bumper,Left Front Bumper,Center Front End,,,N,,Unspecified,Unspecified,,,,0.0,0.0,0,0,0,0,0,0,4 dr sedan,4 dr sedan,0
17300074,3508215,08/27/2016,12:02,711991,Pick-up Truck,WS,2009.0,1.0,M,Licensed,Going Straight Ahead,Right Front Quarter Panel,No Damage,No Damage,No Damage,No Damage,N,,Unspecified,Unspecified,MANHATTAN,10013.0,"(40.723976, -74.00831)",0.0,0.0,0,0,0,0,0,0,Taxi,Pick-up Truck,0
17369725,3581181,12/14/2016,21:00,1214648,Sedan,HOND -CAR/SUV,2001.0,2.0,F,Licensed,Making Right Turn,Right Rear Quarter Panel,Right Rear Bumper,No Damage,No Damage,No Damage,N,,Unspecified,Unspecified,QUEENS,11435.0,"(40.70058, -73.80775)",0.0,0.0,0,0,0,0,0,0,Sedan,Sedan,0
16949320,3427890,03/11/2016,16:15,42577,4 dr sedan,NISS -CAR/SUV,2015.0,1.0,M,Licensed,Going Straight Ahead,Center Front End,Right Front Bumper,Right Front Bumper,,,N,,Reaction to Uninvolved Vehicle,Unspecified,,,"(40.725933, -73.90073)",0.0,0.0,0,0,0,0,0,0,4 dr sedan,4 dr sedan,0
17354842,3555035,11/01/2016,19:30,1034326,Station Wagon/Sport Utility Vehicle,JEEP -CAR/SUV,2016.0,1.0,F,Licensed,Going Straight Ahead,Other,Other,No Damage,No Damage,No Damage,N,,Unspecified,Unspecified,,,"(40.803947, -73.928)",0.0,0.0,0,0,0,0,0,0,Station Wagon/Sport Utility Vehicle,,0
16973854,3423377,04/08/2016,10:15,108881,4 dr sedan,SUBA -CAR/SUV,2011.0,1.0,M,Licensed,Going Straight Ahead,Right Front Bumper,Right Front Bumper,Center Front End,Right Front Quarter Panel,,N,,Unspecified,Unspecified,QUEENS,11385.0,,2.0,0.0,0,0,0,0,2,0,4 dr sedan,,1
17145050,3457609,06/06/2016,13:40,365859,4 dr sedan,NISS -CAR/SUV,2014.0,1.0,,,Merging,Left Front Quarter Panel,,,,,N,,Failure to Yield Right-of-Way,Passing Too Closely,MANHATTAN,10027.0,"(40.815155, -73.95784)",0.0,0.0,0,0,0,0,0,0,Station Wagon/Sport Utility Vehicle,4 dr sedan,0
17385665,3552061,11/01/2016,20:15,1013140,Station Wagon/Sport Utility Vehicle,KIA -CAR/SUV,2009.0,0.0,,,Parked,Left Rear Bumper,Left Rear Bumper,Other,Other,Other,N,,Unspecified,Unspecified,STATEN ISLAND,10306.0,"(40.56504, -74.12132)",0.0,0.0,0,0,0,0,0,0,Sedan,Station Wagon/Sport Utility Vehicle,0
17212292,3476819,07/08/2016,12:20,562273,4 dr sedan,TOYT -CAR/SUV,2005.0,1.0,M,Licensed,Going Straight Ahead,Left Front Bumper,Center Front End,Right Front Bumper,Center Front End,,N,,Unspecified,Unspecified,QUEENS,11375.0,"(40.71619, -73.857056)",0.0,0.0,0,0,0,0,0,0,4 dr sedan,4 dr sedan,0
16974139,3412445,04/23/2016,13:05,183186,Taxi,DODG -CAR/SUV,2016.0,1.0,M,Licensed,Going Straight Ahead,Center Front End,Left Front Bumper,Right Front Bumper,,,N,,Following Too Closely,Unspecified,BRONX,10452.0,,0.0,0.0,0,0,0,0,0,0,4 dr sedan,Taxi,0
17045724,3442412,05/11/2016,14:30,260553,Station Wagon/Sport Utility Vehicle,NISS -CAR/SUV,2015.0,1.0,F,Licensed,Going Straight Ahead,Left Front Bumper,Left Front Bumper,,,,Unspecified,,Unspecified,Unspecified,BROOKLYN,11234.0,"(40.616756, -73.93788)",0.0,0.0,0,0,0,0,0,0,Station Wagon/Sport Utility Vehicle,Bike,0
17334808,3560332,11/14/2016,18:40,1069155,Pick-up Truck,FORD -CAR/SUV,2000.0,2.0,M,Licensed,Going Straight Ahead,Center Back End,Center Back End,,,,N,,Unspecified,Unspecified,BROOKLYN,11214.0,"(40.599667, -73.9962)",0.0,0.0,0,0,0,0,0,0,Pick-up Truck,Station Wagon/Sport Utility Vehicle,0
17365650,3558093,11/08/2016,09:15,1041831,Chassis Cab,VOLV -TRUCK/BUS,2014.0,1.0,M,Licensed,Going Straight Ahead,Right Rear Quarter Panel,Right Rear Quarter Panel,,,,N,,Oversized Vehicle,Unspecified,BROOKLYN,11211.0,"(40.707573, -73.957)",0.0,0.0,0,0,0,0,0,0,Chassis Cab,Sedan,0
17045780,3431661,04/23/2016,19:00,199509,4 dr sedan,HOND -CAR/SUV,1997.0,0.0,,,Parked,Right Front Bumper,Right Front Bumper,,,,N,,Unspecified,Unspecified,BRONX,10473.0,"(40.82088, -73.85026)",0.0,0.0,0,0,0,0,0,0,4 dr sedan,,0
17352841,3559547,11/13/2016,13:50,1064958,Taxi,NISS -CAR/SUV,2015.0,1.0,M,Licensed,Going Straight Ahead,Right Rear Bumper,Right Rear Quarter Panel,Right Rear Bumper,,,N,,Unspecified,Unspecified,BROOKLYN,11235.0,"(0.0, 0.0)",0.0,0.0,0,0,0,0,0,0,Taxi,Taxi,0
17188716,3509653,08/26/2016,17:05,708349,Station Wagon/Sport Utility Vehicle,HYUN -CAR/SUV,2009.0,1.0,F,Licensed,Slowing or Stopping,Center Back End,Center Back End,Right Rear Bumper,Left Rear Bumper,,N,,Unspecified,Unspecified,,,"(40.55554, -74.17562)",0.0,0.0,0,0,0,0,0,0,Station Wagon/Sport Utility Vehicle,Station Wagon/Sport Utility Vehicle,0
17332693,3544199,10/19/2016,20:20,959148,Sedan,TOYT -CAR/SUV,2003.0,1.0,M,Licensed,Going Straight Ahead,Left Front Quarter Panel,Left Front Quarter Panel,Left Front Bumper,Other,,N,,Unspecified,Unspecified,BROOKLYN,11229.0,"(40.597263, -73.95101)",1.0,0.0,0,0,1,0,0,0,Sedan,Bike,1
17059453,3445399,05/23/2016,11:30,307468,Beverage Truck,FRHT-TRUCK/BUS,2003.0,1.0,M,Licensed,Backing,Center Back End,No Damage,,,,N,,Backing Unsafely,Unspecified,BROOKLYN,11201.0,"(40.696774, -73.992355)",0.0,0.0,0,0,0,0,0,0,Beverage Truck,4 dr sedan,0
17222838,3542089,10/17/2016,16:00,993369,Sedan,TOYT -CAR/SUV,2016.0,0.0,M,Licensed,Going Straight Ahead,Center Front End,Center Front End,,,,N,,Following Too Closely,Driver Inattention/Distraction,MANHATTAN,10024.0,"(40.78195, -73.97549)",0.0,0.0,0,0,0,0,0,0,Pick-up Truck,Sedan,0
17273040,3499904,08/14/2016,14:15,655620,Sedan,INFI -CAR/SUV,2015.0,0.0,M,Licensed,Backing,Left Rear Bumper,Left Rear Bumper,,,,N,,Backing Unsafely,Backing Unsafely,MANHATTAN,10018.0,"(40.754387, -73.98702)",0.0,0.0,0,0,0,0,0,0,Sedan,Sedan,0
17047793,3445526,05/19/2016,16:30,306057,4 dr sedan,SUZI -CAR/SUV,2000.0,0.0,M,Licensed,Going Straight Ahead,Center Front End,No Damage,No Damage,No Damage,No Damage,N,,Following Too Closely,Following Too Closely,STATEN ISLAND,10301.0,"(40.642048, -74.07533)",0.0,0.0,0,0,0,0,0,0,4 dr sedan,4 dr sedan,0
17195726,3534083,10/03/2016,11:25,887818,Station Wagon/Sport Utility Vehicle,CHEV -CAR/SUV,2002.0,3.0,F,Licensed,Changing Lanes,Left Front Bumper,Left Front Bumper,Left Front Quarter Panel,,,N,,Turning Improperly,Passing or Lane Usage Improper,BRONX,10457.0,"(40.840878, -73.90476)",2.0,0.0,0,0,0,0,2,0,Station Wagon/Sport Utility Vehicle,Sedan,1
17169483,3466656,06/19/2016,17:16,436351,4 dr sedan,ACUR -CAR/SUV,2008.0,1.0,F,Licensed,Going Straight Ahead,Center Back End,Center Back End,Center Front End,No Damage,No Damage,N,,Following Too Closely,Unspecified,,,,0.0,0.0,0,0,0,0,0,0,4 dr sedan,4 dr sedan,0
17358548,3528462,09/27/2016,14:30,853477,Tractor Truck Gasoline,FRHT-TRUCK/BUS,2016.0,1.0,M,Licensed,Going Straight Ahead,Left Front Quarter Panel,Other,Other,Other,Other,N,,Driver Inattention/Distraction,Unspecified,,,"(40.604313, -74.05208)",0.0,0.0,0,0,0,0,0,0,Tractor Truck Gasoline,Station Wagon/Sport Utility Vehicle,0
16956039,3420122,04/07/2016,14:15,133816,4 dr sedan,NISS -CAR/SUV,2000.0,1.0,M,Licensed,Changing Lanes,Left Rear Bumper,Left Rear Bumper,Left Rear Bumper,,,N,,Passing or Lane Usage Improper,Unspecified,BROOKLYN,11216.0,"(40.68851, -73.951195)",0.0,0.0,0,0,0,0,0,0,4 dr sedan,Station Wagon/Sport Utility Vehicle,0
17319418,3520715,09/14/2016,23:00,799518,Taxi,TOYT -CAR/SUV,2014.0,3.0,M,Licensed,Stopped in Traffic,Center Back End,Right Rear Bumper,Right Rear Quarter Panel,,,N,,Unspecified,Unspecified,,,"(40.74701, -73.977196)",2.0,0.0,0,0,0,0,2,0,Taxi,Station Wagon/Sport Utility Vehicle,1
17154806,3456208,06/03/2016,09:10,365480,Box Truck,FORD-TRUCK/BUS,2013.0,1.0,M,Licensed,Parked,Center Front End,Right Front Bumper,,,,N,,Unspecified,Unspecified,,,"(40.66816, -73.94233)",0.0,0.0,0,0,0,0,0,0,Box Truck,,0
17160884,3465065,06/14/2016,18:00,400681,Station Wagon/Sport Utility Vehicle,JEEP -CAR/SUV,2015.0,1.0,F,Licensed,Going Straight Ahead,Right Rear Bumper,Right Rear Bumper,Center Back End,,,N,,Unspecified,Unspecified,,,,1.0,0.0,0,0,0,0,1,0,Station Wagon/Sport Utility Vehicle,2 dr sedan,1
17187522,3478735,07/08/2016,12:15,504575,4 dr sedan,LEXS -CAR/SUV,2009.0,1.0,M,Licensed,Going Straight Ahead,Left Front Bumper,Left Front Bumper,,,,N,,Following Too Closely,Unspecified,STATEN ISLAND,10301.0,"(40.642048, -74.07533)",1.0,0.0,0,0,0,0,1,0,Station Wagon/Sport Utility Vehicle,4 dr sedan,1
17383918,3558209,11/05/2016,08:10,1055295,Pick-up Truck,CHEV -CAR/SUV,2015.0,1.0,M,Licensed,Slowing or Stopping,Left Rear Bumper,Left Rear Bumper,Left Rear Quarter Panel,,,N,,Unspecified,Unspecified,QUEENS,11361.0,"(40.761993, -73.75849)",0.0,0.0,0,0,0,0,0,0,Pick-up Truck,Station Wagon/Sport Utility Vehicle,0
17398042,3559864,11/11/2016,08:45,1064516,Pick-up Truck,CHEV -CAR/SUV,,,,,Entering Parked Position,Right Rear Bumper,Center Back End,Right Rear Bumper,Center Back End,,N,,Backing Unsafely,Unspecified,MANHATTAN,10019.0,"(40.76142, -73.984055)",1.0,0.0,1,0,0,0,0,0,Pick-up Truck,,1
17199274,3485472,07/22/2016,10:00,548470,4 dr sedan,HOND -CAR/SUV,2010.0,1.0,M,Licensed,Going Straight Ahead,Center Front End,Center Front End,Left Front Bumper,Right Front Bumper,No Damage,N,,Unspecified,Unspecified,BRONX,10460.0,"(40.842064, -73.87609)",1.0,0.0,0,0,0,0,1,0,4 dr sedan,Station Wagon/Sport Utility Vehicle,1
17303059,3487833,07/23/2016,14:00,555263,4 dr sedan,MERZ -CAR/SUV,2001.0,0.0,,,Parked,Right Rear Bumper,Right Rear Bumper,,,,N,,Unspecified,Unspecified,QUEENS,11102.0,"(40.774155, -73.92858)",0.0,0.0,0,0,0,0,0,0,4 dr sedan,4 dr sedan,0
17393833,3501943,08/16/2016,16:45,663752,Sedan,NISS -CAR/SUV,2014.0,1.0,F,Licensed,Stopped in Traffic,Center Back End,Center Back End,No Damage,No Damage,No Damage,N,,Unspecified,Unspecified,QUEENS,11422.0,"(40.665257, -73.739555)",0.0,0.0,0,0,0,0,0,0,Sedan,Sedan,0
17052192,3445023,05/15/2016,16:00,283881,Station Wagon/Sport Utility Vehicle,FORD -CAR/SUV,2003.0,4.0,M,Licensed,Slowing or Stopping,Center Back End,Center Back End,,,,N,,Unspecified,Unspecified,,,"(40.61591, -74.04011)",3.0,0.0,0,0,0,0,3,0,Station Wagon/Sport Utility Vehicle,Station Wagon/Sport Utility Vehicle,1
17179738,3456562,06/03/2016,17:00,363279,Station Wagon/Sport Utility Vehicle,SUBA -CAR/SUV,2011.0,0.0,,,Parked,Right Front Quarter Panel,Right Front Quarter Panel,Right Front Bumper,,,N,,Unspecified,Unspecified,QUEENS,11373.0,,0.0,0.0,0,0,0,0,0,0,Station Wagon/Sport Utility Vehicle,,0
17062291,3447476,05/19/2016,19:00,303685,Sedan,LEXS -CAR/SUV,2013.0,1.0,M,Licensed,Going Straight Ahead,Left Front Bumper,Left Front Bumper,,,,N,,Following Too Closely,Driver Inexperience,MANHATTAN,10013.0,"(40.721462, -74.009926)",0.0,0.0,0,0,0,0,0,0,Sedan,Station Wagon/Sport Utility Vehicle,0
17422921,3564635,11/21/2016,08:00,1098814,Convertible,TOYT -CAR/SUV,2014.0,1.0,F,Licensed,Going Straight Ahead,Right Front Quarter Panel,Right Front Quarter Panel,Right Front Bumper,,,N,,Unspecified,Unspecified,QUEENS,11429.0,"(40.716145, -73.73118)",1.0,0.0,0,0,0,0,1,0,Sedan,Convertible,1
17204077,3500400,08/04/2016,15:55,654801,Sedan,TOYT -CAR/SUV,2000.0,1.0,M,Licensed,Going Straight Ahead,Center Front End,Center Front End,Left Front Bumper,Center Back End,Left Rear Bumper,N,,Following Too Closely,Driver Inexperience,BROOKLYN,11217.0,"(40.679142, -73.974846)",1.0,0.0,0,0,0,0,1,0,Station Wagon/Sport Utility Vehicle,Station Wagon/Sport Utility Vehicle,1
17371570,3563969,11/18/2016,09:23,1096201,Bus,FORD-TRUCK/BUS,2009.0,1.0,M,Licensed,Going Straight Ahead,Right Side Doors,Right Front Quarter Panel,No Damage,No Damage,No Damage,N,,Unspecified,Unspecified,MANHATTAN,10006.0,"(40.70822, -74.01439)",0.0,0.0,0,0,0,0,0,0,Bus,,0
17359155,3516757,09/08/2016,16:45,765582,Station Wagon/Sport Utility Vehicle,DODG -CAR/SUV,2009.0,1.0,M,Licensed,Going Straight Ahead,Center Front End,Left Front Bumper,Right Front Bumper,,,N,,Following Too Closely,Driver Inattention/Distraction,,,"(40.76816, -73.90544)",0.0,0.0,0,0,0,0,0,0,Station Wagon/Sport Utility Vehicle,Station Wagon/Sport Utility Vehicle,0
17379677,3588359,12/27/2016,17:15,1261474,Sedan,INFI -CAR/SUV,2008.0,0.0,,,Parked,Left Front Bumper,No Damage,No Damage,No Damage,No Damage,N,,Unspecified,Unspecified,BROOKLYN,11201.0,"(40.690468, -73.9879)",0.0,0.0,0,0,0,0,0,0,Van,Sedan,0
17205278,3466172,06/06/2016,08:00,423163,Pick-up Truck,GMC -CAR/SUV,2008.0,1.0,M,Licensed,Starting from Parking,Right Side Doors,Right Side Doors,,,,N,,Driver Inattention/Distraction,Unspecified,QUEENS,11366.0,"(40.72976, -73.79469)",0.0,0.0,0,0,0,0,0,0,4 dr sedan,Pick-up Truck,0
17166813,3553885,11/03/2016,14:30,1020716,Sedan,CADI -CAR/SUV,2009.0,0.0,M,Licensed,Stopped in Traffic,Center Back End,Center Back End,Center Back End,Center Back End,Center Back End,N,,Unspecified,Unspecified,MANHATTAN,10026.0,"(40.798832, -73.95203)",0.0,0.0,0,0,0,0,0,0,Sedan,Station Wagon/Sport Utility Vehicle,0
17192428,3492964,08/02/2016,08:20,596176,Station Wagon/Sport Utility Vehicle,FORD -CAR/SUV,2007.0,0.0,,,Parked,Left Rear Bumper,Left Rear Quarter Panel,Left Front Bumper,Left Side Doors,No Damage,N,,Unspecified,Unspecified,BROOKLYN,11206.0,"(40.693703, -73.94408)",0.0,0.0,0,0,0,0,0,0,Sedan,Station Wagon/Sport Utility Vehicle,0
17371815,3539513,10/13/2016,17:37,927272,Sedan,HOND -CAR/SUV,2006.0,1.0,M,Licensed,Going Straight Ahead,Right Side Doors,Right Side Doors,Right Front Bumper,Right Front Quarter Panel,Right Rear Quarter Panel,N,,Turning Improperly,Turning Improperly,QUEENS,11365.0,"(40.739216, -73.78085)",1.0,0.0,0,0,0,0,1,0,Sedan,Sedan,1
17336075,3470981,06/29/2016,11:57,462714,4 dr sedan,HYUN -CAR/SUV,2017.0,4.0,M,Licensed,Making Left Turn,Left Rear Quarter Panel,Left Rear Quarter Panel,,,,N,,Turning Improperly,Unspecified,,,,0.0,0.0,0,0,0,0,0,0,4 dr sedan,Station Wagon/Sport Utility Vehicle,0
17159632,3531842,09/30/2016,18:47,868057,Sedan,LEXS -CAR/SUV,2006.0,1.0,M,Licensed,Going Straight Ahead,Center Front End,No Damage,No Damage,No Damage,No Damage,N,,Driver Inattention/Distraction,Unspecified,MANHATTAN,10026.0,"(40.79825, -73.950615)",0.0,0.0,0,0,0,0,0,0,Taxi,Sedan,0
17280459,3561524,11/15/2016,12:11,1077272,Sedan,TOYT -CAR/SUV,2015.0,1.0,M,Licensed,Parked,Left Side Doors,Left Side Doors,No Damage,No Damage,No Damage,N,,Driver Inattention/Distraction,Unspecified,BROOKLYN,11237.0,"(40.703434, -73.91474)",0.0,0.0,0,0,0,0,0,0,Sedan,Station Wagon/Sport Utility Vehicle,0
17395207,3577873,11/30/2016,17:55,1179828,Sedan,NISS -CAR/SUV,2012.0,2.0,M,Licensed,Going Straight Ahead,Center Back End,Center Back End,,,,N,,Driver Inattention/Distraction,Driver Inattention/Distraction,BRONX,10466.0,"(40.894314, -73.86027)",1.0,0.0,0,0,0,0,1,0,Sedan,Pick-up Truck,1
17307543,3509942,08/22/2016,11:10,723255,Pick-up Truck,FORD -CAR/SUV,2007.0,2.0,M,Licensed,Going Straight Ahead,No Damage,No Damage,No Damage,No Damage,No Damage,N,,Unspecified,Unspecified,BROOKLYN,11203.0,"(40.634884, -73.93343)",1.0,0.0,0,0,0,0,1,0,Pick-up Truck,Sedan,1
17064717,3432388,04/23/2016,16:40,201432,4 dr sedan,TOYT -CAR/SUV,2015.0,3.0,M,Licensed,Going Straight Ahead,Left Rear Bumper,Center Back End,Left Rear Quarter Panel,,,N,,Unspecified,Unspecified,,,,0.0,0.0,0,0,0,0,0,0,4 dr sedan,2 dr sedan,0
17148135,4023396,05/29/2016,12:20,401805,Ambulance,FORD-TRUCK/BUS,2013.0,2.0,M,Licensed,Going Straight Ahead,Left Front Bumper,Left Front Bumper,,,,N,,Unspecified,Unspecified,MANHATTAN,10009.0,"(40.723743, -73.98524)",0.0,0.0,0,0,0,0,0,0,Ambulance,Van,0
17247741,3492547,07/29/2016,20:30,582693,Station Wagon/Sport Utility Vehicle,HOND -CAR/SUV,2010.0,1.0,M,Licensed,Parked,Left Front Quarter Panel,Left Side Doors,Left Side Doors,,,N,,Unspecified,Unspecified,QUEENS,11372.0,"(40.748604, -73.89266)",0.0,0.0,0,0,0,0,0,0,Station Wagon/Sport Utility Vehicle,,0
17038266,3447684,05/26/2016,12:30,321177,Pick-up Truck,FORD -CAR/SUV,2014.0,1.0,M,Licensed,Stopped in Traffic,Left Rear Bumper,No Damage,No Damage,No Damage,No Damage,N,,Unspecified,Unspecified,MANHATTAN,10002.0,"(40.71671, -73.98917)",0.0,0.0,0,0,0,0,0,0,Pick-up Truck,4 dr sedan,0