UNIQUE_ID,COLLISION_ID,CRASH_DATE,CRASH_TIME,VEHICLE_ID,VEHICLE_TYPE,VEHICLE_MAKE,VEHICLE_YEAR,VEHICLE_OCCUPANTS,DRIVER_SEX,DRIVER_LICENSE_STATUS,PRE_CRASH,POINT_OF_IMPACT,VEHICLE_DAMAGE,VEHICLE_DAMAGE_1,VEHICLE_DAMAGE_2,VEHICLE_DAMAGE_3,PUBLIC_PROPERTY_DAMAGE,PUBLIC_PROPERTY_DAMAGE_TYPE,CONTRIBUTING_FACTOR_1,CONTRIBUTING_FACTOR_2,BOROUGH,ZIP CODE,LOCATION,NUMBER OF PERSONS INJURED,NUMBER OF PERSONS KILLED,NUMBER OF PEDESTRIANS INJURED,NUMBER OF PEDESTRIANS KILLED,NUMBER OF CYCLIST INJURED,NUMBER OF CYCLIST KILLED,NUMBER OF MOTORIST INJURED,NUMBER OF MOTORIST KILLED,VEHICLE TYPE CODE 1,VEHICLE TYPE CODE 2,Severity
17410466,3512304,09/02/2016,08:50,738463,Station Wagon/Sport Utility Vehicle,FREIG,2010.0,0.0,,,Parked,Left Rear Quarter Panel,Left Rear Quarter Panel,,,,N,,Unspecified,Unspecified,QUEENS,11354.0,"(40.772663, -73.845245)",0.0,0.0,0,0,0,0,0,0,Station Wagon/Sport Utility Vehicle,Station Wagon/Sport Utility Vehicle,0
17279203,3488947,07/26/2016,14:50,564296,Station Wagon/Sport Utility Vehicle,TOYT -CAR/SUV,2013.0,0.0,,,Parked,Left Rear Quarter Panel,Left Rear Quarter Panel,,,,N,,Unspecified,Unspecified,QUEENS,11385.0,"(40.706585, -73.897)",0.0,0.0,0,0,0,0,0,0,Station Wagon/Sport Utility Vehicle,,0
17354282,3525672,09/23/2016,14:25,834247,Sedan,MERC -CAR/SUV,2003.0,1.0,F,,Backing,Right Rear Bumper,Right Rear Bumper,,,,Unspecified,,Backing Unsafely,Unspecified,,,"(40.58524, -74.08807)",0.0,0.0,0,0,0,0,0,0,Sedan,Sedan,0
17061572,3442700,05/10/2016,06:30,278103,Station Wagon/Sport Utility Vehicle,CHEV -CAR/SUV,2002.0,1.0,M,Licensed,Going Straight Ahead,Center Front End,Center Front End,,,,N,,Unspecified,Unspecified,,,"(40.74121, -73.83737)",0.0,0.0,0,0,0,0,0,0,4 dr sedan,Station Wagon/Sport Utility Vehicle,0
17411524,3569723,11/28/2016,15:30,1128539,Sedan,VOLK -CAR/SUV,2008.0,0.0,F,Licensed,Parked,Left Side Doors,Left Side Doors,Left Rear Quarter Panel,Left Front Quarter Panel,,N,,Unspecified,Unspecified,QUEENS,11106.0,"(40.760754, -73.92416)",0.0,0.0,0,0,0,0,0,0,Sedan,,0
17238272,3495558,08/07/2016,19:50,622312,Van,CHEV-TRUCK/BUS,2000.0,1.0,M,Licensed,Backing,Center Back End,Center Back End,No Damage,No Damage,No Damage,N,,Backing Unsafely,Unspecified,BRONX,10456.0,"(40.829002, -73.91557)",0.0,0.0,0,0,0,0,0,0,Sedan,Van,0
17225221,3568319,11/27/2016,13:15,1122853,Station Wagon/Sport Utility Vehicle,BMW -CAR/SUV,2014.0,1.0,,,Going Straight Ahead,Center Front End,Center Front End,Left Front Bumper,Right Front Bumper,No Damage,N,,Unspecified,Unspecified,,,,0.0,0.0,0,0,0,0,0,0,Station Wagon/Sport Utility Vehicle,Station Wagon/Sport Utility Vehicle,0
17034472,3439767,05/05/2016,08:15,258667,Pick-up Truck,FORD -CAR/SUV,2008.0,2.0,M,Licensed,Going Straight Ahead,Right Front Quarter Panel,Right Front Quarter Panel,,,,N,,Unspecified,Unspecified,MANHATTAN,10029.0,,0.0,0.0,0,0,0,0,0,0,Pick-up Truck,Bus,0
17064458,3446509,05/26/2016,14:45,321871,4 dr sedan,HYUN -CAR/SUV,2014.0,1.0,M,Licensed,Stopped in Traffic,Center Back End,Center Back End,Right Rear Bumper,,,N,,Unspecified,Unspecified,,,"(40.594902, -74.14273)",0.0,0.0,0,0,0,0,0,0,4 dr sedan,4 dr sedan,0
17268840,3501328,08/09/2016,13:33,659838,Station Wagon/Sport Utility Vehicle,CHRY -CAR/SUV,2012.0,1.0,M,Licensed,Going Straight Ahead,Left Front Bumper,Left Front Bumper,Center Front End,Right Front Bumper,,N,,Unspecified,Unspecified,,,"(40.741447, -73.84603)",0.0,0.0,0,0,0,0,0,0,Sedan,Station Wagon/Sport Utility Vehicle,0
17276724,3515958,09/09/2016,07:30,769802,Sedan,TOYT -CAR/SUV,2004.0,,,,Going Straight Ahead,Right Front Quarter Panel,Right Side Doors,,,,Unspecified,,Passing Too Closely,Passing Too Closely,BRONX,10452.0,"(40.83005, -73.922424)",0.0,0.0,0,0,0,0,0,0,Bus,Sedan,0
17349457,3564835,11/21/2016,01:00,1097824,Sedan,ACUR -CAR/SUV,2002.0,1.0,M,Licensed,Going Straight Ahead,Center Front End,Center Front End,No Damage,No Damage,No Damage,N,,Alcohol Involvement,Unspecified,,,"(40.636074, -74.00896)",0.0,0.0,0,0,0,0,0,0,Station Wagon/Sport Utility Vehicle,Sedan,0
17043905,3442955,05/16/2016,17:25,282782,Station Wagon/Sport Utility Vehicle,ACUR -CAR/SUV,2006.0,3.0,M,Licensed,Changing Lanes,Right Rear Quarter Panel,Right Rear Quarter Panel,,,,N,,View Obstructed/Limited,Driver Inattention/Distraction,MANHATTAN,10038.0,,0.0,0.0,0,0,0,0,0,0,Station Wagon/Sport Utility Vehicle,4 dr sedan,0
17037095,3429898,04/27/2016,12:15,195966,4 dr sedan,FORD -CAR/SUV,2013.0,2.0,F,Licensed,Going Straight Ahead,Left Front Quarter Panel,Left Front Quarter Panel,Left Side Doors,,,N,,Failure to Keep Right,Unspecified,STATEN ISLAND,10304.0,,0.0,0.0,0,0,0,0,0,0,4 dr sedan,4 dr sedan,0
17352739,3578235,12/09/2016,03:05,1189791,Taxi,TOYT -CAR/SUV,2015.0,1.0,M,Licensed,Going Straight Ahead,Right Side Doors,Right Side Doors,,,,N,,Passing or Lane Usage Improper,Unspecified,MANHATTAN,10011.0,"(40.74581, -74.00554)",2.0,0.0,0,0,0,0,2,0,Taxi,Taxi,1
17326406,3508659,08/26/2016,17:00,713256,Station Wagon/Sport Utility Vehicle,HOND -CAR/SUV,2014.0,1.0,M,Licensed,Merging,Left Front Quarter Panel,Left Front Quarter Panel,Left Side Doors,Left Rear Quarter Panel,,N,,Passing or Lane Usage Improper,Unspecified,,,,0.0,0.0,0,0,0,0,0,0,Station Wagon/Sport Utility Vehicle,Station Wagon/Sport Utility Vehicle,0
17181564,3456574,06/04/2016,12:00,360600,Station Wagon/Sport Utility Vehicle,TOYT -CAR/SUV,2015.0,5.0,F,Unlicensed,Slowing or Stopping,Center Back End,Center Back End,Right Rear Bumper,Left Rear Bumper,,N,,Driver Inattention/Distraction,Driver Inexperience,QUEENS,11368.0,"(40.74593, -73.8563)",0.0,0.0,0,0,0,0,0,0,Station Wagon/Sport Utility Vehicle,Box Truck,0
17254502,3498758,08/11/2016,13:24,644709,Sedan,AUDI -CAR/SUV,2016.0,1.0,M,Licensed,Merging,Left Front Bumper,Left Front Bumper,No Damage,No Damage,No Damage,N,,Unsafe Lane Changing,Passing Too Closely,,,,0.0,0.0,0,0,0,0,0,0,Sedan,Sedan,0
17353790,3531967,10/02/2016,16:38,876824,Sedan,VOLK -CAR/SUV,2004.0,0.0,,,Parked,Right Rear Quarter Panel,Right Rear Quarter Panel,Right Rear Bumper,,,N,,Unspecified,Unspecified,QUEENS,11385.0,"(40.700474, -73.8897)",0.0,0.0,0,0,0,0,0,0,Sedan,,0
17316224,3533855,09/30/2016,17:30,886514,Station Wagon/Sport Utility Vehicle,CADI -CAR/SUV,2007.0,1.0,M,Licensed,Going Straight Ahead,Center Back End,Center Back End,No Damage,No Damage,No Damage,N,,Unspecified,Unspecified,,,"(40.87356, -73.81853)",0.0,0.0,0,0,0,0,0,0,Station Wagon/Sport Utility Vehicle,Station Wagon/Sport Utility Vehicle,0
17394034,3540619,10/16/2016,00:35,937016,Station Wagon/Sport Utility Vehicle,TOYT -CAR/SUV,2012.0,1.0,M,Licensed,Going Straight Ahead,Right Front Bumper,Right Front Bumper,Right Front Quarter Panel,,,N,,Driver Inattention/Distraction,Unspecified,QUEENS,11377.0,"(40.741863, -73.90751)",0.0,0.0,0,0,0,0,0,0,Station Wagon/Sport Utility Vehicle,Sedan,0
17258117,3520321,09/14/2016,18:45,794041,Sedan,TOYT -CAR/SUV,2011.0,1.0,F,Licensed,Making Left Turn,Right Rear Bumper,Right Rear Bumper,,,,N,,Unspecified,Unspecified,,,"(40.73599, -73.98946)",0.0,0.0,0,0,0,0,0,0,Sedan,Station Wagon/Sport Utility Vehicle,0
17284925,3523056,09/16/2016,09:25,809664,Sedan,HOND -CAR/SUV,2014.0,1.0,M,Licensed,Making Left Turn,Right Front Bumper,Right Front Bumper,,,,N,,Failure to Yield Right-of-Way,Passing or Lane Usage Improper,MANHATTAN,10018.0,"(40.759514, -73.99926)",0.0,0.0,0,0,0,0,0,0,Bus,Sedan,0
17338697,3522623,09/16/2016,17:30,803357,Station Wagon/Sport Utility Vehicle,TOYT -CAR/SUV,2007.0,1.0,F,Licensed,Going Straight Ahead,Center Back End,Left Rear Bumper,No Damage,No Damage,No Damage,N,,Unspecified,Unspecified,QUEENS,11385.0,"(40.71062, -73.85967)",0.0,0.0,0,0,0,0,0,0,Sedan,Station Wagon/Sport Utility Vehicle,0
16940760,3409156,03/25/2016,16:18,49236,Station Wagon/Sport Utility Vehicle,FORD -CAR/SUV,2009.0,1.0,U,,,,,,,,N,,,,MANHATTAN,10024.0,,0.0,0.0,0,0,0,0,0,0,Taxi,Station Wagon/Sport Utility Vehicle,0
17389704,3589821,12/30/2016,16:45,1270666,Sedan,HOND -CAR/SUV,2016.0,1.0,M,Licensed,Changing Lanes,Left Front Bumper,Left Front Bumper,No Damage,No Damage,No Damage,N,,Driver Inattention/Distraction,Unspecified,MANHATTAN,10018.0,"(40.756527, -73.994026)",0.0,0.0,0,0,0,0,0,0,Sedan,Sedan,0
17051088,3435278,04/04/2016,15:00,229612,4 dr sedan,HOND -CAR/SUV,2005.0,0.0,,,Parked,Left Rear Quarter Panel,Left Rear Bumper,Center Back End,,,N,,Unspecified,Unspecified,QUEENS,11433.0,,0.0,0.0,0,0,0,0,0,0,4 dr sedan,Tractor Truck Diesel,0
17225147,3516179,09/08/2016,19:20,765974,Sedan,HOND -CAR/SUV,2017.0,1.0,M,Licensed,Parked,Left Side Doors,Left Side Doors,Left Front Quarter Panel,No Damage,No Damage,N,,Driver Inattention/Distraction,Passing or Lane Usage Improper,,,"(40.699295, -73.9543)",0.0,0.0,0,0,0,0,0,0,Sedan,Garbage or Refuse,0
16936624,3428191,03/16/2016,14:51,8390,4 dr sedan,NUJAN,2008.0,1.0,F,Licensed,Going Straight Ahead,Center Front End,Center Front End,Other,Other,Other,N,,Unspecified,Unspecified,QUEENS,11434.0,,0.0,0.0,0,0,0,0,0,0,Sedan,4 dr sedan,0
17344144,3552884,11/02/2016,06:27,1018424,Sedan,BMW -CAR/SUV,2008.0,1.0,M,Licensed,Going Straight Ahead,Left Front Bumper,Left Front Bumper,Center Front End,Left Front Quarter Panel,,N,,Unspecified,Unspecified,BROOKLYN,11223.0,"(40.592766, -73.96971)",1.0,0.0,0,0,0,0,1,0,Sedan,Sedan,1
17264640,3530392,09/30/2016,03:44,868138,Station Wagon/Sport Utility Vehicle,TOYT -CAR/SUV,2016.0,0.0,,,Parked,Right Front Quarter Panel,Right Front Quarter Panel,,,,N,,Unspecified,Unspecified,MANHATTAN,10013.0,"(40.71614, -74.00261)",0.0,0.0,0,0,0,0,0,0,Station Wagon/Sport Utility Vehicle,,0
17031693,3436119,04/23/2016,12:50,221358,Dump,KW-TRUCK/BUS,2005.0,1.0,M,Licensed,Backing,Center Back End,No Damage,,,,N,,Backing Unsafely,Unspecified,MANHATTAN,10035.0,,0.0,0.0,0,0,0,0,0,0,Dump,Station Wagon/Sport Utility Vehicle,0
17322252,3508099,08/26/2016,14:00,707171,Station Wagon/Sport Utility Vehicle,HOND -CAR/SUV,2015.0,0.0,M,Licensed,Going Straight Ahead,Right Rear Bumper,Right Rear Bumper,,,,N,,Unspecified,Unspecified,,,"(40.745384, -73.76879)",0.0,0.0,0,0,0,0,0,0,Sedan,Station Wagon/Sport Utility Vehicle,0
17056833,3441270,05/12/2016,16:00,268279,Station Wagon/Sport Utility Vehicle,CHEV -CAR/SUV,2004.0,0.0,,,Parked,Left Rear Quarter Panel,Left Rear Quarter Panel,,,,N,,Unspecified,Unspecified,QUEENS,11432.0,"(40.70519, -73.800064)",0.0,0.0,0,0,0,0,0,0,Station Wagon/Sport Utility Vehicle,,0
17240099,3533958,10/03/2016,11:15,884319,Sedan,TOYT -CAR/SUV,2007.0,0.0,,,Parked,Left Front Quarter Panel,Left Front Quarter Panel,,,,N,,Unspecified,Unspecified,BROOKLYN,11213.0,"(40.675793, -73.94438)",0.0,0.0,0,0,0,0,0,0,Sedan,,0
17358808,3564470,11/19/2016,21:00,1093392,Station Wagon/Sport Utility Vehicle,JEEP -CAR/SUV,2015.0,1.0,F,Licensed,Going Straight Ahead,Center Front End,Left Front Bumper,Center Front End,,,N,,Unspecified,Unspecified,,,"(40.597782, -73.94791)",0.0,0.0,0,0,0,0,0,0,Station Wagon/Sport Utility Vehicle,Sedan,0
17415958,3535316,10/05/2016,17:00,891333,Sedan,CHEV -CAR/SUV,2012.0,1.0,M,Licensed,Merging,Center Front End,Center Front End,Right Front Bumper,Left Front Bumper,,N,,Following Too Closely,Unspecified,,,"(40.711033, -73.7281)",1.0,0.0,0,0,0,0,1,0,Sedan,Station Wagon/Sport Utility Vehicle,1
17365548,3562720,11/17/2016,14:15,42a17355-caa1-4a4a-9988-96426b1b6a14,Sedan,TOYT -CAR/SUV,2003.0,1.0,M,,Going Straight Ahead,Right Rear Bumper,Right Rear Quarter Panel,Right Side Doors,,,N,,Unspecified,Unspecified,BRONX,10454.0,"(40.806164, -73.909134)",0.0,0.0,0,0,0,0,0,0,Sedan,Station Wagon/Sport Utility Vehicle,0
16976370,3431469,04/22/2016,19:20,182190,Station Wagon/Sport Utility Vehicle,CHEV -CAR/SUV,1997.0,5.0,F,Licensed,Going Straight Ahead,Right Front Bumper,Center Front End,Right Front Bumper,No Damage,No Damage,Unspecified,,Unspecified,Unspecified,,,,0.0,0.0,0,0,0,0,0,0,Station Wagon/Sport Utility Vehicle,,0
16978778,3413458,04/19/2016,12:00,160944,Box Truck,FRHT-TRUCK/BUS,2007.0,1.0,M,Licensed,Going Straight Ahead,Center Back End,No Damage,No Damage,No Damage,No Damage,N,,Unspecified,Unspecified,,,,1.0,0.0,0,0,1,0,0,0,Box Truck,Bike,1
17256118,3526851,09/23/2016,08:55,832119,Sedan,TOYT -CAR/SUV,2009.0,1.0,M,Licensed,Making Left Turn,Right Front Bumper,Right Front Bumper,,,,N,,Glare,Unspecified,STATEN ISLAND,10304.0,"(40.618492, -74.07557)",1.0,0.0,1,0,0,0,0,0,Sedan,,1
17157626,3454466,06/02/2016,10:00,349771,4 dr sedan,HOND -CAR/SUV,2007.0,1.0,M,Licensed,Backing,Left Rear Bumper,Left Rear Quarter Panel,,,,N,,Backing Unsafely,Unspecified,BRONX,10458.0,"(40.860733, -73.88954)",0.0,0.0,0,0,0,0,0,0,4 dr sedan,2 dr sedan,0
16978061,3430269,04/18/2016,16:15,157063,Sedan,MAZD -CAR/SUV,2016.0,1.0,M,Licensed,Going Straight Ahead,Right Front Bumper,Right Front Bumper,Center Back End,,,N,,Following Too Closely,Unspecified,,,,0.0,0.0,0,0,0,0,0,0,4 dr sedan,Station Wagon/Sport Utility Vehicle,0
17318148,3568261,11/26/2016,18:30,1123889,Taxi,NISS -CAR/SUV,2015.0,1.0,M,Licensed,Going Straight Ahead,Right Front Bumper,Right Front Bumper,,,,N,,Driver Inattention/Distraction,Unspecified,,,"(40.73201, -73.98203)",1.0,0.0,0,0,1,0,0,0,Taxi,Bike,1
17313021,3510468,08/28/2016,05:05,727958,Sedan,ACUR -CAR/SUV,2016.0,1.0,M,,Going Straight Ahead,Right Front Bumper,Center Front End,Left Front Quarter Panel,Left Rear Quarter Panel,Right Front Quarter Panel,N,,Other Vehicular,Other Vehicular,BRONX,10472.0,"(40.834766, -73.86995)",1.0,0.0,0,0,0,0,1,0,Sedan,Station Wagon/Sport Utility Vehicle,1
17186701,3474743,07/06/2016,14:10,488917,Taxi,FORD -CAR/SUV,2013.0,4.0,F,Licensed,Stopped in Traffic,Center Back End,Center Back End,,,,N,,Unspecified,Unspecified,MANHATTAN,10016.0,"(40.744064, -73.987755)",0.0,0.0,0,0,0,0,0,0,Taxi,Station Wagon/Sport Utility Vehicle,0
16964309,3413915,04/14/2016,12:00,137049,Sedan,MITS -CAR/SUV,2004.0,1.0,M,Licensed,Going Straight Ahead,Right Front Bumper,Right Front Quarter Panel,Right Side Doors,,,N,,Unspecified,,BRONX,10469.0,,0.0,0.0,0,0,0,0,0,0,Sedan,Station Wagon/Sport Utility Vehicle,0
17299616,3460902,06/13/2016,17:00,396078,4 dr sedan,PORS -CAR/SUV,2006.0,1.0,,,Parked,Left Side Doors,No Damage,No Damage,No Damage,No Damage,N,,Unspecified,Unspecified,QUEENS,11354.0,"(40.76134, -73.83104)",0.0,0.0,0,0,0,0,0,0,4 dr sedan,4 dr sedan,0
17422155,3575118,12/07/2016,12:33,1169720,Sedan,HOND -CAR/SUV,2016.0,1.0,F,Licensed,Changing Lanes,Right Front Bumper,Right Front Bumper,Right Front Quarter Panel,,,N,,Passing or Lane Usage Improper,Unspecified,BROOKLYN,11207.0,"(40.676952, -73.888596)",0.0,0.0,0,0,0,0,0,0,Station Wagon/Sport Utility Vehicle,Sedan,0
17227890,3485393,07/21/2016,12:30,548350,4 dr sedan,TOYT -CAR/SUV,2014.0,1.0,M,Licensed,Going Straight Ahead,Center Back End,Center Back End,Undercarriage,,,N,,Unspecified,Unspecified,,,,0.0,0.0,0,0,0,0,0,0,Pick-up Truck,Station Wagon/Sport Utility Vehicle,0
17055022,3439669,05/10/2016,18:10,256628,Tractor Truck Diesel,FRHT-TRUCK/BUS,2006.0,1.0,M,Licensed,Making Right Turn,Left Rear Bumper,Left Rear Bumper,,,,N,,Unspecified,Unspecified,,,"(40.72225, -74.00592)",0.0,0.0,0,0,0,0,0,0,Tractor Truck Diesel,Tractor Truck Diesel,0
17224454,3471352,06/27/2016,14:30,455396,Bus,STARC,2010.0,5.0,M,Licensed,Making Right Turn,Right Rear Quarter Panel,Right Rear Quarter Panel,No Damage,No Damage,No Damage,N,,Turning Improperly,Passing Too Closely,BRONX,10475.0,,0.0,0.0,0,0,0,0,0,0,Bus,Bus,0
17042450,3450200,05/28/2016,16:05,330855,Station Wagon/Sport Utility Vehicle,MERZ -CAR/SUV,2010.0,0.0,,,Parked,Left Front Quarter Panel,Left Side Doors,Right Rear Quarter Panel,Left Rear Bumper,,N,,Unspecified,Unspecified,BROOKLYN,11236.0,"(40.63787, -73.90963)",0.0,0.0,0,0,0,0,0,0,Pick-up Truck,Station Wagon/Sport Utility Vehicle,0
17207939,3477021,07/09/2016,14:40,500258,4 dr sedan,NISS -CAR/SUV,2003.0,1.0,,,Starting from Parking,No Damage,No Damage,,,,N,,Failure to Yield Right-of-Way,Unspecified,BROOKLYN,11209.0,"(40.632156, -74.02751)",0.0,0.0,0,0,0,0,0,0,4 dr sedan,,0
17253446,3537857,10/10/2016,23:30,913705,Sedan,FORD -CAR/SUV,1996.0,2.0,,,Making Left Turn,Left Front Bumper,Left Front Bumper,,,,N,,Turning Improperly,Failure to Yield Right-of-Way,BROOKLYN,11221.0,"(40.69579, -73.93313)",0.0,0.0,0,0,0,0,0,0,Sedan,Sedan,0
17297759,3534531,10/05/2016,11:00,889842,Station Wagon/Sport Utility Vehicle,HOND -CAR/SUV,2017.0,1.0,M,Licensed,Going Straight Ahead,Right Front Bumper,Right Front Bumper,Right Front Quarter Panel,,,N,,Unspecified,Unspecified,BROOKLYN,11204.0,,0.0,0.0,0,0,0,0,0,0,Station Wagon/Sport Utility Vehicle,Sedan,0
16943449,3429969,03/21/2016,15:50,22915,4 dr sedan,CHRY -CAR/SUV,2005.0,1.0,M,Licensed,Going Straight Ahead,Right Side Doors,Right Side Doors,,,,N,,Driver Inattention/Distraction,Unspecified,,,"(40.625816, -74.16173)",0.0,0.0,0,0,0,0,0,0,Station Wagon/Sport Utility Vehicle,4 dr sedan,0
17176942,3456902,06/04/2016,13:55,365081,2 dr sedan,SMRT -CAR/SUV,2015.0,1.0,M,Licensed,Going Straight Ahead,Center Front End,Right Front Bumper,Left Front Bumper,,,N,,Reaction to Uninvolved Vehicle,Unspecified,BROOKLYN,11223.0,"(40.595627, -73.97342)",1.0,0.0,0,0,0,0,1,0,2 dr sedan,4 dr sedan,1
17314596,3538797,10/12/2016,00:00,921207,Sedan,TOYT -CAR/SUV,2007.0,1.0,M,,Going Straight Ahead,Left Side Doors,Left Side Doors,Left Rear Quarter Panel,Right Rear Bumper,Center Back End,N,,Unspecified,Unspecified,BROOKLYN,11204.0,"(40.62395, -73.98889)",2.0,0.0,0,0,0,0,2,0,Sedan,Station Wagon/Sport Utility Vehicle,1
17173446,3465809,06/20/2016,07:00,432382,Bus,NEW FLYER,2011.0,2.0,M,,Going Straight Ahead,Left Front Bumper,Left Front Bumper,Center Front End,Right Front Bumper,,Unspecified,,Unspecified,Unspecified,,,"(40.85119, -73.84434)",1.0,0.0,0,0,0,0,1,0,Bus,4 dr sedan,1
17203945,3512842,08/04/2016,14:00,742406,Box Truck,HINO -TRUCK/BUS,2007.0,2.0,M,Licensed,Backing,Center Back End,No Damage,,,,N,,Oversized Vehicle,Backing Unsafely,,,"(40.677677, -73.97961)",0.0,0.0,0,0,0,0,0,0,Station Wagon/Sport Utility Vehicle,Box Truck,0
17415606,3543827,10/20/2016,10:00,955776,Station Wagon/Sport Utility Vehicle,TOYT -CAR/SUV,2006.0,1.0,M,Licensed,Going Straight Ahead,Right Rear Quarter Panel,Right Rear Quarter Panel,No Damage,No Damage,No Damage,N,,Unspecified,Unspecified,,,"(40.65945, -73.89847)",1.0,0.0,0,0,1,0,0,0,Station Wagon/Sport Utility Vehicle,Bike,1
17246557,3486437,07/21/2016,00:45,542404,Box Truck,INTL-TRUCK/BUS,2015.0,1.0,M,Licensed,,Right Front Bumper,Right Front Bumper,,,,N,,Unsafe Lane Changing,Unspecified,MANHATTAN,10016.0,"(40.74854, -73.97315)",0.0,0.0,0,0,0,0,0,0,4 dr sedan,Box Truck,0
17334206,3499703,08/12/2016,15:20,650111,Station Wagon/Sport Utility Vehicle,NISS -CAR/SUV,2011.0,2.0,F,Licensed,Going Straight Ahead,Center Front End,No Damage,,,,N,,Aggressive Driving/Road Rage,Unspecified,QUEENS,11104.0,"(40.74576, -73.92581)",2.0,0.0,0,0,0,0,2,0,Sedan,Station Wagon/Sport Utility Vehicle,1
17235097,3577128,12/11/2016,14:00,1186295,Taxi,CHEV -CAR/SUV,2013.0,1.0,M,Licensed,Going Straight Ahead,Center Front End,Center Front End,No Damage,No Damage,No Damage,N,,Driver Inattention/Distraction,Unspecified,MANHATTAN,10011.0,"(40.730667, -73.99885)",0.0,0.0,0,0,0,0,0,0,Taxi,Motorcycle,0
17404744,3581270,12/17/2016,06:30,1212520,Station Wagon/Sport Utility Vehicle,HOND -CAR/SUV,2012.0,2.0,M,Licensed,Going Straight Ahead,Left Front Bumper,Left Front Bumper,Left Front Quarter Panel,,,N,,Unspecified,Unspecified,QUEENS,11363.0,"(40.765358, -73.74429)",0.0,0.0,0,0,0,0,0,0,Station Wagon/Sport Utility Vehicle,Station Wagon/Sport Utility Vehicle,0
17400969,3571730,11/30/2016,20:15,1140591,Station Wagon/Sport Utility Vehicle,FORD -CAR/SUV,2015.0,1.0,M,Licensed,Going Straight Ahead,Center Back End,Center Back End,,,,N,,Unspecified,Unspecified,STATEN ISLAND,10304.0,,0.0,0.0,0,0,0,0,0,0,Station Wagon/Sport Utility Vehicle,Sedan,0
17314649,3521438,09/16/2016,23:00,804346,Tractor Truck Diesel,INTL-TRUCK/BUS,2016.0,1.0,M,Licensed,Making Right Turn,Trailer,Trailer,,,,N,,Unspecified,Unspecified,,,"(40.63131, -74.142105)",0.0,0.0,0,0,0,0,0,0,Station Wagon/Sport Utility Vehicle,Tractor Truck Diesel,0
17358768,3577431,12/11/2016,02:20,1188697,Sedan,SUBA -CAR/SUV,2015.0,1.0,M,Licensed,Going Straight Ahead,Right Front Bumper,Right Front Bumper,Right Front Quarter Panel,,,N,,Unspecified,Unspecified,,,"(40.717014, -73.82971)",0.0,0.0,0,0,0,0,0,0,Sedan,Sedan,0
17349445,3572938,12/04/2016,07:30,1155686,Sedan,TOYT -CAR/SUV,2004.0,1.0,M,Licensed,Parked,Center Back End,Center Back End,Left Rear Bumper,Right Rear Bumper,,N,,Unspecified,Unspecified,BROOKLYN,11214.0,"(40.60309, -73.99262)",0.0,0.0,0,0,0,0,0,0,Sedan,Sedan,0
16970362,3408241,04/01/2016,17:55,92564,Station Wagon/Sport Utility Vehicle,CHEV -CAR/SUV,2015.0,1.0,M,Licensed,Going Straight Ahead,Right Side Doors,Right Side Doors,Right Rear Quarter Panel,No Damage,No Damage,N,,Unspecified,Unspecified,MANHATTAN,10019.0,"(40.76729, -73.98008)",0.0,0.0,0,0,0,0,0,0,4 dr sedan,Station Wagon/Sport Utility Vehicle,0
17353314,3567081,11/25/2016,16:30,1117342,Station Wagon/Sport Utility Vehicle,MAZD -CAR/SUV,2016.0,2.0,F,Licensed,Stopped in Traffic,Center Back End,Center Back End,,,,Unspecified,,Unspecified,Unspecified,,,"(40.65396, -74.00699)",0.0,0.0,0,0,0,0,0,0,Station Wagon/Sport Utility Vehicle,Sedan,0
17285435,3589528,12/30/2016,10:39,1269349,Sedan,NISS -CAR/SUV,2015.0,2.0,F,Licensed,Going Straight Ahead,Left Front Bumper,Left Front Bumper,Center Front End,,,N,,Following Too Closely,Unspecified,BROOKLYN,11201.0,"(40.69119, -73.9978)",0.0,0.0,0,0,0,0,0,0,Sedan,Sedan,0
17264791,3536546,10/08/2016,22:20,905555,Sedan,TOYT -CAR/SUV,2015.0,0.0,M,Licensed,Going Straight Ahead,Right Front Quarter Panel,Right Front Quarter Panel,Right Side Doors,Right Rear Quarter Panel,No Damage,N,,Unspecified,Unspecified,,,"(40.852306, -73.89811)",0.0,0.0,0,0,0,0,0,0,Sedan,Sedan,0
19090268,4205720,09/14/2016,17:45,e45b6425-3e3a-4553-9b29-9a242dcb9873,Sedan,HOND -CAR/SUV,2008.0,3.0,F,Licensed,Making U Turn,Right Front Bumper,Right Front Quarter Panel,Right Front Quarter Panel,,,N,,Driver Inattention/Distraction,Driver Inexperience,BROOKLYN,11210.0,"(40.63332, -73.948166)",1.0,0.0,0,0,0,0,1,0,Sedan,Sedan,1
17143929,3412260,03/30/2016,15:59,769840,Flat Bed,INTER,2015.0,1.0,M,Licensed,Going Straight Ahead,Right Front Quarter Panel,Right Front Quarter Panel,,,,N,,Unspecified,Unspecified,,,"(40.84506, -73.916855)",0.0,0.0,0,0,0,0,0,0,Flat Bed,Sedan,0