UNIQUE_ID,COLLISION_ID,CRASH_DATE,CRASH_TIME,VEHICLE_ID,VEHICLE_TYPE,VEHICLE_MAKE,VEHICLE_YEAR,VEHICLE_OCCUPANTS,DRIVER_SEX,DRIVER_LICENSE_STATUS,PRE_CRASH,POINT_OF_IMPACT,VEHICLE_DAMAGE,VEHICLE_DAMAGE_1,VEHICLE_DAMAGE_2,VEHICLE_DAMAGE_3,PUBLIC_PROPERTY_DAMAGE,PUBLIC_PROPERTY_DAMAGE_TYPE,CONTRIBUTING_FACTOR_1,CONTRIBUTING_FACTOR_2,BOROUGH,ZIP CODE,LOCATION,NUMBER OF PERSONS INJURED,NUMBER OF PERSONS KILLED,NUMBER OF PEDESTRIANS INJURED,NUMBER OF PEDESTRIANS KILLED,NUMBER OF CYCLIST INJURED,NUMBER OF CYCLIST KILLED,NUMBER OF MOTORIST INJURED,NUMBER OF MOTORIST KILLED,VEHICLE TYPE CODE 1,VEHICLE TYPE CODE 2,Severity
17329966,3522184,09/16/2016,16:15,803274,Bus,THMS-TRUCK/BUS,2014.0,6.0,M,Licensed,Going Straight Ahead,Right Front Quarter Panel,Right Front Quarter Panel,Right Side Doors,,,N,,Driver Inattention/Distraction,Unspecified,,,"(40.706142, -73.83177)",0.0,0.0,0,0,0,0,0,0,Bus,Sedan,0
17395362,3574626,12/06/2016,13:00,1165597,Station Wagon/Sport Utility Vehicle,CHEV -CAR/SUV,2000.0,1.0,F,Licensed,Backing,Center Back End,No Damage,No Damage,No Damage,No Damage,N,,Backing Unsafely,Driver Inattention/Distraction,BRONX,10472.0,"(40.82807, -73.85016)",0.0,0.0,0,0,0,0,0,0,Sedan,Station Wagon/Sport Utility Vehicle,0
17281779,3538406,10/11/2016,11:27,915645,Sedan,NISS -CAR/SUV,2015.0,1.0,M,Licensed,Making Right Turn,Left Front Bumper,No Damage,,,,N,,Unspecified,Unspecified,,,"(40.856503, -73.86966)",1.0,0.0,1,0,0,0,0,0,Sedan,,1
17240035,3455767,06/05/2016,12:36,363014,Station Wagon/Sport Utility Vehicle,HOND -CAR/SUV,2007.0,3.0,M,Licensed,Making Right Turn,Left Front Bumper,Left Front Bumper,,,,N,,Driver Inattention/Distraction,Turning Improperly,MANHATTAN,10065.0,"(40.760536, -73.95836)",0.0,0.0,0,0,0,0,0,0,Station Wagon/Sport Utility Vehicle,Station Wagon/Sport Utility Vehicle,0
17408308,3516668,09/10/2016,00:43,770976,Station Wagon/Sport Utility Vehicle,HOND -CAR/SUV,2004.0,1.0,M,Licensed,Changing Lanes,Right Side Doors,Right Side Doors,,,,N,,Driver Inattention/Distraction,Unsafe Lane Changing,,,"(40.743317, -73.731384)",0.0,0.0,0,0,0,0,0,0,Sedan,Station Wagon/Sport Utility Vehicle,0
17198282,3501789,08/10/2016,00:21,666013,Sedan,CHEV -CAR/SUV,2016.0,1.0,F,Licensed,Backing,Right Rear Bumper,Right Rear Bumper,Right Rear Quarter Panel,Center Back End,,N,,Backing Unsafely,Unspecified,BROOKLYN,11225.0,"(40.665672, -73.95592)",0.0,0.0,0,0,0,0,0,0,Sedan,Station Wagon/Sport Utility Vehicle,0
17382316,3550552,10/27/2016,16:00,989763,Station Wagon/Sport Utility Vehicle,LEXS -CAR/SUV,2015.0,1.0,M,Licensed,Going Straight Ahead,Left Front Bumper,Left Front Bumper,Center Front End,Right Front Bumper,Left Front Quarter Panel,N,,Driver Inattention/Distraction,Pavement Slippery,,,"(40.61089, -74.112785)",0.0,0.0,0,0,0,0,0,0,Station Wagon/Sport Utility Vehicle,Station Wagon/Sport Utility Vehicle,0
17157021,3473380,07/02/2016,03:50,478350,4 dr sedan,TOYT -CAR/SUV,2014.0,1.0,M,Licensed,Going Straight Ahead,Left Front Quarter Panel,Left Front Quarter Panel,Left Front Bumper,No Damage,No Damage,N,,Unspecified,Unspecified,,,"(40.738552, -73.99969)",0.0,0.0,0,0,0,0,0,0,4 dr sedan,,0
17185468,3496560,08/09/2016,00:45,627341,Sedan,FORD -CAR/SUV,2015.0,2.0,M,Licensed,Backing,Left Rear Bumper,Left Rear Quarter Panel,,,,N,,Unspecified,Unspecified,BROOKLYN,11236.0,"(40.648605, -73.905266)",0.0,0.0,0,0,0,0,0,0,Sedan,,0
17039338,3440542,04/28/2016,16:30,258075,4 dr sedan,HOND -CAR/SUV,2012.0,1.0,F,Licensed,Going Straight Ahead,Right Rear Quarter Panel,Right Rear Quarter Panel,Right Rear Bumper,,,N,,Unspecified,Unspecified,,,"(40.83247, -73.838)",0.0,0.0,0,0,0,0,0,0,4 dr sedan,4 dr sedan,0
17423125,3565935,11/22/2016,16:30,1119927,Station Wagon/Sport Utility Vehicle,JEEP -CAR/SUV,2014.0,1.0,M,Licensed,Stopped in Traffic,Center Back End,Right Rear Bumper,Left Rear Bumper,,,N,,Unspecified,Unspecified,QUEENS,11428.0,"(40.71893, -73.73439)",0.0,0.0,0,0,0,0,0,0,Station Wagon/Sport Utility Vehicle,Station Wagon/Sport Utility Vehicle,0
17217013,3578427,12/09/2016,17:00,1190744,Pick-up Truck,NISS -CAR/SUV,2007.0,2.0,M,Licensed,Parked,Left Front Bumper,Center Front End,Right Front Bumper,,,N,,Unspecified,Unspecified,BROOKLYN,11221.0,"(40.69012, -73.92318)",4.0,0.0,0,0,0,0,4,0,Sedan,Pick-up Truck,1
17283861,3550289,10/30/2016,22:25,1002482,Sedan,NISS -CAR/SUV,,2.0,,,Making U Turn,Left Front Bumper,Left Front Bumper,Left Front Bumper,Left Front Bumper,Left Front Bumper,N,,Aggressive Driving/Road Rage,Unsafe Speed,BROOKLYN,11212.0,"(40.65559, -73.91187)",0.0,0.0,0,0,0,0,0,0,Sedan,Sedan,0
17421967,3558755,11/12/2016,09:30,1118856,Station Wagon/Sport Utility Vehicle,PONT -CAR/SUV,2004.0,1.0,F,Licensed,Going Straight Ahead,Right Front Bumper,Right Front Bumper,Right Front Quarter Panel,Right Side Doors,Right Rear Quarter Panel,N,,Unspecified,Unspecified,QUEENS,11428.0,"(40.720554, -73.73604)",0.0,0.0,0,0,0,0,0,0,Station Wagon/Sport Utility Vehicle,Station Wagon/Sport Utility Vehicle,0
17066668,3452704,05/22/2016,14:15,312137,4 dr sedan,HYUN -CAR/SUV,2008.0,2.0,F,Licensed,Going Straight Ahead,Center Front End,Center Front End,Right Front Bumper,Left Front Bumper,,N,,Driver Inattention/Distraction,Unspecified,STATEN ISLAND,10306.0,"(40.56035, -74.1277)",0.0,0.0,0,0,0,0,0,0,4 dr sedan,4 dr sedan,0
17328053,3582981,12/19/2016,21:00,1224172,Taxi,TOYT -CAR/SUV,2014.0,1.0,M,Licensed,Going Straight Ahead,Center Front End,Center Front End,Right Front Bumper,Left Front Bumper,Undercarriage,N,,Traffic Control Disregarded,Failure to Yield Right-of-Way,BROOKLYN,11222.0,"(40.728756, -73.94767)",0.0,0.0,0,0,0,0,0,0,Sedan,Taxi,0
17392602,3539639,10/13/2016,00:00,926266,Pick-up Truck,FORD -CAR/SUV,2016.0,1.0,M,Licensed,Making Right Turn,Left Front Bumper,Left Front Bumper,No Damage,No Damage,No Damage,N,,Driver Inattention/Distraction,Driver Inattention/Distraction,,,"(40.75184, -73.94806)",0.0,0.0,0,0,0,0,0,0,Pick-up Truck,Station Wagon/Sport Utility Vehicle,0
17067189,3432426,04/29/2016,11:15,211039,4 dr sedan,NISS -CAR/SUV,2015.0,1.0,M,Licensed,Going Straight Ahead,Center Front End,Center Front End,Left Front Bumper,Right Front Bumper,Center Front End,N,,Failure to Yield Right-of-Way,Unspecified,BROOKLYN,11208.0,,0.0,0.0,0,0,0,0,0,0,Station Wagon/Sport Utility Vehicle,4 dr sedan,0
17160792,3481934,07/15/2016,09:53,530283,Station Wagon/Sport Utility Vehicle,FORD -CAR/SUV,2012.0,0.0,M,Licensed,Backing,Right Rear Bumper,No Damage,,,,N,,Backing Unsafely,Unspecified,MANHATTAN,10033.0,"(40.84554, -73.93278)",0.0,0.0,0,0,0,0,0,0,Station Wagon/Sport Utility Vehicle,Station Wagon/Sport Utility Vehicle,0
17153561,3450935,05/26/2016,11:56,353252,Station Wagon/Sport Utility Vehicle,DODG -CAR/SUV,2013.0,1.0,,,Parked,Center Front End,Center Front End,Left Front Bumper,,,N,,Unspecified,Unspecified,,,"(40.700356, -73.912575)",0.0,0.0,0,0,0,0,0,0,Station Wagon/Sport Utility Vehicle,Box Truck,0
17166862,3469890,06/26/2016,15:35,457084,4 dr sedan,TOYT -CAR/SUV,2016.0,1.0,F,Licensed,Going Straight Ahead,Right Rear Quarter Panel,Right Rear Quarter Panel,Center Back End,,,N,,Traffic Control Disregarded,Driver Inattention/Distraction,BROOKLYN,11221.0,"(40.69089, -73.94253)",0.0,0.0,0,0,0,0,0,0,4 dr sedan,2 dr sedan,0
17345669,3534284,10/01/2016,12:00,885216,Sedan,HOND -CAR/SUV,2014.0,1.0,M,Licensed,Making U Turn,Right Front Bumper,Right Front Bumper,No Damage,No Damage,No Damage,N,,Failure to Yield Right-of-Way,Driver Inattention/Distraction,BROOKLYN,11203.0,"(40.655754, -73.92403)",0.0,0.0,0,0,0,0,0,0,Sedan,Sedan,0
17415228,3580919,12/16/2016,07:05,1207696,Station Wagon/Sport Utility Vehicle,FORD -CAR/SUV,2005.0,1.0,M,Licensed,Going Straight Ahead,Left Front Bumper,Left Front Bumper,,,,N,,Driver Inattention/Distraction,Following Too Closely,,,"(40.77039, -73.91771)",0.0,0.0,0,0,0,0,0,0,Station Wagon/Sport Utility Vehicle,Station Wagon/Sport Utility Vehicle,0
17300162,3508589,08/13/2016,16:15,712211,Station Wagon/Sport Utility Vehicle,FORD -CAR/SUV,2008.0,1.0,,,Going Straight Ahead,Center Front End,Center Front End,Right Front Bumper,Left Front Bumper,,N,,Following Too Closely,Driver Inattention/Distraction,,,"(40.7549, -73.74548)",1.0,0.0,0,0,0,0,1,0,Sedan,Station Wagon/Sport Utility Vehicle,1
17220597,3486966,07/22/2016,17:13,549514,Station Wagon/Sport Utility Vehicle,MITS -CAR/SUV,2004.0,1.0,M,Licensed,Going Straight Ahead,Center Front End,Center Front End,Left Front Bumper,Right Front Bumper,,N,,Unspecified,Unspecified,BROOKLYN,11219.0,"(40.62156, -73.99896)",0.0,0.0,0,0,0,0,0,0,4 dr sedan,Station Wagon/Sport Utility Vehicle,0
17197984,3559266,11/12/2016,23:05,1061187,Taxi,FORD -CAR/SUV,2011.0,1.0,M,Licensed,Parked,Left Front Quarter Panel,Left Front Quarter Panel,Left Side Doors,Left Rear Quarter Panel,,N,,Driver Inattention/Distraction,Unspecified,,,"(40.797626, -73.97092)",0.0,0.0,0,0,0,0,0,0,Station Wagon/Sport Utility Vehicle,Taxi,0
17276732,3496433,07/30/2016,15:55,626615,Sedan,FORD -CAR/SUV,2016.0,0.0,,,Parked,Center Front End,Center Front End,,,,N,,Unspecified,Unspecified,BRONX,10469.0,"(40.87548, -73.85758)",1.0,0.0,0,0,0,0,1,0,Sedan,Sedan,1
17365164,3540162,10/14/2016,22:00,933263,Sedan,KIA -CAR/SUV,2006.0,1.0,F,Licensed,Making Right Turn,Left Front Quarter Panel,Left Front Quarter Panel,,,,N,,Unspecified,Unspecified,QUEENS,11412.0,"(40.693386, -73.75984)",0.0,0.0,0,0,0,0,0,0,Sedan,Sedan,0
17031407,3435226,05/03/2016,00:00,223661,AMBUL,CHEVY,2007.0,3.0,F,Licensed,Backing,Center Back End,Center Back End,,,,N,,Backing Unsafely,Unspecified,QUEENS,11694.0,,0.0,0.0,0,0,0,0,0,0,AMBUL,4 dr sedan,0
17319270,3514219,09/05/2016,12:15,750104,Sedan,HYUN -CAR/SUV,2013.0,3.0,M,Licensed,Making Left Turn,Right Side Doors,Right Rear Quarter Panel,Right Rear Bumper,,,N,,Driver Inattention/Distraction,Unspecified,,,"(40.71444, -73.83127)",1.0,0.0,0,0,0,0,1,0,Sedan,Station Wagon/Sport Utility Vehicle,1
17377938,3518357,09/12/2016,12:00,782267,Station Wagon/Sport Utility Vehicle,CHRY -CAR/SUV,2003.0,1.0,M,Licensed,Backing,No Damage,No Damage,,,,Unspecified,,Backing Unsafely,Driver Inattention/Distraction,,,,0.0,0.0,0,0,0,0,0,0,Station Wagon/Sport Utility Vehicle,Station Wagon/Sport Utility Vehicle,0
17062531,3450011,05/22/2016,05:15,323654,4 dr sedan,FORD -CAR/SUV,2015.0,1.0,M,Licensed,Going Straight Ahead,Right Rear Quarter Panel,Right Rear Quarter Panel,Right Rear Bumper,,,N,,Pavement Slippery,Unspecified,BROOKLYN,11226.0,"(40.648792, -73.95228)",2.0,0.0,0,0,0,0,2,0,4 dr sedan,4 dr sedan,1
17065684,3449323,05/26/2016,21:50,323771,4 dr sedan,AUDI -CAR/SUV,2010.0,3.0,M,Licensed,Going Straight Ahead,Left Front Bumper,Center Front End,Right Front Bumper,Left Front Bumper,,N,,Outside Car Distraction,Unspecified,BRONX,10466.0,"(40.889774, -73.84438)",0.0,0.0,0,0,0,0,0,0,4 dr sedan,Taxi,0
17320931,3508614,08/28/2016,08:35,713562,Station Wagon/Sport Utility Vehicle,NISS -CAR/SUV,2003.0,0.0,,,Parked,Left Rear Bumper,Left Rear Bumper,Left Rear Quarter Panel,,Center Back End,N,,Unspecified,Unspecified,QUEENS,11412.0,"(40.70169, -73.752464)",0.0,0.0,0,0,0,0,0,0,Station Wagon/Sport Utility Vehicle,,0
17245572,3465597,06/20/2016,17:45,426496,Taxi,TOYT -CAR/SUV,2012.0,1.0,M,,Parked,Left Side Doors,Left Side Doors,Left Side Doors,Left Side Doors,,N,,Passing or Lane Usage Improper,Other Vehicular,MANHATTAN,10022.0,"(40.76269, -73.971214)",0.0,0.0,0,0,0,0,0,0,Sedan,Taxi,0
17041442,3449634,05/23/2016,15:30,308984,4 dr sedan,HOND -CAR/SUV,2015.0,2.0,F,Licensed,Making Left Turn,Right Front Bumper,Right Front Bumper,Right Front Quarter Panel,,,N,,Other Vehicular,Other Vehicular,,,"(40.579975, -73.97464)",1.0,0.0,0,0,0,0,1,0,4 dr sedan,Station Wagon/Sport Utility Vehicle,1
17274151,3517630,09/11/2016,10:30,776733,Sedan,MAZD -CAR/SUV,2012.0,0.0,M,,Parked,Center Front End,Center Front End,,,,N,,Unspecified,Unspecified,BRONX,10467.0,"(40.871742, -73.87938)",0.0,0.0,0,0,0,0,0,0,Sedan,,0
17384317,3502480,08/18/2016,00:20,671236,Sedan,NISS -CAR/SUV,2007.0,2.0,M,,Backing,Left Rear Bumper,Left Rear Bumper,No Damage,No Damage,No Damage,N,,Backing Unsafely,Unspecified,BROOKLYN,11208.0,"(40.669655, -73.8614)",0.0,0.0,0,0,0,0,0,0,Sedan,Sedan,0
17207009,3509106,08/28/2016,05:47,713773,Station Wagon/Sport Utility Vehicle,FORD -CAR/SUV,2006.0,1.0,,,Entering Parked Position,Center Front End,No Damage,No Damage,No Damage,,Y,,Driver Inattention/Distraction,Unsafe Speed,BROOKLYN,11235.0,"(40.588337, -73.96045)",0.0,0.0,0,0,0,0,0,0,Station Wagon/Sport Utility Vehicle,,0
17150223,3495438,08/06/2016,17:18,618570,Sedan,BMW -CAR/SUV,2014.0,0.0,M,Licensed,Going Straight Ahead,Center Front End,Center Front End,Right Front Bumper,Left Front Bumper,,N,,Following Too Closely,Driver Inattention/Distraction,MANHATTAN,10026.0,"(40.805153, -73.95112)",0.0,0.0,0,0,0,0,0,0,Sedan,Sedan,0
17510355,3683134,06/02/2016,12:55,35b196c1-89ba-4655-8575-fd79a37f0557,Taxi,TOYT -CAR/SUV,2009.0,1.0,M,Licensed,Going Straight Ahead,Right Rear Bumper,Right Rear Quarter Panel,Center Back End,Left Rear Bumper,No Damage,N,,Unspecified,Unspecified,,,"(40.709305, -73.99167)",0.0,0.0,0,0,0,0,0,0,Taxi,Box Truck,0
17328203,3518448,09/09/2016,10:42,781497,Station Wagon/Sport Utility Vehicle,MITS -CAR/SUV,2013.0,1.0,M,Licensed,Merging,Left Front Quarter Panel,Left Front Bumper,Center Front End,,,Unspecified,,Driver Inattention/Distraction,Unspecified,,,"(40.82325, -73.88277)",0.0,0.0,0,0,0,0,0,0,Station Wagon/Sport Utility Vehicle,Station Wagon/Sport Utility Vehicle,0
17381609,3570356,11/29/2016,18:00,1133623,Sedan,HOND -CAR/SUV,2006.0,1.0,M,Licensed,Starting from Parking,Left Front Quarter Panel,Left Side Doors,Left Front Quarter Panel,,,N,,Driver Inattention/Distraction,Failure to Yield Right-of-Way,BROOKLYN,11206.0,"(40.701077, -73.94043)",0.0,0.0,0,0,0,0,0,0,Box Truck,Sedan,0
17299986,3541977,10/14/2016,07:42,931487,Sedan,NISS -CAR/SUV,2006.0,1.0,F,Licensed,Going Straight Ahead,Left Rear Bumper,Left Rear Bumper,No Damage,No Damage,No Damage,N,,Unspecified,Unspecified,,,"(40.801754, -73.93121)",0.0,0.0,0,0,0,0,0,0,Sedan,Sedan,0
17215319,3471084,06/28/2016,20:15,460644,Pick-up Truck,NISS -CAR/SUV,2014.0,1.0,M,Licensed,Parked,Left Rear Quarter Panel,Left Side Doors,,,,N,,Unspecified,Unspecified,MANHATTAN,10013.0,"(40.718025, -74.00305)",0.0,0.0,0,0,0,0,0,0,Pick-up Truck,4 dr sedan,0
16986624,3424349,04/26/2016,07:40,190666,Station Wagon/Sport Utility Vehicle,GMC -CAR/SUV,1997.0,1.0,M,Licensed,Going Straight Ahead,Left Rear Quarter Panel,Left Rear Quarter Panel,Right Front Bumper,Right Front Quarter Panel,,N,,Unsafe Speed,Unspecified,QUEENS,11413.0,,3.0,0.0,0,0,0,0,3,0,Station Wagon/Sport Utility Vehicle,Station Wagon/Sport Utility Vehicle,1
17060234,3443205,05/16/2016,15:47,281634,4 dr sedan,HOND -CAR/SUV,2000.0,3.0,F,Licensed,Going Straight Ahead,Center Front End,Center Front End,,,,N,,Unspecified,Unspecified,BRONX,10469.0,"(40.86885, -73.83808)",3.0,0.0,0,0,0,0,3,0,4 dr sedan,Van,1
17351396,3548109,10/26/2016,14:40,983353,Station Wagon/Sport Utility Vehicle,LEXS -CAR/SUV,2004.0,0.0,M,Licensed,Parked,Left Front Bumper,Center Front End,,,,N,,Unspecified,Unspecified,QUEENS,11368.0,"(40.75517, -73.843155)",0.0,0.0,0,0,0,0,0,0,Station Wagon/Sport Utility Vehicle,Pick-up Truck,0
17304266,3525276,09/22/2016,14:00,829579,Garbage or Refuse,Hino,2011.0,1.0,M,Licensed,,Right Front Quarter Panel,No Damage,,,,N,,Unspecified,Unspecified,BRONX,10464.0,"(40.865448, -73.81318)",0.0,0.0,0,0,0,0,0,0,Sedan,Garbage or Refuse,0
17184398,3542858,10/17/2016,19:29,950827,Sedan,HOND -CAR/SUV,2003.0,1.0,M,Licensed,Going Straight Ahead,Center Front End,Center Front End,No Damage,No Damage,No Damage,N,,Following Too Closely,Unspecified,,,"(40.804386, -73.97164)",0.0,0.0,0,0,0,0,0,0,Sedan,Sedan,0
17153865,3459700,06/10/2016,20:24,386801,4 dr sedan,TOYT -CAR/SUV,2014.0,1.0,M,Licensed,Making Left Turn,Left Side Doors,Left Side Doors,,,,N,,Other Vehicular,Other Vehicular,,,"(40.774807, -73.98442)",1.0,0.0,0,0,0,0,1,0,4 dr sedan,4 dr sedan,1
17035200,3436323,04/24/2016,12:49,231161,4 dr sedan,VOLK -CAR/SUV,2013.0,1.0,M,Licensed,Going Straight Ahead,Center Front End,Center Front End,,,,N,,Driver Inattention/Distraction,Unspecified,BROOKLYN,11206.0,,0.0,0.0,0,0,0,0,0,0,Station Wagon/Sport Utility Vehicle,4 dr sedan,0
17389812,3588524,12/24/2016,18:30,1262808,Sedan,TOYT -CAR/SUV,2014.0,1.0,M,Licensed,Changing Lanes,Other,Other,,,,N,,Driver Inattention/Distraction,Unspecified,,,"(40.811108, -73.92734)",1.0,0.0,1,0,0,0,0,0,Sedan,,1
17174278,3488303,07/22/2016,09:50,562657,4 dr sedan,MERZ -CAR/SUV,2012.0,0.0,,,Parked,Left Rear Bumper,Left Rear Bumper,Right Rear Bumper,No Damage,No Damage,N,,Unspecified,Unspecified,,,"(40.636734, -73.89831)",0.0,0.0,0,0,0,0,0,0,4 dr sedan,Station Wagon/Sport Utility Vehicle,0
17032390,3434300,04/23/2016,03:40,250620,Station Wagon/Sport Utility Vehicle,TOYT -CAR/SUV,2014.0,1.0,M,Licensed,Going Straight Ahead,Left Side Doors,Left Side Doors,,,,N,,Unspecified,Unspecified,MANHATTAN,10002.0,,0.0,0.0,0,0,0,0,0,0,Station Wagon/Sport Utility Vehicle,Station Wagon/Sport Utility Vehicle,0
17151240,3473898,06/30/2016,12:33,598840,Station Wagon/Sport Utility Vehicle,TOYT -CAR/SUV,2004.0,1.0,M,Licensed,Going Straight Ahead,Right Rear Bumper,No Damage,No Damage,,No Damage,N,,Unspecified,Unspecified,BROOKLYN,11233.0,"(40.67918, -73.92736)",0.0,0.0,0,0,0,0,0,0,Station Wagon/Sport Utility Vehicle,4 dr sedan,0
17261944,3470048,06/24/2016,21:35,456746,4 dr sedan,NISS -CAR/SUV,2006.0,1.0,F,Licensed,Going Straight Ahead,Center Front End,Center Front End,Right Front Bumper,Left Front Bumper,,N,,Traffic Control Disregarded,Unspecified,QUEENS,11377.0,"(40.75062, -73.90612)",0.0,0.0,0,0,0,0,0,0,4 dr sedan,4 dr sedan,0
17181733,3488202,07/13/2016,23:50,562725,4 dr sedan,HOND -CAR/SUV,,2.0,,,Going Straight Ahead,Center Back End,No Damage,No Damage,No Damage,No Damage,N,,Unspecified,Unspecified,,,"(40.857418, -73.899956)",0.0,0.0,0,0,0,0,0,0,4 dr sedan,4 dr sedan,0
17178114,3497921,08/06/2016,23:00,619041,Sedan,TOYT -CAR/SUV,2009.0,1.0,M,Licensed,Going Straight Ahead,Center Back End,Right Rear Bumper,Right Rear Quarter Panel,,,N,,Unspecified,Unspecified,,,"(40.848118, -73.93089)",0.0,0.0,0,0,0,0,0,0,Sedan,Sedan,0
17416395,3535062,10/06/2016,18:00,898507,Sedan,NISS -CAR/SUV,2007.0,3.0,F,Licensed,Parked,Left Side Doors,Left Side Doors,Left Front Quarter Panel,Left Front Bumper,,N,,Unspecified,Unspecified,QUEENS,11422.0,"(40.661484, -73.741974)",0.0,0.0,0,0,0,0,0,0,Station Wagon/Sport Utility Vehicle,Sedan,0
17148922,3462567,06/16/2016,00:50,410761,2 dr sedan,FORD -CAR/SUV,2001.0,4.0,M,,Passing,Right Front Bumper,Overturned,Demolished,,,N,,Unsafe Speed,Unsafe Lane Changing,,,,0.0,0.0,0,0,0,0,0,0,2 dr sedan,Station Wagon/Sport Utility Vehicle,0
17224490,3510022,08/29/2016,15:10,719716,Sedan,JEEP -CAR/SUV,2016.0,1.0,F,,Going Straight Ahead,Center Front End,Center Front End,,,,N,,Driver Inattention/Distraction,Reaction to Uninvolved Vehicle,BROOKLYN,11217.0,"(40.680267, -73.9747)",0.0,0.0,0,0,0,0,0,0,Sedan,Sedan,0
17255466,3499169,08/12/2016,16:45,647089,Sedan,DODG -CAR/SUV,2014.0,4.0,M,Licensed,Making Right Turn,Right Side Doors,Right Side Doors,,,,N,,Unspecified,Unspecified,,,,0.0,0.0,0,0,0,0,0,0,Sedan,Sedan,0
17145486,3581028,12/16/2016,10:22,1209807,Taxi,TOYT -CAR/SUV,2012.0,4.0,M,Licensed,Going Straight Ahead,Right Front Bumper,Right Front Bumper,No Damage,No Damage,No Damage,N,,Driver Inattention/Distraction,Unspecified,MANHATTAN,10024.0,"(40.78202, -73.97173)",0.0,0.0,0,0,0,0,0,0,Sedan,Taxi,0
17399400,3583497,12/04/2016,12:00,1225362,Station Wagon/Sport Utility Vehicle,FORD -CAR/SUV,2012.0,1.0,M,Licensed,Going Straight Ahead,Right Side Doors,Right Side Doors,,,,N,,Driver Inattention/Distraction,Unspecified,,,"(40.749283, -73.756645)",0.0,0.0,0,0,0,0,0,0,Station Wagon/Sport Utility Vehicle,Sedan,0
17164561,3470683,06/16/2016,06:55,449366,Station Wagon/Sport Utility Vehicle,CHRY -CAR/SUV,2008.0,0.0,,,Parked,Left Rear Bumper,Center Back End,Right Rear Bumper,,,N,,Unspecified,Unspecified,,,"(40.657406, -73.89881)",3.0,0.0,0,0,0,0,3,0,Bus,Station Wagon/Sport Utility Vehicle,1
17253500,3460215,06/12/2016,14:32,393570,4 dr sedan,BMW -CAR/SUV,2014.0,1.0,F,Licensed,Changing Lanes,Right Front Bumper,Right Front Bumper,,,,N,,Failure to Yield Right-of-Way,Unspecified,MANHATTAN,10128.0,"(40.782158, -73.95787)",0.0,0.0,0,0,0,0,0,0,Station Wagon/Sport Utility Vehicle,4 dr sedan,0
16985411,3425997,04/23/2016,07:25,183312,4 dr sedan,CADI -CAR/SUV,2009.0,2.0,M,Licensed,Making Right Turn,Left Front Quarter Panel,Left Front Quarter Panel,,,,N,,Unsafe Lane Changing,Failure to Yield Right-of-Way,,,,0.0,0.0,0,0,0,0,0,0,4 dr sedan,4 dr sedan,0
17053321,3436952,05/06/2016,20:14,238345,Taxi,GMC -CAR/SUV,2013.0,1.0,M,Licensed,Going Straight Ahead,Right Front Quarter Panel,Right Front Quarter Panel,,,,N,,Unspecified,Unspecified,MANHATTAN,10013.0,"(40.719936, -74.001434)",0.0,0.0,0,0,0,0,0,0,Taxi,Taxi,0
16961592,3423788,03/25/2016,15:45,42219,Station Wagon/Sport Utility Vehicle,TOYT -CAR/SUV,2006.0,1.0,F,Licensed,Making Left Turn,No Damage,No Damage,,,,N,,Unspecified,Unspecified,QUEENS,11411.0,,1.0,0.0,1,0,0,0,0,0,Station Wagon/Sport Utility Vehicle,,1
17184113,3457946,06/07/2016,16:45,399508,4 dr sedan,NISS -CAR/SUV,2014.0,1.0,M,Licensed,Going Straight Ahead,Right Front Bumper,Right Front Bumper,,,,N,,Driver Inattention/Distraction,Following Too Closely,,,,0.0,0.0,0,0,0,0,0,0,4 dr sedan,4 dr sedan,0
17193726,3456830,06/03/2016,20:35,367839,Station Wagon/Sport Utility Vehicle,JEEP -CAR/SUV,2014.0,2.0,M,Licensed,Going Straight Ahead,Left Front Quarter Panel,Left Front Quarter Panel,No Damage,No Damage,No Damage,N,,Unspecified,Unspecified,BRONX,10472.0,"(40.82923, -73.87551)",0.0,0.0,0,0,0,0,0,0,Station Wagon/Sport Utility Vehicle,FIRE,0
17216781,3455191,05/24/2016,12:45,357497,Tractor Truck Diesel,PTRB-TRUCK/BUS,2008.0,1.0,M,Licensed,Changing Lanes,Right Front Quarter Panel,Right Front Quarter Panel,,,,N,,Driver Inattention/Distraction,Driver Inattention/Distraction,,,"(40.77039, -73.91771)",0.0,0.0,0,0,0,0,0,0,Tractor Truck Diesel,4 dr sedan,0
17058717,3446191,05/25/2016,16:45,319254,Box Truck,UD,2012.0,1.0,M,Licensed,Parked,Other,Other,,,,N,,Other Vehicular,Other Vehicular,BROOKLYN,11220.0,"(40.633923, -74.01005)",0.0,0.0,0,0,0,0,0,0,Box Truck,Box Truck,0
17159959,3472686,06/30/2016,10:00,473057,Station Wagon/Sport Utility Vehicle,TOYT -CAR/SUV,2015.0,4.0,F,Licensed,Going Straight Ahead,Right Front Bumper,Right Front Bumper,Center Front End,,,N,,Unspecified,Unspecified,BRONX,10474.0,"(40.81899, -73.8867)",1.0,0.0,0,0,0,0,1,0,Station Wagon/Sport Utility Vehicle,Station Wagon/Sport Utility Vehicle,1