UNIQUE_ID,COLLISION_ID,CRASH_DATE,CRASH_TIME,VEHICLE_ID,VEHICLE_TYPE,VEHICLE_MAKE,VEHICLE_YEAR,VEHICLE_OCCUPANTS,DRIVER_SEX,DRIVER_LICENSE_STATUS,PRE_CRASH,POINT_OF_IMPACT,VEHICLE_DAMAGE,VEHICLE_DAMAGE_1,VEHICLE_DAMAGE_2,VEHICLE_DAMAGE_3,PUBLIC_PROPERTY_DAMAGE,PUBLIC_PROPERTY_DAMAGE_TYPE,CONTRIBUTING_FACTOR_1,CONTRIBUTING_FACTOR_2,BOROUGH,ZIP CODE,LOCATION,NUMBER OF PERSONS INJURED,NUMBER OF PERSONS KILLED,NUMBER OF PEDESTRIANS INJURED,NUMBER OF PEDESTRIANS KILLED,NUMBER OF CYCLIST INJURED,NUMBER OF CYCLIST KILLED,NUMBER OF MOTORIST INJURED,NUMBER OF MOTORIST KILLED,VEHICLE TYPE CODE 1,VEHICLE TYPE CODE 2,Severity
17034200,3441515,05/08/2016,13:50,274779,Station Wagon/Sport Utility Vehicle,LEXS -CAR/SUV,2015.0,2.0,F,Licensed,Going Straight Ahead,Right Front Bumper,Right Front Bumper,Center Front End,Right Front Quarter Panel,,N,,Unspecified,Unspecified,BRONX,10459.0,"(40.831314, -73.896835)",0.0,0.0,0,0,0,0,0,0,Station Wagon/Sport Utility Vehicle,4 dr sedan,0
16982916,3425871,04/14/2016,01:50,133359,Station Wagon/Sport Utility Vehicle,TOYT -CAR/SUV,1995.0,1.0,M,Licensed,Making Right Turn,Other,Other,,,,N,,Outside Car Distraction,Passing or Lane Usage Improper,,,"(40.761875, -73.90193)",0.0,0.0,0,0,0,0,0,0,Station Wagon/Sport Utility Vehicle,Station Wagon/Sport Utility Vehicle,0
17040309,3435783,05/05/2016,20:00,232483,Bike,Mongoose,,1.0,M,,Going Straight Ahead,Right Rear Quarter Panel,Right Rear Quarter Panel,No Damage,No Damage,No Damage,N,,Pedestrian/Bicyclist/Other Pedestrian Error/Confusion,Traffic Control Disregarded,BRONX,10460.0,"(40.84271, -73.885666)",1.0,0.0,0,0,1,0,0,0,Station Wagon/Sport Utility Vehicle,Bike,1
17197507,3471409,06/28/2016,11:00,458931,Van,CHEV-TRUCK/BUS,2012.0,0.0,,,Parked,Left Front Quarter Panel,Left Front Quarter Panel,,,,N,,Unspecified,Unspecified,,,"(40.633224, -73.995186)",0.0,0.0,0,0,0,0,0,0,Van,Van,0
17177020,3582692,12/16/2016,07:25,1211557,Sedan,HOND -CAR/SUV,2007.0,3.0,M,Licensed,Going Straight Ahead,Left Side Doors,No Damage,No Damage,No Damage,No Damage,N,,Unspecified,Unspecified,,,"(40.80333, -73.94873)",1.0,0.0,1,0,0,0,0,0,Sedan,,1
17203325,3458156,06/08/2016,10:18,375244,4 dr sedan,NISS -CAR/SUV,2011.0,2.0,M,Licensed,Going Straight Ahead,Left Side Doors,Left Side Doors,Left Side Doors,Left Rear Quarter Panel,,N,,Unspecified,Unspecified,QUEENS,11434.0,"(40.67919, -73.77811)",2.0,0.0,0,0,0,0,2,0,4 dr sedan,4 dr sedan,1
17224907,3480038,07/06/2016,05:30,510470,4 dr sedan,HOND -CAR/SUV,2006.0,0.0,,,,Center Front End,Center Front End,Demolished,,,Y,,,,,,,0.0,0.0,0,0,0,0,0,0,4 dr sedan,,0
17146871,4023013,06/03/2016,07:00,398171,4 dr sedan,STRN -CAR/SUV,2003.0,0.0,,,Parked,Left Front Bumper,Left Front Bumper,Left Front Quarter Panel,Center Front End,,N,,Unspecified,Unspecified,BROOKLYN,11221.0,"(40.691494, -73.93077)",0.0,0.0,0,0,0,0,0,0,4 dr sedan,4 dr sedan,0
17183520,3479939,07/13/2016,00:00,513040,Pick-up Truck,TOYT -CAR/SUV,2012.0,1.0,M,Licensed,Going Straight Ahead,Right Front Quarter Panel,Right Front Quarter Panel,Right Side Doors,Right Rear Quarter Panel,,N,,Following Too Closely,Unspecified,BROOKLYN,11222.0,"(40.72388, -73.93222)",0.0,0.0,0,0,0,0,0,0,Station Wagon/Sport Utility Vehicle,Pick-up Truck,0
17201961,3465040,06/18/2016,13:05,426452,Station Wagon/Sport Utility Vehicle,SUBA -CAR/SUV,2016.0,3.0,M,Licensed,Starting from Parking,Right Front Quarter Panel,Right Front Quarter Panel,,,,N,,Unspecified,Unspecified,,,,0.0,0.0,0,0,0,0,0,0,Station Wagon/Sport Utility Vehicle,Station Wagon/Sport Utility Vehicle,0
17315720,3525241,09/22/2016,17:00,830619,Sedan,HYUN -CAR/SUV,2013.0,1.0,M,Licensed,Making Right Turn,Right Side Doors,Right Rear Quarter Panel,No Damage,No Damage,No Damage,N,,Driver Inexperience,Driver Inattention/Distraction,MANHATTAN,10017.0,"(40.75217, -73.97778)",0.0,0.0,0,0,0,0,0,0,Taxi,Sedan,0
16965203,3411112,04/09/2016,14:35,115596,4 dr sedan,CHEV -CAR/SUV,2015.0,1.0,F,Licensed,Starting in Traffic,Right Side Doors,Right Side Doors,No Damage,No Damage,No Damage,N,,Driver Inattention/Distraction,Unspecified,,,,0.0,0.0,0,0,0,0,0,0,4 dr sedan,4 dr sedan,0
17066285,3452287,05/22/2016,16:25,304422,4 dr sedan,DODG -CAR/SUV,2014.0,4.0,M,Licensed,Going Straight Ahead,Center Front End,Center Front End,,,,N,,Unspecified,Unspecified,QUEENS,11436.0,"(40.669006, -73.79459)",2.0,0.0,0,0,0,0,2,0,4 dr sedan,4 dr sedan,1
17219353,3476936,07/08/2016,12:10,500622,Station Wagon/Sport Utility Vehicle,SUBA -CAR/SUV,2015.0,1.0,,,Going Straight Ahead,Right Side Doors,Right Side Doors,No Damage,No Damage,No Damage,N,,Following Too Closely,Unspecified,,,"(40.75228, -73.9897)",0.0,0.0,0,0,0,0,0,0,Station Wagon/Sport Utility Vehicle,Taxi,0
17227965,3466266,06/22/2016,00:50,431367,4 dr sedan,INFI -CAR/SUV,2014.0,2.0,M,Licensed,Going Straight Ahead,Left Rear Quarter Panel,Left Rear Quarter Panel,Left Side Doors,,,N,,Unspecified,Unspecified,QUEENS,11361.0,"(40.760406, -73.768326)",0.0,0.0,0,0,0,0,0,0,4 dr sedan,4 dr sedan,0
17178340,3501588,08/07/2016,12:22,666390,Sedan,TOYT -CAR/SUV,2007.0,1.0,M,Licensed,Going Straight Ahead,Center Front End,Center Front End,Center Front End,No Damage,No Damage,N,,Following Too Closely,Driver Inattention/Distraction,MANHATTAN,10034.0,"(40.87237, -73.912605)",0.0,0.0,0,0,0,0,0,0,Sedan,Sedan,0
17049645,3436214,05/05/2016,11:40,231148,Station Wagon/Sport Utility Vehicle,TOYT -CAR/SUV,2016.0,1.0,M,,Going Straight Ahead,Right Front Quarter Panel,Right Side Doors,,,,N,,Unspecified,Unspecified,BROOKLYN,11219.0,,0.0,0.0,0,0,0,0,0,0,Station Wagon/Sport Utility Vehicle,Station Wagon/Sport Utility Vehicle,0
17346859,3531604,10/01/2016,11:30,877972,Sedan,TOYT -CAR/SUV,2010.0,4.0,M,Licensed,Slowing or Stopping,Center Front End,Left Front Bumper,Center Front End,Right Front Bumper,,N,,Unspecified,Unspecified,,,"(40.827076, -73.85171)",3.0,0.0,0,0,0,0,3,0,Station Wagon/Sport Utility Vehicle,Sedan,1
17319135,3513357,09/01/2016,08:48,757451,Station Wagon/Sport Utility Vehicle,NISS -CAR/SUV,2012.0,1.0,M,,Going Straight Ahead,Right Front Bumper,Right Front Quarter Panel,Right Side Doors,,,N,,Unspecified,Unspecified,BRONX,10472.0,"(40.823902, -73.88192)",0.0,0.0,0,0,0,0,0,0,Station Wagon/Sport Utility Vehicle,FORKL,0
17370502,3534228,10/02/2016,17:50,877127,Sedan,FORD -CAR/SUV,2014.0,2.0,F,,Going Straight Ahead,Left Side Doors,Left Side Doors,Left Rear Quarter Panel,,,N,,Unspecified,Unspecified,,,"(40.766617, -73.98667)",0.0,0.0,0,0,0,0,0,0,Sedan,Sedan,0
17290877,3529408,09/28/2016,11:20,856248,Station Wagon/Sport Utility Vehicle,TOYT -CAR/SUV,2015.0,0.0,,,Parked,Left Rear Quarter Panel,Left Rear Quarter Panel,Left Side Doors,Left Rear Bumper,No Damage,N,,Unspecified,Unspecified,,,"(40.62056, -73.98944)",0.0,0.0,0,0,0,0,0,0,Station Wagon/Sport Utility Vehicle,Pick-up Truck,0
16942042,3422080,04/02/2016,00:00,81166,4 dr sedan,CHEV -CAR/SUV,1996.0,3.0,M,Licensed,Starting from Parking,Center Front End,Other,Other,Center Front End,Other,N,,Unspecified,Unspecified,QUEENS,11691.0,,0.0,0.0,0,0,0,0,0,0,4 dr sedan,4 dr sedan,0
17311968,3469817,06/26/2016,13:50,450142,Station Wagon/Sport Utility Vehicle,HOND -CAR/SUV,2006.0,2.0,F,Licensed,Going Straight Ahead,Center Back End,Left Rear Bumper,No Damage,No Damage,No Damage,N,,Unspecified,Unspecified,,,,0.0,0.0,0,0,0,0,0,0,Taxi,Station Wagon/Sport Utility Vehicle,0
17217104,3505210,08/19/2016,16:51,691369,Sedan,HOND -CAR/SUV,2012.0,1.0,F,Licensed,Making U Turn,Left Side Doors,Left Side Doors,Left Front Quarter Panel,No Damage,No Damage,N,,Unspecified,Unspecified,BRONX,10453.0,"(40.857105, -73.90936)",1.0,0.0,0,0,0,0,1,0,Sedan,Station Wagon/Sport Utility Vehicle,1
17238951,3530865,10/01/2016,13:50,871478,Sedan,TOYT -CAR/SUV,2008.0,1.0,M,Licensed,Changing Lanes,Right Front Bumper,Right Front Bumper,,,,N,,Passing Too Closely,Unspecified,,,"(40.675747, -73.95275)",0.0,0.0,0,0,0,0,0,0,Sedan,Sedan,0
17365635,3586049,12/24/2016,20:00,1265507,Sedan,TOYT -CAR/SUV,2006.0,2.0,F,Licensed,Going Straight Ahead,Left Front Bumper,Center Front End,Right Front Bumper,Right Front Quarter Panel,Left Front Quarter Panel,N,,Driver Inattention/Distraction,Unspecified,BROOKLYN,11214.0,"(40.60242, -73.99459)",0.0,0.0,0,0,0,0,0,0,Sedan,Sedan,0
17333782,3566300,11/22/2016,12:52,1107620,Taxi,TOYT -CAR/SUV,2015.0,1.0,M,Licensed,Making Right Turn,Left Front Bumper,Left Front Bumper,No Damage,No Damage,No Damage,N,,Unspecified,Unspecified,MANHATTAN,10029.0,"(40.797, -73.93778)",0.0,0.0,0,0,0,0,0,0,Taxi,Station Wagon/Sport Utility Vehicle,0
17314981,3527550,09/23/2016,09:00,876386,Sedan,TOYT -CAR/SUV,2009.0,1.0,M,Licensed,Parked,Left Front Bumper,Left Front Bumper,Left Front Quarter Panel,No Damage,No Damage,N,,Failure to Yield Right-of-Way,Unspecified,BROOKLYN,11210.0,"(40.625942, -73.95444)",0.0,0.0,0,0,0,0,0,0,Pick-up Truck,Sedan,0
16979724,4022271,04/18/2016,16:30,162644,4 dr sedan,HOND -CAR/SUV,2015.0,0.0,F,Licensed,Going Straight Ahead,Right Side Doors,,Right Side Doors,,,N,,Unspecified,Unspecified,BRONX,10472.0,,0.0,0.0,0,0,0,0,2,0,4 dr sedan,4 dr sedan,1
17322194,3489244,07/27/2016,22:30,571096,Sedan,INFI -CAR/SUV,2012.0,2.0,F,Licensed,Going Straight Ahead,Right Front Bumper,Right Front Quarter Panel,Right Side Doors,Right Rear Quarter Panel,,N,,Driver Inattention/Distraction,Unspecified,,,"(40.76363, -73.9533)",0.0,0.0,0,0,0,0,0,0,Sedan,Sedan,0
17331051,3542647,10/17/2016,16:30,949372,Station Wagon/Sport Utility Vehicle,MAZD -CAR/SUV,2013.0,1.0,,,Parked,Left Front Bumper,Left Front Bumper,Left Front Quarter Panel,,,N,,Unspecified,Unspecified,BROOKLYN,11223.0,"(40.59085, -73.96745)",0.0,0.0,0,0,0,0,0,0,Station Wagon/Sport Utility Vehicle,,0
17204852,3502442,08/17/2016,15:05,667631,Station Wagon/Sport Utility Vehicle,INFI -CAR/SUV,2015.0,1.0,M,Licensed,Going Straight Ahead,Center Back End,Center Back End,Left Rear Bumper,Right Rear Bumper,No Damage,N,,Unspecified,Unspecified,,,"(40.66936, -73.94165)",0.0,0.0,0,0,0,0,0,0,Station Wagon/Sport Utility Vehicle,Station Wagon/Sport Utility Vehicle,0
17177033,3463627,06/17/2016,16:30,419581,4 dr sedan,HOND -CAR/SUV,2016.0,2.0,F,Licensed,Going Straight Ahead,Center Front End,Center Front End,Left Front Bumper,Right Front Bumper,,N,,Unspecified,Unspecified,,,"(40.819786, -73.92803)",0.0,0.0,0,0,0,0,0,0,4 dr sedan,Sedan,0
17421333,3570520,11/30/2016,10:12,1136106,Sedan,CHEV -CAR/SUV,2005.0,2.0,M,Licensed,Going Straight Ahead,Left Side Doors,Left Side Doors,,,,N,,Driver Inattention/Distraction,Unspecified,,,"(40.67314, -73.86755)",0.0,0.0,0,0,0,0,0,0,Station Wagon/Sport Utility Vehicle,Sedan,0
17264919,3511203,08/28/2016,05:50,896301,Station Wagon/Sport Utility Vehicle,JEEP -CAR/SUV,2016.0,1.0,F,,Slowing or Stopping,Center Back End,Center Back End,Left Rear Bumper,Right Rear Bumper,,N,,Driver Inattention/Distraction,Unspecified,,,"(40.835297, -73.93116)",3.0,0.0,0,0,0,0,3,0,Taxi,Station Wagon/Sport Utility Vehicle,1
17372726,3551035,10/28/2016,17:45,994539,Sedan,TOYT -CAR/SUV,2003.0,1.0,F,Licensed,Making Right Turn,Right Side Doors,Right Side Doors,Left Front Bumper,Left Front Quarter Panel,Right Front Quarter Panel,Unspecified,,Turning Improperly,View Obstructed/Limited,,,"(40.832607, -73.85752)",0.0,0.0,0,0,0,0,0,0,Station Wagon/Sport Utility Vehicle,Station Wagon/Sport Utility Vehicle,0
17256101,3477955,07/10/2016,21:45,502484,4 dr sedan,FORD -CAR/SUV,2003.0,2.0,F,Licensed,Going Straight Ahead,Center Front End,Right Front Bumper,,,,Unspecified,,Following Too Closely,Unspecified,,,,0.0,0.0,0,0,0,0,0,0,4 dr sedan,4 dr sedan,0
17291861,3560174,11/14/2016,10:27,1067118,Sedan,HOND -CAR/SUV,2007.0,1.0,F,Licensed,Going Straight Ahead,Center Back End,Center Back End,Left Rear Bumper,Right Rear Bumper,Left Rear Quarter Panel,N,,Unspecified,Unspecified,,,"(40.8451, -73.90931)",1.0,0.0,0,0,0,0,1,0,Sedan,Box Truck,1
17055131,3438884,05/08/2016,00:10,256768,Station Wagon/Sport Utility Vehicle,DODG -CAR/SUV,2011.0,3.0,M,Licensed,Going Straight Ahead,Left Front Bumper,Left Front Bumper,Center Front End,Right Front Bumper,,N,,Unspecified,Unspecified,QUEENS,11419.0,"(40.69407, -73.82802)",0.0,0.0,0,0,0,0,0,0,Station Wagon/Sport Utility Vehicle,Station Wagon/Sport Utility Vehicle,0
17173681,3476346,07/06/2016,22:30,495097,Station Wagon/Sport Utility Vehicle,CHEV -CAR/SUV,2008.0,0.0,,,Parked,Center Back End,Center Back End,Right Rear Bumper,Left Rear Bumper,,N,,Unspecified,Unspecified,BROOKLYN,11205.0,"(40.693966, -73.95793)",0.0,0.0,0,0,0,0,0,0,4 dr sedan,4 dr sedan,0
17339002,3590635,12/13/2016,12:45,1278128,Motorcycle,YAMA -MCL,2015.0,1.0,M,,Going Straight Ahead,Left Front Quarter Panel,No Damage,,,,N,,Traffic Control Disregarded,Driver Inattention/Distraction,,,"(40.608253, -73.897835)",2.0,0.0,1,0,0,0,1,0,Motorcycle,,1
17188410,3478376,07/07/2016,08:42,492338,Station Wagon/Sport Utility Vehicle,JEEP -CAR/SUV,2015.0,1.0,F,,Going Straight Ahead,Right Side Doors,Right Side Doors,No Damage,No Damage,No Damage,N,,Unspecified,Unspecified,BRONX,10461.0,"(40.84307, -73.848076)",0.0,0.0,0,0,0,0,0,0,Station Wagon/Sport Utility Vehicle,Van,0
17256513,3495329,07/26/2016,11:10,620841,Sedan,HOND -CAR/SUV,2015.0,1.0,M,Licensed,Merging,Left Rear Quarter Panel,Left Rear Quarter Panel,,,,N,,Other Vehicular,Other Vehicular,MANHATTAN,10016.0,"(40.74608, -73.974945)",0.0,0.0,0,0,0,0,0,0,Pick-up Truck,Sedan,0
17153449,3524942,09/21/2016,20:55,826892,Sedan,NISS -CAR/SUV,2015.0,1.0,F,Licensed,Going Straight Ahead,Left Front Quarter Panel,Left Front Quarter Panel,Left Front Bumper,Left Side Doors,,N,,Driver Inattention/Distraction,Unspecified,,,"(40.585304, -73.818054)",1.0,0.0,0,0,0,0,1,0,Sedan,Sedan,1
17305401,3497671,07/25/2016,10:45,634895,4 dr sedan,TOYT -CAR/SUV,2011.0,1.0,M,Licensed,Going Straight Ahead,Center Front End,Center Front End,Right Front Bumper,,,N,,Driver Inattention/Distraction,Passing or Lane Usage Improper,QUEENS,11377.0,"(40.76073, -73.90194)",0.0,0.0,0,0,0,0,0,0,Station Wagon/Sport Utility Vehicle,4 dr sedan,0
16962540,3409877,04/07/2016,12:59,130113,Station Wagon/Sport Utility Vehicle,GMC -CAR/SUV,2014.0,1.0,M,Licensed,Slowing or Stopping,Center Back End,Center Back End,Right Rear Bumper,Left Rear Bumper,Center Front End,N,,Unspecified,Unspecified,,,,2.0,0.0,0,0,0,0,2,0,Station Wagon/Sport Utility Vehicle,4 dr sedan,1
17172430,3457852,06/07/2016,13:55,382314,Station Wagon/Sport Utility Vehicle,HOND -CAR/SUV,2007.0,2.0,F,Licensed,Parked,Center Back End,Center Back End,No Damage,No Damage,No Damage,N,,Unspecified,Unspecified,,,"(40.644127, -74.00417)",2.0,0.0,0,0,0,0,2,0,Station Wagon/Sport Utility Vehicle,4 dr sedan,1
17045982,3443878,05/17/2016,17:13,284801,4 dr sedan,DODG -CAR/SUV,2006.0,1.0,M,,Going Straight Ahead,Right Side Doors,Right Rear Quarter Panel,Right Side Doors,,,N,,Unspecified,Unspecified,BRONX,10460.0,"(40.849308, -73.88481)",0.0,0.0,0,0,0,0,0,0,4 dr sedan,4 dr sedan,0
17185534,3543771,10/20/2016,08:30,955180,Station Wagon/Sport Utility Vehicle,CADI -CAR/SUV,2015.0,4.0,M,Licensed,Going Straight Ahead,Center Back End,Center Back End,,,,N,,Unspecified,Unspecified,MANHATTAN,10025.0,"(40.789673, -73.96986)",0.0,0.0,0,0,0,0,0,0,Sedan,Station Wagon/Sport Utility Vehicle,0
17236532,3505834,08/23/2016,17:00,694796,Station Wagon/Sport Utility Vehicle,CHEV -CAR/SUV,2012.0,1.0,M,Licensed,Making Right Turn,No Damage,No Damage,,,,N,,Driver Inattention/Distraction,Unspecified,MANHATTAN,10010.0,"(40.73883, -73.983154)",0.0,0.0,0,0,0,0,0,0,Station Wagon/Sport Utility Vehicle,Bike,0
17199000,3518401,09/10/2016,13:40,772263,Station Wagon/Sport Utility Vehicle,JEEP -CAR/SUV,2014.0,1.0,M,Licensed,Starting from Parking,Left Front Bumper,Left Front Bumper,Center Front End,Center Front End,,N,,Failure to Yield Right-of-Way,Driver Inattention/Distraction,MANHATTAN,10034.0,"(40.864967, -73.92222)",0.0,0.0,0,0,0,0,0,0,Station Wagon/Sport Utility Vehicle,Station Wagon/Sport Utility Vehicle,0
17287201,3588301,12/27/2016,10:00,1260043,unkno,unknown,,1.0,,,Going Straight Ahead,Right Front Bumper,Right Front Bumper,Right Front Bumper,,,N,,Passing Too Closely,Unspecified,BROOKLYN,11236.0,"(40.629078, -73.89703)",0.0,0.0,0,0,0,0,0,0,Sedan,unkno,0
17049637,3442350,05/14/2016,03:55,270345,4 dr sedan,HOND -CAR/SUV,2002.0,1.0,F,Licensed,Going Straight Ahead,Right Rear Quarter Panel,Left Front Bumper,Left Front Quarter Panel,Right Rear Quarter Panel,,N,,Unspecified,Unspecified,,,"(40.89689, -73.86079)",0.0,0.0,0,0,0,0,0,0,4 dr sedan,,0
17147430,3472401,06/30/2016,14:15,468935,Station Wagon/Sport Utility Vehicle,CHRY -CAR/SUV,2005.0,1.0,F,Licensed,Going Straight Ahead,Right Front Quarter Panel,Right Front Quarter Panel,Right Front Quarter Panel,Right Side Doors,Right Front Quarter Panel,N,,Driver Inattention/Distraction,Unspecified,QUEENS,11691.0,"(40.596325, -73.76673)",0.0,0.0,0,0,0,0,0,0,Station Wagon/Sport Utility Vehicle,Station Wagon/Sport Utility Vehicle,0
17289479,3552461,11/01/2016,18:00,1011738,Sedan,HYUN -CAR/SUV,2014.0,3.0,F,Licensed,Going Straight Ahead,Left Front Bumper,Left Front Bumper,,,,N,,Unspecified,Unspecified,BROOKLYN,11222.0,"(40.71994, -73.9459)",0.0,0.0,0,0,0,0,0,0,Sedan,Sedan,0
17257054,3515381,09/05/2016,13:08,764207,Sedan,VOLV -CAR/SUV,2008.0,1.0,M,Licensed,Going Straight Ahead,Center Front End,Center Front End,,,,N,,Unspecified,Unspecified,BROOKLYN,11234.0,"(40.618652, -73.9317)",0.0,0.0,0,0,0,0,0,0,Sedan,Station Wagon/Sport Utility Vehicle,0
17173940,3474292,07/04/2016,14:45,483733,4 dr sedan,HOND -CAR/SUV,2009.0,0.0,,,Parked,Right Front Bumper,Right Front Bumper,Center Front End,Left Front Bumper,No Damage,N,,Unspecified,Unspecified,BRONX,10453.0,"(40.8518, -73.909225)",0.0,0.0,0,0,0,0,0,0,4 dr sedan,4 dr sedan,0
16958589,3411059,04/05/2016,06:15,92359,Flat Bed,VOLV -TRUCK/BUS,2016.0,1.0,M,Licensed,Making Right Turn,No Damage,No Damage,,,,N,,Oversized Vehicle,Driver Inattention/Distraction,,,"(40.8059, -73.92523)",0.0,0.0,0,0,0,0,0,0,Flat Bed,4 dr sedan,0
17295787,3506101,08/16/2016,14:00,675502,Sedan,NISS -CAR/SUV,2004.0,2.0,M,Licensed,Going Straight Ahead,Center Back End,Left Rear Bumper,No Damage,No Damage,No Damage,N,,Unspecified,Unspecified,BROOKLYN,11203.0,"(40.65434, -73.94704)",0.0,0.0,0,0,0,0,0,0,Sedan,Station Wagon/Sport Utility Vehicle,0
16983164,3428636,04/24/2016,06:00,183992,Station Wagon/Sport Utility Vehicle,HOND -CAR/SUV,2007.0,0,,,Parked,Left Rear Bumper,Left Rear Bumper,Left Rear Quarter Panel,,,N,,Unspecified,Unspecified,QUEENS,11434.0,"(40.684578, -73.782)",0.0,0.0,0,0,0,0,0,0,Station Wagon/Sport Utility Vehicle,,0
17032955,3412999,04/14/2016,13:30,217389,Box Truck,ISU-TRUCK/BUS,2006.0,0,,,Parked,Left Rear Quarter Panel,Left Rear Quarter Panel,,,,N,,Other Vehicular,Unspecified,BRONX,10458.0,,0.0,0.0,0,0,0,0,0,0,4 dr sedan,Box Truck,0
17059241,3452484,05/21/2016,22:15,302071,Station Wagon/Sport Utility Vehicle,TOYT -CAR/SUV,2015.0,3,F,Licensed,Going Straight Ahead,Left Side Doors,Left Side Doors,Left Rear Quarter Panel,Left Rear Bumper,,N,,Unspecified,Unspecified,QUEENS,11370.0,"(40.76635, -73.88756)",0.0,0.0,0,0,0,0,0,0,Station Wagon/Sport Utility Vehicle,4 dr sedan,0
17165942,3483947,07/19/2016,15:40,536641,LIFT,JLG,2015.0,1,M,Licensed,Backing,No Damage,No Damage,,,,N,,Driver Inattention/Distraction,Driver Inattention/Distraction,BROOKLYN,11205.0,"(40.694103, -73.96414)",0.0,0.0,0,0,0,0,0,0,Station Wagon/Sport Utility Vehicle,LIFT,0
16941471,3424935,03/18/2016,00:00,18718,,FORD -CAR/SUV,2006.0,2,M,Licensed,Going Straight Ahead,Left Front Bumper,Left Front Bumper,,,,N,,Passenger Distraction,Driver Inattention/Distraction,QUEENS,11365.0,"(40.7405, -73.78694)",0.0,0.0,0,0,0,0,0,0,,,0
17593342,3416490,04/06/2016,18:16,65146d1f-d248-40d1-84cd-10deedd7d28f,Station Wagon/Sport Utility Vehicle,INFI -CAR/SUV,2008.0,1,M,Licensed,Making Right Turn,Right Side Doors,Right Side Doors,No Damage,No Damage,No Damage,N,,Unspecified,Unspecified,BROOKLYN,11203.0,,0.0,0.0,0,0,0,0,0,0,Station Wagon/Sport Utility Vehicle,Station Wagon/Sport Utility Vehicle,0
16952794,3414250,03/28/2016,15:45,61281,Bus,IC OMNIBUS,2014.0,10,M,Licensed,,Left Side Doors,No Damage,,,,N,,Unspecified,Unspecified,BRONX,10465.0,,0.0,0.0,0,0,0,0,0,0,Bus,Station Wagon/Sport Utility Vehicle,0
17329175,3538771,10/12/2016,11:30,920626,Sedan,TOYT -CAR/SUV,2012.0,0,,,Parked,Center Front End,Center Front End,No Damage,No Damage,No Damage,N,,Unspecified,Unspecified,QUEENS,11370.0,"(40.75692, -73.887505)",0.0,0.0,0,0,0,0,0,0,Station Wagon/Sport Utility Vehicle,Sedan,0
17059395,3451082,05/19/2016,11:10,293161,Box Truck,INTL-TRUCK/BUS,2010.0,2,M,Licensed,Going Straight Ahead,Left Front Bumper,Left Front Bumper,No Damage,No Damage,No Damage,N,,Driver Inattention/Distraction,Fatigued/Drowsy,,,"(40.704636, -73.94104)",1.0,0.0,1,0,0,0,0,0,Box Truck,Station Wagon/Sport Utility Vehicle,1
17329379,3563140,11/16/2016,17:20,1080645,Station Wagon/Sport Utility Vehicle,MERZ -CAR/SUV,2010.0,2,M,Licensed,Merging,Left Side Doors,Left Side Doors,,,,N,,Driver Inattention/Distraction,Unspecified,,,"(40.800983, -73.92927)",0.0,0.0,0,0,0,0,0,0,Station Wagon/Sport Utility Vehicle,Station Wagon/Sport Utility Vehicle,0
17072311,3444816,05/19/2016,23:15,294961,Station Wagon/Sport Utility Vehicle,NISS -CAR/SUV,1996.0,1,M,Licensed,Changing Lanes,Center Back End,Left Rear Bumper,Right Rear Bumper,,,N,,Unsafe Lane Changing,Unspecified,QUEENS,11357.0,"(40.783634, -73.825195)",1.0,0.0,0,0,0,0,1,0,4 dr sedan,Station Wagon/Sport Utility Vehicle,1
17229637,3525757,09/13/2016,13:34,899574,Box Truck,HINO -TRUCK/BUS,2007.0,1,M,Licensed,Making Right Turn,Left Front Bumper,Left Front Bumper,,,,N,,Unspecified,Unspecified,BROOKLYN,11216.0,"(40.680073, -73.94356)",0.0,0.0,0,0,0,0,0,0,Box Truck,Station Wagon/Sport Utility Vehicle,0
17281233,3567471,11/24/2016,14:30,1116458,Sedan,JEEP -CAR/SUV,2014.0,3,M,Licensed,Going Straight Ahead,Left Front Bumper,Left Front Bumper,Center Front End,Right Front Bumper,,N,,Driver Inattention/Distraction,Unspecified,BROOKLYN,11216.0,"(40.67164, -73.95034)",0.0,0.0,0,0,0,0,0,0,Sedan,Sedan,0
17329265,3583877,12/19/2016,12:55,1226149,Sedan,HOND -CAR/SUV,2016.0,1,F,Licensed,Going Straight Ahead,Right Rear Quarter Panel,Right Rear Quarter Panel,Right Rear Bumper,,,N,,Passing or Lane Usage Improper,Unspecified,,,"(40.637745, -74.07603)",0.0,0.0,0,0,0,0,0,0,Sedan,Sedan,0