UNIQUE_ID,COLLISION_ID,CRASH_DATE,CRASH_TIME,VEHICLE_ID,VEHICLE_TYPE,VEHICLE_MAKE,VEHICLE_YEAR,VEHICLE_OCCUPANTS,DRIVER_SEX,DRIVER_LICENSE_STATUS,PRE_CRASH,POINT_OF_IMPACT,VEHICLE_DAMAGE,VEHICLE_DAMAGE_1,VEHICLE_DAMAGE_2,VEHICLE_DAMAGE_3,PUBLIC_PROPERTY_DAMAGE,PUBLIC_PROPERTY_DAMAGE_TYPE,CONTRIBUTING_FACTOR_1,CONTRIBUTING_FACTOR_2,BOROUGH,ZIP CODE,LOCATION,NUMBER OF PERSONS INJURED,NUMBER OF PERSONS KILLED,NUMBER OF PEDESTRIANS INJURED,NUMBER OF PEDESTRIANS KILLED,NUMBER OF CYCLIST INJURED,NUMBER OF CYCLIST KILLED,NUMBER OF MOTORIST INJURED,NUMBER OF MOTORIST KILLED,VEHICLE TYPE CODE 1,VEHICLE TYPE CODE 2,Severity
17201964,3520618,09/12/2016,19:26,798624,Sedan,TOYT -CAR/SUV,1999.0,,,,Backing,,,,,,N,,Backing Unsafely,Unspecified,BRONX,10474.0,"(40.81962, -73.888794)",0.0,0.0,0,0,0,0,0,0,Sedan,Sedan,0
17263100,3529251,09/28/2016,09:20,855329,Box Truck,INTL-TRUCK/BUS,2005.0,1,M,Licensed,Going Straight Ahead,Right Front Quarter Panel,Right Front Quarter Panel,,,,N,,Unspecified,Unspecified,,,"(40.839615, -73.88443)",0.0,0.0,0,0,0,0,0,0,Sedan,Box Truck,0
17288242,3494298,08/02/2016,15:00,598748,Sedan,HOND -CAR/SUV,2006.0,1,F,Licensed,Stopped in Traffic,Center Back End,Center Back End,Center Back End,Center Back End,,N,,Unspecified,Unspecified,QUEENS,11379.0,"(40.712727, -73.87935)",0.0,0.0,0,0,0,0,0,0,Sedan,Station Wagon/Sport Utility Vehicle,0
17032711,3448696,05/25/2016,17:43,318805,Taxi,TOYT -CAR/SUV,2014.0,1,M,Licensed,Other*,Right Rear Bumper,Right Rear Bumper,Right Rear Quarter Panel,No Damage,No Damage,N,,Unspecified,Unspecified,MANHATTAN,10031.0,"(40.825134, -73.95141)",0.0,0.0,0,0,0,0,0,0,Taxi,Pick-up Truck,0
17362801,3583105,12/18/2016,19:10,1220019,Sedan,BMW -CAR/SUV,2016.0,0,,,Parked,Center Front End,Center Front End,Roof,No Damage,No Damage,N,,Unspecified,Unspecified,,,"(40.62072, -74.029205)",1.0,0.0,0,0,0,0,1,0,Sedan,Sedan,1
17268989,3532520,08/03/2016,19:45,605359,Station Wagon/Sport Utility Vehicle,TOYT -CAR/SUV,2006.0,1,M,Licensed,Going Straight Ahead,Right Rear Bumper,Right Rear Bumper,,,,N,,Other Vehicular,Unspecified,MANHATTAN,10022.0,"(40.760254, -73.967545)",0.0,0.0,0,0,0,0,0,0,Station Wagon/Sport Utility Vehicle,Station Wagon/Sport Utility Vehicle,0
17173720,4022932,06/07/2016,17:00,394881,4 dr sedan,MITS -CAR/SUV,1997.0,1,M,Licensed,Going Straight Ahead,Center Front End,Center Front End,No Damage,No Damage,No Damage,Unspecified,,Driver Inattention/Distraction,Unspecified,MANHATTAN,10029.0,"(40.797943, -73.94213)",0.0,0.0,0,0,0,0,0,0,4 dr sedan,Sedan,0
17070152,3451849,05/20/2016,23:50,298911,Pick-up Truck,Peterbuilt,2015.0,1,M,Licensed,Going Straight Ahead,Right Front Quarter Panel,Right Front Quarter Panel,No Damage,No Damage,No Damage,N,,Unspecified,Unspecified,QUEENS,11101.0,"(40.739674, -73.934586)",0.0,0.0,0,0,0,0,0,0,Pick-up Truck,Pick-up Truck,0
17299827,3497542,08/09/2016,22:35,632406,Station Wagon/Sport Utility Vehicle,FORD -CAR/SUV,1999.0,0,,,Parked,Left Rear Bumper,Left Rear Bumper,,,,Unspecified,,Unspecified,Unspecified,,,"(40.70311, -73.86655)",0.0,0.0,0,0,0,0,0,0,Sedan,Station Wagon/Sport Utility Vehicle,0
17383372,3559830,11/09/2016,00:10,1085578,Sedan,HOND -CAR/SUV,2013.0,3,,,,Center Front End,Center Front End,Left Front Bumper,Left Front Quarter Panel,Center Front End,N,,Unsafe Speed,Unsafe Lane Changing,,,"(40.67425, -73.80145)",3.0,0.0,0,0,0,0,3,0,Sedan,Sedan,1
17297482,3496881,08/08/2016,19:40,627276,Pick-up Truck,TOYT -CAR/SUV,2000.0,1,M,Licensed,Passing,Right Side Doors,Right Side Doors,Center Front End,Right Front Bumper,Right Front Quarter Panel,Unspecified,,Passing or Lane Usage Improper,Unspecified,QUEENS,11412.0,"(40.686546, -73.76124)",2.0,0.0,0,0,0,0,2,0,Pick-up Truck,Sedan,1
17033545,3433831,04/28/2016,15:20,217274,4 dr sedan,MAZD -CAR/SUV,2010.0,2,F,Licensed,Making Left Turn,Right Front Bumper,Right Front Bumper,Right Front Quarter Panel,,,N,,Unspecified,Unspecified,BROOKLYN,11236.0,,0.0,0.0,0,0,0,0,0,0,4 dr sedan,4 dr sedan,0
17424196,3570771,12/01/2016,00:45,1139633,Sedan,TOYT -CAR/SUV,1999.0,2,F,Licensed,Making Right Turn,Left Front Bumper,Left Front Bumper,Left Front Quarter Panel,No Damage,No Damage,N,,Unspecified,Unspecified,QUEENS,11001.0,"(40.727226, -73.71051)",0.0,0.0,0,0,0,0,0,0,Station Wagon/Sport Utility Vehicle,Sedan,0
17183081,3515809,09/09/2016,03:00,767860,Station Wagon/Sport Utility Vehicle,JEEP -CAR/SUV,2005.0,1,M,Licensed,Going Straight Ahead,No Damage,No Damage,No Damage,No Damage,No Damage,N,,Unspecified,Unspecified,MANHATTAN,10003.0,"(40.730495, -73.98855)",0.0,0.0,0,0,0,0,0,0,Station Wagon/Sport Utility Vehicle,Sedan,0
17070346,3452435,05/27/2016,17:30,331604,Station Wagon/Sport Utility Vehicle,TOYT -CAR/SUV,2006.0,1,M,Licensed,Making Left Turn,Left Rear Quarter Panel,Left Rear Quarter Panel,,,,N,,Backing Unsafely,Unspecified,QUEENS,11101.0,"(40.755795, -73.93581)",0.0,0.0,0,0,0,0,0,0,4 dr sedan,Station Wagon/Sport Utility Vehicle,0
17326097,3528203,09/26/2016,11:40,846214,Sedan,MERZ -CAR/SUV,2016.0,1,M,Licensed,Making Right Turn,Right Side Doors,Right Front Quarter Panel,Right Side Doors,Right Front Bumper,,N,,Unspecified,Unspecified,BROOKLYN,11211.0,"(40.71406, -73.95292)",0.0,0.0,0,0,0,0,0,0,Sedan,Pick-up Truck,0
17284126,3505703,08/21/2016,22:20,684742,Sedan,NISS -CAR/SUV,,1,M,Licensed,Stopped in Traffic,Center Back End,Center Back End,,,,N,,Unspecified,Unspecified,QUEENS,11373.0,"(40.745365, -73.88834)",0.0,0.0,0,0,0,0,0,0,Sedan,Station Wagon/Sport Utility Vehicle,0
17260356,3538515,10/11/2016,14:00,918015,Sedan,ACUR -CAR/SUV,2007.0,0,,,Parked,Right Front Quarter Panel,Right Front Quarter Panel,Right Front Bumper,No Damage,No Damage,N,,Unspecified,Unspecified,BROOKLYN,11215.0,"(40.671185, -73.97299)",0.0,0.0,0,0,0,0,0,0,Sedan,Box Truck,0
17378927,3552565,11/02/2016,12:00,1015008,Sedan,TOYT -CAR/SUV,2003.0,1,F,Licensed,Entering Parked Position,Center Back End,Center Back End,Center Back End,,,N,,Unspecified,Unspecified,,,"(40.676647, -73.77816)",0.0,0.0,0,0,0,0,0,0,Sedan,Sedan,0
20822944,3512495,09/02/2016,17:10,fc258b44-b41d-4e5a-ad17-02d4c64bad40,Station Wagon/Sport Utility Vehicle,JEEP -CAR/SUV,2015.0,2,F,Licensed,Stopped in Traffic,Right Front Bumper,Right Front Quarter Panel,Right Side Doors,No Damage,No Damage,N,,Unspecified,Unspecified,,,"    (40.676296, -73.8972)",0.0,0.0,0,0,0,0,0,0,Station Wagon/Sport Utility Vehicle,Pick-up Truck,0
17238276,3516907,09/10/2016,17:14,780646,Station Wagon/Sport Utility Vehicle,MERC -CAR/SUV,1998.0,1,,,Going Straight Ahead,Right Rear Quarter Panel,Right Rear Quarter Panel,No Damage,No Damage,No Damage,N,,Driver Inattention/Distraction,Aggressive Driving/Road Rage,BRONX,10452.0,,0.0,0.0,0,0,0,0,0,0,Sedan,Station Wagon/Sport Utility Vehicle,0
17262030,3551639,10/31/2016,16:50,1006175,Sedan,HOND -CAR/SUV,2016.0,1,F,Licensed,Making Right Turn,Left Rear Bumper,Left Rear Quarter Panel,,,,N,,Unspecified,Unspecified,BROOKLYN,11203.0,"(40.65777, -73.93962)",0.0,0.0,0,0,0,0,0,0,Sedan,Station Wagon/Sport Utility Vehicle,0
17253197,3540057,10/10/2016,15:10,931982,Station Wagon/Sport Utility Vehicle,HOND -CAR/SUV,2009.0,0,,,Parked,Left Rear Bumper,Left Rear Bumper,Right Front Bumper,Left Rear Quarter Panel,No Damage,N,,Unspecified,Unspecified,BROOKLYN,11221.0,"(40.691734, -73.918434)",0.0,0.0,0,0,0,0,0,0,Sedan,Box Truck,0
17363117,3569972,11/25/2016,16:58,1133061,Sedan,HOND -CAR/SUV,2011.0,3,F,,Changing Lanes,Center Front End,Center Front End,Right Front Bumper,Left Front Bumper,Right Front Quarter Panel,N,,Following Too Closely,Unsafe Lane Changing,,,"(40.70145, -73.989624)",0.0,0.0,0,0,0,0,0,0,Sedan,Sedan,0
17281636,3518310,09/12/2016,15:40,785604,Sedan,FORD -CAR/SUV,2011.0,1,M,Licensed,Making U Turn,Right Front Bumper,Right Front Bumper,No Damage,No Damage,No Damage,N,,Turning Improperly,Traffic Control Disregarded,MANHATTAN,10036.0,,0.0,0.0,0,0,0,0,0,0,Sedan,Sedan,0
17072101,3447029,05/20/2016,13:00,334863,Stake or Rack,GMC-TRUCK/BUS,1993.0,1,M,Licensed,Going Straight Ahead,Center Back End,No Damage,No Damage,No Damage,No Damage,N,,Passing Too Closely,Driver Inattention/Distraction,BROOKLYN,11208.0,"(40.669117, -73.86514)",0.0,0.0,0,0,0,0,0,0,4 dr sedan,Stake or Rack,0
17186747,3467290,06/24/2016,02:15,440673,4 dr sedan,FORD -CAR/SUV,2001.0,1,F,Licensed,Going Straight Ahead,Center Front End,Center Front End,,,,N,,Other Vehicular,Unspecified,BROOKLYN,11223.0,"(40.605656, -73.9812)",1.0,0.0,0,0,0,0,1,0,Station Wagon/Sport Utility Vehicle,4 dr sedan,1
17223958,3519495,09/12/2016,09:00,790729,Sedan,NISS -CAR/SUV,2009.0,1,M,Licensed,Passing,Left Front Quarter Panel,Left Side Doors,Left Rear Quarter Panel,,,N,,Unspecified,Unspecified,BROOKLYN,11238.0,"(40.678413, -73.967896)",0.0,0.0,0,0,0,0,0,0,Sedan,Sedan,0
17343906,3566247,11/22/2016,16:30,1108670,Station Wagon/Sport Utility Vehicle,NISS -CAR/SUV,2004.0,1,F,Licensed,Going Straight Ahead,Left Rear Quarter Panel,Left Rear Quarter Panel,Left Rear Bumper,Left Rear Bumper,,N,,Unspecified,Unspecified,BRONX,10451.0,"(40.818558, -73.92732)",0.0,0.0,0,0,0,0,0,0,Station Wagon/Sport Utility Vehicle,Sedan,0
17265004,3500678,08/13/2016,01:58,647811,Sedan,BMW -CAR/SUV,2006.0,0,,,Parked,Left Rear Quarter Panel,Left Rear Quarter Panel,Left Rear Bumper,,,N,,Unspecified,Unspecified,QUEENS,11372.0,"(40.754707, -73.87575)",0.0,0.0,0,0,0,0,0,0,Sedan,Sedan,0
17056320,3452194,05/21/2016,17:00,301110,Station Wagon/Sport Utility Vehicle,ACUR -CAR/SUV,2015.0,1,F,Licensed,Making Right Turn,Right Front Quarter Panel,Right Front Quarter Panel,Right Side Doors,,,N,,Unspecified,Unspecified,,,"(40.71042, -73.85964)",0.0,0.0,0,0,0,0,0,0,Station Wagon/Sport Utility Vehicle,Station Wagon/Sport Utility Vehicle,0
17186699,3463569,06/18/2016,22:50,419559,4 dr sedan,LEXS -CAR/SUV,2014.0,2,M,Licensed,Going Straight Ahead,Right Rear Quarter Panel,Right Rear Quarter Panel,Right Rear Bumper,,,N,,Passing or Lane Usage Improper,Driver Inattention/Distraction,MANHATTAN,10001.0,,0.0,0.0,0,0,0,0,0,0,4 dr sedan,4 dr sedan,0
16969319,3428431,04/07/2016,17:30,104845,4 dr sedan,TOYT -CAR/SUV,2007.0,4,M,Licensed,Going Straight Ahead,Right Front Bumper,Right Front Bumper,,,,Unspecified,,Driver Inattention/Distraction,Unspecified,QUEENS,11433.0,"(40.69069, -73.78962)",0.0,0.0,0,0,0,0,0,0,4 dr sedan,4 dr sedan,0
17411315,3521999,09/18/2016,09:30,809563,Station Wagon/Sport Utility Vehicle,KIA -CAR/SUV,2003.0,0,,,Parked,Left Front Quarter Panel,Left Front Quarter Panel,Left Front Bumper,Center Front End,Right Front Bumper,N,,Unspecified,Unspecified,QUEENS,11422.0,"(40.677044, -73.72942)",0.0,0.0,0,0,0,0,0,0,Sedan,Station Wagon/Sport Utility Vehicle,0
17301339,3521354,09/15/2016,20:00,799426,Sedan,VOLK -CAR/SUV,2015.0,0,M,Licensed,Parked,Left Rear Bumper,Left Rear Bumper,Center Back End,Right Rear Bumper,Right Rear Quarter Panel,N,,Unspecified,Unspecified,QUEENS,11370.0,"(40.756607, -73.89598)",0.0,0.0,0,0,0,0,0,0,Sedan,Sedan,0
17049132,3436715,05/03/2016,19:00,242750,4 dr sedan,TOYT -CAR/SUV,2007.0,1,M,Licensed,Going Straight Ahead,Center Back End,Center Back End,,,,N,,Unspecified,Unspecified,,,"(40.710197, -73.95843)",1.0,0.0,0,0,0,0,1,0,4 dr sedan,4 dr sedan,1
17146437,3457583,06/06/2016,08:50,366989,4 dr sedan,FORD -CAR/SUV,2015.0,1,M,Licensed,Going Straight Ahead,Center Back End,Center Back End,,,,N,,Unspecified,Unspecified,MANHATTAN,10025.0,"(40.794052, -73.970375)",0.0,0.0,0,0,0,0,0,0,4 dr sedan,Station Wagon/Sport Utility Vehicle,0
17382705,3556332,11/08/2016,08:50,1041534,Station Wagon/Sport Utility Vehicle,HYUN -CAR/SUV,2009.0,1,F,Licensed,Making Left Turn,Right Front Bumper,Right Front Bumper,Center Front End,,,N,,Driver Inattention/Distraction,Turning Improperly,QUEENS,11436.0,"(40.673298, -73.789894)",2.0,0.0,0,0,0,0,2,0,Sedan,Tractor Truck Diesel,1
17394152,3576137,12/05/2016,19:50,1174755,Sedan,NISS -CAR/SUV,2004.0,0,,,Going Straight Ahead,Right Rear Quarter Panel,Right Rear Bumper,,,,N,,Driver Inattention/Distraction,Driver Inattention/Distraction,,,"(40.702595, -73.8553)",0.0,0.0,0,0,0,0,0,0,Bus,Sedan,0
17366033,3536806,09/30/2016,20:28,909881,Station Wagon/Sport Utility Vehicle,TOYT -CAR/SUV,2015.0,1,F,Licensed,Parked,Left Side Doors,Left Side Doors,,,,N,,Driver Inattention/Distraction,Unspecified,QUEENS,11365.0,"(40.736813, -73.80577)",0.0,0.0,0,0,0,0,0,0,Station Wagon/Sport Utility Vehicle,Station Wagon/Sport Utility Vehicle,0
17254999,3539454,10/13/2016,10:50,925621,Sedan,HYUN -CAR/SUV,2017.0,0,,,Parked,Left Rear Bumper,Left Rear Bumper,Left Rear Quarter Panel,No Damage,No Damage,N,,Unspecified,Unspecified,BROOKLYN,11237.0,"(40.703976, -73.92309)",0.0,0.0,0,0,0,0,0,0,Sedan,Station Wagon/Sport Utility Vehicle,0
17426452,3587804,12/27/2016,00:00,1256699,Station Wagon/Sport Utility Vehicle,VOLV -CAR/SUV,2010.0,2,M,Licensed,Slowing or Stopping,Center Back End,Right Rear Bumper,Center Back End,Left Rear Bumper,,N,,Unspecified,Unspecified,QUEENS,11422.0,"(40.663788, -73.734024)",1.0,0.0,0,0,0,0,1,0,Sedan,Station Wagon/Sport Utility Vehicle,1
17229364,3487125,07/22/2016,12:35,548468,4 dr sedan,TOYT -CAR/SUV,2010.0,,,,,,,,,,N,,Driver Inattention/Distraction,Unspecified,,,"(40.6374, -74.01116)",0.0,0.0,0,0,0,0,0,0,Station Wagon/Sport Utility Vehicle,4 dr sedan,0
17236267,3572583,12/03/2016,00:30,1149250,Sedan,VOLK -CAR/SUV,2013.0,1,,,Making Left Turn,Right Side Doors,No Damage,No Damage,No Damage,No Damage,N,,Driver Inattention/Distraction,Failure to Yield Right-of-Way,,,"(40.723648, -73.99103)",0.0,0.0,0,0,0,0,0,0,Sedan,Station Wagon/Sport Utility Vehicle,0
17143872,3423708,03/20/2016,19:45,875728,4 dr sedan,NISS -CAR/SUV,2015.0,,,,Making Left Turn,Left Front Bumper,No Damage,,,,N,,,,QUEENS,11411.0,,1.0,0.0,1,0,0,0,0,0,4 dr sedan,,1
17047285,3432183,04/29/2016,17:00,205643,Station Wagon/Sport Utility Vehicle,HOND -CAR/SUV,2011.0,1,M,Licensed,Stopped in Traffic,Right Front Bumper,Right Front Bumper,No Damage,No Damage,No Damage,N,,Unspecified,Unspecified,BROOKLYN,11212.0,,0.0,0.0,0,0,0,0,0,0,Station Wagon/Sport Utility Vehicle,Station Wagon/Sport Utility Vehicle,0
17152971,3451172,05/25/2016,11:40,845722,Station Wagon/Sport Utility Vehicle,TOYT -CAR/SUV,2007.0,1,M,Licensed,Going Straight Ahead,Center Front End,No Damage,No Damage,No Damage,No Damage,N,,Driver Inattention/Distraction,Unspecified,BROOKLYN,11222.0,"(40.720516, -73.94462)",0.0,0.0,0,0,0,0,0,0,Station Wagon/Sport Utility Vehicle,Station Wagon/Sport Utility Vehicle,0
17379334,3544612,10/21/2016,20:39,963329,Sedan,HYUN -CAR/SUV,2016.0,2,F,Licensed,Going Straight Ahead,Left Front Bumper,Left Front Bumper,Left Front Bumper,Left Front Bumper,Left Front Bumper,N,,Unspecified,Unspecified,QUEENS,11364.0,"(40.736275, -73.772865)",0.0,0.0,0,0,0,0,0,0,Sedan,Station Wagon/Sport Utility Vehicle,0
17274652,3579611,12/13/2016,19:55,1197534,Station Wagon/Sport Utility Vehicle,FREIGHTLINER,2011.0,1,M,Licensed,Merging,Right Front Bumper,Right Front Bumper,Right Front Quarter Panel,,,N,,Unspecified,Unspecified,,,"(40.674, -74.000275)",1.0,0.0,0,0,0,0,1,0,Station Wagon/Sport Utility Vehicle,Sedan,1
17264986,3478623,07/11/2016,14:50,505568,Station Wagon/Sport Utility Vehicle,DODG -CAR/SUV,2015.0,4,M,Licensed,Going Straight Ahead,Center Back End,Right Rear Bumper,Left Rear Bumper,,,N,,Reaction to Uninvolved Vehicle,Unspecified,,,,0.0,0.0,0,0,0,0,0,0,Station Wagon/Sport Utility Vehicle,4 dr sedan,0
17348039,3526294,09/24/2016,05:10,836931,Sedan,HOND -CAR/SUV,2012.0,1,,,Going Straight Ahead,Center Front End,Center Front End,Left Front Bumper,Right Front Bumper,,N,,Unspecified,Unspecified,QUEENS,11434.0,"(40.685028, -73.77199)",0.0,0.0,0,0,0,0,0,0,Sedan,Station Wagon/Sport Utility Vehicle,0
17243894,3469192,06/26/2016,20:30,451716,Station Wagon/Sport Utility Vehicle,HYUN -CAR/SUV,2012.0,3,F,Licensed,Going Straight Ahead,Right Front Quarter Panel,Right Front Quarter Panel,,,,N,,Unspecified,Unspecified,QUEENS,11420.0,"(40.666893, -73.80546)",0.0,0.0,0,0,0,0,0,0,Station Wagon/Sport Utility Vehicle,4 dr sedan,0
17277947,3489794,07/27/2016,14:27,569408,Sedan,TOYT -CAR/SUV,2011.0,4,F,Licensed,Going Straight Ahead,Center Back End,Center Back End,Left Rear Bumper,Right Rear Bumper,Left Front Bumper,N,,Unspecified,Unspecified,,,"(40.75619, -73.746414)",3.0,0.0,0,0,0,0,3,0,Sedan,Sedan,1
17244289,3473256,07/03/2016,11:55,1200002,Station Wagon/Sport Utility Vehicle,FORD -CAR/SUV,2013.0,3,M,Licensed,Merging,Left Rear Quarter Panel,Left Rear Bumper,,,,N,,Unspecified,Unspecified,,,"(40.666386, -73.80178)",1.0,0.0,0,0,0,0,1,0,Box Truck,Station Wagon/Sport Utility Vehicle,1
17382720,3546074,10/20/2016,21:30,958721,Sedan,CHRY -CAR/SUV,2014.0,1,F,Licensed,Going Straight Ahead,Left Front Quarter Panel,Left Front Bumper,Left Front Quarter Panel,Left Side Doors,No Damage,N,,Passing Too Closely,Unspecified,MANHATTAN,10019.0,"(40.762894, -73.98369)",0.0,0.0,0,0,0,0,0,0,Sedan,Sedan,0
17058136,3440519,05/10/2016,11:20,267190,4 dr sedan,HOND -CAR/SUV,2012.0,2,F,Licensed,Entering Parked Position,Left Front Quarter Panel,Left Front Quarter Panel,Left Rear Quarter Panel,,,N,,Passing or Lane Usage Improper,Unspecified,BRONX,10462.0,"(40.841278, -73.86359)",0.0,0.0,0,0,0,0,0,0,4 dr sedan,Bus,0
17035388,3439652,05/09/2016,17:45,249482,4 dr sedan,HYUN -CAR/SUV,2014.0,1,M,Licensed,Stopped in Traffic,Right Front Quarter Panel,Right Front Quarter Panel,Right Side Doors,No Damage,No Damage,N,,Unspecified,Unspecified,STATEN ISLAND,10312.0,"(40.55652, -74.176254)",0.0,0.0,0,0,0,0,0,0,4 dr sedan,4 dr sedan,0
17257597,3473204,06/22/2016,19:45,473907,Taxi,MERZ -CAR/SUV,2013.0,1,M,Licensed,Going Straight Ahead,Roof,Right Rear Bumper,Center Back End,Other,,N,,Unspecified,Unspecified,,,,0.0,0.0,0,0,0,0,0,0,Taxi,Motorcycle,0
17332855,3507339,08/23/2016,14:45,693103,Taxi,NISS -CAR/SUV,2013.0,1,M,Licensed,Going Straight Ahead,Left Front Quarter Panel,Left Front Quarter Panel,Left Front Bumper,No Damage,No Damage,Unspecified,,Unspecified,Unspecified,,,"(40.764164, -73.9773)",0.0,0.0,0,0,0,0,0,0,Taxi,Station Wagon/Sport Utility Vehicle,0
17347189,3556971,11/08/2016,17:30,1043972,Sedan,HYUN -CAR/SUV,2009.0,1,M,Licensed,Slowing or Stopping,Center Front End,Center Front End,No Damage,No Damage,No Damage,N,,Following Too Closely,Unspecified,,,"(40.876408, -73.81858)",0.0,0.0,0,0,0,0,0,0,Sedan,Station Wagon/Sport Utility Vehicle,0
17264863,3454018,06/01/2016,08:05,345033,4 dr sedan,HOND -CAR/SUV,2015.0,1,F,Licensed,Starting from Parking,Left Front Quarter Panel,Left Front Quarter Panel,,,,N,,Unspecified,Unspecified,QUEENS,11357.0,"(40.78468, -73.80911)",0.0,0.0,0,0,0,0,0,0,Van,4 dr sedan,0
17282748,3500760,08/12/2016,22:15,660504,Sedan,NISS -CAR/SUV,2012.0,0,M,Licensed,Going Straight Ahead,Left Front Bumper,Left Front Quarter Panel,,,,N,,Following Too Closely,Unspecified,,,"(40.72355, -74.00434)",0.0,0.0,0,0,0,0,0,0,Sedan,Sedan,0
17272255,3576815,12/09/2016,17:15,1181200,Sedan,HOND -CAR/SUV,2010.0,2,M,Licensed,Going Straight Ahead,Center Front End,Center Front End,Left Front Bumper,Center Front End,Right Front Bumper,N,,Unspecified,Unspecified,,,"(40.68468, -74.001335)",0.0,0.0,0,0,0,0,0,0,Station Wagon/Sport Utility Vehicle,Sedan,0
17302860,3575247,11/03/2016,19:02,1169304,Bus,NOVA,2010.0,1,M,Licensed,Going Straight Ahead,Right Side Doors,Right Side Doors,No Damage,No Damage,,N,,Passing Too Closely,Oversized Vehicle,MANHATTAN,10010.0,"(40.73629, -73.982086)",0.0,0.0,0,0,0,0,0,0,Sedan,Bus,0
17183358,3506830,08/07/2016,19:50,701405,Station Wagon/Sport Utility Vehicle,HYUN -CAR/SUV,2001.0,2,M,Licensed,Going Straight Ahead,Left Front Bumper,Left Front Bumper,,,,N,,Unspecified,Unspecified,BRONX,10463.0,"(40.879242, -73.90458)",0.0,0.0,0,0,0,0,0,0,Station Wagon/Sport Utility Vehicle,,0
17424084,3570577,11/30/2016,12:30,1136776,Station Wagon/Sport Utility Vehicle,TOYT -CAR/SUV,2015.0,2,M,Licensed,Going Straight Ahead,Center Front End,Center Front End,,,,N,,Following Too Closely,Unspecified,,,"(40.675053, -73.73421)",0.0,0.0,0,0,0,0,0,0,Station Wagon/Sport Utility Vehicle,Sedan,0
17344798,3560788,11/15/2016,11:12,1072221,Sedan,VOLK -CAR/SUV,2000.0,0,,,Parked,Center Back End,Center Back End,No Damage,No Damage,No Damage,N,,Unspecified,Unspecified,,,"(40.658688, -73.98902)",0.0,0.0,0,0,0,0,0,0,Sedan,Sedan,0
17264558,3562350,11/15/2016,07:50,1076402,Sedan,BMW -CAR/SUV,2013.0,1,M,Licensed,Going Straight Ahead,Right Front Bumper,Right Front Bumper,Center Front End,Left Front Bumper,Right Front Quarter Panel,N,,Unspecified,Unspecified,,,"(40.88299, -73.90195)",0.0,0.0,0,0,0,0,0,0,Sedan,,0
17251413,3466328,06/22/2016,00:05,431323,Station Wagon/Sport Utility Vehicle,MERZ -CAR/SUV,2015.0,1,M,Licensed,Making U Turn,Left Front Bumper,Left Front Bumper,No Damage,No Damage,No Damage,N,,Turning Improperly,Failure to Yield Right-of-Way,QUEENS,11105.0,"(40.77613, -73.910706)",0.0,0.0,0,0,0,0,0,0,Station Wagon/Sport Utility Vehicle,Station Wagon/Sport Utility Vehicle,0
17269775,3512804,09/03/2016,23:00,744993,Sedan,HOND -CAR/SUV,2007.0,1,M,Licensed,Going Straight Ahead,Right Rear Bumper,Right Rear Bumper,,,,N,,Failure to Yield Right-of-Way,Driver Inattention/Distraction,BROOKLYN,11220.0,"(40.63396, -74.01476)",0.0,0.0,0,0,0,0,0,0,Station Wagon/Sport Utility Vehicle,Sedan,0
17352950,3524750,09/20/2016,22:30,827461,Sedan,TOYT -CAR/SUV,1994.0,1,F,Licensed,Going Straight Ahead,Demolished,Left Front Quarter Panel,Left Front Bumper,Center Front End,Other,N,,Unspecified,Unspecified,,,"(40.728016, -73.83175)",1.0,0.0,0,0,0,0,1,0,Sedan,Sedan,1
17059725,3443674,05/17/2016,12:43,286235,Box Truck,MACK-TRUCK/BUS,1997.0,1,M,Licensed,Going Straight Ahead,Right Front Bumper,Right Front Bumper,,,,N,,Unspecified,Unspecified,MANHATTAN,10006.0,"(40.70694, -74.01353)",0.0,0.0,0,0,0,0,0,0,Box Truck,Bus,0
17150524,3455863,06/05/2016,16:15,362111,4 dr sedan,HOND -CAR/SUV,2010.0,1,F,Licensed,Making Left Turn,Left Front Quarter Panel,Left Side Doors,Left Rear Quarter Panel,No Damage,No Damage,N,,Unspecified,Unspecified,,,"(40.848118, -73.93089)",0.0,0.0,0,0,0,0,0,0,4 dr sedan,4 dr sedan,0
17274143,3544727,10/22/2016,02:25,1099126,Station Wagon/Sport Utility Vehicle,CHEV -CAR/SUV,2015.0,1,M,Licensed,Going Straight Ahead,Center Front End,Center Front End,Center Back End,Center Back End,No Damage,N,,Following Too Closely,Backing Unsafely,,,"(40.84519, -73.9112)",0.0,0.0,0,0,0,0,0,0,Tractor Truck Diesel,Station Wagon/Sport Utility Vehicle,0