UNIQUE_ID,COLLISION_ID,CRASH_DATE,CRASH_TIME,VEHICLE_ID,VEHICLE_TYPE,VEHICLE_MAKE,VEHICLE_YEAR,VEHICLE_OCCUPANTS,DRIVER_SEX,DRIVER_LICENSE_STATUS,PRE_CRASH,POINT_OF_IMPACT,VEHICLE_DAMAGE,VEHICLE_DAMAGE_1,VEHICLE_DAMAGE_2,VEHICLE_DAMAGE_3,PUBLIC_PROPERTY_DAMAGE,PUBLIC_PROPERTY_DAMAGE_TYPE,CONTRIBUTING_FACTOR_1,CONTRIBUTING_FACTOR_2,BOROUGH,ZIP CODE,LOCATION,NUMBER OF PERSONS INJURED,NUMBER OF PERSONS KILLED,NUMBER OF PEDESTRIANS INJURED,NUMBER OF PEDESTRIANS KILLED,NUMBER OF CYCLIST INJURED,NUMBER OF CYCLIST KILLED,NUMBER OF MOTORIST INJURED,NUMBER OF MOTORIST KILLED,VEHICLE TYPE CODE 1,VEHICLE TYPE CODE 2,Severity
17335878,3553739,11/03/2016,14:15,1021192,Van,GMC-TRUCK/BUS,2009.0,2,M,Licensed,Other*,Left Rear Quarter Panel,Left Rear Quarter Panel,,,,N,,Unspecified,Unspecified,,,"(40.661037, -73.99744)",0.0,0.0,0,0,0,0,0,0,Station Wagon/Sport Utility Vehicle,Van,0
17205067,3529483,09/18/2016,19:15,859210,Station Wagon/Sport Utility Vehicle,CHRY -CAR/SUV,2016.0,1,M,Licensed,Making Left Turn,Left Front Quarter Panel,No Damage,No Damage,No Damage,No Damage,N,,Driver Inattention/Distraction,Passing or Lane Usage Improper,MANHATTAN,10040.0,"(40.85901, -73.927635)",1.0,0.0,1,0,0,0,0,0,Station Wagon/Sport Utility Vehicle,,1
17418900,3535977,10/08/2016,10:00,903460,Station Wagon/Sport Utility Vehicle,FORD -CAR/SUV,2014.0,1,F,Licensed,Going Straight Ahead,Left Front Quarter Panel,Left Front Quarter Panel,,,,N,,Unspecified,Unspecified,,,"(0.0, 0.0)",1.0,0.0,0,0,0,0,1,0,Station Wagon/Sport Utility Vehicle,Sedan,1
17404426,3584433,12/21/2016,13:00,1231725,Sedan,HOND -CAR/SUV,2015.0,3,M,Licensed,Making Right Turn,Right Front Quarter Panel,Right Front Quarter Panel,Right Front Bumper,,,N,,Unspecified,Unspecified,,,"(40.68111, -73.761185)",0.0,0.0,0,0,0,0,0,0,Sedan,Sedan,0
17333103,3516744,09/10/2016,06:30,771303,Sedan,HYUN -CAR/SUV,2017.0,0,F,Licensed,Going Straight Ahead,Left Front Bumper,Center Front End,Left Front Quarter Panel,,,N,,Animals Action,Unspecified,QUEENS,11412.0,"(40.706566, -73.75264)",0.0,0.0,0,0,0,0,0,0,Sedan,Station Wagon/Sport Utility Vehicle,0
16949331,3430463,03/23/2016,16:40,33782,Pick-up Truck,CHEV -CAR/SUV,2015.0,1,M,Licensed,Slowing or Stopping,Center Back End,Center Back End,,,,N,,Unspecified,Unspecified,,,"(40.62178, -74.17347)",0.0,0.0,0,0,0,0,0,0,Pick-up Truck,4 dr sedan,0
17036106,3443808,05/05/2016,13:25,288185,Taxi,NISS -CAR/SUV,2012.0,0,M,Licensed,Backing,Left Rear Quarter Panel,Left Rear Bumper,,,,N,,Reaction to Uninvolved Vehicle,Backing Unsafely,MANHATTAN,10032.0,"(40.838474, -73.94375)",0.0,0.0,0,0,0,0,0,0,Taxi,4 dr sedan,0
17235459,3480695,07/14/2016,16:45,518543,Sedan,NISS -CAR/SUV,2009.0,1,M,Licensed,Starting in Traffic,Left Front Bumper,Left Front Quarter Panel,,,,N,,Driver Inattention/Distraction,Unspecified,,,"(40.749866, -73.86273)",0.0,0.0,0,0,0,0,0,0,Box Truck,Sedan,0
16947727,3429997,03/23/2016,21:00,33341,4 dr sedan,INFI -CAR/SUV,2015.0,1,M,Licensed,Going Straight Ahead,Undercarriage,Undercarriage,Other,Other,Other,N,,Pavement Defective,Unspecified,,,"(40.6075, -74.14637)",0.0,0.0,0,0,0,0,0,0,4 dr sedan,4 dr sedan,0
17221842,3466115,06/22/2016,08:00,432293,4 dr sedan,HOND -CAR/SUV,2012.0,1,,,Backing,Right Rear Bumper,Right Rear Bumper,Right Rear Quarter Panel,,,N,,Unspecified,Unspecified,QUEENS,11415.0,"(40.70867, -73.830795)",0.0,0.0,0,0,0,0,0,0,4 dr sedan,4 dr sedan,0
17400136,3562176,11/16/2016,14:15,1080057,Sedan,JEEP -CAR/SUV,2016.0,1,M,Licensed,Stopped in Traffic,Right Front Quarter Panel,Right Front Quarter Panel,Right Front Bumper,Center Front End,,N,,Other Vehicular,Other Vehicular,MANHATTAN,10017.0,"(40.7556, -73.97607)",0.0,0.0,0,0,0,0,0,0,Sedan,Station Wagon/Sport Utility Vehicle,0
17163529,3467107,06/17/2016,09:50,438921,Taxi,FORD -CAR/SUV,2011.0,,,,Passing,Right Front Quarter Panel,Right Front Quarter Panel,,,,N,,Passing or Lane Usage Improper,Unspecified,MANHATTAN,10013.0,"(40.71605, -73.99823)",0.0,0.0,0,0,0,0,0,0,4 dr sedan,Taxi,0
17045497,3431243,04/30/2016,06:45,207276,Taxi,TOYT -CAR/SUV,2014.0,1,M,Licensed,Merging,Left Front Quarter Panel,Left Front Quarter Panel,No Damage,No Damage,No Damage,N,,Driver Inattention/Distraction,Unspecified,MANHATTAN,10036.0,,0.0,0.0,0,0,0,0,0,0,Taxi,Taxi,0
17175951,3494950,08/05/2016,21:45,617723,Sedan,CHEV -CAR/SUV,2012.0,2,M,Licensed,Going Straight Ahead,Center Back End,Center Back End,Center Front End,Left Front Bumper,Right Front Bumper,N,,Other Vehicular,Reaction to Uninvolved Vehicle,,,"(40.825504, -73.886086)",3.0,0.0,0,0,0,0,3,0,Sedan,Box Truck,1
17340743,3590662,12/30/2016,08:10,1268684,Station Wagon/Sport Utility Vehicle,NISS -CAR/SUV,2014.0,2,F,Licensed,Parked,Right Front Bumper,Right Front Bumper,,,,N,,Unspecified,Unspecified,MANHATTAN,10010.0,"(40.741558, -73.98536)",0.0,0.0,0,0,0,0,0,0,Station Wagon/Sport Utility Vehicle,Beverage Truck,0
17249612,3485972,07/21/2016,19:15,545816,4 dr sedan,HOND -CAR/SUV,2014.0,1,M,Licensed,Going Straight Ahead,Center Front End,Center Front End,,,,N,,Unspecified,Unspecified,,,"(40.624912, -74.146706)",1.0,0.0,0,0,0,0,1,0,4 dr sedan,4 dr sedan,1
17296299,3507236,08/24/2016,11:00,698474,Station Wagon/Sport Utility Vehicle,DODG -CAR/SUV,2005.0,1,,,,Right Front Quarter Panel,Right Front Quarter Panel,No Damage,No Damage,No Damage,N,,Driver Inattention/Distraction,Passing Too Closely,MANHATTAN,10282.0,"(40.71714, -74.01618)",0.0,0.0,0,0,0,0,0,0,Station Wagon/Sport Utility Vehicle,Station Wagon/Sport Utility Vehicle,0
17154307,4023192,06/14/2016,18:00,400425,Bus,GMC-TRUCK/BUS,2006.0,1,M,Licensed,Making U Turn,Right Front Bumper,No Damage,No Damage,No Damage,No Damage,N,,Glare,Oversized Vehicle,BROOKLYN,11224.0,"(40.581646, -73.98242)",1.0,0.0,0,0,1,0,0,0,Bus,Bike,1
17046976,3440555,05/11/2016,21:10,260776,Station Wagon/Sport Utility Vehicle,CHEV -CAR/SUV,2005.0,1,M,Licensed,Making Right Turn,Right Front Quarter Panel,Right Front Quarter Panel,Right Side Doors,Right Rear Quarter Panel,,N,,Unspecified,Unspecified,BRONX,10465.0,"(40.816338, -73.83697)",0.0,0.0,0,0,0,0,0,0,Station Wagon/Sport Utility Vehicle,Station Wagon/Sport Utility Vehicle,0
17344536,3546300,10/24/2016,10:08,973243,Pick-up Truck,FORD -CAR/SUV,2014.0,1,M,Licensed,Going Straight Ahead,Right Front Bumper,Right Front Quarter Panel,,,,N,,Unspecified,Unspecified,,,"(40.81304, -73.908165)",0.0,0.0,0,0,0,0,0,0,Pick-up Truck,Sedan,0
17323400,3538430,10/11/2016,13:30,919594,Station Wagon/Sport Utility Vehicle,MITS -CAR/SUV,2001.0,1,M,Licensed,Parked,Right Side Doors,Right Front Quarter Panel,Right Rear Quarter Panel,,,N,,Unspecified,Unspecified,,,"(40.712494, -73.78447)",0.0,0.0,0,0,0,0,0,0,Sedan,Sedan,0
17400506,3562189,11/16/2016,08:40,1081320,Sedan,JEEP -CAR/SUV,2008.0,1,F,Licensed,Going Straight Ahead,Center Back End,Center Back End,Right Rear Bumper,No Damage,No Damage,N,,Unspecified,Unspecified,MANHATTAN,10019.0,,0.0,0.0,0,0,0,0,0,0,Sedan,Sedan,0
17392551,3564453,11/20/2016,09:40,1096961,Sedan,ACUR -CAR/SUV,2002.0,1,M,Licensed,Slowing or Stopping,Left Front Quarter Panel,Left Front Quarter Panel,Left Side Doors,Center Front End,Left Front Bumper,N,,Failure to Yield Right-of-Way,Unspecified,,,"(40.704716, -73.90845)",1.0,0.0,0,0,0,0,1,0,Sedan,Sedan,1
17400735,3587322,12/22/2016,18:30,1238529,Station Wagon/Sport Utility Vehicle,FORD -CAR/SUV,,1,,,Going Straight Ahead,Center Front End,Center Front End,,,,N,,Driver Inattention/Distraction,Unspecified,,,"(40.709156, -73.84107)",0.0,0.0,0,0,0,0,0,0,Sedan,Station Wagon/Sport Utility Vehicle,0
17365395,3536719,09/27/2016,11:06,897722,Taxi,TOYT -CAR/SUV,2014.0,1,M,Licensed,Changing Lanes,Left Rear Quarter Panel,Left Rear Quarter Panel,,,,N,,Other Vehicular,Unspecified,MANHATTAN,10019.0,"(40.76922, -73.98478)",0.0,0.0,0,0,0,0,0,0,Taxi,Taxi,0
17185426,3527584,09/13/2016,13:00,844653,Station Wagon/Sport Utility Vehicle,HOND -CAR/SUV,2014.0,0,,,Parked,Left Rear Bumper,Left Rear Quarter Panel,Left Side Doors,,,N,,Unspecified,Unspecified,MANHATTAN,10039.0,"(40.823822, -73.94022)",0.0,0.0,0,0,0,0,0,0,Station Wagon/Sport Utility Vehicle,,0
17063703,3441718,05/13/2016,09:20,266925,Box Truck,MACK-TRUCK/BUS,2014.0,1,M,Licensed,Stopped in Traffic,Center Back End,No Damage,,,,N,,Unspecified,Unspecified,QUEENS,11378.0,,0.0,0.0,0,0,0,0,0,0,Station Wagon/Sport Utility Vehicle,Box Truck,0
17225460,3563715,11/19/2016,14:35,1091593,Station Wagon/Sport Utility Vehicle,CHEV -CAR/SUV,2013.0,1,M,Licensed,Making Right Turn,Left Front Bumper,Left Front Bumper,Center Front End,Left Front Quarter Panel,,N,,Unspecified,Unspecified,,,"(40.73928, -74.002914)",1.0,0.0,0,0,0,0,1,0,Motorcycle,Station Wagon/Sport Utility Vehicle,1
17360513,3517136,09/10/2016,11:28,772214,Sedan,FORD -CAR/SUV,2006.0,2,M,Licensed,Going Straight Ahead,Center Back End,Center Back End,,,,N,,Unspecified,Unspecified,,,"(40.7699, -73.91608)",0.0,0.0,0,0,0,0,0,0,Sedan,Sedan,0
17270276,3504627,08/19/2016,17:08,679326,Station Wagon/Sport Utility Vehicle,NISS -CAR/SUV,2007.0,1,M,Licensed,Going Straight Ahead,Left Front Quarter Panel,Left Front Quarter Panel,Right Front Quarter Panel,,,N,,Unspecified,Unspecified,,,"(40.586205, -73.93417)",1.0,0.0,0,0,0,0,1,0,Station Wagon/Sport Utility Vehicle,Station Wagon/Sport Utility Vehicle,1
17308642,3522089,09/15/2016,13:45,798045,Bus,MCIN-TRUCK/BUS,2008.0,1,M,Licensed,Going Straight Ahead,Right Side Doors,Right Side Doors,,,Right Side Doors,N,,Unspecified,Unspecified,MANHATTAN,10036.0,"(40.754, -73.98211)",0.0,0.0,0,0,0,0,0,0,Bus,Pick-up Truck,0
16975980,3407887,04/19/2016,10:00,163351,,DODG -CAR/SUV,2014.0,1,M,Licensed,Backing,Center Back End,Center Back End,,,,N,,Backing Unsafely,Unspecified,,,"(40.748825, -73.96984)",0.0,0.0,0,0,0,0,0,0,Station Wagon/Sport Utility Vehicle,,0
17243050,3572872,12/03/2016,09:30,1152309,Station Wagon/Sport Utility Vehicle,HOND -CAR/SUV,2003.0,0,M,,Parked,Left Front Quarter Panel,Left Front Bumper,Center Front End,Right Front Bumper,,N,,Unspecified,Unspecified,MANHATTAN,10033.0,"(40.84752, -73.93507)",0.0,0.0,0,0,0,0,0,0,Station Wagon/Sport Utility Vehicle,Station Wagon/Sport Utility Vehicle,0
17361494,3555619,11/07/2016,07:20,1035961,Sedan,INFI -CAR/SUV,2007.0,1,M,Licensed,Going Straight Ahead,Right Front Quarter Panel,Right Front Quarter Panel,No Damage,No Damage,No Damage,N,,Passing Too Closely,Unspecified,,,"(40.63457, -74.14182)",0.0,0.0,0,0,0,0,0,0,Sedan,Sedan,0
17275036,3484020,07/19/2016,17:15,536789,4 dr sedan,CHEV -CAR/SUV,2003.0,1,M,Licensed,Slowing or Stopping,Center Front End,Center Front End,Left Front Bumper,Right Front Bumper,,N,,Following Too Closely,Unspecified,,,,0.0,0.0,0,0,0,0,0,0,4 dr sedan,Station Wagon/Sport Utility Vehicle,0
17253317,3532444,10/03/2016,17:30,882091,Sedan,TOYT -CAR/SUV,2015.0,1,,,Parked,Right Side Doors,Right Front Quarter Panel,Right Side Doors,Right Rear Quarter Panel,,N,,Unspecified,Unspecified,BROOKLYN,11215.0,"(40.67378, -73.990555)",0.0,0.0,0,0,0,0,0,0,Box Truck,Sedan,0
17058447,3448829,05/18/2016,19:41,290451,,NISS -CAR/SUV,,,,,Going Straight Ahead,,,,,,Unspecified,,Driver Inattention/Distraction,Passing Too Closely,BRONX,10455.0,"(40.815697, -73.91678)",0.0,0.0,0,0,0,0,0,0,4 dr sedan,,0
17190809,3470576,06/27/2016,09:00,453099,4 dr sedan,INFI -CAR/SUV,1999.0,3,F,Licensed,Making Left Turn,Left Front Bumper,No Damage,No Damage,,,N,,Unspecified,Unspecified,BRONX,10467.0,"(40.878643, -73.871605)",0.0,0.0,0,0,0,0,0,0,4 dr sedan,Station Wagon/Sport Utility Vehicle,0
17199052,3516140,09/06/2016,19:06,764652,Sedan,BMW -CAR/SUV,2014.0,1,F,Licensed,Changing Lanes,Center Back End,Center Back End,Right Side Doors,,,N,,Unsafe Lane Changing,Traffic Control Disregarded,,,"(40.68659, -74.00842)",1.0,0.0,0,0,0,0,1,0,Sedan,Motorcycle,1
17323407,3620729,08/27/2016,13:55,710929,Sedan,BUIC -CAR/SUV,2011.0,1,F,Licensed,Making Left Turn,Left Front Bumper,Center Front End,Right Front Bumper,No Damage,No Damage,Unspecified,,Driver Inattention/Distraction,Unspecified,,,"(40.726376, -73.76624)",0.0,0.0,0,0,0,0,0,0,Station Wagon/Sport Utility Vehicle,Sedan,0
16935539,3420419,03/14/2016,07:53,66874,4 dr sedan,TOYT -CAR/SUV,2010.0,1,M,Licensed,Going Straight Ahead,Center Front End,Center Front End,,,,N,,Unspecified,Unspecified,BROOKLYN,11237.0,,1.0,0.0,0,0,1,0,0,0,4 dr sedan,Bike,1
16954123,3426173,03/22/2016,06:45,29832,Station Wagon/Sport Utility Vehicle,HOND -CAR/SUV,2015.0,1,M,Licensed,Going Straight Ahead,Left Front Bumper,Center Back End,,,,N,,Unspecified,Unspecified,,,,0.0,0.0,0,0,0,0,0,0,Station Wagon/Sport Utility Vehicle,UNK,0
17272039,3484040,07/18/2016,18:10,532655,4 dr sedan,SUBA -CAR/SUV,1998.0,1,F,Licensed,Changing Lanes,Center Front End,Center Front End,Left Front Bumper,Right Front Bumper,Center Front End,N,,Driver Inattention/Distraction,Unspecified,,,"(40.726604, -73.789116)",0.0,0.0,0,0,0,0,0,0,Station Wagon/Sport Utility Vehicle,4 dr sedan,0
17351972,3520879,09/14/2016,11:50,792104,Sedan,BMW -CAR/SUV,2013.0,1,M,Licensed,Making Left Turn,Left Rear Quarter Panel,Left Rear Quarter Panel,No Damage,No Damage,No Damage,N,,Unspecified,Unspecified,MANHATTAN,10019.0,"(40.765053, -73.98782)",0.0,0.0,0,0,0,0,0,0,Sedan,Carry All,0
17344782,3528435,09/26/2016,07:05,848495,Station Wagon/Sport Utility Vehicle,TOYT -CAR/SUV,2008.0,0,,,Parked,Left Front Quarter Panel,Left Side Doors,Left Rear Quarter Panel,Left Front Bumper,,N,,Unspecified,Unspecified,BRONX,10466.0,"(40.902718, -73.84385)",0.0,0.0,0,0,0,0,0,0,Station Wagon/Sport Utility Vehicle,Station Wagon/Sport Utility Vehicle,0
17239512,3507284,08/25/2016,22:20,704725,Sedan,TOYT -CAR/SUV,2015.0,1,M,Licensed,Going Straight Ahead,Center Front End,Center Front End,Right Front Bumper,Left Front Bumper,,N,,Following Too Closely,Unspecified,MANHATTAN,10011.0,"(40.7397, -73.99649)",0.0,0.0,0,0,0,0,0,0,Sedan,Sedan,0
17288271,3505776,08/22/2016,06:00,689766,Station Wagon/Sport Utility Vehicle,LINC -CAR/SUV,2016.0,0,,,Parked,Left Front Bumper,Center Front End,Right Front Bumper,Left Rear Bumper,Right Rear Bumper,N,,Unspecified,Unspecified,,,"(40.58447, -74.15137)",1.0,0.0,0,0,0,0,1,0,Sedan,Sedan,1
17267671,3527261,09/24/2016,18:23,839320,Station Wagon/Sport Utility Vehicle,HOND -CAR/SUV,2011.0,5,M,Licensed,Going Straight Ahead,Right Front Bumper,Right Front Bumper,No Damage,No Damage,No Damage,N,,Unspecified,Unspecified,BRONX,10462.0,"(40.855793, -73.86767)",0.0,0.0,0,0,0,0,0,0,Sedan,Station Wagon/Sport Utility Vehicle,0
17227273,3518677,09/10/2016,16:55,772990,Station Wagon/Sport Utility Vehicle,FORD -CAR/SUV,2009.0,3,M,Licensed,Making Right Turn,Right Side Doors,Right Side Doors,Right Rear Quarter Panel,No Damage,No Damage,N,,Unspecified,Unspecified,BROOKLYN,11205.0,"(40.69133, -73.95177)",0.0,0.0,0,0,0,0,0,0,Sedan,Station Wagon/Sport Utility Vehicle,0
16950536,3411822,03/24/2016,23:53,63949,4 dr sedan,LEXS -CAR/SUV,2014.0,4,M,Licensed,Going Straight Ahead,Right Rear Quarter Panel,Right Rear Quarter Panel,Right Front Quarter Panel,,,N,,Unspecified,Unspecified,BRONX,10460.0,,0.0,0.0,0,0,0,0,0,0,4 dr sedan,,0
16938937,3423109,03/15/2016,18:30,8413,4 dr sedan,FORD -CAR/SUV,2006.0,3,M,Licensed,Entering Parked Position,Right Side Doors,Right Rear Quarter Panel,Right Rear Quarter Panel,,,N,,Passing or Lane Usage Improper,Driver Inattention/Distraction,QUEENS,11379.0,,0.0,0.0,0,0,0,0,0,0,4 dr sedan,4 dr sedan,0
17375599,3554361,11/05/2016,16:30,1030216,,NISS -CAR/SUV,,1,,,Going Straight Ahead,Right Side Doors,,,,,Unspecified,,Driver Inattention/Distraction,Unspecified,QUEENS,11418.0,"(40.696724, -73.847206)",0.0,0.0,0,0,0,0,0,0,Sedan,,0
17176652,3476369,07/07/2016,14:19,492860,Station Wagon/Sport Utility Vehicle,DODG -CAR/SUV,2015.0,1,M,Licensed,Making Left Turn,Right Front Bumper,Right Front Bumper,,,,N,,View Obstructed/Limited,Following Too Closely,,,"(40.69428, -73.92674)",0.0,0.0,0,0,0,0,0,0,Station Wagon/Sport Utility Vehicle,Station Wagon/Sport Utility Vehicle,0
17328070,3469250,06/26/2016,10:15,449641,Station Wagon/Sport Utility Vehicle,VOLK -CAR/SUV,2010.0,2,M,Licensed,Going Straight Ahead,Center Back End,Center Back End,,,,N,,Unspecified,Unspecified,,,,0.0,0.0,0,0,0,0,0,0,4 dr sedan,Station Wagon/Sport Utility Vehicle,0
17197077,3531086,10/01/2016,18:45,873095,Station Wagon/Sport Utility Vehicle,FORD -CAR/SUV,2016.0,1,M,Licensed,Passing,Left Front Bumper,Left Front Quarter Panel,No Damage,No Damage,No Damage,N,,Passing Too Closely,Outside Car Distraction,MANHATTAN,10003.0,"(40.729313, -73.991905)",0.0,0.0,0,0,0,0,0,0,Sedan,Station Wagon/Sport Utility Vehicle,0
17310170,3525722,09/23/2016,18:10,834813,Sedan,NISS -CAR/SUV,2015.0,0,F,Licensed,Making Right Turn,Right Front Bumper,Right Front Bumper,No Damage,No Damage,No Damage,N,,Unspecified,Unspecified,QUEENS,11369.0,"(40.77035, -73.87084)",0.0,0.0,0,0,0,0,0,0,Sedan,Sedan,0
17056568,3435357,05/03/2016,07:50,219341,Van,FORD-TRUCK/BUS,2012.0,1,,,Parked,Left Front Quarter Panel,Other,,,,N,,Unspecified,Unspecified,QUEENS,11432.0,,0.0,0.0,0,0,0,0,0,0,4 dr sedan,Van,0
17314207,3534931,10/07/2016,02:30,898144,Sedan,MERZ -CAR/SUV,2010.0,1,M,Licensed,Backing,Right Rear Bumper,Right Rear Bumper,Center Back End,No Damage,No Damage,N,,Backing Unsafely,Driver Inattention/Distraction,,,"(40.650948, -74.00793)",0.0,0.0,0,0,0,0,0,0,Sedan,Station Wagon/Sport Utility Vehicle,0
17169129,3479149,07/12/2016,21:15,509891,4 dr sedan,FORD -CAR/SUV,2016.0,4,F,Licensed,Going Straight Ahead,Right Side Doors,Right Side Doors,Right Rear Quarter Panel,,,N,,Unspecified,Unspecified,BROOKLYN,11235.0,"(40.582317, -73.95831)",0.0,0.0,0,0,0,0,0,0,4 dr sedan,4 dr sedan,0
17055817,3445623,05/09/2016,20:30,311875,Pick-up Truck,CHEV -CAR/SUV,2015.0,1,M,Licensed,Going Straight Ahead,Center Back End,Center Back End,Right Rear Bumper,Left Rear Bumper,No Damage,N,,Unspecified,Other Vehicular,,,"(40.84481, -73.92579)",1.0,0.0,0,0,0,0,1,0,Pick-up Truck,Pick-up Truck,1
17184603,4022657,06/11/2016,17:00,388247,4 dr sedan,TOYT -CAR/SUV,2015.0,1,M,Licensed,Making Right Turn,Left Front Bumper,Left Front Bumper,Left Front Quarter Panel,,,N,,Driver Inattention/Distraction,Unspecified,QUEENS,11372.0,"(40.75597, -73.87881)",0.0,0.0,0,0,0,0,0,0,Station Wagon/Sport Utility Vehicle,4 dr sedan,0
17421087,3567961,11/27/2016,03:43,1121283,Sedan,CHEV -CAR/SUV,2003.0,1,F,Licensed,Going Straight Ahead,Left Front Quarter Panel,Right Front Bumper,,,,N,,Unspecified,Unspecified,BROOKLYN,11207.0,"(40.652752, -73.88629)",0.0,0.0,0,0,0,0,0,0,Sedan,Sedan,0
17289928,3459578,06/08/2016,10:26,382820,4 dr sedan,NISS -CAR/SUV,2014.0,1,M,Licensed,Merging,Left Front Quarter Panel,Left Front Quarter Panel,,,,N,,Passing or Lane Usage Improper,Unspecified,,,,0.0,0.0,0,0,0,0,0,0,4 dr sedan,Station Wagon/Sport Utility Vehicle,0
17303702,3535225,10/05/2016,16:00,890948,Sedan,LINC -CAR/SUV,2014.0,1,M,Licensed,Going Straight Ahead,Left Front Bumper,Left Front Bumper,Left Front Quarter Panel,,,N,,Failure to Yield Right-of-Way,Unspecified,QUEENS,11375.0,"(40.716946, -73.85479)",0.0,0.0,0,0,0,0,0,0,Station Wagon/Sport Utility Vehicle,Sedan,0
17350784,3518352,09/13/2016,04:05,786672,Sedan,TOYT -CAR/SUV,2015.0,1,M,Licensed,Making Right Turn,Left Front Bumper,Center Front End,No Damage,No Damage,No Damage,N,,Following Too Closely,Unspecified,MANHATTAN,10022.0,"(40.759678, -73.97216)",0.0,0.0,0,0,0,0,0,0,Tractor Truck Diesel,Sedan,0
17187438,3505170,08/22/2016,20:30,689200,Sedan,TOYT -CAR/SUV,2014.0,1,M,Licensed,Making Left Turn,Left Front Quarter Panel,Left Front Quarter Panel,Left Front Bumper,,,N,,Unsafe Speed,Reaction to Uninvolved Vehicle,MANHATTAN,10033.0,"(40.852093, -73.9308)",0.0,0.0,0,0,0,0,0,0,Sedan,Sedan,0
17346262,3544076,10/20/2016,13:25,957296,Sedan,TOYT -CAR/SUV,2004.0,3,M,Licensed,Stopped in Traffic,Center Back End,Center Back End,Center Front End,Left Front Bumper,,N,,Unspecified,Unspecified,,,"(40.73226, -73.83522)",8.0,0.0,0,0,0,0,8,0,Taxi,Station Wagon/Sport Utility Vehicle,1
17210775,3527651,09/26/2016,13:45,846842,Sedan,ACUR -CAR/SUV,2016.0,1,M,Licensed,Making Right Turn,Right Rear Quarter Panel,Right Rear Quarter Panel,No Damage,No Damage,No Damage,N,,Driver Inattention/Distraction,Unspecified,,,,0.0,0.0,0,0,0,0,0,0,Sedan,Sedan,0
17233440,3503461,08/20/2016,10:30,679296,Sedan,HYUN -CAR/SUV,2015.0,0,,,Going Straight Ahead,Right Front Bumper,Right Front Bumper,,,,N,,Aggressive Driving/Road Rage,Unspecified,,,"(40.737885, -73.98091)",0.0,0.0,0,0,0,0,0,0,Sedan,Station Wagon/Sport Utility Vehicle,0
17222833,3473021,07/01/2016,08:30,473520,Bus,NOV,2008.0,1,M,,Slowing or Stopping,Left Rear Quarter Panel,Left Rear Quarter Panel,No Damage,No Damage,No Damage,Unspecified,,Unspecified,Unspecified,MANHATTAN,10016.0,"(40.74251, -73.974434)",0.0,0.0,0,0,0,0,0,0,Bus,4 dr sedan,0
17226472,3521704,09/14/2016,16:20,806649,Sedan,NISS -CAR/SUV,2013.0,0,,,Parked,Right Rear Bumper,Right Rear Bumper,,,,N,,Unspecified,Unspecified,BROOKLYN,11238.0,"(40.674, -73.960396)",1.0,0.0,0,0,0,0,1,0,Sedan,Sedan,1
17237927,3530860,09/29/2016,18:00,869695,Sedan,CHEV -CAR/SUV,2008.0,1,M,Licensed,Going Straight Ahead,Center Front End,Center Front End,,,,N,,Following Too Closely,Unspecified,BROOKLYN,11216.0,"(40.672527, -73.95026)",0.0,0.0,0,0,0,0,0,0,Sedan,Sedan,0
17148586,3456783,06/06/2016,15:00,367598,Station Wagon/Sport Utility Vehicle,JEEP -CAR/SUV,1994.0,0,U,Unlicensed,,Right Side Doors,Right Side Doors,No Damage,No Damage,No Damage,N,,Unspecified,Unspecified,MANHATTAN,10029.0,"(40.791046, -73.95138)",0.0,0.0,0,0,0,0,0,0,Station Wagon/Sport Utility Vehicle,Station Wagon/Sport Utility Vehicle,0
17274466,3494801,08/06/2016,17:52,618100,Box Truck,FORD-TRUCK/BUS,2007.0,1,M,Licensed,Entering Parked Position,Left Side Doors,Left Rear Quarter Panel,No Damage,No Damage,,N,,Unspecified,Unspecified,MANHATTAN,10004.0,"(40.705147, -74.00999)",0.0,0.0,0,0,0,0,0,0,Box Truck,Sedan,0
17309191,3564778,11/20/2016,17:44,1098278,Station Wagon/Sport Utility Vehicle,LINC -CAR/SUV,,4,M,Licensed,Making Left Turn,Left Side Doors,Left Side Doors,,,,N,,Turning Improperly,Unspecified,,,"(40.859875, -73.89323)",0.0,0.0,0,0,0,0,0,0,Taxi,Station Wagon/Sport Utility Vehicle,0
17378590,3584325,12/21/2016,10:30,1231197,Sedan,HOND -CAR/SUV,2005.0,1,F,Licensed,Going Straight Ahead,Right Front Quarter Panel,Right Front Quarter Panel,Right Front Bumper,,,N,,Following Too Closely,Unspecified,,,"(40.853245, -73.83529)",0.0,0.0,0,0,0,0,0,0,Sedan,Sedan,0