UNIQUE_ID,COLLISION_ID,CRASH_DATE,CRASH_TIME,VEHICLE_ID,VEHICLE_TYPE,VEHICLE_MAKE,VEHICLE_YEAR,VEHICLE_OCCUPANTS,DRIVER_SEX,DRIVER_LICENSE_STATUS,PRE_CRASH,POINT_OF_IMPACT,VEHICLE_DAMAGE,VEHICLE_DAMAGE_1,VEHICLE_DAMAGE_2,VEHICLE_DAMAGE_3,PUBLIC_PROPERTY_DAMAGE,PUBLIC_PROPERTY_DAMAGE_TYPE,CONTRIBUTING_FACTOR_1,CONTRIBUTING_FACTOR_2,BOROUGH,ZIP CODE,LOCATION,NUMBER OF PERSONS INJURED,NUMBER OF PERSONS KILLED,NUMBER OF PEDESTRIANS INJURED,NUMBER OF PEDESTRIANS KILLED,NUMBER OF CYCLIST INJURED,NUMBER OF CYCLIST KILLED,NUMBER OF MOTORIST INJURED,NUMBER OF MOTORIST KILLED,VEHICLE TYPE CODE 1,VEHICLE TYPE CODE 2,Severity
17234708,3511658,08/29/2016,16:34,732615,Sedan,SUBA -CAR/SUV,2015.0,1,M,Licensed,Stopped in Traffic,Left Front Bumper,Left Front Bumper,Left Front Bumper,Left Front Quarter Panel,,N,,Unspecified,Unspecified,STATEN ISLAND,10305.0,"(40.614086, -74.06614)",0.0,0.0,0,0,0,0,0,0,Sedan,Station Wagon/Sport Utility Vehicle,0
17253785,3503136,08/18/2016,20:45,674214,Sedan,CHEV -CAR/SUV,2014.0,0,,,Parked,Center Front End,Center Front End,,,,N,,Unspecified,Unspecified,BROOKLYN,11228.0,"(40.623775, -74.00739)",0.0,0.0,0,0,0,0,0,0,Sedan,Sedan,0
17387216,3581820,12/18/2016,19:55,1218311,Bus,SETRA BUS,2004.0,1,M,Licensed,Making Left Turn,Left Rear Bumper,Left Rear Bumper,,,,N,,Backing Unsafely,Backing Unsafely,MANHATTAN,10013.0,"(40.716587, -74.008385)",0.0,0.0,0,0,0,0,0,0,Taxi,Bus,0
17306110,3516392,09/08/2016,16:00,764875,Station Wagon/Sport Utility Vehicle,FORD -CAR/SUV,2008.0,1,M,Licensed,Stopped in Traffic,Left Side Doors,Left Side Doors,,,,N,,Driver Inattention/Distraction,Unspecified,,,"(40.737225, -73.8757)",0.0,0.0,0,0,0,0,0,0,Station Wagon/Sport Utility Vehicle,Station Wagon/Sport Utility Vehicle,0
17053906,3437172,05/10/2016,02:30,250909,Station Wagon/Sport Utility Vehicle,NISS -CAR/SUV,2015.0,1,M,Licensed,Making Left Turn,Left Front Bumper,Left Front Bumper,,,,N,,Other Vehicular,Unspecified,MANHATTAN,10022.0,"(40.759308, -73.9653)",0.0,0.0,0,0,0,0,0,0,Station Wagon/Sport Utility Vehicle,Taxi,0
17179017,3478320,07/12/2016,01:30,508707,Station Wagon/Sport Utility Vehicle,KIA -CAR/SUV,2012.0,1,M,Licensed,Going Straight Ahead,Right Rear Bumper,Right Rear Bumper,No Damage,No Damage,No Damage,N,,Pedestrian/Bicyclist/Other Pedestrian Error/Confusion,Unspecified,BRONX,10453.0,"(40.853813, -73.90851)",0.0,0.0,0,0,0,0,0,0,Station Wagon/Sport Utility Vehicle,4 dr sedan,0
17235743,3581683,12/13/2016,10:00,1216745,Taxi,TOYT -CAR/SUV,2016.0,2,M,Licensed,Going Straight Ahead,Right Front Bumper,Right Front Bumper,Right Front Quarter Panel,Center Front End,No Damage,N,,Passing or Lane Usage Improper,Unsafe Speed,MANHATTAN,10012.0,"(40.728176, -73.99916)",1.0,0.0,0,0,0,0,1,0,Taxi,Van,1
17313744,3572759,12/01/2016,15:20,1148364,Pick-up Truck,CHEV -CAR/SUV,2015.0,1,M,Licensed,Going Straight Ahead,Right Rear Quarter Panel,Right Rear Quarter Panel,No Damage,No Damage,No Damage,N,,Passing Too Closely,Unspecified,BROOKLYN,11249.0,"(40.719574, -73.95907)",0.0,0.0,0,0,0,0,0,0,Pick-up Truck,DUMP,0
17395702,3572221,12/01/2016,04:50,1149679,Pick-up Truck,INTL -CAR/SUV,2014.0,1,,,Going Straight Ahead,Right Front Quarter Panel,No Damage,,,,N,,Driver Inattention/Distraction,Unspecified,QUEENS,11434.0,"(40.68604, -73.77773)",0.0,0.0,0,0,0,0,0,0,Sedan,Pick-up Truck,0
16960581,3408158,03/27/2016,20:38,55011,Sedan,LINC -CAR/SUV,2007.0,1,M,,Other*,Left Side Doors,Left Side Doors,Right Front Bumper,Left Side Doors,No Damage,N,,Failure to Yield Right-of-Way,Unspecified,,,,0.0,0.0,0,0,0,0,0,0,Sedan,Sedan,0
17195485,3488772,07/27/2016,10:00,567441,Sedan,TOYT -CAR/SUV,2010.0,1,F,Licensed,Going Straight Ahead,Left Front Bumper,Left Front Bumper,Left Front Bumper,No Damage,No Damage,N,,Passing Too Closely,Unspecified,BRONX,10468.0,"(40.86177, -73.89868)",0.0,0.0,0,0,0,0,0,0,Sedan,Taxi,0
17146860,3427592,04/13/2016,18:05,535495,Station Wagon/Sport Utility Vehicle,FORD -CAR/SUV,2015.0,2,F,Licensed,Stopped in Traffic,Left Side Doors,No Damage,No Damage,No Damage,No Damage,N,,Unspecified,Unspecified,QUEENS,11361.0,"(40.75868, -73.77558)",0.0,0.0,0,0,0,0,0,0,Station Wagon/Sport Utility Vehicle,Station Wagon/Sport Utility Vehicle,0
17249193,3527206,09/20/2016,08:50,941743,Sedan,CHEV -CAR/SUV,1998.0,1,F,Licensed,Making Right Turn,Right Side Doors,Right Front Quarter Panel,Right Rear Quarter Panel,,,N,,Unspecified,Unspecified,BROOKLYN,11212.0,"(40.663517, -73.90238)",0.0,0.0,0,0,0,0,0,0,Station Wagon/Sport Utility Vehicle,Sedan,0
17311085,3506468,08/23/2016,20:40,694650,Sedan,MAZD -CAR/SUV,2008.0,1,M,Licensed,Going Straight Ahead,Left Rear Quarter Panel,Left Rear Quarter Panel,,,,N,,Unspecified,Unspecified,,,"(40.740837, -73.7583)",0.0,0.0,0,0,0,0,0,0,Sedan,Station Wagon/Sport Utility Vehicle,0
17162520,3476161,07/07/2016,08:37,493761,2 dr sedan,HOND -CAR/SUV,2007.0,2,M,Licensed,Going Straight Ahead,Left Front Bumper,Left Front Bumper,Center Front End,,,N,,Following Too Closely,Unspecified,BRONX,10459.0,"(40.82193, -73.88844)",3.0,0.0,0,0,0,0,3,0,Sedan,2 dr sedan,1
17425246,3578971,12/13/2016,11:45,1194566,Station Wagon/Sport Utility Vehicle,NISS -CAR/SUV,2014.0,1,M,Licensed,Making Left Turn,Right Front Quarter Panel,Right Front Bumper,Right Front Bumper,,,N,,Unspecified,Unspecified,,,"(40.67399, -73.73506)",0.0,0.0,0,0,0,0,0,0,Station Wagon/Sport Utility Vehicle,Station Wagon/Sport Utility Vehicle,0
17253286,3505287,08/22/2016,18:00,689230,Sedan,TOYT -CAR/SUV,2010.0,0,,,Parked,Left Front Quarter Panel,Left Front Bumper,Center Front End,,No Damage,Unspecified,,Unspecified,Unspecified,,,"(40.885216, -73.87937)",0.0,0.0,0,0,0,0,0,0,Station Wagon/Sport Utility Vehicle,Sedan,0
17211537,3547255,10/25/2016,09:58,977569,Pick-up Truck,FORD -CAR/SUV,2013.0,1,M,Licensed,Going Straight Ahead,Right Rear Quarter Panel,No Damage,No Damage,No Damage,Demolished,N,,Driver Inattention/Distraction,Passing Too Closely,MANHATTAN,10029.0,"(40.79531, -73.93592)",0.0,0.0,0,0,0,0,0,0,Pick-up Truck,Tractor Truck Diesel,0
17301811,3552744,11/02/2016,08:15,1013741,Sedan,TOYT -CAR/SUV,2002.0,1,M,Licensed,Going Straight Ahead,Center Front End,Center Front End,Left Front Bumper,Right Front Bumper,No Damage,N,,Unsafe Lane Changing,Unspecified,BRONX,10467.0,"(40.86536, -73.87043)",0.0,0.0,0,0,0,0,0,0,Sedan,Sedan,0
17319030,3554715,11/02/2016,20:25,1030098,Sedan,AUDI -CAR/SUV,2007.0,1,F,Licensed,Slowing or Stopping,Center Front End,Center Front End,No Damage,No Damage,No Damage,N,,Following Too Closely,Driver Inattention/Distraction,,,"(40.804066, -73.93117)",0.0,0.0,0,0,0,0,0,0,Sedan,Sedan,0
17384285,3535117,10/06/2016,13:00,897752,Sedan,TOYT -CAR/SUV,1998.0,0,,,Parked,Left Side Doors,Left Side Doors,Left Rear Quarter Panel,No Damage,No Damage,N,,Unspecified,Unspecified,QUEENS,11105.0,"(40.774223, -73.893715)",0.0,0.0,0,0,0,0,0,0,Sedan,Sedan,0
17214068,3483767,07/20/2016,09:00,538947,4 dr sedan,TOYT -CAR/SUV,2001.0,0,M,Licensed,Parked,Left Front Quarter Panel,Left Front Quarter Panel,,,Right Front Bumper,N,,Unspecified,Unspecified,BRONX,10467.0,"(40.88709, -73.87803)",0.0,0.0,0,0,0,0,0,0,4 dr sedan,Station Wagon/Sport Utility Vehicle,0
17216891,3505506,08/22/2016,11:55,687174,Station Wagon/Sport Utility Vehicle,VOLK -CAR/SUV,2007.0,0,,,Parked,Left Front Quarter Panel,Left Front Quarter Panel,Left Front Bumper,Left Side Doors,,N,,Unspecified,Unspecified,,,"(40.722652, -73.94817)",0.0,0.0,0,0,0,0,0,0,Station Wagon/Sport Utility Vehicle,,0
17242797,3498615,08/12/2016,00:45,643926,Sedan,TOYT -CAR/SUV,2016.0,1,M,Licensed,Parked,Right Rear Bumper,Right Rear Bumper,No Damage,No Damage,No Damage,Unspecified,,Unspecified,Unspecified,BRONX,10457.0,"(40.840603, -73.91152)",0.0,0.0,0,0,0,0,0,0,Sedan,Taxi,0
17298342,3520124,09/14/2016,07:30,794888,Sedan,NISS -CAR/SUV,1997.0,1,M,Licensed,Going Straight Ahead,Right Front Quarter Panel,Right Front Quarter Panel,Right Front Bumper,,,N,,Unspecified,Unspecified,QUEENS,11435.0,"(40.689026, -73.808464)",0.0,0.0,0,0,0,0,0,0,Sedan,Box Truck,0
17180922,3465844,06/17/2016,15:00,414742,Station Wagon/Sport Utility Vehicle,MERZ -CAR/SUV,2013.0,1,F,Licensed,Parked,Left Front Bumper,Left Front Bumper,No Damage,No Damage,No Damage,N,,Unspecified,Unspecified,BRONX,10467.0,"(40.879055, -73.87439)",0.0,0.0,0,0,0,0,0,0,4 dr sedan,Station Wagon/Sport Utility Vehicle,0
17351594,3533882,10/04/2016,18:40,890745,Station Wagon/Sport Utility Vehicle,NISS -CAR/SUV,2011.0,1,M,Licensed,Going Straight Ahead,Right Side Doors,Right Side Doors,Right Rear Bumper,No Damage,No Damage,N,,Unspecified,Unspecified,BRONX,10466.0,"(40.887035, -73.85415)",0.0,0.0,0,0,0,0,0,0,Sedan,Station Wagon/Sport Utility Vehicle,0
17193889,3484719,07/20/2016,19:00,541557,Station Wagon/Sport Utility Vehicle,TOYT -CAR/SUV,2014.0,1,F,Licensed,Going Straight Ahead,Right Front Bumper,Right Front Bumper,Left Rear Bumper,,,N,,Unspecified,Unspecified,BROOKLYN,11212.0,"(40.665382, -73.919365)",0.0,0.0,0,0,0,0,0,0,Station Wagon/Sport Utility Vehicle,Station Wagon/Sport Utility Vehicle,0
17403782,3504088,08/20/2016,15:30,680370,Sedan,HYUN -CAR/SUV,2006.0,1,M,Licensed,Slowing or Stopping,Center Front End,Left Front Bumper,Right Front Bumper,,,N,,Following Too Closely,Unspecified,QUEENS,11357.0,"(40.77954, -73.79386)",0.0,0.0,0,0,0,0,0,0,Station Wagon/Sport Utility Vehicle,Sedan,0
17340756,3544006,10/20/2016,11:35,957844,Sedan,MERZ -CAR/SUV,2012.0,0,M,Licensed,Parked,Center Front End,Center Front End,No Damage,No Damage,No Damage,N,,Unspecified,Unspecified,BRONX,10455.0,"(40.81903, -73.91262)",0.0,0.0,0,0,0,0,0,0,Sedan,,0
17251796,3500792,08/14/2016,17:49,659842,Sedan,CHEV -CAR/SUV,2015.0,2,M,Licensed,Making Right Turn,Right Side Doors,Right Side Doors,,,,N,,Driver Inattention/Distraction,Turning Improperly,MANHATTAN,10018.0,"(40.75469, -73.99536)",0.0,0.0,0,0,0,0,0,0,Sedan,Sedan,0
17051103,3433349,05/01/2016,15:30,213658,Station Wagon/Sport Utility Vehicle,LEXS -CAR/SUV,2009.0,2,F,Licensed,Making Left Turn,Left Front Bumper,Left Front Bumper,Center Front End,,,N,,Driver Inattention/Distraction,Failure to Yield Right-of-Way,STATEN ISLAND,10314.0,,0.0,0.0,0,0,0,0,0,0,Station Wagon/Sport Utility Vehicle,2 dr sedan,0
17389160,3555925,11/07/2016,00:31,1038467,Pick-up Truck,FORD -CAR/SUV,2016.0,0,,,Parked,Center Back End,Center Back End,Undercarriage,,,N,,Unspecified,Unspecified,STATEN ISLAND,10306.0,"(40.56657, -74.12823)",1.0,0.0,0,0,0,0,1,0,Sedan,Pick-up Truck,1
17271949,3512669,09/01/2016,18:20,745718,Sedan,TOYT -CAR/SUV,2015.0,1,M,Licensed,Changing Lanes,Right Front Quarter Panel,Right Front Quarter Panel,,,,N,,Unsafe Lane Changing,Unspecified,MANHATTAN,10036.0,"(40.760822, -73.99832)",0.0,0.0,0,0,0,0,0,0,Sedan,Sedan,0
17310910,3550302,10/27/2016,06:40,990839,Sedan,TOYT -CAR/SUV,2016.0,1,M,Licensed,Making Left Turn,Left Front Bumper,No Damage,No Damage,No Damage,No Damage,N,,Failure to Yield Right-of-Way,Unspecified,MANHATTAN,10035.0,"(40.80124, -73.94183)",1.0,0.0,1,0,0,0,0,0,Sedan,,1
17068188,3432459,05/01/2016,05:14,210795,4 dr sedan,TOYT -CAR/SUV,2015.0,2,M,Licensed,Making Right Turn,Left Rear Quarter Panel,Left Rear Quarter Panel,,,,N,,Unspecified,Unspecified,BROOKLYN,11208.0,,0.0,0.0,0,0,0,0,0,0,4 dr sedan,4 dr sedan,0
17405990,3557054,11/09/2016,10:55,1046022,Station Wagon/Sport Utility Vehicle,Refreg,2015.0,1,M,Licensed,Other*,Right Front Quarter Panel,Right Front Quarter Panel,No Damage,No Damage,No Damage,N,,Driver Inattention/Distraction,Driver Inattention/Distraction,QUEENS,11101.0,"(40.739998, -73.94761)",0.0,0.0,0,0,0,0,0,0,Station Wagon/Sport Utility Vehicle,Station Wagon/Sport Utility Vehicle,0
17266422,3486809,07/24/2016,15:35,587347,Station Wagon/Sport Utility Vehicle,TOYT -CAR/SUV,2008.0,1,F,Licensed,Going Straight Ahead,Right Front Bumper,Right Front Bumper,No Damage,No Damage,No Damage,N,,Unspecified,Unspecified,BRONX,10467.0,"(40.87998, -73.86625)",0.0,0.0,0,0,0,0,0,0,Station Wagon/Sport Utility Vehicle,Station Wagon/Sport Utility Vehicle,0
17151001,3463616,06/19/2016,12:21,419742,4 dr sedan,TOYT -CAR/SUV,2016.0,1,M,Unlicensed,Making U Turn,Left Front Bumper,Left Front Bumper,Left Front Quarter Panel,,,N,,Turning Improperly,Failure to Yield Right-of-Way,BRONX,10451.0,"(40.82397, -73.91309)",0.0,0.0,0,0,0,0,0,0,Station Wagon/Sport Utility Vehicle,4 dr sedan,0
16940661,3416276,03/16/2016,16:30,97005,4 dr sedan,FORD -CAR/SUV,2000.0,2,M,Licensed,Other*,Left Rear Quarter Panel,No Damage,No Damage,No Damage,No Damage,N,,Alcohol Involvement,Unspecified,,,,0.0,0.0,0,0,0,0,0,0,2 dr sedan,4 dr sedan,0
17283305,3487622,07/24/2016,05:10,1209082,Sedan,HOND -CAR/SUV,2000.0,1,M,Licensed,Going Straight Ahead,Right Front Quarter Panel,Right Front Quarter Panel,Right Front Bumper,Center Front End,,N,,Unspecified,Unspecified,QUEENS,11419.0,"(40.69065, -73.81033)",1.0,0.0,0,0,0,0,1,0,Sedan,,1
17175064,3458135,06/07/2016,17:05,371285,4 dr sedan,NISS -CAR/SUV,2006.0,2,F,Licensed,Going Straight Ahead,Left Rear Bumper,Left Rear Bumper,Left Rear Quarter Panel,,,N,,Unspecified,Unspecified,QUEENS,11374.0,"(40.728535, -73.86076)",0.0,0.0,0,0,0,0,0,0,4 dr sedan,4 dr sedan,0
17021485,3448916,05/28/2016,16:30,338926,Station Wagon/Sport Utility Vehicle,BMW -CAR/SUV,2007.0,,,,Merging,,,,,,Unspecified,,Unsafe Speed,Unsafe Lane Changing,BRONX,10451.0,"(40.81488, -73.92886)",0.0,0.0,0,0,0,0,0,0,4 dr sedan,Station Wagon/Sport Utility Vehicle,0
17408099,3561627,11/15/2016,18:15,1078255,Sedan,BMW -CAR/SUV,2013.0,1,M,Licensed,Going Straight Ahead,Center Back End,Center Back End,,,,N,,Unspecified,Unspecified,,,,0.0,0.0,0,0,0,0,0,0,Sedan,Sedan,0
17189480,3508315,08/26/2016,13:50,711308,Station Wagon/Sport Utility Vehicle,FORD -CAR/SUV,2007.0,2,M,Licensed,Going Straight Ahead,Left Front Bumper,Left Front Bumper,No Damage,No Damage,No Damage,N,,Unspecified,Unspecified,BRONX,10459.0,"(40.821598, -73.89787)",1.0,0.0,0,0,0,0,1,0,Station Wagon/Sport Utility Vehicle,Sedan,1
16965025,3420622,04/16/2016,13:20,166923,4 dr sedan,TOYT -CAR/SUV,2007.0,1,M,Licensed,Starting from Parking,Left Front Bumper,Left Front Bumper,,,,N,,Failure to Yield Right-of-Way,Unspecified,BROOKLYN,11237.0,,0.0,0.0,0,0,0,0,0,0,4 dr sedan,4 dr sedan,0
17287396,3512726,09/02/2016,09:01,745964,Sedan,HOND -CAR/SUV,2016.0,1,M,Licensed,Starting from Parking,Left Front Bumper,Left Front Quarter Panel,Other,Other,Other,N,,Unspecified,Unspecified,BRONX,10461.0,"(40.849392, -73.832214)",0.0,0.0,0,0,0,0,0,0,Sedan,Sedan,0
17154109,3470373,06/25/2016,08:00,461654,4 dr sedan,TOYT -CAR/SUV,2012.0,1,M,Licensed,Going Straight Ahead,Right Rear Quarter Panel,Right Rear Quarter Panel,Right Rear Bumper,,,N,,Unspecified,Unspecified,,,"(40.793488, -73.94328)",0.0,0.0,0,0,0,0,0,0,4 dr sedan,4 dr sedan,0
17342571,3548241,10/24/2016,11:56,987825,Sedan,MERZ -CAR/SUV,2016.0,0,,,Parked,Right Rear Quarter Panel,Right Rear Quarter Panel,,,,Unspecified,,Unspecified,Unspecified,BROOKLYN,11230.0,,0.0,0.0,0,0,0,0,0,0,Dump,Sedan,0
17325887,3568499,11/23/2016,08:50,1124732,Sedan,TOYT -CAR/SUV,2005.0,1,M,Licensed,Making Left Turn,Right Front Bumper,Right Front Quarter Panel,,,,Unspecified,,Unspecified,Unspecified,BROOKLYN,11234.0,"(40.61368, -73.911934)",0.0,0.0,0,0,0,0,0,0,Sedan,Sedan,0
17295905,3580637,12/14/2016,15:55,1201007,Sedan,TOYT -CAR/SUV,2015.0,2,M,Licensed,Parked,Left Side Doors,Left Rear Quarter Panel,Left Side Doors,No Damage,No Damage,N,,Unspecified,Unspecified,,,"(40.66329, -73.94555)",0.0,0.0,0,0,0,0,0,0,Sedan,Bus,0
17167560,3462040,06/13/2016,06:25,401957,4 dr sedan,TOYT -CAR/SUV,2009.0,1,M,Licensed,Starting from Parking,Right Front Bumper,Right Front Quarter Panel,No Damage,No Damage,No Damage,N,,Unspecified,Unspecified,BRONX,10462.0,"(40.854458, -73.86612)",0.0,0.0,0,0,0,0,0,0,4 dr sedan,4 dr sedan,0
17270650,3515989,09/07/2016,17:35,760444,Station Wagon/Sport Utility Vehicle,LINC -CAR/SUV,2016.0,1,M,Licensed,Merging,Left Side Doors,Left Side Doors,,,,N,,Driver Inattention/Distraction,Failure to Yield Right-of-Way,BRONX,10468.0,"(40.874294, -73.888954)",1.0,0.0,0,0,0,0,1,0,Bus,Station Wagon/Sport Utility Vehicle,1
17047415,3437570,05/08/2016,20:50,246720,Station Wagon/Sport Utility Vehicle,GMC -CAR/SUV,2000.0,3,M,Unlicensed,Going Straight Ahead,Center Front End,Center Front End,No Damage,No Damage,No Damage,N,,Following Too Closely,Unspecified,,,,0.0,0.0,0,0,0,0,0,0,4 dr sedan,Station Wagon/Sport Utility Vehicle,0
17031225,3433550,04/03/2016,16:30,216408,Station Wagon/Sport Utility Vehicle,HOND -CAR/SUV,2003.0,2,M,Licensed,Changing Lanes,Left Rear Quarter Panel,Left Rear Quarter Panel,Left Rear Bumper,No Damage,No Damage,N,,Unsafe Lane Changing,Unspecified,,,"(40.81497, -73.96443)",2.0,0.0,0,0,0,0,2,0,Station Wagon/Sport Utility Vehicle,Station Wagon/Sport Utility Vehicle,1
17355046,3535800,10/02/2016,17:25,1036787,Station Wagon/Sport Utility Vehicle,JEEP -CAR/SUV,2016.0,3,M,Licensed,Going Straight Ahead,Right Front Quarter Panel,Right Front Quarter Panel,Right Side Doors,,,N,,Unspecified,Unspecified,QUEENS,11363.0,,0.0,0.0,0,0,0,0,0,0,Sedan,Station Wagon/Sport Utility Vehicle,0
17050541,3452582,05/24/2016,17:29,316176,Sedan,NISS -CAR/SUV,2000.0,1,F,Licensed,Slowing or Stopping,Left Side Doors,Left Side Doors,,,,N,,Driver Inattention/Distraction,Outside Car Distraction,STATEN ISLAND,10310.0,"(40.63196, -74.1228)",0.0,0.0,0,0,0,0,0,0,Sedan,Sedan,0
17419367,3583442,12/19/2016,10:48,1224754,Station Wagon/Sport Utility Vehicle,FORD -CAR/SUV,2012.0,2,F,Licensed,Going Straight Ahead,Right Front Quarter Panel,No Damage,,,,N,,Unspecified,Unspecified,,,"(40.775562, -73.95035)",0.0,0.0,0,0,0,0,0,0,Station Wagon/Sport Utility Vehicle,Refrigerated Van,0
17284395,3541399,10/14/2016,18:30,975979,Sedan,TOYT -CAR/SUV,2011.0,1,M,Licensed,Starting from Parking,Left Front Bumper,Center Front End,Right Front Bumper,,,N,,Unspecified,Unspecified,BRONX,10467.0,"(40.866096, -73.87044)",0.0,0.0,0,0,0,0,0,0,Sedan,Sedan,0
17284645,3589404,12/29/2016,20:15,1266827,Sedan,KIA -CAR/SUV,2008.0,1,M,Licensed,Going Straight Ahead,Left Rear Quarter Panel,Left Rear Quarter Panel,,,,N,,Passing or Lane Usage Improper,Unspecified,,,"(40.675507, -74.00075)",0.0,0.0,0,0,0,0,0,0,Sedan,Sedan,0
17357853,3535233,10/05/2016,19:20,891784,Station Wagon/Sport Utility Vehicle,FORD -CAR/SUV,2012.0,2,M,Licensed,Making Left Turn,Left Front Quarter Panel,Left Front Quarter Panel,,,,N,,Unspecified,Unspecified,QUEENS,11434.0,"(40.69103, -73.78079)",0.0,0.0,0,0,0,0,0,0,Sedan,Station Wagon/Sport Utility Vehicle,0
16946408,3424967,03/23/2016,08:10,141208,4 dr sedan,HOND -CAR/SUV,2004.0,1,F,Licensed,Slowing or Stopping,Center Front End,Center Back End,,,,N,,Driver Inattention/Distraction,Unspecified,,,"(40.739162, -73.78556)",0.0,0.0,0,0,0,0,0,0,4 dr sedan,4 dr sedan,0
17156189,3471076,06/22/2016,17:40,458508,4 dr sedan,FORD -CAR/SUV,2014.0,1,M,Licensed,Going Straight Ahead,Left Front Quarter Panel,Left Front Quarter Panel,,,,N,,Unspecified,Unspecified,,,"(40.52418, -74.2348)",0.0,0.0,0,0,0,0,0,0,4 dr sedan,Station Wagon/Sport Utility Vehicle,0
17296772,3549191,10/27/2016,15:26,988884,Sedan,BMW -CAR/SUV,2003.0,2,M,Licensed,Making Left Turn,Left Rear Bumper,Left Rear Bumper,No Damage,No Damage,No Damage,N,,Unspecified,Unspecified,,,,0.0,0.0,0,0,0,0,0,0,Sedan,Sedan,0
17403050,3587648,12/27/2016,17:00,1256913,Sedan,HYUN -CAR/SUV,2014.0,1,M,Licensed,Going Straight Ahead,Left Front Quarter Panel,Left Front Quarter Panel,Left Side Doors,Left Rear Quarter Panel,,N,,Unspecified,Unspecified,,,"(40.900852, -73.85489)",0.0,0.0,0,0,0,0,0,0,Sedan,Sedan,0
17345172,3565645,11/21/2016,13:10,1100209,Station Wagon/Sport Utility Vehicle,CHEV -CAR/SUV,2006.0,2,F,Licensed,Going Straight Ahead,Right Rear Quarter Panel,Right Rear Quarter Panel,Right Rear Bumper,,,N,,Driver Inattention/Distraction,Unspecified,BRONX,10458.0,"(40.876163, -73.881516)",0.0,0.0,0,0,0,0,0,0,AMBUL,Station Wagon/Sport Utility Vehicle,0
16962752,3429804,04/13/2016,09:48,129891,2 dr sedan,HOND -CAR/SUV,1998.0,1,F,Licensed,Going Straight Ahead,Right Rear Bumper,Right Rear Bumper,,,,N,,Unspecified,,STATEN ISLAND,10304.0,"(40.616306, -74.07812)",0.0,0.0,0,0,0,0,0,0,4 dr sedan,2 dr sedan,0
17370206,3487590,07/24/2016,15:00,556898,4 dr sedan,TOYT -CAR/SUV,2014.0,1,F,Licensed,Parked,Left Front Quarter Panel,Left Front Quarter Panel,Left Front Bumper,Left Side Doors,,N,,Unspecified,Unspecified,QUEENS,11428.0,"(40.717865, -73.75705)",0.0,0.0,0,0,0,0,0,0,4 dr sedan,4 dr sedan,0
17241995,3486419,07/23/2016,08:00,552506,4 dr sedan,SUBA -CAR/SUV,2005.0,1,M,Licensed,Going Straight Ahead,Center Front End,Center Front End,,,,N,,Following Too Closely,Driver Inattention/Distraction,MANHATTAN,10168.0,"(40.751442, -73.97606)",0.0,0.0,0,0,0,0,0,0,Box Truck,4 dr sedan,0
17325179,3580783,12/15/2016,02:55,1207512,Sedan,MITS -CAR/SUV,2004.0,0,,,Parked,Left Rear Quarter Panel,Left Side Doors,Left Rear Bumper,No Damage,Left Rear Bumper,N,,Unspecified,Unspecified,STATEN ISLAND,10310.0,"(40.632584, -74.11767)",0.0,0.0,0,0,0,0,0,0,Sedan,Sedan,0
17384546,3530733,10/01/2016,10:08,870371,Station Wagon/Sport Utility Vehicle,CHEV -CAR/SUV,2003.0,1,M,Licensed,Going Straight Ahead,Right Front Quarter Panel,Right Front Quarter Panel,Right Side Doors,,,N,,Driver Inattention/Distraction,Unspecified,QUEENS,11377.0,"(40.73954, -73.892)",0.0,0.0,0,0,0,0,0,0,Station Wagon/Sport Utility Vehicle,Sedan,0
17147339,3460659,06/07/2016,15:35,374268,Sedan,CHEV -CAR/SUV,2006.0,3,M,Licensed,Going Straight Ahead,Right Front Bumper,Center Front End,Left Front Bumper,,,N,,Unspecified,Unspecified,BROOKLYN,11213.0,"(40.677624, -73.93308)",0.0,0.0,0,0,0,0,0,0,Sedan,4 dr sedan,0
17286063,3532289,09/29/2016,15:00,863898,Station Wagon/Sport Utility Vehicle,AUDI -CAR/SUV,2008.0,1,F,Licensed,Going Straight Ahead,Left Front Quarter Panel,Left Side Doors,Left Rear Quarter Panel,No Damage,No Damage,Unspecified,,Unspecified,Reaction to Uninvolved Vehicle,,,"(40.802074, -73.93407)",0.0,0.0,0,0,0,0,0,0,Station Wagon/Sport Utility Vehicle,Box Truck,0
17408913,3526628,09/23/2016,18:55,835033,Sedan,FORD -CAR/SUV,2012.0,1,M,Licensed,Going Straight Ahead,Right Front Bumper,Right Front Bumper,Center Front End,Right Front Quarter Panel,Center Front End,N,,Unspecified,Unspecified,BROOKLYN,11208.0,"(40.680016, -73.87743)",0.0,0.0,0,0,0,0,0,0,Station Wagon/Sport Utility Vehicle,Sedan,0
17292475,3481695,07/16/2016,18:55,525252,4 dr sedan,TOYT -CAR/SUV,2013.0,1,M,Licensed,Making Right Turn,Right Front Bumper,No Damage,No Damage,No Damage,No Damage,N,,Driver Inattention/Distraction,Failure to Yield Right-of-Way,QUEENS,11105.0,"(40.785027, -73.91382)",1.0,0.0,0,0,1,0,0,0,4 dr sedan,Bike,1