UNIQUE_ID,COLLISION_ID,CRASH_DATE,CRASH_TIME,VEHICLE_ID,VEHICLE_TYPE,VEHICLE_MAKE,VEHICLE_YEAR,VEHICLE_OCCUPANTS,DRIVER_SEX,DRIVER_LICENSE_STATUS,PRE_CRASH,POINT_OF_IMPACT,VEHICLE_DAMAGE,VEHICLE_DAMAGE_1,VEHICLE_DAMAGE_2,VEHICLE_DAMAGE_3,PUBLIC_PROPERTY_DAMAGE,PUBLIC_PROPERTY_DAMAGE_TYPE,CONTRIBUTING_FACTOR_1,CONTRIBUTING_FACTOR_2,BOROUGH,ZIP CODE,LOCATION,NUMBER OF PERSONS INJURED,NUMBER OF PERSONS KILLED,NUMBER OF PEDESTRIANS INJURED,NUMBER OF PEDESTRIANS KILLED,NUMBER OF CYCLIST INJURED,NUMBER OF CYCLIST KILLED,NUMBER OF MOTORIST INJURED,NUMBER OF MOTORIST KILLED,VEHICLE TYPE CODE 1,VEHICLE TYPE CODE 2,Severity
17355006,3563257,11/18/2016,15:55,1090263,Sedan,HOND -CAR/SUV,2016.0,1,F,Licensed,Going Straight Ahead,Right Side Doors,Right Side Doors,Right Front Quarter Panel,No Damage,No Damage,N,,Unspecified,Unspecified,BRONX,10475.0,"(40.869335, -73.8255)",0.0,0.0,0,0,0,0,0,0,Station Wagon/Sport Utility Vehicle,Sedan,0
17063562,3447015,05/24/2016,18:51,337467,,UNKNOWN,,,,,,Other,Other,,,,N,,Unspecified,Unspecified,BROOKLYN,11218.0,"(40.64461, -73.96698)",0.0,0.0,0,0,0,0,0,0,Station Wagon/Sport Utility Vehicle,,0
17033859,3438047,04/29/2016,14:00,257782,Box Truck,HINO -TRUCK/BUS,2007.0,1,M,Licensed,Going Straight Ahead,Right Rear Quarter Panel,Right Rear Quarter Panel,No Damage,No Damage,No Damage,N,,Passing Too Closely,Unspecified,BRONX,10471.0,,0.0,0.0,0,0,0,0,0,0,Box Truck,4 dr sedan,0
17293215,3512159,08/25/2016,20:30,735850,Tractor Truck Gasoline,KW-TRUCK/BUS,1997.0,1,M,Licensed,Slowing or Stopping,Right Front Bumper,Right Front Bumper,,,,N,,Following Too Closely,Unspecified,,,"(40.713932, -73.93268)",0.0,0.0,0,0,0,0,0,0,Tractor Truck Gasoline,Sedan,0
17399370,3549405,10/26/2016,17:18,995400,Sedan,VOLK -CAR/SUV,2014.0,1,M,Licensed,Going Straight Ahead,Right Front Bumper,Right Front Bumper,Right Front Quarter Panel,,,N,,Unspecified,Unspecified,QUEENS,11102.0,"(40.769962, -73.919426)",0.0,0.0,0,0,0,0,0,0,Station Wagon/Sport Utility Vehicle,Sedan,0
17307974,3528956,09/28/2016,08:36,855476,Station Wagon/Sport Utility Vehicle,MERZ -CAR/SUV,2011.0,1,M,Licensed,Making Left Turn,Right Front Bumper,Right Front Bumper,Right Front Quarter Panel,,,N,,Driver Inattention/Distraction,Unsafe Lane Changing,BROOKLYN,11201.0,"(40.689144, -73.99071)",0.0,0.0,0,0,0,0,0,0,Station Wagon/Sport Utility Vehicle,Station Wagon/Sport Utility Vehicle,0
17169990,3453747,05/26/2016,16:10,344945,4 dr sedan,TOYT -CAR/SUV,2016.0,3,,,Backing,Center Back End,Other,No Damage,No Damage,No Damage,N,,Backing Unsafely,Drugs (illegal),,,"(40.705334, -73.95951)",1.0,0.0,1,0,0,0,0,0,4 dr sedan,,1
17364832,3578334,12/12/2016,09:30,1190252,Station Wagon/Sport Utility Vehicle,TOYT -CAR/SUV,2006.0,1,F,Licensed,Entering Parked Position,Right Front Bumper,Right Front Bumper,Right Front Bumper,Right Front Bumper,Right Front Bumper,N,,Unspecified,Unspecified,,,"(40.647488, -74.00067)",0.0,0.0,0,0,0,0,0,0,Station Wagon/Sport Utility Vehicle,Station Wagon/Sport Utility Vehicle,0
17068412,3439736,05/11/2016,09:41,258145,Sedan,TOYT -CAR/SUV,2015.0,1,M,,Slowing or Stopping,Center Back End,Center Back End,Right Rear Bumper,Left Rear Bumper,Center Front End,N,,Unspecified,Unspecified,,,"(40.750538, -73.93981)",1.0,0.0,0,0,0,0,1,0,Station Wagon/Sport Utility Vehicle,Station Wagon/Sport Utility Vehicle,1
16955242,3429357,03/30/2016,16:14,65455,Station Wagon/Sport Utility Vehicle,TOYT -CAR/SUV,2000.0,2,F,Licensed,Parked,Left Side Doors,Left Side Doors,Left Side Doors,Left Side Doors,Left Side Doors,N,,Driver Inattention/Distraction,Unspecified,QUEENS,11372.0,"(40.750534, -73.87674)",0.0,0.0,0,0,0,0,0,0,Station Wagon/Sport Utility Vehicle,Station Wagon/Sport Utility Vehicle,0
17345658,3565654,11/22/2016,07:00,1102918,Station Wagon/Sport Utility Vehicle,HOND -CAR/SUV,2014.0,0,,,Parked,Right Side Doors,Right Front Quarter Panel,,,,N,,Unspecified,Unspecified,,,"(40.87402, -73.8868)",0.0,0.0,0,0,0,0,0,0,Station Wagon/Sport Utility Vehicle,,0
17185523,3517236,09/11/2016,19:00,777259,Taxi,TOYT -CAR/SUV,2015.0,1,M,Licensed,Going Straight Ahead,Left Front Bumper,Left Front Bumper,Left Front Quarter Panel,,,N,,Driver Inattention/Distraction,Unspecified,,,"(40.721626, -73.984314)",0.0,0.0,0,0,0,0,0,0,Taxi,Motorscooter,0
17291648,3516005,09/06/2016,14:34,768666,Station Wagon/Sport Utility Vehicle,LEXS -CAR/SUV,2014.0,1,F,,Stopped in Traffic,Right Rear Bumper,Center Back End,Left Rear Bumper,,,N,,Unspecified,Unspecified,BROOKLYN,11229.0,"(40.60312, -73.960556)",0.0,0.0,0,0,0,0,0,0,Station Wagon/Sport Utility Vehicle,Station Wagon/Sport Utility Vehicle,0
16961901,3410885,04/25/2016,08:25,186642,,FRHT-TRUCK/BUS,2014.0,0,,,Parked,Left Front Quarter Panel,Left Front Quarter Panel,,,,N,,Unspecified,Unspecified,MANHATTAN,10034.0,,0.0,0.0,0,0,0,0,0,0,4 dr sedan,,0
17201914,3466247,06/21/2016,16:30,429749,4 dr sedan,HOND -CAR/SUV,2002.0,1,M,Licensed,Slowing or Stopping,Center Front End,Center Front End,,,,N,,Driver Inattention/Distraction,Following Too Closely,,,,0.0,0.0,0,0,0,0,0,0,Station Wagon/Sport Utility Vehicle,4 dr sedan,0
17310797,3568714,11/23/2016,16:54,1138480,Sedan,HOND -CAR/SUV,2008.0,1,,,Parked,Left Front Bumper,Center Front End,Left Front Quarter Panel,,,N,,Unspecified,Unspecified,MANHATTAN,10013.0,"(40.719578, -73.99806)",0.0,0.0,0,0,0,0,0,0,Sedan,Box Truck,0
16967461,3411132,04/11/2016,17:08,122201,Bus,THMS-TRUCK/BUS,2014.0,7,M,Licensed,Passing,Right Front Bumper,Other,,,,N,,Unsafe Lane Changing,Following Too Closely,,,,0.0,0.0,0,0,0,0,0,0,Bus,Bus,0
17422943,3554331,11/05/2016,10:05,1031341,Station Wagon/Sport Utility Vehicle,TOYT -CAR/SUV,2000.0,1,M,Licensed,Going Straight Ahead,Left Front Bumper,Left Front Bumper,Center Front End,,,N,,Unspecified,Following Too Closely,,,"(40.79801, -73.827065)",0.0,0.0,0,0,0,0,0,0,Station Wagon/Sport Utility Vehicle,Station Wagon/Sport Utility Vehicle,0
16978178,3425246,04/12/2016,16:00,126486,4 dr sedan,DODG -CAR/SUV,2010.0,3,M,Licensed,Going Straight Ahead,Center Front End,Center Front End,Right Front Bumper,Right Front Bumper,,N,,Following Too Closely,,,,"(40.7681, -73.90512)",0.0,0.0,0,0,0,0,0,0,4 dr sedan,Station Wagon/Sport Utility Vehicle,0
17218797,3539836,10/11/2016,16:40,919063,Sedan,MAZD -CAR/SUV,2015.0,0,,,Parked,Right Front Quarter Panel,Right Front Quarter Panel,Right Front Bumper,,,N,,Unspecified,Unspecified,STATEN ISLAND,10309.0,"(40.511734, -74.21044)",0.0,0.0,0,0,0,0,0,0,Sedan,,0
17170432,3486093,06/24/2016,09:30,550706,4 dr sedan,NISS -CAR/SUV,2014.0,0,,,Parked,Left Front Quarter Panel,Left Front Bumper,Center Front End,Right Front Bumper,,N,,Unspecified,Unspecified,BROOKLYN,11233.0,"(40.68153, -73.911476)",0.0,0.0,0,0,0,0,0,0,4 dr sedan,,0
17335334,3558567,11/11/2016,14:55,1056216,Sedan,HOND -CAR/SUV,2005.0,1,M,Licensed,Going Straight Ahead,Center Front End,Center Front End,No Damage,No Damage,No Damage,N,,Unspecified,Unspecified,BRONX,10467.0,"(40.880592, -73.8775)",3.0,0.0,0,0,0,0,3,0,Station Wagon/Sport Utility Vehicle,Sedan,1
17038295,3444707,05/14/2016,17:46,293552,4 dr sedan,BMW -CAR/SUV,2012.0,1,F,Licensed,Merging,Center Front End,Center Front End,Left Front Bumper,Right Front Bumper,,N,,Unspecified,Unspecified,BRONX,10463.0,"(40.889114, -73.88925)",0.0,0.0,0,0,0,0,0,0,4 dr sedan,4 dr sedan,0
16946590,3408539,03/21/2016,04:25,140725,4 dr sedan,VOLK -CAR/SUV,2008.0,1,M,Licensed,Parked,Right Rear Bumper,Right Rear Quarter Panel,,,,N,,Unspecified,Unspecified,,,,1.0,0.0,0,0,0,0,1,0,4 dr sedan,Station Wagon/Sport Utility Vehicle,1
17374188,3557126,11/07/2016,07:00,1040354,Sedan,FORD -CAR/SUV,2001.0,,,,,Left Front Bumper,Left Front Bumper,,,,N,,,,BROOKLYN,11212.0,"(40.65461, -73.922)",0.0,0.0,0,0,0,0,0,0,Sedan,Sedan,0
17165706,3480879,07/16/2016,04:20,522998,4 dr sedan,BMW -CAR/SUV,2014.0,2,M,Licensed,Going Straight Ahead,Right Front Bumper,Right Front Bumper,Right Front Quarter Panel,,,N,,Reaction to Uninvolved Vehicle,Unspecified,,,"(40.784817, -73.980736)",0.0,0.0,0,0,0,0,0,0,4 dr sedan,,0
16981737,3430788,04/22/2016,09:15,178433,Station Wagon/Sport Utility Vehicle,HOND -CAR/SUV,2011.0,1,F,Licensed,Stopped in Traffic,Center Back End,Center Back End,Center Front End,Center Front End,Other,N,,Unspecified,Unspecified,STATEN ISLAND,10305.0,,0.0,0.0,0,0,0,0,0,0,Station Wagon/Sport Utility Vehicle,Station Wagon/Sport Utility Vehicle,0
17055278,3429209,04/27/2016,21:30,198582,Station Wagon/Sport Utility Vehicle,FORD -CAR/SUV,2009.0,2,M,,Backing,Center Back End,Center Back End,,,,N,,Driver Inattention/Distraction,Backing Unsafely,,,,0.0,0.0,0,0,0,0,0,0,4 dr sedan,Station Wagon/Sport Utility Vehicle,0
16969258,3414382,04/14/2016,18:33,139906,4 dr sedan,HOND -CAR/SUV,2011.0,2,M,Licensed,Going Straight Ahead,Center Front End,Center Front End,,,,N,,Following Too Closely,Unspecified,,,"(40.862534, -73.89708)",1.0,0.0,0,0,0,0,1,0,4 dr sedan,4 dr sedan,1
17384173,3490774,07/30/2016,10:00,584564,Sedan,SUBA -CAR/SUV,2015.0,1,F,Licensed,Stopped in Traffic,Center Front End,Center Front End,,,,N,,Unspecified,Unspecified,,,,0.0,0.0,0,0,0,0,0,0,Station Wagon/Sport Utility Vehicle,Sedan,0
17329462,3538386,10/10/2016,17:50,919525,Sedan,HOND -CAR/SUV,2014.0,1,F,Licensed,Merging,Left Front Quarter Panel,Left Front Quarter Panel,Left Front Bumper,Left Side Doors,No Damage,N,,Driver Inattention/Distraction,Unsafe Lane Changing,MANHATTAN,10016.0,"(40.74708, -73.98135)",0.0,0.0,0,0,0,0,0,0,Taxi,Sedan,0
17201818,3466490,06/19/2016,14:15,433295,4 dr sedan,NISS -CAR/SUV,2012.0,1,M,Licensed,Going Straight Ahead,Center Front End,Center Front End,Center Back End,,,N,,Following Too Closely,Unspecified,,,,2.0,0.0,0,0,0,0,2,0,Station Wagon/Sport Utility Vehicle,Taxi,1
17188911,3467331,06/23/2016,13:10,439343,4 dr sedan,INFI -CAR/SUV,2015.0,1,M,Licensed,Parked,Left Front Quarter Panel,Left Front Quarter Panel,Left Side Doors,,,N,,Unspecified,Unspecified,,,"(40.637997, -74.02136)",0.0,0.0,0,0,0,0,0,0,4 dr sedan,Station Wagon/Sport Utility Vehicle,0
17398584,3583356,12/17/2016,08:20,1212662,Taxi,TOYT -CAR/SUV,2012.0,1,M,Licensed,Going Straight Ahead,Left Front Quarter Panel,Left Front Quarter Panel,,,,N,,Unspecified,Unspecified,,,"(40.704033, -73.81711)",0.0,0.0,0,0,0,0,0,0,Taxi,Pick-up Truck,0
17198388,3506857,08/19/2016,16:20,700220,Sedan,NISS -CAR/SUV,2015.0,0,M,Licensed,Making Right Turn,Left Front Bumper,Left Front Bumper,,,,N,,Passing or Lane Usage Improper,Passing Too Closely,BROOKLYN,11214.0,"(40.583664, -73.98656)",0.0,0.0,0,0,0,0,0,0,Sedan,Station Wagon/Sport Utility Vehicle,0
16941944,3406492,03/21/2016,12:30,35757,4 dr sedan,HOND -CAR/SUV,2013.0,1,F,Licensed,Changing Lanes,Right Front Quarter Panel,Right Front Quarter Panel,Right Front Quarter Panel,Right Front Quarter Panel,No Damage,N,,Unsafe Lane Changing,Unspecified,MANHATTAN,10036.0,,0.0,0.0,0,0,0,0,0,0,Station Wagon/Sport Utility Vehicle,4 dr sedan,0
17292969,3542125,10/14/2016,16:05,945114,Sedan,CHEV -CAR/SUV,2014.0,1,M,Licensed,Making Right Turn,Right Rear Bumper,Right Rear Bumper,,,,Unspecified,,Unspecified,Unspecified,BROOKLYN,11234.0,"(40.62739, -73.925835)",0.0,0.0,0,0,0,0,0,0,Station Wagon/Sport Utility Vehicle,Sedan,0
17395212,3587460,12/27/2016,04:30,1253217,Sedan,INFI -CAR/SUV,2011.0,1,M,Licensed,Going Straight Ahead,Left Front Bumper,Left Front Quarter Panel,,,,N,,Following Too Closely,Unsafe Lane Changing,BROOKLYN,11211.0,"(40.710957, -73.951126)",0.0,0.0,0,0,0,0,0,0,Sedan,Sedan,0
17191382,3524169,09/20/2016,22:41,822024,Sedan,NISS -CAR/SUV,2010.0,1,M,Unlicensed,Going Straight Ahead,Right Front Quarter Panel,Center Front End,Right Front Bumper,Right Front Quarter Panel,,N,,Driver Inattention/Distraction,Reaction to Uninvolved Vehicle,,,"(40.78588, -73.94884)",1.0,0.0,0,0,1,0,0,0,Sedan,Bike,1
17163472,3544854,10/21/2016,15:40,962370,Station Wagon/Sport Utility Vehicle,MAZD -CAR/SUV,2006.0,1,M,Licensed,Making Left Turn,Right Front Bumper,Right Front Bumper,No Damage,No Damage,No Damage,N,,Driver Inattention/Distraction,Unspecified,MANHATTAN,10027.0,"(40.807095, -73.945984)",0.0,0.0,0,0,0,0,0,0,Sedan,Station Wagon/Sport Utility Vehicle,0
17392125,3564431,11/19/2016,22:40,1093207,Sedan,HOND -CAR/SUV,2007.0,1,F,Licensed,Starting from Parking,Left Side Doors,Left Side Doors,Left Front Quarter Panel,,,Unspecified,,Failure to Yield Right-of-Way,Unspecified,QUEENS,11385.0,"(40.6991, -73.90048)",0.0,0.0,0,0,0,0,0,0,Sedan,Station Wagon/Sport Utility Vehicle,0
17391494,3571948,12/02/2016,16:30,1147800,Sedan,VOLK -CAR/SUV,2005.0,1,M,Licensed,Making Left Turn,Right Front Bumper,Right Front Bumper,Right Front Quarter Panel,No Damage,No Damage,N,,Driver Inexperience,Unspecified,BRONX,10466.0,"(40.89285, -73.85567)",0.0,0.0,0,0,0,0,0,0,Station Wagon/Sport Utility Vehicle,Sedan,0
17420092,3541230,10/16/2016,22:00,940115,Sedan,LEXS -CAR/SUV,2005.0,1,M,Licensed,Slowing or Stopping,Center Back End,Center Back End,,,,N,,Unspecified,Unspecified,,,"(40.743217, -73.83403)",0.0,0.0,0,0,0,0,0,0,Sedan,Taxi,0
17211646,4022828,06/11/2016,18:10,390771,Sedan,BMW -CAR/SUV,2010.0,1,M,Licensed,Making Left Turn,Right Front Quarter Panel,Right Front Quarter Panel,Right Front Bumper,Other,Other,N,,Glare,View Obstructed/Limited,STATEN ISLAND,10305.0,"(40.60192, -74.08385)",0.0,0.0,0,0,0,0,0,0,Sedan,4 dr sedan,0
17326098,3528203,09/26/2016,11:40,846215,Pick-up Truck,SEMI,2005.0,1,M,Licensed,Making Right Turn,Right Side Doors,No Damage,,,,Unspecified,,Following Too Closely,Unsafe Lane Changing,BROOKLYN,11211.0,"(40.71406, -73.95292)",0.0,0.0,0,0,0,0,0,0,Sedan,Pick-up Truck,0
17292248,3492432,07/31/2016,22:50,590363,Sedan,HYUN -CAR/SUV,2006.0,1,M,Licensed,Going Straight Ahead,Center Front End,Center Front End,Left Front Bumper,Right Front Bumper,Center Back End,Unspecified,,Pavement Slippery,Unspecified,QUEENS,11417.0,"(40.673748, -73.84324)",0.0,0.0,0,0,0,0,0,0,Sedan,Sedan,0
17170698,3502974,08/18/2016,00:00,672830,Sedan,TOYT -CAR/SUV,2004.0,4,F,Licensed,Backing,Left Rear Bumper,No Damage,No Damage,No Damage,No Damage,N,,Pedestrian/Bicyclist/Other Pedestrian Error/Confusion,Pedestrian/Bicyclist/Other Pedestrian Error/Confusion,BRONX,10456.0,"(40.831997, -73.90025)",1.0,0.0,1,0,0,0,0,0,Sedan,,1
17045355,3451154,05/18/2016,14:00,287992,Station Wagon/Sport Utility Vehicle,Hino,2014.0,2,M,Licensed,Stopped in Traffic,Left Front Bumper,Left Front Bumper,,,,N,,Unspecified,Unspecified,BROOKLYN,11222.0,"(40.72484, -73.93677)",0.0,0.0,0,0,0,0,0,0,4 dr sedan,Station Wagon/Sport Utility Vehicle,0
17365145,3485802,07/21/2016,23:15,546357,4 dr sedan,TOYT -CAR/SUV,1998.0,1,F,Licensed,Going Straight Ahead,Left Front Bumper,Left Front Bumper,Center Front End,,,N,,Driver Inattention/Distraction,Unspecified,QUEENS,11428.0,"(40.71783, -73.73743)",0.0,0.0,0,0,0,0,0,0,Van,4 dr sedan,0
16947844,3421123,04/01/2016,10:00,98429,,GMC -CAR/SUV,2004.0,1,M,Licensed,Going Straight Ahead,Right Rear Bumper,Center Back End,Left Rear Bumper,,,N,,Unspecified,,BROOKLYN,11205.0,,0.0,0.0,0,0,0,0,0,0,Sedan,,0
17072020,3443480,05/16/2016,20:30,283686,4 dr sedan,VOLK -CAR/SUV,2004.0,1,M,Licensed,Going Straight Ahead,Left Side Doors,Left Side Doors,,,,Unspecified,,Unspecified,Unspecified,QUEENS,11411.0,"(40.6973, -73.727875)",0.0,0.0,0,0,0,0,0,0,4 dr sedan,4 dr sedan,0
16940552,3421985,04/08/2016,14:30,112472,Sedan,BUIC -CAR/SUV,2015.0,0,,,Parked,Right Front Bumper,Center Front End,Center Front End,,,N,,Unspecified,Unspecified,QUEENS,11694.0,"(40.58025, -73.84442)",0.0,0.0,0,0,0,0,0,0,Sedan,Sedan,0
16933302,3413547,03/15/2016,08:46,140355,Taxi,TOYT -CAR/SUV,2014.0,1,M,Licensed,Merging,Right Front Bumper,Right Front Bumper,Right Front Bumper,No Damage,No Damage,N,,Reaction to Uninvolved Vehicle,Unspecified,BRONX,10460.0,,0.0,0.0,0,0,0,0,0,0,4 dr sedan,Taxi,0
17277320,3505387,08/20/2016,12:00,686035,Sedan,BMW -CAR/SUV,2010.0,2,M,Licensed,Going Straight Ahead,Left Rear Bumper,Center Back End,Right Rear Bumper,No Damage,No Damage,N,,Unspecified,Unspecified,,,,0.0,0.0,0,0,0,0,0,0,Sedan,Sedan,0
16979530,3429054,03/16/2016,13:00,145268,4 dr sedan,NISS -CAR/SUV,2011.0,1,M,Licensed,Going Straight Ahead,Left Rear Bumper,Left Rear Bumper,,,,N,,Unspecified,Unspecified,,,"(40.750977, -73.934746)",0.0,0.0,0,0,0,0,0,0,4 dr sedan,4 dr sedan,0
17268742,3527791,09/26/2016,18:30,882178,Sedan,DODG -CAR/SUV,2009.0,3,M,Licensed,Going Straight Ahead,Left Front Bumper,Left Front Bumper,,,,N,,Unspecified,Unspecified,,,,2.0,0.0,0,0,0,0,2,0,Sedan,Station Wagon/Sport Utility Vehicle,1
17369596,3564072,11/20/2016,17:15,1096269,Station Wagon/Sport Utility Vehicle,GMC -CAR/SUV,2003.0,2,F,Licensed,Slowing or Stopping,Right Rear Bumper,Right Rear Bumper,Center Back End,,,N,,Unspecified,Unspecified,,,"(40.741447, -73.84603)",0.0,0.0,0,0,0,0,0,0,Station Wagon/Sport Utility Vehicle,Station Wagon/Sport Utility Vehicle,0
16955257,3406239,04/16/2016,07:15,143949,Station Wagon/Sport Utility Vehicle,FORD -CAR/SUV,2002.0,1,M,Licensed,Changing Lanes,Left Side Doors,Left Side Doors,,,,N,,Passing or Lane Usage Improper,Unspecified,,,"(40.719025, -73.98978)",0.0,0.0,0,0,0,0,0,0,4 dr sedan,Station Wagon/Sport Utility Vehicle,0
17384007,3572068,12/02/2016,20:25,1148612,Sedan,HYUN -CAR/SUV,2015.0,1,M,Licensed,Going Straight Ahead,Right Side Doors,Right Side Doors,,,,N,,Failure to Yield Right-of-Way,View Obstructed/Limited,,,"(40.7319, -73.9888)",0.0,0.0,0,0,0,0,0,0,Station Wagon/Sport Utility Vehicle,Sedan,0
17054270,3444887,05/20/2016,20:10,300725,4 dr sedan,HOND -CAR/SUV,2016.0,1,F,Licensed,Stopped in Traffic,Left Rear Bumper,Left Rear Quarter Panel,,,,N,,Unspecified,Driver Inattention/Distraction,,,"(40.856407, -73.917206)",0.0,0.0,0,0,0,0,0,0,4 dr sedan,4 dr sedan,0
17230994,3488854,07/25/2016,16:10,565342,4 dr sedan,MITS -CAR/SUV,2008.0,4,M,Licensed,Making Left Turn,Center Back End,Center Back End,,,,N,,Turning Improperly,Unspecified,BROOKLYN,11209.0,"(40.61824, -74.02997)",0.0,0.0,0,0,0,0,0,0,4 dr sedan,Station Wagon/Sport Utility Vehicle,0
17346447,3572629,12/01/2016,14:10,1153278,Taxi,NISS -CAR/SUV,2014.0,1,U,Licensed,Going Straight Ahead,Left Front Quarter Panel,Left Side Doors,Left Rear Quarter Panel,Right Side Doors,Right Rear Quarter Panel,Unspecified,,Unsafe Lane Changing,Passing or Lane Usage Improper,MANHATTAN,10036.0,"(40.758427, -73.99264)",0.0,0.0,0,0,0,0,0,0,Taxi,Box Truck,0
17161957,3484327,07/20/2016,00:00,542628,4 dr sedan,TOYT -CAR/SUV,2000.0,1,F,Licensed,Making Left Turn,Right Rear Quarter Panel,Right Rear Quarter Panel,,,,N,,Other Vehicular,Unspecified,MANHATTAN,10029.0,"(40.789204, -73.95483)",0.0,0.0,0,0,0,0,0,0,4 dr sedan,Station Wagon/Sport Utility Vehicle,0
17386621,3560655,11/13/2016,16:54,1068279,Station Wagon/Sport Utility Vehicle,NISS -CAR/SUV,2006.0,1,F,Licensed,Slowing or Stopping,Left Rear Bumper,Left Rear Bumper,,,,N,,Reaction to Uninvolved Vehicle,Unspecified,QUEENS,11413.0,"(40.680187, -73.755486)",1.0,0.0,0,0,0,0,1,0,Station Wagon/Sport Utility Vehicle,Station Wagon/Sport Utility Vehicle,1
17212213,3464225,06/18/2016,18:00,421933,4 dr sedan,CHEV -CAR/SUV,2016.0,0,,,Parked,Left Front Quarter Panel,Left Front Quarter Panel,,,,N,,Unspecified,Unspecified,,,"(40.82923, -73.87551)",0.0,0.0,0,0,0,0,0,0,3-Door,4 dr sedan,0
16980497,3423997,04/06/2016,07:45,111527,Station Wagon/Sport Utility Vehicle,HOND -CAR/SUV,2015.0,1,F,Licensed,Slowing or Stopping,Center Back End,Center Back End,,,,N,,Unspecified,Unspecified,,,"(40.66662, -73.835464)",0.0,0.0,0,0,0,0,0,0,Station Wagon/Sport Utility Vehicle,Station Wagon/Sport Utility Vehicle,0
17355801,3488371,07/25/2016,18:13,562164,4 dr sedan,TOYT -CAR/SUV,2016.0,4,M,Licensed,Going Straight Ahead,Center Back End,Center Back End,,,,N,,Unspecified,Unspecified,,,,3.0,0.0,0,0,0,0,3,0,4 dr sedan,4 dr sedan,1
17271121,3505975,08/17/2016,11:00,694314,Sedan,FORD -CAR/SUV,2002.0,1,M,Licensed,,Right Front Bumper,Center Front End,Left Front Bumper,,,N,,Unspecified,Unspecified,,,,1.0,0.0,0,0,0,0,1,0,Sedan,Sedan,1
16939351,3420012,03/20/2016,15:55,19081,Station Wagon/Sport Utility Vehicle,FORD -CAR/SUV,2011.0,1,M,Licensed,Going Straight Ahead,Center Back End,Center Back End,,,,N,,Unspecified,,BROOKLYN,11205.0,"(40.689793, -73.96018)",0.0,0.0,0,0,0,0,0,0,Station Wagon/Sport Utility Vehicle,Station Wagon/Sport Utility Vehicle,0
17183323,3463541,06/15/2016,06:56,407967,4 dr sedan,TOYT -CAR/SUV,2015.0,1,M,Licensed,Going Straight Ahead,Left Front Bumper,Left Front Quarter Panel,No Damage,No Damage,No Damage,N,,Passing Too Closely,Driver Inattention/Distraction,MANHATTAN,10011.0,"(40.743225, -74.008644)",0.0,0.0,0,0,0,0,0,0,4 dr sedan,4 dr sedan,0
17070111,3438512,05/06/2016,09:40,234613,4 dr sedan,KIA -CAR/SUV,2015.0,1,M,Licensed,Going Straight Ahead,Right Rear Bumper,Right Rear Quarter Panel,,,,N,,Passing or Lane Usage Improper,Unspecified,BROOKLYN,11208.0,"(40.687492, -73.87789)",0.0,0.0,0,0,0,0,0,0,Garbage or Refuse,4 dr sedan,0
17295439,3513312,09/02/2016,20:24,747600,Sedan,TOYT -CAR/SUV,2015.0,2,M,Licensed,Changing Lanes,Left Front Bumper,Left Front Bumper,No Damage,No Damage,No Damage,N,,Unspecified,Unspecified,BRONX,10455.0,"(40.815697, -73.91678)",1.0,0.0,0,0,0,0,1,0,Sedan,Sedan,1
17189742,3501076,08/15/2016,19:00,658712,Sedan,TOYT -CAR/SUV,2009.0,2,F,Licensed,Merging,Left Rear Quarter Panel,Left Rear Quarter Panel,,,,N,,Unspecified,Unspecified,BROOKLYN,11236.0,"(40.656105, -73.89912)",0.0,0.0,0,0,0,0,0,0,Sedan,Station Wagon/Sport Utility Vehicle,0
17205754,3506208,08/18/2016,18:10,676242,Sedan,MERZ -CAR/SUV,2016.0,1,M,Licensed,Going Straight Ahead,Center Back End,Center Back End,,,,N,,Unspecified,Unspecified,BROOKLYN,11213.0,"(40.66958, -73.9456)",0.0,0.0,0,0,0,0,0,0,Sedan,Station Wagon/Sport Utility Vehicle,0
17244940,3581769,12/17/2016,01:30,1211758,Sedan,TOYT -CAR/SUV,2015.0,0,M,Licensed,Going Straight Ahead,Right Front Quarter Panel,Right Front Quarter Panel,,,,N,,Unspecified,Unspecified,,,"(40.73219, -73.98508)",0.0,0.0,0,0,0,0,0,0,Sedan,,0
17383866,3558208,11/05/2016,03:30,1055270,Sedan,NISS -CAR/SUV,2007.0,1,M,Licensed,Making Right Turn,Center Front End,Right Front Bumper,Left Front Bumper,Right Front Quarter Panel,Right Side Doors,N,,Unspecified,Unspecified,,,,1.0,0.0,0,0,0,0,1,0,Sedan,,1
16971472,3416500,04/10/2016,08:57,139537,4 dr sedan,TOYT -CAR/SUV,2009.0,1,M,Licensed,Going Straight Ahead,Center Front End,Right Front Bumper,Left Front Bumper,,,N,,Following Too Closely,Unspecified,BROOKLYN,11226.0,,0.0,0.0,0,0,0,0,0,0,Station Wagon/Sport Utility Vehicle,4 dr sedan,0