UNIQUE_ID,COLLISION_ID,CRASH_DATE,CRASH_TIME,VEHICLE_ID,VEHICLE_TYPE,VEHICLE_MAKE,VEHICLE_YEAR,VEHICLE_OCCUPANTS,DRIVER_SEX,DRIVER_LICENSE_STATUS,PRE_CRASH,POINT_OF_IMPACT,VEHICLE_DAMAGE,VEHICLE_DAMAGE_1,VEHICLE_DAMAGE_2,VEHICLE_DAMAGE_3,PUBLIC_PROPERTY_DAMAGE,PUBLIC_PROPERTY_DAMAGE_TYPE,CONTRIBUTING_FACTOR_1,CONTRIBUTING_FACTOR_2,BOROUGH,ZIP CODE,LOCATION,NUMBER OF PERSONS INJURED,NUMBER OF PERSONS KILLED,NUMBER OF PEDESTRIANS INJURED,NUMBER OF PEDESTRIANS KILLED,NUMBER OF CYCLIST INJURED,NUMBER OF CYCLIST KILLED,NUMBER OF MOTORIST INJURED,NUMBER OF MOTORIST KILLED,VEHICLE TYPE CODE 1,VEHICLE TYPE CODE 2,Severity
17232480,3487781,07/23/2016,16:27,553275,4 dr sedan,TOYT -CAR/SUV,2015.0,1,M,Licensed,Going Straight Ahead,Left Front Quarter Panel,Left Front Quarter Panel,Left Front Bumper,Left Side Doors,,N,,Unsafe Speed,Unspecified,QUEENS,11374.0,"(40.728535, -73.86076)",0.0,0.0,0,0,0,0,0,0,4 dr sedan,Station Wagon/Sport Utility Vehicle,0
17308612,3500541,08/14/2016,18:05,653756,Sedan,KIA -CAR/SUV,2015.0,1,M,Licensed,Going Straight Ahead,Center Front End,Center Front End,Left Front Bumper,Right Front Bumper,,N,,Driver Inattention/Distraction,Unspecified,QUEENS,11414.0,"(40.662926, -73.837875)",1.0,0.0,0,0,0,0,1,0,Station Wagon/Sport Utility Vehicle,Sedan,1
17315016,3505745,08/22/2016,17:08,688939,Sedan,LINC -CAR/SUV,2011.0,2,M,Licensed,Going Straight Ahead,Left Front Quarter Panel,Left Front Bumper,,,,N,,Unspecified,Unspecified,QUEENS,11434.0,"(40.683144, -73.76859)",0.0,0.0,0,0,0,0,0,0,Sedan,Pick-up Truck,0
17324008,3579234,12/08/2016,14:40,1195466,Sedan,MERZ -CAR/SUV,2011.0,0,M,Licensed,Starting in Traffic,Right Front Bumper,Right Front Bumper,Center Front End,Left Front Bumper,,N,,Unspecified,Unspecified,,,"(40.63993, -74.08195)",0.0,0.0,0,0,0,0,0,0,Sedan,,0
17344511,3564330,11/20/2016,15:00,1095305,Station Wagon/Sport Utility Vehicle,NISS -CAR/SUV,2016.0,1,F,Licensed,Going Straight Ahead,Right Rear Quarter Panel,Right Rear Quarter Panel,Right Side Doors,Right Front Quarter Panel,,N,,Unspecified,Unspecified,QUEENS,11385.0,"(40.7086, -73.8596)",0.0,0.0,0,0,0,0,0,0,Station Wagon/Sport Utility Vehicle,,0
17040404,3452786,05/26/2016,12:40,322252,4 dr sedan,RAMB -CAR/SUV,2016.0,1,M,Licensed,Going Straight Ahead,Right Rear Quarter Panel,Right Rear Quarter Panel,No Damage,No Damage,No Damage,N,,Failure to Yield Right-of-Way,Unspecified,STATEN ISLAND,10312.0,"(40.540043, -74.184044)",0.0,0.0,0,0,0,0,0,0,4 dr sedan,4 dr sedan,0
17277473,3489792,07/27/2016,12:30,567986,Station Wagon/Sport Utility Vehicle,TOYT -CAR/SUV,2005.0,4,F,Licensed,Merging,Center Back End,Center Back End,,,,Unspecified,,Unspecified,Unspecified,QUEENS,11363.0,"(40.76229, -73.75711)",0.0,0.0,0,0,0,0,0,0,Station Wagon/Sport Utility Vehicle,Station Wagon/Sport Utility Vehicle,0
17267457,3551563,10/29/2016,16:00,997613,Station Wagon/Sport Utility Vehicle,DODG -CAR/SUV,2003.0,1,M,Licensed,Going Straight Ahead,Center Front End,Center Front End,,,,N,,Following Too Closely,Unspecified,,,"(40.692776, -73.95769)",0.0,0.0,0,0,0,0,0,0,Sedan,Station Wagon/Sport Utility Vehicle,0
16983375,3428644,04/22/2016,13:31,186712,Station Wagon/Sport Utility Vehicle,HYUN -CAR/SUV,2008.0,1,M,Licensed,Starting from Parking,Right Front Bumper,Center Front End,,,,N,,Passing Too Closely,Unspecified,QUEENS,11434.0,"(40.68407, -73.770294)",0.0,0.0,0,0,0,0,0,0,Station Wagon/Sport Utility Vehicle,4 dr sedan,0
16958415,3430999,04/20/2016,08:07,165515,4 dr sedan,STRN -CAR/SUV,2007.0,2,F,Licensed,Stopped in Traffic,Center Front End,Center Front End,,,,N,,Unspecified,Unspecified,STATEN ISLAND,10309.0,,1.0,0.0,0,0,0,0,1,0,4 dr sedan,Station Wagon/Sport Utility Vehicle,1
17055384,3450381,05/22/2016,01:10,302397,Station Wagon/Sport Utility Vehicle,HOND -CAR/SUV,2005.0,0,,,Parked,Right Rear Bumper,Right Rear Quarter Panel,,,,N,,Unspecified,Unspecified,,,"(40.648308, -74.01412)",0.0,0.0,0,0,0,0,0,0,Station Wagon/Sport Utility Vehicle,,0
17392186,3541265,10/16/2016,16:07,938919,Sedan,GMC -CAR/SUV,2003.0,1,F,Permit,Making Right Turn,Left Rear Quarter Panel,Left Rear Bumper,No Damage,No Damage,No Damage,N,,Driver Inexperience,Driver Inattention/Distraction,QUEENS,11101.0,"(40.753784, -73.93203)",0.0,0.0,0,0,0,0,0,0,Sedan,Sedan,0
17170152,3480474,06/21/2016,11:15,520438,4 dr sedan,HOND -CAR/SUV,2002.0,0,,,Parked,Center Front End,Left Front Bumper,Center Front End,Left Front Bumper,Right Front Bumper,N,,Unspecified,Unspecified,BROOKLYN,11212.0,"(40.661293, -73.917366)",0.0,0.0,0,0,0,0,0,0,4 dr sedan,4 dr sedan,0
17032663,3431431,04/24/2016,04:35,213771,4 dr sedan,FORD -CAR/SUV,2003.0,2,F,Permit,Going Straight Ahead,Right Front Quarter Panel,Right Front Quarter Panel,Right Side Doors,Right Rear Quarter Panel,,N,,Driver Inexperience,Unspecified,,,"(40.78832, -73.941025)",0.0,0.0,0,0,0,0,0,0,4 dr sedan,4 dr sedan,0
17421278,3569885,11/29/2016,16:40,1204250,Sedan,TOYT -CAR/SUV,2011.0,1,F,Licensed,Going Straight Ahead,Left Rear Bumper,Left Rear Bumper,,,,N,,Unspecified,Unspecified,,,"(40.678234, -73.89753)",0.0,0.0,0,0,0,0,0,0,Sedan,Station Wagon/Sport Utility Vehicle,0
16946981,3425506,03/21/2016,12:46,40787,4 dr sedan,ACUR -CAR/SUV,2006.0,1,,,Parked,Left Side Doors,Left Side Doors,,,,Unspecified,,Driver Inattention/Distraction,Unspecified,QUEENS,11104.0,,0.0,0.0,0,0,0,0,0,0,Station Wagon/Sport Utility Vehicle,4 dr sedan,0
17417603,3574767,12/06/2016,16:13,1165846,Sedan,MNNI -CAR/SUV,2009.0,1,M,Licensed,Making Right Turn,Center Front End,Center Front End,No Damage,No Damage,No Damage,N,,Following Too Closely,Unspecified,,,,0.0,0.0,0,0,0,0,0,0,Taxi,Sedan,0
17404049,3519447,09/13/2016,04:45,784049,Station Wagon/Sport Utility Vehicle,INFI -CAR/SUV,2003.0,0,,,Parked,Left Rear Bumper,Left Rear Quarter Panel,Center Back End,Left Side Doors,,N,,Unspecified,Unspecified,BROOKLYN,11208.0,"(40.67498, -73.871826)",0.0,0.0,0,0,0,0,0,0,Station Wagon/Sport Utility Vehicle,Sedan,0
17304136,3510267,08/31/2016,10:44,729620,Van,FORD-TRUCK/BUS,2013.0,1,M,Licensed,Backing,Right Rear Bumper,Right Rear Bumper,No Damage,No Damage,No Damage,N,,Backing Unsafely,Unspecified,MANHATTAN,10012.0,"(40.725594, -73.999916)",0.0,0.0,0,0,0,0,0,0,Van,Sedan,0
17400440,3539001,10/12/2016,20:08,922920,Sedan,HYUN -CAR/SUV,2017.0,1,M,Licensed,Making Right Turn,Left Front Bumper,Left Front Bumper,Left Front Quarter Panel,,,N,,Unspecified,Unspecified,,,"(40.7653, -73.96774)",0.0,0.0,0,0,0,0,0,0,Station Wagon/Sport Utility Vehicle,Sedan,0
17326607,3534783,10/04/2016,01:36,892374,Sedan,NISS -CAR/SUV,2007.0,2,M,Licensed,Going Straight Ahead,Left Rear Quarter Panel,Left Rear Bumper,,,,N,,Unspecified,Unspecified,,,"(40.80534, -73.92095)",0.0,0.0,0,0,0,0,0,0,Sedan,Chassis Cab,0
17278722,3565997,11/22/2016,00:52,1102275,Sedan,LINC -CAR/SUV,2010.0,2,M,Licensed,Going Straight Ahead,Right Rear Quarter Panel,Right Rear Quarter Panel,,,,N,,Driver Inexperience,Passing Too Closely,BROOKLYN,11213.0,"(40.668537, -73.92621)",0.0,0.0,0,0,0,0,0,0,Sedan,Sedan,0
17330675,3583389,12/19/2016,14:10,1222521,Pick-up Truck,ISU -CAR/SUV,2009.0,1,M,Licensed,Going Straight Ahead,Right Front Bumper,No Damage,No Damage,No Damage,No Damage,N,,Other Vehicular,Unspecified,,,"(40.84515, -73.891365)",0.0,0.0,0,0,0,0,0,0,Station Wagon/Sport Utility Vehicle,Pick-up Truck,0
17296093,3513840,09/03/2016,14:20,750386,Station Wagon/Sport Utility Vehicle,HOND -CAR/SUV,2016.0,3,M,Licensed,Going Straight Ahead,Center Back End,Center Back End,No Damage,No Damage,No Damage,N,,Unspecified,Unspecified,,,,0.0,0.0,0,0,0,0,0,0,Station Wagon/Sport Utility Vehicle,Station Wagon/Sport Utility Vehicle,0
17059484,3440365,05/11/2016,17:50,260107,Station Wagon/Sport Utility Vehicle,HOND -CAR/SUV,2015.0,1,F,Licensed,Going Straight Ahead,Center Back End,Center Back End,Left Rear Bumper,Right Rear Bumper,Other,N,,Unspecified,Unspecified,STATEN ISLAND,10308.0,"(40.562496, -74.15742)",0.0,0.0,0,0,0,0,0,0,Station Wagon/Sport Utility Vehicle,Station Wagon/Sport Utility Vehicle,0
16971973,3423883,03/31/2016,01:00,67042,4 dr sedan,BMW -CAR/SUV,2009.0,2,M,Licensed,Going Straight Ahead,Left Front Quarter Panel,Left Front Quarter Panel,Left Side Doors,Left Rear Bumper,,N,,Unspecified,Unspecified,QUEENS,11429.0,"(40.715244, -73.742516)",0.0,0.0,0,0,0,0,0,0,4 dr sedan,semi,0
17388959,3554602,11/05/2016,15:35,1032890,Sedan,TOYT -CAR/SUV,2014.0,1,F,Licensed,Going Straight Ahead,Right Front Quarter Panel,Right Front Quarter Panel,,,,N,,Passing or Lane Usage Improper,Unspecified,,,"(40.59263, -74.10084)",0.0,0.0,0,0,0,0,0,0,Station Wagon/Sport Utility Vehicle,Sedan,0
17362329,3508794,08/26/2016,14:39,709472,Sedan,AUDI -CAR/SUV,2016.0,1,M,Licensed,Slowing or Stopping,Center Back End,Center Back End,,,,N,,Reaction to Uninvolved Vehicle,Unspecified,,,"(40.763897, -73.95323)",0.0,0.0,0,0,0,0,0,0,Sedan,Sedan,0
17187734,3484758,07/18/2016,12:37,539293,Station Wagon/Sport Utility Vehicle,stark,2014.0,4,M,Licensed,Going Straight Ahead,Left Side Doors,Left Side Doors,,,,N,,Unspecified,Unspecified,BROOKLYN,11217.0,"(40.678185, -73.974434)",0.0,0.0,0,0,0,0,0,0,Station Wagon/Sport Utility Vehicle,4 dr sedan,0
17158773,3493589,08/02/2016,18:30,601437,Sedan,NISS -CAR/SUV,2003.0,1,M,Licensed,Going Straight Ahead,Left Rear Bumper,Left Rear Bumper,Left Rear Quarter Panel,Center Back End,Right Rear Bumper,N,,Unspecified,Unspecified,BROOKLYN,11233.0,"(40.67974, -73.92214)",0.0,0.0,0,0,0,0,0,0,Sedan,Sedan,0
17144655,3458426,05/29/2016,13:50,379415,Van,FORD-TRUCK/BUS,2015.0,2,M,Licensed,Backing,Left Side Doors,Left Side Doors,Left Rear Quarter Panel,,,N,,Backing Unsafely,Unspecified,,,"(40.82902, -73.94485)",0.0,0.0,0,0,0,0,0,0,Van,4 dr sedan,0
16953392,3419819,04/04/2016,09:30,119690,Van,GMC-TRUCK/BUS,2001.0,1,M,Licensed,Going Straight Ahead,Right Front Quarter Panel,Right Front Quarter Panel,,,,N,,Driver Inattention/Distraction,,,,,0.0,0.0,0,0,0,0,0,0,Van,Van,0
16976739,3412050,04/16/2016,11:25,144678,4 dr sedan,TOYT -CAR/SUV,2011.0,1,M,Licensed,Going Straight Ahead,Right Front Quarter Panel,Right Side Doors,,,,N,,Unspecified,Unspecified,BRONX,10462.0,"(40.833683, -73.85667)",0.0,0.0,0,0,0,0,0,0,4 dr sedan,4 dr sedan,0
17171837,3453431,05/31/2016,14:29,349755,4 dr sedan,HOND -CAR/SUV,2014.0,1,M,Licensed,Starting from Parking,Right Front Bumper,Right Front Bumper,,,,N,,Unspecified,Unspecified,BROOKLYN,11220.0,"(40.637756, -74.00721)",1.0,0.0,1,0,0,0,0,0,4 dr sedan,,1
17415207,3531011,10/02/2016,01:12,874518,Sedan,HOND -CAR/SUV,2014.0,0,,,Parked,Left Rear Quarter Panel,Left Rear Quarter Panel,Left Side Doors,Left Rear Bumper,,N,,Unspecified,Unspecified,,,"(40.733036, -73.72243)",1.0,0.0,0,0,0,0,1,0,Station Wagon/Sport Utility Vehicle,Sedan,1
17219933,3530056,09/23/2016,16:00,861343,Sedan,TOYT -CAR/SUV,2014.0,1,M,Licensed,Going Straight Ahead,Center Front End,Center Front End,,,,N,,Following Too Closely,Following Too Closely,,,"(40.634644, -73.880905)",1.0,0.0,0,0,0,0,1,0,Sedan,Sedan,1
17309458,3518954,09/12/2016,23:50,783691,Station Wagon/Sport Utility Vehicle,FORD -CAR/SUV,2016.0,4,M,Licensed,Making Right Turn,Left Front Quarter Panel,Left Front Quarter Panel,Left Front Bumper,Center Front End,Left Side Doors,N,,Unspecified,Unspecified,,,"(40.627365, -74.166565)",0.0,0.0,0,0,0,0,0,0,Station Wagon/Sport Utility Vehicle,,0
17367163,3558802,11/11/2016,19:10,1056929,Sedan,FORD -CAR/SUV,2013.0,1,M,Licensed,Going Straight Ahead,Right Rear Bumper,Right Rear Bumper,,,,N,,Unspecified,Unspecified,,,"(40.72225, -74.00592)",0.0,0.0,0,0,0,0,0,0,Pick-up Truck,Sedan,0
17277122,3515550,08/29/2016,03:00,764562,Sedan,TOYT -CAR/SUV,2015.0,1,M,Licensed,Going Straight Ahead,Center Front End,No Damage,,,,N,,Following Too Closely,Unspecified,,,"(40.694157, -73.98357)",0.0,0.0,0,0,0,0,0,0,Sedan,Sedan,0
17253146,3496390,08/04/2016,12:15,628998,Sedan,INFI -CAR/SUV,2016.0,0,,,Parked,Center Front End,Center Front End,Left Front Bumper,Right Front Bumper,,N,,Other Vehicular,Unspecified,BRONX,10461.0,"(40.842766, -73.84594)",0.0,0.0,0,0,0,0,0,0,Sedan,Tractor Truck Gasoline,0
17044203,3431596,04/28/2016,16:54,203135,4 dr sedan,NISS -CAR/SUV,2015.0,2,M,Licensed,Going Straight Ahead,No Damage,Other,,,,N,,Unspecified,Other Vehicular,BRONX,10451.0,,2.0,0.0,0,0,0,0,2,0,4 dr sedan,Station Wagon/Sport Utility Vehicle,1
17229255,3516187,09/08/2016,08:38,762578,Station Wagon/Sport Utility Vehicle,SUZI -CAR/SUV,2002.0,2,F,Licensed,Going Straight Ahead,Left Front Bumper,Left Front Bumper,No Damage,No Damage,No Damage,N,,Unspecified,Unspecified,BROOKLYN,11207.0,"(40.687546, -73.90666)",1.0,0.0,0,0,0,0,1,0,Sedan,Station Wagon/Sport Utility Vehicle,1
17306770,3493855,07/31/2016,23:00,595562,Tanker,INTL-TRUCK/BUS,2014.0,1,M,Licensed,Going Straight Ahead,Right Front Bumper,Right Front Bumper,No Damage,No Damage,,N,,Unspecified,Unspecified,MANHATTAN,10036.0,"(40.757767, -73.985146)",0.0,0.0,0,0,0,0,0,0,Tanker,Sedan,0
17350452,3555596,11/06/2016,16:45,1034704,Sedan,NISS -CAR/SUV,2006.0,0,F,Licensed,Parked,Center Front End,Center Front End,Right Front Bumper,Left Front Bumper,No Damage,N,,Unspecified,Unspecified,QUEENS,11377.0,"(40.751423, -73.89696)",0.0,0.0,0,0,0,0,0,0,Sedan,Station Wagon/Sport Utility Vehicle,0
16940173,3408020,03/16/2016,23:10,11442,4 dr sedan,GMC -CAR/SUV,2015.0,1,M,Licensed,Going Straight Ahead,Left Front Quarter Panel,Left Front Bumper,,,,Unspecified,,Unspecified,,,,,0.0,0.0,0,0,0,0,2,0,4 dr sedan,Taxi,1
17377998,3574383,12/05/2016,17:18,1162356,Station Wagon/Sport Utility Vehicle,JEEP -CAR/SUV,2016.0,0,,,Parked,Left Front Quarter Panel,Left Front Quarter Panel,,,,N,,Other Vehicular,Unspecified,BRONX,10454.0,"(40.80348, -73.90781)",0.0,0.0,0,0,0,0,0,0,Station Wagon/Sport Utility Vehicle,,0
17185101,3474880,07/01/2016,21:30,486826,Station Wagon/Sport Utility Vehicle,JEEP -CAR/SUV,2016.0,1,,,Parked,Left Front Quarter Panel,Left Side Doors,Left Rear Quarter Panel,No Damage,No Damage,N,,Unspecified,Unspecified,BRONX,10461.0,"(40.84294, -73.83871)",0.0,0.0,0,0,0,0,0,0,Station Wagon/Sport Utility Vehicle,,0
17037053,3445008,05/21/2016,01:15,300514,Box Truck,WHGM-TRUCK/BUS,2008.0,2,M,Licensed,Stopped in Traffic,Right Rear Quarter Panel,Right Rear Quarter Panel,,,,N,,Unspecified,Unspecified,MANHATTAN,10037.0,"(40.814873, -73.940315)",0.0,0.0,0,0,0,0,0,0,Station Wagon/Sport Utility Vehicle,Box Truck,0
17427079,3584843,12/21/2016,22:30,1236699,Sedan,LEXS -CAR/SUV,2010.0,2,F,Licensed,Making Left Turn,Center Front End,No Damage,No Damage,No Damage,No Damage,N,,Failure to Yield Right-of-Way,Failure to Yield Right-of-Way,,,"(40.765324, -73.816185)",1.0,0.0,1,0,0,0,0,0,Sedan,,1
17216278,3472030,07/01/2016,08:18,470221,Station Wagon/Sport Utility Vehicle,HOND -CAR/SUV,2012.0,0,U,,Parked,Left Front Quarter Panel,Left Front Bumper,Center Front End,,,N,,Unspecified,Unspecified,BRONX,10455.0,"(40.811775, -73.90961)",0.0,0.0,0,0,0,0,0,0,Carry All,Station Wagon/Sport Utility Vehicle,0
16944845,3410371,04/02/2016,19:30,87669,Station Wagon/Sport Utility Vehicle,FORD -CAR/SUV,2014.0,0,,,Parked,Left Rear Bumper,Left Rear Quarter Panel,Left Side Doors,Center Back End,,N,,Unspecified,Unspecified,MANHATTAN,10039.0,"(40.830914, -73.936)",0.0,0.0,0,0,0,0,0,0,Station Wagon/Sport Utility Vehicle,Station Wagon/Sport Utility Vehicle,0
17381907,3529932,09/28/2016,20:43,858997,Sedan,CADI -CAR/SUV,2008.0,1,F,Licensed,Going Straight Ahead,Center Front End,Center Front End,Right Front Bumper,Left Front Bumper,,N,,Driver Inattention/Distraction,Unspecified,,,"(40.7393, -73.89072)",0.0,0.0,0,0,0,0,0,0,Sedan,Sedan,0
17301741,3504833,08/21/2016,17:50,684345,Sedan,DODG -CAR/SUV,2014.0,2,F,Licensed,Making Right Turn,Center Back End,Left Rear Bumper,,,,N,,Unspecified,Unspecified,QUEENS,11418.0,"(40.695156, -73.845406)",2.0,0.0,0,0,0,0,2,0,Sedan,Sedan,1
16959829,3417808,04/13/2016,18:00,131809,4 dr sedan,LINC -CAR/SUV,2006.0,1,M,Licensed,Starting from Parking,Right Front Bumper,Right Front Bumper,Right Front Quarter Panel,Right Front Bumper,,N,,Unsafe Lane Changing,Unspecified,BROOKLYN,11225.0,"(40.668827, -73.950615)",0.0,0.0,0,0,0,0,0,0,Station Wagon/Sport Utility Vehicle,4 dr sedan,0
17391924,3566824,11/23/2016,19:00,1111922,Station Wagon/Sport Utility Vehicle,CHRY -CAR/SUV,2000.0,2,M,Licensed,Going Straight Ahead,Left Front Bumper,Right Front Bumper,Right Front Bumper,No Damage,No Damage,N,,Unspecified,Unspecified,QUEENS,11434.0,"(40.685555, -73.78379)",1.0,0.0,0,0,0,0,1,0,Sedan,Sedan,1
17180809,3489452,07/27/2016,23:22,571130,Station Wagon/Sport Utility Vehicle,FORD -CAR/SUV,2016.0,2,M,Licensed,Backing,Left Rear Quarter Panel,Left Rear Quarter Panel,,,,N,,Unspecified,Unspecified,,,"(40.574818, -73.97356)",0.0,0.0,0,0,0,0,0,0,Station Wagon/Sport Utility Vehicle,,0
17050042,3434262,05/02/2016,19:00,221397,Bus,Nova,1999.0,1,M,Licensed,Making Left Turn,Left Rear Quarter Panel,Left Rear Quarter Panel,,,,N,,Unspecified,Unspecified,MANHATTAN,10006.0,,0.0,0.0,0,0,0,0,0,0,Bus,2 dr sedan,0
17414274,3520361,09/15/2016,00:00,795946,Station Wagon/Sport Utility Vehicle,MERZ -CAR/SUV,2012.0,1,F,Licensed,Going Straight Ahead,Right Side Doors,Right Side Doors,Right Side Doors,,,N,,Following Too Closely,Unspecified,QUEENS,11354.0,"(40.76465, -73.823494)",0.0,0.0,0,0,0,0,0,0,Station Wagon/Sport Utility Vehicle,Station Wagon/Sport Utility Vehicle,0
17368120,3540850,10/16/2016,04:15,938488,Station Wagon/Sport Utility Vehicle,PORS -CAR/SUV,2009.0,0,,,Parked,Left Rear Quarter Panel,Left Rear Bumper,,,,N,,Unspecified,Unspecified,QUEENS,11364.0,"(40.750717, -73.771126)",0.0,0.0,0,0,0,0,0,0,Station Wagon/Sport Utility Vehicle,Station Wagon/Sport Utility Vehicle,0
16967082,3417462,04/10/2016,12:15,116093,4 dr sedan,HYUN -CAR/SUV,2013.0,1,M,Licensed,Going Straight Ahead,Center Back End,Center Back End,Left Rear Bumper,Right Rear Bumper,,N,,Unspecified,Unspecified,BROOKLYN,11226.0,,0.0,0.0,0,0,0,0,0,0,4 dr sedan,4 dr sedan,0
17265601,3493623,08/02/2016,15:45,598851,Sedan,CHEV -CAR/SUV,2015.0,1,M,Licensed,Going Straight Ahead,Left Rear Quarter Panel,Left Rear Quarter Panel,Left Rear Bumper,,,N,,Unspecified,Unspecified,,,"(40.708965, -73.95673)",0.0,0.0,0,0,0,0,0,0,Sedan,Station Wagon/Sport Utility Vehicle,0
17426928,3581753,12/18/2016,13:00,1216904,Sedan,FORD -CAR/SUV,2004.0,2,F,Licensed,Slowing or Stopping,Center Back End,Right Rear Bumper,Center Back End,Left Rear Bumper,,N,,Unspecified,Unspecified,,,"(40.776905, -73.84623)",1.0,0.0,0,0,0,0,1,0,Sedan,Station Wagon/Sport Utility Vehicle,1
17301186,3506150,08/23/2016,21:10,695073,Station Wagon/Sport Utility Vehicle,FORD -CAR/SUV,2006.0,1,M,Licensed,Going Straight Ahead,Left Front Bumper,Right Front Quarter Panel,,,,N,,Reaction to Uninvolved Vehicle,Unspecified,BROOKLYN,11203.0,"(40.637375, -73.92886)",0.0,0.0,0,0,0,0,0,0,Sedan,Station Wagon/Sport Utility Vehicle,0
17332634,3513663,09/04/2016,14:47,746688,Station Wagon/Sport Utility Vehicle,CHEV -CAR/SUV,2015.0,1,M,Licensed,Going Straight Ahead,Right Side Doors,Right Side Doors,Right Rear Quarter Panel,,,N,,Unspecified,Unspecified,,,"(40.67452, -73.80321)",0.0,0.0,0,0,0,0,0,0,Sedan,Station Wagon/Sport Utility Vehicle,0
17366521,3587382,12/26/2016,17:00,1269344,Sedan,AUDI -CAR/SUV,2005.0,0,,,Parked,Center Back End,Center Back End,Right Rear Bumper,Left Rear Bumper,,N,,Unspecified,Unspecified,,,"(40.617958, -73.98363)",4.0,0.0,0,0,0,0,4,0,Sedan,Sedan,1
17059704,3451338,05/16/2016,22:00,322027,4 dr sedan,KIA -CAR/SUV,2012.0,0,,,Parked,Left Rear Quarter Panel,Left Rear Quarter Panel,Left Side Doors,Left Front Quarter Panel,Other,N,,Unspecified,Unspecified,,,"(40.704365, -73.81181)",0.0,0.0,0,0,0,0,0,0,4 dr sedan,,0
17288397,3473460,07/01/2016,13:38,476347,4 dr sedan,TOYT -CAR/SUV,2009.0,1,M,Licensed,Going Straight Ahead,Center Back End,Left Rear Bumper,Right Rear Bumper,,,N,,Unspecified,Unspecified,,,,0.0,0.0,0,0,0,0,0,0,4 dr sedan,4 dr sedan,0
16940770,3410250,04/04/2016,13:40,99444,4 dr sedan,HOND -CAR/SUV,2012.0,1,M,Licensed,Making Right Turn,Center Front End,Center Front End,Left Front Bumper,Right Front Bumper,,N,,Passing or Lane Usage Improper,Unspecified,,,,0.0,0.0,0,0,0,0,0,0,4 dr sedan,,0
17186808,3454245,05/27/2016,14:30,346130,Pick-up Truck,FORD -CAR/SUV,2015.0,1,M,Licensed,Stopped in Traffic,Left Side Doors,Left Side Doors,No Damage,No Damage,No Damage,N,,Unspecified,Unspecified,,,,0.0,0.0,0,0,0,0,0,0,4 dr sedan,Pick-up Truck,0
17062659,3452515,05/27/2016,14:30,332944,Station Wagon/Sport Utility Vehicle,TOYT -CAR/SUV,2007.0,0,,,Backing,Right Rear Quarter Panel,No Damage,,,,Unspecified,,Backing Unsafely,Turning Improperly,QUEENS,11369.0,"(40.75796, -73.87148)",0.0,0.0,0,0,0,0,0,0,Sedan,Station Wagon/Sport Utility Vehicle,0
17282694,3514835,09/06/2016,15:00,757029,Station Wagon/Sport Utility Vehicle,TOYT -CAR/SUV,2005.0,2,M,Licensed,Making Left Turn,Center Front End,Right Front Bumper,Right Front Quarter Panel,,,N,,Traffic Control Disregarded,Unspecified,,,"(40.642174, -74.02064)",2.0,0.0,0,0,0,0,2,0,Station Wagon/Sport Utility Vehicle,Station Wagon/Sport Utility Vehicle,1
16943388,3417979,03/24/2016,16:10,36921,4 dr sedan,MERZ -CAR/SUV,2012.0,1,M,Licensed,Backing,Right Rear Bumper,Right Rear Quarter Panel,,,,N,,Unspecified,Unspecified,BROOKLYN,11232.0,"(40.654705, -74.00731)",0.0,0.0,0,0,0,0,0,0,4 dr sedan,4 dr sedan,0
16969167,3415372,04/14/2016,07:35,133951,4 dr sedan,VOLK -CAR/SUV,2015.0,1,F,Licensed,Making Left Turn,Left Side Doors,No Damage,,,,N,,Failure to Yield Right-of-Way,Driver Inexperience,BROOKLYN,11204.0,,1.0,0.0,1,0,0,0,0,0,4 dr sedan,,1
17044134,3412110,04/21/2016,17:00,195698,4 dr sedan,TOYT -CAR/SUV,2007.0,0,,,Parked,Right Side Doors,Center Back End,,,,N,,Unspecified,Unspecified,BRONX,10473.0,,1.0,0.0,0,0,0,0,1,0,Station Wagon/Sport Utility Vehicle,4 dr sedan,1
17020926,3441767,05/14/2016,17:45,342854,Station Wagon/Sport Utility Vehicle,JEEP -CAR/SUV,2011.0,1,M,Licensed,Going Straight Ahead,Center Front End,Center Front End,,,,Unspecified,,Driver Inattention/Distraction,Unspecified,,,,0.0,0.0,0,0,0,0,0,0,Station Wagon/Sport Utility Vehicle,4 dr sedan,0
16937801,3430860,03/20/2016,20:40,21760,Station Wagon/Sport Utility Vehicle,NISS -CAR/SUV,2013.0,2,M,Licensed,Making Right Turn,Center Front End,Center Front End,Left Front Bumper,,,N,,Unspecified,,STATEN ISLAND,10307.0,,0.0,0.0,0,0,0,0,0,0,4 dr sedan,Station Wagon/Sport Utility Vehicle,0