UNIQUE_ID,COLLISION_ID,CRASH_DATE,CRASH_TIME,VEHICLE_ID,VEHICLE_TYPE,VEHICLE_MAKE,VEHICLE_YEAR,VEHICLE_OCCUPANTS,DRIVER_SEX,DRIVER_LICENSE_STATUS,PRE_CRASH,POINT_OF_IMPACT,VEHICLE_DAMAGE,VEHICLE_DAMAGE_1,VEHICLE_DAMAGE_2,VEHICLE_DAMAGE_3,PUBLIC_PROPERTY_DAMAGE,PUBLIC_PROPERTY_DAMAGE_TYPE,CONTRIBUTING_FACTOR_1,CONTRIBUTING_FACTOR_2,BOROUGH,ZIP CODE,LOCATION,NUMBER OF PERSONS INJURED,NUMBER OF PERSONS KILLED,NUMBER OF PEDESTRIANS INJURED,NUMBER OF PEDESTRIANS KILLED,NUMBER OF CYCLIST INJURED,NUMBER OF CYCLIST KILLED,NUMBER OF MOTORIST INJURED,NUMBER OF MOTORIST KILLED,VEHICLE TYPE CODE 1,VEHICLE TYPE CODE 2,Severity
17068203,3446819,05/28/2016,06:50,328754,Station Wagon/Sport Utility Vehicle,FORD -CAR/SUV,1999.0,1,F,Licensed,Going Straight Ahead,Right Rear Bumper,Right Rear Bumper,,,,N,,Other Vehicular,Unspecified,,,"(40.7681, -73.90512)",0.0,0.0,0,0,0,0,0,0,Station Wagon/Sport Utility Vehicle,,0
17274037,3568457,11/27/2016,12:20,1122464,Station Wagon/Sport Utility Vehicle,HOND -CAR/SUV,2009.0,2,F,Licensed,Merging,Left Side Doors,Left Side Doors,,,,N,,Unsafe Lane Changing,Unspecified,BROOKLYN,11235.0,"(40.581852, -73.96047)",0.0,0.0,0,0,0,0,0,0,Sedan,Station Wagon/Sport Utility Vehicle,0
17267017,3465621,06/20/2016,14:07,432553,Van,TOYOTA,2016.0,1,M,Licensed,Passing,Left Rear Quarter Panel,Left Rear Quarter Panel,Left Side Doors,,,N,,Turning Improperly,Unspecified,,,,0.0,0.0,0,0,0,0,0,0,Van,Van,0
17254891,3477947,07/09/2016,10:57,498185,4 dr sedan,AUDI -CAR/SUV,2014.0,1,M,Licensed,Entering Parked Position,Center Front End,Center Front End,,,,N,,Unspecified,Unspecified,QUEENS,11385.0,"(40.701862, -73.88178)",0.0,0.0,0,0,0,0,0,0,4 dr sedan,Station Wagon/Sport Utility Vehicle,0
17361890,3582686,12/18/2016,12:35,1220348,Sedan,TOYT -CAR/SUV,2015.0,3,M,Licensed,Going Straight Ahead,Right Rear Quarter Panel,Right Rear Quarter Panel,Center Front End,,,N,,Unspecified,Unspecified,BRONX,10457.0,"(40.84328, -73.90463)",0.0,0.0,0,0,0,0,0,0,Sedan,Sedan,0
17372665,3587634,12/26/2016,19:00,1253631,Station Wagon/Sport Utility Vehicle,FORD -CAR/SUV,2000.0,0,,,Going Straight Ahead,Other,Other,Other,,,N,,Driver Inattention/Distraction,Unspecified,BROOKLYN,11232.0,"(40.646717, -73.99789)",0.0,0.0,0,0,0,0,0,0,Sedan,Station Wagon/Sport Utility Vehicle,0
17281370,3486179,07/23/2016,07:31,551591,2 dr sedan,HOND -CAR/SUV,1998.0,2,M,Licensed,Going Straight Ahead,Center Back End,Center Back End,,,,N,,Unspecified,Unspecified,QUEENS,11420.0,"(40.68332, -73.80648)",0.0,0.0,0,0,0,0,0,0,Station Wagon/Sport Utility Vehicle,2 dr sedan,0
17359730,3577713,12/10/2016,19:15,1183584,Sedan,HOND -CAR/SUV,2002.0,3,M,Licensed,Making Left Turn,Right Rear Quarter Panel,Right Rear Quarter Panel,Right Rear Bumper,,,N,,Failure to Yield Right-of-Way,Unspecified,BRONX,10468.0,"(40.867878, -73.893005)",0.0,0.0,0,0,0,0,0,0,Sedan,Sedan,0
17353557,3576397,11/15/2016,16:30,1177854,Sedan,TOYT -CAR/SUV,2004.0,1,M,Licensed,Making Left Turn,Right Front Bumper,Center Front End,,,,N,,Unspecified,Unspecified,BROOKLYN,11201.0,"(40.69412, -73.99463)",0.0,0.0,0,0,0,0,0,0,Station Wagon/Sport Utility Vehicle,Sedan,0
17310723,3566527,11/18/2016,12:45,1108333,Sedan,ACUR -CAR/SUV,2012.0,1,M,Licensed,Making Right Turn,Right Front Quarter Panel,Right Front Quarter Panel,Right Front Quarter Panel,,,N,,Unspecified,Unspecified,BRONX,10460.0,"(40.842625, -73.87818)",0.0,0.0,0,0,0,0,0,0,Sedan,Sedan,0
17199554,3503591,08/13/2016,13:17,675026,Sedan,TOYT -CAR/SUV,2015.0,2,F,Licensed,Making U Turn,Left Side Doors,Left Side Doors,,,,N,,Turning Improperly,Pedestrian/Bicyclist/Other Pedestrian Error/Confusion,BROOKLYN,11238.0,"(40.674416, -73.96695)",1.0,0.0,0,0,1,0,0,0,Sedan,Bike,1
17154901,3471239,06/26/2016,19:55,464429,4 dr sedan,HOND -CAR/SUV,2009.0,2,F,Licensed,Making Left Turn,Left Rear Quarter Panel,Left Rear Quarter Panel,,,,N,,Failure to Yield Right-of-Way,Unspecified,MANHATTAN,10029.0,"(40.795586, -73.950165)",0.0,0.0,0,0,0,0,0,0,Taxi,4 dr sedan,0
17178976,3476885,07/08/2016,12:00,495893,COMME,HONDA,2008.0,1,U,Licensed,Going Straight Ahead,Center Front End,Right Front Quarter Panel,,,,N,,Following Too Closely,Failure to Yield Right-of-Way,MANHATTAN,10013.0,"(40.715584, -74.00304)",0.0,0.0,0,0,0,0,0,0,COMME,Station Wagon/Sport Utility Vehicle,0
16935257,3421949,03/21/2016,08:49,152685,4 dr sedan,HOND -CAR/SUV,2002.0,1,M,Licensed,Going Straight Ahead,Center Front End,Center Front End,Left Front Bumper,Right Front Bumper,,N,,Driver Inattention/Distraction,Unspecified,QUEENS,11692.0,"(40.7339, -73.9542)",0.0,0.0,0,0,0,0,0,0,4 dr sedan,Station Wagon/Sport Utility Vehicle,0
16955136,3409822,04/03/2016,09:50,83422,4 dr sedan,HOND -CAR/SUV,2007.0,1,M,Licensed,Going Straight Ahead,Right Front Bumper,Right Front Bumper,Center Front End,Left Front Bumper,,N,,Following Too Closely,Unspecified,,,"(40.82926, -73.93484)",1.0,0.0,0,0,0,0,1,0,4 dr sedan,Station Wagon/Sport Utility Vehicle,1
17337033,3544445,10/21/2016,15:20,962144,Sedan,TOYT -CAR/SUV,1996.0,1,M,Licensed,Going Straight Ahead,Right Front Bumper,Right Front Bumper,Center Front End,Right Front Quarter Panel,,N,,Unspecified,Unspecified,QUEENS,11369.0,"(40.76862, -73.871574)",1.0,0.0,0,0,0,0,1,0,Sedan,Sedan,1
17148905,3446212,05/18/2016,17:00,625590,4 dr sedan,ACUR -CAR/SUV,2007.0,1,M,Licensed,Going Straight Ahead,Center Front End,No Damage,,,,N,,Driver Inattention/Distraction,Unspecified,BROOKLYN,11213.0,"(40.666866, -73.92582)",0.0,0.0,0,0,0,0,0,0,4 dr sedan,4 dr sedan,0
17143006,3405894,03/12/2016,14:47,450831,Station Wagon/Sport Utility Vehicle,BMW -CAR/SUV,2011.0,1,,,Parked,Left Rear Bumper,Left Rear Bumper,Left Rear Bumper,,,N,,Unspecified,Unspecified,MANHATTAN,10003.0,"(40.73321, -73.99112)",0.0,0.0,0,0,0,0,0,0,Station Wagon/Sport Utility Vehicle,4 dr sedan,0
17364499,3508821,08/29/2016,06:10,718151,Tractor Truck Diesel,PTRB-TRUCK/BUS,2012.0,2,M,Licensed,Making Right Turn,Left Rear Bumper,No Damage,,,No Damage,N,,Passing Too Closely,Unspecified,,,"(40.77024, -73.95379)",0.0,0.0,0,0,0,0,0,0,Tractor Truck Diesel,Sedan,0
17310681,3490514,07/28/2016,06:30,576286,Taxi,CHEV -CAR/SUV,2013.0,1,M,Licensed,Passing,Right Front Bumper,No Damage,No Damage,No Damage,No Damage,N,,Unspecified,Unspecified,QUEENS,11106.0,"(40.755764, -73.92931)",0.0,0.0,0,0,0,0,0,0,Taxi,Station Wagon/Sport Utility Vehicle,0
17327354,3575598,12/08/2016,03:22,1172313,Sedan,FORD -CAR/SUV,2013.0,2,M,Licensed,Going Straight Ahead,Right Front Bumper,Right Front Bumper,Center Front End,Left Front Bumper,Right Front Quarter Panel,N,,Following Too Closely,Driver Inattention/Distraction,MANHATTAN,10001.0,"(40.747234, -73.99337)",1.0,0.0,0,0,0,0,1,0,Sedan,,1
17244234,3482229,07/12/2016,19:40,523469,4 dr sedan,NISS -CAR/SUV,2005.0,0,,,Parked,Left Front Quarter Panel,Left Front Bumper,No Damage,No Damage,No Damage,N,,Unspecified,Unspecified,BROOKLYN,11236.0,"(40.649982, -73.91183)",0.0,0.0,0,0,0,0,0,0,4 dr sedan,,0
17053615,3440340,05/08/2016,14:30,257882,Station Wagon/Sport Utility Vehicle,ACUR -CAR/SUV,2006.0,4,M,Licensed,Parked,Left Rear Quarter Panel,Left Rear Quarter Panel,,,,N,,Driver Inattention/Distraction,Unspecified,,,"(40.626415, -74.15942)",0.0,0.0,0,0,0,0,0,0,4 dr sedan,Station Wagon/Sport Utility Vehicle,0
17071273,3453975,05/29/2016,10:15,332924,4 dr sedan,NISS -CAR/SUV,2015.0,1,F,Licensed,Going Straight Ahead,Right Front Quarter Panel,Right Front Quarter Panel,Right Side Doors,Right Rear Quarter Panel,,N,,Unspecified,Unspecified,,,"(40.725933, -73.90073)",0.0,0.0,0,0,0,0,0,0,4 dr sedan,Station Wagon/Sport Utility Vehicle,0
17158300,3525154,09/21/2016,19:15,1130223,Taxi,NISS -CAR/SUV,2014.0,1,M,Licensed,Going Straight Ahead,Center Front End,Center Front End,,,,N,,Driver Inattention/Distraction,Driver Inexperience,MANHATTAN,10027.0,"(40.81084, -73.95068)",1.0,0.0,0,0,0,0,1,0,Sedan,Taxi,1
17049283,3450845,05/29/2016,17:25,334431,Station Wagon/Sport Utility Vehicle,HOND -CAR/SUV,2011.0,1,M,Licensed,Going Straight Ahead,Left Rear Quarter Panel,Left Rear Quarter Panel,No Damage,No Damage,No Damage,N,,View Obstructed/Limited,Unspecified,BROOKLYN,11205.0,"(40.693203, -73.953995)",1.0,0.0,0,0,1,0,0,0,Station Wagon/Sport Utility Vehicle,Bike,1
16964180,3409322,04/21/2016,17:40,175059,Station Wagon/Sport Utility Vehicle,JEEP -CAR/SUV,2013.0,1,M,Licensed,Merging,Right Front Quarter Panel,Right Front Quarter Panel,Right Side Doors,Right Rear Quarter Panel,Right Front Quarter Panel,N,,Driver Inattention/Distraction,Unspecified,,,"(40.90126, -73.90186)",0.0,0.0,0,0,0,0,0,0,Station Wagon/Sport Utility Vehicle,4 dr sedan,0
17150078,3464120,06/18/2016,22:45,418342,4 dr sedan,ACUR -CAR/SUV,2016.0,1,M,Licensed,Stopped in Traffic,Center Back End,Center Back End,Center Front End,Center Front End,,N,,Unspecified,Unspecified,,,,1.0,0.0,0,0,0,0,1,0,4 dr sedan,4 dr sedan,1
17168845,3453494,06/01/2016,18:20,348541,Station Wagon/Sport Utility Vehicle,FORD -CAR/SUV,2000.0,2,F,Licensed,Going Straight Ahead,Left Front Quarter Panel,Left Front Quarter Panel,Left Side Doors,,,N,,Unspecified,Unspecified,BROOKLYN,11219.0,"(40.629032, -74.00194)",1.0,0.0,0,0,0,0,1,0,Station Wagon/Sport Utility Vehicle,Station Wagon/Sport Utility Vehicle,1
17286987,3553559,11/03/2016,08:15,1023313,Bus,INTL-TRUCK/BUS,2001.0,1,M,Licensed,Going Straight Ahead,Right Rear Quarter Panel,Right Rear Quarter Panel,Right Rear Bumper,,,N,,Passing Too Closely,Unspecified,BROOKLYN,11212.0,"(40.668472, -73.91236)",0.0,0.0,0,0,0,0,0,0,Bus,Station Wagon/Sport Utility Vehicle,0
17333171,3533337,10/03/2016,08:15,882074,Sedan,INFI -CAR/SUV,2000.0,1,M,Licensed,Going Straight Ahead,Center Front End,Center Front End,Left Front Bumper,Right Front Bumper,,N,,Unspecified,Unspecified,,,"(40.70848, -73.95356)",0.0,0.0,0,0,0,0,0,0,Sedan,Station Wagon/Sport Utility Vehicle,0
17253160,3550544,10/28/2016,11:20,992923,Pick-up Truck,HINO,2016.0,3,M,Licensed,Going Straight Ahead,Right Front Bumper,Right Front Bumper,Right Front Quarter Panel,,,N,,Unspecified,Unspecified,BROOKLYN,11235.0,"(40.578213, -73.95758)",0.0,0.0,0,0,0,0,0,0,Station Wagon/Sport Utility Vehicle,Pick-up Truck,0
17207508,3480297,07/14/2016,00:00,517341,4 dr sedan,LEXS -CAR/SUV,2010.0,1,F,Licensed,Going Straight Ahead,Center Front End,Center Front End,Center Back End,,,N,,Unspecified,Unspecified,,,,0.0,0.0,0,0,0,0,0,0,4 dr sedan,Sedan,0
16982665,3427715,04/22/2016,15:00,177245,Station Wagon/Sport Utility Vehicle,CHEV -CAR/SUV,2014.0,2,F,Licensed,Going Straight Ahead,Right Front Bumper,Right Front Bumper,,,,N,,Driver Inattention/Distraction,Unspecified,QUEENS,11358.0,,0.0,0.0,0,0,0,0,0,0,Station Wagon/Sport Utility Vehicle,Station Wagon/Sport Utility Vehicle,0
17246043,3487745,07/23/2016,17:00,553267,Station Wagon/Sport Utility Vehicle,HOND -CAR/SUV,2005.0,1,M,Licensed,Going Straight Ahead,Center Back End,Center Back End,,,,N,,Unspecified,Unspecified,,,,0.0,0.0,0,0,0,0,0,0,Station Wagon/Sport Utility Vehicle,4 dr sedan,0
17268207,3488452,07/25/2016,19:15,561388,2 dr sedan,HOND -CAR/SUV,2003.0,2,M,Licensed,Going Straight Ahead,Right Front Quarter Panel,Right Front Bumper,,,,N,,Unspecified,Unspecified,,,,0.0,0.0,0,0,0,0,0,0,2 dr sedan,,0
17401643,3579648,12/14/2016,09:00,1198992,Sedan,BMW -CAR/SUV,2013.0,1,F,Licensed,Going Straight Ahead,Center Back End,Center Front End,Center Front End,,,N,,Following Too Closely,Unspecified,,,"(40.669144, -73.76591)",0.0,0.0,0,0,0,0,0,0,Sedan,Station Wagon/Sport Utility Vehicle,0
17299846,3499018,08/11/2016,14:09,640854,Station Wagon/Sport Utility Vehicle,TOYT -CAR/SUV,2006.0,0,,,Parked,Left Rear Bumper,Left Rear Bumper,Left Rear Quarter Panel,,,N,,Unspecified,Unspecified,QUEENS,11434.0,"(40.678288, -73.779434)",0.0,0.0,0,0,0,0,0,0,Station Wagon/Sport Utility Vehicle,Sedan,0
17283749,3460634,06/13/2016,09:38,394344,4 dr sedan,LINC -CAR/SUV,2007.0,1,M,Unlicensed,Making U Turn,Left Front Bumper,Left Front Bumper,No Damage,No Damage,No Damage,N,,Driver Inattention/Distraction,Failure to Yield Right-of-Way,,,"(40.661488, -73.89389)",0.0,0.0,0,0,0,0,0,0,4 dr sedan,4 dr sedan,0
17191274,3526990,09/25/2016,21:16,843116,Sedan,HYUN -CAR/SUV,2016.0,1,M,Licensed,Stopped in Traffic,Center Back End,Right Rear Bumper,Left Rear Bumper,No Damage,No Damage,N,,Unspecified,Unspecified,,,"(40.824375, -73.91443)",0.0,0.0,0,0,0,0,0,0,Sedan,Station Wagon/Sport Utility Vehicle,0
17356929,3550132,09/16/2016,13:39,1000013,Box Truck,FRHT-TRUCK/BUS,2004.0,1,M,Licensed,Backing,Center Back End,No Damage,No Damage,No Damage,,N,,Oversized Vehicle,Unspecified,BROOKLYN,11211.0,"(40.706852, -73.963165)",0.0,0.0,0,0,0,0,0,0,Box Truck,Station Wagon/Sport Utility Vehicle,0
17256023,4023088,06/14/2016,14:15,399321,Station Wagon/Sport Utility Vehicle,CHEV -CAR/SUV,2014.0,1,M,Licensed,Going Straight Ahead,Center Front End,Center Front End,,,,N,,Following Too Closely,Unspecified,,,"(40.763664, -73.95609)",0.0,0.0,0,0,0,0,0,0,4 dr sedan,Station Wagon/Sport Utility Vehicle,0
16959164,3417803,04/12/2016,19:10,126866,4 dr sedan,NISS -CAR/SUV,2003.0,1,M,Licensed,Going Straight Ahead,Right Front Quarter Panel,Right Front Quarter Panel,No Damage,No Damage,No Damage,N,,Passing Too Closely,Unspecified,BROOKLYN,11213.0,"(40.66937, -73.94174)",0.0,0.0,0,0,0,0,0,0,4 dr sedan,4 dr sedan,0
17045028,3443991,05/18/2016,09:15,287278,Station Wagon/Sport Utility Vehicle,CHEV -CAR/SUV,2005.0,1,M,Licensed,Going Straight Ahead,Left Side Doors,Left Side Doors,,,,N,,Unspecified,Driver Inattention/Distraction,BROOKLYN,11212.0,"(40.65731, -73.89965)",0.0,0.0,0,0,0,0,0,0,Station Wagon/Sport Utility Vehicle,Garbage or Refuse,0
17235190,3466969,06/22/2016,15:33,435048,4 dr sedan,TOYT -CAR/SUV,2011.0,4,F,Licensed,Going Straight Ahead,Left Front Bumper,Center Front End,Right Front Bumper,,,N,,Unspecified,Unspecified,QUEENS,11417.0,"(40.678036, -73.844124)",0.0,0.0,0,0,0,0,0,0,4 dr sedan,4 dr sedan,0
17370067,3495792,08/05/2016,20:40,615209,Station Wagon/Sport Utility Vehicle,INFI -CAR/SUV,2010.0,1,U,Licensed,Going Straight Ahead,Center Back End,Center Back End,,,,N,,Unspecified,Unspecified,,,"(40.67944, -73.89714)",1.0,0.0,0,0,0,0,1,0,Station Wagon/Sport Utility Vehicle,Sedan,1
17412373,3572986,12/04/2016,22:30,1155957,Sedan,CHRY -CAR/SUV,2015.0,5,F,Licensed,Going Straight Ahead,Center Front End,No Damage,No Damage,No Damage,No Damage,N,,Driver Inattention/Distraction,Unspecified,QUEENS,11101.0,"(40.73577, -73.93422)",0.0,0.0,0,0,0,0,0,0,Sedan,Sedan,0
17055983,3443614,05/16/2016,20:20,282211,Station Wagon/Sport Utility Vehicle,LINC -CAR/SUV,2006.0,0,,,Parked,Left Rear Bumper,Center Back End,Right Rear Bumper,,,N,,Unspecified,Unspecified,QUEENS,11368.0,"(40.752617, -73.865204)",0.0,0.0,0,0,0,0,0,0,Station Wagon/Sport Utility Vehicle,4 dr sedan,0
17190820,3459290,06/04/2016,14:07,373353,Station Wagon/Sport Utility Vehicle,HOND -CAR/SUV,2012.0,2,F,Licensed,Entering Parked Position,Left Rear Quarter Panel,Left Rear Quarter Panel,No Damage,No Damage,No Damage,N,,Unspecified,Unspecified,BROOKLYN,11212.0,"(40.6557, -73.91546)",0.0,0.0,0,0,0,0,0,0,Station Wagon/Sport Utility Vehicle,Pick-up Truck,0
16979417,3407932,04/22/2016,09:30,177170,Station Wagon/Sport Utility Vehicle,SUBA -CAR/SUV,2005.0,1,F,Licensed,Going Straight Ahead,Right Side Doors,No Damage,No Damage,,,N,,Other Vehicular,Unspecified,MANHATTAN,10022.0,,0.0,0.0,0,0,0,0,0,0,Station Wagon/Sport Utility Vehicle,,0
17166722,3553878,11/03/2016,08:00,1019648,Ambulance,FORD-TRUCK/BUS,2006.0,1,F,Licensed,Going Straight Ahead,Trailer,Trailer,Right Side Doors,Right Side Doors,No Damage,N,,Passing Too Closely,Unspecified,MANHATTAN,10027.0,"(40.807938, -73.94377)",0.0,0.0,0,0,0,0,0,0,Ambulance,Box Truck,0
16973088,3418822,03/30/2016,18:50,67747,Station Wagon/Sport Utility Vehicle,FORD -CAR/SUV,2000.0,1,M,Licensed,Merging,Left Front Quarter Panel,Left Side Doors,,,,N,,Unsafe Lane Changing,Unspecified,BROOKLYN,11207.0,,2.0,0.0,0,0,0,0,2,0,Station Wagon/Sport Utility Vehicle,Station Wagon/Sport Utility Vehicle,1
17420690,3566210,11/22/2016,17:00,1108360,Station Wagon/Sport Utility Vehicle,TOYT -CAR/SUV,2015.0,1,M,Licensed,Going Straight Ahead,Right Rear Bumper,Right Rear Bumper,,,,N,,Unspecified,Unspecified,,,"(40.674305, -73.87049)",0.0,0.0,0,0,0,0,0,0,Station Wagon/Sport Utility Vehicle,Station Wagon/Sport Utility Vehicle,0
17393087,3565801,11/22/2016,07:00,1102769,Station Wagon/Sport Utility Vehicle,TOYT -CAR/SUV,2015.0,0,M,Licensed,Parked,Left Rear Quarter Panel,Left Rear Quarter Panel,Left Side Doors,Left Front Quarter Panel,,N,,Unspecified,Unspecified,QUEENS,11385.0,"(40.697723, -73.902176)",0.0,0.0,0,0,0,0,0,0,Station Wagon/Sport Utility Vehicle,Sedan,0
17363152,3556525,11/06/2016,06:30,1031795,Sedan,CHRY -CAR/SUV,2014.0,1,M,Licensed,Stopped in Traffic,Center Back End,Center Back End,No Damage,No Damage,No Damage,N,,Unspecified,Unspecified,MANHATTAN,10007.0,"(40.715256, -74.008644)",1.0,0.0,0,0,0,0,1,0,Sedan,Station Wagon/Sport Utility Vehicle,1
17409758,3585941,12/24/2016,02:35,1244732,Station Wagon/Sport Utility Vehicle,FORD -CAR/SUV,1999.0,1,M,Licensed,Going Straight Ahead,Roof,Left Front Quarter Panel,Center Front End,Center Back End,Left Rear Quarter Panel,Y,,Fatigued/Drowsy,Alcohol Involvement,STATEN ISLAND,10306.0,"(40.560394, -74.120056)",0.0,0.0,0,0,0,0,0,0,Station Wagon/Sport Utility Vehicle,,0
17149965,3458984,06/08/2016,15:30,375699,4 dr sedan,TOYT -CAR/SUV,2016.0,1,M,Licensed,Parked,Center Front End,Center Front End,,,,N,,Driver Inattention/Distraction,Unspecified,MANHATTAN,10009.0,"(40.725166, -73.97957)",0.0,0.0,0,0,0,0,0,0,4 dr sedan,Station Wagon/Sport Utility Vehicle,0
17049735,3447328,05/30/2016,15:50,338177,Station Wagon/Sport Utility Vehicle,ACUR -CAR/SUV,2001.0,2,M,Licensed,Going Straight Ahead,Center Back End,Center Back End,No Damage,No Damage,No Damage,N,,Unspecified,Unspecified,BROOKLYN,11216.0,"(40.68093, -73.93786)",0.0,0.0,0,0,0,0,0,0,Station Wagon/Sport Utility Vehicle,4 dr sedan,0
17385432,3564321,11/19/2016,13:25,1092200,Station Wagon/Sport Utility Vehicle,LNDR -CAR/SUV,2011.0,1,M,Licensed,Going Straight Ahead,Right Side Doors,Right Side Doors,Right Rear Quarter Panel,,,Unspecified,,Reaction to Uninvolved Vehicle,Other Vehicular,,,"(40.704033, -73.81711)",0.0,0.0,0,0,0,0,0,0,Station Wagon/Sport Utility Vehicle,Station Wagon/Sport Utility Vehicle,0
17405797,3513654,09/04/2016,23:00,761820,Station Wagon/Sport Utility Vehicle,FORD -CAR/SUV,2006.0,2,M,Licensed,Going Straight Ahead,Other,No Damage,No Damage,No Damage,No Damage,N,,Driver Inattention/Distraction,Unspecified,QUEENS,11428.0,"(40.726418, -73.73586)",0.0,0.0,0,0,0,0,0,0,Station Wagon/Sport Utility Vehicle,Sedan,0
17197585,3481785,07/17/2016,19:11,528880,4 dr sedan,FORD -CAR/SUV,2013.0,2,M,,Parked,Left Side Doors,No Damage,,,,N,,Unspecified,Unspecified,MANHATTAN,10010.0,"(40.74088, -73.990074)",0.0,0.0,0,0,0,0,0,0,4 dr sedan,Bike,0
17183707,3473082,07/01/2016,13:45,472818,Sedan,NISS -CAR/SUV,2001.0,1,M,Licensed,Going Straight Ahead,Center Back End,Center Back End,Center Front End,,,N,,Other Vehicular,Unspecified,,,,0.0,0.0,0,0,0,0,0,0,4 dr sedan,Sedan,0
17364329,3539403,10/13/2016,12:00,925549,Sedan,HYUN -CAR/SUV,2013.0,1,F,Licensed,Stopped in Traffic,Center Back End,Center Back End,Right Rear Bumper,Left Rear Bumper,,N,,Unspecified,Unspecified,,,"(40.745617, -73.75496)",0.0,0.0,0,0,0,0,0,0,Sedan,Sedan,0
17149973,3499981,08/05/2016,11:12,643763,Taxi,TOYT -CAR/SUV,2015.0,1,,,Parked,Right Rear Quarter Panel,Right Rear Quarter Panel,,,,N,,Unspecified,Unspecified,MANHATTAN,10026.0,"(40.802696, -73.949196)",0.0,0.0,0,0,0,0,0,0,Box Truck,Taxi,0
17237014,3467496,06/23/2016,20:40,440077,4 dr sedan,VOLV -CAR/SUV,2001.0,1,M,Licensed,Going Straight Ahead,Left Front Quarter Panel,Left Front Quarter Panel,,,,N,,Other Vehicular,Unspecified,QUEENS,11420.0,"(40.677834, -73.814026)",0.0,0.0,0,0,0,0,0,0,4 dr sedan,4 dr sedan,0
17259846,3498061,08/10/2016,23:00,637471,Pick-up Truck,GMC -CAR/SUV,2015.0,1,M,Licensed,Going Straight Ahead,Right Front Bumper,Right Front Bumper,Center Front End,,,N,,Unspecified,Unspecified,,,"(40.585636, -73.93973)",0.0,0.0,0,0,0,0,0,0,Sedan,Pick-up Truck,0
17388585,3567194,11/23/2016,17:00,611d147e-1fb9-4623-8af9-53d820763666,Sedan,TOYT -CAR/SUV,2003.0,1,M,Licensed,Entering Parked Position,Right Front Quarter Panel,Right Front Quarter Panel,,,,N,,Passing Too Closely,Driver Inattention/Distraction,QUEENS,11421.0,"(40.68766, -73.85058)",0.0,0.0,0,0,0,0,0,0,Sedan,Sedan,0
17068644,3443034,05/11/2016,19:56,279926,Station Wagon/Sport Utility Vehicle,MERZ -CAR/SUV,2016.0,1,M,Licensed,Making Right Turn,Left Front Bumper,Left Front Bumper,Center Front End,Right Front Bumper,No Damage,N,,Unspecified,Unspecified,MANHATTAN,10028.0,"(40.78085, -73.96093)",0.0,0.0,0,0,0,0,0,0,Station Wagon/Sport Utility Vehicle,,0
17251357,3511958,09/01/2016,21:20,737935,Station Wagon/Sport Utility Vehicle,TOYT -CAR/SUV,2010.0,1,M,Licensed,Making Left Turn on Red,Left Front Bumper,Center Front End,,,,Unspecified,,Turning Improperly,Unspecified,BROOKLYN,11234.0,"(40.617313, -73.93106)",0.0,0.0,0,0,0,0,0,0,Station Wagon/Sport Utility Vehicle,Station Wagon/Sport Utility Vehicle,0
17308896,3531293,09/30/2016,09:30,868309,Taxi,FORD -CAR/SUV,2008.0,1,M,Licensed,Going Straight Ahead,Right Front Quarter Panel,No Damage,,,,N,,Unspecified,Unspecified,BROOKLYN,11218.0,"(40.654533, -73.97643)",0.0,0.0,0,0,0,0,0,0,Taxi,Sedan,0
17374869,3566836,11/24/2016,09:30,1113445,Sedan,CHRY -CAR/SUV,2015.0,1,M,Licensed,Slowing or Stopping,Center Front End,Center Front End,,,,N,,Following Too Closely,Unspecified,,,"(40.723698, -74.00792)",0.0,0.0,0,0,0,0,0,0,Sedan,Sedan,0
17262794,3481664,07/15/2016,18:00,521753,Station Wagon/Sport Utility Vehicle,TOYT -CAR/SUV,2000.0,1,M,Licensed,Stopped in Traffic,Right Rear Bumper,Right Rear Bumper,,,,N,,Unspecified,Unspecified,,,"(40.755795, -73.74451)",0.0,0.0,0,0,0,0,0,0,Station Wagon/Sport Utility Vehicle,Station Wagon/Sport Utility Vehicle,0
17072706,3445731,05/23/2016,12:00,307851,4 dr sedan,VOLK -CAR/SUV,2016.0,0,,,Parked,Right Side Doors,Right Side Doors,Right Front Quarter Panel,Right Rear Quarter Panel,,N,,Unspecified,Unspecified,QUEENS,11422.0,"(40.661118, -73.729576)",0.0,0.0,0,0,0,0,0,0,4 dr sedan,,0
17338875,3519922,09/14/2016,18:43,1234819,Sedan,FORD -CAR/SUV,2014.0,2,M,Licensed,Going Straight Ahead,Center Back End,Center Back End,Left Rear Bumper,Right Rear Bumper,,N,,Reaction to Uninvolved Vehicle,Unspecified,QUEENS,11413.0,"(40.675884, -73.75577)",2.0,0.0,0,0,0,0,2,0,Sedan,Sedan,1