UNIQUE_ID,COLLISION_ID,CRASH_DATE,CRASH_TIME,VEHICLE_ID,VEHICLE_TYPE,VEHICLE_MAKE,VEHICLE_YEAR,VEHICLE_OCCUPANTS,DRIVER_SEX,DRIVER_LICENSE_STATUS,PRE_CRASH,POINT_OF_IMPACT,VEHICLE_DAMAGE,VEHICLE_DAMAGE_1,VEHICLE_DAMAGE_2,VEHICLE_DAMAGE_3,PUBLIC_PROPERTY_DAMAGE,PUBLIC_PROPERTY_DAMAGE_TYPE,CONTRIBUTING_FACTOR_1,CONTRIBUTING_FACTOR_2,BOROUGH,ZIP CODE,LOCATION,NUMBER OF PERSONS INJURED,NUMBER OF PERSONS KILLED,NUMBER OF PEDESTRIANS INJURED,NUMBER OF PEDESTRIANS KILLED,NUMBER OF CYCLIST INJURED,NUMBER OF CYCLIST KILLED,NUMBER OF MOTORIST INJURED,NUMBER OF MOTORIST KILLED,VEHICLE TYPE CODE 1,VEHICLE TYPE CODE 2,Severity
17211206,3478460,07/10/2016,00:15,506108,4 dr sedan,LEXS -CAR/SUV,2016.0,2,M,Licensed,Going Straight Ahead,Left Front Quarter Panel,Left Front Quarter Panel,Left Front Bumper,,,N,,Unspecified,Unspecified,BROOKLYN,11230.0,"(40.615204, -73.96337)",0.0,0.0,0,0,0,0,0,0,4 dr sedan,4 dr sedan,0
17262519,3535845,10/06/2016,21:30,899490,Sedan,HOND -CAR/SUV,2009.0,0,,,Parked,Right Front Quarter Panel,Right Side Doors,No Damage,No Damage,Other,N,,Unspecified,Unspecified,BROOKLYN,11233.0,"(40.670895, -73.91405)",0.0,0.0,0,0,0,0,0,0,Sedan,UNKNO,0
17201418,3463514,06/17/2016,16:12,416772,Taxi,TOYT -CAR/SUV,2016.0,1,M,Licensed,Going Straight Ahead,Left Rear Quarter Panel,Left Rear Bumper,,,,N,,Unspecified,Unspecified,MANHATTAN,10004.0,"(40.704807, -74.01495)",0.0,0.0,0,0,0,0,0,0,Bus,Taxi,0
17323630,3531674,10/03/2016,06:57,878676,Taxi,NISS -CAR/SUV,2014.0,1,M,Licensed,Stopped in Traffic,Left Rear Bumper,Left Rear Bumper,No Damage,No Damage,No Damage,N,,Unspecified,Unspecified,MANHATTAN,10001.0,"(40.749733, -73.99354)",0.0,0.0,0,0,0,0,0,0,Taxi,Taxi,0
16944162,3421298,03/21/2016,15:35,61174,4 dr sedan,NISS -CAR/SUV,1998.0,1,M,Licensed,Going Straight Ahead,Center Front End,Center Front End,,,,N,,Following Too Closely,Unspecified,,,"(40.732136, -73.92556)",0.0,0.0,0,0,0,0,0,0,4 dr sedan,Station Wagon/Sport Utility Vehicle,0
17305603,3535744,10/07/2016,08:00,898859,Sedan,TOYT -CAR/SUV,2007.0,2,M,Licensed,Going Straight Ahead,Left Front Bumper,Left Front Bumper,,,,N,,Tire Failure/Inadequate,Unspecified,,,"(40.729256, -73.83941)",0.0,0.0,0,0,0,0,0,0,Sedan,,0
17144545,3417811,04/13/2016,21:30,508608,Station Wagon/Sport Utility Vehicle,MERC -CAR/SUV,1995.0,1,F,Licensed,Going Straight Ahead,Center Front End,Center Front End,No Damage,No Damage,No Damage,N,,Following Too Closely,Unspecified,BROOKLYN,11225.0,"(40.65886, -73.96255)",0.0,0.0,0,0,0,0,0,0,Taxi,Station Wagon/Sport Utility Vehicle,0
17179992,3536737,10/08/2016,07:45,910512,Pick-up Truck,peter,2014.0,2,M,Licensed,Backing,Center Back End,Center Back End,Center Back End,Center Back End,Center Back End,N,,Backing Unsafely,Unspecified,MANHATTAN,10025.0,"(40.794052, -73.970375)",0.0,0.0,0,0,0,0,0,0,Sedan,Pick-up Truck,0
17223317,3480985,07/16/2016,10:27,524036,4 dr sedan,TOYT -CAR/SUV,2015.0,1,M,Licensed,Making Right Turn,Center Front End,Left Front Bumper,,,,N,,Passing or Lane Usage Improper,Driver Inexperience,BROOKLYN,11201.0,"(40.70105, -73.991295)",0.0,0.0,0,0,0,0,0,0,4 dr sedan,4 dr sedan,0
17291378,3494420,08/03/2016,23:10,605594,Station Wagon/Sport Utility Vehicle,JEEP -CAR/SUV,2010.0,2,M,Licensed,Making Left Turn,Right Front Bumper,Right Side Doors,Right Front Quarter Panel,Right Front Bumper,Right Side Doors,Unspecified,,Failure to Yield Right-of-Way,Driver Inattention/Distraction,QUEENS,11436.0,"(40.67931, -73.79172)",1.0,0.0,0,0,0,0,1,0,Sedan,Station Wagon/Sport Utility Vehicle,1
17171681,3452877,06/01/2016,15:30,349355,4 dr sedan,JEEP -CAR/SUV,2016.0,1,,,Making Right Turn,,,,,,N,,Turning Improperly,Unspecified,MANHATTAN,10018.0,,0.0,0.0,0,0,0,0,0,0,4 dr sedan,4 dr sedan,0
17242504,3517189,09/09/2016,09:55,779517,Sedan,TOYT -CAR/SUV,2015.0,1,M,Licensed,Starting from Parking,Left Front Quarter Panel,Left Front Quarter Panel,,,,N,,Unsafe Lane Changing,Unspecified,MANHATTAN,10013.0,"(40.713715, -73.9991)",0.0,0.0,0,0,0,0,0,0,Station Wagon/Sport Utility Vehicle,Sedan,0
17249107,3475922,07/06/2016,16:16,488886,Station Wagon/Sport Utility Vehicle,DODG -CAR/SUV,2013.0,1,M,Licensed,Going Straight Ahead,Left Rear Bumper,Left Rear Bumper,,,,N,,Unspecified,Unspecified,,,,0.0,0.0,0,0,0,0,0,0,Station Wagon/Sport Utility Vehicle,4 dr sedan,0
17193328,3526871,09/25/2016,15:00,841751,Sedan,LEXS -CAR/SUV,2015.0,0,F,Licensed,Parked,Right Front Bumper,Right Front Bumper,,,,N,,Unspecified,Unspecified,MANHATTAN,10014.0,"(40.740726, -74.00696)",0.0,0.0,0,0,0,0,0,0,Sedan,Station Wagon/Sport Utility Vehicle,0
16950725,3420519,03/31/2016,23:30,72332,Station Wagon/Sport Utility Vehicle,DODG -CAR/SUV,2016.0,0,,,Parked,Left Rear Quarter Panel,Left Front Quarter Panel,Left Side Doors,,,N,,Unspecified,,BROOKLYN,11221.0,,0.0,0.0,0,0,0,0,0,0,Station Wagon/Sport Utility Vehicle,,0
17420293,3564106,11/19/2016,12:00,1091139,Taxi,LINC -CAR/SUV,2007.0,2,M,Licensed,Going Straight Ahead,Left Rear Quarter Panel,Left Rear Quarter Panel,,,,N,,Unspecified,Unspecified,BROOKLYN,11208.0,"(40.667923, -73.861465)",0.0,0.0,0,0,0,0,0,0,Taxi,Station Wagon/Sport Utility Vehicle,0
16973265,3421525,04/14/2016,08:35,134386,Station Wagon/Sport Utility Vehicle,HOND -CAR/SUV,2011.0,1,F,Licensed,Stopped in Traffic,Left Rear Bumper,Left Rear Bumper,No Damage,No Damage,No Damage,N,,Unspecified,Unspecified,BROOKLYN,11206.0,,0.0,0.0,0,0,0,0,0,0,Station Wagon/Sport Utility Vehicle,Tractor Truck Diesel,0
17249715,3475190,07/05/2016,22:00,486495,4 dr sedan,KIA -CAR/SUV,2015.0,1,F,Licensed,Going Straight Ahead,Center Back End,Right Front Quarter Panel,Center Back End,,,N,,Unspecified,Unspecified,QUEENS,11379.0,"(40.72575, -73.87756)",0.0,0.0,0,0,0,0,0,0,4 dr sedan,,0
17046210,3438455,05/08/2016,15:45,251230,Station Wagon/Sport Utility Vehicle,HOND -CAR/SUV,2002.0,7,F,Licensed,Going Straight Ahead,Center Front End,Center Front End,Left Front Bumper,Right Front Bumper,,N,,Unspecified,Unspecified,BROOKLYN,11220.0,"(40.644985, -74.01769)",2.0,0.0,0,0,0,0,2,0,Station Wagon/Sport Utility Vehicle,4 dr sedan,1
17048249,3432761,04/28/2016,22:40,209078,PK,NISS-TRUCK/BUS,2004.0,1,M,Licensed,Going Straight Ahead,Left Front Quarter Panel,Left Front Quarter Panel,Left Side Doors,Left Rear Quarter Panel,,Unspecified,,Driver Inattention/Distraction,Unspecified,QUEENS,11423.0,,0.0,0.0,0,0,0,0,0,0,PK,4 dr sedan,0
17191676,3470603,06/27/2016,12:15,454146,4 dr sedan,TOYT -CAR/SUV,2011.0,0,,,Parked,Left Rear Bumper,Left Rear Bumper,Left Rear Quarter Panel,No Damage,No Damage,N,,Unspecified,Unspecified,BROOKLYN,11204.0,"(40.608776, -73.98558)",0.0,0.0,0,0,0,0,0,0,Station Wagon/Sport Utility Vehicle,Station Wagon/Sport Utility Vehicle,0
17334265,3545741,10/21/2016,14:17,966829,Sedan,HOND -CAR/SUV,2016.0,1,F,,Stopped in Traffic,Left Front Quarter Panel,Left Front Bumper,Right Front Bumper,Right Front Quarter Panel,Right Side Doors,N,,Failure to Yield Right-of-Way,Driver Inattention/Distraction,,,"(40.604935, -73.96822)",0.0,0.0,0,0,0,0,0,0,Sedan,Sedan,0
17179115,3455875,06/02/2016,13:15,352671,Station Wagon/Sport Utility Vehicle,GMC -CAR/SUV,2006.0,1,M,Licensed,Parked,Left Side Doors,Left Front Quarter Panel,,,,N,,Unspecified,Unspecified,BRONX,10454.0,"(40.806324, -73.90959)",0.0,0.0,0,0,0,0,0,0,Station Wagon/Sport Utility Vehicle,Chassis Cab,0
17370418,3544454,10/21/2016,18:15,1172492,Sedan,BMW -CAR/SUV,2009.0,2,M,Licensed,Going Straight Ahead,Center Back End,Center Back End,,,,N,,Unspecified,Unspecified,QUEENS,11430.0,"(40.659786, -73.7742)",2.0,0.0,0,0,0,0,2,0,Sedan,Sedan,1
17385219,3582323,12/17/2016,22:25,1214779,Sedan,SUBA -CAR/SUV,2017.0,1,M,Licensed,Backing,Left Rear Quarter Panel,Left Rear Quarter Panel,,,,N,,Unspecified,Unspecified,QUEENS,11368.0,"(40.74055, -73.85625)",1.0,0.0,1,0,0,0,0,0,Sedan,,1
17176497,3510454,08/30/2016,22:00,727072,Station Wagon/Sport Utility Vehicle,TOYT -CAR/SUV,2004.0,2,M,Licensed,Going Straight Ahead,Center Front End,Center Front End,Left Front Bumper,Right Front Bumper,No Damage,N,,Headlights Defective,Other Vehicular,,,"(40.823467, -73.91622)",0.0,0.0,0,0,0,0,0,0,Station Wagon/Sport Utility Vehicle,Station Wagon/Sport Utility Vehicle,0
17357981,3565115,11/21/2016,14:55,1100847,Station Wagon/Sport Utility Vehicle,FORD -CAR/SUV,2007.0,0,,,Parked,Right Side Doors,Right Front Quarter Panel,No Damage,No Damage,No Damage,N,,Unspecified,Unspecified,BROOKLYN,11201.0,"(40.692265, -73.988205)",0.0,0.0,0,0,0,0,0,0,Station Wagon/Sport Utility Vehicle,Station Wagon/Sport Utility Vehicle,0
17198687,3463010,06/15/2016,18:00,1259319,Sedan,TOYT -CAR/SUV,2012.0,1,F,Licensed,Going Straight Ahead,Left Rear Bumper,Left Rear Bumper,Left Rear Quarter Panel,Center Back End,,N,,Unspecified,Unspecified,,,"(40.69775, -73.81393)",0.0,0.0,0,0,0,0,0,0,Sedan,,0
17297121,3573661,12/05/2016,19:13,f5e38a49-40f9-48c0-91b4-0fd4ef30475c,Van,CHEVROLET,2011.0,2,M,Licensed,Stopped in Traffic,Right Rear Bumper,Right Rear Bumper,Right Rear Quarter Panel,Right Side Doors,No Damage,N,,Unspecified,Unspecified,,,"(40.69097, -73.94833)",0.0,0.0,0,0,0,0,0,0,Sedan,Sedan,0
17336796,3532887,08/03/2016,18:00,610884,Sedan,CHRY -CAR/SUV,2006.0,1,M,Unlicensed,Going Straight Ahead,Left Rear Bumper,Left Rear Bumper,Right Rear Quarter Panel,,,N,,Unspecified,Unspecified,,,,0.0,0.0,0,0,0,0,0,0,Sedan,Taxi,0
17270502,3488741,07/25/2016,08:59,706466,Sedan,TOYT -CAR/SUV,2016.0,0,,,Parked,Right Rear Bumper,Right Rear Quarter Panel,Right Side Doors,Right Front Quarter Panel,Right Front Bumper,Unspecified,,Unspecified,Unspecified,BRONX,10472.0,"(40.828976, -73.87641)",0.0,0.0,0,0,0,0,0,0,Sedan,Tractor Truck Diesel,0
17240288,3515123,09/08/2016,11:50,763270,Sedan,FORD -CAR/SUV,2016.0,1,M,Licensed,Going Straight Ahead,Left Rear Quarter Panel,Left Rear Quarter Panel,Left Rear Quarter Panel,,,N,,Unspecified,Unspecified,MANHATTAN,10002.0,"(40.72023, -73.993706)",0.0,0.0,0,0,0,0,0,0,Sedan,Carry All,0
17370376,3588100,12/25/2016,13:16,1247963,Sedan,BMW -CAR/SUV,2011.0,1,M,Licensed,Going Straight Ahead,Right Front Bumper,Right Front Bumper,Center Front End,Center Front End,Center Front End,N,,Driver Inattention/Distraction,Driver Inattention/Distraction,,,"(40.86186, -73.89237)",0.0,0.0,0,0,0,0,0,0,Sedan,Sedan,0
16968703,3430614,04/06/2016,12:00,101819,4 dr sedan,DODG -CAR/SUV,2009.0,2,M,Licensed,Going Straight Ahead,Left Front Quarter Panel,Left Front Quarter Panel,Left Front Bumper,,,N,,Driver Inattention/Distraction,Unspecified,STATEN ISLAND,10308.0,,0.0,0.0,0,0,0,0,0,0,4 dr sedan,4 dr sedan,0
16986356,3426761,04/23/2016,17:24,181672,Station Wagon/Sport Utility Vehicle,CHRY -CAR/SUV,2006.0,0,,,Parked,Right Front Bumper,Right Front Bumper,Center Front End,,,N,,Unspecified,Unspecified,QUEENS,11355.0,,1.0,0.0,0,0,0,0,1,0,Station Wagon/Sport Utility Vehicle,Station Wagon/Sport Utility Vehicle,1
17156001,3473393,06/29/2016,13:50,478902,4 dr sedan,HOND -CAR/SUV,2012.0,1,,,Backing,Left Rear Bumper,Center Back End,,,,N,,Backing Unsafely,Unspecified,MANHATTAN,10012.0,"(40.72494, -73.99325)",0.0,0.0,0,0,0,0,0,0,Station Wagon/Sport Utility Vehicle,4 dr sedan,0
16937695,3410720,03/21/2016,13:00,22745,Box Truck,KW-TRUCK/BUS,2015.0,1,M,Licensed,Making Right Turn,Left Front Bumper,Center Front End,No Damage,No Damage,No Damage,N,,Unspecified,Unspecified,MANHATTAN,10034.0,"(40.862255, -73.91767)",0.0,0.0,0,0,0,0,0,0,Station Wagon/Sport Utility Vehicle,Box Truck,0
17281435,3522216,09/18/2016,04:35,808873,Station Wagon/Sport Utility Vehicle,JEEP -CAR/SUV,2016.0,0,,,Parked,Left Rear Quarter Panel,Left Front Quarter Panel,Left Side Doors,,,N,,Unspecified,Unspecified,BRONX,10458.0,"(40.863205, -73.89106)",0.0,0.0,0,0,0,0,0,0,Station Wagon/Sport Utility Vehicle,Station Wagon/Sport Utility Vehicle,0
17281439,3509894,08/27/2016,16:10,721522,Sedan,MERZ -CAR/SUV,2008.0,1,F,Licensed,Going Straight Ahead,Right Side Doors,Right Side Doors,,,,N,,Unspecified,Unspecified,BROOKLYN,11229.0,"(40.596607, -73.95089)",0.0,0.0,0,0,0,0,0,0,Sedan,Station Wagon/Sport Utility Vehicle,0
17247489,3487756,07/24/2016,15:30,557806,Station Wagon/Sport Utility Vehicle,HOND -CAR/SUV,2004.0,2,M,Licensed,Backing,Right Rear Quarter Panel,Right Rear Quarter Panel,Right Rear Bumper,,,N,,Backing Unsafely,Unspecified,QUEENS,11368.0,"(40.743324, -73.85879)",0.0,0.0,0,0,0,0,0,0,Station Wagon/Sport Utility Vehicle,4 dr sedan,0
17220420,3559778,11/12/2016,20:30,1060956,Station Wagon/Sport Utility Vehicle,FORD -CAR/SUV,2014.0,2,F,Licensed,Going Straight Ahead,Left Rear Bumper,Left Rear Quarter Panel,,,,N,,Animals Action,Animals Action,MANHATTAN,10029.0,"(40.794758, -73.94235)",0.0,0.0,0,0,0,0,0,0,Station Wagon/Sport Utility Vehicle,,0
17288690,3504766,08/22/2016,07:12,685804,Sedan,BMW -CAR/SUV,2010.0,1,F,,Going Straight Ahead,Left Front Bumper,Left Front Bumper,Right Front Quarter Panel,Center Front End,,N,,Following Too Closely,Driver Inattention/Distraction,BROOKLYN,11211.0,"(40.71406, -73.95292)",0.0,0.0,0,0,0,0,0,0,Station Wagon/Sport Utility Vehicle,Sedan,0
16941129,3418305,03/22/2016,18:55,176411,4 dr sedan,LEXS -CAR/SUV,2014.0,1,F,Licensed,Stopped in Traffic,Center Back End,Center Back End,Right Rear Bumper,Left Rear Bumper,Left Rear Quarter Panel,N,,Unspecified,Unspecified,BROOKLYN,11233.0,"(40.67257, -73.91243)",0.0,0.0,0,0,0,0,0,0,4 dr sedan,Station Wagon/Sport Utility Vehicle,0
17310296,3522554,09/16/2016,08:52,812126,Van,FORD-TRUCK/BUS,2016.0,1,M,Licensed,Merging,Left Front Quarter Panel,Left Front Quarter Panel,,,,N,,Unsafe Lane Changing,Unspecified,BRONX,10454.0,"(40.805557, -73.91047)",0.0,0.0,0,0,0,0,0,0,Sedan,Van,0
17236762,3467494,06/23/2016,10:00,440997,Station Wagon/Sport Utility Vehicle,MERZ -CAR/SUV,2014.0,1,,,Making U Turn,Center Back End,,,,,N,,Backing Unsafely,Unspecified,QUEENS,11414.0,"(40.661144, -73.84427)",0.0,0.0,0,0,0,0,0,0,Station Wagon/Sport Utility Vehicle,Convertible,0
17151154,3482870,07/16/2016,12:40,526006,Station Wagon/Sport Utility Vehicle,CHEV -CAR/SUV,2007.0,1,M,Licensed,Starting in Traffic,Left Rear Quarter Panel,Left Rear Quarter Panel,Left Rear Bumper,No Damage,No Damage,N,,Unsafe Lane Changing,Unspecified,,,"(40.79356, -73.96702)",0.0,0.0,0,0,0,0,0,0,Pick-up Truck,Station Wagon/Sport Utility Vehicle,0
17275993,3496996,08/08/2016,12:50,632424,Sedan,HOND -CAR/SUV,2004.0,1,M,Licensed,Going Straight Ahead,Center Back End,Center Back End,Left Rear Bumper,Right Rear Bumper,,N,,Unspecified,Unspecified,,,"(40.707462, -74.00404)",0.0,0.0,0,0,0,0,0,0,Sedan,Taxi,0
17229729,3505265,08/23/2016,08:30,691608,Station Wagon/Sport Utility Vehicle,HOND -CAR/SUV,2005.0,1,M,Licensed,Going Straight Ahead,Left Front Bumper,Left Front Bumper,,,,N,,Failure to Yield Right-of-Way,Failure to Keep Right,,,"(40.859493, -73.887184)",0.0,0.0,0,0,0,0,0,0,Sedan,Station Wagon/Sport Utility Vehicle,0
17219117,3498651,08/11/2016,17:00,641718,Sedan,FORD -CAR/SUV,2006.0,1,M,Licensed,Making Right Turn,Right Side Doors,Right Side Doors,Right Rear Quarter Panel,,,N,,Passing or Lane Usage Improper,Following Too Closely,BRONX,10458.0,"(40.86052, -73.89257)",0.0,0.0,0,0,0,0,0,0,Sedan,Sedan,0
17418632,3560938,11/07/2016,08:00,1071705,Pick-up Truck,CHEV -CAR/SUV,2012.0,1,M,Licensed,Going Straight Ahead,Left Front Bumper,Left Front Bumper,Center Front End,,,N,,Unspecified,Unspecified,,,"(40.67956, -73.8989)",0.0,0.0,0,0,0,0,0,0,Pick-up Truck,Pick-up Truck,0
17068731,3441799,05/15/2016,05:40,273689,2 dr sedan,FORD -CAR/SUV,2001.0,1,F,Licensed,Going Straight Ahead,Center Front End,Right Front Bumper,Center Front End,,,N,,Driver Inattention/Distraction,Animals Action,QUEENS,11101.0,,1.0,0.0,0,0,0,0,1,0,4 dr sedan,2 dr sedan,1
17244035,3473254,07/03/2016,06:50,476869,Station Wagon/Sport Utility Vehicle,NISS -CAR/SUV,2003.0,1,F,Licensed,Going Straight Ahead,Right Front Bumper,Right Front Bumper,Right Front Quarter Panel,No Damage,No Damage,N,,Driver Inattention/Distraction,Unspecified,QUEENS,11434.0,"(40.68818, -73.78869)",0.0,0.0,0,0,0,0,0,0,Station Wagon/Sport Utility Vehicle,Station Wagon/Sport Utility Vehicle,0
16978646,3433744,04/26/2016,14:30,192748,4 dr sedan,HYUN -CAR/SUV,2011.0,2,M,Licensed,Changing Lanes,Right Front Quarter Panel,Right Front Quarter Panel,Right Side Doors,,,N,,Unsafe Lane Changing,Unspecified,,,"(40.598827, -74.006775)",0.0,0.0,0,0,0,0,0,0,4 dr sedan,4 dr sedan,0
17315892,3508597,08/28/2016,14:45,714842,Station Wagon/Sport Utility Vehicle,GMC -CAR/SUV,2003.0,2,M,Licensed,Going Straight Ahead,Right Front Quarter Panel,Center Front End,Left Front Bumper,Right Front Bumper,,N,,Unspecified,Unspecified,,,"(40.766396, -73.78092)",0.0,0.0,0,0,0,0,0,0,Station Wagon/Sport Utility Vehicle,Sedan,0
17214942,3455716,06/04/2016,17:50,433468,Sedan,TOYT -CAR/SUV,2014.0,1,M,,Stopped in Traffic,Center Back End,Right Rear Bumper,Center Back End,Right Rear Bumper,,N,,Driver Inattention/Distraction,Driver Inexperience,,,"(40.7603, -73.99499)",0.0,0.0,0,0,0,0,0,0,Sedan,Sedan,0
17200053,3505310,08/21/2016,12:30,683079,Station Wagon/Sport Utility Vehicle,TOYT -CAR/SUV,2015.0,2,M,Licensed,Making Right Turn,Right Rear Quarter Panel,Right Rear Quarter Panel,Right Rear Bumper,Right Side Doors,,N,,Passing or Lane Usage Improper,Unspecified,,,"(40.58276, -73.96)",0.0,0.0,0,0,0,0,0,0,Station Wagon/Sport Utility Vehicle,Sedan,0
16941976,3410948,03/21/2016,16:30,35799,4 dr sedan,HOND -CAR/SUV,2007.0,0,,,Parked,Left Rear Quarter Panel,Left Rear Quarter Panel,Left Side Doors,Left Front Quarter Panel,,N,,Unspecified,Unspecified,BRONX,10451.0,,0.0,0.0,0,0,0,0,0,0,4 dr sedan,,0
17378888,3584786,12/21/2016,14:45,1233687,Sedan,FORD -CAR/SUV,2012.0,0,,,Parked,Left Front Quarter Panel,Left Side Doors,Left Rear Quarter Panel,,,N,,Unspecified,Unspecified,BRONX,10465.0,"(40.824696, -73.83919)",0.0,0.0,0,0,0,0,0,0,Sedan,Tractor Truck Diesel,0
16940618,3410154,04/02/2016,10:00,171084,Station Wagon/Sport Utility Vehicle,LNDR -CAR/SUV,2016.0,0,U,,Parked,Center Back End,Right Rear Bumper,Left Rear Bumper,,,N,,Unspecified,Unspecified,MANHATTAN,10027.0,,0.0,0.0,0,0,0,0,0,0,Station Wagon/Sport Utility Vehicle,,0
16975704,3418244,04/25/2016,15:30,188742,Pick-up Truck,DODG -CAR/SUV,2014.0,1,M,Licensed,Making Right Turn,Left Front Bumper,Left Front Bumper,,,,N,,Unsafe Lane Changing,Unspecified,BROOKLYN,11232.0,,0.0,0.0,0,0,0,0,0,0,Pick-up Truck,,0
17256422,3506855,08/25/2016,06:50,701814,Station Wagon/Sport Utility Vehicle,TOYT -CAR/SUV,2013.0,0,,,Parked,Left Side Doors,Left Side Doors,Left Front Quarter Panel,Left Front Bumper,Right Front Quarter Panel,N,,Unspecified,Unspecified,BRONX,10468.0,"(40.863445, -73.90173)",1.0,0.0,0,0,0,0,1,0,Sedan,Station Wagon/Sport Utility Vehicle,1
17199766,3548452,10/11/2016,15:00,990295,Open Body,ATV -ATV,1991.0,1,M,Permit,Going Straight Ahead,Center Front End,No Damage,No Damage,No Damage,No Damage,N,,Unspecified,Unspecified,BRONX,10456.0,"(40.822693, -73.908226)",1.0,0.0,0,0,0,0,1,0,Open Body,Sedan,1
17200865,3503194,08/15/2016,04:48,956004,Sedan,FORD -CAR/SUV,2013.0,0,,,Parked,Left Front Bumper,Left Front Bumper,,,,N,,Unspecified,Unspecified,BROOKLYN,11216.0,"(40.678543, -73.949684)",0.0,0.0,0,0,0,0,0,0,Sedan,Sedan,0
17422531,3577894,12/11/2016,12:40,1185809,Station Wagon/Sport Utility Vehicle,HOND -CAR/SUV,2008.0,3,M,Licensed,Going Straight Ahead,Center Back End,Center Back End,No Damage,No Damage,No Damage,N,,Unspecified,Unspecified,BROOKLYN,11207.0,"(40.65822, -73.89146)",0.0,0.0,0,0,0,0,0,0,Station Wagon/Sport Utility Vehicle,Sedan,0
17269244,3500060,08/13/2016,22:42,722490,Sedan,VOLK -CAR/SUV,2008.0,2,M,Licensed,Going Straight Ahead,Center Front End,Center Front End,Left Front Bumper,Right Front Bumper,,N,,Following Too Closely,Unspecified,,,"(40.80543, -73.92087)",0.0,0.0,0,0,0,0,0,0,Sedan,Sedan,0
17150618,3482861,07/13/2016,18:18,514020,Station Wagon/Sport Utility Vehicle,JEEP -CAR/SUV,2015.0,1,M,Licensed,Going Straight Ahead,Center Front End,Center Front End,,,,N,,Following Too Closely,Unspecified,,,,0.0,0.0,0,0,0,0,0,0,4 dr sedan,Station Wagon/Sport Utility Vehicle,0
17311994,3463863,06/18/2016,21:00,417960,Station Wagon/Sport Utility Vehicle,PORS -CAR/SUV,2016.0,1,M,Licensed,Starting from Parking,Left Rear Bumper,Left Rear Bumper,,,,N,,Backing Unsafely,Failure to Yield Right-of-Way,,,"(40.772503, -73.83611)",0.0,0.0,0,0,0,0,0,0,4 dr sedan,Station Wagon/Sport Utility Vehicle,0
17162289,3457747,05/27/2016,14:59,374253,4 dr sedan,FORD -CAR/SUV,2001.0,1,M,Licensed,Backing,Center Back End,Left Rear Bumper,Center Back End,Left Rear Bumper,Center Back End,N,,Backing Unsafely,Brakes Defective,BRONX,10467.0,"(40.872025, -73.878845)",0.0,0.0,0,0,0,0,0,0,4 dr sedan,2 dr sedan,0
17170659,3468527,06/26/2016,01:40,448783,Station Wagon/Sport Utility Vehicle,LINC -CAR/SUV,2013.0,1,M,Licensed,Going Straight Ahead,Center Back End,Center Back End,,,,N,,Unspecified,Unspecified,,,"(40.722298, -73.99713)",0.0,0.0,0,0,0,0,0,0,Station Wagon/Sport Utility Vehicle,4 dr sedan,0
17296903,3580643,12/15/2016,19:00,1206408,Station Wagon/Sport Utility Vehicle,CHRY -CAR/SUV,2008.0,1,M,Licensed,Going Straight Ahead,Left Rear Quarter Panel,Left Rear Quarter Panel,,,,N,,Unsafe Lane Changing,Unspecified,BROOKLYN,11213.0,"(40.663605, -73.934395)",0.0,0.0,0,0,0,0,0,0,Sedan,Station Wagon/Sport Utility Vehicle,0
17373146,3552714,11/01/2016,15:27,1016036,Sedan,HYUN -CAR/SUV,2016.0,1,M,Licensed,Going Straight Ahead,Center Back End,Center Back End,Right Rear Bumper,Center Front End,,N,,Unspecified,Unspecified,BRONX,10470.0,"(40.895466, -73.87713)",2.0,0.0,0,0,0,0,2,0,Sedan,Sedan,1
17371831,3575212,12/06/2016,13:00,1165121,PK,FORD-TRUCK/BUS,1973.0,2,M,Licensed,Going Straight Ahead,Center Front End,Center Front End,Right Front Quarter Panel,,,N,,Unsafe Speed,Unspecified,QUEENS,11368.0,"(40.753017, -73.87165)",0.0,0.0,0,0,0,0,0,0,PK,Station Wagon/Sport Utility Vehicle,0
17149310,3426447,04/07/2016,06:50,401801,Minibike,HOND -MCL,2002.0,1,M,,Going Straight Ahead,Roof,Center Front End,Center Back End,,,N,,Unsafe Speed,Unsafe Speed,QUEENS,11357.0,"(40.78973, -73.7942)",0.0,1.0,0,0,0,0,0,1,Minibike,,2
17415801,3544085,10/20/2016,16:20,958859,Sedan,HOND -CAR/SUV,2012.0,2,M,Licensed,Going Straight Ahead,Left Rear Quarter Panel,Other,,,,N,,Other Vehicular,Unspecified,,,"(40.679073, -73.86329)",0.0,0.0,0,0,0,0,0,0,Sedan,Sedan,0