UNIQUE_ID,COLLISION_ID,CRASH_DATE,CRASH_TIME,VEHICLE_ID,VEHICLE_TYPE,VEHICLE_MAKE,VEHICLE_YEAR,VEHICLE_OCCUPANTS,DRIVER_SEX,DRIVER_LICENSE_STATUS,PRE_CRASH,POINT_OF_IMPACT,VEHICLE_DAMAGE,VEHICLE_DAMAGE_1,VEHICLE_DAMAGE_2,VEHICLE_DAMAGE_3,PUBLIC_PROPERTY_DAMAGE,PUBLIC_PROPERTY_DAMAGE_TYPE,CONTRIBUTING_FACTOR_1,CONTRIBUTING_FACTOR_2,BOROUGH,ZIP CODE,LOCATION,NUMBER OF PERSONS INJURED,NUMBER OF PERSONS KILLED,NUMBER OF PEDESTRIANS INJURED,NUMBER OF PEDESTRIANS KILLED,NUMBER OF CYCLIST INJURED,NUMBER OF CYCLIST KILLED,NUMBER OF MOTORIST INJURED,NUMBER OF MOTORIST KILLED,VEHICLE TYPE CODE 1,VEHICLE TYPE CODE 2,Severity
17223062,3479961,07/08/2016,17:50,512849,4 dr sedan,MERC -CAR/SUV,2005.0,2,M,Licensed,Going Straight Ahead,Left Front Bumper,Left Front Bumper,Center Front End,,,N,,Driver Inattention/Distraction,Unsafe Speed,QUEENS,11435.0,"(40.691875, -73.80401)",2.0,0.0,0,0,0,0,2,0,4 dr sedan,Station Wagon/Sport Utility Vehicle,1
17599818,3728396,08/09/2016,16:00,43af0ae2-3cbf-4500-885b-1ccbc0671016,Sedan,NISS -CAR/SUV,2005.0,2,M,Licensed,Parked,Left Rear Quarter Panel,Left Rear Quarter Panel,No Damage,No Damage,No Damage,N,,Unspecified,Unspecified,BRONX,10456.0,"(40.830845, -73.90714)",0.0,0.0,0,0,0,0,0,0,Sedan,Station Wagon/Sport Utility Vehicle,0
17219769,3480311,07/13/2016,01:15,516554,Stake or Rack,INTL-TRUCK/BUS,2010.0,1,M,Licensed,Going Straight Ahead,Other,Other,,,,N,,Unspecified,Unspecified,,,,1.0,0.0,0,0,0,0,1,0,Stake or Rack,Motorcycle,1
17045997,3434854,05/02/2016,20:20,228970,Station Wagon/Sport Utility Vehicle,HOND -CAR/SUV,2015.0,1,F,Licensed,Slowing or Stopping,Center Back End,Right Rear Bumper,Left Rear Bumper,No Damage,No Damage,N,,Unspecified,Unspecified,BROOKLYN,11228.0,,0.0,0.0,0,0,0,0,0,0,4 dr sedan,Station Wagon/Sport Utility Vehicle,0
17319289,3510972,08/30/2016,17:30,1028091,Sedan,HYUN -CAR/SUV,2014.0,0,,,Parked,Left Front Quarter Panel,Left Front Quarter Panel,,,,N,,Unspecified,Unspecified,QUEENS,11361.0,,0.0,0.0,0,0,0,0,0,0,Station Wagon/Sport Utility Vehicle,Sedan,0
17348606,3508109,08/26/2016,08:30,706244,Sedan,LEXS -CAR/SUV,2008.0,1,F,Licensed,Slowing or Stopping,Center Front End,Center Front End,,,,N,,Unspecified,Unspecified,QUEENS,11377.0,"(40.739666, -73.898834)",0.0,0.0,0,0,0,0,0,0,truck,Sedan,0
17073297,3451639,05/30/2016,03:45,336199,4 dr sedan,HYUN -CAR/SUV,2016.0,2,M,Licensed,Going Straight Ahead,Right Front Bumper,Right Front Bumper,,,,N,,Reaction to Uninvolved Vehicle,Pavement Slippery,QUEENS,11412.0,"(40.70882, -73.751854)",1.0,0.0,0,0,0,0,1,0,4 dr sedan,,1
17404250,3581012,12/16/2016,11:00,1208686,Pick-up Truck,FORD -CAR/SUV,2007.0,2,M,Licensed,Making Left Turn,Left Front Quarter Panel,Left Front Quarter Panel,,,,N,,Driver Inattention/Distraction,Unspecified,QUEENS,11361.0,"(40.761124, -73.763725)",0.0,0.0,0,0,0,0,0,0,Sedan,Pick-up Truck,0
17065171,3451411,05/28/2016,17:20,330911,4 dr sedan,TOYT -CAR/SUV,1999.0,2,M,Licensed,Making U Turn,Left Front Bumper,Center Front End,,,,N,,Driver Inattention/Distraction,Unspecified,QUEENS,11435.0,"(40.69185, -73.809265)",0.0,0.0,0,0,0,0,0,0,4 dr sedan,4 dr sedan,0
17275071,3501476,08/16/2016,19:00,663505,Station Wagon/Sport Utility Vehicle,FORD -CAR/SUV,2009.0,1,M,,Making Left Turn,Left Rear Bumper,Left Rear Bumper,,,,N,,Unspecified,Unspecified,,,"(40.757233, -73.9898)",0.0,0.0,0,0,0,0,0,0,Sedan,Station Wagon/Sport Utility Vehicle,0
17365209,3558010,11/07/2016,11:30,1037298,Station Wagon/Sport Utility Vehicle,TOYT -CAR/SUV,2015.0,1,M,Licensed,Making Left Turn,Left Front Bumper,No Damage,,,,N,,Driver Inattention/Distraction,Failure to Yield Right-of-Way,BROOKLYN,11206.0,"(40.70222, -73.94628)",1.0,0.0,1,0,0,0,0,0,Station Wagon/Sport Utility Vehicle,,1
17186674,3445982,05/25/2016,09:25,1236438,Station Wagon/Sport Utility Vehicle,FORD -CAR/SUV,2007.0,1,M,Licensed,Making Left Turn,Right Front Bumper,Right Front Bumper,,,,N,,Driver Inattention/Distraction,Unspecified,QUEENS,11420.0,"(40.677265, -73.8262)",0.0,0.0,0,0,0,0,0,0,Station Wagon/Sport Utility Vehicle,Station Wagon/Sport Utility Vehicle,0
17394753,3578530,12/12/2016,11:46,1192644,Sedan,HOND -CAR/SUV,2011.0,1,M,Licensed,Going Straight Ahead,Center Back End,Center Back End,,,,N,,Unspecified,Unspecified,MANHATTAN,10016.0,"(40.748985, -73.979965)",0.0,0.0,0,0,0,0,0,0,Sedan,Taxi,0
17354999,3555037,11/05/2016,11:00,1034468,Sedan,HOND -CAR/SUV,2010.0,1,M,,Backing,Left Rear Quarter Panel,Right Rear Quarter Panel,Left Rear Quarter Panel,Left Side Doors,Left Front Quarter Panel,N,,Backing Unsafely,Unspecified,BRONX,10454.0,"(40.807503, -73.91702)",0.0,0.0,0,0,0,0,0,0,Sedan,Station Wagon/Sport Utility Vehicle,0
17192114,3473482,07/03/2016,22:50,479015,Station Wagon/Sport Utility Vehicle,NISS -CAR/SUV,2016.0,2,F,Licensed,Going Straight Ahead,Center Back End,Center Back End,Right Rear Bumper,Left Rear Bumper,,N,,Unspecified,Unspecified,,,,0.0,0.0,0,0,0,0,0,0,4 dr sedan,Station Wagon/Sport Utility Vehicle,0
17297221,3580626,12/15/2016,20:50,1206986,Sedan,DODG -CAR/SUV,2001.0,5,F,Licensed,Going Straight Ahead,Right Front Quarter Panel,Right Front Quarter Panel,Right Side Doors,No Damage,No Damage,N,,Driver Inattention/Distraction,Unspecified,BROOKLYN,11225.0,"(40.66336, -73.95975)",0.0,0.0,0,0,0,0,0,0,Sedan,Sedan,0
17243602,3496554,08/07/2016,17:30,630118,Sedan,CHEV -CAR/SUV,2011.0,0,,,Parked,Center Front End,Right Front Bumper,,,,N,,Unspecified,Unspecified,,,"(40.62305, -74.02114)",0.0,0.0,0,0,0,0,0,0,Sedan,,0
17195573,3546277,10/21/2016,15:50,962221,PK,INTL-TRUCK/BUS,2011.0,1,M,Licensed,Going Straight Ahead,Left Front Bumper,Left Front Bumper,Left Front Quarter Panel,,,N,,Unspecified,Unspecified,MANHATTAN,10002.0,"(40.715046, -73.992386)",0.0,0.0,0,0,0,0,0,0,PK,Taxi,0
17298868,3580450,12/13/2016,15:00,1195699,Station Wagon/Sport Utility Vehicle,NISS -CAR/SUV,2014.0,2,F,Licensed,Entering Parked Position,Center Front End,Center Front End,,,,N,,Unspecified,Unspecified,,,"(40.68481, -73.90993)",0.0,0.0,0,0,0,0,0,0,Pick-up Truck,Station Wagon/Sport Utility Vehicle,0
17151781,3461804,06/10/2016,18:25,398650,4 dr sedan,TOYT -CAR/SUV,2001.0,1,M,Licensed,Backing,Right Rear Bumper,Right Rear Bumper,,,,N,,Backing Unsafely,Backing Unsafely,STATEN ISLAND,10312.0,"(40.541286, -74.18272)",0.0,0.0,0,0,0,0,0,0,4 dr sedan,Station Wagon/Sport Utility Vehicle,0
17380501,3569662,11/28/2016,11:30,1130023,Station Wagon/Sport Utility Vehicle,FORD -CAR/SUV,2004.0,5,F,Unlicensed,Starting from Parking,Left Front Bumper,Left Front Bumper,Left Front Quarter Panel,Center Front End,,N,,Following Too Closely,Following Too Closely,,,"(40.7072, -73.94452)",0.0,0.0,0,0,0,0,0,0,Station Wagon/Sport Utility Vehicle,Station Wagon/Sport Utility Vehicle,0
17364816,3545847,10/21/2016,15:00,964644,Pick-up Truck,FREIGHTLINER,2014.0,1,M,Licensed,Backing,Center Back End,No Damage,,,,N,,Other Vehicular,Unspecified,BRONX,10475.0,"(40.884457, -73.83283)",0.0,0.0,0,0,0,0,0,0,Sedan,Pick-up Truck,0
17336575,3543654,10/16/2016,14:40,946004,Sedan,LINC -CAR/SUV,2007.0,1,M,Licensed,Making Left Turn,Center Front End,Right Front Bumper,Left Front Bumper,,,N,,Driver Inattention/Distraction,Unspecified,BROOKLYN,11230.0,"(40.615204, -73.96337)",0.0,0.0,0,0,0,0,0,0,PK,Sedan,0
17355034,3533354,10/03/2016,15:10,881609,Station Wagon/Sport Utility Vehicle,HOND -CAR/SUV,2003.0,1,F,Licensed,Parked,Left Front Bumper,Left Front Bumper,,,,N,,Unspecified,Unspecified,QUEENS,11385.0,"(40.69622, -73.89988)",0.0,0.0,0,0,0,0,0,0,Station Wagon/Sport Utility Vehicle,Station Wagon/Sport Utility Vehicle,0
17399036,3507059,08/24/2016,14:30,874008,Sedan,MNNI -CAR/SUV,2005.0,1,M,Licensed,Slowing or Stopping,Center Back End,Center Back End,,,,N,,Unspecified,Unspecified,,,"(40.672688, -73.73544)",0.0,0.0,0,0,0,0,0,0,Sedan,Sedan,0
17332435,3553562,11/03/2016,08:45,1021353,Station Wagon/Sport Utility Vehicle,JEEP -CAR/SUV,2015.0,1,M,Licensed,Going Straight Ahead,Center Front End,Left Front Bumper,Center Front End,Right Front Bumper,,N,,Following Too Closely,Following Too Closely,BROOKLYN,11230.0,"(40.62694, -73.96756)",1.0,0.0,0,0,0,0,1,0,Station Wagon/Sport Utility Vehicle,Station Wagon/Sport Utility Vehicle,1
17246229,3543245,10/19/2016,14:00,952133,Station Wagon/Sport Utility Vehicle,INFI -CAR/SUV,2016.0,9,M,Licensed,Going Straight Ahead,Center Back End,Center Back End,Center Back End,Center Back End,Center Back End,N,,Other Vehicular,Other Vehicular,,,,0.0,0.0,0,0,0,0,0,0,Station Wagon/Sport Utility Vehicle,Station Wagon/Sport Utility Vehicle,0
16945762,3415885,03/22/2016,10:23,35459,4 dr sedan,FORD -CAR/SUV,2016.0,1,M,Licensed,Other*,Left Front Quarter Panel,Left Front Bumper,,,,N,,Unspecified,Unspecified,BROOKLYN,11204.0,"(40.62247, -73.98683)",0.0,0.0,0,0,0,0,0,0,4 dr sedan,4 dr sedan,0
17175501,3457521,05/28/2016,00:30,373652,Station Wagon/Sport Utility Vehicle,FORD -CAR/SUV,2013.0,2,M,Licensed,Making Right Turn,Left Rear Quarter Panel,Left Rear Quarter Panel,,,,N,,Unspecified,Unspecified,MANHATTAN,10001.0,"(40.753925, -73.99761)",0.0,0.0,0,0,0,0,0,0,Station Wagon/Sport Utility Vehicle,Box Truck,0
17152628,3449169,05/13/2016,16:00,824107,4 dr sedan,VOLV -CAR/SUV,1996.0,1,M,Licensed,Going Straight Ahead,Center Front End,Center Back End,,,,N,,Unspecified,Unspecified,,,"(40.853203, -73.789925)",2.0,0.0,0,0,0,0,2,0,2 dr sedan,4 dr sedan,1
16953561,3425017,03/17/2016,06:45,56746,Station Wagon/Sport Utility Vehicle,AUDI -CAR/SUV,2004.0,1,F,Licensed,Merging,Left Rear Quarter Panel,Left Rear Quarter Panel,,,,N,,Failure to Yield Right-of-Way,Unspecified,,,"(40.7681, -73.90512)",0.0,0.0,0,0,0,0,0,0,Sedan,Station Wagon/Sport Utility Vehicle,0
16978955,3428155,04/26/2016,12:30,191937,Station Wagon/Sport Utility Vehicle,TOYT -CAR/SUV,2014.0,5,F,Licensed,Going Straight Ahead,Right Rear Quarter Panel,Right Rear Quarter Panel,,,,N,,Unspecified,Unspecified,QUEENS,11375.0,,0.0,0.0,0,0,0,0,0,0,Station Wagon/Sport Utility Vehicle,4 dr sedan,0
17279149,3537137,10/07/2016,21:45,902041,Sedan,VOLK -CAR/SUV,2002.0,1,M,Licensed,Going Straight Ahead,Center Front End,Center Front End,Left Front Bumper,Right Front Bumper,,N,,Driver Inattention/Distraction,Unspecified,BRONX,10467.0,"(40.86795, -73.8705)",1.0,0.0,0,0,0,0,1,0,Station Wagon/Sport Utility Vehicle,Sedan,1
17144253,3411041,04/02/2016,20:10,1165278,Station Wagon/Sport Utility Vehicle,HOND -CAR/SUV,2005.0,1,M,Licensed,Stopped in Traffic,Center Front End,Center Front End,Center Back End,No Damage,No Damage,Unspecified,,Unspecified,Unspecified,,,"(40.81323, -73.9313)",0.0,0.0,0,0,0,0,0,0,Station Wagon/Sport Utility Vehicle,Station Wagon/Sport Utility Vehicle,0
17058709,3449703,05/22/2016,23:45,307524,4 dr sedan,TOYT -CAR/SUV,2016.0,1,M,Licensed,Going Straight Ahead,Right Rear Quarter Panel,Right Rear Quarter Panel,Other,Other,Other,N,,Driver Inattention/Distraction,Unspecified,BROOKLYN,11223.0,"(40.593742, -73.96085)",0.0,0.0,0,0,0,0,0,0,Station Wagon/Sport Utility Vehicle,4 dr sedan,0
17277425,3497289,08/08/2016,16:30,626131,Station Wagon/Sport Utility Vehicle,DODG -CAR/SUV,2013.0,4,F,Licensed,Going Straight Ahead,Right Front Bumper,No Damage,,,,N,,Unspecified,Unspecified,BROOKLYN,11212.0,"(40.66283, -73.92615)",0.0,0.0,0,0,0,0,0,0,Station Wagon/Sport Utility Vehicle,,0
16956906,3426975,03/29/2016,16:45,61714,4 dr sedan,TOYT -CAR/SUV,2008.0,1,M,Licensed,Going Straight Ahead,Left Front Quarter Panel,Left Front Quarter Panel,Left Front Bumper,,,Unspecified,,Unspecified,,,,,0.0,0.0,0,0,0,0,0,0,Station Wagon/Sport Utility Vehicle,4 dr sedan,0
17309898,3560662,11/14/2016,20:00,1072626,Station Wagon/Sport Utility Vehicle,DODG -CAR/SUV,2015.0,1,F,Licensed,Going Straight Ahead,Center Front End,Center Front End,No Damage,No Damage,No Damage,N,,Unspecified,Unspecified,BRONX,10469.0,"(40.860893, -73.84321)",1.0,0.0,0,0,0,0,1,0,Station Wagon/Sport Utility Vehicle,Sedan,1
17305896,3524475,09/21/2016,23:43,826323,Sedan,NISS -CAR/SUV,2015.0,1,F,Licensed,Going Straight Ahead,Left Front Quarter Panel,Left Front Quarter Panel,Left Front Bumper,Left Rear Quarter Panel,No Damage,N,,Passing or Lane Usage Improper,Unspecified,,,"(40.703163, -73.81662)",0.0,0.0,0,0,0,0,0,0,Sedan,Sedan,0
17196415,4023585,06/15/2016,12:35,403340,Box Truck,INTL-TRUCK/BUS,2005.0,1,M,Licensed,Going Straight Ahead,Center Front End,Center Front End,Center Front End,Center Front End,Center Front End,N,,Driver Inattention/Distraction,Driver Inattention/Distraction,QUEENS,11412.0,"(40.705414, -73.78035)",0.0,0.0,0,0,0,0,0,0,Box Truck,4 dr sedan,0
17035495,3436697,05/03/2016,15:45,223261,4 dr sedan,INFI -CAR/SUV,2006.0,0,,,Parked,Center Back End,Center Back End,,,,N,,Unspecified,Unspecified,BROOKLYN,11201.0,,0.0,0.0,0,0,0,0,0,0,4 dr sedan,Station Wagon/Sport Utility Vehicle,0
17147225,3453078,05/31/2016,09:35,346430,Van,GMC-TRUCK/BUS,2009.0,0,M,Licensed,Entering Parked Position,Center Back End,Center Back End,,,,N,,Passing Too Closely,Unspecified,MANHATTAN,10032.0,"(40.841084, -73.937935)",0.0,0.0,0,0,0,0,0,0,Van,4 dr sedan,0
17343991,3567078,11/20/2016,13:30,1117205,Sedan,BMW -CAR/SUV,2014.0,0,M,Licensed,Parked,Center Front End,Center Front End,Center Front End,Center Front End,Right Front Bumper,N,,Unspecified,Unspecified,BRONX,10458.0,"(40.870132, -73.88192)",0.0,0.0,0,0,0,0,0,0,Sedan,,0
17173132,4022571,06/10/2016,13:00,385440,4 dr sedan,FORD -CAR/SUV,2017.0,1,F,Licensed,Going Straight Ahead,Left Rear Quarter Panel,Left Rear Quarter Panel,Left Rear Bumper,Left Rear Bumper,No Damage,N,,Unspecified,Unspecified,BROOKLYN,11214.0,"(40.61107, -74.00131)",1.0,0.0,0,0,0,0,1,0,4 dr sedan,,1
17046875,3433069,04/18/2016,06:50,203550,4 dr sedan,HOND -CAR/SUV,2013.0,1,M,Licensed,Slowing or Stopping,Center Back End,Center Back End,Right Rear Bumper,Left Rear Bumper,,Unspecified,,Unspecified,Unspecified,,,"(40.725933, -73.90073)",1.0,0.0,0,0,0,0,1,0,4 dr sedan,Station Wagon/Sport Utility Vehicle,1
17048224,3443262,05/15/2016,16:30,277096,4 dr sedan,TOYT -CAR/SUV,2003.0,1,F,Licensed,Going Straight Ahead,Right Front Bumper,Right Front Bumper,Center Front End,Left Front Bumper,,Unspecified,,Unspecified,Unspecified,BROOKLYN,11234.0,"(40.63413, -73.928505)",0.0,0.0,0,0,0,0,0,0,Station Wagon/Sport Utility Vehicle,4 dr sedan,0
17202570,3452438,05/28/2016,04:00,426474,4 dr sedan,GMC -CAR/SUV,2016.0,1,M,Licensed,Going Straight Ahead,Center Front End,Center Front End,,,,N,,Driver Inattention/Distraction,Brakes Defective,QUEENS,11106.0,"(40.760048, -73.92806)",2.0,0.0,0,0,0,0,2,0,4 dr sedan,4 dr sedan,1
17415740,3582832,12/19/2016,10:50,1220837,Station Wagon/Sport Utility Vehicle,MERZ -CAR/SUV,2015.0,2,M,Licensed,Going Straight Ahead,Left Front Quarter Panel,Left Front Quarter Panel,Left Front Bumper,,,N,,Unspecified,Unspecified,QUEENS,11101.0,"(40.756012, -73.94051)",0.0,0.0,0,0,0,0,0,0,Station Wagon/Sport Utility Vehicle,Sedan,0
17385678,3523970,09/20/2016,17:00,820694,Sedan,LEXS -CAR/SUV,2016.0,2,M,Licensed,Slowing or Stopping,Center Back End,Center Back End,Center Front End,,,N,,Unspecified,Unspecified,,,"(40.763897, -73.95323)",0.0,0.0,0,0,0,0,0,0,Sedan,Sedan,0
16932735,3419428,03/13/2016,11:00,1373,4 dr sedan,TOYT -CAR/SUV,2004.0,2,F,Licensed,Going Straight Ahead,Right Front Bumper,Right Front Bumper,Right Front Quarter Panel,Right Side Doors,Right Rear Quarter Panel,N,,Unspecified,Unspecified,,,"(40.669403, -73.94221)",0.0,0.0,0,0,0,0,0,0,4 dr sedan,Station Wagon/Sport Utility Vehicle,0
17252762,3491027,07/29/2016,18:00,582522,Taxi,TOYT -CAR/SUV,2016.0,1,M,Licensed,Going Straight Ahead,Right Front Quarter Panel,Right Side Doors,Right Rear Quarter Panel,No Damage,No Damage,N,,Unspecified,Unspecified,,,"(40.754093, -73.99209)",0.0,0.0,0,0,0,0,0,0,Station Wagon/Sport Utility Vehicle,Taxi,0
17071996,3446877,05/29/2016,01:18,337614,4 dr sedan,LEXS -CAR/SUV,2009.0,2,F,Permit,Going Straight Ahead,Right Front Quarter Panel,Right Side Doors,Right Rear Quarter Panel,,,N,,Unsafe Lane Changing,Unspecified,,,"(40.7861, -73.93965)",0.0,0.0,0,0,0,0,0,0,4 dr sedan,Taxi,0
16957417,3420132,04/08/2016,18:15,129521,Station Wagon/Sport Utility Vehicle,JEEP -CAR/SUV,2001.0,1,F,Licensed,Going Straight Ahead,Center Front End,Center Front End,No Damage,No Damage,No Damage,N,,Driver Inattention/Distraction,Unspecified,BROOKLYN,11206.0,,0.0,0.0,0,0,0,0,0,0,4 dr sedan,Station Wagon/Sport Utility Vehicle,0
17031760,3437603,05/07/2016,15:05,239859,4 dr sedan,TOYT -CAR/SUV,2012.0,1,M,Licensed,Going Straight Ahead,Right Front Quarter Panel,Right Front Quarter Panel,Right Side Doors,Right Side Doors,Right Rear Quarter Panel,N,,Unspecified,Unspecified,MANHATTAN,10031.0,"(40.82747, -73.94505)",0.0,0.0,0,0,0,0,0,0,4 dr sedan,4 dr sedan,0
16941095,3412852,03/23/2016,13:50,36022,4 dr sedan,KIA -CAR/SUV,2004.0,1,M,Licensed,Entering Parked Position,Center Back End,Center Back End,No Damage,No Damage,No Damage,N,,Backing Unsafely,Unspecified,BRONX,10458.0,"(40.861786, -73.89609)",0.0,0.0,0,0,0,0,0,0,4 dr sedan,4 dr sedan,0
17365311,3567776,11/27/2016,02:32,1121587,Station Wagon/Sport Utility Vehicle,NISS -CAR/SUV,2015.0,0,,,Parked,Left Rear Bumper,Center Back End,Left Rear Quarter Panel,Right Rear Bumper,Left Side Doors,N,,Unspecified,Unspecified,QUEENS,11368.0,"(40.75524, -73.87076)",0.0,0.0,0,0,0,0,0,0,Station Wagon/Sport Utility Vehicle,Station Wagon/Sport Utility Vehicle,0
17244453,3574043,12/03/2016,13:53,1178896,Station Wagon/Sport Utility Vehicle,HOND -CAR/SUV,2003.0,0,F,Licensed,Making Left Turn,Right Side Doors,Right Side Doors,,,,N,,Driver Inexperience,Unspecified,MANHATTAN,10032.0,"(40.836555, -73.94306)",2.0,0.0,0,0,0,0,2,0,Station Wagon/Sport Utility Vehicle,Taxi,1
17288110,3565318,11/22/2016,09:40,1103758,Box Truck,FORD-TRUCK/BUS,2014.0,1,M,Licensed,Going Straight Ahead,Right Rear Bumper,No Damage,,,,Unspecified,,Driver Inexperience,Unspecified,,,"(40.693306, -73.95311)",0.0,0.0,0,0,0,0,0,0,Box Truck,Sedan,0
17231839,3466385,06/21/2016,17:20,431438,4 dr sedan,TOYT -CAR/SUV,2008.0,1,M,Licensed,Making Right Turn,Left Front Bumper,Left Front Bumper,Center Front End,Left Front Quarter Panel,Right Front Bumper,N,,Failure to Yield Right-of-Way,Unspecified,STATEN ISLAND,10305.0,"(40.601006, -74.076454)",0.0,0.0,0,0,0,0,0,0,Box Truck,4 dr sedan,0
17220594,3479798,07/05/2016,17:50,516351,Motorcycle,HOND -MCL,2005.0,1,M,Licensed,Stopped in Traffic,Left Rear Quarter Panel,Left Rear Quarter Panel,,,,N,,Passing or Lane Usage Improper,Unspecified,,,"(40.607258, -73.96727)",0.0,0.0,0,0,0,0,0,0,Motorcycle,Sedan,0
17338606,3522638,09/16/2016,18:00,803821,Station Wagon/Sport Utility Vehicle,BMW -CAR/SUV,2006.0,1,M,Licensed,Going Straight Ahead,Right Side Doors,Right Side Doors,Right Rear Quarter Panel,,,N,,Unspecified,Unspecified,QUEENS,11378.0,"(40.726624, -73.906456)",0.0,0.0,0,0,0,0,0,0,Station Wagon/Sport Utility Vehicle,Sedan,0
17422007,3573775,12/05/2016,18:35,1162245,Sedan,NISS -CAR/SUV,2012.0,0,M,Licensed,Making Left Turn,Right Front Bumper,Center Front End,Left Front Bumper,No Damage,No Damage,N,,Failure to Yield Right-of-Way,Driver Inattention/Distraction,,,"(40.674984, -73.896675)",1.0,0.0,0,0,0,0,1,0,Sedan,Sedan,1
17162393,3461465,06/13/2016,18:30,396598,Motorcycle,SUZI -MCL,2001.0,1,M,Licensed,Going Straight Ahead,Right Front Quarter Panel,Right Side Doors,Right Front Quarter Panel,Right Side Doors,Right Rear Quarter Panel,N,,Unspecified,Unspecified,,,"(40.68789, -73.90724)",1.0,0.0,0,0,0,0,1,0,4 dr sedan,Motorcycle,1
17315762,3528938,09/26/2016,20:43,947686,Sedan,LINC -CAR/SUV,2006.0,1,M,Licensed,Going Straight Ahead,Left Side Doors,Left Side Doors,Left Front Quarter Panel,Right Rear Bumper,,N,,Unspecified,Unspecified,BROOKLYN,11226.0,"(40.648643, -73.96075)",1.0,0.0,0,0,0,0,1,0,Sedan,Sedan,1
17335490,3582452,12/18/2016,22:00,1218497,Station Wagon/Sport Utility Vehicle,JEEP -CAR/SUV,2015.0,1,F,Licensed,Going Straight Ahead,Center Front End,Center Front End,Center Front End,Center Front End,Center Front End,N,,Unspecified,Unspecified,MANHATTAN,10011.0,"(40.742134, -73.99707)",1.0,0.0,1,0,0,0,0,0,Station Wagon/Sport Utility Vehicle,,1
17322044,3541719,10/16/2016,16:20,939411,Tractor Truck Diesel,FRHT-TRUCK/BUS,2015.0,1,M,Licensed,Making Right Turn,No Damage,No Damage,,,,N,,Unspecified,Unspecified,BROOKLYN,11232.0,"(40.65263, -74.00618)",0.0,0.0,0,0,0,0,0,0,Tractor Truck Diesel,,0
17359616,3530942,10/01/2016,20:30,876051,Sedan,BMW -CAR/SUV,2003.0,1,,,Parked,Left Rear Quarter Panel,Left Side Doors,Left Rear Quarter Panel,Left Front Quarter Panel,,Unspecified,,Unspecified,Unspecified,,,"(40.665936, -73.83505)",1.0,0.0,0,0,0,0,1,0,Sedan,,1
17069483,3444173,05/17/2016,15:30,284334,4 dr sedan,NISS -CAR/SUV,2011.0,1,M,Licensed,Making Right Turn,Right Front Quarter Panel,Right Front Quarter Panel,,,,N,,Driver Inattention/Distraction,Unspecified,QUEENS,11104.0,"(40.743156, -73.91871)",0.0,0.0,0,0,0,0,0,0,Station Wagon/Sport Utility Vehicle,4 dr sedan,0
17256287,3524588,09/21/2016,11:00,890435,Station Wagon/Sport Utility Vehicle,LEXS -CAR/SUV,2016.0,1,F,Licensed,Going Straight Ahead,Center Back End,Center Back End,No Damage,No Damage,No Damage,N,,Unspecified,Unspecified,BRONX,10458.0,"(40.861107, -73.89028)",0.0,0.0,0,0,0,0,0,0,Station Wagon/Sport Utility Vehicle,Sedan,0
17197909,3497343,08/09/2016,17:15,630786,Station Wagon/Sport Utility Vehicle,HOND -CAR/SUV,2003.0,0,,,Parked,Center Back End,Center Back End,,,,N,,Unspecified,Unspecified,BROOKLYN,11225.0,"(40.659245, -73.96263)",2.0,0.0,0,0,0,0,2,0,Sedan,Station Wagon/Sport Utility Vehicle,1
17009099,3453673,05/31/2016,17:40,342502,4 dr sedan,TOYT -CAR/SUV,2015.0,3,M,Licensed,Going Straight Ahead,Right Front Quarter Panel,Right Front Quarter Panel,No Damage,No Damage,No Damage,N,,Unspecified,Unspecified,BROOKLYN,11215.0,"(40.67216, -73.98721)",0.0,0.0,0,0,0,0,0,0,Station Wagon/Sport Utility Vehicle,4 dr sedan,0
16962159,3407341,04/01/2016,17:15,102836,4 dr sedan,CHRY -CAR/SUV,2010.0,4,M,Licensed,Going Straight Ahead,Left Side Doors,Left Front Bumper,Center Front End,Left Side Doors,Center Front End,N,,Unspecified,Unspecified,MANHATTAN,10036.0,"(40.74026, -74.005875)",4.0,0.0,0,0,0,0,4,0,Bus,4 dr sedan,1
17389615,3530202,09/25/2016,15:45,865768,Taxi,TOYT -CAR/SUV,2015.0,1,M,Licensed,Changing Lanes,Left Rear Quarter Panel,Left Rear Quarter Panel,Left Rear Bumper,No Damage,No Damage,N,,Driver Inattention/Distraction,Unsafe Lane Changing,MANHATTAN,10021.0,"(40.77043, -73.96012)",0.0,0.0,0,0,0,0,0,0,Station Wagon/Sport Utility Vehicle,Taxi,0