UNIQUE_ID,COLLISION_ID,CRASH_DATE,CRASH_TIME,VEHICLE_ID,VEHICLE_TYPE,VEHICLE_MAKE,VEHICLE_YEAR,VEHICLE_OCCUPANTS,DRIVER_SEX,DRIVER_LICENSE_STATUS,PRE_CRASH,POINT_OF_IMPACT,VEHICLE_DAMAGE,VEHICLE_DAMAGE_1,VEHICLE_DAMAGE_2,VEHICLE_DAMAGE_3,PUBLIC_PROPERTY_DAMAGE,PUBLIC_PROPERTY_DAMAGE_TYPE,CONTRIBUTING_FACTOR_1,CONTRIBUTING_FACTOR_2,BOROUGH,ZIP CODE,LOCATION,NUMBER OF PERSONS INJURED,NUMBER OF PERSONS KILLED,NUMBER OF PEDESTRIANS INJURED,NUMBER OF PEDESTRIANS KILLED,NUMBER OF CYCLIST INJURED,NUMBER OF CYCLIST KILLED,NUMBER OF MOTORIST INJURED,NUMBER OF MOTORIST KILLED,VEHICLE TYPE CODE 1,VEHICLE TYPE CODE 2,Severity
17229584,3548013,10/22/2016,20:30,979223,Station Wagon/Sport Utility Vehicle,TOYT -CAR/SUV,2015.0,0,M,Licensed,Passing,Left Rear Quarter Panel,No Damage,,,,N,,Passing or Lane Usage Improper,Failure to Yield Right-of-Way,,,"(40.822533, -73.88509)",0.0,1.0,0,1,0,0,0,0,Station Wagon/Sport Utility Vehicle,Sedan,2
16932587,3417627,03/14/2016,07:45,187001,4 dr sedan,TOYT -CAR/SUV,2011.0,1,M,Licensed,Stopped in Traffic,Center Back End,Right Rear Bumper,Left Rear Bumper,,,N,,Unspecified,Unspecified,BROOKLYN,11216.0,,0.0,0.0,0,0,0,0,0,0,4 dr sedan,4 dr sedan,0
16974200,3406742,04/16/2016,01:40,157275,4 dr sedan,LEXS -CAR/SUV,2012.0,1,F,Licensed,Going Straight Ahead,Left Front Bumper,Left Front Bumper,,,,Unspecified,,Unspecified,Unspecified,MANHATTAN,10018.0,,0.0,0.0,0,0,0,0,0,0,4 dr sedan,4 dr sedan,0
17260094,3564190,11/18/2016,22:00,1089499,Sedan,NISS -CAR/SUV,2002.0,5,F,Licensed,Going Straight Ahead,Center Front End,Center Front End,Right Front Bumper,Left Front Bumper,,N,,Failure to Yield Right-of-Way,Driver Inattention/Distraction,BROOKLYN,11236.0,"(40.63747, -73.91027)",0.0,0.0,0,0,0,0,0,0,Station Wagon/Sport Utility Vehicle,Sedan,0
17178034,3456962,06/06/2016,17:00,367841,4 dr sedan,CHEV -CAR/SUV,2014.0,2,M,Licensed,Starting from Parking,Right Front Quarter Panel,Right Front Quarter Panel,,,,N,,Unspecified,Unspecified,,,,0.0,0.0,0,0,0,0,0,0,4 dr sedan,4 dr sedan,0
17049936,3438272,05/05/2016,14:20,231774,Station Wagon/Sport Utility Vehicle,LEXS -CAR/SUV,2002.0,1,M,,Backing,Center Back End,Center Back End,,,,N,,Driver Inattention/Distraction,Unspecified,BROOKLYN,11218.0,,0.0,0.0,0,0,0,0,0,0,Station Wagon/Sport Utility Vehicle,4 dr sedan,0
17249932,3552137,11/01/2016,18:37,1013063,Bus,STARC,2014.0,1,M,Licensed,Going Straight Ahead,Right Front Quarter Panel,Right Front Quarter Panel,,,,N,,Unspecified,Unspecified,BROOKLYN,11236.0,"(40.638363, -73.900116)",0.0,0.0,0,0,0,0,0,0,Station Wagon/Sport Utility Vehicle,Bus,0
17404347,3590089,12/30/2016,18:30,1270275,Sedan,NISS -CAR/SUV,2011.0,0,M,Licensed,Parked,Center Front End,Center Front End,No Damage,No Damage,No Damage,N,,Unspecified,Unspecified,BRONX,10472.0,"(40.83136, -73.86816)",0.0,0.0,0,0,0,0,0,0,Sedan,,0
17265944,3521657,09/16/2016,17:00,803244,Station Wagon/Sport Utility Vehicle,TOYT -CAR/SUV,2014.0,2,F,Licensed,Merging,Left Front Bumper,Left Front Bumper,Left Front Quarter Panel,,,Unspecified,,Unsafe Lane Changing,Unspecified,,,"(40.592815, -73.90808)",0.0,0.0,0,0,0,0,0,0,Sedan,Station Wagon/Sport Utility Vehicle,0
17172928,3462103,06/15/2016,09:30,514600,4 dr sedan,NISS -CAR/SUV,2010.0,1,M,Unlicensed,Slowing or Stopping,Right Front Bumper,Right Front Bumper,,,,Unspecified,,Driver Inattention/Distraction,Turning Improperly,BROOKLYN,11234.0,"(40.616547, -73.92764)",0.0,0.0,0,0,0,0,0,0,4 dr sedan,4 dr sedan,0
16975014,3408778,04/06/2016,10:46,102380,Bus,OMNIBUS,2001.0,28,F,Licensed,Slowing or Stopping,Left Rear Bumper,Left Rear Bumper,,,,N,,Unspecified,,MANHATTAN,10021.0,,0.0,0.0,0,0,0,0,0,0,Station Wagon/Sport Utility Vehicle,Bus,0
17283882,3490703,07/29/2016,16:30,581845,Sedan,NISS -CAR/SUV,2003.0,2,M,Licensed,Backing,Right Rear Quarter Panel,Right Rear Quarter Panel,No Damage,No Damage,No Damage,N,,Backing Unsafely,Unspecified,QUEENS,11373.0,"(40.73027, -73.88723)",0.0,0.0,0,0,0,0,0,0,Sedan,Station Wagon/Sport Utility Vehicle,0
17409258,3578755,12/08/2016,11:30,1194209,Pick-up Truck,SETER,2004.0,1,M,,Going Straight Ahead,Right Rear Bumper,Right Rear Bumper,Right Rear Bumper,Right Rear Bumper,No Damage,N,,Driver Inattention/Distraction,Driver Inattention/Distraction,MANHATTAN,10019.0,,0.0,0.0,0,0,0,0,0,0,Pick-up Truck,Pick-up Truck,0
17265923,3537957,10/11/2016,11:25,920683,Sedan,TOYT -CAR/SUV,2015.0,0,,,Parked,Right Rear Bumper,Right Rear Bumper,No Damage,No Damage,No Damage,N,,Unspecified,Unspecified,BRONX,10453.0,"(40.84944, -73.906006)",0.0,0.0,0,0,0,0,0,0,Sedan,Bike,0
17143410,3417275,03/18/2016,17:28,429546,4 dr sedan,TOYT -CAR/SUV,2007.0,1,M,Licensed,Merging,Left Front Quarter Panel,Left Front Quarter Panel,No Damage,No Damage,No Damage,N,,Unspecified,Unsafe Lane Changing,BROOKLYN,11210.0,,0.0,0.0,0,0,0,0,0,0,4 dr sedan,4 dr sedan,0
17165965,3491579,07/21/2016,15:30,592156,Station Wagon/Sport Utility Vehicle,KIA -CAR/SUV,2007.0,3,F,Licensed,Stopped in Traffic,Left Rear Bumper,Left Rear Bumper,Left Rear Quarter Panel,No Damage,No Damage,N,,Unspecified,Unspecified,,,,0.0,0.0,0,0,0,0,0,0,Station Wagon/Sport Utility Vehicle,Sedan,0
17070657,3438991,05/08/2016,16:00,244051,4 dr sedan,HYUN -CAR/SUV,2004.0,1,M,Licensed,Going Straight Ahead,Left Rear Quarter Panel,Left Rear Quarter Panel,Left Side Doors,,,N,,Unspecified,Unspecified,QUEENS,11412.0,"(40.69955, -73.747734)",0.0,0.0,0,0,0,0,0,0,4 dr sedan,4 dr sedan,0
17209866,3481341,07/16/2016,09:00,601170,4 dr sedan,JEEP -CAR/SUV,2000.0,3,M,Unlicensed,Going Straight Ahead,Center Front End,Center Back End,Center Back End,Center Front End,,N,,Following Too Closely,Following Too Closely,BRONX,10452.0,"(40.832623, -73.92537)",1.0,0.0,0,0,0,0,1,0,4 dr sedan,4 dr sedan,1
17269302,3552630,10/31/2016,09:45,1004117,POSTA,FREIGHTLINER,2003.0,0,,,Parked,Left Side Doors,Left Side Doors,,,,N,,Unspecified,Unspecified,,,"(40.704308, -73.91924)",0.0,0.0,0,0,0,0,0,0,POSTA,Bus,0
17272379,3577513,12/10/2016,04:30,1182124,Sedan,LEXS -CAR/SUV,2016.0,2,M,Licensed,Going Straight Ahead,Left Rear Quarter Panel,Left Rear Bumper,,,,N,,Unspecified,Unspecified,,,"(40.679234, -74.00397)",0.0,0.0,0,0,0,0,0,0,Sedan,,0
17299286,3503640,08/19/2016,16:58,677045,Sedan,HOND -CAR/SUV,1995.0,1,M,Licensed,Slowing or Stopping,Center Back End,Center Back End,No Damage,No Damage,No Damage,N,,Unspecified,Unspecified,,,"(40.69773, -73.81409)",0.0,0.0,0,0,0,0,0,0,Sedan,Sedan,0
16954693,3430975,04/14/2016,17:30,140938,2 dr sedan,DODG -CAR/SUV,2014.0,1,M,Licensed,Going Straight Ahead,Center Front End,Center Front End,,,,N,,Driver Inattention/Distraction,Unspecified,,,,1.0,0.0,0,0,0,0,1,0,4 dr sedan,2 dr sedan,1
17316422,3571036,12/01/2016,08:45,1140667,Station Wagon/Sport Utility Vehicle,CHEV -CAR/SUV,2012.0,1,M,Licensed,Going Straight Ahead,Right Front Bumper,Right Front Bumper,,,,N,,Following Too Closely,Unspecified,BRONX,10458.0,"(40.86038, -73.88889)",0.0,0.0,0,0,0,0,0,0,Sedan,Station Wagon/Sport Utility Vehicle,0
17326150,3560804,11/13/2016,16:39,1063441,Sedan,CADI -CAR/SUV,2005.0,1,F,Licensed,Going Straight Ahead,Left Rear Quarter Panel,Left Rear Quarter Panel,Left Rear Quarter Panel,No Damage,No Damage,N,,Unspecified,Unspecified,MANHATTAN,10037.0,"(40.811504, -73.936455)",0.0,0.0,0,0,0,0,0,0,Sedan,Station Wagon/Sport Utility Vehicle,0
17326421,3560807,11/13/2016,14:09,1064541,Sedan,FORD -CAR/SUV,2007.0,0,,,Parked,Left Rear Bumper,No Damage,No Damage,No Damage,No Damage,N,,Unspecified,Unspecified,,,"(40.7963, -73.93829)",0.0,0.0,0,0,0,0,0,0,Sedan,Sedan,0
16955210,3421788,04/07/2016,17:40,105112,Station Wagon/Sport Utility Vehicle,HOND -CAR/SUV,2010.0,2,M,Licensed,Stopped in Traffic,Center Back End,Center Back End,,,,N,,Unspecified,,BROOKLYN,11222.0,,0.0,0.0,0,0,0,0,0,0,Station Wagon/Sport Utility Vehicle,Pick-up Truck,0
17327047,3549514,10/29/2016,09:50,996638,Sedan,TOYT -CAR/SUV,2015.0,3,M,Licensed,Going Straight Ahead,Left Rear Bumper,Left Front Bumper,Center Front End,Right Front Bumper,Left Rear Quarter Panel,N,,Unspecified,Unspecified,,,"(40.72025, -73.834305)",4.0,0.0,0,0,0,0,4,0,Sedan,Station Wagon/Sport Utility Vehicle,1
16978761,3405531,04/19/2016,07:05,161820,Station Wagon/Sport Utility Vehicle,LNDR -CAR/SUV,2015.0,1,M,Licensed,Making Right Turn,Right Side Doors,Right Side Doors,,,,N,,Turning Improperly,Unspecified,MANHATTAN,10013.0,,0.0,0.0,0,0,0,0,0,0,Motorbike,Station Wagon/Sport Utility Vehicle,0
17401028,3511495,08/26/2016,19:00,727022,Station Wagon/Sport Utility Vehicle,CHEV -CAR/SUV,2015.0,1,M,Licensed,Parked,Right Rear Bumper,Right Rear Bumper,No Damage,No Damage,No Damage,Unspecified,,Unspecified,Unspecified,QUEENS,11426.0,"(40.743256, -73.718414)",0.0,0.0,0,0,0,0,0,0,Station Wagon/Sport Utility Vehicle,,0
17375288,3584372,12/21/2016,14:20,1232019,Station Wagon/Sport Utility Vehicle,TOYT -CAR/SUV,2011.0,0,,,Parked,Right Rear Quarter Panel,Right Front Quarter Panel,Right Front Bumper,Right Side Doors,Right Rear Quarter Panel,N,,Unspecified,Unspecified,QUEENS,11432.0,"(40.70612, -73.799835)",0.0,0.0,0,0,0,0,0,0,Station Wagon/Sport Utility Vehicle,unkno,0
17306054,3570889,11/30/2016,16:35,1140261,Station Wagon/Sport Utility Vehicle,FORD -CAR/SUV,2002.0,2,M,Licensed,Making Left Turn,Left Rear Quarter Panel,No Damage,,,,N,,Failure to Yield Right-of-Way,Unspecified,,,"(40.85482, -73.9112)",0.0,0.0,0,0,0,0,0,0,Station Wagon/Sport Utility Vehicle,,0
17283845,3536967,10/05/2016,11:45,907167,Station Wagon/Sport Utility Vehicle,DODG -CAR/SUV,2008.0,1,M,Licensed,Going Straight Ahead,Left Rear Bumper,Left Rear Bumper,No Damage,No Damage,No Damage,N,,Other Vehicular,Unspecified,BROOKLYN,11234.0,"(40.635185, -73.92862)",0.0,0.0,0,0,0,0,0,0,Station Wagon/Sport Utility Vehicle,Pick-up Truck,0
17326217,3529154,09/28/2016,13:45,856930,Station Wagon/Sport Utility Vehicle,NISS -CAR/SUV,2011.0,1,,,Parked,Right Side Doors,Right Side Doors,,,,N,,Unspecified,Unspecified,,,"(40.586006, -74.16839)",0.0,0.0,0,0,0,0,0,0,Station Wagon/Sport Utility Vehicle,Station Wagon/Sport Utility Vehicle,0
17278113,3571905,12/02/2016,00:10,1145866,Sedan,HOND -CAR/SUV,2007.0,1,M,Licensed,Making Right Turn,Left Front Quarter Panel,Left Front Quarter Panel,Left Front Bumper,,,N,,Unspecified,Unspecified,BRONX,10471.0,"(40.912468, -73.902596)",0.0,0.0,0,0,0,0,0,0,Sedan,Sedan,0
17246187,3583961,12/20/2016,19:05,1228392,Sedan,TOYT -CAR/SUV,2016.0,1,M,Licensed,Starting from Parking,Left Front Bumper,Left Front Bumper,No Damage,No Damage,No Damage,N,,Unspecified,Unspecified,MANHATTAN,10003.0,"(40.733326, -73.98939)",0.0,0.0,0,0,0,0,0,0,Sedan,Sedan,0
17415529,3523981,09/20/2016,10:30,818764,Sedan,TOYT -CAR/SUV,2007.0,1,F,Licensed,Stopped in Traffic,Left Side Doors,Left Side Doors,,,,N,,Unspecified,Unspecified,,,"(40.761093, -73.82687)",0.0,0.0,0,0,0,0,0,0,Sedan,Pick-up Truck,0
17205146,3456517,05/06/2016,07:00,364413,Station Wagon/Sport Utility Vehicle,FORD -CAR/SUV,1994.0,0,,,Parked,Center Back End,Center Back End,,,,N,,Unspecified,Unspecified,QUEENS,11414.0,"(40.668518, -73.84697)",0.0,0.0,0,0,0,0,0,0,Bus,Station Wagon/Sport Utility Vehicle,0
17053594,3435880,05/06/2016,06:30,233969,Pick-up Truck,GMC -CAR/SUV,2003.0,1,M,Unlicensed,Going Straight Ahead,Center Front End,Center Front End,Right Front Bumper,Left Front Bumper,Right Front Quarter Panel,N,,Driver Inattention/Distraction,Unspecified,QUEENS,11416.0,"(40.68769, -73.85044)",1.0,0.0,0,0,0,0,1,0,4 dr sedan,Pick-up Truck,1
17205867,3484598,06/15/2016,14:10,415969,4 dr sedan,MAZD -CAR/SUV,2016.0,0,,,Parked,Center Front End,Center Front End,Left Front Bumper,No Damage,No Damage,N,,Unspecified,Unspecified,BROOKLYN,11236.0,"(40.648106, -73.91852)",0.0,0.0,0,0,0,0,0,0,4 dr sedan,4 dr sedan,0
17193475,3512697,08/31/2016,08:43,740209,Sedan,MERZ -CAR/SUV,2000.0,1,M,Licensed,Backing,Center Front End,Right Front Bumper,Right Front Quarter Panel,Right Side Doors,No Damage,N,,Unspecified,Unspecified,BRONX,10474.0,"(40.808575, -73.885895)",0.0,0.0,0,0,0,0,0,0,Sedan,Sedan,0
17244917,3532733,08/04/2016,22:59,610637,Pick-up Truck,TOYT -CAR/SUV,2016.0,1,M,Licensed,Starting from Parking,Right Rear Quarter Panel,Right Rear Quarter Panel,,,,N,,Passing Too Closely,Unspecified,QUEENS,11374.0,"(40.727764, -73.854065)",0.0,0.0,0,0,0,0,0,0,Pick-up Truck,Sedan,0
17405075,3580295,12/15/2016,08:32,1204925,Station Wagon/Sport Utility Vehicle,JEEP -CAR/SUV,1999.0,2,M,Unlicensed,Going Straight Ahead,Center Back End,No Damage,,,,N,,Unspecified,Unspecified,QUEENS,11414.0,"(40.66632, -73.83481)",0.0,0.0,0,0,0,0,0,0,Sedan,Station Wagon/Sport Utility Vehicle,0
17032403,3440896,05/12/2016,04:15,261289,4 dr sedan,INFI -CAR/SUV,2015.0,0,,,Parked,Left Rear Bumper,Left Rear Bumper,Left Rear Quarter Panel,Center Back End,,N,,Unspecified,Unspecified,QUEENS,11691.0,"(40.59375, -73.77455)",0.0,0.0,0,0,0,0,0,0,4 dr sedan,4 dr sedan,0
17241921,3497262,08/09/2016,15:02,630632,Sedan,NISS -CAR/SUV,2014.0,2,M,,Going Straight Ahead,Left Front Bumper,Left Front Bumper,,,,N,,Unsafe Speed,Unspecified,,,"(40.644535, -73.99427)",1.0,0.0,0,0,1,0,0,0,Sedan,Bike,1
17246416,3518991,08/30/2016,19:28,786485,ENGIN,FIRE TRUCK,,1,U,Licensed,Going Straight Ahead,Other,Other,Other,,,N,,Passing Too Closely,Unspecified,STATEN ISLAND,10301.0,"(40.63127, -74.07638)",0.0,0.0,0,0,0,0,0,0,ENGIN,Sedan,0
17224017,3497800,08/10/2016,08:00,638115,Sedan,TOYT -CAR/SUV,2005.0,2,F,Licensed,Parked,Left Front Bumper,Left Front Bumper,,,,N,,Passing or Lane Usage Improper,Unspecified,,,"(40.740025, -73.97626)",0.0,0.0,0,0,0,0,0,0,Sedan,Taxi,0
17245590,3500873,08/15/2016,04:30,654831,Station Wagon/Sport Utility Vehicle,BUIC -CAR/SUV,2014.0,2,M,Licensed,Making Right Turn,Right Front Bumper,Right Front Bumper,Center Front End,Right Front Bumper,Center Front End,N,,Unsafe Lane Changing,Unspecified,BRONX,10452.0,"(40.842335, -73.91619)",0.0,0.0,0,0,0,0,0,0,Sedan,Station Wagon/Sport Utility Vehicle,0
17217473,3491603,07/26/2016,21:50,578549,Tractor Truck Gasoline,VOLV -TRUCK/BUS,2016.0,2,M,Licensed,Going Straight Ahead,Center Back End,Center Back End,,,,N,,Unspecified,Unspecified,,,,0.0,0.0,0,0,0,0,0,0,Tractor Truck Gasoline,Taxi,0
17069871,3446309,05/25/2016,11:00,316473,Station Wagon/Sport Utility Vehicle,FORD -CAR/SUV,2003.0,1,F,Licensed,Backing,Left Rear Quarter Panel,No Damage,,,,N,,Driver Inattention/Distraction,Unspecified,QUEENS,11106.0,"(40.767174, -73.93765)",0.0,0.0,0,0,0,0,0,0,Station Wagon/Sport Utility Vehicle,Station Wagon/Sport Utility Vehicle,0
17281794,3500998,08/06/2016,12:40,676441,Station Wagon/Sport Utility Vehicle,ACUR -CAR/SUV,2012.0,0,,,Parked,Left Front Quarter Panel,Left Front Bumper,Center Front End,Right Front Bumper,No Damage,N,,Unspecified,Unspecified,BROOKLYN,11203.0,"(40.6416, -73.93802)",1.0,0.0,0,0,0,0,1,0,Station Wagon/Sport Utility Vehicle,Station Wagon/Sport Utility Vehicle,1
17347286,3569595,11/28/2016,08:45,1133067,Station Wagon/Sport Utility Vehicle,TOYT -CAR/SUV,2016.0,1,F,Licensed,Parked,Right Rear Quarter Panel,Right Rear Quarter Panel,,,,N,,Unspecified,Unspecified,BROOKLYN,11219.0,"(40.629246, -74.00531)",0.0,0.0,0,0,0,0,0,0,Station Wagon/Sport Utility Vehicle,Station Wagon/Sport Utility Vehicle,0
17365486,3570223,11/29/2016,19:07,1159238,Sedan,HOND -CAR/SUV,2016.0,1,M,Licensed,Parked,Right Side Doors,Right Rear Quarter Panel,Right Rear Quarter Panel,,,N,,Unspecified,Unspecified,BROOKLYN,11223.0,"(40.592445, -73.96484)",0.0,0.0,0,0,0,0,0,0,Sedan,Sedan,0
17297078,3529828,09/29/2016,17:00,863312,Sedan,SUBA -CAR/SUV,1994.0,1,M,Licensed,Going Straight Ahead,Center Front End,Center Front End,No Damage,No Damage,No Damage,N,,Following Too Closely,Driver Inattention/Distraction,,,"(40.844883, -73.907295)",0.0,0.0,0,0,0,0,0,0,Sedan,Sedan,0
17256022,4023088,06/14/2016,14:15,399320,4 dr sedan,NISS -CAR/SUV,2014.0,2,F,Licensed,Stopped in Traffic,Center Back End,Center Back End,Right Rear Bumper,Right Rear Bumper,,N,,Unspecified,Unspecified,,,"(40.763664, -73.95609)",0.0,0.0,0,0,0,0,0,0,4 dr sedan,Station Wagon/Sport Utility Vehicle,0
17243887,3522074,09/16/2016,10:28,801532,Pick-up Truck,hino,2016.0,1,,,Making Right Turn,Right Side Doors,Right Side Doors,No Damage,No Damage,No Damage,N,,Passing Too Closely,Unspecified,BROOKLYN,11222.0,"(40.730705, -73.94884)",0.0,0.0,0,0,0,0,0,0,Station Wagon/Sport Utility Vehicle,Pick-up Truck,0
17198739,3537374,10/10/2016,23:50,914044,Sedan,FORD -CAR/SUV,2014.0,2,M,Licensed,Parked,Other,Other,Other,,,N,,Unspecified,Unspecified,MANHATTAN,10030.0,"(40.815903, -73.94515)",0.0,0.0,0,0,0,0,0,0,Sedan,Sedan,0
17408367,3549248,10/28/2016,18:00,994486,Station Wagon/Sport Utility Vehicle,MITS -CAR/SUV,2016.0,1,M,Licensed,Going Straight Ahead,Center Front End,Center Front End,Left Front Bumper,Right Front Bumper,No Damage,N,,Driver Inattention/Distraction,Following Too Closely,,,"(40.761272, -73.95571)",0.0,0.0,0,0,0,0,0,0,Station Wagon/Sport Utility Vehicle,Sedan,0
16944936,3424958,03/22/2016,11:55,191293,4 dr sedan,JEEP -CAR/SUV,2010.0,0,,,Parked,Left Rear Bumper,Other,,,,N,,Unspecified,Unspecified,,,"(40.73796, -73.79301)",0.0,0.0,0,0,0,0,0,0,4 dr sedan,4 dr sedan,0
17226647,3465465,06/18/2016,12:30,419206,4 dr sedan,TOYT -CAR/SUV,2012.0,2,F,Licensed,Going Straight Ahead,Center Front End,Center Front End,Right Front Bumper,Left Front Bumper,Left Front Quarter Panel,N,,Driver Inattention/Distraction,Unspecified,,,,0.0,0.0,0,0,0,0,0,0,4 dr sedan,4 dr sedan,0
17365791,3550801,10/28/2016,18:00,995251,Station Wagon/Sport Utility Vehicle,MITS -CAR/SUV,2014.0,1,F,Licensed,Entering Parked Position,Left Front Bumper,Other,,,,N,,Unspecified,Unspecified,,,"(40.652794, -73.946884)",0.0,0.0,0,0,0,0,0,0,Station Wagon/Sport Utility Vehicle,Sedan,0
17179510,3499232,08/13/2016,00:30,647659,Station Wagon/Sport Utility Vehicle,CHEV -CAR/SUV,2013.0,1,M,Licensed,Parked,Left Front Quarter Panel,Left Front Quarter Panel,,,,N,,Unspecified,Unspecified,BROOKLYN,11205.0,"(40.693268, -73.97343)",1.0,0.0,0,0,1,0,0,0,Station Wagon/Sport Utility Vehicle,Bike,1
17229574,3497881,08/08/2016,19:39,631996,Sedan,CHRY -CAR/SUV,2013.0,1,M,Licensed,Going Straight Ahead,Left Front Quarter Panel,Left Front Quarter Panel,Left Front Bumper,No Damage,No Damage,N,,Unspecified,Unspecified,MANHATTAN,10035.0,"(40.79859, -73.933525)",0.0,0.0,0,0,0,0,0,0,Sedan,Station Wagon/Sport Utility Vehicle,0
17308763,3572728,12/04/2016,14:00,1159312,Sedan,ACUR -CAR/SUV,2014.0,0,M,Licensed,Making Left Turn,Right Front Quarter Panel,Right Side Doors,Right Side Doors,,,N,,Unspecified,Unspecified,BRONX,10453.0,"(40.852642, -73.908424)",0.0,0.0,0,0,0,0,0,0,Sedan,Sedan,0
17144313,3456429,06/01/2016,16:00,362916,USPS,USPS,2001.0,1,F,Licensed,Backing,Left Rear Bumper,Left Rear Bumper,No Damage,No Damage,No Damage,N,,Backing Unsafely,Unspecified,BRONX,10471.0,"(40.584534, -73.82233)",0.0,0.0,0,0,0,0,0,0,USPS,4 dr sedan,0
17072752,3445994,05/24/2016,15:10,315726,4 dr sedan,FORD -CAR/SUV,2011.0,0,,,Parked,Left Side Doors,Left Side Doors,Other,,,N,,Unspecified,Unspecified,QUEENS,11354.0,"(40.76868, -73.82864)",0.0,0.0,0,0,0,0,0,0,4 dr sedan,,0
17415938,3524565,09/22/2016,01:05,826816,Sedan,TOYT -CAR/SUV,2015.0,1,M,Licensed,Going Straight Ahead,Center Front End,No Damage,,,,N,,Unspecified,Unspecified,QUEENS,11354.0,"(40.762978, -73.83198)",1.0,0.0,1,0,0,0,0,0,Sedan,,1
17408683,3509538,08/28/2016,09:00,717407,Sedan,NISS -CAR/SUV,2014.0,1,F,Licensed,Slowing or Stopping,Center Back End,Center Back End,,,,N,,Unspecified,Unspecified,,,"(40.792465, -73.79322)",1.0,0.0,0,0,0,0,1,0,Sedan,Sedan,1
17069921,3442071,05/16/2016,08:41,277751,4 dr sedan,HYUN -CAR/SUV,2016.0,1,M,Licensed,Going Straight Ahead,Right Front Bumper,Right Front Bumper,Center Front End,Left Front Bumper,,N,,Passing Too Closely,Unspecified,MANHATTAN,10065.0,"(40.764053, -73.96476)",0.0,0.0,0,0,0,0,0,0,4 dr sedan,Flat Bed,0
17215625,3532181,10/01/2016,21:50,882544,Sedan,MITS -CAR/SUV,2005.0,2,M,Licensed,Going Straight Ahead,Center Front End,Center Front End,,,,N,,Unsafe Speed,Unspecified,BRONX,10459.0,"(40.817875, -73.89333)",1.0,0.0,0,0,0,0,1,0,Sedan,,1
17317720,3466948,06/23/2016,07:00,438189,4 dr sedan,TOYT -CAR/SUV,2011.0,0,,,Parked,Left Rear Quarter Panel,Left Side Doors,Left Front Quarter Panel,Left Front Bumper,,N,,Unspecified,Unspecified,QUEENS,11426.0,"(40.725914, -73.7264)",0.0,0.0,0,0,0,0,0,0,4 dr sedan,,0
17230595,3476201,07/01/2016,09:34,472667,4 dr sedan,TOYT -CAR/SUV,2014.0,1,M,Licensed,Going Straight Ahead,Left Rear Bumper,Left Rear Quarter Panel,No Damage,No Damage,No Damage,N,,Unspecified,Unspecified,,,"(40.87683, -73.86472)",0.0,0.0,0,0,0,0,0,0,COMME,4 dr sedan,0
17291614,3509711,08/30/2016,10:50,724001,Taxi,FORD -CAR/SUV,2012.0,1,M,Licensed,Going Straight Ahead,Left Front Bumper,Left Front Bumper,,,,N,,Driver Inattention/Distraction,Unspecified,,,"(40.752117, -73.97556)",0.0,0.0,0,0,0,0,0,0,Taxi,Taxi,0
17368899,3578115,12/06/2016,20:31,1183207,Station Wagon/Sport Utility Vehicle,CHEV -CAR/SUV,2016.0,1,F,Licensed,Going Straight Ahead,Left Front Bumper,Left Front Bumper,,,,N,,Unspecified,Unspecified,,,"(40.828697, -73.821915)",0.0,0.0,0,0,0,0,0,0,Station Wagon/Sport Utility Vehicle,,0
16966612,3429837,04/17/2016,14:30,153671,4 dr sedan,HOND -CAR/SUV,2014.0,0,M,Licensed,Going Straight Ahead,Center Back End,Center Back End,Right Rear Bumper,Left Rear Bumper,,N,,Unspecified,Unspecified,STATEN ISLAND,10301.0,"(40.61505, -74.10707)",0.0,0.0,0,0,0,0,0,0,4 dr sedan,4 dr sedan,0
17240732,3491129,07/27/2016,17:05,584558,Sedan,NISS -CAR/SUV,2007.0,1,F,Licensed,Going Straight Ahead,Right Front Quarter Panel,Right Front Quarter Panel,,,,N,,Unspecified,Unspecified,,,,0.0,0.0,0,0,0,0,0,0,Sedan,Sedan,0
17280987,3574952,12/06/2016,13:00,1164326,Sedan,TOYT -CAR/SUV,2016.0,2,M,Licensed,Going Straight Ahead,Left Front Quarter Panel,Left Front Quarter Panel,Left Side Doors,Left Rear Quarter Panel,No Damage,N,,Other Vehicular,Other Vehicular,BRONX,10468.0,"(40.87167, -73.897804)",0.0,0.0,0,0,0,0,0,0,Sedan,Sedan,0
17040639,3436173,05/06/2016,10:00,235170,4 dr sedan,HOND -CAR/SUV,2006.0,1,U,,Going Straight Ahead,Center Front End,Other,Other,Other,Other,N,,Driver Inattention/Distraction,Unspecified,BRONX,10457.0,"(40.846485, -73.89434)",0.0,0.0,0,0,0,0,0,0,Station Wagon/Sport Utility Vehicle,4 dr sedan,0
17187080,3458446,06/08/2016,19:29,377367,Pick-up Truck,CHEV -CAR/SUV,2006.0,1,U,Unlicensed,Starting from Parking,Left Front Bumper,Left Front Bumper,,,,N,,Driver Inexperience,Unspecified,BRONX,10454.0,"(40.803593, -73.919785)",0.0,0.0,0,0,0,0,0,0,Station Wagon/Sport Utility Vehicle,Pick-up Truck,0