UNIQUE_ID,COLLISION_ID,CRASH_DATE,CRASH_TIME,VEHICLE_ID,VEHICLE_TYPE,VEHICLE_MAKE,VEHICLE_YEAR,VEHICLE_OCCUPANTS,DRIVER_SEX,DRIVER_LICENSE_STATUS,PRE_CRASH,POINT_OF_IMPACT,VEHICLE_DAMAGE,VEHICLE_DAMAGE_1,VEHICLE_DAMAGE_2,VEHICLE_DAMAGE_3,PUBLIC_PROPERTY_DAMAGE,PUBLIC_PROPERTY_DAMAGE_TYPE,CONTRIBUTING_FACTOR_1,CONTRIBUTING_FACTOR_2,BOROUGH,ZIP CODE,LOCATION,NUMBER OF PERSONS INJURED,NUMBER OF PERSONS KILLED,NUMBER OF PEDESTRIANS INJURED,NUMBER OF PEDESTRIANS KILLED,NUMBER OF CYCLIST INJURED,NUMBER OF CYCLIST KILLED,NUMBER OF MOTORIST INJURED,NUMBER OF MOTORIST KILLED,VEHICLE TYPE CODE 1,VEHICLE TYPE CODE 2,Severity
17208023,3485278,07/18/2016,17:50,546756,Station Wagon/Sport Utility Vehicle,VOLV -CAR/SUV,2004.0,5,F,Licensed,Stopped in Traffic,Center Back End,Center Back End,Left Rear Bumper,Right Rear Bumper,No Damage,Unspecified,,Unspecified,Unspecified,,,,3.0,0.0,0,0,0,0,3,0,Station Wagon/Sport Utility Vehicle,Station Wagon/Sport Utility Vehicle,1
17152913,3451171,05/25/2016,11:45,845781,Box Truck,HINO -TRUCK/BUS,2015.0,2,M,Licensed,Going Straight Ahead,Left Front Bumper,Left Front Bumper,,,,N,,Unspecified,Unspecified,,,,1.0,0.0,0,0,0,0,1,0,Box Truck,Box Truck,1
17295224,3529012,09/28/2016,07:05,858801,Motorcycle,YAMAHA,2013.0,1,M,Licensed,Going Straight Ahead,Center Front End,Center Front End,,,,N,,Unsafe Speed,Driver Inexperience,BRONX,10456.0,"(40.837864, -73.9114)",1.0,0.0,0,0,0,0,1,0,Motorcycle,Bus,1
17234208,3511026,08/30/2016,07:30,727561,Sedan,HOND -CAR/SUV,2003.0,1,M,Licensed,Parked,Left Side Doors,Left Front Quarter Panel,,,,N,,Unspecified,Unspecified,STATEN ISLAND,10310.0,"(40.6369, -74.109344)",0.0,0.0,0,0,0,0,0,0,Sedan,Sedan,0
17302674,3536331,10/08/2016,17:05,905017,Sedan,STRN -CAR/SUV,1996.0,1,M,Licensed,Making Left Turn,Right Front Bumper,Right Front Bumper,Right Front Quarter Panel,Right Front Quarter Panel,Right Side Doors,N,,Driver Inattention/Distraction,Unspecified,,,"(40.616123, -73.979065)",2.0,0.0,0,0,0,0,2,0,Sedan,Sedan,1
17219786,3479153,07/12/2016,09:30,508912,4 dr sedan,VOLK -CAR/SUV,2012.0,1,F,Licensed,Going Straight Ahead,Center Front End,Center Front End,,,,N,,Driver Inattention/Distraction,Following Too Closely,,,,0.0,0.0,0,0,0,0,0,0,4 dr sedan,4 dr sedan,0
17233015,4022768,06/06/2016,21:30,390140,Motorscooter,VESP -MCL,2015.0,1,M,Licensed,Going Straight Ahead,Center Front End,Center Front End,Roof,Undercarriage,Left Front Quarter Panel,N,,Driver Inattention/Distraction,Unspecified,,,"(40.760143, -73.907005)",0.0,0.0,0,0,0,0,0,0,Motorscooter,Station Wagon/Sport Utility Vehicle,0
17334793,3522341,09/16/2016,09:27,802106,Van,DODGE,2015.0,2,M,Licensed,Going Straight Ahead,Left Front Bumper,Left Front Bumper,Left Front Quarter Panel,Center Front End,,N,,Unspecified,Unspecified,,,,0.0,0.0,0,0,0,0,0,0,Van,Box Truck,0
16971989,3428069,04/15/2016,04:50,138541,Station Wagon/Sport Utility Vehicle,TOYT -CAR/SUV,2013.0,1,M,Licensed,Going Straight Ahead,Left Front Bumper,Left Rear Bumper,Left Front Quarter Panel,Left Side Doors,,N,,Unspecified,Unspecified,,,,0.0,0.0,0,0,0,0,0,0,4 dr sedan,Station Wagon/Sport Utility Vehicle,0
17342481,3552114,11/01/2016,09:17,1013093,Tractor Truck Gasoline,MACK-TRUCK/BUS,2013.0,1,M,Licensed,Parked,Right Front Bumper,Right Front Bumper,Right Front Quarter Panel,,,N,,Outside Car Distraction,Driver Inattention/Distraction,,,"(40.601734, -73.935036)",0.0,0.0,0,0,0,0,0,0,Station Wagon/Sport Utility Vehicle,Tractor Truck Gasoline,0
16943720,3423140,03/18/2016,09:30,15865,4 dr sedan,SAA -CAR/SUV,2005.0,1,M,Licensed,Going Straight Ahead,Left Side Doors,Left Side Doors,No Damage,No Damage,No Damage,N,,Unspecified,Unspecified,QUEENS,11378.0,"(40.72596, -73.897484)",0.0,0.0,0,0,0,0,0,0,4 dr sedan,Station Wagon/Sport Utility Vehicle,0
17155818,3473472,07/01/2016,12:34,471545,4 dr sedan,BUIC -CAR/SUV,1997.0,1,M,Licensed,Going Straight Ahead,Left Side Doors,Left Front Quarter Panel,,,,N,,Unspecified,Other Vehicular,MANHATTAN,10029.0,"(40.790997, -73.94931)",1.0,0.0,0,0,0,0,1,0,4 dr sedan,4 dr sedan,1
16956802,3407710,04/02/2016,12:00,79960,4 dr sedan,LINC -CAR/SUV,2005.0,1,M,Licensed,Going Straight Ahead,Right Front Quarter Panel,Right Side Doors,Right Rear Quarter Panel,,,N,,Other Vehicular,Unspecified,MANHATTAN,10017.0,,0.0,0.0,0,0,0,0,0,0,4 dr sedan,Station Wagon/Sport Utility Vehicle,0
17024588,3453277,05/31/2016,22:30,344470,4 dr sedan,CHEV -CAR/SUV,2014.0,3,M,Licensed,Going Straight Ahead,Right Front Bumper,Right Front Bumper,Center Front End,,,N,,Unspecified,Unspecified,,,"(40.90651, -73.8489)",0.0,0.0,0,0,0,0,0,0,4 dr sedan,4 dr sedan,0
17413266,3574425,11/30/2016,00:00,1159112,Sedan,NISS -CAR/SUV,2017.0,1,M,Licensed,Slowing or Stopping,Center Back End,No Damage,,,,Unspecified,,Unspecified,Following Too Closely,,,"(40.77077, -73.91727)",0.0,0.0,0,0,0,0,0,0,Sedan,Sedan,0
17258250,3574207,11/30/2016,21:00,1162736,Sedan,TOYT -CAR/SUV,2013.0,0,,,Parked,Center Back End,Center Back End,Left Rear Bumper,,,N,,Unspecified,Unspecified,MANHATTAN,10040.0,"(40.85392, -73.932)",0.0,0.0,0,0,0,0,0,0,Sedan,Sedan,0
17287846,3495001,08/06/2016,21:46,618814,Sedan,ACUR -CAR/SUV,2006.0,1,M,Permit,Going Straight Ahead,Left Front Bumper,Left Front Bumper,Center Front End,Right Front Bumper,Center Back End,N,,Driver Inattention/Distraction,Unspecified,BRONX,10466.0,"(40.896687, -73.84511)",3.0,0.0,0,0,0,0,3,0,Sedan,Sedan,1
17166160,3557340,10/31/2016,13:30,1171664,Station Wagon/Sport Utility Vehicle,BMW -CAR/SUV,2005.0,1,M,Licensed,Backing,Center Back End,No Damage,No Damage,No Damage,No Damage,N,,Driver Inattention/Distraction,Driver Inattention/Distraction,,,"(40.80153, -73.95256)",0.0,0.0,0,0,0,0,0,0,Station Wagon/Sport Utility Vehicle,Taxi,0
17150730,3464138,06/17/2016,10:12,422546,4 dr sedan,TOYT -CAR/SUV,2014.0,1,M,Licensed,Going Straight Ahead,Right Rear Bumper,Center Back End,,,,N,,Unspecified,Unspecified,,,,0.0,0.0,0,0,0,0,0,0,4 dr sedan,Station Wagon/Sport Utility Vehicle,0
17306837,3463331,06/18/2016,13:30,416690,Station Wagon/Sport Utility Vehicle,CADI -CAR/SUV,2013.0,2,M,Licensed,Stopped in Traffic,Right Front Quarter Panel,Right Front Quarter Panel,,,,N,,Unspecified,Unspecified,QUEENS,11434.0,"(40.65616, -73.76736)",5.0,0.0,0,0,0,0,5,0,4 dr sedan,4 dr sedan,1
17407378,3560213,11/13/2016,16:00,1063254,Station Wagon/Sport Utility Vehicle,HOND -CAR/SUV,2016.0,1,M,Licensed,Going Straight Ahead,Center Front End,Center Front End,Right Front Quarter Panel,Right Side Doors,Right Rear Quarter Panel,Y,,Reaction to Uninvolved Vehicle,Unspecified,,,"(40.735413, -73.91835)",0.0,0.0,0,0,0,0,0,0,Station Wagon/Sport Utility Vehicle,,0
17411314,3521999,09/18/2016,09:30,809561,Sedan,NISS -CAR/SUV,2011.0,1,M,Licensed,Going Straight Ahead,Center Front End,Center Front End,Left Front Bumper,Right Front Bumper,,N,,Fell Asleep,Unspecified,QUEENS,11422.0,"(40.677044, -73.72942)",0.0,0.0,0,0,0,0,0,0,Sedan,Station Wagon/Sport Utility Vehicle,0
17052683,3440845,05/12/2016,09:00,266377,Box Truck,HINO -TRUCK/BUS,2016.0,1,M,Licensed,Making Left Turn,Left Rear Quarter Panel,Left Rear Quarter Panel,,,,N,,Unspecified,Unspecified,BROOKLYN,11201.0,"(40.697414, -73.9929)",0.0,0.0,0,0,0,0,0,0,4 dr sedan,Box Truck,0
17267003,3478782,07/11/2016,06:08,505773,4 dr sedan,HOND -CAR/SUV,2016.0,1,M,Licensed,Going Straight Ahead,Right Front Bumper,Right Front Bumper,Right Front Quarter Panel,Center Front End,,N,,Fell Asleep,Driver Inexperience,STATEN ISLAND,10306.0,"(40.57322, -74.106995)",2.0,0.0,0,0,0,0,2,0,Station Wagon/Sport Utility Vehicle,4 dr sedan,1
17281213,3533970,10/04/2016,11:20,887730,Sedan,TOYT -CAR/SUV,2011.0,0,,,Parked,Center Back End,Left Rear Bumper,Left Rear Quarter Panel,,,Unspecified,,Unspecified,Unspecified,BROOKLYN,11234.0,"(40.626965, -73.915855)",0.0,0.0,0,0,0,0,0,0,Sedan,,0
17395607,3503647,08/19/2016,12:30,675595,Sedan,FORD -CAR/SUV,2006.0,1,F,Licensed,Changing Lanes,Left Rear Quarter Panel,Left Rear Quarter Panel,Left Rear Bumper,,,N,,Passing or Lane Usage Improper,Unsafe Lane Changing,,,"(40.67973, -73.75148)",0.0,0.0,0,0,0,0,0,0,Sedan,Box Truck,0
17348290,3526404,09/24/2016,15:45,838141,Sedan,GMC -CAR/SUV,2013.0,2,F,Licensed,Going Straight Ahead,Center Front End,Center Front End,Left Front Bumper,,,N,,Unspecified,Unspecified,,,"(40.69467, -73.76343)",0.0,0.0,0,0,0,0,0,0,Station Wagon/Sport Utility Vehicle,Sedan,0
17337121,3516485,09/07/2016,08:10,766058,Station Wagon/Sport Utility Vehicle,ACUR -CAR/SUV,2016.0,2,M,Licensed,Going Straight Ahead,Left Side Doors,Left Side Doors,Left Rear Quarter Panel,Left Front Quarter Panel,,N,,Driver Inattention/Distraction,Unspecified,,,,0.0,0.0,0,0,0,0,0,0,Station Wagon/Sport Utility Vehicle,Sedan,0
17389794,3563315,11/19/2016,19:30,1092629,Sedan,TOYT -CAR/SUV,1997.0,1,F,Unlicensed,Entering Parked Position,Right Rear Quarter Panel,Right Rear Quarter Panel,,,,N,,Driver Inattention/Distraction,Driver Inexperience,QUEENS,11434.0,"(40.673138, -73.775505)",0.0,0.0,0,0,0,0,0,0,Sedan,Sedan,0
17211168,3541064,10/16/2016,19:45,939917,Taxi,LINC -CAR/SUV,2007.0,1,M,Licensed,Making Left Turn,Left Front Bumper,Left Front Bumper,,,,N,,Driver Inattention/Distraction,Driver Inattention/Distraction,MANHATTAN,10033.0,"(40.8468, -73.931854)",0.0,0.0,0,0,0,0,0,0,Station Wagon/Sport Utility Vehicle,Taxi,0
17071520,3441321,05/13/2016,10:00,282030,Station Wagon/Sport Utility Vehicle,TOYT -CAR/SUV,2016.0,1,M,Licensed,Going Straight Ahead,Right Front Bumper,Right Front Bumper,,,,N,,Failure to Yield Right-of-Way,Unsafe Speed,QUEENS,11355.0,"(40.760525, -73.81455)",1.0,0.0,1,0,0,0,0,0,Station Wagon/Sport Utility Vehicle,,1
17383499,3565890,11/22/2016,00:00,1105743,Sedan,HOND -CAR/SUV,2015.0,2,M,Licensed,Making Right Turn,Left Rear Quarter Panel,Left Rear Quarter Panel,,,,N,,Other Vehicular,Other Vehicular,,,"(40.743156, -73.97213)",0.0,0.0,0,0,0,0,0,0,Van,Sedan,0
16948759,3430459,03/23/2016,19:50,41642,Station Wagon/Sport Utility Vehicle,LINC -CAR/SUV,2014.0,4,M,Licensed,Stopped in Traffic,Center Back End,Center Back End,,,,N,,Unspecified,Unspecified,,,"(40.7244, -73.9818)",1.0,0.0,0,0,0,0,1,0,Station Wagon/Sport Utility Vehicle,Station Wagon/Sport Utility Vehicle,1
17387129,3588764,12/25/2016,16:18,1262206,Sedan,HYUN -CAR/SUV,2002.0,1,,,Making Left Turn,Other,Other,,,,N,,Failure to Yield Right-of-Way,Driver Inattention/Distraction,,,"(40.647766, -73.95816)",0.0,0.0,0,0,0,0,0,0,Station Wagon/Sport Utility Vehicle,Sedan,0
17293365,3552484,11/02/2016,00:30,1013253,Sedan,HOND -CAR/SUV,2016.0,1,M,Licensed,Going Straight Ahead,Left Rear Quarter Panel,Left Rear Quarter Panel,No Damage,No Damage,No Damage,N,,Unspecified,Unspecified,MANHATTAN,10012.0,"(40.71985, -73.994255)",0.0,0.0,0,0,0,0,0,0,Sedan,Taxi,0
17413451,3574586,12/06/2016,13:15,1164873,Sedan,HYUN -CAR/SUV,2017.0,1,M,Licensed,Stopped in Traffic,Right Rear Bumper,Right Rear Bumper,Center Back End,Right Rear Quarter Panel,,N,,Unspecified,Unspecified,,,"(40.776077, -73.92218)",0.0,0.0,0,0,0,0,0,0,Station Wagon/Sport Utility Vehicle,Sedan,0
16961314,3419873,04/12/2016,07:00,127382,4 dr sedan,DODG -CAR/SUV,2005.0,4,M,,Going Straight Ahead,Center Front End,Center Front End,,,,N,,Driver Inattention/Distraction,,,,"(40.670338, -73.9975)",1.0,0.0,0,0,0,0,1,0,4 dr sedan,4 dr sedan,1
16980103,3423011,04/23/2016,00:00,179869,4 dr sedan,HOND -CAR/SUV,2015.0,1,M,,Going Straight Ahead,Right Front Quarter Panel,Right Front Quarter Panel,,,,Unspecified,,Fell Asleep,Driver Inattention/Distraction,QUEENS,11435.0,"(40.691334, -73.803215)",0.0,0.0,0,0,0,0,0,0,4 dr sedan,Station Wagon/Sport Utility Vehicle,0
17286209,3586126,12/25/2016,14:30,1248158,Sedan,HYUN -CAR/SUV,2013.0,1,M,Licensed,Going Straight Ahead,Left Rear Bumper,Center Back End,Right Rear Bumper,,,N,,Unspecified,Unspecified,,,"(40.632553, -73.89162)",0.0,0.0,0,0,0,0,0,0,Sedan,Sedan,0
17066929,3451769,05/21/2016,11:40,300800,4 dr sedan,BMW -CAR/SUV,2011.0,1,M,Licensed,Going Straight Ahead,Center Front End,Center Front End,,,,N,,Outside Car Distraction,Unsafe Speed,QUEENS,11432.0,"(40.712284, -73.78536)",0.0,0.0,0,0,0,0,0,0,4 dr sedan,4 dr sedan,0
17071962,3442678,05/16/2016,08:30,278250,Station Wagon/Sport Utility Vehicle,HOND -CAR/SUV,2010.0,1,F,Licensed,Going Straight Ahead,Left Side Doors,Left Side Doors,Left Rear Quarter Panel,,,N,,Unspecified,Unspecified,QUEENS,11428.0,"(40.722313, -73.74285)",0.0,0.0,0,0,0,0,0,0,Station Wagon/Sport Utility Vehicle,4 dr sedan,0
17398539,3573401,11/24/2016,10:20,1158666,Sedan,KIA -CAR/SUV,2015.0,3,M,Licensed,Stopped in Traffic,Center Back End,Center Back End,Right Rear Bumper,Left Rear Bumper,Center Front End,N,,Unspecified,Unspecified,,,"(40.604153, -74.05198)",1.0,0.0,0,0,0,0,1,0,Sedan,Sedan,1
17280075,3521553,09/17/2016,01:50,805246,Station Wagon/Sport Utility Vehicle,LEXS -CAR/SUV,2015.0,2,M,Unlicensed,Going Straight Ahead,Center Front End,Center Front End,Left Front Quarter Panel,,,N,,Unsafe Speed,Driver Inexperience,,,"(40.862106, -73.91331)",0.0,0.0,0,0,0,0,0,0,Sedan,Station Wagon/Sport Utility Vehicle,0
16949603,3424989,03/16/2016,19:50,41458,4 dr sedan,DODG -CAR/SUV,2009.0,2,M,Licensed,Making Left Turn,Center Front End,No Damage,No Damage,,,N,,Failure to Yield Right-of-Way,Driver Inattention/Distraction,QUEENS,11432.0,,1.0,0.0,1,0,0,0,0,0,4 dr sedan,,1
17404505,3573725,12/05/2016,07:00,1161742,Bus,CHEV-TRUCK/BUS,2011.0,2,F,Licensed,Going Straight Ahead,Center Back End,Center Back End,,,,N,,Unspecified,Unspecified,,,"(40.728016, -73.83175)",0.0,0.0,0,0,0,0,0,0,Bus,Station Wagon/Sport Utility Vehicle,0
17335564,3543538,10/19/2016,13:39,951970,Station Wagon/Sport Utility Vehicle,FORD -CAR/SUV,2014.0,1,M,Licensed,Making Left Turn,Left Rear Quarter Panel,Left Rear Quarter Panel,,,,N,,View Obstructed/Limited,Unspecified,QUEENS,11370.0,"(40.76635, -73.88756)",0.0,0.0,0,0,0,0,0,0,Station Wagon/Sport Utility Vehicle,Station Wagon/Sport Utility Vehicle,0
17248716,3479281,07/11/2016,12:00,509507,Station Wagon/Sport Utility Vehicle,HOND -CAR/SUV,2016.0,0,,,Parked,Left Side Doors,Left Rear Quarter Panel,Left Front Quarter Panel,Left Side Doors,,N,,Unspecified,Unspecified,QUEENS,11421.0,"(40.689255, -73.8474)",0.0,0.0,0,0,0,0,0,0,Station Wagon/Sport Utility Vehicle,,0
17270160,3516100,08/27/2016,06:20,767226,Taxi,TOYT -CAR/SUV,2014.0,1,M,Licensed,Slowing or Stopping,No Damage,No Damage,,,,N,,Unsafe Speed,Aggressive Driving/Road Rage,,,"(40.657413, -73.983)",0.0,0.0,0,0,0,0,0,0,Taxi,Sedan,0
17183596,3459742,06/05/2016,09:31,386879,Station Wagon/Sport Utility Vehicle,LEXS -CAR/SUV,2015.0,1,M,Licensed,Backing,Right Front Bumper,Right Front Bumper,,,,N,,Unspecified,Unspecified,BROOKLYN,11235.0,"(40.58531, -73.95353)",0.0,0.0,0,0,0,0,0,0,Station Wagon/Sport Utility Vehicle,,0
17390247,3589182,12/25/2016,18:21,1267118,Sedan,HOND -CAR/SUV,2007.0,1,M,Licensed,Making U Turn,Left Front Bumper,Left Front Quarter Panel,,,,N,,Turning Improperly,Unsafe Lane Changing,BRONX,10455.0,"(40.81536, -73.915955)",0.0,0.0,0,0,0,0,0,0,Sedan,Sedan,0
17386339,3587336,12/25/2016,09:30,1250069,Station Wagon/Sport Utility Vehicle,TOYT -CAR/SUV,2005.0,1,M,Licensed,Starting from Parking,Right Rear Quarter Panel,Right Rear Quarter Panel,Right Side Doors,Right Front Quarter Panel,,N,,Unspecified,Unspecified,BROOKLYN,11230.0,"(40.618214, -73.95815)",0.0,0.0,0,0,0,0,0,0,Station Wagon/Sport Utility Vehicle,Sedan,0
17359942,3547354,10/24/2016,19:25,976788,Box Truck,FRHT-TRUCK/BUS,2016.0,1,M,Licensed,Going Straight Ahead,Left Rear Bumper,Left Rear Bumper,No Damage,No Damage,No Damage,N,,Unspecified,Unspecified,MANHATTAN,10017.0,"(40.750492, -73.97172)",0.0,0.0,0,0,0,0,0,0,Taxi,Box Truck,0
16939449,3411749,03/22/2016,08:17,58334,Station Wagon/Sport Utility Vehicle,TOYT -CAR/SUV,2004.0,1,M,Licensed,Going Straight Ahead,Center Front End,Center Front End,No Damage,No Damage,No Damage,N,,Following Too Closely,Unspecified,,,"(40.7244, -73.9818)",0.0,0.0,0,0,0,0,0,0,Station Wagon/Sport Utility Vehicle,Station Wagon/Sport Utility Vehicle,0
17216926,3471883,06/10/2016,17:00,463873,Van,NISS-TRUCK/BUS,2012.0,1,M,Licensed,Merging,Right Front Bumper,Right Front Bumper,Right Front Quarter Panel,,,N,,Unspecified,Unspecified,,,,0.0,0.0,0,0,0,0,0,0,4 dr sedan,Van,0
17048566,3431056,04/29/2016,09:12,281839,4 dr sedan,FORD -CAR/SUV,2015.0,1,F,Licensed,Going Straight Ahead,Left Side Doors,Left Side Doors,,,,N,,Unspecified,Unspecified,MANHATTAN,10013.0,,0.0,0.0,0,0,0,0,0,0,Taxi,4 dr sedan,0
17211736,3524245,09/20/2016,21:20,822084,Sedan,FORD -CAR/SUV,2014.0,1,M,Licensed,Making Left Turn,Left Front Bumper,Left Front Bumper,,,,N,,Turning Improperly,Unspecified,,,,0.0,0.0,0,0,0,0,0,0,Taxi,Sedan,0
17373269,3558294,11/07/2016,11:22,1055601,Dump,PETERBUILT MOTORS 999,2009.0,1,M,Licensed,Going Straight Ahead,Right Front Quarter Panel,Right Rear Quarter Panel,,,,N,,Other Vehicular,Unspecified,MANHATTAN,10016.0,"(40.741272, -73.97535)",0.0,0.0,0,0,0,0,0,0,Dump,Bus,0
17144875,3419646,04/06/2016,09:40,597679,Sedan,TOYT -CAR/SUV,2012.0,0,M,Licensed,Making Left Turn,Right Front Quarter Panel,No Damage,No Damage,No Damage,No Damage,N,,Unspecified,Unspecified,BROOKLYN,11216.0,"(40.678543, -73.949684)",0.0,0.0,0,0,0,0,0,0,Sedan,,0
17152825,3471259,06/29/2016,10:00,462181,4 dr sedan,TOYT -CAR/SUV,2016.0,0,,,Parked,Right Rear Quarter Panel,Left Rear Quarter Panel,Right Front Bumper,,Right Side Doors,N,,Unspecified,Unspecified,MANHATTAN,10030.0,"(40.81937, -73.94161)",0.0,0.0,0,0,0,0,0,0,4 dr sedan,,0
17406313,3587783,12/27/2016,15:10,1256100,Sedan,HYUN -CAR/SUV,2013.0,1,M,Licensed,Going Straight Ahead,Right Rear Quarter Panel,Right Rear Quarter Panel,,,,N,,Unspecified,Unspecified,QUEENS,11434.0,"(40.674778, -73.765625)",0.0,0.0,0,0,0,0,0,0,Sedan,,0
17203220,3464962,06/18/2016,15:25,423417,Sedan,TOYT -CAR/SUV,2006.0,1,M,Licensed,Going Straight Ahead,Left Rear Quarter Panel,Left Rear Quarter Panel,,,,N,,Other Vehicular,Unspecified,MANHATTAN,10022.0,"(40.754505, -73.965706)",0.0,0.0,0,0,0,0,0,0,Sedan,Sedan,0
17302011,3517476,09/09/2016,00:00,769336,Station Wagon/Sport Utility Vehicle,SUBA -CAR/SUV,2015.0,2,M,Licensed,Backing,Center Back End,Center Back End,,,,N,,Driver Inattention/Distraction,Backing Unsafely,BRONX,10454.0,"(40.807705, -73.919556)",0.0,0.0,0,0,0,0,0,0,Sedan,Station Wagon/Sport Utility Vehicle,0
16935119,4021996,03/14/2016,14:45,20944,Station Wagon/Sport Utility Vehicle,VOLK -CAR/SUV,2012.0,2,,,Going Straight Ahead,Right Front Quarter Panel,Right Front Quarter Panel,Right Side Doors,Right Rear Quarter Panel,,N,,Unspecified,Unspecified,,,"(40.743263, -73.91964)",0.0,0.0,0,0,0,0,1,0,Station Wagon/Sport Utility Vehicle,4 dr sedan,1
17064597,3449302,05/24/2016,15:19,314134,4 dr sedan,TOYT -CAR/SUV,2016.0,2,F,Licensed,Going Straight Ahead,Right Front Bumper,Right Front Quarter Panel,Right Front Bumper,Center Front End,Left Front Bumper,N,,Driver Inattention/Distraction,Passing or Lane Usage Improper,BRONX,10467.0,"(40.879585, -73.86643)",6.0,0.0,0,0,0,0,6,0,4 dr sedan,Bus,1
17395437,3563137,11/18/2016,08:12,1089218,Sedan,TOYT -CAR/SUV,1995.0,1,F,Licensed,Backing,Center Back End,Center Back End,,,,N,,Backing Unsafely,Driver Inattention/Distraction,STATEN ISLAND,10306.0,"(40.571987, -74.10823)",0.0,0.0,0,0,0,0,0,0,Sedan,Sedan,0
16937620,3422642,03/18/2016,08:00,41896,Bus,CORBE,2006.0,4,M,Licensed,Stopped in Traffic,Center Back End,Center Back End,,,,Unspecified,,Unspecified,Unspecified,QUEENS,11423.0,"(40.7769, -73.9413)",0.0,0.0,0,0,0,0,0,0,Bus,4 dr sedan,0
17183455,3515903,09/07/2016,11:00,758466,Sedan,NISS -CAR/SUV,2011.0,0,,,Parked,Left Side Doors,Left Side Doors,Left Rear Quarter Panel,Left Rear Quarter Panel,,N,,Unspecified,Unspecified,MANHATTAN,10027.0,"(40.81057, -73.944214)",0.0,0.0,0,0,0,0,0,0,Box Truck,Sedan,0
17046929,3434898,05/03/2016,14:25,222064,4 dr sedan,TOYT -CAR/SUV,2007.0,1,M,,Going Straight Ahead,Center Back End,Center Back End,Center Front End,Left Front Bumper,Left Rear Bumper,N,,Unspecified,Unspecified,BROOKLYN,11226.0,"(40.64572, -73.95808)",1.0,0.0,0,0,0,0,1,0,Station Wagon/Sport Utility Vehicle,4 dr sedan,1
17249344,3451587,05/26/2016,13:30,365044,Motorcycle,SUZI -MCL,2008.0,2,M,,Going Straight Ahead,Left Front Quarter Panel,Left Front Quarter Panel,Left Front Bumper,,,N,,Following Too Closely,Unspecified,QUEENS,11422.0,"(40.665257, -73.739555)",0.0,0.0,0,0,0,0,0,0,4 dr sedan,Motorcycle,0
17218938,3557229,11/10/2016,06:42,1049545,Taxi,TOYT -CAR/SUV,2014.0,1,M,Licensed,Changing Lanes,Right Front Quarter Panel,Right Front Quarter Panel,No Damage,No Damage,No Damage,N,,Unspecified,Unspecified,,,"(40.729794, -74.002144)",0.0,0.0,0,0,0,0,0,0,Taxi,Station Wagon/Sport Utility Vehicle,0
17384512,3566470,11/23/2016,17:05,1112654,Sedan,TOYT -CAR/SUV,2008.0,1,F,Licensed,Making Right Turn,Left Front Quarter Panel,Left Front Quarter Panel,,,,N,,Other Vehicular,Unspecified,MANHATTAN,10016.0,"(40.743782, -73.97352)",0.0,0.0,0,0,0,0,0,0,Sedan,Bus,0
16963638,3417431,04/07/2016,17:00,104836,4 dr sedan,BMW -CAR/SUV,2014.0,1,M,Licensed,Going Straight Ahead,Right Side Doors,Right Side Doors,No Damage,No Damage,No Damage,N,,Driver Inexperience,Unspecified,BROOKLYN,11230.0,,0.0,0.0,0,0,0,0,0,0,4 dr sedan,4 dr sedan,0
17289995,3523779,09/19/2016,16:09,816659,Sedan,FORD -CAR/SUV,2016.0,1,,,Parked,Left Front Quarter Panel,Left Front Quarter Panel,,,,N,,Unspecified,Unspecified,BROOKLYN,11230.0,"(40.62179, -73.970024)",0.0,0.0,0,0,0,0,0,0,Sedan,PK,0
17054631,3440681,05/07/2016,16:00,240071,Station Wagon/Sport Utility Vehicle,CHEV -CAR/SUV,2001.0,1,M,Licensed,Changing Lanes,Left Front Bumper,Left Front Bumper,,,,N,,Passing Too Closely,Unspecified,BROOKLYN,11212.0,"(40.6612, -73.924324)",0.0,0.0,0,0,0,0,0,0,4 dr sedan,Station Wagon/Sport Utility Vehicle,0
16936401,3415134,03/18/2016,12:15,29969,4 dr sedan,HOND -CAR/SUV,2000.0,1,F,Licensed,Avoiding Object in Roadway,Right Front Bumper,Right Front Bumper,Demolished,Center Front End,,N,,Reaction to Uninvolved Vehicle,Unspecified,BROOKLYN,11214.0,,1.0,0.0,0,0,0,0,1,0,4 dr sedan,,1
17426084,3574220,12/06/2016,09:40,1164048,Sedan,TOYT -CAR/SUV,2010.0,2,F,Licensed,Starting from Parking,Center Front End,No Damage,,,,N,,Driver Inattention/Distraction,Unspecified,,,"(40.757523, -73.82914)",0.0,0.0,0,0,0,0,0,0,Sedan,Sedan,0
17176573,3519883,09/12/2016,20:00,792308,Station Wagon/Sport Utility Vehicle,MERZ -CAR/SUV,2007.0,4,M,Licensed,Slowing or Stopping,Center Back End,Center Back End,Left Rear Bumper,Right Rear Bumper,,N,,Unspecified,Unspecified,,,"(40.7132, -73.97723)",1.0,0.0,0,0,0,0,1,0,Station Wagon/Sport Utility Vehicle,Station Wagon/Sport Utility Vehicle,1