UNIQUE_ID,COLLISION_ID,CRASH_DATE,CRASH_TIME,VEHICLE_ID,VEHICLE_TYPE,VEHICLE_MAKE,VEHICLE_YEAR,VEHICLE_OCCUPANTS,DRIVER_SEX,DRIVER_LICENSE_STATUS,PRE_CRASH,POINT_OF_IMPACT,VEHICLE_DAMAGE,VEHICLE_DAMAGE_1,VEHICLE_DAMAGE_2,VEHICLE_DAMAGE_3,PUBLIC_PROPERTY_DAMAGE,PUBLIC_PROPERTY_DAMAGE_TYPE,CONTRIBUTING_FACTOR_1,CONTRIBUTING_FACTOR_2,BOROUGH,ZIP CODE,LOCATION,NUMBER OF PERSONS INJURED,NUMBER OF PERSONS KILLED,NUMBER OF PEDESTRIANS INJURED,NUMBER OF PEDESTRIANS KILLED,NUMBER OF CYCLIST INJURED,NUMBER OF CYCLIST KILLED,NUMBER OF MOTORIST INJURED,NUMBER OF MOTORIST KILLED,VEHICLE TYPE CODE 1,VEHICLE TYPE CODE 2,Severity
17311883,3502636,08/17/2016,19:00,668463,Sedan,FORD -CAR/SUV,2005.0,1,M,Licensed,Other*,Center Back End,Center Back End,,,,N,,Unspecified,Unspecified,QUEENS,11365.0,"(40.73683, -73.77835)",0.0,0.0,0,0,0,0,0,0,Station Wagon/Sport Utility Vehicle,Sedan,0
17178724,3456402,06/03/2016,05:00,356370,4 dr sedan,MERZ -CAR/SUV,2013.0,0,,,Parked,Center Front End,Center Front End,Right Front Bumper,Left Front Bumper,,N,,Unspecified,Unspecified,BROOKLYN,11206.0,"(40.70473, -73.93827)",0.0,0.0,0,0,0,0,0,0,4 dr sedan,,0
17321904,3551679,10/31/2016,14:30,1008992,Sedan,AUDI -CAR/SUV,2014.0,1,F,Licensed,Going Straight Ahead,Left Front Bumper,Left Front Bumper,Left Front Quarter Panel,Left Side Doors,,N,,Unspecified,Unspecified,MANHATTAN,10011.0,"(40.74769, -74.00417)",0.0,0.0,0,0,0,0,0,0,Sedan,Sedan,0
17301769,3520932,09/16/2016,09:21,802366,Station Wagon/Sport Utility Vehicle,CHEV -CAR/SUV,2012.0,1,M,Licensed,Going Straight Ahead,Center Back End,Center Back End,No Damage,No Damage,No Damage,N,,Unspecified,Unspecified,,,"(40.76113, -73.85851)",1.0,0.0,0,0,0,0,1,0,Sedan,Station Wagon/Sport Utility Vehicle,1
17349017,3568064,11/27/2016,17:30,1123526,Sedan,LEXS -CAR/SUV,2014.0,2,M,Licensed,Making Right Turn,Right Front Bumper,Right Front Quarter Panel,,,,N,,Turning Improperly,Unspecified,,,,0.0,0.0,0,0,0,0,0,0,Sedan,Sedan,0
17371609,3549984,10/30/2016,13:00,1000947,Sedan,TOYT -CAR/SUV,2011.0,1,M,Licensed,Going Straight Ahead,Right Front Bumper,Right Front Bumper,Right Front Quarter Panel,Center Front End,,N,,Driver Inattention/Distraction,Unspecified,,,"(40.69433, -73.82697)",3.0,0.0,0,0,0,0,3,0,Sedan,Sedan,1
17319473,3535391,10/05/2016,20:00,891968,Sedan,TOYT -CAR/SUV,2015.0,1,M,Licensed,Going Straight Ahead,Left Front Bumper,Left Front Bumper,Center Back End,,,N,,Driver Inexperience,Following Too Closely,QUEENS,11435.0,"(40.702534, -73.8144)",1.0,0.0,0,0,0,0,1,0,Station Wagon/Sport Utility Vehicle,Station Wagon/Sport Utility Vehicle,1
17284386,3520590,09/15/2016,16:30,799085,Station Wagon/Sport Utility Vehicle,GMC -CAR/SUV,2007.0,1,,,Going Straight Ahead,Right Front Bumper,Right Front Bumper,,,,N,,Driver Inattention/Distraction,Failure to Yield Right-of-Way,,,"(40.825424, -73.923485)",0.0,0.0,0,0,0,0,0,0,Sedan,Station Wagon/Sport Utility Vehicle,0
17170104,3500788,08/12/2016,22:00,659552,Station Wagon/Sport Utility Vehicle,FORD -CAR/SUV,2001.0,1,M,Licensed,Changing Lanes,Left Front Quarter Panel,Left Front Quarter Panel,No Damage,No Damage,No Damage,N,,Driver Inattention/Distraction,Driver Inexperience,,,"(40.731018, -73.985916)",0.0,0.0,0,0,0,0,0,0,Sedan,Station Wagon/Sport Utility Vehicle,0
17051104,3433349,05/01/2016,15:30,213659,2 dr sedan,INFI -CAR/SUV,2014.0,1,F,Licensed,Going Straight Ahead,Left Front Quarter Panel,Left Front Quarter Panel,Left Side Doors,Left Rear Quarter Panel,,N,,Driver Inattention/Distraction,Unspecified,STATEN ISLAND,10314.0,,0.0,0.0,0,0,0,0,0,0,Station Wagon/Sport Utility Vehicle,2 dr sedan,0
17192362,3474202,07/03/2016,09:20,479274,Station Wagon/Sport Utility Vehicle,ACUR -CAR/SUV,2016.0,3,M,Licensed,Going Straight Ahead,Center Back End,Center Back End,No Damage,No Damage,No Damage,N,,Unspecified,Unspecified,,,"(40.801754, -73.93121)",0.0,0.0,0,0,0,0,0,0,Station Wagon/Sport Utility Vehicle,Sedan,0
17164743,3481508,07/16/2016,22:05,525679,4 dr sedan,TOYT -CAR/SUV,2005.0,3,M,Licensed,Going Straight Ahead,Right Front Quarter Panel,Right Front Quarter Panel,No Damage,No Damage,No Damage,N,,Unspecified,Unspecified,BROOKLYN,11238.0,"(40.682587, -73.962616)",0.0,0.0,0,0,0,0,0,0,Station Wagon/Sport Utility Vehicle,4 dr sedan,0
17167677,3486115,07/21/2016,00:45,543218,4 dr sedan,HOND -CAR/SUV,2016.0,1,M,Licensed,Slowing or Stopping,Center Back End,Center Back End,Left Rear Bumper,,,N,,Unspecified,Unspecified,,,,0.0,0.0,0,0,0,0,0,0,4 dr sedan,4 dr sedan,0
17411977,3581173,12/17/2016,20:05,1214933,Sedan,FORD -CAR/SUV,2013.0,1,M,Licensed,Changing Lanes,Left Front Bumper,Left Front Bumper,,,,N,,Driver Inattention/Distraction,Unsafe Lane Changing,MANHATTAN,10019.0,"(40.7674, -73.98238)",0.0,0.0,0,0,0,0,0,0,Sedan,Sedan,0
17367767,3551728,11/01/2016,03:30,1007908,Sedan,HYUN -CAR/SUV,2015.0,1,M,Licensed,Going Straight Ahead,Center Front End,Center Front End,Center Front End,,,N,,Driver Inattention/Distraction,Unspecified,MANHATTAN,10017.0,"(40.752377, -73.97035)",0.0,0.0,0,0,0,0,0,0,Sedan,Sedan,0
17228554,3472085,06/30/2016,17:30,468726,Station Wagon/Sport Utility Vehicle,MITS -CAR/SUV,2006.0,1,F,Licensed,Making Left Turn,Center Front End,Center Front End,No Damage,No Damage,No Damage,N,,Unspecified,Unspecified,,,"(40.86832, -73.83317)",0.0,0.0,0,0,0,0,0,0,Station Wagon/Sport Utility Vehicle,Station Wagon/Sport Utility Vehicle,0
17415002,3581504,12/17/2016,21:05,1242112,Sedan,HOND -CAR/SUV,2004.0,1.0,M,Licensed,Going Straight Ahead,Right Rear Quarter Panel,Right Rear Quarter Panel,Right Side Doors,Right Rear Bumper,Center Back End,N,,Unspecified,Unspecified,QUEENS,11378.0,"(40.7285, -73.91798)",1.0,0.0,0,0,0,0,1,0,Sedan,Sedan,1
16967506,3420892,04/12/2016,11:35,124891,Motorcycle,MOTOG,2016.0,0.0,M,Licensed,Parked,Left Front Bumper,Left Front Quarter Panel,No Damage,No Damage,No Damage,N,,Unspecified,Unspecified,BROOKLYN,11201.0,"(40.69206, -73.99348)",0.0,0.0,0,0,0,0,0,0,Motorcycle,,0
17597228,3714614,07/19/2016,07:30,e67bff8e-913e-4c70-ab4a-5224d13719ba,Station Wagon/Sport Utility Vehicle,BMW -CAR/SUV,2005.0,0.0,,,Parked,Right Rear Bumper,Right Rear Bumper,Right Rear Quarter Panel,Center Back End,No Damage,N,,Unspecified,Unspecified,BRONX,10456.0,"(40.827198, -73.907036)",0.0,0.0,0,0,0,0,0,0,Sedan,Station Wagon/Sport Utility Vehicle,0
17143375,3428218,03/19/2016,16:10,1253475,Station Wagon/Sport Utility Vehicle,DODG -CAR/SUV,2000.0,1.0,F,Licensed,Going Straight Ahead,Right Front Bumper,Right Side Doors,,,,N,,Driver Inattention/Distraction,Unspecified,QUEENS,11434.0,"(40.691895, -73.77822)",0.0,0.0,0,0,0,0,0,0,Sedan,Station Wagon/Sport Utility Vehicle,0
17377011,3499571,08/12/2016,08:02,644431,Sedan,FORD -CAR/SUV,2008.0,0.0,,,Parked,Left Front Quarter Panel,Left Front Quarter Panel,,,,N,,Unspecified,Unspecified,BROOKLYN,11207.0,"(40.66089, -73.893456)",0.0,0.0,0,0,0,0,0,0,Sedan,,0
17388018,3566921,11/23/2016,07:30,1167586,Sedan,HOND -CAR/SUV,2015.0,3.0,F,Licensed,Going Straight Ahead,Center Front End,Center Front End,,,,N,,Driver Inattention/Distraction,Unspecified,QUEENS,11416.0,"(40.684044, -73.846794)",2.0,0.0,0,0,0,0,2,0,Sedan,Sedan,1
17049552,3446730,05/28/2016,08:15,329742,4 dr sedan,CADI -CAR/SUV,2014.0,2.0,M,Licensed,Stopped in Traffic,Center Back End,Center Back End,Right Rear Bumper,Left Rear Bumper,Center Front End,N,,Unspecified,Unspecified,,,"(40.84481, -73.92579)",0.0,0.0,0,0,0,0,0,0,4 dr sedan,Taxi,0
17026784,3451730,05/30/2016,03:00,339432,4 dr sedan,NISS -CAR/SUV,2012.0,1.0,M,Licensed,Going Straight Ahead,Center Front End,Center Front End,,,,N,,Unsafe Speed,Unspecified,QUEENS,11419.0,"(40.68605, -73.831726)",0.0,0.0,0,0,0,0,0,0,4 dr sedan,4 dr sedan,0
17327862,3519505,09/14/2016,07:50,791702,Station Wagon/Sport Utility Vehicle,FORD -CAR/SUV,2010.0,2.0,M,Licensed,Going Straight Ahead,Left Front Bumper,Left Front Quarter Panel,No Damage,No Damage,No Damage,N,,Passing Too Closely,Unspecified,BROOKLYN,11213.0,"(40.665916, -73.92547)",0.0,0.0,0,0,0,0,0,0,Station Wagon/Sport Utility Vehicle,Station Wagon/Sport Utility Vehicle,0
17172337,3457851,06/07/2016,12:04,370347,4 dr sedan,MITS -CAR/SUV,2008.0,1.0,M,,Going Straight Ahead,Center Front End,Center Front End,Center Back End,Right Rear Quarter Panel,Left Rear Quarter Panel,N,,Driver Inattention/Distraction,Unspecified,,,"(40.660374, -73.98716)",0.0,0.0,0,0,0,0,0,0,Station Wagon/Sport Utility Vehicle,Station Wagon/Sport Utility Vehicle,0
17191606,3604232,09/20/2016,07:35,ae4988aa-d0b1-47e6-8def-269c9b765547,Station Wagon/Sport Utility Vehicle,FORD -CAR/SUV,2016.0,0.0,,,Parked,Left Front Quarter Panel,Left Side Doors,Left Rear Quarter Panel,,,N,,Unspecified,Unspecified,,,"(40.74214, -74.00821)",0.0,0.0,0,0,0,0,0,0,Station Wagon/Sport Utility Vehicle,,0
17308757,3509007,08/26/2016,08:57,716453,Sedan,NISS -CAR/SUV,2016.0,1.0,M,Licensed,Going Straight Ahead,Center Front End,Center Front End,,,,Unspecified,,Unspecified,Unspecified,,,"(40.831493, -73.85444)",0.0,0.0,0,0,0,0,0,0,Sedan,Sedan,0
17196318,3536524,10/01/2016,15:00,906787,Station Wagon/Sport Utility Vehicle,LNDR -CAR/SUV,2006.0,1.0,M,Licensed,Entering Parked Position,Right Front Quarter Panel,Right Front Quarter Panel,Right Side Doors,,,N,,Unspecified,Unspecified,MANHATTAN,10011.0,"(40.7319, -73.99965)",0.0,0.0,0,0,0,0,0,0,Sedan,Station Wagon/Sport Utility Vehicle,0
17072149,3451508,05/18/2016,08:00,288194,4 dr sedan,PONT -CAR/SUV,2005.0,1.0,F,Licensed,Going Straight Ahead,Left Front Bumper,Left Front Bumper,No Damage,No Damage,No Damage,N,,Failure to Yield Right-of-Way,Unspecified,QUEENS,11411.0,"(40.697052, -73.74015)",0.0,0.0,0,0,0,0,0,0,4 dr sedan,4 dr sedan,0
17207295,3496589,08/08/2016,15:10,625957,Station Wagon/Sport Utility Vehicle,CHEV -CAR/SUV,2015.0,6.0,M,Licensed,Stopped in Traffic,Center Back End,Center Back End,No Damage,No Damage,No Damage,N,,Unspecified,Unspecified,BROOKLYN,11238.0,"(40.680573, -73.967834)",2.0,0.0,0,0,0,0,2,0,Station Wagon/Sport Utility Vehicle,Station Wagon/Sport Utility Vehicle,1
17299946,3484069,07/19/2016,18:05,536806,4 dr sedan,CHEV -CAR/SUV,2016.0,3.0,M,Licensed,Making Left Turn,Right Front Quarter Panel,Right Front Quarter Panel,Right Front Bumper,,,N,,Driver Inattention/Distraction,Unspecified,QUEENS,11101.0,"(40.739674, -73.934586)",1.0,0.0,0,0,0,0,1,0,4 dr sedan,Motorcycle,1
17231771,3531799,09/30/2016,15:45,867998,Pick-up Truck,FORD -CAR/SUV,2006.0,1.0,M,Licensed,Going Straight Ahead,Right Rear Quarter Panel,Right Rear Quarter Panel,,,,N,,Passing Too Closely,Unspecified,BROOKLYN,11223.0,"(40.594456, -73.9815)",0.0,0.0,0,0,0,0,0,0,Station Wagon/Sport Utility Vehicle,Pick-up Truck,0
17036249,3407105,04/22/2016,08:50,234024,Van,VOLV -TRUCK/BUS,2011.0,1.0,M,Licensed,Making Left Turn,Left Rear Bumper,No Damage,,,,N,,Driver Inattention/Distraction,Unspecified,MANHATTAN,10010.0,"(40.737354, -73.979706)",0.0,0.0,0,0,0,0,0,0,Van,4 dr sedan,0
16946783,3415571,03/26/2016,01:00,55194,Station Wagon/Sport Utility Vehicle,DODG -CAR/SUV,2014.0,6.0,M,Licensed,Going Straight Ahead,Left Rear Bumper,Left Rear Bumper,Center Back End,Left Rear Quarter Panel,,Unspecified,,Unspecified,Unspecified,BROOKLYN,11234.0,,2.0,0.0,0,0,0,0,2,0,4 dr sedan,Station Wagon/Sport Utility Vehicle,1
17309224,3529761,09/29/2016,04:15,862448,Motorcycle,HOND -MCL,2006.0,1.0,M,Licensed,Going Straight Ahead,Center Front End,Center Front End,,,,N,,Unspecified,Unspecified,,,"(40.69168, -73.999344)",1.0,0.0,0,0,0,0,1,0,Motorcycle,,1
16962583,3418443,04/12/2016,11:50,124711,2 dr sedan,FIAT -CAR/SUV,2013.0,1.0,M,Licensed,Going Straight Ahead,Left Front Quarter Panel,Left Front Quarter Panel,No Damage,No Damage,No Damage,N,,Unspecified,Unspecified,BROOKLYN,11233.0,,0.0,0.0,0,0,0,0,0,0,2 dr sedan,4 dr sedan,0
17037853,3443709,05/17/2016,21:00,286505,Station Wagon/Sport Utility Vehicle,FORD -CAR/SUV,2008.0,1.0,M,Licensed,Going Straight Ahead,Right Front Quarter Panel,Right Front Bumper,No Damage,No Damage,No Damage,N,,Unspecified,Unspecified,MANHATTAN,10003.0,"(40.733524, -73.989876)",0.0,0.0,0,0,0,0,0,0,4 dr sedan,Station Wagon/Sport Utility Vehicle,0
17344026,3474032,07/04/2016,14:10,480866,Station Wagon/Sport Utility Vehicle,NISS -CAR/SUV,2016.0,0.0,,,Parked,Center Front End,Center Front End,Right Front Bumper,,,N,,Unspecified,Unspecified,QUEENS,11354.0,"(40.765873, -73.8089)",0.0,0.0,0,0,0,0,0,0,4 dr sedan,Station Wagon/Sport Utility Vehicle,0
17413701,3538276,10/11/2016,09:00,916283,Station Wagon/Sport Utility Vehicle,VOLK -CAR/SUV,2001.0,0.0,,,Parked,Left Front Quarter Panel,Left Front Quarter Panel,Left Front Bumper,,,N,,Unspecified,Unspecified,BROOKLYN,11207.0,"(40.684025, -73.89456)",0.0,0.0,0,0,0,0,0,0,Station Wagon/Sport Utility Vehicle,,0
17071842,3441744,05/15/2016,05:30,273661,Station Wagon/Sport Utility Vehicle,HOND -CAR/SUV,2007.0,0.0,,,Parked,Center Back End,Center Back End,Left Rear Bumper,Right Rear Bumper,Left Front Bumper,N,,Unspecified,Unspecified,QUEENS,11428.0,"(40.723595, -73.742966)",1.0,0.0,0,0,0,0,1,0,2 dr sedan,4 dr sedan,1
17276310,3542883,10/18/2016,18:20,950912,Station Wagon/Sport Utility Vehicle,JEEP -CAR/SUV,2010.0,1.0,F,Licensed,Making Right Turn,Center Front End,No Damage,No Damage,No Damage,No Damage,N,,Unspecified,Unspecified,BROOKLYN,11222.0,"(40.73046, -73.9515)",0.0,0.0,0,0,0,0,0,0,Station Wagon/Sport Utility Vehicle,,0
17249113,3466310,06/20/2016,00:00,428273,Station Wagon/Sport Utility Vehicle,ACUR -CAR/SUV,2002.0,5.0,M,Licensed,Going Straight Ahead,Left Front Bumper,Left Front Quarter Panel,No Damage,No Damage,No Damage,N,,Unspecified,Unspecified,,,"(40.751976, -73.93197)",0.0,0.0,0,0,0,0,0,0,Station Wagon/Sport Utility Vehicle,4 dr sedan,0
17410769,3553886,11/04/2016,08:30,1023569,Sedan,HOND -CAR/SUV,2006.0,0.0,,,Parked,Right Front Bumper,Right Front Bumper,Right Front Quarter Panel,Right Front Quarter Panel,Right Front Bumper,N,,Unspecified,Unspecified,,,"(40.772655, -73.957504)",0.0,0.0,0,0,0,0,0,0,Box Truck,Sedan,0
16972423,3427555,04/10/2016,17:30,116994,4 dr sedan,HOND -CAR/SUV,2001.0,2.0,F,Licensed,Making Left Turn,Right Front Bumper,Right Front Bumper,Right Front Quarter Panel,No Damage,No Damage,N,,Passing or Lane Usage Improper,Unspecified,,,,0.0,0.0,0,0,0,0,0,0,4 dr sedan,4 dr sedan,0
17173858,3462830,06/15/2016,18:00,410472,Station Wagon/Sport Utility Vehicle,TOYT -CAR/SUV,2015.0,2.0,M,Licensed,Going Straight Ahead,Left Side Doors,Left Side Doors,Left Rear Quarter Panel,,,Unspecified,,Unspecified,Unspecified,BROOKLYN,11234.0,"(40.609253, -73.92338)",0.0,0.0,0,0,0,0,0,0,4 dr sedan,Station Wagon/Sport Utility Vehicle,0
17040560,3436763,05/07/2016,23:30,241150,4 dr sedan,JEEP -CAR/SUV,2012.0,2.0,M,Licensed,Making Right Turn,Right Front Bumper,Right Front Quarter Panel,,,,N,,Passing or Lane Usage Improper,Unspecified,,,"(40.720245, -73.9444)",0.0,0.0,0,0,0,0,0,0,4 dr sedan,4 dr sedan,0
17359864,3560908,11/14/2016,17:30,1069180,Bus,PREV,2014.0,1.0,F,Licensed,Going Straight Ahead,Left Front Quarter Panel,Left Front Bumper,No Damage,No Damage,No Damage,N,,Unspecified,Unspecified,MANHATTAN,10036.0,"(40.760036, -73.991455)",0.0,0.0,0,0,0,0,0,0,Bus,Station Wagon/Sport Utility Vehicle,0
17389843,3564510,11/19/2016,23:48,1097320,,FORD -CAR/SUV,,,,,,,,,,,Unspecified,,,,QUEENS,11412.0,"(40.69234, -73.76532)",0.0,0.0,0,0,0,0,0,0,Station Wagon/Sport Utility Vehicle,,0
17384595,3494674,08/06/2016,12:45,617124,Sedan,HYUN -CAR/SUV,2012.0,4.0,F,Licensed,Going Straight Ahead,Left Rear Quarter Panel,Left Rear Quarter Panel,Left Side Doors,,,N,,Unspecified,Unspecified,QUEENS,11426.0,"(40.74043, -73.72225)",0.0,0.0,0,0,0,0,0,0,Sedan,Sedan,0
17241883,3585619,12/23/2016,08:30,1240278,Bus,MCIN-TRUCK/BUS,2005.0,1.0,M,Licensed,Going Straight Ahead,Left Rear Quarter Panel,Left Rear Quarter Panel,,,,N,,Other Vehicular,Unspecified,MANHATTAN,10029.0,"(40.786175, -73.9457)",0.0,0.0,0,0,0,0,0,0,Station Wagon/Sport Utility Vehicle,Bus,0
17046128,3432169,04/26/2016,14:00,196074,Station Wagon/Sport Utility Vehicle,TOYT -CAR/SUV,2015.0,1.0,M,Licensed,Passing,Left Front Bumper,Left Front Bumper,No Damage,No Damage,No Damage,N,,Driver Inattention/Distraction,Unspecified,,,,0.0,0.0,0,0,0,0,0,0,Station Wagon/Sport Utility Vehicle,4 dr sedan,0
17349002,3528621,09/27/2016,10:00,854735,Sedan,ACUR -CAR/SUV,2010.0,1.0,M,Licensed,Stopped in Traffic,Center Back End,No Damage,No Damage,No Damage,No Damage,N,,Unspecified,Unspecified,,,,0.0,0.0,0,0,0,0,0,0,Chassis Cab,Sedan,0
17252895,3570436,11/24/2016,10:27,1137425,Sedan,HOND -CAR/SUV,1999.0,0.0,,,Parked,Left Side Doors,Left Side Doors,Left Rear Quarter Panel,Left Rear Bumper,Left Front Bumper,N,,Unspecified,Unspecified,MANHATTAN,10034.0,"(40.867245, -73.91761)",0.0,0.0,0,0,0,0,0,0,Sedan,,0
17224105,3479962,07/10/2016,01:30,502573,4 dr sedan,INFI -CAR/SUV,2012.0,0.0,,,Going Straight Ahead,Center Front End,Left Front Bumper,Left Front Bumper,Right Front Bumper,,N,,Unspecified,Unspecified,QUEENS,11423.0,"(40.714523, -73.77013)",0.0,0.0,0,0,0,0,0,0,4 dr sedan,4 dr sedan,0
17325747,3580786,12/15/2016,17:30,1205909,Sedan,BMW -CAR/SUV,2008.0,3.0,M,Licensed,Making Left Turn,Left Front Bumper,Left Front Bumper,Left Front Quarter Panel,,,N,,Failure to Yield Right-of-Way,Unspecified,STATEN ISLAND,10301.0,"(40.63029, -74.08891)",0.0,0.0,0,0,0,0,0,0,Station Wagon/Sport Utility Vehicle,Sedan,0
17279654,3510736,08/30/2016,15:20,726984,Van,CHEV-TRUCK/BUS,2011.0,1.0,M,Licensed,Going Straight Ahead,Right Front Bumper,Right Front Bumper,Center Front End,Left Front Bumper,No Damage,N,,Unspecified,Brakes Defective,BROOKLYN,11217.0,"(40.68532, -73.98071)",4.0,0.0,0,0,0,0,4,0,Sedan,Van,1
17320650,3506587,08/21/2016,16:30,693703,Station Wagon/Sport Utility Vehicle,NISS -CAR/SUV,2012.0,2.0,F,Licensed,Making Right Turn,Right Side Doors,Right Side Doors,Right Front Quarter Panel,Right Rear Quarter Panel,,N,,Passing Too Closely,Unspecified,,,,0.0,0.0,0,0,0,0,0,0,Station Wagon/Sport Utility Vehicle,Station Wagon/Sport Utility Vehicle,0
17360815,3530514,09/30/2016,00:00,868180,Sedan,TOYT -CAR/SUV,2015.0,1.0,M,Licensed,Going Straight Ahead,Right Front Quarter Panel,Right Rear Quarter Panel,,,,N,,Driver Inexperience,Unspecified,STATEN ISLAND,10304.0,"(40.602425, -74.091354)",0.0,0.0,0,0,0,0,0,0,Sedan,Sedan,0
17322514,3585743,12/22/2016,11:54,1241926,Sedan,MERZ -CAR/SUV,2007.0,1.0,M,Licensed,Backing,Left Rear Bumper,Left Rear Bumper,,,,N,,Driver Inattention/Distraction,Unspecified,BROOKLYN,11212.0,"(40.669403, -73.912605)",0.0,0.0,0,0,0,0,0,0,Sedan,Sedan,0
17177646,4022792,06/08/2016,16:30,390391,Bus,MCIN-TRUCK/BUS,2006.0,1.0,M,Licensed,Going Straight Ahead,Right Rear Bumper,Right Rear Bumper,,,,N,,Unspecified,Unspecified,MANHATTAN,10018.0,"(40.757145, -73.99357)",0.0,0.0,0,0,0,0,0,0,Bus,Taxi,0
17154091,3527953,09/25/2016,17:15,843763,Station Wagon/Sport Utility Vehicle,SUBA -CAR/SUV,2017.0,3.0,F,Licensed,Slowing or Stopping,Center Back End,Center Back End,Right Rear Bumper,Left Rear Bumper,Right Rear Quarter Panel,N,,Unspecified,Glare,QUEENS,11693.0,"(40.60957, -73.81905)",0.0,0.0,0,0,0,0,0,0,Station Wagon/Sport Utility Vehicle,Station Wagon/Sport Utility Vehicle,0
17318074,3511238,08/31/2016,16:00,731700,Sedan,HOND -CAR/SUV,2016.0,0.0,,,Parked,Left Front Quarter Panel,Left Front Quarter Panel,,,,N,,Unspecified,Unspecified,BRONX,10470.0,"(40.899734, -73.85216)",0.0,0.0,0,0,0,0,0,0,Station Wagon/Sport Utility Vehicle,Sedan,0
17354355,3559927,11/11/2016,17:40,1056608,Station Wagon/Sport Utility Vehicle,CHEV -CAR/SUV,2005.0,0.0,F,Licensed,Going Straight Ahead,Center Front End,Center Front End,Center Front End,Center Front End,Center Front End,N,,Unspecified,Unspecified,QUEENS,11368.0,"(40.753063, -73.87165)",0.0,0.0,0,0,0,0,0,0,Station Wagon/Sport Utility Vehicle,,0
17399095,3581617,12/18/2016,02:30,1216748,Sedan,NISS -CAR/SUV,2005.0,0.0,,,Parked,Left Front Bumper,Left Front Bumper,Center Front End,Left Front Quarter Panel,No Damage,N,,Unspecified,Unspecified,BRONX,10466.0,"(40.891994, -73.8343)",0.0,0.0,0,0,0,0,0,0,Sedan,,0
17042874,3436209,05/06/2016,03:30,281287,4 dr sedan,TOYT -CAR/SUV,2016.0,1.0,M,Licensed,Going Straight Ahead,Undercarriage,Undercarriage,,,,N,,Unspecified,Obstruction/Debris,BROOKLYN,11234.0,"(40.62356, -73.927376)",0.0,0.0,0,0,0,0,0,0,4 dr sedan,,0
17356605,3564336,11/18/2016,19:30,1097222,Station Wagon/Sport Utility Vehicle,HOND -CAR/SUV,2016.0,0.0,,,Parked,Left Rear Quarter Panel,Left Rear Quarter Panel,No Damage,No Damage,No Damage,N,,Unspecified,Unspecified,,,"(40.865685, -73.823425)",0.0,0.0,0,0,0,0,0,0,Station Wagon/Sport Utility Vehicle,,0
17299478,3586514,12/19/2016,12:00,1244301,Sedan,ACUR -CAR/SUV,2003.0,1.0,M,Licensed,Going Straight Ahead,Right Rear Bumper,Right Rear Bumper,Center Back End,,,Unspecified,,Unspecified,Unspecified,BROOKLYN,11238.0,"(40.679703, -73.961685)",0.0,0.0,0,0,0,0,0,0,Sedan,Sedan,0
17193015,3470593,06/29/2016,15:30,463192,4 dr sedan,HYUN -CAR/SUV,2015.0,1.0,F,Licensed,Going Straight Ahead,Right Side Doors,Right Rear Quarter Panel,No Damage,No Damage,No Damage,N,,Unspecified,Unspecified,BRONX,10467.0,"(40.876392, -73.879654)",0.0,0.0,0,0,0,0,0,0,4 dr sedan,4 dr sedan,0
17345186,3567690,11/25/2016,13:30,1118954,Sedan,BMW -CAR/SUV,2006.0,1.0,M,Licensed,Stopped in Traffic,Right Rear Bumper,Right Rear Bumper,No Damage,No Damage,No Damage,N,,Unspecified,Unspecified,BROOKLYN,11209.0,"(40.612556, -74.0361)",0.0,0.0,0,0,0,0,0,0,Sedan,Sedan,0
16968562,3420902,04/13/2016,11:00,130482,4 dr sedan,HYUN -CAR/SUV,2011.0,4.0,F,Licensed,Making Right Turn,Left Side Doors,Left Side Doors,,,,N,,Unspecified,Unspecified,BROOKLYN,11201.0,"(40.69142, -73.989204)",0.0,0.0,0,0,0,0,0,0,4 dr sedan,Station Wagon/Sport Utility Vehicle,0
17117647,3603417,01/23/2017,20:48,17174f83-73b6-4e21-b2e9-63f6e37348d1,Tractor Truck Diesel,MAC,2005.0,1.0,M,Licensed,Making Right Turn,Right Side Doors,Right Side Doors,,,,Unspecified,,Pavement Slippery,Unspecified,,,,0.0,0.0,0,0,0,0,0,0,Tractor Truck Diesel,Sedan,0
17538671,3662489,05/02/2017,12:30,8bf3647d-f9c3-4bf3-874f-5b532216803b,Station Wagon/Sport Utility Vehicle,BMW -CAR/SUV,2008.0,1.0,F,Licensed,Going Straight Ahead,Center Back End,Center Back End,,,,N,,Unspecified,Unspecified,,,"(40.767418, -73.7906)",0.0,0.0,0,0,0,0,0,0,Station Wagon/Sport Utility Vehicle,Station Wagon/Sport Utility Vehicle,0