UNIQUE_ID,COLLISION_ID,CRASH_DATE,CRASH_TIME,VEHICLE_ID,VEHICLE_TYPE,VEHICLE_MAKE,VEHICLE_YEAR,VEHICLE_OCCUPANTS,DRIVER_SEX,DRIVER_LICENSE_STATUS,PRE_CRASH,POINT_OF_IMPACT,VEHICLE_DAMAGE,VEHICLE_DAMAGE_1,VEHICLE_DAMAGE_2,VEHICLE_DAMAGE_3,PUBLIC_PROPERTY_DAMAGE,PUBLIC_PROPERTY_DAMAGE_TYPE,CONTRIBUTING_FACTOR_1,CONTRIBUTING_FACTOR_2,BOROUGH,ZIP CODE,LOCATION,NUMBER OF PERSONS INJURED,NUMBER OF PERSONS KILLED,NUMBER OF PEDESTRIANS INJURED,NUMBER OF PEDESTRIANS KILLED,NUMBER OF CYCLIST INJURED,NUMBER OF CYCLIST KILLED,NUMBER OF MOTORIST INJURED,NUMBER OF MOTORIST KILLED,VEHICLE TYPE CODE 1,VEHICLE TYPE CODE 2,Severity
17916303,3795278,11/21/2017,19:05,fb50ef40-e178-4972-be4f-d50e93a5d3e8,Sedan,VOLK -CAR/SUV,2012.0,0.0,,,Parked,Other,Other,,,,Unspecified,,Unspecified,Unspecified,BROOKLYN,11219.0,"(40.630127, -73.99005)",0.0,0.0,0,0,0,0,0,0,Sedan,,0
17553649,3668707,05/10/2017,09:45,0cddbc6c-8484-4633-b453-dac6f81daab7,Sedan,HOND -CAR/SUV,2002.0,0.0,,,Parked,Center Front End,Center Front End,Center Back End,,,N,,Unspecified,Unspecified,QUEENS,11423.0,"(40.71911, -73.76679)",0.0,0.0,0,0,0,0,0,0,Sedan,Sedan,0
19648135,3748587,09/12/2017,00:00,5f66619a-3d54-45a2-9e54-25b841820b59,Sedan,HOND -CAR/SUV,2015.0,1.0,M,Licensed,Slowing or Stopping,Center Back End,Center Back End,,,,N,,Unspecified,Unspecified,,,"(40.716312, -73.81938)",0.0,0.0,0,0,0,0,0,0,Station Wagon/Sport Utility Vehicle,Sedan,0
17623760,3715808,07/21/2017,14:00,3b86c2e4-bf9d-459d-8461-df6c9c1c8233,Sedan,DODG -CAR/SUV,2007.0,1.0,M,Licensed,Going Straight Ahead,Center Back End,No Damage,,,,N,,Unspecified,Unspecified,BROOKLYN,11220.0,"(40.639446, -74.02696)",0.0,0.0,0,0,0,0,0,0,Sedan,Sedan,0
17077275,3592235,01/03/2017,18:11,1286092,Sedan,HYUN -CAR/SUV,2007.0,1.0,M,,Slowing or Stopping,Center Front End,No Damage,,,,N,,Brakes Defective,Driver Inattention/Distraction,,,"(40.80543, -73.92087)",1.0,0.0,0,0,0,0,1,0,Station Wagon/Sport Utility Vehicle,Taxi,1
17988367,3765951,10/05/2017,16:00,5db8c9b9-37ae-475a-925f-34b57af8bae3,Station Wagon/Sport Utility Vehicle,HOND -CAR/SUV,2016.0,1.0,M,Licensed,Making Left Turn,Right Front Bumper,Right Front Bumper,Center Front End,,,N,,Failure to Yield Right-of-Way,Driver Inattention/Distraction,QUEENS,11354.0,"(40.763474, -73.82995)",0.0,0.0,0,0,0,0,0,0,Sedan,Station Wagon/Sport Utility Vehicle,0
17960931,3789914,11/14/2017,06:15,86a20707-e662-4217-a17d-32b4a8f8fd73,Station Wagon/Sport Utility Vehicle,FORD -CAR/SUV,2011.0,1.0,M,Licensed,Going Straight Ahead,Center Back End,Center Back End,Center Front End,Right Rear Bumper,,N,,Unspecified,Unspecified,,,"(40.66515, -73.82589)",0.0,0.0,0,0,0,0,0,0,Sedan,Sedan,0
17105424,3604920,01/26/2017,18:55,3032f555-8756-4369-8829-0278fa53e51d,Station Wagon/Sport Utility Vehicle,DODG -CAR/SUV,2005.0,2.0,M,Licensed,Parked,Left Front Bumper,Left Front Bumper,Center Front End,,,N,,Unspecified,Unspecified,,,"(40.714077, -73.95371)",0.0,0.0,0,0,0,0,0,0,Station Wagon/Sport Utility Vehicle,Station Wagon/Sport Utility Vehicle,0
17084668,3606242,01/26/2017,16:50,f3f43b42-3c75-43eb-b64b-d84b90d4e3e1,Sedan,TOYT -CAR/SUV,2003.0,2.0,F,Licensed,Going Straight Ahead,Left Front Bumper,Left Front Bumper,,,,N,,Driver Inattention/Distraction,Unspecified,,,"(40.604977, -73.754425)",0.0,0.0,0,0,0,0,0,0,Sedan,Station Wagon/Sport Utility Vehicle,0
17615388,3722834,07/31/2017,10:02,871f21b8-92ba-48bc-9824-badfde21416d,Pick-up Truck,ISU -CAR/SUV,2003.0,1.0,M,Licensed,Starting from Parking,Left Front Quarter Panel,Left Front Quarter Panel,No Damage,No Damage,No Damage,N,,Driver Inattention/Distraction,Unspecified,BRONX,10457.0,"(40.84721, -73.89894)",0.0,0.0,0,0,0,0,0,0,Pick-up Truck,Sedan,0
17574755,3701868,06/25/2017,06:23,8218a610-20d2-4bda-a701-5e3ece446ed3,Sedan,MERZ -CAR/SUV,2009.0,3.0,M,Licensed,Going Straight Ahead,Right Rear Quarter Panel,Right Side Doors,No Damage,No Damage,No Damage,N,,Alcohol Involvement,Unspecified,BROOKLYN,11203.0,"(40.650227, -73.92827)",0.0,0.0,0,0,0,0,0,0,Sedan,Sedan,0
17493656,3653948,04/18/2017,14:00,98380749-37fa-4737-86be-8556bec184fd,Pick-up Truck,hino,2006.0,1.0,M,Licensed,Making Right Turn,Right Front Bumper,No Damage,No Damage,No Damage,No Damage,N,,Oversized Vehicle,Unspecified,MANHATTAN,10018.0,"(40.75108, -73.98686)",0.0,0.0,0,0,0,0,0,0,Sedan,Pick-up Truck,0
17078863,3591851,01/03/2017,16:40,1284866,Sedan,NISS -CAR/SUV,2016.0,2.0,M,Licensed,Going Straight Ahead,Left Side Doors,Left Side Doors,Left Rear Quarter Panel,,,N,,Unspecified,Unspecified,,,"(40.770256, -73.91586)",0.0,0.0,0,0,0,0,0,0,Sedan,Sedan,0
17609312,3732320,08/15/2017,16:30,006595ef-2a30-44ce-a865-f80865ffce4f,Station Wagon/Sport Utility Vehicle,TOYT -CAR/SUV,2017.0,1.0,M,Licensed,Making Right Turn,Left Front Quarter Panel,Left Front Bumper,No Damage,No Damage,No Damage,N,,Unspecified,Unspecified,,,"(40.68024, -73.946754)",0.0,0.0,0,0,0,0,0,0,Station Wagon/Sport Utility Vehicle,,0
17879254,3792871,11/18/2017,09:00,0bc6cfc8-1366-485d-98b2-95e8e43822ae,Station Wagon/Sport Utility Vehicle,CHEV -CAR/SUV,2000.0,1.0,M,Licensed,Stopped in Traffic,Center Back End,Center Back End,No Damage,No Damage,No Damage,N,,Unspecified,Unspecified,BROOKLYN,11221.0,"(40.693874, -73.91777)",0.0,0.0,0,0,0,0,0,0,Station Wagon/Sport Utility Vehicle,Station Wagon/Sport Utility Vehicle,0
17097777,3613408,02/10/2017,15:15,9c623866-bcef-41e2-86d2-828724e6667d,Station Wagon/Sport Utility Vehicle,TOYT -CAR/SUV,2005.0,2.0,F,Licensed,Going Straight Ahead,Right Front Bumper,Right Front Bumper,No Damage,No Damage,No Damage,N,,Unspecified,Unspecified,,,"(40.79149, -73.93577)",0.0,0.0,0,0,0,0,0,0,Sedan,Station Wagon/Sport Utility Vehicle,0
17886082,3784875,11/07/2017,01:50,83aaba32-707a-4819-add7-3b966a842967,Tractor Truck Diesel,FRHT-TRUCK/BUS,2009.0,1.0,,,Making Right Turn,Left Front Bumper,Left Front Quarter Panel,,,,N,,Other Vehicular,Passing or Lane Usage Improper,,,"(40.72521, -73.94648)",0.0,0.0,0,0,0,0,0,0,Sedan,Tractor Truck Diesel,0
17093737,3599919,01/10/2017,20:00,1c713c4b-f5bb-497c-9423-7590e084708c,Station Wagon/Sport Utility Vehicle,HOND -CAR/SUV,2015.0,1.0,M,Licensed,Going Straight Ahead,Center Back End,Center Back End,Left Rear Bumper,Right Rear Bumper,,Unspecified,,Reaction to Uninvolved Vehicle,Unspecified,,,,0.0,0.0,0,0,0,0,0,0,Station Wagon/Sport Utility Vehicle,Station Wagon/Sport Utility Vehicle,0
17496142,3637985,03/23/2017,20:00,917f17ec-4afd-42fc-bf86-31dd9a0b4a8e,Sedan,FORD -CAR/SUV,2012.0,1.0,M,Licensed,Going Straight Ahead,Right Front Bumper,Right Front Quarter Panel,Right Front Quarter Panel,,,Unspecified,,Alcohol Involvement,Unspecified,QUEENS,11423.0,"(40.72921, -73.781166)",0.0,0.0,0,0,0,0,0,0,Sedan,Station Wagon/Sport Utility Vehicle,0
17954216,3815333,12/23/2017,02:00,b9b5e92b-124c-43e5-b078-d954e15831b3,Sedan,HOND -CAR/SUV,2015.0,5.0,F,Licensed,Going Straight Ahead,Right Rear Bumper,Right Rear Bumper,Center Back End,Left Rear Bumper,No Damage,N,,Unspecified,Unspecified,,,"(40.771305, -73.87664)",0.0,0.0,0,0,0,0,0,0,Sedan,,0
17958775,3786709,11/08/2017,19:00,87dcc265-ba66-4096-a101-36e807026bd0,Sedan,HOND -CAR/SUV,2003.0,1.0,,,,Left Front Bumper,Left Front Bumper,,,,N,,Unspecified,Unspecified,QUEENS,11374.0,"(40.713394, -73.85956)",0.0,0.0,0,0,0,0,0,0,Sedan,Station Wagon/Sport Utility Vehicle,0
17645894,3709614,07/12/2017,09:30,e3b1168e-356e-42b1-b59c-857671cc3fa2,Sedan,LEXS -CAR/SUV,2017.0,1.0,F,Licensed,Going Straight Ahead,Center Front End,Center Front End,,,,N,,Driver Inattention/Distraction,Failure to Yield Right-of-Way,,,"(40.75097, -73.7702)",0.0,0.0,0,0,0,0,0,0,Pick-up Truck,Sedan,0
17476067,3657645,04/22/2017,18:30,018426f6-efd6-49fe-b560-29ac673ec84a,Station Wagon/Sport Utility Vehicle,FORD -CAR/SUV,2004.0,1.0,M,Licensed,Going Straight Ahead,Center Front End,Center Front End,,,,N,,Following Too Closely,Driver Inattention/Distraction,,,"(40.715836, -73.9949)",0.0,0.0,0,0,0,0,0,0,Station Wagon/Sport Utility Vehicle,Station Wagon/Sport Utility Vehicle,0
17520690,3677642,05/25/2017,09:30,6e7e2b39-3e13-4706-9852-86ff2d764ecf,Sedan,LEXS -CAR/SUV,1997.0,0.0,,,Parked,Left Front Bumper,Right Front Bumper,Right Front Quarter Panel,Right Side Doors,,N,,Unspecified,Unspecified,BROOKLYN,11204.0,"(40.615185, -73.98367)",0.0,0.0,0,0,0,0,0,0,Station Wagon/Sport Utility Vehicle,Sedan,0
17445296,3634603,03/17/2017,09:30,ad6f55af-6f19-438e-8009-6a55f104adc2,Sedan,TOYT -CAR/SUV,2013.0,0.0,M,Licensed,Parked,Left Rear Bumper,Left Rear Bumper,Center Back End,,,N,,Unspecified,Unspecified,BROOKLYN,11222.0,"(40.735435, -73.960014)",0.0,0.0,0,0,0,0,0,0,Sedan,Box Truck,0
17970204,3768430,10/12/2017,13:50,10b6bd39-979a-40f8-8e03-627a31ff3afc,Sedan,INFI -CAR/SUV,2014.0,1.0,F,Licensed,Stopped in Traffic,Left Front Quarter Panel,Left Front Quarter Panel,Left Front Bumper,Left Side Doors,,N,,Unspecified,Unspecified,,,"(40.750965, -73.94027)",0.0,0.0,0,0,0,0,0,0,Pick-up Truck,Sedan,0
17079696,3593595,01/07/2017,11:15,259d15e7-ec7f-49d6-8922-7dd9f5faf05c,Sedan,PONT -CAR/SUV,2007.0,1.0,F,Licensed,Slowing or Stopping,Center Back End,Center Back End,Right Rear Bumper,Left Rear Bumper,,N,,Unspecified,Unspecified,BROOKLYN,11216.0,"(40.67446, -73.95286)",1.0,0.0,0,0,0,0,1,0,Sedan,Sedan,1
17851826,3754155,09/20/2017,15:10,8907e8ae-6a83-4d8f-8e36-3eca3fc963cb,Sedan,HOND -CAR/SUV,2007.0,1.0,M,Licensed,Stopped in Traffic,Center Back End,Center Back End,,,,N,,Unspecified,Unspecified,BROOKLYN,11236.0,"(40.633858, -73.911446)",0.0,0.0,0,0,0,0,0,0,Sedan,Station Wagon/Sport Utility Vehicle,0
17505099,3658055,04/26/2017,06:10,29c65261-692e-4faf-9807-7db604e18034,Van,FORD-TRUCK/BUS,2014.0,10.0,M,Licensed,Making Left Turn,Left Rear Quarter Panel,Left Rear Quarter Panel,Left Rear Quarter Panel,Left Side Doors,No Damage,N,,Turning Improperly,Pavement Slippery,BRONX,10452.0,"(40.842773, -73.922806)",1.0,0.0,0,0,0,0,1,0,Station Wagon/Sport Utility Vehicle,Van,1
17813227,3752907,09/18/2017,15:40,387b75a8-d464-4d7f-ae6f-0c4e43ef3b08,Sedan,HYUN -CAR/SUV,2017.0,1.0,M,Licensed,Going Straight Ahead,Left Side Doors,Left Side Doors,Left Side Doors,Left Side Doors,Left Side Doors,N,,Obstruction/Debris,Obstruction/Debris,MANHATTAN,10002.0,"(40.71829, -73.987434)",0.0,0.0,0,0,0,0,0,0,Sedan,,0
17476895,3639990,03/27/2017,10:00,235b8392-1104-4391-b750-dee43984b5e1,Station Wagon/Sport Utility Vehicle,FORD -CAR/SUV,2010.0,1.0,M,Licensed,Going Straight Ahead,Right Front Bumper,Right Front Bumper,,,,N,,Unspecified,Unspecified,,,"(40.651573, -73.97237)",0.0,0.0,0,0,0,0,0,0,Sedan,Station Wagon/Sport Utility Vehicle,0
17436496,3628633,03/05/2017,05:00,f0bc14a7-a1c8-4c66-a845-dc5641336039,Sedan,INFI -CAR/SUV,2017.0,1.0,,,Making Right Turn,Left Front Bumper,Left Front Bumper,,,,Unspecified,,Traffic Control Disregarded,Unspecified,MANHATTAN,10011.0,"(40.745228, -74.00597)",0.0,0.0,0,0,0,0,0,0,Sedan,Sedan,0
17092355,3598256,01/15/2017,14:50,dec9ddab-50dd-4049-8131-8be3272061cf,Sedan,NISS -CAR/SUV,2005.0,2.0,M,Licensed,Going Straight Ahead,Right Front Quarter Panel,Right Front Quarter Panel,,,,N,,Failure to Yield Right-of-Way,Unspecified,BRONX,10468.0,"(40.865997, -73.89981)",0.0,0.0,0,0,0,0,0,0,Sedan,Sedan,0
17958858,3759982,09/29/2017,16:00,459f28f9-600d-4d60-bb4d-11813c259b8f,Station Wagon/Sport Utility Vehicle,TOYT -CAR/SUV,2011.0,0.0,,,Parked,Left Front Quarter Panel,Left Side Doors,Left Rear Quarter Panel,,,N,,Unspecified,Unspecified,QUEENS,11104.0,"(40.747147, -73.92552)",0.0,0.0,0,0,0,0,0,0,Station Wagon/Sport Utility Vehicle,Taxi,0
17542439,3704219,07/03/2017,06:00,2a9583bc-a167-4db0-a82c-15ecb09289e9,Station Wagon/Sport Utility Vehicle,HOND -CAR/SUV,2011.0,1.0,F,Licensed,Stopped in Traffic,Center Back End,Right Rear Bumper,Left Rear Bumper,Right Front Bumper,Left Front Bumper,N,,Unspecified,Unspecified,,,"(40.80066, -73.92949)",3.0,0.0,0,0,0,0,3,0,Station Wagon/Sport Utility Vehicle,Sedan,1
17520626,3629582,03/10/2017,09:00,25323c96-a7c9-4122-a25f-29cbd1710f9a,Sedan,HYUN -CAR/SUV,2015.0,2.0,F,Licensed,Going Straight Ahead,Center Front End,Center Front End,,,,N,,Unspecified,Unspecified,QUEENS,11422.0,"(40.667, -73.729675)",0.0,0.0,0,0,0,0,0,0,Sedan,Sedan,0
17914773,3760593,09/30/2017,23:00,dcfdf85a-dd5c-4177-86de-8cfb359b964d,Sedan,FORD -CAR/SUV,2014.0,0.0,M,Licensed,Going Straight Ahead,Center Front End,No Damage,No Damage,No Damage,No Damage,Y,,Unspecified,Unspecified,,,"(40.818012, -73.92519)",1.0,0.0,0,0,0,0,1,0,Sedan,Taxi,1
17473037,3640841,03/27/2017,12:00,934b611d-37f1-4076-ad64-cc69d4a6aca7,Sedan,SUBA -CAR/SUV,2013.0,,,,Starting from Parking,Center Front End,No Damage,No Damage,No Damage,,N,,Unspecified,Unspecified,BRONX,10452.0,"(40.83694, -73.927124)",0.0,0.0,0,0,0,0,0,0,Sedan,Sedan,0
17139116,3611197,02/07/2017,05:06,fdfdc9dd-d98d-4056-a298-a17088ad42df,Station Wagon/Sport Utility Vehicle,DODG -CAR/SUV,2017.0,1.0,M,Licensed,Going Straight Ahead,Right Front Quarter Panel,Right Front Quarter Panel,Right Side Doors,,,N,,Unspecified,Unspecified,,,"(40.74258, -73.729744)",1.0,0.0,0,0,0,0,1,0,Station Wagon/Sport Utility Vehicle,Station Wagon/Sport Utility Vehicle,1
17905097,3807943,09/28/2017,04:45,4f9501f2-efa5-4052-8fb9-cdc37eda5901,Motorcycle,HD -MCL,2013.0,1.0,M,Licensed,Going Straight Ahead,Center Front End,Center Front End,,,,N,,Following Too Closely,Unspecified,,,"(40.771626, -73.87611)",1.0,0.0,0,0,0,0,1,0,Sedan,Motorcycle,1
17922912,3772119,10/18/2017,17:50,1e1a7c71-2a1e-44e4-9f39-d3674d97cb42,Sedan,TOYT -CAR/SUV,1993.0,0.0,M,Licensed,Slowing or Stopping,Center Front End,Left Front Bumper,No Damage,No Damage,No Damage,N,,Following Too Closely,Driver Inattention/Distraction,,,"(40.60954, -74.14998)",0.0,0.0,0,0,0,0,0,0,Sedan,Sedan,0
17494366,3646879,04/07/2017,07:25,80a5861d-ab48-4ffa-8afb-1051e03b4710,Station Wagon/Sport Utility Vehicle,LEXS -CAR/SUV,2017.0,1.0,F,Licensed,Merging,Left Rear Quarter Panel,Left Rear Quarter Panel,,,,N,,Unsafe Lane Changing,Driver Inattention/Distraction,,,"(40.82733, -73.8498)",0.0,0.0,0,0,0,0,0,0,Tractor Truck Diesel,Station Wagon/Sport Utility Vehicle,0
17554907,3637344,03/22/2017,17:23,873f8e36-9d21-4df4-95d1-f24814a875b7,Taxi,TOYT -CAR/SUV,2015.0,1.0,M,Licensed,Going Straight Ahead,Right Front Quarter Panel,Right Front Quarter Panel,Right Side Doors,,,N,,Unspecified,Unspecified,QUEENS,11355.0,"(40.746902, -73.834694)",0.0,0.0,0,0,0,0,0,0,Station Wagon/Sport Utility Vehicle,Taxi,0
17509617,3655905,04/21/2017,16:45,64ed9b49-198a-4323-be35-c6a8499a23ba,Station Wagon/Sport Utility Vehicle,FORD -CAR/SUV,2008.0,1.0,M,Licensed,Going Straight Ahead,Center Front End,Center Front End,Left Front Quarter Panel,,,N,,Following Too Closely,Unspecified,,,"(40.829327, -73.84741)",0.0,0.0,0,0,0,0,0,0,Sedan,Station Wagon/Sport Utility Vehicle,0
17586733,3666798,05/10/2017,10:45,a75716ff-529f-4558-a463-7dc59b79caf6,Garbage or Refuse,MACK-TRUCK/BUS,2012.0,1.0,M,Licensed,Making Left Turn,Left Rear Quarter Panel,No Damage,,,,N,,Passing or Lane Usage Improper,Unspecified,QUEENS,11354.0,,0.0,0.0,0,0,0,0,0,0,Tractor Truck Diesel,Garbage or Refuse,0
17128516,3617122,02/17/2017,11:35,6df9a2be-5ea0-4f66-99cd-cd8b245c1eb6,Station Wagon/Sport Utility Vehicle,TOYT -CAR/SUV,2016.0,1.0,M,Licensed,Stopped in Traffic,Center Front End,Center Front End,Center Back End,,,N,,Unspecified,Unspecified,,,"(40.63778, -74.01794)",0.0,0.0,0,0,0,0,0,0,Sedan,Station Wagon/Sport Utility Vehicle,0
17668834,3731337,08/03/2017,19:20,24f1979f-43f1-4b55-b861-c033f2e946b8,Van,ISU-TRUCK/BUS,2014.0,1.0,F,Licensed,Making Right Turn,Left Front Bumper,Center Front End,,,,N,,Passing or Lane Usage Improper,Following Too Closely,BROOKLYN,11207.0,"(40.677208, -73.89723)",0.0,0.0,0,0,0,0,0,0,Van,Sedan,0
17644334,3730735,08/12/2017,23:47,61015c89-f94b-4fec-b9c1-827674fbeb4a,Station Wagon/Sport Utility Vehicle,FORD -CAR/SUV,1999.0,1.0,,,Going Straight Ahead,Center Front End,Center Front End,No Damage,No Damage,No Damage,Unspecified,,Unspecified,Unspecified,,,,0.0,0.0,0,0,0,0,0,0,Station Wagon/Sport Utility Vehicle,,0
17827458,3762804,10/03/2017,14:30,370cd434-83d1-4397-a0cd-e66288147cdb,Box Truck,MACK-TRUCK/BUS,1995.0,1.0,M,Licensed,Making Right Turn,Right Rear Quarter Panel,No Damage,No Damage,No Damage,No Damage,N,,Passing Too Closely,Oversized Vehicle,MANHATTAN,10003.0,"(40.73321, -73.99112)",0.0,0.0,0,0,0,0,0,0,Sedan,Box Truck,0
17899177,3764536,10/05/2017,21:30,22d505ee-b4ff-4a76-b27a-84bc30ef5526,Taxi,TOYT -CAR/SUV,2014.0,1.0,M,Licensed,Going Straight Ahead,Center Front End,Center Front End,,,,N,,Driver Inattention/Distraction,Unspecified,MANHATTAN,10004.0,"(40.70509, -74.016464)",0.0,0.0,0,0,0,0,0,0,Taxi,Station Wagon/Sport Utility Vehicle,0
17507017,3660823,04/27/2017,17:45,afe9f918-ddec-4a0d-9f2f-774d2ea6ee07,Station Wagon/Sport Utility Vehicle,FORD -CAR/SUV,2012.0,1.0,M,Licensed,Merging,Left Rear Quarter Panel,Left Rear Quarter Panel,Left Side Doors,,,N,,Driver Inattention/Distraction,Driver Inattention/Distraction,,,"(40.769318, -73.8666)",0.0,0.0,0,0,0,0,0,0,Station Wagon/Sport Utility Vehicle,Station Wagon/Sport Utility Vehicle,0
17668666,3715871,07/21/2017,13:42,67aa7ebe-66e2-4904-a8e3-bea6d98a8e1e,Sedan,HOND -CAR/SUV,2006.0,1.0,M,Licensed,Going Straight Ahead,Left Rear Bumper,Center Back End,Right Rear Bumper,Left Rear Bumper,Left Rear Bumper,N,,Unspecified,Unspecified,,,"(40.742676, -73.73361)",0.0,0.0,0,0,0,0,0,0,Sedan,Station Wagon/Sport Utility Vehicle,0
17124780,3624660,02/25/2017,22:56,d19b366f-04cc-43a8-adc4-fdb1060c14d8,Sedan,TOYT -CAR/SUV,2012.0,1.0,M,Licensed,Making U Turn,Center Front End,No Damage,,,,N,,Failure to Yield Right-of-Way,Driver Inattention/Distraction,MANHATTAN,10002.0,"(40.723423, -73.99028)",0.0,0.0,0,0,0,0,0,0,Sedan,Sedan,0
17543553,3655643,04/22/2017,21:15,5ff3fc83-cc99-4fa8-8e03-fc7b12fd4e60,Sedan,HOND -CAR/SUV,2015.0,3.0,F,Licensed,Going Straight Ahead,Right Side Doors,Right Side Doors,Right Front Quarter Panel,Right Rear Quarter Panel,Left Side Doors,N,,Traffic Control Disregarded,Driver Inattention/Distraction,,,"(40.727432, -73.90713)",4.0,0.0,0,0,0,0,4,0,Sedan,Taxi,1
17867854,3770114,10/15/2017,14:05,c5d38c42-9fbe-4e9f-90db-59107295d086,Sedan,HOND -CAR/SUV,2010.0,4.0,F,Licensed,Going Straight Ahead,Left Front Bumper,Left Rear Quarter Panel,,,,N,,Failure to Yield Right-of-Way,Failure to Yield Right-of-Way,BROOKLYN,11221.0,"(40.697697, -73.93299)",0.0,0.0,0,0,0,0,0,0,Station Wagon/Sport Utility Vehicle,Sedan,0
17438719,3650745,04/14/2017,10:05,3b3dcf23-cbeb-4f46-aee0-3ba8380e9fdf,Sedan,DODG -CAR/SUV,2017.0,1.0,M,Licensed,Changing Lanes,Left Side Doors,Left Rear Quarter Panel,No Damage,No Damage,No Damage,N,,Unsafe Lane Changing,Unspecified,BROOKLYN,11238.0,"(40.67813, -73.94907)",0.0,0.0,0,0,0,0,0,0,Sedan,Sedan,0
17100673,3597484,01/13/2017,11:50,2b8450f6-2d3c-49b8-8aa6-60a72b344761,Sedan,INFI -CAR/SUV,2008.0,1.0,M,Unlicensed,Making Left Turn,Left Rear Quarter Panel,Left Rear Bumper,,,,N,,Passing Too Closely,Unspecified,QUEENS,11101.0,"(40.73695, -73.93131)",0.0,0.0,0,0,0,0,0,0,Pick-up Truck,Sedan,0
17673281,3735089,08/21/2017,10:35,7f12865d-27e8-4211-98ef-d8af89cb61f6,Flat Bed,MITS-TRUCK/BUS,2006.0,0.0,,,Parked,No Damage,No Damage,,,,N,,Unspecified,Unspecified,,,"(40.747833, -73.83301)",0.0,0.0,0,0,0,0,0,0,Station Wagon/Sport Utility Vehicle,Flat Bed,0
17427738,3691187,06/15/2017,07:07,81637b79-fe55-4391-947e-0113c6417881,PK,FORD-TRUCK/BUS,2010.0,2.0,M,Licensed,Slowing or Stopping,Left Rear Quarter Panel,Left Rear Quarter Panel,Left Rear Bumper,No Damage,,N,,Pedestrian/Bicyclist/Other Pedestrian Error/Confusion,View Obstructed/Limited,,,,0.0,0.0,0,0,0,0,0,0,PK,Bike,0
17076559,3592179,01/03/2017,17:15,1284935,Sedan,FORD -CAR/SUV,2007.0,2.0,M,Licensed,Going Straight Ahead,Left Rear Quarter Panel,Left Rear Bumper,,,,N,,Passing or Lane Usage Improper,Unspecified,BROOKLYN,11204.0,"(40.61384, -73.981445)",0.0,0.0,0,0,0,0,0,0,Sedan,Sedan,0
17808606,3789896,11/12/2017,13:40,d6289a23-5711-4c2d-85d2-2d52d2d1841f,Sedan,INFI -CAR/SUV,2007.0,0.0,,,Parked,Left Rear Bumper,Left Rear Bumper,No Damage,No Damage,No Damage,N,,Unspecified,Unspecified,QUEENS,11691.0,"(40.594765, -73.75125)",0.0,0.0,0,0,0,0,0,0,Sedan,Sedan,0
17658428,3727305,08/04/2017,15:30,0df9ca87-8e67-44b4-8a2a-7c07eb0f4cd8,Station Wagon/Sport Utility Vehicle,HYUN -CAR/SUV,2004.0,1.0,F,Licensed,Going Straight Ahead,Center Front End,Center Front End,Right Front Bumper,,,N,,Driver Inattention/Distraction,Following Too Closely,,,"(40.72752, -73.75879)",1.0,0.0,0,0,0,0,1,0,Pick-up Truck,Station Wagon/Sport Utility Vehicle,1
17591353,3696719,06/22/2017,18:15,d49b8e9e-ea22-40f4-8e8a-de608baa7708,Station Wagon/Sport Utility Vehicle,NISS -CAR/SUV,1997.0,1.0,F,Licensed,Going Straight Ahead,No Damage,No Damage,,,,N,,Unspecified,Following Too Closely,QUEENS,11413.0,"(40.682404, -73.75181)",0.0,0.0,0,0,0,0,0,0,Station Wagon/Sport Utility Vehicle,Sedan,0
17605982,3721928,07/30/2017,07:10,6a8bf994-a1dc-4546-9fcb-1d748534d0a6,Sedan,KIA -CAR/SUV,2012.0,1.0,M,Licensed,Going Straight Ahead,Center Front End,Center Front End,Left Front Bumper,Right Front Bumper,Left Front Quarter Panel,N,,Following Too Closely,Unspecified,,,"(40.670124, -73.95528)",1.0,0.0,0,0,0,0,1,0,Sedan,Station Wagon/Sport Utility Vehicle,1
17939192,3809901,12/15/2017,12:55,b60e2a76-ae5e-4f82-9ca6-6b23fa152792,Sedan,MERZ -CAR/SUV,2002.0,2.0,F,Licensed,Entering Parked Position,Left Front Bumper,Left Front Bumper,No Damage,No Damage,No Damage,N,,Driver Inattention/Distraction,Unspecified,BRONX,10467.0,"(40.881504, -73.879364)",0.0,0.0,0,0,0,0,0,0,Sedan,Station Wagon/Sport Utility Vehicle,0
17979945,3798485,11/27/2017,12:50,87d7945d-b05a-40f8-b8ea-b0352cb7315a,Station Wagon/Sport Utility Vehicle,JEEP -CAR/SUV,2015.0,1.0,,,Backing,Center Back End,No Damage,,,,N,,Backing Unsafely,Unspecified,QUEENS,11377.0,"(40.753006, -73.90983)",0.0,0.0,0,0,0,0,0,0,Station Wagon/Sport Utility Vehicle,Station Wagon/Sport Utility Vehicle,0
17970095,3799512,11/26/2017,21:10,dcbe44ab-9a8a-490f-b432-69d7582f31df,Sedan,MERZ -CAR/SUV,2011.0,2.0,M,Licensed,Going Straight Ahead,Center Front End,No Damage,,,,N,,Driver Inattention/Distraction,Following Too Closely,,,"(40.611095, -74.11467)",0.0,0.0,0,0,0,0,0,0,Sedan,Sedan,0
17558319,3695937,06/21/2017,13:00,35e3df43-7ad7-4472-b70e-8adb74b14d07,Station Wagon/Sport Utility Vehicle,MERZ -CAR/SUV,2004.0,1.0,M,Licensed,Making U Turn,Right Front Quarter Panel,Right Front Quarter Panel,Right Side Doors,No Damage,No Damage,N,,Turning Improperly,Unspecified,BRONX,10452.0,"(40.83988, -73.916794)",2.0,0.0,0,0,0,0,2,0,Sedan,Station Wagon/Sport Utility Vehicle,1