UNIQUE_ID,COLLISION_ID,CRASH_DATE,CRASH_TIME,VEHICLE_ID,VEHICLE_TYPE,VEHICLE_MAKE,VEHICLE_YEAR,VEHICLE_OCCUPANTS,DRIVER_SEX,DRIVER_LICENSE_STATUS,PRE_CRASH,POINT_OF_IMPACT,VEHICLE_DAMAGE,VEHICLE_DAMAGE_1,VEHICLE_DAMAGE_2,VEHICLE_DAMAGE_3,PUBLIC_PROPERTY_DAMAGE,PUBLIC_PROPERTY_DAMAGE_TYPE,CONTRIBUTING_FACTOR_1,CONTRIBUTING_FACTOR_2,BOROUGH,ZIP CODE,LOCATION,NUMBER OF PERSONS INJURED,NUMBER OF PERSONS KILLED,NUMBER OF PEDESTRIANS INJURED,NUMBER OF PEDESTRIANS KILLED,NUMBER OF CYCLIST INJURED,NUMBER OF CYCLIST KILLED,NUMBER OF MOTORIST INJURED,NUMBER OF MOTORIST KILLED,VEHICLE TYPE CODE 1,VEHICLE TYPE CODE 2,Severity
17515603,3660542,04/30/2017,19:30,f3486ce3-19fc-48e7-9d5c-6e97b528a8ed,Sedan,TOYT -CAR/SUV,2009.0,4.0,M,Licensed,Making Right Turn,Right Front Quarter Panel,Right Front Quarter Panel,Right Front Bumper,Center Front End,,N,,Driver Inattention/Distraction,Unspecified,BROOKLYN,11223.0,"(40.607258, -73.96727)",0.0,0.0,0,0,0,0,0,0,Sedan,Sedan,0
17490443,3657930,04/26/2017,12:30,47d0c2eb-cf9d-414c-9bfb-b19568e591e8,Sedan,HOND -CAR/SUV,2014.0,1.0,M,Licensed,Going Straight Ahead,Center Front End,Center Front End,Left Front Bumper,No Damage,No Damage,N,,Unspecified,Unspecified,BROOKLYN,11223.0,"(40.604294, -73.973206)",0.0,0.0,0,0,0,0,0,0,Sedan,Sedan,0
17928954,3752706,09/16/2017,14:40,f261fe22-b08f-474f-98c9-acace667b455,Sedan,HYUN -CAR/SUV,2015.0,3.0,F,Licensed,Going Straight Ahead,Left Front Bumper,Left Front Bumper,,,,N,,Unspecified,Unspecified,STATEN ISLAND,10305.0,"(40.579357, -74.08716)",0.0,0.0,0,0,0,0,0,0,Sedan,Sedan,0
17582005,3706228,07/06/2017,14:23,9169478c-72e8-4e8c-86eb-0e37a4153ca9,Sedan,MITS -CAR/SUV,2003.0,1.0,M,Licensed,Going Straight Ahead,Right Front Quarter Panel,Right Front Quarter Panel,Right Side Doors,Right Rear Quarter Panel,,N,,Driver Inattention/Distraction,Driver Inattention/Distraction,,,"(40.713135, -73.87528)",0.0,0.0,0,0,0,0,0,0,Sedan,Sedan,0
17091940,3603654,01/23/2017,10:30,1e6ff706-a132-46ac-a6d7-3646a70b8d39,Pick-up Truck,CHEV -CAR/SUV,2002.0,1.0,M,Unlicensed,Changing Lanes,Right Front Quarter Panel,Right Side Doors,Right Rear Quarter Panel,,,N,,Unsafe Lane Changing,Unspecified,,,"(40.68892, -73.99915)",0.0,0.0,0,0,0,0,0,0,Pick-up Truck,Station Wagon/Sport Utility Vehicle,0
19613222,3663927,05/04/2017,17:47,c0bd9023-9c41-4f8d-986f-698e2b8d9ff2,Sedan,TOYT -CAR/SUV,1998.0,0.0,,,Parked,Left Front Bumper,Left Side Doors,,,,N,,Unspecified,Unspecified,QUEENS,11432.0,"(40.708652, -73.795815)",0.0,0.0,0,0,0,0,0,0,Sedan,Sedan,0
17075112,3591582,01/02/2017,17:00,1280533,Sedan,TOYT -CAR/SUV,2003.0,1.0,M,Licensed,Making Left Turn,Left Front Bumper,Left Front Bumper,,,,N,,Driver Inattention/Distraction,Pavement Slippery,QUEENS,11423.0,"(40.719635, -73.76277)",0.0,0.0,0,0,0,0,0,0,Station Wagon/Sport Utility Vehicle,Sedan,0
17585693,3669722,05/14/2017,17:00,8ad69f95-8f10-40c2-96b8-cef6611a68e8,Station Wagon/Sport Utility Vehicle,TOYT -CAR/SUV,2004.0,1.0,M,Licensed,Going Straight Ahead,Center Front End,Right Front Bumper,Left Front Bumper,,,N,,Unspecified,Unspecified,QUEENS,11429.0,"(40.705353, -73.73218)",3.0,0.0,0,0,0,0,3,0,Sedan,Station Wagon/Sport Utility Vehicle,1
17914157,3809225,12/07/2017,08:00,dcb016a9-6c16-4076-a035-366ad78e0f7c,Sedan,BMW -CAR/SUV,2017.0,3.0,M,Licensed,Making Left Turn,Right Front Quarter Panel,Right Front Quarter Panel,,,,Unspecified,,Unspecified,Unspecified,MANHATTAN,10018.0,"(40.759514, -73.99926)",0.0,0.0,0,0,0,0,0,0,Sedan,Sedan,0
17073670,3592587,01/01/2017,03:00,1283762,Station Wagon/Sport Utility Vehicle,JEEP -CAR/SUV,2013.0,1.0,M,Licensed,Going Straight Ahead,Center Front End,Right Front Bumper,Right Front Quarter Panel,,,N,,Driver Inattention/Distraction,Driver Inexperience,MANHATTAN,10032.0,"(40.83089, -73.94348)",1.0,0.0,0,0,0,0,1,0,Taxi,Station Wagon/Sport Utility Vehicle,1
17853609,3777420,10/25/2017,16:16,6bb47434-a080-4d3a-802b-883724073b21,Sedan,NISS -CAR/SUV,2009.0,3.0,F,Licensed,Going Straight Ahead,Left Front Quarter Panel,Left Front Quarter Panel,Left Front Bumper,,,N,,Unspecified,Unspecified,,,"(40.542656, -74.21525)",4.0,0.0,0,0,0,0,4,0,Station Wagon/Sport Utility Vehicle,Sedan,1
17075019,3591795,01/03/2017,20:15,1285861,Sedan,ACUR -CAR/SUV,2007.0,0.0,,,Parked,Left Side Doors,Left Side Doors,,,,N,,Unspecified,Unspecified,,,"(40.78519, -73.94934)",0.0,0.0,0,0,0,0,0,0,Sedan,Sedan,0
17635699,3744453,09/05/2017,12:30,a6291136-fb9a-47d6-b664-f38f9977a56c,STREE,GLBEN,2016.0,1.0,M,Licensed,Avoiding Object in Roadway,Left Front Bumper,Left Front Bumper,,,,N,,Reaction to Uninvolved Vehicle,Unspecified,,,"(40.612007, -74.00889)",0.0,0.0,0,0,0,0,0,0,Station Wagon/Sport Utility Vehicle,Station Wagon/Sport Utility Vehicle,0
17111171,3608977,02/01/2017,22:30,312af2f7-a89e-4829-89f1-ec9d124922bb,Station Wagon/Sport Utility Vehicle,TOYT -CAR/SUV,2016.0,1.0,M,Licensed,Stopped in Traffic,Center Back End,Center Back End,,,,N,,Unspecified,Unspecified,,,"(40.71232, -73.96081)",0.0,0.0,0,0,0,0,0,0,Sedan,Station Wagon/Sport Utility Vehicle,0
17445072,3657547,04/25/2017,19:00,2505590e-e599-42c8-84e5-23bd7a19b2c5,Taxi,TOYT -CAR/SUV,2013.0,1.0,M,Licensed,Slowing or Stopping,Left Rear Bumper,Left Rear Bumper,Center Back End,,,N,,Unspecified,Unspecified,MANHATTAN,10023.0,"(40.773563, -73.97791)",0.0,0.0,0,0,0,0,0,0,Taxi,Taxi,0
17932131,3820722,12/31/2017,15:00,238ab9d0-e771-4457-b725-904a61739879,Station Wagon/Sport Utility Vehicle,CHEV -CAR/SUV,2016.0,1.0,M,Licensed,Merging,Center Front End,Center Front End,,,,N,,Passing or Lane Usage Improper,Following Too Closely,QUEENS,11375.0,"(40.7104, -73.83974)",0.0,0.0,0,0,0,0,0,0,Station Wagon/Sport Utility Vehicle,Station Wagon/Sport Utility Vehicle,0
17074073,3590639,01/01/2017,06:50,1275233,Station Wagon/Sport Utility Vehicle,FORD -CAR/SUV,2013.0,1.0,M,Licensed,Making U Turn,Left Front Bumper,Left Front Bumper,,,,N,,Driver Inattention/Distraction,Unspecified,QUEENS,11377.0,"(40.742817, -73.91567)",0.0,0.0,0,0,0,0,0,0,Station Wagon/Sport Utility Vehicle,Station Wagon/Sport Utility Vehicle,0
17598920,3726176,08/06/2017,01:00,92da80f5-a6e8-4739-a95e-625d03607ee6,Station Wagon/Sport Utility Vehicle,MERZ -CAR/SUV,2015.0,1.0,M,Licensed,Going Straight Ahead,Center Front End,Center Front End,,,,N,,Following Too Closely,Driver Inattention/Distraction,MANHATTAN,10011.0,"(40.73636, -73.99449)",1.0,0.0,0,0,0,0,1,0,Station Wagon/Sport Utility Vehicle,Taxi,1
17977404,3816559,12/23/2017,23:33,038965ec-9b53-4b5f-887b-ff800acd05c3,Sedan,MERZ -CAR/SUV,2018.0,3.0,M,Licensed,Going Straight Ahead,Right Front Bumper,Right Front Bumper,Center Front End,,,N,,Traffic Control Disregarded,Failure to Yield Right-of-Way,,,,1.0,0.0,0,0,0,0,1,0,Sedan,Sedan,1
17665339,3739692,08/29/2017,08:15,916c9f66-4573-4243-8323-cb6d4616d73b,Station Wagon/Sport Utility Vehicle,TOYT -CAR/SUV,2008.0,1.0,F,Licensed,Changing Lanes,Right Front Quarter Panel,Right Front Quarter Panel,Right Side Doors,Right Rear Quarter Panel,,N,,Unsafe Lane Changing,Unspecified,,,"(40.786545, -73.95256)",0.0,0.0,0,0,0,0,0,0,Station Wagon/Sport Utility Vehicle,Sedan,0
17950719,3753475,09/18/2017,11:50,0c161918-7d91-4a86-bff4-1e1f09aa8286,Sedan,TOYT -CAR/SUV,2014.0,1.0,M,Licensed,Going Straight Ahead,Left Rear Quarter Panel,Left Rear Quarter Panel,Center Back End,,,N,,Driver Inattention/Distraction,Unspecified,,,"(40.746075, -73.92842)",1.0,0.0,0,0,0,0,1,0,Station Wagon/Sport Utility Vehicle,Sedan,1
17462805,3667205,05/09/2017,11:58,eb35acf1-db40-4e43-bfae-52812c444a5a,Sedan,LEXS -CAR/SUV,2016.0,0.0,,,Parked,Right Side Doors,Right Side Doors,Right Side Doors,Right Side Doors,Right Side Doors,N,,Unspecified,Unspecified,STATEN ISLAND,10309.0,"(40.542603, -74.20835)",0.0,0.0,0,0,0,0,0,0,Station Wagon/Sport Utility Vehicle,Sedan,0
17967259,3820113,12/20/2017,13:30,4683606e-089b-48f9-8396-9ed5cad683ee,Sedan,HOND -CAR/SUV,2015.0,1.0,,,Going Straight Ahead,,,,,,N,,Driver Inattention/Distraction,Driver Inattention/Distraction,,,,0.0,0.0,0,0,0,0,0,0,Sedan,Sedan,0
17562006,3687847,06/10/2017,00:32,dda08bc2-928d-4cb1-9503-7d58ab2790a9,Station Wagon/Sport Utility Vehicle,FORD -CAR/SUV,2012.0,6.0,M,Licensed,Going Straight Ahead,Right Front Quarter Panel,Right Front Quarter Panel,Right Side Doors,,,N,,Passing or Lane Usage Improper,Unspecified,,,"(40.817734, -73.8047)",0.0,0.0,0,0,0,0,0,0,Station Wagon/Sport Utility Vehicle,Sedan,0
17142195,3617837,02/18/2017,08:00,bcc5762d-bd3c-40bb-938e-f2ecc520c059,Station Wagon/Sport Utility Vehicle,AUDI -CAR/SUV,2015.0,0.0,M,Licensed,Parked,Left Front Bumper,Left Front Bumper,Center Front End,Left Front Quarter Panel,Center Back End,N,,Unspecified,Unspecified,,,"(40.79074, -73.84273)",0.0,0.0,0,0,0,0,0,0,Station Wagon/Sport Utility Vehicle,Station Wagon/Sport Utility Vehicle,0
17619414,3711238,07/14/2017,16:15,5796a7de-f251-4f84-9756-dbfe694c0b14,Bus,nova,2011.0,0.0,,,Parked,Left Rear Bumper,Left Rear Bumper,No Damage,No Damage,No Damage,N,,Unspecified,Unspecified,QUEENS,11432.0,"(40.707203, -73.79488)",0.0,0.0,0,0,0,0,0,0,Sedan,Bus,0
17528977,3662722,05/03/2017,14:44,f56deb79-bacb-4c7c-ab35-3e64edcc0818,Pick-up Truck,FORD -CAR/SUV,2015.0,2.0,M,Licensed,Going Straight Ahead,Right Side Doors,Right Side Doors,,,,N,,Unspecified,Unspecified,QUEENS,11434.0,"(40.68701, -73.774864)",0.0,0.0,0,0,0,0,0,0,Pick-up Truck,Pick-up Truck,0
17694879,3837043,01/29/2017,18:40,e8e7771e-4add-4284-8dc5-8b776ad8c5dc,Tractor Truck Diesel,FRHT-TRUCK/BUS,2018.0,2.0,M,Licensed,Making Right Turn,Trailer,No Damage,,,,N,,Driver Inexperience,Passing Too Closely,BROOKLYN,11201.0,"(40.69119, -73.9978)",0.0,0.0,0,0,0,0,0,0,Tractor Truck Diesel,Sedan,0
17968576,3808411,12/08/2017,13:00,177279d0-c6c1-4573-ab25-5c6da481bdf7,Sedan,BMW -CAR/SUV,2014.0,0.0,,,Parked,Left Front Bumper,Left Front Quarter Panel,Left Side Doors,,,N,,Unspecified,Unspecified,,,,0.0,0.0,0,0,0,0,0,0,Sedan,,0
17074411,3590567,01/01/2017,21:00,1277961,Sedan,LNDR -CAR/SUV,2008.0,1.0,M,Licensed,Going Straight Ahead,Center Front End,No Damage,No Damage,No Damage,No Damage,N,,Driver Inattention/Distraction,Unspecified,MANHATTAN,10016.0,"(40.746677, -73.98041)",1.0,0.0,0,0,0,0,1,0,Sedan,Sedan,1
17658313,3737291,08/24/2017,16:00,d9af3cb6-7b99-43fe-ba80-eec27ae0dfb0,Station Wagon/Sport Utility Vehicle,HOND -CAR/SUV,2004.0,3.0,F,Licensed,Going Straight Ahead,Left Front Quarter Panel,Left Front Quarter Panel,Left Side Doors,Left Rear Quarter Panel,,N,,Unspecified,Unspecified,QUEENS,11420.0,"(40.678795, -73.80632)",0.0,0.0,0,0,0,0,0,0,Station Wagon/Sport Utility Vehicle,Sedan,0
17968167,3793085,11/19/2017,16:20,128affdb-48d2-41a6-a207-2f8cb7621ac5,Station Wagon/Sport Utility Vehicle,LEXS -CAR/SUV,2010.0,1.0,M,Licensed,Going Straight Ahead,Center Front End,Center Front End,Left Front Bumper,Right Front Bumper,,N,,Unspecified,Unspecified,STATEN ISLAND,10306.0,"(40.56443, -74.12674)",0.0,0.0,0,0,0,0,0,0,Sedan,Station Wagon/Sport Utility Vehicle,0
17607449,3727728,08/08/2017,05:50,9ad0a896-f11f-4e37-8cc2-881448d52ae3,Sedan,NISS -CAR/SUV,2004.0,1.0,F,Licensed,Going Straight Ahead,Left Front Bumper,Center Front End,Right Front Bumper,,,N,,Following Too Closely,Driver Inattention/Distraction,,,,0.0,0.0,0,0,0,0,0,0,Sedan,Station Wagon/Sport Utility Vehicle,0
17583388,3658981,04/28/2017,09:00,4c389218-f660-4bd7-bc03-a5deab17dc8b,Station Wagon/Sport Utility Vehicle,HOND -CAR/SUV,2011.0,1.0,F,Licensed,Going Straight Ahead,Left Side Doors,Left Rear Quarter Panel,Left Rear Bumper,,,N,,Unspecified,Unspecified,QUEENS,11355.0,"(40.75361, -73.83398)",0.0,0.0,0,0,0,0,0,0,Station Wagon/Sport Utility Vehicle,Station Wagon/Sport Utility Vehicle,0
17075733,3590988,01/02/2017,13:30,1279715,Sedan,CHEV -CAR/SUV,2003.0,1.0,F,Licensed,Slowing or Stopping,Center Front End,Center Front End,Left Front Bumper,Right Front Bumper,,N,,Following Too Closely,Pavement Slippery,,,"(40.717014, -73.82971)",0.0,0.0,0,0,0,0,0,0,Station Wagon/Sport Utility Vehicle,Sedan,0
17656149,3711411,07/15/2017,08:45,e8460b9a-4128-4d30-941e-12cc4e4d1f4e,Sedan,FORD -CAR/SUV,2009.0,3.0,M,Licensed,Making Left Turn,Right Front Bumper,Right Front Bumper,,,,N,,Driver Inattention/Distraction,Unspecified,QUEENS,11377.0,"(40.74273, -73.91499)",0.0,0.0,0,0,0,0,0,0,Sedan,Sedan,0
17616204,3719693,07/25/2017,16:00,bf8c9eda-b6da-4935-9eef-aea579d6dbe0,Sedan,NISS -CAR/SUV,2015.0,1.0,M,Licensed,Going Straight Ahead,Left Side Doors,Left Side Doors,,,,N,,Unspecified,Unspecified,BROOKLYN,11234.0,"(40.610237, -73.921844)",0.0,0.0,0,0,0,0,0,0,Sedan,Sedan,0
17561404,3698114,06/24/2017,11:45,04f6025f-f5ab-408c-89df-8e3722b8fcbb,Bus,IC,2016.0,1.0,M,Licensed,Making Right Turn,Right Front Quarter Panel,Right Front Quarter Panel,Right Side Doors,,,N,,Driver Inattention/Distraction,Unspecified,MANHATTAN,10001.0,"(40.7494, -73.99178)",0.0,0.0,0,0,0,0,0,0,Bus,Station Wagon/Sport Utility Vehicle,0
17507563,3663511,05/03/2017,00:49,87f6b043-08db-4e10-9a5c-4ba2b5d23e49,Sedan,TOYT -CAR/SUV,2017.0,1.0,M,Licensed,Merging,Left Front Quarter Panel,Left Front Quarter Panel,,,,N,,Passing or Lane Usage Improper,Unspecified,,,"(40.762226, -73.96819)",1.0,0.0,0,0,0,0,1,0,Sedan,Pick-up Truck,1
17447834,3628341,03/08/2017,18:15,06d23b42-069a-4e60-a42b-02db16a1fdaa,Station Wagon/Sport Utility Vehicle,FORD -CAR/SUV,2003.0,2.0,M,Licensed,Making Left Turn,Right Front Quarter Panel,Right Front Quarter Panel,Right Side Doors,Right Rear Quarter Panel,,N,,Failure to Yield Right-of-Way,Driver Inattention/Distraction,,,"(40.72293, -73.847336)",1.0,0.0,0,0,0,0,1,0,Sedan,Station Wagon/Sport Utility Vehicle,1
17653326,3735487,08/16/2017,12:07,b348b41e-356f-4edc-a001-73924660a44e,Station Wagon/Sport Utility Vehicle,DODG -CAR/SUV,2005.0,1.0,M,Licensed,Starting from Parking,Left Front Bumper,Left Front Bumper,,,,N,,Driver Inattention/Distraction,Driver Inattention/Distraction,BRONX,10461.0,"(40.836792, -73.84669)",0.0,0.0,0,0,0,0,0,0,Sedan,Station Wagon/Sport Utility Vehicle,0
17088310,3616621,02/14/2017,10:40,ecca543e-ed60-46f3-b891-31204ff47cb2,fedx,fedx truck,2007.0,0.0,,,Parked,Right Front Bumper,Right Front Bumper,,,,N,,Unspecified,Unspecified,MANHATTAN,10026.0,"(40.799366, -73.95331)",0.0,0.0,0,0,0,0,0,0,fedx,pick,0
17867047,3752525,09/17/2017,01:30,81c9ed1d-ac05-48ca-8e6d-08fb900f694a,Sedan,TOYT -CAR/SUV,2016.0,1.0,M,Licensed,Going Straight Ahead,Right Front Bumper,Right Front Bumper,Right Front Quarter Panel,,,N,,Following Too Closely,Unspecified,MANHATTAN,10002.0,"(40.72284, -73.99145)",0.0,0.0,0,0,0,0,0,0,Sedan,Sedan,0
17481883,3656015,04/15/2017,00:33,3feda7b1-beb5-491a-8e23-935f55ac10e0,Sedan,CHEV -CAR/SUV,2013.0,0.0,,,Parked,Left Front Bumper,No Damage,No Damage,No Damage,No Damage,N,,View Obstructed/Limited,Unspecified,MANHATTAN,10006.0,"(40.710114, -74.012665)",0.0,0.0,0,0,0,0,0,0,Sedan,,0
17076928,3591855,01/02/2017,22:55,1285648,Station Wagon/Sport Utility Vehicle,FORD -CAR/SUV,2003.0,0.0,,,Parked,Right Rear Quarter Panel,Right Rear Quarter Panel,Right Rear Bumper,,,N,,Unspecified,Unspecified,QUEENS,11106.0,"(40.761745, -73.92226)",0.0,0.0,0,0,0,0,0,0,Sedan,Station Wagon/Sport Utility Vehicle,0
17939076,3806600,12/07/2017,00:30,6b7859c6-47f8-4933-98cb-9e0a22a0c5a8,Station Wagon/Sport Utility Vehicle,MERZ -CAR/SUV,2011.0,0.0,M,,Parked,Left Front Quarter Panel,Left Front Quarter Panel,,,,N,,Other Vehicular,Unspecified,BRONX,10456.0,"(40.838528, -73.91)",0.0,0.0,0,0,0,0,0,0,Station Wagon/Sport Utility Vehicle,,0
17645062,3713987,07/17/2017,18:25,3615249f-e3c1-4c08-9197-1fc533fe5076,Sedan,MERZ -CAR/SUV,2015.0,1.0,M,Licensed,,Center Front End,Center Front End,Right Front Bumper,Left Front Bumper,,N,,Following Too Closely,Unsafe Speed,STATEN ISLAND,10306.0,,0.0,0.0,0,0,0,0,0,0,Station Wagon/Sport Utility Vehicle,Sedan,0
17074067,3590061,01/01/2017,05:00,1275131,Sedan,HOND -CAR/SUV,1997.0,,,,,Left Front Bumper,Left Front Bumper,Right Front Bumper,Right Front Bumper,,N,,Unspecified,Unspecified,,,,0.0,0.0,0,0,0,0,0,0,Sedan,,0
17888662,3786686,11/09/2017,08:13,3864d141-74fc-4c4f-92d0-74aa9e588145,Sedan,NISS -CAR/SUV,2010.0,1.0,M,Licensed,Starting from Parking,Left Front Bumper,Left Front Bumper,,,,Unspecified,,Unspecified,Unspecified,MANHATTAN,10035.0,"(40.80124, -73.94183)",0.0,0.0,0,0,0,0,0,0,Sedan,Bus,0
17494909,3651628,04/13/2017,00:00,36e94434-f3fe-4dce-a8c9-6b475293a8ea,Sedan,VOLK -CAR/SUV,2015.0,0.0,,,Parked,Left Side Doors,Left Rear Quarter Panel,Left Front Bumper,Center Back End,Left Side Doors,N,,Unspecified,Unspecified,,,"(40.60022, -74.16755)",0.0,0.0,0,0,0,0,0,0,Station Wagon/Sport Utility Vehicle,Sedan,0
17119709,3618279,02/17/2017,08:45,82dcf40b-bd1d-4589-b907-dfabee27c06b,Sedan,FORD -CAR/SUV,2012.0,1.0,M,Licensed,Going Straight Ahead,Center Back End,Center Back End,,,,N,,Unspecified,Unspecified,STATEN ISLAND,10301.0,"(40.615185, -74.10258)",0.0,0.0,0,0,0,0,0,0,Sedan,Sedan,0
17654575,3712550,07/15/2017,02:30,f1447bdf-99b4-452e-b9bf-78d472d3727a,Sedan,TOYT -CAR/SUV,2015.0,3.0,M,Licensed,Stopped in Traffic,Center Back End,Center Back End,No Damage,No Damage,No Damage,N,,Unspecified,Unspecified,,,"(40.78085, -73.96093)",0.0,0.0,0,0,0,0,0,0,Sedan,Station Wagon/Sport Utility Vehicle,0
17986120,3764726,10/07/2017,15:00,17d7452c-53d6-4ca0-904a-e3f52ed3c327,Sedan,DODG -CAR/SUV,2006.0,2.0,M,Licensed,Slowing or Stopping,Center Front End,Center Front End,Right Front Bumper,Left Front Bumper,,Unspecified,,Following Too Closely,Unspecified,QUEENS,11422.0,"(40.63989, -73.74272)",0.0,0.0,0,0,0,0,0,0,Sedan,Sedan,0
17947879,3809635,12/13/2017,13:00,7645f4b7-4663-4d26-bcfa-21117a167f7a,Station Wagon/Sport Utility Vehicle,LINC -CAR/SUV,2010.0,2.0,F,Licensed,Starting in Traffic,Center Back End,Center Back End,No Damage,No Damage,No Damage,N,,Unspecified,Unspecified,BROOKLYN,11226.0,"(40.650528, -73.95583)",0.0,0.0,0,0,0,0,0,0,Station Wagon/Sport Utility Vehicle,Bus,0
17985637,3750143,09/14/2017,16:10,d8c3f619-0475-40a6-b1b5-efad894523c6,Pick-up Truck,DODG -CAR/SUV,2014.0,1.0,M,Licensed,Going Straight Ahead,Center Front End,Center Front End,,,,Unspecified,,Following Too Closely,Unspecified,,,"(40.776905, -73.84623)",0.0,0.0,0,0,0,0,0,0,Pick-up Truck,Station Wagon/Sport Utility Vehicle,0
17578665,3666278,05/08/2017,23:30,fc5c3157-43d3-4b19-9e29-dcc7332e10f3,Station Wagon/Sport Utility Vehicle,FORD -CAR/SUV,2009.0,0.0,,,Parked,Center Back End,Center Back End,,,,N,,Unspecified,Unspecified,BROOKLYN,11207.0,"(40.66322, -73.893654)",8.0,0.0,0,0,0,0,8,0,Ambulance,Station Wagon/Sport Utility Vehicle,1
17515598,3684695,06/05/2017,09:00,177c9d57-d5c9-4931-94b8-6ab047940a95,Station Wagon/Sport Utility Vehicle,JEEP -CAR/SUV,2017.0,0.0,,,Parked,Left Front Bumper,Left Front Bumper,,,,N,,Other Vehicular,Unspecified,BRONX,10462.0,"(40.848698, -73.86547)",0.0,0.0,0,0,0,0,0,0,Station Wagon/Sport Utility Vehicle,,0
17543389,3672491,05/16/2017,21:50,a8293c2f-2145-4803-80f2-e3afe78edcdc,Sedan,BMW -CAR/SUV,2012.0,1.0,M,Licensed,Changing Lanes,Left Front Bumper,Left Front Bumper,Left Front Quarter Panel,Right Rear Quarter Panel,Right Side Doors,N,,Following Too Closely,Unsafe Lane Changing,,,"(40.66345, -73.84747)",0.0,0.0,0,0,0,0,0,0,Sedan,Sedan,0
17449205,3682582,06/02/2017,12:59,be1450d5-90d8-4bf7-bfea-cf592061c0af,Sedan,DODG -CAR/SUV,2003.0,1.0,M,Licensed,Going Straight Ahead,Right Rear Quarter Panel,Right Rear Quarter Panel,No Damage,No Damage,No Damage,N,,Unspecified,Unspecified,BROOKLYN,11221.0,"(40.69012, -73.92318)",0.0,0.0,0,0,0,0,0,0,Sedan,Sedan,0
17887617,3790093,11/14/2017,09:45,91d9fad0-6d99-4cb2-a89a-69e73dde63f5,Sedan,TOYT -CAR/SUV,2015.0,1.0,F,Licensed,Going Straight Ahead,Right Rear Bumper,Right Rear Quarter Panel,,,,N,,Unspecified,Unspecified,STATEN ISLAND,10304.0,"(40.616623, -74.08479)",0.0,0.0,0,0,0,0,0,0,Sedan,Sedan,0
17832014,3771080,10/16/2017,18:20,31551c70-bb2e-4c7d-a6cc-6dd098bfa793,Bus,INTL-TRUCK/BUS,2008.0,1.0,M,Licensed,Backing,Center Back End,Center Back End,,,,N,,Backing Unsafely,Driver Inattention/Distraction,,,"(40.79225, -73.95259)",0.0,0.0,0,0,0,0,0,0,Bus,Station Wagon/Sport Utility Vehicle,0
17850962,3751849,09/16/2017,21:20,81cc86c5-bc7b-4c55-aed1-3beda65f6823,Pick-up Truck,FORD -CAR/SUV,2007.0,2.0,F,Licensed,Going Straight Ahead,Left Front Quarter Panel,Left Front Quarter Panel,,,,N,,Unspecified,Unspecified,BRONX,10463.0,"(40.87664, -73.90139)",0.0,0.0,0,0,0,0,0,0,Sedan,Pick-up Truck,0
17491095,3656664,04/24/2017,17:45,fe4c673f-91f3-4f74-ad89-67c15892bee9,Station Wagon/Sport Utility Vehicle,BMW -CAR/SUV,2014.0,1.0,F,Licensed,Going Straight Ahead,Left Front Quarter Panel,Left Front Quarter Panel,,,,N,,Driver Inattention/Distraction,Unspecified,,,"(40.71523, -74.01334)",0.0,0.0,0,0,0,0,0,0,Station Wagon/Sport Utility Vehicle,Station Wagon/Sport Utility Vehicle,0
17952938,3814185,12/20/2017,11:30,c19203e1-8bdb-43b5-a60a-0b17c5429526,Station Wagon/Sport Utility Vehicle,NISS -CAR/SUV,2006.0,1.0,M,Licensed,Making Left Turn,Left Front Bumper,Center Front End,Right Front Bumper,,,N,,Driver Inexperience,Failure to Yield Right-of-Way,QUEENS,11369.0,"(40.76121, -73.86034)",0.0,0.0,0,0,0,0,0,0,Station Wagon/Sport Utility Vehicle,Station Wagon/Sport Utility Vehicle,0
17931426,3813680,12/21/2017,12:00,4b12cc2a-1535-4417-8d91-f255c788f6bf,Sedan,TOYT -CAR/SUV,2016.0,1.0,F,Licensed,Making Right Turn,Center Front End,Center Front End,No Damage,No Damage,No Damage,N,,Driver Inattention/Distraction,Unspecified,BROOKLYN,11214.0,"(40.60416, -73.99752)",1.0,0.0,0,0,1,0,0,0,Sedan,Bike,1
17656258,3732956,08/18/2017,06:30,df8ea90f-9f5e-4132-acf4-64468691d9bd,Sedan,TOYT -CAR/SUV,2016.0,3.0,F,Licensed,Starting from Parking,Left Front Bumper,Left Front Bumper,Center Front End,Left Front Quarter Panel,,N,,Failure to Yield Right-of-Way,Unspecified,QUEENS,11420.0,"(40.67252, -73.8106)",0.0,0.0,0,0,0,0,0,0,Sedan,Sedan,0
17521194,3633563,03/17/2017,08:36,d4325957-f733-447f-8def-c4bc5cbde245,Station Wagon/Sport Utility Vehicle,FORD -CAR/SUV,1992.0,0.0,,,Parked,Other,Other,,,,N,,Unspecified,Unspecified,BROOKLYN,11207.0,"(40.66371, -73.89765)",0.0,0.0,0,0,0,0,0,0,Station Wagon/Sport Utility Vehicle,Station Wagon/Sport Utility Vehicle,0
17123187,3605229,01/27/2017,20:45,05d623e6-2138-41bc-9a8a-720cc07fc23d,Sedan,DODG -CAR/SUV,2016.0,2.0,M,Licensed,Making Right Turn,Left Rear Quarter Panel,Left Rear Quarter Panel,Left Side Doors,,,N,,Failure to Yield Right-of-Way,Unspecified,QUEENS,11377.0,"(40.748383, -73.90514)",1.0,0.0,0,0,0,0,1,0,Station Wagon/Sport Utility Vehicle,Sedan,1