UNIQUE_ID,COLLISION_ID,CRASH_DATE,CRASH_TIME,VEHICLE_ID,VEHICLE_TYPE,VEHICLE_MAKE,VEHICLE_YEAR,VEHICLE_OCCUPANTS,DRIVER_SEX,DRIVER_LICENSE_STATUS,PRE_CRASH,POINT_OF_IMPACT,VEHICLE_DAMAGE,VEHICLE_DAMAGE_1,VEHICLE_DAMAGE_2,VEHICLE_DAMAGE_3,PUBLIC_PROPERTY_DAMAGE,PUBLIC_PROPERTY_DAMAGE_TYPE,CONTRIBUTING_FACTOR_1,CONTRIBUTING_FACTOR_2,BOROUGH,ZIP CODE,LOCATION,NUMBER OF PERSONS INJURED,NUMBER OF PERSONS KILLED,NUMBER OF PEDESTRIANS INJURED,NUMBER OF PEDESTRIANS KILLED,NUMBER OF CYCLIST INJURED,NUMBER OF CYCLIST KILLED,NUMBER OF MOTORIST INJURED,NUMBER OF MOTORIST KILLED,VEHICLE TYPE CODE 1,VEHICLE TYPE CODE 2,Severity
17915529,3795747,11/22/2017,10:00,5f322e75-fc8c-45d3-94fa-ab08baa15caa,Station Wagon/Sport Utility Vehicle,MERZ -CAR/SUV,2016.0,0.0,,,Parked,Other,Other,,,,Unspecified,,Unspecified,Unspecified,BROOKLYN,11214.0,"(40.6046, -73.99661)",0.0,0.0,0,0,0,0,0,0,Pick-up Truck,Station Wagon/Sport Utility Vehicle,0
17921669,3799447,11/28/2017,17:57,c6d32fac-a762-40bc-b10d-9bc187082817,Sedan,BMW -CAR/SUV,2011.0,0.0,F,Licensed,Parked,Center Back End,Center Back End,No Damage,No Damage,No Damage,N,,Unspecified,Unspecified,BROOKLYN,11201.0,"(40.693455, -73.996864)",0.0,0.0,0,0,0,0,0,0,Station Wagon/Sport Utility Vehicle,Sedan,0
17578082,3707178,07/04/2017,13:10,eaffc240-b4e3-4df0-a270-2706527f3d4c,Sedan,HOND -CAR/SUV,2011.0,5.0,M,Licensed,Going Straight Ahead,Right Front Bumper,Right Front Quarter Panel,Right Front Bumper,,,N,,Unspecified,Unspecified,,,"(40.85162, -73.82653)",0.0,0.0,0,0,0,0,0,0,Sedan,Station Wagon/Sport Utility Vehicle,0
19720237,3766329,10/09/2017,14:37,3e4685af-9a37-4fe2-8476-d0d590cbc914,Station Wagon/Sport Utility Vehicle,MAZD -CAR/SUV,2017.0,1.0,F,,Starting from Parking,Left Front Quarter Panel,Left Front Quarter Panel,,,,N,,Failure to Yield Right-of-Way,Unspecified,BROOKLYN,11218.0,"(40.638157, -73.97284)",0.0,0.0,0,0,0,0,0,0,Station Wagon/Sport Utility Vehicle,Station Wagon/Sport Utility Vehicle,0
17099243,3607278,01/30/2017,20:53,1635ebd6-1114-4527-81ff-2e4dd024f9d1,Box Truck,MITS-TRUCK/BUS,2010.0,1.0,M,Licensed,Starting from Parking,No Damage,No Damage,No Damage,No Damage,No Damage,N,,Oversized Vehicle,Unspecified,BROOKLYN,11215.0,"(40.672173, -73.977196)",0.0,0.0,0,0,0,0,0,0,Box Truck,Sedan,0
17881276,3751360,08/31/2017,13:15,a051a926-36ec-4322-9547-a5c5762b47b5,Station Wagon/Sport Utility Vehicle,TOYT -CAR/SUV,2005.0,0.0,,,Parked,Left Rear Quarter Panel,Left Rear Quarter Panel,Left Side Doors,No Damage,No Damage,N,,Unspecified,Unspecified,,,"(40.87255, -73.889755)",0.0,0.0,0,0,0,0,0,0,Station Wagon/Sport Utility Vehicle,Box Truck,0
17917543,3795958,11/22/2017,23:10,31b1069a-95fe-40f6-849b-6029d82f16b5,Sedan,NISS -CAR/SUV,2016.0,1.0,M,Licensed,Going Straight Ahead,Right Side Doors,Right Side Doors,,,,N,,Unspecified,Unspecified,BROOKLYN,11219.0,"(40.630894, -73.992836)",0.0,0.0,0,0,0,0,0,0,Sedan,,0
17547464,3684829,06/05/2017,16:17,bd23974b-701a-49e4-8187-902e6f1960f4,Sedan,NISS -CAR/SUV,2013.0,3.0,M,Licensed,Parked,Right Front Bumper,Right Front Bumper,Right Front Quarter Panel,Center Front End,,N,,Unspecified,Unspecified,BROOKLYN,11230.0,"(40.611942, -73.961716)",0.0,0.0,0,0,0,0,0,0,Station Wagon/Sport Utility Vehicle,Sedan,0
17582820,3692976,06/18/2017,18:00,296efa31-02df-43ac-b940-787470c391d6,Sedan,BUIC -CAR/SUV,1996.0,1.0,F,Licensed,Stopped in Traffic,Center Back End,Center Back End,,,,N,,Unspecified,Unspecified,,,"(40.73783, -73.9357)",1.0,0.0,0,0,0,0,1,0,Sedan,Station Wagon/Sport Utility Vehicle,1
17874848,3761992,10/02/2017,12:15,ed1e81fb-7773-4607-ae4a-bff00552fd80,Sedan,NISS -CAR/SUV,2017.0,0.0,M,Licensed,Parked,Right Front Bumper,Right Front Bumper,Right Front Quarter Panel,Right Front Bumper,No Damage,N,,Unspecified,Unspecified,BROOKLYN,11222.0,"(40.729023, -73.942215)",0.0,0.0,0,0,0,0,0,0,Sedan,,0
17938042,3817644,12/06/2017,06:55,b97da7ed-83b6-4b78-87a0-9e1911215f0b,Tractor Truck Diesel,VOLV -TRUCK/BUS,2005.0,0.0,M,Licensed,Parked,Left Side Doors,Left Side Doors,,,,N,,Unspecified,Unspecified,,,"(40.82839, -73.916916)",0.0,0.0,0,0,0,0,0,0,Station Wagon/Sport Utility Vehicle,Station Wagon/Sport Utility Vehicle,0
17961546,3786394,11/08/2017,16:30,f34e15e2-083d-4cb1-8aab-fc26d4f51953,Station Wagon/Sport Utility Vehicle,CHEV -CAR/SUV,2015.0,1.0,M,Licensed,Going Straight Ahead,Left Rear Bumper,Left Rear Bumper,Left Rear Quarter Panel,Left Front Quarter Panel,,Unspecified,,Unspecified,Unspecified,,,"(40.759914, -73.75207)",0.0,0.0,0,0,0,0,0,0,Station Wagon/Sport Utility Vehicle,Station Wagon/Sport Utility Vehicle,0
17651787,3730295,08/12/2017,03:40,1671480b-f57c-4191-8a3b-c12af86d9e02,Station Wagon/Sport Utility Vehicle,JEEP -CAR/SUV,2000.0,0.0,,,,Center Front End,Center Front End,Left Front Bumper,Right Front Bumper,,N,,Unspecified,Unspecified,BRONX,10461.0,"(40.847332, -73.831375)",2.0,0.0,0,0,0,0,2,0,Station Wagon/Sport Utility Vehicle,Station Wagon/Sport Utility Vehicle,1
17648107,3743825,08/31/2017,13:30,e9b0ebc6-a865-4786-9460-8f4a3c18d44d,Sedan,FORD -CAR/SUV,2017.0,1.0,F,Licensed,Making U Turn,Left Rear Quarter Panel,Left Rear Quarter Panel,No Damage,No Damage,No Damage,N,,Passing or Lane Usage Improper,Unspecified,QUEENS,11369.0,"(40.768738, -73.870415)",1.0,0.0,0,0,0,0,1,0,Sedan,Sedan,1
17892572,3776779,10/23/2017,12:30,d8062c4d-4a75-4ae3-b6d2-b9250be199fe,Sedan,LINC -CAR/SUV,2003.0,0.0,,,Parked,Right Front Quarter Panel,Right Front Quarter Panel,Roof,,,Unspecified,,Obstruction/Debris,Unspecified,,,"(40.744007, -73.99943)",0.0,0.0,0,0,0,0,0,0,Sedan,,0
17567332,3706196,06/07/2017,00:30,505f54aa-430d-4e0d-8ce9-0b40a63508ed,Sedan,NISS -CAR/SUV,2016.0,1.0,M,Licensed,Changing Lanes,Left Rear Bumper,Left Rear Bumper,Left Rear Bumper,Left Rear Bumper,Left Rear Bumper,N,,Other Vehicular,Unspecified,MANHATTAN,10019.0,"(40.764904, -73.97446)",0.0,0.0,0,0,0,0,0,0,Sedan,COM,0
17969583,3814372,12/19/2017,19:00,b00b8236-da5d-477c-971d-019725b70bbb,Sedan,BMW -CAR/SUV,2005.0,1.0,F,Licensed,Going Straight Ahead,Center Front End,Center Front End,Left Front Bumper,Right Front Bumper,No Damage,N,,Following Too Closely,Unsafe Speed,,,"(40.87507, -73.87102)",0.0,0.0,0,0,0,0,0,0,Sedan,Sedan,0
17119739,3609103,02/03/2017,11:26,dad37d10-b9dc-4d78-943b-052926d6c296,Sedan,TOYT -CAR/SUV,2008.0,2.0,M,Licensed,Going Straight Ahead,Left Front Quarter Panel,Left Side Doors,Left Rear Quarter Panel,No Damage,No Damage,N,,Driver Inattention/Distraction,Driver Inattention/Distraction,BRONX,10469.0,"(40.86976, -73.841576)",3.0,0.0,0,0,0,0,3,0,Sedan,Sedan,1
17990619,3791296,11/13/2017,14:35,1648fcee-65b4-421e-b33b-be9421a00c3d,Station Wagon/Sport Utility Vehicle,NISS -CAR/SUV,2006.0,1.0,M,Licensed,Making Right Turn,Center Front End,Center Front End,,,,N,,Failure to Yield Right-of-Way,Unspecified,QUEENS,11004.0,"(40.747055, -73.71194)",0.0,0.0,0,0,0,0,0,0,Station Wagon/Sport Utility Vehicle,,0
17955535,3787122,11/09/2017,13:45,601e046a-0158-4cdd-9906-e533c6fb418f,Sedan,TOYT -CAR/SUV,2007.0,2.0,M,Licensed,Slowing or Stopping,Center Front End,Center Front End,Right Front Bumper,Right Front Quarter Panel,,N,,Following Too Closely,Other Vehicular,MANHATTAN,10036.0,"(40.760345, -73.99318)",0.0,0.0,0,0,0,0,0,0,Station Wagon/Sport Utility Vehicle,Sedan,0
17533364,3633455,03/16/2017,20:15,a6b973bd-d6bf-4ecd-a250-5a5afa6f67d7,Sedan,TOYT -CAR/SUV,2012.0,1.0,F,Licensed,Going Straight Ahead,Center Back End,Center Back End,,,,N,,Unspecified,Unspecified,,,,1.0,0.0,0,0,0,0,1,0,Sedan,,1
17550239,3645897,04/05/2017,20:53,74534e16-a952-40ae-b902-662d2cc94864,Sedan,TOYT -CAR/SUV,2015.0,1.0,M,Licensed,Going Straight Ahead,Center Front End,Center Front End,Center Back End,,,N,,Unspecified,Unspecified,,,"(40.65993, -73.891655)",1.0,0.0,0,0,0,0,1,0,Station Wagon/Sport Utility Vehicle,Sedan,1
17947526,3802942,11/30/2017,16:00,13dc2b93-e839-4a7d-9d23-b6e01c1948ae,Sedan,CHEV -CAR/SUV,2011.0,1.0,F,Licensed,Starting from Parking,Left Front Bumper,Left Front Bumper,,,,N,,Turning Improperly,Unspecified,BROOKLYN,11211.0,"(40.71191, -73.941124)",0.0,0.0,0,0,0,0,0,0,Concrete Mixer,Sedan,0
17444273,3630849,03/10/2017,09:30,c03d0d59-6508-4b08-84eb-e03aff5a47a8,Bus,NOVA,1998.0,1.0,M,Licensed,Making Left Turn,Left Rear Quarter Panel,Left Rear Quarter Panel,,,,Unspecified,,Unspecified,Unspecified,BROOKLYN,11234.0,"(40.62015, -73.90781)",0.0,0.0,0,0,0,0,0,0,Sedan,Bus,0
17500912,3655325,04/21/2017,10:30,b81d94c0-5b0c-481c-964a-270dcd89f0e7,Pick-up Truck,DODG -CAR/SUV,1991.0,,,,Going Straight Ahead,Right Front Quarter Panel,Right Front Quarter Panel,Right Side Doors,No Damage,No Damage,N,,Passing Too Closely,Passing or Lane Usage Improper,BRONX,10458.0,"(40.863647, -73.8918)",1.0,0.0,1,0,0,0,0,0,Pick-up Truck,Pick-up Truck,1
17096604,3598838,01/15/2017,15:15,2784f2e8-dc6a-49f8-80aa-0450b5248fd9,Station Wagon/Sport Utility Vehicle,NISS -CAR/SUV,2005.0,1.0,M,Licensed,Starting from Parking,Right Front Bumper,Right Front Bumper,,,,N,,Failure to Yield Right-of-Way,Unspecified,,,"(40.683434, -73.8343)",0.0,0.0,0,0,0,0,0,0,Sedan,Station Wagon/Sport Utility Vehicle,0
17450454,3646918,04/06/2017,14:40,d5a14620-4720-4514-90ac-0e669e5a5070,Sedan,NISS -CAR/SUV,2011.0,0.0,,,Parked,Left Front Bumper,Left Front Bumper,Center Front End,Right Front Bumper,No Damage,N,,Unspecified,Unspecified,BROOKLYN,11221.0,"(40.69578, -73.917076)",0.0,0.0,0,0,0,0,0,0,Sedan,Station Wagon/Sport Utility Vehicle,0
17524268,3669199,05/13/2017,22:30,6db1d27b-95cb-415b-8b9b-f87684309b87,Taxi,NISS -CAR/SUV,2016.0,1.0,M,Licensed,Parked,No Damage,No Damage,No Damage,No Damage,No Damage,N,,Unspecified,Unspecified,MANHATTAN,10018.0,"(40.75638, -73.991776)",0.0,0.0,0,0,0,0,0,0,Station Wagon/Sport Utility Vehicle,Taxi,0
17963927,3803222,12/04/2017,10:40,34b87715-28d8-40fb-87ab-a52572034d62,Tractor Truck Diesel,KENWO,2012.0,1.0,M,Licensed,Going Straight Ahead,No Damage,No Damage,,,,Y,,Oversized Vehicle,Unspecified,BRONX,10466.0,"(40.89063, -73.85892)",0.0,0.0,0,0,0,0,0,0,Tractor Truck Diesel,,0
17625249,3711177,07/13/2017,20:50,089db709-994d-4733-bdde-7b4803bc35f3,Sedan,FORD -CAR/SUV,2011.0,1.0,M,Licensed,Backing,Center Back End,Right Front Bumper,Other,Other,Other,N,,Unspecified,Unspecified,BROOKLYN,11230.0,"(40.62758, -73.956764)",0.0,0.0,0,0,0,0,0,0,Sedan,Sedan,0
17613303,3720628,07/29/2017,11:00,2fa7b39c-59c8-4651-bef1-ddff72ee1191,Station Wagon/Sport Utility Vehicle,FORD -CAR/SUV,2017.0,1.0,F,Licensed,Making Left Turn,Center Front End,No Damage,No Damage,No Damage,No Damage,N,,Failure to Yield Right-of-Way,Unspecified,BRONX,10461.0,"(40.84636, -73.84463)",0.0,0.0,0,0,0,0,0,0,Station Wagon/Sport Utility Vehicle,,0
17616405,3727026,08/05/2017,15:30,67aca93f-84d6-4ba0-b384-f894bae54528,Station Wagon/Sport Utility Vehicle,MERC -CAR/SUV,2004.0,2.0,F,Licensed,Going Straight Ahead,Center Front End,Center Front End,Center Front End,Center Front End,Center Front End,N,,Following Too Closely,Unspecified,BRONX,10460.0,"(40.85219, -73.88201)",3.0,0.0,0,0,0,0,3,0,Station Wagon/Sport Utility Vehicle,Station Wagon/Sport Utility Vehicle,1
17459178,3650192,04/11/2017,17:58,0d226acb-0db7-4e3d-bf3f-519fec224ca9,Sedan,TOYT -CAR/SUV,2017.0,5.0,F,Licensed,Parked,Left Rear Quarter Panel,Left Rear Quarter Panel,No Damage,No Damage,No Damage,N,,Unspecified,Unspecified,BRONX,10453.0,"(40.85352, -73.902725)",0.0,0.0,0,0,0,0,0,0,Sedan,Carry All,0
17783222,3797040,11/25/2017,21:00,4d1657d1-45c0-422c-a59f-d92291957e10,Sedan,CHEV -CAR/SUV,2011.0,3.0,F,Licensed,Making U Turn,Left Rear Quarter Panel,Left Rear Quarter Panel,,,,N,,Driver Inexperience,Turning Improperly,,,"(40.560757, -73.91044)",0.0,0.0,0,0,0,0,0,0,Sedan,Sedan,0
17895152,3796690,11/24/2017,06:30,3d558065-5afd-47f4-8458-78b9f3118b91,Taxi,HYUN -CAR/SUV,2016.0,1.0,M,Licensed,Going Straight Ahead,Center Front End,Center Front End,Right Front Bumper,Left Front Bumper,,N,,Aggressive Driving/Road Rage,Following Too Closely,,,"(40.797, -73.93778)",0.0,0.0,0,0,0,0,0,0,Taxi,Taxi,0
17562004,3699437,06/25/2017,18:57,855e5e0a-6d4b-424d-9504-bb07ebe56af0,Sedan,FORD -CAR/SUV,2017.0,2.0,M,Licensed,Changing Lanes,Left Rear Bumper,Left Rear Bumper,Left Rear Quarter Panel,Center Back End,No Damage,N,,Unsafe Lane Changing,Unspecified,,,"(40.844276, -73.92535)",0.0,0.0,0,0,0,0,0,0,Sedan,Tractor Truck Diesel,0
17532905,3675829,05/22/2017,13:00,a0533116-ac4f-4ebe-b049-079ed0a9db69,Sedan,HOND -CAR/SUV,2013.0,0.0,,,Parked,Left Rear Bumper,Left Rear Quarter Panel,,,,N,,Unspecified,Unspecified,QUEENS,11369.0,"(40.76803, -73.87722)",0.0,0.0,0,0,0,0,0,0,Sedan,Bus,0
17112581,3608630,02/02/2017,13:35,1efc1d31-3f57-4b27-9b0a-ce22e887e74e,Sedan,MASE -CAR/SUV,2015.0,1.0,M,Licensed,Stopped in Traffic,Center Back End,Center Back End,No Damage,No Damage,No Damage,N,,Unspecified,Unspecified,,,"(40.883286, -73.883194)",0.0,0.0,0,0,0,0,0,0,Sedan,Station Wagon/Sport Utility Vehicle,0
17553527,3691237,06/14/2017,22:30,cc079b31-94ac-45ce-bf51-041fd2035fbb,Station Wagon/Sport Utility Vehicle,FORD -CAR/SUV,,1.0,,,Entering Parked Position,Left Front Bumper,Left Front Bumper,,,,N,,Driver Inattention/Distraction,Unspecified,MANHATTAN,10018.0,,1.0,0.0,0,0,0,0,1,0,Station Wagon/Sport Utility Vehicle,Station Wagon/Sport Utility Vehicle,1
17937689,3802495,12/04/2017,12:35,95e12d0f-1f32-4c40-838b-1a36f6dc28bc,Sedan,INFI -CAR/SUV,2006.0,2.0,M,Licensed,Going Straight Ahead,Left Front Bumper,Left Front Bumper,,,,N,,Unsafe Lane Changing,Unspecified,MANHATTAN,10016.0,"(40.75022, -73.979065)",0.0,0.0,0,0,0,0,0,0,Sedan,Van,0
17592730,3707745,07/09/2017,18:30,72222cfa-6ea1-469b-b2e3-f41786afcb5b,Station Wagon/Sport Utility Vehicle,FORD -CAR/SUV,2013.0,1.0,M,Licensed,Stopped in Traffic,Right Rear Bumper,Right Rear Bumper,Center Back End,,,N,,Unspecified,Unspecified,QUEENS,11434.0,"(40.65965, -73.773834)",0.0,0.0,0,0,0,0,0,0,Station Wagon/Sport Utility Vehicle,Station Wagon/Sport Utility Vehicle,0
17539255,3676729,05/12/2017,11:28,d50a9734-140d-4638-97d8-61237123d38e,Sedan,NISS -CAR/SUV,2006.0,1.0,M,Licensed,Starting from Parking,Left Front Quarter Panel,Left Front Bumper,No Damage,No Damage,No Damage,N,,Driver Inattention/Distraction,Unspecified,BROOKLYN,11223.0,"(40.60913, -73.967636)",0.0,0.0,0,0,0,0,0,0,Pick-up Truck,Sedan,0
17499245,3647115,04/07/2017,08:30,bf573f29-28b1-4c58-8948-bbcbb743561d,Bus,NOVA,2011.0,0.0,M,Licensed,Entering Parked Position,Left Front Quarter Panel,No Damage,,,,N,,Unspecified,Unspecified,,,"(40.683144, -73.76859)",0.0,0.0,0,0,0,0,0,0,Station Wagon/Sport Utility Vehicle,Bus,0
17978245,3793116,11/19/2017,09:45,8b4c806d-3238-4c71-b810-d27ef66f4a70,Sedan,DODG -CAR/SUV,2013.0,1.0,F,Licensed,Going Straight Ahead,Center Front End,Left Front Bumper,Left Front Quarter Panel,Center Front End,Right Front Bumper,N,,Following Too Closely,Unspecified,,,"(40.783333, -73.94368)",0.0,0.0,0,0,0,0,0,0,Sedan,Sedan,0
17522451,3690957,06/13/2017,08:30,e0c33d95-c754-4f46-9a8f-1966c42fc23d,Sedan,HOND -CAR/SUV,2017.0,1.0,M,Licensed,Going Straight Ahead,Right Front Quarter Panel,Right Front Quarter Panel,No Damage,Other,No Damage,N,,View Obstructed/Limited,Failure to Yield Right-of-Way,BROOKLYN,11211.0,"(40.71558, -73.960144)",0.0,0.0,0,0,0,0,0,0,Sedan,Sedan,0
17884890,3778527,10/26/2017,07:22,2398090e-c782-45fc-993d-96db9f196ea1,Bus,CHEV-TRUCK/BUS,2010.0,2.0,M,Licensed,Slowing or Stopping,Center Back End,Center Back End,,,,N,,Unspecified,Unspecified,,,"(40.798256, -73.92402)",0.0,0.0,0,0,0,0,0,0,Bus,Station Wagon/Sport Utility Vehicle,0
17927036,3800441,11/29/2017,12:12,8b3adf6b-a457-4a59-857f-b2535e312746,Sedan,LEXS -CAR/SUV,2004.0,1.0,M,Licensed,Going Straight Ahead,Right Front Bumper,Right Front Bumper,,,,N,,Unspecified,Unspecified,BROOKLYN,11219.0,"(40.627575, -74.00256)",0.0,0.0,0,0,0,0,0,0,Sedan,Sedan,0
17496103,3643605,04/01/2017,18:40,e0d80b6c-dce7-402d-921b-73512fbd5de9,Sedan,HUMM -CAR/SUV,2013.0,1.0,M,Licensed,Going Straight Ahead,Right Front Bumper,Right Front Bumper,Right Front Quarter Panel,,,N,,Unspecified,Unspecified,BROOKLYN,11203.0,"(40.65128, -73.939804)",2.0,0.0,0,0,0,0,2,0,Sedan,Sedan,1
17473039,3659782,04/29/2017,13:50,0837005e-2883-49b2-94b1-4a8f59d30276,Sedan,NISS -CAR/SUV,2016.0,1.0,F,Licensed,Going Straight Ahead,Center Back End,Center Back End,Left Rear Bumper,Right Rear Bumper,No Damage,N,,Reaction to Uninvolved Vehicle,Unspecified,,,"(40.84519, -73.9112)",0.0,0.0,0,0,0,0,0,0,Sedan,Tractor Truck Gasoline,0
17859384,3789826,11/13/2017,18:44,3feb238e-1078-4315-8c64-de60d8fdcd43,Station Wagon/Sport Utility Vehicle,TOYT -CAR/SUV,2013.0,1.0,M,Licensed,Going Straight Ahead,Right Side Doors,Right Side Doors,Right Rear Quarter Panel,No Damage,No Damage,N,,Driver Inattention/Distraction,Failure to Yield Right-of-Way,MANHATTAN,10034.0,"(40.869316, -73.91674)",0.0,0.0,0,0,0,0,0,0,Sedan,Station Wagon/Sport Utility Vehicle,0
17934715,3817581,12/26/2017,20:01,474f2db3-4079-46b2-96db-e98930c0c792,Station Wagon/Sport Utility Vehicle,JEEP -CAR/SUV,2007.0,0.0,,,Parked,Left Rear Quarter Panel,Left Rear Quarter Panel,,,,N,,Unspecified,Unspecified,,,"(40.61313, -74.00773)",0.0,0.0,0,0,0,0,0,0,Sedan,Station Wagon/Sport Utility Vehicle,0
17599780,3746035,09/06/2017,22:40,97547910-5900-44c8-b9e9-f5e699954087,Taxi,TOYT -CAR/SUV,2013.0,1.0,M,Licensed,Starting from Parking,Right Rear Bumper,Right Rear Bumper,,,,N,,Pavement Slippery,Unspecified,BROOKLYN,11233.0,"(40.67881, -73.920685)",0.0,0.0,0,0,0,0,0,0,Station Wagon/Sport Utility Vehicle,Taxi,0
17542407,3632028,03/14/2017,21:30,931f56cc-ac42-49fd-9141-43b00c89a7a5,Sedan,TOYT -CAR/SUV,2005.0,1.0,M,Licensed,Going Straight Ahead,Right Front Quarter Panel,Right Front Quarter Panel,,,,N,,Unspecified,Unspecified,,,"(40.76095, -73.832756)",0.0,0.0,0,0,0,0,0,0,Sedan,Station Wagon/Sport Utility Vehicle,0
17895337,3805573,12/08/2017,07:55,33397bb0-75f8-423c-a564-387809c338e8,Station Wagon/Sport Utility Vehicle,FORD -CAR/SUV,2004.0,1.0,M,Licensed,Making Left Turn,Left Front Bumper,Left Front Quarter Panel,Center Front End,No Damage,No Damage,N,,Unspecified,Unspecified,BRONX,10458.0,"(40.86028, -73.89405)",0.0,0.0,0,0,0,0,0,0,Station Wagon/Sport Utility Vehicle,,0
17487510,3643669,04/02/2017,19:00,467f1916-dc44-4e3b-bb9e-24d63dc6e648,Station Wagon/Sport Utility Vehicle,GMC -CAR/SUV,2008.0,2.0,M,Licensed,Going Straight Ahead,Center Back End,Center Back End,No Damage,No Damage,No Damage,N,,Unspecified,Unspecified,,,"(40.584766, -73.96034)",0.0,0.0,0,0,0,0,0,0,Station Wagon/Sport Utility Vehicle,Sedan,0
19625504,3679064,05/27/2017,22:15,a1f683fd-2874-4791-bcab-353798e994a8,Station Wagon/Sport Utility Vehicle,NISS -CAR/SUV,2017.0,0.0,,,Parked,Left Rear Bumper,Left Rear Bumper,,,,N,,Unspecified,Unspecified,QUEENS,11435.0,"(40.709045, -73.813194)",0.0,0.0,0,0,0,0,0,0,Station Wagon/Sport Utility Vehicle,Sedan,0
17990860,3812502,12/16/2017,20:08,78dd6624-444c-46c3-beb9-12655940cec7,Sedan,NISS -CAR/SUV,2015.0,1.0,M,Licensed,Stopped in Traffic,Right Front Bumper,Right Front Bumper,Right Front Quarter Panel,No Damage,No Damage,N,,Unspecified,Unspecified,BROOKLYN,11208.0,"(40.68569, -73.86777)",0.0,0.0,0,0,0,0,0,0,Sedan,Sedan,0
19661161,3773854,10/21/2017,14:00,4476a4a4-ca32-4570-b708-b9e829978a63,Sedan,HOND -CAR/SUV,2008.0,1.0,M,Licensed,Going Straight Ahead,Center Back End,Center Back End,,,,Unspecified,,Unspecified,Unspecified,,,"(40.76197, -73.92539)",0.0,0.0,0,0,0,0,0,0,Sedan,Sedan,0
17106849,3607357,01/31/2017,10:00,9f4a207c-6876-4031-a71d-8829832b388e,Sedan,HOND -CAR/SUV,2017.0,1.0,M,Licensed,Going Straight Ahead,Right Front Bumper,Right Front Bumper,No Damage,No Damage,No Damage,N,,Unspecified,Unspecified,BROOKLYN,11204.0,"(40.61833, -73.9857)",0.0,0.0,0,0,0,0,0,0,Station Wagon/Sport Utility Vehicle,Sedan,0
17671430,3746882,08/20/2017,22:45,e0fdd9d3-42e8-4cba-b953-e1bec8722ef3,Station Wagon/Sport Utility Vehicle,HOND -CAR/SUV,1999.0,3.0,,,Going Straight Ahead,Left Front Quarter Panel,Other,No Damage,No Damage,Other,N,,Driver Inattention/Distraction,Unspecified,BROOKLYN,11208.0,"(40.661633, -73.87244)",1.0,0.0,1,0,0,0,0,0,Station Wagon/Sport Utility Vehicle,,1
17082935,3605878,01/27/2017,14:40,edb876f9-6756-47db-afb1-e80d9e5a6187,Station Wagon/Sport Utility Vehicle,PORS -CAR/SUV,2016.0,1.0,F,Licensed,Going Straight Ahead,Center Front End,Center Front End,Center Front End,Center Front End,Center Front End,N,,Other Vehicular,Outside Car Distraction,,,"(40.827553, -73.95328)",0.0,0.0,0,0,0,0,0,0,Station Wagon/Sport Utility Vehicle,Sedan,0
17921872,3766818,10/02/2017,09:20,84f04ae4-131c-47f8-96ee-d37a225be764,Sedan,NISS -CAR/SUV,2016.0,1.0,M,Licensed,Making Right Turn,Left Front Bumper,Left Front Bumper,Center Front End,Left Front Quarter Panel,Right Front Bumper,N,,Driver Inattention/Distraction,Unspecified,,,"(40.801685, -73.91734)",0.0,0.0,0,0,0,0,0,0,Pick-up Truck,Sedan,0
17104022,3621750,02/23/2017,22:00,de8d1541-96bf-42bb-8f1d-3aa42dc2f288,Sedan,NISS -CAR/SUV,2005.0,1.0,M,Licensed,Going Straight Ahead,Center Front End,Center Front End,No Damage,No Damage,No Damage,N,,Unspecified,Unspecified,,,"(40.83677, -73.88597)",0.0,0.0,0,0,0,0,0,0,Sedan,Sedan,0
17957027,3780098,10/30/2017,15:00,e0e7b7c5-5dc9-4f2d-be7f-19f70e873abd,Sedan,LEXS -CAR/SUV,2017.0,1.0,F,Licensed,Backing,Left Rear Quarter Panel,Left Rear Bumper,,,,N,,Backing Unsafely,Driver Inexperience,,,"(40.759605, -73.7687)",0.0,0.0,0,0,0,0,0,0,Sedan,Sedan,0
17885611,3817037,12/27/2017,18:00,f2909ab4-478f-4fa3-8858-254b66ddc1cc,Sedan,VOLK -CAR/SUV,2011.0,1.0,M,Licensed,Starting from Parking,Left Side Doors,Left Side Doors,Left Rear Quarter Panel,,,N,,Failure to Yield Right-of-Way,Other Vehicular,BROOKLYN,11205.0,"(40.697422, -73.95574)",0.0,0.0,0,0,0,0,0,0,Sedan,Station Wagon/Sport Utility Vehicle,0
17878974,3773689,10/21/2017,11:05,5a009425-274d-40ba-817b-5c79018ea279,Sedan,ACUR -CAR/SUV,2018.0,0.0,,,Parked,Center Back End,Center Back End,Right Front Bumper,Right Front Quarter Panel,No Damage,N,,Unspecified,Unspecified,BRONX,10461.0,"(40.850166, -73.844925)",1.0,0.0,1,0,0,0,0,0,Station Wagon/Sport Utility Vehicle,Convertible,1
17485304,3682057,06/01/2017,14:40,93aa9d42-7fe2-40a5-a78b-5139c431dd87,Station Wagon/Sport Utility Vehicle,TOYT -CAR/SUV,2008.0,1.0,,,Going Straight Ahead,Left Front Bumper,Left Front Bumper,No Damage,No Damage,No Damage,N,,Traffic Control Disregarded,Driver Inexperience,,,"(40.631607, -73.88481)",0.0,0.0,0,0,0,0,0,0,Station Wagon/Sport Utility Vehicle,Bus,0