UNIQUE_ID,COLLISION_ID,CRASH_DATE,CRASH_TIME,VEHICLE_ID,VEHICLE_TYPE,VEHICLE_MAKE,VEHICLE_YEAR,VEHICLE_OCCUPANTS,DRIVER_SEX,DRIVER_LICENSE_STATUS,PRE_CRASH,POINT_OF_IMPACT,VEHICLE_DAMAGE,VEHICLE_DAMAGE_1,VEHICLE_DAMAGE_2,VEHICLE_DAMAGE_3,PUBLIC_PROPERTY_DAMAGE,PUBLIC_PROPERTY_DAMAGE_TYPE,CONTRIBUTING_FACTOR_1,CONTRIBUTING_FACTOR_2,BOROUGH,ZIP CODE,LOCATION,NUMBER OF PERSONS INJURED,NUMBER OF PERSONS KILLED,NUMBER OF PEDESTRIANS INJURED,NUMBER OF PEDESTRIANS KILLED,NUMBER OF CYCLIST INJURED,NUMBER OF CYCLIST KILLED,NUMBER OF MOTORIST INJURED,NUMBER OF MOTORIST KILLED,VEHICLE TYPE CODE 1,VEHICLE TYPE CODE 2,Severity
17546547,3662702,05/03/2017,17:30,72dbbd00-4274-4f44-a90e-e64b5d8b34f5,Sedan,NISS -CAR/SUV,2002.0,0.0,,,Parked,No Damage,No Damage,No Damage,No Damage,No Damage,N,,Other Vehicular,Other Vehicular,QUEENS,11432.0,"(40.71995, -73.80803)",0.0,0.0,0,0,0,0,0,0,Station Wagon/Sport Utility Vehicle,Sedan,0
17109473,3600161,01/18/2017,08:51,b74c4a81-beae-4ebf-9002-7b3f11ab8dc2,Station Wagon/Sport Utility Vehicle,JEEP -CAR/SUV,2014.0,1.0,M,Licensed,Going Straight Ahead,Center Back End,Center Back End,,,,N,,Unspecified,Unspecified,QUEENS,11101.0,"(40.74255, -73.93116)",0.0,0.0,0,0,0,0,0,0,Station Wagon/Sport Utility Vehicle,Van,0
17987632,3793873,11/18/2017,23:30,aa96c459-35dc-40a5-ba67-bb211d530a71,Station Wagon/Sport Utility Vehicle,TOYT -CAR/SUV,2006.0,2.0,F,Licensed,Going Straight Ahead,Center Back End,Left Front Bumper,Left Front Quarter Panel,Center Front End,Left Side Doors,Unspecified,,Unspecified,Unspecified,,,,2.0,0.0,0,0,0,0,2,0,Station Wagon/Sport Utility Vehicle,,1
17607347,3726411,08/06/2017,13:35,951dde42-c517-4a09-b20a-fb468dfc278b,Station Wagon/Sport Utility Vehicle,HOND -CAR/SUV,2005.0,3.0,M,Licensed,Going Straight Ahead,Right Front Quarter Panel,Right Side Doors,Right Rear Quarter Panel,,,N,,Unspecified,Unspecified,BRONX,10463.0,"(40.87892, -73.90479)",0.0,0.0,0,0,0,0,0,0,Sedan,Station Wagon/Sport Utility Vehicle,0
17455960,3668955,05/13/2017,16:31,51b11679-69e4-49e7-96f3-b0bca77152ea,Taxi,TOYT -CAR/SUV,2016.0,1.0,M,Licensed,Making Left Turn,Left Rear Quarter Panel,Left Rear Quarter Panel,Left Rear Bumper,No Damage,No Damage,N,,Other Vehicular,Other Vehicular,MANHATTAN,10023.0,"(40.773872, -73.98223)",0.0,0.0,0,0,0,0,0,0,Taxi,Taxi,0
17515085,3663287,05/02/2017,14:00,eb48566f-b523-4de9-93e4-d640980299b8,Pick-up Truck,FREIGHT LINER CORP,2016.0,2.0,M,Licensed,Going Straight Ahead,Right Side Doors,Right Side Doors,,,,N,,Driver Inattention/Distraction,Unspecified,BROOKLYN,11226.0,"(40.65008, -73.96101)",0.0,0.0,0,0,0,0,0,0,Pick-up Truck,Sedan,0
17665230,3735365,08/21/2017,21:30,d584dd2f-669c-43b0-82a0-b1ff77e84837,Sedan,LINC -CAR/SUV,2014.0,1.0,M,Licensed,Slowing or Stopping,Center Front End,Left Front Bumper,Right Front Bumper,Left Front Quarter Panel,,N,,Following Too Closely,Unspecified,,,"(40.730442, -73.91367)",2.0,0.0,0,0,0,0,2,0,Station Wagon/Sport Utility Vehicle,Sedan,1
17468379,3671929,05/16/2017,00:15,f829a536-b802-48d1-a029-1fbd6c97cff3,Tractor Truck Diesel,UTIL,2004.0,1.0,M,Licensed,Making U Turn,Right Rear Bumper,Right Rear Bumper,,,,N,,Oversized Vehicle,Unspecified,BRONX,10474.0,"(40.816864, -73.882744)",0.0,0.0,0,0,0,0,0,0,Tractor Truck Diesel,Tractor Truck Diesel,0
17587532,3706216,07/07/2017,01:00,a1086806-8d18-4479-9815-8e688e9d062d,Station Wagon/Sport Utility Vehicle,FORD -CAR/SUV,2015.0,0.0,,,Parked,Left Front Bumper,Left Front Bumper,Left Front Bumper,Left Front Bumper,Left Front Bumper,N,,Unspecified,Unspecified,,,"(40.75379, -73.91548)",0.0,0.0,0,0,0,0,0,0,Station Wagon/Sport Utility Vehicle,Station Wagon/Sport Utility Vehicle,0
17525455,3672695,05/19/2017,01:10,1488564c-ded3-49b2-8e5c-34a19f7e8b0d,Sedan,VOLK -CAR/SUV,2016.0,1.0,M,,Going Straight Ahead,Left Front Quarter Panel,Left Front Quarter Panel,,,,N,,Driver Inattention/Distraction,Unspecified,MANHATTAN,10022.0,"(40.760925, -73.96705)",0.0,0.0,0,0,0,0,0,0,Sedan,,0
17674240,3821988,12/31/2017,23:15,b052ad47-dfa9-4956-860c-1354e0981a3a,Station Wagon/Sport Utility Vehicle,LNDR -CAR/SUV,2011.0,0.0,,,,Left Front Quarter Panel,Left Front Quarter Panel,Left Side Doors,Left Rear Quarter Panel,,N,,Unspecified,Unspecified,BRONX,10461.0,"(40.851963, -73.83557)",0.0,0.0,0,0,0,0,0,0,Station Wagon/Sport Utility Vehicle,,0
17956899,3816110,12/19/2017,08:00,46ca1b51-0fc6-456b-afff-935e0a634669,Station Wagon/Sport Utility Vehicle,FORD -CAR/SUV,2007.0,0.0,,,Parked,Left Rear Bumper,Left Rear Bumper,Center Back End,,,N,,Unspecified,Unspecified,BROOKLYN,11211.0,"(40.706978, -73.95997)",1.0,0.0,0,0,0,0,1,0,Sedan,Station Wagon/Sport Utility Vehicle,1
17629072,3710386,07/13/2017,08:10,bbe96611-8267-43c0-a2fb-2f5d1cdd5523,Sedan,TOYT -CAR/SUV,2015.0,1.0,M,Licensed,Stopped in Traffic,Right Rear Quarter Panel,Right Rear Quarter Panel,Right Rear Quarter Panel,Right Rear Quarter Panel,Right Side Doors,N,,Driver Inattention/Distraction,Driver Inattention/Distraction,QUEENS,11415.0,,0.0,0.0,0,0,0,0,0,0,Sedan,Station Wagon/Sport Utility Vehicle,0
17952160,3787012,11/09/2017,18:00,e975c53c-f7d4-4c41-9ff0-fc7d5da0aeeb,Sedan,HOND -CAR/SUV,2017.0,2.0,F,Licensed,Going Straight Ahead,Left Front Bumper,Left Front Bumper,Left Front Quarter Panel,,,N,,Passing or Lane Usage Improper,Driver Inattention/Distraction,BRONX,10462.0,"(40.83572, -73.85565)",0.0,0.0,0,0,0,0,0,0,Sedan,Sedan,0
17894813,3760532,09/29/2017,11:00,e932ce99-c3f0-411a-be60-40e9c3ba773b,Sedan,NISS -CAR/SUV,2016.0,1.0,F,Licensed,Going Straight Ahead,Right Front Bumper,Right Front Quarter Panel,Right Side Doors,Right Rear Quarter Panel,Right Front Bumper,N,,Passing Too Closely,View Obstructed/Limited,MANHATTAN,10280.0,"(40.70628, -74.01789)",0.0,0.0,0,0,0,0,0,0,tk,Sedan,0
17622498,3729942,08/10/2017,19:48,65f8ce7a-1352-4023-9f69-7471d9a3d55a,Station Wagon/Sport Utility Vehicle,TOYT -CAR/SUV,2016.0,1.0,M,Licensed,Going Straight Ahead,Right Front Bumper,Right Front Bumper,,,,N,,Driver Inattention/Distraction,Unspecified,,,"(40.740353, -74.00394)",0.0,0.0,0,0,0,0,0,0,Station Wagon/Sport Utility Vehicle,Sedan,0
17085419,3601712,01/20/2017,11:50,a0bee550-1ac1-441a-bdc9-e3159681666b,Sedan,NISS -CAR/SUV,2000.0,1.0,M,Licensed,Merging,Left Rear Bumper,Left Rear Bumper,No Damage,No Damage,No Damage,N,,Failure to Yield Right-of-Way,Unspecified,,,"(40.69611, -73.96406)",0.0,0.0,0,0,0,0,0,0,Dump,Sedan,0
17562632,3677444,05/24/2017,06:50,2e2db35e-f085-4662-989f-7044c7425502,Sedan,HYUN -CAR/SUV,2015.0,1.0,M,Licensed,Going Straight Ahead,Center Front End,Right Front Bumper,Left Front Bumper,Center Front End,Center Front End,N,,Unspecified,Unspecified,,,"(40.757824, -73.79032)",0.0,0.0,0,0,0,0,0,0,Taxi,Sedan,0
17933448,3814619,12/24/2017,11:15,02fe64a0-23f2-4fb0-9d26-3b5df9f10a0f,Station Wagon/Sport Utility Vehicle,LEXS -CAR/SUV,2013.0,1.0,M,Unlicensed,Passing,Right Front Bumper,Right Front Quarter Panel,Right Side Doors,,,Unspecified,,Passing or Lane Usage Improper,Driver Inattention/Distraction,BROOKLYN,11204.0,"(40.61212, -73.98323)",1.0,0.0,0,0,0,0,1,0,Station Wagon/Sport Utility Vehicle,Station Wagon/Sport Utility Vehicle,1
17111523,3618937,02/18/2017,03:30,a7987364-6725-40d5-af97-822cd654dc4f,Sedan,TOYT -CAR/SUV,2017.0,1.0,M,Licensed,Going Straight Ahead,Center Front End,Center Front End,Left Front Bumper,Right Front Bumper,No Damage,N,,Driver Inattention/Distraction,Following Too Closely,BROOKLYN,11216.0,"(40.68024, -73.946754)",4.0,0.0,0,0,0,0,4,0,Sedan,Sedan,1
17648467,3743838,08/31/2017,22:10,51d93135-5720-4e3d-b246-bbe9f5676adb,Sedan,NISS -CAR/SUV,2003.0,0.0,,,Parked,Left Front Quarter Panel,Left Front Quarter Panel,,,,N,,Unspecified,Unspecified,QUEENS,11369.0,"(40.76146, -73.87885)",0.0,0.0,0,0,0,0,0,0,Sedan,,0
17564410,3690739,06/10/2017,14:07,2f5f78e7-879e-49bc-bbaf-5b026994ad06,Motorcycle,HOND -MCL,,0.0,M,Unlicensed,Going Straight Ahead,Center Front End,Center Front End,,,,N,,Driver Inattention/Distraction,Unspecified,,,"(40.676132, -73.81924)",1.0,0.0,0,0,0,0,1,0,Motorcycle,Pick-up Truck,1
17636774,4024700,08/25/2017,13:00,0653ad8f-57c1-459b-bb06-3f565b05de9f,Sedan,CHRY -CAR/SUV,2017.0,0.0,,,Parked,Left Front Quarter Panel,Left Side Doors,Left Rear Quarter Panel,Left Side Doors,Left Front Quarter Panel,N,,Unspecified,Unspecified,,,"(40.72772, -74.0024)",0.0,0.0,0,0,0,0,0,0,Box Truck,Sedan,0
17456478,3652943,04/16/2017,12:55,89af6040-75a4-4b7d-b454-dba34269833e,Station Wagon/Sport Utility Vehicle,ACUR -CAR/SUV,2011.0,0.0,,,Parked,Left Rear Quarter Panel,Left Rear Quarter Panel,Left Side Doors,,,N,,Unspecified,Unspecified,BROOKLYN,11237.0,"(40.699436, -73.91229)",0.0,0.0,0,0,0,0,0,0,Station Wagon/Sport Utility Vehicle,Station Wagon/Sport Utility Vehicle,0
17497018,3654438,04/20/2017,09:22,2758a292-0785-4408-a1ee-63bf865de391,Sedan,TOYT -CAR/SUV,2014.0,1.0,M,,Going Straight Ahead,Left Side Doors,Left Side Doors,Center Back End,Right Rear Bumper,,N,,Unspecified,Unspecified,BROOKLYN,11204.0,"(40.624092, -73.981575)",0.0,0.0,0,0,0,0,0,0,Sedan,Station Wagon/Sport Utility Vehicle,0
17082616,3594320,01/08/2017,14:30,93963a27-9b83-4786-8d79-c991c266e1fd,Station Wagon/Sport Utility Vehicle,NISS -CAR/SUV,2006.0,1.0,M,Licensed,Going Straight Ahead,Right Front Quarter Panel,Right Front Quarter Panel,,,,N,,Driver Inattention/Distraction,Unspecified,MANHATTAN,10001.0,"(40.753128, -73.99649)",0.0,0.0,0,0,0,0,0,0,Station Wagon/Sport Utility Vehicle,Sedan,0
17111994,3618113,02/17/2017,02:00,18a637a5-7570-41ea-922e-175ab6e39f3a,Sedan,NISS -CAR/SUV,2001.0,0.0,M,Licensed,Parked,Left Side Doors,Left Side Doors,No Damage,No Damage,No Damage,Unspecified,,Unspecified,Unspecified,BROOKLYN,11236.0,"(40.633446, -73.90472)",0.0,0.0,0,0,0,0,0,0,Sedan,,0
17453926,3679165,05/25/2017,17:50,78aacf2a-fc82-4a60-a053-c179e5429ec3,Station Wagon/Sport Utility Vehicle,JEEP -CAR/SUV,2013.0,,,,,,,,,,N,,Passing or Lane Usage Improper,,BRONX,10456.0,"(40.830326, -73.90619)",0.0,0.0,0,0,0,0,0,0,Station Wagon/Sport Utility Vehicle,,0
17510271,3658509,04/27/2017,22:00,74bedb7a-2306-4135-b1e5-88d3ae19aab4,Station Wagon/Sport Utility Vehicle,JEEP -CAR/SUV,2011.0,0.0,,,Parked,Left Front Bumper,Left Front Bumper,No Damage,No Damage,No Damage,N,,Unspecified,Unspecified,,,,0.0,0.0,0,0,0,0,0,0,Sedan,Station Wagon/Sport Utility Vehicle,0
17456911,3641411,03/29/2017,15:15,42046268-c7d1-4479-a265-c660c6419ee3,Station Wagon/Sport Utility Vehicle,GMC -CAR/SUV,2002.0,1.0,M,Licensed,Making Left Turn,Center Front End,No Damage,No Damage,No Damage,No Damage,N,,Driver Inattention/Distraction,Failure to Yield Right-of-Way,,,,1.0,0.0,1,0,0,0,0,0,Station Wagon/Sport Utility Vehicle,,1
17502245,3656642,04/21/2017,23:00,a09c9b14-2425-4cde-80ba-a14e4597bea6,Station Wagon/Sport Utility Vehicle,TOYT -CAR/SUV,2017.0,1.0,M,Licensed,Going Straight Ahead,Center Back End,Center Back End,Center Back End,No Damage,No Damage,N,,Unspecified,Unspecified,,,"(40.843822, -73.9275)",0.0,0.0,0,0,0,0,0,0,Station Wagon/Sport Utility Vehicle,Station Wagon/Sport Utility Vehicle,0
17565925,3684426,06/05/2017,02:00,9c1e84b7-aa02-4ced-b661-73aeaa32a41f,Sedan,NISS -CAR/SUV,2016.0,0.0,,,Parked,Left Rear Quarter Panel,No Damage,No Damage,,,N,,Unspecified,Unspecified,STATEN ISLAND,10306.0,"(40.582836, -74.10471)",0.0,0.0,0,0,0,0,0,0,Sedan,,0
17493948,3702909,06/28/2017,00:30,a411f56f-6542-4569-baf5-983395a6280f,Taxi,TOYT -CAR/SUV,2016.0,2.0,M,Licensed,Going Straight Ahead,Center Back End,Center Back End,,,,Unspecified,,Unspecified,Unspecified,,,"(40.680225, -74.00481)",1.0,0.0,0,0,0,0,1,0,Taxi,Sedan,1
17905111,3813801,12/20/2017,06:45,003c1c49-013f-4dec-8d7f-a57d4785bd99,Pick-up Truck,INTL -CAR/SUV,2009.0,1.0,M,Licensed,Parked,Center Front End,Center Front End,,,,N,,Unspecified,Unspecified,MANHATTAN,10010.0,"(40.74033, -73.98626)",0.0,0.0,0,0,0,0,0,0,Pick-up Truck,Pick-up Truck,0
17473284,3700535,06/27/2017,14:15,84fef3e3-de76-4a87-b307-7045bb05d787,Sedan,TOYT -CAR/SUV,2014.0,1.0,M,Licensed,Starting from Parking,Right Front Quarter Panel,Right Front Quarter Panel,Right Side Doors,Right Rear Quarter Panel,No Damage,N,,Passing Too Closely,Unspecified,BRONX,10456.0,"(40.825806, -73.90803)",0.0,0.0,0,0,0,0,0,0,Bus,Sedan,0
17914113,3760444,09/29/2017,16:40,c11db5d3-3242-4713-a3bd-b628c7378d66,Sedan,AUDI -CAR/SUV,2006.0,3.0,M,Licensed,Going Straight Ahead,Center Front End,Center Front End,Left Front Bumper,Right Front Bumper,No Damage,N,,Unspecified,Unspecified,,,"(40.81621, -73.92657)",1.0,0.0,0,0,0,0,1,0,Bus,Sedan,1
17448079,3635614,03/20/2017,13:00,8bb26399-9a22-49ad-9cfc-e0fe14e19da4,Sedan,TOYT -CAR/SUV,2005.0,0.0,,,Parked,Left Front Bumper,Left Front Bumper,Center Front End,,,N,,Unspecified,Unspecified,BRONX,10457.0,"(40.8432, -73.90024)",0.0,0.0,0,0,0,0,0,0,Sedan,Pick-up Truck,0
17569493,3703939,07/01/2017,15:30,743a1c54-77c2-41cd-b799-4f1ec2e684a0,Pick-up Truck,GMC -CAR/SUV,2017.0,1.0,M,Licensed,Going Straight Ahead,Center Back End,Center Back End,,,,N,,Unspecified,Unspecified,,,"(40.583733, -73.91969)",0.0,0.0,0,0,0,0,0,0,Station Wagon/Sport Utility Vehicle,Pick-up Truck,0
17487061,3668621,05/09/2017,10:14,29469e03-2432-4584-985e-aecf1b986938,Sedan,MITS -CAR/SUV,2004.0,0.0,,,Parked,Left Side Doors,Left Side Doors,Left Front Quarter Panel,,,N,,Unspecified,Unspecified,,,"(40.66748, -73.92188)",0.0,0.0,0,0,0,0,0,0,Sedan,FDNY,0
17505212,3655349,04/22/2017,19:35,50c3d74f-b454-4939-8481-466d2ec67d00,Station Wagon/Sport Utility Vehicle,SUBA -CAR/SUV,2015.0,1.0,M,Licensed,Merging,Left Front Bumper,Overturned,Demolished,,,N,,Driver Inattention/Distraction,Reaction to Uninvolved Vehicle,,,"(40.817734, -73.8047)",0.0,0.0,0,0,0,0,0,0,Station Wagon/Sport Utility Vehicle,,0
17908148,3790077,11/14/2017,20:50,ad6a3267-fa35-4d32-9b9e-368144f11240,Station Wagon/Sport Utility Vehicle,FORD -CAR/SUV,1999.0,2.0,M,Licensed,Going Straight Ahead,Center Front End,Center Front End,,,,N,,Following Too Closely,Unspecified,,,"(40.72545, -73.837776)",0.0,0.0,0,0,0,0,0,0,Station Wagon/Sport Utility Vehicle,Station Wagon/Sport Utility Vehicle,0
17077963,3595605,01/04/2017,13:19,76841a66-406a-4d33-a34b-2a4f43c703a7,Station Wagon/Sport Utility Vehicle,TOYT -CAR/SUV,2005.0,0.0,,,Parked,Left Rear Bumper,Left Rear Bumper,Left Rear Quarter Panel,,,N,,Unspecified,Unspecified,,,"(40.733818, -73.75804)",0.0,0.0,0,0,0,0,0,0,Station Wagon/Sport Utility Vehicle,Sedan,0
17896163,3806712,12/09/2017,17:00,66871a81-5613-496e-8b93-bdf2a1a41bfb,Sedan,TOYT -CAR/SUV,2015.0,0.0,,,Parked,Left Side Doors,Left Side Doors,,,,N,,Unspecified,Unspecified,BROOKLYN,11212.0,"(40.667404, -73.919754)",0.0,0.0,0,0,0,0,0,0,Sedan,Sedan,0
17921995,3783472,11/05/2017,08:30,8ddad0e9-249c-4a8c-baa3-b09d0660ff0d,Station Wagon/Sport Utility Vehicle,MERZ -CAR/SUV,2000.0,1.0,M,Licensed,Going Straight Ahead,Left Front Quarter Panel,Left Front Quarter Panel,Left Front Bumper,Left Rear Quarter Panel,Left Rear Bumper,N,,Steering Failure,Unspecified,,,"(40.819042, -73.93075)",1.0,0.0,0,0,0,0,1,0,Taxi,Station Wagon/Sport Utility Vehicle,1
17100764,3601136,01/19/2017,16:00,094a7f62-359a-49bb-bd66-00222cbee121,Sedan,TOYT -CAR/SUV,2010.0,1.0,F,Licensed,Going Straight Ahead,Left Front Quarter Panel,Left Front Quarter Panel,,,,N,,Unspecified,Unspecified,BROOKLYN,11220.0,"(40.63396, -74.01476)",0.0,0.0,0,0,0,0,0,0,Sedan,Station Wagon/Sport Utility Vehicle,0
17473733,3643151,04/01/2017,16:00,457beb68-86ae-4d89-a814-62d80792e2ed,Station Wagon/Sport Utility Vehicle,DODG -CAR/SUV,2014.0,1.0,M,Licensed,Stopped in Traffic,Center Back End,Center Back End,No Damage,No Damage,No Damage,N,,Unspecified,Unspecified,,,"(40.721497, -73.83531)",0.0,0.0,0,0,0,0,0,0,Station Wagon/Sport Utility Vehicle,Sedan,0
17649910,3724665,08/04/2017,03:27,cbc8c8d0-6cdd-4d93-bd76-d4f4696223a9,Station Wagon/Sport Utility Vehicle,BMW -CAR/SUV,2017.0,0.0,,,Parked,Center Front End,Center Front End,Left Front Bumper,Right Front Bumper,,N,,Unspecified,Unspecified,MANHATTAN,10019.0,"(40.764515, -73.975494)",0.0,0.0,0,0,0,0,0,0,Station Wagon/Sport Utility Vehicle,,0
17964250,3794109,11/20/2017,12:50,5e157e3f-249e-40a3-8ba4-ac32852c2dd1,Station Wagon/Sport Utility Vehicle,NISS -CAR/SUV,2010.0,2.0,F,Licensed,Going Straight Ahead,Right Front Bumper,Right Front Bumper,Center Front End,,,N,,Unspecified,Unspecified,QUEENS,11420.0,"(40.66612, -73.82225)",0.0,0.0,0,0,0,0,0,0,Station Wagon/Sport Utility Vehicle,Station Wagon/Sport Utility Vehicle,0
17506728,3674857,05/20/2017,17:54,71c9c96e-7064-4a30-ba62-6d3330855ef8,Sedan,CHRY -CAR/SUV,2013.0,1.0,M,Licensed,Making Right Turn,Right Rear Quarter Panel,No Damage,No Damage,No Damage,No Damage,N,,Unspecified,Unspecified,BRONX,10460.0,"(40.843906, -73.88047)",1.0,0.0,1,0,0,0,0,0,Sedan,,1
17630600,3729018,08/08/2017,12:30,442b0e37-9da5-41e9-960a-444a54762907,Sedan,HYUN -CAR/SUV,2013.0,1.0,M,Licensed,Going Straight Ahead,Center Front End,Center Front End,No Damage,No Damage,No Damage,N,,Reaction to Uninvolved Vehicle,Unspecified,BRONX,10458.0,"(40.866047, -73.882744)",2.0,0.0,0,0,0,0,2,0,Sedan,Sedan,1
17931619,3763738,10/03/2017,09:45,89f91744-4e9a-431d-8080-1e4fd6783d60,Station Wagon/Sport Utility Vehicle,FORD -CAR/SUV,2007.0,0.0,,,Parked,Right Side Doors,Right Side Doors,No Damage,No Damage,No Damage,N,,Unspecified,Unspecified,BROOKLYN,11203.0,"(40.654625, -73.94227)",0.0,0.0,0,0,0,0,0,0,Bus,Station Wagon/Sport Utility Vehicle,0
17921696,3785605,11/07/2017,23:03,2f0bec29-6934-407d-a7d4-871e1f6a17fd,Taxi,TOYT -CAR/SUV,2016.0,1.0,M,Licensed,Making Right Turn,Right Front Quarter Panel,Right Front Quarter Panel,,,,N,,Driver Inattention/Distraction,Failure to Yield Right-of-Way,MANHATTAN,10016.0,"(40.747917, -73.9736)",1.0,0.0,1,0,0,0,0,0,Taxi,,1
17629650,3722930,08/02/2017,00:30,57076ece-37b5-422c-a264-d0fdba756b51,Station Wagon/Sport Utility Vehicle,LEXS -CAR/SUV,2013.0,1.0,M,Licensed,Going Straight Ahead,Roof,Undercarriage,Left Front Bumper,Other,Roof,N,,Outside Car Distraction,Driver Inattention/Distraction,MANHATTAN,10017.0,"(40.748825, -73.96984)",0.0,0.0,0,0,0,0,0,0,Station Wagon/Sport Utility Vehicle,,0
17917125,3792472,11/15/2017,07:22,28ba7c0e-9aae-48fe-ac74-a8b0f02c85aa,Sedan,DODG -CAR/SUV,2017.0,1.0,M,Licensed,Making Right Turn,Left Front Quarter Panel,Left Front Bumper,,,,N,,Driver Inattention/Distraction,Unspecified,BROOKLYN,11201.0,"(40.696033, -73.98453)",0.0,0.0,0,0,0,0,0,0,Sedan,Carry All,0
17947858,3814455,12/21/2017,19:25,703deaf8-11d7-4330-99e1-18287f9191a6,Sedan,NISS -CAR/SUV,2014.0,2.0,F,Licensed,Going Straight Ahead,Center Front End,Right Front Bumper,Center Front End,,,N,,Unspecified,Unspecified,MANHATTAN,10022.0,"(40.759308, -73.9653)",0.0,0.0,0,0,0,0,0,0,Sedan,Sedan,0
17564166,3689072,06/10/2017,11:50,228f5f99-1de5-4a0e-8813-05fe7d9e1a01,Station Wagon/Sport Utility Vehicle,JEEP -CAR/SUV,1996.0,1.0,M,Licensed,Stopped in Traffic,Right Rear Bumper,Right Rear Bumper,Right Rear Quarter Panel,Center Back End,,N,,Unspecified,Unspecified,QUEENS,11420.0,"(40.679523, -73.81077)",0.0,0.0,0,0,0,0,0,0,Station Wagon/Sport Utility Vehicle,,0
17630297,3729308,08/12/2017,09:50,17ccb70a-b784-4a6e-abe7-e4ab0b76b6ed,Station Wagon/Sport Utility Vehicle,JEEP -CAR/SUV,2008.0,1.0,M,Licensed,Backing,Right Rear Bumper,Right Rear Bumper,,,,N,,Driver Inattention/Distraction,Driver Inattention/Distraction,BROOKLYN,11201.0,"(40.69547, -73.98511)",0.0,0.0,0,0,0,0,0,0,Station Wagon/Sport Utility Vehicle,Station Wagon/Sport Utility Vehicle,0
17802954,3805387,12/08/2017,08:15,b1cbecf0-ea89-4177-bb57-c4bddec96a8c,Sedan,HOND -CAR/SUV,2016.0,3.0,F,Licensed,Making Right Turn,Right Rear Quarter Panel,Right Rear Quarter Panel,No Damage,No Damage,No Damage,N,,Turning Improperly,Driver Inattention/Distraction,,,"(40.800663, -73.946465)",0.0,0.0,0,0,0,0,0,0,Station Wagon/Sport Utility Vehicle,Sedan,0
17954133,3756696,09/24/2017,04:25,023d9986-9afd-4871-b2e2-6e70ee22b811,Station Wagon/Sport Utility Vehicle,FORD -CAR/SUV,2011.0,1.0,M,Licensed,Going Straight Ahead,Center Front End,Center Front End,,,,N,,Driver Inexperience,Driver Inattention/Distraction,MANHATTAN,10128.0,"(40.780693, -73.9466)",1.0,0.0,0,0,1,0,0,0,Station Wagon/Sport Utility Vehicle,Bike,1
17520003,3687272,06/07/2017,17:07,9b32cd90-54cf-4a5a-a64b-8ad132197065,Sedan,BMW -CAR/SUV,2012.0,1.0,F,Licensed,Going Straight Ahead,Right Rear Bumper,Right Rear Bumper,,,,N,,Unspecified,Unspecified,,,"(40.804012, -73.93097)",0.0,0.0,0,0,0,0,0,0,Sedan,Sedan,0
17470539,3653395,04/18/2017,17:43,752ddcce-0a09-48a7-ad6e-0cdb4cc3e9d7,Station Wagon/Sport Utility Vehicle,HYUN -CAR/SUV,2008.0,1.0,M,Licensed,Changing Lanes,Right Front Bumper,Right Front Bumper,No Damage,No Damage,No Damage,N,,Following Too Closely,Unspecified,,,"(40.798534, -73.923035)",1.0,0.0,0,0,0,0,1,0,Sedan,Station Wagon/Sport Utility Vehicle,1
17607314,3743771,09/02/2017,17:50,0a43c556-73b8-4a7f-8ce4-0e9cdcd9d96f,Sedan,HYUN -CAR/SUV,2017.0,1.0,F,Licensed,Making U Turn,Left Front Quarter Panel,Left Front Quarter Panel,Left Front Bumper,,,N,,Passing or Lane Usage Improper,Turning Improperly,MANHATTAN,10040.0,"(40.863346, -73.92666)",0.0,0.0,0,0,0,0,0,0,Sedan,Station Wagon/Sport Utility Vehicle,0
17500431,3672638,05/18/2017,16:35,b010dbbb-621e-474e-8708-f5ee81d4161e,Sedan,LINC -CAR/SUV,2004.0,1.0,M,Licensed,Going Straight Ahead,Center Back End,Center Back End,No Damage,No Damage,No Damage,N,,Unspecified,Unspecified,,,"(40.802536, -73.930115)",0.0,0.0,0,0,0,0,0,0,Station Wagon/Sport Utility Vehicle,Sedan,0
17635269,3726286,08/07/2017,08:10,5468fa37-7547-4f3b-8daa-c7e95a5a6980,Sedan,HOND -CAR/SUV,2016.0,1.0,M,Licensed,Stopped in Traffic,Center Back End,Center Back End,,,,N,,Unspecified,Unspecified,,,,0.0,0.0,0,0,0,0,0,0,Sedan,Sedan,0
17832527,3791401,11/13/2017,16:39,87fb04f3-f810-4181-a571-20a698648bcd,Sedan,HOND -CAR/SUV,2011.0,0.0,,,Parked,Left Rear Bumper,Left Rear Quarter Panel,Left Rear Quarter Panel,Center Back End,,N,,Unspecified,Unspecified,BROOKLYN,11221.0,"(40.692562, -73.92799)",0.0,0.0,0,0,0,0,0,0,Sedan,Station Wagon/Sport Utility Vehicle,0
17560048,3669757,05/12/2017,00:23,63bcda97-6db4-45a5-ade7-3d1119036cbd,Station Wagon/Sport Utility Vehicle,CHEV -CAR/SUV,2014.0,0.0,M,Licensed,Merging,Right Front Bumper,Right Front Bumper,Right Front Quarter Panel,No Damage,No Damage,N,,Driver Inattention/Distraction,Unsafe Lane Changing,,,"(40.76023, -73.961525)",0.0,0.0,0,0,0,0,0,0,Station Wagon/Sport Utility Vehicle,Sedan,0