UNIQUE_ID,COLLISION_ID,CRASH_DATE,CRASH_TIME,VEHICLE_ID,VEHICLE_TYPE,VEHICLE_MAKE,VEHICLE_YEAR,VEHICLE_OCCUPANTS,DRIVER_SEX,DRIVER_LICENSE_STATUS,PRE_CRASH,POINT_OF_IMPACT,VEHICLE_DAMAGE,VEHICLE_DAMAGE_1,VEHICLE_DAMAGE_2,VEHICLE_DAMAGE_3,PUBLIC_PROPERTY_DAMAGE,PUBLIC_PROPERTY_DAMAGE_TYPE,CONTRIBUTING_FACTOR_1,CONTRIBUTING_FACTOR_2,BOROUGH,ZIP CODE,LOCATION,NUMBER OF PERSONS INJURED,NUMBER OF PERSONS KILLED,NUMBER OF PEDESTRIANS INJURED,NUMBER OF PEDESTRIANS KILLED,NUMBER OF CYCLIST INJURED,NUMBER OF CYCLIST KILLED,NUMBER OF MOTORIST INJURED,NUMBER OF MOTORIST KILLED,VEHICLE TYPE CODE 1,VEHICLE TYPE CODE 2,Severity
17441488,3700776,06/27/2017,18:40,42dbfcb8-7471-4ca7-bf4b-dcb50683b8c7,Sedan,INFI -CAR/SUV,2006.0,1.0,M,Unlicensed,Parked,Left Rear Quarter Panel,Left Rear Quarter Panel,,,,N,,Unspecified,Unspecified,,,"(40.811367, -73.95402)",0.0,0.0,0,0,0,0,0,0,Bus,Sedan,0
17666348,3742011,09/03/2017,21:45,8179d5a5-07e4-49ae-9018-3ab91d9cb49a,Station Wagon/Sport Utility Vehicle,HOND -CAR/SUV,2015.0,2.0,M,Licensed,Changing Lanes,Left Front Quarter Panel,Left Front Quarter Panel,,,,N,,Driver Inattention/Distraction,Unspecified,QUEENS,11377.0,"(40.744366, -73.91371)",0.0,0.0,0,0,0,0,0,0,Station Wagon/Sport Utility Vehicle,Station Wagon/Sport Utility Vehicle,0
19609022,3652798,04/17/2017,18:35,f98186ba-d773-4a7a-9bd1-831f4709198c,Sedan,FORD -CAR/SUV,2016.0,1.0,M,Licensed,Slowing or Stopping,Center Back End,Center Back End,Left Rear Bumper,Right Rear Bumper,,N,,Unspecified,Unspecified,,,"(40.72025, -73.834305)",0.0,0.0,0,0,0,0,0,0,Sedan,Sedan,0
17896786,3805360,12/07/2017,20:00,ab910e96-1f85-449e-aabe-dd1888a6cb2b,Station Wagon/Sport Utility Vehicle,TOYT -CAR/SUV,2011.0,1.0,M,Licensed,Going Straight Ahead,Left Front Bumper,Left Front Bumper,,,,N,,Other Vehicular,Unspecified,,,,0.0,0.0,0,0,0,0,0,0,Station Wagon/Sport Utility Vehicle,Sedan,0
17931944,3753187,09/19/2017,11:45,06745e87-637c-4456-873b-cb96eb3a42a6,Pick-up Truck,INTL -CAR/SUV,2017.0,1.0,M,Licensed,Going Straight Ahead,Other,Other,,,,N,,Unspecified,Unspecified,,,"(40.756424, -73.7403)",0.0,0.0,0,0,0,0,0,0,Pick-up Truck,,0
17439842,3646399,04/04/2017,18:50,c7a66061-4f28-4281-9fb9-355fdc42a710,Station Wagon/Sport Utility Vehicle,FORD -CAR/SUV,2010.0,1.0,M,Licensed,Going Straight Ahead,Center Front End,Center Front End,Right Front Bumper,,,N,,Unsafe Speed,View Obstructed/Limited,,,"(40.680855, -74.00305)",0.0,0.0,0,0,0,0,0,0,Station Wagon/Sport Utility Vehicle,Sedan,0
17083973,3596042,01/10/2017,14:55,914ca3b9-c813-45f1-bf5e-468e422a656b,Sedan,NISS -CAR/SUV,2008.0,1.0,M,Licensed,Going Straight Ahead,Right Front Quarter Panel,Right Side Doors,,,,N,,Following Too Closely,Unspecified,MANHATTAN,10017.0,"(40.750763, -73.97446)",0.0,0.0,0,0,0,0,0,0,Sedan,Sedan,0
17876105,3811027,12/15/2017,23:00,f57932d4-2842-4dae-87d7-27216553bf33,Sedan,HOND -CAR/SUV,2012.0,1.0,F,Licensed,Parked,Right Front Bumper,Right Front Bumper,Center Front End,Left Front Bumper,,N,,Unspecified,Unspecified,,,"(40.66757, -73.97772)",0.0,0.0,0,0,0,0,0,0,Sedan,Station Wagon/Sport Utility Vehicle,0
17944532,3808855,12/14/2017,20:00,789dfea9-aa9f-4566-86f6-aa1b9e1b5d5b,Flat Bed,KW-TRUCK/BUS,2015.0,1.0,M,Licensed,Going Straight Ahead,Right Front Bumper,Right Front Bumper,No Damage,No Damage,No Damage,N,,Driver Inattention/Distraction,Unspecified,MANHATTAN,10016.0,"(40.747066, -73.97925)",0.0,0.0,0,0,0,0,0,0,Flat Bed,Sedan,0
17883256,3781643,11/01/2017,11:30,ef945db1-5031-41c4-861a-6523da555378,Sedan,FORD -CAR/SUV,2012.0,1.0,F,Licensed,Parked,Left Rear Bumper,Left Rear Bumper,Demolished,No Damage,No Damage,N,,Unspecified,Unspecified,STATEN ISLAND,10310.0,"(40.636955, -74.11755)",0.0,0.0,0,0,0,0,0,0,Sedan,Sedan,0
17539656,3653741,04/20/2017,00:15,152bf576-4ae7-4e56-a92e-8fad1cda64f5,Sedan,HOND -CAR/SUV,2016.0,1.0,M,Licensed,Going Straight Ahead,Right Rear Bumper,Right Rear Bumper,Center Back End,,,N,,Unspecified,Unspecified,,,"(40.73556, -73.915054)",0.0,0.0,0,0,0,0,0,0,Sedan,Pick-up Truck,0
17449950,3629636,03/10/2017,13:00,d45ca055-1a28-4bae-b4ca-ef6187c76998,Sedan,MERZ -CAR/SUV,2016.0,1.0,F,Licensed,Going Straight Ahead,Left Rear Quarter Panel,Left Rear Quarter Panel,Left Side Doors,Left Front Quarter Panel,,N,,Unspecified,Unspecified,,,"(40.71444, -73.83127)",0.0,0.0,0,0,0,0,0,0,Sedan,Sedan,0
17860294,3771518,10/17/2017,16:30,e289e546-d9fb-44d6-a6ac-dda612d30657,Sedan,NISS -CAR/SUV,2013.0,2.0,F,Licensed,Going Straight Ahead,Left Front Bumper,Left Front Quarter Panel,,,,N,,Passing or Lane Usage Improper,Failure to Keep Right,BROOKLYN,11236.0,"(40.642574, -73.89796)",0.0,0.0,0,0,0,0,0,0,Sedan,Sedan,0
17446736,3679585,05/28/2017,19:15,00805703-78af-4fbf-a1b5-20d3d266e507,Taxi,TOYT -CAR/SUV,2013.0,2.0,M,Licensed,Parked,Left Rear Quarter Panel,No Damage,,,,N,,Driver Inattention/Distraction,Unspecified,MANHATTAN,10025.0,"(40.79599, -73.96896)",1.0,0.0,0,0,1,0,0,0,Taxi,Bike,1
17970757,3817993,12/26/2017,16:00,66ea30db-9d29-462d-b73f-1c253e479e9d,Sedan,TOYT -CAR/SUV,2009.0,0.0,,,Parked,Right Front Bumper,Right Front Bumper,Center Front End,Left Front Bumper,Right Front Quarter Panel,N,,Alcohol Involvement,Unspecified,BROOKLYN,11203.0,"(40.634945, -73.9325)",0.0,0.0,0,0,0,0,0,0,Sedan,,0
17942234,3789362,11/13/2017,00:00,e95d2196-43ee-4d46-b737-0f3e475c6957,Sedan,CHEV -CAR/SUV,2004.0,0.0,,,Parked,Left Rear Bumper,Left Rear Bumper,,,,Unspecified,,Unspecified,Unspecified,,,"(40.611404, -74.131226)",0.0,0.0,0,0,0,0,0,0,Sedan,Sedan,0
17491093,3637238,03/22/2017,00:00,69358fb1-d857-49cc-ab06-809db8e60e9a,Sedan,NISS -CAR/SUV,2007.0,1.0,M,Licensed,Slowing or Stopping,Left Front Bumper,Left Front Bumper,Left Front Quarter Panel,Other,Other,N,,Unspecified,Unspecified,STATEN ISLAND,10305.0,"(40.59604, -74.08242)",0.0,0.0,0,0,0,0,0,0,Sedan,Sedan,0
17592992,3702993,07/01/2017,06:15,897719f5-3fcd-40ec-91eb-7a3ed71d4487,Station Wagon/Sport Utility Vehicle,FORD -CAR/SUV,2013.0,2.0,M,Licensed,Going Straight Ahead,Left Front Bumper,Left Front Bumper,Left Front Quarter Panel,Left Side Doors,No Damage,N,,Unspecified,Unspecified,QUEENS,11360.0,"(40.788788, -73.78443)",0.0,0.0,0,0,0,0,0,0,Station Wagon/Sport Utility Vehicle,Station Wagon/Sport Utility Vehicle,0
17949963,3813308,12/19/2017,17:00,8d233f02-f2ce-47de-a621-d5bb9b5fecac,Sedan,TOYT -CAR/SUV,2013.0,1.0,M,Licensed,Going Straight Ahead,Left Front Bumper,Left Front Bumper,Center Front End,No Damage,No Damage,N,,Driver Inattention/Distraction,Unspecified,QUEENS,11373.0,"(40.735497, -73.869705)",1.0,0.0,0,0,1,0,0,0,Sedan,Bike,1
17474397,3640007,03/27/2017,08:50,821c2077-8526-45ac-acbf-407bb8714753,Station Wagon/Sport Utility Vehicle,bus,2012.0,1.0,M,Licensed,Going Straight Ahead,Right Side Doors,No Damage,No Damage,No Damage,No Damage,N,,Unspecified,Unspecified,,,"(40.766685, -73.892136)",0.0,0.0,0,0,0,0,0,0,Station Wagon/Sport Utility Vehicle,Pick-up Truck,0
17916639,3773566,10/20/2017,17:30,7d590bb6-3e00-43d9-91c7-e33ce0660d4b,Station Wagon/Sport Utility Vehicle,MERZ -CAR/SUV,2003.0,1.0,F,Licensed,Going Straight Ahead,Left Front Quarter Panel,Left Front Quarter Panel,No Damage,No Damage,No Damage,N,,Unspecified,Unspecified,,,"(40.647835, -74.01823)",1.0,0.0,0,0,0,0,1,0,Station Wagon/Sport Utility Vehicle,Station Wagon/Sport Utility Vehicle,1
17646112,3709431,07/12/2017,14:15,6e66856c-8040-42e7-8862-5d3970810809,Pick-up Truck,ISU -CAR/SUV,1999.0,2.0,M,Licensed,Going Straight Ahead,Center Front End,Center Front End,,,,N,,Following Too Closely,Unspecified,QUEENS,11363.0,"(40.765358, -73.74429)",0.0,0.0,0,0,0,0,0,0,Pick-up Truck,Pick-up Truck,0
17490397,3667507,05/09/2017,17:17,1b24338e-8249-4dd5-86f4-2e7302693e0e,bus,nova,2010.0,1.0,M,Licensed,Going Straight Ahead,Right Rear Quarter Panel,Right Rear Quarter Panel,,,,N,,Driver Inattention/Distraction,Unspecified,MANHATTAN,10002.0,"(40.712307, -73.99437)",0.0,0.0,0,0,0,0,0,0,bus,Station Wagon/Sport Utility Vehicle,0
17942280,3804574,12/06/2017,22:20,949d435c-fa60-42ea-b6f9-669ff8518283,Garbage or Refuse,MACK-TRUCK/BUS,2005.0,1.0,M,Licensed,Making Right Turn,Right Front Quarter Panel,Right Front Quarter Panel,,,,N,,Driver Inattention/Distraction,Unspecified,,,"(40.74876, -73.8692)",0.0,0.0,0,0,0,0,0,0,Garbage or Refuse,Sedan,0
17136693,3615932,02/14/2017,11:01,0110240c-1ca4-4ed6-9b3e-8cdb12e6b17c,Station Wagon/Sport Utility Vehicle,MERZ -CAR/SUV,2011.0,1.0,F,Licensed,Stopped in Traffic,Left Rear Quarter Panel,Left Side Doors,,,,N,,Unspecified,Unspecified,MANHATTAN,10022.0,"(40.762226, -73.96819)",0.0,0.0,0,0,0,0,0,0,Station Wagon/Sport Utility Vehicle,Station Wagon/Sport Utility Vehicle,0
17488989,3648770,04/08/2017,11:20,063a23f7-92cc-4eb0-a0e5-6733c92661eb,Sedan,MITS -CAR/SUV,2007.0,1.0,F,Licensed,Going Straight Ahead,Right Front Quarter Panel,Right Front Quarter Panel,,,,N,,Driver Inattention/Distraction,Driver Inexperience,,,"(40.62499, -74.14403)",0.0,0.0,0,0,0,0,0,0,Sedan,Sedan,0
17903076,3750316,09/09/2017,14:30,4d8cfdab-f065-4bb4-946b-85cabcbef44e,Sedan,HOND -CAR/SUV,2012.0,1.0,M,Licensed,Going Straight Ahead,Right Front Quarter Panel,Right Side Doors,Left Front Bumper,Center Front End,Right Front Bumper,N,,Driver Inattention/Distraction,Failure to Yield Right-of-Way,QUEENS,11419.0,"(40.69097, -73.81439)",1.0,0.0,0,0,0,0,1,0,Sedan,Sedan,1
17881525,3778728,10/20/2017,21:26,abda2dc3-5e85-4156-948d-48976f6fe6b7,Tractor Truck Gasoline,FRHT-TRUCK/BUS,2017.0,1.0,M,Licensed,Going Straight Ahead,Center Front End,Center Front End,,,,N,,Following Too Closely,Driver Inattention/Distraction,,,"(40.844105, -73.898)",0.0,0.0,0,0,0,0,0,0,Tractor Truck Gasoline,Tractor Truck Diesel,0
17552243,3672535,05/17/2017,14:42,aac2a77d-a895-40b9-8604-2a22243bc2e4,Sedan,BUIC -CAR/SUV,2003.0,1.0,M,Licensed,Going Straight Ahead,Left Side Doors,Left Rear Quarter Panel,,,,N,,Unspecified,Unspecified,,,"(40.730194, -73.887566)",0.0,0.0,0,0,0,0,0,0,Sedan,Sedan,0
17596869,3712046,07/16/2017,14:30,57a3ca06-40e9-4a2c-8b4e-2b019400275d,Station Wagon/Sport Utility Vehicle,TOYT -CAR/SUV,2009.0,4.0,M,Licensed,Going Straight Ahead,Left Side Doors,Left Side Doors,Left Front Quarter Panel,,,N,,Unspecified,Unspecified,,,"(40.835426, -73.89515)",0.0,0.0,0,0,0,0,0,0,Station Wagon/Sport Utility Vehicle,Sedan,0
17573933,3647993,04/09/2017,15:05,4fe8c014-fc30-4f30-8375-c024a49b0b8b,Sedan,SUBA -CAR/SUV,2014.0,1.0,M,Licensed,Going Straight Ahead,Right Front Bumper,Right Front Bumper,Center Front End,,,N,,Following Too Closely,Unspecified,,,"(40.74285, -73.830284)",0.0,0.0,0,0,0,0,0,0,Pick-up Truck,Sedan,0
17463139,3705886,06/27/2017,07:40,5e7ad3cf-34c9-4099-83f7-c28488d1d8fc,Bus,STARC,2012.0,3.0,F,Licensed,Making Left Turn,Left Front Quarter Panel,Left Front Quarter Panel,,,,Unspecified,,Turning Improperly,Passing Too Closely,BROOKLYN,11221.0,"(40.68896, -73.93326)",0.0,0.0,0,0,0,0,0,0,Sedan,Bus,0
17495754,3653974,04/16/2017,19:44,a1d30e34-1168-4a29-82c7-92be13a701ba,Sedan,HOND -CAR/SUV,2014.0,2.0,M,,Making Left Turn,Right Rear Quarter Panel,Right Rear Quarter Panel,Right Side Doors,Right Rear Bumper,,N,,Unspecified,Unspecified,BROOKLYN,11230.0,"(40.61462, -73.968666)",2.0,0.0,0,0,0,0,2,0,Station Wagon/Sport Utility Vehicle,Sedan,1
17449506,3627180,03/04/2017,10:10,0c236fc5-45b1-4ff4-8dc5-694cc2650241,Sedan,FORD -CAR/SUV,2000.0,0.0,M,Licensed,Going Straight Ahead,Other,Other,,,,N,,Unspecified,Unspecified,BROOKLYN,11210.0,"(40.63335, -73.94772)",0.0,0.0,0,0,0,0,0,0,Sedan,Sedan,0
17133339,3621613,02/25/2017,10:05,699b694a-3f75-4d6d-98f0-0274cd578750,Sedan,CHEV -CAR/SUV,2016.0,1.0,M,Licensed,Going Straight Ahead,Right Rear Bumper,Right Rear Bumper,,,,N,,Driver Inattention/Distraction,Unspecified,BRONX,10468.0,"(40.86605, -73.90277)",0.0,0.0,0,0,0,0,0,0,Sedan,Sedan,0
17621000,3710455,07/13/2017,08:50,c70316f7-e380-4a60-b9c2-5f08161ef3d0,Sedan,CHRY -CAR/SUV,2007.0,1.0,M,Licensed,Parked,Right Front Quarter Panel,No Damage,,,,N,,Unspecified,Unspecified,BROOKLYN,11209.0,"(40.62432, -74.02476)",0.0,0.0,0,0,0,0,0,0,Sedan,Sedan,0
17914768,3767022,10/10/2017,15:00,ee91935b-bc55-429a-a8aa-70ef21f3067e,Sedan,SMRT -CAR/SUV,2016.0,1.0,M,Licensed,Going Straight Ahead,Left Front Bumper,Left Front Bumper,No Damage,No Damage,No Damage,N,,Unspecified,Unspecified,MANHATTAN,10036.0,"(40.756767, -73.98272)",0.0,0.0,0,0,0,0,0,0,PRIVA,Sedan,0
17539294,3662246,05/03/2017,01:33,d11b168b-817b-4870-92db-a6b4d56e347a,Sedan,CADI -CAR/SUV,1989.0,1.0,,,Making Left Turn,Right Front Quarter Panel,Right Front Quarter Panel,Right Front Bumper,,,N,,Failure to Yield Right-of-Way,Traffic Control Disregarded,QUEENS,11363.0,"(40.76895, -73.74024)",0.0,0.0,0,0,0,0,0,0,Sedan,Sedan,0
17479495,3648702,04/09/2017,19:48,eadd31d6-cd53-4122-85d6-176731a67cf1,Sedan,BMW -CAR/SUV,2015.0,2.0,M,Licensed,Going Straight Ahead,Left Front Bumper,Left Front Quarter Panel,Left Side Doors,No Damage,No Damage,N,,Passing Too Closely,Unspecified,BROOKLYN,11201.0,"(40.7007, -73.98869)",0.0,0.0,0,0,0,0,0,0,Sedan,Sedan,0
17602504,3718250,07/24/2017,14:08,3b4db1c6-f398-4e77-bfb1-5df4f438cdf7,Sedan,ACUR -CAR/SUV,2005.0,2.0,M,Licensed,Going Straight Ahead,Left Front Bumper,Left Front Bumper,,,,Unspecified,,Unspecified,Unspecified,MANHATTAN,10033.0,"(40.851433, -73.93509)",0.0,0.0,0,0,0,0,0,0,Sedan,Sedan,0
17937439,3821060,12/28/2017,13:41,5da0dabe-04f8-4546-9385-c7a73e63233e,Station Wagon/Sport Utility Vehicle,DODG -CAR/SUV,2015.0,1.0,F,Licensed,Parked,Right Front Quarter Panel,Right Front Quarter Panel,No Damage,No Damage,No Damage,N,,Other Vehicular,Unspecified,BROOKLYN,11201.0,"(40.6911, -73.98647)",0.0,0.0,0,0,0,0,0,0,Station Wagon/Sport Utility Vehicle,Pick-up Truck,0
17590017,3682182,06/01/2017,18:20,2b1cee40-e965-4096-b0dd-cf78822ba787,Station Wagon/Sport Utility Vehicle,HYUN -CAR/SUV,2008.0,1.0,F,Licensed,Going Straight Ahead,Right Front Quarter Panel,Right Front Quarter Panel,Right Side Doors,,,N,,Passing Too Closely,Unspecified,QUEENS,11354.0,"(40.76242, -73.82752)",0.0,0.0,0,0,0,0,0,0,Sedan,Station Wagon/Sport Utility Vehicle,0
17901170,3771865,10/17/2017,20:17,0eb56aa0-40a8-4d7c-b515-15ae7d513bc3,Sedan,freig,2008.0,1.0,M,Licensed,Going Straight Ahead,Left Front Bumper,Left Front Bumper,,,,N,,Driver Inexperience,Passenger Distraction,BROOKLYN,11201.0,"(40.687992, -73.98962)",0.0,0.0,0,0,0,0,0,0,Sedan,Sedan,0
17629078,3720658,07/28/2017,17:25,1f531a74-ce55-4858-bfde-4d8fee9945e2,Station Wagon/Sport Utility Vehicle,JEEP -CAR/SUV,2014.0,1.0,M,Licensed,Changing Lanes,Right Front Bumper,Right Front Bumper,Right Front Quarter Panel,,,N,,Driver Inattention/Distraction,Following Too Closely,,,"(40.75541, -73.83842)",0.0,0.0,0,0,0,0,0,0,Station Wagon/Sport Utility Vehicle,Station Wagon/Sport Utility Vehicle,0
17978692,3795178,11/22/2017,06:16,ee502f04-11db-4ef0-ac7e-dcfe4c2c6521,Box Truck,INTL-TRUCK/BUS,2008.0,1.0,M,Licensed,Going Straight Ahead,Left Rear Quarter Panel,Left Rear Quarter Panel,,,,N,,Unspecified,Unspecified,,,"(40.761234, -73.96389)",0.0,0.0,0,0,0,0,0,0,Station Wagon/Sport Utility Vehicle,Box Truck,0
17475767,3669643,05/12/2017,10:00,6a212b40-9285-4570-8190-bf0b613aaf9f,Station Wagon/Sport Utility Vehicle,FORD -CAR/SUV,1999.0,1.0,M,Licensed,Parked,Center Front End,Center Front End,No Damage,No Damage,No Damage,N,,Unspecified,Unspecified,BROOKLYN,11221.0,"(40.69831, -73.925575)",1.0,0.0,0,0,0,0,1,0,Station Wagon/Sport Utility Vehicle,Box Truck,1
17491864,3639310,03/25/2017,15:00,3f89e46e-27c0-4cd0-914a-e835cf9dde83,Station Wagon/Sport Utility Vehicle,MAZD -CAR/SUV,2008.0,1.0,M,Licensed,Parked,Right Rear Quarter Panel,Right Rear Quarter Panel,,,,N,,Unspecified,Unspecified,QUEENS,11385.0,"(40.700474, -73.88344)",0.0,0.0,0,0,0,0,0,0,Station Wagon/Sport Utility Vehicle,Sedan,0
17560302,3701642,06/24/2017,14:15,f8922eda-8728-474c-9698-a71b852cce96,Station Wagon/Sport Utility Vehicle,CHRY -CAR/SUV,2009.0,3.0,F,Licensed,Parked,Left Rear Quarter Panel,Left Rear Quarter Panel,Left Side Doors,,,N,,Unspecified,Unspecified,QUEENS,11373.0,"(40.735516, -73.87584)",0.0,0.0,0,0,0,0,0,0,Station Wagon/Sport Utility Vehicle,Sedan,0
17953326,3798944,11/27/2017,10:50,e1f9abe9-99a0-44b2-a31b-d6aa952ff548,Sedan,NISS -CAR/SUV,2013.0,1.0,F,Licensed,Going Straight Ahead,Right Front Quarter Panel,Right Front Quarter Panel,Right Side Doors,,,N,,Unspecified,Unspecified,QUEENS,11418.0,"(40.698902, -73.84669)",0.0,0.0,0,0,0,0,0,0,Sedan,Sedan,0
17430811,3631878,03/13/2017,17:20,d698fc62-b3cc-408f-8e70-f21ab5f18520,Sedan,CHRY -CAR/SUV,1994.0,1.0,M,Licensed,Going Straight Ahead,Right Front Quarter Panel,Right Rear Quarter Panel,Right Front Quarter Panel,Right Side Doors,,N,,Unspecified,Unspecified,,,"(40.827274, -73.904915)",0.0,0.0,0,0,0,0,0,0,Sedan,Sedan,0
17861851,3776150,10/24/2017,21:10,e7bf8e90-0832-4567-b01e-ff0d11287cdb,Sedan,TOYT -CAR/SUV,2014.0,1.0,F,Licensed,Stopped in Traffic,Center Back End,Center Back End,Left Rear Bumper,Right Rear Bumper,No Damage,N,,Unspecified,Unspecified,BROOKLYN,11236.0,"(40.641945, -73.916626)",0.0,0.0,0,0,0,0,0,0,Sedan,Pick-up Truck,0
17920193,3756848,09/25/2017,06:22,ea50027a-b9ab-42a9-91be-3a52989adf94,Sedan,CADI -CAR/SUV,2013.0,1.0,M,Licensed,Going Straight Ahead,Center Back End,Center Back End,No Damage,No Damage,No Damage,N,,Unspecified,Unspecified,,,"(40.82733, -73.8498)",0.0,0.0,0,0,0,0,0,0,Station Wagon/Sport Utility Vehicle,Sedan,0
17913909,3774730,10/21/2017,23:30,422c12c1-e08d-4957-ae88-933c31dfb69e,Sedan,VOLK -CAR/SUV,2015.0,1.0,F,Licensed,Going Straight Ahead,Center Front End,Center Front End,Left Front Bumper,Right Front Bumper,,N,,Passing or Lane Usage Improper,Unspecified,BROOKLYN,11235.0,"(40.583866, -73.93942)",0.0,0.0,0,0,0,0,0,0,Sedan,Sedan,0
17844880,3764473,09/29/2017,12:00,a556c59b-3094-4549-957b-9a4e34a02302,Station Wagon/Sport Utility Vehicle,LEXS -CAR/SUV,2017.0,1.0,F,Licensed,Going Straight Ahead,Center Front End,Center Front End,Right Front Bumper,,,N,,Driver Inattention/Distraction,Unspecified,STATEN ISLAND,10309.0,"(40.527935, -74.234726)",0.0,0.0,0,0,0,0,0,0,Station Wagon/Sport Utility Vehicle,Sedan,0
17465945,3636391,03/20/2017,08:45,5fc7a589-6ac4-4afd-ab01-9f12c5d5e4e3,Garbage or Refuse,MACK-TRUCK/BUS,2009.0,1.0,M,Licensed,Going Straight Ahead,No Damage,No Damage,,,,N,,Unspecified,Unspecified,BRONX,10467.0,"(40.881073, -73.878494)",0.0,0.0,0,0,0,0,0,0,Garbage or Refuse,Sedan,0
17538981,3666112,05/05/2017,14:55,f6064629-44af-451e-96b6-fa7d7006e061,Station Wagon/Sport Utility Vehicle,FORD -CAR/SUV,2017.0,1.0,M,Licensed,Starting in Traffic,Right Side Doors,Right Side Doors,,,,N,,Unspecified,Unspecified,BRONX,10470.0,"(40.90146, -73.86267)",0.0,0.0,0,0,0,0,0,0,Sedan,Station Wagon/Sport Utility Vehicle,0
17626405,3720053,07/25/2017,20:00,091f1c26-3404-40de-809e-0905d463edc6,Station Wagon/Sport Utility Vehicle,TOYT -CAR/SUV,2015.0,0.0,,,Parked,Left Rear Quarter Panel,Left Rear Quarter Panel,Left Rear Bumper,Left Rear Bumper,Left Rear Bumper,N,,Unspecified,Unspecified,BRONX,10458.0,"(40.86749, -73.88323)",0.0,0.0,0,0,0,0,0,0,Station Wagon/Sport Utility Vehicle,,0
17440925,3625931,03/05/2017,00:00,93dd7987-7cfe-4abd-bbf1-055b3a37c4ca,Sedan,FORD -CAR/SUV,2016.0,3.0,F,Licensed,Making Left Turn,Left Rear Quarter Panel,Left Rear Quarter Panel,Left Rear Bumper,No Damage,No Damage,N,,Unspecified,Unspecified,,,"(40.710327, -74.00955)",0.0,0.0,0,0,0,0,0,0,Sedan,Armored Truck,0
17463369,3634560,03/17/2017,21:02,f3243983-cb79-4043-8e16-009cea0aae2c,Sedan,NISS -CAR/SUV,2000.0,2.0,F,Licensed,Going Straight Ahead,Right Front Quarter Panel,Right Front Quarter Panel,Right Front Quarter Panel,,,N,,Unspecified,Unspecified,BROOKLYN,11226.0,"(40.650387, -73.95872)",0.0,0.0,0,0,0,0,0,0,Sedan,Sedan,0
17662380,3717306,07/23/2017,18:00,a0a754e2-6add-4314-b77c-9a92c88ecc45,Sedan,MAZD -CAR/SUV,2011.0,1.0,M,Licensed,Going Straight Ahead,Left Rear Bumper,Right Front Bumper,,,,N,,Backing Unsafely,Unsafe Lane Changing,QUEENS,11106.0,"(40.762363, -73.92946)",1.0,0.0,0,0,0,0,1,0,Sedan,Sedan,1
17086604,3600417,01/15/2017,08:50,18345c6c-776d-4a33-925e-404b4fc082c5,Sedan,TOYT -CAR/SUV,2014.0,1.0,F,Licensed,Starting from Parking,Right Front Bumper,Right Front Quarter Panel,,,,N,,Unspecified,Unspecified,BROOKLYN,11213.0,"(40.668648, -73.92835)",0.0,0.0,0,0,0,0,0,0,Sedan,Sedan,0
17661566,3737124,08/25/2017,08:50,68833690-cc74-4940-85d1-22b5f78ce0a4,Sedan,MERZ -CAR/SUV,2017.0,1.0,F,Licensed,Going Straight Ahead,Left Rear Quarter Panel,Left Rear Quarter Panel,Left Rear Bumper,Undercarriage,,N,,Unspecified,Unspecified,,,"(40.768467, -73.73749)",0.0,0.0,0,0,0,0,0,0,Station Wagon/Sport Utility Vehicle,Sedan,0
17598633,3744975,09/06/2017,23:20,cfaf0841-d38c-4bab-ae05-77a4cb251195,Station Wagon/Sport Utility Vehicle,FORD -CAR/SUV,2015.0,1.0,M,Licensed,Going Straight Ahead,Right Rear Quarter Panel,Right Rear Quarter Panel,No Damage,,,N,,Driver Inexperience,Unspecified,,,,0.0,0.0,0,0,0,0,0,0,Station Wagon/Sport Utility Vehicle,Sedan,0
17606355,3740666,08/30/2017,11:41,68616d64-466f-4d7a-b4d2-c02eb045cf02,Sedan,MERZ -CAR/SUV,2012.0,1.0,F,Licensed,Going Straight Ahead,Center Front End,Center Front End,Right Front Bumper,Left Front Bumper,,Y,,Reaction to Uninvolved Vehicle,Driver Inattention/Distraction,,,,1.0,0.0,0,0,0,0,1,0,Sedan,,1
17628299,3727712,08/07/2017,16:20,811e4251-9767-4c9c-aaed-670f5dee60d9,Station Wagon/Sport Utility Vehicle,NISS -CAR/SUV,2016.0,1.0,F,Licensed,Starting from Parking,Right Front Quarter Panel,Right Front Quarter Panel,Left Front Bumper,Left Front Quarter Panel,,N,,Failure to Yield Right-of-Way,Unspecified,BROOKLYN,11219.0,"(40.63426, -73.98934)",0.0,0.0,0,0,0,0,0,0,Station Wagon/Sport Utility Vehicle,Station Wagon/Sport Utility Vehicle,0
17448169,3652811,04/15/2017,17:15,40e7ca40-fbe5-4f56-a0c0-0f258b743a7e,Sedan,NISS -CAR/SUV,2005.0,1.0,M,Licensed,Going Straight Ahead,Center Front End,Right Front Quarter Panel,Right Front Bumper,No Damage,No Damage,Unspecified,,Other Vehicular,Unspecified,BRONX,10474.0,"(40.807537, -73.8798)",0.0,0.0,0,0,0,0,0,0,Station Wagon/Sport Utility Vehicle,Sedan,0
17970153,3776478,10/24/2017,14:30,e72eda94-bfa9-4bf4-9ddd-02ed8b46f113,Station Wagon/Sport Utility Vehicle,TOYT -CAR/SUV,2017.0,1.0,M,Licensed,Stopped in Traffic,Center Back End,Center Back End,Right Rear Bumper,,,N,,Unspecified,Unspecified,,,"(40.75834, -73.95775)",1.0,0.0,0,0,0,0,1,0,Taxi,Station Wagon/Sport Utility Vehicle,1
17466970,3637349,03/23/2017,02:06,b883acbb-0eca-4c1b-8919-d44ac106d325,Station Wagon/Sport Utility Vehicle,CADI -CAR/SUV,2011.0,0.0,,,Parked,Left Side Doors,Left Side Doors,Left Front Quarter Panel,Left Front Bumper,,N,,Unspecified,Unspecified,BRONX,10461.0,"(40.854465, -73.833916)",0.0,0.0,0,0,0,0,0,0,Sedan,Station Wagon/Sport Utility Vehicle,0