UNIQUE_ID,COLLISION_ID,CRASH_DATE,CRASH_TIME,VEHICLE_ID,VEHICLE_TYPE,VEHICLE_MAKE,VEHICLE_YEAR,VEHICLE_OCCUPANTS,DRIVER_SEX,DRIVER_LICENSE_STATUS,PRE_CRASH,POINT_OF_IMPACT,VEHICLE_DAMAGE,VEHICLE_DAMAGE_1,VEHICLE_DAMAGE_2,VEHICLE_DAMAGE_3,PUBLIC_PROPERTY_DAMAGE,PUBLIC_PROPERTY_DAMAGE_TYPE,CONTRIBUTING_FACTOR_1,CONTRIBUTING_FACTOR_2,BOROUGH,ZIP CODE,LOCATION,NUMBER OF PERSONS INJURED,NUMBER OF PERSONS KILLED,NUMBER OF PEDESTRIANS INJURED,NUMBER OF PEDESTRIANS KILLED,NUMBER OF CYCLIST INJURED,NUMBER OF CYCLIST KILLED,NUMBER OF MOTORIST INJURED,NUMBER OF MOTORIST KILLED,VEHICLE TYPE CODE 1,VEHICLE TYPE CODE 2,Severity
17563915,3699903,06/25/2017,21:40,97803b10-cd43-4f7b-811a-900f6035bded,Sedan,NISS -CAR/SUV,2017.0,0.0,,,Parked,Center Back End,Center Back End,Right Rear Bumper,,,N,,Unspecified,Unspecified,BROOKLYN,11210.0,"(40.62334, -73.95595)",0.0,0.0,0,0,0,0,0,0,Van,Sedan,0
17900810,3753353,09/14/2017,08:30,4903e21f-c50b-41d2-b797-5064e7765dd2,Sedan,HOND -CAR/SUV,2009.0,1.0,F,Licensed,Parked,Right Front Bumper,Right Front Bumper,,,,Unspecified,,Driver Inattention/Distraction,Driver Inattention/Distraction,,,"(40.63264, -74.16037)",1.0,0.0,0,0,0,0,1,0,Sedan,Sedan,1
17934613,3786768,11/08/2017,19:00,731423a9-9396-44da-9773-7c955e6b44f6,Sedan,LEXS -CAR/SUV,2017.0,1.0,M,Licensed,Going Straight Ahead,Center Front End,Center Front End,Left Front Quarter Panel,No Damage,No Damage,N,,Unspecified,Unspecified,,,"(40.69993, -73.96188)",1.0,0.0,0,0,0,0,1,0,Sedan,Sedan,1
19665691,3736507,08/24/2017,12:55,6cf97c6b-f916-4b3c-980c-f28afbb5c9fc,Sedan,HYUN -CAR/SUV,2007.0,2.0,M,Licensed,Going Straight Ahead,Right Side Doors,Right Front Quarter Panel,Right Rear Quarter Panel,,,N,,Unspecified,Unspecified,,,"(40.746174, -73.82473)",1.0,0.0,0,0,0,0,1,0,Sedan,Station Wagon/Sport Utility Vehicle,1
17847742,3759399,09/27/2017,18:15,797a2c3e-28e2-49ba-9790-e54918ecde31,Pick-up Truck,TOYT -CAR/SUV,2012.0,1.0,M,Licensed,Going Straight Ahead,Left Front Bumper,Left Front Bumper,Center Front End,,,N,,Unspecified,Unspecified,BRONX,10459.0,"(40.820087, -73.89056)",0.0,0.0,0,0,0,0,0,0,Sedan,Pick-up Truck,0
17446528,3636159,03/20/2017,13:30,c87cf533-c022-4b52-a5d9-50116f608fca,Box Truck,MITS-TRUCK/BUS,2004.0,1.0,M,Licensed,Passing,Right Front Quarter Panel,Right Front Quarter Panel,,,,N,,Driver Inattention/Distraction,Unspecified,MANHATTAN,10002.0,"(40.719917, -73.99018)",0.0,0.0,0,0,0,0,0,0,Station Wagon/Sport Utility Vehicle,Box Truck,0
17582900,3704635,07/03/2017,22:30,e06e0e00-b4ee-4595-8530-4c9094f97207,Sedan,TOYT -CAR/SUV,2014.0,2.0,F,Licensed,Changing Lanes,Center Back End,Center Back End,Left Rear Bumper,Right Rear Bumper,,N,,Reaction to Uninvolved Vehicle,Driver Inattention/Distraction,,,"(40.744465, -73.77179)",0.0,0.0,0,0,0,0,0,0,Sedan,Sedan,0
17908205,3776457,10/25/2017,08:13,27b47c50-7223-46f8-9f49-2b50806e6661,Sedan,TOYT -CAR/SUV,2001.0,1.0,M,Licensed,Making Left Turn,Right Rear Quarter Panel,Right Rear Quarter Panel,Right Rear Bumper,No Damage,No Damage,N,,Failure to Yield Right-of-Way,Unspecified,,,,0.0,0.0,0,0,0,0,0,0,Sedan,Sedan,0
17553463,3694437,06/19/2017,18:07,3cc00f8a-861e-4e94-87c8-5ed646ba94ee,Station Wagon/Sport Utility Vehicle,MAZD -CAR/SUV,2016.0,1.0,F,Licensed,Stopped in Traffic,Left Rear Bumper,Left Rear Bumper,,,,N,,Unspecified,Unspecified,,,"(40.882923, -73.88711)",0.0,0.0,0,0,0,0,0,0,Station Wagon/Sport Utility Vehicle,Station Wagon/Sport Utility Vehicle,0
17538115,3674958,05/21/2017,03:10,b69dad09-14ca-4269-a4a4-ddbd75e19a61,Station Wagon/Sport Utility Vehicle,TOYT -CAR/SUV,2017.0,1.0,M,Licensed,Stopped in Traffic,Center Back End,Center Back End,No Damage,No Damage,No Damage,N,,Unspecified,Unspecified,BROOKLYN,11206.0,"(40.707493, -73.94153)",0.0,0.0,0,0,0,0,0,0,Station Wagon/Sport Utility Vehicle,,0
17111042,3626651,02/24/2017,10:52,19652962-1e86-4904-81b3-d68083dc6c0b,Sedan,HOND -CAR/SUV,2017.0,2.0,M,Licensed,Going Straight Ahead,Center Back End,Center Back End,Right Rear Bumper,Left Rear Bumper,,N,,Unspecified,Unspecified,,,"(40.687576, -73.9998)",0.0,0.0,0,0,0,0,0,0,Sedan,Sedan,0
17850468,3770259,10/14/2017,20:20,6e7dc5fa-eed8-48b4-889f-01102e16f932,Sedan,AUDI -CAR/SUV,2013.0,1.0,F,Licensed,Making Right Turn,Right Front Bumper,Right Front Bumper,,,,N,,Unspecified,Unspecified,MANHATTAN,10034.0,"(40.864292, -73.918564)",1.0,0.0,0,0,0,0,1,0,Sedan,Sedan,1
17933236,3779871,10/26/2017,17:30,cb46ad2b-52a6-4c9f-b56f-aeb587e752ed,Box Truck,mack,2006.0,1.0,M,Licensed,Going Straight Ahead,Right Front Quarter Panel,Right Front Quarter Panel,,,,Unspecified,,Driver Inattention/Distraction,Driver Inattention/Distraction,,,"(40.69773, -73.81409)",0.0,0.0,0,0,0,0,0,0,Sedan,Box Truck,0
17120550,3621269,02/22/2017,15:00,6a59efd9-03be-4099-9e78-9aebc7bbc364,Taxi,TOYT -CAR/SUV,2012.0,1.0,M,Licensed,Going Straight Ahead,Center Back End,Center Back End,,,,Unspecified,,Driver Inattention/Distraction,Driver Inattention/Distraction,MANHATTAN,10016.0,"(40.74216, -73.977745)",0.0,0.0,0,0,0,0,0,0,Taxi,Taxi,0
17901741,3753072,09/17/2017,00:05,934583f9-21ae-4201-9bcd-94ce082b3335,Station Wagon/Sport Utility Vehicle,HOND -CAR/SUV,2007.0,1.0,M,Licensed,Parked,Left Rear Quarter Panel,Left Rear Quarter Panel,Left Side Doors,Left Front Quarter Panel,,N,,Unspecified,Unspecified,,,"(40.713158, -73.943275)",0.0,0.0,0,0,0,0,0,0,Motorcycle,Station Wagon/Sport Utility Vehicle,0
17556632,3680491,05/27/2017,00:35,f7975e0b-6d13-4c1f-950b-3c5b335e7597,Station Wagon/Sport Utility Vehicle,HOND -CAR/SUV,2014.0,1.0,F,Licensed,Making Left Turn,Left Side Doors,Left Side Doors,No Damage,No Damage,No Damage,N,,Unspecified,Unspecified,MANHATTAN,10022.0,"(40.762962, -73.97188)",0.0,0.0,0,0,0,0,0,0,Station Wagon/Sport Utility Vehicle,Taxi,0
17560652,3664522,05/05/2017,11:20,3c75cdba-ad9e-45cd-8f3d-8d7a0a680aea,Sedan,VOLK -CAR/SUV,1999.0,1.0,M,Licensed,Changing Lanes,Right Front Bumper,Right Front Bumper,,,,N,,Unsafe Lane Changing,Driver Inattention/Distraction,,,"(40.762825, -73.93398)",0.0,0.0,0,0,0,0,0,0,Sedan,Sedan,0
17496413,3705357,07/02/2017,11:45,eb2e27b0-5490-4be8-996d-aa42266317c5,Sedan,TOYT -CAR/SUV,2015.0,1.0,M,Licensed,Going Straight Ahead,Center Front End,Center Front End,Right Front Bumper,,,N,,Unspecified,Unspecified,,,"(40.86614, -73.92773)",2.0,0.0,0,0,0,0,2,0,Sedan,Sedan,1
17525817,3655123,04/20/2017,06:30,b54a5f70-1984-47c5-b170-822b2f1870bd,Station Wagon/Sport Utility Vehicle,JEEP -CAR/SUV,2016.0,1.0,F,Licensed,Stopped in Traffic,Center Back End,Center Back End,Left Rear Bumper,Right Rear Bumper,,N,,Unspecified,Unspecified,,,"(40.753082, -73.72459)",1.0,0.0,0,0,0,0,1,0,Station Wagon/Sport Utility Vehicle,Station Wagon/Sport Utility Vehicle,1
17825874,3776522,10/23/2017,09:00,5340f71d-0257-451a-bfe2-e3663c35a2fb,Van,WHGM-TRUCK/BUS,1995.0,2.0,M,Unlicensed,Making Right Turn,No Damage,No Damage,No Damage,,,N,,Driver Inattention/Distraction,Oversized Vehicle,,,"(40.688454, -73.930176)",1.0,0.0,0,0,0,0,1,0,Station Wagon/Sport Utility Vehicle,Van,1
17140166,3625873,03/04/2017,11:23,fc1b111f-7237-48c4-a088-38d7e9b214a9,Sedan,LEXS -CAR/SUV,2008.0,2.0,F,Licensed,Slowing or Stopping,Center Back End,Left Rear Bumper,Right Rear Bumper,,,N,,Unspecified,Unspecified,,,"(40.75727, -73.74765)",0.0,0.0,0,0,0,0,0,0,Station Wagon/Sport Utility Vehicle,Sedan,0
17514398,3685059,06/06/2017,11:04,62152d80-6d3b-475d-9650-dc01eb87d5ee,Station Wagon/Sport Utility Vehicle,HONDA,2010.0,0.0,,,Parked,Left Front Quarter Panel,Left Front Bumper,,,,N,,Unspecified,Unspecified,STATEN ISLAND,10310.0,"(40.6284, -74.124596)",0.0,0.0,0,0,0,0,0,0,Station Wagon/Sport Utility Vehicle,Van,0
17132596,3623013,02/27/2017,17:30,f4ce5011-726d-4298-b361-d52a821141f4,Sedan,HOND -CAR/SUV,2017.0,0.0,,,Parked,Right Rear Bumper,Right Rear Bumper,,,,N,,Unspecified,Unspecified,BRONX,10475.0,"(40.86718, -73.831)",0.0,0.0,0,0,0,0,0,0,Sedan,,0
17973241,3807885,12/06/2017,07:00,e67c5f8d-d9e6-4107-ab61-34c63b246d93,Tractor Truck Diesel,PTRB-TRUCK/BUS,2008.0,1.0,M,Licensed,Going Straight Ahead,Right Front Bumper,Right Front Bumper,,,,N,,Unspecified,Unspecified,,,"(40.61023, -74.10529)",0.0,0.0,0,0,0,0,0,0,Tractor Truck Diesel,Station Wagon/Sport Utility Vehicle,0
17862693,3748339,09/07/2017,23:00,7c4ea701-469b-472c-b6f3-ff2f897f8eff,Station Wagon/Sport Utility Vehicle,HOND -CAR/SUV,2015.0,1.0,M,Licensed,Going Straight Ahead,Left Front Bumper,Left Front Bumper,Left Front Quarter Panel,,,N,,Unspecified,Unspecified,MANHATTAN,10002.0,"(40.723648, -73.99103)",0.0,0.0,0,0,0,0,0,0,Station Wagon/Sport Utility Vehicle,Sedan,0
17960382,3807714,12/12/2017,18:00,0f12c8a9-a714-41a1-acdc-918e80330678,Sedan,HOND -CAR/SUV,2008.0,0.0,,,Parked,Left Side Doors,Right Front Bumper,Right Front Quarter Panel,Left Side Doors,Left Rear Quarter Panel,N,,Unspecified,Unspecified,,,"(40.70867, -73.83419)",0.0,0.0,0,0,0,0,0,0,Sedan,Sedan,0
17655386,3735607,08/22/2017,12:40,1859bb3f-a0f9-4579-a8f0-929b5e7496ec,Sedan,TOYT -CAR/SUV,2015.0,1.0,F,Licensed,Stopped in Traffic,Center Front End,Left Front Bumper,,,,N,,Unspecified,Unspecified,BRONX,10461.0,"(40.84299, -73.82625)",0.0,0.0,0,0,0,0,0,0,Tanker,Sedan,0
17126774,3601937,01/21/2017,18:55,4a9289e2-d170-48c1-bd1f-cd81d91862dc,Station Wagon/Sport Utility Vehicle,BUIC -CAR/SUV,2012.0,2.0,M,Licensed,Making Left Turn,Right Front Quarter Panel,Right Front Quarter Panel,,,,N,,Failure to Yield Right-of-Way,Unspecified,,,,0.0,0.0,0,0,0,0,0,0,Sedan,Station Wagon/Sport Utility Vehicle,0
17983690,3810707,12/15/2017,14:30,a77a2bac-5586-48ab-af1b-634f413f9535,Sedan,HYUN -CAR/SUV,2014.0,1.0,M,Licensed,Making Right Turn,Right Side Doors,Right Side Doors,Right Rear Quarter Panel,,,N,,Pavement Slippery,Unspecified,QUEENS,11102.0,"(40.77079, -73.92079)",0.0,0.0,0,0,0,0,0,0,Sedan,Station Wagon/Sport Utility Vehicle,0
19632987,3767818,10/07/2017,12:00,0ab8b948-29e7-4502-9faa-529045fad76a,Sedan,FORD -CAR/SUV,2017.0,1.0,M,Licensed,Entering Parked Position,Center Back End,No Damage,,,,N,,Backing Unsafely,Unspecified,MANHATTAN,10001.0,"(40.744762, -73.99517)",0.0,0.0,0,0,0,0,0,0,Sedan,Station Wagon/Sport Utility Vehicle,0
17874956,3760930,09/30/2017,14:00,b7f04b20-310c-4463-a444-de4df61e798b,Sedan,HOND -CAR/SUV,2017.0,0.0,,,Parked,Left Front Quarter Panel,Left Front Quarter Panel,Left Front Bumper,,,N,,Unspecified,Unspecified,BRONX,10457.0,"(40.848072, -73.89099)",0.0,0.0,0,0,0,0,0,0,Sedan,,0
17503708,3698748,06/25/2017,03:00,198ea780-dfe1-4bff-8b34-acf3abe0ca18,Sedan,BMW -CAR/SUV,2015.0,1.0,M,Licensed,Going Straight Ahead,Left Front Bumper,Center Front End,,No Damage,Right Front Bumper,N,,Unspecified,Unspecified,BROOKLYN,11236.0,"(40.634407, -73.91207)",0.0,0.0,0,0,0,0,0,0,Sedan,Sedan,0
17872200,3801402,12/02/2017,20:00,f68af9fb-5e27-4762-b7ac-4fee6aaaf144,Taxi,FORD -CAR/SUV,9999.0,1.0,M,Licensed,Starting from Parking,Right Rear Bumper,No Damage,No Damage,No Damage,,N,,Driver Inattention/Distraction,Steering Failure,BROOKLYN,11217.0,"(40.680775, -73.97448)",0.0,0.0,0,0,0,0,0,0,Taxi,Sedan,0
17956907,3768808,10/13/2017,18:54,44630656-ddb7-4e90-a7fb-749f081fef5b,Pick-up Truck,FORD -CAR/SUV,2016.0,1.0,F,Licensed,Going Straight Ahead,Right Front Quarter Panel,Right Front Quarter Panel,,,,N,,Passing or Lane Usage Improper,Unspecified,,,,0.0,0.0,0,0,0,0,0,0,Sedan,Pick-up Truck,0
17623149,3721448,07/30/2017,16:00,6cd1d7dd-580c-485b-8c32-0829ef3f28ad,Sedan,HOND -CAR/SUV,2002.0,1.0,,,Going Straight Ahead,Center Front End,Center Front End,,,,N,,Driver Inattention/Distraction,Following Too Closely,,,"(40.73319, -73.866875)",0.0,0.0,0,0,0,0,0,0,Station Wagon/Sport Utility Vehicle,Sedan,0
17500157,3641350,03/29/2017,20:40,b08deded-1d0c-4f8c-ae53-44751521a993,Station Wagon/Sport Utility Vehicle,HYUN -CAR/SUV,2013.0,1.0,M,Licensed,Going Straight Ahead,Left Rear Bumper,Left Rear Bumper,,,,N,,Unspecified,Unspecified,,,"(40.750175, -73.74114)",0.0,0.0,0,0,0,0,0,0,Station Wagon/Sport Utility Vehicle,Sedan,0
17605203,3715533,07/20/2017,12:00,9d386a8e-458f-4dbd-9aad-40076327711a,Sedan,DODG -CAR/SUV,2013.0,2.0,F,Licensed,Going Straight Ahead,Left Front Bumper,Left Front Quarter Panel,Left Front Bumper,Left Front Quarter Panel,Left Front Bumper,N,,Driver Inattention/Distraction,Reaction to Uninvolved Vehicle,BROOKLYN,11206.0,"(40.69529, -73.94339)",1.0,0.0,0,0,1,0,0,0,Sedan,Bike,1
17665986,3741271,08/30/2017,16:00,e350a43f-183f-485c-8479-3d8980fd8fff,Motorcycle,KAWK -MCL,2006.0,0.0,,,Parked,Left Rear Quarter Panel,Right Side Doors,Right Rear Quarter Panel,Right Rear Bumper,,N,,Unspecified,Unspecified,QUEENS,11377.0,,0.0,0.0,0,0,0,0,0,0,Motorcycle,Sedan,0
17995116,3819078,12/31/2017,14:00,3fb75edc-ffa4-44ad-afe3-0e4aad0d1dfe,Station Wagon/Sport Utility Vehicle,LEXS -CAR/SUV,2017.0,1.0,F,Licensed,Going Straight Ahead,Right Rear Bumper,Right Rear Bumper,,,,N,,Unspecified,Unspecified,QUEENS,11434.0,"(40.667236, -73.770004)",1.0,0.0,0,0,0,0,1,0,Station Wagon/Sport Utility Vehicle,Sedan,1
19629650,3806022,12/09/2017,06:45,ac14c72b-9ba1-474c-9f41-495d7d5f825b,Station Wagon/Sport Utility Vehicle,SUBA -CAR/SUV,2015.0,0.0,,,Parked,Center Back End,Center Front End,,,,N,,Unspecified,Unspecified,BROOKLYN,11238.0,"(40.67329, -73.95703)",0.0,0.0,0,0,0,0,0,0,Station Wagon/Sport Utility Vehicle,Station Wagon/Sport Utility Vehicle,0
17661387,3746103,09/04/2017,17:53,e50ca1ce-cfa3-4121-a9b3-c02802a7a681,Sedan,BUIC -CAR/SUV,2000.0,1.0,,,Going Straight Ahead,Center Front End,Center Front End,,,,N,,Unspecified,Unspecified,QUEENS,11412.0,"(40.6934, -73.75602)",1.0,0.0,0,0,0,0,1,0,Sedan,Sedan,1
17680623,3824464,12/24/2017,21:40,37522fcd-69d9-4adc-ab0e-96caf8a97886,Sedan,HOND -CAR/SUV,2017.0,1.0,M,Licensed,Going Straight Ahead,Center Back End,Left Rear Bumper,Right Rear Bumper,,,N,,Unspecified,Unspecified,,,"(40.69168, -73.999344)",0.0,0.0,0,0,0,0,0,0,Sedan,Sedan,0
17444864,3645292,04/04/2017,00:00,6b3f35d1-7bac-44e5-a565-d00f9a01d019,Pick-up Truck,FORD -CAR/SUV,2015.0,1.0,M,Licensed,Going Straight Ahead,Left Side Doors,Left Side Doors,,,,N,,Unspecified,Unspecified,,,"(40.671787, -73.95311)",0.0,0.0,0,0,0,0,0,0,Pick-up Truck,Sedan,0
17537565,3667668,05/04/2017,11:00,99b00ef8-336d-43ca-a839-78a1993f761d,Sedan,FORD -CAR/SUV,2005.0,1.0,M,Unlicensed,Backing,Left Side Doors,No Damage,Left Rear Quarter Panel,Left Rear Bumper,No Damage,N,,Backing Unsafely,Backing Unsafely,BROOKLYN,11203.0,"(40.65249, -73.92179)",0.0,0.0,0,0,0,0,0,0,Sedan,Motorcycle,0
17626283,3722920,08/01/2017,18:10,84f3ed9c-94df-4e26-ae35-6cf284f669a1,Sedan,HOND -CAR/SUV,2017.0,1.0,F,Licensed,Parked,Right Front Quarter Panel,Right Front Quarter Panel,,,,N,,Unspecified,Alcohol Involvement,BROOKLYN,11218.0,"(40.64315, -73.97548)",0.0,0.0,0,0,0,0,0,0,Taxi,Sedan,0
17973468,3804464,12/06/2017,17:55,cbe77d69-5566-42fd-a2e0-e6651a0321e2,Sedan,MERZ -CAR/SUV,2016.0,1.0,F,,Stopped in Traffic,Right Front Quarter Panel,Right Front Quarter Panel,Right Front Bumper,,,N,,Traffic Control Disregarded,Unspecified,STATEN ISLAND,10304.0,"(40.60769, -74.08945)",0.0,0.0,0,0,0,0,0,0,Sedan,Sedan,0
17122842,3623436,02/28/2017,14:30,6aa556ae-f972-46e8-8855-6d12fb09da17,Sedan,NISS -CAR/SUV,2012.0,1.0,M,Licensed,Going Straight Ahead,Left Side Doors,Left Front Quarter Panel,Left Rear Quarter Panel,,,N,,Traffic Control Disregarded,Unspecified,,,"(40.799984, -73.94275)",0.0,0.0,0,0,0,0,0,0,Station Wagon/Sport Utility Vehicle,Sedan,0
17944895,3789177,11/13/2017,09:18,f0ad3635-e5cb-4016-9aa2-97cb13309409,Station Wagon/Sport Utility Vehicle,SUBA -CAR/SUV,2016.0,1.0,F,Licensed,Slowing or Stopping,Left Rear Bumper,Left Rear Bumper,Center Back End,Left Rear Quarter Panel,,N,,Unspecified,Unspecified,,,"(40.716957, -73.82655)",0.0,0.0,0,0,0,0,0,0,Station Wagon/Sport Utility Vehicle,Flat Bed,0
17855845,3815131,12/21/2017,23:10,18563648-a3db-4ac7-a561-6685a52d05b5,Taxi,TOYT -CAR/SUV,2014.0,1.0,M,Unlicensed,Passing,Right Front Bumper,Right Front Bumper,Center Front End,Right Front Quarter Panel,No Damage,N,,Driver Inattention/Distraction,Passing Too Closely,BROOKLYN,11238.0,"(40.685852, -73.96738)",0.0,0.0,0,0,0,0,0,0,Taxi,Sedan,0
17550266,3699649,06/26/2017,19:11,01f353dd-2619-46db-9121-97c495ee9331,Station Wagon/Sport Utility Vehicle,NISS -CAR/SUV,2002.0,2.0,F,Licensed,Going Straight Ahead,Center Front End,Center Front End,,,,N,,Following Too Closely,Unspecified,,,"(40.72545, -73.837776)",0.0,0.0,0,0,0,0,0,0,Sedan,Station Wagon/Sport Utility Vehicle,0
17459989,3628210,03/07/2017,14:42,2107c71f-994c-4856-b26a-ed131c2e2b65,Taxi,TOYT -CAR/SUV,2013.0,1.0,M,Licensed,Going Straight Ahead,Left Front Bumper,No Damage,No Damage,No Damage,No Damage,N,,Driver Inattention/Distraction,Unspecified,MANHATTAN,10019.0,"(40.769005, -73.992355)",0.0,0.0,0,0,0,0,0,0,Van,Taxi,0
17470454,3638653,03/23/2017,06:35,73a427d7-ab30-4a39-9903-92baf4cec8ef,Sedan,CHEV -CAR/SUV,2005.0,1.0,M,Licensed,Going Straight Ahead,Left Front Quarter Panel,Left Front Quarter Panel,Left Front Bumper,No Damage,No Damage,N,,Unspecified,Unspecified,BROOKLYN,11220.0,"(40.635494, -74.00957)",0.0,0.0,0,0,0,0,0,0,Sedan,Sedan,0
17604448,3742669,09/01/2017,15:45,9d81bd2c-5054-49ac-8b19-e5ec174c3d2a,Sedan,ACUR -CAR/SUV,2004.0,1.0,M,Licensed,Making Left Turn,Left Side Doors,Left Side Doors,No Damage,No Damage,No Damage,N,,Turning Improperly,Unspecified,,,"(40.76889, -73.9821)",0.0,0.0,0,0,0,0,0,0,Taxi,Sedan,0
17884447,3804980,12/02/2017,00:00,718191a8-4924-436e-a7a9-c0aee99ecf2a,Sedan,TOYT -CAR/SUV,2016.0,0.0,M,Licensed,Making Right Turn,Left Front Quarter Panel,Left Side Doors,,,,N,,Unspecified,Unspecified,BROOKLYN,11206.0,"(40.698265, -73.93399)",0.0,0.0,0,0,0,0,0,0,Sedan,Sedan,0
17499137,3653848,04/19/2017,14:40,9ad3a775-c6e3-4250-b434-49904b5a0f8b,Sedan,BMW -CAR/SUV,2017.0,1.0,F,Licensed,Going Straight Ahead,Left Front Bumper,Left Front Bumper,,,,N,,Aggressive Driving/Road Rage,Driver Inattention/Distraction,,,"(40.58502, -74.14763)",2.0,0.0,0,0,0,0,2,0,Sedan,Station Wagon/Sport Utility Vehicle,1
17100463,3618895,02/10/2017,20:00,c07706e4-0126-4af6-b3ab-b56a2a9b9ae8,Station Wagon/Sport Utility Vehicle,BMW -CAR/SUV,2006.0,1.0,F,Licensed,Parked,Left Front Bumper,Left Front Bumper,No Damage,No Damage,No Damage,N,,Passing or Lane Usage Improper,Unspecified,,,"(40.866333, -73.92501)",0.0,0.0,0,0,0,0,0,0,Station Wagon/Sport Utility Vehicle,Station Wagon/Sport Utility Vehicle,0
17643276,3739067,08/23/2017,14:00,0b811982-ad2d-4acc-954d-4dee86cea30a,Sedan,SUBA -CAR/SUV,2017.0,1.0,M,Licensed,Going Straight Ahead,Right Front Quarter Panel,Right Front Quarter Panel,,,,N,,Passing Too Closely,Unspecified,BRONX,10451.0,"(40.826397, -73.92116)",0.0,0.0,0,0,0,0,0,0,Sedan,Sedan,0
17445107,3631572,03/11/2017,13:30,61e590f3-9c00-4bcf-a705-eb80b4f6d055,Tow Truck / Wrecker,INTL-TRUCK/BUS,2015.0,0.0,,,Parked,Left Front Quarter Panel,Left Front Quarter Panel,,,,Unspecified,,Unspecified,Unspecified,BROOKLYN,11234.0,"(40.618458, -73.92682)",0.0,0.0,0,0,0,0,0,0,Bus,Tow Truck / Wrecker,0
17595638,3712966,07/17/2017,16:05,b808c811-926d-4a3d-a39b-52eaae303a63,Station Wagon/Sport Utility Vehicle,BMW -CAR/SUV,2013.0,1.0,M,Licensed,Stopped in Traffic,Right Rear Bumper,Right Rear Bumper,No Damage,No Damage,No Damage,N,,Unspecified,Unspecified,,,"(40.82815, -73.93491)",0.0,0.0,0,0,0,0,0,0,Sedan,Station Wagon/Sport Utility Vehicle,0
17627547,3701522,06/28/2017,22:20,31617ff4-e5ff-4a60-a4f8-6ff6a9c54669,Sedan,TOYT -CAR/SUV,2014.0,4.0,M,Licensed,Going Straight Ahead,Center Front End,Center Front End,Right Front Bumper,,,N,,Following Too Closely,Driver Inattention/Distraction,BRONX,10462.0,"(40.84192, -73.85809)",3.0,0.0,0,0,0,0,3,0,Sedan,Sedan,1
17949163,3796501,11/24/2017,01:46,59041d57-817e-4cd8-8f10-ffe22aedaa0e,Sedan,VOLK -CAR/SUV,2015.0,0.0,,,Parked,Left Front Quarter Panel,Left Front Quarter Panel,,,,N,,Unspecified,Unspecified,,,"(40.584057, -74.16102)",0.0,0.0,0,0,0,0,0,0,Sedan,,0
17471619,3633188,03/16/2017,10:00,9ba95ea8-5a3c-4219-872e-787fa9f8b562,Station Wagon/Sport Utility Vehicle,starc,2015.0,0.0,,,Parked,No Damage,No Damage,,,,N,,Unspecified,Unspecified,,,"(40.68097, -73.771645)",0.0,0.0,0,0,0,0,0,0,Station Wagon/Sport Utility Vehicle,Station Wagon/Sport Utility Vehicle,0
17547254,3634208,03/17/2017,13:00,9dfafe6b-f27f-44fb-97aa-29d42611f42c,Station Wagon/Sport Utility Vehicle,JEEP -CAR/SUV,2016.0,1.0,F,Licensed,Backing,Left Rear Bumper,Left Rear Bumper,Center Back End,Left Rear Quarter Panel,,N,,Backing Unsafely,Unspecified,QUEENS,11356.0,"(40.787758, -73.83736)",0.0,0.0,0,0,0,0,0,0,Station Wagon/Sport Utility Vehicle,Station Wagon/Sport Utility Vehicle,0
17825077,3782371,11/02/2017,11:05,7c4a2909-5cde-4248-9946-657f9931e938,Sedan,BMW -CAR/SUV,2016.0,1.0,,,Parked,Other,Other,Other,Other,Other,N,,Unspecified,Unspecified,MANHATTAN,10025.0,"(40.796642, -73.96848)",0.0,0.0,0,0,0,0,0,0,Station Wagon/Sport Utility Vehicle,Sedan,0
17521265,3655709,04/22/2017,18:35,b5660e2a-daed-4d9f-b7e5-f2cf93254772,Station Wagon/Sport Utility Vehicle,NISS -CAR/SUV,2014.0,1.0,M,Licensed,Making Left Turn,Right Front Quarter Panel,Right Side Doors,Right Front Quarter Panel,Right Rear Quarter Panel,No Damage,N,,Traffic Control Disregarded,Turning Improperly,,,"(40.875492, -73.86052)",1.0,0.0,0,0,1,0,0,0,Station Wagon/Sport Utility Vehicle,Bike,1
17542351,3684906,06/06/2017,08:57,654e61ac-be72-4db0-b5a3-c5adbe1650a2,Taxi,TOYT -CAR/SUV,2015.0,1.0,M,Licensed,Changing Lanes,Left Rear Bumper,Left Rear Bumper,,,,N,,Unsafe Lane Changing,Unspecified,MANHATTAN,10017.0,"(40.752117, -73.97556)",0.0,0.0,0,0,0,0,0,0,Taxi,Taxi,0
17127701,3620420,02/23/2017,09:36,0385134a-9d23-4438-a698-8ec643922516,Van,NISS-TRUCK/BUS,2014.0,1.0,M,Licensed,Going Straight Ahead,Left Front Bumper,Left Front Bumper,,,,N,,Unspecified,Unspecified,MANHATTAN,10022.0,"(40.760254, -73.967545)",0.0,0.0,0,0,0,0,0,0,Sedan,Van,0
17913493,3777302,10/26/2017,09:56,60d441e0-04b9-4e89-91a3-3837a298473c,Bus,THOMAS MVP,2011.0,1.0,M,Licensed,Making Left Turn,Right Rear Quarter Panel,No Damage,No Damage,No Damage,No Damage,N,,Driver Inattention/Distraction,Turning Improperly,MANHATTAN,10017.0,"(40.7501, -73.974945)",0.0,0.0,0,0,0,0,0,0,Sedan,Bus,0
17953256,3800465,11/30/2017,15:00,7a401d52-246e-4c1e-aa7d-9def379336c8,Sedan,TOYT -CAR/SUV,2017.0,,,,Going Straight Ahead,,,,,,Unspecified,,Unspecified,Unspecified,,,"(40.624958, -74.145775)",0.0,0.0,0,0,0,0,0,0,Sedan,Sedan,0