UNIQUE_ID,COLLISION_ID,CRASH_DATE,CRASH_TIME,VEHICLE_ID,VEHICLE_TYPE,VEHICLE_MAKE,VEHICLE_YEAR,VEHICLE_OCCUPANTS,DRIVER_SEX,DRIVER_LICENSE_STATUS,PRE_CRASH,POINT_OF_IMPACT,VEHICLE_DAMAGE,VEHICLE_DAMAGE_1,VEHICLE_DAMAGE_2,VEHICLE_DAMAGE_3,PUBLIC_PROPERTY_DAMAGE,PUBLIC_PROPERTY_DAMAGE_TYPE,CONTRIBUTING_FACTOR_1,CONTRIBUTING_FACTOR_2,BOROUGH,ZIP CODE,LOCATION,NUMBER OF PERSONS INJURED,NUMBER OF PERSONS KILLED,NUMBER OF PEDESTRIANS INJURED,NUMBER OF PEDESTRIANS KILLED,NUMBER OF CYCLIST INJURED,NUMBER OF CYCLIST KILLED,NUMBER OF MOTORIST INJURED,NUMBER OF MOTORIST KILLED,VEHICLE TYPE CODE 1,VEHICLE TYPE CODE 2,Severity
17089156,3595432,01/10/2017,00:10,22d2b133-a50f-44d2-9ebb-59e262a7154f,Sedan,NISS -CAR/SUV,2017.0,2.0,M,Licensed,Going Straight Ahead,Center Back End,Center Back End,,,,Unspecified,,Unspecified,Unspecified,QUEENS,11367.0,"(40.726685, -73.82183)",3.0,0.0,0,0,0,0,3,0,Sedan,Station Wagon/Sport Utility Vehicle,1
17124255,3621864,02/25/2017,08:49,aa3c362f-a774-4820-81e5-2e16c5dd74c6,Sedan,TOYT -CAR/SUV,2012.0,1.0,M,Licensed,Going Straight Ahead,Right Front Bumper,Right Front Bumper,Right Front Quarter Panel,Right Side Doors,Right Rear Quarter Panel,N,,Passing Too Closely,Unspecified,BRONX,10457.0,"(40.851967, -73.897095)",1.0,0.0,0,0,0,0,1,0,Sedan,Box Truck,1
17474913,3647293,04/08/2017,23:45,2f267064-40b3-4a7a-8e07-909d487d567e,Station Wagon/Sport Utility Vehicle,GMC -CAR/SUV,2015.0,1.0,M,Licensed,Stopped in Traffic,Center Back End,Center Back End,Center Back End,Center Back End,Center Back End,N,,Unspecified,Unspecified,MANHATTAN,10004.0,"(40.70509, -74.016464)",0.0,0.0,0,0,0,0,0,0,Station Wagon/Sport Utility Vehicle,Sedan,0
17634246,3730975,08/14/2017,09:46,40325de3-f8b1-4419-af31-c8a58ef149e4,Box Truck,FREIGHTLINER,2012.0,2.0,M,Licensed,Slowing or Stopping,Right Front Quarter Panel,Right Front Quarter Panel,No Damage,No Damage,No Damage,N,,Unspecified,Unspecified,MANHATTAN,10022.0,"(40.757072, -73.96986)",1.0,0.0,0,0,0,0,1,0,Box Truck,Sedan,1
17134352,3615748,02/15/2017,09:00,2315c04f-1113-4391-a891-b6cb1360c597,Station Wagon/Sport Utility Vehicle,JEEP -CAR/SUV,2015.0,2.0,M,Licensed,Going Straight Ahead,Center Front End,Center Front End,Left Front Bumper,Right Front Bumper,,N,,Unspecified,Unspecified,QUEENS,11361.0,"(40.76551, -73.77602)",0.0,0.0,0,0,0,0,0,0,Station Wagon/Sport Utility Vehicle,Station Wagon/Sport Utility Vehicle,0
17448364,3635290,03/18/2017,14:49,841cf6cc-0d0c-49b4-a1d5-57a847446c75,Sedan,TOYT -CAR/SUV,2016.0,1.0,F,Licensed,Stopped in Traffic,Left Front Bumper,Left Front Bumper,Left Front Quarter Panel,,,N,,Unspecified,Unspecified,BRONX,10462.0,"(40.852356, -73.86529)",0.0,0.0,0,0,0,0,0,0,Sedan,,0
17894334,3750778,09/14/2017,15:40,90e28412-12fc-4853-aa0d-bae94aaa4962,Sedan,CHEV -CAR/SUV,2013.0,4.0,M,Licensed,Going Straight Ahead,Left Rear Quarter Panel,Left Rear Quarter Panel,Left Side Doors,,,N,,Unspecified,Unspecified,BRONX,10452.0,"(40.837154, -73.917854)",1.0,0.0,0,0,0,0,1,0,Sedan,Taxi,1
17585250,4024357,05/28/2017,18:22,07df508a-4487-4acb-a540-073dc558933f,Sedan,TOYT -CAR/SUV,2007.0,0.0,,,Parked,Left Rear Bumper,Left Rear Bumper,Left Rear Quarter Panel,Left Side Doors,Left Front Quarter Panel,N,,Unspecified,Unspecified,,,"(40.66127, -73.896065)",0.0,0.0,0,0,0,0,0,0,Sedan,Sedan,0
17609781,3739642,08/28/2017,21:18,96256ee2-3b60-4cea-b959-b3b52b6c1309,Sedan,HOND -CAR/SUV,2008.0,1.0,F,Licensed,Going Straight Ahead,Center Front End,Left Front Bumper,Left Front Quarter Panel,No Damage,No Damage,N,,Unspecified,Unspecified,BROOKLYN,11207.0,"(40.65114, -73.89)",1.0,0.0,0,0,0,0,1,0,Sedan,Sedan,1
17460006,3630871,03/09/2017,04:48,7874975d-e723-42ba-8fc2-fdc42efb7305,Station Wagon/Sport Utility Vehicle,TOYT -CAR/SUV,2016.0,1.0,M,Licensed,Going Straight Ahead,Right Front Bumper,Center Front End,Left Front Bumper,No Damage,No Damage,N,,Driver Inattention/Distraction,Following Too Closely,,,"(40.8047, -73.91243)",1.0,0.0,0,0,0,0,1,0,Sedan,Station Wagon/Sport Utility Vehicle,1
17658163,3733361,08/17/2017,10:50,6c1d3af5-d981-44b5-b12b-22582d924f7d,Station Wagon/Sport Utility Vehicle,HOND -CAR/SUV,2016.0,0.0,,,Parked,Right Rear Quarter Panel,Right Rear Quarter Panel,,,,N,,Unspecified,Unspecified,STATEN ISLAND,10312.0,"(40.54534, -74.160576)",0.0,0.0,0,0,0,0,0,0,Station Wagon/Sport Utility Vehicle,Station Wagon/Sport Utility Vehicle,0
17887652,3753176,09/12/2017,07:30,8a76e1dd-987d-4004-b7b0-37400b941900,Station Wagon/Sport Utility Vehicle,DODG -CAR/SUV,2016.0,1.0,F,Licensed,Stopped in Traffic,Center Back End,Center Back End,,,,N,,Unspecified,Unspecified,,,"(40.608757, -74.038086)",0.0,0.0,0,0,0,0,0,0,Station Wagon/Sport Utility Vehicle,Sedan,0
17972619,3813372,12/19/2017,08:50,71c6ef83-0846-4cbd-b804-bf745c4dd350,Sedan,MERZ -CAR/SUV,2016.0,2.0,M,Licensed,Stopped in Traffic,Center Back End,Center Back End,Right Rear Bumper,No Damage,No Damage,N,,Unspecified,Unspecified,,,"(40.673008, -73.78809)",0.0,0.0,0,0,0,0,0,0,Station Wagon/Sport Utility Vehicle,Sedan,0
19589177,3714201,07/18/2017,15:00,234c4b86-c689-432b-95cd-a25ec5bbcc74,Station Wagon/Sport Utility Vehicle,NISS -CAR/SUV,2013.0,2.0,M,Licensed,Slowing or Stopping,Center Back End,Center Back End,,,,N,,Other Vehicular,Unspecified,,,"(40.81801, -73.96149)",1.0,0.0,0,0,0,0,1,0,Station Wagon/Sport Utility Vehicle,Sedan,1
17599840,3723110,08/01/2017,10:30,aaf5d184-becc-4070-98f4-590b0246f497,Sedan,CHEV -CAR/SUV,2017.0,0.0,M,Licensed,Going Straight Ahead,Left Rear Bumper,Center Back End,,,,Unspecified,,Other Vehicular,Unspecified,,,"(40.847897, -73.94523)",0.0,0.0,0,0,0,0,0,0,Sedan,Sedan,0
17430111,3656737,04/24/2017,10:35,8168e966-f2de-40e5-a58a-8e2c68f1af2c,Station Wagon/Sport Utility Vehicle,CHEV -CAR/SUV,2014.0,2.0,M,Licensed,Making Left Turn,Left Side Doors,Left Side Doors,Left Front Quarter Panel,,,N,,Turning Improperly,Unspecified,,,"(40.809402, -73.95725)",0.0,0.0,0,0,0,0,0,0,Station Wagon/Sport Utility Vehicle,Station Wagon/Sport Utility Vehicle,0
17952124,3816040,12/23/2017,02:00,dd817286-6c0f-426a-8a69-b50e6937d787,Sedan,HOND -CAR/SUV,2015.0,1.0,F,Licensed,Making Right Turn,Left Front Bumper,Left Front Bumper,Center Front End,No Damage,No Damage,N,,Unspecified,Unspecified,BROOKLYN,11230.0,"(40.62237, -73.96473)",1.0,0.0,0,0,0,0,1,0,Sedan,Sedan,1
19636032,3778896,10/26/2017,12:40,af01b299-b9bc-4094-bf3b-ad32979bbcdf,Station Wagon/Sport Utility Vehicle,MNNI -CAR/SUV,2013.0,1.0,M,Licensed,Merging,Left Front Quarter Panel,Left Front Quarter Panel,,,,Unspecified,,Unsafe Lane Changing,Unspecified,MANHATTAN,10011.0,"(40.74281, -73.99659)",0.0,0.0,0,0,0,0,0,0,Station Wagon/Sport Utility Vehicle,Dump,0
17608200,3732271,08/15/2017,02:45,30397846-e02d-4e39-b2a4-8e6d8276266f,Sedan,BMW -CAR/SUV,2018.0,1.0,M,Licensed,Making Left Turn,Center Front End,Center Front End,Center Front End,Center Front End,Center Front End,N,,Turning Improperly,Passing or Lane Usage Improper,,,"(40.883736, -73.90145)",0.0,0.0,0,0,0,0,0,0,Sedan,,0
17843858,3757088,09/22/2017,18:30,2503a5c9-ad5e-4b78-b157-43cfa99cde7c,Sedan,HOND -CAR/SUV,2005.0,1.0,M,Licensed,Going Straight Ahead,Center Front End,Center Front End,,,,N,,Driver Inexperience,Following Too Closely,MANHATTAN,10033.0,"(40.848118, -73.93089)",0.0,0.0,0,0,0,0,0,0,Sedan,Sedan,0
17465363,3648962,04/10/2017,09:30,b7427eab-8cc3-4989-862a-7dd8b9cec70e,Sedan,BUIC -CAR/SUV,1999.0,1.0,M,Licensed,Making Right Turn,Left Front Bumper,Left Front Bumper,Center Front End,Left Front Quarter Panel,,N,,Driver Inattention/Distraction,Other Vehicular,,,"(40.6094, -74.09011)",0.0,0.0,0,0,0,0,0,0,Sedan,Pick-up Truck,0
17441076,3626365,03/05/2017,17:30,a4482f7a-0ffe-4971-aaee-91e70e7746df,Bus,MCIN-TRUCK/BUS,2009.0,1.0,M,Licensed,Going Straight Ahead,Left Side Doors,No Damage,,,,N,,Unspecified,Unspecified,MANHATTAN,10013.0,"(40.719936, -74.001434)",0.0,0.0,0,0,0,0,0,0,Bus,,0
17646685,3733083,08/13/2017,22:35,97738843-3ea2-4493-a3dc-b3a0777e6548,Sedan,DODG -CAR/SUV,2010.0,1.0,M,Licensed,Stopped in Traffic,Right Rear Bumper,Right Rear Bumper,,,,N,,Unspecified,Unspecified,,,"(40.80405, -73.91737)",0.0,0.0,0,0,0,0,0,0,Sedan,Sedan,0
17883393,3779854,10/29/2017,01:45,866bff10-8fab-4bc5-b564-50f4cb6eda6b,Sedan,FORD -CAR/SUV,2013.0,2.0,M,Licensed,Going Straight Ahead,Center Front End,Left Front Bumper,Center Front End,No Damage,No Damage,N,,Following Too Closely,Unspecified,,,"(40.731964, -73.97412)",1.0,0.0,0,0,0,0,1,0,Sedan,Sedan,1
17441509,3626847,03/06/2017,18:20,44fa4714-3215-44f3-803a-3f1cdc7c1b40,Box Truck,FORD-TRUCK/BUS,2007.0,1.0,M,Licensed,Going Straight Ahead,No Damage,No Damage,,,,Unspecified,,Driver Inattention/Distraction,Passing Too Closely,BROOKLYN,11234.0,"(40.604843, -73.91386)",0.0,0.0,0,0,0,0,0,0,Box Truck,Sedan,0
17667634,3721869,07/28/2017,18:30,3d93df17-fbd1-4a14-b348-862fb3d8bc1f,Sedan,TOYT -CAR/SUV,2003.0,1.0,F,Permit,Going Straight Ahead,Center Front End,Center Front End,,,,N,,Unspecified,Unspecified,BROOKLYN,11239.0,"(40.65136, -73.86971)",0.0,0.0,0,0,0,0,0,0,Sedan,Sedan,0
17978840,3789135,11/12/2017,04:12,69c7f332-6bea-4e33-9af6-dd600005f966,Station Wagon/Sport Utility Vehicle,TOYT -CAR/SUV,2007.0,0.0,,,Parked,Right Side Doors,Right Side Doors,,,,N,,Unspecified,Unspecified,,,"(40.762447, -73.91949)",0.0,0.0,0,0,0,0,0,0,Sedan,Sedan,0
17485810,3640155,03/27/2017,17:21,ae42d8ea-44bb-408e-ae2a-e1bff271a317,Sedan,NISS -CAR/SUV,2017.0,0.0,M,Licensed,Going Straight Ahead,Left Rear Bumper,Left Rear Bumper,Left Rear Quarter Panel,,,N,,Unspecified,Unspecified,,,"(40.662777, -73.78223)",0.0,0.0,0,0,0,0,0,0,Sedan,Box Truck,0
17532528,3700514,06/26/2017,19:45,b293aee4-914c-4aa1-a576-79870b068680,Pick-up Truck,NISS -CAR/SUV,2014.0,1.0,M,,Stopped in Traffic,Right Front Quarter Panel,Right Side Doors,,,,N,,Unspecified,Unspecified,STATEN ISLAND,10310.0,"(40.634567, -74.1172)",0.0,0.0,0,0,0,0,0,0,Pick-up Truck,Sedan,0
17646672,3710729,07/13/2017,15:20,4bef2f0d-99ff-4305-b735-f7169c1f2d81,Sedan,BMW -CAR/SUV,2015.0,1.0,F,Licensed,Slowing or Stopping,Left Rear Quarter Panel,Left Rear Quarter Panel,Left Side Doors,Left Front Quarter Panel,Left Rear Bumper,N,,Unspecified,Unspecified,,,"(40.745823, -73.77242)",0.0,0.0,0,0,0,0,0,0,Tractor Truck Diesel,Sedan,0
17905009,3817986,12/28/2017,16:46,87a0ca4e-ed0f-4a25-8117-78dea30bed4b,Sedan,NISS -CAR/SUV,2005.0,1.0,F,Licensed,Going Straight Ahead,Right Front Bumper,Right Front Bumper,Center Front End,,,N,,Following Too Closely,Unspecified,BROOKLYN,11233.0,"(40.67619, -73.9081)",0.0,0.0,0,0,0,0,0,0,Taxi,Sedan,0
17433460,3635440,03/19/2017,18:40,7c29f15b-9079-43d5-8d42-0cfbfee9f410,Sedan,CHEV -CAR/SUV,2015.0,2.0,F,Licensed,Going Straight Ahead,Left Side Doors,No Damage,,,,N,,Driver Inattention/Distraction,Passing Too Closely,MANHATTAN,10033.0,"(40.84954, -73.93641)",0.0,0.0,0,0,0,0,0,0,Taxi,Sedan,0
17463254,3660603,04/29/2017,18:10,f41181db-987a-4786-9a85-170996cc1cb8,Sedan,NISS -CAR/SUV,2007.0,2.0,F,Licensed,Changing Lanes,Left Rear Quarter Panel,Left Rear Quarter Panel,,,,N,,Unsafe Lane Changing,Passing or Lane Usage Improper,,,"(40.75409, -73.78114)",0.0,0.0,0,0,0,0,0,0,Sedan,Sedan,0
17080425,3593915,01/05/2017,15:10,9a8e35c9-7d42-4a48-ba7c-3cc337dfafee,Sedan,NISS -CAR/SUV,2006.0,1.0,M,Licensed,Going Straight Ahead,Center Front End,Center Front End,Left Front Bumper,Right Front Bumper,No Damage,N,,Unspecified,Unspecified,BROOKLYN,11226.0,"(40.641468, -73.95938)",1.0,0.0,0,0,0,0,1,0,Sedan,Sedan,1
17431381,3634561,03/18/2017,13:10,bddc56e6-c5d9-470f-a26d-785f1365f93c,Taxi,TOYT -CAR/SUV,2015.0,1.0,M,Licensed,Making Left Turn,Left Front Quarter Panel,Left Front Quarter Panel,Left Front Quarter Panel,Left Front Quarter Panel,Left Front Quarter Panel,N,,Unspecified,Unspecified,MANHATTAN,10003.0,"(40.724274, -73.99082)",0.0,0.0,0,0,0,0,0,0,Taxi,Taxi,0
17643136,3726638,07/28/2017,10:00,b8322ed1-f4f4-4f81-b109-ce92d22bcfa8,Station Wagon/Sport Utility Vehicle,TOYT -CAR/SUV,2013.0,1.0,M,Licensed,Backing,Left Rear Bumper,Left Rear Bumper,No Damage,Other,No Damage,N,,Backing Unsafely,Driver Inattention/Distraction,BRONX,10462.0,"(40.834644, -73.854836)",0.0,0.0,0,0,0,0,0,0,Sedan,Station Wagon/Sport Utility Vehicle,0
17632746,3740868,08/31/2017,13:00,1a8ad1c8-64f7-4abc-b441-48c1506fbcfc,Pick-up Truck,Utili,2005.0,1.0,M,Licensed,Backing,Center Back End,No Damage,,,,N,,Backing Unsafely,Driver Inattention/Distraction,QUEENS,11375.0,"(40.73173, -73.851135)",0.0,0.0,0,0,0,0,0,0,Pick-up Truck,,0
17564090,3698842,06/22/2017,13:00,697f66a3-89c8-4335-9310-e6f20adccca0,Sedan,TOYT -CAR/SUV,2002.0,1.0,F,Licensed,Making Right Turn,Left Front Bumper,Left Front Bumper,Left Front Quarter Panel,,,N,,Unspecified,Unspecified,BROOKLYN,11223.0,"(40.59931, -73.972916)",0.0,0.0,0,0,0,0,0,0,Sedan,Sedan,0
17131850,3624347,03/02/2017,05:25,b3a2168c-65b8-47d2-9330-33d91f37a18e,Sedan,HOND -CAR/SUV,2013.0,1.0,M,Licensed,Going Straight Ahead,Left Front Bumper,Left Front Bumper,Right Front Quarter Panel,,,N,,Unspecified,Unspecified,BROOKLYN,11201.0,"(40.70257, -73.99259)",0.0,0.0,0,0,0,0,0,0,Sedan,Sedan,0
17818495,3748624,09/11/2017,19:15,f9cf1a33-9948-4681-8b22-368c65b50e85,Bus,novab,2008.0,1.0,M,Licensed,Making Right Turn,Left Rear Bumper,Left Rear Bumper,No Damage,No Damage,No Damage,N,,Oversized Vehicle,Unspecified,MANHATTAN,10014.0,"(40.728912, -74.0086)",0.0,0.0,0,0,0,0,0,0,Bus,Station Wagon/Sport Utility Vehicle,0
17895197,3760539,09/29/2017,19:00,fcf80a43-356f-4c56-b2b8-f3218d09ba19,Sedan,HYUN -CAR/SUV,2014.0,1.0,M,Licensed,Going Straight Ahead,Right Front Quarter Panel,Right Front Quarter Panel,,,,N,,Following Too Closely,Unspecified,MANHATTAN,10013.0,"(40.720436, -74.00671)",0.0,0.0,0,0,0,0,0,0,Sedan,Sedan,0
17430576,3635217,03/16/2017,16:00,e46744e1-d8ff-4840-bb5b-5701f5e89b3c,Box Truck,FRHT-TRUCK/BUS,2017.0,0.0,,,Other*,No Damage,No Damage,,,,N,,Driver Inattention/Distraction,Unspecified,MANHATTAN,10014.0,"(40.72916, -74.004234)",0.0,0.0,0,0,0,0,0,0,Sedan,Box Truck,0
17838009,3784199,11/03/2017,17:00,8ffd577d-be1b-45cf-9b9f-daef115d382e,Sedan,TOYT -CAR/SUV,2015.0,1.0,M,Licensed,Merging,Left Rear Bumper,Left Rear Bumper,Center Back End,Right Rear Bumper,No Damage,N,,Unsafe Lane Changing,Unspecified,,,"(40.73255, -73.99615)",0.0,0.0,0,0,0,0,0,0,Pick-up Truck,Sedan,0
17996159,3816677,12/28/2017,17:05,78fccb59-2c9a-48b4-9927-8233bfab4621,Sedan,NISS -CAR/SUV,2012.0,3.0,M,Licensed,Going Straight Ahead,Center Front End,Center Front End,Left Front Bumper,Right Front Bumper,,N,,Unsafe Speed,Unspecified,,,"(40.772346, -73.824684)",0.0,0.0,0,0,0,0,0,0,Station Wagon/Sport Utility Vehicle,Sedan,0
17899293,3779017,10/29/2017,15:10,9465f254-6681-4fd9-a8aa-e9cb1898317e,Sedan,HOND -CAR/SUV,2003.0,3.0,F,Licensed,Changing Lanes,Right Rear Bumper,Right Rear Bumper,Other,,,N,,Passing or Lane Usage Improper,Unspecified,,,"(40.7238, -73.8367)",1.0,0.0,0,0,0,0,1,0,Sedan,Sedan,1
17120803,3614433,02/13/2017,05:15,c248257a-460a-413d-838a-6cf4001f5a48,Sedan,TOYT -CAR/SUV,2008.0,0.0,,,Parked,Right Rear Bumper,Right Rear Bumper,,,,N,,Unspecified,Unspecified,BROOKLYN,11201.0,"(40.694946, -73.9921)",1.0,0.0,0,0,0,0,1,0,Sedan,Sedan,1
17967891,3794959,11/21/2017,17:50,e019ce96-527c-44bc-9f7a-ac3afd8dfd1b,Sedan,HOND -CAR/SUV,2002.0,1.0,M,Licensed,Starting from Parking,Left Rear Quarter Panel,Left Rear Quarter Panel,,,,N,,Driver Inattention/Distraction,Unspecified,,,"(40.767418, -73.7906)",0.0,0.0,0,0,0,0,0,0,Sedan,Station Wagon/Sport Utility Vehicle,0
17142005,3619856,02/22/2017,06:40,0a0e4e2f-da92-4366-b04e-c68cfeccddcb,Sedan,HOND -CAR/SUV,2011.0,1.0,M,Licensed,Changing Lanes,Left Rear Bumper,Center Back End,Left Rear Bumper,,,N,,Unspecified,Unspecified,QUEENS,11427.0,"(40.724693, -73.7541)",0.0,0.0,0,0,0,0,0,0,Station Wagon/Sport Utility Vehicle,Sedan,0
17560236,3675624,05/22/2017,10:35,00e977d2-e12a-4129-9016-f23a36e04d89,Sedan,HOND -CAR/SUV,2004.0,1.0,M,Licensed,Making Right Turn,No Damage,No Damage,,,,N,,Failure to Yield Right-of-Way,Driver Inattention/Distraction,QUEENS,11363.0,"(40.76553, -73.74215)",1.0,0.0,1,0,0,0,0,0,Sedan,,1
17450264,3654430,04/20/2017,18:00,723177f9-d433-4985-a500-b5e73f8db862,Sedan,SUBA -CAR/SUV,2015.0,1.0,F,Licensed,Slowing or Stopping,Center Back End,Center Back End,,,,N,,Unspecified,Unspecified,,,"(40.519127, -74.19714)",0.0,0.0,0,0,0,0,0,0,Sedan,Sedan,0
17602592,3723431,08/02/2017,13:37,7170d32f-25cd-408d-a0ae-529d70ef6ba5,Pick-up Truck,FORD -CAR/SUV,2013.0,1.0,M,Licensed,Going Straight Ahead,Left Front Bumper,Left Front Quarter Panel,,,,N,,Unspecified,Unspecified,,,"(40.67869, -74.002754)",0.0,0.0,0,0,0,0,0,0,Pick-up Truck,Pick-up Truck,0
17476217,3657091,04/23/2017,12:10,8c5908c3-9c32-4819-ac29-ce6da995129b,Sedan,SUBA -CAR/SUV,2017.0,2.0,M,Licensed,Stopped in Traffic,Center Back End,Center Back End,No Damage,No Damage,No Damage,N,,Unspecified,Alcohol Involvement,,,"(40.79537, -73.921974)",5.0,0.0,0,0,0,0,5,0,Sedan,Sedan,1
17873606,3765918,10/06/2017,16:00,f8f89f97-c11e-4651-bee9-7be3b76afb26,Sedan,FORD -CAR/SUV,2000.0,3.0,M,Licensed,Going Straight Ahead,Left Side Doors,Left Side Doors,Left Rear Quarter Panel,Left Front Bumper,Center Front End,N,,Unspecified,Unspecified,STATEN ISLAND,10310.0,"(40.633995, -74.12415)",1.0,0.0,0,0,0,0,1,0,Sedan,Sedan,1
17079511,3594791,01/08/2017,13:05,6d4f7ded-ce6b-489c-9cd8-417c6fcd30f1,Sedan,HOND -CAR/SUV,1998.0,1.0,M,Licensed,Backing,Center Back End,No Damage,,,,N,,Backing Unsafely,Unspecified,,,"(40.844593, -73.88167)",0.0,0.0,0,0,0,0,0,0,Sedan,Bike,0
17641490,3725751,08/05/2017,17:58,dd7de001-770b-4a49-af45-196777fcc1b3,Sedan,NISS -CAR/SUV,2010.0,3.0,M,Licensed,Going Straight Ahead,Center Front End,Center Front End,Right Front Bumper,Left Front Bumper,,N,,Following Too Closely,Unspecified,BRONX,10454.0,"(40.80719, -73.92431)",0.0,0.0,0,0,0,0,0,0,Sedan,Sedan,0
17630876,3718827,06/18/2017,23:50,26da65ad-b652-4090-9d25-034de8609c17,Sedan,HOND -CAR/SUV,2015.0,1.0,M,Licensed,Going Straight Ahead,Left Rear Quarter Panel,Left Front Quarter Panel,No Damage,No Damage,No Damage,N,,Unspecified,Unspecified,,,"(40.76663, -73.88903)",0.0,0.0,0,0,0,0,0,0,Sedan,,0
17092906,3605415,01/21/2017,13:30,cb49c4a9-bf08-4a1e-b358-f9c8cf505fdc,Station Wagon/Sport Utility Vehicle,HOND -CAR/SUV,2015.0,4.0,F,Licensed,Going Straight Ahead,Left Side Doors,Left Side Doors,,,,N,,Unspecified,Unspecified,MANHATTAN,10035.0,"(40.8076, -73.93719)",0.0,0.0,0,0,0,0,0,0,Station Wagon/Sport Utility Vehicle,Sedan,0
17564766,3642436,03/31/2017,08:30,727d3147-51e8-478e-bcea-f324f6a5fcb3,Station Wagon/Sport Utility Vehicle,FORD -CAR/SUV,1999.0,1.0,,,Changing Lanes,Left Rear Quarter Panel,Other,,,,N,,Aggressive Driving/Road Rage,Unsafe Lane Changing,,,"(40.738907, -73.81134)",0.0,0.0,0,0,0,0,0,0,Station Wagon/Sport Utility Vehicle,Sedan,0
17949986,3817300,12/28/2017,17:29,6d9299d4-0aee-4258-b0cc-faef55476e0c,Station Wagon/Sport Utility Vehicle,FORD -CAR/SUV,2009.0,0.0,,,Parked,Left Rear Bumper,Left Rear Bumper,No Damage,No Damage,No Damage,N,,Unspecified,Unspecified,,,"(40.835396, -73.92031)",0.0,0.0,0,0,0,0,0,0,Station Wagon/Sport Utility Vehicle,Station Wagon/Sport Utility Vehicle,0
17532205,3670809,05/16/2017,00:30,a8fe9617-4d03-4fd3-aad6-8337db2bb216,Station Wagon/Sport Utility Vehicle,ACUR -CAR/SUV,2011.0,1.0,,,Going Straight Ahead,Left Front Quarter Panel,Left Front Quarter Panel,No Damage,No Damage,No Damage,N,,Failure to Yield Right-of-Way,Passing or Lane Usage Improper,,,"(40.702614, -73.96058)",0.0,0.0,0,0,0,0,0,0,Station Wagon/Sport Utility Vehicle,Box Truck,0
17109693,3617185,02/17/2017,07:45,00a9f184-bbbb-4b89-bc41-6dbc1b37c18a,Bus,IC,2006.0,1.0,F,Licensed,Going Straight Ahead,Right Front Quarter Panel,Right Front Quarter Panel,,,,N,,Driver Inattention/Distraction,Unspecified,BROOKLYN,11225.0,"(40.657528, -73.95522)",0.0,0.0,0,0,0,0,0,0,Bus,Bus,0
17523995,3669331,05/10/2017,10:30,f4f95c81-3530-408a-8ae1-995a49794379,Sedan,HYUN -CAR/SUV,2011.0,1.0,M,,Going Straight Ahead,Center Front End,Left Front Bumper,Center Front End,Right Front Bumper,,N,,Passing or Lane Usage Improper,Passing or Lane Usage Improper,,,,0.0,0.0,0,0,0,0,0,0,Sedan,Sedan,0
17124097,3625290,03/02/2017,08:09,2bc15bc6-3431-4930-a29a-a1b8c893fa1d,Sedan,NISS -CAR/SUV,2009.0,2.0,M,Licensed,Stopped in Traffic,Center Back End,Center Back End,Left Rear Bumper,Right Rear Bumper,Left Rear Quarter Panel,N,,Unspecified,Unspecified,BROOKLYN,11212.0,"(40.67066, -73.904205)",1.0,0.0,0,0,0,0,1,0,Station Wagon/Sport Utility Vehicle,Sedan,1
17969463,3805324,12/07/2017,21:50,06183437-76c1-4256-97b8-0c05aded9051,Sedan,HYUN -CAR/SUV,2016.0,1.0,M,Licensed,Changing Lanes,Left Rear Bumper,Left Rear Quarter Panel,No Damage,No Damage,No Damage,N,,Driver Inattention/Distraction,Unsafe Lane Changing,MANHATTAN,10019.0,"(40.76489, -73.98423)",0.0,0.0,0,0,0,0,0,0,Station Wagon/Sport Utility Vehicle,Sedan,0
17840502,3754967,09/21/2017,19:35,31496641-a3de-41fa-93c6-e34d438d9529,Sedan,NISS -CAR/SUV,2015.0,1.0,M,Licensed,Going Straight Ahead,Center Back End,Center Back End,,,,N,,Unspecified,Unspecified,,,"(40.679913, -74.00226)",0.0,0.0,0,0,0,0,0,0,Sedan,Sedan,0
17538959,3699805,06/23/2017,09:45,a05657e8-8c8b-4fec-a802-6302c1184327,Taxi,TOYT -CAR/SUV,2016.0,1.0,F,Licensed,Starting from Parking,Left Front Quarter Panel,Left Front Quarter Panel,Left Front Bumper,,,N,,Passing or Lane Usage Improper,Unspecified,MANHATTAN,10011.0,"(40.745823, -74.001816)",0.0,0.0,0,0,0,0,0,0,Sedan,Taxi,0
17429309,3630181,03/10/2017,15:10,945e3d94-2e40-4c99-9d7a-b10fa4d02d3a,Sedan,INFI -CAR/SUV,2015.0,1.0,F,Licensed,Going Straight Ahead,Center Front End,Left Front Bumper,Right Front Bumper,Center Front End,No Damage,Unspecified,,Unspecified,Unspecified,BROOKLYN,11221.0,"(40.68603, -73.93268)",0.0,0.0,0,0,0,0,0,0,Station Wagon/Sport Utility Vehicle,Sedan,0
17432392,3626523,03/05/2017,19:45,5c005ee5-298a-41c6-91ba-c820dfa8daff,Station Wagon/Sport Utility Vehicle,TOYT -CAR/SUV,2016.0,1.0,F,Licensed,Making Left Turn,Right Front Quarter Panel,Right Front Quarter Panel,,,,N,,Turning Improperly,Unspecified,STATEN ISLAND,10312.0,"(40.561512, -74.171844)",0.0,0.0,0,0,0,0,0,0,Station Wagon/Sport Utility Vehicle,Sedan,0
17524054,3692632,06/17/2017,14:30,89191e9f-be84-40ab-9740-36f4ba9832dc,Sedan,TOYT -CAR/SUV,2016.0,1.0,M,Licensed,Going Straight Ahead,Left Rear Bumper,Left Rear Bumper,,,,N,,Unspecified,Unspecified,MANHATTAN,10010.0,"(40.739204, -73.987076)",0.0,0.0,0,0,0,0,0,0,Sedan,Sedan,0