UNIQUE_ID,COLLISION_ID,CRASH_DATE,CRASH_TIME,VEHICLE_ID,VEHICLE_TYPE,VEHICLE_MAKE,VEHICLE_YEAR,VEHICLE_OCCUPANTS,DRIVER_SEX,DRIVER_LICENSE_STATUS,PRE_CRASH,POINT_OF_IMPACT,VEHICLE_DAMAGE,VEHICLE_DAMAGE_1,VEHICLE_DAMAGE_2,VEHICLE_DAMAGE_3,PUBLIC_PROPERTY_DAMAGE,PUBLIC_PROPERTY_DAMAGE_TYPE,CONTRIBUTING_FACTOR_1,CONTRIBUTING_FACTOR_2,BOROUGH,ZIP CODE,LOCATION,NUMBER OF PERSONS INJURED,NUMBER OF PERSONS KILLED,NUMBER OF PEDESTRIANS INJURED,NUMBER OF PEDESTRIANS KILLED,NUMBER OF CYCLIST INJURED,NUMBER OF CYCLIST KILLED,NUMBER OF MOTORIST INJURED,NUMBER OF MOTORIST KILLED,VEHICLE TYPE CODE 1,VEHICLE TYPE CODE 2,Severity
17661175,3736300,08/23/2017,18:10,47970c19-a0e2-4e81-b6f0-99753f15c201,Station Wagon/Sport Utility Vehicle,PORS -CAR/SUV,2009.0,1.0,F,Licensed,Going Straight Ahead,Right Front Bumper,Right Front Bumper,,,,Unspecified,,Unspecified,Unspecified,QUEENS,11361.0,"(40.76451, -73.77448)",2.0,0.0,0,0,0,0,2,0,Motorbike,Station Wagon/Sport Utility Vehicle,1
17923467,3809978,12/15/2017,17:00,b4711d37-63c7-4fa2-a783-9052a470fa51,Sedan,FORD -CAR/SUV,2011.0,1.0,M,Licensed,Going Straight Ahead,Left Front Bumper,Left Front Bumper,,,,N,,Unspecified,Unspecified,,,"(40.72545, -73.837776)",0.0,0.0,0,0,0,0,0,0,Station Wagon/Sport Utility Vehicle,Sedan,0
17945074,3809843,12/15/2017,15:50,1c2bb5f4-53c8-44b8-a53b-15ae1ae22052,Tractor Truck Diesel,INTL-TRUCK/BUS,2007.0,1.0,M,Licensed,Slowing or Stopping,Center Front End,Left Front Bumper,Right Front Bumper,No Damage,No Damage,N,,Reaction to Uninvolved Vehicle,Pavement Slippery,MANHATTAN,10017.0,,1.0,0.0,0,0,0,0,1,0,Sedan,Tractor Truck Diesel,1
17874239,3766758,10/09/2017,01:20,5f5b491c-d2a1-4184-b32c-16324e1f4c6a,Sedan,HOND -CAR/SUV,2008.0,,,,,,,,,,N,,,,BRONX,10461.0,"(40.847656, -73.84604)",0.0,0.0,0,0,0,0,0,0,Sedan,Sedan,0
17516140,3666659,05/09/2017,20:40,ce909f87-b582-4bd7-bad1-76c9bb07f6b6,Sedan,FORD -CAR/SUV,2013.0,1.0,M,Licensed,Going Straight Ahead,Left Side Doors,Left Side Doors,Left Rear Bumper,Center Back End,Right Rear Bumper,N,,Passing or Lane Usage Improper,Unspecified,,,"(40.633564, -74.01595)",0.0,0.0,0,0,0,0,0,0,Sedan,Sedan,0
17547283,3677553,05/24/2017,09:15,ea29ea0c-41df-455f-a6dc-cf7c686d982b,Sedan,VOLK -CAR/SUV,2016.0,1.0,M,Licensed,Going Straight Ahead,Right Front Quarter Panel,No Damage,,,,N,,Pedestrian/Bicyclist/Other Pedestrian Error/Confusion,Unspecified,BRONX,10454.0,"(40.80948, -73.91576)",1.0,0.0,1,0,0,0,0,0,Sedan,,1
17607727,3710184,07/07/2017,13:40,fc6bca22-b259-4326-a4e6-5e4c8223d5ec,Sedan,HOND -CAR/SUV,2005.0,1.0,M,Licensed,Making Left Turn,Right Rear Bumper,Right Rear Bumper,Center Back End,No Damage,No Damage,N,,Driver Inattention/Distraction,Unsafe Lane Changing,,,"(40.846565, -73.92589)",0.0,0.0,0,0,0,0,0,0,Sedan,Box Truck,0
17435834,3636065,03/18/2017,17:20,c9ad3b3b-21ee-4b08-9c31-e4c020e82513,Sedan,FORD -CAR/SUV,2017.0,0.0,F,Licensed,Going Straight Ahead,Center Back End,Center Back End,Right Rear Bumper,Center Back End,Left Rear Bumper,N,,Unspecified,Unspecified,BRONX,10459.0,"(40.820984, -73.891624)",0.0,0.0,0,0,0,0,0,0,Sedan,Sedan,0
17578672,3656948,04/24/2017,17:45,eee8ed61-a509-4b8e-bf03-33121d0e9b30,Station Wagon/Sport Utility Vehicle,HOND -CAR/SUV,2006.0,1.0,F,Licensed,Making Right Turn,Left Front Bumper,Left Front Bumper,Left Front Quarter Panel,,,N,,Failure to Yield Right-of-Way,Unspecified,QUEENS,11040.0,"(40.75325, -73.70274)",0.0,0.0,0,0,0,0,0,0,Station Wagon/Sport Utility Vehicle,Station Wagon/Sport Utility Vehicle,0
17608485,3711130,07/13/2017,14:40,b40d048f-d1a5-4017-9e64-8af69b0582a9,Van,CHEVR,1999.0,1.0,M,Licensed,Going Straight Ahead,Right Front Bumper,Right Front Bumper,Center Front End,Left Front Bumper,,N,,Driver Inattention/Distraction,Unspecified,BRONX,10453.0,"(40.850857, -73.90765)",0.0,0.0,0,0,0,0,0,0,Bus,Van,0
17095280,3598391,01/13/2017,15:40,7db780ff-dffa-43f8-bb0f-34eb08a4174c,Station Wagon/Sport Utility Vehicle,HOND -CAR/SUV,2007.0,4.0,,,Parked,Right Front Bumper,Right Front Bumper,,,,N,,Unspecified,Unspecified,BROOKLYN,11229.0,"(40.59487, -73.95056)",0.0,0.0,0,0,0,0,0,0,Van,Station Wagon/Sport Utility Vehicle,0
17530418,3654959,04/21/2017,16:00,c0a83c8b-0b59-4aa8-9cb4-0875946e2b34,Station Wagon/Sport Utility Vehicle,VOLV -CAR/SUV,2015.0,1.0,M,Licensed,Going Straight Ahead,Left Front Bumper,Left Front Bumper,,,,N,,Following Too Closely,Driver Inattention/Distraction,QUEENS,11365.0,"(40.740498, -73.78696)",0.0,0.0,0,0,0,0,0,0,Pick-up Truck,Station Wagon/Sport Utility Vehicle,0
17658073,3708594,07/10/2017,20:56,39aa005a-d49e-41c0-8bdd-c599c01b98f1,Sedan,HOND -CAR/SUV,2006.0,3.0,M,Licensed,Going Straight Ahead,Right Front Bumper,Right Front Bumper,No Damage,No Damage,No Damage,N,,Unspecified,Unspecified,QUEENS,11377.0,"(40.756107, -73.90071)",0.0,0.0,0,0,0,0,0,0,Sedan,Pick-up Truck,0
17598147,3742131,08/30/2017,09:22,fc4d2314-043f-44eb-b58c-86404d0bc2f1,Sedan,BMW -CAR/SUV,2006.0,1.0,F,Licensed,Going Straight Ahead,Center Front End,Center Front End,,,,N,,Driver Inattention/Distraction,Driver Inattention/Distraction,MANHATTAN,10025.0,"(40.797367, -73.96053)",2.0,0.0,0,0,0,0,2,0,Sedan,Sedan,1
17526906,3699217,06/25/2017,23:40,e5d4024b-1682-4070-af0a-4f257a2b3440,Station Wagon/Sport Utility Vehicle,CHEV -CAR/SUV,2005.0,0.0,,,Parked,Center Back End,Left Rear Quarter Panel,Left Rear Bumper,No Damage,Left Rear Quarter Panel,N,,Unspecified,Unspecified,BRONX,10453.0,"(40.85809, -73.901924)",0.0,0.0,0,0,0,0,0,0,Station Wagon/Sport Utility Vehicle,Station Wagon/Sport Utility Vehicle,0
17484182,3661370,05/01/2017,00:00,becfd6a9-2e11-4f12-9019-1220448ea680,Sedan,VOLK -CAR/SUV,2001.0,1.0,F,Licensed,Parked,Left Front Quarter Panel,Left Front Quarter Panel,,,,N,,Unspecified,Unspecified,MANHATTAN,10011.0,"(40.739857, -73.993195)",0.0,0.0,0,0,0,0,0,0,Sedan,Sedan,0
17101917,3601670,01/20/2017,23:30,57c99eb9-fa1d-41a1-bbc0-575dfefb363b,Sedan,NISS -CAR/SUV,2003.0,1.0,M,Licensed,Going Straight Ahead,Center Front End,Center Front End,,,,N,,Following Too Closely,Unspecified,,,"(40.76249, -73.839584)",2.0,0.0,0,0,0,0,2,0,Sedan,Sedan,1
17498312,3638812,03/25/2017,10:50,27ef89ad-56a8-42eb-9eb9-7f52229797ab,Station Wagon/Sport Utility Vehicle,JEEP -CAR/SUV,2014.0,1.0,F,Licensed,Going Straight Ahead,Left Front Bumper,Left Front Quarter Panel,,,,N,,Following Too Closely,Unsafe Speed,,,"(40.723145, -73.77637)",1.0,0.0,0,0,0,0,1,0,Station Wagon/Sport Utility Vehicle,Station Wagon/Sport Utility Vehicle,1
17627352,3713120,07/15/2017,14:00,9c9c15c7-9238-4fc9-8fae-0c720a3c2c1f,Station Wagon/Sport Utility Vehicle,CHRY -CAR/SUV,2009.0,4.0,M,Licensed,Going Straight Ahead,Left Front Bumper,Left Front Bumper,,,,N,,Unspecified,Unspecified,BROOKLYN,11215.0,"(40.666077, -73.995224)",0.0,0.0,0,0,0,0,0,0,Station Wagon/Sport Utility Vehicle,Station Wagon/Sport Utility Vehicle,0
17528317,3658109,04/24/2017,19:40,a86df9ec-7c36-45fd-a1bb-068124f65744,Station Wagon/Sport Utility Vehicle,HOND -CAR/SUV,2011.0,2.0,F,Licensed,Making Left Turn,Right Front Quarter Panel,Right Front Quarter Panel,Right Front Bumper,No Damage,No Damage,N,,Driver Inattention/Distraction,Unspecified,STATEN ISLAND,10304.0,,0.0,0.0,0,0,0,0,0,0,Station Wagon/Sport Utility Vehicle,Station Wagon/Sport Utility Vehicle,0
17553359,4024452,06/14/2017,12:30,d7d0807f-2575-4802-a210-c8f9e9c205dc,Station Wagon/Sport Utility Vehicle,NISS -CAR/SUV,2005.0,1.0,M,Licensed,Going Straight Ahead,Left Front Bumper,Left Front Bumper,Left Front Quarter Panel,,,Unspecified,,Unspecified,Unspecified,QUEENS,11372.0,"(40.748962, -73.891754)",0.0,0.0,0,0,0,0,0,0,Station Wagon/Sport Utility Vehicle,,0
17516759,3701427,06/28/2017,00:00,3fd3a040-9b80-49e1-a47e-637ae70ede5a,Sedan,NISS -CAR/SUV,2014.0,2.0,M,,Changing Lanes,Right Front Bumper,Right Front Quarter Panel,,,,N,,Unspecified,Unspecified,BROOKLYN,11207.0,"(40.685535, -73.9112)",0.0,0.0,0,0,0,0,0,0,Sedan,Station Wagon/Sport Utility Vehicle,0
17577931,3690149,06/13/2017,16:00,f3137c9e-a582-45b9-835b-089852703ae5,Sedan,HOND -CAR/SUV,2004.0,1.0,M,Licensed,Going Straight Ahead,Center Front End,Left Front Bumper,Center Front End,Right Front Bumper,,N,,Driver Inattention/Distraction,Following Too Closely,,,"(40.74273, -73.77943)",0.0,0.0,0,0,0,0,0,0,Sedan,Sedan,0
17105709,3605558,01/27/2017,07:15,55758951-f563-441a-9a01-6f673e197bdb,Station Wagon/Sport Utility Vehicle,TOYT -CAR/SUV,2017.0,1.0,M,Licensed,Making Left Turn,Right Front Quarter Panel,Right Front Quarter Panel,Right Side Doors,Roof,Left Front Quarter Panel,N,,Failure to Yield Right-of-Way,Traffic Control Disregarded,QUEENS,11374.0,"(40.726185, -73.87022)",2.0,0.0,0,0,0,0,2,0,Sedan,Station Wagon/Sport Utility Vehicle,1
17647501,3720521,07/29/2017,04:00,873b2704-b8bb-4bd0-b522-3c84609bab5e,Sedan,TOYT -CAR/SUV,2017.0,1.0,M,Licensed,Going Straight Ahead,Left Rear Quarter Panel,Left Rear Quarter Panel,Left Rear Bumper,,,N,,Unspecified,Unspecified,,,"(40.65763, -73.85625)",0.0,0.0,0,0,0,0,0,0,Sedan,Sedan,0
17647835,3740251,08/29/2017,07:50,42420610-f093-4f1c-be9c-677a62d8c967,Sedan,NISS -CAR/SUV,2017.0,0.0,M,Licensed,Going Straight Ahead,Center Front End,Center Front End,,,,N,,Unspecified,Unspecified,,,"(40.708984, -73.96415)",1.0,0.0,0,0,1,0,0,0,Bike,Sedan,1
17934454,3813731,12/12/2017,10:05,24967d42-0d70-44b9-ad7c-b15ade6b22e7,Dump,MACK-TRUCK/BUS,2016.0,1.0,M,Licensed,Changing Lanes,Right Front Bumper,No Damage,,,,N,,Unspecified,Unspecified,,,"(40.72225, -74.00592)",1.0,0.0,0,0,0,0,1,0,Sedan,Dump,1
17510931,3679409,05/24/2017,18:49,d2b8e00b-c7a7-4ccd-a1af-d58536aa9e75,Sedan,INFI -CAR/SUV,2007.0,2.0,M,Licensed,Going Straight Ahead,Left Front Quarter Panel,Left Front Quarter Panel,No Damage,No Damage,No Damage,N,,Other Vehicular,Unspecified,BRONX,10460.0,"(40.843407, -73.885544)",0.0,0.0,0,0,0,0,0,0,Sedan,Taxi,0
19620369,3731204,08/13/2017,13:25,1aee48ed-4d1f-40b5-87e1-0b72e4f76934,Station Wagon/Sport Utility Vehicle,CHEV -CAR/SUV,2007.0,0.0,,,Parked,Center Back End,Center Back End,Center Front End,,,N,,Unspecified,Unspecified,BROOKLYN,11221.0,"(40.69691, -73.92851)",0.0,0.0,0,0,0,0,0,0,Station Wagon/Sport Utility Vehicle,Sedan,0
17883483,3752693,09/17/2017,13:00,98d1f8f4-f072-4c44-bde1-a69fd8e5e0da,Sedan,TOYT -CAR/SUV,2006.0,1.0,M,Licensed,Starting in Traffic,Center Back End,Center Back End,No Damage,No Damage,No Damage,N,,Unspecified,Unspecified,,,"(40.60301, -74.016884)",0.0,0.0,0,0,0,0,0,0,Sedan,Sedan,0
17131927,3606218,01/29/2017,00:00,d3dae079-577b-4f34-b402-b881faf17ed4,Sedan,HOND -CAR/SUV,2014.0,1.0,M,Licensed,Going Straight Ahead,Right Front Quarter Panel,Right Front Quarter Panel,Right Side Doors,,,N,,Unspecified,Unspecified,QUEENS,11434.0,"(40.666935, -73.782715)",0.0,0.0,0,0,0,0,0,0,Sedan,Sedan,0
17656177,3721400,07/29/2017,09:00,3d75c5c5-2e4f-40f9-a53d-7f55db121aa4,Sedan,TOYT -CAR/SUV,2016.0,0.0,,,Parked,Left Side Doors,Left Side Doors,Left Front Quarter Panel,,,N,,Unspecified,Unspecified,QUEENS,11435.0,"(40.71205, -73.815254)",0.0,0.0,0,0,0,0,0,0,Sedan,,0
17575011,3696799,06/22/2017,18:00,4e808082-97d9-40a4-966b-90596722622a,Taxi,LINC -CAR/SUV,2013.0,1.0,M,Licensed,Going Straight Ahead,Left Rear Quarter Panel,Left Rear Quarter Panel,No Damage,No Damage,No Damage,N,,Driver Inattention/Distraction,Unspecified,MANHATTAN,10105.0,"(40.762604, -73.97847)",0.0,0.0,0,0,0,0,0,0,Taxi,Taxi,0
17565018,3701475,06/29/2017,04:00,6bcadb1a-ff88-4a71-a207-cdfa3eddb0d0,Pick-up Truck,FORD -CAR/SUV,2006.0,1.0,M,Licensed,Going Straight Ahead,Right Front Bumper,Right Front Bumper,,,,N,,Unspecified,Unspecified,QUEENS,11369.0,"(40.770332, -73.87608)",1.0,0.0,0,0,0,0,1,0,Pick-up Truck,Taxi,1
17644987,3726150,07/31/2017,06:30,6011361f-fd39-4f36-9674-be19dd2c4e78,Station Wagon/Sport Utility Vehicle,DODG -CAR/SUV,2011.0,0.0,,,Parked,Left Front Bumper,Left Front Bumper,Left Front Quarter Panel,,,N,,Unspecified,Unspecified,BRONX,10472.0,"(40.82905, -73.872536)",0.0,0.0,0,0,0,0,0,0,Station Wagon/Sport Utility Vehicle,,0
17567913,3693554,06/17/2017,15:00,1b422ffc-5ff5-475f-b97c-62f82dfd5f90,Sedan,VOLK -CAR/SUV,2015.0,2.0,F,Licensed,Going Straight Ahead,Left Rear Quarter Panel,Left Rear Quarter Panel,,,,N,,Unspecified,Unspecified,,,"(40.84211, -73.82557)",0.0,0.0,0,0,0,0,0,0,Pick-up Truck,Sedan,0
17901035,3777031,10/24/2017,00:50,d8280d36-5ca8-4a1c-91af-31ba8f9cfcf4,Sedan,LINC -CAR/SUV,2007.0,,,,Passing,Other,Other,,,,N,,Following Too Closely,Unspecified,BROOKLYN,11218.0,"(40.643456, -73.972725)",0.0,0.0,0,0,0,0,0,0,Sedan,Sedan,0
17492978,3650201,04/13/2017,08:30,34dd0099-aa56-475f-9b3d-a7e253ea6338,Station Wagon/Sport Utility Vehicle,CHEV -CAR/SUV,1997.0,1.0,M,Licensed,Making U Turn,Left Side Doors,Left Side Doors,,,,N,,Turning Improperly,Unsafe Lane Changing,,,"(40.82386, -73.91941)",0.0,0.0,0,0,0,0,0,0,Station Wagon/Sport Utility Vehicle,Sedan,0
17462626,3634545,03/16/2017,16:30,ebd924cb-c1e4-44b0-b6f6-8b07be9cf6ab,Sedan,TOYT -CAR/SUV,2003.0,1.0,F,Licensed,Going Straight Ahead,Right Side Doors,Right Side Doors,No Damage,,No Damage,N,,Passing or Lane Usage Improper,Passing or Lane Usage Improper,BROOKLYN,11226.0,"(40.64269, -73.95764)",1.0,0.0,0,0,0,0,1,0,Sedan,Sedan,1
17127904,3612195,02/08/2017,18:20,48b3ba9c-81af-44d9-9320-775caa29081c,Sedan,NISS -CAR/SUV,2005.0,3.0,M,Licensed,Slowing or Stopping,Center Back End,Center Back End,Left Rear Bumper,Right Rear Bumper,,N,,Unspecified,Unspecified,,,"(40.716034, -73.80416)",2.0,0.0,0,0,0,0,2,0,Sedan,Sedan,1
17555049,3675179,05/19/2017,16:45,3743c291-b7d8-4cb4-8cae-f12682020c14,Station Wagon/Sport Utility Vehicle,JEEP -CAR/SUV,1998.0,1.0,M,Licensed,Going Straight Ahead,Right Front Bumper,Right Front Bumper,Right Front Quarter Panel,,,N,,Unspecified,Unspecified,QUEENS,11379.0,"(40.717827, -73.8724)",0.0,0.0,0,0,0,0,0,0,Station Wagon/Sport Utility Vehicle,Station Wagon/Sport Utility Vehicle,0
17628329,3721436,07/30/2017,17:30,f68f5171-3f2b-489a-b123-92ba0c3566df,Station Wagon/Sport Utility Vehicle,JEEP -CAR/SUV,2016.0,1.0,M,Licensed,Stopped in Traffic,Center Back End,Center Back End,,,,Unspecified,,Unspecified,Unspecified,MANHATTAN,10022.0,"(40.760254, -73.967545)",1.0,0.0,0,0,0,0,1,0,Station Wagon/Sport Utility Vehicle,Sedan,1
17853187,3806848,12/10/2017,17:30,c5cbe28b-44b3-411e-84b8-cde6a577e335,Sedan,TOYT -CAR/SUV,1998.0,0.0,,,Parked,Left Front Quarter Panel,Left Front Quarter Panel,,,,N,,Unspecified,Unspecified,MANHATTAN,10032.0,"(40.8414, -73.94055)",0.0,0.0,0,0,0,0,0,0,Sedan,Sedan,0
17884123,3755591,09/23/2017,15:45,b25c45e7-74aa-4de5-b615-d15b823e5858,Sedan,NISS -CAR/SUV,2015.0,1.0,M,Licensed,Merging,Right Front Bumper,Right Front Quarter Panel,No Damage,,,N,,Unsafe Lane Changing,Unspecified,,,"(40.735794, -73.85807)",0.0,0.0,0,0,0,0,0,0,Sedan,Sedan,0
17541559,3707581,07/07/2017,16:38,c837744a-093e-4c6a-ab27-a59bf6dac1bd,Sedan,HOND -CAR/SUV,2017.0,0.0,,,Parked,Right Front Quarter Panel,No Damage,No Damage,No Damage,No Damage,N,,Unspecified,Unspecified,BRONX,10457.0,"(40.85129, -73.89466)",0.0,0.0,0,0,0,0,0,0,Sedan,Station Wagon/Sport Utility Vehicle,0
17893851,3750927,09/13/2017,19:30,af0c58fb-3fcb-4b35-9588-5f13709b784a,Ambulance,FORD-TRUCK/BUS,2015.0,0.0,,,Parked,No Damage,No Damage,,,,N,,Unspecified,Unspecified,BRONX,10451.0,"(40.825573, -73.918465)",0.0,0.0,0,0,0,0,0,0,Ambulance,Sedan,0
17606282,3713607,07/17/2017,10:30,c6354803-32be-421f-a88c-b94a7a1971fa,Taxi,TOYT -CAR/SUV,2010.0,0.0,,,Parked,Left Side Doors,Left Side Doors,Left Front Quarter Panel,No Damage,No Damage,N,,Unspecified,Unspecified,BROOKLYN,11237.0,"(40.70089, -73.920265)",0.0,0.0,0,0,0,0,0,0,Station Wagon/Sport Utility Vehicle,Pick-up Truck,0
17947000,3781624,10/31/2017,14:23,cf9d69aa-287a-4cb9-b88b-780aa6e4e296,Sedan,NISS -CAR/SUV,2015.0,1.0,F,Licensed,Slowing or Stopping,Center Back End,Right Rear Bumper,Left Rear Bumper,,,N,,Unspecified,Unspecified,,,"(40.80398, -73.831085)",2.0,0.0,0,0,0,0,2,0,Sedan,Station Wagon/Sport Utility Vehicle,1
17598783,3741047,08/28/2017,10:00,7e9de557-fddc-4132-a732-8318d2fa47a3,Sedan,INFI -CAR/SUV,2013.0,0.0,,,Parked,Right Front Quarter Panel,Right Front Quarter Panel,No Damage,No Damage,No Damage,N,,Unspecified,Unspecified,,,"(40.69595, -73.93764)",0.0,0.0,0,0,0,0,0,0,Sedan,,0
17085194,3610681,02/05/2017,21:52,8b41cf60-bb08-4f40-aca9-45052704ac78,Sedan,TOYT -CAR/SUV,2007.0,1.0,M,Licensed,Making Left Turn,Center Front End,Center Front End,,,,N,,Lane Marking Improper/Inadequate,Pavement Defective,MANHATTAN,10027.0,"(40.815685, -73.9583)",0.0,0.0,0,0,0,0,0,0,Taxi,Sedan,0
17111290,3612547,02/09/2017,07:05,44c5552d-a797-49e1-8e6e-914e33bbe8a8,Sedan,INFI -CAR/SUV,2001.0,1.0,M,Licensed,Going Straight Ahead,Center Front End,Center Front End,Left Front Bumper,Left Front Quarter Panel,No Damage,N,,Driver Inattention/Distraction,Pavement Slippery,BROOKLYN,11222.0,"(40.7263, -73.94913)",1.0,0.0,0,0,0,0,1,0,Tractor Truck Diesel,Sedan,1
17595985,3718163,07/22/2017,21:35,bce09229-b7e9-43b7-9e3e-e89b0e679716,Sedan,FORD -CAR/SUV,2006.0,1.0,M,Licensed,Making Left Turn,Right Rear Quarter Panel,Right Rear Bumper,Center Back End,,,N,,Unspecified,Unspecified,BROOKLYN,11221.0,"(40.69369, -73.93121)",0.0,0.0,0,0,0,0,0,0,Sedan,Station Wagon/Sport Utility Vehicle,0
17589457,3699044,06/23/2017,17:00,12f70e71-8fd9-443e-900b-e7e8e966982d,Taxi,TOYT -CAR/SUV,2013.0,1.0,M,,Passing,Center Front End,Right Front Bumper,,,,Unspecified,,Driver Inattention/Distraction,Passing Too Closely,BROOKLYN,11208.0,"(40.675007, -73.88373)",0.0,0.0,0,0,0,0,0,0,Taxi,Sedan,0
17110250,3603048,01/16/2017,09:00,9345d1c7-e727-4845-8280-cf42462f8453,Motorcycle,TRUM -MCL,2017.0,0.0,M,Licensed,Parked,Left Front Quarter Panel,Left Front Quarter Panel,Right Front Quarter Panel,,,N,,Unspecified,Unspecified,MANHATTAN,10065.0,"(40.763733, -73.962074)",0.0,0.0,0,0,0,0,0,0,Motorcycle,,0
17862047,3777199,10/19/2017,23:48,2a39123e-dbed-4cac-8450-f917e4a721f0,Sedan,TOYT -CAR/SUV,2016.0,1.0,M,Licensed,Going Straight Ahead,Center Front End,Center Front End,,,,N,,Unspecified,Unspecified,BROOKLYN,11216.0,"(40.678394, -73.94692)",1.0,0.0,0,0,1,0,0,0,Sedan,Bike,1
17579897,3706354,07/06/2017,10:19,70d6b58e-3eb5-4738-bbdc-105c8dd74e8a,Taxi,TOYT -CAR/SUV,2015.0,1.0,M,Licensed,Going Straight Ahead,Left Rear Bumper,Left Rear Bumper,Left Rear Quarter Panel,,,N,,Other Vehicular,Other Vehicular,MANHATTAN,10019.0,"(40.76536, -73.98759)",0.0,0.0,0,0,0,0,0,0,Taxi,Pick-up Truck,0
17575664,3694179,06/19/2017,06:40,504ee9a8-f217-458e-a7ed-1421dd9de55d,Sedan,NISS -CAR/SUV,2012.0,1.0,M,Licensed,Going Straight Ahead,Right Front Bumper,Center Front End,Right Front Quarter Panel,Right Front Bumper,Left Front Bumper,N,,Driver Inattention/Distraction,Unsafe Speed,QUEENS,11385.0,"(40.70054, -73.897804)",0.0,0.0,0,0,0,0,0,0,Sedan,Sedan,0
17631335,4024539,07/18/2017,11:30,34e9e484-5a72-4777-9f43-952f6177da1d,Sedan,HOND -CAR/SUV,1999.0,1.0,F,Licensed,Going Straight Ahead,Center Front End,Center Front End,No Damage,No Damage,No Damage,N,,Following Too Closely,Unspecified,,,,0.0,0.0,0,0,0,0,0,0,Sedan,Sedan,0
17660115,3744738,09/04/2017,16:30,7c113e17-d954-4592-bee6-2ec8ae38ca65,AMBUL,FORD,2017.0,1.0,M,Licensed,Going Straight Ahead,Right Rear Quarter Panel,Right Rear Quarter Panel,Center Back End,Center Back End,No Damage,N,,Unspecified,Unspecified,BRONX,10475.0,"(40.885952, -73.8279)",0.0,0.0,0,0,0,0,0,0,Sedan,AMBUL,0
17551170,3674545,05/19/2017,22:08,e7beb04f-cf5c-4868-aef3-04f955f1e008,Sedan,FORD -CAR/SUV,2015.0,0.0,M,Licensed,Going Straight Ahead,Right Front Bumper,Right Front Bumper,,,,N,,Unspecified,Unspecified,MANHATTAN,10019.0,"(40.761147, -73.97952)",0.0,0.0,0,0,0,0,0,0,Sedan,Sedan,0
17580619,3683739,06/04/2017,06:25,2513b033-9b70-4115-abc3-b0cbd95ba106,Sedan,HOND -CAR/SUV,2004.0,1.0,M,Licensed,Making Left Turn,Right Front Quarter Panel,No Damage,,,,N,,Driver Inattention/Distraction,Unspecified,,,"(40.761993, -73.942474)",1.0,0.0,0,0,1,0,0,0,Sedan,Bike,1
17625973,3727976,08/07/2017,17:00,e003a3b2-30cb-4762-8ec2-3529b861f13f,Garbage or Refuse,MACK-TRUCK/BUS,2017.0,1.0,M,Licensed,Going Straight Ahead,Left Front Bumper,Left Front Bumper,,,,N,,Unspecified,Unspecified,BROOKLYN,11223.0,"(40.603893, -73.98562)",0.0,0.0,0,0,0,0,0,0,Garbage or Refuse,Box Truck,0
19632330,3754212,09/20/2017,17:20,954d610d-694a-4ea1-ad90-533f51aef22e,Bus,CHEV-TRUCK/BUS,2012.0,1.0,M,Licensed,Going Straight Ahead,Center Front End,Center Front End,,,,Unspecified,,Following Too Closely,Unspecified,,,"(40.737553, -73.85089)",0.0,0.0,0,0,0,0,0,0,Station Wagon/Sport Utility Vehicle,Bus,0
17461301,3628027,03/07/2017,13:00,b619f80a-4be8-4115-8ff9-f53f10c2d4f7,Sedan,NISS -CAR/SUV,2012.0,1.0,M,Licensed,Merging,Right Front Quarter Panel,Right Front Quarter Panel,,,,N,,Driver Inattention/Distraction,Unspecified,QUEENS,11420.0,"(40.665916, -73.82132)",0.0,0.0,0,0,0,0,0,0,Sedan,Van,0
17914721,3847589,10/27/2017,22:20,7cb342f3-b256-464a-a685-1f32f1307176,Sedan,TOYT -CAR/SUV,2014.0,1.0,M,Licensed,Changing Lanes,Left Front Quarter Panel,Center Front End,Left Front Bumper,Right Front Bumper,Left Front Quarter Panel,N,,Passing Too Closely,Unspecified,,,"(40.755642, -73.96796)",0.0,0.0,0,0,0,0,0,0,Sedan,Sedan,0
17634703,3742545,08/28/2017,17:10,eee7c244-8e7d-458e-8039-f1f5837e1985,Sedan,NISS -CAR/SUV,2017.0,0.0,,,Parked,Right Side Doors,Right Side Doors,,,,N,,Unspecified,Unspecified,BROOKLYN,11219.0,"(40.63341, -74.004555)",0.0,0.0,0,0,0,0,0,0,Sedan,Bike,0
17948637,3811110,12/17/2017,14:45,e6fbe67f-0c1a-48ce-b64f-120c0ca9da76,Sedan,NISS -CAR/SUV,2013.0,0.0,,,Parked,Center Front End,Center Front End,,,,N,,Unspecified,Unspecified,BROOKLYN,11229.0,"(40.608227, -73.95308)",0.0,0.0,0,0,0,0,0,0,Sedan,Sedan,0
17549313,3692655,06/16/2017,22:50,9c02977b-69ca-4301-bbb6-8ab3fc9e49de,Sedan,NISS -CAR/SUV,2016.0,1.0,M,Licensed,Making Left Turn,Center Front End,Center Front End,Left Front Bumper,Right Front Bumper,,N,,Turning Improperly,Unspecified,BROOKLYN,11220.0,"(40.637203, -74.0222)",1.0,0.0,0,0,0,0,1,0,Motorcycle,Sedan,1
17874837,3768366,10/12/2017,17:00,74120985-5045-436e-8843-ba9d2e484da0,Sedan,HYUN -CAR/SUV,2001.0,1.0,F,Licensed,Going Straight Ahead,Right Front Bumper,Right Front Bumper,Left Front Bumper,,,N,,Unspecified,Unspecified,BROOKLYN,11212.0,"(40.6686, -73.91813)",0.0,0.0,0,0,0,0,0,0,Sedan,Sedan,0
17471839,3666748,05/06/2017,14:30,d274a78b-6475-4447-8476-b4abe077debf,Sedan,HOND -CAR/SUV,2012.0,2.0,M,Licensed,Going Straight Ahead,Center Front End,Center Front End,Center Front End,Center Front End,Center Front End,N,,Other Vehicular,Other Vehicular,BROOKLYN,11237.0,"(40.699223, -73.919075)",0.0,0.0,0,0,0,0,0,0,Sedan,Sedan,0