UNIQUE_ID,COLLISION_ID,CRASH_DATE,CRASH_TIME,VEHICLE_ID,VEHICLE_TYPE,VEHICLE_MAKE,VEHICLE_YEAR,VEHICLE_OCCUPANTS,DRIVER_SEX,DRIVER_LICENSE_STATUS,PRE_CRASH,POINT_OF_IMPACT,VEHICLE_DAMAGE,VEHICLE_DAMAGE_1,VEHICLE_DAMAGE_2,VEHICLE_DAMAGE_3,PUBLIC_PROPERTY_DAMAGE,PUBLIC_PROPERTY_DAMAGE_TYPE,CONTRIBUTING_FACTOR_1,CONTRIBUTING_FACTOR_2,BOROUGH,ZIP CODE,LOCATION,NUMBER OF PERSONS INJURED,NUMBER OF PERSONS KILLED,NUMBER OF PEDESTRIANS INJURED,NUMBER OF PEDESTRIANS KILLED,NUMBER OF CYCLIST INJURED,NUMBER OF CYCLIST KILLED,NUMBER OF MOTORIST INJURED,NUMBER OF MOTORIST KILLED,VEHICLE TYPE CODE 1,VEHICLE TYPE CODE 2,Severity
17111320,3606707,01/30/2017,08:20,37dbc1e9-c15d-4f00-b127-d1bf436e595a,Sedan,MERZ -CAR/SUV,2002.0,1.0,M,Licensed,Going Straight Ahead,Right Front Bumper,Right Front Bumper,,,,N,,Unspecified,Unspecified,,,"(40.59981, -74.178246)",0.0,0.0,0,0,0,0,0,0,Sedan,Sedan,0
17587928,3678784,05/26/2017,08:00,8d5ed1f6-8362-4211-be4f-9625a33bab99,Station Wagon/Sport Utility Vehicle,CHEV -CAR/SUV,2017.0,0.0,,,Parked,Center Front End,Left Front Bumper,Left Front Quarter Panel,,,N,,Unspecified,Unspecified,,,"(40.68075, -73.742)",2.0,0.0,0,0,0,0,2,0,Sedan,Station Wagon/Sport Utility Vehicle,1
17080222,3603520,01/24/2017,12:34,f868adc5-d568-48db-8b35-984b6d21d3a2,Sedan,CHEV -CAR/SUV,2012.0,1.0,M,Licensed,Backing,Left Rear Bumper,Left Rear Bumper,No Damage,No Damage,No Damage,N,,View Obstructed/Limited,Unspecified,MANHATTAN,10027.0,"(40.815018, -73.95648)",0.0,0.0,0,0,0,0,0,0,Sedan,,0
17507290,3650750,04/10/2017,13:15,49d0ed7f-53da-4ee2-a03c-d23e6f5952db,Station Wagon/Sport Utility Vehicle,MERC -CAR/SUV,1999.0,1.0,F,Licensed,Making U Turn,Left Front Bumper,Left Front Quarter Panel,No Damage,No Damage,No Damage,N,,Passing or Lane Usage Improper,Unspecified,BROOKLYN,11212.0,"(40.65785, -73.91648)",0.0,0.0,0,0,0,0,0,0,Sedan,Station Wagon/Sport Utility Vehicle,0
17524224,3691450,06/15/2017,08:00,d518849d-3a7e-4f55-a0f7-771fdf11af85,Station Wagon/Sport Utility Vehicle,FORD,2010.0,0.0,M,Licensed,Parked,Left Rear Bumper,Left Rear Bumper,Left Rear Quarter Panel,Left Rear Quarter Panel,No Damage,N,,Unspecified,Unspecified,BROOKLYN,11222.0,"(40.728134, -73.95328)",0.0,0.0,0,0,0,0,0,0,Station Wagon/Sport Utility Vehicle,Box Truck,0
17988431,3777615,10/26/2017,17:45,51f6a1da-bc49-44c4-9d6d-bc1e3fa4dd75,Sedan,MERZ -CAR/SUV,2017.0,1.0,F,Licensed,Going Straight Ahead,Left Front Bumper,Left Front Bumper,,,,N,,Unspecified,Unspecified,QUEENS,11004.0,"(40.73871, -73.70192)",0.0,0.0,0,0,0,0,0,0,Sedan,Sedan,0
17927555,3750978,09/15/2017,07:45,d908d8bb-2615-4167-8d9e-75cdcb36aac7,Station Wagon/Sport Utility Vehicle,MERC -CAR/SUV,1993.0,1.0,M,Licensed,Going Straight Ahead,Center Front End,Center Front End,Left Front Bumper,Right Front Bumper,Other,N,,Fell Asleep,Unspecified,STATEN ISLAND,10306.0,"(40.564835, -74.12278)",1.0,0.0,0,0,0,0,1,0,Station Wagon/Sport Utility Vehicle,,1
17945090,3817885,12/25/2017,18:54,e6b1cf82-798e-4f82-a8bf-ff43ad5efac5,Sedan,TOYT -CAR/SUV,2013.0,1.0,M,Licensed,Going Straight Ahead,Left Front Bumper,Left Front Bumper,Left Front Quarter Panel,Left Side Doors,Left Rear Quarter Panel,N,,Unspecified,Unspecified,BRONX,10468.0,"(40.861813, -73.90296)",0.0,0.0,0,0,0,0,0,0,Sedan,Sedan,0
17445958,3628444,03/08/2017,10:45,de5194e0-016e-4c3f-b70f-66007d0d08e8,Chassis Cab,INTL-TRUCK/BUS,2016.0,0.0,,,Parked,Trailer,No Damage,,,,N,,Oversized Vehicle,Unspecified,,,"(40.612564, -73.98998)",0.0,0.0,0,0,0,0,0,0,Chassis Cab,Sedan,0
17566835,3704190,07/03/2017,08:20,76e2955e-fc84-4b1d-a338-0037d02c7732,Taxi,HYUN -CAR/SUV,2012.0,1.0,F,Licensed,Going Straight Ahead,Right Front Bumper,Right Front Bumper,No Damage,No Damage,No Damage,N,,Driver Inattention/Distraction,Unspecified,BRONX,10451.0,"(40.826855, -73.922676)",0.0,0.0,0,0,0,0,0,0,Taxi,Station Wagon/Sport Utility Vehicle,0
17596763,3726169,08/05/2017,00:50,2f96c7e2-6cab-43fd-a3ee-2efbf00b8810,Station Wagon/Sport Utility Vehicle,NISS -CAR/SUV,2011.0,1.0,M,Licensed,Going Straight Ahead,Center Back End,Center Back End,No Damage,No Damage,No Damage,N,,Other Vehicular,Unspecified,MANHATTAN,10039.0,"(40.82181, -73.939514)",0.0,0.0,0,0,0,0,0,0,Station Wagon/Sport Utility Vehicle,Taxi,0
17581378,3700983,06/28/2017,11:40,30512163-e72a-4546-bf6f-e93011f81a3d,Sedan,AUDI -CAR/SUV,2004.0,2.0,M,Licensed,Changing Lanes,Right Front Bumper,Right Front Bumper,Right Front Quarter Panel,Right Rear Quarter Panel,Right Rear Bumper,N,,Unsafe Speed,Aggressive Driving/Road Rage,,,"(40.764683, -73.758606)",0.0,0.0,0,0,0,0,0,0,Sedan,,0
17992699,3802159,12/02/2017,20:00,ff045674-fe0d-499c-bb51-dd33f82bfbd0,Station Wagon/Sport Utility Vehicle,MERZ -CAR/SUV,2009.0,1.0,M,Licensed,Going Straight Ahead,Center Front End,Center Front End,,,,N,,Unspecified,Unspecified,QUEENS,11411.0,"(40.694866, -73.73927)",0.0,0.0,0,0,0,0,0,0,Station Wagon/Sport Utility Vehicle,Sedan,0
17532405,3682715,05/31/2017,13:50,6731e6a4-8615-4a2c-920f-27b2c43e650f,Station Wagon/Sport Utility Vehicle,DODG -CAR/SUV,2016.0,1.0,M,Licensed,Making Right Turn,Center Front End,No Damage,No Damage,No Damage,No Damage,N,,Driver Inattention/Distraction,Traffic Control Disregarded,,,"(40.707466, -73.7887)",0.0,0.0,0,0,0,0,0,0,Station Wagon/Sport Utility Vehicle,Sedan,0
17896171,3762807,10/03/2017,22:20,5f44f33c-0a48-4930-9e84-7a39b0852af1,Sedan,AUDI -CAR/SUV,2007.0,0.0,M,Licensed,Parked,Left Rear Quarter Panel,Left Rear Quarter Panel,,,,N,,Unspecified,Unspecified,QUEENS,11423.0,"(40.711796, -73.76244)",0.0,0.0,0,0,0,0,0,0,Sedan,Sedan,0
17668820,3716305,07/22/2017,22:50,567ef912-d9c6-4572-a869-30b0ee63330f,Sedan,HYUN -CAR/SUV,2016.0,1.0,M,Licensed,Starting in Traffic,Left Front Bumper,Left Front Bumper,,,,N,,Passing or Lane Usage Improper,Unspecified,QUEENS,11413.0,"(40.66645, -73.757385)",0.0,0.0,0,0,0,0,0,0,Sedan,Sedan,0
17921496,3800993,11/28/2017,10:15,d138d0c7-6602-4d59-8d91-0645ed99f09b,Sedan,KIA -CAR/SUV,2012.0,1.0,M,Licensed,Going Straight Ahead,Right Front Quarter Panel,Right Front Quarter Panel,,,,N,,Unspecified,Unspecified,BROOKLYN,11201.0,"(40.688614, -73.989174)",1.0,0.0,0,0,0,0,1,0,Sedan,Sedan,1
17495990,3650802,04/13/2017,18:26,327edc11-15d6-4da1-85c2-64760756917c,Sedan,SUZI -CAR/SUV,2008.0,1.0,F,Licensed,Making Left Turn,Left Front Bumper,Left Front Bumper,Center Front End,Left Front Quarter Panel,,N,,Driver Inattention/Distraction,Unspecified,BROOKLYN,11230.0,"(40.62623, -73.96545)",1.0,0.0,0,0,0,0,1,0,Sedan,Sedan,1
17837049,3802352,12/01/2017,10:30,85a9cec2-23db-4410-957e-eb6e52f84931,Sedan,GMC -CAR/SUV,2010.0,1.0,M,Licensed,Parked,Right Side Doors,Right Rear Quarter Panel,No Damage,No Damage,No Damage,N,,Driver Inattention/Distraction,Passing Too Closely,MANHATTAN,10039.0,,0.0,0.0,0,0,0,0,0,0,Station Wagon/Sport Utility Vehicle,Sedan,0
17669589,3737160,08/18/2017,15:55,5dabbd1e-9d39-48d7-843e-ab61737c47a2,Pick-up Truck,GMC -CAR/SUV,2006.0,1.0,M,Licensed,Going Straight Ahead,Right Front Bumper,No Damage,No Damage,No Damage,No Damage,N,,Following Too Closely,Unspecified,BROOKLYN,11207.0,"(40.658577, -73.89063)",0.0,0.0,0,0,0,0,0,0,Pick-up Truck,Sedan,0
17111839,3607297,01/28/2017,01:30,b5b8aa5e-3765-4504-b0a0-d8762632fd3d,Sedan,BMW -CAR/SUV,2017.0,0.0,,,Parked,Left Front Bumper,Left Front Bumper,,,,N,,Unspecified,Unspecified,BRONX,10451.0,"(40.816746, -73.92904)",0.0,0.0,0,0,0,0,0,0,Sedan,,0
17762852,3753596,09/10/2017,18:20,b94a03b4-2ded-4cdd-b303-bbd6bea2cdb2,Station Wagon/Sport Utility Vehicle,TOYT -CAR/SUV,2017.0,1.0,M,Licensed,Parked,Left Side Doors,Left Side Doors,,,,N,,Unspecified,Unspecified,MANHATTAN,10031.0,"(40.823444, -73.94893)",0.0,0.0,0,0,0,0,0,0,Station Wagon/Sport Utility Vehicle,Bus,0
17137182,3625270,03/01/2017,16:20,26b72a4a-b1f3-4580-a82f-a1777a1901a9,Station Wagon/Sport Utility Vehicle,FORD -CAR/SUV,2014.0,2.0,F,,Going Straight Ahead,Left Front Bumper,Left Front Quarter Panel,,,,N,,Unspecified,Unspecified,BRONX,10454.0,"(40.806114, -73.91797)",1.0,0.0,0,0,1,0,0,0,Station Wagon/Sport Utility Vehicle,Bike,1
17972965,3815363,12/21/2017,08:15,82cf5c77-d3a5-4bb4-8d03-c4889cf04c38,Station Wagon/Sport Utility Vehicle,ACUR -CAR/SUV,2003.0,2.0,F,Licensed,Parked,Left Rear Quarter Panel,Left Side Doors,,,,N,,Unspecified,Unspecified,QUEENS,11412.0,"(40.705227, -73.75206)",0.0,0.0,0,0,0,0,0,0,Station Wagon/Sport Utility Vehicle,Sedan,0
17945488,3779318,10/29/2017,13:50,f3801afb-70ff-4e4a-88fd-a4d0f84dcb71,Station Wagon/Sport Utility Vehicle,NISS -CAR/SUV,2011.0,1.0,M,Licensed,Backing,Left Rear Bumper,Left Rear Bumper,Left Rear Quarter Panel,,,N,,Backing Unsafely,Driver Inattention/Distraction,,,"(40.824432, -73.873604)",0.0,0.0,0,0,0,0,0,0,Station Wagon/Sport Utility Vehicle,Station Wagon/Sport Utility Vehicle,0
17938060,3819789,12/27/2017,18:30,9db8c262-dd1e-4019-a1ff-8a0db7d70eba,Sedan,NISS -CAR/SUV,2012.0,2.0,M,Licensed,Going Straight Ahead,Left Front Quarter Panel,Left Front Quarter Panel,No Damage,No Damage,No Damage,N,,Reaction to Uninvolved Vehicle,Turning Improperly,BROOKLYN,11217.0,"(40.686928, -73.98484)",0.0,0.0,0,0,0,0,0,0,Sedan,Station Wagon/Sport Utility Vehicle,0
17616695,3731600,08/14/2017,14:15,526f688f-5411-43d8-ae53-d89a28c90478,Van,UTILI,2008.0,0.0,M,Licensed,Slowing or Stopping,Center Front End,No Damage,,,,N,,Following Too Closely,Unspecified,MANHATTAN,10001.0,"(40.744972, -73.99186)",0.0,0.0,0,0,0,0,0,0,Station Wagon/Sport Utility Vehicle,Van,0
17631984,3721946,07/29/2017,11:40,b3330152-4096-42cb-a9ea-d08c92bd1d19,Taxi,CHEV -CAR/SUV,2014.0,1.0,M,Licensed,Going Straight Ahead,Left Rear Bumper,Left Rear Bumper,,,,N,,Unspecified,Unspecified,QUEENS,11372.0,"(40.75556, -73.88523)",0.0,0.0,0,0,0,0,0,0,Taxi,Sedan,0
17940860,3805661,12/09/2017,12:00,99fd5bc5-ee49-464b-b764-098dc853c0ed,Station Wagon/Sport Utility Vehicle,FORD -CAR/SUV,2006.0,1.0,M,Licensed,Going Straight Ahead,Right Front Quarter Panel,Right Front Bumper,No Damage,No Damage,No Damage,N,,Unspecified,Unspecified,MANHATTAN,10016.0,"(40.746403, -73.97973)",0.0,0.0,0,0,0,0,0,0,Taxi,Station Wagon/Sport Utility Vehicle,0
17568030,3689112,06/12/2017,12:52,86e85525-0b1b-4ce8-a59f-c8467c02aeb6,Sedan,MITS -CAR/SUV,2012.0,1.0,M,Licensed,Making U Turn,Left Front Quarter Panel,Left Front Quarter Panel,Left Side Doors,No Damage,No Damage,N,,Driver Inattention/Distraction,Unspecified,BRONX,10467.0,"(40.8745, -73.86706)",1.0,0.0,0,0,0,0,1,0,Sedan,Sedan,1
17935952,3797964,11/26/2017,16:10,f42b6769-2267-4e94-b8ae-5ad864994439,Sedan,CHEV -CAR/SUV,2016.0,1.0,F,Licensed,Going Straight Ahead,Right Side Doors,Right Rear Quarter Panel,,,,N,,Driver Inattention/Distraction,Traffic Control Disregarded,,,"(40.74681, -73.89176)",1.0,0.0,0,0,0,0,1,0,Sedan,Sedan,1
17992464,3784540,11/06/2017,08:00,7e914094-d0fb-4109-9c52-7e942873a811,Sedan,HYUN -CAR/SUV,2015.0,1.0,M,Licensed,Stopped in Traffic,Center Back End,Center Back End,No Damage,No Damage,No Damage,N,,Unspecified,Unspecified,,,"(40.766617, -73.8389)",0.0,0.0,0,0,0,0,0,0,Sedan,Sedan,0
17541098,3669716,05/12/2017,08:00,dabbd5e1-eadc-40b6-a6ec-7bf5d2f1093a,Box Truck,ISU-TRUCK/BUS,2005.0,2.0,M,Licensed,Going Straight Ahead,Left Rear Bumper,No Damage,,,,N,,Unspecified,Unspecified,,,"(40.683094, -73.80576)",0.0,0.0,0,0,0,0,0,0,Station Wagon/Sport Utility Vehicle,Box Truck,0
17608334,3734851,08/20/2017,18:10,369c920b-c9af-4489-a491-e53eb6cb0d46,Station Wagon/Sport Utility Vehicle,CHEV -CAR/SUV,2015.0,3.0,M,Licensed,Going Straight Ahead,Right Side Doors,Right Side Doors,Right Rear Quarter Panel,,,N,,Unspecified,Unspecified,BROOKLYN,11236.0,"(40.646076, -73.91283)",0.0,0.0,0,0,0,0,0,0,Sedan,Station Wagon/Sport Utility Vehicle,0
17443022,3632709,03/15/2017,18:00,ae9291b4-3c3f-4a09-8348-0b5240af909a,Taxi,TOYT -CAR/SUV,2013.0,1.0,M,Licensed,Making Left Turn,Right Front Bumper,Right Front Bumper,Right Front Quarter Panel,No Damage,No Damage,N,,Failure to Yield Right-of-Way,Pavement Slippery,,,"(40.719112, -73.94155)",0.0,0.0,0,0,0,0,0,0,Station Wagon/Sport Utility Vehicle,Taxi,0
17832842,3773222,10/19/2017,16:20,fda8e4f5-21df-40eb-8212-852e6e4b819a,Taxi,NISS -CAR/SUV,2016.0,1.0,M,Licensed,Changing Lanes,Left Front Quarter Panel,Left Front Quarter Panel,Left Side Doors,No Damage,No Damage,N,,Unsafe Lane Changing,Unspecified,,,"(40.733463, -73.99169)",0.0,0.0,0,0,0,0,0,0,Van,Taxi,0
17093055,3623820,02/27/2017,15:30,7b986034-07b0-4ff8-a8bb-5d0fc9cb725a,Station Wagon/Sport Utility Vehicle,TOYT -CAR/SUV,2014.0,0.0,,,Parked,Left Side Doors,Left Side Doors,,,,N,,Unspecified,Backing Unsafely,MANHATTAN,10027.0,"(40.80885, -73.95404)",0.0,0.0,0,0,0,0,0,0,Station Wagon/Sport Utility Vehicle,,0
17929545,3773123,10/20/2017,09:30,a21b6043-f925-4be8-a202-5897079a6a12,Station Wagon/Sport Utility Vehicle,TOYT -CAR/SUV,2001.0,1.0,M,Licensed,Going Straight Ahead,Right Front Quarter Panel,Right Front Quarter Panel,Right Front Bumper,,,N,,Driver Inattention/Distraction,Unspecified,QUEENS,11415.0,"(40.703655, -73.822464)",0.0,0.0,0,0,0,0,0,0,Station Wagon/Sport Utility Vehicle,Station Wagon/Sport Utility Vehicle,0
17868751,3794364,11/20/2017,20:00,34ef17c3-7f1b-4f11-9308-ee6ba2b31499,Sedan,NISS -CAR/SUV,2017.0,1.0,M,Licensed,Slowing or Stopping,Center Back End,Center Back End,,,,N,,Unspecified,Unspecified,,,"(40.650497, -73.905495)",0.0,0.0,0,0,0,0,0,0,Sedan,Pick-up Truck,0
17132732,3622758,02/21/2017,21:30,9c146eb1-f832-4749-a20d-cbbf623c2bc6,Ambulance,FORD-TRUCK/BUS,2015.0,3.0,F,Licensed,Going Straight Ahead,Other,No Damage,No Damage,No Damage,No Damage,N,,Unspecified,Unspecified,BRONX,10451.0,"(40.818558, -73.92732)",0.0,0.0,0,0,0,0,0,0,Ambulance,Bus,0
17503329,3672452,05/17/2017,22:40,befe7b57-e0d6-40f3-90d4-b37bd57efcfd,Taxi,TOYT -CAR/SUV,2017.0,1.0,M,Licensed,Making Right Turn,Left Front Bumper,Left Front Quarter Panel,,,,N,,Unspecified,Unspecified,MANHATTAN,10036.0,"(40.757828, -73.99308)",0.0,0.0,0,0,0,0,0,0,Taxi,Bus,0
17939151,3790718,11/16/2017,03:00,5ba568dd-04e0-4d33-8674-e3e0499aed7a,Sedan,TOYT -CAR/SUV,2017.0,1.0,M,Licensed,Stopped in Traffic,Center Back End,Center Back End,Right Rear Bumper,Left Rear Bumper,No Damage,N,,Unspecified,Unspecified,BROOKLYN,11205.0,"(40.699345, -73.95392)",0.0,0.0,0,0,0,0,0,0,Sedan,Garbage or Refuse,0
17431559,3627026,02/27/2017,18:40,eb84cb38-d7a5-411c-bd81-1fc1c09d76ad,Sedan,KIA -CAR/SUV,2005.0,1.0,M,Licensed,Going Straight Ahead,Center Front End,No Damage,,,,N,,Following Too Closely,Unspecified,,,"(40.66049, -73.962814)",0.0,0.0,0,0,0,0,0,0,Sedan,Station Wagon/Sport Utility Vehicle,0
17115804,3624969,03/02/2017,19:12,a214fce0-b324-4149-9b0d-9c87d0720576,Station Wagon/Sport Utility Vehicle,CHEV -CAR/SUV,2016.0,2.0,M,Licensed,Going Straight Ahead,Left Front Bumper,Left Front Bumper,Left Front Bumper,,,N,,Unspecified,Unspecified,,,,2.0,0.0,0,0,0,0,2,0,Sedan,Station Wagon/Sport Utility Vehicle,1
17567704,3646952,04/07/2017,22:50,79fe30a8-ecbd-4077-886a-e9d3857acb2c,Station Wagon/Sport Utility Vehicle,HOND -CAR/SUV,2006.0,2.0,M,Licensed,Making Left Turn,Left Front Bumper,Left Front Bumper,,,,N,,Unspecified,Unspecified,QUEENS,11422.0,"(40.669327, -73.73533)",0.0,0.0,0,0,0,0,0,0,Sedan,Station Wagon/Sport Utility Vehicle,0
17984767,3758950,09/27/2017,18:00,ae52636a-8fbb-4a3b-b997-2cb8a4fd24c1,Station Wagon/Sport Utility Vehicle,NISS -CAR/SUV,2017.0,1.0,M,Licensed,Going Straight Ahead,Left Rear Quarter Panel,Left Rear Quarter Panel,,,,N,,Passing Too Closely,Unspecified,QUEENS,11428.0,"(40.715954, -73.74567)",0.0,0.0,0,0,0,0,0,0,Station Wagon/Sport Utility Vehicle,Sedan,0
17513642,3677676,05/24/2017,16:30,35acbe82-15c3-491a-9d82-037df0d698ec,PK,RAM,2017.0,1.0,M,Licensed,Going Straight Ahead,Right Front Bumper,Right Front Bumper,,,,N,,Following Too Closely,Unspecified,MANHATTAN,10001.0,"(40.75326, -74.00383)",0.0,0.0,0,0,0,0,0,0,Taxi,PK,0
17500481,3708964,07/06/2017,17:04,54f53d08-87c8-4ba3-9f18-732146d000f8,Station Wagon/Sport Utility Vehicle,BMW -CAR/SUV,2016.0,1.0,M,Licensed,Stopped in Traffic,Center Back End,Center Back End,Right Rear Bumper,Left Rear Bumper,,Unspecified,,Unspecified,Unspecified,,,"(40.68126, -74.00496)",0.0,0.0,0,0,0,0,0,0,Station Wagon/Sport Utility Vehicle,Station Wagon/Sport Utility Vehicle,0
17531631,3680237,05/25/2017,19:24,becc2c54-8700-47cd-a16f-ac4759e2b117,Taxi,TOYT -CAR/SUV,2016.0,1.0,M,Licensed,Going Straight Ahead,Center Back End,Center Back End,,,,N,,Unspecified,Unspecified,,,"(40.70145, -73.989624)",1.0,0.0,0,0,0,0,1,0,Taxi,Sedan,1
17620215,3738601,08/26/2017,05:45,814fe902-7e1d-497e-a990-30c860978b67,Sedan,CHEV -CAR/SUV,2012.0,0.0,,,Parked,Center Front End,Center Front End,,,,N,,Unspecified,Unspecified,,,"(40.633327, -74.09253)",0.0,0.0,0,0,0,0,0,0,Sedan,Sedan,0
17524401,3686744,06/07/2017,18:50,6db6b9d3-c42a-4106-8ddc-847c34c16518,Station Wagon/Sport Utility Vehicle,HYUN -CAR/SUV,2016.0,0.0,,,Parked,Right Rear Bumper,Right Rear Bumper,Center Back End,Left Rear Bumper,,Unspecified,,Unspecified,Unspecified,BROOKLYN,11210.0,"(40.62979, -73.93961)",0.0,0.0,0,0,0,0,0,0,Station Wagon/Sport Utility Vehicle,Station Wagon/Sport Utility Vehicle,0
17567432,3707005,07/08/2017,15:20,58e4a3e7-c7d2-4b8d-be7c-7afaca820980,Station Wagon/Sport Utility Vehicle,FORD -CAR/SUV,1997.0,1.0,M,Licensed,Going Straight Ahead,Left Rear Quarter Panel,Left Rear Quarter Panel,Left Side Doors,Left Rear Bumper,,N,,Unspecified,Unspecified,QUEENS,11368.0,,0.0,0.0,0,0,0,0,0,0,Station Wagon/Sport Utility Vehicle,Station Wagon/Sport Utility Vehicle,0
17871508,3820836,12/31/2017,13:00,65b9547b-48d7-409c-90eb-3cce685d7bb9,Sedan,HYUN -CAR/SUV,2013.0,1.0,M,Licensed,Going Straight Ahead,Left Rear Quarter Panel,Left Rear Quarter Panel,Left Rear Bumper,,,N,,Unspecified,Unspecified,,,"(40.5433, -74.16424)",0.0,0.0,0,0,0,0,0,0,Sedan,Station Wagon/Sport Utility Vehicle,0
17433424,3626497,03/05/2017,12:00,042f66ec-97a6-4cc3-b818-29914a35a9de,Station Wagon/Sport Utility Vehicle,TOYT -CAR/SUV,1996.0,1.0,F,Licensed,Stopped in Traffic,Center Back End,Center Back End,No Damage,No Damage,No Damage,N,,Unspecified,Unspecified,,,"(40.69268, -73.93998)",1.0,0.0,0,0,0,0,1,0,Station Wagon/Sport Utility Vehicle,Station Wagon/Sport Utility Vehicle,1
17902590,3764145,10/05/2017,16:00,5039856d-88dd-4d2d-bf91-d5bbb0c78d64,Station Wagon/Sport Utility Vehicle,CHEV -CAR/SUV,2011.0,1.0,M,Licensed,Going Straight Ahead,Left Rear Quarter Panel,Left Rear Quarter Panel,No Damage,No Damage,No Damage,N,,Unspecified,Unspecified,,,"(40.745068, -73.97258)",0.0,0.0,0,0,0,0,0,0,Station Wagon/Sport Utility Vehicle,Station Wagon/Sport Utility Vehicle,0
17658769,3740353,08/30/2017,15:30,5f127d78-0018-4377-b830-ba5ff1f75259,Taxi,NISS -CAR/SUV,2015.0,1.0,M,Licensed,Making Left Turn,Right Front Quarter Panel,Right Front Quarter Panel,Right Front Bumper,Center Front End,Left Front Bumper,N,,Unspecified,Unspecified,MANHATTAN,10019.0,"(40.76177, -73.979065)",0.0,0.0,0,0,0,0,0,0,Taxi,,0
17564242,3700019,06/24/2017,19:45,e5fce3cb-f2ff-4cf5-8363-f793fba6e186,Station Wagon/Sport Utility Vehicle,HYUN -CAR/SUV,2017.0,3.0,F,Licensed,Going Straight Ahead,Left Front Bumper,Left Front Bumper,Center Front End,Right Front Bumper,,N,,Unspecified,Unspecified,,,"(40.636078, -74.136314)",2.0,0.0,0,0,0,0,2,0,Station Wagon/Sport Utility Vehicle,Station Wagon/Sport Utility Vehicle,1
17567766,3691073,06/14/2017,17:30,f016078d-40dc-44cd-b28f-5e0d38bd6825,Station Wagon/Sport Utility Vehicle,JEEP -CAR/SUV,2007.0,1.0,F,Licensed,Stopped in Traffic,Center Back End,Center Back End,Right Rear Bumper,Left Rear Bumper,,N,,Unspecified,Unspecified,,,"(40.66997, -73.84773)",0.0,0.0,0,0,0,0,0,0,Station Wagon/Sport Utility Vehicle,Sedan,0
17856914,3820361,12/29/2017,21:10,0a72701f-ba42-4297-95a8-c36c79d3bc8d,Station Wagon/Sport Utility Vehicle,FORD -CAR/SUV,2017.0,3.0,F,Licensed,Going Straight Ahead,Right Front Quarter Panel,Right Front Bumper,,,,N,,Unspecified,Unspecified,,,"(40.69626, -73.97446)",0.0,0.0,0,0,0,0,0,0,Station Wagon/Sport Utility Vehicle,Station Wagon/Sport Utility Vehicle,0
17887327,3786807,11/09/2017,15:42,2c612afd-5879-4929-b839-45825b866145,Station Wagon/Sport Utility Vehicle,NISS -CAR/SUV,2012.0,1.0,F,Licensed,Going Straight Ahead,Center Front End,No Damage,No Damage,No Damage,No Damage,N,,Driver Inattention/Distraction,Unspecified,BROOKLYN,11222.0,"(40.728992, -73.95067)",0.0,0.0,0,0,0,0,0,0,Station Wagon/Sport Utility Vehicle,Taxi,0
17822846,3756317,09/22/2017,13:10,117febd6-6ba4-4d62-913c-65fa2f4c57a5,Van,HINO,2016.0,1.0,M,Unlicensed,Going Straight Ahead,Center Front End,Center Front End,Right Front Bumper,,,N,,Driver Inattention/Distraction,Passing Too Closely,MANHATTAN,10003.0,"(40.731583, -73.98723)",0.0,0.0,0,0,0,0,0,0,Sedan,Van,0
17481044,3694827,06/19/2017,14:30,57e9b2b5-0205-47bb-a3e6-dbde151fa915,Station Wagon/Sport Utility Vehicle,freig,2014.0,1.0,M,Licensed,Making U Turn,Right Side Doors,Right Side Doors,Right Rear Quarter Panel,No Damage,No Damage,N,,Unspecified,Unspecified,MANHATTAN,10023.0,"(40.778606, -73.98163)",0.0,0.0,0,0,0,0,0,0,Station Wagon/Sport Utility Vehicle,Taxi,0
17430780,3632178,03/15/2017,09:00,abe58b97-af7f-41e0-851c-064091d13583,Pick-up Truck,pneum,,,,,Backing,No Damage,No Damage,No Damage,No Damage,No Damage,Unspecified,,Unspecified,Unspecified,BROOKLYN,11238.0,"(40.6846, -73.97018)",0.0,0.0,0,0,0,0,0,0,Taxi,Pick-up Truck,0
17443314,3662796,05/03/2017,11:15,9dd44125-f22d-4d0b-a8d4-00ba10221224,Sedan,TOYT -CAR/SUV,2014.0,1.0,F,Licensed,Making Right Turn,Right Front Quarter Panel,Right Front Quarter Panel,Right Side Doors,No Damage,No Damage,N,,Driver Inattention/Distraction,Unspecified,BRONX,10451.0,"(40.824623, -73.91052)",1.0,0.0,0,0,0,0,1,0,Sedan,Sedan,1
17631800,3720863,07/27/2017,19:43,07467d85-5600-46f8-8a37-9fceed716268,Sedan,TOYT -CAR/SUV,2016.0,1.0,M,Licensed,Going Straight Ahead,Right Front Bumper,Right Front Quarter Panel,Right Side Doors,,Other,N,,Passing or Lane Usage Improper,Unspecified,BROOKLYN,11226.0,"(40.63962, -73.95477)",0.0,0.0,0,0,0,0,0,0,Sedan,Sedan,0
17626412,3744990,09/01/2017,11:23,5f25a6c4-1d86-40e6-8cd2-1cb0d5943c33,Sedan,LEXS -CAR/SUV,2015.0,0.0,,,Parked,Left Front Bumper,Left Front Bumper,,,,N,,Unspecified,Unspecified,BROOKLYN,11210.0,"(40.62731, -73.941826)",0.0,0.0,0,0,0,0,0,0,Station Wagon/Sport Utility Vehicle,Sedan,0
17925865,3759646,09/27/2017,17:00,b0c9b9a9-7b7d-4e27-8a32-22556050c6a2,Station Wagon/Sport Utility Vehicle,CHRY -CAR/SUV,2007.0,1.0,M,Licensed,Going Straight Ahead,Center Front End,Center Front End,,,,N,,Unspecified,Unspecified,BROOKLYN,11226.0,"(40.64663, -73.95566)",0.0,0.0,0,0,0,0,0,0,Station Wagon/Sport Utility Vehicle,Station Wagon/Sport Utility Vehicle,0