UNIQUE_ID,COLLISION_ID,CRASH_DATE,CRASH_TIME,VEHICLE_ID,VEHICLE_TYPE,VEHICLE_MAKE,VEHICLE_YEAR,VEHICLE_OCCUPANTS,DRIVER_SEX,DRIVER_LICENSE_STATUS,PRE_CRASH,POINT_OF_IMPACT,VEHICLE_DAMAGE,VEHICLE_DAMAGE_1,VEHICLE_DAMAGE_2,VEHICLE_DAMAGE_3,PUBLIC_PROPERTY_DAMAGE,PUBLIC_PROPERTY_DAMAGE_TYPE,CONTRIBUTING_FACTOR_1,CONTRIBUTING_FACTOR_2,BOROUGH,ZIP CODE,LOCATION,NUMBER OF PERSONS INJURED,NUMBER OF PERSONS KILLED,NUMBER OF PEDESTRIANS INJURED,NUMBER OF PEDESTRIANS KILLED,NUMBER OF CYCLIST INJURED,NUMBER OF CYCLIST KILLED,NUMBER OF MOTORIST INJURED,NUMBER OF MOTORIST KILLED,VEHICLE TYPE CODE 1,VEHICLE TYPE CODE 2,Severity
17130361,3616307,02/14/2017,14:00,811c3d41-4b09-4bba-bcf6-109615811d06,Sedan,TOYT -CAR/SUV,2013.0,1.0,F,Licensed,Changing Lanes,Left Front Bumper,Left Front Bumper,Left Front Quarter Panel,,,N,,Driver Inattention/Distraction,Unsafe Lane Changing,QUEENS,11417.0,"(40.667114, -73.834656)",0.0,0.0,0,0,0,0,0,0,Pick-up Truck,Sedan,0
17469305,3660232,04/30/2017,08:40,19339d31-835c-4a33-ba70-3cf0e2b5771c,Sedan,HOND -CAR/SUV,2003.0,4.0,M,Licensed,Going Straight Ahead,Right Front Bumper,Center Front End,Left Front Bumper,No Damage,No Damage,N,,Unspecified,Unspecified,BRONX,10463.0,"(40.88134, -73.90933)",0.0,0.0,0,0,0,0,0,0,Sedan,Sedan,0
17631863,3732030,08/14/2017,16:40,3a4f7ce5-2b38-4391-a62e-67235732e380,Station Wagon/Sport Utility Vehicle,MERZ -CAR/SUV,2016.0,1.0,M,Licensed,Changing Lanes,Left Rear Bumper,Left Rear Bumper,Center Back End,,,N,,Unspecified,Unspecified,MANHATTAN,10038.0,"(40.709503, -74.00167)",0.0,0.0,0,0,0,0,0,0,Station Wagon/Sport Utility Vehicle,Station Wagon/Sport Utility Vehicle,0
17924369,3785836,11/07/2017,18:30,13b99aab-2c39-49ab-8ac7-798e80c6fd65,Station Wagon/Sport Utility Vehicle,BMW -CAR/SUV,2016.0,1.0,F,Licensed,Going Straight Ahead,Left Front Bumper,Left Front Bumper,Center Front End,Left Front Quarter Panel,,N,,Unspecified,Unspecified,BROOKLYN,11229.0,"(40.60494, -73.952484)",0.0,0.0,0,0,0,0,0,0,Station Wagon/Sport Utility Vehicle,Station Wagon/Sport Utility Vehicle,0
17078760,3601127,01/18/2017,11:15,f51ba6f6-21ac-4439-9b78-4e7c274691b4,Sedan,BMW -CAR/SUV,2016.0,2.0,F,Licensed,Slowing or Stopping,Center Back End,Center Back End,,,,N,,Unspecified,Unspecified,,,,0.0,0.0,0,0,0,0,0,0,Sedan,Station Wagon/Sport Utility Vehicle,0
17536328,3703833,07/01/2017,17:10,788058c9-5666-4bd7-b85e-e92685397f10,Station Wagon/Sport Utility Vehicle,ORION BUS,2011.0,0.0,M,Licensed,Going Straight Ahead,Right Front Bumper,Right Front Bumper,No Damage,No Damage,No Damage,N,,Unspecified,Unspecified,STATEN ISLAND,10310.0,"(40.63422, -74.12123)",0.0,0.0,0,0,0,0,0,0,Station Wagon/Sport Utility Vehicle,Sedan,0
17871388,3793381,11/19/2017,16:00,7803b318-a595-4d16-928f-71cddcb7f046,Station Wagon/Sport Utility Vehicle,HOND -CAR/SUV,2017.0,5.0,F,Licensed,Going Straight Ahead,Center Back End,Right Rear Bumper,Left Rear Bumper,No Damage,No Damage,N,,Unspecified,Unspecified,BROOKLYN,11216.0,"(40.669704, -73.94774)",1.0,0.0,0,0,0,0,1,0,Station Wagon/Sport Utility Vehicle,Station Wagon/Sport Utility Vehicle,1
17650447,3727584,08/07/2017,09:17,1756c173-032c-48eb-a7f7-33c3ed570221,Station Wagon/Sport Utility Vehicle,HYUN -CAR/SUV,2011.0,1.0,M,Licensed,Going Straight Ahead,Right Front Quarter Panel,Right Front Quarter Panel,,,,N,,Passing Too Closely,Unspecified,,,"(40.846504, -73.82629)",0.0,0.0,0,0,0,0,0,0,Station Wagon/Sport Utility Vehicle,Station Wagon/Sport Utility Vehicle,0
17936443,3763188,10/04/2017,16:15,93f18daf-4efd-4283-855d-6c35808d1f44,Sedan,HYUN -CAR/SUV,2015.0,2.0,M,Licensed,Going Straight Ahead,Right Rear Bumper,Right Rear Bumper,No Damage,No Damage,No Damage,N,,Passing or Lane Usage Improper,Unspecified,QUEENS,11434.0,"(40.6707, -73.77366)",0.0,0.0,0,0,0,0,0,0,Sedan,Sedan,0
17445474,3619750,02/22/2017,06:30,c01c1e6f-96f4-44c3-96c2-75bae265325e,Station Wagon/Sport Utility Vehicle,SUBA -CAR/SUV,2015.0,1.0,M,Licensed,Going Straight Ahead,Left Front Bumper,Left Front Quarter Panel,Right Front Bumper,Right Front Quarter Panel,No Damage,N,,Unspecified,Unspecified,,,"(40.691628, -73.811874)",0.0,0.0,0,0,0,0,0,0,Sedan,Station Wagon/Sport Utility Vehicle,0
17612042,3719315,07/26/2017,21:44,8c17bd47-f4b1-4f0b-ba0a-92aef6246192,Station Wagon/Sport Utility Vehicle,CHEV -CAR/SUV,2015.0,1.0,M,Licensed,Making Right Turn,Right Side Doors,Right Side Doors,Right Rear Quarter Panel,,,N,,Following Too Closely,Passing Too Closely,MANHATTAN,10012.0,"(40.724136, -73.992615)",0.0,0.0,0,0,0,0,0,0,Sedan,Station Wagon/Sport Utility Vehicle,0
17474086,3672702,05/18/2017,09:30,04763212-f142-47ca-a48b-3b566fd2fb5e,Sedan,HOND -CAR/SUV,2016.0,2.0,M,Unlicensed,Going Straight Ahead,Left Side Doors,Left Side Doors,Left Rear Quarter Panel,,,N,,Driver Inattention/Distraction,Unspecified,BROOKLYN,11236.0,"(40.63484, -73.904976)",2.0,0.0,0,0,0,0,2,0,Station Wagon/Sport Utility Vehicle,Sedan,1
17439586,3668755,05/10/2017,14:55,263b09bd-7358-47d4-90e1-2515786dec88,Station Wagon/Sport Utility Vehicle,FORD -CAR/SUV,2014.0,0.0,,,Parked,Left Front Bumper,Center Front End,,,,N,,Unspecified,Unspecified,MANHATTAN,10025.0,"(40.790295, -73.9694)",0.0,0.0,0,0,0,0,0,0,Station Wagon/Sport Utility Vehicle,Box Truck,0
17516581,3655174,04/22/2017,00:30,048c6db7-911c-4709-815f-28b60c111e56,Sedan,VOLV -CAR/SUV,2009.0,1.0,M,Licensed,Going Straight Ahead,Left Rear Bumper,Left Rear Bumper,,,,N,,Unspecified,Unspecified,,,"(40.680313, -73.842026)",0.0,0.0,0,0,0,0,0,0,Sedan,Sedan,0
17582822,3658144,04/27/2017,00:00,b2d8b259-c6f3-4ee1-9571-a76597b577b5,box t,freig,2008.0,1.0,M,Licensed,Backing,Center Back End,No Damage,No Damage,No Damage,No Damage,N,,Unspecified,Unspecified,QUEENS,11354.0,"(40.765022, -73.82034)",0.0,0.0,0,0,0,0,0,0,box t,Sedan,0
17670588,3716868,07/23/2017,10:00,7506a941-da8f-42e9-9f93-cd1d2693b917,Station Wagon/Sport Utility Vehicle,TOYT -CAR/SUV,2015.0,1.0,M,Licensed,Slowing or Stopping,Center Back End,Center Back End,Right Rear Bumper,Left Rear Bumper,,N,,Unspecified,Unspecified,,,"(40.76277, -73.814)",0.0,0.0,0,0,0,0,0,0,Station Wagon/Sport Utility Vehicle,Sedan,0
17614508,3724579,07/27/2017,12:16,bc47c5dd-aabc-415f-bab0-c4f1e3f985cd,Box Truck,MACK-TRUCK/BUS,2014.0,1.0,M,Licensed,Parked,Center Back End,Center Back End,,,,N,,Driver Inattention/Distraction,Unspecified,MANHATTAN,10009.0,"(40.731033, -73.98175)",0.0,0.0,0,0,0,0,0,0,Box Truck,Sedan,0
17456647,3695391,06/20/2017,09:00,9d031cec-7911-4722-8f41-581375408a1a,Station Wagon/Sport Utility Vehicle,MAZD -CAR/SUV,2012.0,1.0,M,Licensed,Going Straight Ahead,Left Rear Quarter Panel,Left Front Bumper,Center Front End,,,N,,Traffic Control Disregarded,Unspecified,MANHATTAN,10025.0,"(40.795532, -73.975845)",0.0,0.0,0,0,0,0,0,0,Sedan,Station Wagon/Sport Utility Vehicle,0
17489003,3650952,04/14/2017,06:00,c42b42e5-dbe7-4aa1-ac5b-9a156da51fb7,Sedan,TOYT -CAR/SUV,2016.0,1.0,M,Licensed,Changing Lanes,Right Rear Quarter Panel,Right Rear Quarter Panel,Right Rear Quarter Panel,,,N,,Driver Inattention/Distraction,Driver Inattention/Distraction,,,,0.0,0.0,0,0,0,0,0,0,Station Wagon/Sport Utility Vehicle,Sedan,0
17984357,3744223,09/05/2017,16:08,cc76b460-7e0a-4447-bb8b-5d0fdeb0b6fe,Tractor Truck Gasoline,KAUFMAN,2015.0,1.0,M,Licensed,Making Right Turn,No Damage,No Damage,No Damage,,,N,,Failure to Yield Right-of-Way,Unspecified,QUEENS,11354.0,"(40.77279, -73.837135)",0.0,0.0,0,0,0,0,0,0,Tractor Truck Gasoline,Station Wagon/Sport Utility Vehicle,0
17928689,3786780,11/08/2017,07:45,4a360e2f-a3d7-42de-a862-94b38d9fee66,Sedan,HOND -CAR/SUV,2010.0,2.0,M,Licensed,Parked,Right Rear Quarter Panel,Right Rear Bumper,Right Rear Quarter Panel,,,N,,Unspecified,Unspecified,BROOKLYN,11218.0,"(40.644096, -73.970184)",0.0,0.0,0,0,0,0,0,0,Sedan,Sedan,0
17648845,3709153,07/11/2017,16:55,69aa7451-8e66-46e6-a732-e82c172c35fa,Station Wagon/Sport Utility Vehicle,NISS -CAR/SUV,2016.0,1.0,F,Licensed,Making Left Turn,Center Front End,Center Front End,,,,N,,Unspecified,Unspecified,QUEENS,11364.0,"(40.737587, -73.76841)",0.0,0.0,0,0,0,0,0,0,Station Wagon/Sport Utility Vehicle,Sedan,0
17887994,3760229,09/29/2017,17:40,6d9ebce6-eb23-4960-8052-9154d222b641,Station Wagon/Sport Utility Vehicle,JEEP -CAR/SUV,2007.0,1.0,M,Licensed,Going Straight Ahead,Left Front Bumper,Left Front Bumper,,,,N,,Driver Inattention/Distraction,Unspecified,BROOKLYN,11214.0,"(40.61149, -73.995964)",0.0,0.0,0,0,0,0,0,0,Station Wagon/Sport Utility Vehicle,Sedan,0
17642018,3746286,09/09/2017,00:45,0963e89c-af58-491f-b077-9ebfc7467991,Sedan,MERZ -CAR/SUV,2016.0,1.0,F,Licensed,Going Straight Ahead,Center Back End,Center Back End,,,,N,,Unspecified,Unspecified,,,"(40.704422, -73.99491)",0.0,0.0,0,0,0,0,0,0,Sedan,Sedan,0
17888222,3792034,11/17/2017,00:00,dec80493-83a3-45cf-983f-1b455885d89d,Sedan,TOYT -CAR/SUV,2010.0,2.0,M,Licensed,Entering Parked Position,Left Front Bumper,Left Front Bumper,Left Front Quarter Panel,,,N,,Unspecified,Unspecified,,,,0.0,0.0,0,0,0,0,0,0,Sedan,Sedan,0
17509427,3669216,05/14/2017,04:00,f5321b5f-43b6-495f-896f-184f8b8555c7,Station Wagon/Sport Utility Vehicle,JEEP -CAR/SUV,2015.0,0.0,,,Parked,Center Back End,Center Back End,,,,N,,Unspecified,Unspecified,,,"(40.60521, -73.997635)",0.0,0.0,0,0,0,0,0,0,Taxi,Station Wagon/Sport Utility Vehicle,0
17883437,3783153,11/04/2017,12:35,e19e0bfe-abc7-4f3b-82f1-e07c6ce6a2be,Sedan,HOND -CAR/SUV,2012.0,0.0,F,Licensed,Backing,Right Front Bumper,Right Front Quarter Panel,,,,N,,Backing Unsafely,Unspecified,BRONX,10457.0,"(40.84627, -73.90834)",0.0,0.0,0,0,0,0,0,0,Sedan,Sedan,0
17477213,3635647,03/19/2017,00:00,5a5c97be-c5d6-4ed7-a1d2-d06ba3cf29c1,Sedan,CHEV -CAR/SUV,,1.0,,,Starting from Parking,Left Front Bumper,Left Front Bumper,,,,N,,Failure to Yield Right-of-Way,Unspecified,MANHATTAN,10019.0,,0.0,0.0,0,0,0,0,0,0,Sedan,Sedan,0
17104171,3607879,01/31/2017,11:55,36d02380-6dab-42c9-91bb-20009d9b3a24,Station Wagon/Sport Utility Vehicle,CADI -CAR/SUV,2008.0,1.0,F,Licensed,Backing,Right Rear Bumper,Right Rear Bumper,Right Rear Quarter Panel,No Damage,No Damage,N,,Unspecified,Unspecified,BRONX,10462.0,"(40.855354, -73.86869)",0.0,0.0,0,0,0,0,0,0,Station Wagon/Sport Utility Vehicle,Sedan,0
17847260,3769276,10/14/2017,14:25,b6380d36-33c4-4018-882d-2b5e583bf679,Station Wagon/Sport Utility Vehicle,FORD -CAR/SUV,2008.0,1.0,M,Licensed,Going Straight Ahead,Left Side Doors,Left Side Doors,Left Front Quarter Panel,,,N,,Unspecified,Unspecified,,,"(40.677605, -74.002754)",0.0,0.0,0,0,0,0,0,0,Station Wagon/Sport Utility Vehicle,Station Wagon/Sport Utility Vehicle,0
17961028,3800203,11/29/2017,08:21,aa5270c3-8e12-4f66-b30a-9ec5de7cfe6d,Sedan,MERC -CAR/SUV,2005.0,1.0,M,Licensed,Starting from Parking,Left Front Quarter Panel,Left Front Quarter Panel,Left Front Bumper,Left Side Doors,No Damage,N,,Unspecified,Unspecified,BROOKLYN,11212.0,"(40.657482, -73.92141)",0.0,0.0,0,0,0,0,0,0,Sedan,Sedan,0
17985439,3749013,09/13/2017,09:30,44c7ae6c-38ab-490d-bf9c-5a06ec0d9604,Station Wagon/Sport Utility Vehicle,FORD -CAR/SUV,2015.0,1.0,M,Licensed,Going Straight Ahead,Right Front Quarter Panel,Right Front Quarter Panel,,,,N,,Unspecified,Unspecified,QUEENS,11355.0,"(40.756645, -73.83297)",0.0,0.0,0,0,0,0,0,0,Station Wagon/Sport Utility Vehicle,Station Wagon/Sport Utility Vehicle,0
17538805,3666231,05/08/2017,21:30,7c0e464a-f1d5-4363-a5db-adc4bb0feacc,Sedan,VOLK -CAR/SUV,2002.0,0.0,M,Licensed,Parked,Left Front Bumper,Left Front Bumper,Center Front End,No Damage,No Damage,N,,Unspecified,Unspecified,BRONX,10466.0,"(40.886448, -73.84577)",0.0,0.0,0,0,0,0,0,0,Sedan,,0
17634936,3725913,08/04/2017,16:30,93112e47-74f7-4b70-ba6e-db9631d134a1,Station Wagon/Sport Utility Vehicle,HOND -CAR/SUV,2010.0,0.0,,,Parked,Left Front Bumper,Left Front Bumper,Left Front Quarter Panel,,,N,,Unspecified,Unspecified,BROOKLYN,11232.0,"(40.653873, -74.008156)",0.0,0.0,0,0,0,0,0,0,Pick-up Truck,Station Wagon/Sport Utility Vehicle,0
17456671,3641409,03/29/2017,13:21,b3fd15fe-eacb-46a1-b338-8253edcaf876,Pick-up Truck,DODG -CAR/SUV,1998.0,0.0,M,Licensed,Parked,Right Front Quarter Panel,Right Side Doors,Right Rear Quarter Panel,,,N,,Unspecified,Unspecified,,,"(40.854626, -73.89516)",0.0,0.0,0,0,0,0,0,0,Pick-up Truck,Carry All,0
17462221,3687608,06/09/2017,08:00,1153fb19-1e56-4a28-b855-0b4fe4879961,Sedan,HOND -CAR/SUV,2012.0,1.0,M,Licensed,Backing,No Damage,No Damage,No Damage,No Damage,No Damage,N,,Backing Unsafely,Unspecified,BRONX,10459.0,"(40.828236, -73.88602)",0.0,0.0,0,0,0,0,0,0,Station Wagon/Sport Utility Vehicle,Sedan,0
17958283,3806155,12/07/2017,15:25,329c63c0-a3da-4a81-8b43-e7fe14f6c582,Sedan,TOYT -CAR/SUV,2002.0,1.0,M,Licensed,Parked,Left Front Quarter Panel,Left Front Quarter Panel,Left Front Bumper,,,N,,Unspecified,Unspecified,QUEENS,11416.0,"(40.6865, -73.854614)",0.0,0.0,0,0,0,0,0,0,Sedan,,0
19568962,3614375,02/03/2017,21:20,c22dd4b3-7a24-4ecf-a320-a3c22386de0c,Sedan,MASE -CAR/SUV,2009.0,1.0,M,Licensed,Going Straight Ahead,Center Back End,Center Back End,Center Front End,Left Front Bumper,Right Front Bumper,N,,Other Vehicular,Unspecified,,,"(40.8065, -73.90803)",0.0,0.0,0,0,0,0,0,0,Station Wagon/Sport Utility Vehicle,Sedan,0
17764679,3755320,09/22/2017,16:30,15b0635f-4934-4573-bed2-401c2e818d70,Sedan,NISS -CAR/SUV,2017.0,2.0,M,Licensed,Going Straight Ahead,Left Front Bumper,Left Front Quarter Panel,Left Rear Quarter Panel,Left Side Doors,Center Front End,N,,Unspecified,Unspecified,,,"(40.57719, -73.860535)",3.0,0.0,0,0,0,0,3,0,,Sedan,1
17811877,3756864,09/24/2017,09:56,301d4afe-ead2-495d-9362-376f6fb4c97f,Sedan,TOYT -CAR/SUV,2010.0,1.0,F,Licensed,Going Straight Ahead,Left Front Bumper,Left Front Bumper,,,,Unspecified,,Driver Inattention/Distraction,Unspecified,MANHATTAN,10025.0,"(40.79715, -73.97366)",1.0,0.0,1,0,0,0,0,0,Sedan,,1
17982662,3814143,12/21/2017,11:00,e4cdc869-c195-47cb-8450-118293f497d1,Pick-up Truck,FORD -CAR/SUV,2015.0,0.0,,,Parked,Right Rear Quarter Panel,Right Rear Quarter Panel,,,,N,,Unspecified,Unspecified,,,"(40.77242, -73.96287)",0.0,0.0,0,0,0,0,0,0,Taxi,Pick-up Truck,0
17942423,3816788,12/25/2017,10:50,00e4fa48-abc7-4455-aff7-150c2b2c0e24,Sedan,LEXS -CAR/SUV,2016.0,1.0,M,Licensed,Going Straight Ahead,Right Front Quarter Panel,Right Front Quarter Panel,,,,N,,Unspecified,Unspecified,BROOKLYN,11219.0,"(40.629803, -74.00473)",0.0,0.0,0,0,0,0,0,0,Sedan,Sedan,0
17643770,3746612,09/08/2017,16:00,95393c5c-91c3-498e-a963-69d51cd5505c,Station Wagon/Sport Utility Vehicle,FORD -CAR/SUV,2013.0,1.0,F,Licensed,Making Left Turn,Left Front Bumper,Left Front Bumper,No Damage,No Damage,No Damage,N,,Reaction to Uninvolved Vehicle,Unspecified,,,"(40.87258, -73.87534)",0.0,0.0,0,0,0,0,0,0,Station Wagon/Sport Utility Vehicle,Station Wagon/Sport Utility Vehicle,0
17940096,3800409,11/22/2017,19:15,3122340e-f4fd-4f7a-95ce-1fc1a2d55553,Station Wagon/Sport Utility Vehicle,HOND -CAR/SUV,2003.0,0.0,F,Licensed,Making Left Turn,Center Front End,Center Front End,Center Front End,Center Front End,Center Front End,N,,Unspecified,Unspecified,QUEENS,11369.0,"(40.75807, -73.88204)",1.0,0.0,1,0,0,0,0,0,Station Wagon/Sport Utility Vehicle,,1
17948315,3795765,11/21/2017,13:42,15bf6254-2111-4112-8eee-5019d373b2b0,Sedan,HYUN -CAR/SUV,2015.0,2.0,M,Licensed,Backing,Left Rear Quarter Panel,Left Rear Quarter Panel,,,,N,,Driver Inattention/Distraction,Unspecified,,,"(40.583836, -74.15596)",0.0,0.0,0,0,0,0,0,0,Sedan,Sedan,0
17948687,3782363,11/03/2017,07:56,52bc8498-d90d-4dfe-ba71-cb4a9ed2e4d2,Sedan,CHEV -CAR/SUV,2012.0,2.0,F,Licensed,Backing,No Damage,No Damage,No Damage,No Damage,No Damage,N,,Backing Unsafely,Unspecified,BROOKLYN,11226.0,"(40.648792, -73.95228)",0.0,0.0,0,0,0,0,0,0,Sedan,Sedan,0
17544107,3666812,05/09/2017,10:10,c547ad88-162c-4301-9ad7-d33307c27d82,Sedan,BMW -CAR/SUV,2014.0,1.0,M,Licensed,Going Straight Ahead,Left Rear Quarter Panel,Left Rear Quarter Panel,Left Rear Bumper,Left Side Doors,,N,,Unspecified,Unspecified,QUEENS,11378.0,"(40.725994, -73.89843)",0.0,0.0,0,0,0,0,0,0,Sedan,PK,0
17848405,3766076,10/06/2017,16:48,c81923d5-b979-4b3c-8fe4-8b872383ba59,Station Wagon/Sport Utility Vehicle,GMC -CAR/SUV,2008.0,0.0,,,Parked,Right Front Quarter Panel,Right Front Bumper,Center Front End,No Damage,No Damage,N,,Unspecified,Unspecified,,,"(40.851326, -73.941444)",0.0,0.0,0,0,0,0,0,0,Station Wagon/Sport Utility Vehicle,,0
17989010,3767352,10/10/2017,22:28,0075568b-f3c3-44de-97ec-992d332b4025,Station Wagon/Sport Utility Vehicle,HOND -CAR/SUV,2013.0,0.0,,,Parked,Right Front Bumper,Right Front Bumper,,,,N,,Unspecified,Unspecified,QUEENS,11354.0,"(40.761047, -73.83251)",0.0,0.0,0,0,0,0,0,0,Station Wagon/Sport Utility Vehicle,Station Wagon/Sport Utility Vehicle,0
17665762,3732564,08/16/2017,15:30,1ba3d5df-c713-436a-a5c7-6f18c72215ce,Sedan,TOYT -CAR/SUV,2017.0,1.0,M,Licensed,Slowing or Stopping,Left Front Quarter Panel,Left Front Quarter Panel,,,,Unspecified,,Unspecified,Unspecified,QUEENS,11105.0,"(40.77603, -73.915245)",0.0,0.0,0,0,0,0,0,0,Sedan,,0
17556138,3699762,06/26/2017,12:15,bcd039ec-4f5e-4b02-a2dd-2b7631b46fc4,Station Wagon/Sport Utility Vehicle,FORD -CAR/SUV,2004.0,1.0,M,Licensed,Going Straight Ahead,Other,Other,,,,N,,Driver Inattention/Distraction,Unspecified,BROOKLYN,11219.0,"(40.626183, -73.994156)",0.0,0.0,0,0,0,0,0,0,Station Wagon/Sport Utility Vehicle,Station Wagon/Sport Utility Vehicle,0
17930991,3796198,11/21/2017,12:10,8347619e-1846-48b7-a232-7e5265941e18,Tractor Truck Diesel,FRHT-TRUCK/BUS,2012.0,1.0,M,Licensed,Changing Lanes,Right Front Quarter Panel,Right Front Quarter Panel,,,,N,,Unsafe Lane Changing,Unspecified,,,"(40.843822, -73.9275)",0.0,0.0,0,0,0,0,0,0,Sedan,Tractor Truck Diesel,0
17525878,3673228,05/18/2017,19:37,2a5b74c7-4b11-446e-947a-5627978173f9,Sedan,NISS -CAR/SUV,2017.0,1.0,F,Licensed,Passing,Left Front Bumper,Left Front Bumper,Left Front Quarter Panel,,,N,,Unspecified,Unspecified,BROOKLYN,11230.0,"(40.62704, -73.96663)",0.0,0.0,0,0,0,0,0,0,Sedan,Sedan,0
17483781,3675521,05/20/2017,17:00,dafc73c9-62f7-49e2-82fe-0d3e5d9bfd5d,Concrete Mixer,MACK-TRUCK/BUS,2000.0,1.0,M,Licensed,Starting from Parking,Right Front Bumper,Right Front Bumper,,,,N,,Passing Too Closely,Unspecified,BROOKLYN,11237.0,"(40.70235, -73.920265)",0.0,0.0,0,0,0,0,0,0,Sedan,Concrete Mixer,0
17654274,3733881,08/20/2017,03:10,03d4b755-ca1a-487c-8c3f-78c4c2051d81,Sedan,INFI -CAR/SUV,2012.0,0.0,M,Licensed,Parked,Left Rear Quarter Panel,Left Rear Quarter Panel,Left Side Doors,,,N,,Unspecified,Unspecified,BROOKLYN,11226.0,"(40.650764, -73.95061)",0.0,0.0,0,0,0,0,0,0,Sedan,,0
17500833,3662192,05/02/2017,12:34,5e21d64a-581f-470d-b6d9-97561625ea03,Sedan,KIA -CAR/SUV,2008.0,1.0,M,Licensed,Making Right Turn,Center Back End,Center Back End,No Damage,No Damage,No Damage,N,,Unspecified,Unspecified,BROOKLYN,11217.0,"(40.68777, -73.98701)",1.0,0.0,0,0,0,0,1,0,Sedan,Station Wagon/Sport Utility Vehicle,1
17988864,3779699,10/30/2017,07:50,ca30ba35-c1e2-4430-8b3d-a64b6d4763ef,Station Wagon/Sport Utility Vehicle,HOND -CAR/SUV,2007.0,1.0,F,Licensed,Stopped in Traffic,Center Back End,Center Back End,,,,N,,Unspecified,Unspecified,,,"(40.65785, -73.75086)",1.0,0.0,0,0,0,0,1,0,Station Wagon/Sport Utility Vehicle,Station Wagon/Sport Utility Vehicle,1
17923925,3803313,12/03/2017,12:50,8c4deedb-ddb5-4725-a824-d98ebcb5abd5,Sedan,MITS -CAR/SUV,1997.0,2.0,M,Licensed,Making U Turn,Right Rear Bumper,No Damage,,,,N,,Unsafe Speed,Unsafe Lane Changing,,,"(40.686085, -73.982666)",0.0,0.0,0,0,0,0,0,0,Station Wagon/Sport Utility Vehicle,Sedan,0
17671023,3729240,08/11/2017,16:00,a353881b-be97-4b04-8c69-9d48606bc4ee,Sedan,NISS -CAR/SUV,2015.0,2.0,F,Licensed,Stopped in Traffic,Center Back End,Center Back End,Center Front End,,,N,,Unspecified,Unspecified,,,"(40.759686, -73.71495)",0.0,0.0,0,0,0,0,0,0,Station Wagon/Sport Utility Vehicle,Sedan,0
17453617,3642788,03/31/2017,15:00,284af7a2-7353-4003-a24e-8a84cddc54b7,Sedan,TOYT -CAR/SUV,2008.0,1.0,M,Licensed,Entering Parked Position,Left Front Bumper,Center Front End,,,,N,,Unspecified,Unspecified,BROOKLYN,11212.0,"(40.668182, -73.90326)",0.0,0.0,0,0,0,0,0,0,Station Wagon/Sport Utility Vehicle,Sedan,0
17483425,3652098,04/10/2017,09:00,cf32b8b9-d8c8-42a6-997e-7d630c6966d5,Station Wagon/Sport Utility Vehicle,LEXS -CAR/SUV,2008.0,1.0,M,Licensed,Going Straight Ahead,Right Front Bumper,Center Front End,No Damage,No Damage,No Damage,N,,View Obstructed/Limited,Failure to Yield Right-of-Way,QUEENS,11433.0,"(40.69691, -73.790436)",0.0,0.0,0,0,0,0,0,0,Station Wagon/Sport Utility Vehicle,Convertible,0
17652096,3738764,08/26/2017,03:27,4a20319c-55b3-4677-af6e-0a8118acfc2e,Station Wagon/Sport Utility Vehicle,NISS -CAR/SUV,2011.0,1.0,,,Going Straight Ahead,Center Front End,Center Front End,,,,N,,Driver Inattention/Distraction,Following Too Closely,QUEENS,11416.0,"(40.681683, -73.84864)",0.0,0.0,0,0,0,0,0,0,Station Wagon/Sport Utility Vehicle,Station Wagon/Sport Utility Vehicle,0
17661950,3732519,08/17/2017,08:45,f7c8aabc-fd35-4205-893b-b331a550dd7d,Station Wagon/Sport Utility Vehicle,HYUN -CAR/SUV,2014.0,1.0,F,Licensed,Making Right Turn,Right Front Bumper,Right Front Bumper,,,,N,,Driver Inattention/Distraction,Unspecified,QUEENS,11427.0,"(40.725273, -73.76544)",0.0,0.0,0,0,0,0,0,0,Station Wagon/Sport Utility Vehicle,Sedan,0
17431328,3619492,02/21/2017,09:15,012323f5-1f92-4d06-a5d2-b4741825d10d,Pick-up Truck,VOLV -CAR/SUV,,1.0,M,Licensed,Making Left Turn,Right Front Bumper,No Damage,No Damage,,,N,,Passing or Lane Usage Improper,Failure to Yield Right-of-Way,BROOKLYN,11237.0,"(40.69328, -73.9043)",0.0,0.0,0,0,0,0,0,0,Station Wagon/Sport Utility Vehicle,Pick-up Truck,0
17500794,3689947,06/12/2017,09:15,932a98dd-117f-4bd7-a8c6-db709979f02e,Sedan,TOYT -CAR/SUV,2009.0,1.0,F,Licensed,Going Straight Ahead,Left Rear Quarter Panel,Center Back End,Left Rear Bumper,Right Rear Bumper,,Unspecified,,Unspecified,Unspecified,,,"(40.88867, -73.89092)",1.0,0.0,0,0,0,0,1,0,Sedan,Sedan,1
17657576,3714119,07/19/2017,09:30,ae547019-70ce-4965-bb3c-b3a689d614a8,Station Wagon/Sport Utility Vehicle,FORD -CAR/SUV,2014.0,1.0,M,Licensed,Stopped in Traffic,Left Rear Quarter Panel,Left Rear Quarter Panel,,,,N,,Unspecified,Unspecified,,,"(40.737938, -73.93589)",0.0,0.0,0,0,0,0,0,0,Sedan,Station Wagon/Sport Utility Vehicle,0