UNIQUE_ID,COLLISION_ID,CRASH_DATE,CRASH_TIME,VEHICLE_ID,VEHICLE_TYPE,VEHICLE_MAKE,VEHICLE_YEAR,VEHICLE_OCCUPANTS,DRIVER_SEX,DRIVER_LICENSE_STATUS,PRE_CRASH,POINT_OF_IMPACT,VEHICLE_DAMAGE,VEHICLE_DAMAGE_1,VEHICLE_DAMAGE_2,VEHICLE_DAMAGE_3,PUBLIC_PROPERTY_DAMAGE,PUBLIC_PROPERTY_DAMAGE_TYPE,CONTRIBUTING_FACTOR_1,CONTRIBUTING_FACTOR_2,BOROUGH,ZIP CODE,LOCATION,NUMBER OF PERSONS INJURED,NUMBER OF PERSONS KILLED,NUMBER OF PEDESTRIANS INJURED,NUMBER OF PEDESTRIANS KILLED,NUMBER OF CYCLIST INJURED,NUMBER OF CYCLIST KILLED,NUMBER OF MOTORIST INJURED,NUMBER OF MOTORIST KILLED,VEHICLE TYPE CODE 1,VEHICLE TYPE CODE 2,Severity
17107875,3604067,01/25/2017,12:19,21751b38-3a0b-4ac9-a7dd-3909a772f814,Sedan,HOND -CAR/SUV,2009.0,5.0,M,Licensed,Stopped in Traffic,Left Rear Bumper,Left Rear Quarter Panel,,,,N,,Unspecified,Unspecified,BRONX,10451.0,"(40.825573, -73.918465)",0.0,0.0,0,0,0,0,0,0,Sedan,Sedan,0
17608448,3736893,08/13/2017,16:35,3203d197-9237-489f-99aa-6edfe1ca1cc8,Sedan,TOYT -CAR/SUV,1999.0,5.0,M,,Starting in Traffic,Center Back End,Right Rear Bumper,Left Rear Bumper,Center Front End,Right Front Bumper,N,,Unspecified,Unspecified,BROOKLYN,11216.0,"(40.678394, -73.94692)",1.0,0.0,0,0,0,0,1,0,Sedan,Sedan,1
17533057,3678558,05/26/2017,12:45,6aae4aa6-d2d6-4c32-83fe-273d7df3c121,Sedan,NISS -CAR/SUV,2015.0,1.0,F,Licensed,Stopped in Traffic,Center Front End,Center Front End,Left Front Bumper,,,N,,Unspecified,Unspecified,,,"(40.62368, -74.028)",0.0,0.0,0,0,0,0,0,0,Station Wagon/Sport Utility Vehicle,Sedan,0
17446766,3632737,03/13/2017,10:30,28430c41-90ea-4385-8be1-e4c9c029c819,Station Wagon/Sport Utility Vehicle,FORD -CAR/SUV,2012.0,1.0,M,Licensed,Going Straight Ahead,Right Front Quarter Panel,Right Side Doors,,,,Unspecified,,Passing Too Closely,Unspecified,BROOKLYN,11234.0,"(40.617924, -73.93174)",0.0,0.0,0,0,0,0,0,0,Station Wagon/Sport Utility Vehicle,Station Wagon/Sport Utility Vehicle,0
19625812,3676459,05/22/2017,12:45,e16b39d3-a134-444f-b506-974f949bc1be,Pick-up Truck,CHEV -CAR/SUV,2006.0,0.0,,,Parked,Left Rear Bumper,Left Rear Bumper,Center Back End,Center Back End,No Damage,N,,Unspecified,Unspecified,QUEENS,11378.0,"(40.731575, -73.92484)",1.0,0.0,0,0,0,0,1,0,Pick-up Truck,Pick-up Truck,1
17497081,3641279,03/28/2017,14:20,0abf9d35-2253-45d0-ad8f-8461642910f1,Sedan,HOND -CAR/SUV,2006.0,1.0,F,Licensed,Making Left Turn,Left Rear Quarter Panel,Left Rear Quarter Panel,,,,N,,Unspecified,Unspecified,,,"(40.56878, -74.10661)",0.0,0.0,0,0,0,0,0,0,Station Wagon/Sport Utility Vehicle,Sedan,0
17124505,3621109,02/24/2017,07:50,602652d8-5986-4b0b-a5f6-55b88695cd1e,Box Truck,ISU-TRUCK/BUS,2013.0,1.0,M,Licensed,Making Right Turn,Right Side Doors,No Damage,No Damage,No Damage,No Damage,N,,Failure to Yield Right-of-Way,Unspecified,MANHATTAN,10006.0,"(40.70805, -74.01535)",0.0,0.0,0,0,0,0,0,0,Box Truck,Sedan,0
17897458,3764875,10/02/2017,16:45,a858d4df-dbd4-4d3c-a20f-bc727fa1e55c,Sedan,HOND -CAR/SUV,2013.0,1.0,,,Parked,Center Back End,Center Back End,,,,N,,Unspecified,Unspecified,BROOKLYN,11209.0,"(40.636105, -74.03473)",0.0,0.0,0,0,0,0,0,0,Sedan,Sedan,0
17985898,3763847,10/05/2017,18:20,aa328641-94da-4184-b12c-69cc11265079,Station Wagon/Sport Utility Vehicle,FORD -CAR/SUV,2001.0,2.0,M,Unlicensed,Going Straight Ahead,Right Front Bumper,Right Front Bumper,,,,N,,Driver Inattention/Distraction,Unspecified,QUEENS,11413.0,"(40.67759, -73.74479)",1.0,0.0,0,0,0,0,1,0,Station Wagon/Sport Utility Vehicle,Station Wagon/Sport Utility Vehicle,1
17447041,3654114,04/08/2017,14:18,d7726b6d-2418-4910-a2fc-a392b5c1dddb,Sedan,BMW -CAR/SUV,2011.0,1.0,,,Parked,Center Back End,Center Back End,Center Back End,,,N,,Unspecified,Unspecified,BROOKLYN,11216.0,"(40.67625, -73.95308)",0.0,0.0,0,0,0,0,0,0,Sedan,Sedan,0
17910782,3819566,12/31/2017,14:40,db7c1938-fa8d-43d9-956d-7e1101d91e3f,Station Wagon/Sport Utility Vehicle,HOND -CAR/SUV,2004.0,1.0,F,Licensed,Changing Lanes,Left Front Bumper,Left Front Bumper,Left Front Quarter Panel,No Damage,No Damage,N,,Driver Inexperience,Unsafe Lane Changing,,,"(40.799126, -73.92935)",0.0,0.0,0,0,0,0,0,0,Station Wagon/Sport Utility Vehicle,Station Wagon/Sport Utility Vehicle,0
17950580,3772980,10/17/2017,09:39,2287400c-b20a-4307-9dea-921492daa2e4,Station Wagon/Sport Utility Vehicle,MAZD -CAR/SUV,2016.0,1.0,F,Licensed,Going Straight Ahead,Right Front Bumper,Right Front Bumper,Center Front End,Left Front Bumper,Undercarriage,N,,View Obstructed/Limited,Glare,,,"(40.610508, -74.09576)",0.0,0.0,0,0,0,0,0,0,Station Wagon/Sport Utility Vehicle,Sedan,0
17611044,3717888,07/22/2017,15:50,067a1c47-aa36-4471-b10c-247830cb65b4,Station Wagon/Sport Utility Vehicle,LEXS -CAR/SUV,2016.0,2.0,F,Licensed,Entering Parked Position,Right Side Doors,Right Side Doors,,,,N,,Driver Inattention/Distraction,Unspecified,MANHATTAN,10013.0,"(40.718777, -73.995705)",0.0,0.0,0,0,0,0,0,0,Station Wagon/Sport Utility Vehicle,Sedan,0
17513414,3653916,04/19/2017,18:55,6bef0bbb-3ac4-4a64-a0d5-f6982bafcc0e,Station Wagon/Sport Utility Vehicle,NISS -CAR/SUV,2009.0,0.0,M,Licensed,Changing Lanes,Right Rear Bumper,Right Side Doors,Right Rear Quarter Panel,Right Front Quarter Panel,,N,,Driver Inattention/Distraction,Unspecified,,,"(40.667778, -73.80127)",0.0,0.0,0,0,0,0,0,0,Station Wagon/Sport Utility Vehicle,Station Wagon/Sport Utility Vehicle,0
17451948,3644007,03/28/2017,21:05,a904e35a-abda-4d50-b666-aa920555a836,Taxi,TOYT -CAR/SUV,2017.0,1.0,M,Licensed,Going Straight Ahead,Right Front Quarter Panel,Right Front Quarter Panel,,,,N,,Unspecified,Unspecified,MANHATTAN,10011.0,"(40.741642, -74.00487)",0.0,0.0,0,0,0,0,0,0,Taxi,,0
17540340,3691585,06/15/2017,16:00,a5413603-bc38-4c32-b9ae-0db14b7da9dd,Station Wagon/Sport Utility Vehicle,LEXS -CAR/SUV,2016.0,0.0,,,Parked,Left Front Bumper,Center Front End,,,,N,,Unspecified,Unspecified,QUEENS,11374.0,"(40.728653, -73.86111)",1.0,0.0,0,0,0,0,1,0,Sedan,Station Wagon/Sport Utility Vehicle,1
17981519,3763658,10/04/2017,17:50,a119de48-fd4a-4c38-a792-38ac9cf2b377,Station Wagon/Sport Utility Vehicle,GMC -CAR/SUV,2015.0,0.0,F,Licensed,Parked,Left Front Quarter Panel,Left Front Quarter Panel,Left Front Bumper,,,N,,Unspecified,Unspecified,BROOKLYN,11239.0,,0.0,0.0,0,0,0,0,0,0,Station Wagon/Sport Utility Vehicle,,0
17472899,3658439,04/20/2017,13:30,0b81d95d-0644-401c-8555-d55fcb3a7fff,Dump,MACK-TRUCK/BUS,2003.0,1.0,M,Licensed,Passing,No Damage,No Damage,No Damage,No Damage,No Damage,N,,Driver Inattention/Distraction,Unspecified,,,,0.0,0.0,0,0,0,0,0,0,Bus,Dump,0
17568570,3705711,06/19/2017,17:34,493a0910-773c-4dfc-9f73-89de225f9cac,Van,UNKNOWN,2005.0,1.0,M,Licensed,Making Left Turn,Left Rear Bumper,Left Rear Bumper,No Damage,No Damage,No Damage,N,,Unspecified,Unspecified,BROOKLYN,11204.0,"(40.62757, -73.976585)",0.0,0.0,0,0,0,0,0,0,Pick-up Truck,Van,0
17980663,3797727,11/16/2017,18:05,e8e56ccf-8434-47cb-be54-8909f1fb7ded,Sedan,STRN -CAR/SUV,2008.0,0.0,M,Licensed,Going Straight Ahead,Center Front End,Center Front End,Left Front Bumper,Right Front Bumper,,N,,Following Too Closely,Unspecified,,,"(40.77855, -73.925674)",1.0,0.0,0,0,0,0,1,0,Sedan,Sedan,1
17974837,3808151,12/12/2017,14:15,7baf99d0-e4c9-4897-9d65-ea5ccc7f0d27,Station Wagon/Sport Utility Vehicle,NISS -CAR/SUV,2017.0,1.0,F,Licensed,Going Straight Ahead,Center Front End,Center Front End,Right Front Bumper,Left Front Bumper,,N,,Driver Inattention/Distraction,Unspecified,STATEN ISLAND,10305.0,"(40.57643, -74.081894)",1.0,0.0,0,0,0,0,1,0,Station Wagon/Sport Utility Vehicle,Station Wagon/Sport Utility Vehicle,1
17589110,3677533,05/24/2017,23:55,207a0118-6dd2-45bd-8461-c957270210b2,Station Wagon/Sport Utility Vehicle,TOYT -CAR/SUV,2007.0,2.0,M,Licensed,Going Straight Ahead,Right Front Quarter Panel,Right Front Quarter Panel,Right Front Bumper,Right Side Doors,,Unspecified,,Fell Asleep,Unspecified,QUEENS,11357.0,"(40.779095, -73.82603)",0.0,0.0,0,0,0,0,0,0,Station Wagon/Sport Utility Vehicle,Sedan,0
17542869,3685352,06/04/2017,13:00,0b98caca-e144-4aff-9042-3fc433eddb2e,Station Wagon/Sport Utility Vehicle,NISS -CAR/SUV,2017.0,1.0,M,Licensed,Making U Turn,Left Front Quarter Panel,Left Front Quarter Panel,,,,N,,Turning Improperly,Driver Inexperience,BRONX,10458.0,"(40.86494, -73.894035)",0.0,0.0,0,0,0,0,0,0,Sedan,Station Wagon/Sport Utility Vehicle,0
17880709,3815746,12/17/2017,12:15,df91cdc9-f8fc-443c-8224-77e93deb8e84,Sedan,MERC -CAR/SUV,1998.0,1.0,F,Licensed,Entering Parked Position,Right Front Bumper,Right Front Bumper,,,,N,,Driver Inattention/Distraction,Unspecified,BROOKLYN,11213.0,"(40.6775, -73.93086)",0.0,0.0,0,0,0,0,0,0,Sedan,Sedan,0
17574195,3647965,04/09/2017,20:00,dea39c61-4d17-40f0-8d4f-ee414180430f,Sedan,TOYT -CAR/SUV,2010.0,1.0,F,Licensed,Going Straight Ahead,Center Front End,Center Front End,Right Front Bumper,Left Front Bumper,,N,,Unspecified,Unspecified,,,,2.0,0.0,0,0,0,0,2,0,Sedan,Station Wagon/Sport Utility Vehicle,1
17965441,3760089,09/29/2017,00:00,93826f1f-27f7-486b-852a-d2ce767589d1,Station Wagon/Sport Utility Vehicle,HOND -CAR/SUV,2002.0,1.0,M,Licensed,Entering Parked Position,Right Front Bumper,Right Front Quarter Panel,Right Front Quarter Panel,Right Front Quarter Panel,Right Front Quarter Panel,N,,Driver Inattention/Distraction,Driver Inattention/Distraction,QUEENS,11105.0,"(40.776833, -73.911705)",0.0,0.0,0,0,0,0,0,0,Station Wagon/Sport Utility Vehicle,Station Wagon/Sport Utility Vehicle,0
17527125,3677113,05/24/2017,18:30,e40befed-996b-43c0-945b-6a743ed025e9,Station Wagon/Sport Utility Vehicle,HYUN -CAR/SUV,2013.0,1.0,M,Licensed,Changing Lanes,Right Rear Quarter Panel,Right Rear Quarter Panel,Right Rear Bumper,No Damage,No Damage,N,,Unsafe Lane Changing,Unspecified,,,"(40.69168, -73.999344)",0.0,0.0,0,0,0,0,0,0,Sedan,Station Wagon/Sport Utility Vehicle,0
17624959,3717562,07/23/2017,17:05,299a2e14-4c96-4b81-8c4e-28f2544d2674,Sedan,TOYT -CAR/SUV,2012.0,1.0,M,Licensed,Going Straight Ahead,Right Side Doors,Right Side Doors,Right Rear Quarter Panel,,,N,,Unspecified,Unspecified,BROOKLYN,11219.0,"(40.62682, -74.00293)",0.0,0.0,0,0,0,0,0,0,Sedan,Sedan,0
17125486,3622376,02/26/2017,09:00,1b467d41-aa43-4082-8d15-6f33220a11a9,Station Wagon/Sport Utility Vehicle,JEEP -CAR/SUV,2007.0,1.0,F,Licensed,Backing,Right Rear Quarter Panel,Right Rear Quarter Panel,Right Rear Bumper,,,N,,Driver Inattention/Distraction,Unspecified,STATEN ISLAND,10310.0,"(40.625168, -74.1298)",0.0,0.0,0,0,0,0,0,0,Station Wagon/Sport Utility Vehicle,Station Wagon/Sport Utility Vehicle,0
17682042,3593648,01/05/2017,01:50,1eab17eb-b666-4fae-bfc4-00dc7f08d789,Sedan,NISS -CAR/SUV,2016.0,2.0,M,Licensed,Going Straight Ahead,Left Front Quarter Panel,Left Front Quarter Panel,Left Side Doors,Left Front Bumper,,N,,Driver Inattention/Distraction,Failure to Yield Right-of-Way,QUEENS,11420.0,"(40.683002, -73.81955)",1.0,0.0,0,0,0,0,1,0,Sedan,Sedan,1
17995060,3803617,12/05/2017,11:45,6447ade6-8b78-4ab6-a25b-6f6cf010c67e,Station Wagon/Sport Utility Vehicle,LINC -CAR/SUV,2012.0,0.0,,,Parked,Center Back End,Center Back End,No Damage,No Damage,No Damage,N,,Unspecified,Unspecified,QUEENS,11355.0,"(40.74819, -73.81338)",0.0,0.0,0,0,0,0,0,0,Station Wagon/Sport Utility Vehicle,Station Wagon/Sport Utility Vehicle,0
17530971,3641739,03/22/2017,19:13,54f289f4-deed-480b-8dfa-82ac1cb6a8de,Station Wagon/Sport Utility Vehicle,INFI -CAR/SUV,2004.0,0.0,F,Licensed,Parked,Right Side Doors,Right Side Doors,Right Rear Quarter Panel,Right Rear Quarter Panel,,N,,Unspecified,Unspecified,BROOKLYN,11207.0,"(40.67398, -73.899315)",0.0,0.0,0,0,0,0,0,0,Station Wagon/Sport Utility Vehicle,Tractor Truck Gasoline,0
17597352,3730177,08/13/2017,15:10,cb256d0c-d60c-4cc2-9e45-29c4184a9a7e,Sedan,TOYT -CAR/SUV,2009.0,1.0,F,Licensed,Making Left Turn,Left Front Bumper,Left Front Bumper,Center Front End,Right Front Bumper,,N,,Driver Inattention/Distraction,Unspecified,,,"(40.821495, -73.9392)",2.0,0.0,0,0,0,0,2,0,Sedan,Sedan,1
17500273,3635830,03/20/2017,14:30,cab26398-537c-4052-9fc6-0f34ed351cc6,Station Wagon/Sport Utility Vehicle,NISS -CAR/SUV,2016.0,0.0,,,Parked,Left Front Quarter Panel,Left Front Quarter Panel,,,,N,,Unspecified,Unspecified,QUEENS,11101.0,"(40.7426, -73.93401)",0.0,0.0,0,0,0,0,0,0,Station Wagon/Sport Utility Vehicle,,0
17983506,3753749,09/19/2017,09:20,32cc2489-5971-4b5f-96f8-426f963bd5da,Van,FORD-TRUCK/BUS,2016.0,1.0,M,Licensed,Going Straight Ahead,Right Rear Quarter Panel,Right Rear Quarter Panel,,,,N,,Unspecified,Unspecified,QUEENS,11434.0,"(40.657608, -73.768616)",0.0,0.0,0,0,0,0,0,0,Sedan,Van,0
17079761,3598152,01/12/2017,20:20,f5688e65-0847-47e6-bf47-48c32bc195f9,Taxi,TOYT -CAR/SUV,2016.0,0.0,M,Licensed,Going Straight Ahead,Right Front Bumper,Right Front Bumper,Right Front Quarter Panel,,,N,,Driver Inattention/Distraction,Failure to Yield Right-of-Way,,,"(40.7252, -73.98706)",0.0,0.0,0,0,0,0,0,0,Taxi,Sedan,0
17903263,3773506,10/20/2017,23:35,9d90d57c-f709-4bca-81f7-bf781d5ae389,Station Wagon/Sport Utility Vehicle,NISS -CAR/SUV,2011.0,1.0,F,Licensed,Going Straight Ahead,Right Front Bumper,Right Front Quarter Panel,,,,N,,Driver Inattention/Distraction,Unspecified,,,"(40.704422, -73.99491)",0.0,0.0,0,0,0,0,0,0,Station Wagon/Sport Utility Vehicle,Sedan,0
17629702,3720882,07/26/2017,09:15,057f772e-b639-492e-b5ef-3a28a8119107,Station Wagon/Sport Utility Vehicle,HOND -CAR/SUV,2012.0,1.0,M,,Going Straight Ahead,Right Front Bumper,Right Front Bumper,Right Front Quarter Panel,Right Side Doors,No Damage,N,,Unspecified,Unspecified,BRONX,10456.0,"(40.82816, -73.91297)",0.0,0.0,0,0,0,0,0,0,Station Wagon/Sport Utility Vehicle,Station Wagon/Sport Utility Vehicle,0
17985158,3764890,09/30/2017,13:20,bd67c111-5ac6-4cec-be7e-e627019961c7,Station Wagon/Sport Utility Vehicle,CHEV -CAR/SUV,2000.0,2.0,M,Licensed,Going Straight Ahead,Right Front Bumper,Right Front Bumper,,,,N,,Unspecified,Unspecified,QUEENS,11429.0,"(40.712116, -73.73118)",0.0,0.0,0,0,0,0,0,0,Station Wagon/Sport Utility Vehicle,Station Wagon/Sport Utility Vehicle,0
17445208,3627157,03/06/2017,11:45,51476789-5d35-4752-b872-712bce47503f,Sedan,TOYT -CAR/SUV,2006.0,0.0,,,Parked,Left Rear Bumper,Left Rear Bumper,,,,N,,Unspecified,Unspecified,,,"(40.68672, -73.98224)",0.0,0.0,0,0,0,0,0,0,Sedan,,0
17517753,3680428,05/29/2017,14:35,6a22dc5a-8ec9-4727-a778-50ff6a46bfb3,Station Wagon/Sport Utility Vehicle,TOYT -CAR/SUV,2003.0,0.0,,,Parked,Left Rear Quarter Panel,Left Rear Quarter Panel,Left Side Doors,Left Front Quarter Panel,,Unspecified,,Unspecified,Unspecified,BROOKLYN,11210.0,"(40.628414, -73.94139)",0.0,0.0,0,0,0,0,0,0,Station Wagon/Sport Utility Vehicle,,0
17936350,3819539,12/29/2017,12:20,1718dd92-4d86-4121-8547-c140f4c014f1,Sedan,NISS -CAR/SUV,2015.0,3.0,F,Licensed,Going Straight Ahead,Right Front Bumper,Right Front Quarter Panel,,,,N,,Driver Inattention/Distraction,Passing or Lane Usage Improper,,,"(40.613388, -73.995995)",0.0,0.0,0,0,0,0,0,0,Station Wagon/Sport Utility Vehicle,Sedan,0
17881030,3814492,12/19/2017,16:15,23559456-c1ac-49a9-9e94-94352486eb9d,Sedan,MAZD -CAR/SUV,2013.0,2.0,F,Licensed,Merging,Right Side Doors,Right Side Doors,,,,N,,Unsafe Lane Changing,Passing Too Closely,,,"(40.6792, -73.9553)",0.0,0.0,0,0,0,0,0,0,Sedan,Sedan,0
17117730,3623601,02/28/2017,20:23,8434989d-ddea-451f-a442-bec0edf4e928,Sedan,TOYT -CAR/SUV,2014.0,1.0,M,Licensed,Stopped in Traffic,Right Rear Bumper,Right Rear Bumper,Center Back End,,,N,,Other Vehicular,Unspecified,,,"(40.663555, -73.93162)",1.0,0.0,0,0,0,0,1,0,Sedan,Station Wagon/Sport Utility Vehicle,1
17508381,3660050,04/28/2017,21:00,82de10be-73a9-4b9a-bc9b-7523a9c25e0a,Taxi,NISS -CAR/SUV,2016.0,2.0,M,Licensed,Going Straight Ahead,Right Rear Bumper,Right Rear Bumper,Right Side Doors,Right Front Quarter Panel,Right Rear Quarter Panel,N,,Unspecified,Unspecified,,,"(40.73834, -73.84507)",2.0,0.0,0,0,0,0,2,0,Sedan,Taxi,1
17897622,3801812,12/01/2017,15:40,cf279892-9ba3-4775-b0d4-b84837abde23,Station Wagon/Sport Utility Vehicle,SUBA -CAR/SUV,2015.0,2.0,M,Licensed,Changing Lanes,Left Rear Bumper,Left Rear Bumper,,,,N,,Aggressive Driving/Road Rage,Unsafe Lane Changing,BRONX,10460.0,"(40.853344, -73.881676)",0.0,0.0,0,0,0,0,0,0,Station Wagon/Sport Utility Vehicle,Sedan,0
17905330,3820010,12/29/2017,18:23,9c7e7dfa-4d3f-4795-8282-5523dee8e016,Sedan,CHEV -CAR/SUV,2013.0,2.0,M,Licensed,Going Straight Ahead,Left Front Bumper,Left Front Bumper,No Damage,No Damage,No Damage,N,,Other Vehicular,Unspecified,BRONX,10468.0,"(40.862534, -73.89708)",0.0,0.0,0,0,0,0,0,0,Sedan,Taxi,0
17963274,3818169,12/19/2017,18:00,1a38b0d8-9e72-492f-846b-abac6e19b44c,Sedan,HOND -CAR/SUV,2008.0,2.0,F,Licensed,Slowing or Stopping,Right Rear Quarter Panel,Right Rear Quarter Panel,Right Rear Bumper,,,N,,Unspecified,Unspecified,,,"(40.705833, -73.81812)",0.0,0.0,0,0,0,0,0,0,Sedan,Sedan,0
17108053,3623469,02/28/2017,15:51,9640c2ef-d261-4cd1-a396-f0bb577cf977,Dump,MACK-TRUCK/BUS,2017.0,1.0,M,Licensed,Going Straight Ahead,Right Front Quarter Panel,Right Front Quarter Panel,No Damage,No Damage,No Damage,N,,Unspecified,Unspecified,BROOKLYN,11205.0,"(40.689934, -73.96023)",0.0,0.0,0,0,0,0,0,0,Dump,Sedan,0
17460962,3647698,04/07/2017,08:30,38a5897d-e5ef-4d2f-b56a-055d52c07b32,Station Wagon/Sport Utility Vehicle,LNDR -CAR/SUV,2016.0,1.0,F,,Entering Parked Position,Left Rear Quarter Panel,Left Rear Quarter Panel,,,,Unspecified,,Unsafe Speed,Unspecified,MANHATTAN,10001.0,"(40.74959, -74.00279)",0.0,0.0,0,0,0,0,0,0,Station Wagon/Sport Utility Vehicle,Station Wagon/Sport Utility Vehicle,0
17865790,3784498,11/01/2017,16:58,7a659dd1-61b3-4638-b269-40ab3bbbe6e9,Sedan,BMW -CAR/SUV,2003.0,2.0,F,Licensed,Going Straight Ahead,Right Rear Bumper,Center Back End,,,,N,,Unspecified,Unspecified,BROOKLYN,11233.0,"(40.677017, -73.92182)",0.0,0.0,0,0,0,0,0,0,Sedan,Sedan,0
17922192,3766561,10/09/2017,12:00,a7f36ed3-d09e-42f9-8c62-982c4410f8aa,Station Wagon/Sport Utility Vehicle,FORD -CAR/SUV,2017.0,0.0,,,Parked,Left Front Quarter Panel,Left Front Bumper,Left Front Bumper,Center Front End,Undercarriage,N,,Unspecified,Unspecified,,,"(40.70153, -73.82341)",0.0,0.0,0,0,0,0,0,0,Box Truck,Station Wagon/Sport Utility Vehicle,0
17865738,3780966,10/30/2017,08:00,0b05ed10-f9a9-42bc-9ff0-722616dc311b,Station Wagon/Sport Utility Vehicle,HOND -CAR/SUV,2011.0,0.0,F,Licensed,Parked,Other,Other,No Damage,No Damage,No Damage,N,,Unspecified,Unspecified,BROOKLYN,11224.0,"(40.57992, -73.9751)",0.0,0.0,0,0,0,0,0,0,Station Wagon/Sport Utility Vehicle,,0
17824099,3752643,09/16/2017,17:34,f8c15665-1ca1-46bf-9b62-22b2c434d84d,Motorcycle,DUCA -MCL,2007.0,1.0,M,Licensed,Going Straight Ahead,Right Rear Bumper,Right Rear Bumper,Right Rear Quarter Panel,Right Side Doors,,N,,Driver Inattention/Distraction,Failure to Yield Right-of-Way,,,"(40.695995, -73.96964)",0.0,0.0,0,0,0,0,0,0,Taxi,Motorcycle,0
17621067,3731579,08/14/2017,18:20,6420a48e-6e92-4b27-844c-9dc3181e63ba,Sedan,INFI -CAR/SUV,2007.0,3.0,M,Licensed,Stopped in Traffic,Center Back End,Center Back End,Right Rear Bumper,Left Rear Bumper,,Unspecified,,Unspecified,Unspecified,BROOKLYN,11234.0,"(40.630867, -73.92234)",0.0,0.0,0,0,0,0,0,0,Sedan,Sedan,0
17475909,3632185,03/14/2017,09:55,237406b5-cf03-4287-8187-a1949b733781,Sedan,LINC -CAR/SUV,2007.0,0.0,,,Parked,Roof,Roof,Right Side Doors,Right Rear Quarter Panel,Right Rear Bumper,N,,Unspecified,Unspecified,QUEENS,11385.0,"(40.709305, -73.907005)",0.0,0.0,0,0,0,0,0,0,Sedan,Sedan,0
17979408,3799593,11/29/2017,13:40,80093cdc-2874-482f-9361-078da2109a56,Station Wagon/Sport Utility Vehicle,JEEP -CAR/SUV,2005.0,1.0,M,Licensed,Going Straight Ahead,Center Back End,Left Rear Bumper,No Damage,No Damage,No Damage,N,,Unspecified,Unspecified,,,"(40.78318, -73.94362)",0.0,0.0,0,0,0,0,0,0,Station Wagon/Sport Utility Vehicle,Station Wagon/Sport Utility Vehicle,0
17585736,3705955,07/05/2017,09:05,07714c1c-47c7-4b1a-b482-815700e8c41f,Station Wagon/Sport Utility Vehicle,FORD -CAR/SUV,2015.0,0.0,F,Licensed,Parked,Left Front Bumper,Left Front Bumper,Roof,Left Side Doors,Center Back End,N,,Unspecified,Unspecified,MANHATTAN,10028.0,"(40.77656, -73.95271)",0.0,0.0,0,0,0,0,0,0,Station Wagon/Sport Utility Vehicle,Sedan,0
17634158,3730441,08/13/2017,22:50,a4fd8c83-4a51-4517-9af4-d65bf85221ef,Station Wagon/Sport Utility Vehicle,LNDR -CAR/SUV,2007.0,1.0,M,Licensed,Changing Lanes,Right Front Quarter Panel,Right Front Quarter Panel,,,,N,,Failure to Yield Right-of-Way,Unspecified,,,"(40.754158, -73.96271)",0.0,0.0,0,0,0,0,0,0,Station Wagon/Sport Utility Vehicle,Station Wagon/Sport Utility Vehicle,0
17486978,3641462,03/28/2017,08:01,e0d4e392-536e-4ef0-bc13-87c3124e9293,Sedan,TOYT -CAR/SUV,2000.0,2.0,F,Licensed,Going Straight Ahead,Right Front Quarter Panel,No Damage,No Damage,,,N,,Unspecified,Unspecified,QUEENS,11434.0,"(40.682568, -73.79266)",0.0,0.0,0,0,0,0,0,0,Sedan,Sedan,0
17995025,3820275,12/30/2017,13:00,4b7d354d-fb60-45b5-a1ff-33ee7262923e,Sedan,NISS -CAR/SUV,2002.0,1.0,F,Unlicensed,Going Straight Ahead,Center Back End,Center Back End,,,,N,,Pavement Slippery,Unspecified,QUEENS,11427.0,"(40.72416, -73.754974)",0.0,0.0,0,0,0,0,0,0,Sedan,Sedan,0
17671795,3723611,08/02/2017,10:00,1ba4931e-bbae-4162-9a87-53fc207c2b3c,Sedan,HOND -CAR/SUV,2016.0,1.0,M,Licensed,Starting in Traffic,Center Front End,Center Front End,,,,N,,Following Too Closely,Unspecified,QUEENS,11355.0,"(40.755432, -73.815346)",1.0,0.0,0,0,0,0,1,0,Sedan,Sedan,1
17573149,3682841,06/02/2017,22:00,89e2c3a7-9c68-4320-9c0c-e6279fd81f2a,Sedan,INFI -CAR/SUV,2017.0,2.0,F,Licensed,Going Straight Ahead,Right Front Quarter Panel,Right Front Bumper,,,,N,,Unspecified,Unspecified,QUEENS,11366.0,"(40.733128, -73.783035)",2.0,0.0,0,0,0,0,2,0,Sedan,Sedan,1
17585625,3664284,05/05/2017,19:00,ff436fdd-a371-456b-978e-5aa46b3bb784,Sedan,MAZD -CAR/SUV,2007.0,2.0,F,Licensed,Going Straight Ahead,Center Front End,Center Front End,Right Front Bumper,Left Front Bumper,,N,,Following Too Closely,Unspecified,,,,0.0,0.0,0,0,0,0,0,0,Station Wagon/Sport Utility Vehicle,Sedan,0
17568058,3669095,05/13/2017,09:00,401b5a1d-8f79-448f-b7ea-a42918395440,Taxi,CHEV -CAR/SUV,2014.0,1.0,M,Licensed,Going Straight Ahead,Right Front Bumper,Right Front Bumper,No Damage,No Damage,No Damage,N,,Driver Inattention/Distraction,Unspecified,,,"(40.7105, -74.0031)",0.0,0.0,0,0,0,0,0,0,Taxi,Sedan,0
17542979,3672935,05/16/2017,14:45,25eb2208-188b-479f-8de8-817f832c8069,Sedan,CHEV -CAR/SUV,2014.0,1.0,,,Parked,Left Front Bumper,Left Front Quarter Panel,Left Front Bumper,No Damage,No Damage,N,,Unspecified,Unspecified,QUEENS,11417.0,"(40.675312, -73.84331)",0.0,0.0,0,0,0,0,0,0,Sedan,Pick-up Truck,0