UNIQUE_ID,COLLISION_ID,CRASH_DATE,CRASH_TIME,VEHICLE_ID,VEHICLE_TYPE,VEHICLE_MAKE,VEHICLE_YEAR,VEHICLE_OCCUPANTS,DRIVER_SEX,DRIVER_LICENSE_STATUS,PRE_CRASH,POINT_OF_IMPACT,VEHICLE_DAMAGE,VEHICLE_DAMAGE_1,VEHICLE_DAMAGE_2,VEHICLE_DAMAGE_3,PUBLIC_PROPERTY_DAMAGE,PUBLIC_PROPERTY_DAMAGE_TYPE,CONTRIBUTING_FACTOR_1,CONTRIBUTING_FACTOR_2,BOROUGH,ZIP CODE,LOCATION,NUMBER OF PERSONS INJURED,NUMBER OF PERSONS KILLED,NUMBER OF PEDESTRIANS INJURED,NUMBER OF PEDESTRIANS KILLED,NUMBER OF CYCLIST INJURED,NUMBER OF CYCLIST KILLED,NUMBER OF MOTORIST INJURED,NUMBER OF MOTORIST KILLED,VEHICLE TYPE CODE 1,VEHICLE TYPE CODE 2,Severity
17907493,3769083,10/14/2017,18:00,ba1607cb-96e0-4025-acd9-4a345441883e,Sedan,NISS -CAR/SUV,2016.0,2.0,M,Licensed,Changing Lanes,Left Front Quarter Panel,Left Front Quarter Panel,,,,N,,Unsafe Lane Changing,Driver Inattention/Distraction,MANHATTAN,10022.0,"(40.756462, -73.96647)",0.0,0.0,0,0,0,0,0,0,Station Wagon/Sport Utility Vehicle,Sedan,0
17540458,3672954,05/17/2017,16:42,8a5fbf1e-ffa9-4a22-9464-fefaa0748218,Tractor Truck Diesel,INTL-TRUCK/BUS,2013.0,1.0,M,Licensed,Going Straight Ahead,Center Back End,No Damage,,,,N,,Unspecified,Unspecified,,,"(40.83609, -73.87039)",0.0,0.0,0,0,0,0,0,0,Station Wagon/Sport Utility Vehicle,Tractor Truck Diesel,0
17512681,3650951,04/13/2017,18:15,372c83e4-8d0f-4737-bd83-90507b240282,Sedan,TOYT -CAR/SUV,2010.0,1.0,F,Licensed,Backing,Left Rear Bumper,Left Rear Bumper,Left Rear Quarter Panel,Center Back End,No Damage,N,,Backing Unsafely,Unspecified,,,"(40.877033, -73.846375)",0.0,0.0,0,0,0,0,0,0,Sedan,Sedan,0
17978974,3815350,12/16/2017,00:05,26572c0c-e807-47c2-8276-517f07462838,Station Wagon/Sport Utility Vehicle,HOND -CAR/SUV,2009.0,1.0,F,Licensed,Slowing or Stopping,Center Back End,Center Back End,Left Rear Bumper,Right Rear Bumper,,N,,Unspecified,Unspecified,,,"(40.74233, -73.83764)",0.0,0.0,0,0,0,0,0,0,Sedan,Station Wagon/Sport Utility Vehicle,0
17588977,3682918,06/03/2017,21:32,f6ef9e20-fac2-490d-88d3-8c3aca0e4b3b,Sedan,TOYT -CAR/SUV,2005.0,3.0,M,Licensed,Going Straight Ahead,Right Side Doors,Right Side Doors,Right Rear Quarter Panel,,,N,,Unspecified,Unspecified,QUEENS,11428.0,"(40.716133, -73.75138)",0.0,0.0,0,0,0,0,0,0,Sedan,,0
17615948,3732186,08/16/2017,16:40,8bddf133-d346-430b-a22e-e37b4799026c,Taxi,TOYT -CAR/SUV,2015.0,1.0,M,Licensed,Going Straight Ahead,Right Front Quarter Panel,Right Front Quarter Panel,No Damage,No Damage,No Damage,N,,Other Vehicular,Unspecified,BRONX,10457.0,"(40.84497, -73.90247)",0.0,0.0,0,0,0,0,0,0,Taxi,Station Wagon/Sport Utility Vehicle,0
17650998,3714244,07/15/2017,12:25,3a0f4d59-6860-4d78-8c22-0e469bc748ca,Sedan,BMW -CAR/SUV,2006.0,2.0,F,Licensed,Going Straight Ahead,Left Rear Quarter Panel,Left Rear Quarter Panel,,,,N,,Unspecified,Unspecified,,,"(40.7265, -73.75571)",0.0,0.0,0,0,0,0,0,0,Station Wagon/Sport Utility Vehicle,Sedan,0
17892322,3776442,10/23/2017,14:52,d34a5bbe-5463-4e5f-b879-eb9f9cc89982,Station Wagon/Sport Utility Vehicle,LEXS -CAR/SUV,2011.0,1.0,F,Licensed,Passing,Right Front Bumper,Right Front Bumper,Right Front Quarter Panel,Right Side Doors,,N,,Failure to Yield Right-of-Way,Unspecified,MANHATTAN,10036.0,"(40.760822, -73.99832)",0.0,0.0,0,0,0,0,0,0,Sedan,Station Wagon/Sport Utility Vehicle,0
17898111,3806257,12/08/2017,11:20,d1702703-8a47-4fbf-a13e-b03886052259,Sedan,HOND -CAR/SUV,2004.0,1.0,M,Licensed,Stopped in Traffic,Center Front End,Center Front End,No Damage,No Damage,No Damage,N,,Following Too Closely,Unspecified,STATEN ISLAND,10314.0,"(40.613075, -74.12257)",0.0,0.0,0,0,0,0,0,0,Sedan,Sedan,0
17988087,3795223,11/22/2017,00:40,13fe974f-efb7-47dd-8612-7cc44f093cb7,Pick-up Truck,FORD -CAR/SUV,2016.0,1.0,M,Licensed,Stopped in Traffic,Left Rear Bumper,Left Rear Bumper,,,,N,,Unspecified,Unspecified,BROOKLYN,11207.0,"(40.652752, -73.88629)",0.0,0.0,0,0,0,0,0,0,Pick-up Truck,Station Wagon/Sport Utility Vehicle,0
17546953,3684584,06/03/2017,18:40,cf0b6fbc-39a0-44bc-a660-e88f43af384b,Sedan,TOYT -CAR/SUV,2005.0,1.0,M,Licensed,Going Straight Ahead,Right Front Bumper,Right Front Bumper,,,,N,,Driver Inattention/Distraction,Unspecified,,,"(40.628746, -74.14773)",0.0,0.0,0,0,0,0,0,0,Sedan,Sedan,0
17899643,3775166,10/21/2017,11:56,7fa17a6c-52cd-4a4d-b391-a0fd07667dfe,Carry All,HINO -TRUCK/BUS,2013.0,1.0,M,,Backing,Center Back End,Center Back End,,,,N,,Backing Unsafely,Unspecified,BROOKLYN,11220.0,"(40.636635, -74.00838)",0.0,0.0,0,0,0,0,0,0,Station Wagon/Sport Utility Vehicle,Carry All,0
17944575,3771912,10/18/2017,08:00,dfdf8764-c6ec-4d30-8c23-0e7179a0d0f4,Bus,INTL-TRUCK/BUS,2015.0,1.0,M,Licensed,Starting from Parking,No Damage,No Damage,No Damage,No Damage,No Damage,N,,Unspecified,Unspecified,QUEENS,11434.0,"(40.673756, -73.77595)",0.0,0.0,0,0,0,0,0,0,Bus,Station Wagon/Sport Utility Vehicle,0
17576034,3698037,06/24/2017,16:45,eafb3c75-35ad-4956-9b53-1c734402a877,Taxi,HYUN -CAR/SUV,2017.0,1.0,M,Licensed,Making Right Turn,Left Rear Quarter Panel,Left Rear Quarter Panel,Left Side Doors,No Damage,No Damage,N,,Unspecified,Unspecified,,,"(40.76432, -73.9772)",0.0,0.0,0,0,0,0,0,0,Flat Bed,Taxi,0
17541294,3667443,05/10/2017,12:00,095b68a7-a89e-49c8-aaf7-9a28901af7e2,Station Wagon/Sport Utility Vehicle,LEXS -CAR/SUV,2017.0,0.0,,,Parked,Left Front Quarter Panel,Left Front Quarter Panel,,,,N,,Unspecified,Unspecified,MANHATTAN,10036.0,"(40.75769, -73.97911)",0.0,0.0,0,0,0,0,0,0,Box Truck,Station Wagon/Sport Utility Vehicle,0
17582399,3702901,07/01/2017,15:14,0dd4c41d-4a2c-4b38-8ba4-4bffe2193256,Sedan,MERZ -CAR/SUV,2011.0,5.0,F,Permit,Going Straight Ahead,Center Front End,Right Front Bumper,,,,N,,Driver Inattention/Distraction,Driver Inexperience,QUEENS,11361.0,"(40.76049, -73.767525)",1.0,0.0,0,0,0,0,1,0,Sedan,Sedan,1
17961284,3810511,12/16/2017,10:15,c0819292-1446-46ba-b3b2-7439b43a5545,Sedan,VOLK -CAR/SUV,2010.0,1.0,F,Licensed,Going Straight Ahead,Left Rear Bumper,Left Rear Bumper,Center Back End,Center Back End,,N,,Unspecified,Unspecified,,,"(40.588924, -74.167625)",0.0,0.0,0,0,0,0,0,0,Sedan,,0
17474877,3699916,06/26/2017,07:30,d6beac65-eb4d-40dd-82ed-67e57bc508f7,Box Truck,HINO -TRUCK/BUS,2015.0,1.0,,,Parked,Left Rear Quarter Panel,Left Rear Quarter Panel,No Damage,No Damage,No Damage,N,,Unspecified,Unspecified,BROOKLYN,11201.0,"(40.694687, -73.98174)",0.0,0.0,0,0,0,0,0,0,Box Truck,Box Truck,0
17605677,3721668,07/28/2017,18:20,3658ed47-f947-43fe-a9bd-2e199cb7a814,Box Truck,FRHT-TRUCK/BUS,2007.0,1.0,M,Licensed,Going Straight Ahead,Center Front End,Center Front End,No Damage,No Damage,No Damage,N,,Outside Car Distraction,Unspecified,,,"(40.585346, -73.98754)",0.0,0.0,0,0,0,0,0,0,Box Truck,Sedan,0
17602400,3738238,08/27/2017,14:28,3e7e366b-1d0e-484b-8f7d-5d27ab4628c8,Sedan,HOND -CAR/SUV,2006.0,1.0,M,Licensed,Slowing or Stopping,Center Back End,Center Back End,,,,N,,Driver Inattention/Distraction,Unspecified,,,"(40.845562, -73.9307)",0.0,0.0,0,0,0,0,0,0,Sedan,Sedan,0
17918887,3776057,10/24/2017,18:11,6668fa6a-5853-404f-8cad-8193f9c59e77,Station Wagon/Sport Utility Vehicle,FORD -CAR/SUV,2003.0,2.0,M,Licensed,Changing Lanes,Right Front Bumper,No Damage,,,,N,,Unspecified,Unspecified,,,"(40.64268, -74.020134)",0.0,0.0,0,0,0,0,0,0,Sedan,Station Wagon/Sport Utility Vehicle,0
17867282,3769425,10/13/2017,03:42,545a0f89-6d62-4146-9180-4d51578e0524,Sedan,TOYT -CAR/SUV,2013.0,0.0,,,Parked,Left Rear Bumper,Left Rear Quarter Panel,Left Side Doors,Left Front Quarter Panel,,N,,Unspecified,Unspecified,BROOKLYN,11237.0,"(40.696438, -73.91822)",0.0,0.0,0,0,0,0,0,0,Station Wagon/Sport Utility Vehicle,Sedan,0
17636285,3744466,09/06/2017,09:20,54718369-cd27-4682-a320-0105f5833108,Sedan,NISS -CAR/SUV,2014.0,1.0,F,Licensed,Making Right Turn,Center Front End,Center Front End,Right Front Bumper,Right Front Quarter Panel,Left Front Bumper,N,,Aggressive Driving/Road Rage,Unsafe Speed,,,"(40.607243, -73.98726)",1.0,0.0,0,0,0,0,1,0,Sedan,Station Wagon/Sport Utility Vehicle,1
17947899,3769153,10/14/2017,22:00,3eebbd95-ee47-4a1c-b1ab-40199414f6e0,Station Wagon/Sport Utility Vehicle,INFI -CAR/SUV,2008.0,2.0,M,Licensed,Making Left Turn,Center Front End,Center Front End,,,,N,,Failure to Yield Right-of-Way,Unspecified,,,"(40.761993, -73.75849)",0.0,0.0,0,0,0,0,0,0,Station Wagon/Sport Utility Vehicle,Station Wagon/Sport Utility Vehicle,0
17549472,3676873,05/19/2017,21:20,dae2f8c8-e687-4f9a-80da-b6547dbda4e3,Bus,ELDORADO (OMNIBUS),2005.0,1.0,M,Licensed,Going Straight Ahead,Center Front End,Center Front End,No Damage,No Damage,No Damage,N,,Following Too Closely,Unspecified,BROOKLYN,11203.0,"(40.66059, -73.931335)",0.0,0.0,0,0,0,0,0,0,Sedan,Bus,0
17588786,3682760,06/02/2017,17:54,a6687d66-b310-4f0b-9524-618d8e21a36e,Sedan,BMW -CAR/SUV,9999.0,1.0,,,Going Straight Ahead,Left Front Bumper,Left Front Bumper,,,,N,,Unspecified,Unspecified,QUEENS,11434.0,"(40.666145, -73.77783)",0.0,0.0,0,0,0,0,0,0,Convertible,Sedan,0
17905854,3767044,10/10/2017,21:30,20c6ea89-6de9-41c9-9d83-20e8d42dd2e7,Garbage or Refuse,PTRB-TRUCK/BUS,2007.0,1.0,M,Licensed,Going Straight Ahead,Right Front Bumper,Right Front Bumper,,,,N,,Unspecified,Unspecified,,,"(40.74668, -73.9745)",0.0,0.0,0,0,0,0,0,0,Garbage or Refuse,Taxi,0
17921734,3808312,12/13/2017,15:00,2219a030-8550-48aa-b224-1af5fb0a2a11,Station Wagon/Sport Utility Vehicle,CHEV -CAR/SUV,2006.0,1.0,M,Licensed,Going Straight Ahead,Right Front Bumper,Right Front Bumper,Center Front End,No Damage,No Damage,N,,Following Too Closely,Unspecified,,,"(40.72337, -73.8483)",0.0,0.0,0,0,0,0,0,0,Station Wagon/Sport Utility Vehicle,Station Wagon/Sport Utility Vehicle,0
17608836,3729991,08/11/2017,23:15,4b16678e-19b1-4f0d-a2da-240d3ede4a35,Station Wagon/Sport Utility Vehicle,GMC -CAR/SUV,2004.0,1.0,M,Unlicensed,Going Straight Ahead,Left Front Bumper,Left Front Bumper,Left Front Bumper,,,N,,Driver Inexperience,Following Too Closely,,,"(40.699406, -73.95338)",0.0,0.0,0,0,0,0,0,0,Station Wagon/Sport Utility Vehicle,Station Wagon/Sport Utility Vehicle,0
17876922,3811722,12/16/2017,22:45,bf2cab34-0b8c-4cc7-9d41-c2a1c488e2be,Sedan,VOLK -CAR/SUV,2016.0,2.0,M,Licensed,Stopped in Traffic,Right Rear Quarter Panel,Right Rear Quarter Panel,Right Rear Bumper,,,N,,Unspecified,Unspecified,,,"(40.632538, -73.883194)",0.0,0.0,0,0,0,0,0,0,Sedan,Sedan,0
17668054,3710453,07/13/2017,19:05,b7c8a1d9-39df-45e7-9b4b-64821dcd2d08,Station Wagon/Sport Utility Vehicle,TOYT -CAR/SUV,2006.0,2.0,M,Licensed,Going Straight Ahead,Right Front Quarter Panel,Right Front Quarter Panel,Right Front Bumper,,,N,,Unspecified,Unspecified,QUEENS,11428.0,"(40.71772, -73.737915)",2.0,0.0,0,0,0,0,2,0,Station Wagon/Sport Utility Vehicle,Station Wagon/Sport Utility Vehicle,1
17916239,3748671,09/12/2017,13:00,0c72db91-ee28-4e0c-bd94-580d591d8987,Sedan,VOLV -CAR/SUV,2018.0,0.0,,,Parked,Right Rear Quarter Panel,Right Rear Quarter Panel,Right Side Doors,Right Rear Bumper,,N,,Unspecified,Unspecified,BRONX,10466.0,"(40.87987, -73.842026)",0.0,0.0,0,0,0,0,0,0,Sedan,,0
17914859,3777435,10/25/2017,17:10,d99c1cee-7256-40ec-95f7-b808e3c04b94,Sedan,HOND -CAR/SUV,2009.0,1.0,M,Licensed,Making Right Turn,Left Front Bumper,Left Front Bumper,,,,N,,Failure to Yield Right-of-Way,Unspecified,QUEENS,11368.0,"(40.750225, -73.85515)",2.0,0.0,0,0,0,0,2,0,Sedan,Sedan,1
17597478,3711825,07/16/2017,11:30,9df17a38-394e-4050-90d3-15c938734df4,Station Wagon/Sport Utility Vehicle,FORD -CAR/SUV,2015.0,2.0,M,Licensed,Making Right Turn,Right Front Quarter Panel,Right Front Quarter Panel,,,,N,,Other Vehicular,Unspecified,,,,0.0,0.0,0,0,0,0,0,0,Station Wagon/Sport Utility Vehicle,,0
17894239,3770091,10/16/2017,01:00,21dae270-a010-45fa-a389-68effef03559,Sedan,NISS -CAR/SUV,1998.0,3.0,M,Licensed,Going Straight Ahead,Right Front Bumper,Right Front Quarter Panel,No Damage,No Damage,No Damage,N,,Driver Inattention/Distraction,Driver Inexperience,BROOKLYN,11214.0,"(40.593452, -73.98948)",1.0,0.0,0,0,0,0,1,0,Sedan,Sedan,1
17931038,3779199,10/28/2017,14:19,6282bc71-36d3-4659-8827-0eb9bb391656,Sedan,AUDI -CAR/SUV,2008.0,1.0,F,Licensed,Making Left Turn,Left Rear Bumper,Left Rear Bumper,Left Rear Quarter Panel,Center Back End,Right Rear Bumper,N,,Unspecified,Unspecified,,,"(40.636864, -74.15287)",0.0,0.0,0,0,0,0,0,0,Sedan,,0
17091372,3596405,01/10/2017,11:50,91cbb1c8-80d7-4269-8c4b-065f93f5a90c,Sedan,NISS -CAR/SUV,2003.0,3.0,M,Licensed,Going Straight Ahead,Right Front Bumper,Center Front End,Left Front Bumper,Right Front Bumper,,N,,Unsafe Speed,Unspecified,,,"(40.69286, -73.87801)",0.0,0.0,0,0,0,0,0,0,Sedan,,0
17499789,3693169,06/16/2017,18:15,33909887-cdc6-473a-b5e2-0eca8891f82c,Sedan,TOYT -CAR/SUV,2012.0,2.0,M,Licensed,Going Straight Ahead,Left Rear Quarter Panel,Left Rear Quarter Panel,No Damage,No Damage,No Damage,N,,Driver Inattention/Distraction,Unspecified,BROOKLYN,11206.0,"(40.697742, -73.948296)",2.0,0.0,0,0,0,0,2,0,Station Wagon/Sport Utility Vehicle,Sedan,1
17467246,3647909,04/07/2017,13:50,fb76d29d-d90b-44a0-8082-eba6160add5e,Sedan,TOYT -CAR/SUV,2014.0,1.0,M,Licensed,Going Straight Ahead,Center Front End,Center Front End,Left Front Bumper,Right Front Bumper,,Unspecified,,Following Too Closely,Unspecified,BROOKLYN,11210.0,"(40.62556, -73.94664)",0.0,0.0,0,0,0,0,0,0,Station Wagon/Sport Utility Vehicle,Sedan,0
17659420,3744846,09/04/2017,16:40,a57dca15-65af-4db9-9210-1e7d237f185b,Station Wagon/Sport Utility Vehicle,HUMM -CAR/SUV,2006.0,2.0,F,Licensed,,Right Front Quarter Panel,Right Front Quarter Panel,Right Side Doors,Right Rear Quarter Panel,,N,,Unspecified,Unspecified,BRONX,10465.0,"(40.8566, -73.82646)",0.0,0.0,0,0,0,0,0,0,Station Wagon/Sport Utility Vehicle,Motorcycle,0
17527378,3692761,06/17/2017,11:20,1e8c8dcf-77ba-437b-b292-69db3bc18104,Station Wagon/Sport Utility Vehicle,BMW -CAR/SUV,2008.0,1.0,M,Licensed,Going Straight Ahead,Right Side Doors,Right Side Doors,Right Rear Quarter Panel,,,N,,Unspecified,Unspecified,BRONX,10458.0,"(40.854416, -73.88525)",0.0,0.0,0,0,0,0,0,0,Station Wagon/Sport Utility Vehicle,Station Wagon/Sport Utility Vehicle,0
17992559,3785056,11/07/2017,07:45,e44405e6-8937-40df-823b-76cba3f393be,Station Wagon/Sport Utility Vehicle,NISS -CAR/SUV,2011.0,1.0,F,Licensed,Making Left Turn,Right Rear Quarter Panel,Right Rear Quarter Panel,Right Rear Bumper,Center Back End,,N,,Passing Too Closely,Unspecified,,,,0.0,0.0,0,0,0,0,0,0,Station Wagon/Sport Utility Vehicle,Tractor Truck Diesel,0
17919198,3780931,10/31/2017,12:55,e322d9c5-7bcf-4719-a68f-30a2cd4c7cf6,Station Wagon/Sport Utility Vehicle,TOYT -CAR/SUV,2015.0,0.0,,,Parked,Left Side Doors,Left Side Doors,No Damage,No Damage,No Damage,N,,Unspecified,Unspecified,BROOKLYN,11235.0,"(40.579075, -73.937035)",0.0,0.0,0,0,0,0,0,0,Station Wagon/Sport Utility Vehicle,Station Wagon/Sport Utility Vehicle,0
17838927,3776298,10/24/2017,09:00,325cade0-118b-4f24-b65a-bbb44378c775,Station Wagon/Sport Utility Vehicle,NISS -CAR/SUV,2017.0,1.0,M,Licensed,Changing Lanes,Left Side Doors,Left Side Doors,Left Rear Quarter Panel,,,N,,Unsafe Lane Changing,Unspecified,,,"(40.82278, -73.905975)",0.0,0.0,0,0,0,0,0,0,Station Wagon/Sport Utility Vehicle,Pick-up Truck,0
17645658,3719057,07/26/2017,10:45,a74f0d7b-ac33-4288-a0ad-6ddd3c207d0f,Station Wagon/Sport Utility Vehicle,INFI -CAR/SUV,2006.0,1.0,F,Licensed,Parked,Left Rear Quarter Panel,Left Rear Quarter Panel,,,,N,,Unspecified,Unspecified,QUEENS,11417.0,"(40.681175, -73.83455)",1.0,0.0,0,0,0,0,1,0,Station Wagon/Sport Utility Vehicle,Station Wagon/Sport Utility Vehicle,1
17963454,3757963,09/25/2017,15:10,de187288-6d72-4771-a564-e95ca37d2267,Pick-up Truck,FORD -CAR/SUV,1999.0,1.0,M,Licensed,Going Straight Ahead,Center Front End,Center Front End,,,,N,,Unspecified,Unspecified,QUEENS,11102.0,"(40.771698, -73.93402)",0.0,0.0,0,0,0,0,0,0,Pick-up Truck,Bus,0
17598618,3687464,06/10/2017,10:00,76e57eb0-dd1a-4766-b712-8b1d3028b6b4,Station Wagon/Sport Utility Vehicle,NISS -CAR/SUV,2013.0,1.0,M,Licensed,Going Straight Ahead,Left Rear Quarter Panel,Left Front Quarter Panel,No Damage,No Damage,No Damage,N,,Driver Inattention/Distraction,Unspecified,,,"(40.66059, -73.931335)",0.0,0.0,0,0,0,0,0,0,Sedan,Station Wagon/Sport Utility Vehicle,0
17944487,3779494,10/27/2017,08:00,fe4a0f28-2472-4d25-9234-c22e6b76b3f2,Station Wagon/Sport Utility Vehicle,NISS -CAR/SUV,2016.0,1.0,F,Licensed,Making Left Turn,Center Front End,Center Front End,Right Front Bumper,Left Front Bumper,Left Front Quarter Panel,N,,Unspecified,Unspecified,BRONX,10465.0,"(40.828125, -73.84105)",2.0,0.0,0,0,0,0,2,0,Station Wagon/Sport Utility Vehicle,Station Wagon/Sport Utility Vehicle,1
17645730,3741866,08/30/2017,18:27,791fefb8-70fa-4902-8468-a53767086ee5,Sedan,BMW -CAR/SUV,2013.0,0.0,,,Parked,Center Front End,Right Front Bumper,Center Front End,Left Front Bumper,Center Front End,N,,Unspecified,Unspecified,BRONX,10452.0,"(40.83774, -73.91739)",0.0,0.0,0,0,0,0,0,0,Station Wagon/Sport Utility Vehicle,Sedan,0
17941281,3771563,10/17/2017,22:44,757aeb87-608d-4cad-93cb-2ceeb95be07d,Sedan,CHEV -CAR/SUV,2012.0,1.0,M,Licensed,Going Straight Ahead,Right Front Quarter Panel,Right Front Quarter Panel,Right Side Doors,No Damage,No Damage,N,,Unspecified,Unspecified,,,"(40.761665, -73.97492)",0.0,0.0,0,0,0,0,0,0,Taxi,Sedan,0
17851932,3767151,10/10/2017,16:00,89637b9a-0929-4a2d-9921-cea058c6a53a,Sedan,MITS -CAR/SUV,2003.0,1.0,M,Licensed,Going Straight Ahead,Right Front Bumper,Right Front Bumper,,,,N,,Unspecified,Unspecified,,,"(40.828075, -73.88543)",0.0,0.0,0,0,0,0,0,0,Sedan,Sedan,0
17933078,3789756,11/11/2017,05:50,36879c28-edbe-4ecf-bc99-a9f1302d0b7a,Taxi,TOYT -CAR/SUV,2015.0,0.0,M,Licensed,Starting from Parking,Left Rear Quarter Panel,Left Rear Quarter Panel,,,,N,,Unspecified,Unspecified,QUEENS,11370.0,"(40.758526, -73.88874)",0.0,0.0,0,0,0,0,0,0,Taxi,,0
17139113,3613675,02/11/2017,13:38,8a0c0a18-06d5-45d2-8e2b-8307774be621,Pick-up Truck,STLG -CAR/SUV,2005.0,,,,Going Straight Ahead,Right Front Bumper,Right Front Bumper,No Damage,No Damage,No Damage,N,,Passing or Lane Usage Improper,Pavement Slippery,BROOKLYN,11207.0,"(40.678165, -73.890785)",0.0,0.0,0,0,0,0,0,0,Sedan,Pick-up Truck,0
17115745,3609454,02/03/2017,17:10,76c6bf51-ca41-411c-bed6-b8393916954f,Sedan,HYUN -CAR/SUV,2013.0,2.0,M,Licensed,Going Straight Ahead,Left Side Doors,Left Side Doors,Left Rear Quarter Panel,Other,No Damage,N,,Unspecified,Unspecified,QUEENS,11373.0,"(40.731888, -73.877144)",0.0,0.0,0,0,0,0,0,0,Sedan,Station Wagon/Sport Utility Vehicle,0
17616828,3736698,08/17/2017,14:00,218f02fa-aad9-4574-aa74-de483ddf7f83,Sedan,CHEV -CAR/SUV,2002.0,0.0,,,Parked,Right Front Quarter Panel,Right Front Quarter Panel,,,,N,,Unspecified,Unspecified,MANHATTAN,10013.0,"(40.715633, -73.9985)",0.0,0.0,0,0,0,0,0,0,Sedan,Sedan,0
17102617,3608858,01/30/2017,12:00,194381a1-f1d0-437d-b4e1-635608490b95,Sedan,MERZ -CAR/SUV,2014.0,1.0,M,Licensed,Stopped in Traffic,Center Back End,Center Back End,,,,N,,Unspecified,Unspecified,,,"(40.723698, -74.00792)",0.0,0.0,0,0,0,0,0,0,Sedan,Flat Bed,0
17950597,3786464,11/09/2017,08:11,81156d61-fbd8-44cb-a3be-1c4a0241c78a,Sedan,NISS -CAR/SUV,2009.0,2.0,M,Licensed,Going Straight Ahead,Right Rear Quarter Panel,Right Rear Quarter Panel,No Damage,No Damage,No Damage,N,,Unspecified,Unspecified,BRONX,10465.0,"(40.828835, -73.82162)",1.0,0.0,0,0,0,0,1,0,Station Wagon/Sport Utility Vehicle,Sedan,1
17471922,3650547,04/13/2017,14:45,872ab4b8-207e-4034-9860-8d23dade2cf3,Sedan,TOYT -CAR/SUV,2014.0,1.0,M,Licensed,Stopped in Traffic,Right Front Quarter Panel,Right Front Bumper,Center Front End,No Damage,No Damage,N,,Unspecified,Unspecified,BRONX,10458.0,"(40.851757, -73.88473)",0.0,0.0,0,0,0,0,0,0,Sedan,Sedan,0
17622111,3715983,07/21/2017,13:15,66b67a13-969c-4127-b622-a65b27a59575,Bus,UNK,2000.0,1.0,,,Going Straight Ahead,Right Rear Quarter Panel,No Damage,No Damage,No Damage,No Damage,N,,Driver Inattention/Distraction,Passing Too Closely,QUEENS,11432.0,"(40.70674, -73.804276)",0.0,0.0,0,0,0,0,0,0,Ambulance,Bus,0
17433849,3645402,04/04/2017,14:00,a60ee919-f266-4f4f-a325-eff060b5283f,Sedan,FORD -CAR/SUV,2008.0,1.0,M,Licensed,Making Right Turn,Right Rear Quarter Panel,Right Rear Quarter Panel,No Damage,No Damage,No Damage,N,,Driver Inattention/Distraction,Unspecified,MANHATTAN,10014.0,"(40.741623, -74.00698)",0.0,0.0,0,0,0,0,0,0,Sedan,Sedan,0
17899988,3785060,11/05/2017,08:00,e2c11df1-8deb-4b01-ae84-70781e1ac3f4,Taxi,HYUN -CAR/SUV,2013.0,1.0,M,Licensed,Going Straight Ahead,Center Front End,Center Front End,Left Front Bumper,,,N,,Unspecified,Unspecified,MANHATTAN,10011.0,"(40.74649, -74.001335)",0.0,0.0,0,0,0,0,0,0,Ambulance,Taxi,0
17607026,3729404,08/12/2017,15:15,2588b27e-fd01-40e8-8382-b16f00fc9763,Sedan,MITS -CAR/SUV,2015.0,4.0,M,Licensed,Stopped in Traffic,Right Rear Bumper,Center Back End,Center Back End,Left Rear Bumper,,N,,Unspecified,Unspecified,,,"(40.633602, -73.889465)",0.0,0.0,0,0,0,0,0,0,Sedan,Station Wagon/Sport Utility Vehicle,0
17886063,3787257,11/07/2017,10:22,2d63767a-b552-4712-a00d-73ba5260f5bf,Station Wagon/Sport Utility Vehicle,NISS -CAR/SUV,2009.0,2.0,F,Licensed,Going Straight Ahead,Right Front Bumper,Right Front Quarter Panel,,,,N,,Driver Inattention/Distraction,Unspecified,BRONX,10462.0,"(40.845596, -73.864334)",1.0,0.0,0,0,0,0,1,0,Station Wagon/Sport Utility Vehicle,Station Wagon/Sport Utility Vehicle,1
17098420,3609109,02/02/2017,12:30,258aaa16-c86a-411f-a6c1-cd38bdddb67a,Sedan,FORD -CAR/SUV,2007.0,1.0,,,Changing Lanes,Left Rear Bumper,No Damage,No Damage,No Damage,No Damage,N,,Unsafe Lane Changing,Failure to Yield Right-of-Way,,,"(40.679245, -73.95311)",0.0,0.0,0,0,0,0,0,0,Sedan,Sedan,0
17434446,3638468,03/12/2017,03:40,9e6fda70-bc6b-4ffb-98a6-82a7d4a4683a,Station Wagon/Sport Utility Vehicle,NISS -CAR/SUV,,0.0,,,Parked,Left Rear Bumper,Left Rear Bumper,Center Back End,Right Rear Bumper,,N,,Unspecified,Unspecified,,,"(40.67329, -73.95703)",0.0,0.0,0,0,0,0,0,0,Sedan,Station Wagon/Sport Utility Vehicle,0
17646554,3739571,08/28/2017,17:27,ce245e1f-0357-4aab-83f5-cba11ad59edc,Station Wagon/Sport Utility Vehicle,HOND -CAR/SUV,2003.0,3.0,M,Licensed,Going Straight Ahead,Center Back End,Center Back End,Left Rear Bumper,Right Rear Bumper,,N,,Unspecified,Unspecified,QUEENS,11372.0,"(40.74897, -73.89162)",0.0,0.0,0,0,0,0,0,0,Station Wagon/Sport Utility Vehicle,Sedan,0
17868212,3756182,09/24/2017,14:15,0d7df6ec-8236-4523-b649-7261e8b1be29,Sedan,VOLK -CAR/SUV,2011.0,3.0,M,Licensed,Backing,Left Rear Bumper,Left Rear Bumper,,,,N,,Backing Unsafely,Unspecified,,,"(40.854874, -73.916794)",0.0,0.0,0,0,0,0,0,0,Sedan,Sedan,0