UNIQUE_ID,COLLISION_ID,CRASH_DATE,CRASH_TIME,VEHICLE_ID,VEHICLE_TYPE,VEHICLE_MAKE,VEHICLE_YEAR,VEHICLE_OCCUPANTS,DRIVER_SEX,DRIVER_LICENSE_STATUS,PRE_CRASH,POINT_OF_IMPACT,VEHICLE_DAMAGE,VEHICLE_DAMAGE_1,VEHICLE_DAMAGE_2,VEHICLE_DAMAGE_3,PUBLIC_PROPERTY_DAMAGE,PUBLIC_PROPERTY_DAMAGE_TYPE,CONTRIBUTING_FACTOR_1,CONTRIBUTING_FACTOR_2,BOROUGH,ZIP CODE,LOCATION,NUMBER OF PERSONS INJURED,NUMBER OF PERSONS KILLED,NUMBER OF PEDESTRIANS INJURED,NUMBER OF PEDESTRIANS KILLED,NUMBER OF CYCLIST INJURED,NUMBER OF CYCLIST KILLED,NUMBER OF MOTORIST INJURED,NUMBER OF MOTORIST KILLED,VEHICLE TYPE CODE 1,VEHICLE TYPE CODE 2,Severity
17614449,3723869,08/02/2017,15:00,59b24c5a-9563-4e16-8294-92a3ffbcc6fe,PK,FORD-TRUCK/BUS,2004.0,1.0,M,Licensed,Going Straight Ahead,Right Front Quarter Panel,No Damage,No Damage,No Damage,No Damage,N,,Passing Too Closely,Unspecified,MANHATTAN,10010.0,"(40.7362, -73.982155)",0.0,0.0,0,0,0,0,0,0,Sedan,PK,0
17493045,3651969,04/15/2017,11:15,2c98cd59-87fb-4f84-b738-bfc0e2e3ea69,Station Wagon/Sport Utility Vehicle,MERZ -CAR/SUV,2017.0,4.0,M,Licensed,Making Right Turn,Right Front Bumper,Right Front Bumper,Center Front End,,,N,,Turning Improperly,Unspecified,QUEENS,11373.0,"(40.7475, -73.88045)",0.0,0.0,0,0,0,0,0,0,Station Wagon/Sport Utility Vehicle,Box Truck,0
17933945,3813586,12/20/2017,13:00,93f881f9-4253-47f1-b232-b4e81dd32669,Station Wagon/Sport Utility Vehicle,NISS -CAR/SUV,2013.0,1.0,F,Licensed,Stopped in Traffic,Center Back End,Center Back End,Right Rear Bumper,,,N,,Unspecified,Unspecified,BROOKLYN,11201.0,"(40.689144, -73.99071)",1.0,0.0,0,0,0,0,1,0,Station Wagon/Sport Utility Vehicle,Station Wagon/Sport Utility Vehicle,1
17584846,3667394,05/10/2017,07:05,90c4ce1b-1859-4bf4-8cbf-6148713a8ac3,Station Wagon/Sport Utility Vehicle,TOYT -CAR/SUV,2013.0,1.0,M,Licensed,Slowing or Stopping,Center Back End,Center Back End,Center Back End,,,N,,Unspecified,Unspecified,QUEENS,11422.0,"(40.675568, -73.73378)",1.0,0.0,0,0,0,0,1,0,Station Wagon/Sport Utility Vehicle,Station Wagon/Sport Utility Vehicle,1
17956728,3806174,12/08/2017,21:45,4e345551-792d-41a9-be70-672c813ae3f2,Station Wagon/Sport Utility Vehicle,FORD -CAR/SUV,2017.0,1.0,M,Licensed,Going Straight Ahead,Right Front Quarter Panel,Right Front Quarter Panel,Right Side Doors,Right Rear Quarter Panel,Center Back End,N,,Driver Inattention/Distraction,Unspecified,BRONX,10451.0,"(40.821667, -73.915184)",0.0,0.0,0,0,0,0,0,0,Station Wagon/Sport Utility Vehicle,Station Wagon/Sport Utility Vehicle,0
17098122,3606639,01/29/2017,04:30,2d3fed28-affc-4920-88f1-202256954898,Sedan,NISS -CAR/SUV,2000.0,3.0,F,Permit,Stopped in Traffic,Center Back End,Left Rear Bumper,Right Rear Bumper,,,N,,Unspecified,Unspecified,BROOKLYN,11236.0,"(40.641945, -73.916626)",0.0,0.0,0,0,0,0,0,0,Sedan,Station Wagon/Sport Utility Vehicle,0
17605122,3715431,07/19/2017,18:02,313ad7cb-be2b-4742-ba01-4199c01eb6cf,Station Wagon/Sport Utility Vehicle,TOYT -CAR/SUV,2015.0,0.0,,,Parked,Left Side Doors,Left Side Doors,Left Rear Quarter Panel,Left Rear Bumper,,N,,Unspecified,Unspecified,BROOKLYN,11205.0,"(40.69851, -73.95598)",0.0,0.0,0,0,0,0,0,0,Station Wagon/Sport Utility Vehicle,Dump,0
17639798,3735590,08/22/2017,16:30,56abcce5-717d-4aa4-9387-c060d5878ee3,Sedan,CHEV -CAR/SUV,,1.0,F,,Going Straight Ahead,Right Front Bumper,Right Front Bumper,,,,N,,Illnes,Unspecified,,,,1.0,0.0,0,0,0,0,1,0,Sedan,,1
17936546,3795680,11/22/2017,11:00,4afb1704-85b5-42c0-b767-93307491f8c6,Tractor Truck Diesel,VOLV -TRUCK/BUS,2016.0,1.0,M,Licensed,Going Straight Ahead,Left Rear Quarter Panel,No Damage,No Damage,No Damage,No Damage,N,,Unspecified,Unspecified,,,"(40.637012, -74.01515)",0.0,0.0,0,0,0,0,0,0,Tractor Truck Diesel,Station Wagon/Sport Utility Vehicle,0
17976438,3786335,11/07/2017,18:46,ed4f38ea-5575-447b-8b71-bbff19604c6f,Sedan,CHEV -CAR/SUV,2017.0,1.0,F,Licensed,Going Straight Ahead,Center Front End,Center Front End,Left Front Bumper,Center Front End,Right Front Bumper,N,,Unspecified,Unspecified,,,"(40.74327, -73.961464)",0.0,0.0,0,0,0,0,0,0,Sedan,Station Wagon/Sport Utility Vehicle,0
17114965,3605515,01/26/2017,17:43,9a720f9b-5d93-4334-89ea-13afc2285086,Sedan,DODG -CAR/SUV,2007.0,1.0,M,Licensed,Making Left Turn,Center Front End,Center Front End,Other,Other,Other,N,,Driver Inattention/Distraction,Unspecified,STATEN ISLAND,10305.0,"(40.593716, -74.08479)",1.0,0.0,1,0,0,0,0,0,Sedan,,1
17095761,3594698,01/08/2017,18:50,bd9dd374-bda0-4d77-9b6f-9cbe20809890,Sedan,TOYT -CAR/SUV,1998.0,3.0,F,Licensed,Backing,Center Back End,Center Back End,Right Rear Bumper,Left Rear Bumper,,N,,Backing Unsafely,Unspecified,QUEENS,11357.0,"(40.786476, -73.81628)",0.0,0.0,0,0,0,0,0,0,Sedan,Sedan,0
17489307,3664250,05/05/2017,17:15,2ffa05e5-3922-4c4e-a507-61311f2e0740,Taxi,TOYT -CAR/SUV,2011.0,1.0,M,Licensed,Backing,Left Rear Bumper,Left Rear Bumper,,,,N,,Failure to Yield Right-of-Way,Backing Unsafely,BROOKLYN,11222.0,"(40.73775, -73.95591)",0.0,0.0,0,0,0,0,0,0,Sedan,Taxi,0
17531255,3680211,05/28/2017,21:25,17195ff8-753c-4400-bce6-7c6166aa2503,Sedan,MAZD -CAR/SUV,2012.0,5.0,M,Licensed,Going Straight Ahead,Right Rear Quarter Panel,Right Rear Quarter Panel,No Damage,No Damage,No Damage,N,,Unsafe Lane Changing,Unspecified,,,"(40.704388, -73.994576)",0.0,0.0,0,0,0,0,0,0,Sedan,Sedan,0
17581179,3685952,06/07/2017,16:05,26477f89-386c-4b08-b737-2d6e2a073f5f,Sedan,NISS -CAR/SUV,2016.0,1.0,M,Licensed,Going Straight Ahead,Left Front Quarter Panel,Left Front Quarter Panel,Left Front Bumper,,,N,,Unspecified,Unspecified,,,"(40.770256, -73.91586)",0.0,0.0,0,0,0,0,0,0,Sedan,Chassis Cab,0
17863152,3780199,10/30/2017,11:00,8bba3a98-67c0-4c14-b14c-57cf28909ece,Sedan,TOYT -CAR/SUV,2005.0,3.0,M,Licensed,Going Straight Ahead,Left Side Doors,Left Side Doors,Left Rear Quarter Panel,,,N,,Unspecified,Unspecified,BROOKLYN,11236.0,"(40.641697, -73.898506)",0.0,0.0,0,0,0,0,0,0,Sedan,Sedan,0
17540891,3685105,06/06/2017,14:40,ddebb7b0-568f-4903-a345-aba4e648e7a3,Sedan,FORD -CAR/SUV,2013.0,1.0,M,Licensed,Stopped in Traffic,Right Rear Bumper,Right Rear Bumper,Center Back End,Right Rear Quarter Panel,Left Rear Bumper,N,,Unspecified,Unspecified,,,"(40.608364, -74.038666)",0.0,0.0,0,0,0,0,0,0,Sedan,Sedan,0
17974356,3812153,12/18/2017,08:40,dc7c6ff4-6757-4d28-95bd-724d7e14647f,Station Wagon/Sport Utility Vehicle,MERZ -CAR/SUV,2008.0,1.0,F,Licensed,Going Straight Ahead,Right Side Doors,Right Front Quarter Panel,Right Rear Quarter Panel,No Damage,No Damage,N,,Unspecified,Unspecified,QUEENS,11420.0,"(40.666893, -73.80546)",0.0,0.0,0,0,0,0,0,0,Station Wagon/Sport Utility Vehicle,Station Wagon/Sport Utility Vehicle,0
17975704,3814620,12/25/2017,00:15,69560592-b04a-40b2-8475-26f5808d4e51,Sedan,NISS -CAR/SUV,2002.0,1.0,F,Licensed,Making Left Turn,Left Rear Quarter Panel,Left Rear Quarter Panel,No Damage,No Damage,No Damage,N,,Failure to Yield Right-of-Way,Unspecified,QUEENS,11420.0,"(40.66612, -73.82225)",0.0,0.0,0,0,0,0,0,0,Station Wagon/Sport Utility Vehicle,Sedan,0
17451900,3654131,04/17/2017,22:35,73a6dab1-bd32-49f9-8131-75f1616d1ecf,Sedan,NISS -CAR/SUV,2017.0,2.0,M,Licensed,Going Straight Ahead,Right Front Bumper,Right Front Bumper,Right Front Quarter Panel,,,N,,Traffic Control Disregarded,Unspecified,BROOKLYN,11216.0,"(40.670124, -73.95528)",0.0,0.0,0,0,0,0,0,0,Sedan,Sedan,0
17911875,3794993,11/21/2017,16:15,ff4c8268-5e6a-40a2-9d7c-fda44eb97658,Pick-up Truck,FORD -CAR/SUV,2015.0,1.0,M,Licensed,Merging,Right Front Bumper,Right Front Bumper,,,,N,,Following Too Closely,Unsafe Lane Changing,,,"(40.73204, -73.87034)",0.0,0.0,0,0,0,0,0,0,Station Wagon/Sport Utility Vehicle,Pick-up Truck,0
17595252,3721501,07/26/2017,00:05,a8650463-af7b-4d19-b22f-18bc632809c4,Pick-up Truck,TOYT -CAR/SUV,2006.0,3.0,F,Licensed,Going Straight Ahead,Left Front Quarter Panel,Left Front Quarter Panel,,,,N,,Driver Inattention/Distraction,Unspecified,QUEENS,11691.0,"(40.609535, -73.75372)",2.0,0.0,2,0,0,0,0,0,Pick-up Truck,,1
17608860,3729992,08/12/2017,13:49,edb014cb-c2ae-41eb-b1f2-7d8b16334392,Sedan,CHEV -CAR/SUV,2006.0,4.0,M,Licensed,Making Right Turn,Right Side Doors,Right Side Doors,No Damage,No Damage,No Damage,N,,Unspecified,Unspecified,,,"(40.699272, -73.95456)",1.0,0.0,0,0,1,0,0,0,Sedan,Bike,1
17914724,3749864,09/11/2017,16:55,f7ad5b3d-0060-4a18-90b1-abe7924488e6,Sedan,NISS -CAR/SUV,2010.0,1.0,M,Licensed,Going Straight Ahead,Center Front End,Center Front End,Right Front Bumper,,,N,,Driver Inattention/Distraction,Unspecified,MANHATTAN,10019.0,,0.0,0.0,0,0,0,0,0,0,Sedan,Sedan,0
17664511,3725290,08/04/2017,17:04,d8ece254-6699-490b-bf5a-dce67eda6bb7,Sedan,TOYT -CAR/SUV,1999.0,1.0,M,Licensed,Going Straight Ahead,Center Front End,Center Front End,Center Front End,Center Front End,Center Front End,N,,Driver Inattention/Distraction,Driver Inattention/Distraction,QUEENS,11105.0,"(40.774357, -73.912865)",0.0,0.0,0,0,0,0,0,0,Station Wagon/Sport Utility Vehicle,Sedan,0
17914485,3771336,10/17/2017,19:30,35ebb7b8-27f4-4997-bc0d-ccbdc5258f02,Sedan,FORD -CAR/SUV,2016.0,1.0,F,Licensed,Going Straight Ahead,Right Front Bumper,Right Front Bumper,Center Front End,No Damage,No Damage,N,,Unspecified,Unspecified,,,"(40.644985, -74.01769)",0.0,0.0,0,0,0,0,0,0,Station Wagon/Sport Utility Vehicle,Sedan,0
17991510,3778942,10/29/2017,13:30,67d677a0-0806-430d-93a8-5fe120e9915f,Station Wagon/Sport Utility Vehicle,HOND -CAR/SUV,2006.0,3.0,M,Licensed,Stopped in Traffic,Center Back End,Center Back End,,,,N,,Unspecified,Unspecified,QUEENS,11355.0,"(40.754658, -73.833115)",0.0,0.0,0,0,0,0,0,0,Station Wagon/Sport Utility Vehicle,Station Wagon/Sport Utility Vehicle,0
17903861,3810505,12/16/2017,00:08,dd15c649-7b90-453a-a8fe-5957764aeacd,Station Wagon/Sport Utility Vehicle,NISS -CAR/SUV,2015.0,4.0,M,Licensed,Merging,Right Front Bumper,Right Front Bumper,,,,N,,Driver Inattention/Distraction,Unspecified,MANHATTAN,10003.0,"(40.736103, -73.99354)",0.0,0.0,0,0,0,0,0,0,Sedan,Station Wagon/Sport Utility Vehicle,0
17505964,3647837,04/08/2017,04:45,f2392165-9c02-432f-aac3-4c595c979447,Station Wagon/Sport Utility Vehicle,HOND -CAR/SUV,2008.0,1.0,F,Licensed,Making Left Turn,Left Front Bumper,Center Front End,Left Side Doors,Left Rear Quarter Panel,Right Front Bumper,N,,Driver Inattention/Distraction,Driver Inattention/Distraction,BRONX,10466.0,"(40.897106, -73.84528)",1.0,0.0,0,0,0,0,1,0,Station Wagon/Sport Utility Vehicle,Sedan,1
17584989,3708343,07/09/2017,20:30,44b0c724-d1b6-4043-928b-7b77d73be4ba,Station Wagon/Sport Utility Vehicle,FORD -CAR/SUV,2004.0,1.0,F,Licensed,Going Straight Ahead,Right Front Bumper,Right Front Bumper,Right Front Quarter Panel,No Damage,No Damage,N,,Traffic Control Disregarded,Unspecified,,,,0.0,0.0,0,0,0,0,0,0,Station Wagon/Sport Utility Vehicle,Station Wagon/Sport Utility Vehicle,0
17976706,3814346,12/21/2017,16:30,fd95ffea-feb6-491d-a99a-af7acdf4b6fe,Station Wagon/Sport Utility Vehicle,LEXS -CAR/SUV,2017.0,1.0,M,Licensed,Going Straight Ahead,Center Front End,Center Front End,Left Front Bumper,Right Front Bumper,,N,,Glare,Unspecified,,,"(40.754105, -73.72321)",0.0,0.0,0,0,0,0,0,0,Station Wagon/Sport Utility Vehicle,Station Wagon/Sport Utility Vehicle,0
17909687,3765376,10/06/2017,13:50,97548c5e-5f3b-4aae-ae3e-46abf8d2f9d4,,ford,2012.0,1.0,M,Licensed,Going Straight Ahead,Center Front End,Center Front End,,,,N,,Unspecified,Unspecified,,,"(40.641037, -74.02181)",0.0,0.0,0,0,0,0,0,0,,,0
17985468,3762260,10/02/2017,19:30,8a33abce-354f-4a4a-bdf6-d2cf02f55b10,Station Wagon/Sport Utility Vehicle,NISS -CAR/SUV,2008.0,1.0,F,Licensed,Making Left Turn,Left Front Bumper,Left Front Bumper,,,,N,,Unspecified,Unspecified,QUEENS,11411.0,"(40.691277, -73.746254)",0.0,0.0,0,0,0,0,0,0,Sedan,Station Wagon/Sport Utility Vehicle,0
17563753,3641911,03/30/2017,13:15,311b99f7-b032-4974-b66e-1a03fca8811b,Sedan,HYUN -CAR/SUV,2016.0,1.0,F,Licensed,Backing,Center Back End,Center Back End,,,,N,,Backing Unsafely,Unspecified,QUEENS,11354.0,"(40.765137, -73.813614)",0.0,0.0,0,0,0,0,0,0,Sedan,,0
17481320,3656901,04/25/2017,10:00,43d028a7-d467-4e60-a990-995f215c029c,Sedan,TOYT -CAR/SUV,2011.0,1.0,M,Licensed,Making U Turn,Left Front Bumper,Left Front Bumper,,,,N,,Failure to Yield Right-of-Way,Failure to Yield Right-of-Way,BRONX,10460.0,"(40.851536, -73.8822)",0.0,0.0,0,0,0,0,0,0,Station Wagon/Sport Utility Vehicle,Sedan,0
17782485,3795494,11/22/2017,07:40,32da17e4-0940-4f01-97ee-cd4df80ceded,Station Wagon/Sport Utility Vehicle,NISS -CAR/SUV,2010.0,1.0,F,Licensed,Going Straight Ahead,Right Rear Bumper,Center Back End,Left Rear Bumper,,,N,,Reaction to Uninvolved Vehicle,Unspecified,QUEENS,11693.0,"(40.59888, -73.820694)",1.0,0.0,0,0,0,0,1,0,Sedan,Station Wagon/Sport Utility Vehicle,1
17608307,3710170,07/12/2017,11:50,17a558bf-d2ee-453b-8acf-e514ad670932,Station Wagon/Sport Utility Vehicle,CHEV -CAR/SUV,2004.0,0.0,,,Parked,Center Back End,No Damage,No Damage,No Damage,No Damage,N,,Unspecified,Unspecified,BRONX,10453.0,"(40.855545, -73.90914)",0.0,0.0,0,0,0,0,0,0,Station Wagon/Sport Utility Vehicle,Station Wagon/Sport Utility Vehicle,0
17962933,3793418,11/17/2017,20:30,41b87b2c-0b08-4ec5-ba62-19c3f4978dfd,Sedan,HYUN -CAR/SUV,2017.0,1.0,M,Licensed,Going Straight Ahead,Center Front End,Center Front End,Right Front Bumper,,,N,,Unspecified,Unspecified,QUEENS,11385.0,"(40.71163, -73.85979)",0.0,0.0,0,0,0,0,0,0,Sedan,Sedan,0
17906969,3762996,09/29/2017,18:00,5d0a1c24-a119-4ea6-a10e-d0d2caefe181,Station Wagon/Sport Utility Vehicle,TOYT -CAR/SUV,,1.0,,,Going Straight Ahead,Right Front Quarter Panel,Right Front Quarter Panel,,,,N,,Driver Inattention/Distraction,Unspecified,,,"(40.642174, -74.02064)",1.0,0.0,0,0,0,0,1,0,Sedan,Station Wagon/Sport Utility Vehicle,1
17931755,3756536,09/24/2017,00:30,ff916b13-5a0c-430f-b036-e81534930ba3,Sedan,NISS -CAR/SUV,2004.0,2.0,M,Licensed,Going Straight Ahead,Right Front Bumper,Right Front Bumper,Right Front Quarter Panel,,,N,,Passenger Distraction,Driver Inattention/Distraction,QUEENS,11385.0,"(40.70485, -73.90562)",0.0,0.0,0,0,0,0,0,0,Station Wagon/Sport Utility Vehicle,Sedan,0
17443845,3664517,05/07/2017,00:41,e079dd7e-ba2b-4b95-b218-005c3d1304a4,Sedan,HYUN -CAR/SUV,2013.0,1.0,F,Licensed,Going Straight Ahead,Right Front Quarter Panel,Right Front Quarter Panel,,,,N,,Unspecified,Unspecified,MANHATTAN,10002.0,"(40.718792, -73.98902)",0.0,0.0,0,0,0,0,0,0,Sedan,Taxi,0
17839442,3803451,12/04/2017,14:00,1d3653ff-5a25-471c-af72-d04beea172cf,Bus,nova,1999.0,1.0,M,Licensed,Going Straight Ahead,Right Front Bumper,Right Front Bumper,No Damage,No Damage,No Damage,N,,Unspecified,Unspecified,BROOKLYN,11206.0,"(40.696983, -73.935234)",0.0,0.0,0,0,0,0,0,0,Bus,Station Wagon/Sport Utility Vehicle,0
17083350,3593332,01/06/2017,08:25,db0a8d49-5f63-4198-838e-7035f1db518a,Sedan,TOYT -CAR/SUV,2000.0,1.0,F,Licensed,Going Straight Ahead,Left Front Bumper,Left Front Bumper,Center Front End,Right Front Bumper,Other,N,,Following Too Closely,Pavement Slippery,STATEN ISLAND,10308.0,"(40.54808, -74.15214)",0.0,0.0,0,0,0,0,0,0,Sedan,Pick-up Truck,0
17940871,3774098,10/21/2017,00:30,6be5a23b-c78e-4f74-9f78-16ba1ffc3dd1,Station Wagon/Sport Utility Vehicle,TOYT -CAR/SUV,2007.0,1.0,M,Licensed,Changing Lanes,Right Rear Bumper,Right Rear Bumper,No Damage,No Damage,No Damage,N,,Unspecified,Unspecified,,,"(40.890076, -73.819855)",0.0,0.0,0,0,0,0,0,0,Station Wagon/Sport Utility Vehicle,Sedan,0
17614462,3713811,07/17/2017,18:27,41806a0e-f66b-4d38-8081-ec2d29da7c32,Pick-up Truck,TOYT -CAR/SUV,2002.0,1.0,M,,Stopped in Traffic,Right Rear Bumper,Center Back End,Left Rear Bumper,,,N,,Unspecified,Unspecified,,,"(40.583725, -73.89372)",0.0,0.0,0,0,0,0,0,0,Station Wagon/Sport Utility Vehicle,Station Wagon/Sport Utility Vehicle,0
17861888,3771187,10/16/2017,11:00,b6f32211-534d-41f4-a0d7-d109fca348a8,Sedan,BMW -CAR/SUV,2016.0,0.0,M,Licensed,Going Straight Ahead,Center Front End,Center Front End,Right Front Bumper,Left Front Bumper,,N,,Unspecified,Unspecified,,,"(40.584137, -73.96386)",0.0,0.0,0,0,0,0,0,0,Sedan,Sedan,0
17973476,3812389,12/16/2017,15:00,932786cb-83e7-41c9-be5c-033006902ce4,Station Wagon/Sport Utility Vehicle,FORD -CAR/SUV,,1.0,M,Licensed,Backing,Center Back End,No Damage,,,,N,,Backing Unsafely,Driver Inattention/Distraction,QUEENS,11385.0,"(40.712734, -73.90143)",0.0,0.0,0,0,0,0,0,0,Station Wagon/Sport Utility Vehicle,Station Wagon/Sport Utility Vehicle,0
17605314,3733923,08/20/2017,10:30,bc22ab27-8ebe-4714-ba6d-c16c467c5e9a,Sedan,HOND -CAR/SUV,2017.0,0.0,,,Parked,Right Rear Quarter Panel,Right Rear Quarter Panel,,,,N,,Unspecified,Unspecified,,,"(40.511475, -74.247055)",1.0,0.0,0,0,0,0,1,0,Sedan,Sedan,1
17138711,3621499,02/17/2017,13:40,d4cb44f1-7a12-43d9-8168-6e70c9f44862,Van,FORD-TRUCK/BUS,2015.0,1.0,M,Licensed,Other*,Left Side Doors,Other,Other,Other,Other,N,,Driver Inattention/Distraction,Unspecified,,,"(40.563915, -74.11637)",0.0,0.0,0,0,0,0,0,0,Van,Sedan,0
17951743,3771395,10/17/2017,23:05,f77c21ea-ae62-4a0e-990f-5bde04e47007,Sedan,TOYT -CAR/SUV,2002.0,1.0,M,Licensed,Going Straight Ahead,Left Front Bumper,Center Front End,Right Front Bumper,Other,Other,N,,Following Too Closely,Unspecified,,,"(40.57374, -74.13195)",0.0,0.0,0,0,0,0,0,0,Sedan,Sedan,0
17923272,3751387,09/16/2017,19:30,e341c87c-e935-40a5-8a7e-679f5c9b0bd3,Sedan,BMW -CAR/SUV,2012.0,3.0,F,Licensed,Going Straight Ahead,Left Front Quarter Panel,Left Front Quarter Panel,Left Front Bumper,,,N,,Unspecified,Unspecified,QUEENS,11420.0,"(40.668552, -73.8205)",1.0,0.0,0,0,0,0,1,0,Sedan,Sedan,1
17450512,3663063,04/29/2017,10:00,2dbcdb78-ab15-4b9f-a55f-411bd3900e3d,Station Wagon/Sport Utility Vehicle,HOND -CAR/SUV,2000.0,0.0,,,Parked,Left Side Doors,Left Rear Quarter Panel,,,,N,,Unspecified,Unspecified,MANHATTAN,10034.0,"(40.86593, -73.91962)",0.0,0.0,0,0,0,0,0,0,Station Wagon/Sport Utility Vehicle,,0
17443258,3652920,03/31/2017,15:15,8b7ca9a6-6218-4b34-8df5-f4d8e8221526,Sedan,GMC -CAR/SUV,2010.0,4.0,M,Unlicensed,Backing,No Damage,No Damage,,,,N,,Backing Unsafely,Backing Unsafely,,,"(40.67505, -73.95639)",0.0,0.0,0,0,0,0,0,0,Sedan,Sedan,0
17977790,3819421,12/29/2017,12:22,1eb1cfc1-fbdc-4ca0-be9f-ae37dcf067fc,Station Wagon/Sport Utility Vehicle,FORD -CAR/SUV,2002.0,1.0,M,Licensed,Going Straight Ahead,Center Front End,Center Front End,,,,N,,Following Too Closely,Unspecified,QUEENS,11363.0,"(40.76229, -73.75711)",1.0,0.0,0,0,0,0,1,0,Sedan,Station Wagon/Sport Utility Vehicle,1
17456946,3694034,06/19/2017,09:00,28316513-a944-427c-bc1e-6fbfab4005e9,Bus,BLUI-TRUCK/BUS,2012.0,1.0,,,Parked,Left Rear Bumper,Left Rear Quarter Panel,No Damage,No Damage,No Damage,N,,Unspecified,Unspecified,BROOKLYN,11233.0,"(40.68191, -73.935974)",0.0,0.0,0,0,0,0,0,0,Station Wagon/Sport Utility Vehicle,Bus,0
17927403,3761134,09/29/2017,21:15,6314a21a-ebfe-492a-b10d-4c584e4868c8,Motorcycle,KAWK -MCL,2003.0,1.0,,,Going Straight Ahead,Center Front End,Center Front End,,,,N,,Driver Inattention/Distraction,Driver Inexperience,BROOKLYN,11226.0,"(40.648067, -73.951004)",0.0,0.0,0,0,0,0,0,0,Sedan,Motorcycle,0
17953624,3788767,11/11/2017,18:20,7950df05-8a98-4fdc-8b25-9a87e563f7b9,Station Wagon/Sport Utility Vehicle,DODG -CAR/SUV,2010.0,4.0,F,Licensed,Going Straight Ahead,Center Front End,Center Front End,No Damage,No Damage,No Damage,N,,Unspecified,Unspecified,,,"(40.886295, -73.847916)",1.0,0.0,1,0,0,0,0,0,Station Wagon/Sport Utility Vehicle,,1
17434391,3634309,03/11/2017,19:00,48f6367b-e30f-4610-b68e-26500ef54f7f,Sedan,CHRY -CAR/SUV,2011.0,2.0,F,Licensed,Going Straight Ahead,Center Front End,No Damage,,,,N,,Driver Inattention/Distraction,Driver Inattention/Distraction,,,"(40.673107, -73.99959)",0.0,0.0,0,0,0,0,0,0,Sedan,Sedan,0
17923066,3783410,11/04/2017,20:15,3c2a3136-9587-49e0-bbca-cef182b9ae6f,Sedan,LEXS -CAR/SUV,2015.0,2.0,F,Licensed,Going Straight Ahead,Center Back End,Center Back End,,,,N,,Unspecified,Unspecified,,,,0.0,0.0,0,0,0,0,0,0,Sedan,,0
17464844,3698150,06/19/2017,22:00,d26737d2-1dce-4c08-bf84-8e32a483dc6c,Sedan,TOYT -CAR/SUV,5016.0,1.0,M,Licensed,Going Straight Ahead,Left Front Quarter Panel,Left Front Quarter Panel,Left Front Bumper,,,N,,Unspecified,Unspecified,MANHATTAN,10002.0,"(40.720306, -73.98912)",0.0,0.0,0,0,0,0,0,0,Sedan,Sedan,0
17896277,3765851,10/08/2017,16:52,cd73fdac-6b32-45e9-8421-126f8b24a0d0,Sedan,NISS -CAR/SUV,2014.0,0.0,,,Parked,Left Front Bumper,Center Front End,Right Front Bumper,No Damage,No Damage,N,,Unspecified,Unspecified,,,"(40.684685, -73.98114)",0.0,0.0,0,0,0,0,0,0,Sedan,,0
17114521,3615147,02/13/2017,14:15,85af2dce-dd09-4a58-82f7-7fb69684fc69,Taxi,TOYT -CAR/SUV,2014.0,1.0,M,Licensed,Going Straight Ahead,Right Side Doors,Right Rear Quarter Panel,,,,Unspecified,,Unspecified,Unspecified,MANHATTAN,10010.0,"(40.74399, -73.992004)",0.0,0.0,0,0,0,0,0,0,Taxi,Station Wagon/Sport Utility Vehicle,0
17574162,3696482,06/21/2017,18:00,e096eff4-ed00-421e-b78b-6946071f7c44,Station Wagon/Sport Utility Vehicle,FORD -CAR/SUV,2013.0,1.0,M,Licensed,Going Straight Ahead,Center Back End,Center Back End,,,,N,,Unspecified,Unspecified,,,"(40.674934, -73.80186)",0.0,0.0,0,0,0,0,0,0,Station Wagon/Sport Utility Vehicle,Station Wagon/Sport Utility Vehicle,0
17141788,3617620,02/18/2017,15:40,75f459a3-43bd-4cf7-800b-c5e6f7f430e6,Sedan,NISS -CAR/SUV,2009.0,1.0,F,Licensed,Going Straight Ahead,Center Front End,Left Front Bumper,Right Front Bumper,Center Front End,Center Front End,N,,Failure to Yield Right-of-Way,Unspecified,QUEENS,11429.0,"(40.712017, -73.74921)",0.0,0.0,0,0,0,0,0,0,Station Wagon/Sport Utility Vehicle,Sedan,0
17493216,3683200,05/31/2017,23:30,4d84a362-df70-460b-a8ef-52a608cf1dd3,COMME,CATEPILLAR,2006.0,0.0,,,Parked,Center Front End,Center Front End,No Damage,No Damage,No Damage,N,,Unspecified,Unspecified,BRONX,10463.0,"(40.88191, -73.89776)",0.0,0.0,0,0,0,0,0,0,Sedan,COMME,0
17538246,3686702,06/08/2017,19:30,24e60be4-85a0-421a-b7bc-86615dc57781,Sedan,FORD -CAR/SUV,2015.0,1.0,M,Licensed,Going Straight Ahead,Right Front Quarter Panel,Right Front Quarter Panel,Right Side Doors,Right Rear Quarter Panel,Other,N,,Driver Inattention/Distraction,Unspecified,MANHATTAN,10013.0,"(40.720554, -74.00352)",0.0,0.0,0,0,0,0,0,0,Sedan,,0
17477628,3675036,05/21/2017,21:00,69e9d833-9633-4b73-880d-d6ab1b960417,Sedan,TESL -CAR/SUV,2013.0,1.0,M,Licensed,Parked,Left Front Bumper,Left Front Bumper,,,,N,,Other Vehicular,Unspecified,BROOKLYN,11236.0,"(40.637383, -73.91672)",0.0,0.0,0,0,0,0,0,0,Sedan,Sedan,0