UNIQUE_ID,COLLISION_ID,CRASH_DATE,CRASH_TIME,VEHICLE_ID,VEHICLE_TYPE,VEHICLE_MAKE,VEHICLE_YEAR,VEHICLE_OCCUPANTS,DRIVER_SEX,DRIVER_LICENSE_STATUS,PRE_CRASH,POINT_OF_IMPACT,VEHICLE_DAMAGE,VEHICLE_DAMAGE_1,VEHICLE_DAMAGE_2,VEHICLE_DAMAGE_3,PUBLIC_PROPERTY_DAMAGE,PUBLIC_PROPERTY_DAMAGE_TYPE,CONTRIBUTING_FACTOR_1,CONTRIBUTING_FACTOR_2,BOROUGH,ZIP CODE,LOCATION,NUMBER OF PERSONS INJURED,NUMBER OF PERSONS KILLED,NUMBER OF PEDESTRIANS INJURED,NUMBER OF PEDESTRIANS KILLED,NUMBER OF CYCLIST INJURED,NUMBER OF CYCLIST KILLED,NUMBER OF MOTORIST INJURED,NUMBER OF MOTORIST KILLED,VEHICLE TYPE CODE 1,VEHICLE TYPE CODE 2,Severity
17839141,3784975,11/02/2017,08:00,e635dd7d-4fd5-4b43-aa22-8e8fcb678e8a,Station Wagon/Sport Utility Vehicle,LNDR -CAR/SUV,2006.0,1.0,M,Licensed,Parked,Right Rear Quarter Panel,Right Rear Bumper,,,,N,,Other Vehicular,Unspecified,MANHATTAN,10029.0,"(40.79405, -73.9492)",0.0,0.0,0,0,0,0,0,0,Sedan,Station Wagon/Sport Utility Vehicle,0
17661706,3732715,08/15/2017,19:30,6f7f0e77-0f8f-4990-8d9e-9eb1506d645e,Station Wagon/Sport Utility Vehicle,TOYT -CAR/SUV,2011.0,1.0,M,Licensed,Going Straight Ahead,Center Front End,Center Front End,,,,N,,Following Too Closely,Unsafe Speed,,,"(40.716824, -73.82019)",0.0,0.0,0,0,0,0,0,0,Station Wagon/Sport Utility Vehicle,Station Wagon/Sport Utility Vehicle,0
17549916,3684343,06/05/2017,10:00,8ba567ea-d60b-4f85-9239-dbf4e0043911,Station Wagon/Sport Utility Vehicle,FORD -CAR/SUV,2009.0,1.0,F,Licensed,Backing,Right Rear Bumper,Center Back End,Left Rear Bumper,No Damage,No Damage,N,,Driver Inattention/Distraction,Failure to Yield Right-of-Way,,,,0.0,0.0,0,0,0,0,0,0,Station Wagon/Sport Utility Vehicle,Station Wagon/Sport Utility Vehicle,0
17620854,3732163,08/16/2017,10:00,ea0c5f71-4422-42db-b6b9-dc37eb39bfc0,Station Wagon/Sport Utility Vehicle,MERZ -CAR/SUV,2014.0,2.0,M,Licensed,Slowing or Stopping,Center Front End,Center Front End,Right Front Bumper,,,N,,Failure to Yield Right-of-Way,Unspecified,,,"(40.798256, -73.92402)",0.0,0.0,0,0,0,0,0,0,Station Wagon/Sport Utility Vehicle,Station Wagon/Sport Utility Vehicle,0
17480229,3678244,05/25/2017,14:29,8fbef4b0-e4db-4d83-a5d4-b18f86085312,Station Wagon/Sport Utility Vehicle,TOYT -CAR/SUV,2015.0,0.0,,,Parked,Left Front Bumper,Left Front Bumper,,,,N,,Unspecified,Unspecified,BROOKLYN,11236.0,"(40.645733, -73.90973)",0.0,0.0,0,0,0,0,0,0,Station Wagon/Sport Utility Vehicle,,0
17613980,3726438,08/04/2017,09:45,8b7c49bc-7cb1-4889-8f80-64515e5f33c2,Box Truck,ISU-TRUCK/BUS,2014.0,1.0,M,Licensed,Going Straight Ahead,Right Rear Quarter Panel,No Damage,No Damage,No Damage,No Damage,N,,Unspecified,Unspecified,MANHATTAN,10002.0,"(40.72163, -73.99353)",0.0,0.0,0,0,0,0,0,0,Taxi,Box Truck,0
17921987,3785765,11/08/2017,10:09,68874b65-48ae-4696-9f27-ad89c324edc2,Station Wagon/Sport Utility Vehicle,FORD -CAR/SUV,2012.0,1.0,M,Licensed,Going Straight Ahead,Right Side Doors,Right Side Doors,No Damage,No Damage,No Damage,N,,Driver Inattention/Distraction,Unspecified,,,"(40.748985, -73.979965)",0.0,0.0,0,0,0,0,0,0,Station Wagon/Sport Utility Vehicle,Station Wagon/Sport Utility Vehicle,0
17965381,3799917,11/29/2017,22:30,78db9d70-fdd5-4960-978d-305f43c50363,Sedan,NISS -CAR/SUV,2008.0,3.0,F,Licensed,Going Straight Ahead,Other,Other,No Damage,No Damage,No Damage,N,,Driver Inattention/Distraction,Failure to Keep Right,MANHATTAN,10019.0,"(40.76506, -73.98492)",0.0,0.0,0,0,0,0,0,0,Sedan,Sedan,0
17638025,3738363,08/27/2017,08:36,e4b57fb0-1905-4273-b4c1-d115976c4dee,Station Wagon/Sport Utility Vehicle,HOND -CAR/SUV,2004.0,1.0,M,Unlicensed,Going Straight Ahead,Left Front Bumper,Left Front Bumper,Left Front Quarter Panel,Left Rear Quarter Panel,,N,,Driver Inattention/Distraction,Unsafe Speed,,,"(40.862633, -73.90917)",1.0,0.0,0,0,0,0,1,0,Station Wagon/Sport Utility Vehicle,,1
17088908,3619171,02/18/2017,22:25,95f23260-b24e-45ea-9698-5588256f9110,Sedan,VOLK -CAR/SUV,2008.0,1.0,M,Licensed,Going Straight Ahead,Right Front Quarter Panel,Right Front Quarter Panel,No Damage,No Damage,No Damage,N,,Unspecified,Unspecified,,,"(40.819378, -73.96035)",0.0,0.0,0,0,0,0,0,0,Sedan,Sedan,0
19648590,3771150,10/17/2017,12:33,2c7289c2-73f8-46ac-b838-0ccc970f9d35,Station Wagon/Sport Utility Vehicle,HOND -CAR/SUV,2017.0,2.0,F,Licensed,Slowing or Stopping,Left Rear Bumper,Left Rear Bumper,Center Back End,,,N,,Unspecified,Unspecified,BRONX,10462.0,"(40.831924, -73.85104)",1.0,0.0,0,0,1,0,0,0,Station Wagon/Sport Utility Vehicle,Bike,1
17462200,3629318,03/09/2017,19:30,9245f905-67e4-4285-816c-83ecc74ee8a5,Sedan,AUDI -CAR/SUV,2015.0,1.0,M,Licensed,Going Straight Ahead,Left Front Quarter Panel,Left Front Quarter Panel,Left Side Doors,No Damage,No Damage,N,,Unspecified,Unspecified,,,"(40.766712, -73.98289)",0.0,0.0,0,0,0,0,0,0,Sedan,Station Wagon/Sport Utility Vehicle,0
17527216,3667246,05/11/2017,00:46,63358752-73a8-4739-b93f-5291b4a284cf,Sedan,HOND -CAR/SUV,2014.0,1.0,M,Licensed,Making Right Turn,Left Rear Quarter Panel,Left Rear Quarter Panel,,,,N,,Unspecified,Unspecified,BROOKLYN,11211.0,,0.0,0.0,0,0,0,0,0,0,Sedan,Tractor Truck Diesel,0
17124648,3623996,02/28/2017,18:20,43b5b322-065f-4d74-920d-27968b3cef45,Sedan,TOYT -CAR/SUV,2015.0,1.0,M,Licensed,Going Straight Ahead,Right Front Quarter Panel,Right Front Bumper,No Damage,No Damage,No Damage,N,,Unspecified,Unspecified,,,"(40.715473, -73.95185)",0.0,0.0,0,0,0,0,0,0,Sedan,Sedan,0
17656897,3733965,08/19/2017,22:20,f8f96db1-05cf-4ecd-af38-48b6a1c5c60e,Station Wagon/Sport Utility Vehicle,TOYT -CAR/SUV,2010.0,1.0,F,Licensed,Going Straight Ahead,Left Front Quarter Panel,Left Front Quarter Panel,Left Front Bumper,No Damage,No Damage,N,,Unspecified,Unspecified,,,"(40.667446, -73.78055)",2.0,0.0,0,0,0,0,2,0,Station Wagon/Sport Utility Vehicle,Station Wagon/Sport Utility Vehicle,1
17496979,3655196,04/22/2017,10:18,feb30ef2-e55d-4aca-9f24-f9fa3c6e6b9b,Sedan,TOYT -CAR/SUV,2015.0,1.0,M,Licensed,Making Left Turn,Left Rear Quarter Panel,Left Rear Quarter Panel,Left Rear Bumper,,,N,,Driver Inattention/Distraction,Failure to Yield Right-of-Way,,,"(40.74608, -73.974945)",0.0,0.0,0,0,0,0,0,0,Sedan,Sedan,0
17879318,3772684,10/19/2017,19:00,27c84b03-016b-4056-a863-ac34f1045aa0,Station Wagon/Sport Utility Vehicle,LNDR -CAR/SUV,2012.0,2.0,M,Licensed,Going Straight Ahead,Left Rear Quarter Panel,Left Rear Quarter Panel,Left Side Doors,No Damage,No Damage,N,,Driver Inattention/Distraction,Unspecified,,,"(40.73978, -73.97952)",0.0,0.0,0,0,0,0,0,0,Pick-up Truck,Station Wagon/Sport Utility Vehicle,0
17833930,3766009,10/06/2017,10:25,5b94317c-48a9-4b54-b823-1b6e6d12cd6b,Sedan,MERZ -CAR/SUV,2001.0,0.0,,,Parked,Left Front Quarter Panel,Left Front Quarter Panel,No Damage,No Damage,No Damage,N,,Unspecified,Unspecified,BRONX,10460.0,"(40.83404, -73.88758)",0.0,0.0,0,0,0,0,0,0,Sedan,Station Wagon/Sport Utility Vehicle,0
17952323,3754242,09/20/2017,09:40,975a80fb-f34b-429d-ba4f-9a0d6b46e6b4,Sedan,HOND -CAR/SUV,2013.0,2.0,M,Licensed,Parked,Left Side Doors,Left Side Doors,,,,N,,Unspecified,Unspecified,QUEENS,11378.0,"(40.724785, -73.914856)",0.0,0.0,0,0,0,0,0,0,Sedan,Station Wagon/Sport Utility Vehicle,0
17517844,3686794,06/07/2017,17:28,c45e7b97-6bbd-4daf-88df-06586c7719df,Station Wagon/Sport Utility Vehicle,GMC -CAR/SUV,2015.0,1.0,M,Licensed,Going Straight Ahead,Right Front Bumper,Right Front Bumper,Right Front Quarter Panel,No Damage,No Damage,N,,Unspecified,Unspecified,,,"(40.842564, -73.83842)",0.0,0.0,0,0,0,0,0,0,Station Wagon/Sport Utility Vehicle,Sedan,0
17497085,3660326,04/29/2017,21:21,ad8a0c0a-4359-4d6c-8529-685ef688ffb0,Station Wagon/Sport Utility Vehicle,NISS -CAR/SUV,2016.0,1.0,M,Licensed,Making Left Turn,Right Front Bumper,Right Front Bumper,Right Front Quarter Panel,No Damage,No Damage,N,,Driver Inattention/Distraction,Unspecified,,,"(40.70503, -74.013336)",1.0,0.0,0,0,0,0,1,0,Sedan,Station Wagon/Sport Utility Vehicle,1
17640363,3711937,07/14/2017,22:00,86042396-942e-4a16-b1e0-ab18849bf795,Sedan,CHRY -CAR/SUV,2000.0,2.0,M,Licensed,Going Straight Ahead,Left Front Quarter Panel,Left Front Quarter Panel,Left Side Doors,Left Rear Quarter Panel,Left Rear Bumper,N,,Driver Inattention/Distraction,Unspecified,,,"(40.8844, -73.85238)",0.0,0.0,0,0,0,0,0,0,Sedan,Sedan,0
17572053,3698399,06/20/2017,13:54,933b90b9-4b29-4430-8ef5-81b8cfaa3dcc,Station Wagon/Sport Utility Vehicle,ELDORADO,2005.0,1.0,M,Licensed,Changing Lanes,No Damage,No Damage,No Damage,No Damage,No Damage,N,,Unspecified,Alcohol Involvement,BROOKLYN,11203.0,"(40.65661, -73.93091)",0.0,0.0,0,0,0,0,0,0,Station Wagon/Sport Utility Vehicle,Station Wagon/Sport Utility Vehicle,0
17926986,4025260,06/30/2017,05:40,1b856452-1f6a-4426-8912-96a04aad11e3,Sedan,HOND -CAR/SUV,2015.0,1.0,M,Licensed,Going Straight Ahead,Right Front Bumper,Right Front Bumper,Right Front Bumper,Right Front Quarter Panel,,N,,Unspecified,Unspecified,QUEENS,11435.0,"(40.704082, -73.81641)",0.0,0.0,0,0,0,0,0,0,Sedan,Sedan,0
17088164,3599439,01/17/2017,00:32,7107661e-6600-4bd1-9617-00ace4951c69,Station Wagon/Sport Utility Vehicle,TOYT -CAR/SUV,2012.0,1.0,M,Licensed,Going Straight Ahead,Other,Other,,,,N,,Passing or Lane Usage Improper,Unsafe Lane Changing,,,"(40.806343, -73.93318)",0.0,0.0,0,0,0,0,0,0,Station Wagon/Sport Utility Vehicle,Station Wagon/Sport Utility Vehicle,0
17661962,3727174,08/05/2017,10:54,6c82cab1-de3d-4de2-aaea-87830dc3a469,Sedan,NISS -CAR/SUV,2009.0,3.0,M,Licensed,Stopped in Traffic,Center Back End,Center Back End,No Damage,No Damage,No Damage,N,,Unspecified,Unspecified,,,"(40.76635, -73.95103)",1.0,0.0,0,0,0,0,1,0,Station Wagon/Sport Utility Vehicle,Sedan,1
17623271,3730187,08/11/2017,15:45,ec76ba69-28eb-489a-9886-5ad238684ce4,Station Wagon/Sport Utility Vehicle,DODG -CAR/SUV,2015.0,1.0,,,Parked,Left Side Doors,Left Side Doors,No Damage,No Damage,No Damage,N,,Unspecified,Unspecified,MANHATTAN,10011.0,"(40.744034, -74.00313)",0.0,0.0,0,0,0,0,0,0,Station Wagon/Sport Utility Vehicle,,0
17502852,3663323,05/04/2017,09:25,b542be68-b396-4e08-b5ed-d958b5eba70f,Station Wagon/Sport Utility Vehicle,LEXS -CAR/SUV,2015.0,1.0,F,Licensed,Making Right Turn,Left Front Quarter Panel,Left Front Quarter Panel,Left Front Bumper,,,Unspecified,,Unspecified,Unspecified,BROOKLYN,11217.0,"(40.68532, -73.98071)",1.0,0.0,0,0,0,0,1,0,Station Wagon/Sport Utility Vehicle,Station Wagon/Sport Utility Vehicle,1
17551665,3690687,06/14/2017,15:30,ee4772f8-275b-420d-9383-1fa08c5b43f3,Sedan,MERZ -CAR/SUV,1999.0,1.0,M,Licensed,Slowing or Stopping,Left Front Bumper,Left Front Bumper,,,,N,,Unspecified,Unspecified,QUEENS,11368.0,"(40.759727, -73.8455)",0.0,0.0,0,0,0,0,0,0,Sedan,Sedan,0
17552757,3636610,03/21/2017,14:00,344c57ea-dee9-4280-87c7-226e202c77d5,Station Wagon/Sport Utility Vehicle,TOYT -CAR/SUV,2013.0,1.0,,,Going Straight Ahead,Right Front Quarter Panel,Right Front Quarter Panel,Right Side Doors,,,N,,Passing or Lane Usage Improper,Passing Too Closely,QUEENS,11355.0,"(40.745304, -73.82595)",0.0,0.0,0,0,0,0,0,0,Station Wagon/Sport Utility Vehicle,Station Wagon/Sport Utility Vehicle,0
17136341,3624576,03/01/2017,22:47,6a393a95-d025-4cc8-9a97-c156e47da6df,Sedan,CHEV -CAR/SUV,2013.0,1.0,M,Licensed,Backing,Right Rear Quarter Panel,Right Rear Quarter Panel,Right Rear Bumper,Right Side Doors,,N,,Driver Inattention/Distraction,Backing Unsafely,BRONX,10467.0,"(40.879883, -73.880486)",0.0,0.0,0,0,0,0,0,0,AMBUL,Sedan,0
17118348,3620150,02/21/2017,06:18,adcb220e-9b6b-4c8a-90d8-825548daee8c,Bus,nova,2010.0,0.0,M,Licensed,Going Straight Ahead,No Damage,No Damage,No Damage,No Damage,No Damage,N,,Unspecified,Unspecified,,,"(40.852386, -73.90369)",0.0,0.0,0,0,0,0,0,0,Station Wagon/Sport Utility Vehicle,Bus,0
17858994,3788435,11/11/2017,15:50,67bc2476-eaba-49c7-b644-98aa76ad7d9a,Station Wagon/Sport Utility Vehicle,HOND -CAR/SUV,2002.0,1.0,M,Licensed,Making U Turn,Left Side Doors,Left Side Doors,,,,N,,Unsafe Lane Changing,Unspecified,,,"(40.5457, -74.21955)",0.0,0.0,0,0,0,0,0,0,Station Wagon/Sport Utility Vehicle,Pick-up Truck,0
17971003,3815604,12/23/2017,09:15,f2dd1581-452f-430c-aca5-d029d279fb85,Sedan,MAZD -CAR/SUV,2007.0,1.0,M,Licensed,Going Straight Ahead,Center Front End,Left Front Bumper,Right Front Bumper,No Damage,No Damage,N,,Fell Asleep,Failure to Keep Right,BRONX,10470.0,"(40.906235, -73.85124)",2.0,0.0,0,0,0,0,2,0,Sedan,Sedan,1
17558017,3687013,06/08/2017,14:00,620cbf6a-ba6a-4719-bcfe-ade85940d1b0,Carry All,FORD-TRUCK/BUS,2012.0,4.0,M,,Going Straight Ahead,Right Front Quarter Panel,Right Front Bumper,,,,N,,Unspecified,Unspecified,BRONX,10455.0,"(40.815697, -73.91678)",2.0,0.0,0,0,0,0,2,0,Carry All,Sedan,1
17121511,3613032,02/03/2017,08:38,9e42d62e-4eff-485f-90fa-d6cef33724f1,Sedan,SUBA -CAR/SUV,2000.0,1.0,M,Unlicensed,Going Straight Ahead,Left Front Bumper,Center Front End,,,,N,,Unspecified,Unspecified,BROOKLYN,11226.0,"(40.637096, -73.96365)",1.0,0.0,0,0,0,0,1,0,Station Wagon/Sport Utility Vehicle,Sedan,1
17935713,3750413,09/14/2017,16:20,9da296c3-3899-42d3-83b9-e2cc77c4eed0,Sedan,HOND -CAR/SUV,2002.0,0.0,M,Permit,Going Straight Ahead,Center Front End,Right Front Bumper,Left Front Bumper,,,N,,Following Too Closely,Unspecified,,,"(40.726376, -73.76624)",0.0,0.0,0,0,0,0,0,0,Station Wagon/Sport Utility Vehicle,Sedan,0
17573849,3684380,06/05/2017,10:00,563a3fd2-f0ec-4d98-84cb-5f9597ff1a7e,Sedan,HOND -CAR/SUV,2010.0,1.0,F,Licensed,Making Right Turn,Left Front Bumper,Left Front Bumper,Center Front End,,,N,,Unspecified,Unspecified,QUEENS,11423.0,"(40.72106, -73.75945)",2.0,0.0,0,0,0,0,2,0,Sedan,Station Wagon/Sport Utility Vehicle,1
17122283,3613395,02/10/2017,11:00,533f3cf9-fae8-44b8-a200-fc85ce4b54dd,Station Wagon/Sport Utility Vehicle,HYUN -CAR/SUV,2007.0,1.0,M,Licensed,Parked,Right Side Doors,Right Side Doors,,,,N,,Passing or Lane Usage Improper,Unspecified,BRONX,10467.0,"(40.880924, -73.8815)",0.0,0.0,0,0,0,0,0,0,Station Wagon/Sport Utility Vehicle,Ambu,0
17594095,3709517,07/11/2017,15:00,a33c6561-05e4-4d06-8b1c-4d5a9751f3ae,Pick-up Truck,CHEV -CAR/SUV,2008.0,1.0,M,Licensed,Going Straight Ahead,Left Side Doors,Left Side Doors,No Damage,No Damage,No Damage,N,,Driver Inattention/Distraction,Unspecified,,,"(40.81053, -73.96207)",0.0,0.0,0,0,0,0,0,0,Station Wagon/Sport Utility Vehicle,Sedan,0
17140198,3611236,02/07/2017,08:15,3ff6e2a5-7602-474e-b763-ce304b13a517,Box Truck,FRHT-TRUCK/BUS,2014.0,1.0,M,Licensed,Going Straight Ahead,Center Front End,No Damage,,,,N,,Reaction to Uninvolved Vehicle,Pavement Slippery,,,"(40.73973, -73.81762)",0.0,0.0,0,0,0,0,0,0,Station Wagon/Sport Utility Vehicle,Box Truck,0
17081249,3593187,01/05/2017,13:00,dffdcc64-a561-416d-9bf4-a84cedde99bf,Sedan,BUIC -CAR/SUV,2004.0,1.0,M,Licensed,Going Straight Ahead,Left Front Bumper,Left Front Bumper,No Damage,No Damage,No Damage,N,,Following Too Closely,Unsafe Speed,MANHATTAN,10021.0,"(40.77369, -73.961945)",0.0,0.0,0,0,0,0,0,0,Sedan,Sedan,0
17511502,3707682,07/08/2017,12:30,a3a67bcb-7dc5-4e80-956c-240ba8a16d48,Station Wagon/Sport Utility Vehicle,DODG -CAR/SUV,2005.0,1.0,M,Unlicensed,Going Straight Ahead,Center Front End,Center Front End,Left Front Bumper,Right Front Bumper,,N,,Following Too Closely,Unspecified,BROOKLYN,11236.0,"(40.644623, -73.903114)",1.0,0.0,0,0,0,0,1,0,Sedan,Station Wagon/Sport Utility Vehicle,1
17098369,3601101,01/18/2017,00:00,dbf2cc20-6a08-4418-8ae6-b8b7ae365e44,Sedan,TOYT -CAR/SUV,2017.0,1.0,M,Licensed,Going Straight Ahead,Right Rear Bumper,Right Rear Bumper,Left Front Bumper,Left Front Quarter Panel,Left Side Doors,N,,Reaction to Uninvolved Vehicle,Unspecified,,,"(40.83435, -73.864525)",0.0,0.0,0,0,0,0,0,0,Sedan,Sedan,0
17449351,3639805,03/24/2017,14:40,aec48712-0232-4d8f-9dcd-39eb559208b2,Station Wagon/Sport Utility Vehicle,CHEV -CAR/SUV,2012.0,1.0,M,Permit,Backing,Left Rear Quarter Panel,Left Rear Quarter Panel,Left Side Doors,Left Rear Bumper,,N,,Backing Unsafely,Unspecified,MANHATTAN,10011.0,"(40.741077, -74.001564)",0.0,0.0,0,0,0,0,0,0,Box Truck,Station Wagon/Sport Utility Vehicle,0
17888928,3751034,09/15/2017,16:15,c722b876-1404-44a9-8ef6-c02e0113966a,Station Wagon/Sport Utility Vehicle,FORD -CAR/SUV,2004.0,1.0,M,Licensed,Going Straight Ahead,Right Front Bumper,No Damage,,,,N,,Unspecified,Unspecified,BROOKLYN,11228.0,"(40.61847, -74.021225)",0.0,0.0,0,0,0,0,0,0,Station Wagon/Sport Utility Vehicle,Sedan,0
17584645,3694427,06/19/2017,18:55,79662909-baa6-4263-a7bd-246fd699a41d,Sedan,CHEV -CAR/SUV,2015.0,1.0,F,,Stopped in Traffic,Center Back End,Left Rear Bumper,Center Back End,,,N,,Unspecified,Unspecified,QUEENS,11106.0,"(40.76616, -73.930824)",0.0,0.0,0,0,0,0,0,0,Sedan,Station Wagon/Sport Utility Vehicle,0
17636333,3737428,08/23/2017,15:40,c33c44a1-38a2-4137-ade7-be340f64eece,Sedan,HYUN -CAR/SUV,2016.0,1.0,M,Licensed,Changing Lanes,Right Front Quarter Panel,Right Front Quarter Panel,Right Front Bumper,Right Side Doors,,N,,Unsafe Lane Changing,Unspecified,BRONX,10467.0,"(40.884514, -73.87988)",0.0,0.0,0,0,0,0,0,0,Sedan,Sedan,0
17667137,3715789,07/21/2017,17:00,9ce4f29b-41d9-4f30-b2f0-08d6f2bf71db,Station Wagon/Sport Utility Vehicle,FORD -CAR/SUV,1995.0,1.0,F,Licensed,Going Straight Ahead,Left Front Quarter Panel,Left Front Quarter Panel,,,,Unspecified,,Tire Failure/Inadequate,Other Vehicular,,,,0.0,0.0,0,0,0,0,0,0,Station Wagon/Sport Utility Vehicle,Station Wagon/Sport Utility Vehicle,0
17523350,3693290,06/17/2017,09:30,4cb8f37f-6ee9-48fb-a7e8-b233725be165,Sedan,HOND -CAR/SUV,2013.0,1.0,F,Licensed,Going Straight Ahead,Other,Other,Other,,,N,,Unspecified,Unspecified,STATEN ISLAND,10314.0,"(40.613075, -74.12257)",0.0,0.0,0,0,0,0,0,0,Sedan,Sedan,0
17878628,3776190,10/24/2017,16:00,95cc7d36-af1f-411f-b0c1-9b595e9d4e7d,Sedan,INFI -CAR/SUV,2008.0,2.0,M,Unlicensed,Going Straight Ahead,Left Front Bumper,Left Front Quarter Panel,Center Front End,No Damage,No Damage,N,,Unspecified,Unspecified,BROOKLYN,11212.0,"(40.66871, -73.908424)",0.0,0.0,0,0,0,0,0,0,Sedan,Sedan,0
17846889,3761940,10/01/2017,17:45,9ecf4230-c381-4b1f-aaa6-1ca8cb9e324d,Station Wagon/Sport Utility Vehicle,HOND -CAR/SUV,2011.0,2.0,M,Licensed,Making Left Turn,Center Back End,Left Rear Bumper,,,,N,,Unspecified,Unspecified,,,"(40.859657, -73.93005)",0.0,0.0,0,0,0,0,0,0,Station Wagon/Sport Utility Vehicle,Station Wagon/Sport Utility Vehicle,0
17602358,3709977,07/10/2017,13:20,f4dfc9a4-9416-4a09-8f5e-88fbd22018a4,Sedan,BMW -CAR/SUV,2006.0,0.0,M,Licensed,Going Straight Ahead,Center Front End,Center Front End,Right Front Bumper,,,N,,Unspecified,Unspecified,,,"(40.583664, -73.98656)",0.0,0.0,0,0,0,0,0,0,Sedan,Pick-up Truck,0
17939541,3761887,10/02/2017,11:05,6ee978c2-b656-4acb-8a01-57a499577d2d,Station Wagon/Sport Utility Vehicle,MERZ -CAR/SUV,2017.0,1.0,M,Licensed,Going Straight Ahead,Center Front End,Center Front End,Right Front Bumper,Left Front Bumper,,N,,Following Too Closely,Unsafe Speed,,,"(40.746105, -73.7668)",0.0,0.0,0,0,0,0,0,0,Station Wagon/Sport Utility Vehicle,Station Wagon/Sport Utility Vehicle,0
17633068,3720792,07/27/2017,18:35,d0af5dd6-7c0e-43b6-976e-ba0bba928bba,Sedan,FORD -CAR/SUV,2011.0,1.0,M,Licensed,Going Straight Ahead,Left Front Quarter Panel,Left Front Quarter Panel,,,,N,,Failure to Yield Right-of-Way,Failure to Yield Right-of-Way,MANHATTAN,10001.0,"(40.748188, -73.98897)",0.0,0.0,0,0,0,0,0,0,Sedan,Sedan,0
17671138,3744807,09/06/2017,13:00,1cef161e-8358-4e34-84f7-302bcc3bf9b1,Taxi,TOYT -CAR/SUV,2011.0,3.0,M,Licensed,Going Straight Ahead,Left Rear Quarter Panel,Left Rear Quarter Panel,Left Side Doors,,,N,,Unspecified,Unspecified,BROOKLYN,11207.0,"(40.675735, -73.89686)",0.0,0.0,0,0,0,0,0,0,Sedan,Taxi,0
17650301,3724184,08/03/2017,18:25,426cc650-3a78-4a9c-8fa5-534d3d03c71f,Sedan,HOND -CAR/SUV,2004.0,1.0,F,Licensed,Changing Lanes,Center Front End,Left Front Bumper,Left Front Quarter Panel,,,N,,Driver Inattention/Distraction,Unsafe Lane Changing,,,"(40.656593, -73.857635)",0.0,0.0,0,0,0,0,0,0,Sedan,Sedan,0
17912745,3777298,10/25/2017,01:30,619db77d-70ef-4a24-8a11-88678f45ab73,Station Wagon/Sport Utility Vehicle,MERZ -CAR/SUV,2017.0,1.0,,,Entering Parked Position,Left Side Doors,Left Rear Quarter Panel,Left Rear Quarter Panel,,,Y,,Other Vehicular,Unsafe Speed,MANHATTAN,10017.0,"(40.75348, -73.96907)",0.0,0.0,0,0,0,0,0,0,Station Wagon/Sport Utility Vehicle,,0
19634623,3744935,09/06/2017,10:30,e7be2076-38c4-4143-b226-dea318454c9d,Station Wagon/Sport Utility Vehicle,NISS -CAR/SUV,2016.0,1.0,,,Parked,Center Back End,No Damage,No Damage,No Damage,No Damage,N,,Passing or Lane Usage Improper,Passing or Lane Usage Improper,BROOKLYN,11230.0,"(40.623676, -73.96395)",0.0,0.0,0,0,0,0,0,0,Sedan,Station Wagon/Sport Utility Vehicle,0
17524609,3672678,05/18/2017,09:55,83d3f1e7-ef45-4678-aa56-8c94fd2c6e00,Sedan,TOYT -CAR/SUV,2014.0,1.0,M,Licensed,Slowing or Stopping,Center Back End,Center Back End,Right Rear Bumper,Left Rear Bumper,No Damage,N,,Unspecified,Unspecified,,,"(40.605568, -74.03118)",0.0,0.0,0,0,0,0,0,0,Sedan,Sedan,0
17519612,3669049,05/14/2017,03:00,fa78c673-e68e-42bf-b4ba-c09e16770260,Taxi,TOYT -CAR/SUV,2016.0,1.0,M,Licensed,Changing Lanes,Right Rear Quarter Panel,Right Rear Quarter Panel,No Damage,No Damage,No Damage,N,,Driver Inattention/Distraction,Passing or Lane Usage Improper,MANHATTAN,10016.0,"(40.745056, -73.978615)",0.0,0.0,0,0,0,0,0,0,Sedan,Taxi,0
17475387,3699954,06/27/2017,07:20,ff3920da-bdaa-48d9-8d17-d29306454fdf,Pick-up Truck,CHEV -CAR/SUV,2000.0,0.0,,,Parked,Left Front Quarter Panel,Left Front Quarter Panel,No Damage,No Damage,No Damage,N,,Unspecified,Unspecified,,,"(40.68671, -73.979065)",0.0,0.0,0,0,0,0,0,0,TRAIL,Pick-up Truck,0
17123511,3607471,01/31/2017,18:33,39c4ee3c-2755-4de3-8b58-4c44ab83f3ef,Station Wagon/Sport Utility Vehicle,TOYT -CAR/SUV,1998.0,1.0,M,Licensed,Making Left Turn,Right Front Bumper,Right Front Bumper,Right Front Quarter Panel,No Damage,No Damage,N,,Unspecified,Unspecified,MANHATTAN,10065.0,"(40.761173, -73.95789)",0.0,0.0,0,0,0,0,0,0,Station Wagon/Sport Utility Vehicle,Sedan,0
17503481,3671764,05/09/2017,10:40,402b78dd-c152-4889-8262-dd15cd0471e3,Station Wagon/Sport Utility Vehicle,HOND -CAR/SUV,2014.0,1.0,F,Licensed,Going Straight Ahead,Center Back End,Center Back End,Right Rear Bumper,Left Rear Bumper,,N,,Driver Inattention/Distraction,Unspecified,,,"(40.604767, -73.99088)",0.0,0.0,0,0,0,0,0,0,Bus,Station Wagon/Sport Utility Vehicle,0
17573279,3698291,06/24/2017,22:35,f757da56-6ce6-4b1b-9d03-a32757fba16b,Sedan,TOYT -CAR/SUV,2016.0,1.0,F,Licensed,Making Right Turn,Right Front Bumper,Right Front Bumper,Right Front Quarter Panel,,,N,,Unspecified,Unspecified,BRONX,10465.0,"(40.828125, -73.84105)",0.0,0.0,0,0,0,0,0,0,Sedan,Station Wagon/Sport Utility Vehicle,0