UNIQUE_ID,COLLISION_ID,CRASH_DATE,CRASH_TIME,VEHICLE_ID,VEHICLE_TYPE,VEHICLE_MAKE,VEHICLE_YEAR,VEHICLE_OCCUPANTS,DRIVER_SEX,DRIVER_LICENSE_STATUS,PRE_CRASH,POINT_OF_IMPACT,VEHICLE_DAMAGE,VEHICLE_DAMAGE_1,VEHICLE_DAMAGE_2,VEHICLE_DAMAGE_3,PUBLIC_PROPERTY_DAMAGE,PUBLIC_PROPERTY_DAMAGE_TYPE,CONTRIBUTING_FACTOR_1,CONTRIBUTING_FACTOR_2,BOROUGH,ZIP CODE,LOCATION,NUMBER OF PERSONS INJURED,NUMBER OF PERSONS KILLED,NUMBER OF PEDESTRIANS INJURED,NUMBER OF PEDESTRIANS KILLED,NUMBER OF CYCLIST INJURED,NUMBER OF CYCLIST KILLED,NUMBER OF MOTORIST INJURED,NUMBER OF MOTORIST KILLED,VEHICLE TYPE CODE 1,VEHICLE TYPE CODE 2,Severity
17583951,3704455,07/03/2017,19:55,254524f7-5460-4bc7-b155-1ac6d039a3a5,Taxi,FORD -CAR/SUV,2011.0,1.0,M,Licensed,Going Straight Ahead,Right Rear Quarter Panel,No Damage,No Damage,No Damage,No Damage,N,,Unspecified,Unspecified,QUEENS,11367.0,"(40.726494, -73.8142)",0.0,0.0,0,0,0,0,0,0,Taxi,Sedan,0
17979321,3814162,12/18/2017,20:00,2bb466cb-c6c1-4159-9642-a43a6ae67914,Sedan,HOND -CAR/SUV,1996.0,1.0,M,Licensed,Going Straight Ahead,Center Back End,Center Back End,Left Rear Bumper,Right Rear Bumper,,N,,Unspecified,Unspecified,,,"(40.717014, -73.7994)",0.0,0.0,0,0,0,0,0,0,Station Wagon/Sport Utility Vehicle,Sedan,0
17904764,3813715,12/21/2017,06:30,f977d6d1-8619-489b-9ac6-28e315033bc8,Tractor Truck Diesel,FRHT-TRUCK/BUS,2014.0,1.0,M,Licensed,Going Straight Ahead,Right Front Bumper,No Damage,,,,N,,Unspecified,Unspecified,,,,0.0,0.0,0,0,0,0,0,0,Sedan,Tractor Truck Diesel,0
17888088,3789562,11/13/2017,05:50,803be1d8-a46e-421f-a34d-ee40daad2688,Station Wagon/Sport Utility Vehicle,INFI -CAR/SUV,2004.0,2.0,M,Unlicensed,Making Left Turn,Left Front Bumper,Left Front Bumper,Left Front Bumper,,,N,,Driver Inattention/Distraction,Driver Inexperience,BRONX,10462.0,"(40.84596, -73.862595)",0.0,0.0,0,0,0,0,0,0,Station Wagon/Sport Utility Vehicle,Sedan,0
17579519,3704317,07/03/2017,22:30,8fbeeabd-a97f-46b7-bda2-1e9e254e0a77,Sedan,HYUN -CAR/SUV,2016.0,5.0,M,Licensed,Stopped in Traffic,Center Back End,Center Back End,Left Rear Bumper,Right Rear Bumper,,N,,Reaction to Uninvolved Vehicle,Unspecified,,,"(40.666546, -73.78808)",0.0,0.0,0,0,0,0,0,0,Sedan,Sedan,0
17969735,3796709,11/24/2017,14:45,93e22141-3fb3-44a5-848c-8a851937bd0e,Station Wagon/Sport Utility Vehicle,NISS -CAR/SUV,2016.0,1.0,F,Licensed,Making Left Turn,Right Front Quarter Panel,Right Front Quarter Panel,Other,Other,Other,N,,Failure to Yield Right-of-Way,Unspecified,STATEN ISLAND,10305.0,"(40.582603, -74.084335)",1.0,0.0,0,0,0,0,1,0,Station Wagon/Sport Utility Vehicle,Pick-up Truck,1
17434356,3643561,04/02/2017,02:00,2d36435e-13da-4a80-9ac3-0d9929956c1a,Sedan,HYUN -CAR/SUV,2014.0,2.0,F,Licensed,Going Straight Ahead,Right Side Doors,Right Side Doors,No Damage,No Damage,No Damage,N,,Unspecified,Unspecified,MANHATTAN,10009.0,"(40.728474, -73.9757)",0.0,0.0,0,0,0,0,0,0,Sedan,Sedan,0
17605172,3718741,07/24/2017,21:00,525175e5-fa3c-4c8a-a186-9d504f504e30,Station Wagon/Sport Utility Vehicle,TOYT -CAR/SUV,2015.0,1.0,M,Licensed,Going Straight Ahead,Center Front End,Right Front Bumper,Center Front End,Center Front End,Right Front Bumper,N,,Unspecified,Unspecified,BROOKLYN,11238.0,"(40.67536, -73.969696)",0.0,0.0,0,0,0,0,0,0,Sedan,Station Wagon/Sport Utility Vehicle,0
17614935,3718135,07/25/2017,06:05,ee3420f6-224d-47f1-a049-2515a26a986e,Station Wagon/Sport Utility Vehicle,HOND -CAR/SUV,2007.0,1.0,M,Licensed,Going Straight Ahead,Center Back End,Center Back End,Center Back End,Center Back End,Center Back End,N,,Unspecified,Unspecified,,,"(40.804676, -73.93223)",0.0,0.0,0,0,0,0,0,0,Station Wagon/Sport Utility Vehicle,Refrigerated Van,0
17927144,3789931,11/14/2017,10:55,a3a4398d-3c2c-43b6-abdf-c373e651bb2d,Sedan,HOND -CAR/SUV,2005.0,2.0,M,Licensed,Going Straight Ahead,Right Front Quarter Panel,Right Front Quarter Panel,Right Front Bumper,No Damage,No Damage,N,,Unspecified,Unspecified,BRONX,10457.0,"(40.84469, -73.90667)",0.0,0.0,0,0,0,0,0,0,Van,Sedan,0
17118955,3600126,01/17/2017,16:00,caa64dde-788d-4b9e-9925-c68d360c9685,Station Wagon/Sport Utility Vehicle,TOYT -CAR/SUV,1996.0,1.0,M,Licensed,Going Straight Ahead,Left Front Bumper,Left Front Bumper,Left Front Quarter Panel,,,N,,Unspecified,Unspecified,QUEENS,11355.0,"(40.744717, -73.82716)",0.0,0.0,0,0,0,0,0,0,Sedan,Station Wagon/Sport Utility Vehicle,0
17097814,3608216,02/01/2017,14:00,732569e5-aebc-482a-a44d-4b19429d26aa,Station Wagon/Sport Utility Vehicle,LEXS -CAR/SUV,2015.0,2.0,F,Licensed,Backing,Center Back End,Center Back End,,,,N,,Backing Unsafely,Unspecified,BROOKLYN,11224.0,"(40.58095, -73.98567)",0.0,0.0,0,0,0,0,0,0,Station Wagon/Sport Utility Vehicle,Sedan,0
17979715,3756611,09/23/2017,06:36,68ef5293-256b-451d-b133-ed740e4fef24,Station Wagon/Sport Utility Vehicle,FORD -CAR/SUV,2004.0,0.0,,,Parked,Center Back End,Center Back End,Right Rear Bumper,Left Rear Bumper,Center Front End,Unspecified,,Unspecified,Unspecified,,,"(40.68464, -73.87584)",4.0,0.0,0,0,0,0,4,0,Station Wagon/Sport Utility Vehicle,Sedan,1
17496328,3667613,05/05/2017,16:26,01cc215d-a011-47ad-b6a5-b76497a626d3,Station Wagon/Sport Utility Vehicle,HOND -CAR/SUV,2015.0,1.0,F,Licensed,Going Straight Ahead,Center Back End,Center Back End,Right Rear Bumper,,,N,,Unspecified,Unspecified,BROOKLYN,11234.0,"(40.63021, -73.93294)",0.0,0.0,0,0,0,0,0,0,Station Wagon/Sport Utility Vehicle,Sedan,0
17645479,3722607,07/31/2017,08:40,6ebd4e38-b4f5-41a9-b927-22c35883f156,Station Wagon/Sport Utility Vehicle,FORD -CAR/SUV,1999.0,0.0,M,Licensed,Going Straight Ahead,Left Rear Bumper,Left Rear Quarter Panel,Left Side Doors,Left Front Quarter Panel,,N,,Unspecified,Unspecified,BROOKLYN,11226.0,"(40.64483, -73.95374)",0.0,0.0,0,0,0,0,0,0,Sedan,Station Wagon/Sport Utility Vehicle,0
17491665,3695774,06/20/2017,15:45,8ec515b6-e65d-434a-b466-9e4118276e03,Taxi,Orion,2009.0,1.0,F,Licensed,Making Right Turn,Right Rear Quarter Panel,Right Rear Quarter Panel,No Damage,No Damage,No Damage,N,,Oversized Vehicle,Unspecified,,,"(40.561077, -74.16984)",1.0,0.0,0,0,0,0,1,0,Taxi,Station Wagon/Sport Utility Vehicle,1
17845600,3760978,10/01/2017,07:00,1b933aa0-aa02-4429-87d6-8f5a108b19eb,Station Wagon/Sport Utility Vehicle,NISS -CAR/SUV,2012.0,0.0,,,Parked,Left Front Quarter Panel,Left Front Quarter Panel,Left Side Doors,Left Front Bumper,,N,,Unspecified,Unspecified,STATEN ISLAND,10312.0,"(40.539932, -74.16219)",0.0,0.0,0,0,0,0,0,0,Station Wagon/Sport Utility Vehicle,,0
17142572,3624292,03/01/2017,20:35,2ebd0959-aeff-4c82-b220-f050fb338a1f,Station Wagon/Sport Utility Vehicle,BMW -CAR/SUV,2017.0,3.0,F,Licensed,Going Straight Ahead,Center Back End,Center Back End,,,,N,,Unspecified,Unspecified,QUEENS,,"(40.724792, -73.722916)",0.0,0.0,0,0,0,0,0,0,Station Wagon/Sport Utility Vehicle,Sedan,0
17121243,3610340,02/05/2017,15:45,dd1662c0-a8bc-4ee5-9dae-2675628236ed,Station Wagon/Sport Utility Vehicle,HOND -CAR/SUV,2011.0,0.0,,,Parked,Center Back End,Center Back End,,,,N,,Unspecified,Unspecified,QUEENS,11412.0,"(40.69135, -73.7608)",0.0,0.0,0,0,0,0,0,0,Sedan,Station Wagon/Sport Utility Vehicle,0
17545213,3687212,06/07/2017,07:20,e869c00f-9f0e-4737-8707-2cec77db4f3f,Sedan,HOND -CAR/SUV,2012.0,0.0,M,Licensed,Parked,Left Rear Quarter Panel,Left Side Doors,Left Front Quarter Panel,Left Rear Quarter Panel,No Damage,N,,Other Vehicular,Unspecified,BRONX,10467.0,"(40.87875, -73.87448)",0.0,0.0,0,0,0,0,0,0,Sedan,,0
17900033,3753613,09/19/2017,18:20,11aee8dc-35af-4ec6-be24-a35e2d82452f,Station Wagon/Sport Utility Vehicle,CHRY -CAR/SUV,2004.0,0.0,M,,Parked,Left Side Doors,Left Front Quarter Panel,,,,N,,Unspecified,Unspecified,QUEENS,11372.0,"(40.748577, -73.87617)",0.0,0.0,0,0,0,0,0,0,Station Wagon/Sport Utility Vehicle,,0
17496064,3669601,05/14/2017,22:50,2e7e2ec1-5240-4494-9892-3de97f936249,Sedan,HYUN -CAR/SUV,2006.0,4.0,M,Licensed,Going Straight Ahead,Right Front Bumper,Left Rear Bumper,Right Front Bumper,No Damage,No Damage,N,,Unspecified,Unspecified,,,"(40.798225, -73.9291)",9.0,0.0,0,0,0,0,9,0,Sedan,Station Wagon/Sport Utility Vehicle,1
17616617,3733988,08/15/2017,20:03,b53a2f11-f04a-4e35-b894-54168b09d96b,Station Wagon/Sport Utility Vehicle,JEEP -CAR/SUV,2005.0,1.0,,,Going Straight Ahead,Center Front End,Center Front End,No Damage,No Damage,,N,,Driver Inattention/Distraction,Unspecified,BRONX,10468.0,"(40.862534, -73.89708)",0.0,0.0,0,0,0,0,0,0,Station Wagon/Sport Utility Vehicle,,0
17974557,3783856,11/03/2017,15:28,40059f45-ac37-405f-833e-366e12ecdf5d,Station Wagon/Sport Utility Vehicle,BMW -CAR/SUV,2016.0,1.0,M,Licensed,Parked,Right Rear Bumper,Right Rear Bumper,,,,N,,Unspecified,Unspecified,MANHATTAN,10128.0,"(40.783054, -73.944885)",0.0,0.0,0,0,0,0,0,0,Station Wagon/Sport Utility Vehicle,Station Wagon/Sport Utility Vehicle,0
17537980,3679321,05/26/2017,08:39,0ae8c0c9-df56-437b-bde2-482998754681,Sedan,MERZ -CAR/SUV,2016.0,1.0,M,Licensed,Going Straight Ahead,Right Front Quarter Panel,Right Front Quarter Panel,,,,N,,Unspecified,Unspecified,MANHATTAN,10001.0,"(40.7488, -73.98432)",0.0,0.0,0,0,0,0,0,0,Sedan,Sedan,0
17586513,3683983,06/04/2017,11:15,2e142bbd-7c40-421c-a9cb-9b1c953c93f4,Sedan,AUDI -CAR/SUV,2004.0,1.0,F,Licensed,Entering Parked Position,Left Rear Bumper,Left Rear Bumper,Left Rear Quarter Panel,,,N,,Following Too Closely,Unspecified,BROOKLYN,11207.0,"(40.668316, -73.88919)",0.0,0.0,0,0,0,0,0,0,Sedan,Sedan,0
17531972,3692650,06/17/2017,14:00,e822a7f8-53f3-4e4f-b72d-f79944c780f5,Station Wagon/Sport Utility Vehicle,JEEP -CAR/SUV,2005.0,1.0,M,Licensed,Slowing or Stopping,No Damage,No Damage,No Damage,No Damage,No Damage,N,,Pavement Slippery,Unspecified,MANHATTAN,10035.0,"(40.7968, -73.93384)",0.0,0.0,0,0,0,0,0,0,Station Wagon/Sport Utility Vehicle,Station Wagon/Sport Utility Vehicle,0
17644849,3739037,08/28/2017,00:15,bb0e157f-ac08-4491-92b9-696caa393109,Sedan,HOND -CAR/SUV,2012.0,3.0,M,Licensed,Going Straight Ahead,Center Back End,Center Back End,Right Rear Bumper,Left Rear Bumper,,N,,Unspecified,Unspecified,,,"(40.844677, -73.9245)",0.0,0.0,0,0,0,0,0,0,Sedan,Sedan,0
17637338,3727276,08/06/2017,10:30,9d9f74ed-dd18-402e-b246-01b8f535f7f7,Station Wagon/Sport Utility Vehicle,GMC -CAR/SUV,2006.0,0.0,M,Licensed,Making U Turn,Center Front End,Center Front End,Left Front Bumper,Right Front Bumper,Right Front Quarter Panel,N,,Driver Inattention/Distraction,Driver Inattention/Distraction,,,"(40.635876, -74.16751)",1.0,0.0,0,0,0,0,1,0,Sedan,Station Wagon/Sport Utility Vehicle,1
17988754,3765998,10/09/2017,06:45,6ffb2e0e-b86d-483a-a343-90f582f9ac9f,Sedan,HOND -CAR/SUV,2014.0,1.0,F,Licensed,Going Straight Ahead,Left Front Bumper,Left Front Bumper,Left Front Quarter Panel,,,N,,Pavement Slippery,Unspecified,,,"(40.788895, -73.81869)",0.0,0.0,0,0,0,0,0,0,Sedan,,0
17982441,3805440,12/07/2017,10:54,4c8c5e4c-a97a-4d29-8f51-e0c7dff338b9,Station Wagon/Sport Utility Vehicle,HOND -CAR/SUV,2016.0,1.0,M,Licensed,Stopped in Traffic,Center Back End,Center Back End,Left Rear Bumper,Right Rear Bumper,No Damage,N,,Unspecified,Unspecified,,,"(40.75267, -73.93641)",1.0,0.0,0,0,0,0,1,0,Station Wagon/Sport Utility Vehicle,Station Wagon/Sport Utility Vehicle,1
17577592,3683921,06/02/2017,23:40,b382a3e8-1506-4bd2-b963-d86eb3995c18,Sedan,TOYT -CAR/SUV,2013.0,0.0,M,Licensed,Going Straight Ahead,Left Front Bumper,Left Front Bumper,Center Front End,,,N,,Driver Inattention/Distraction,Following Too Closely,,,"(40.762737, -73.9597)",0.0,0.0,0,0,0,0,0,0,Sedan,Sedan,0
17600871,3742617,09/02/2017,10:40,ba854a37-2ec0-40e4-922c-513738711c1a,Station Wagon/Sport Utility Vehicle,TOYT -CAR/SUV,2013.0,2.0,M,Licensed,Passing,Left Side Doors,Left Side Doors,No Damage,No Damage,No Damage,N,,Unspecified,Unspecified,MANHATTAN,10029.0,"(40.794697, -73.93637)",0.0,0.0,0,0,0,0,0,0,Station Wagon/Sport Utility Vehicle,Taxi,0
17993944,3795248,11/21/2017,16:40,5220ca7a-dcd9-4952-833c-65b49b67e8c2,Sedan,NISS -CAR/SUV,2002.0,1.0,M,Licensed,Stopped in Traffic,Center Front End,Center Front End,Center Back End,Center Back End,,N,,Unspecified,Unspecified,,,"(40.78076, -73.825424)",0.0,0.0,0,0,0,0,0,0,Sedan,Sedan,0
17443120,3628299,03/08/2017,13:20,7c7c242e-2c4a-43dd-a0f2-20ae71adb5b0,Sedan,CHEV -CAR/SUV,2012.0,1.0,M,Licensed,Going Straight Ahead,Right Front Bumper,Right Front Bumper,Center Front End,Left Front Bumper,,N,,Driver Inattention/Distraction,Unspecified,MANHATTAN,10013.0,"(40.71799, -74.00729)",0.0,0.0,0,0,0,0,0,0,Sedan,Sedan,0
17590076,3689015,06/12/2017,11:00,9958445e-d27b-417b-aa9c-6d288dc6b474,Station Wagon/Sport Utility Vehicle,HOND -CAR/SUV,2012.0,1.0,M,Licensed,Making Right Turn,Right Front Quarter Panel,Right Front Quarter Panel,,,,N,,Traffic Control Disregarded,Failure to Yield Right-of-Way,QUEENS,11422.0,"(40.665257, -73.739555)",0.0,0.0,0,0,0,0,0,0,Sedan,Station Wagon/Sport Utility Vehicle,0
17624052,3709444,07/10/2017,16:25,e8eced68-cfa5-4c07-88b1-d2aa62d543a3,Sedan,JEEP -CAR/SUV,2004.0,0.0,M,Licensed,Going Straight Ahead,Right Front Bumper,Left Front Bumper,Center Front End,Other,Other,Unspecified,,Driver Inattention/Distraction,Unspecified,BROOKLYN,11226.0,"(40.65319, -73.96622)",0.0,0.0,0,0,0,0,0,0,Sedan,Sedan,0
17948697,3793596,11/19/2017,08:40,5d8f8ac2-4d3c-4c11-876c-2625609e163d,Sedan,MITS -CAR/SUV,2002.0,0.0,,,Parked,Center Back End,Center Back End,Right Rear Bumper,Center Front End,,N,,Unspecified,Unspecified,QUEENS,11419.0,"(40.692135, -73.83485)",1.0,0.0,1,0,0,0,0,0,Sedan,Sedan,1
17826946,3761198,10/01/2017,15:15,fed544f2-1e4e-4c61-8fd0-12b570cd9bfa,Sedan,VOLK -CAR/SUV,2015.0,2.0,M,Permit,Going Straight Ahead,Left Side Doors,Left Side Doors,Left Rear Quarter Panel,,,N,,Passing Too Closely,Driver Inexperience,,,"(40.729435, -73.985985)",0.0,0.0,0,0,0,0,0,0,Station Wagon/Sport Utility Vehicle,Sedan,0
17509880,3686534,06/08/2017,07:00,1cfb2563-8d07-4541-8a59-1fbe40f153a9,Sedan,MERZ -CAR/SUV,2010.0,1.0,M,Licensed,Making Left Turn,Right Side Doors,Right Side Doors,,,,N,,Unspecified,Unspecified,,,"(40.68576, -73.915504)",0.0,0.0,0,0,0,0,0,0,Sedan,Station Wagon/Sport Utility Vehicle,0
17878832,3774253,10/18/2017,22:36,c407baf7-3dec-42ee-a345-80c9e6a4627c,Station Wagon/Sport Utility Vehicle,FORD -CAR/SUV,2016.0,1.0,M,Licensed,Going Straight Ahead,Center Back End,Center Back End,,,,N,,Unspecified,Unspecified,,,"(40.742645, -73.98247)",0.0,0.0,0,0,0,0,0,0,Station Wagon/Sport Utility Vehicle,Sedan,0
17971947,3801149,11/30/2017,05:09,851053f4-c88e-485e-b5e0-3078dc4bc655,Sedan,ACUR -CAR/SUV,2015.0,2.0,M,Licensed,Making Left Turn,Right Front Bumper,Right Front Quarter Panel,Right Side Doors,Other,Other,N,,Unsafe Lane Changing,Unspecified,STATEN ISLAND,10306.0,"(40.577946, -74.102325)",0.0,0.0,0,0,0,0,0,0,Sedan,Sedan,0
17819721,3762997,10/03/2017,23:45,443b7ad9-2be1-4a93-a896-90519757a909,Sedan,HOND -CAR/SUV,2016.0,1.0,M,Licensed,Going Straight Ahead,Right Rear Quarter Panel,Right Side Doors,Right Rear Bumper,,,N,,Unsafe Lane Changing,Driver Inattention/Distraction,,,"(40.718506, -73.989174)",0.0,0.0,0,0,0,0,0,0,Tractor Truck Diesel,Sedan,0
17513369,3664039,05/05/2017,08:05,e0d8cfb4-326c-4b76-80a9-750b5202505f,Sedan,TOYT -CAR/SUV,2015.0,1.0,F,Licensed,Going Straight Ahead,Right Front Bumper,Right Front Bumper,Center Front End,,,N,,Unspecified,Unspecified,BROOKLYN,11230.0,"(40.619873, -73.96527)",0.0,0.0,0,0,0,0,0,0,Sedan,Sedan,0
17472767,3633704,03/16/2017,08:30,95bb31f2-51c2-4395-9dbd-d1277a8ec377,Station Wagon/Sport Utility Vehicle,TOYT -CAR/SUV,2015.0,1.0,M,Licensed,Going Straight Ahead,Left Front Bumper,Left Front Bumper,Center Front End,Left Front Quarter Panel,,N,,Driver Inexperience,Unspecified,MANHATTAN,10019.0,"(40.76401, -73.981125)",0.0,0.0,0,0,0,0,0,0,Station Wagon/Sport Utility Vehicle,FREIG,0
17141381,3620048,02/22/2017,20:00,40fd84ad-284e-448f-83c6-8104c3767e78,Station Wagon/Sport Utility Vehicle,FORD -CAR/SUV,2013.0,4.0,F,Licensed,Going Straight Ahead,Right Front Bumper,Right Front Bumper,Center Front End,Right Front Quarter Panel,,N,,Unspecified,Unspecified,BROOKLYN,11208.0,"(40.6876, -73.87522)",0.0,0.0,0,0,0,0,0,0,Station Wagon/Sport Utility Vehicle,,0
17963446,3780532,10/24/2017,19:40,0fb9e29c-f816-4b74-8bba-4effd484d87b,Sedan,TOYT -CAR/SUV,2000.0,1.0,F,Licensed,Merging,Right Side Doors,Right Side Doors,,,,N,,Unspecified,Unspecified,,,"(40.739418, -73.790886)",0.0,0.0,0,0,0,0,0,0,Sedan,Station Wagon/Sport Utility Vehicle,0
17661876,3740997,09/01/2017,11:00,f91b7b24-b9aa-4b6f-a351-599a89f66a3d,Station Wagon/Sport Utility Vehicle,NISS -CAR/SUV,2015.0,0.0,,,Parked,Right Rear Bumper,Right Rear Bumper,Right Rear Quarter Panel,Center Back End,,N,,Unspecified,Unspecified,QUEENS,11378.0,"(40.72098, -73.91126)",0.0,0.0,0,0,0,0,0,0,Sedan,Sedan,0
17138340,3621282,02/24/2017,08:00,8fa61a50-4c4e-42f0-a738-66b88329cb99,Station Wagon/Sport Utility Vehicle,HYUN -CAR/SUV,2008.0,1.0,M,Licensed,Going Straight Ahead,Center Front End,Center Front End,No Damage,No Damage,No Damage,N,,Following Too Closely,Unspecified,QUEENS,11362.0,"(40.760098, -73.72276)",0.0,0.0,0,0,0,0,0,0,Station Wagon/Sport Utility Vehicle,Sedan,0
17892881,3770217,10/16/2017,09:00,e615a528-d37a-47dc-972e-c314077fb08a,Station Wagon/Sport Utility Vehicle,HOND -CAR/SUV,2012.0,1.0,M,Licensed,Entering Parked Position,Center Back End,No Damage,,,,N,,Backing Unsafely,Unspecified,QUEENS,11375.0,,1.0,0.0,1,0,0,0,0,0,Station Wagon/Sport Utility Vehicle,,1
17902330,3768583,10/12/2017,08:30,6e087dd8-40a5-403f-b8f5-e371475355fa,Sedan,TOYT -CAR/SUV,2016.0,3.0,M,Licensed,Going Straight Ahead,Center Front End,Center Front End,Left Front Bumper,Right Front Bumper,,N,,Following Too Closely,Unspecified,MANHATTAN,10280.0,"(40.71123, -74.01508)",4.0,0.0,0,0,0,0,4,0,Station Wagon/Sport Utility Vehicle,Sedan,1
17114804,3600241,01/18/2017,10:20,a474a3cd-3051-4abe-b519-605ff3e0b697,Sedan,LEXS -CAR/SUV,2010.0,1.0,M,,Going Straight Ahead,Center Back End,Left Rear Bumper,Left Rear Quarter Panel,,,Unspecified,,Passing Too Closely,Unspecified,BROOKLYN,11207.0,"(40.658577, -73.89063)",0.0,0.0,0,0,0,0,0,0,Pick-up Truck,Sedan,0
17943935,3776332,10/24/2017,19:20,bb8513cf-b13a-48c1-8b1b-2690a759ef86,Station Wagon/Sport Utility Vehicle,FORD -CAR/SUV,2016.0,1.0,M,Licensed,Backing,Center Back End,No Damage,,,,N,,Unspecified,Unspecified,BROOKLYN,11226.0,"(40.6481, -73.950264)",1.0,0.0,1,0,0,0,0,0,Station Wagon/Sport Utility Vehicle,,1
17431835,3628288,03/07/2017,22:50,83907ed4-7cb2-4da6-9a53-8f8116764f45,Sedan,NISS -CAR/SUV,2015.0,1.0,M,Licensed,Going Straight Ahead,Right Front Bumper,Right Front Bumper,Right Front Quarter Panel,,,N,,Unspecified,Unspecified,,,"(40.68892, -73.99915)",0.0,0.0,0,0,0,0,0,0,Sedan,Sedan,0
17103361,3614190,02/10/2017,18:25,cd63123e-9460-46bd-b2f6-9cfb03c9c3b7,Sedan,LINC -CAR/SUV,2009.0,1.0,M,Licensed,Going Straight Ahead,Right Front Bumper,Right Front Bumper,,,,N,,Pavement Slippery,Driver Inattention/Distraction,BROOKLYN,11224.0,"(40.5765, -73.9977)",0.0,0.0,0,0,0,0,0,0,Sedan,Station Wagon/Sport Utility Vehicle,0
17110789,3607890,01/29/2017,12:45,7165ed19-9d0d-43ce-a45c-fd0e2a63d0aa,Sedan,FORD -CAR/SUV,,,,,Going Straight Ahead,Other,Other,,,,N,,Failure to Yield Right-of-Way,Unspecified,BROOKLYN,11210.0,"(40.63615, -73.94993)",1.0,0.0,1,0,0,0,0,0,Sedan,,1
17102477,3603521,01/24/2017,14:15,93a5e977-465d-4432-a70c-68b398a8a841,Station Wagon/Sport Utility Vehicle,HOND -CAR/SUV,2016.0,1.0,M,Licensed,Stopped in Traffic,Center Back End,Center Back End,No Damage,No Damage,No Damage,N,,Unspecified,Unspecified,QUEENS,11372.0,"(40.750824, -73.87409)",0.0,0.0,0,0,0,0,0,0,Station Wagon/Sport Utility Vehicle,Station Wagon/Sport Utility Vehicle,0
17507097,3664854,05/07/2017,15:19,52268a01-19f7-4471-bb50-3bee2ece9392,Sedan,NISS -CAR/SUV,2014.0,1.0,M,Licensed,Changing Lanes,Left Front Quarter Panel,Left Front Quarter Panel,No Damage,No Damage,No Damage,N,,Driver Inattention/Distraction,Unsafe Lane Changing,BROOKLYN,11217.0,"(40.684395, -73.97835)",0.0,0.0,0,0,0,0,0,0,Sedan,Sedan,0
17448017,3629207,03/09/2017,23:50,bd7b1e54-84df-4d16-8e24-a63c94b3ed22,Sedan,TOYT -CAR/SUV,2008.0,1.0,M,Licensed,Making Right Turn,Right Side Doors,Right Side Doors,Right Side Doors,Right Rear Quarter Panel,No Damage,N,,Unspecified,Unspecified,,,"(40.693604, -73.99275)",0.0,0.0,0,0,0,0,0,0,Station Wagon/Sport Utility Vehicle,Sedan,0
17584183,3677682,05/23/2017,22:00,cb4981ad-2ba4-4ec2-9f7a-9266f7368c74,Station Wagon/Sport Utility Vehicle,DODG -CAR/SUV,2003.0,4.0,F,Licensed,Going Straight Ahead,Center Front End,Center Front End,Center Front End,Right Front Bumper,No Damage,N,,Unspecified,Unspecified,BROOKLYN,11208.0,"(40.67135, -73.870804)",3.0,0.0,0,0,0,0,3,0,Station Wagon/Sport Utility Vehicle,Station Wagon/Sport Utility Vehicle,1
17666871,3714256,07/18/2017,16:35,9b4f8dbd-6cfb-4693-a8ee-b686f5d9cc4b,Station Wagon/Sport Utility Vehicle,FORD -CAR/SUV,2009.0,1.0,,,Going Straight Ahead,Right Front Quarter Panel,Right Front Quarter Panel,Right Side Doors,,,N,,Passing Too Closely,Driver Inattention/Distraction,,,"(40.67871, -73.86701)",0.0,0.0,0,0,0,0,0,0,Sedan,Station Wagon/Sport Utility Vehicle,0
17461202,3683462,06/02/2017,10:00,c826546f-69d7-45bc-b6db-f76bc24179e8,Station Wagon/Sport Utility Vehicle,FORD -CAR/SUV,2017.0,1.0,F,Licensed,Entering Parked Position,Right Front Quarter Panel,Right Front Quarter Panel,Right Front Bumper,Right Front Bumper,Right Front Bumper,N,,Driver Inattention/Distraction,Unspecified,MANHATTAN,10009.0,"(40.721336, -73.979836)",0.0,0.0,0,0,0,0,0,0,Station Wagon/Sport Utility Vehicle,Sedan,0
17893730,3802542,12/01/2017,23:15,87cfe390-d071-4171-bfce-df3e039921a7,Sedan,TOYT -CAR/SUV,2013.0,1.0,M,Licensed,Going Straight Ahead,Right Rear Quarter Panel,Right Rear Quarter Panel,Right Side Doors,,,N,,Unspecified,Unspecified,MANHATTAN,10013.0,"(40.718708, -74.000946)",0.0,0.0,0,0,0,0,0,0,Sedan,Station Wagon/Sport Utility Vehicle,0
17618424,3734742,08/19/2017,07:50,da15900c-dfbe-4119-811d-1cd131a053ce,Sedan,HYUN -CAR/SUV,2007.0,0.0,,,Parked,Right Rear Bumper,Right Rear Bumper,Center Back End,Center Front End,No Damage,N,,Unspecified,Unspecified,STATEN ISLAND,10310.0,"(40.631783, -74.11166)",1.0,0.0,0,0,0,0,1,0,Sedan,Sedan,1
17504432,3707334,07/06/2017,19:42,d80adcb1-01d2-4a2e-b5aa-1e74748de198,Pick-up Truck,FORD -CAR/SUV,2010.0,2.0,M,Licensed,Going Straight Ahead,Left Rear Bumper,Left Rear Quarter Panel,,,,N,,Unspecified,Unspecified,BRONX,10474.0,"(40.81943, -73.88972)",0.0,0.0,0,0,0,0,0,0,Pick-up Truck,Sedan,0