UNIQUE_ID,COLLISION_ID,CRASH_DATE,CRASH_TIME,VEHICLE_ID,VEHICLE_TYPE,VEHICLE_MAKE,VEHICLE_YEAR,VEHICLE_OCCUPANTS,DRIVER_SEX,DRIVER_LICENSE_STATUS,PRE_CRASH,POINT_OF_IMPACT,VEHICLE_DAMAGE,VEHICLE_DAMAGE_1,VEHICLE_DAMAGE_2,VEHICLE_DAMAGE_3,PUBLIC_PROPERTY_DAMAGE,PUBLIC_PROPERTY_DAMAGE_TYPE,CONTRIBUTING_FACTOR_1,CONTRIBUTING_FACTOR_2,BOROUGH,ZIP CODE,LOCATION,NUMBER OF PERSONS INJURED,NUMBER OF PERSONS KILLED,NUMBER OF PEDESTRIANS INJURED,NUMBER OF PEDESTRIANS KILLED,NUMBER OF CYCLIST INJURED,NUMBER OF CYCLIST KILLED,NUMBER OF MOTORIST INJURED,NUMBER OF MOTORIST KILLED,VEHICLE TYPE CODE 1,VEHICLE TYPE CODE 2,Severity
17926617,3769551,10/15/2017,10:00,d726915c-fdc5-4317-a759-793ea7bcbcff,Taxi,TOYT -CAR/SUV,2015.0,2.0,M,Licensed,Stopped in Traffic,Center Back End,Center Back End,,,,N,,Unspecified,Unspecified,,,"(40.713993, -73.831924)",0.0,0.0,0,0,0,0,0,0,Taxi,Station Wagon/Sport Utility Vehicle,0
19654102,3777111,10/26/2017,09:00,26c26c61-f5c4-4ab7-9018-1bc62e095a09,Station Wagon/Sport Utility Vehicle,BMW -CAR/SUV,2014.0,1.0,F,Licensed,Going Straight Ahead,Left Front Bumper,Left Front Bumper,,,,N,,Unspecified,Unspecified,,,"(40.59861, -74.080765)",0.0,0.0,0,0,0,0,0,0,Station Wagon/Sport Utility Vehicle,Sedan,0
17086171,3613239,02/09/2017,17:08,c8e00146-55ba-4daa-afa9-6e847e5ed4c6,Station Wagon/Sport Utility Vehicle,JEEP -CAR/SUV,2012.0,1.0,M,Licensed,Stopped in Traffic,Left Rear Bumper,Left Rear Bumper,Left Rear Quarter Panel,No Damage,No Damage,Unspecified,,Driver Inattention/Distraction,Unspecified,QUEENS,11693.0,"(40.58708, -73.81386)",1.0,0.0,0,0,0,0,1,0,Station Wagon/Sport Utility Vehicle,Station Wagon/Sport Utility Vehicle,1
17957279,3804423,12/06/2017,19:21,1123099c-7a96-434c-8559-868dc1593431,Station Wagon/Sport Utility Vehicle,JEEP -CAR/SUV,2016.0,1.0,M,Licensed,Going Straight Ahead,Left Front Bumper,Left Front Bumper,Center Front End,Right Front Bumper,,N,,Traffic Control Disregarded,Driver Inattention/Distraction,,,"(40.608852, -74.15334)",0.0,0.0,0,0,0,0,0,0,Station Wagon/Sport Utility Vehicle,Sedan,0
17571511,3691714,06/15/2017,18:15,e39071f3-8292-4051-ad71-49afd86ff27e,Sedan,LEXS -CAR/SUV,2006.0,1.0,M,Licensed,Making Left Turn,Right Side Doors,Right Front Quarter Panel,,,,N,,Unspecified,Unspecified,MANHATTAN,10022.0,"(40.759678, -73.97216)",0.0,0.0,0,0,0,0,0,0,Sedan,Taxi,0
17118863,3626343,03/04/2017,17:40,2731d0ed-3e05-4263-8878-e760114cb026,Convertible,PONT -CAR/SUV,2000.0,0.0,,,Parked,Left Rear Quarter Panel,Left Rear Bumper,,,,N,,Unspecified,Unspecified,STATEN ISLAND,10309.0,"(40.522884, -74.23924)",0.0,0.0,0,0,0,0,0,0,Station Wagon/Sport Utility Vehicle,Convertible,0
17530336,3699688,06/22/2017,20:15,0493266b-4d4d-4871-9110-f139c1137077,Sedan,HOND -CAR/SUV,2013.0,0.0,,,Parked,Left Rear Quarter Panel,Left Rear Quarter Panel,,,,N,,Unspecified,Unspecified,STATEN ISLAND,10310.0,"(40.62928, -74.113365)",0.0,0.0,0,0,0,0,0,0,Sedan,Sedan,0
17878132,3790384,11/15/2017,08:15,c9b54384-146e-4fd5-b6c1-ea4de231218d,Station Wagon/Sport Utility Vehicle,HOND -CAR/SUV,2011.0,1.0,F,Licensed,Going Straight Ahead,Right Side Doors,Right Rear Quarter Panel,,,,N,,Passing Too Closely,Unspecified,BROOKLYN,11207.0,"(40.688385, -73.910286)",0.0,0.0,0,0,0,0,0,0,Station Wagon/Sport Utility Vehicle,Station Wagon/Sport Utility Vehicle,0
19621512,3747413,09/07/2017,18:45,80634691-e6ae-4971-99e0-fd094e0c4db5,Station Wagon/Sport Utility Vehicle,NISS -CAR/SUV,2016.0,1.0,F,Licensed,Going Straight Ahead,Left Front Bumper,Left Front Bumper,No Damage,No Damage,No Damage,N,,Unspecified,Unspecified,BROOKLYN,11235.0,"(40.58257, -73.95699)",0.0,0.0,0,0,0,0,0,0,Station Wagon/Sport Utility Vehicle,Station Wagon/Sport Utility Vehicle,0
17882231,3772605,10/19/2017,00:00,b1c0401b-02c7-47c6-8edc-ab8e222ff245,Station Wagon/Sport Utility Vehicle,TOYT -CAR/SUV,2015.0,1.0,M,Licensed,Slowing or Stopping,Center Front End,Center Front End,No Damage,No Damage,No Damage,N,,Driver Inattention/Distraction,Unspecified,,,"(40.818336, -73.934265)",0.0,0.0,0,0,0,0,0,0,Sedan,Station Wagon/Sport Utility Vehicle,0
17985133,3760465,09/30/2017,13:18,afb9724d-3f6c-4a2f-b227-7dddf9a6575b,Station Wagon/Sport Utility Vehicle,NISS -CAR/SUV,2014.0,2.0,F,Licensed,Going Straight Ahead,Left Front Bumper,Left Front Bumper,No Damage,No Damage,No Damage,N,,Unspecified,Unspecified,QUEENS,11411.0,"(40.692383, -73.73145)",0.0,0.0,0,0,0,0,0,0,Sedan,Station Wagon/Sport Utility Vehicle,0
17951834,3811075,12/13/2017,13:00,cac2ce70-ec79-4a0a-827b-7db40e00afe4,Sedan,TOYT -CAR/SUV,2017.0,2.0,M,Licensed,Parked,Right Side Doors,Right Side Doors,,,,N,,Unspecified,Unspecified,MANHATTAN,10001.0,"(40.750317, -73.99112)",0.0,0.0,0,0,0,0,0,0,Sedan,Taxi,0
17457575,3634026,03/17/2017,16:15,d4cfd9e4-c8a3-4ccd-89c7-daf5f5035e8e,Sedan,LINC -CAR/SUV,2016.0,0.0,M,Licensed,Going Straight Ahead,Left Rear Bumper,Left Rear Bumper,Left Front Bumper,Left Front Bumper,Left Front Bumper,N,,Unspecified,Unspecified,MANHATTAN,10017.0,"(40.752743, -73.97511)",0.0,0.0,0,0,0,0,0,0,Sedan,Sedan,0
17493597,3688711,06/07/2017,16:05,98fc4bec-fe79-4a55-8923-9dac341e16f5,Sedan,NISS -CAR/SUV,2002.0,1.0,F,Licensed,Going Straight Ahead,Center Front End,Center Front End,,,,N,,Following Too Closely,Unspecified,,,"(40.67221, -73.92802)",0.0,0.0,0,0,0,0,0,0,Sedan,Sedan,0
17838093,3811126,12/15/2017,14:10,fd6d87b6-b78a-4b66-9889-2395a7f61b38,Sedan,BMW -CAR/SUV,2011.0,0.0,,,Parked,Center Front End,Center Front End,No Damage,No Damage,No Damage,N,,Unspecified,Unspecified,MANHATTAN,10024.0,"(40.78896, -73.97596)",0.0,0.0,0,0,0,0,0,0,Sedan,Sedan,0
17661014,3739448,08/26/2017,03:00,93dba0a2-8e61-445d-b5cd-60fe305c7946,Sedan,AUDI -CAR/SUV,2016.0,0.0,,,Parked,Right Rear Bumper,Center Back End,Left Rear Bumper,No Damage,No Damage,N,,Unspecified,Unspecified,,,"(40.56055, -74.14654)",0.0,0.0,0,0,0,0,0,0,Sedan,Sedan,0
17127306,3617087,02/16/2017,00:41,354ef455-e8bb-43d2-b198-495bfae9ee98,Station Wagon/Sport Utility Vehicle,NISS -CAR/SUV,2010.0,0.0,,,Parked,Left Front Bumper,Left Front Quarter Panel,,,,N,,Unspecified,Unspecified,BRONX,10472.0,"(40.83213, -73.86547)",0.0,0.0,0,0,0,0,0,0,Station Wagon/Sport Utility Vehicle,,0
17561075,3697867,06/24/2017,17:20,f552f2a5-5d02-48f1-a385-65c33e44c662,Station Wagon/Sport Utility Vehicle,ACUR -CAR/SUV,2008.0,1.0,,,Passing,Right Front Bumper,Right Front Bumper,,,,N,,Aggressive Driving/Road Rage,Passing or Lane Usage Improper,BRONX,10451.0,"(40.82406, -73.92815)",0.0,0.0,0,0,0,0,0,0,Sedan,Station Wagon/Sport Utility Vehicle,0
17639597,3727958,08/08/2017,16:08,e9c28bd0-3c55-4ded-b732-5fc8f59e97ee,Station Wagon/Sport Utility Vehicle,FORD -CAR/SUV,2008.0,1.0,M,Licensed,Going Straight Ahead,Right Rear Quarter Panel,Right Side Doors,,,,Unspecified,,Driver Inattention/Distraction,Unspecified,,,"(40.62534, -74.144066)",0.0,0.0,0,0,0,0,0,0,Pick-up Truck,Station Wagon/Sport Utility Vehicle,0
17898845,3750744,09/13/2017,10:08,d277a532-5757-429b-ab67-ec25f70622ca,Station Wagon/Sport Utility Vehicle,GMC -CAR/SUV,2006.0,1.0,M,Licensed,Going Straight Ahead,Right Front Bumper,Right Front Bumper,Right Front Bumper,Right Front Bumper,Right Front Bumper,N,,Driver Inattention/Distraction,Driver Inattention/Distraction,BROOKLYN,11206.0,"(40.70557, -73.93397)",1.0,0.0,1,0,0,0,0,0,Station Wagon/Sport Utility Vehicle,,1
17645256,3739376,08/28/2017,19:00,8048a40e-879e-486f-baf3-b7a96063d27c,Station Wagon/Sport Utility Vehicle,JEEP -CAR/SUV,2017.0,1.0,M,Licensed,Making Left Turn,Right Front Quarter Panel,Right Front Quarter Panel,,,,N,,Failure to Yield Right-of-Way,Unspecified,BRONX,10451.0,"(40.819057, -73.92923)",1.0,0.0,0,0,1,0,0,0,Station Wagon/Sport Utility Vehicle,Bike,1
17608455,3728297,08/09/2017,17:25,4708eb9f-a8c8-4d3f-85d8-22a400907f19,Sedan,BMW -CAR/SUV,2006.0,0.0,,,Parked,Left Rear Quarter Panel,Left Rear Quarter Panel,,,,N,,Unspecified,Unspecified,BROOKLYN,11206.0,"(40.69803, -73.94574)",0.0,0.0,0,0,0,0,0,0,Sedan,Sedan,0
17601564,3747664,09/08/2017,07:35,7529fe59-9715-4106-b67d-bd113a1c23d9,Station Wagon/Sport Utility Vehicle,MERZ -CAR/SUV,2015.0,1.0,M,Licensed,Parked,Left Front Bumper,Left Front Quarter Panel,,,,N,,Unspecified,Unspecified,MANHATTAN,10029.0,"(40.791557, -73.93866)",0.0,0.0,0,0,0,0,0,0,Sedan,Station Wagon/Sport Utility Vehicle,0
17673673,3739697,08/29/2017,14:05,ee322c1b-34c8-4dd8-92ae-a3d2bf049074,Station Wagon/Sport Utility Vehicle,FORD -CAR/SUV,2007.0,1.0,M,Licensed,Going Straight Ahead,Right Front Quarter Panel,Right Front Quarter Panel,Right Side Doors,Right Rear Quarter Panel,Right Rear Bumper,N,,Unspecified,Unspecified,QUEENS,11358.0,"(40.753914, -73.80674)",0.0,0.0,0,0,0,0,0,0,Station Wagon/Sport Utility Vehicle,Sedan,0
17957250,3793202,11/18/2017,14:45,1da24921-6186-44bd-aa47-9e7db75cac6f,Sedan,AUDI -CAR/SUV,2005.0,0.0,M,Licensed,Parked,Right Rear Quarter Panel,Right Rear Quarter Panel,,,,N,,Driver Inattention/Distraction,Driver Inattention/Distraction,BRONX,10466.0,"(40.898563, -73.85866)",0.0,0.0,0,0,0,0,0,0,Sedan,Pick-up Truck,0
17118050,3611342,02/06/2017,12:30,21bfd33e-656f-43e5-94df-1daefd421fb7,Sedan,NISS -CAR/SUV,2012.0,1.0,M,Licensed,Going Straight Ahead,Left Front Bumper,Left Front Bumper,,,,N,,Unspecified,Unspecified,,,"(40.647766, -73.95816)",0.0,0.0,0,0,0,0,0,0,Sedan,Station Wagon/Sport Utility Vehicle,0
17532493,3680810,05/30/2017,15:30,f794b65e-b51c-4f1c-b4cf-49761edf2668,Sedan,HOND -CAR/SUV,2017.0,2.0,F,Licensed,Going Straight Ahead,Left Rear Quarter Panel,Left Rear Quarter Panel,Left Side Doors,Left Rear Bumper,,N,,Failure to Yield Right-of-Way,Unspecified,,,"(40.696033, -73.98453)",0.0,0.0,0,0,0,0,0,0,Sedan,Tractor Truck Diesel,0
17987686,3773293,10/20/2017,12:00,5383f74a-3f5a-4695-8463-ecf35b9f70e3,Sedan,FORD -CAR/SUV,2014.0,1.0,M,Licensed,Going Straight Ahead,Center Front End,Center Front End,Left Front Bumper,,Right Front Bumper,N,,Unspecified,Unspecified,QUEENS,11413.0,"(40.660557, -73.764084)",0.0,0.0,0,0,0,0,0,0,Sedan,Taxi,0
17535666,3662199,05/02/2017,17:00,5eb7d420-4943-41c3-9fea-c9168a1b7b8f,Sedan,TOYT -CAR/SUV,2014.0,1.0,M,Licensed,Merging,Right Front Bumper,Right Front Bumper,,,,N,,Passing or Lane Usage Improper,Unsafe Lane Changing,QUEENS,11385.0,"(40.7056, -73.85822)",0.0,0.0,0,0,0,0,0,0,Sedan,Station Wagon/Sport Utility Vehicle,0
17475822,3643350,04/02/2017,11:26,a4817949-7e5c-4a0b-99c7-bd26075acac7,Station Wagon/Sport Utility Vehicle,ACUR -CAR/SUV,2006.0,1.0,M,Licensed,Making Left Turn,Left Side Doors,Left Side Doors,,,,N,,Passing or Lane Usage Improper,Unspecified,MANHATTAN,10022.0,"(40.759983, -73.964806)",0.0,0.0,0,0,0,0,0,0,Station Wagon/Sport Utility Vehicle,Sedan,0
17960873,3793327,11/11/2017,16:00,b055398c-57d6-4e71-9da9-5f9dc317cbe4,Station Wagon/Sport Utility Vehicle,TOYT -CAR/SUV,2016.0,0.0,F,Licensed,Parked,Left Rear Bumper,Left Rear Bumper,Center Back End,Left Rear Quarter Panel,No Damage,N,,Unspecified,Unspecified,MANHATTAN,10019.0,,0.0,0.0,0,0,0,0,0,0,Station Wagon/Sport Utility Vehicle,,0
17947281,3773377,10/20/2017,08:30,cb229c92-d123-49fb-8d0b-e0358d3c2977,Sedan,TOYT -CAR/SUV,2016.0,1.0,F,Licensed,Going Straight Ahead,Left Side Doors,No Damage,No Damage,No Damage,No Damage,N,,Driver Inattention/Distraction,Unspecified,,,"(40.725918, -73.89535)",0.0,0.0,0,0,0,0,0,0,Sedan,Box Truck,0
17914955,3771947,10/18/2017,12:20,db485b81-6107-4f08-8bd7-446a0b361c40,Station Wagon/Sport Utility Vehicle,CADI -CAR/SUV,2012.0,2.0,M,Licensed,Going Straight Ahead,Right Front Bumper,Right Front Bumper,No Damage,No Damage,No Damage,Unspecified,,Unspecified,Unspecified,,,"(40.64606, -74.01648)",0.0,0.0,0,0,0,0,0,0,Station Wagon/Sport Utility Vehicle,Station Wagon/Sport Utility Vehicle,0
17602699,3723280,07/31/2017,15:15,edf61e31-3f90-4b3d-876c-56af24afdba5,Sedan,CHEV -CAR/SUV,2010.0,1.0,M,Licensed,Going Straight Ahead,Center Front End,Other,,,,N,,Aggressive Driving/Road Rage,Driver Inattention/Distraction,,,"(40.575375, -74.18999)",0.0,0.0,0,0,0,0,0,0,Sedan,Sedan,0
17978441,3792070,11/17/2017,12:00,9c16f1ac-3ec4-4d93-88ba-4c9f4a858683,Sedan,MERZ -CAR/SUV,2006.0,1.0,F,Licensed,Stopped in Traffic,Center Front End,Right Front Bumper,Left Front Bumper,,,N,,Following Too Closely,Unspecified,,,"(40.735413, -73.91835)",0.0,0.0,0,0,0,0,0,0,Station Wagon/Sport Utility Vehicle,Sedan,0
17106256,3613813,02/09/2017,13:00,5a9055ae-f9e0-47f6-a3fa-1579ee05b3bd,Box Truck,ISU-TRUCK/BUS,2014.0,1.0,M,Licensed,Going Straight Ahead,Other,Other,,,,N,,Passing or Lane Usage Improper,Unspecified,MANHATTAN,10001.0,"(40.74777, -74.000404)",0.0,0.0,0,0,0,0,0,0,Box Truck,,0
17921652,3795525,11/15/2017,14:00,ff7ddbce-1603-4c8d-82a0-1028790acb6e,Sedan,NISS -CAR/SUV,2017.0,1.0,M,Licensed,Going Straight Ahead,Left Front Quarter Panel,Left Front Bumper,Left Side Doors,No Damage,No Damage,N,,Unsafe Speed,Unsafe Speed,BRONX,10468.0,"(40.8724, -73.88981)",2.0,0.0,0,0,0,0,2,0,Sedan,Sedan,1
17121448,3613487,02/11/2017,14:30,abfe67b1-a7e9-464d-8589-64971262711a,Station Wagon/Sport Utility Vehicle,NISS -CAR/SUV,2003.0,1.0,M,Licensed,Going Straight Ahead,Center Front End,Center Front End,Left Front Bumper,Right Front Bumper,,N,,Following Too Closely,Unspecified,QUEENS,11375.0,"(40.70973, -73.84631)",0.0,0.0,0,0,0,0,0,0,Sedan,Station Wagon/Sport Utility Vehicle,0
17627769,3713119,07/13/2017,17:10,38867e8c-fa67-420b-b3d7-341eb3f6b485,Sedan,CHEV -CAR/SUV,2012.0,1.0,M,Licensed,Going Straight Ahead,Center Back End,Center Back End,No Damage,No Damage,No Damage,N,,Unspecified,Unspecified,,,"(40.64794, -73.972305)",0.0,0.0,0,0,0,0,0,0,Sedan,Station Wagon/Sport Utility Vehicle,0
17627449,3714841,07/19/2017,20:25,625d21d6-5e4d-4023-abe8-5d2bfb76f765,Sedan,HOND -CAR/SUV,2007.0,2.0,M,,Making Left Turn,Center Front End,Center Front End,,,,N,,Driver Inattention/Distraction,Unspecified,QUEENS,11372.0,"(40.756046, -73.88073)",1.0,0.0,1,0,0,0,0,0,Sedan,,1
17656782,3722168,07/31/2017,08:15,643297cd-ef09-448d-b6f5-30631d810f41,Station Wagon/Sport Utility Vehicle,TOYT -CAR/SUV,2016.0,1.0,M,Licensed,Slowing or Stopping,Center Back End,Center Back End,Right Rear Bumper,Left Rear Bumper,,N,,Unspecified,Unspecified,QUEENS,11432.0,"(40.71652, -73.774254)",0.0,0.0,0,0,0,0,0,0,Station Wagon/Sport Utility Vehicle,Station Wagon/Sport Utility Vehicle,0
17452568,3647677,04/08/2017,20:00,22481139-ff09-414d-ad33-fff8d1b65f13,Sedan,CHEV -CAR/SUV,2011.0,0.0,M,Licensed,Parked,Left Rear Bumper,Center Back End,Left Rear Quarter Panel,Right Rear Bumper,Center Back End,N,,Unspecified,Unspecified,BRONX,10471.0,"(40.90909, -73.8966)",0.0,0.0,0,0,0,0,0,0,Station Wagon/Sport Utility Vehicle,Sedan,0
17947120,3791622,11/16/2017,17:30,2511db2c-7150-4781-a00b-4df4b98fb511,Sedan,TOYT -CAR/SUV,2016.0,1.0,M,Licensed,Going Straight Ahead,Center Back End,Center Back End,Right Rear Bumper,Left Rear Bumper,Undercarriage,N,,Unspecified,Unspecified,,,"(40.716953, -73.82216)",1.0,0.0,0,0,0,0,1,0,Sedan,Sedan,1
17139789,3628648,03/03/2017,15:30,c134aab9-8fa4-4904-94a2-60c91a807231,Station Wagon/Sport Utility Vehicle,CHEV -CAR/SUV,2002.0,1.0,M,Licensed,Going Straight Ahead,Right Front Bumper,Right Front Bumper,No Damage,No Damage,No Damage,N,,Driver Inattention/Distraction,Driver Inattention/Distraction,BROOKLYN,11203.0,"(40.651997, -73.9292)",0.0,0.0,0,0,0,0,0,0,Box Truck,Station Wagon/Sport Utility Vehicle,0
17947453,3793918,11/18/2017,13:45,6181a939-1011-4340-bd99-c03083f77b1f,Sedan,HOND -CAR/SUV,2012.0,0.0,,,Parked,Left Front Bumper,Left Front Bumper,No Damage,No Damage,No Damage,N,,Unspecified,Unspecified,BRONX,10455.0,"(40.81361, -73.913345)",0.0,0.0,0,0,0,0,0,0,Sedan,,0
17542404,3663383,05/01/2017,09:00,e195bbaf-5573-47cc-9f57-dedf8c11cbe7,Sedan,NISS -CAR/SUV,2004.0,1.0,F,Unlicensed,Changing Lanes,Left Rear Quarter Panel,Center Front End,Right Front Bumper,Left Front Bumper,Left Front Quarter Panel,N,,Driver Inexperience,Unsafe Lane Changing,,,"(40.731083, -73.83442)",1.0,0.0,0,0,0,0,1,0,Flat Bed,Sedan,1
17967709,3794933,11/21/2017,14:48,8b0c66fd-e019-4210-bfe0-55999ef38765,Station Wagon/Sport Utility Vehicle,SUBA -CAR/SUV,2013.0,1.0,F,Licensed,Starting from Parking,Left Rear Quarter Panel,Left Rear Quarter Panel,,,,N,,Driver Inattention/Distraction,Turning Improperly,QUEENS,11362.0,"(40.77206, -73.7343)",0.0,0.0,0,0,0,0,0,0,Station Wagon/Sport Utility Vehicle,Station Wagon/Sport Utility Vehicle,0
17663580,3748869,09/11/2017,07:45,6e38467e-c4f6-40ff-807c-0950fc89206a,Station Wagon/Sport Utility Vehicle,MERZ -CAR/SUV,2016.0,1.0,M,Licensed,Going Straight Ahead,Right Rear Quarter Panel,Right Rear Quarter Panel,Right Rear Bumper,Center Back End,,N,,Unspecified,Unspecified,,,"(40.72427, -73.901825)",1.0,0.0,0,0,0,0,1,0,Station Wagon/Sport Utility Vehicle,Sedan,1
17959748,3807795,12/12/2017,23:00,5cd29f3e-b104-4e87-bd5a-7ce2069efccf,Sedan,KIA -CAR/SUV,2016.0,1.0,F,Licensed,Going Straight Ahead,No Damage,No Damage,,,,N,,Unspecified,Unspecified,,,"(40.631725, -74.13824)",0.0,0.0,0,0,0,0,0,0,Sedan,Sedan,0
17940630,3753972,09/19/2017,18:00,d89fc487-fc59-4a60-9ca5-d646aff5b3b4,Sedan,HOND -CAR/SUV,2004.0,1.0,M,Licensed,Going Straight Ahead,Center Front End,Right Front Bumper,Left Front Bumper,Right Front Quarter Panel,No Damage,N,,Following Too Closely,Unspecified,,,"(40.71718, -73.797874)",1.0,0.0,0,0,0,0,1,0,Sedan,Sedan,1
17546439,3681619,05/31/2017,19:00,3d6ce3a5-39ea-4f5c-9dec-ac2f7e72c47a,Station Wagon/Sport Utility Vehicle,CADI -CAR/SUV,2006.0,2.0,M,Licensed,Going Straight Ahead,Center Front End,Left Front Bumper,Right Front Bumper,,,N,,Unspecified,Unspecified,BROOKLYN,11223.0,"(40.599834, -73.96821)",2.0,0.0,0,0,0,0,2,0,Station Wagon/Sport Utility Vehicle,Station Wagon/Sport Utility Vehicle,1
17667865,3722953,08/01/2017,11:30,1fd2b511-06f6-414f-8297-87cba4b59d2e,Station Wagon/Sport Utility Vehicle,HOND -CAR/SUV,,2.0,F,Licensed,Entering Parked Position,Right Side Doors,Right Side Doors,Right Front Quarter Panel,Right Rear Quarter Panel,Right Front Bumper,N,,Unspecified,Unspecified,,,"(40.6642, -73.897766)",0.0,0.0,0,0,0,0,0,0,Station Wagon/Sport Utility Vehicle,Sedan,0
17574442,3698312,06/23/2017,18:00,75944cbb-3094-416c-bbe8-56d9f16dc994,Station Wagon/Sport Utility Vehicle,TOYT -CAR/SUV,2012.0,1.0,M,Licensed,Stopped in Traffic,Center Back End,Center Back End,No Damage,No Damage,No Damage,N,,Unspecified,Unspecified,BRONX,10467.0,"(40.877636, -73.867424)",0.0,0.0,0,0,0,0,0,0,Station Wagon/Sport Utility Vehicle,Station Wagon/Sport Utility Vehicle,0
17557378,3700699,06/27/2017,17:30,3f0cf3c4-65ef-48c8-99da-339bb91558e6,Sedan,TOYT -CAR/SUV,2016.0,2.0,M,Licensed,Going Straight Ahead,Left Front Bumper,Center Front End,Right Front Bumper,Left Front Bumper,,N,,Unspecified,Unspecified,BROOKLYN,11230.0,"(40.62418, -73.97048)",0.0,0.0,0,0,0,0,0,0,Sedan,Station Wagon/Sport Utility Vehicle,0
17492215,4024355,05/30/2017,21:15,39dc28fd-2e51-4c7b-a243-15575d3f1df1,Sedan,HOND -CAR/SUV,2016.0,0.0,,,Parked,No Damage,No Damage,No Damage,No Damage,No Damage,N,,Unspecified,Unspecified,BROOKLYN,11206.0,"(40.699883, -73.9306)",0.0,0.0,0,0,0,0,0,0,Sedan,Sedan,0
17468592,3651913,04/13/2017,23:14,02e7a225-b5b6-497d-a278-e98d7751e92f,Station Wagon/Sport Utility Vehicle,KIA -CAR/SUV,2016.0,1.0,F,Licensed,Going Straight Ahead,Right Front Quarter Panel,Right Side Doors,Right Rear Quarter Panel,,,N,,Unspecified,Unspecified,STATEN ISLAND,10304.0,,1.0,0.0,0,0,0,0,1,0,Station Wagon/Sport Utility Vehicle,Station Wagon/Sport Utility Vehicle,1
17635779,3719562,07/26/2017,17:52,0e936d58-a640-4534-8f76-7d6e388f06ea,Station Wagon/Sport Utility Vehicle,HOND -CAR/SUV,2009.0,1.0,F,Licensed,Going Straight Ahead,Left Front Bumper,Left Front Bumper,,,,N,,Driver Inattention/Distraction,Following Too Closely,,,"(40.806835, -73.924355)",3.0,0.0,0,0,0,0,3,0,Sedan,Station Wagon/Sport Utility Vehicle,1
17561485,3683451,06/02/2017,15:00,681236d7-fd92-4e50-9447-7e045e04d80e,Sedan,ACUR -CAR/SUV,2004.0,1.0,,,Parked,Left Side Doors,Left Side Doors,Undercarriage,No Damage,No Damage,N,,Unspecified,Unspecified,,,"(40.90651, -73.8489)",1.0,0.0,1,0,0,0,0,0,Station Wagon/Sport Utility Vehicle,Sedan,1
17954421,3803123,12/04/2017,13:12,e089f3d0-ec5d-4c08-91cd-944c9d3d83ac,Box Truck,INTL-TRUCK/BUS,2015.0,1.0,M,Licensed,Going Straight Ahead,Left Rear Quarter Panel,Left Rear Quarter Panel,,,,Unspecified,,Unspecified,Unspecified,BRONX,10451.0,"(40.816757, -73.92622)",1.0,0.0,0,0,0,0,1,0,Sedan,Box Truck,1
17595093,3715807,07/17/2017,10:15,4ef12e33-9181-4e7e-b422-71b9df517415,Box Truck,FTL,2014.0,0.0,M,Licensed,Going Straight Ahead,Left Front Bumper,Left Front Bumper,Left Front Bumper,,,N,,Unspecified,Unspecified,QUEENS,11691.0,"(40.596325, -73.76673)",0.0,0.0,0,0,0,0,0,0,Sedan,Box Truck,0
17107473,3618384,02/18/2017,20:00,801314c5-e861-44ef-8971-590664a0d621,Sedan,BMW -CAR/SUV,2014.0,1.0,F,Licensed,Going Straight Ahead,Left Side Doors,Left Side Doors,Left Rear Quarter Panel,Left Front Quarter Panel,No Damage,N,,Passing Too Closely,Unspecified,,,"(40.841084, -73.93184)",0.0,0.0,0,0,0,0,0,0,Sedan,Sedan,0
17635988,3744458,09/05/2017,19:45,d242b7b6-5729-4a69-8642-959bfe729024,Motorcycle,TRUM -MCL,2015.0,1.0,M,Licensed,Going Straight Ahead,Center Front End,Center Front End,,,,N,,Unspecified,Unspecified,BROOKLYN,11204.0,"(40.615536, -73.98886)",1.0,0.0,0,0,0,0,1,0,Motorcycle,Station Wagon/Sport Utility Vehicle,1
17453209,3635804,03/20/2017,13:30,20c83a0e-c1e6-4f04-bfbc-61388916279b,Station Wagon/Sport Utility Vehicle,CADI -CAR/SUV,2016.0,1.0,M,Licensed,Backing,Center Back End,Center Back End,No Damage,No Damage,No Damage,N,,Backing Unsafely,Unspecified,MANHATTAN,10038.0,"(40.70846, -74.00483)",0.0,0.0,0,0,0,0,0,0,Sedan,Station Wagon/Sport Utility Vehicle,0
17497216,3646733,04/06/2017,18:35,5ad4f339-cfd6-471f-8101-32571eee3578,Tractor Truck Gasoline,FRHT-TRUCK/BUS,2016.0,1.0,M,,Merging,Left Front Quarter Panel,No Damage,,,,N,,Driver Inattention/Distraction,Unspecified,BRONX,10451.0,,0.0,0.0,0,0,0,0,0,0,Sedan,Tractor Truck Gasoline,0
17660824,3713466,07/18/2017,11:30,c37c7e51-b017-4555-8785-853c895f4930,Station Wagon/Sport Utility Vehicle,FORD -CAR/SUV,2005.0,1.0,M,Licensed,Going Straight Ahead,Center Back End,Left Rear Bumper,Center Back End,Left Rear Bumper,,N,,Unspecified,Unspecified,,,"(40.767105, -73.89856)",0.0,0.0,0,0,0,0,0,0,Station Wagon/Sport Utility Vehicle,Station Wagon/Sport Utility Vehicle,0