UNIQUE_ID,COLLISION_ID,CRASH_DATE,CRASH_TIME,VEHICLE_ID,VEHICLE_TYPE,VEHICLE_MAKE,VEHICLE_YEAR,VEHICLE_OCCUPANTS,DRIVER_SEX,DRIVER_LICENSE_STATUS,PRE_CRASH,POINT_OF_IMPACT,VEHICLE_DAMAGE,VEHICLE_DAMAGE_1,VEHICLE_DAMAGE_2,VEHICLE_DAMAGE_3,PUBLIC_PROPERTY_DAMAGE,PUBLIC_PROPERTY_DAMAGE_TYPE,CONTRIBUTING_FACTOR_1,CONTRIBUTING_FACTOR_2,BOROUGH,ZIP CODE,LOCATION,NUMBER OF PERSONS INJURED,NUMBER OF PERSONS KILLED,NUMBER OF PEDESTRIANS INJURED,NUMBER OF PEDESTRIANS KILLED,NUMBER OF CYCLIST INJURED,NUMBER OF CYCLIST KILLED,NUMBER OF MOTORIST INJURED,NUMBER OF MOTORIST KILLED,VEHICLE TYPE CODE 1,VEHICLE TYPE CODE 2,Severity
17553339,3640902,03/28/2017,14:30,56ef8568-4bd6-4a0c-b3f4-157df1bfe7f6,Station Wagon/Sport Utility Vehicle,CHEV -CAR/SUV,1999.0,1.0,M,Licensed,Going Straight Ahead,Right Front Bumper,Right Front Bumper,Right Front Quarter Panel,No Damage,No Damage,N,,Unspecified,Unspecified,,,"(40.69382, -73.72694)",1.0,0.0,0,0,0,0,1,0,Sedan,Station Wagon/Sport Utility Vehicle,1
17507069,3668809,05/12/2017,00:00,1bc10e61-3d8f-4674-ba11-82e356ecf592,Sedan,NISS -CAR/SUV,2017.0,2.0,M,Licensed,Going Straight Ahead,Left Rear Quarter Panel,Left Rear Quarter Panel,No Damage,No Damage,No Damage,N,,Unspecified,Unspecified,BROOKLYN,11204.0,"(40.61652, -73.98586)",0.0,0.0,0,0,0,0,0,0,Tractor Truck Diesel,Sedan,0
17489834,3665864,05/08/2017,07:45,f6b7205c-de67-454d-b34f-df9c8537f1cf,Tanker,STERL,2005.0,1.0,M,Licensed,Merging,Right Rear Quarter Panel,Right Rear Quarter Panel,No Damage,No Damage,No Damage,N,,Failure to Yield Right-of-Way,Unspecified,,,"(40.79537, -73.921974)",0.0,0.0,0,0,0,0,0,0,Sedan,Tanker,0
17955856,3776066,10/24/2017,11:00,2bf653d5-279f-4cfa-8d88-a773bf30b0ce,Sedan,CHEV -CAR/SUV,2001.0,0.0,,,Parked,Roof,Roof,Right Side Doors,Right Front Quarter Panel,Center Front End,N,,Unspecified,Unspecified,,,"(40.595608, -74.068825)",0.0,0.0,0,0,0,0,0,0,Sedan,,0
17659236,3716687,07/22/2017,23:00,63b5b269-a0b0-4675-ad4c-904cf1ff4f71,Taxi,TOYT -CAR/SUV,2014.0,1.0,M,Licensed,Going Straight Ahead,Right Front Quarter Panel,Right Front Quarter Panel,Right Front Bumper,Center Front End,,N,,Driver Inattention/Distraction,Unspecified,,,"(40.742153, -73.897156)",3.0,0.0,0,0,0,0,3,0,Taxi,Station Wagon/Sport Utility Vehicle,1
17959479,3817667,12/26/2017,16:30,1a54492d-5164-4b15-bc8b-1260c7758083,Station Wagon/Sport Utility Vehicle,HOND -CAR/SUV,2014.0,1.0,M,Licensed,Backing,Center Back End,Right Rear Bumper,,,,N,,Backing Unsafely,Unspecified,BROOKLYN,11211.0,"(40.712265, -73.95548)",1.0,0.0,0,0,0,0,1,0,Station Wagon/Sport Utility Vehicle,Sedan,1
17987556,3793889,11/18/2017,16:30,0eece974-fa8c-42b7-a008-93ec0cf5f597,Sedan,NISS -CAR/SUV,2002.0,1.0,M,Licensed,Making Right Turn,Left Front Bumper,Left Front Quarter Panel,No Damage,No Damage,No Damage,N,,Unspecified,Unspecified,BROOKLYN,11239.0,"(40.651382, -73.88337)",0.0,0.0,0,0,0,0,0,0,Sedan,Sedan,0
17905994,3769589,10/15/2017,13:50,bf63debd-4de9-46bd-bccb-0d90860306af,Sedan,HOND -CAR/SUV,2013.0,0.0,F,Licensed,Parked,Center Front End,Left Front Bumper,Center Front End,Right Front Bumper,,N,,Unspecified,Unspecified,BRONX,10467.0,"(40.879246, -73.874725)",0.0,0.0,0,0,0,0,0,0,Sedan,,0
17614010,3726428,08/04/2017,14:45,d550f8c1-b2c3-4226-894c-3698d724411f,Taxi,TOYT -CAR/SUV,2016.0,1.0,M,Licensed,Other*,Left Rear Bumper,Left Rear Bumper,,,,N,,Passenger Distraction,Traffic Control Disregarded,MANHATTAN,10013.0,"(40.719395, -74.00189)",0.0,0.0,0,0,0,0,0,0,Taxi,Station Wagon/Sport Utility Vehicle,0
17517317,3654230,04/19/2017,00:00,0e1b66a8-2764-4fd6-a55a-7ed22dba22eb,Station Wagon/Sport Utility Vehicle,TOYT -CAR/SUV,2015.0,1.0,M,Licensed,Starting from Parking,Right Front Bumper,Right Front Bumper,Right Front Bumper,Right Front Bumper,Right Front Bumper,N,,Unspecified,Unspecified,MANHATTAN,10019.0,"(40.76399, -73.97853)",0.0,0.0,0,0,0,0,0,0,Station Wagon/Sport Utility Vehicle,Pick-up Truck,0
17644148,3733739,08/19/2017,23:19,3aab05bc-c041-4a83-a305-fff4697b61c9,Taxi,TOYT -CAR/SUV,2015.0,1.0,M,Licensed,Going Straight Ahead,Left Front Bumper,Left Front Bumper,No Damage,No Damage,No Damage,N,,Unspecified,Unspecified,MANHATTAN,10016.0,"(40.74669, -73.983734)",0.0,0.0,0,0,0,0,0,0,Station Wagon/Sport Utility Vehicle,Taxi,0
17504805,3697923,06/20/2017,16:00,28661143-937c-4d66-8a47-5ead09d02c22,Station Wagon/Sport Utility Vehicle,FORD -CAR/SUV,2004.0,2.0,M,Licensed,Going Straight Ahead,Center Front End,Center Front End,Left Front Bumper,Right Front Bumper,No Damage,N,,Following Too Closely,Driver Inattention/Distraction,BROOKLYN,11226.0,,1.0,0.0,0,0,0,0,1,0,Station Wagon/Sport Utility Vehicle,Station Wagon/Sport Utility Vehicle,1
17957004,3758971,09/27/2017,17:50,25ccf4d7-093e-4cb9-a135-17c37a2266f3,Station Wagon/Sport Utility Vehicle,TOYT -CAR/SUV,2011.0,1.0,M,Licensed,Going Straight Ahead,Right Front Quarter Panel,Right Front Quarter Panel,Right Front Bumper,Right Front Bumper,,N,,Unspecified,Unspecified,,,"(40.768642, -73.949036)",1.0,0.0,0,0,0,0,1,0,Station Wagon/Sport Utility Vehicle,Station Wagon/Sport Utility Vehicle,1
17828458,3756679,09/24/2017,21:29,eaaebd01-fbac-493f-a1d0-b168c90bf846,Station Wagon/Sport Utility Vehicle,HOND -CAR/SUV,2016.0,1.0,M,Licensed,Parked,Left Rear Quarter Panel,Left Rear Quarter Panel,Left Rear Quarter Panel,Left Rear Quarter Panel,Left Rear Quarter Panel,N,,Unspecified,Unspecified,BRONX,10459.0,"(40.82773, -73.89293)",0.0,0.0,0,0,0,0,0,0,Station Wagon/Sport Utility Vehicle,,0
17597850,3729566,08/12/2017,04:45,f0656aa8-df2e-4227-ab98-23153b8c4bc3,Station Wagon/Sport Utility Vehicle,SUZI -CAR/SUV,2006.0,1.0,M,Licensed,Going Straight Ahead,Right Front Bumper,Right Front Bumper,Right Front Quarter Panel,Right Side Doors,Right Rear Quarter Panel,N,,Pavement Slippery,Pavement Defective,MANHATTAN,10002.0,,1.0,0.0,0,0,0,0,1,0,Station Wagon/Sport Utility Vehicle,,1
17664405,3734293,08/21/2017,04:30,1c9c8552-b547-4406-a621-c1eb48982cae,Sedan,MERZ -CAR/SUV,2008.0,1.0,M,Licensed,Going Straight Ahead,Right Side Doors,Right Side Doors,No Damage,No Damage,No Damage,N,,Traffic Control Disregarded,Unspecified,MANHATTAN,10065.0,"(40.764614, -73.95833)",2.0,0.0,0,0,0,0,2,0,Taxi,Sedan,1
17087660,3594131,01/07/2017,13:00,eff6bb0a-4f36-48c5-b946-6428ea000308,Sedan,MERC -CAR/SUV,1992.0,0.0,,,Parked,Roof,Roof,Right Front Quarter Panel,,,N,,Unspecified,Unspecified,QUEENS,11385.0,"(40.709034, -73.859665)",0.0,0.0,0,0,0,0,0,0,Sedan,,0
17466551,3623296,02/28/2017,11:30,67bab86d-51cc-49b2-9995-073caf10c669,Station Wagon/Sport Utility Vehicle,TOYT -CAR/SUV,2011.0,1.0,M,Licensed,Making Left Turn,Right Front Bumper,Right Front Bumper,Center Front End,Left Front Bumper,No Damage,N,,Unspecified,Unspecified,MANHATTAN,10022.0,"(40.7606, -73.96434)",0.0,0.0,0,0,0,0,0,0,Station Wagon/Sport Utility Vehicle,Sedan,0
17111033,3617978,02/19/2017,14:50,e63f0795-02eb-4590-af5f-eb21415e67ad,Bus,NEW FLYER,2011.0,1.0,M,Licensed,Going Straight Ahead,Left Front Bumper,Left Front Bumper,,,,N,,Other Vehicular,Unspecified,,,"(40.663555, -73.93162)",2.0,0.0,0,0,0,0,2,0,Bus,Station Wagon/Sport Utility Vehicle,1
17104335,3613582,02/10/2017,14:00,a2553fa6-80c2-49d7-bbc9-bb09541e6c5c,TRACT,WABA,2017.0,1.0,M,Licensed,Parked,No Damage,No Damage,,,,N,,Unspecified,Unspecified,BROOKLYN,11231.0,"(40.68012, -74.00135)",0.0,0.0,0,0,0,0,0,0,Station Wagon/Sport Utility Vehicle,TRACT,0
17845977,3791101,11/14/2017,10:25,e3586adc-1dce-47f3-8aff-b7b7b58da857,Sedan,TOYT -CAR/SUV,2015.0,0.0,M,Licensed,Going Straight Ahead,Right Front Quarter Panel,Right Front Quarter Panel,,,,N,,Unspecified,Unspecified,MANHATTAN,10032.0,"(40.84019, -73.94307)",0.0,0.0,0,0,0,0,0,0,Sedan,Sedan,0
17858828,3788275,11/10/2017,21:15,3d73cfbf-45f5-4f47-8e5b-7140e1b13aa9,Station Wagon/Sport Utility Vehicle,HOND -CAR/SUV,2016.0,1.0,F,Licensed,Going Straight Ahead,Right Front Quarter Panel,Right Side Doors,Right Front Quarter Panel,No Damage,No Damage,N,,Unspecified,Unspecified,,,"(40.558887, -74.1977)",0.0,0.0,0,0,0,0,0,0,Sedan,Station Wagon/Sport Utility Vehicle,0
17098921,3601090,01/19/2017,16:30,5f760e45-e40c-4fbe-b8ff-9ae0fd01987d,Station Wagon/Sport Utility Vehicle,FORD -CAR/SUV,2014.0,2.0,M,Licensed,Going Straight Ahead,Right Front Quarter Panel,Right Front Quarter Panel,Right Side Doors,Right Rear Quarter Panel,,N,,Passing Too Closely,Unspecified,,,"(40.810726, -73.92465)",0.0,0.0,0,0,0,0,0,0,Station Wagon/Sport Utility Vehicle,Station Wagon/Sport Utility Vehicle,0
17555642,3688315,06/10/2017,15:50,5a9d102c-9230-49cb-848c-f3f42b2e0488,Station Wagon/Sport Utility Vehicle,FORD -CAR/SUV,2005.0,0.0,,,Parked,Center Back End,Left Rear Bumper,Center Back End,Right Rear Bumper,,N,,Unspecified,Unspecified,,,"(40.700592, -73.85457)",0.0,0.0,0,0,0,0,0,0,Station Wagon/Sport Utility Vehicle,,0
17633799,3720973,07/30/2017,12:45,551e4821-2bad-459c-aa88-e13cd1acd02e,Station Wagon/Sport Utility Vehicle,VOLV -CAR/SUV,2012.0,1.0,M,Licensed,Stopped in Traffic,Center Back End,Center Back End,Right Rear Bumper,Left Rear Bumper,,N,,Unspecified,Unspecified,,,"(40.583355, -74.14962)",0.0,0.0,0,0,0,0,0,0,Station Wagon/Sport Utility Vehicle,Station Wagon/Sport Utility Vehicle,0
17976977,3815375,12/22/2017,20:35,8641efd1-b2c2-44b5-8973-cb56a890c6fa,Sedan,HOND -CAR/SUV,2016.0,1.0,M,Licensed,Going Straight Ahead,Center Front End,Center Front End,,,,N,,Following Too Closely,Unspecified,,,"(40.74947, -73.7564)",0.0,0.0,0,0,0,0,0,0,Sedan,Station Wagon/Sport Utility Vehicle,0
17141999,3619580,02/22/2017,05:30,1a14786c-d0fc-4629-87b7-6c8f61ff6fff,Sedan,NISS -CAR/SUV,2014.0,0.0,,,Parked,Left Front Bumper,Center Front End,Right Front Bumper,,Left Front Bumper,Unspecified,,Unspecified,Unspecified,QUEENS,11434.0,"(40.666054, -73.77985)",0.0,0.0,0,0,0,0,0,0,Sedan,,0
17594393,3732362,08/16/2017,16:00,322b5f58-3301-43d6-b8fc-8c604af99e63,Station Wagon/Sport Utility Vehicle,JEEP -CAR/SUV,2016.0,2.0,M,Licensed,Making Left Turn,Left Front Bumper,Center Front End,Right Front Bumper,,,N,,Unspecified,Unspecified,QUEENS,11693.0,"(40.585686, -73.81724)",0.0,0.0,0,0,0,0,0,0,Station Wagon/Sport Utility Vehicle,Station Wagon/Sport Utility Vehicle,0
17657442,3734658,08/21/2017,09:50,3cc50bd6-9782-4c1a-967f-95e2115f14cd,Sedan,AUDI -CAR/SUV,2005.0,1.0,M,Licensed,Going Straight Ahead,Right Front Bumper,Right Side Doors,No Damage,No Damage,No Damage,N,,Unspecified,Unspecified,,,"(40.671856, -73.81755)",0.0,0.0,0,0,0,0,0,0,Sedan,Sedan,0
17662225,3742477,09/01/2017,13:09,3c9c1594-1c54-4a30-ace0-ade9a9de0b4e,Station Wagon/Sport Utility Vehicle,TOYT -CAR/SUV,2013.0,5.0,M,Licensed,Slowing or Stopping,Center Back End,Center Back End,Right Rear Bumper,Center Front End,Other,N,,Unspecified,Unspecified,,,"(40.604153, -74.05198)",0.0,0.0,0,0,0,0,0,0,Station Wagon/Sport Utility Vehicle,Station Wagon/Sport Utility Vehicle,0
17112602,3608052,02/01/2017,05:50,87338ec1-7637-433b-9ed2-ec42e7b98d57,Sedan,HOND -CAR/SUV,2012.0,1.0,M,Licensed,Slowing or Stopping,Center Back End,Center Back End,No Damage,No Damage,No Damage,N,,Unspecified,Unspecified,,,"(40.655895, -74.00591)",0.0,0.0,0,0,0,0,0,0,Sedan,Sedan,0
17973318,3812378,12/16/2017,11:44,0a7e59f2-0730-418a-bce9-e6ac1ef4d700,Station Wagon/Sport Utility Vehicle,FORD -CAR/SUV,1998.0,1.0,M,Licensed,Parked,Right Front Quarter Panel,Right Front Quarter Panel,,,,N,,Unspecified,Unspecified,QUEENS,11385.0,"(40.702995, -73.89492)",0.0,0.0,0,0,0,0,0,0,Sedan,Station Wagon/Sport Utility Vehicle,0
17099613,3611795,02/08/2017,08:00,924ab03f-5836-45d8-917a-24c8cfae04fb,Sedan,NISS -CAR/SUV,2015.0,1.0,F,Licensed,Merging,Right Rear Bumper,Right Rear Bumper,Right Rear Bumper,Right Rear Bumper,Right Rear Bumper,N,,Failure to Yield Right-of-Way,Failure to Yield Right-of-Way,,,"(40.866814, -73.931595)",0.0,0.0,0,0,0,0,0,0,Sedan,Sedan,0
17662431,3717702,07/24/2017,06:49,c0b359c5-689f-47c9-b170-e0fb62a8281b,Sedan,FORD -CAR/SUV,2015.0,1.0,F,Licensed,Going Straight Ahead,Right Front Quarter Panel,Right Front Quarter Panel,Right Side Doors,Right Rear Quarter Panel,,N,,Unspecified,Unspecified,,,,1.0,0.0,0,0,0,0,1,0,Taxi,Sedan,1
17556043,3696737,06/22/2017,13:53,9ca1c110-7069-47b4-b6b8-30478faf55f4,Station Wagon/Sport Utility Vehicle,FORD -CAR/SUV,2013.0,3.0,F,Licensed,Going Straight Ahead,Center Front End,Center Front End,,,,N,,Following Too Closely,Driver Inattention/Distraction,MANHATTAN,10016.0,"(40.745068, -73.97258)",0.0,0.0,0,0,0,0,0,0,Station Wagon/Sport Utility Vehicle,Station Wagon/Sport Utility Vehicle,0
17497502,3641763,03/30/2017,08:00,152a645d-79f0-4512-8626-6eea06c68aea,Station Wagon/Sport Utility Vehicle,ACUR -CAR/SUV,2007.0,1.0,F,Licensed,Going Straight Ahead,Center Back End,Center Back End,No Damage,No Damage,No Damage,N,,Unspecified,Unspecified,,,"(40.715813, -73.91212)",0.0,0.0,0,0,0,0,0,0,Station Wagon/Sport Utility Vehicle,Station Wagon/Sport Utility Vehicle,0
17926075,3814328,12/20/2017,16:00,8f3cf06a-dde9-48a5-bab4-4b614e66aac4,Sedan,NISS -CAR/SUV,2016.0,1.0,F,Licensed,Going Straight Ahead,Left Front Quarter Panel,Left Side Doors,Left Front Bumper,,,N,,Unspecified,Unspecified,,,"(40.725544, -73.86317)",1.0,0.0,0,0,0,0,1,0,Sedan,Sedan,1
17106909,3605635,01/28/2017,16:30,07d667e7-6528-41fc-9b5e-3c61d535d4f4,Station Wagon/Sport Utility Vehicle,NISS -CAR/SUV,1997.0,2.0,M,Licensed,Changing Lanes,Right Front Bumper,Right Front Bumper,,,,N,,Unsafe Lane Changing,Unspecified,,,"(40.71702, -73.830505)",0.0,0.0,0,0,0,0,0,0,Station Wagon/Sport Utility Vehicle,Station Wagon/Sport Utility Vehicle,0
17880703,3820162,12/31/2017,17:00,700894d0-d47d-40e4-ae5d-ffad4652090e,Station Wagon/Sport Utility Vehicle,FORD -CAR/SUV,2002.0,1.0,F,Licensed,Going Straight Ahead,Center Front End,Center Front End,,,,N,,Driver Inattention/Distraction,Unspecified,BROOKLYN,11236.0,"(40.636574, -73.911644)",0.0,0.0,0,0,0,0,0,0,Sedan,Station Wagon/Sport Utility Vehicle,0
17859313,3764084,10/04/2017,13:25,6c729948-53dd-4f40-87b4-73550314fa15,Station Wagon/Sport Utility Vehicle,HOND -CAR/SUV,2003.0,1.0,F,Licensed,Stopped in Traffic,Center Front End,Center Front End,Left Front Bumper,Right Front Bumper,No Damage,Unspecified,,Unspecified,Unspecified,,,"(40.663357, -73.93999)",0.0,0.0,0,0,0,0,0,0,Station Wagon/Sport Utility Vehicle,Station Wagon/Sport Utility Vehicle,0
17595168,3715818,07/19/2017,09:40,36fb8f37-6517-4463-af5c-5b5a2d25ca80,PK,GMC-TRUCK/BUS,2005.0,1.0,U,Licensed,Going Straight Ahead,Left Rear Quarter Panel,Left Rear Quarter Panel,,,,N,,Passing Too Closely,Unspecified,QUEENS,11691.0,"(40.60123, -73.75183)",0.0,0.0,0,0,0,0,0,0,PK,Station Wagon/Sport Utility Vehicle,0
17133771,3616666,02/15/2017,16:10,973b292f-f26f-461f-aada-b2a4e4862412,Station Wagon/Sport Utility Vehicle,FORD -CAR/SUV,2011.0,1.0,M,Licensed,Making Left Turn,Center Front End,Center Front End,No Damage,No Damage,No Damage,N,,Unspecified,Unspecified,,,"(40.711246, -73.87095)",0.0,0.0,0,0,0,0,0,0,Station Wagon/Sport Utility Vehicle,Sedan,0
17554248,3702616,06/30/2017,18:45,6dabe349-b78c-4a7c-bc7f-0a582d9ae42a,Sedan,TOYT -CAR/SUV,2003.0,1.0,F,Licensed,Going Straight Ahead,Center Back End,Center Back End,,,,N,,Unspecified,Unspecified,,,"(40.717014, -73.82971)",0.0,0.0,0,0,0,0,0,0,Station Wagon/Sport Utility Vehicle,Sedan,0
17558866,3690054,06/13/2017,22:19,df41f7ac-a4f2-497d-bd76-bebbca4a3ee9,Sedan,VOLK -CAR/SUV,2012.0,2.0,M,Licensed,Making Right Turn,Right Front Bumper,Center Front End,Right Front Bumper,Left Front Bumper,No Damage,N,,Driver Inattention/Distraction,Unspecified,QUEENS,11418.0,"(40.696136, -73.8338)",0.0,0.0,0,0,0,0,0,0,Sedan,Sedan,0
17983535,3772446,10/17/2017,14:20,25f63117-16df-49e7-8de3-968384f38bc0,Sedan,TOYT -CAR/SUV,2005.0,1.0,M,Licensed,Going Straight Ahead,Left Front Quarter Panel,Left Side Doors,Left Rear Quarter Panel,,,N,,Unspecified,Unspecified,,,"(40.653225, -73.88663)",1.0,0.0,0,0,0,0,1,0,Sedan,Sedan,1
17578571,3666176,05/08/2017,19:35,84eedc9a-5f60-4992-a67e-d7ef32939950,Sedan,TOYT -CAR/SUV,2005.0,1.0,,,Going Straight Ahead,Right Front Quarter Panel,No Damage,,,,N,,Unspecified,Unspecified,BROOKLYN,11207.0,"(40.666573, -73.88687)",0.0,0.0,0,0,0,0,0,0,Sedan,,0
17082388,3599227,01/10/2017,20:00,9f97509f-1b84-4474-b08c-c53798fb5c54,Sedan,HOND -CAR/SUV,2015.0,1.0,M,Licensed,Slowing or Stopping,Center Back End,Center Back End,Right Rear Bumper,Center Front End,Right Front Bumper,N,,Unspecified,Unspecified,,,"(40.673107, -73.99959)",0.0,0.0,0,0,0,0,0,0,Sedan,Station Wagon/Sport Utility Vehicle,0
17491716,3648885,04/10/2017,18:50,18c6dd47-aba2-4118-af1e-56b6250ffeb6,,FORD -CAR/SUV,2007.0,,,,,,,,,,Unspecified,,,,BROOKLYN,11218.0,"(40.634354, -73.97891)",0.0,0.0,0,0,0,0,0,0,Sedan,,0
17467189,3692845,06/14/2017,16:20,fcbeab5a-17bc-444f-a761-3d499f23c7c5,Station Wagon/Sport Utility Vehicle,FORD -CAR/SUV,2009.0,3.0,M,Licensed,Going Straight Ahead,Right Side Doors,Right Side Doors,No Damage,No Damage,No Damage,Unspecified,,Obstruction/Debris,Unspecified,MANHATTAN,10009.0,"(40.72226, -73.98197)",0.0,0.0,0,0,0,0,0,0,Station Wagon/Sport Utility Vehicle,Sedan,0
17538327,3678852,05/26/2017,17:40,9dd8eab4-d169-4285-8b3d-565b575aebf5,Sedan,HYUN -CAR/SUV,2013.0,0.0,F,Licensed,Starting from Parking,Right Front Bumper,Right Front Bumper,Right Front Bumper,Right Front Bumper,Right Front Bumper,N,,Unspecified,Unspecified,QUEENS,11370.0,"(40.756042, -73.89587)",0.0,0.0,0,0,0,0,0,0,Pick-up Truck,Sedan,0
17649350,3746770,09/08/2017,15:36,b41c596f-4fee-448c-9c9b-cd74fc87e4d4,Sedan,HOND -CAR/SUV,2017.0,1.0,F,Licensed,Changing Lanes,Right Front Bumper,Right Front Quarter Panel,,,,N,,Unspecified,Unspecified,BROOKLYN,11223.0,"(40.602478, -73.96636)",0.0,0.0,0,0,0,0,0,0,Sedan,Sedan,0
17984710,3758260,09/26/2017,00:00,4a7abac4-ba80-49fc-b748-dfd0281ea0c9,Sedan,HOND -CAR/SUV,2008.0,0.0,,,Parked,Left Side Doors,Left Front Quarter Panel,No Damage,No Damage,No Damage,N,,Unspecified,Unspecified,QUEENS,11428.0,"(40.71957, -73.75394)",0.0,0.0,0,0,0,0,0,0,Station Wagon/Sport Utility Vehicle,Sedan,0
17602814,3710611,07/09/2017,22:45,6583cb57-ed23-4f63-8796-d4ae22fa0188,Sedan,INFI -CAR/SUV,2003.0,1.0,M,Licensed,Going Straight Ahead,Left Front Bumper,Center Front End,Right Front Bumper,,,N,,Following Too Closely,Unspecified,BROOKLYN,11213.0,"(40.668797, -73.93113)",0.0,0.0,0,0,0,0,0,0,Sedan,Sedan,0
17912701,3748803,09/12/2017,10:40,2253471f-03b0-42fb-9de1-39be04969f3a,Tractor Truck Diesel,INTL-TRUCK/BUS,2017.0,0.0,M,Licensed,Backing,Center Back End,No Damage,No Damage,No Damage,,N,,Backing Unsafely,Driver Inattention/Distraction,,,,0.0,0.0,0,0,0,0,0,0,Tractor Truck Diesel,Station Wagon/Sport Utility Vehicle,0
17538972,3671104,05/08/2017,07:25,77c83715-9e18-4635-8efe-153a6cdd945c,Tractor Truck Gasoline,PTRB-TRUCK/BUS,2016.0,1.0,M,,Making Right Turn,No Damage,No Damage,,,,N,,Passing or Lane Usage Improper,Turning Improperly,BRONX,10454.0,"(40.804256, -73.9193)",0.0,0.0,0,0,0,0,0,0,Tractor Truck Gasoline,Taxi,0
17446294,4024330,05/08/2017,14:30,73975124-fc81-44c0-a648-373590f70891,Sedan,NISS -CAR/SUV,2016.0,0.0,,,Parked,Right Side Doors,Right Side Doors,No Damage,No Damage,No Damage,N,,Unspecified,Unspecified,MANHATTAN,10029.0,"(40.793488, -73.947174)",0.0,0.0,0,0,0,0,0,0,Sedan,Sedan,0
17926801,3780240,10/30/2017,07:40,82df6e00-ab83-49d4-b6f5-a0ae194d4f82,Station Wagon/Sport Utility Vehicle,BUIC -CAR/SUV,2016.0,1.0,M,Licensed,Making Left Turn,Center Front End,Center Front End,,,,N,,Failure to Yield Right-of-Way,Failure to Yield Right-of-Way,,,"(40.70753, -73.96443)",1.0,0.0,1,0,0,0,0,0,Station Wagon/Sport Utility Vehicle,,1
17576152,3653963,04/20/2017,03:30,ce1f98aa-294b-4de1-b935-8623c6c3cf37,Station Wagon/Sport Utility Vehicle,TOYT -CAR/SUV,2013.0,1.0,M,Licensed,Going Straight Ahead,Demolished,Demolished,Overturned,No Damage,No Damage,N,,Unspecified,Unspecified,,,"(40.66552, -73.74467)",1.0,0.0,0,0,0,0,1,0,Station Wagon/Sport Utility Vehicle,,1
17480420,3648114,04/05/2017,15:30,39ade326-8e16-4cdd-960e-3b8076c1d55c,Sedan,NISS -CAR/SUV,2012.0,1.0,M,Licensed,Going Straight Ahead,Left Side Doors,Left Side Doors,,,,N,,Unspecified,Unspecified,MANHATTAN,10036.0,"(40.756207, -73.98739)",0.0,0.0,0,0,0,0,0,0,Tractor Truck Diesel,Sedan,0
17487267,3639005,03/24/2017,17:00,53400a26-0298-42bc-a8dc-95757d10264e,Sedan,HYUN -CAR/SUV,2016.0,5.0,M,Licensed,Making Right Turn,Left Front Bumper,Left Front Bumper,Center Front End,Center Front End,,N,,Outside Car Distraction,Unspecified,BRONX,10469.0,"(40.866573, -73.83876)",0.0,0.0,0,0,0,0,0,0,Sedan,Station Wagon/Sport Utility Vehicle,0
17908911,3820753,12/30/2017,14:30,3f617eab-8dbc-4d45-82db-8742e537ecc7,Sedan,CHEV -CAR/SUV,2011.0,1.0,M,Licensed,Going Straight Ahead,Center Front End,Right Front Bumper,No Damage,No Damage,No Damage,N,,Unspecified,Pavement Slippery,STATEN ISLAND,10301.0,"(40.638466, -74.10288)",0.0,0.0,0,0,0,0,0,0,Sedan,,0
17854267,3809694,12/14/2017,20:00,1ea4339f-f960-4aef-b440-ff584b0bbdd0,Station Wagon/Sport Utility Vehicle,TOYT -CAR/SUV,2014.0,1.0,F,Licensed,Going Straight Ahead,Right Front Bumper,Right Front Bumper,Center Front End,Left Front Bumper,,N,,Unspecified,Unspecified,,,"(40.84603, -73.93034)",0.0,0.0,0,0,0,0,0,0,Station Wagon/Sport Utility Vehicle,Carry All,0
17535113,3678689,05/19/2017,13:00,e179729f-4907-4f33-9c07-9d3df4c91678,Box Truck,HINO -TRUCK/BUS,2015.0,1.0,M,Licensed,Backing,No Damage,No Damage,No Damage,No Damage,No Damage,N,,Backing Unsafely,Driver Inexperience,,,"(40.638878, -74.00605)",0.0,0.0,0,0,0,0,0,0,Box Truck,Motorcycle,0
17950839,3798185,11/25/2017,18:24,e56f8861-470b-4410-a738-0c09e769b83e,Station Wagon/Sport Utility Vehicle,JEEP -CAR/SUV,2014.0,6.0,M,Licensed,Going Straight Ahead,Center Front End,Center Front End,Center Back End,,,N,,Following Too Closely,Driver Inattention/Distraction,,,"(40.803585, -73.91552)",0.0,0.0,0,0,0,0,0,0,Station Wagon/Sport Utility Vehicle,Station Wagon/Sport Utility Vehicle,0
17826325,3776615,10/24/2017,09:15,40a063fc-177e-4a70-ad0e-0ee4a41920f4,Station Wagon/Sport Utility Vehicle,JEEP -CAR/SUV,2015.0,0.0,,,Parked,Left Side Doors,Left Front Quarter Panel,,,,N,,Unspecified,Unspecified,BROOKLYN,11221.0,"(40.69162, -73.936134)",0.0,0.0,0,0,0,0,0,0,Station Wagon/Sport Utility Vehicle,,0
17647191,3734974,08/19/2017,14:30,abb19453-bc86-4f85-a548-57c1565c5f5e,Sedan,MITS -CAR/SUV,2009.0,1.0,M,Licensed,Going Straight Ahead,Left Side Doors,Left Side Doors,,,,N,,Driver Inattention/Distraction,Unspecified,BRONX,10454.0,"(40.80599, -73.921455)",0.0,0.0,0,0,0,0,0,0,Sedan,Box Truck,0