UNIQUE_ID,COLLISION_ID,CRASH_DATE,CRASH_TIME,VEHICLE_ID,VEHICLE_TYPE,VEHICLE_MAKE,VEHICLE_YEAR,VEHICLE_OCCUPANTS,DRIVER_SEX,DRIVER_LICENSE_STATUS,PRE_CRASH,POINT_OF_IMPACT,VEHICLE_DAMAGE,VEHICLE_DAMAGE_1,VEHICLE_DAMAGE_2,VEHICLE_DAMAGE_3,PUBLIC_PROPERTY_DAMAGE,PUBLIC_PROPERTY_DAMAGE_TYPE,CONTRIBUTING_FACTOR_1,CONTRIBUTING_FACTOR_2,BOROUGH,ZIP CODE,LOCATION,NUMBER OF PERSONS INJURED,NUMBER OF PERSONS KILLED,NUMBER OF PEDESTRIANS INJURED,NUMBER OF PEDESTRIANS KILLED,NUMBER OF CYCLIST INJURED,NUMBER OF CYCLIST KILLED,NUMBER OF MOTORIST INJURED,NUMBER OF MOTORIST KILLED,VEHICLE TYPE CODE 1,VEHICLE TYPE CODE 2,Severity
17985579,3762572,10/03/2017,14:30,fe58ea0a-2aaa-4115-a998-03d4530f19be,Station Wagon/Sport Utility Vehicle,FORD -CAR/SUV,2012.0,1.0,M,Licensed,Going Straight Ahead,Right Front Bumper,Right Front Bumper,,,,N,,Driver Inexperience,Following Too Closely,,,"(40.664276, -73.73445)",0.0,0.0,0,0,0,0,0,0,Station Wagon/Sport Utility Vehicle,Station Wagon/Sport Utility Vehicle,0
17134151,3624038,02/28/2017,12:27,d981aae2-8a2c-4531-9300-abcbfa4350dd,Sedan,BMW -CAR/SUV,1999.0,1.0,M,Licensed,Making Right Turn,Left Front Bumper,Left Front Bumper,No Damage,No Damage,,N,,Failure to Yield Right-of-Way,Driver Inattention/Distraction,,,"(40.647766, -73.95816)",1.0,0.0,1,0,0,0,0,0,Sedan,,1
17947946,3760178,09/29/2017,15:30,995829e9-4c10-4e09-b3d6-c3f7f2c0d12d,Sedan,MITS -CAR/SUV,2006.0,0.0,F,Licensed,Slowing or Stopping,Center Back End,Right Rear Bumper,Left Front Bumper,Center Front End,Right Front Bumper,N,,Other Vehicular,Unspecified,QUEENS,11423.0,"(40.718353, -73.7654)",0.0,0.0,0,0,0,0,0,0,Sedan,Sedan,0
17107542,3604980,01/26/2017,15:00,9d0e9e3a-15a7-452b-8b91-6fb2751572df,Station Wagon/Sport Utility Vehicle,KIA -CAR/SUV,2006.0,1.0,M,Licensed,Going Straight Ahead,Left Front Quarter Panel,Left Front Quarter Panel,Left Side Doors,Left Rear Quarter Panel,No Damage,N,,Unspecified,Unspecified,QUEENS,11418.0,"(40.695377, -73.83059)",0.0,0.0,0,0,0,0,0,0,Station Wagon/Sport Utility Vehicle,Sedan,0
17469121,3689567,06/12/2017,22:15,6f10e947-f727-47ad-9b64-bde59d3dc344,Taxi,TOYT -CAR/SUV,2015.0,1.0,M,Licensed,Going Straight Ahead,Right Rear Quarter Panel,No Damage,No Damage,No Damage,No Damage,N,,Failure to Yield Right-of-Way,Unsafe Lane Changing,,,"(40.738552, -73.99969)",0.0,0.0,0,0,0,0,0,0,Sedan,Taxi,0
17106629,3607918,01/25/2017,19:30,dd41012a-c39d-4f47-9ed0-aa57a374eb40,Sedan,TOYT -CAR/SUV,2008.0,1.0,,,Going Straight Ahead,Center Back End,Center Back End,,,,N,,Unspecified,Unspecified,,,,0.0,0.0,0,0,0,0,0,0,Sedan,Station Wagon/Sport Utility Vehicle,0
17915361,3749853,09/11/2017,17:05,5ff9475c-3a2e-4f28-85bc-9c721aa02c6b,Station Wagon/Sport Utility Vehicle,CHRY -CAR/SUV,2004.0,0.0,,,Parked,Left Side Doors,Left Side Doors,Left Rear Quarter Panel,Left Front Quarter Panel,,N,,Unspecified,Unspecified,,,"(40.888577, -73.82814)",0.0,0.0,0,0,0,0,0,0,Station Wagon/Sport Utility Vehicle,,0
17127405,3617029,02/16/2017,10:30,ebe8072e-1a2d-4324-b8c4-5fb98b3bd0b3,Sedan,CHEV -CAR/SUV,2010.0,1.0,F,,Entering Parked Position,Right Front Bumper,Right Front Bumper,,,,N,,Driver Inattention/Distraction,Unspecified,BROOKLYN,11219.0,"(40.637413, -73.9991)",0.0,0.0,0,0,0,0,0,0,Sedan,Station Wagon/Sport Utility Vehicle,0
17570863,3696284,06/18/2017,17:32,dbd31bf2-97d3-40ea-8a31-18e0d80b6a34,Station Wagon/Sport Utility Vehicle,ACUR -CAR/SUV,2004.0,1.0,M,Licensed,Going Straight Ahead,Center Front End,No Damage,No Damage,No Damage,No Damage,N,,Driver Inattention/Distraction,Unspecified,BROOKLYN,11226.0,"(40.643425, -73.94588)",0.0,0.0,0,0,0,0,0,0,Sedan,Station Wagon/Sport Utility Vehicle,0
17128578,3616293,02/15/2017,08:48,723b8c52-8fdf-449a-ac7a-c8c5a090b7ec,Station Wagon/Sport Utility Vehicle,DODG -CAR/SUV,2000.0,1.0,F,Licensed,Going Straight Ahead,Left Front Bumper,Left Front Bumper,Center Front End,,,N,,Driver Inattention/Distraction,Unspecified,BROOKLYN,11229.0,"(40.60736, -73.9436)",0.0,0.0,0,0,0,0,0,0,Sedan,Station Wagon/Sport Utility Vehicle,0
17511534,3652284,04/16/2017,19:42,4f9a50f7-7ca2-4185-8cc2-fabf7826fd79,Sedan,BUIC -CAR/SUV,2017.0,1.0,M,Licensed,Going Straight Ahead,Right Front Bumper,Right Front Bumper,,,,N,,Unspecified,Unspecified,QUEENS,11420.0,"(40.666855, -73.80425)",0.0,0.0,0,0,0,0,0,0,Sedan,Taxi,0
17774138,3748995,09/12/2017,14:03,55878202-3ffe-409d-97c9-ee31ace0c0e7,Station Wagon/Sport Utility Vehicle,DODG -CAR/SUV,2017.0,1.0,M,Licensed,Parked,Left Front Quarter Panel,Left Front Quarter Panel,No Damage,No Damage,No Damage,N,,Unspecified,Unspecified,,,"(40.802696, -73.949196)",0.0,0.0,0,0,0,0,0,0,Station Wagon/Sport Utility Vehicle,,0
17449277,3635340,03/19/2017,20:15,7f374ab1-c5cf-4c02-8e6d-9261023a78a6,Station Wagon/Sport Utility Vehicle,HOND -CAR/SUV,2007.0,4.0,M,Licensed,Making Left Turn,Right Front Bumper,Right Front Bumper,Right Front Quarter Panel,Right Side Doors,No Damage,N,,Unspecified,Unspecified,,,,0.0,0.0,0,0,0,0,0,0,Station Wagon/Sport Utility Vehicle,Bus,0
17959627,3787436,11/10/2017,13:50,c19498d3-8e15-402e-b6ff-de5141edf6ac,Station Wagon/Sport Utility Vehicle,HYUN -CAR/SUV,2002.0,0.0,,,Parked,Left Side Doors,Left Side Doors,Left Front Quarter Panel,,,N,,Other Vehicular,Unspecified,QUEENS,11385.0,"(40.71222, -73.91889)",0.0,0.0,0,0,0,0,0,0,Station Wagon/Sport Utility Vehicle,Sedan,0
17649665,3741041,08/30/2017,18:10,dc58e53b-294e-47e8-9a44-74eb88c3e7c9,Sedan,STRN -CAR/SUV,2003.0,2.0,F,Licensed,Stopped in Traffic,Center Back End,Center Back End,Center Front End,,,N,,Unspecified,Unspecified,,,"(40.61015, -74.14697)",0.0,0.0,0,0,0,0,0,0,Sedan,Sedan,0
17574269,3678645,05/26/2017,18:50,aea9e4e7-f10b-41fe-9323-199d076e1005,Sedan,TOYT -CAR/SUV,2006.0,1.0,F,Licensed,Going Straight Ahead,Center Front End,Center Front End,,,,N,,Driver Inattention/Distraction,Unspecified,QUEENS,11378.0,,1.0,0.0,0,0,0,0,1,0,Sedan,Sedan,1
17141831,3617961,02/19/2017,12:30,0154e63c-91f3-41c4-b42e-32b9e201ad38,Pick-up Truck,TOYT -CAR/SUV,2013.0,4.0,M,Unlicensed,Going Straight Ahead,Left Rear Bumper,Left Rear Bumper,Center Back End,,,N,,Unspecified,Unspecified,QUEENS,11423.0,"(40.718136, -73.75726)",0.0,0.0,0,0,0,0,0,0,Sedan,Pick-up Truck,0
17908826,3767579,10/11/2017,13:00,ce0f48a9-d531-4d22-a5df-45c531edcf39,Sedan,NISS -CAR/SUV,2007.0,1.0,F,Licensed,Going Straight Ahead,Right Front Bumper,Right Front Quarter Panel,,,,N,,Unspecified,Unspecified,,,"(40.5772, -73.949875)",0.0,0.0,0,0,0,0,0,0,Sedan,Sedan,0
17670483,3740889,08/31/2017,13:30,af2ab804-79fd-4b92-852b-f31759d1d4a6,Station Wagon/Sport Utility Vehicle,KIA -CAR/SUV,2004.0,0.0,,,Parked,Left Front Quarter Panel,Left Front Bumper,,,,N,,Reaction to Uninvolved Vehicle,Unspecified,,,"(40.67526, -73.88203)",0.0,0.0,0,0,0,0,0,0,Station Wagon/Sport Utility Vehicle,Tow Truck / Wrecker,0
17966071,3800872,12/01/2017,12:00,2918d8fd-9e83-4360-b237-0e4ab785c478,Box Truck,ISU-TRUCK/BUS,2014.0,2.0,M,Licensed,Starting in Traffic,Left Rear Quarter Panel,Left Rear Quarter Panel,,,,N,,Unspecified,Unspecified,MANHATTAN,10019.0,"(40.766045, -73.983376)",0.0,0.0,0,0,0,0,0,0,Station Wagon/Sport Utility Vehicle,Box Truck,0
17488064,3650357,04/08/2017,09:15,0e8197d1-3335-499a-86eb-a26cff89a541,Taxi,TOYT -CAR/SUV,2014.0,1.0,M,Licensed,Changing Lanes,Left Front Bumper,Left Front Bumper,,,,N,,Driver Inattention/Distraction,Driver Inexperience,MANHATTAN,10022.0,"(40.7616, -73.96865)",0.0,0.0,0,0,0,0,0,0,Taxi,Taxi,0
17593915,3718429,07/25/2017,11:30,bab1972a-6d4e-43af-a3fd-2ebca4eac280,Pick-up Truck,DODG -CAR/SUV,2010.0,1.0,M,Licensed,Going Straight Ahead,Right Front Quarter Panel,Right Front Quarter Panel,Right Side Doors,,,N,,Unspecified,Unspecified,QUEENS,11693.0,"(40.598858, -73.819725)",0.0,0.0,0,0,0,0,0,0,Sedan,Pick-up Truck,0
17138998,3619140,02/20/2017,21:30,45f6c17f-0921-44cc-a15f-a77c982b5550,Sedan,MERZ -CAR/SUV,2016.0,2.0,F,Licensed,Stopped in Traffic,Right Rear Quarter Panel,Right Rear Quarter Panel,,,,N,,Unspecified,Unspecified,QUEENS,11101.0,"(40.737675, -73.930244)",0.0,0.0,0,0,0,0,0,0,Sedan,Pick-up Truck,0
17929842,3803191,12/04/2017,12:03,9b830392-36fc-4d69-b5e3-4e1b422121be,Sedan,HYUN -CAR/SUV,2016.0,0.0,F,Licensed,Going Straight Ahead,Left Front Bumper,Left Front Bumper,,,,N,,Unspecified,Unspecified,BROOKLYN,11209.0,"(40.62792, -74.02627)",0.0,0.0,0,0,0,0,0,0,Sedan,Sedan,0
17108928,3606340,01/27/2017,17:50,461b6a90-2751-465a-a9cd-0c33141a5694,Sedan,NISS -CAR/SUV,2016.0,1.0,M,Licensed,Making U Turn,Right Rear Bumper,Right Rear Bumper,,,,N,,Unspecified,Unspecified,BROOKLYN,11210.0,"(40.62158, -73.94975)",0.0,0.0,0,0,0,0,0,0,Sedan,Sedan,0
17604628,3728865,08/09/2017,23:25,dd4233c6-3d4d-468e-8161-7e3a868f7037,Station Wagon/Sport Utility Vehicle,CHEV -CAR/SUV,2015.0,1.0,M,Licensed,Going Straight Ahead,Right Rear Bumper,Right Rear Bumper,,,,N,,Pavement Defective,Unspecified,BRONX,10474.0,"(40.81813, -73.89101)",0.0,0.0,0,0,0,0,0,0,Station Wagon/Sport Utility Vehicle,Station Wagon/Sport Utility Vehicle,0
17434486,3638116,03/23/2017,22:20,d4506eae-ba28-4fd8-a287-9e5269549949,Box Truck,KW-TRUCK/BUS,2012.0,1.0,M,Licensed,Making Left Turn,Other,No Damage,,,,Unspecified,,Driver Inattention/Distraction,Unspecified,MANHATTAN,10040.0,"(40.86258, -73.925385)",0.0,0.0,0,0,0,0,0,0,Box Truck,Station Wagon/Sport Utility Vehicle,0
17102050,3596034,01/10/2017,16:55,c33179e7-4a87-492c-bdd4-1f3dc885d6b0,Station Wagon/Sport Utility Vehicle,FORD -CAR/SUV,2002.0,2.0,M,Licensed,Going Straight Ahead,Right Front Quarter Panel,Right Front Quarter Panel,Right Side Doors,,,N,,Unspecified,Unspecified,QUEENS,11356.0,"(40.786255, -73.83587)",0.0,0.0,0,0,0,0,0,0,Station Wagon/Sport Utility Vehicle,Station Wagon/Sport Utility Vehicle,0
17994301,3814469,12/21/2017,10:50,5543f66e-2e5f-4ef4-8e64-89e2a7919468,Station Wagon/Sport Utility Vehicle,DODG -CAR/SUV,2012.0,1.0,M,Licensed,Changing Lanes,Right Front Quarter Panel,Right Front Quarter Panel,,,,N,,Passing or Lane Usage Improper,Unspecified,QUEENS,11413.0,"(40.665504, -73.75694)",0.0,0.0,0,0,0,0,0,0,Station Wagon/Sport Utility Vehicle,Sedan,0
17672595,3743541,08/30/2017,13:00,8fd7989e-8cf8-4a5c-ba96-c0f1f59d0cfe,Sedan,BMW -CAR/SUV,2015.0,1.0,M,Licensed,Making Right Turn,Right Front Bumper,Right Front Bumper,No Damage,No Damage,No Damage,N,,Unsafe Speed,Aggressive Driving/Road Rage,,,"(40.653507, -73.72506)",0.0,0.0,0,0,0,0,0,0,Station Wagon/Sport Utility Vehicle,Sedan,0
17973588,3794836,11/21/2017,09:00,3d54ca21-602f-4fe4-86c8-ac6f27c863f6,Station Wagon/Sport Utility Vehicle,MERZ -CAR/SUV,2017.0,1.0,M,Licensed,Slowing or Stopping,Center Back End,Center Back End,Right Rear Bumper,Left Rear Bumper,Right Front Bumper,Unspecified,,Unspecified,Unspecified,,,"(40.739082, -73.81611)",1.0,0.0,0,0,0,0,1,0,Station Wagon/Sport Utility Vehicle,Station Wagon/Sport Utility Vehicle,1
17983450,3770962,10/16/2017,22:03,00828d29-628f-4ad7-ba85-f12c131ee5ac,Garbage or Refuse,MACK,2012.0,0.0,,,Parked,Center Front End,Center Front End,Right Front Bumper,No Damage,No Damage,N,,Unspecified,Unspecified,BROOKLYN,11208.0,"(40.661156, -73.87101)",1.0,0.0,0,0,0,0,1,0,Garbage or Refuse,Sedan,1
17975388,3778226,10/27/2017,21:30,0c406bf1-a09a-434f-a1c1-d4b297156ba7,Sedan,HOND -CAR/SUV,2017.0,0.0,,,Parked,Center Front End,Center Front End,,,,N,,Unspecified,Unspecified,,,"(40.757946, -73.9099)",0.0,0.0,0,0,0,0,0,0,Sedan,,0
17802358,3771077,10/16/2017,20:17,1c7c42c2-9813-43ee-a103-5af8ae039550,Sedan,CHEV -CAR/SUV,2017.0,1.0,F,,Parked,Left Front Bumper,Left Front Bumper,Left Front Quarter Panel,,,N,,Unspecified,Unspecified,QUEENS,11691.0,"(40.605335, -73.75528)",0.0,0.0,0,0,0,0,0,0,Sedan,Sedan,0
17977808,3795230,11/17/2017,10:17,ed65d3e3-d856-4c72-985d-7da7be2e8ffb,Taxi,TOYT -CAR/SUV,2017.0,1.0,M,Licensed,Going Straight Ahead,Center Back End,Center Back End,Left Rear Bumper,,,N,,Unspecified,Unspecified,MANHATTAN,10128.0,"(40.781483, -73.95626)",0.0,0.0,0,0,0,0,0,0,Taxi,Sedan,0
17581829,3669530,05/14/2017,17:00,6cc0475c-d822-48a6-93a8-f495694f1d0e,Station Wagon/Sport Utility Vehicle,NISS -CAR/SUV,2013.0,1.0,M,Licensed,Stopped in Traffic,Left Rear Bumper,Left Rear Bumper,Left Rear Quarter Panel,Left Side Doors,Left Front Quarter Panel,N,,Unspecified,Unspecified,,,"(40.654533, -73.860916)",0.0,0.0,0,0,0,0,0,0,Station Wagon/Sport Utility Vehicle,Station Wagon/Sport Utility Vehicle,0
17839963,3806351,12/10/2017,22:00,49955524-8cb8-4423-b4a5-28e17347fefb,Sedan,HOND -CAR/SUV,2003.0,1.0,M,Licensed,Going Straight Ahead,Left Front Bumper,Left Front Bumper,Center Front End,Right Front Bumper,,N,,Unspecified,Unspecified,MANHATTAN,10039.0,,1.0,0.0,0,0,0,0,1,0,Taxi,Sedan,1
17523481,3668016,05/06/2017,23:05,ab06cae0-0556-4e89-a5e1-219c23b4e1ce,Sedan,HYUN -CAR/SUV,2006.0,3.0,F,Licensed,Going Straight Ahead,Left Front Bumper,Left Front Quarter Panel,Left Front Bumper,Left Front Quarter Panel,,N,,Unspecified,Unspecified,BRONX,10464.0,"(40.83899, -73.78343)",0.0,0.0,0,0,0,0,0,0,Sedan,Sedan,0
17539267,3678944,05/23/2017,08:30,a96d09d9-09c5-416f-adad-c1c74d3f2e57,Station Wagon/Sport Utility Vehicle,TOYT -CAR/SUV,2015.0,2.0,M,Licensed,Slowing or Stopping,Center Back End,Center Back End,,,,N,,Unspecified,Unspecified,,,"(40.658314, -73.98417)",1.0,0.0,0,0,0,0,1,0,Station Wagon/Sport Utility Vehicle,Station Wagon/Sport Utility Vehicle,1
17608697,3731498,08/15/2017,10:45,6ffb2361-bc81-412b-8148-0731e1cd8a18,Station Wagon/Sport Utility Vehicle,SUBA -CAR/SUV,2001.0,1.0,M,Licensed,Entering Parked Position,Right Rear Quarter Panel,Right Rear Quarter Panel,No Damage,No Damage,No Damage,N,,Backing Unsafely,Unspecified,,,"(40.666893, -73.92919)",0.0,0.0,0,0,0,0,0,0,Station Wagon/Sport Utility Vehicle,Station Wagon/Sport Utility Vehicle,0
17432730,3641463,03/27/2017,18:18,1d7f98dc-79f5-4813-a9ce-d2a1842b4900,Sedan,HYUN -CAR/SUV,2013.0,1.0,,,Making Left Turn,Left Front Quarter Panel,Left Front Quarter Panel,Left Side Doors,Left Side Doors,Left Side Doors,N,,Turning Improperly,Turning Improperly,MANHATTAN,10002.0,"(40.719933, -73.97876)",0.0,0.0,0,0,0,0,0,0,Pick-up Truck,Sedan,0
17516770,3670774,05/14/2017,06:00,09e11de5-4dd1-4e49-9a09-93b657cf3327,Sedan,HYUN -CAR/SUV,2014.0,0.0,,,Parked,Left Front Bumper,Left Front Bumper,,,,N,,Unspecified,Unspecified,QUEENS,11433.0,"(40.70291, -73.780876)",0.0,0.0,0,0,0,0,0,0,Sedan,Sedan,0
17121994,3626821,03/03/2017,08:30,a3411f53-4a8f-4258-9b1c-33bacadda4e6,Pick-up Truck,MAC,2004.0,0.0,,,Parked,Left Front Bumper,Left Front Bumper,No Damage,No Damage,No Damage,N,,Unspecified,Unspecified,,,"(40.907505, -73.89655)",0.0,0.0,0,0,0,0,0,0,Sedan,Pick-up Truck,0
17535776,3677786,05/24/2017,16:00,e0efa48f-5ea4-4a8f-a3d0-b2c1785dde3d,Sedan,CHEV -CAR/SUV,2016.0,2.0,M,Licensed,Going Straight Ahead,Center Back End,Center Back End,Left Rear Bumper,Right Rear Bumper,,Unspecified,,Unspecified,Unspecified,,,"(40.771305, -73.87664)",0.0,0.0,0,0,0,0,0,0,Sedan,Sedan,0
17947364,3780675,10/31/2017,06:55,e810fc47-eb47-4fa9-9c3a-93b8a877e660,Sedan,CHEV -CAR/SUV,2005.0,1.0,M,Licensed,Going Straight Ahead,Left Side Doors,Left Side Doors,Left Rear Quarter Panel,No Damage,No Damage,N,,Unspecified,Unspecified,,,"(40.89558, -73.86423)",0.0,0.0,0,0,0,0,0,0,Sedan,Sedan,0
17949931,3795876,11/23/2017,00:22,e7b75ea6-8453-4fa1-849f-afefd22cf855,Sedan,JEEP -CAR/SUV,2012.0,1.0,M,Licensed,Backing,Left Rear Bumper,Left Rear Bumper,Left Rear Bumper,Left Rear Bumper,Left Rear Bumper,N,,Driver Inattention/Distraction,Driver Inattention/Distraction,BRONX,10451.0,"(40.819027, -73.91844)",0.0,0.0,0,0,0,0,0,0,Sedan,Sedan,0
17525165,3657755,04/26/2017,08:34,b14d5c65-8843-4644-9833-2af0fb922fec,Sedan,TOYT -CAR/SUV,2015.0,2.0,M,Licensed,Going Straight Ahead,Left Rear Quarter Panel,Left Rear Quarter Panel,Left Side Doors,Left Front Quarter Panel,Left Rear Bumper,N,,Unspecified,Unspecified,MANHATTAN,10019.0,"(40.76172, -73.98281)",0.0,0.0,0,0,0,0,0,0,Sedan,Box Truck,0
17619027,3723367,08/01/2017,00:30,47883f82-2758-4d4a-90d1-59875e06e27d,Box Truck,MACK-TRUCK/BUS,2012.0,1.0,M,Licensed,Going Straight Ahead,Right Rear Quarter Panel,No Damage,,,,N,,Unspecified,Unspecified,MANHATTAN,10018.0,"(40.75834, -73.996414)",0.0,0.0,0,0,0,0,0,0,Box Truck,Sedan,0
17483102,3660177,04/30/2017,16:00,39cc669a-174c-4b4c-a1d5-27cf31692d6d,Taxi,TOYT -CAR/SUV,2016.0,1.0,F,Licensed,Going Straight Ahead,Center Back End,Center Back End,Center Front End,,,N,,Unspecified,Unspecified,MANHATTAN,10003.0,,1.0,0.0,0,0,0,0,1,0,Station Wagon/Sport Utility Vehicle,Station Wagon/Sport Utility Vehicle,1
17608869,3712093,07/15/2017,17:00,e78063dd-c09f-4553-b475-f2bae7dec8a7,Sedan,FORD -CAR/SUV,2004.0,3.0,M,Licensed,Going Straight Ahead,Right Front Quarter Panel,Right Front Quarter Panel,Right Side Doors,No Damage,No Damage,N,,Unspecified,Unspecified,,,"(40.84647, -73.92633)",0.0,0.0,0,0,0,0,0,0,Sedan,Sedan,0
17536612,3677799,05/25/2017,08:35,b6f970ea-4f46-49d8-bf15-4a1a00e54873,,BMW -CAR/SUV,,1.0,,,,,,,,,Unspecified,,Failure to Yield Right-of-Way,Driver Inattention/Distraction,QUEENS,11369.0,"(40.766254, -73.87392)",1.0,0.0,1,0,0,0,0,0,,,1
17488823,3668898,05/13/2017,18:31,05d28476-7444-4981-83ad-93cffbb689ba,Sedan,TOYT -CAR/SUV,2000.0,1.0,M,Licensed,Going Straight Ahead,Left Front Bumper,Left Front Bumper,No Damage,No Damage,No Damage,N,,Following Too Closely,Unspecified,BROOKLYN,11233.0,"(40.67493, -73.91446)",0.0,0.0,0,0,0,0,0,0,Station Wagon/Sport Utility Vehicle,Sedan,0
17475106,3650503,04/13/2017,15:30,ed38fce4-4b17-4d31-823d-ab377f2b1872,Sedan,MERZ -CAR/SUV,2000.0,0.0,,,Parked,Left Rear Quarter Panel,Left Rear Bumper,Right Rear Bumper,Center Back End,,Unspecified,,Unspecified,Unspecified,BROOKLYN,11234.0,"(40.624092, -73.91877)",0.0,0.0,0,0,0,0,0,0,Station Wagon/Sport Utility Vehicle,Sedan,0
17553787,3641365,03/29/2017,07:20,ae10e37b-59df-44fb-8ceb-5c9228da998d,Sedan,TOYT -CAR/SUV,2010.0,1.0,F,Licensed,Going Straight Ahead,Right Rear Quarter Panel,Right Rear Quarter Panel,Center Back End,Center Back End,,N,,Unspecified,Unspecified,QUEENS,11426.0,"(40.7325, -73.71149)",0.0,0.0,0,0,0,0,0,0,Sedan,Station Wagon/Sport Utility Vehicle,0
17552515,3687290,06/09/2017,18:25,01fca234-a1b7-4a6a-a196-69bc6fd27ed2,Sedan,TOYT -CAR/SUV,2003.0,1.0,M,Licensed,Going Straight Ahead,Left Front Quarter Panel,Left Front Quarter Panel,,,,N,,Unspecified,Unspecified,,,"(40.665882, -73.99642)",0.0,0.0,0,0,0,0,0,0,Sedan,Sedan,0
17501194,3662370,05/03/2017,14:40,0d0e6183-05cf-41db-b84e-30383e6869e3,Pick-up Truck,GMC -CAR/SUV,2005.0,1.0,M,Licensed,Going Straight Ahead,Left Side Doors,No Damage,,,,N,,Passing Too Closely,Unspecified,,,"(40.731087, -73.85327)",0.0,0.0,0,0,0,0,0,0,Sedan,Pick-up Truck,0
17872776,3804387,12/06/2017,06:45,7b3d79c1-4729-4259-9e21-26f54a7e04fd,Sedan,VOLK -CAR/SUV,2002.0,1.0,M,Licensed,Going Straight Ahead,Center Front End,Center Front End,Left Front Bumper,Right Front Bumper,Center Front End,N,,Following Too Closely,Unsafe Speed,,,"(40.89989, -73.89553)",0.0,0.0,0,0,0,0,0,0,Station Wagon/Sport Utility Vehicle,Sedan,0
17840491,3786366,11/08/2017,08:35,9b7aeb12-fd13-46c5-896b-8b56d9842df1,Sedan,FORD -CAR/SUV,2002.0,1.0,F,Licensed,Changing Lanes,Left Front Bumper,Left Front Bumper,,,,N,,Driver Inattention/Distraction,Driver Inexperience,,,"(40.786438, -73.942406)",0.0,0.0,0,0,0,0,0,0,Sedan,Sedan,0
17602276,3722631,07/28/2017,09:15,b4046fa0-ce72-4495-8dd6-b14c11bdb89b,Sedan,TOYT -CAR/SUV,2009.0,1.0,F,Licensed,Stopped in Traffic,Center Back End,Center Back End,,,,N,,Unspecified,Unspecified,,,"(40.542797, -74.22346)",0.0,0.0,0,0,0,0,0,0,Sedan,Sedan,0
17475217,3633138,03/15/2017,15:25,22c26e90-3dec-49a9-9ac6-b79fe734e30b,Station Wagon/Sport Utility Vehicle,STARC,2014.0,2.0,F,Licensed,Going Straight Ahead,Other,Other,No Damage,No Damage,No Damage,N,,Other Vehicular,Obstruction/Debris,,,"(40.87787, -73.8701)",0.0,0.0,0,0,0,0,0,0,Station Wagon/Sport Utility Vehicle,,0
17629532,3715560,07/20/2017,17:20,809a6ccb-67ad-402e-b8fb-d3f059201eaf,Sedan,INFI -CAR/SUV,2015.0,1.0,M,Licensed,Making Left Turn,Right Rear Quarter Panel,Right Rear Quarter Panel,,,,N,,Turning Improperly,Unspecified,BROOKLYN,11223.0,"(40.59064, -73.97514)",0.0,0.0,0,0,0,0,0,0,Sedan,Station Wagon/Sport Utility Vehicle,0
17600107,3711242,07/13/2017,21:45,8b18f6cb-dcbb-4c46-a8f1-0c5cb055050e,Sedan,TOYT -CAR/SUV,2004.0,0.0,,,Parked,Left Rear Bumper,Left Rear Bumper,Left Rear Quarter Panel,Left Side Doors,Left Front Quarter Panel,N,,Unspecified,Unspecified,BROOKLYN,11231.0,"(40.67769, -74.00041)",0.0,0.0,0,0,0,0,0,0,Sedan,Sedan,0
19636657,3771998,10/18/2017,15:00,4dd72e9f-072b-4486-9d77-b1da60b8065b,Sedan,MERZ -CAR/SUV,2017.0,1.0,F,Licensed,Backing,Right Rear Bumper,Right Rear Bumper,,,,N,,Backing Unsafely,Driver Inattention/Distraction,BROOKLYN,11214.0,"(40.601654, -73.99048)",0.0,0.0,0,0,0,0,0,0,Sedan,Station Wagon/Sport Utility Vehicle,0
17475172,3635483,03/11/2017,16:55,99cc96ab-a3e5-442a-bf07-0697df00f1fd,Sedan,HYUN -CAR/SUV,2004.0,3.0,F,Licensed,,Right Rear Bumper,Right Rear Bumper,Right Rear Quarter Panel,Center Back End,,N,,Unspecified,Unspecified,,,"(40.61066, -74.09965)",0.0,0.0,0,0,0,0,0,0,Sedan,Sedan,0
17122142,3600572,01/18/2017,21:05,ded161d6-da85-4cb8-9db8-22b520132834,Sedan,TOYT -CAR/SUV,2001.0,1.0,F,Licensed,Going Straight Ahead,Right Front Quarter Panel,Right Front Bumper,,,,N,,Unsafe Lane Changing,Unspecified,QUEENS,11355.0,"(40.75194, -73.832306)",0.0,0.0,0,0,0,0,0,0,Sedan,Pick-up Truck,0
17970025,3774452,10/22/2017,17:00,23242ed1-2cac-4b7c-8b1e-c8b1fdfdf742,Station Wagon/Sport Utility Vehicle,FORD -CAR/SUV,2007.0,1.0,M,Licensed,Going Straight Ahead,Center Front End,Center Front End,,,,N,,Driver Inattention/Distraction,Following Too Closely,QUEENS,11377.0,"(40.753902, -73.90122)",0.0,0.0,0,0,0,0,0,0,Station Wagon/Sport Utility Vehicle,Sedan,0
17966364,3820258,12/27/2017,17:40,c79bcfa0-8a78-44e5-a013-769673f5b4eb,Station Wagon/Sport Utility Vehicle,NISS -CAR/SUV,2015.0,2.0,M,Licensed,Stopped in Traffic,Center Front End,Center Front End,Center Back End,Left Rear Bumper,,N,,Unspecified,Unspecified,,,"(40.60805, -74.15736)",1.0,0.0,0,0,0,0,1,0,Station Wagon/Sport Utility Vehicle,Sedan,1
17651418,3739472,08/28/2017,19:20,06c27613-9032-487a-a896-aeaf1af3e39f,Sedan,LEXS -CAR/SUV,2006.0,1.0,M,Licensed,Going Straight Ahead,Center Front End,No Damage,,,,N,,Driver Inattention/Distraction,Following Too Closely,BRONX,10451.0,"(40.816532, -73.92822)",0.0,0.0,0,0,0,0,0,0,Sedan,Station Wagon/Sport Utility Vehicle,0