UNIQUE_ID,COLLISION_ID,CRASH_DATE,CRASH_TIME,VEHICLE_ID,VEHICLE_TYPE,VEHICLE_MAKE,VEHICLE_YEAR,VEHICLE_OCCUPANTS,DRIVER_SEX,DRIVER_LICENSE_STATUS,PRE_CRASH,POINT_OF_IMPACT,VEHICLE_DAMAGE,VEHICLE_DAMAGE_1,VEHICLE_DAMAGE_2,VEHICLE_DAMAGE_3,PUBLIC_PROPERTY_DAMAGE,PUBLIC_PROPERTY_DAMAGE_TYPE,CONTRIBUTING_FACTOR_1,CONTRIBUTING_FACTOR_2,BOROUGH,ZIP CODE,LOCATION,NUMBER OF PERSONS INJURED,NUMBER OF PERSONS KILLED,NUMBER OF PEDESTRIANS INJURED,NUMBER OF PEDESTRIANS KILLED,NUMBER OF CYCLIST INJURED,NUMBER OF CYCLIST KILLED,NUMBER OF MOTORIST INJURED,NUMBER OF MOTORIST KILLED,VEHICLE TYPE CODE 1,VEHICLE TYPE CODE 2,Severity
17935282,3779688,10/29/2017,14:45,9419d611-edf4-49f0-b175-57ee2992383b,Station Wagon/Sport Utility Vehicle,JEEP -CAR/SUV,2017.0,1.0,F,Licensed,Going Straight Ahead,Left Front Bumper,Left Front Bumper,No Damage,No Damage,No Damage,N,,Failure to Yield Right-of-Way,Unspecified,QUEENS,11418.0,"(40.697617, -73.82858)",0.0,0.0,0,0,0,0,0,0,Sedan,Station Wagon/Sport Utility Vehicle,0
17122267,3610611,01/30/2017,17:20,55647e36-92c1-4ef1-876f-09ab27baa32d,Sedan,LEXS -CAR/SUV,2008.0,1.0,F,Licensed,Stopped in Traffic,Center Back End,Center Back End,,,,N,,Unspecified,Unspecified,,,"(40.78176, -73.944145)",0.0,0.0,0,0,0,0,0,0,Sedan,Sedan,0
17960673,3789952,11/13/2017,18:06,69473022-9851-4c6d-9c96-c07987be4c9f,Sedan,VOLK -CAR/SUV,2008.0,2.0,F,Licensed,Stopped in Traffic,Center Back End,Center Back End,,,,N,,Unspecified,Unspecified,,,"(40.70921, -73.87017)",0.0,0.0,0,0,0,0,0,0,Sedan,Station Wagon/Sport Utility Vehicle,0
17932506,3797070,11/23/2017,14:00,cca725f8-3835-409e-b44b-f314a4f24306,Pick-up Truck,CHEV -CAR/SUV,2007.0,3.0,F,Licensed,Going Straight Ahead,Center Front End,Left Front Quarter Panel,,,,N,,Traffic Control Disregarded,Unspecified,BRONX,10456.0,"(40.834507, -73.91772)",3.0,0.0,0,0,0,0,3,0,Pick-up Truck,Sedan,1
17968228,3812130,12/18/2017,08:17,c23af3f5-2575-466c-8bbb-b93674f41a5b,Sedan,HYUN -CAR/SUV,2009.0,1.0,F,Licensed,Changing Lanes,Left Rear Quarter Panel,Left Rear Quarter Panel,No Damage,No Damage,No Damage,N,,Unsafe Lane Changing,Driver Inattention/Distraction,,,"(40.826275, -73.85971)",0.0,0.0,0,0,0,0,0,0,Sedan,Sedan,0
17617516,3735339,08/22/2017,00:15,f4d4c22f-9cbe-4e3c-b713-209800159574,Sedan,LEXS -CAR/SUV,2007.0,1.0,M,Licensed,Slowing or Stopping,Center Front End,Center Front End,Right Front Bumper,Left Front Bumper,Left Front Quarter Panel,Y,,Following Too Closely,Unspecified,,,"(40.70885, -74.000626)",2.0,0.0,0,0,0,0,2,0,Taxi,Sedan,1
17662449,3741536,09/02/2017,14:34,2dbde3fc-581a-4105-bb17-4ab90a351507,Sedan,HOND -CAR/SUV,2010.0,1.0,M,Licensed,Going Straight Ahead,Left Rear Quarter Panel,Left Rear Quarter Panel,,,,N,,Unspecified,Unspecified,STATEN ISLAND,10314.0,"(40.60459, -74.11798)",0.0,0.0,0,0,0,0,0,0,Sedan,Sedan,0
17646077,3714531,07/19/2017,17:30,6a35c821-504d-43eb-be8b-ff32683c1127,Sedan,FORD -CAR/SUV,2001.0,1.0,F,Licensed,Backing,Right Rear Quarter Panel,Right Rear Quarter Panel,Other,Other,Other,Y,,Alcohol Involvement,Backing Unsafely,STATEN ISLAND,10304.0,"(40.59607, -74.089264)",0.0,0.0,0,0,0,0,0,0,Sedan,,0
17533914,3682539,05/29/2017,14:45,3987d823-28c2-4238-98ed-fa7fd71c0903,Sedan,KIA -CAR/SUV,2016.0,1.0,M,Licensed,Entering Parked Position,Left Rear Quarter Panel,Left Rear Quarter Panel,No Damage,No Damage,No Damage,N,,Unspecified,Unspecified,,,"(40.690666, -73.98537)",0.0,0.0,0,0,0,0,0,0,Sedan,Sedan,0
17491292,3664879,05/06/2017,19:30,0e8edc1b-6221-49cf-a7a7-2174a6f3f308,Station Wagon/Sport Utility Vehicle,MERZ -CAR/SUV,2011.0,1.0,,,Going Straight Ahead,Right Front Bumper,No Damage,No Damage,No Damage,,N,,Unsafe Lane Changing,Passing or Lane Usage Improper,BROOKLYN,11222.0,"(40.72828, -73.95024)",0.0,0.0,0,0,0,0,0,0,Taxi,Station Wagon/Sport Utility Vehicle,0
17933999,3808631,12/12/2017,11:30,b17b6cd2-9c2a-4af3-ae3b-a5ae82b3204b,Sedan,HOND -CAR/SUV,2016.0,1.0,F,Licensed,Going Straight Ahead,Right Side Doors,Right Front Quarter Panel,Right Side Doors,Right Rear Quarter Panel,,N,,Unspecified,Unspecified,BROOKLYN,11209.0,"(40.616512, -74.03837)",1.0,0.0,0,0,0,0,1,0,Sedan,Sedan,1
17593162,3705887,07/01/2017,10:10,bc1d2cfa-31c2-4e99-8395-8263a9ca5114,Sedan,TOYT -CAR/SUV,2015.0,3.0,M,Licensed,Other*,Center Front End,Center Front End,Right Front Bumper,Left Front Bumper,,N,,Driver Inattention/Distraction,Unspecified,,,"(40.792465, -73.79322)",0.0,0.0,0,0,0,0,0,0,Sedan,Sedan,0
17845836,3797442,11/25/2017,15:30,a94f461c-6ee0-4783-8355-cda250d762cb,Sedan,TOYT -CAR/SUV,2004.0,1.0,M,Licensed,Going Straight Ahead,Right Front Quarter Panel,No Damage,,,,N,,Unsafe Speed,Unspecified,MANHATTAN,10012.0,"(40.72495, -73.99492)",0.0,0.0,0,0,0,0,0,0,Sedan,Sedan,0
17630178,3650721,04/13/2017,14:00,33a36343-9b21-4663-b5c2-b1dcb9aac5dc,Station Wagon/Sport Utility Vehicle,CHEV -CAR/SUV,2012.0,1.0,M,Licensed,Going Straight Ahead,Right Rear Quarter Panel,Right Rear Bumper,Right Rear Quarter Panel,,,N,,Unspecified,Unspecified,,,"(40.786423, -73.82394)",0.0,0.0,0,0,0,0,0,0,Station Wagon/Sport Utility Vehicle,Station Wagon/Sport Utility Vehicle,0
17606732,3728520,08/10/2017,18:45,cec96cd9-4a35-49b2-a205-58bb97c89dec,Sedan,TOYT -CAR/SUV,2014.0,2.0,M,Licensed,Going Straight Ahead,Left Front Bumper,Left Front Bumper,Center Front End,Right Front Bumper,,N,,Driver Inattention/Distraction,Driver Inattention/Distraction,BROOKLYN,11236.0,,0.0,0.0,0,0,0,0,0,0,Sedan,Sedan,0
17668076,3710978,07/14/2017,06:35,9f76749e-d117-4bba-85ab-b688dd604928,Sedan,TOYT -CAR/SUV,2012.0,2.0,F,Licensed,Going Straight Ahead,Left Rear Bumper,Left Rear Quarter Panel,,,,N,,Unspecified,Unspecified,QUEENS,11413.0,"(40.667038, -73.757324)",0.0,0.0,0,0,0,0,0,0,Station Wagon/Sport Utility Vehicle,Sedan,0
17841588,3816596,12/15/2017,07:45,df7d90db-35a1-4842-b834-038fcf26a468,Taxi,TOYT -CAR/SUV,2017.0,1.0,M,Licensed,Going Straight Ahead,Right Rear Quarter Panel,Right Rear Quarter Panel,No Damage,No Damage,No Damage,N,,Driver Inattention/Distraction,Unspecified,MANHATTAN,10030.0,"(40.81637, -73.94412)",0.0,0.0,0,0,0,0,0,0,Station Wagon/Sport Utility Vehicle,Taxi,0
17668495,3714510,07/19/2017,12:30,c2caae67-b4cf-49d8-b6d8-a6eb8a3f26e2,Sedan,TOYT -CAR/SUV,2016.0,1.0,F,Licensed,Changing Lanes,Left Rear Bumper,Left Rear Bumper,Center Back End,,,N,,Unsafe Lane Changing,Unspecified,,,"(40.673588, -73.73351)",0.0,0.0,0,0,0,0,0,0,Station Wagon/Sport Utility Vehicle,Sedan,0
17434905,3667034,05/10/2017,12:22,fa399090-6b3c-4888-a13d-111dc52ef041,Sedan,CHEV -CAR/SUV,1996.0,3.0,M,Licensed,Making Left Turn,Left Front Bumper,Center Front End,Right Front Bumper,,,N,,Failure to Yield Right-of-Way,Failure to Yield Right-of-Way,QUEENS,11691.0,"(40.59514, -73.754)",1.0,0.0,1,0,0,0,0,0,Sedan,,1
17524419,3634704,03/19/2017,05:00,6956916d-f75a-41f6-9d6d-de12260d319f,Sedan,LEXS -CAR/SUV,2007.0,1.0,M,Licensed,Parked,Right Front Bumper,Right Front Bumper,,,,N,,Unspecified,Unspecified,BROOKLYN,11208.0,"(40.675682, -73.86607)",0.0,0.0,0,0,0,0,0,0,Sedan,,0
17523757,3648623,04/08/2017,17:28,cd95c837-2bcf-4ede-837a-05980e912a64,Station Wagon/Sport Utility Vehicle,TOYT -CAR/SUV,2015.0,1.0,M,Licensed,Going Straight Ahead,Left Side Doors,Left Side Doors,Left Rear Quarter Panel,No Damage,No Damage,N,,Unspecified,Unspecified,,,"(40.75837, -201.23706)",0.0,0.0,0,0,0,0,0,0,Station Wagon/Sport Utility Vehicle,Sedan,0
17568547,3705164,07/01/2017,21:50,8384157f-1356-4055-9598-63a6f8c7afd6,Station Wagon/Sport Utility Vehicle,FORD -CAR/SUV,2014.0,5.0,M,Licensed,Stopped in Traffic,Center Back End,Center Back End,Right Rear Bumper,Left Rear Bumper,Center Front End,N,,Unspecified,Unspecified,,,"(40.607582, -74.14083)",2.0,0.0,0,0,0,0,2,0,Station Wagon/Sport Utility Vehicle,Sedan,1
17483995,3646486,04/06/2017,18:30,c1483222-a283-4c93-8fa6-7b20751a04a0,Station Wagon/Sport Utility Vehicle,CHEV -CAR/SUV,2002.0,0.0,,,Parked,Left Rear Bumper,Left Rear Bumper,Left Rear Quarter Panel,,,N,,Unspecified,Unspecified,BROOKLYN,11209.0,"(40.62335, -74.02316)",1.0,0.0,0,0,0,0,1,0,Sedan,Station Wagon/Sport Utility Vehicle,1
17083204,3595847,01/10/2017,10:40,9a71cff6-43ec-45b5-bbdf-fadeae120ebe,Station Wagon/Sport Utility Vehicle,MERZ -CAR/SUV,2015.0,1.0,M,Licensed,Going Straight Ahead,Right Rear Quarter Panel,Right Front Quarter Panel,Right Rear Quarter Panel,,,N,,Unspecified,Unspecified,MANHATTAN,10007.0,"(40.713924, -73.999565)",0.0,0.0,0,0,0,0,0,0,Station Wagon/Sport Utility Vehicle,,0
17637574,3744399,09/04/2017,13:16,0eccec7d-e5ee-4453-b8e6-498f8b119ec7,Station Wagon/Sport Utility Vehicle,TOYT -CAR/SUV,2017.0,1.0,M,Licensed,Passing,Right Front Bumper,Right Front Quarter Panel,,,,N,,Driver Inattention/Distraction,Driver Inexperience,BROOKLYN,11220.0,"(40.635494, -74.00957)",0.0,0.0,0,0,0,0,0,0,Station Wagon/Sport Utility Vehicle,Station Wagon/Sport Utility Vehicle,0
17627899,3723211,08/01/2017,12:50,68edb6c6-24ba-499c-9397-e939dad38d4d,Station Wagon/Sport Utility Vehicle,BMW -CAR/SUV,2015.0,1.0,M,Licensed,Changing Lanes,Right Front Quarter Panel,Right Front Quarter Panel,Right Front Quarter Panel,,,N,,Driver Inattention/Distraction,Unsafe Lane Changing,,,"(40.604618, -74.02771)",0.0,0.0,0,0,0,0,0,0,Station Wagon/Sport Utility Vehicle,Station Wagon/Sport Utility Vehicle,0
17640310,3716731,07/21/2017,17:45,73ae44b8-0b2c-41aa-a487-0f76dcdd6491,Station Wagon/Sport Utility Vehicle,FORD -CAR/SUV,1998.0,1.0,M,Licensed,Going Straight Ahead,Center Front End,Center Front End,Left Front Bumper,Right Front Bumper,,N,,Following Too Closely,Driver Inattention/Distraction,,,"(40.824425, -73.87271)",1.0,0.0,0,0,0,0,1,0,Station Wagon/Sport Utility Vehicle,Sedan,1
17895298,3750812,09/15/2017,16:00,c1a4df8f-9068-4df0-8600-da6ee6046257,Station Wagon/Sport Utility Vehicle,FORD -CAR/SUV,2013.0,2.0,M,Licensed,Going Straight Ahead,Center Front End,Center Front End,,,,Unspecified,,Fell Asleep,Unspecified,,,"(40.662296, -73.98874)",0.0,0.0,0,0,0,0,0,0,Station Wagon/Sport Utility Vehicle,Sedan,0
17467128,3636888,03/20/2017,19:10,cbfb5feb-e00b-4dfa-a0b5-501efb246782,Sedan,DODG -CAR/SUV,2006.0,0.0,,,Parked,Right Rear Bumper,Right Rear Bumper,Other,Other,Other,N,,Unspecified,Unspecified,BROOKLYN,11230.0,"(40.62508, -73.962326)",0.0,0.0,0,0,0,0,0,0,Sedan,Sedan,0
17667941,3709705,07/12/2017,17:00,78fc900c-29f7-4e52-be65-2e4ab714c5b8,Station Wagon/Sport Utility Vehicle,FORD -CAR/SUV,2017.0,6.0,M,Licensed,Slowing or Stopping,Center Back End,No Damage,,,,N,,Unspecified,Unspecified,,,"(40.665794, -73.7464)",0.0,0.0,0,0,0,0,0,0,Station Wagon/Sport Utility Vehicle,Station Wagon/Sport Utility Vehicle,0
17546444,3690308,06/12/2017,19:50,04c4438c-244e-4abd-98a3-5566b60e4128,Station Wagon/Sport Utility Vehicle,ACUR -CAR/SUV,2017.0,0.0,,,Parked,Center Back End,Center Back End,Left Rear Bumper,,,N,,Unspecified,Unspecified,BROOKLYN,11219.0,"(40.635727, -73.98422)",2.0,0.0,0,0,0,0,2,0,Sedan,Station Wagon/Sport Utility Vehicle,1
17959026,3801644,11/22/2017,12:10,7f8d0255-11ab-456f-9f48-20ead0bbe904,Sedan,TOYT -CAR/SUV,2009.0,0.0,,,Parked,Left Rear Bumper,Left Rear Bumper,No Damage,No Damage,No Damage,N,,Unspecified,Unspecified,,,"(40.87892, -73.85862)",0.0,0.0,0,0,0,0,0,0,Sedan,,0
17647108,3734973,08/19/2017,05:10,f51bdf5c-5fba-4f57-a7fa-c2be2c5b4e42,Sedan,NISS -CAR/SUV,2015.0,1.0,M,Licensed,Slowing or Stopping,Center Back End,Center Back End,Left Rear Bumper,Right Rear Bumper,,N,,Unspecified,Unspecified,,,"(40.806202, -73.924995)",0.0,0.0,0,0,0,0,0,0,Sedan,Sedan,0
17635257,3735693,08/21/2017,01:35,4349dad2-f840-441c-9dc2-a6dc26590a9c,Station Wagon/Sport Utility Vehicle,FORD -CAR/SUV,2016.0,2.0,M,Licensed,Making U Turn,Center Front End,Center Front End,Right Front Bumper,,,N,,Following Too Closely,Turning Improperly,,,,0.0,0.0,0,0,0,0,0,0,Station Wagon/Sport Utility Vehicle,Station Wagon/Sport Utility Vehicle,0
17636880,3729389,08/11/2017,17:31,fb9e35f0-dda0-4e23-8f01-b0c412d9681b,Station Wagon/Sport Utility Vehicle,HYUN -CAR/SUV,2015.0,1.0,F,Licensed,Making Right Turn,Left Front Bumper,Left Front Bumper,Left Front Quarter Panel,Left Side Doors,,N,,Driver Inattention/Distraction,Driver Inattention/Distraction,,,"(40.829468, -73.93127)",0.0,0.0,0,0,0,0,0,0,Station Wagon/Sport Utility Vehicle,Sedan,0
17447411,3629934,03/10/2017,09:30,d4bba8cc-70c4-4eda-9a41-2233756c474f,Sedan,HOND -CAR/SUV,2001.0,1.0,M,Licensed,Going Straight Ahead,Left Side Doors,Left Side Doors,Left Rear Quarter Panel,,,N,,Unspecified,Unspecified,,,"(40.611797, -74.00553)",1.0,0.0,0,0,0,0,1,0,Sedan,Station Wagon/Sport Utility Vehicle,1
17648530,3744188,09/05/2017,20:51,3def5d28-6ebd-497e-a4d9-563912d1e772,Station Wagon/Sport Utility Vehicle,CHEV -CAR/SUV,1995.0,1.0,M,Licensed,Going Straight Ahead,Left Front Bumper,Right Front Bumper,Center Front End,Right Front Bumper,Right Front Quarter Panel,N,,Unsafe Lane Changing,Driver Inattention/Distraction,,,"(40.84506, -73.916855)",1.0,0.0,0,0,0,0,1,0,Sedan,Station Wagon/Sport Utility Vehicle,1
17939235,3783010,11/03/2017,10:20,f2197e9d-ef51-4da5-aeb0-7277b239b98c,Bus,FORD-TRUCK/BUS,2013.0,3.0,M,,Changing Lanes,Right Side Doors,No Damage,No Damage,No Damage,No Damage,N,,Unspecified,Unspecified,,,"(40.813957, -73.93134)",0.0,0.0,0,0,0,0,0,0,Bus,Sedan,0
17608626,3736070,08/18/2017,12:45,b1b56b54-9cf3-4734-9ec0-d110f4500e2b,Station Wagon/Sport Utility Vehicle,FORD -CAR/SUV,2009.0,1.0,M,Licensed,Backing,Left Rear Bumper,Left Rear Bumper,No Damage,No Damage,No Damage,N,,Driver Inattention/Distraction,Backing Unsafely,,,"(40.678223, -73.97609)",0.0,0.0,0,0,0,0,0,0,Station Wagon/Sport Utility Vehicle,Station Wagon/Sport Utility Vehicle,0
19658765,3772140,10/18/2017,13:50,5aff73f3-e5e1-4ca3-a9d7-241933884119,Station Wagon/Sport Utility Vehicle,HOND -CAR/SUV,2007.0,1.0,M,Licensed,Slowing or Stopping,Center Front End,Center Front End,Right Rear Bumper,,,N,,Driver Inattention/Distraction,Unspecified,,,"(40.761272, -73.95571)",0.0,0.0,0,0,0,0,0,0,Sedan,Station Wagon/Sport Utility Vehicle,0
17508763,3680001,05/27/2017,21:43,fda8392a-1c8d-4ad5-8c74-e15ec198bd2b,Sedan,LEXS -CAR/SUV,2016.0,1.0,M,Licensed,Making Right Turn,Left Front Quarter Panel,Left Front Quarter Panel,No Damage,No Damage,No Damage,N,,Failure to Yield Right-of-Way,Other Vehicular,BRONX,10462.0,"(40.856304, -73.86765)",0.0,0.0,0,0,0,0,0,0,Station Wagon/Sport Utility Vehicle,Sedan,0
17605398,3718186,07/24/2017,13:30,e69b5082-a459-48c1-b4bd-8ffcefc80908,Station Wagon/Sport Utility Vehicle,GMC -CAR/SUV,2014.0,2.0,F,Licensed,Backing,Left Rear Quarter Panel,Left Rear Quarter Panel,No Damage,No Damage,No Damage,N,,Outside Car Distraction,Unspecified,BRONX,10463.0,"(40.879585, -73.90434)",0.0,0.0,0,0,0,0,0,0,Station Wagon/Sport Utility Vehicle,Station Wagon/Sport Utility Vehicle,0
17120613,3610860,02/06/2017,19:00,8e037a82-3922-44d0-9a1f-8ea5a799f8f2,Pick-up Truck,MAC,2016.0,1.0,M,Licensed,Going Straight Ahead,Right Side Doors,Right Side Doors,,,,N,,Driver Inattention/Distraction,Unspecified,,,,0.0,0.0,0,0,0,0,0,0,Pick-up Truck,Sedan,0
17095319,3611383,02/07/2017,16:55,c51c504c-96fa-4288-ac2d-c989f8217faf,Taxi,TOYT -CAR/SUV,2016.0,2.0,M,Licensed,Going Straight Ahead,Center Back End,Center Back End,Right Rear Bumper,Left Rear Bumper,No Damage,N,,Unspecified,Unspecified,BROOKLYN,11238.0,"(40.685223, -73.96828)",1.0,0.0,0,0,0,0,1,0,Pick-up Truck,Taxi,1
17589291,3684749,06/05/2017,23:35,477802ce-080a-47a3-b7e6-8a44c815d4c7,Pick-up Truck,DODG -CAR/SUV,2015.0,1.0,M,Licensed,Making Left Turn,Left Front Bumper,Left Front Bumper,Left Front Quarter Panel,,,N,,Unspecified,Unspecified,,,,0.0,0.0,0,0,0,0,0,0,Pick-up Truck,Motorcycle,0
17517762,3664785,05/04/2017,10:25,39990103-f428-4f4e-858b-97c4674feaaa,Sedan,FORD -CAR/SUV,2005.0,1.0,M,Licensed,Backing,Right Rear Bumper,Right Rear Bumper,Other,Other,Other,N,,Driver Inattention/Distraction,Backing Unsafely,BROOKLYN,11226.0,"(40.65419, -73.95959)",0.0,0.0,0,0,0,0,0,0,Sedan,Sedan,0
17865550,3786914,11/08/2017,06:00,396ad3ea-0258-44cc-bce5-6282b8ee8575,Station Wagon/Sport Utility Vehicle,AUDI -CAR/SUV,2015.0,1.0,M,Licensed,Other*,Right Front Bumper,Center Front End,Right Front Bumper,,,N,,View Obstructed/Limited,Unspecified,BROOKLYN,11236.0,"(40.645325, -73.91299)",0.0,0.0,0,0,0,0,0,0,Sedan,Station Wagon/Sport Utility Vehicle,0
17486287,3666857,05/06/2017,17:25,fc65428c-d0b3-4744-800d-d584f2fb0e33,Sedan,TOYT -CAR/SUV,2002.0,1.0,M,Licensed,Entering Parked Position,Left Front Quarter Panel,Left Front Quarter Panel,,,,N,,Unspecified,Unspecified,MANHATTAN,10013.0,"(40.716812, -73.99777)",0.0,0.0,0,0,0,0,0,0,Sedan,Station Wagon/Sport Utility Vehicle,0
17645432,3739972,08/29/2017,21:50,d1fac788-d4f5-4970-b1bc-f6bdfe570f4f,Station Wagon/Sport Utility Vehicle,LEXS -CAR/SUV,2004.0,1.0,F,Licensed,Parked,Center Back End,Center Back End,No Damage,No Damage,No Damage,N,,Unspecified,Unspecified,BROOKLYN,11235.0,"(40.591187, -73.940125)",0.0,0.0,0,0,0,0,0,0,Station Wagon/Sport Utility Vehicle,Sedan,0
17512057,3688052,06/10/2017,15:30,e25f5254-fa19-47a0-a1d1-8e37cc87780f,Station Wagon/Sport Utility Vehicle,FORD -CAR/SUV,2001.0,1.0,,,Passing,,,,,,N,,Unsafe Lane Changing,Passing Too Closely,BROOKLYN,11233.0,"(40.676342, -73.910934)",0.0,0.0,0,0,0,0,0,0,Sedan,Station Wagon/Sport Utility Vehicle,0
17843588,3811675,12/17/2017,09:00,b04edbfa-7f27-4e88-9b8d-334e12fec26b,Sedan,MERC -CAR/SUV,1999.0,0.0,,,Parked,Center Back End,Center Back End,,,,N,,Unspecified,Unspecified,BROOKLYN,11221.0,"(40.686813, -73.926834)",0.0,0.0,0,0,0,0,0,0,Station Wagon/Sport Utility Vehicle,Sedan,0
17870396,3800015,11/29/2017,10:00,e4c64655-b0b8-49a8-b0f3-ddc2d5f05ced,Sedan,VOLK -CAR/SUV,2017.0,1.0,F,Licensed,Stopped in Traffic,Center Back End,Center Front End,Center Back End,Demolished,,N,,Unspecified,Unspecified,,,"(40.875122, -73.905174)",3.0,0.0,0,0,0,0,3,0,Sedan,Tractor Truck Diesel,1
17664533,3731244,08/15/2017,00:00,0534afa9-35ee-436d-b7cc-edafe955800c,Sedan,HOND -CAR/SUV,2017.0,0.0,M,Licensed,Going Straight Ahead,Right Rear Quarter Panel,Right Rear Quarter Panel,No Damage,No Damage,No Damage,N,,Driver Inattention/Distraction,Unspecified,QUEENS,11377.0,"(40.738876, -73.8959)",0.0,0.0,0,0,0,0,0,0,Sedan,Sedan,0
17469981,3663600,05/04/2017,15:45,37edd1cf-fb25-46cd-a308-2ec5410d4e40,Motorcycle,HD -MCL,2007.0,0.0,,,Parked,Center Back End,Center Back End,Right Front Quarter Panel,Right Rear Quarter Panel,Right Side Doors,N,,Unspecified,Unspecified,BROOKLYN,11237.0,"(40.6933, -73.90661)",0.0,0.0,0,0,0,0,0,0,Motorcycle,Bus,0
17498133,3644361,04/01/2017,20:10,b6f2855f-4a87-4bae-848c-76c2aa5d299c,Sedan,VOLK -CAR/SUV,2009.0,0.0,,,Parked,Right Side Doors,Right Rear Quarter Panel,Right Rear Bumper,,,N,,Unspecified,Unspecified,BRONX,10466.0,"(40.883507, -73.85216)",0.0,0.0,0,0,0,0,0,0,Station Wagon/Sport Utility Vehicle,Station Wagon/Sport Utility Vehicle,0
17871721,3804734,12/02/2017,13:00,7811413b-644f-4720-8387-838cfff35e8f,Sedan,TOYT -CAR/SUV,2012.0,0.0,,,Parked,Left Rear Bumper,Left Rear Bumper,No Damage,No Damage,No Damage,N,,Unspecified,Unspecified,BRONX,10463.0,"(40.881966, -73.90335)",0.0,0.0,0,0,0,0,0,0,Sedan,,0
17641876,3713252,07/17/2017,20:20,c4ed60cb-7fa7-42e7-bf36-d6dd11615308,Sedan,KIA -CAR/SUV,2014.0,1.0,M,Licensed,Going Straight Ahead,Right Front Quarter Panel,Right Side Doors,Right Rear Quarter Panel,,,N,,Unspecified,Unspecified,,,"(40.692066, -73.7654)",0.0,0.0,0,0,0,0,0,0,Sedan,Sedan,0
17962297,3801947,12/02/2017,00:00,ab6269ef-6021-44af-87e7-250f1ea2a907,Station Wagon/Sport Utility Vehicle,JEEP -CAR/SUV,2014.0,1.0,F,Licensed,Making Left Turn,Right Front Quarter Panel,Right Front Quarter Panel,No Damage,No Damage,,N,,Unspecified,Unspecified,BROOKLYN,11203.0,"(40.65134, -73.9389)",0.0,0.0,0,0,0,0,0,0,Station Wagon/Sport Utility Vehicle,Sedan,0
17076484,3592744,01/05/2017,17:07,545d3a56-2a40-42a5-9709-fee6f9ceb158,Station Wagon/Sport Utility Vehicle,JEEP -CAR/SUV,2014.0,1.0,F,Licensed,Going Straight Ahead,No Damage,No Damage,,,,N,,Unspecified,Unspecified,QUEENS,11372.0,"(40.749157, -73.86943)",1.0,0.0,1,0,0,0,0,0,Station Wagon/Sport Utility Vehicle,,1
17571928,3659270,04/28/2017,14:45,df4db24e-6166-4704-983a-6a14531ca89f,Sedan,TOYT -CAR/SUV,2012.0,1.0,M,Licensed,Stopped in Traffic,Center Back End,Center Back End,,,,N,,Unspecified,Unspecified,,,"(40.64137, -73.87729)",0.0,0.0,0,0,0,0,0,0,Sedan,Station Wagon/Sport Utility Vehicle,0
17529058,3665642,04/27/2017,12:50,bcfceb67-4d2a-451c-92ac-cdaf25a08f25,Sedan,HYUN -CAR/SUV,2015.0,1.0,F,Licensed,Going Straight Ahead,Right Front Quarter Panel,Right Front Quarter Panel,Roof,Right Front Quarter Panel,Right Rear Quarter Panel,N,,Driver Inattention/Distraction,Unspecified,QUEENS,11379.0,"(40.725082, -73.88259)",1.0,0.0,0,0,0,0,1,0,Sedan,Sedan,1
17581684,3656028,04/22/2017,16:12,eb984e31-853f-4689-b367-c6e75663f259,Sedan,HOND -CAR/SUV,2005.0,2.0,M,Licensed,Slowing or Stopping,Center Front End,Center Front End,Left Front Bumper,Right Front Bumper,,N,,Unspecified,Following Too Closely,,,"(40.798256, -73.82744)",0.0,0.0,0,0,0,0,0,0,Station Wagon/Sport Utility Vehicle,Sedan,0
17885437,3783136,11/04/2017,08:58,4b8e6160-e8ee-4086-947d-664271f9dc58,Sedan,LEXS -CAR/SUV,2000.0,0.0,,,Parked,Left Front Bumper,Center Front End,Left Front Quarter Panel,No Damage,No Damage,N,,Unspecified,Unspecified,BROOKLYN,11222.0,"(40.733738, -73.95485)",2.0,0.0,0,0,0,0,2,0,Sedan,Sedan,1
17431378,3637027,03/21/2017,12:00,c9cfe1ce-8321-4f01-931f-09d74a189957,Tractor Truck Diesel,FTL,2017.0,1.0,M,Licensed,Backing,Left Rear Bumper,No Damage,No Damage,No Damage,No Damage,Y,,Backing Unsafely,Unspecified,MANHATTAN,10002.0,"(40.71401, -73.98012)",0.0,0.0,0,0,0,0,0,0,Tractor Truck Diesel,,0
17816869,3765504,10/06/2017,17:40,0b750487-033a-4fea-89c7-56406f69ea3a,Box Truck,MITS-TRUCK/BUS,2006.0,2.0,M,Licensed,Passing,Right Rear Bumper,Right Rear Bumper,No Damage,No Damage,No Damage,N,,Unspecified,Unspecified,MANHATTAN,10025.0,"(40.798176, -73.962425)",0.0,0.0,0,0,0,0,0,0,Sedan,Box Truck,0
17920818,3784052,11/04/2017,21:00,20cb1694-649c-4eac-834b-7b53738e5a6d,Sedan,NISS -CAR/SUV,2001.0,0.0,M,Licensed,Making Left Turn,Left Side Doors,Left Side Doors,,,,N,,Driver Inattention/Distraction,Unspecified,QUEENS,11373.0,"(40.73675, -73.87767)",0.0,0.0,0,0,0,0,0,0,Sedan,Station Wagon/Sport Utility Vehicle,0
17922203,3749985,09/15/2017,00:30,89cf4f9e-bc83-4b09-94d6-7811108064cf,Station Wagon/Sport Utility Vehicle,GMC -CAR/SUV,2009.0,5.0,F,Licensed,Going Straight Ahead,Center Front End,Center Front End,,,,N,,Driver Inattention/Distraction,Unspecified,QUEENS,11434.0,"(40.672382, -73.78574)",0.0,0.0,0,0,0,0,0,0,Station Wagon/Sport Utility Vehicle,Station Wagon/Sport Utility Vehicle,0