UNIQUE_ID,COLLISION_ID,CRASH_DATE,CRASH_TIME,VEHICLE_ID,VEHICLE_TYPE,VEHICLE_MAKE,VEHICLE_YEAR,VEHICLE_OCCUPANTS,DRIVER_SEX,DRIVER_LICENSE_STATUS,PRE_CRASH,POINT_OF_IMPACT,VEHICLE_DAMAGE,VEHICLE_DAMAGE_1,VEHICLE_DAMAGE_2,VEHICLE_DAMAGE_3,PUBLIC_PROPERTY_DAMAGE,PUBLIC_PROPERTY_DAMAGE_TYPE,CONTRIBUTING_FACTOR_1,CONTRIBUTING_FACTOR_2,BOROUGH,ZIP CODE,LOCATION,NUMBER OF PERSONS INJURED,NUMBER OF PERSONS KILLED,NUMBER OF PEDESTRIANS INJURED,NUMBER OF PEDESTRIANS KILLED,NUMBER OF CYCLIST INJURED,NUMBER OF CYCLIST KILLED,NUMBER OF MOTORIST INJURED,NUMBER OF MOTORIST KILLED,VEHICLE TYPE CODE 1,VEHICLE TYPE CODE 2,Severity
17895876,3749804,09/13/2017,12:20,eb63cf1f-4574-481b-ad0a-5c4e04059377,tow t,ford,2003.0,1.0,M,Licensed,Going Straight Ahead,Center Front End,Center Front End,Left Front Bumper,,,N,,Unspecified,Unspecified,QUEENS,11370.0,"(40.757095, -73.89134)",0.0,0.0,0,0,0,0,0,0,tow t,Sedan,0
17547213,3675204,05/18/2017,08:25,1b25b61f-cb11-4e6d-b6b6-f95ffdfccd7a,Sedan,HYUN -CAR/SUV,2013.0,1.0,F,Licensed,Going Straight Ahead,Left Front Quarter Panel,Left Side Doors,,,,N,,Unsafe Lane Changing,Driver Inexperience,,,"(40.87835, -73.870346)",0.0,0.0,0,0,0,0,0,0,Sedan,Bus,0
17683674,3824079,01/06/2017,02:00,c3afe3f2-be60-4ab2-9459-fa5b8e133110,Station Wagon/Sport Utility Vehicle,LNDR -CAR/SUV,2016.0,1.0,F,Licensed,Going Straight Ahead,Left Front Quarter Panel,Left Front Quarter Panel,Left Side Doors,,,N,,Unspecified,Unspecified,,,"(40.730366, -73.91388)",0.0,0.0,0,0,0,0,0,0,Station Wagon/Sport Utility Vehicle,Sedan,0
17092351,3600706,01/19/2017,08:10,4b2a5196-cdd1-435f-b2a9-348d7fb607f5,Station Wagon/Sport Utility Vehicle,FORD -CAR/SUV,1999.0,1.0,M,Licensed,Backing,Right Rear Quarter Panel,Right Rear Quarter Panel,Right Rear Bumper,No Damage,No Damage,N,,Unspecified,Unspecified,BRONX,10469.0,"(40.868114, -73.84901)",0.0,0.0,0,0,0,0,0,0,Station Wagon/Sport Utility Vehicle,,0
17508734,3677184,05/20/2017,16:46,93f575b3-3f71-4f7f-991a-d19831996f88,Station Wagon/Sport Utility Vehicle,JEEP -CAR/SUV,2008.0,1.0,M,Licensed,Slowing or Stopping,Center Front End,Center Front End,,,,N,,Following Too Closely,Unspecified,MANHATTAN,10001.0,"(40.747234, -73.99337)",0.0,0.0,0,0,0,0,0,0,Station Wagon/Sport Utility Vehicle,Taxi,0
17460151,3662898,05/02/2017,16:00,db5d8c4a-1980-44f9-8170-98751ac4447f,Sedan,NISS -CAR/SUV,1998.0,1.0,F,Licensed,Starting from Parking,Left Front Quarter Panel,Left Front Bumper,Left Side Doors,,,N,,Turning Improperly,Failure to Yield Right-of-Way,BROOKLYN,11223.0,"(40.590584, -73.97831)",1.0,0.0,0,0,0,0,1,0,Sedan,Sedan,1
17460876,3632547,03/15/2017,16:15,3e6964f7-72f7-4574-a364-9951f25add7d,Sedan,FORD -CAR/SUV,2016.0,3.0,F,Unlicensed,Going Straight Ahead,Center Front End,Left Front Bumper,Right Front Bumper,,,N,,Unspecified,Driver Inattention/Distraction,,,"(40.83236, -73.93197)",0.0,0.0,0,0,0,0,0,0,Station Wagon/Sport Utility Vehicle,Sedan,0
17976154,3811098,12/16/2017,19:10,dff60160-ee3b-42fc-a281-e9f6bbc1c56e,Station Wagon/Sport Utility Vehicle,CHEV -CAR/SUV,2006.0,1.0,F,,Making Left Turn,Right Front Bumper,Right Front Bumper,Center Front End,Right Front Quarter Panel,,N,,Failure to Yield Right-of-Way,Unspecified,STATEN ISLAND,10308.0,"(40.54996, -74.15085)",1.0,0.0,0,0,0,0,1,0,Station Wagon/Sport Utility Vehicle,Station Wagon/Sport Utility Vehicle,1
17987059,3790413,11/15/2017,04:48,e2f76eba-5263-4e3d-b0f4-0461588743f2,Taxi,LINC -CAR/SUV,2006.0,1.0,M,Licensed,Going Straight Ahead,Right Rear Quarter Panel,Right Rear Quarter Panel,Right Rear Quarter Panel,,,N,,Driver Inattention/Distraction,Unsafe Lane Changing,BROOKLYN,11207.0,"(40.67816, -73.897484)",0.0,0.0,0,0,0,0,0,0,Sedan,Taxi,0
17918715,3798818,11/26/2017,19:10,454109bb-fadf-4849-91da-f4a0e858f641,Station Wagon/Sport Utility Vehicle,FORD -CAR/SUV,2011.0,1.0,F,,Avoiding Object in Roadway,Right Front Bumper,Right Front Bumper,,,,N,,Unspecified,Unspecified,BROOKLYN,11218.0,"(40.6359, -73.979195)",0.0,0.0,0,0,0,0,0,0,Station Wagon/Sport Utility Vehicle,Station Wagon/Sport Utility Vehicle,0
17873713,3765248,10/07/2017,06:25,73364292-48d2-43f7-9906-030dd29ebbc4,Sedan,NISS -CAR/SUV,2007.0,0.0,,,Parked,Left Front Bumper,Left Front Bumper,Left Front Quarter Panel,Left Side Doors,,N,,Unspecified,Unspecified,BRONX,10462.0,"(40.856625, -73.869026)",0.0,0.0,0,0,0,0,0,0,Sedan,Station Wagon/Sport Utility Vehicle,0
17544293,3671641,05/16/2017,18:30,7c418413-a251-4352-af63-89343e8b87da,Station Wagon/Sport Utility Vehicle,CHRY -CAR/SUV,2003.0,1.0,M,Unlicensed,Going Straight Ahead,Right Front Quarter Panel,Right Front Quarter Panel,Right Side Doors,Right Rear Quarter Panel,No Damage,N,,Unsafe Lane Changing,Driver Inattention/Distraction,,,,0.0,0.0,0,0,0,0,0,0,Sedan,Station Wagon/Sport Utility Vehicle,0
17107064,3622024,02/26/2017,13:20,d038ee12-8e41-445d-a90c-b2786957e1fc,Sedan,LEXS -CAR/SUV,2006.0,0.0,,,Parked,Left Front Quarter Panel,Left Front Quarter Panel,Left Front Bumper,,,N,,Unspecified,Unspecified,MANHATTAN,10014.0,"(40.732132, -74.00217)",0.0,0.0,0,0,0,0,0,0,Sedan,Sedan,0
17123047,3619683,02/21/2017,15:05,85648c0f-85d4-4f0f-b4dc-b6310fad5bb2,Sedan,CHRY -CAR/SUV,2015.0,1.0,M,Licensed,Making Left Turn,Center Back End,Undercarriage,Right Rear Bumper,Right Rear Bumper,No Damage,N,,Unspecified,Unspecified,,,"(40.84889, -73.867455)",2.0,0.0,0,0,0,0,2,0,Sedan,Sedan,1
17103997,3613809,02/08/2017,09:00,76e17073-534f-4b76-a0f4-dc0d526e4c91,Taxi,TOYT -CAR/SUV,2015.0,1.0,M,Licensed,Going Straight Ahead,Left Front Bumper,Left Front Bumper,,,,N,,Passing Too Closely,Unspecified,MANHATTAN,10001.0,"(40.752052, -74.000984)",0.0,0.0,0,0,0,0,0,0,Sedan,Taxi,0
17910989,3753366,09/03/2017,02:00,f74f2e40-1e31-48c3-aef3-add40b9e5c2c,Sedan,NISS -CAR/SUV,2002.0,0.0,,,Parked,Left Front Quarter Panel,Left Front Quarter Panel,,,,N,,Unspecified,Unspecified,BRONX,10466.0,"(40.888798, -73.85316)",0.0,0.0,0,0,0,0,0,0,Sedan,,0
17631107,3732528,08/15/2017,16:45,dd54ed6f-ec2a-4a9f-b438-ad653f37102c,Station Wagon/Sport Utility Vehicle,NISS -CAR/SUV,2016.0,1.0,F,Licensed,Starting from Parking,Left Front Bumper,Left Front Bumper,,,,N,,Driver Inattention/Distraction,Unspecified,,,"(40.636494, -73.98701)",0.0,0.0,0,0,0,0,0,0,Station Wagon/Sport Utility Vehicle,Sedan,0
17975699,3820116,12/28/2017,13:30,1fa92386-3ebd-4b28-8afd-476ac6aeaec0,Taxi,TOYT -CAR/SUV,2014.0,6.0,M,Licensed,Going Straight Ahead,Center Front End,Center Front End,Left Front Bumper,Right Front Bumper,,N,,Passenger Distraction,Driver Inattention/Distraction,MANHATTAN,10022.0,"(40.760674, -73.97449)",0.0,0.0,0,0,0,0,0,0,Flat Bed,Taxi,0
17588068,3671948,05/17/2017,16:30,eccae3e3-c5be-4cdf-93b9-88cf8c46e5db,Station Wagon/Sport Utility Vehicle,BMW -CAR/SUV,2017.0,0.0,,,Parked,Right Rear Quarter Panel,Right Rear Quarter Panel,No Damage,No Damage,No Damage,N,,Unspecified,Unspecified,QUEENS,11360.0,"(40.77992, -73.77536)",0.0,0.0,0,0,0,0,0,0,Station Wagon/Sport Utility Vehicle,unkno,0
17083065,3598697,01/11/2017,14:00,6a7e97f6-959c-4caa-8f8a-d60d25c90f58,Station Wagon/Sport Utility Vehicle,SUBA -CAR/SUV,2015.0,1.0,M,Licensed,Slowing or Stopping,Center Back End,Center Back End,Center Back End,Center Back End,Center Back End,N,,Other Vehicular,Other Vehicular,MANHATTAN,10010.0,"(40.739506, -73.98476)",1.0,0.0,0,0,0,0,1,0,Station Wagon/Sport Utility Vehicle,Station Wagon/Sport Utility Vehicle,1
17983103,3813266,12/17/2017,23:08,dc31e369-eb8f-41b4-8945-4cff209bb932,Sedan,NISS -CAR/SUV,2013.0,1.0,M,Licensed,Going Straight Ahead,Left Front Bumper,Right Front Bumper,Center Front End,Right Front Quarter Panel,Left Front Bumper,N,,Passing or Lane Usage Improper,Passing or Lane Usage Improper,,,"(40.73715, -73.930824)",1.0,0.0,0,0,0,0,1,0,Sedan,Sedan,1
17656402,3733371,08/18/2017,16:45,56c7a229-26fe-46cb-931f-bd6c6693461a,Sedan,TOYT -CAR/SUV,2009.0,1.0,M,Licensed,Entering Parked Position,Center Front End,Center Front End,,,,N,,Unspecified,Unspecified,QUEENS,11414.0,"(40.660404, -73.84017)",0.0,0.0,0,0,0,0,0,0,Sedan,TRAIL,0
17944045,3776587,10/24/2017,07:09,c1f11392-6416-45df-bfe8-04a39706c70e,Station Wagon/Sport Utility Vehicle,TOYT -CAR/SUV,2017.0,0.0,,,Parked,Right Front Quarter Panel,Right Front Quarter Panel,Right Front Bumper,Left Side Doors,Left Front Quarter Panel,N,,Unspecified,Unspecified,BROOKLYN,11210.0,"(40.638332, -73.94244)",0.0,0.0,0,0,0,0,0,0,Station Wagon/Sport Utility Vehicle,Station Wagon/Sport Utility Vehicle,0
17513029,3677269,05/24/2017,07:15,40daa9c1-0544-4b37-856c-e51752c4297c,Sedan,JAGU -CAR/SUV,2015.0,1.0,M,Licensed,Going Straight Ahead,Right Side Doors,Right Side Doors,Right Front Quarter Panel,Right Rear Quarter Panel,,Unspecified,,Unspecified,Unspecified,BROOKLYN,11234.0,"(40.613194, -73.92631)",0.0,0.0,0,0,0,0,0,0,Sedan,Station Wagon/Sport Utility Vehicle,0
17913273,3757415,09/25/2017,23:20,9591838a-7dfd-4752-98d1-c5749e127b06,Sedan,NISS -CAR/SUV,2002.0,0.0,,,Parked,Left Side Doors,Left Side Doors,No Damage,No Damage,No Damage,N,,Unspecified,Unspecified,,,"(40.686497, -73.838165)",2.0,0.0,0,0,0,0,2,0,Station Wagon/Sport Utility Vehicle,Sedan,1
17927057,3790795,11/14/2017,16:00,37c7e473-3fde-4358-b381-1eeafe02a720,OLM,FORD,2011.0,1.0,F,,Going Straight Ahead,Right Front Quarter Panel,Center Back End,Right Front Quarter Panel,Left Rear Bumper,Right Rear Bumper,N,,Unspecified,Unspecified,QUEENS,11373.0,"(40.733536, -73.87035)",0.0,0.0,0,0,0,0,0,0,Station Wagon/Sport Utility Vehicle,Sedan,0
17520851,3667518,05/10/2017,23:35,ed7e3ecf-6eba-42a7-ad37-d457e9583631,Sedan,MITS -CAR/SUV,2007.0,1.0,M,Licensed,Going Straight Ahead,Right Rear Bumper,Right Rear Bumper,,,,N,,Unspecified,Unspecified,MANHATTAN,10017.0,"(40.751793, -73.97688)",0.0,0.0,0,0,0,0,0,0,Sedan,Sedan,0
17875315,3759697,09/29/2017,13:35,0b62eb14-715d-4532-82e3-2afd543def38,Station Wagon/Sport Utility Vehicle,NISS -CAR/SUV,2015.0,1.0,M,Licensed,Making Left Turn,Right Front Bumper,Right Front Bumper,Right Front Quarter Panel,No Damage,No Damage,N,,Unspecified,Unspecified,MANHATTAN,10035.0,"(40.79552, -73.93217)",0.0,0.0,0,0,0,0,0,0,Taxi,Station Wagon/Sport Utility Vehicle,0
19638871,3749842,09/13/2017,09:40,6bea8dbf-c851-411f-9872-ef47bff98a11,Sedan,BMW -CAR/SUV,2010.0,1.0,M,Licensed,Making Left Turn,Left Side Doors,Left Rear Quarter Panel,,,,N,,Turning Improperly,Unspecified,BRONX,10451.0,"(40.815342, -73.93067)",0.0,0.0,0,0,0,0,0,0,Sedan,Station Wagon/Sport Utility Vehicle,0
17861360,3801896,12/03/2017,19:48,3058c27f-da7b-44e0-aecd-7c4f7aa01d17,Station Wagon/Sport Utility Vehicle,VOLK -CAR/SUV,2015.0,1.0,F,Licensed,Going Straight Ahead,Left Front Quarter Panel,Left Front Quarter Panel,No Damage,No Damage,No Damage,N,,Driver Inexperience,Failure to Yield Right-of-Way,MANHATTAN,10023.0,"(40.776684, -73.983055)",0.0,0.0,0,0,0,0,0,0,Station Wagon/Sport Utility Vehicle,Sedan,0
17128110,3616302,02/14/2017,17:32,8ddb646c-efdf-4814-ab45-acc5e5753681,Sedan,NISS -CAR/SUV,2013.0,2.0,F,Licensed,Going Straight Ahead,Right Rear Quarter Panel,Right Rear Quarter Panel,Right Side Doors,,,N,,Unspecified,Unspecified,,,"(40.583252, -73.952515)",0.0,0.0,0,0,0,0,0,0,Sedan,Station Wagon/Sport Utility Vehicle,0
17563897,3688385,06/09/2017,17:45,73eaee51-cee9-4a1e-9697-d8057b895283,Sedan,HOND -CAR/SUV,2006.0,1.0,F,Licensed,Going Straight Ahead,Center Back End,Center Back End,No Damage,No Damage,No Damage,N,,Unspecified,Unspecified,,,"(40.83609, -73.87039)",0.0,0.0,0,0,0,0,0,0,Sedan,COMME,0
17910464,3760807,09/29/2017,16:00,70b6e409-6207-4067-8ffe-bbe838e7c7d7,Station Wagon/Sport Utility Vehicle,TOYT -CAR/SUV,2005.0,1.0,M,Licensed,Going Straight Ahead,Right Front Quarter Panel,Right Front Bumper,Undercarriage,,,N,,Unspecified,Unspecified,,,,0.0,0.0,0,0,0,0,0,0,Station Wagon/Sport Utility Vehicle,,0
19623000,3695063,06/20/2017,08:25,e65237c7-fcf2-46f4-827d-ede821571010,Station Wagon/Sport Utility Vehicle,FORD -CAR/SUV,2015.0,1.0,M,Licensed,Stopped in Traffic,Center Back End,Center Back End,Right Rear Bumper,Left Rear Bumper,,N,,Unspecified,Unspecified,,,"(40.771744, -73.875275)",0.0,0.0,0,0,0,0,0,0,Station Wagon/Sport Utility Vehicle,Station Wagon/Sport Utility Vehicle,0
17932345,3816663,12/20/2017,17:35,f81b3af3-48f7-4306-90fc-1cf95e92bdd3,Sedan,ACUR -CAR/SUV,2010.0,,,,Parked,Center Back End,Center Back End,,,,N,,Unspecified,Unspecified,BROOKLYN,11230.0,"(40.616756, -73.97142)",0.0,0.0,0,0,0,0,0,0,Sedan,Sedan,0
17128217,3605058,01/26/2017,17:00,08ba2efe-73f2-40d2-b462-6644694f5b26,Sedan,FORD -CAR/SUV,2009.0,2.0,M,Licensed,Slowing or Stopping,Center Front End,Center Front End,Left Front Bumper,Right Front Bumper,,N,,Following Too Closely,Following Too Closely,,,"(40.759438, -73.716835)",0.0,0.0,0,0,0,0,0,0,Sedan,Station Wagon/Sport Utility Vehicle,0
17455752,3680714,05/29/2017,14:45,d49aa8e3-e240-427c-ae9b-1a5be9db85ea,Station Wagon/Sport Utility Vehicle,TOYT -CAR/SUV,2014.0,1.0,M,Licensed,Making Left Turn,Left Front Bumper,Left Front Bumper,,,,N,,Failure to Yield Right-of-Way,Unspecified,,,"(40.831196, -73.90026)",0.0,0.0,0,0,0,0,0,0,Station Wagon/Sport Utility Vehicle,Sedan,0
19644012,3765601,10/06/2017,17:00,2cadcd0d-a75d-4857-9852-6b3d4d08c9f6,Station Wagon/Sport Utility Vehicle,FIAT -CAR/SUV,2016.0,1.0,F,Licensed,Parked,Left Front Bumper,Left Front Bumper,,,,N,,Unspecified,Unspecified,QUEENS,11421.0,"(40.691162, -73.84598)",0.0,0.0,0,0,0,0,0,0,Station Wagon/Sport Utility Vehicle,,0
17097683,3600449,01/17/2017,17:12,c24ec143-e636-4673-be35-bfc735329fa4,Station Wagon/Sport Utility Vehicle,FORD -CAR/SUV,2013.0,1.0,M,Licensed,Going Straight Ahead,Center Front End,No Damage,,,,N,,Traffic Control Disregarded,Unspecified,BROOKLYN,11230.0,"(40.632294, -73.96678)",2.0,0.0,2,0,0,0,0,0,Station Wagon/Sport Utility Vehicle,,1
17906324,3814204,12/21/2017,08:40,0388697e-7b26-4ce8-897d-a7975278eb8c,Station Wagon/Sport Utility Vehicle,JEEP -CAR/SUV,1997.0,2.0,M,Licensed,Going Straight Ahead,Right Front Quarter Panel,Right Front Quarter Panel,Right Side Doors,Right Rear Quarter Panel,Right Rear Bumper,N,,Glare,Unspecified,BRONX,10460.0,"(40.842934, -73.87872)",1.0,0.0,0,0,0,0,1,0,Station Wagon/Sport Utility Vehicle,Dump,1
17624140,3705618,07/05/2017,17:45,62d9c6bb-1ae3-45de-ab26-4565b5aeb1c2,Station Wagon/Sport Utility Vehicle,SUBA -CAR/SUV,2015.0,1.0,F,Licensed,Making Left Turn,Right Front Bumper,Left Front Quarter Panel,Center Front End,No Damage,No Damage,N,,Failure to Yield Right-of-Way,Unspecified,,,"(40.70933, -73.92249)",0.0,0.0,0,0,0,0,0,0,Station Wagon/Sport Utility Vehicle,Sedan,0
17113881,3607446,01/29/2017,12:10,2df8e7b4-96fe-4e49-8a3e-28e1eeba7f50,Sedan,INFI -CAR/SUV,2015.0,4.0,F,Licensed,Going Straight Ahead,Right Rear Quarter Panel,Right Rear Quarter Panel,,,,N,,Unspecified,Unspecified,,,"(40.608364, -74.038666)",0.0,0.0,0,0,0,0,0,0,Sedan,Station Wagon/Sport Utility Vehicle,0
17575358,3690348,06/14/2017,00:00,62506748-b13a-467d-b89e-3ddc92e4a9d4,Sedan,NISS -CAR/SUV,2017.0,0.0,,,Parked,Left Rear Quarter Panel,Left Rear Quarter Panel,Left Side Doors,Center Front End,Right Front Bumper,N,,Unspecified,Unspecified,QUEENS,11361.0,"(40.76879, -73.7747)",0.0,0.0,0,0,0,0,0,0,Sedan,Station Wagon/Sport Utility Vehicle,0
17528116,3655197,04/22/2017,12:08,9390a2ce-06b1-4f95-a8b3-b916841e6b21,Sedan,VOLK -CAR/SUV,2016.0,1.0,F,Licensed,Stopped in Traffic,Center Back End,Center Back End,,,,N,,Unspecified,Unspecified,,,"(40.742012, -73.78278)",0.0,0.0,0,0,0,0,0,0,Sedan,Sedan,0
17446665,3623908,02/17/2017,16:00,32f8efc2-b634-445c-980e-2e184c93b5af,Sedan,INFI -CAR/SUV,2003.0,1.0,M,Licensed,Going Straight Ahead,Right Side Doors,Right Side Doors,Right Rear Quarter Panel,,,N,,Unspecified,Unspecified,BRONX,10468.0,"(40.8644, -73.903915)",0.0,0.0,0,0,0,0,0,0,Sedan,Sedan,0
17880658,3816433,12/17/2017,11:00,2f419687-e09c-4561-9117-e086336d1f9e,Sedan,MERZ -CAR/SUV,2017.0,1.0,M,Licensed,Parked,Left Front Bumper,Left Front Quarter Panel,Left Front Quarter Panel,,,N,,Unspecified,Unspecified,BROOKLYN,11216.0,"(40.67164, -73.95034)",0.0,0.0,0,0,0,0,0,0,Sedan,Sedan,0
17954491,3766885,10/10/2017,14:16,231a0847-a0d8-4e9c-86b7-b3c9f4441fb1,Sedan,HOND -CAR/SUV,2006.0,1.0,F,Licensed,Going Straight Ahead,Right Side Doors,Right Side Doors,Right Rear Quarter Panel,Right Rear Bumper,,N,,Unspecified,Unspecified,,,"(40.722343, -73.80986)",0.0,0.0,0,0,0,0,0,0,Sedan,Station Wagon/Sport Utility Vehicle,0
17984151,3756171,09/24/2017,12:55,3daf91b4-a7b3-4a93-b71b-9e3dcc506ea3,Station Wagon/Sport Utility Vehicle,TOYT -CAR/SUV,2017.0,0.0,,,Parked,Left Side Doors,Left Rear Quarter Panel,,,,N,,Unspecified,Unspecified,QUEENS,11413.0,"(40.66546, -73.747284)",1.0,0.0,0,0,0,0,1,0,Station Wagon/Sport Utility Vehicle,Sedan,1
17943417,3806160,12/08/2017,15:50,f6a61977-76db-472a-8976-089cf1d401f4,Sedan,AUDI -CAR/SUV,2015.0,1.0,F,Licensed,Slowing or Stopping,Center Front End,Left Front Bumper,,,,N,,Driver Inattention/Distraction,Unspecified,QUEENS,11368.0,"(40.736317, -73.857605)",0.0,0.0,0,0,0,0,0,0,Pick-up Truck,Sedan,0
17550307,3694670,06/17/2017,14:43,134578c5-77d4-4b98-a55d-97ca3adbd95e,Sedan,TOYT -CAR/SUV,2017.0,2.0,M,Licensed,Going Straight Ahead,No Damage,No Damage,No Damage,No Damage,No Damage,N,,Driver Inattention/Distraction,Unspecified,BROOKLYN,11228.0,"(40.616047, -74.025734)",0.0,0.0,0,0,0,0,0,0,Sedan,Pick-up Truck,0
17936015,3760173,09/25/2017,18:00,912b0b10-c842-48aa-a3a2-10c2a221f15b,Sedan,VOLK -CAR/SUV,2010.0,0.0,,,Parked,Center Front End,Center Front End,,,,N,,Unspecified,Unspecified,QUEENS,11358.0,"(40.760838, -73.792564)",0.0,0.0,0,0,0,0,0,0,Sedan,,0
17116178,3611981,02/06/2017,15:15,cd021249-7939-4a23-9627-e16ad95918f1,Sedan,HOND -CAR/SUV,2016.0,0.0,M,Licensed,Starting from Parking,Center Front End,No Damage,No Damage,No Damage,No Damage,N,,Driver Inattention/Distraction,Unspecified,BROOKLYN,11249.0,"(40.701317, -73.96269)",1.0,0.0,0,0,1,0,0,0,Sedan,Bike,1
17672995,3743767,09/05/2017,17:20,3f29d6d6-4122-431e-ab8a-ede4789cf028,Sedan,HYUN -CAR/SUV,2016.0,1.0,M,Licensed,Making Right Turn,Left Rear Bumper,Left Rear Bumper,Left Rear Quarter Panel,,,N,,Unspecified,Unspecified,QUEENS,11426.0,"(40.724194, -73.72509)",0.0,0.0,0,0,0,0,0,0,Sedan,Sedan,0
17436918,3615329,02/14/2017,08:00,976d75e2-2fc9-4053-988d-42f42c6d5ca7,Box Truck,FRHT-TRUCK/BUS,2007.0,1.0,M,Licensed,Merging,Left Front Bumper,Left Front Bumper,No Damage,No Damage,No Damage,N,,Unsafe Lane Changing,Driver Inattention/Distraction,,,"(40.826523, -73.93116)",0.0,0.0,0,0,0,0,0,0,Pick-up Truck,Box Truck,0
17095049,3597997,01/14/2017,14:50,1b479079-312a-4b60-abfc-c50e14008b09,Sedan,DODG -CAR/SUV,2015.0,3.0,M,Licensed,Making Left Turn,Center Front End,Center Front End,Left Front Bumper,Right Front Bumper,,N,,Pavement Slippery,Unspecified,,,"(40.668266, -73.84214)",0.0,0.0,0,0,0,0,0,0,Sedan,Station Wagon/Sport Utility Vehicle,0
17827214,3777841,10/26/2017,07:15,c703672e-f7e4-4d28-b214-ff715bf2368b,Sedan,LEXS -CAR/SUV,2008.0,1.0,F,,Going Straight Ahead,Left Front Quarter Panel,No Damage,,,,N,,Unspecified,Unspecified,BROOKLYN,11213.0,"(40.677483, -73.93033)",0.0,0.0,0,0,0,0,0,0,Sedan,Taxi,0
17524128,3655397,04/23/2017,04:20,af3217bc-3802-4b78-8d32-265636ca4b78,Station Wagon/Sport Utility Vehicle,HOND -CAR/SUV,2005.0,2.0,M,Licensed,Going Straight Ahead,Right Front Bumper,Right Front Bumper,Right Front Quarter Panel,,,N,,Steering Failure,Unspecified,,,"(40.69146, -73.88547)",0.0,0.0,0,0,0,0,0,0,Station Wagon/Sport Utility Vehicle,Sedan,0
17515497,3684075,06/04/2017,19:30,9294c760-f2e5-4b07-b99d-f9ca5399d14b,Station Wagon/Sport Utility Vehicle,WHEEL,2015.0,3.0,F,Licensed,Backing,Left Rear Quarter Panel,Left Rear Quarter Panel,,,,N,,Driver Inattention/Distraction,Driver Inattention/Distraction,BRONX,10469.0,"(40.870007, -73.854614)",0.0,0.0,0,0,0,0,0,0,Station Wagon/Sport Utility Vehicle,Sedan,0
17974382,3808401,12/12/2017,15:05,7f356398-cf86-4933-bda5-5986a8b420bc,Pick-up Truck,FORD -CAR/SUV,2015.0,1.0,M,Licensed,Going Straight Ahead,Center Front End,Center Front End,Left Front Bumper,Right Front Bumper,,N,,Following Too Closely,Driver Inattention/Distraction,,,"(40.75727, -73.74765)",3.0,0.0,0,0,0,0,3,0,Sedan,Pick-up Truck,1
17962222,3802561,11/27/2017,13:00,f62b7d1a-90b8-4d93-8893-01dfcf823134,Sedan,VOLK -CAR/SUV,2011.0,1.0,M,Licensed,Going Straight Ahead,Left Rear Quarter Panel,Left Rear Quarter Panel,Undercarriage,No Damage,No Damage,N,,Unspecified,Unspecified,,,"(40.841064, -73.84126)",0.0,0.0,0,0,0,0,0,0,Sedan,Sedan,0
17591715,3699559,06/26/2017,12:30,61705aa1-f942-46b4-bb6c-aa2fe9080423,Sedan,TOYT -CAR/SUV,2009.0,1.0,M,Licensed,Starting from Parking,Left Front Bumper,Left Front Bumper,,,,N,,Failure to Yield Right-of-Way,Unspecified,QUEENS,11004.0,"(40.73903, -73.700584)",0.0,0.0,0,0,0,0,0,0,Station Wagon/Sport Utility Vehicle,Sedan,0
19658023,3808676,12/12/2017,17:55,35dfed2c-06c5-4daa-b9b0-5361e419479a,Sedan,FORD -CAR/SUV,2008.0,1.0,M,Licensed,Parked,Center Front End,Center Front End,,,,N,,Unspecified,Unspecified,BRONX,10465.0,"(40.827576, -73.82324)",0.0,0.0,0,0,0,0,0,0,Sedan,Station Wagon/Sport Utility Vehicle,0
17593751,3708241,07/09/2017,16:50,d9b0c135-466d-446d-9897-9bede627081c,Station Wagon/Sport Utility Vehicle,HOND -CAR/SUV,2015.0,1.0,M,Licensed,Going Straight Ahead,Left Side Doors,Left Side Doors,Left Rear Quarter Panel,,,N,,Unspecified,Unspecified,QUEENS,11693.0,"(40.58646, -73.81544)",0.0,0.0,0,0,0,0,0,0,Station Wagon/Sport Utility Vehicle,Station Wagon/Sport Utility Vehicle,0
17909725,3812839,12/18/2017,08:55,d6505f37-ac80-4f43-a8a2-1e5e2795fd91,Station Wagon/Sport Utility Vehicle,HOND -CAR/SUV,2007.0,1.0,F,Licensed,Going Straight Ahead,Right Rear Quarter Panel,Right Rear Quarter Panel,Right Rear Bumper,,,Unspecified,,Unspecified,Unspecified,BROOKLYN,11210.0,"(40.619816, -73.943596)",0.0,0.0,0,0,0,0,0,0,Station Wagon/Sport Utility Vehicle,,0
17538997,3669514,05/12/2017,15:38,d83a9cd9-02f0-4755-bbe2-160e86eace6a,Sedan,NISS -CAR/SUV,2002.0,1.0,F,Licensed,Stopped in Traffic,Center Back End,Center Back End,Left Rear Bumper,No Damage,No Damage,N,,Unspecified,Unspecified,BROOKLYN,11203.0,"(40.6483, -73.92807)",0.0,0.0,0,0,0,0,0,0,Sedan,Sedan,0
17923111,3787210,11/10/2017,10:20,82c6d4a7-41e6-41c2-9d97-c1e26b3f9895,Station Wagon/Sport Utility Vehicle,MERZ -CAR/SUV,2015.0,2.0,M,Licensed,Stopped in Traffic,Right Rear Bumper,Right Rear Bumper,Right Rear Quarter Panel,,,N,,Unspecified,Unspecified,,,"(40.745174, -73.974754)",0.0,0.0,0,0,0,0,0,0,Station Wagon/Sport Utility Vehicle,Station Wagon/Sport Utility Vehicle,0