UNIQUE_ID,COLLISION_ID,CRASH_DATE,CRASH_TIME,VEHICLE_ID,VEHICLE_TYPE,VEHICLE_MAKE,VEHICLE_YEAR,VEHICLE_OCCUPANTS,DRIVER_SEX,DRIVER_LICENSE_STATUS,PRE_CRASH,POINT_OF_IMPACT,VEHICLE_DAMAGE,VEHICLE_DAMAGE_1,VEHICLE_DAMAGE_2,VEHICLE_DAMAGE_3,PUBLIC_PROPERTY_DAMAGE,PUBLIC_PROPERTY_DAMAGE_TYPE,CONTRIBUTING_FACTOR_1,CONTRIBUTING_FACTOR_2,BOROUGH,ZIP CODE,LOCATION,NUMBER OF PERSONS INJURED,NUMBER OF PERSONS KILLED,NUMBER OF PEDESTRIANS INJURED,NUMBER OF PEDESTRIANS KILLED,NUMBER OF CYCLIST INJURED,NUMBER OF CYCLIST KILLED,NUMBER OF MOTORIST INJURED,NUMBER OF MOTORIST KILLED,VEHICLE TYPE CODE 1,VEHICLE TYPE CODE 2,Severity
17931006,3763732,10/04/2017,07:00,e5a19d6c-db92-412c-a997-56b173e48c34,3-Door,FORD-TRUCK/BUS,2003.0,1.0,,,Changing Lanes,Left Front Bumper,Left Front Bumper,Left Front Bumper,Left Front Bumper,Left Front Bumper,N,,Unsafe Lane Changing,Glare,,,"(40.655334, -73.93077)",0.0,0.0,0,0,0,0,0,0,Station Wagon/Sport Utility Vehicle,3-Door,0
17453747,3650425,04/12/2017,13:30,f2728a42-4759-4276-9348-2da8fade9a97,Pick-up Truck,CHEV -CAR/SUV,2004.0,1.0,M,Licensed,Making Right Turn,Right Front Quarter Panel,Right Side Doors,,,,N,,Turning Improperly,Passing or Lane Usage Improper,,,"(40.697998, -73.92606)",0.0,0.0,0,0,0,0,0,0,Station Wagon/Sport Utility Vehicle,Pick-up Truck,0
17926217,4024972,10/04/2017,18:20,b8712d1b-6836-4cad-97e7-cd055484ee4d,Sedan,MAZD -CAR/SUV,2011.0,1.0,M,Licensed,Going Straight Ahead,Left Rear Quarter Panel,Left Rear Quarter Panel,Left Side Doors,Left Rear Quarter Panel,Left Side Doors,N,,Drugs (illegal),Unspecified,BRONX,10473.0,"(40.819214, -73.84662)",0.0,0.0,0,0,0,0,0,0,Sedan,Sedan,0
17921119,3774352,10/22/2017,08:00,18055820-b373-49ad-adf3-b8390dbd91ab,Sedan,TOYT -CAR/SUV,2016.0,1.0,M,Licensed,Going Straight Ahead,Center Front End,Center Front End,,,,N,,Driver Inattention/Distraction,Driver Inattention/Distraction,MANHATTAN,10016.0,"(40.750904, -73.98068)",1.0,0.0,0,0,0,0,1,0,Sedan,Pick-up Truck,1
17967032,3794019,11/20/2017,14:45,badf9b66-4e14-4654-92d6-597701664c94,Station Wagon/Sport Utility Vehicle,KIA -CAR/SUV,2015.0,1.0,F,Licensed,Making Right Turn,Center Back End,Center Back End,,,,N,,Unspecified,Unspecified,QUEENS,11358.0,"(40.759445, -73.78964)",0.0,0.0,0,0,0,0,0,0,Station Wagon/Sport Utility Vehicle,Station Wagon/Sport Utility Vehicle,0
17926156,3788343,11/12/2017,16:50,5397e08f-1111-4da3-9b11-7e6c8eb78c89,Sedan,TOYT -CAR/SUV,2015.0,0.0,,,Parked,Left Front Quarter Panel,Left Front Quarter Panel,,,,N,,Unspecified,Unspecified,,,"(40.83836, -73.92493)",0.0,0.0,0,0,0,0,0,0,Station Wagon/Sport Utility Vehicle,Sedan,0
17539262,3669504,05/13/2017,00:30,81093bf6-148e-4ad2-984e-04ece4d85e5c,Sedan,BMW -CAR/SUV,2015.0,1.0,M,Licensed,Going Straight Ahead,Left Side Doors,Left Side Doors,,,,N,,Unspecified,Unspecified,BROOKLYN,11203.0,"(40.655334, -73.93077)",0.0,0.0,0,0,0,0,0,0,Station Wagon/Sport Utility Vehicle,Sedan,0
17879785,3779785,10/20/2017,19:45,f36f93b4-b783-4d84-9693-2e517a818485,Sedan,LINC -CAR/SUV,2015.0,2.0,M,Licensed,Going Straight Ahead,Left Rear Quarter Panel,Left Rear Quarter Panel,Other,Other,,N,,Unspecified,Unspecified,MANHATTAN,10011.0,"(40.74044, -73.9946)",0.0,0.0,0,0,0,0,0,0,Box Truck,Sedan,0
17474030,3643522,03/31/2017,16:50,a433ced9-b25a-4c15-aa6a-5070f0decbc4,Station Wagon/Sport Utility Vehicle,FORD -CAR/SUV,,0.0,,,,Right Side Doors,Right Rear Quarter Panel,Right Rear Bumper,No Damage,Right Front Bumper,N,,,,MANHATTAN,10036.0,"(40.75577, -73.98422)",0.0,0.0,0,0,0,0,0,0,Station Wagon/Sport Utility Vehicle,Station Wagon/Sport Utility Vehicle,0
17572609,3695234,06/19/2017,17:30,fc698a3c-09cf-4f43-9a8d-fcda7c3988f8,Sedan,TOYT -CAR/SUV,2010.0,0.0,F,Licensed,Making Left Turn,Left Rear Quarter Panel,Left Rear Quarter Panel,No Damage,No Damage,No Damage,N,,Unspecified,Unspecified,,,,0.0,0.0,0,0,0,0,0,0,Sedan,,0
17445780,3627657,03/01/2017,18:37,d3e28c84-b606-47e3-a5a4-0f07011cfb42,Sedan,MNNI -CAR/SUV,2015.0,1.0,F,Licensed,Stopped in Traffic,Center Back End,No Damage,,,,N,,Unspecified,Unspecified,,,"(40.83118, -73.83813)",0.0,0.0,0,0,0,0,0,0,Sedan,Sedan,0
17961853,3795809,11/21/2017,12:54,efc8006b-d550-4e12-a226-b69aca28c087,Sedan,HOND -CAR/SUV,2012.0,2.0,M,Licensed,Going Straight Ahead,Left Front Bumper,Left Front Bumper,Center Front End,Right Front Bumper,Left Front Quarter Panel,Y,,Unspecified,Unspecified,,,"(40.66709, -73.76376)",6.0,0.0,0,0,0,0,6,0,Sedan,Ambulance,1
17855847,3782423,11/02/2017,07:30,713a9353-0d9d-45b8-be4e-86cb9d47cf0b,Station Wagon/Sport Utility Vehicle,NISS -CAR/SUV,2002.0,1.0,M,Licensed,Going Straight Ahead,Center Front End,Center Front End,Right Front Bumper,Left Front Bumper,Undercarriage,N,,Pavement Slippery,View Obstructed/Limited,,,"(40.56015, -74.19968)",0.0,0.0,0,0,0,0,0,0,Station Wagon/Sport Utility Vehicle,Pick-up Truck,0
17838999,3775911,10/23/2017,04:15,d79a7835-6771-49f4-99f8-a3ad6ba97a75,Tow Truck / Wrecker,HINO -TRUCK/BUS,2005.0,0.0,M,Licensed,Going Straight Ahead,Left Rear Bumper,Left Rear Bumper,,,,Unspecified,,Unspecified,Unspecified,,,,0.0,0.0,0,0,0,0,0,0,Sedan,Tow Truck / Wrecker,0
17890583,3764557,10/06/2017,20:25,f8d48c86-5b25-4484-80f2-163ea91b16b2,Sedan,HOND -CAR/SUV,2012.0,1.0,M,Licensed,Parked,Right Rear Quarter Panel,Right Rear Quarter Panel,,,,N,,Unspecified,Unspecified,,,"(40.608635, -74.00094)",0.0,0.0,0,0,0,0,0,0,Station Wagon/Sport Utility Vehicle,Sedan,0
17458491,3632629,03/15/2017,21:00,8fae4e1c-9394-4949-8990-0de8beb43ed1,Sedan,HYUN -CAR/SUV,2016.0,1.0,M,Licensed,Going Straight Ahead,Right Front Bumper,Right Front Bumper,,,,N,,Failure to Yield Right-of-Way,Passing Too Closely,BROOKLYN,11249.0,"(40.712055, -73.96615)",0.0,0.0,0,0,0,0,0,0,Sedan,Sedan,0
17668824,3731338,08/15/2017,11:35,c9815006-59c7-4293-806f-f727cbc04a70,Station Wagon/Sport Utility Vehicle,FORD -CAR/SUV,2009.0,2.0,F,,Parked,Left Front Bumper,Left Front Bumper,,,,N,,Unspecified,Unspecified,,,"(40.687206, -73.875145)",0.0,0.0,0,0,0,0,0,0,Station Wagon/Sport Utility Vehicle,Station Wagon/Sport Utility Vehicle,0
17484458,3660007,04/28/2017,08:35,5fe0036b-2748-404e-9de2-3b46d96b9710,Station Wagon/Sport Utility Vehicle,SUBA -CAR/SUV,2015.0,1.0,F,Licensed,Making Left Turn,Right Front Bumper,Right Front Bumper,No Damage,No Damage,No Damage,N,,Turning Improperly,Turning Improperly,BRONX,10460.0,"(40.83893, -73.876236)",0.0,0.0,0,0,0,0,0,0,Station Wagon/Sport Utility Vehicle,Station Wagon/Sport Utility Vehicle,0
17829283,3765934,10/07/2017,23:45,0047cd34-eee1-4145-b078-7a0ff56febb0,Sedan,TOYT -CAR/SUV,2017.0,1.0,M,Licensed,Other*,Left Front Bumper,No Damage,No Damage,No Damage,No Damage,N,,Unspecified,Unspecified,,,"(40.728065, -73.99896)",0.0,0.0,0,0,0,0,0,0,Sedan,Sedan,0
17930689,3763891,10/05/2017,09:00,91e222a3-a735-4102-a61f-52d2c4b822bf,Sedan,SUBA -CAR/SUV,2017.0,1.0,F,Licensed,Going Straight Ahead,Center Back End,Center Back End,Right Rear Bumper,Left Rear Bumper,Other,N,,Unspecified,Unspecified,,,,0.0,0.0,0,0,0,0,0,0,Sedan,Station Wagon/Sport Utility Vehicle,0
17951382,3805710,12/08/2017,12:20,fc0cf1dc-9ed3-44d8-acef-b685bcd3eb60,Sedan,MERZ -CAR/SUV,2015.0,1.0,M,Licensed,Starting from Parking,Left Front Quarter Panel,Left Front Quarter Panel,Right Front Quarter Panel,Right Side Doors,Right Rear Quarter Panel,N,,Other Vehicular,Unspecified,BROOKLYN,11206.0,,0.0,0.0,0,0,0,0,0,0,Sedan,Sedan,0
17443504,3643976,03/31/2017,21:50,c83186b5-ccc2-424d-86fc-8f0f21eb8a59,Sedan,NISS -CAR/SUV,2016.0,3.0,M,Licensed,Making Right Turn,Left Front Bumper,Left Front Quarter Panel,Center Front End,,,Unspecified,,View Obstructed/Limited,Unspecified,,,"(40.663124, -73.96244)",0.0,0.0,0,0,0,0,0,0,Sedan,Sedan,0
17856358,3791131,11/15/2017,20:00,216c1a0f-5082-4f85-8c64-79225c214e8e,Sedan,TOYT -CAR/SUV,2013.0,1.0,M,Licensed,Going Straight Ahead,Left Front Bumper,Left Front Bumper,Center Front End,,,N,,Following Too Closely,Unspecified,,,"(40.675507, -74.00075)",0.0,0.0,0,0,0,0,0,0,Sedan,Sedan,0
17122971,3625667,03/02/2017,14:24,7916b023-752c-434f-abdf-ffd0e2893238,Pick-up Truck,DODG -CAR/SUV,2006.0,1.0,M,Licensed,Going Straight Ahead,Left Front Bumper,Left Front Bumper,,,,N,,Reaction to Uninvolved Vehicle,Passing Too Closely,BROOKLYN,11237.0,"(40.70519, -73.91478)",0.0,0.0,0,0,0,0,0,0,Pick-up Truck,Station Wagon/Sport Utility Vehicle,0
17094873,3607693,01/29/2017,11:45,57f00dc6-8298-4b18-8cb6-324cbc88b081,Station Wagon/Sport Utility Vehicle,FORD -CAR/SUV,2001.0,2.0,M,Licensed,Going Straight Ahead,Right Front Bumper,Right Front Bumper,Right Front Bumper,Right Front Bumper,Right Front Bumper,Y,,Driver Inattention/Distraction,Alcohol Involvement,BROOKLYN,11225.0,"(40.663616, -73.95553)",2.0,0.0,0,0,0,0,2,0,Station Wagon/Sport Utility Vehicle,,1
17465623,3642167,03/19/2017,10:10,988996a5-3d5e-4bb2-ae8d-2ebd66912225,Pick-up Truck,CHEV -CAR/SUV,2016.0,2.0,M,Licensed,Going Straight Ahead,Left Side Doors,Left Side Doors,Left Rear Quarter Panel,,,N,,Unspecified,Unspecified,,,"(40.62499, -74.14403)",0.0,0.0,0,0,0,0,0,0,Pick-up Truck,Sedan,0
17489244,3666029,05/08/2017,08:06,a9ece59d-e358-45c2-8482-9317c93d748b,Sedan,HYUN -CAR/SUV,2004.0,1.0,M,Licensed,Going Straight Ahead,Left Rear Quarter Panel,Left Rear Quarter Panel,,,,N,,Unspecified,Unspecified,MANHATTAN,10035.0,"(40.804066, -73.93267)",0.0,0.0,0,0,0,0,0,0,Sedan,Dump,0
17619790,3741593,09/03/2017,16:13,1a5d64e5-c817-419b-ae9a-0b769824d0ac,Sedan,NISS -CAR/SUV,2000.0,1.0,M,Licensed,Going Straight Ahead,Center Front End,Center Front End,,,,N,,Driver Inattention/Distraction,Unspecified,BROOKLYN,11233.0,"(40.67608, -73.906136)",0.0,0.0,0,0,0,0,0,0,Sedan,Sedan,0
17136857,3617989,02/18/2017,14:00,9d21db8d-3477-4d8e-b49d-daed70ead900,Sedan,NISS -CAR/SUV,2001.0,1.0,F,Licensed,Going Straight Ahead,Center Front End,Center Front End,Right Front Bumper,Left Front Bumper,,N,,Unspecified,Unsafe Speed,STATEN ISLAND,10305.0,"(40.59415, -74.086586)",0.0,0.0,0,0,0,0,0,0,Sedan,Sedan,0
17660622,3747074,09/08/2017,18:35,a24674a2-4591-4f91-9802-7e4047c9c901,Sedan,HOND -CAR/SUV,2016.0,1.0,F,,Going Straight Ahead,Left Front Bumper,Left Front Bumper,,,,N,,Backing Unsafely,Unspecified,,,"(40.853794, -73.83084)",0.0,0.0,0,0,0,0,0,0,Sedan,Sedan,0
17485100,3646973,04/07/2017,20:30,9d7f8d3e-19fe-4d6a-b32b-a9f1f5ca571a,Station Wagon/Sport Utility Vehicle,FORD -CAR/SUV,2015.0,1.0,M,,Going Straight Ahead,Center Front End,Center Front End,,,,N,,Following Too Closely,Unspecified,,,,0.0,0.0,0,0,0,0,0,0,Sedan,Station Wagon/Sport Utility Vehicle,0
19633909,3726392,08/03/2017,13:20,8d844165-9541-4d5c-8846-5adbce6cdecc,Sedan,TOYT -CAR/SUV,2007.0,1.0,M,Licensed,Backing,Right Rear Bumper,Right Rear Bumper,,,,N,,Backing Unsafely,Driver Inattention/Distraction,BRONX,10462.0,"(40.833557, -73.85774)",0.0,0.0,0,0,0,0,0,0,Sedan,Sedan,0
17577090,3704188,07/01/2017,21:12,051d8448-53a3-45eb-aeb1-fb8fc912de39,Sedan,CHRY -CAR/SUV,2005.0,0.0,,,Parked,Left Front Bumper,Left Front Quarter Panel,,,,N,,Unspecified,Unspecified,BRONX,10461.0,"(40.843147, -73.83026)",0.0,0.0,0,0,0,0,0,0,Sedan,Station Wagon/Sport Utility Vehicle,0
17642410,3735728,08/22/2017,11:30,9550b2bb-6bef-4688-aaf1-cd94bd44dd4c,Station Wagon/Sport Utility Vehicle,NISS -CAR/SUV,2016.0,2.0,F,Licensed,Making Left Turn,Right Front Quarter Panel,Right Side Doors,Right Front Quarter Panel,Right Side Doors,Right Side Doors,N,,Unspecified,Unspecified,,,"(40.596405, -73.958786)",0.0,0.0,0,0,0,0,0,0,Station Wagon/Sport Utility Vehicle,Sedan,0
17660217,3727975,08/08/2017,08:20,416ddc63-a26f-4385-af45-2994705df907,Sedan,TOYT -CAR/SUV,2015.0,1.0,F,Licensed,Stopped in Traffic,Right Rear Bumper,Right Rear Bumper,,,,N,,Unspecified,Unspecified,,,,0.0,0.0,0,0,0,0,0,0,Sedan,Station Wagon/Sport Utility Vehicle,0
17510312,3703716,06/29/2017,08:30,84525999-46d0-4b3e-a47b-8841ec62236d,Station Wagon/Sport Utility Vehicle,FORD -CAR/SUV,2006.0,2.0,M,Licensed,Going Straight Ahead,Right Front Bumper,Right Front Bumper,,,,N,,Driver Inattention/Distraction,Unspecified,,,,0.0,0.0,0,0,0,0,0,0,Station Wagon/Sport Utility Vehicle,Station Wagon/Sport Utility Vehicle,0
17478828,3697292,06/10/2017,09:15,7a550bc7-1c97-4a21-9257-1b702745ecba,Station Wagon/Sport Utility Vehicle,FORD -CAR/SUV,1996.0,0.0,,,Parked,Center Front End,Center Front End,Center Front End,Center Front End,Center Front End,N,,Unspecified,Unspecified,MANHATTAN,10034.0,"(40.868347, -73.918274)",0.0,0.0,0,0,0,0,0,0,Sedan,Station Wagon/Sport Utility Vehicle,0
17083893,3597339,01/12/2017,17:07,ab87f459-2c34-42f1-8b33-e9f025364056,Sedan,NISS -CAR/SUV,2001.0,0.0,M,Licensed,Parked,Left Front Bumper,Left Front Bumper,Center Front End,Right Front Bumper,,N,,Unspecified,Unspecified,BROOKLYN,11212.0,"(40.668056, -73.90406)",0.0,0.0,0,0,0,0,0,0,Sedan,,0
17668874,3731896,08/16/2017,05:55,078b9f02-8ae7-4391-8fd0-cdf1aee9a942,Sedan,AUDI -CAR/SUV,2004.0,2.0,F,Permit,Going Straight Ahead,Right Front Bumper,Right Front Bumper,Center Front End,Left Front Bumper,Right Front Quarter Panel,N,,Alcohol Involvement,Driver Inexperience,,,"(40.68064, -73.89672)",1.0,0.0,0,0,0,0,1,0,Sedan,,1
17598375,3733573,08/19/2017,18:53,ead9ae44-e9b0-4d9c-a79f-ba81744115f2,Sedan,TOYT -CAR/SUV,2016.0,1.0,M,Licensed,Slowing or Stopping,Center Back End,Center Back End,Center Front End,Left Front Bumper,Right Front Bumper,N,,Following Too Closely,Unspecified,,,"(40.71598, -73.97579)",1.0,0.0,0,0,0,0,1,0,Station Wagon/Sport Utility Vehicle,Station Wagon/Sport Utility Vehicle,1
17578789,3709627,07/09/2017,13:08,77007173-6e95-4030-812d-5c71e740ef0a,Sedan,NISS -CAR/SUV,2000.0,0.0,M,Permit,Other*,Right Front Bumper,Right Front Bumper,No Damage,No Damage,No Damage,N,,Unspecified,Unspecified,,,"(40.826275, -73.85971)",0.0,0.0,0,0,0,0,0,0,Sedan,Sedan,0
17607813,3676789,05/23/2017,08:20,89512720-9118-4612-ac32-cb9078683b58,Sedan,FORD -CAR/SUV,2013.0,1.0,F,Licensed,Stopped in Traffic,Right Front Quarter Panel,Right Front Quarter Panel,Right Side Doors,Right Rear Quarter Panel,No Damage,N,,Unspecified,Unspecified,BROOKLYN,11210.0,"(40.628647, -73.95207)",0.0,0.0,0,0,0,0,0,0,Sedan,,0
17784184,3800469,11/29/2017,15:50,e08f49b5-84b5-47bd-a911-0a9893ef3505,Sedan,TOYT -CAR/SUV,2014.0,1.0,F,Licensed,Slowing or Stopping,Center Front End,Center Front End,Left Front Bumper,Right Front Bumper,,N,,Driver Inattention/Distraction,Driver Inattention/Distraction,,,"(40.590477, -73.810104)",0.0,0.0,0,0,0,0,0,0,Sedan,Sedan,0
17448795,3649589,04/11/2017,02:00,2817206b-7f90-497d-a6b3-fdba5fd04466,Taxi,MERC -CAR/SUV,2007.0,2.0,M,Licensed,Going Straight Ahead,Center Front End,Center Front End,Left Front Bumper,Right Front Bumper,,N,,Fell Asleep,Unspecified,BROOKLYN,11225.0,"(40.663483, -73.9627)",1.0,0.0,0,0,0,0,1,0,Taxi,Station Wagon/Sport Utility Vehicle,1
17868404,3745339,09/06/2017,21:42,4b1d0ee1-386c-40d8-a45f-ad462b51199c,Sedan,TOYT -CAR/SUV,2017.0,1.0,F,Licensed,Going Straight Ahead,Center Back End,Center Back End,,,,N,,Unspecified,Unspecified,BROOKLYN,11234.0,"(40.60981, -73.92251)",0.0,0.0,0,0,0,0,0,0,Sedan,Station Wagon/Sport Utility Vehicle,0
17088281,3599081,01/15/2017,19:22,26f6b657-0f09-4f91-ab08-17643ad9ffa9,Station Wagon/Sport Utility Vehicle,MERZ -CAR/SUV,1999.0,1.0,M,Licensed,Going Straight Ahead,Right Front Quarter Panel,Right Front Quarter Panel,,,,N,,Other Vehicular,Unspecified,MANHATTAN,10012.0,"(40.720623, -73.99498)",0.0,0.0,0,0,0,0,0,0,Station Wagon/Sport Utility Vehicle,Station Wagon/Sport Utility Vehicle,0
17877882,3772034,10/18/2017,19:00,6ba7574a-2246-493b-924c-e5cb709602aa,Sedan,FORD -CAR/SUV,2010.0,1.0,M,Licensed,Going Straight Ahead,Right Front Bumper,Center Front End,Left Front Bumper,No Damage,No Damage,N,,Driver Inattention/Distraction,Following Too Closely,,,,0.0,0.0,0,0,0,0,0,0,Station Wagon/Sport Utility Vehicle,Sedan,0
17449827,3682638,06/02/2017,19:00,bedc5da1-56b1-4e76-898f-b80c4c6144e4,Sedan,TOYT -CAR/SUV,2015.0,2.0,M,Licensed,Entering Parked Position,Right Side Doors,Right Rear Quarter Panel,Right Side Doors,,,N,,Unspecified,Unspecified,BROOKLYN,11221.0,"(40.687492, -73.923645)",0.0,0.0,0,0,0,0,0,0,Sedan,Sedan,0
17442059,3643410,04/01/2017,18:30,d133efcb-6ba2-4dbd-bdaa-5d9f5a2423f0,Station Wagon/Sport Utility Vehicle,HOND -CAR/SUV,2014.0,2.0,,,Parked,Center Back End,Center Back End,,,,N,,Unspecified,Unspecified,BROOKLYN,11236.0,"(40.63653, -73.89273)",0.0,0.0,0,0,0,0,0,0,Station Wagon/Sport Utility Vehicle,Station Wagon/Sport Utility Vehicle,0
17891276,3796181,11/23/2017,11:20,f59fac3c-6524-4202-83d5-de42a53ff8c4,Station Wagon/Sport Utility Vehicle,NISS -CAR/SUV,2011.0,1.0,F,Licensed,Going Straight Ahead,Left Front Bumper,Left Front Bumper,No Damage,No Damage,No Damage,N,,Driver Inattention/Distraction,Driver Inattention/Distraction,BRONX,10462.0,"(40.85441, -73.86294)",0.0,0.0,0,0,0,0,0,0,Station Wagon/Sport Utility Vehicle,Sedan,0
17936000,3789180,11/10/2017,22:20,43d1a76a-39c5-441a-b885-b72c39ed19d1,Sedan,TOYT -CAR/SUV,2016.0,1.0,M,Licensed,Going Straight Ahead,Right Rear Bumper,Center Back End,Left Rear Bumper,,,N,,Unspecified,Unspecified,,,"(40.70483, -73.96633)",0.0,0.0,0,0,0,0,0,0,Sedan,Sedan,0
17542732,3690200,06/13/2017,19:00,6d587963-cbcc-4f4e-a069-bf6154584b21,Sedan,SUBA -CAR/SUV,2017.0,1.0,F,Licensed,Going Straight Ahead,Right Rear Quarter Panel,Right Side Doors,No Damage,No Damage,No Damage,N,,Driver Inattention/Distraction,Unspecified,QUEENS,11432.0,"(40.70953, -73.7964)",0.0,0.0,0,0,0,0,0,0,Sedan,Station Wagon/Sport Utility Vehicle,0
17501828,3670231,05/10/2017,14:00,7793648a-8a64-4376-8bfc-780f31ed2177,Sedan,HYUN -CAR/SUV,2013.0,1.0,F,Licensed,Going Straight Ahead,Right Rear Bumper,Right Rear Quarter Panel,Right Side Doors,,,Unspecified,,Unspecified,Unspecified,BROOKLYN,11234.0,"(40.619987, -73.91017)",0.0,0.0,0,0,0,0,0,0,Sedan,,0
17901220,3777033,10/24/2017,08:22,158c2bae-629f-4e5d-b4e1-b161f5c5bf2d,Bus,NEW FLYER,2011.0,1.0,M,,Making Right Turn,Left Side Doors,Left Side Doors,,,,N,,Driver Inattention/Distraction,Unspecified,BROOKLYN,11218.0,"(40.647182, -73.98134)",0.0,0.0,0,0,0,0,0,0,Bus,Station Wagon/Sport Utility Vehicle,0
17978884,3752774,09/18/2017,09:00,01ac20fa-ffd1-4368-8fe3-c52f08cd161f,Sedan,HOND -CAR/SUV,2013.0,1.0,M,Licensed,Going Straight Ahead,Center Front End,Center Front End,No Damage,No Damage,No Damage,N,,Unspecified,Unspecified,BROOKLYN,11208.0,"(40.681355, -73.88022)",1.0,0.0,0,0,1,0,0,0,Bike,Sedan,1
17583429,3696675,06/20/2017,14:20,8c046067-178d-42dc-8b25-f403900325d6,Station Wagon/Sport Utility Vehicle,NISS -CAR/SUV,2017.0,0.0,,,Parked,Left Front Bumper,Left Front Bumper,,,,N,,Unspecified,Unspecified,QUEENS,11377.0,"(40.74511, -73.90864)",0.0,0.0,0,0,0,0,0,0,Van,Station Wagon/Sport Utility Vehicle,0
17561275,3698109,06/24/2017,02:40,8418cc08-f8f6-4f83-aad8-cafbf67c8efc,Sedan,HOND -CAR/SUV,2015.0,2.0,F,Licensed,Making Right Turn,Left Rear Quarter Panel,Left Rear Quarter Panel,Left Side Doors,No Damage,No Damage,N,,Unspecified,Unspecified,MANHATTAN,10036.0,"(40.75484, -73.98412)",0.0,0.0,0,0,0,0,0,0,Taxi,Sedan,0
17472486,3652847,04/16/2017,11:40,f4316946-11b2-4df3-b8a1-92d68b813412,Sedan,JAGU -CAR/SUV,2006.0,0.0,,,Parked,Left Side Doors,Left Side Doors,No Damage,No Damage,No Damage,N,,Unspecified,Unspecified,STATEN ISLAND,10301.0,"(40.643093, -74.08756)",0.0,0.0,0,0,0,0,0,0,Sedan,Sedan,0
17487796,3634720,03/19/2017,12:52,124d6df7-4147-4eb2-b3d1-e8fba63ec187,Station Wagon/Sport Utility Vehicle,VOLK -CAR/SUV,2015.0,3.0,F,Licensed,Going Straight Ahead,Center Front End,Center Front End,,,,N,,Reaction to Uninvolved Vehicle,Unspecified,,,"(40.726376, -73.76624)",0.0,0.0,0,0,0,0,0,0,Station Wagon/Sport Utility Vehicle,Station Wagon/Sport Utility Vehicle,0
17582720,3702948,06/27/2017,16:52,83393a37-c360-4fcf-8018-44abf950426c,Station Wagon/Sport Utility Vehicle,FORD -CAR/SUV,2016.0,2.0,M,Licensed,Going Straight Ahead,Left Rear Bumper,Left Rear Bumper,,,,N,,Unspecified,Unspecified,QUEENS,11364.0,"(40.731777, -73.77011)",0.0,0.0,0,0,0,0,0,0,Sedan,Station Wagon/Sport Utility Vehicle,0
17140848,3618658,02/18/2017,14:20,f0db3a6d-a154-4ce8-935c-5797922fa27b,Station Wagon/Sport Utility Vehicle,ACUR -CAR/SUV,2003.0,1.0,M,Licensed,Going Straight Ahead,Center Front End,Center Front End,,,,N,,Following Too Closely,Unspecified,,,"(40.658577, -73.89063)",0.0,0.0,0,0,0,0,0,0,Station Wagon/Sport Utility Vehicle,Sedan,0
17443644,3635455,03/19/2017,16:00,d65364c2-d17c-4e2c-b23d-6f2cd76dbdc1,Station Wagon/Sport Utility Vehicle,HOND -CAR/SUV,2012.0,0.0,,,Parked,Left Front Quarter Panel,Left Side Doors,Left Rear Quarter Panel,,,N,,Unspecified,Unspecified,BRONX,10457.0,"(40.847763, -73.90729)",0.0,0.0,0,0,0,0,0,0,Station Wagon/Sport Utility Vehicle,,0
17500253,3693404,06/17/2017,13:48,ac3b973f-0464-4a47-a4de-6d3695b9895f,Sedan,LEXS -CAR/SUV,2001.0,1.0,F,Licensed,Backing,Center Back End,No Damage,No Damage,No Damage,No Damage,N,,Driver Inattention/Distraction,Other Vehicular,BROOKLYN,11205.0,"(40.692368, -73.95196)",1.0,0.0,1,0,0,0,0,0,Sedan,,1
17870895,3799960,11/29/2017,16:45,b5d226bd-fc37-4d6f-b7ea-50fa4cbd697b,Sedan,DODG -CAR/SUV,2016.0,0.0,F,Licensed,Backing,Right Rear Quarter Panel,Right Rear Quarter Panel,No Damage,No Damage,No Damage,N,,Backing Unsafely,Unspecified,BROOKLYN,11215.0,"(40.665627, -73.98422)",0.0,0.0,0,0,0,0,0,0,Sedan,Sedan,0
17630234,3724168,08/03/2017,05:48,644f58ab-a5d7-4c42-b544-6932f7594bd4,Station Wagon/Sport Utility Vehicle,TOYT -CAR/SUV,2017.0,1.0,M,Licensed,Making Right Turn,Right Side Doors,Right Side Doors,,,,N,,Turning Improperly,Unspecified,,,,0.0,0.0,0,0,0,0,0,0,Station Wagon/Sport Utility Vehicle,Sedan,0
17635969,3736462,08/24/2017,10:15,c927075c-32d8-466e-8d66-608fed4098f3,Station Wagon/Sport Utility Vehicle,TOYT -CAR/SUV,2014.0,1.0,M,Licensed,Going Straight Ahead,Right Side Doors,No Damage,No Damage,No Damage,No Damage,N,,Unspecified,Unspecified,,,"(40.725235, -74.004616)",1.0,0.0,0,0,1,0,0,0,Station Wagon/Sport Utility Vehicle,Bike,1
17624981,3734051,08/18/2017,09:00,fbff4c94-5087-412c-99e4-28e596014788,Bus,MCIN-TRUCK/BUS,2010.0,1.0,M,Licensed,Going Straight Ahead,Left Front Bumper,Left Front Bumper,No Damage,No Damage,No Damage,Unspecified,,Unspecified,Unsafe Lane Changing,,,"(40.757828, -73.99308)",0.0,0.0,0,0,0,0,0,0,Bus,,0
17456769,3673632,05/19/2017,13:40,5f15e3d3-8fc7-437e-9cc4-901a97e103c6,Sedan,HOND -CAR/SUV,2006.0,2.0,F,Licensed,Going Straight Ahead,Center Back End,Center Back End,,,,N,,Unspecified,Unspecified,,,"(40.840496, -73.94599)",2.0,0.0,0,0,0,0,2,0,Station Wagon/Sport Utility Vehicle,Sedan,1