UNIQUE_ID,COLLISION_ID,CRASH_DATE,CRASH_TIME,VEHICLE_ID,VEHICLE_TYPE,VEHICLE_MAKE,VEHICLE_YEAR,VEHICLE_OCCUPANTS,DRIVER_SEX,DRIVER_LICENSE_STATUS,PRE_CRASH,POINT_OF_IMPACT,VEHICLE_DAMAGE,VEHICLE_DAMAGE_1,VEHICLE_DAMAGE_2,VEHICLE_DAMAGE_3,PUBLIC_PROPERTY_DAMAGE,PUBLIC_PROPERTY_DAMAGE_TYPE,CONTRIBUTING_FACTOR_1,CONTRIBUTING_FACTOR_2,BOROUGH,ZIP CODE,LOCATION,NUMBER OF PERSONS INJURED,NUMBER OF PERSONS KILLED,NUMBER OF PEDESTRIANS INJURED,NUMBER OF PEDESTRIANS KILLED,NUMBER OF CYCLIST INJURED,NUMBER OF CYCLIST KILLED,NUMBER OF MOTORIST INJURED,NUMBER OF MOTORIST KILLED,VEHICLE TYPE CODE 1,VEHICLE TYPE CODE 2,Severity
17995315,3806595,12/10/2017,10:30,f40c209f-105c-4ba7-949f-7d4548b4ea3c,Sedan,HOND -CAR/SUV,2007.0,1.0,F,Licensed,Going Straight Ahead,Left Front Bumper,Right Front Bumper,Center Front End,Right Front Quarter Panel,Left Front Quarter Panel,N,,Traffic Control Disregarded,Unspecified,,,,2.0,0.0,0,0,0,0,2,0,Sedan,Station Wagon/Sport Utility Vehicle,1
17083460,3593714,01/07/2017,15:00,894fe94d-b68c-4c85-b959-e8c0df2a57bb,Tractor Truck Diesel,INTL-TRUCK/BUS,2011.0,1.0,M,Licensed,Making Right Turn,Right Rear Bumper,Right Rear Bumper,,,,N,,Driver Inattention/Distraction,Unspecified,,,"(40.696663, -73.98085)",0.0,0.0,0,0,0,0,0,0,Sedan,Tractor Truck Diesel,0
17109001,3608012,01/31/2017,19:00,5f1995ba-c910-48f3-af68-17bd5cf56e6e,Taxi,CHEV -CAR/SUV,2015.0,1.0,,,Starting from Parking,Left Front Bumper,Left Front Bumper,No Damage,No Damage,No Damage,N,,Passing or Lane Usage Improper,Unsafe Lane Changing,MANHATTAN,10001.0,"(40.75048, -73.99472)",0.0,0.0,0,0,0,0,0,0,Taxi,Taxi,0
17106454,3611007,02/05/2017,19:00,06ff96c3-b38f-4ddc-9f84-7c9314ffbeea,Sedan,GMC -CAR/SUV,2013.0,2.0,M,Licensed,Going Straight Ahead,Center Front End,Center Front End,Left Front Bumper,Right Front Bumper,,N,,Unspecified,Unspecified,BROOKLYN,11212.0,"(40.67079, -73.903275)",0.0,0.0,0,0,0,0,0,0,Station Wagon/Sport Utility Vehicle,Sedan,0
17480010,3658700,04/27/2017,17:30,2f9a220e-846f-48cd-a67e-578a76a30ce3,Sedan,CHEV -CAR/SUV,2005.0,1.0,M,Licensed,Going Straight Ahead,Left Front Bumper,No Damage,,,,N,,Following Too Closely,Unspecified,,,"(40.724262, -73.93766)",0.0,0.0,0,0,0,0,0,0,Sedan,Sedan,0
17606913,3728909,08/04/2017,12:44,51fb8142-77ad-49e2-a4f6-72acb389c4f6,Motorcycle,KAWK -MCL,2001.0,,,,Passing,,,,,,N,,Passing or Lane Usage Improper,Following Too Closely,BROOKLYN,11216.0,"(40.678238, -73.94415)",0.0,0.0,0,0,0,0,0,0,Motorcycle,Sedan,0
17893488,3804086,12/01/2017,10:30,c43253e7-5e31-40f8-b1fd-946b3c542724,Sedan,NISS -CAR/SUV,2015.0,0.0,M,Licensed,Parked,Right Front Quarter Panel,Right Front Quarter Panel,Right Side Doors,,,N,,Unspecified,Unspecified,BROOKLYN,11212.0,"(40.664948, -73.92029)",0.0,0.0,0,0,0,0,0,0,Sedan,,0
17080584,3595392,01/09/2017,19:00,58548206-1886-4294-b888-89360e23b846,Station Wagon/Sport Utility Vehicle,SUBA -CAR/SUV,,0.0,,,Parked,Left Rear Quarter Panel,Left Side Doors,Left Front Quarter Panel,No Damage,No Damage,N,,Unspecified,Unspecified,BROOKLYN,11215.0,"(40.668957, -73.98932)",0.0,0.0,0,0,0,0,0,0,Station Wagon/Sport Utility Vehicle,Box Truck,0
17635762,3736778,08/24/2017,10:45,80b8e212-621c-44dc-be07-ba2c1f8d142e,Sedan,FORD -CAR/SUV,2014.0,1.0,F,Licensed,Entering Parked Position,Right Front Bumper,Right Front Bumper,No Damage,No Damage,No Damage,N,,Following Too Closely,Unspecified,QUEENS,11435.0,"(40.703335, -73.810585)",0.0,0.0,0,0,0,0,0,0,Sedan,Sedan,0
17545158,3668311,05/10/2017,17:40,5227087f-5cdb-4410-8002-5191740771a4,Sedan,PORS -CAR/SUV,1992.0,2.0,M,Licensed,Going Straight Ahead,Right Side Doors,Right Side Doors,,,,N,,Failure to Yield Right-of-Way,Unspecified,QUEENS,11385.0,"(40.703686, -73.90918)",1.0,0.0,0,0,0,0,1,0,Station Wagon/Sport Utility Vehicle,Sedan,1
17659594,3740043,08/29/2017,13:30,5f721152-ea02-46ae-8a89-cfa185accd7c,Pick-up Truck,FORD -CAR/SUV,2016.0,1.0,M,Licensed,Going Straight Ahead,Center Front End,Demolished,,,,N,,Unspecified,Unspecified,,,,2.0,0.0,0,0,0,0,2,0,Station Wagon/Sport Utility Vehicle,Sedan,1
17845509,3796979,11/24/2017,10:00,6cbb3bfd-d387-4049-88bd-444fde3fff76,Sedan,TOYT -CAR/SUV,2013.0,0.0,,,Parked,Left Rear Bumper,Left Rear Bumper,,,,N,,Unspecified,Unspecified,,,"(40.728794, -74.00044)",0.0,0.0,0,0,0,0,0,0,Sedan,,0
19593178,3626140,03/04/2017,20:00,640f7c37-d134-4518-8f19-7f930d742bb2,Sedan,HYUN -CAR/SUV,2013.0,1.0,F,Licensed,Going Straight Ahead,Center Back End,Center Back End,Left Front Bumper,Right Rear Bumper,Left Rear Bumper,N,,Unspecified,Unspecified,,,"(40.70083, -73.82635)",0.0,0.0,0,0,0,0,0,0,Sedan,Sedan,0
17477047,3631400,03/13/2017,16:12,1224619a-5b42-48df-addf-35a3454e2735,Sedan,HYUN -CAR/SUV,2016.0,1.0,F,Licensed,Stopped in Traffic,Center Back End,Center Back End,Center Back End,Center Back End,Center Back End,N,,Unspecified,Unspecified,,,"(40.717422, -73.82374)",0.0,0.0,0,0,0,0,0,0,Sedan,Station Wagon/Sport Utility Vehicle,0
17918211,3781585,11/01/2017,17:45,6192d17b-325b-424f-b4fc-423d036aee21,Sedan,LEXS -CAR/SUV,2016.0,1.0,M,Licensed,Going Straight Ahead,Right Front Quarter Panel,Right Front Quarter Panel,,,,N,,Passing or Lane Usage Improper,Unspecified,,,"(40.748985, -73.979965)",0.0,0.0,0,0,0,0,0,0,Sedan,Pick-up Truck,0
17941458,3801428,12/02/2017,20:10,58efc2a0-baed-4538-b4f3-34acf00e5214,Station Wagon/Sport Utility Vehicle,MERZ -CAR/SUV,2012.0,0.0,,,Parked,Center Front End,No Damage,No Damage,No Damage,No Damage,N,,Unspecified,Unspecified,,,"(40.640625, -74.014984)",0.0,0.0,0,0,0,0,0,0,Station Wagon/Sport Utility Vehicle,Station Wagon/Sport Utility Vehicle,0
17586583,3666582,05/09/2017,16:00,d3e4ecc8-909c-49e5-b771-68e1b5f205b7,Station Wagon/Sport Utility Vehicle,TOYT -CAR/SUV,2015.0,1.0,M,Licensed,Going Straight Ahead,Left Front Bumper,Left Front Bumper,,,,N,,Unspecified,Unspecified,,,"(40.73992, -73.81513)",1.0,0.0,0,0,0,0,1,0,Station Wagon/Sport Utility Vehicle,Motorcycle,1
19519132,3818881,12/31/2017,16:00,69774551-9ef4-48ad-8c18-190340727c9a,Sedan,HOND -CAR/SUV,2015.0,0.0,,,Parked,Center Back End,Center Back End,Right Rear Bumper,Left Rear Bumper,,N,,Unspecified,Unspecified,QUEENS,11423.0,"(40.707424, -73.771614)",0.0,0.0,0,0,0,0,0,0,Station Wagon/Sport Utility Vehicle,Sedan,0
17882593,3821503,12/29/2017,08:20,2c4cf846-0de9-43b2-ac55-9351bf91876b,Sedan,TOYT -CAR/SUV,2013.0,0.0,,,Parked,Center Front End,Left Front Bumper,Right Front Bumper,,,N,,Unspecified,Unspecified,,,"(40.672413, -73.957344)",0.0,0.0,0,0,0,0,0,0,Sedan,,0
17135529,3623205,02/27/2017,09:15,f0991aa3-ee67-48fd-94d2-05a4c6eee8c1,Sedan,NISS -CAR/SUV,2009.0,1.0,M,Licensed,Going Straight Ahead,Right Side Doors,Right Front Quarter Panel,Right Front Bumper,Right Rear Quarter Panel,,Unspecified,,Unspecified,Unspecified,BROOKLYN,11229.0,"(40.610397, -73.943375)",0.0,0.0,0,0,0,0,0,0,Station Wagon/Sport Utility Vehicle,Sedan,0
17075296,3593053,01/05/2017,00:30,1194e63c-01b4-4f6b-afd1-789f71703642,Sedan,TOYT -CAR/SUV,2013.0,1.0,M,Licensed,Going Straight Ahead,Right Front Quarter Panel,Right Front Quarter Panel,Right Side Doors,Right Rear Quarter Panel,,Unspecified,,Driver Inattention/Distraction,Unspecified,MANHATTAN,10003.0,"(40.732346, -73.98495)",0.0,0.0,0,0,0,0,0,0,Sedan,Sedan,0
17572470,3691022,06/14/2017,16:10,5d4f9b80-a3c2-4ef6-8fa5-3563a7796144,Station Wagon/Sport Utility Vehicle,HOND -CAR/SUV,2007.0,1.0,M,Licensed,Stopped in Traffic,Center Back End,Center Back End,Right Rear Bumper,Left Front Bumper,Left Front Quarter Panel,N,,Unspecified,Unspecified,,,"(40.60109, -74.09284)",0.0,0.0,0,0,0,0,0,0,Van,Sedan,0
17860543,3775861,10/22/2017,16:14,443208bc-8ff8-4eb1-9dc8-86e648d6e6a6,Box Truck,ISU-TRUCK/BUS,2008.0,1.0,M,Licensed,Making Right Turn,Other,Other,No Damage,No Damage,No Damage,N,,View Obstructed/Limited,Unspecified,,,,0.0,0.0,0,0,0,0,0,0,Box Truck,Station Wagon/Sport Utility Vehicle,0
17822228,3774859,10/20/2017,19:15,d07aa2cf-cc01-4f23-8397-f22c64e3de1a,Sedan,HYUN -CAR/SUV,2017.0,2.0,M,Licensed,Slowing or Stopping,Center Back End,Center Back End,Left Rear Bumper,No Damage,No Damage,N,,Unspecified,Unspecified,MANHATTAN,10037.0,,0.0,0.0,0,0,0,0,0,0,Sedan,Sedan,0
17517491,3677056,05/19/2017,11:40,8e4529d4-d072-4052-b531-d34a73ac73c9,Sedan,HYUN -CAR/SUV,2006.0,1.0,F,Licensed,Making Left Turn,Left Front Bumper,Left Front Bumper,Left Front Quarter Panel,Center Front End,No Damage,N,,Failure to Yield Right-of-Way,Passing or Lane Usage Improper,QUEENS,11375.0,"(40.71367, -73.84353)",0.0,0.0,0,0,0,0,0,0,Sedan,Station Wagon/Sport Utility Vehicle,0
19610604,3617430,02/17/2017,19:00,65034d44-0d4d-4f64-846c-8cbd27623593,Sedan,HOND -CAR/SUV,2010.0,1.0,M,Licensed,Going Straight Ahead,Center Front End,Center Front End,Right Front Bumper,Left Front Bumper,No Damage,N,,Unspecified,Unspecified,,,"(40.78076, -73.825424)",0.0,0.0,0,0,0,0,0,0,Sedan,Sedan,0
17923291,3748659,09/11/2017,12:50,db7ec28d-b8f7-4414-8a47-548b48fe81b4,Sedan,TOYT -CAR/SUV,2000.0,1.0,M,Licensed,Going Straight Ahead,Right Front Quarter Panel,Right Front Quarter Panel,Right Side Doors,Right Rear Quarter Panel,,N,,Unspecified,Unspecified,STATEN ISLAND,10306.0,"(40.571987, -74.10823)",0.0,0.0,0,0,0,0,0,0,Sedan,Sedan,0
17115073,3604446,01/24/2017,12:20,db310a25-4f08-4e6d-b331-f84143aab11f,Sedan,MERZ -CAR/SUV,2006.0,2.0,M,Licensed,Going Straight Ahead,Right Rear Quarter Panel,Right Rear Bumper,Left Front Bumper,Center Front End,Right Front Bumper,N,,Unsafe Speed,Pavement Slippery,,,"(40.768013, -73.90423)",0.0,0.0,0,0,0,0,0,0,Station Wagon/Sport Utility Vehicle,Sedan,0
17540565,3685339,06/06/2017,00:00,142cfca7-0c37-4908-9f0b-c2b2658e1558,Station Wagon/Sport Utility Vehicle,NISS -CAR/SUV,2007.0,3.0,F,Licensed,Going Straight Ahead,Left Front Bumper,Left Front Bumper,Center Front End,Center Back End,Right Front Quarter Panel,N,,Unspecified,Unspecified,BROOKLYN,11228.0,"(40.618538, -74.02364)",1.0,0.0,0,0,0,0,1,0,Station Wagon/Sport Utility Vehicle,Station Wagon/Sport Utility Vehicle,1
17672266,3737144,08/25/2017,11:45,f14ee275-2df9-4a46-80fa-98bcfb200d0b,Sedan,HYUN -CAR/SUV,2016.0,1.0,M,Licensed,Backing,Left Rear Quarter Panel,Left Rear Quarter Panel,,,,N,,Driver Inattention/Distraction,Unspecified,QUEENS,11413.0,"(40.67635, -73.7412)",0.0,0.0,0,0,0,0,0,0,Sedan,Sedan,0
17940695,3762794,10/03/2017,18:15,cdd767e8-a037-4d3e-a5a7-f7ec2ea1d2fd,Station Wagon/Sport Utility Vehicle,KIA -CAR/SUV,2017.0,1.0,M,Licensed,Going Straight Ahead,Center Front End,Center Front End,Right Front Bumper,Left Front Bumper,No Damage,N,,Following Too Closely,Driver Inattention/Distraction,,,"(40.607838, -74.0872)",1.0,0.0,0,0,0,0,1,0,Sedan,Station Wagon/Sport Utility Vehicle,1
17920909,3789549,11/13/2017,11:10,dea4dbf4-ff9d-4d24-a105-5fb260506d0b,Sedan,TOYT -CAR/SUV,2017.0,1.0,M,Unlicensed,Going Straight Ahead,Right Front Quarter Panel,Right Front Quarter Panel,Right Side Doors,Right Rear Quarter Panel,No Damage,N,,Pavement Slippery,Unspecified,,,"(40.8617, -73.89139)",0.0,0.0,0,0,0,0,0,0,Sedan,Sedan,0
17942935,3790440,11/13/2017,21:24,5b3d7f38-ce97-4882-bfe5-50338c589d75,Station Wagon/Sport Utility Vehicle,KIA -CAR/SUV,2017.0,1.0,F,Licensed,Going Straight Ahead,Left Front Quarter Panel,Left Front Quarter Panel,Left Front Bumper,,,N,,Driver Inattention/Distraction,Unspecified,,,"(40.609104, -74.15211)",1.0,0.0,0,0,0,0,1,0,Station Wagon/Sport Utility Vehicle,Sedan,1
17564724,3701526,06/29/2017,02:35,387f8d91-f06b-4165-9235-8fdb89f746ac,Station Wagon/Sport Utility Vehicle,TOYT -CAR/SUV,2011.0,2.0,F,Licensed,Making Right Turn,Center Back End,Center Back End,No Damage,No Damage,No Damage,N,,Reaction to Uninvolved Vehicle,Unspecified,MANHATTAN,10036.0,"(40.756035, -73.98695)",0.0,0.0,0,0,0,0,0,0,Garbage or Refuse,Station Wagon/Sport Utility Vehicle,0
17945493,3780328,10/27/2017,18:16,8d43d069-20b0-43f1-a6d8-9f019e22b9eb,Sedan,FORD -CAR/SUV,2016.0,0.0,,,Parked,Center Front End,Center Front End,Right Rear Bumper,Center Back End,Left Rear Bumper,N,,Unspecified,Unspecified,BRONX,10469.0,"(40.878536, -73.85478)",0.0,0.0,0,0,0,0,0,0,Sedan,Station Wagon/Sport Utility Vehicle,0
17086877,3596943,01/10/2017,16:05,897452ab-9817-435c-967d-4f7d15c0f033,Sedan,TOYT -CAR/SUV,2006.0,0.0,,,Parked,Center Back End,Center Back End,Right Rear Bumper,Left Rear Bumper,,N,,Unspecified,Unspecified,BROOKLYN,11204.0,"(40.617092, -73.97752)",0.0,0.0,0,0,0,0,0,0,Station Wagon/Sport Utility Vehicle,Sedan,0
17934653,3767648,10/11/2017,16:00,506a6606-67a4-4c5a-aa8f-e90ce0c836a1,Sedan,HOND -CAR/SUV,2017.0,1.0,F,Licensed,Making Left Turn,Center Back End,Left Rear Bumper,Right Rear Bumper,No Damage,No Damage,N,,Unspecified,Unspecified,,,"(40.87831, -73.870155)",2.0,0.0,0,0,0,0,2,0,Sedan,Sedan,1
17562354,3698158,06/22/2017,20:36,732093e8-bf0c-4e54-a6e2-5d37768ead8f,Sedan,TOYT -CAR/SUV,2001.0,2.0,M,Licensed,Going Straight Ahead,Center Front End,Right Front Bumper,,,,N,,Following Too Closely,Driver Inattention/Distraction,BROOKLYN,11226.0,"(40.650387, -73.95872)",1.0,0.0,0,0,0,0,1,0,Sedan,Sedan,1
17573392,3707908,07/06/2017,18:30,fe80c488-da89-46a7-9160-7e1c5d36f3d6,Sedan,HOND -CAR/SUV,2012.0,1.0,M,Licensed,Starting from Parking,Left Front Quarter Panel,Left Front Quarter Panel,,,,N,,Failure to Yield Right-of-Way,Unspecified,,,"(40.69519, -73.84296)",0.0,0.0,0,0,0,0,0,0,Sedan,Sedan,0
17108062,3598925,01/15/2017,15:50,68e7f300-4507-48e8-8ff0-361afb12a767,Station Wagon/Sport Utility Vehicle,CADI -CAR/SUV,2005.0,1.0,M,Licensed,Going Straight Ahead,Trailer,No Damage,,,,N,,Unspecified,Unspecified,,,"(40.665634, -73.758156)",0.0,0.0,0,0,0,0,0,0,Station Wagon/Sport Utility Vehicle,Sedan,0
17445932,3671222,05/15/2017,00:30,6adc4d36-9c9f-45d8-990d-9d5ddd908f7b,Station Wagon/Sport Utility Vehicle,JEEP -CAR/SUV,2000.0,3.0,M,Licensed,Going Straight Ahead,Right Front Bumper,Right Front Quarter Panel,No Damage,No Damage,No Damage,N,,Fell Asleep,Unspecified,MANHATTAN,10029.0,"(40.791557, -73.93866)",0.0,0.0,0,0,0,0,0,0,Station Wagon/Sport Utility Vehicle,Station Wagon/Sport Utility Vehicle,0
17896330,3753320,09/15/2017,10:37,37b70b6d-72b7-4a46-8bc3-98487f01b21d,Station Wagon/Sport Utility Vehicle,FORD -CAR/SUV,2007.0,0.0,,,Parked,Other,Other,Other,Other,Other,N,,Unspecified,Unspecified,BROOKLYN,11226.0,"(40.642822, -73.96086)",0.0,0.0,0,0,0,0,0,0,Sedan,Station Wagon/Sport Utility Vehicle,0
17525924,3670072,05/14/2017,21:35,3e274756-e2a8-43b3-baee-afef47a61d74,Station Wagon/Sport Utility Vehicle,NISS -CAR/SUV,2008.0,2.0,M,Licensed,Backing,Center Back End,No Damage,,,,N,,Backing Unsafely,Driver Inattention/Distraction,QUEENS,11372.0,"(40.748615, -73.8952)",0.0,0.0,0,0,0,0,0,0,Sedan,Station Wagon/Sport Utility Vehicle,0
17607617,3726657,08/07/2017,07:00,efbb870a-14e7-4c93-9b03-0ed19fc8e596,Sedan,BMW -CAR/SUV,1997.0,1.0,,,Going Straight Ahead,Right Front Bumper,Right Front Quarter Panel,No Damage,No Damage,No Damage,Unspecified,,Following Too Closely,Driver Inattention/Distraction,BROOKLYN,11203.0,"(40.66017, -73.93799)",0.0,0.0,0,0,0,0,0,0,Station Wagon/Sport Utility Vehicle,Sedan,0
17979144,3794405,11/21/2017,05:00,e59865e1-e0be-4444-bf28-472574d67309,Sedan,LEXS -CAR/SUV,2015.0,1.0,M,Licensed,Going Straight Ahead,Center Front End,Center Front End,Left Front Bumper,Right Front Bumper,,N,,Driver Inattention/Distraction,Following Too Closely,,,"(40.728855, -73.92782)",0.0,0.0,0,0,0,0,0,0,Taxi,Sedan,0
17540863,3656201,04/23/2017,00:50,7dff4ba4-d2f4-43bb-ba44-7de2a3e99d50,Sedan,BMW -CAR/SUV,2011.0,1.0,F,Permit,Going Straight Ahead,Left Front Bumper,Left Front Bumper,Center Front End,,,N,,Driver Inattention/Distraction,Driver Inexperience,MANHATTAN,10021.0,"(40.767494, -73.95933)",0.0,0.0,0,0,0,0,0,0,Taxi,Sedan,0
17659445,3735431,08/21/2017,10:50,2858c851-4b21-4041-9ffb-73746fa3455b,Station Wagon/Sport Utility Vehicle,CADI -CAR/SUV,2007.0,1.0,M,Licensed,Going Straight Ahead,Right Front Bumper,Right Front Bumper,Right Front Quarter Panel,Right Front Quarter Panel,,N,,Driver Inattention/Distraction,Unspecified,STATEN ISLAND,10306.0,"(40.577366, -74.11145)",0.0,0.0,0,0,0,0,0,0,Station Wagon/Sport Utility Vehicle,Station Wagon/Sport Utility Vehicle,0
17637150,3746051,09/08/2017,07:40,597d8495-6fdb-4d8d-b50d-0c981828e7d4,Station Wagon/Sport Utility Vehicle,GMC -CAR/SUV,2017.0,1.0,F,Licensed,Going Straight Ahead,Left Rear Quarter Panel,Left Rear Quarter Panel,No Damage,No Damage,No Damage,N,,Unspecified,Unspecified,,,"(40.59359, -73.99613)",0.0,0.0,0,0,0,0,0,0,Station Wagon/Sport Utility Vehicle,Station Wagon/Sport Utility Vehicle,0
17983745,3810873,12/15/2017,23:15,f7700b70-3a79-4965-9db2-85265cb3bb15,Sedan,NISS -CAR/SUV,2000.0,0.0,M,Licensed,Parked,Left Front Bumper,Center Front End,No Damage,No Damage,No Damage,N,,Unspecified,Unspecified,QUEENS,11370.0,"(40.772343, -73.89583)",0.0,0.0,0,0,0,0,0,0,Sedan,,0
17467363,3671504,05/12/2017,11:30,767e878e-479a-4ab5-94f2-2c3db9ea97e0,Station Wagon/Sport Utility Vehicle,LEXS -CAR/SUV,2015.0,1.0,M,Licensed,Going Straight Ahead,Center Back End,Center Back End,Right Rear Bumper,Left Rear Bumper,,N,,Unspecified,Unspecified,,,,0.0,0.0,0,0,0,0,0,0,Station Wagon/Sport Utility Vehicle,Sedan,0
17843037,3783634,11/05/2017,22:08,45d63717-0743-4417-8faa-7b79bcc8a55b,Station Wagon/Sport Utility Vehicle,HOND -CAR/SUV,2018.0,1.0,,,Making Left Turn,Left Front Bumper,Left Front Bumper,,,,Unspecified,,Driver Inattention/Distraction,Failure to Yield Right-of-Way,,,"(40.83516, -73.94561)",1.0,0.0,1,0,0,0,0,0,Station Wagon/Sport Utility Vehicle,,1
17129835,3622899,02/27/2017,08:30,37947b98-1ca7-46ea-acfc-f2ab3d3766f4,Sedan,BMW -CAR/SUV,2007.0,1.0,M,Licensed,Going Straight Ahead,Right Rear Bumper,Right Rear Bumper,,,,N,,Passing or Lane Usage Improper,Unspecified,BROOKLYN,11201.0,"(40.699844, -73.991035)",0.0,0.0,0,0,0,0,0,0,Sedan,Sedan,0
17113804,3601720,01/20/2017,04:40,fc63a013-f1b2-45a4-bed4-4af6ed925544,Station Wagon/Sport Utility Vehicle,NISS -CAR/SUV,2006.0,0.0,,,Parked,Left Front Quarter Panel,Left Front Quarter Panel,Left Side Doors,Left Rear Quarter Panel,Left Rear Bumper,N,,Unspecified,Unspecified,QUEENS,11377.0,"(40.750782, -73.90107)",0.0,0.0,0,0,0,0,0,0,Station Wagon/Sport Utility Vehicle,Station Wagon/Sport Utility Vehicle,0
17959667,3771672,10/18/2017,14:20,47e759af-040e-4b88-bb04-c0323ee34614,Sedan,VOLK -CAR/SUV,2005.0,1.0,M,Licensed,Making Left Turn,Left Front Bumper,Left Front Bumper,Left Front Quarter Panel,,,N,,Driver Inattention/Distraction,Unspecified,,,"(40.709816, -73.80108)",0.0,0.0,0,0,0,0,0,0,Sedan,Sedan,0
17438679,3691068,06/14/2017,16:00,87cd7915-4347-4df7-8eb4-b10fb3e2ea5d,Motorcycle,HOND -MCL,2014.0,0.0,,,Parked,Other,Right Front Quarter Panel,Right Side Doors,Right Rear Quarter Panel,Right Rear Bumper,N,,Unspecified,Unspecified,,,"(40.81792, -73.949745)",0.0,0.0,0,0,0,0,0,0,Motorcycle,,0
17626349,3736430,08/22/2017,21:20,cddbffce-86d4-4dbb-ab05-b2782b8f284b,Sedan,BMW -CAR/SUV,2006.0,1.0,M,Licensed,Going Straight Ahead,Left Rear Quarter Panel,Left Rear Quarter Panel,,,,N,,Unsafe Speed,Unspecified,,,,0.0,0.0,0,0,0,0,0,0,Sedan,Taxi,0
17954120,3776655,10/25/2017,11:30,d9018c06-62a9-4dca-a509-482d09c780f2,Flat Bed,STERLING,2006.0,1.0,M,Licensed,Making Right Turn,Right Rear Quarter Panel,No Damage,,,,N,,Passing Too Closely,Unspecified,QUEENS,11360.0,"(40.778625, -73.77587)",0.0,0.0,0,0,0,0,0,0,Sedan,Flat Bed,0
17919422,3751690,09/17/2017,07:00,4198253c-fa89-4158-99f5-c99c91ba2f52,Sedan,TOYT -CAR/SUV,2012.0,1.0,M,Licensed,Going Straight Ahead,Overturned,Left Front Bumper,Right Front Quarter Panel,Right Side Doors,Right Rear Quarter Panel,N,,Driver Inattention/Distraction,Unspecified,BROOKLYN,11212.0,"(40.658398, -73.919975)",0.0,0.0,0,0,0,0,0,0,Sedan,Station Wagon/Sport Utility Vehicle,0
17825517,3752540,09/16/2017,20:45,a85d4b7a-a5b6-41c9-b12c-71fff0ece8dd,Sedan,NISS -CAR/SUV,2016.0,4.0,F,Licensed,Parked,Left Front Quarter Panel,Left Front Quarter Panel,No Damage,No Damage,No Damage,N,,Unspecified,Unspecified,,,"(40.82396, -73.90877)",0.0,0.0,0,0,0,0,0,0,Sedan,Bus,0
17658596,3731611,08/15/2017,17:00,5a56f254-bcd2-44ea-a759-d3a6e5110041,Sedan,HOND -CAR/SUV,1998.0,1.0,M,Licensed,Going Straight Ahead,Center Back End,Right Rear Bumper,Left Rear Bumper,,,N,,Unspecified,Unspecified,,,"(40.73626, -73.74221)",0.0,0.0,0,0,0,0,0,0,Sedan,Pick-up Truck,0
17911315,3801592,12/02/2017,02:09,6954d5ee-e2bf-4516-b780-72f8177302de,PK,TOYT-TRUCK/BUS,2004.0,1.0,M,Licensed,Going Straight Ahead,Right Front Bumper,Right Front Bumper,,,,Unspecified,,Following Too Closely,Unspecified,MANHATTAN,10018.0,"(40.75529, -73.99493)",0.0,0.0,0,0,0,0,0,0,PK,Station Wagon/Sport Utility Vehicle,0
17142079,3624953,03/02/2017,22:55,08cb5720-c360-4e47-9a41-19a57c4ab73a,Station Wagon/Sport Utility Vehicle,HOND -CAR/SUV,2011.0,1.0,M,Licensed,Making Right Turn,Right Front Quarter Panel,Right Front Quarter Panel,,,,N,,Unspecified,Unspecified,,,"(40.658577, -73.89063)",0.0,0.0,0,0,0,0,0,0,Sedan,Station Wagon/Sport Utility Vehicle,0
17088039,3600691,01/17/2017,23:51,13981dce-0b94-4715-8712-93bb86738d1f,Taxi,NISS -CAR/SUV,2015.0,1.0,M,Licensed,Going Straight Ahead,Right Front Bumper,No Damage,,,,N,,Unspecified,Unspecified,BRONX,10453.0,"(40.85381, -73.91386)",1.0,0.0,1,0,0,0,0,0,Taxi,,1
17450383,3640667,03/26/2017,12:00,a5d4b105-be72-4fe9-91e0-f572ada90d99,Bus,PREV,2014.0,1.0,M,Licensed,Making Right Turn,Left Front Bumper,Left Front Bumper,Left Front Quarter Panel,,,N,,Failure to Yield Right-of-Way,Unspecified,MANHATTAN,10001.0,"(40.75326, -74.00383)",0.0,0.0,0,0,0,0,0,0,Station Wagon/Sport Utility Vehicle,Bus,0
17861777,3770113,10/15/2017,05:30,6c8a952a-36b9-4fa4-9f7c-5de912e7dc98,Sedan,NISS -CAR/SUV,2005.0,1.0,F,Licensed,Going Straight Ahead,Right Front Bumper,Right Front Bumper,Right Front Quarter Panel,Right Side Doors,No Damage,N,,Unsafe Lane Changing,Passing Too Closely,,,"(40.65661, -73.93091)",0.0,0.0,0,0,0,0,0,0,Sedan,Sedan,0
17458381,3633254,03/16/2017,08:30,b4817d8f-7da4-470e-90e9-ae8e65d5bc3b,Station Wagon/Sport Utility Vehicle,DODG -CAR/SUV,2005.0,1.0,M,Licensed,Going Straight Ahead,Center Front End,Center Front End,Left Front Bumper,Right Front Bumper,,N,,Following Too Closely,Unspecified,QUEENS,11368.0,"(40.74796, -73.8602)",0.0,0.0,0,0,0,0,0,0,Station Wagon/Sport Utility Vehicle,Station Wagon/Sport Utility Vehicle,0
17449551,3634664,03/16/2017,15:35,402c8ceb-19c5-4bbf-aa54-78c3e06732d5,Sedan,TOYT -CAR/SUV,2015.0,1.0,M,Licensed,Slowing or Stopping,Center Back End,Center Back End,,,,N,,Unspecified,Unspecified,MANHATTAN,10007.0,"(40.714478, -74.01354)",0.0,0.0,0,0,0,0,0,0,Sedan,Sedan,0