UNIQUE_ID,COLLISION_ID,CRASH_DATE,CRASH_TIME,VEHICLE_ID,VEHICLE_TYPE,VEHICLE_MAKE,VEHICLE_YEAR,VEHICLE_OCCUPANTS,DRIVER_SEX,DRIVER_LICENSE_STATUS,PRE_CRASH,POINT_OF_IMPACT,VEHICLE_DAMAGE,VEHICLE_DAMAGE_1,VEHICLE_DAMAGE_2,VEHICLE_DAMAGE_3,PUBLIC_PROPERTY_DAMAGE,PUBLIC_PROPERTY_DAMAGE_TYPE,CONTRIBUTING_FACTOR_1,CONTRIBUTING_FACTOR_2,BOROUGH,ZIP CODE,LOCATION,NUMBER OF PERSONS INJURED,NUMBER OF PERSONS KILLED,NUMBER OF PEDESTRIANS INJURED,NUMBER OF PEDESTRIANS KILLED,NUMBER OF CYCLIST INJURED,NUMBER OF CYCLIST KILLED,NUMBER OF MOTORIST INJURED,NUMBER OF MOTORIST KILLED,VEHICLE TYPE CODE 1,VEHICLE TYPE CODE 2,Severity
17975013,3820422,12/31/2017,00:25,6b12777a-e40e-4b8e-bae4-48eec67a73c0,Sedan,FORD -CAR/SUV,2014.0,2.0,F,Licensed,Going Straight Ahead,Right Front Bumper,Right Front Bumper,,,,N,,Unspecified,Unspecified,QUEENS,11434.0,"(40.681488, -73.765335)",0.0,0.0,0,0,0,0,0,0,Sedan,Sedan,0
17901176,3769452,10/13/2017,12:00,832a8265-fa98-4b4f-ade0-051f24f20a68,Station Wagon/Sport Utility Vehicle,MAZD -CAR/SUV,2010.0,1.0,M,Licensed,Going Straight Ahead,Left Rear Quarter Panel,Left Rear Quarter Panel,Left Rear Quarter Panel,,,N,,Passing Too Closely,Unspecified,,,"(40.713184, -73.767044)",0.0,0.0,0,0,0,0,0,0,Station Wagon/Sport Utility Vehicle,Sedan,0
17520297,3694744,06/19/2017,15:00,aaa5f36f-b150-45b1-8416-fcc97f41c1f6,Van,FORD-TRUCK/BUS,2008.0,1.0,M,Licensed,Going Straight Ahead,Left Rear Bumper,No Damage,,,,N,,Passing Too Closely,Unspecified,BRONX,10453.0,"(40.85525, -73.91277)",0.0,0.0,0,0,0,0,0,0,Van,Station Wagon/Sport Utility Vehicle,0
17640915,3717432,07/23/2017,01:02,fbd87050-83d2-4ddc-96cd-a776fec92dac,Station Wagon/Sport Utility Vehicle,TOYT -CAR/SUV,2013.0,1.0,M,Licensed,Going Straight Ahead,Center Front End,Center Front End,No Damage,No Damage,No Damage,N,,Following Too Closely,Driver Inattention/Distraction,,,"(40.83609, -73.87039)",0.0,0.0,0,0,0,0,0,0,Sedan,Station Wagon/Sport Utility Vehicle,0
17139023,3619141,02/20/2017,23:15,eb7b85ac-a585-4a4d-a1f5-f4097c190239,Sedan,VOLK -CAR/SUV,2017.0,2.0,M,Licensed,Going Straight Ahead,Center Front End,Center Front End,Right Front Bumper,Left Front Bumper,,N,,Following Too Closely,Driver Inattention/Distraction,QUEENS,11377.0,"(40.748993, -73.89687)",0.0,0.0,0,0,0,0,0,0,Taxi,Sedan,0
17602632,3710741,07/13/2017,21:47,1875d3e0-23a3-4e8c-8ee6-bc3915488762,Sedan,HYUN -CAR/SUV,2017.0,1.0,F,Licensed,Going Straight Ahead,Center Back End,Center Back End,Left Rear Bumper,Right Rear Bumper,,N,,Unspecified,Unspecified,BROOKLYN,11236.0,"(40.64366, -73.90067)",0.0,0.0,0,0,0,0,0,0,Sedan,Sedan,0
17675722,3820762,12/31/2017,13:15,537db402-d59d-4f24-988f-7135b56efeb2,Sedan,LEXS -CAR/SUV,2004.0,1.0,F,Licensed,Starting from Parking,Right Front Bumper,Center Front End,Right Front Bumper,Center Front End,,N,,Failure to Yield Right-of-Way,Unspecified,QUEENS,11355.0,"(40.746166, -73.83479)",0.0,0.0,0,0,0,0,0,0,Sedan,Station Wagon/Sport Utility Vehicle,0
17860944,3776500,10/23/2017,10:00,bd7d4509-24cb-4913-a7ce-cb307c362467,Station Wagon/Sport Utility Vehicle,FORD -CAR/SUV,2013.0,1.0,F,Licensed,Making Right Turn,Left Rear Bumper,Left Rear Bumper,Left Rear Quarter Panel,Center Back End,,N,,Unspecified,Unspecified,BRONX,10463.0,"(40.88487, -73.91026)",0.0,0.0,0,0,0,0,0,0,Sedan,Station Wagon/Sport Utility Vehicle,0
17509547,3685966,06/07/2017,16:00,8d122658-d6e3-44c6-83ff-483380cfe495,Sedan,NISS -CAR/SUV,2013.0,0.0,F,Licensed,Parked,Center Back End,Center Back End,Left Rear Bumper,Right Rear Bumper,No Damage,N,,Unspecified,Unspecified,,,"(40.669548, -73.911674)",0.0,0.0,0,0,0,0,0,0,Sedan,Station Wagon/Sport Utility Vehicle,0
17648064,3739449,08/27/2017,19:40,421f1951-0bf5-49ad-b9d4-6cde0155e16c,Station Wagon/Sport Utility Vehicle,FORD -CAR/SUV,2002.0,0.0,,,Parked,Left Rear Quarter Panel,Left Rear Quarter Panel,Left Rear Bumper,Left Rear Quarter Panel,Left Side Doors,N,,Unspecified,Driver Inattention/Distraction,,,"(40.635853, -74.16619)",0.0,0.0,0,0,0,0,0,0,Station Wagon/Sport Utility Vehicle,Sedan,0
17896373,3807610,12/11/2017,16:52,68ea4263-7d89-4eb0-9d46-3afb39c49266,Station Wagon/Sport Utility Vehicle,DODG -CAR/SUV,2014.0,2.0,M,Licensed,Slowing or Stopping,Left Rear Bumper,Left Rear Bumper,Other,Other,Other,N,,Unspecified,Unspecified,,,"(40.847775, -73.901665)",0.0,0.0,0,0,0,0,0,0,Sedan,Station Wagon/Sport Utility Vehicle,0
17128389,3619715,02/22/2017,08:00,820601fd-f509-4e95-ade2-2de3dfd64420,Station Wagon/Sport Utility Vehicle,LINC -CAR/SUV,2013.0,0.0,,,Parked,Right Rear Quarter Panel,Right Rear Quarter Panel,Right Side Doors,Right Front Quarter Panel,No Damage,N,,Unspecified,Unspecified,QUEENS,11375.0,"(40.717804, -73.83411)",0.0,0.0,0,0,0,0,0,0,Station Wagon/Sport Utility Vehicle,,0
17923189,3805979,12/08/2017,15:30,21532591-4510-4265-9927-9e220ee5e374,Station Wagon/Sport Utility Vehicle,TOYT -CAR/SUV,2003.0,0.0,,,Parked,Left Front Quarter Panel,Left Front Quarter Panel,,,,N,,Unspecified,Unspecified,BROOKLYN,11223.0,"(40.601196, -73.97792)",0.0,0.0,0,0,0,0,0,0,Sedan,Station Wagon/Sport Utility Vehicle,0
19620889,3675938,05/22/2017,19:45,ae66a4a0-ab30-44b8-b31b-3d34c2a68009,Sedan,BMW -CAR/SUV,2004.0,1.0,F,Licensed,Going Straight Ahead,Center Back End,Left Front Bumper,Left Front Bumper,Center Front End,,N,,Unspecified,Unspecified,,,"(40.66496, -73.82226)",0.0,0.0,0,0,0,0,0,0,Sedan,Sedan,0
17907957,3751904,09/16/2017,15:30,a9f45a12-f284-49fa-81fc-94cd33e2e909,Sedan,TOYT -CAR/SUV,2008.0,1.0,F,Licensed,Going Straight Ahead,Center Front End,Left Front Bumper,Right Front Bumper,No Damage,No Damage,N,,Failure to Yield Right-of-Way,Unspecified,QUEENS,11416.0,"(40.684456, -73.85966)",0.0,0.0,0,0,0,0,0,0,Sedan,Sedan,0
17923062,3756007,09/23/2017,07:05,c03f5d97-3766-4beb-a5b0-4467e7b957d7,Sedan,BMW -CAR/SUV,2011.0,0.0,,,Parked,Left Front Quarter Panel,Left Front Quarter Panel,Left Front Bumper,,,N,,Unspecified,Unspecified,,,"(40.879635, -73.85823)",2.0,0.0,0,0,0,0,2,0,Sedan,Sedan,1
17927750,3794236,11/16/2017,15:28,dd9c84b5-f3ea-43f5-b43d-fdab07239281,Station Wagon/Sport Utility Vehicle,HOND -CAR/SUV,2015.0,1.0,M,Licensed,Going Straight Ahead,Left Front Quarter Panel,Left Side Doors,No Damage,No Damage,No Damage,N,,Driver Inattention/Distraction,Unspecified,MANHATTAN,10017.0,"(40.752327, -73.97333)",1.0,0.0,1,0,0,0,0,0,Station Wagon/Sport Utility Vehicle,,1
17481256,3646009,03/05/2017,06:00,816b920a-ea9e-4a53-9545-3fdda63858dd,Station Wagon/Sport Utility Vehicle,GMC -CAR/SUV,2005.0,1.0,M,Licensed,Going Straight Ahead,Center Back End,Center Back End,,,,N,,Unspecified,Unspecified,,,"(40.742905, -73.83932)",0.0,0.0,0,0,0,0,0,0,Sedan,Station Wagon/Sport Utility Vehicle,0
17505106,3674843,05/19/2017,17:10,1197b84f-3daf-4d0f-a683-2f78f9f1e2cc,Station Wagon/Sport Utility Vehicle,PORS -CAR/SUV,2006.0,1.0,F,Licensed,Stopped in Traffic,Right Rear Quarter Panel,Right Rear Quarter Panel,No Damage,No Damage,No Damage,N,,Unspecified,Unspecified,,,"(40.843994, -73.89752)",0.0,0.0,0,0,0,0,0,0,Station Wagon/Sport Utility Vehicle,Station Wagon/Sport Utility Vehicle,0
17543911,3685370,06/06/2017,11:35,b99077a6-94ab-4239-aa54-057dce3546f2,Sedan,BMW -CAR/SUV,2008.0,1.0,F,Licensed,Stopped in Traffic,Center Back End,No Damage,No Damage,No Damage,No Damage,N,,Unspecified,Unspecified,,,"(40.870384, -73.88198)",0.0,0.0,0,0,0,0,0,0,Sedan,Station Wagon/Sport Utility Vehicle,0
19610866,3688725,06/09/2017,16:00,4c707bb2-aeb3-4167-a387-67ca529bf8f7,Sedan,JEEP -CAR/SUV,2016.0,2.0,M,Licensed,Going Straight Ahead,Right Rear Bumper,Center Back End,Left Rear Bumper,,,N,,Unspecified,Unspecified,BROOKLYN,11238.0,"(40.671627, -73.96263)",0.0,0.0,0,0,0,0,0,0,Sedan,Sedan,0
17093558,3603302,01/23/2017,18:25,cda7529b-7f1f-46f6-82ab-b63c9bbcf1f7,Taxi,TOYT -CAR/SUV,2012.0,1.0,M,Licensed,Changing Lanes,Left Front Quarter Panel,Left Front Quarter Panel,Left Front Bumper,No Damage,No Damage,N,,Unsafe Lane Changing,Unspecified,BROOKLYN,11217.0,"(40.681347, -73.9755)",0.0,0.0,0,0,0,0,0,0,Sedan,Taxi,0
17629918,3725558,08/05/2017,20:00,e4159fd3-6d80-4561-90b0-f9ed2136cd85,Sedan,CADI -CAR/SUV,2005.0,1.0,M,Licensed,Going Straight Ahead,Right Front Bumper,Right Front Bumper,Right Front Quarter Panel,Right Side Doors,Right Rear Quarter Panel,N,,Driver Inattention/Distraction,Unspecified,BROOKLYN,11219.0,"(40.63011, -74.01001)",0.0,0.0,0,0,0,0,0,0,Sedan,,0
17984641,3814465,12/21/2017,18:00,f9f89e6b-688b-4c0c-86c7-9c4f008db542,Sedan,MERZ -CAR/SUV,2013.0,0.0,M,Licensed,Parked,Right Front Bumper,Right Front Bumper,Center Front End,Left Front Bumper,,N,,Unspecified,Unspecified,QUEENS,11101.0,"(40.754787, -73.91911)",0.0,0.0,0,0,0,0,0,0,Station Wagon/Sport Utility Vehicle,Station Wagon/Sport Utility Vehicle,0
17640377,3732869,08/17/2017,21:24,31f4fafe-1216-4373-a937-9dd99b338752,Station Wagon/Sport Utility Vehicle,TOYT -CAR/SUV,2005.0,1.0,M,Licensed,Changing Lanes,Center Front End,Center Front End,Right Front Bumper,Left Front Bumper,No Damage,N,,Unspecified,Unspecified,,,"(40.65814, -74.00356)",3.0,0.0,0,0,0,0,3,0,Sedan,Sedan,1
17531825,3698566,06/24/2017,16:20,116a88fa-a3ec-44f2-9da0-aab822c7923a,Sedan,HYUN -CAR/SUV,2017.0,3.0,F,Licensed,Stopped in Traffic,Left Front Quarter Panel,Left Side Doors,Left Rear Quarter Panel,Left Front Quarter Panel,Other,N,,Unspecified,Unspecified,,,"(40.72286, -73.93904)",0.0,0.0,0,0,0,0,0,0,Sedan,Sedan,0
17480283,3632567,03/15/2017,11:07,04e433b5-87cd-4d0a-a702-65c8045d5f59,Box Truck,FRHT-TRUCK/BUS,2016.0,1.0,M,Licensed,Backing,Left Rear Bumper,Left Rear Bumper,,,,Y,,Backing Unsafely,Unspecified,STATEN ISLAND,10306.0,"(40.564777, -74.12785)",0.0,0.0,0,0,0,0,0,0,Box Truck,,0
17573808,3652532,04/16/2017,15:30,651eaeea-8200-4164-90da-1315e2d0fbc1,Station Wagon/Sport Utility Vehicle,TOYT -CAR/SUV,2006.0,1.0,U,Licensed,Slowing or Stopping,Center Front End,No Damage,,,,N,,Following Too Closely,Unspecified,,,"(40.666294, -73.80267)",0.0,0.0,0,0,0,0,0,0,Station Wagon/Sport Utility Vehicle,Station Wagon/Sport Utility Vehicle,0
17104870,3612438,02/09/2017,08:00,20265b23-8806-4feb-83e4-ae351d189253,Taxi,TOYT -CAR/SUV,2015.0,2.0,M,Licensed,Going Straight Ahead,Right Rear Quarter Panel,Right Rear Quarter Panel,Left Rear Bumper,Center Back End,,N,,Unspecified,Unspecified,BROOKLYN,11225.0,"(40.6651, -73.94539)",2.0,0.0,0,0,0,0,2,0,Taxi,Sedan,1
17577880,3702083,06/29/2017,16:47,a02ae89c-5b61-41fc-8d09-562c8150444c,Station Wagon/Sport Utility Vehicle,GMC -CAR/SUV,2007.0,1.0,M,Licensed,Parked,Left Front Bumper,Center Front End,Left Side Doors,,,N,,Unspecified,Unspecified,QUEENS,11413.0,"(40.686783, -73.75214)",0.0,0.0,0,0,0,0,0,0,Station Wagon/Sport Utility Vehicle,Sedan,0
17927382,3790936,11/16/2017,06:55,87933d8a-ebd0-47ae-ae7b-0c7b69a71d70,Sedan,HOND -CAR/SUV,2014.0,1.0,M,Licensed,Going Straight Ahead,Center Front End,Center Front End,,,,N,,Driver Inattention/Distraction,Following Too Closely,MANHATTAN,10017.0,"(40.75076, -73.96843)",0.0,0.0,0,0,0,0,0,0,Station Wagon/Sport Utility Vehicle,Sedan,0
17836665,3757169,09/25/2017,08:00,33e535b9-34b0-405c-b809-4803f734c956,Station Wagon/Sport Utility Vehicle,FORD -CAR/SUV,2008.0,1.0,M,Licensed,Backing,Left Rear Bumper,No Damage,No Damage,No Damage,No Damage,N,,Backing Unsafely,Unspecified,,,,0.0,0.0,0,0,0,0,0,0,Station Wagon/Sport Utility Vehicle,Taxi,0
17571387,3696369,06/21/2017,17:15,f59c4a4b-fd28-491b-9d4a-f68beb7dcca1,Sedan,INFI -CAR/SUV,2012.0,1.0,F,Licensed,Stopped in Traffic,Right Front Bumper,Right Front Bumper,Right Front Quarter Panel,Center Front End,,N,,Unspecified,Unspecified,,,,0.0,0.0,0,0,0,0,0,0,Sedan,Tractor Truck Diesel,0
17100437,3618087,02/18/2017,09:45,e9d19837-6981-4863-87b6-2c14842043fc,Sedan,NISS -CAR/SUV,2013.0,0.0,,,Parked,Left Front Quarter Panel,Left Side Doors,Left Front Quarter Panel,,,N,,Unspecified,Unspecified,MANHATTAN,10002.0,"(40.719112, -73.9792)",0.0,0.0,0,0,0,0,0,0,Sedan,,0
17130906,3619460,02/18/2017,17:14,3ffc85ee-8d48-4c9c-b1ab-d8e55cbeccef,Sedan,HYUN -CAR/SUV,2016.0,4.0,M,,Stopped in Traffic,Center Back End,Center Back End,,,,N,,Unspecified,Unspecified,BRONX,10451.0,"(40.816532, -73.92822)",1.0,0.0,0,0,0,0,1,0,Sedan,Station Wagon/Sport Utility Vehicle,1
17922424,3777153,10/24/2017,13:00,d933ecee-ed67-4bf9-8675-b43cc2ad3f62,Sedan,MERC -CAR/SUV,2001.0,1.0,M,Licensed,Backing,Left Rear Quarter Panel,Left Rear Quarter Panel,,,,N,,Backing Unsafely,Unspecified,BROOKLYN,11249.0,"(40.70807, -73.96493)",0.0,0.0,0,0,0,0,0,0,UTIL,Sedan,0
17624407,3723398,08/02/2017,19:15,cea51bdc-ad2d-4e7a-b764-2118bfcbd89d,Sedan,NISS -CAR/SUV,2015.0,1.0,F,Licensed,Parked,Left Rear Quarter Panel,Left Rear Quarter Panel,Left Rear Quarter Panel,,,N,,Unspecified,Unspecified,QUEENS,11375.0,"(40.734295, -73.85031)",0.0,0.0,0,0,0,0,0,0,Sedan,Sedan,0
17656964,3738231,08/24/2017,19:00,1fba0882-cd09-4301-9d5a-be02b794472b,Sedan,HOND -CAR/SUV,2014.0,1.0,,,Going Straight Ahead,Center Front End,,,,,N,,Following Too Closely,Unspecified,BRONX,10466.0,"(40.890617, -73.852165)",0.0,0.0,0,0,0,0,0,0,Sedan,Sedan,0
17887926,3791002,11/12/2017,12:30,8f6dd18c-3848-445f-9aee-0bb80276648a,Station Wagon/Sport Utility Vehicle,JEEP -CAR/SUV,2017.0,1.0,,,Parked,Left Rear Quarter Panel,Left Rear Bumper,,,,N,,Unspecified,Unspecified,MANHATTAN,10012.0,"(40.721447, -73.997406)",0.0,0.0,0,0,0,0,0,0,Station Wagon/Sport Utility Vehicle,Pick-up Truck,0
17503558,3638167,03/24/2017,12:22,f25eb74f-6b96-4d2a-978d-27d39908bb8c,power,GEHL,2014.0,1.0,M,Licensed,Other*,Center Front End,No Damage,,,,N,,Unspecified,Unspecified,MANHATTAN,10128.0,"(40.780125, -73.95304)",1.0,0.0,1,0,0,0,0,0,power,,1
17121473,3606862,01/30/2017,09:43,c1a5af1f-52d1-41ea-8319-3830d0c8d30c,Sedan,TOYT -CAR/SUV,2014.0,1.0,M,Licensed,Making Left Turn,Left Front Bumper,No Damage,No Damage,No Damage,No Damage,N,,Unspecified,Unspecified,MANHATTAN,10022.0,"(40.76023, -73.961525)",1.0,0.0,1,0,0,0,0,0,Sedan,,1
17662626,3742839,09/03/2017,12:20,d62104fc-bb93-4b91-83af-0012959f3ea2,Station Wagon/Sport Utility Vehicle,SUBA -CAR/SUV,2017.0,2.0,F,Licensed,Going Straight Ahead,Left Front Bumper,Left Front Quarter Panel,,,,N,,Unspecified,Unspecified,,,,0.0,0.0,0,0,0,0,0,0,Station Wagon/Sport Utility Vehicle,,0
17652624,3714376,07/19/2017,11:30,d0f1575b-3383-4b69-8d2a-7d11391152ac,Station Wagon/Sport Utility Vehicle,DODG -CAR/SUV,2017.0,1.0,F,Licensed,Going Straight Ahead,Left Front Bumper,Left Front Bumper,Center Front End,Left Front Quarter Panel,,Unspecified,,Driver Inattention/Distraction,Following Too Closely,,,,0.0,0.0,0,0,0,0,0,0,Station Wagon/Sport Utility Vehicle,Sedan,0
17596988,3722229,07/30/2017,12:00,706f85c0-8850-4ca7-9cba-366507057efa,Station Wagon/Sport Utility Vehicle,GMC -CAR/SUV,2014.0,1.0,M,Licensed,Going Straight Ahead,No Damage,No Damage,,,,N,,Passing Too Closely,Unspecified,MANHATTAN,10002.0,"(40.71925, -73.98306)",0.0,0.0,0,0,0,0,0,0,Sedan,Station Wagon/Sport Utility Vehicle,0
17442995,3629027,03/09/2017,09:00,b2cbfbf0-a426-402a-a041-1f0028c27118,Sedan,NISS -CAR/SUV,1999.0,1.0,M,Licensed,Backing,No Damage,No Damage,No Damage,No Damage,No Damage,N,,Backing Unsafely,Unspecified,BRONX,10467.0,"(40.869694, -73.86723)",1.0,0.0,1,0,0,0,0,0,Sedan,,1
17533829,3682084,06/01/2017,19:00,6d5fe119-242f-4ac5-ae86-7d24317c1196,Taxi,vpg,2012.0,1.0,M,Licensed,Going Straight Ahead,Right Front Bumper,Right Front Bumper,,,,N,,Driver Inattention/Distraction,Unspecified,,,"(40.699764, -73.78285)",0.0,0.0,0,0,0,0,0,0,Sedan,Taxi,0
17501123,3651816,04/13/2017,15:00,276ebe7d-fcdd-48e9-8bbd-fa0efcc85956,Sedan,HOND -CAR/SUV,2008.0,0.0,,,Parked,Left Front Bumper,Left Front Bumper,Center Front End,Right Front Bumper,,N,,Unspecified,Unspecified,BRONX,10462.0,"(40.8313, -73.84458)",0.0,0.0,0,0,0,0,0,0,Sedan,,0
17994504,3815626,12/23/2017,13:15,62de27e2-9a8b-4c5d-bc0f-5317ff254886,Station Wagon/Sport Utility Vehicle,NISS -CAR/SUV,2015.0,1.0,M,Licensed,Backing,Right Rear Bumper,Right Rear Bumper,Center Back End,Left Rear Bumper,Right Rear Quarter Panel,N,,Unspecified,Unspecified,QUEENS,11411.0,"(40.691517, -73.73592)",0.0,0.0,0,0,0,0,0,0,Station Wagon/Sport Utility Vehicle,Sedan,0
17651538,3717666,07/24/2017,08:30,de904872-0158-4cde-a9a9-ac9fd744238e,Sedan,OLDS -CAR/SUV,1995.0,2.0,M,Licensed,Going Straight Ahead,Center Front End,Right Front Bumper,Center Front End,Right Front Quarter Panel,,N,,Driver Inattention/Distraction,Driver Inexperience,,,"(40.72707, -73.75457)",0.0,0.0,0,0,0,0,0,0,Station Wagon/Sport Utility Vehicle,Sedan,0
17956230,3807333,12/05/2017,17:10,c8479b7a-826c-4944-9253-441538c67e4b,Sedan,HYUN -CAR/SUV,2013.0,0.0,,,Parked,Left Rear Bumper,Left Rear Bumper,Left Rear Bumper,,,N,,Passenger Distraction,Passenger Distraction,,,"(40.60991, -74.14813)",0.0,0.0,0,0,0,0,0,0,Sedan,,0
17662396,3745684,09/08/2017,09:05,e3dee72c-418a-4bd6-b2ff-e5d04215fd92,Station Wagon/Sport Utility Vehicle,MERZ -CAR/SUV,2011.0,2.0,M,Licensed,Going Straight Ahead,Left Front Quarter Panel,Left Front Quarter Panel,,,,N,,Unspecified,Unspecified,,,"(40.690784, -73.76257)",0.0,0.0,0,0,0,0,0,0,Station Wagon/Sport Utility Vehicle,Station Wagon/Sport Utility Vehicle,0
17481367,3641978,03/30/2017,14:00,49e2e661-d182-422c-9f38-d75e2b163493,Station Wagon/Sport Utility Vehicle,HOND -CAR/SUV,2015.0,0.0,F,Licensed,Parked,Left Side Doors,Left Side Doors,,,,N,,Driver Inattention/Distraction,Unspecified,BROOKLYN,11211.0,"(40.707775, -73.95605)",0.0,0.0,0,0,0,0,0,0,Station Wagon/Sport Utility Vehicle,Station Wagon/Sport Utility Vehicle,0
17551879,3700901,06/27/2017,19:44,0366eeff-5ef6-4456-85dd-bc9bd9aa08c1,Station Wagon/Sport Utility Vehicle,KIA -CAR/SUV,2004.0,1.0,M,Licensed,Going Straight Ahead,Right Front Bumper,Right Front Bumper,Center Back End,,,N,,Unspecified,Unspecified,,,"(40.71702, -73.830505)",0.0,0.0,0,0,0,0,0,0,Station Wagon/Sport Utility Vehicle,Sedan,0
17487820,3663721,05/02/2017,12:10,b1346cef-ac0a-41c9-bfbd-fad91c3f9e33,Sedan,SUBA -CAR/SUV,2016.0,1.0,M,Licensed,Merging,Left Rear Quarter Panel,Left Rear Quarter Panel,,,,N,,Passing Too Closely,Unspecified,,,"(40.75834, -73.996414)",0.0,0.0,0,0,0,0,0,0,Carry All,Sedan,0
17865124,3800018,11/10/2017,08:20,f3df8fc3-04bb-4d38-bd16-6caf07c669c6,Station Wagon/Sport Utility Vehicle,HOND -CAR/SUV,2017.0,0.0,,,Parked,Left Rear Quarter Panel,Left Rear Quarter Panel,No Damage,No Damage,No Damage,N,,Unspecified,Unspecified,BRONX,10463.0,"(40.886204, -73.90583)",0.0,0.0,0,0,0,0,0,0,Station Wagon/Sport Utility Vehicle,,0
17456251,3656045,04/23/2017,15:40,30ef065e-c64d-4009-8dd2-28e527372c16,Sedan,TOYT -CAR/SUV,2014.0,1.0,M,Licensed,Making Left Turn,Right Front Bumper,Right Front Bumper,Right Front Quarter Panel,,,N,,Passing or Lane Usage Improper,Unspecified,BROOKLYN,11215.0,"(40.677414, -73.98305)",0.0,0.0,0,0,0,0,0,0,Sedan,Sedan,0
17830826,3788721,11/11/2017,21:10,fc917f3e-617a-4d06-a98e-3b601e3cdcef,Station Wagon/Sport Utility Vehicle,HOND -CAR/SUV,2014.0,3.0,F,Licensed,Going Straight Ahead,Right Front Quarter Panel,Right Front Quarter Panel,Right Side Doors,Right Rear Quarter Panel,Right Front Bumper,N,,Unspecified,Unspecified,MANHATTAN,10027.0,"(40.81413, -73.94827)",0.0,0.0,0,0,0,0,0,0,Station Wagon/Sport Utility Vehicle,Station Wagon/Sport Utility Vehicle,0
17921102,3749331,09/13/2017,23:50,10ff5373-08e5-4625-99b8-f574ba8bee5c,Sedan,HOND -CAR/SUV,2010.0,3.0,M,Licensed,Going Straight Ahead,Center Front End,Demolished,,,,N,,Fatigued/Drowsy,Unspecified,QUEENS,11417.0,"(40.670628, -73.84742)",3.0,0.0,0,0,0,0,3,0,Sedan,Station Wagon/Sport Utility Vehicle,1
17484549,3697493,06/23/2017,12:45,3c5a97f5-2966-444c-9c66-6d096f31c6e0,Pick-up Truck,INTL,2017.0,1.0,M,Licensed,Going Straight Ahead,Right Front Quarter Panel,Right Front Quarter Panel,No Damage,No Damage,No Damage,N,,Unspecified,Unspecified,MANHATTAN,10023.0,"(40.78065, -73.98013)",0.0,0.0,0,0,0,0,0,0,Pick-up Truck,Sedan,0
17656973,3713269,07/17/2017,16:11,8febbe2c-d29d-4522-bc2c-da3c9f5b4a38,Dump,FORD-TRUCK/BUS,2011.0,1.0,M,Licensed,Backing,Center Back End,Center Back End,,,,N,,Driver Inattention/Distraction,Backing Unsafely,QUEENS,11377.0,"(40.74645, -73.89983)",0.0,0.0,0,0,0,0,0,0,Dump,Sedan,0
17790111,3782526,11/02/2017,16:33,b1b710c2-94ae-47ed-83e6-87101141c59d,Sedan,HOND -CAR/SUV,2001.0,0.0,M,Licensed,Parked,Right Front Quarter Panel,Right Front Quarter Panel,No Damage,No Damage,No Damage,N,,Unspecified,Unspecified,,,"(40.817543, -73.95694)",0.0,0.0,0,0,0,0,0,0,Taxi,Sedan,0
17529879,3673788,05/20/2017,02:30,91dee3cf-7da3-4ed9-be78-2c35a37ef8ee,Sedan,TOYT -CAR/SUV,2016.0,1.0,M,Licensed,Going Straight Ahead,Center Front End,Right Front Bumper,Center Front End,Right Front Bumper,Center Front End,N,,Failure to Yield Right-of-Way,Unspecified,BRONX,10452.0,"(40.84104, -73.92195)",0.0,0.0,0,0,0,0,0,0,Sedan,Sedan,0
17630042,3718971,07/24/2017,13:02,109742b5-4fbe-4460-935d-d02966032d79,Station Wagon/Sport Utility Vehicle,AMBULANCE,2009.0,2.0,F,Licensed,Going Straight Ahead,Left Front Bumper,No Damage,No Damage,No Damage,No Damage,N,,Unspecified,Unspecified,BROOKLYN,11226.0,"(40.646126, -73.959206)",0.0,0.0,0,0,0,0,0,0,Station Wagon/Sport Utility Vehicle,Sedan,0
17098300,3598520,01/13/2017,21:30,87daaaea-6155-4980-9131-fe8af1a607b8,Station Wagon/Sport Utility Vehicle,JEEP -CAR/SUV,2001.0,0.0,,,Parked,Center Back End,Center Back End,Right Rear Bumper,Left Rear Bumper,,N,,Unspecified,Unspecified,QUEENS,11379.0,"(40.709293, -73.8757)",0.0,0.0,0,0,0,0,0,0,Sedan,Station Wagon/Sport Utility Vehicle,0
17476957,3657684,04/24/2017,15:00,4dce1af6-6976-463a-9aa6-ff283959e918,Tow Truck / Wrecker,HINO -TRUCK/BUS,2016.0,1.0,M,Licensed,Making Left Turn,Left Front Bumper,Left Front Bumper,Left Front Quarter Panel,,,N,,Unsafe Lane Changing,Unspecified,MANHATTAN,10018.0,"(40.757065, -74.00106)",1.0,0.0,0,0,0,0,1,0,Tow Truck / Wrecker,Station Wagon/Sport Utility Vehicle,1
17467584,3631595,03/13/2017,11:35,64f121f5-3fa0-40f9-8407-9f0232c40570,Taxi,FORD -CAR/SUV,2013.0,1.0,M,Licensed,Going Straight Ahead,Left Front Quarter Panel,Left Side Doors,Left Rear Quarter Panel,,,N,,Driver Inattention/Distraction,Driver Inattention/Distraction,MANHATTAN,10019.0,"(40.765015, -73.9829)",0.0,0.0,0,0,0,0,0,0,Taxi,Taxi,0
17651723,3731761,08/08/2017,12:30,07a53f68-d11a-4e71-9752-cb54d463c5ab,Box Truck,GMC-TRUCK/BUS,2011.0,1.0,M,Licensed,Backing,Center Back End,No Damage,No Damage,No Damage,No Damage,N,,Backing Unsafely,Unspecified,BRONX,10466.0,"(40.897724, -73.859215)",0.0,0.0,0,0,0,0,0,0,Station Wagon/Sport Utility Vehicle,Box Truck,0