UNIQUE_ID,COLLISION_ID,CRASH_DATE,CRASH_TIME,VEHICLE_ID,VEHICLE_TYPE,VEHICLE_MAKE,VEHICLE_YEAR,VEHICLE_OCCUPANTS,DRIVER_SEX,DRIVER_LICENSE_STATUS,PRE_CRASH,POINT_OF_IMPACT,VEHICLE_DAMAGE,VEHICLE_DAMAGE_1,VEHICLE_DAMAGE_2,VEHICLE_DAMAGE_3,PUBLIC_PROPERTY_DAMAGE,PUBLIC_PROPERTY_DAMAGE_TYPE,CONTRIBUTING_FACTOR_1,CONTRIBUTING_FACTOR_2,BOROUGH,ZIP CODE,LOCATION,NUMBER OF PERSONS INJURED,NUMBER OF PERSONS KILLED,NUMBER OF PEDESTRIANS INJURED,NUMBER OF PEDESTRIANS KILLED,NUMBER OF CYCLIST INJURED,NUMBER OF CYCLIST KILLED,NUMBER OF MOTORIST INJURED,NUMBER OF MOTORIST KILLED,VEHICLE TYPE CODE 1,VEHICLE TYPE CODE 2,Severity
19626681,3714095,07/18/2017,16:00,7c24434f-fd92-46ff-836d-d7b12db6047e,Sedan,TOYT -CAR/SUV,2005.0,1.0,M,Licensed,Going Straight Ahead,Center Back End,Center Back End,Left Rear Bumper,Right Rear Bumper,No Damage,N,,Unspecified,Unspecified,,,,1.0,0.0,0,0,0,0,1,0,Tractor Truck Diesel,Sedan,1
17983911,3815371,12/22/2017,07:40,0dcb73e7-2c6e-4ce8-8c2d-0adccc63e6b5,Sedan,TOYT -CAR/SUV,2014.0,0.0,,,Parked,Left Rear Bumper,Left Rear Bumper,Center Back End,Right Rear Bumper,Right Rear Quarter Panel,N,,Unspecified,Unspecified,QUEENS,11104.0,"(40.74348, -73.921486)",0.0,0.0,0,0,0,0,0,0,Sedan,Sedan,0
17614979,3739678,08/28/2017,16:30,bffb8932-dd45-4299-820d-5a5688e0e395,Station Wagon/Sport Utility Vehicle,CHEV -CAR/SUV,1998.0,1.0,M,Licensed,Making Right Turn,Left Front Bumper,Left Front Bumper,Left Front Quarter Panel,Left Side Doors,Left Side Doors,N,,Pavement Defective,Unspecified,,,"(40.69745, -73.92362)",0.0,0.0,0,0,0,0,0,0,Pick-up Truck,Station Wagon/Sport Utility Vehicle,0
17496489,3639323,03/26/2017,18:00,fcc9cf0a-c9ab-4dc8-8211-3313959d0caa,Station Wagon/Sport Utility Vehicle,TOYT -CAR/SUV,2017.0,2.0,M,Licensed,Slowing or Stopping,Center Back End,Center Back End,Left Rear Bumper,Right Rear Bumper,,N,,Unspecified,Unspecified,,,"(40.73407, -73.74479)",0.0,0.0,0,0,0,0,0,0,Station Wagon/Sport Utility Vehicle,Station Wagon/Sport Utility Vehicle,0
17858513,3749087,09/12/2017,17:24,5be390e4-0510-4971-870c-5c6c10c4f2a7,Station Wagon/Sport Utility Vehicle,NISS -CAR/SUV,2015.0,0.0,,,Parked,Right Rear Quarter Panel,Right Rear Quarter Panel,,,,N,,Unspecified,Unspecified,,,"(40.703403, -73.917786)",0.0,0.0,0,0,0,0,0,0,Station Wagon/Sport Utility Vehicle,Station Wagon/Sport Utility Vehicle,0
17524142,3653645,04/18/2017,14:15,44e55f86-b131-4957-92f4-45f0378ccfce,Sedan,TOYT -CAR/SUV,2016.0,0.0,,,Parked,Left Front Quarter Panel,Left Front Quarter Panel,Left Front Bumper,,,N,,Unspecified,Unspecified,QUEENS,11364.0,"(40.740837, -73.7583)",0.0,0.0,0,0,0,0,0,0,Sedan,,0
17914168,3775022,10/23/2017,09:19,7c54da21-d04a-4854-9b59-4048237f43ed,Station Wagon/Sport Utility Vehicle,HOND -CAR/SUV,2001.0,2.0,M,Licensed,Making Left Turn,Right Front Bumper,Right Front Bumper,,,,N,,Turning Improperly,Passing or Lane Usage Improper,,,"(40.845352, -73.92821)",0.0,0.0,0,0,0,0,0,0,Station Wagon/Sport Utility Vehicle,Station Wagon/Sport Utility Vehicle,0
17637448,3725920,08/06/2017,20:40,eb48acfc-caf7-4402-85c0-58c0b906dbd8,Sedan,HYUN -CAR/SUV,2015.0,2.0,M,Licensed,Making Left Turn,Left Rear Bumper,Left Rear Bumper,,,,N,,Unspecified,Unspecified,,,"(40.607185, -74.16239)",1.0,0.0,0,0,0,0,1,0,Sedan,Station Wagon/Sport Utility Vehicle,1
17677260,3820771,12/29/2017,12:35,4e58cc12-cace-4496-9715-ef1c440e00c1,Station Wagon/Sport Utility Vehicle,FORD -CAR/SUV,2005.0,1.0,M,Licensed,Slowing or Stopping,Right Front Bumper,Right Front Bumper,Right Front Quarter Panel,Center Front End,,N,,Unspecified,Following Too Closely,,,"(40.798256, -73.82744)",0.0,0.0,0,0,0,0,0,0,Pick-up Truck,Station Wagon/Sport Utility Vehicle,0
17135042,3623222,02/27/2017,19:20,a9923f55-639c-4ec4-b68a-4851c06135ac,Sedan,MERZ -CAR/SUV,2001.0,2.0,F,Licensed,Making Left Turn,Left Front Bumper,Left Front Bumper,Center Front End,,,N,,Failure to Yield Right-of-Way,View Obstructed/Limited,QUEENS,11418.0,"(40.7006, -73.83246)",1.0,0.0,0,0,0,0,1,0,Sedan,Station Wagon/Sport Utility Vehicle,1
17914967,3799953,11/29/2017,13:00,2c7daa94-4975-4a89-9de0-5025a1d89bb4,Station Wagon/Sport Utility Vehicle,DODG -CAR/SUV,2013.0,0.0,,,Parked,Right Side Doors,Right Side Doors,,,,N,,Unspecified,Unspecified,QUEENS,11375.0,"(40.71363, -73.83433)",0.0,0.0,0,0,0,0,0,0,Station Wagon/Sport Utility Vehicle,Chassis Cab,0
17569745,3690412,06/13/2017,15:44,31491608-8251-4a47-89e3-690e81020cf0,Box Truck,UNK,9999.0,1.0,M,Licensed,Going Straight Ahead,Right Front Bumper,Right Front Bumper,No Damage,No Damage,No Damage,N,,Unspecified,Unspecified,MANHATTAN,10019.0,"(40.762478, -73.98659)",0.0,0.0,0,0,0,0,0,0,Box Truck,Taxi,0
17518193,3655694,04/23/2017,13:00,bb151496-73e0-4f67-9408-6bd8096bd832,Sedan,NISS -CAR/SUV,2009.0,1.0,F,Licensed,Going Straight Ahead,Right Front Bumper,Right Front Bumper,Right Front Quarter Panel,,,N,,Unspecified,Unspecified,,,"(40.66484, -73.82229)",0.0,0.0,0,0,0,0,0,0,Station Wagon/Sport Utility Vehicle,Sedan,0
17579543,3652968,04/18/2017,13:45,c84628fa-8d6b-4a8c-9d6d-271286dbb157,Sedan,TOYT -CAR/SUV,2003.0,2.0,F,Licensed,Slowing or Stopping,Center Back End,Center Back End,Center Front End,,,N,,Following Too Closely,Unspecified,,,"(40.764347, -73.82595)",3.0,0.0,0,0,0,0,3,0,Station Wagon/Sport Utility Vehicle,Sedan,1
17901629,3751951,09/17/2017,18:50,dd325ae4-09d7-4de8-bd81-d4cd5f449e91,Sedan,HOND -CAR/SUV,2015.0,1.0,M,Licensed,Stopped in Traffic,Right Rear Bumper,Center Back End,Center Back End,Left Rear Bumper,Left Rear Bumper,N,,Unspecified,Unspecified,,,,0.0,0.0,0,0,0,0,0,0,Sedan,Sedan,0
17452284,3674122,05/18/2017,14:30,33310f9c-c104-41f1-92e7-7ca13aba7381,Sedan,MERZ -CAR/SUV,2013.0,1.0,M,Licensed,Going Straight Ahead,Left Rear Quarter Panel,Left Rear Bumper,Left Side Doors,,,N,,Unspecified,Unspecified,MANHATTAN,10012.0,"(40.72766, -74.001396)",0.0,0.0,0,0,0,0,0,0,Sedan,Dump,0
17969531,3803630,12/05/2017,16:00,cbd95700-4388-4e90-9e40-4671f5c299ad,Sedan,FORD -CAR/SUV,2003.0,1.0,F,Licensed,Going Straight Ahead,Center Front End,Center Front End,,,,N,,Brakes Defective,Unspecified,QUEENS,11385.0,"(40.70297, -73.86825)",0.0,0.0,0,0,0,0,0,0,Station Wagon/Sport Utility Vehicle,Sedan,0
19611964,3724956,08/04/2017,15:00,1309e580-062c-4ecf-b57d-2accd49c82f0,Station Wagon/Sport Utility Vehicle,JEEP -CAR/SUV,2013.0,1.0,M,Licensed,Going Straight Ahead,Right Front Bumper,Right Front Bumper,,,,N,,Unspecified,Unspecified,,,"(40.69695, -73.962776)",0.0,0.0,0,0,0,0,0,0,Station Wagon/Sport Utility Vehicle,Pick-up Truck,0
17598095,3741702,08/31/2017,15:00,2233c4be-c346-483d-8068-bc6d2038579e,Sedan,NISS -CAR/SUV,2014.0,1.0,M,Licensed,Going Straight Ahead,Left Rear Bumper,Left Rear Bumper,No Damage,No Damage,No Damage,N,,Unspecified,Unspecified,MANHATTAN,10025.0,"(40.79599, -73.96896)",0.0,0.0,0,0,0,0,0,0,Pick-up Truck,Sedan,0
17509681,3625820,03/04/2017,03:30,dfb75b73-52ab-4cc4-b58b-7e642211291b,,TOYT -CAR/SUV,,,,,Making Left Turn,,,,,,Unspecified,,Driver Inattention/Distraction,Turning Improperly,,,"(40.727226, -73.71051)",0.0,0.0,0,0,0,0,0,0,Sedan,,0
17483182,3642464,03/31/2017,09:30,6840c661-8e23-42e2-bf03-e682c552fa96,Sedan,TOYT -CAR/SUV,2016.0,2.0,M,Licensed,Going Straight Ahead,Center Front End,Center Front End,Left Front Bumper,Center Front End,Right Front Bumper,N,,Unspecified,Unspecified,BROOKLYN,11249.0,"(40.711678, -73.964966)",1.0,0.0,0,0,0,0,1,0,Sedan,Sedan,1
17514058,3641118,03/28/2017,17:15,9c742e6b-8db7-495f-bc90-2f447603a5a3,Sedan,HOND -CAR/SUV,2011.0,3.0,M,Licensed,Going Straight Ahead,Left Front Bumper,Center Front End,Right Front Bumper,,,N,,Unspecified,Unspecified,QUEENS,11101.0,"(40.740337, -73.93635)",0.0,0.0,0,0,0,0,0,0,Sedan,Sedan,0
17472674,3663665,05/04/2017,08:25,5c4994b4-ec73-42e2-82a8-b9a3a201e3ba,Sedan,TOYT -CAR/SUV,2013.0,0.0,,,Parked,Center Front End,Center Front End,Other,No Damage,No Damage,N,,Unspecified,Unspecified,BRONX,10463.0,"(40.88419, -73.91147)",0.0,0.0,0,0,0,0,0,0,Station Wagon/Sport Utility Vehicle,Sedan,0
17583290,3704831,06/30/2017,14:30,62ef4d25-07a8-44af-8b75-c29aa41ece8d,Bus,INTL-TRUCK/BUS,2005.0,21.0,M,Licensed,Making Right Turn,Right Rear Quarter Panel,Right Rear Quarter Panel,,,,N,,Driver Inattention/Distraction,Following Too Closely,QUEENS,11367.0,"(40.723343, -73.820045)",0.0,0.0,0,0,0,0,0,0,Sedan,Bus,0
17931742,3789984,11/12/2017,17:50,3b9f629d-4523-42c4-aeb3-5ba209c037b2,Sedan,BMW -CAR/SUV,2013.0,5.0,M,Licensed,Making Right Turn,Other,Center Front End,Right Front Bumper,Right Front Quarter Panel,No Damage,N,,Unspecified,Unspecified,BROOKLYN,11210.0,"(40.62573, -73.9564)",0.0,0.0,0,0,0,0,0,0,Sedan,,0
17918810,3752253,09/16/2017,04:00,6bb96c8b-5748-4c28-a3ea-0277575d33c2,,BUIC -CAR/SUV,,,,,,,,,,,Unspecified,,,,,,"(40.764683, -73.99179)",1.0,0.0,1,0,0,0,0,0,,,1
17110859,3605396,01/26/2017,20:35,f5abc378-6f98-4200-bc45-40c5e4e38de5,Sedan,TOYT -CAR/SUV,2016.0,1.0,M,Licensed,Going Straight Ahead,Left Front Quarter Panel,Left Front Quarter Panel,No Damage,No Damage,No Damage,N,,Passenger Distraction,Unspecified,MANHATTAN,10019.0,"(40.764996, -73.976715)",0.0,0.0,0,0,0,0,0,0,Sedan,Sedan,0
17780086,3784393,11/04/2017,23:35,b4c20c86-79c5-49d5-b167-835ddd175711,Sedan,CHEV -CAR/SUV,,0.0,,,Parked,Center Back End,Center Back End,,,,N,,Unspecified,Unspecified,MANHATTAN,10031.0,"(40.824455, -73.949814)",0.0,0.0,0,0,0,0,0,0,Sedan,Sedan,0
17582835,3662659,05/03/2017,16:45,1a676146-1442-406e-956b-03c40dbd84c1,Sedan,NISS -CAR/SUV,2016.0,3.0,M,Licensed,Going Straight Ahead,Center Front End,Center Front End,Left Front Bumper,Right Front Bumper,Right Front Quarter Panel,N,,Unspecified,Unspecified,QUEENS,11422.0,"(40.66745, -73.73435)",1.0,0.0,0,0,0,0,1,0,Sedan,Station Wagon/Sport Utility Vehicle,1
17521913,3683349,06/03/2017,02:30,0a6fc1d0-d187-4340-81be-abd693b819b0,Station Wagon/Sport Utility Vehicle,CHRY -CAR/SUV,2005.0,3.0,M,Licensed,Making Left Turn,Left Front Bumper,Left Front Bumper,,,,N,,Turning Improperly,Unspecified,MANHATTAN,10018.0,"(40.757668, -73.99483)",0.0,0.0,0,0,0,0,0,0,Station Wagon/Sport Utility Vehicle,Garbage or Refuse,0
17583769,3696064,06/21/2017,15:00,f73c67a7-b5e4-4cc4-b665-310156850cc4,Station Wagon/Sport Utility Vehicle,INFI -CAR/SUV,2016.0,1.0,M,Licensed,Going Straight Ahead,Right Front Quarter Panel,Right Front Quarter Panel,,,,N,,Driver Inattention/Distraction,Unsafe Lane Changing,,,"(40.773052, -73.96241)",1.0,0.0,0,0,1,0,0,0,Station Wagon/Sport Utility Vehicle,Bike,1
17447825,3697444,06/23/2017,07:00,b1c41da4-bf4a-4f92-89e2-1ab162c0901c,Sedan,CHRY -CAR/SUV,2016.0,1.0,M,Licensed,Merging,Left Rear Bumper,Left Rear Bumper,Left Rear Quarter Panel,,,N,,Failure to Yield Right-of-Way,Unsafe Lane Changing,QUEENS,11691.0,"(40.59514, -73.74996)",1.0,0.0,0,0,0,0,1,0,Sedan,Station Wagon/Sport Utility Vehicle,1
17791548,3781742,11/02/2017,00:52,9ddfaf32-a8a8-4d0d-b062-49ed2045fb73,Station Wagon/Sport Utility Vehicle,CADI -CAR/SUV,2011.0,1.0,M,Licensed,Slowing or Stopping,Center Back End,Center Back End,,,,N,,Unspecified,Unspecified,,,"(40.810173, -73.95117)",0.0,0.0,0,0,0,0,0,0,Station Wagon/Sport Utility Vehicle,Sedan,0
17553615,3693845,06/15/2017,16:15,6ff31242-33a3-4b2f-9d6e-383b79e27103,Bus,GMC-TRUCK/BUS,2012.0,1.0,M,Licensed,Going Straight Ahead,Right Front Quarter Panel,Right Front Quarter Panel,,,,N,,Unspecified,Unspecified,,,"(40.829468, -73.93127)",0.0,0.0,0,0,0,0,0,0,Sedan,Bus,0
17877814,3813505,12/21/2017,19:40,c0350009-da38-4319-93dd-be8230e8c837,Sedan,TOYT -CAR/SUV,2012.0,2.0,M,Licensed,Going Straight Ahead,Right Side Doors,Right Side Doors,,,,N,,Driver Inattention/Distraction,Unspecified,,,"(40.877068, -73.906105)",0.0,0.0,0,0,0,0,0,0,Sedan,Sedan,0
17955148,3756117,09/24/2017,17:17,c8ee72c2-557a-4af0-862e-4f8edd1387d1,Station Wagon/Sport Utility Vehicle,JEEP -CAR/SUV,2017.0,1.0,M,Licensed,Going Straight Ahead,Center Back End,Center Back End,Center Back End,Center Back End,,N,,Unspecified,Unspecified,,,,0.0,0.0,0,0,0,0,0,0,Station Wagon/Sport Utility Vehicle,Sedan,0
17532700,3655870,04/22/2017,23:00,4a958b9b-8dbe-45c8-bebf-211313c62aff,Sedan,VOLK -CAR/SUV,2007.0,1.0,M,,Going Straight Ahead,Center Front End,Center Front End,Right Front Bumper,Left Front Bumper,,N,,Driver Inattention/Distraction,Unspecified,QUEENS,11435.0,"(40.716843, -73.8167)",1.0,0.0,0,0,0,0,1,0,Station Wagon/Sport Utility Vehicle,Sedan,1
17812151,3796749,11/23/2017,21:00,74692bc1-512b-4560-b931-cf84a9182d98,Sedan,TOYT -CAR/SUV,2010.0,2.0,F,Licensed,Making Left Turn,Left Front Quarter Panel,Left Front Bumper,,,,N,,Unspecified,Unspecified,QUEENS,11691.0,"(40.59582, -73.77233)",0.0,0.0,0,0,0,0,0,0,Sedan,,0
17581772,3669662,05/14/2017,17:10,560d61be-96f4-4e7c-a8b9-5c7787117840,Station Wagon/Sport Utility Vehicle,MERZ -CAR/SUV,2017.0,1.0,,,Going Straight Ahead,Center Front End,Center Front End,No Damage,No Damage,No Damage,N,,Following Too Closely,Unsafe Speed,,,"(40.64254, -73.87652)",2.0,0.0,0,0,0,0,2,0,Station Wagon/Sport Utility Vehicle,Station Wagon/Sport Utility Vehicle,1
17634743,3733583,08/19/2017,17:41,714a1bc2-1193-4de4-a048-dec7c3ce3084,Station Wagon/Sport Utility Vehicle,CHEV -CAR/SUV,2013.0,0.0,,,Parked,Center Back End,Right Rear Bumper,Left Rear Bumper,,,N,,Unspecified,Unspecified,BRONX,10467.0,"(40.88271, -73.881256)",0.0,0.0,0,0,0,0,0,0,Pick-up Truck,Station Wagon/Sport Utility Vehicle,0
17567248,3683673,06/04/2017,03:54,4c2151ba-6561-4871-a870-9f27fccaf1eb,Sedan,DODG -CAR/SUV,2013.0,0.0,,,Parked,Right Rear Quarter Panel,Right Rear Quarter Panel,Right Rear Bumper,Left Front Quarter Panel,Left Side Doors,N,,Unspecified,Unspecified,QUEENS,11385.0,"(40.703487, -73.89736)",0.0,0.0,0,0,0,0,0,0,Sedan,,0
17633209,3711991,07/10/2017,11:00,48fd1a25-ac66-49c0-9971-c8585d0be4e6,Station Wagon/Sport Utility Vehicle,JEEP -CAR/SUV,2016.0,1.0,F,Licensed,Starting from Parking,Right Front Bumper,Right Front Bumper,Center Front End,,,N,,Driver Inattention/Distraction,View Obstructed/Limited,BRONX,10462.0,"(40.842144, -73.85619)",0.0,0.0,0,0,0,0,0,0,Sedan,Station Wagon/Sport Utility Vehicle,0
17536239,3676745,05/23/2017,08:00,55369664-c420-42fa-b1f8-cad6ddd6b9d5,Sedan,NISS -CAR/SUV,2013.0,1.0,M,Licensed,Going Straight Ahead,Center Front End,Center Front End,,,,N,,Driver Inattention/Distraction,Unspecified,,,"(40.608223, -74.1294)",0.0,0.0,0,0,0,0,0,0,Sedan,Sedan,0
17973816,3805483,12/07/2017,16:55,99c8c0cd-e970-475e-a79e-97ea7934cefe,Sedan,DODG -CAR/SUV,2012.0,1.0,M,Licensed,Stopped in Traffic,Center Back End,Center Back End,Right Rear Bumper,Left Rear Bumper,,N,,Unspecified,Unspecified,STATEN ISLAND,10305.0,"(40.576107, -74.08244)",0.0,0.0,0,0,0,0,0,0,Sedan,Sedan,0
17540622,3701863,06/29/2017,12:21,a6146abe-9c36-4dc1-9b1d-a2cb16bc445c,Station Wagon/Sport Utility Vehicle,JEEP -CAR/SUV,2009.0,1.0,F,Licensed,Going Straight Ahead,Right Front Bumper,Center Front End,,,,N,,Unspecified,Unspecified,,,"(40.806915, -73.93557)",0.0,0.0,0,0,0,0,0,0,Station Wagon/Sport Utility Vehicle,Station Wagon/Sport Utility Vehicle,0
17578121,3666160,05/08/2017,07:40,caa94284-e7eb-4eb1-b90f-6db0edb2f138,Sedan,NISS -CAR/SUV,2013.0,2.0,F,Licensed,Making Left Turn,Right Front Quarter Panel,Right Front Quarter Panel,Center Front End,Left Front Bumper,Right Side Doors,N,,Unspecified,Unspecified,BROOKLYN,11208.0,"(40.667664, -73.873695)",3.0,0.0,0,0,0,0,3,0,Sedan,Sedan,1
17535431,3676948,05/23/2017,15:00,3485fcbd-559d-46a3-80ea-cbc376890f8f,Carry All,KENWO,2014.0,0.0,M,Licensed,Going Straight Ahead,Left Front Quarter Panel,Left Front Quarter Panel,,,,N,,Unspecified,Unspecified,MANHATTAN,10016.0,"(40.747765, -73.98296)",0.0,0.0,0,0,0,0,0,0,Carry All,Sedan,0
17584627,3698671,06/25/2017,13:30,88bc404c-0691-4ea5-b37c-16b3959b7706,Station Wagon/Sport Utility Vehicle,BMW -CAR/SUV,2016.0,1.0,F,Licensed,Parked,Left Side Doors,Left Rear Quarter Panel,Other,Other,Other,N,,Unspecified,Unspecified,QUEENS,11101.0,,0.0,0.0,0,0,0,0,0,0,Station Wagon/Sport Utility Vehicle,Pick-up Truck,0
17506960,3703883,07/01/2017,14:56,0a6419e3-220b-4b89-81d1-701932677db0,Sedan,MERZ -CAR/SUV,2017.0,1.0,M,Licensed,Going Straight Ahead,Center Front End,Center Front End,No Damage,No Damage,No Damage,N,,Following Too Closely,Unspecified,,,"(40.583275, -73.982254)",1.0,0.0,0,0,0,0,1,0,Station Wagon/Sport Utility Vehicle,Sedan,1
17902300,3758368,09/27/2017,16:00,3310b8e2-f567-415f-b1e9-f5bc044f6de3,Sedan,TOYT -CAR/SUV,2008.0,1.0,M,Licensed,Going Straight Ahead,Right Front Bumper,Right Front Bumper,No Damage,No Damage,No Damage,N,,Unspecified,Unspecified,,,"(40.655872, -74.00398)",0.0,0.0,0,0,0,0,0,0,Sedan,Sedan,0
17621988,3708633,07/10/2017,18:15,ea1a63d0-8afa-4196-b1b9-1df77e7f80c6,Sedan,TOYT -CAR/SUV,2000.0,1.0,M,Licensed,Backing,Right Front Bumper,Right Front Bumper,,,,N,,Unspecified,Unspecified,QUEENS,11373.0,"(40.734478, -73.873116)",0.0,0.0,0,0,0,0,0,0,Station Wagon/Sport Utility Vehicle,Sedan,0
17597715,3721542,07/25/2017,14:30,76d127b0-9905-49c1-b74b-1c065086a901,Station Wagon/Sport Utility Vehicle,FORD -CAR/SUV,2014.0,1.0,M,Licensed,Parked,Left Front Quarter Panel,Left Front Quarter Panel,No Damage,No Damage,No Damage,N,,Unspecified,Unspecified,MANHATTAN,10003.0,"(40.7297, -73.98846)",0.0,0.0,0,0,0,0,0,0,Station Wagon/Sport Utility Vehicle,Station Wagon/Sport Utility Vehicle,0
17112525,3605120,01/26/2017,16:00,73593a1b-9c22-4303-a56d-d3eabfd10470,Sedan,BMW -CAR/SUV,1997.0,1.0,M,Licensed,Going Straight Ahead,Right Front Bumper,Right Front Bumper,Center Front End,Right Front Bumper,,N,,Driver Inattention/Distraction,Unsafe Speed,QUEENS,11413.0,"(40.682987, -73.75459)",0.0,0.0,0,0,0,0,0,0,Sedan,Sedan,0
17656748,3737967,08/24/2017,16:10,7b2de50d-1339-4873-bd53-674fb563ba3d,Station Wagon/Sport Utility Vehicle,LEXS -CAR/SUV,2010.0,1.0,F,Licensed,Backing,Center Front End,Center Front End,,,,N,,Backing Unsafely,Unspecified,BROOKLYN,11210.0,"(40.633995, -73.94778)",1.0,0.0,1,0,0,0,0,0,Station Wagon/Sport Utility Vehicle,,1
17643469,3730639,08/11/2017,14:29,e43030b8-2d17-4ab0-b9fb-36d41ab06100,Station Wagon/Sport Utility Vehicle,CHRY -CAR/SUV,2014.0,1.0,M,Licensed,Making Left Turn,Left Rear Bumper,Left Rear Bumper,Left Rear Quarter Panel,,,N,,Unspecified,Unspecified,BRONX,10454.0,"(40.810776, -73.92675)",0.0,0.0,0,0,0,0,0,0,Station Wagon/Sport Utility Vehicle,Flat Bed,0
17993451,3808128,12/11/2017,16:00,47757ce1-55ff-4018-9874-740e61663094,Station Wagon/Sport Utility Vehicle,FORD -CAR/SUV,2016.0,,,,Entering Parked Position,Center Front End,Right Front Bumper,,,,N,,Unspecified,Unspecified,QUEENS,11005.0,"(40.75936, -73.71322)",0.0,0.0,0,0,0,0,0,0,Station Wagon/Sport Utility Vehicle,Station Wagon/Sport Utility Vehicle,0
17508478,3654895,04/21/2017,11:30,466fbe2a-367e-4d90-9f81-b0d6944cbb94,Sedan,NISS -CAR/SUV,2012.0,1.0,,,Going Straight Ahead,Center Front End,No Damage,,,,N,,Driver Inattention/Distraction,Unspecified,QUEENS,11416.0,"(40.684258, -73.84604)",0.0,0.0,0,0,0,0,0,0,Sedan,Station Wagon/Sport Utility Vehicle,0
17091968,3601247,01/17/2017,08:10,fbd6baca-9178-4cd3-a0fe-f688928d29f8,Station Wagon/Sport Utility Vehicle,CHRY -CAR/SUV,2004.0,1.0,M,Licensed,Slowing or Stopping,Center Front End,Center Front End,No Damage,No Damage,No Damage,N,,Following Too Closely,Unspecified,QUEENS,11423.0,"(40.716343, -73.761406)",0.0,0.0,0,0,0,0,0,0,Sedan,Station Wagon/Sport Utility Vehicle,0
17920135,3765353,10/07/2017,11:34,3632f348-db6e-4060-9e3e-a100a7e7a4f9,Sedan,FORD -CAR/SUV,2011.0,1.0,M,Licensed,Making Right Turn,Center Front End,Center Front End,,,,N,,Driver Inattention/Distraction,Unspecified,,,"(40.814457, -73.929245)",1.0,0.0,0,0,1,0,0,0,Sedan,Bike,1
17968962,3813826,12/20/2017,18:00,2c9f54fa-eff7-4404-a6a9-60733be70ea3,Sedan,NISS -CAR/SUV,2006.0,1.0,M,Licensed,Going Straight Ahead,Left Side Doors,Left Front Quarter Panel,Left Side Doors,,,N,,Unspecified,Unspecified,BROOKLYN,11203.0,"(40.651104, -73.94381)",0.0,0.0,0,0,0,0,0,0,Sedan,Sedan,0
17434613,3630800,03/10/2017,08:30,879c5957-fe8b-466c-b535-8f6855a4d651,Sedan,NISS -CAR/SUV,2003.0,2.0,M,Licensed,Going Straight Ahead,Center Back End,Center Back End,Right Rear Bumper,Left Rear Bumper,,N,,Unspecified,Unspecified,,,,1.0,0.0,0,0,0,0,1,0,Sedan,Sedan,1
17566830,3686658,06/08/2017,14:30,3b1dba14-f542-4854-8994-5180ab6329ff,Box Truck,WANG,2014.0,1.0,M,Licensed,Passing,Trailer,No Damage,,,,N,,Passing or Lane Usage Improper,Other Vehicular,MANHATTAN,10036.0,"(40.76187, -73.99012)",0.0,0.0,0,0,0,0,0,0,Sedan,Box Truck,0
17631748,3722357,07/31/2017,17:14,fdef8d8e-6d79-4965-8235-4093a50479bd,Sedan,TOYT -CAR/SUV,2013.0,1.0,M,Licensed,Passing,Right Front Bumper,Right Front Quarter Panel,Center Front End,No Damage,No Damage,N,,Passing or Lane Usage Improper,Following Too Closely,,,,0.0,0.0,0,0,0,0,0,0,Station Wagon/Sport Utility Vehicle,Sedan,0
17586479,3666323,05/08/2017,13:02,5eaf3e10-8036-4749-a0bb-d354f1187ac3,Sedan,FORD -CAR/SUV,2006.0,1.0,M,Licensed,Going Straight Ahead,Left Front Bumper,Left Front Quarter Panel,,,,N,,Unspecified,Unspecified,QUEENS,11357.0,"(40.790733, -73.81457)",0.0,0.0,0,0,0,0,0,0,Sedan,Sedan,0
17972831,3809930,12/15/2017,15:00,62c4729e-3c76-4e4c-8c13-ae06ccaa6fae,Station Wagon/Sport Utility Vehicle,JEEP -CAR/SUV,2008.0,0.0,,,Parked,Left Rear Bumper,Right Rear Bumper,Center Back End,,,N,,Unspecified,Unspecified,QUEENS,11385.0,"(40.7104, -73.86663)",0.0,0.0,0,0,0,0,0,0,Station Wagon/Sport Utility Vehicle,Station Wagon/Sport Utility Vehicle,0
17525843,3670681,05/15/2017,23:30,1e3ddf64-d310-46e1-ac76-4dc6e517c26a,Station Wagon/Sport Utility Vehicle,MERC -CAR/SUV,2007.0,0.0,,,Parked,Left Front Bumper,Left Front Bumper,No Damage,No Damage,No Damage,N,,Unspecified,Unspecified,MANHATTAN,10001.0,"(40.75133, -73.99408)",0.0,0.0,0,0,0,0,0,0,Station Wagon/Sport Utility Vehicle,,0
17972002,3779482,10/28/2017,11:00,df2384c9-6124-4a2d-bead-f8a5a31ec4e0,Dump,INTER,2009.0,1.0,M,Licensed,Going Straight Ahead,Right Front Quarter Panel,No Damage,No Damage,No Damage,No Damage,N,,Unspecified,Unspecified,,,"(40.762737, -73.9597)",0.0,0.0,0,0,0,0,0,0,Dump,Sedan,0
17568254,3656096,04/23/2017,14:30,bf64dc0a-db12-47ad-86df-79fb177465d4,Station Wagon/Sport Utility Vehicle,FORD -CAR/SUV,2008.0,1.0,F,Licensed,Entering Parked Position,Right Front Quarter Panel,No Damage,,,,N,,Driver Inexperience,Driver Inattention/Distraction,BROOKLYN,11208.0,"(40.67813, -73.94907)",0.0,0.0,0,0,0,0,0,0,Convertible,Station Wagon/Sport Utility Vehicle,0