UNIQUE_ID,COLLISION_ID,CRASH_DATE,CRASH_TIME,VEHICLE_ID,VEHICLE_TYPE,VEHICLE_MAKE,VEHICLE_YEAR,VEHICLE_OCCUPANTS,DRIVER_SEX,DRIVER_LICENSE_STATUS,PRE_CRASH,POINT_OF_IMPACT,VEHICLE_DAMAGE,VEHICLE_DAMAGE_1,VEHICLE_DAMAGE_2,VEHICLE_DAMAGE_3,PUBLIC_PROPERTY_DAMAGE,PUBLIC_PROPERTY_DAMAGE_TYPE,CONTRIBUTING_FACTOR_1,CONTRIBUTING_FACTOR_2,BOROUGH,ZIP CODE,LOCATION,NUMBER OF PERSONS INJURED,NUMBER OF PERSONS KILLED,NUMBER OF PEDESTRIANS INJURED,NUMBER OF PEDESTRIANS KILLED,NUMBER OF CYCLIST INJURED,NUMBER OF CYCLIST KILLED,NUMBER OF MOTORIST INJURED,NUMBER OF MOTORIST KILLED,VEHICLE TYPE CODE 1,VEHICLE TYPE CODE 2,Severity
17452353,3626307,03/05/2017,19:53,a9a183a2-dce0-4d08-8d95-c4d19319fe13,Sedan,HOND -CAR/SUV,2003.0,1.0,M,Licensed,Making U Turn,Right Front Bumper,Right Front Bumper,No Damage,No Damage,No Damage,N,,Unspecified,Unspecified,,,"(40.647728, -73.97634)",0.0,0.0,0,0,0,0,0,0,Sedan,Station Wagon/Sport Utility Vehicle,0
17849866,3777605,10/26/2017,17:50,91382c8a-cbb8-4e4f-901e-8c3b2d56c3a4,Sedan,HOND -CAR/SUV,2009.0,1.0,F,Licensed,Going Straight Ahead,Left Front Quarter Panel,Left Front Quarter Panel,,,,N,,Unspecified,Unspecified,,,"(40.77316, -73.98222)",0.0,0.0,0,0,0,0,0,0,Sedan,Sedan,0
17623628,3737022,08/23/2017,22:45,20788edf-ac7f-4eea-bdea-ffc9b5b58b72,Station Wagon/Sport Utility Vehicle,NISS -CAR/SUV,2000.0,1.0,M,Licensed,Changing Lanes,Left Front Bumper,Left Front Quarter Panel,,,,Unspecified,,Unsafe Lane Changing,Unspecified,,,"(40.61467, -73.92809)",0.0,0.0,0,0,0,0,0,0,Station Wagon/Sport Utility Vehicle,Sedan,0
17954757,3816849,12/28/2017,11:00,063adaec-9e27-4665-9ae0-07f527073328,Sedan,TOYT -CAR/SUV,2008.0,1.0,M,Licensed,Going Straight Ahead,Center Back End,No Damage,,,,N,,Unspecified,Unspecified,,,"(40.66626, -73.99596)",0.0,0.0,0,0,0,0,0,0,Sedan,Station Wagon/Sport Utility Vehicle,0
19605601,3627374,03/07/2017,11:30,d8c1a660-a735-481b-94e5-845079ff647c,Sedan,TOYT -CAR/SUV,2009.0,1.0,M,Licensed,Going Straight Ahead,Right Side Doors,Right Side Doors,Right Front Quarter Panel,,,N,,Unspecified,Unspecified,,,"(40.768112, -73.92034)",0.0,0.0,0,0,0,0,0,0,Station Wagon/Sport Utility Vehicle,Sedan,0
17599772,3748073,09/11/2017,14:50,fc027927-3c7d-4908-89b8-b9b493bae60e,Motorcycle,YAMA -MCL,2007.0,1.0,M,Licensed,Going Straight Ahead,Left Front Quarter Panel,Left Front Quarter Panel,,,,N,,Unspecified,Unspecified,,,"(40.81366, -73.9412)",0.0,0.0,0,0,0,0,0,0,Station Wagon/Sport Utility Vehicle,Motorcycle,0
17525938,3670680,05/15/2017,00:50,ca35fab1-0f89-4bde-9ff5-2507cd318d7e,Taxi,CHRY -CAR/SUV,2015.0,1.0,M,Licensed,Going Straight Ahead,Center Front End,Center Front End,Right Front Bumper,Left Front Bumper,,N,,Traffic Control Disregarded,Driver Inattention/Distraction,MANHATTAN,10017.0,"(40.7528, -73.979294)",0.0,0.0,0,0,0,0,0,0,Taxi,Taxi,0
17583437,3674342,05/20/2017,12:30,b9c4720a-a2b1-4d08-841b-b9d48be2b5f2,Pick-up Truck,FORD -CAR/SUV,2017.0,2.0,M,Licensed,Making Right Turn,Left Rear Bumper,Left Rear Bumper,Center Back End,No Damage,No Damage,N,,Unspecified,Unspecified,BROOKLYN,11207.0,"(40.67816, -73.897484)",1.0,0.0,0,0,0,0,1,0,Pick-up Truck,Sedan,1
17502438,3675211,05/21/2017,14:30,78d37f10-7655-446e-ab0f-25dcc317c41a,Sedan,FORD -CAR/SUV,2002.0,0.0,,,Parked,Left Rear Bumper,Left Rear Quarter Panel,No Damage,No Damage,No Damage,N,,Unspecified,Unspecified,STATEN ISLAND,10301.0,"(40.613804, -74.11338)",0.0,0.0,0,0,0,0,0,0,Sedan,,0
17512956,3667048,05/10/2017,18:07,8878c386-8694-43f3-93ff-22d5056026ba,Sedan,HYUN -CAR/SUV,2006.0,1.0,F,Licensed,Going Straight Ahead,Right Front Bumper,Right Front Bumper,Right Front Quarter Panel,Center Front End,Left Front Bumper,N,,Driver Inattention/Distraction,Traffic Control Disregarded,QUEENS,11423.0,"(40.712772, -73.77201)",0.0,0.0,0,0,0,0,0,0,Station Wagon/Sport Utility Vehicle,Sedan,0
17471688,3637246,03/22/2017,15:30,1ae66c84-fead-4c8d-9106-aa8c39ad3469,Sedan,LEXS -CAR/SUV,2016.0,1.0,F,Licensed,Going Straight Ahead,Left Front Bumper,Left Front Bumper,Left Front Quarter Panel,Center Front End,,N,,Driver Inattention/Distraction,Unspecified,BROOKLYN,11235.0,"(40.588066, -73.95342)",0.0,0.0,0,0,0,0,0,0,Pick-up Truck,Sedan,0
17833269,3795232,11/21/2017,10:00,55659c8f-14e4-4a44-a03a-f53c2bc183d5,Station Wagon/Sport Utility Vehicle,BMW -CAR/SUV,2015.0,1.0,M,Licensed,Stopped in Traffic,Center Back End,Right Rear Bumper,Left Front Bumper,Center Front End,No Damage,N,,Other Vehicular,Other Vehicular,MANHATTAN,10030.0,"(40.814354, -73.945496)",0.0,0.0,0,0,0,0,0,0,Station Wagon/Sport Utility Vehicle,Station Wagon/Sport Utility Vehicle,0
17820635,3816833,12/29/2017,02:15,2f091d02-33bf-471b-88c5-6f362367c865,Sedan,HOND -CAR/SUV,2017.0,1.0,M,Licensed,Going Straight Ahead,Right Side Doors,Right Side Doors,Center Front End,,,N,,Other Vehicular,Unspecified,,,"(40.606087, -73.75911)",0.0,0.0,0,0,0,0,0,0,Sedan,Sedan,0
17643493,3727212,08/04/2017,15:15,a352dc3a-8782-41b4-a4da-c3081e69662e,Station Wagon/Sport Utility Vehicle,CHRY -CAR/SUV,2008.0,1.0,F,Licensed,Going Straight Ahead,Left Rear Quarter Panel,Left Rear Quarter Panel,,,,N,,Unspecified,Unspecified,QUEENS,11415.0,,0.0,0.0,0,0,0,0,0,0,Station Wagon/Sport Utility Vehicle,,0
17108067,3603152,01/17/2017,09:15,dd03d0f0-1d04-4d08-9125-999775cda539,Sedan,HYUN -CAR/SUV,2017.0,2.0,M,Licensed,Going Straight Ahead,Left Front Bumper,Center Front End,Right Front Bumper,No Damage,No Damage,N,,Failure to Yield Right-of-Way,Unspecified,QUEENS,11365.0,"(40.73282, -73.797676)",0.0,0.0,0,0,0,0,0,0,Sedan,Sedan,0
17470589,3680724,05/29/2017,14:20,8afe9996-1c81-484c-8cfc-5477b0e2fb0d,Sedan,JEEP -CAR/SUV,2014.0,1.0,M,Licensed,Going Straight Ahead,Center Front End,Center Front End,,,,N,,Following Too Closely,Unspecified,,,"(40.680695, -74.002975)",0.0,0.0,0,0,0,0,0,0,Sedan,Sedan,0
17551749,3687374,06/10/2017,12:00,e81702d8-fb43-4f46-a38a-dfaa4df66fe1,Sedan,HYUN -CAR/SUV,2009.0,1.0,M,Licensed,Going Straight Ahead,Center Back End,Center Back End,Right Rear Bumper,Left Rear Bumper,,N,,Unspecified,Unspecified,,,"(40.61702, -74.156334)",0.0,0.0,0,0,0,0,0,0,Pick-up Truck,Sedan,0
19614720,3769329,10/13/2017,09:00,879baa2d-2745-455b-9b82-250d12c96bcb,Sedan,HOND -CAR/SUV,2004.0,1.0,F,Licensed,Making Left Turn,Center Back End,Center Back End,Right Rear Bumper,Right Rear Quarter Panel,No Damage,N,,Pedestrian/Bicyclist/Other Pedestrian Error/Confusion,Unspecified,MANHATTAN,10039.0,"(40.826683, -73.935394)",0.0,0.0,0,0,0,0,0,0,Sedan,Sedan,0
17969257,3797008,11/25/2017,19:55,de03181d-d2e5-42de-abf3-1caa1ac86c0a,Station Wagon/Sport Utility Vehicle,HOND -CAR/SUV,2016.0,5.0,F,Licensed,Going Straight Ahead,Center Back End,Center Back End,Left Rear Bumper,Right Rear Bumper,,N,,Unspecified,Unspecified,,,"(40.759575, -73.77703)",0.0,0.0,0,0,0,0,0,0,Station Wagon/Sport Utility Vehicle,Sedan,0
17601768,3738358,08/27/2017,13:30,62c6f087-da83-4168-8b7e-02f28f86287b,Station Wagon/Sport Utility Vehicle,TOYT -CAR/SUV,1997.0,2.0,F,Licensed,Avoiding Object in Roadway,Right Rear Bumper,Right Rear Bumper,Right Rear Quarter Panel,,,N,,Unspecified,Unspecified,BROOKLYN,11201.0,"(40.689804, -73.97794)",1.0,0.0,0,0,1,0,0,0,Station Wagon/Sport Utility Vehicle,Bike,1
17516902,3688903,06/09/2017,16:48,f390b92f-5eea-464c-87bd-df9114c9bae8,Sedan,CHEV -CAR/SUV,2008.0,1.0,M,Licensed,Going Straight Ahead,Left Side Doors,Left Rear Quarter Panel,,,,N,,Driver Inattention/Distraction,Failure to Yield Right-of-Way,,,"(40.710175, -74.001144)",0.0,0.0,0,0,0,0,0,0,Station Wagon/Sport Utility Vehicle,Sedan,0
17496202,3650937,04/01/2017,08:30,89b63420-7072-430f-ba4c-7b8915db5dd7,Station Wagon/Sport Utility Vehicle,MERZ -CAR/SUV,2008.0,1.0,M,Licensed,Making Right Turn,Left Front Bumper,Left Front Bumper,,,,N,,Driver Inattention/Distraction,Unspecified,BRONX,10467.0,,0.0,0.0,0,0,0,0,0,0,Sedan,Station Wagon/Sport Utility Vehicle,0
17107289,3609826,02/04/2017,06:45,b34423c7-e9ce-47de-93b4-d51f89106956,Sedan,CHEV -CAR/SUV,2016.0,1.0,M,Licensed,Going Straight Ahead,Undercarriage,Undercarriage,Undercarriage,Undercarriage,Undercarriage,N,,Obstruction/Debris,Obstruction/Debris,,,"(40.72478, -73.9357)",0.0,0.0,0,0,0,0,0,0,Sedan,,0
17135779,3622580,02/25/2017,08:40,3caee08c-d813-4a3f-b57d-c0ea0f3bb4c6,Taxi,NISS -CAR/SUV,2014.0,1.0,M,Licensed,Going Straight Ahead,Right Front Bumper,Right Front Bumper,Center Front End,Right Front Quarter Panel,,N,,Unspecified,Unspecified,MANHATTAN,10019.0,"(40.767014, -73.97943)",0.0,0.0,0,0,0,0,0,0,Taxi,Taxi,0
17510689,3683165,05/31/2017,09:30,686e897e-9ae6-43f1-b555-efb1050053e2,Sedan,HOND -CAR/SUV,2017.0,1.0,M,Licensed,Making Left Turn,Left Front Bumper,No Damage,,,,N,,Driver Inattention/Distraction,Failure to Yield Right-of-Way,MANHATTAN,10016.0,"(40.740643, -73.97581)",1.0,0.0,0,0,1,0,0,0,Bike,Sedan,1
17082036,3598382,01/11/2017,13:00,9bdb0dbc-fce6-4299-b01b-f44e5ec51776,Sedan,TOYT -CAR/SUV,2016.0,0.0,M,Licensed,,Left Rear Bumper,Left Rear Bumper,,,,N,,Unspecified,Unspecified,MANHATTAN,10033.0,"(40.848682, -73.939224)",0.0,0.0,0,0,0,0,0,0,Sedan,Sedan,0
17574651,3686508,06/06/2017,18:40,14535236-747d-4c77-a1e4-73344bf5be2d,Sedan,NISS -CAR/SUV,2013.0,1.0,F,Licensed,Starting from Parking,Left Front Bumper,Left Front Bumper,,,,Unspecified,,Failure to Yield Right-of-Way,Unspecified,QUEENS,11427.0,"(40.723644, -73.76244)",0.0,0.0,0,0,0,0,0,0,Sedan,Sedan,0
17581983,3670551,05/15/2017,09:00,db59a27e-f142-4010-ad98-d3bc405a59ac,Sedan,TOYT -CAR/SUV,2015.0,1.0,M,Licensed,Going Straight Ahead,Right Front Quarter Panel,Right Front Quarter Panel,Right Front Bumper,,,N,,Driver Inattention/Distraction,Unspecified,BROOKLYN,11207.0,"(40.665035, -73.89214)",0.0,0.0,0,0,0,0,0,0,Sedan,Sedan,0
17981073,3798801,11/27/2017,14:00,384d4cd9-58b4-40ed-a9ac-285024129305,Station Wagon/Sport Utility Vehicle,INTL -CAR/SUV,2016.0,2.0,F,Licensed,Going Straight Ahead,Right Front Bumper,Right Front Bumper,,,,N,,Unspecified,Unspecified,QUEENS,11101.0,"(40.752403, -73.92442)",1.0,0.0,0,0,0,0,1,0,Station Wagon/Sport Utility Vehicle,Station Wagon/Sport Utility Vehicle,1
17116174,3612144,02/07/2017,08:17,f1b09a1c-c6da-4843-b4da-7c4c96d40bbd,Station Wagon/Sport Utility Vehicle,NISS -CAR/SUV,2015.0,0.0,F,Licensed,Parked,Left Front Bumper,Left Front Bumper,Left Front Quarter Panel,,,N,,Unspecified,Unspecified,BROOKLYN,11201.0,"(40.69746, -73.99303)",0.0,0.0,0,0,0,0,0,0,Station Wagon/Sport Utility Vehicle,Sedan,0
17971892,3771529,10/14/2017,14:49,2f5466f0-0472-4781-b9df-3f9975ca39f0,Sedan,FORD -CAR/SUV,2017.0,1.0,M,Licensed,Going Straight Ahead,Center Back End,Center Back End,,,,N,,Unspecified,Unspecified,,,"(40.767204, -73.910095)",0.0,0.0,0,0,0,0,0,0,Station Wagon/Sport Utility Vehicle,Sedan,0
17437053,3633831,03/17/2017,17:30,6d2a922e-2d9f-4449-a112-9d3804415007,Sedan,CHEV -CAR/SUV,2013.0,0.0,,,Parked,Right Side Doors,Right Side Doors,No Damage,No Damage,No Damage,N,,Unspecified,Unspecified,,,"(40.668613, -73.94505)",0.0,0.0,0,0,0,0,0,0,Sedan,,0
17936277,3780826,10/13/2017,23:15,abf58f16-780a-4501-9237-731b00ef410f,Sedan,HOND -CAR/SUV,2005.0,3.0,M,Licensed,Going Straight Ahead,Center Back End,Center Back End,Center Front End,Center Front End,,N,,Unspecified,Unspecified,,,"(40.84482, -73.837)",0.0,0.0,0,0,0,0,0,0,Sedan,Sedan,0
17993217,3789303,11/13/2017,13:00,869c804e-25f4-487d-93d7-b2abb53d1c65,Station Wagon/Sport Utility Vehicle,HYUN -CAR/SUV,2004.0,1.0,F,Licensed,Making Right Turn,Right Front Bumper,Right Front Bumper,Right Front Quarter Panel,Center Front End,,N,,Unsafe Lane Changing,Lane Marking Improper/Inadequate,,,,0.0,0.0,0,0,0,0,0,0,Station Wagon/Sport Utility Vehicle,Tow Truck / Wrecker,0
17453765,3630010,03/10/2017,16:15,7166e93c-9502-43cf-946a-4845d241b8ff,Station Wagon/Sport Utility Vehicle,NISS -CAR/SUV,2000.0,1.0,M,Licensed,Going Straight Ahead,Right Rear Bumper,Right Rear Quarter Panel,No Damage,No Damage,No Damage,N,,Unspecified,Unspecified,,,"(40.771374, -73.877144)",1.0,0.0,0,0,0,0,1,0,Sedan,Station Wagon/Sport Utility Vehicle,1
17984690,3758254,09/27/2017,08:15,0c1051e1-e863-4fca-99b3-6caace677c5e,Bus,FORD-TRUCK/BUS,2008.0,4.0,M,Licensed,Going Straight Ahead,Right Rear Bumper,Right Rear Bumper,,,,Unspecified,,Unspecified,Unspecified,QUEENS,11428.0,"(40.715805, -73.74631)",0.0,0.0,0,0,0,0,0,0,Bus,Bus,0
17489572,3648676,04/09/2017,23:27,daa52f7a-ff69-42c7-b6ee-3bb230406c12,Sedan,NISS -CAR/SUV,2003.0,1.0,M,Licensed,Making Left Turn,Left Side Doors,Left Side Doors,,,,N,,Driver Inattention/Distraction,Passing or Lane Usage Improper,QUEENS,11368.0,"(40.758305, -73.85561)",0.0,0.0,0,0,0,0,0,0,Sedan,Sedan,0
17832334,3751141,09/15/2017,23:20,e79ab40d-0385-4f12-8d37-294f5a39cc93,Sedan,TOYT -CAR/SUV,2012.0,1.0,M,Licensed,Changing Lanes,Right Front Quarter Panel,Right Front Quarter Panel,,,,N,,Unsafe Lane Changing,Unspecified,,,,1.0,0.0,0,0,1,0,0,0,Sedan,Bike,1
17973822,3782394,11/02/2017,13:00,458a889a-1eb1-47e7-9c31-1808f3d82d00,Sedan,CHEV -CAR/SUV,2016.0,2.0,F,Licensed,Stopped in Traffic,Right Side Doors,Right Side Doors,Right Front Quarter Panel,No Damage,No Damage,N,,Unspecified,Unspecified,,,"(40.764988, -73.96116)",0.0,0.0,0,0,0,0,0,0,Station Wagon/Sport Utility Vehicle,Sedan,0
17898726,3779521,10/28/2017,09:57,d87bd3f4-9e55-46f3-b4de-1cc78f3f1c7d,Sedan,HOND -CAR/SUV,2017.0,1.0,M,Licensed,Entering Parked Position,Left Front Bumper,Left Front Quarter Panel,No Damage,No Damage,No Damage,N,,Passing Too Closely,Unspecified,QUEENS,11375.0,"(40.720375, -73.855515)",0.0,0.0,0,0,0,0,0,0,Sedan,Sedan,0
17468614,3640200,03/27/2017,14:50,087608b2-1a8b-4e79-8c7d-34ce40c89fc5,Sedan,SMRT -CAR/SUV,2016.0,1.0,F,Licensed,Making Right Turn,Left Front Bumper,Left Front Bumper,,,,N,,Unspecified,Unspecified,MANHATTAN,10017.0,"(40.75425, -73.96899)",0.0,0.0,0,0,0,0,0,0,Sedan,Sedan,0
17603186,3713593,07/17/2017,08:45,4e9582fc-c988-4036-bef7-53ed796bfb82,Station Wagon/Sport Utility Vehicle,CHEV -CAR/SUV,2009.0,2.0,F,Licensed,Going Straight Ahead,Center Front End,Center Front End,Left Front Bumper,Right Front Bumper,No Damage,N,,Following Too Closely,Unspecified,BROOKLYN,11236.0,"(40.641365, -73.89811)",0.0,0.0,0,0,0,0,0,0,Station Wagon/Sport Utility Vehicle,Station Wagon/Sport Utility Vehicle,0
17110320,3607592,01/31/2017,19:55,5d66bb5b-0c2d-4af8-a67a-6f4e3edfd78e,Sedan,TOYT -CAR/SUV,2013.0,1.0,M,Licensed,Slowing or Stopping,Center Front End,No Damage,No Damage,No Damage,No Damage,N,,Driver Inattention/Distraction,Unspecified,BROOKLYN,11217.0,"(40.67937, -73.98193)",0.0,0.0,0,0,0,0,0,0,Sedan,Sedan,0
17966024,3795969,11/18/2017,03:00,eae7f82a-a8bd-4f84-b552-355bad8ea6ec,Sedan,FORD -CAR/SUV,2011.0,1.0,M,Licensed,Parked,Left Front Bumper,Left Front Bumper,,,,N,,Unspecified,Unspecified,,,"(40.7636, -73.77098)",0.0,0.0,0,0,0,0,0,0,Sedan,Station Wagon/Sport Utility Vehicle,0
17564482,3701518,06/28/2017,20:30,dcb43abc-e356-4879-9f61-e81c3542ddce,Bus,ALEX,2015.0,1.0,M,Licensed,Going Straight Ahead,Right Rear Quarter Panel,No Damage,No Damage,No Damage,No Damage,N,,Driver Inattention/Distraction,Unsafe Lane Changing,MANHATTAN,10036.0,"(40.760036, -73.991455)",1.0,0.0,0,0,0,0,1,0,Station Wagon/Sport Utility Vehicle,Bus,1
17866772,3751816,09/16/2017,13:10,e69e10b4-e07f-4085-8141-a37abf422f84,Station Wagon/Sport Utility Vehicle,LEXS -CAR/SUV,2015.0,1.0,F,Licensed,Starting from Parking,Left Front Bumper,Left Front Bumper,Center Front End,Right Front Bumper,No Damage,N,,Driver Inattention/Distraction,Failure to Yield Right-of-Way,BRONX,10469.0,"(40.865456, -73.85618)",3.0,0.0,0,0,0,0,3,0,Station Wagon/Sport Utility Vehicle,Sedan,1
17463894,3686757,06/08/2017,16:35,c8425fc0-da57-4bf1-b696-80da55ace938,Station Wagon/Sport Utility Vehicle,TOYT -CAR/SUV,2009.0,1.0,M,Licensed,Going Straight Ahead,Right Front Quarter Panel,Right Front Quarter Panel,,,,N,,Unspecified,Unspecified,BROOKLYN,11238.0,"(40.686916, -73.96396)",1.0,0.0,0,0,1,0,0,0,Station Wagon/Sport Utility Vehicle,Bike,1
17119834,3611717,02/07/2017,16:20,bee2eb78-2f50-47fd-9fee-429afa6fe687,Sedan,HYUN -CAR/SUV,2002.0,1.0,M,Licensed,Going Straight Ahead,Center Front End,Right Front Bumper,Center Front End,Left Front Bumper,,N,,Following Too Closely,Driver Inattention/Distraction,,,,0.0,0.0,0,0,0,0,0,0,PK,Sedan,0
17511305,3656499,04/24/2017,12:30,179415b6-86c5-4983-a99e-00b87c866e94,Station Wagon/Sport Utility Vehicle,TOYT -CAR/SUV,2005.0,2.0,M,Licensed,Going Straight Ahead,Right Front Bumper,Right Front Bumper,,,,N,,Driver Inattention/Distraction,Unspecified,,,"(40.69407, -73.82802)",0.0,0.0,0,0,0,0,0,0,Station Wagon/Sport Utility Vehicle,Station Wagon/Sport Utility Vehicle,0
17546717,3683653,06/02/2017,12:30,6a9f0650-88f0-41ea-adfb-dc9a8067a534,Station Wagon/Sport Utility Vehicle,NISS -CAR/SUV,2016.0,2.0,M,Licensed,Going Straight Ahead,No Damage,No Damage,No Damage,No Damage,No Damage,N,,View Obstructed/Limited,View Obstructed/Limited,,,"(40.611942, -74.15944)",1.0,0.0,1,0,0,0,0,0,Station Wagon/Sport Utility Vehicle,,1
17451337,3629104,03/08/2017,22:25,3c7f7b67-0d3c-48c9-be26-bdb95e9db066,Sedan,TOYT -CAR/SUV,2012.0,1.0,M,Licensed,Going Straight Ahead,Center Back End,Center Back End,Left Rear Bumper,,,N,,Unspecified,Unspecified,,,"(40.712864, -73.9693)",0.0,0.0,0,0,0,0,0,0,Sedan,Station Wagon/Sport Utility Vehicle,0
17643660,3726643,07/29/2017,04:23,a7bb80c5-77e6-4187-bf43-a1a73969862e,Station Wagon/Sport Utility Vehicle,HOND -CAR/SUV,2008.0,2.0,M,Licensed,Going Straight Ahead,Left Front Bumper,Left Front Bumper,Right Front Bumper,Left Side Doors,Center Front End,N,,Unspecified,Unspecified,,,"(40.833813, -73.86275)",3.0,0.0,0,0,0,0,3,0,Sedan,Station Wagon/Sport Utility Vehicle,1
17877628,3767221,10/08/2017,14:45,a4525ad4-f3be-4f68-a630-d8c82872b980,Sedan,HOND -CAR/SUV,2016.0,1.0,M,Licensed,Going Straight Ahead,Center Back End,Center Back End,,,,N,,Unspecified,Unspecified,,,"(40.83801, -73.87329)",1.0,0.0,0,0,0,0,1,0,Sedan,Station Wagon/Sport Utility Vehicle,1
17570177,3657214,04/25/2017,17:00,ee051390-7f06-4048-98e4-daa54af1f9de,Sedan,CHEV -CAR/SUV,2016.0,1.0,M,Licensed,Making Left Turn,Left Rear Quarter Panel,Left Rear Quarter Panel,Left Rear Quarter Panel,Left Rear Bumper,No Damage,N,,Turning Improperly,Unspecified,,,"(40.67816, -73.897484)",0.0,0.0,0,0,0,0,0,0,Sedan,Sedan,0
17929074,3752882,09/18/2017,12:00,2403f03b-8915-4c91-80ab-ac3f5ff8d448,Station Wagon/Sport Utility Vehicle,CHEV -CAR/SUV,2008.0,1.0,M,Licensed,Going Straight Ahead,Right Front Quarter Panel,Right Front Quarter Panel,Right Side Doors,Right Rear Quarter Panel,,N,,Unspecified,Unspecified,,,"(40.572132, -74.10809)",0.0,0.0,0,0,0,0,0,0,Station Wagon/Sport Utility Vehicle,Station Wagon/Sport Utility Vehicle,0
17559663,3705529,07/05/2017,18:50,e0738453-5d70-4fb3-a91e-6da74df1000c,Sedan,HYUN -CAR/SUV,2009.0,1.0,M,Licensed,Going Straight Ahead,Left Front Bumper,Left Front Bumper,No Damage,No Damage,No Damage,N,,Unspecified,Unspecified,,,"(40.70097, -73.81423)",0.0,0.0,0,0,0,0,0,0,Sedan,Sedan,0
17563942,3666635,05/09/2017,08:30,621bc13f-a875-42e1-8134-8deb72a88e12,Station Wagon/Sport Utility Vehicle,MAZD -CAR/SUV,2016.0,1.0,F,Licensed,Stopped in Traffic,Center Back End,Center Back End,No Damage,No Damage,No Damage,N,,Unspecified,Unspecified,,,"(40.77309, -73.91108)",1.0,0.0,0,0,0,0,1,0,Station Wagon/Sport Utility Vehicle,Bus,1
17907060,3773481,10/20/2017,14:30,ecfe8ae8-8d4d-460d-a31a-5b2f201fec2d,Armored Truck,INTL-TRUCK/BUS,2011.0,1.0,M,Licensed,Going Straight Ahead,Right Front Bumper,No Damage,No Damage,No Damage,No Damage,N,,Unspecified,Unspecified,MANHATTAN,10013.0,"(40.722553, -74.00141)",0.0,0.0,0,0,0,0,0,0,Armored Truck,Sedan,0
17636814,3731989,08/16/2017,16:30,973333a8-f906-467e-8f92-23f29eb4803d,Sedan,CHEV -CAR/SUV,2016.0,0.0,M,Licensed,Entering Parked Position,Right Front Quarter Panel,Right Front Quarter Panel,,,,N,,Backing Unsafely,Driver Inattention/Distraction,QUEENS,11373.0,"(40.742424, -73.8719)",0.0,0.0,0,0,0,0,0,0,Station Wagon/Sport Utility Vehicle,Sedan,0
17903821,3781209,10/29/2017,09:45,2477f468-fc64-46e2-a69c-396b84475036,Bus,IVEC-TRUCK/BUS,2006.0,1.0,M,Licensed,Going Straight Ahead,Right Rear Quarter Panel,Right Rear Quarter Panel,,,,N,,Driver Inattention/Distraction,Unspecified,BROOKLYN,11219.0,"(40.63299, -73.996315)",0.0,0.0,0,0,0,0,0,0,Taxi,Bus,0
19623394,3684874,06/04/2017,07:50,4fa7e99d-4143-4269-8882-55305db0b58e,Sedan,ACUR -CAR/SUV,2010.0,0.0,,,Parked,Center Front End,Center Front End,Left Front Bumper,Left Front Quarter Panel,,N,,Unspecified,Unspecified,BROOKLYN,11212.0,"(40.66005, -73.91743)",0.0,0.0,0,0,0,0,0,0,Sedan,Sedan,0
17598753,3745828,09/08/2017,07:25,8edcc52a-ac1b-4ed3-a3fe-73614a046c26,Station Wagon/Sport Utility Vehicle,starc subn,2017.0,2.0,M,Licensed,Going Straight Ahead,Right Front Quarter Panel,Right Front Quarter Panel,No Damage,No Damage,No Damage,N,,Unspecified,Unspecified,MANHATTAN,10024.0,"(40.79084, -73.97457)",0.0,0.0,0,0,0,0,0,0,Station Wagon/Sport Utility Vehicle,Sedan,0
17900611,3781631,11/01/2017,16:20,0b58ac30-082c-422f-b876-fb4cda17072e,Station Wagon/Sport Utility Vehicle,HOND -CAR/SUV,2013.0,0.0,,,Parked,Right Side Doors,Right Side Doors,,,,N,,Unspecified,Unspecified,QUEENS,11375.0,"(40.71935, -73.84263)",0.0,0.0,0,0,0,0,0,0,Station Wagon/Sport Utility Vehicle,Sedan,0
17473721,3642669,03/31/2017,11:28,b0b7ee4d-d21d-44a0-90bb-e5937f511fb9,Sedan,NISS -CAR/SUV,1999.0,1.0,M,Permit,Backing,Left Rear Bumper,Left Rear Bumper,Center Back End,Left Rear Quarter Panel,Right Rear Bumper,N,,Other Vehicular,Backing Unsafely,QUEENS,11435.0,"(40.688446, -73.8072)",3.0,0.0,0,0,0,0,3,0,Sedan,Sedan,1
17586344,3686817,06/02/2017,13:40,ecdc296e-69ba-40b7-954d-fb52a09620b6,Sedan,NISS -CAR/SUV,2014.0,3.0,F,Licensed,Going Straight Ahead,Center Back End,Center Front End,Center Back End,Right Rear Bumper,Left Rear Bumper,N,,Unspecified,Unspecified,BROOKLYN,11208.0,"(40.688084, -73.876686)",2.0,0.0,0,0,0,0,2,0,Sedan,Sedan,1
17938395,3769699,10/10/2017,15:30,09cbd4e0-8ba0-4600-bb95-ab87dd162a13,Station Wagon/Sport Utility Vehicle,TOYT -CAR/SUV,2008.0,1.0,M,Licensed,Going Straight Ahead,Right Front Quarter Panel,Right Front Bumper,,,,N,,Unspecified,Failure to Yield Right-of-Way,BROOKLYN,11212.0,"(40.65655, -73.92284)",0.0,0.0,0,0,0,0,0,0,Station Wagon/Sport Utility Vehicle,Sedan,0
17076975,3595594,01/08/2017,01:00,df9a55d7-2fd2-4f1b-ae46-66f4ae570420,Sedan,TOYT -CAR/SUV,2015.0,1.0,M,Licensed,Going Straight Ahead,Left Front Bumper,Left Front Bumper,Center Front End,Right Front Bumper,Right Front Bumper,N,,Unspecified,Brakes Defective,MANHATTAN,10031.0,"(40.819572, -73.95175)",0.0,0.0,0,0,0,0,0,0,Sedan,Sedan,0