UNIQUE_ID,COLLISION_ID,CRASH_DATE,CRASH_TIME,VEHICLE_ID,VEHICLE_TYPE,VEHICLE_MAKE,VEHICLE_YEAR,VEHICLE_OCCUPANTS,DRIVER_SEX,DRIVER_LICENSE_STATUS,PRE_CRASH,POINT_OF_IMPACT,VEHICLE_DAMAGE,VEHICLE_DAMAGE_1,VEHICLE_DAMAGE_2,VEHICLE_DAMAGE_3,PUBLIC_PROPERTY_DAMAGE,PUBLIC_PROPERTY_DAMAGE_TYPE,CONTRIBUTING_FACTOR_1,CONTRIBUTING_FACTOR_2,BOROUGH,ZIP CODE,LOCATION,NUMBER OF PERSONS INJURED,NUMBER OF PERSONS KILLED,NUMBER OF PEDESTRIANS INJURED,NUMBER OF PEDESTRIANS KILLED,NUMBER OF CYCLIST INJURED,NUMBER OF CYCLIST KILLED,NUMBER OF MOTORIST INJURED,NUMBER OF MOTORIST KILLED,VEHICLE TYPE CODE 1,VEHICLE TYPE CODE 2,Severity
17923482,3756732,09/24/2017,00:05,6ebe1865-f904-45ae-8640-83d4001e3255,Sedan,ACUR -CAR/SUV,2013.0,1.0,M,Licensed,Going Straight Ahead,Left Front Bumper,Left Front Bumper,No Damage,No Damage,No Damage,N,,Driver Inattention/Distraction,Unspecified,MANHATTAN,10019.0,"(40.76115, -73.98539)",1.0,0.0,0,0,0,0,1,0,Sedan,Station Wagon/Sport Utility Vehicle,1
17099177,3603727,01/18/2017,14:15,86361e7e-ccb3-415b-9476-d338e7bce34e,Bus,ORION,2009.0,1.0,M,Licensed,Going Straight Ahead,Other,Other,,,,N,,Unspecified,Unspecified,MANHATTAN,10022.0,"(40.760727, -73.973495)",0.0,0.0,0,0,0,0,0,0,Bus,Box Truck,0
17094147,3604614,01/21/2017,15:25,ece1579b-ac29-4d8a-9315-e132c9bf7d6b,Pick-up Truck,GMC -CAR/SUV,2007.0,1.0,M,Licensed,Passing,Right Front Quarter Panel,Right Front Quarter Panel,,,,N,,Passing Too Closely,Unspecified,BROOKLYN,11231.0,"(40.684814, -73.999084)",0.0,0.0,0,0,0,0,0,0,Pick-up Truck,Sedan,0
17078187,3594220,01/06/2017,14:35,fe1c8baa-9715-4f00-8395-54c71bb5ddaf,Station Wagon/Sport Utility Vehicle,NISS -CAR/SUV,2014.0,0.0,,,Parked,Right Front Bumper,Right Front Bumper,No Damage,No Damage,No Damage,N,,Unspecified,Unspecified,BRONX,10462.0,"(40.854492, -73.86709)",0.0,0.0,0,0,0,0,0,0,Carry All,Station Wagon/Sport Utility Vehicle,0
17929940,3762169,10/02/2017,11:05,5851b9de-c072-4f8d-8e41-f09d4781afc1,Sedan,NISS -CAR/SUV,2011.0,1.0,F,Licensed,,Right Side Doors,Right Side Doors,,,,N,,Driver Inattention/Distraction,Unspecified,MANHATTAN,10019.0,"(40.762394, -73.97861)",0.0,0.0,0,0,0,0,0,0,Taxi,Sedan,0
17089344,3603083,01/19/2017,17:40,39aa28e9-951d-4c64-81f4-a95c31c588ad,Bus,MCIN-TRUCK/BUS,2017.0,1.0,M,Licensed,Making Right Turn,Right Side Doors,Right Side Doors,,,,N,,Unspecified,Unspecified,MANHATTAN,10018.0,"(40.757145, -73.99357)",0.0,0.0,0,0,0,0,0,0,Bus,Taxi,0
17468968,3640805,03/28/2017,23:16,8a82a153-d163-400b-8bca-06e19809f56f,Sedan,TOYT -CAR/SUV,2014.0,1.0,M,Licensed,Slowing or Stopping,Left Rear Bumper,Left Rear Bumper,,,,N,,Other Vehicular,Unspecified,,,"(40.72956, -73.87145)",0.0,0.0,0,0,0,0,0,0,Sedan,,0
17663933,3745507,09/07/2017,21:00,180888c2-38f2-455e-b5b1-7bc396934a66,Sedan,BMW -CAR/SUV,2014.0,1.0,F,Licensed,Going Straight Ahead,Left Front Quarter Panel,Left Front Quarter Panel,,,,N,,Passing or Lane Usage Improper,Unspecified,QUEENS,11364.0,"(40.75473, -73.7537)",0.0,0.0,0,0,0,0,0,0,Sedan,Sedan,0
17079459,3598245,01/10/2017,10:50,65708aa1-8d39-47ec-9581-3a7002fe15dc,Taxi,TOYT -CAR/SUV,2015.0,2.0,M,Licensed,Entering Parked Position,Left Side Doors,Left Side Doors,,,,N,,Failure to Yield Right-of-Way,Unspecified,MANHATTAN,10011.0,"(40.736378, -73.99454)",0.0,0.0,0,0,0,0,0,0,Taxi,Box Truck,0
17118476,3606195,01/29/2017,00:15,fb183327-f810-4846-aeb8-938c24937f49,Sedan,NISS -CAR/SUV,2016.0,1.0,M,Licensed,Going Straight Ahead,Center Front End,Center Front End,Left Front Bumper,Right Front Bumper,,N,,Alcohol Involvement,Unsafe Speed,BROOKLYN,11203.0,"(40.649986, -73.93215)",2.0,0.0,0,0,0,0,2,0,Station Wagon/Sport Utility Vehicle,Sedan,1
17633431,3716827,07/13/2017,07:42,5d9c5fcd-d5e7-4f1b-9164-aff967fbee3b,Station Wagon/Sport Utility Vehicle,INTL -CAR/SUV,2015.0,1.0,M,Licensed,Parked,Left Rear Quarter Panel,No Damage,No Damage,No Damage,No Damage,N,,Driver Inattention/Distraction,Unspecified,BRONX,10454.0,"(40.80231, -73.91275)",0.0,0.0,0,0,0,0,0,0,Sedan,Station Wagon/Sport Utility Vehicle,0
17867155,3752669,09/10/2017,03:00,d3d07e72-d786-49af-99df-13d29c79a6b9,Sedan,NISS -CAR/SUV,2012.0,1.0,M,Licensed,Going Straight Ahead,Center Back End,Center Back End,Left Rear Bumper,Right Rear Bumper,No Damage,N,,Unspecified,Unspecified,BRONX,10460.0,"(40.843067, -73.88637)",0.0,0.0,0,0,0,0,0,0,Sedan,Sedan,0
17894789,3759258,09/28/2017,16:15,b1561fc9-dbfc-42aa-b2c3-38cfe3a96617,Van,RAM,2017.0,1.0,M,Licensed,Backing,Center Back End,Center Back End,,,,N,,Backing Unsafely,Oversized Vehicle,BROOKLYN,11209.0,"(40.634586, -74.02576)",0.0,0.0,0,0,0,0,0,0,Van,,0
17513353,3684058,06/02/2017,10:50,a459947d-b7c1-4d0d-9030-bc98d73f2760,Station Wagon/Sport Utility Vehicle,JEEP -CAR/SUV,2004.0,1.0,M,Licensed,Entering Parked Position,Right Front Bumper,Right Front Bumper,,,,N,,Passing Too Closely,Unspecified,BRONX,10462.0,"(40.85203, -73.86778)",0.0,0.0,0,0,0,0,0,0,Station Wagon/Sport Utility Vehicle,Sedan,0
17655742,3725130,08/05/2017,21:15,4446d19d-7e41-4150-83b7-463d332ddf20,Sedan,HYUN -CAR/SUV,2012.0,1.0,M,Licensed,Making Left Turn,Left Side Doors,Left Side Doors,Left Rear Quarter Panel,,,N,,Unspecified,Unspecified,QUEENS,11361.0,,0.0,0.0,0,0,0,0,0,0,Sedan,Sedan,0
17648863,3727153,08/07/2017,11:20,b6d3ace6-8e64-40a8-a76a-0db10242a612,Station Wagon/Sport Utility Vehicle,HOND -CAR/SUV,2006.0,1.0,M,Unlicensed,Backing,Left Rear Bumper,No Damage,,,,N,,Backing Unsafely,Driver Inattention/Distraction,BRONX,10472.0,"(40.83294, -73.86559)",0.0,0.0,0,0,0,0,0,0,Sedan,Station Wagon/Sport Utility Vehicle,0
19641161,3796092,11/23/2017,21:30,2847e0f2-c7c2-4d0d-b866-ac40e2c00f4a,Bus,IC,2014.0,1.0,M,Licensed,Going Straight Ahead,Left Front Quarter Panel,Left Front Quarter Panel,Left Front Bumper,,,N,,Other Vehicular,Unspecified,,,,0.0,0.0,0,0,0,0,0,0,Sedan,Bus,0
17940337,3802278,12/03/2017,01:00,28ee20e1-8127-4968-b29c-9c3416c66ad7,Sedan,NISS -CAR/SUV,2017.0,1.0,M,Permit,Going Straight Ahead,Center Front End,Center Front End,Right Side Doors,Left Side Doors,Overturned,N,,Driver Inattention/Distraction,Unsafe Speed,BROOKLYN,11223.0,"(40.59406, -73.97604)",0.0,0.0,0,0,0,0,0,0,Sedan,Sedan,0
17448378,3651491,04/15/2017,11:15,f658f81a-9d84-43a5-b9c7-9a5ca03c1bba,Station Wagon/Sport Utility Vehicle,NISS -CAR/SUV,2001.0,1.0,F,Licensed,Going Straight Ahead,Left Front Bumper,Left Front Bumper,,,,N,,Cell Phone (hand-Held),Unspecified,BROOKLYN,11236.0,"(40.636574, -73.911644)",1.0,0.0,0,0,0,0,1,0,Station Wagon/Sport Utility Vehicle,Sedan,1
17851017,3799180,11/15/2017,16:40,0c5a1707-2200-49a5-af70-6ed37131e500,Sedan,TOYT -CAR/SUV,2017.0,2.0,F,Licensed,Going Straight Ahead,Right Front Quarter Panel,Right Front Quarter Panel,No Damage,No Damage,No Damage,N,,Driver Inattention/Distraction,Driver Inattention/Distraction,BRONX,10459.0,"(40.822945, -73.90177)",0.0,0.0,0,0,0,0,0,0,Ambulance,Sedan,0
17897718,3767356,10/06/2017,17:00,44e24654-a1b4-4fe0-b3a9-fd00b02232d3,Sedan,INFI -CAR/SUV,2008.0,0.0,M,Licensed,Parked,Center Front End,Center Front End,No Damage,No Damage,No Damage,N,,Unspecified,Unspecified,QUEENS,11432.0,"(40.70757, -73.799675)",0.0,0.0,0,0,0,0,0,0,Sedan,Sedan,0
17125421,3615093,02/11/2017,08:41,438a5391-c8e0-4c8d-9cd7-affcae053d56,Van,FORD-TRUCK/BUS,2014.0,1.0,M,,Making Right Turn,No Damage,No Damage,,,,N,,Turning Improperly,Unspecified,,,"(40.8059, -73.92523)",0.0,0.0,0,0,0,0,0,0,Sedan,Van,0
17542466,3671230,05/14/2017,08:40,607e2a25-7460-4634-a7e3-eccaf83b1dc6,Sedan,PONT -CAR/SUV,2007.0,0.0,,,Parked,Left Rear Quarter Panel,Center Front End,,,,N,,Unspecified,Unspecified,BROOKLYN,11210.0,"(40.631897, -73.943665)",0.0,0.0,0,0,0,0,0,0,Sedan,Station Wagon/Sport Utility Vehicle,0
17977054,3815841,12/23/2017,14:15,c4264edb-50e8-4de8-b778-70233b276be7,Sedan,NISS -CAR/SUV,2014.0,1.0,M,Licensed,Going Straight Ahead,Left Rear Quarter Panel,Left Rear Quarter Panel,,,,N,,Unsafe Speed,Unspecified,QUEENS,11361.0,"(40.758724, -73.76606)",0.0,0.0,0,0,0,0,0,0,Sedan,Station Wagon/Sport Utility Vehicle,0
17637182,3738829,08/26/2017,01:00,03e56dfd-05e6-422e-abb9-c11a850c8155,Taxi,FORD -CAR/SUV,2012.0,1.0,M,Licensed,Going Straight Ahead,Right Front Bumper,Right Front Bumper,Center Front End,,,N,,Following Too Closely,Unspecified,,,"(40.702957, -74.01151)",0.0,0.0,0,0,0,0,0,0,Taxi,Sedan,0
17880580,3750217,09/14/2017,13:03,f7f23da2-9e97-4d4b-b05d-66022210be84,Station Wagon/Sport Utility Vehicle,JEEP -CAR/SUV,2017.0,1.0,,,Backing,Left Rear Bumper,Left Rear Bumper,,,,N,,Backing Unsafely,Unspecified,QUEENS,11374.0,"(40.73091, -73.86084)",0.0,0.0,0,0,0,0,0,0,Station Wagon/Sport Utility Vehicle,Station Wagon/Sport Utility Vehicle,0
17963169,3804366,12/03/2017,15:10,d36f2b56-d862-4f6c-b342-77e63414f5d1,Sedan,TOYT -CAR/SUV,2013.0,1.0,F,Licensed,Entering Parked Position,Right Front Bumper,Right Front Bumper,Center Front End,Right Front Quarter Panel,No Damage,N,,Unspecified,Unspecified,BRONX,10462.0,"(40.83626, -73.84732)",0.0,0.0,0,0,0,0,0,0,Sedan,Sedan,0
17105984,3604467,01/24/2017,20:40,503f1bbe-2e3b-47e4-a732-3a4e38549ed5,Sedan,NISS -CAR/SUV,2016.0,1.0,M,Licensed,Merging,Right Front Quarter Panel,Right Front Quarter Panel,Other,Other,Other,Unspecified,,Unsafe Lane Changing,Unspecified,,,"(40.590706, -74.165794)",0.0,0.0,0,0,0,0,0,0,Sedan,Sedan,0
17960433,3754875,09/21/2017,19:30,120e2c4e-983d-45f7-acbb-b49cc8376d3b,Sedan,TOYT -CAR/SUV,2007.0,1.0,F,Licensed,Going Straight Ahead,Center Front End,Center Front End,,,,N,,Driver Inattention/Distraction,Unspecified,QUEENS,11106.0,"(40.762726, -73.926994)",0.0,0.0,0,0,0,0,0,0,Sedan,Sedan,0
17880200,3768558,10/13/2017,07:45,90242cd5-aeb8-4028-b26a-0a61100e00ec,Station Wagon/Sport Utility Vehicle,GMC -CAR/SUV,2014.0,2.0,M,Licensed,Merging,Right Side Doors,Right Side Doors,Right Front Quarter Panel,No Damage,No Damage,N,,Driver Inattention/Distraction,Unspecified,,,"(40.806828, -73.93432)",0.0,0.0,0,0,0,0,0,0,Station Wagon/Sport Utility Vehicle,Sedan,0
17521673,3696892,06/21/2017,10:30,135f4815-728b-4615-9e16-c199401fd85d,Sedan,MAZD -CAR/SUV,2015.0,1.0,M,Licensed,Making Left Turn,Right Front Bumper,Right Front Bumper,,,,N,,Driver Inattention/Distraction,Unspecified,BROOKLYN,11236.0,"(40.652843, -73.90741)",0.0,0.0,0,0,0,0,0,0,Convertible,Sedan,0
17952369,3779764,10/28/2017,23:35,33bc1c7b-4c22-4aba-8f85-39aed4a3cc2b,Station Wagon/Sport Utility Vehicle,FORD -CAR/SUV,2002.0,1.0,M,Licensed,Slowing or Stopping,Center Back End,Center Back End,Left Rear Bumper,Right Rear Bumper,,Unspecified,,Unspecified,Unspecified,QUEENS,11420.0,"(40.682285, -73.80805)",0.0,0.0,0,0,0,0,0,0,Station Wagon/Sport Utility Vehicle,Station Wagon/Sport Utility Vehicle,0
17618077,3724287,07/30/2017,10:00,524d0408-9acb-4b87-9980-c0e8f4e8cdbc,Sedan,NISS -CAR/SUV,2016.0,1.0,M,Licensed,Starting from Parking,Left Front Quarter Panel,Left Front Quarter Panel,Left Front Bumper,,,Unspecified,,Turning Improperly,Unspecified,BROOKLYN,11210.0,"(40.62734, -73.94126)",0.0,0.0,0,0,0,0,0,0,Sedan,Station Wagon/Sport Utility Vehicle,0
17944362,3801567,11/30/2017,15:50,5d61c7b7-e77e-458d-b6c3-65ded41a8b79,Station Wagon/Sport Utility Vehicle,SUBA -CAR/SUV,2015.0,1.0,F,Licensed,Making Left Turn,Left Front Bumper,Left Front Bumper,No Damage,No Damage,No Damage,N,,Failure to Yield Right-of-Way,Unspecified,MANHATTAN,10036.0,"(40.755802, -73.986404)",0.0,0.0,0,0,0,0,0,0,Station Wagon/Sport Utility Vehicle,Sedan,0
17548350,3670328,05/05/2017,00:25,d1853173-d65c-4a2b-9e33-22283b675da3,Station Wagon/Sport Utility Vehicle,GMC -CAR/SUV,2006.0,1.0,M,Licensed,Going Straight Ahead,Center Back End,Right Rear Bumper,Center Back End,Right Front Bumper,Center Front End,N,,Other Vehicular,Unspecified,,,"(40.717655, -73.7968)",2.0,0.0,0,0,0,0,2,0,Station Wagon/Sport Utility Vehicle,Sedan,1
17976999,3789708,11/13/2017,13:13,af7667d6-18d0-4f51-a7cc-28ed9c6e1042,Station Wagon/Sport Utility Vehicle,SAV,2009.0,0.0,,,Parked,Center Front End,Center Front End,No Damage,No Damage,No Damage,N,,Unspecified,Unspecified,MANHATTAN,10028.0,"(40.77334, -73.94902)",1.0,0.0,0,0,0,0,1,0,Sedan,Station Wagon/Sport Utility Vehicle,1
17517968,3664783,05/05/2017,06:25,42b5f2fa-69ff-496a-971c-5d2431e548e9,Sedan,FORD -CAR/SUV,2012.0,1.0,M,Licensed,Going Straight Ahead,Center Front End,Other,Other,Other,Other,N,,Driver Inattention/Distraction,Following Too Closely,,,"(40.63765, -73.9528)",0.0,0.0,0,0,0,0,0,0,Sedan,Sedan,0
17128307,3612398,02/08/2017,21:00,c30ba1fc-1742-4b3c-b56c-b301504f80bf,Station Wagon/Sport Utility Vehicle,HOND -CAR/SUV,2004.0,1.0,F,Licensed,Going Straight Ahead,Center Front End,Center Front End,Left Front Bumper,Right Front Bumper,,N,,Driver Inattention/Distraction,Unspecified,,,"(40.742012, -73.78278)",1.0,0.0,0,0,0,0,1,0,Sedan,Station Wagon/Sport Utility Vehicle,1
17598524,3744968,09/06/2017,09:30,41e22c00-6dd3-4e2b-97df-802cdfa74e79,Sedan,TOYT -CAR/SUV,2015.0,1.0,M,Licensed,Going Straight Ahead,Right Front Quarter Panel,Right Side Doors,Right Front Quarter Panel,Right Side Doors,,N,,Unspecified,Unspecified,MANHATTAN,10024.0,"(40.78956, -73.97737)",0.0,0.0,0,0,0,0,0,0,Sedan,Sedan,0
17963670,3787900,11/10/2017,00:35,84ed73b7-d63e-44f5-a642-338d44691e6d,Station Wagon/Sport Utility Vehicle,MITS -CAR/SUV,1999.0,3.0,F,Licensed,Going Straight Ahead,Left Front Quarter Panel,Left Front Quarter Panel,No Damage,No Damage,No Damage,N,,Unspecified,Unspecified,,,,0.0,0.0,0,0,0,0,0,0,Sedan,Station Wagon/Sport Utility Vehicle,0
17939869,3766657,10/10/2017,09:00,3693bce5-1969-470f-b540-f406f4934f03,Sedan,MERZ -CAR/SUV,2006.0,1.0,F,Licensed,Going Straight Ahead,Right Side Doors,Right Side Doors,,,,Unspecified,,Unspecified,Unspecified,,,"(40.67461, -73.80428)",1.0,0.0,0,0,0,0,1,0,Sedan,Station Wagon/Sport Utility Vehicle,1
17447789,3652101,04/14/2017,12:40,5d2a8c6f-7ead-4175-ba9e-93c8f5014c8d,Sedan,BMW -CAR/SUV,2016.0,0.0,,,Parked,Right Rear Quarter Panel,Right Rear Quarter Panel,Right Side Doors,Right Rear Bumper,Center Front End,N,,Unspecified,Unspecified,BROOKLYN,11235.0,"(40.579033, -73.96199)",1.0,0.0,0,0,0,0,1,0,Sedan,Sedan,1
17949568,3771983,10/18/2017,14:00,2a14914a-d740-46e2-bcf6-80194086f88b,Sedan,HOND -CAR/SUV,2017.0,1.0,M,Licensed,Slowing or Stopping,Right Front Quarter Panel,Right Side Doors,Right Rear Quarter Panel,,,N,,Unspecified,Unspecified,QUEENS,11365.0,"(40.74119, -73.79279)",0.0,0.0,0,0,0,0,0,0,Sedan,Sedan,0
17440458,3682595,06/02/2017,08:50,a1eefa93-36f3-49e7-a782-99bc79e8d359,Van,FORD-TRUCK/BUS,2014.0,1.0,M,Licensed,Backing,Center Back End,Center Back End,,,,N,,Passing or Lane Usage Improper,Turning Improperly,QUEENS,11692.0,"(40.592133, -73.788956)",0.0,0.0,0,0,0,0,0,0,Sedan,Van,0
17453604,3629495,03/10/2017,09:45,15a3e13a-cfd9-4a80-b049-29c3696c0f98,Sedan,TOYT -CAR/SUV,2015.0,2.0,F,Licensed,Going Straight Ahead,Right Front Bumper,Right Front Bumper,Right Front Quarter Panel,,,N,,Driver Inattention/Distraction,Pavement Slippery,BROOKLYN,11219.0,"(40.639683, -73.99569)",0.0,0.0,0,0,0,0,0,0,Sedan,Station Wagon/Sport Utility Vehicle,0
17141338,3620243,02/22/2017,09:45,16988cd2-d024-4d8e-bff2-3c3acf881f32,Sedan,TOYT -CAR/SUV,2005.0,2.0,F,Licensed,Slowing or Stopping,Center Back End,Center Back End,Right Rear Bumper,Left Rear Bumper,Center Front End,N,,Unspecified,Unspecified,,,"(40.641205, -73.877205)",0.0,0.0,0,0,0,0,0,0,Sedan,Station Wagon/Sport Utility Vehicle,0
17908276,3760708,10/01/2017,01:45,3a611901-2093-40de-bf5e-4cdddc14a74f,Sedan,LINC -CAR/SUV,,,,,Going Straight Ahead,Left Front Quarter Panel,Left Front Quarter Panel,Left Side Doors,Left Front Bumper,No Damage,N,,Driver Inattention/Distraction,Unsafe Speed,QUEENS,11368.0,"(40.750862, -73.85831)",1.0,0.0,0,0,0,0,1,0,Sedan,Sedan,1
17133163,3618218,02/18/2017,00:00,5089346a-324e-4012-b49c-b69280dbdce8,Sedan,AUDI -CAR/SUV,2016.0,1.0,F,Licensed,Going Straight Ahead,Left Side Doors,Left Side Doors,No Damage,No Damage,Other,N,,Unspecified,Unspecified,,,,0.0,0.0,0,0,0,0,0,0,Sedan,Station Wagon/Sport Utility Vehicle,0
17101056,3611474,02/04/2017,13:30,c4b159b0-08dc-49a9-8f95-5af49ba5c241,Sedan,VOLV -CAR/SUV,2004.0,1.0,F,Licensed,Parked,Left Rear Bumper,Left Rear Bumper,Left Rear Quarter Panel,Left Rear Quarter Panel,Left Rear Bumper,N,,Unspecified,Other Vehicular,BROOKLYN,11216.0,"(40.680347, -73.948944)",0.0,0.0,0,0,0,0,0,0,Sedan,Taxi,0
17662642,3718097,07/24/2017,18:00,17a03152-3aab-4263-b563-7e77f8762164,Sedan,NISS -CAR/SUV,2008.0,0.0,,,Parked,Left Side Doors,Left Front Quarter Panel,,,,N,,Unspecified,Unspecified,QUEENS,11102.0,"(40.767025, -73.92241)",0.0,0.0,0,0,0,0,0,0,Sedan,,0
17937051,3784609,11/06/2017,10:55,79fc71eb-6c82-4091-a2b6-33a3ebde1b6d,Sedan,TOYT -CAR/SUV,2016.0,1.0,F,Licensed,Going Straight Ahead,Right Front Bumper,Right Front Quarter Panel,,,,Unspecified,,Steering Failure,Driver Inattention/Distraction,,,"(40.640347, -74.13232)",0.0,0.0,0,0,0,0,0,0,Sedan,Sedan,0
17528575,3668778,05/12/2017,12:30,a81b26fa-04c0-42d6-a77d-d227d6e8829a,Sedan,TOYT -CAR/SUV,2015.0,1.0,M,Licensed,Going Straight Ahead,Right Front Bumper,Right Front Bumper,No Damage,No Damage,No Damage,N,,Unsafe Lane Changing,Unspecified,BROOKLYN,11249.0,,0.0,0.0,0,0,0,0,0,0,Sedan,Station Wagon/Sport Utility Vehicle,0
17642323,3745994,09/07/2017,18:45,7526d5db-6739-4c3f-80ca-8ae61d80d65d,Station Wagon/Sport Utility Vehicle,GMC -CAR/SUV,1997.0,1.0,M,Licensed,Going Straight Ahead,Center Front End,Center Front End,No Damage,No Damage,No Damage,N,,Following Too Closely,Unspecified,QUEENS,11433.0,"(40.69596, -73.7908)",0.0,0.0,0,0,0,0,0,0,Sedan,Station Wagon/Sport Utility Vehicle,0
17562988,3679715,05/28/2017,11:00,83244093-2b4b-447a-976e-127e825d3c58,Station Wagon/Sport Utility Vehicle,MITS -CAR/SUV,2012.0,1.0,M,Licensed,Going Straight Ahead,Center Front End,Center Front End,,,Left Side Doors,N,,Unspecified,Unspecified,QUEENS,11385.0,"(40.705154, -73.85597)",0.0,0.0,0,0,0,0,0,0,Station Wagon/Sport Utility Vehicle,Sedan,0
17556743,3703368,07/01/2017,16:30,ff1d580c-827d-4716-8f95-0798389593d4,Station Wagon/Sport Utility Vehicle,FORD -CAR/SUV,2003.0,1.0,M,Permit,Going Straight Ahead,Left Front Bumper,Center Front End,Right Front Bumper,Left Front Quarter Panel,Right Front Quarter Panel,N,,Driver Inattention/Distraction,Passing or Lane Usage Improper,,,"(40.70274, -73.79842)",1.0,0.0,0,0,0,0,1,0,Station Wagon/Sport Utility Vehicle,Bus,1
17529633,3696419,06/22/2017,06:18,8747488d-e3c3-4438-99e7-bb667adc7542,Station Wagon/Sport Utility Vehicle,JEEP -CAR/SUV,2017.0,1.0,M,Licensed,Backing,Center Back End,Center Back End,Left Rear Bumper,Left Rear Bumper,No Damage,N,,Unspecified,Unspecified,BROOKLYN,11222.0,"(40.72979, -73.948265)",0.0,0.0,0,0,0,0,0,0,Bus,Station Wagon/Sport Utility Vehicle,0
17824982,3761141,09/30/2017,08:55,f6c9c678-b9c0-4792-b5c7-d337a4c91bff,Motorcycle,SUZI -MCL,2008.0,1.0,F,Licensed,Going Straight Ahead,Right Front Quarter Panel,Right Front Quarter Panel,Right Side Doors,Right Rear Quarter Panel,No Damage,N,,Driver Inexperience,Unspecified,,,"(40.788795, -73.93755)",1.0,0.0,0,0,0,0,1,0,Motorcycle,,1
17608138,3729289,08/12/2017,02:30,277058cd-cd85-4bf0-aeee-3cef4a8db29c,Sedan,SMRT -CAR/SUV,2017.0,1.0,M,Licensed,Going Straight Ahead,Left Front Bumper,Left Front Bumper,,,,N,,Driver Inattention/Distraction,Unspecified,BROOKLYN,11238.0,"(40.680695, -73.96248)",0.0,0.0,0,0,0,0,0,0,Sedan,Sedan,0
17479532,3683318,06/01/2017,14:51,a75cad0a-a15f-4f94-8329-2c029fc361eb,Station Wagon/Sport Utility Vehicle,JEEP -CAR/SUV,2017.0,1.0,M,Licensed,Going Straight Ahead,Right Front Quarter Panel,Right Front Quarter Panel,Right Side Doors,Right Rear Quarter Panel,,N,,Unspecified,Unspecified,,,"(40.54323, -74.19448)",0.0,0.0,0,0,0,0,0,0,Station Wagon/Sport Utility Vehicle,Sedan,0
17085938,3597205,01/12/2017,10:30,9e2faa40-0479-4c9d-8b75-4ec19459a611,Taxi,TOYT -CAR/SUV,2016.0,1.0,M,Licensed,Backing,Left Front Bumper,Left Front Bumper,Left Front Quarter Panel,,,N,,Driver Inattention/Distraction,Driver Inattention/Distraction,MANHATTAN,10017.0,"(40.748177, -73.96835)",0.0,0.0,0,0,0,0,0,0,Ambulance,Taxi,0
17672695,3741234,08/31/2017,18:29,8a710bef-3c10-472f-b541-19679794ca07,Taxi,TOYT -CAR/SUV,2016.0,1.0,M,Licensed,Going Straight Ahead,Right Front Bumper,Right Front Quarter Panel,No Damage,No Damage,No Damage,N,,Unspecified,Unspecified,,,"(40.665794, -73.769905)",0.0,0.0,0,0,0,0,0,0,Sedan,Taxi,0
17936644,3779882,10/30/2017,08:28,8a23457c-2bf0-4d78-a045-e8a9a387a82f,Station Wagon/Sport Utility Vehicle,HOND -CAR/SUV,2013.0,1.0,M,Licensed,Going Straight Ahead,Left Rear Quarter Panel,Left Rear Quarter Panel,No Damage,No Damage,No Damage,N,,Other Vehicular,Unspecified,BRONX,10451.0,"(40.818012, -73.92519)",0.0,0.0,0,0,0,0,0,0,Station Wagon/Sport Utility Vehicle,Sedan,0
17139103,3619432,02/21/2017,09:50,17259cf9-e06a-4e73-a3c0-116d861c9027,Sedan,NISS -CAR/SUV,2016.0,1.0,F,Licensed,Parked,Center Front End,Center Front End,,,,N,,Unspecified,Unspecified,QUEENS,11106.0,"(40.75973, -73.92171)",0.0,0.0,0,0,0,0,0,0,Station Wagon/Sport Utility Vehicle,Sedan,0
17101349,3597071,01/12/2017,11:00,36dc7af6-6330-49e6-8ef9-cb071f5ea31d,Sedan,INFI -CAR/SUV,2012.0,0.0,,,Parked,Left Rear Bumper,Left Rear Bumper,,,,N,,Unspecified,Unspecified,QUEENS,11422.0,"(40.68454, -73.73145)",0.0,0.0,0,0,0,0,0,0,Station Wagon/Sport Utility Vehicle,Sedan,0
17541514,3632019,03/14/2017,14:30,69047876-cbfa-4095-a566-3de6054e075c,Station Wagon/Sport Utility Vehicle,LEXS -CAR/SUV,2013.0,1.0,M,Licensed,Making Left Turn,Left Front Bumper,Left Front Bumper,Left Front Quarter Panel,,,N,,Failure to Keep Right,Failure to Yield Right-of-Way,QUEENS,11355.0,"(40.745834, -73.82097)",0.0,0.0,0,0,0,0,0,0,Station Wagon/Sport Utility Vehicle,Station Wagon/Sport Utility Vehicle,0
17826597,3780511,10/31/2017,00:00,5db78cd8-16c7-46ba-beb9-52894cd4d910,Station Wagon/Sport Utility Vehicle,CHRY -CAR/SUV,2003.0,0.0,,,Parked,Left Rear Bumper,Left Rear Bumper,Left Rear Bumper,Left Rear Bumper,Left Rear Bumper,N,,Unspecified,Unspecified,MANHATTAN,10030.0,"(40.81561, -73.943474)",0.0,0.0,0,0,0,0,0,0,Sedan,Sedan,0
17878699,3775742,10/23/2017,12:10,5bf42f47-68bd-40ea-925b-11280d101d3a,Sedan,DODG -CAR/SUV,2016.0,1.0,F,Licensed,Parked,Center Front End,Center Front End,No Damage,No Damage,No Damage,N,,Other Vehicular,Unspecified,BRONX,10453.0,"(40.858387, -73.90279)",0.0,0.0,0,0,0,0,0,0,Sedan,Sedan,0