UNIQUE_ID,COLLISION_ID,CRASH_DATE,CRASH_TIME,VEHICLE_ID,VEHICLE_TYPE,VEHICLE_MAKE,VEHICLE_YEAR,VEHICLE_OCCUPANTS,DRIVER_SEX,DRIVER_LICENSE_STATUS,PRE_CRASH,POINT_OF_IMPACT,VEHICLE_DAMAGE,VEHICLE_DAMAGE_1,VEHICLE_DAMAGE_2,VEHICLE_DAMAGE_3,PUBLIC_PROPERTY_DAMAGE,PUBLIC_PROPERTY_DAMAGE_TYPE,CONTRIBUTING_FACTOR_1,CONTRIBUTING_FACTOR_2,BOROUGH,ZIP CODE,LOCATION,NUMBER OF PERSONS INJURED,NUMBER OF PERSONS KILLED,NUMBER OF PEDESTRIANS INJURED,NUMBER OF PEDESTRIANS KILLED,NUMBER OF CYCLIST INJURED,NUMBER OF CYCLIST KILLED,NUMBER OF MOTORIST INJURED,NUMBER OF MOTORIST KILLED,VEHICLE TYPE CODE 1,VEHICLE TYPE CODE 2,Severity
17631002,3718093,07/24/2017,06:25,df37d880-9ef5-4ac4-9e0a-8dad4ffafc3a,Sedan,PONT -CAR/SUV,2000.0,1.0,M,Licensed,Going Straight Ahead,Right Side Doors,Center Front End,Left Front Bumper,Right Front Bumper,,N,,Unspecified,Unspecified,BROOKLYN,11237.0,"(40.705482, -73.92826)",0.0,0.0,0,0,0,0,0,0,Sedan,Sedan,0
17609864,3710951,07/13/2017,12:55,75e1db54-a29d-4fc7-8122-45c1cbf148d6,Station Wagon/Sport Utility Vehicle,FORD -CAR/SUV,2012.0,2.0,M,Licensed,Going Straight Ahead,Right Front Quarter Panel,Right Front Quarter Panel,Right Front Bumper,,,N,,Driver Inattention/Distraction,Unspecified,BRONX,10469.0,"(40.86001, -73.843094)",0.0,0.0,0,0,0,0,0,0,Sedan,Station Wagon/Sport Utility Vehicle,0
17529548,3633040,03/15/2017,11:00,350ae4e4-5928-4ac9-8257-7cef5d061401,Station Wagon/Sport Utility Vehicle,MERZ -CAR/SUV,2003.0,0.0,,,Parked,Left Rear Quarter Panel,Left Side Doors,Left Front Quarter Panel,,,N,,Unspecified,Unspecified,QUEENS,11413.0,"(40.679626, -73.738556)",0.0,0.0,0,0,0,0,0,0,Station Wagon/Sport Utility Vehicle,,0
17474292,3643117,04/01/2017,08:28,9df67d88-1295-4cda-9721-ea55df7819c1,Sedan,BUIC -CAR/SUV,1996.0,1.0,M,Licensed,Making Right Turn,Right Rear Quarter Panel,Right Rear Quarter Panel,,,,N,,Passing or Lane Usage Improper,Turning Improperly,MANHATTAN,10022.0,"(40.759308, -73.9653)",0.0,0.0,0,0,0,0,0,0,Sedan,Sedan,0
17947306,3777708,10/26/2017,23:10,53a42bad-3086-4e33-be6b-dfda273753ce,Sedan,FIAT -CAR/SUV,2012.0,1.0,M,Licensed,Changing Lanes,Left Rear Quarter Panel,Left Rear Quarter Panel,No Damage,No Damage,No Damage,N,,Unsafe Lane Changing,Unspecified,MANHATTAN,10019.0,"(40.766617, -73.98667)",0.0,0.0,0,0,0,0,0,0,Van,Sedan,0
17942812,3817036,12/27/2017,00:00,38d46863-439f-496f-8f75-9a73ff4fce65,Station Wagon/Sport Utility Vehicle,DODG -CAR/SUV,2005.0,1.0,M,Licensed,Going Straight Ahead,Right Front Bumper,Right Front Bumper,,,,N,,Passing or Lane Usage Improper,Unsafe Lane Changing,QUEENS,11418.0,"(40.697243, -73.813324)",0.0,0.0,0,0,0,0,0,0,Station Wagon/Sport Utility Vehicle,Station Wagon/Sport Utility Vehicle,0
17995625,3810877,12/15/2017,18:35,885303fd-097d-4330-a079-651c508ccc7c,Sedan,MERZ -CAR/SUV,2001.0,1.0,M,Licensed,Going Straight Ahead,Center Front End,Center Front End,No Damage,,,Y,,Pavement Slippery,Unspecified,QUEENS,11365.0,"(40.738815, -73.806435)",0.0,0.0,0,0,0,0,0,0,Sedan,,0
17598799,3742030,08/31/2017,15:50,49965a7a-ae2b-4b2b-8c4a-79caf3a0e03f,Sedan,HOND -CAR/SUV,2015.0,3.0,F,Licensed,Going Straight Ahead,Right Side Doors,Right Side Doors,Right Rear Quarter Panel,,,N,,Unspecified,Unspecified,MANHATTAN,10037.0,"(40.814358, -73.94067)",0.0,0.0,0,0,0,0,0,0,Sedan,Motorcycle,0
17603725,3729245,08/10/2017,10:15,ded59080-fa3f-4ec5-aa9e-b2f30f3ae372,Ambulance,KME,2016.0,1.0,M,Licensed,Going Straight Ahead,No Damage,No Damage,,,,N,,Oversized Vehicle,Passing Too Closely,BROOKLYN,11201.0,"(40.685448, -73.99134)",0.0,0.0,0,0,0,0,0,0,Ambulance,Sedan,0
17549758,3688927,06/11/2017,11:05,b2377192-2b84-41d5-b8c1-2e739fd3cb68,Sedan,FORD -CAR/SUV,2005.0,4.0,F,Licensed,Changing Lanes,Right Front Bumper,Right Front Bumper,,,,N,,Failure to Yield Right-of-Way,Unsafe Lane Changing,,,"(40.826523, -73.93116)",0.0,0.0,0,0,0,0,0,0,Station Wagon/Sport Utility Vehicle,Sedan,0
17924466,3779254,10/29/2017,04:05,cf45d6fe-6b7a-4bdc-93e8-be48693fff92,Sedan,NISS -CAR/SUV,2016.0,0.0,,,Parked,Right Side Doors,Right Rear Quarter Panel,,,,N,,Unspecified,Unspecified,QUEENS,11372.0,"(40.75587, -73.88234)",0.0,0.0,0,0,0,0,0,0,Sedan,Sedan,0
17969619,3774062,10/21/2017,16:00,7c63cd8b-6780-4f94-9a90-984afd0246ec,Sedan,HOND -CAR/SUV,2006.0,1.0,M,Licensed,Going Straight Ahead,Center Back End,Center Back End,Left Rear Bumper,Right Rear Bumper,,N,,Unspecified,Unspecified,,,"(40.7375, -73.93385)",1.0,0.0,0,0,0,0,1,0,Station Wagon/Sport Utility Vehicle,Sedan,1
17093948,3599456,01/14/2017,23:35,445640ee-7747-4742-b3d7-276c1fc5b76e,Sedan,TOYT -CAR/SUV,2012.0,1.0,M,Licensed,Going Straight Ahead,Center Front End,Center Front End,,,,N,,Unspecified,Unspecified,BRONX,10455.0,"(40.80988, -73.90308)",1.0,0.0,0,0,0,0,1,0,Station Wagon/Sport Utility Vehicle,Sedan,1
17980620,3796932,11/23/2017,22:00,8c44f7b3-a35f-44ca-9e0f-31e551c95438,Station Wagon/Sport Utility Vehicle,INFI -CAR/SUV,2009.0,2.0,M,Licensed,Going Straight Ahead,Center Back End,Center Back End,,,,N,,Unspecified,Unspecified,,,"(40.7699, -73.91608)",2.0,0.0,0,0,0,0,2,0,Station Wagon/Sport Utility Vehicle,Sedan,1
17826042,3782031,10/24/2017,00:00,c32ab026-3201-418b-b097-d0f5dd64df7d,Sedan,NISS -CAR/SUV,2014.0,1.0,M,Licensed,Going Straight Ahead,Left Rear Quarter Panel,Left Rear Quarter Panel,,,,N,,Unspecified,Unspecified,,,"(40.718864, -73.97483)",0.0,0.0,0,0,0,0,0,0,Sedan,Sedan,0
17138370,3609543,02/03/2017,15:28,efab69e2-6dc4-4133-821d-58109eb4b51d,Sedan,INFI -CAR/SUV,1996.0,1.0,F,Licensed,Going Straight Ahead,Left Side Doors,Left Side Doors,,,,N,,Unspecified,Unspecified,,,"(40.78076, -73.825424)",0.0,0.0,0,0,0,0,0,0,Convertible,Sedan,0
17915070,3768533,10/13/2017,09:30,9a5d80e7-b7a9-46ee-ac74-e9e95bcb73f2,Sedan,SUBA -CAR/SUV,2013.0,1.0,F,Licensed,Going Straight Ahead,Right Front Bumper,Right Front Bumper,,,,N,,Unspecified,Unspecified,,,"(40.766685, -73.892136)",0.0,0.0,0,0,0,0,0,0,Sedan,Sedan,0
17547930,3692126,06/15/2017,16:30,4273b10e-2067-47c7-a74a-2e817d73f140,Sedan,BUIC -CAR/SUV,2014.0,4.0,F,Licensed,Going Straight Ahead,Center Back End,Center Back End,Center Back End,,,N,,Unspecified,Unspecified,BROOKLYN,11209.0,"(40.616516, -74.03049)",0.0,0.0,0,0,0,0,0,0,Sedan,Sedan,0
17113778,3620065,02/21/2017,11:27,b02a6cd8-188e-48db-9517-0c4c7fc5a912,FDNY,FDNY,,6.0,M,Licensed,Going Straight Ahead,No Damage,No Damage,No Damage,No Damage,No Damage,N,,Passing Too Closely,Unspecified,BROOKLYN,11217.0,"(40.678127, -73.97433)",0.0,0.0,0,0,0,0,0,0,Station Wagon/Sport Utility Vehicle,FDNY,0
17952604,3815514,12/23/2017,19:44,685fed5f-6238-452f-a85c-54a0aa873623,Station Wagon/Sport Utility Vehicle,BMW -CAR/SUV,2016.0,5.0,M,Licensed,Going Straight Ahead,Right Front Bumper,Right Front Bumper,,,,N,,Failure to Yield Right-of-Way,Traffic Control Disregarded,QUEENS,11368.0,"(40.73862, -73.8508)",0.0,0.0,0,0,0,0,0,0,Sedan,Station Wagon/Sport Utility Vehicle,0
17516338,3673939,05/20/2017,11:20,f44c6b03-f702-4e39-a0ce-667151035284,Station Wagon/Sport Utility Vehicle,LINC -CAR/SUV,2007.0,1.0,M,Licensed,Going Straight Ahead,Right Side Doors,Right Side Doors,No Damage,No Damage,No Damage,N,,Unspecified,Unspecified,BROOKLYN,11204.0,"(40.609512, -73.98957)",0.0,0.0,0,0,0,0,0,0,Sedan,Station Wagon/Sport Utility Vehicle,0
17669382,3711479,07/14/2017,19:40,54cd0744-e9d8-4e94-817d-0a2794c102a9,Station Wagon/Sport Utility Vehicle,INFI -CAR/SUV,2017.0,1.0,M,Licensed,Changing Lanes,Left Rear Quarter Panel,Left Rear Quarter Panel,Left Rear Bumper,,,N,,Failure to Yield Right-of-Way,Unspecified,,,"(40.7712, -73.83345)",0.0,0.0,0,0,0,0,0,0,Station Wagon/Sport Utility Vehicle,Station Wagon/Sport Utility Vehicle,0
17105461,3603894,01/24/2017,00:30,299c6685-0b0a-4112-bb96-3dcc71c16c86,Station Wagon/Sport Utility Vehicle,FORD -CAR/SUV,2012.0,1.0,M,Licensed,Making Left Turn on Red,Right Side Doors,Right Front Quarter Panel,Right Rear Quarter Panel,Right Rear Bumper,Right Front Bumper,Unspecified,,Traffic Control Disregarded,Unspecified,,,,0.0,0.0,0,0,0,0,0,0,Sedan,Station Wagon/Sport Utility Vehicle,0
17449708,3651984,04/16/2017,16:52,eba1faf2-0dfa-4855-9399-4d0b980d3476,Sedan,VOLV -CAR/SUV,1998.0,1.0,F,Licensed,Going Straight Ahead,Center Front End,Center Front End,Left Front Bumper,Right Front Bumper,,N,,Driver Inattention/Distraction,Unspecified,BROOKLYN,11236.0,"(40.647762, -73.91199)",0.0,0.0,0,0,0,0,0,0,Sedan,,0
17946931,3794815,11/16/2017,12:00,77dbfba8-1b60-495f-9271-39628cfdd3df,Box Truck,unknown,2007.0,1.0,M,Licensed,Passing,Right Rear Quarter Panel,Right Rear Bumper,Right Rear Bumper,,,N,,Passing or Lane Usage Improper,Passing Too Closely,,,"(40.617176, -74.13227)",0.0,0.0,0,0,0,0,0,0,Box Truck,Station Wagon/Sport Utility Vehicle,0
17994311,3797565,11/26/2017,13:09,e55309b4-9c32-45fd-9518-bda27d6c2991,Station Wagon/Sport Utility Vehicle,FIAT -CAR/SUV,2014.0,1.0,F,Licensed,Going Straight Ahead,Left Rear Quarter Panel,Left Rear Quarter Panel,,,,N,,Unspecified,Unspecified,QUEENS,11354.0,"(40.759842, -73.83186)",0.0,0.0,0,0,0,0,0,0,Sedan,Station Wagon/Sport Utility Vehicle,0
17879955,3771480,10/17/2017,23:30,fd4a8db8-22db-4f4b-8b83-89e32bdc2c49,Sedan,TOYT -CAR/SUV,2012.0,1.0,M,Licensed,Going Straight Ahead,Right Front Bumper,Right Front Bumper,,,,N,,Unspecified,Unspecified,BROOKLYN,11211.0,"(40.714996, -73.95948)",0.0,0.0,0,0,0,0,0,0,Sedan,Station Wagon/Sport Utility Vehicle,0
17498025,3675109,05/15/2017,15:13,6a15da74-7af4-4b92-9ccd-8fb378bd75df,Station Wagon/Sport Utility Vehicle,TOYT -CAR/SUV,2014.0,1.0,F,Licensed,Parked,Left Front Bumper,Left Front Quarter Panel,No Damage,No Damage,No Damage,N,,Unspecified,Unspecified,BRONX,10462.0,"(40.84728, -73.86772)",0.0,0.0,0,0,0,0,0,0,Sedan,Station Wagon/Sport Utility Vehicle,0
17118872,3621239,02/18/2017,12:00,ec0c4da8-fdfd-4575-ac37-3ee26271c62d,Sedan,CHEV -CAR/SUV,2016.0,2.0,M,Licensed,Making Left Turn,Right Front Quarter Panel,Right Front Quarter Panel,No Damage,No Damage,No Damage,N,,Reaction to Uninvolved Vehicle,Unspecified,MANHATTAN,10010.0,"(40.736702, -73.97862)",0.0,0.0,0,0,0,0,0,0,Sedan,Taxi,0
17796365,3791234,11/16/2017,13:25,a96537ae-d5be-4647-90d5-f3c409b77a18,Station Wagon/Sport Utility Vehicle,JEEP -CAR/SUV,2015.0,1.0,M,Licensed,Going Straight Ahead,Center Back End,Center Back End,Right Rear Bumper,Left Rear Bumper,No Damage,N,,Unspecified,Unspecified,MANHATTAN,10026.0,"(40.805576, -73.950806)",1.0,0.0,0,0,0,0,1,0,Station Wagon/Sport Utility Vehicle,Station Wagon/Sport Utility Vehicle,1
17598102,3738289,08/20/2017,23:00,80f5781e-3d83-4051-a0c0-6822c022407e,Station Wagon/Sport Utility Vehicle,LEXS -CAR/SUV,2003.0,1.0,M,,Going Straight Ahead,Other,Other,,,,N,,Unspecified,Unspecified,,,"(40.68597, -73.92668)",1.0,0.0,1,0,0,0,0,0,Station Wagon/Sport Utility Vehicle,,1
17487357,3649996,04/12/2017,19:55,b1036494-a1a9-490d-800e-2cef468a63b8,PK,freight,2003.0,1.0,M,Licensed,Backing,Left Rear Bumper,No Damage,,,,N,,Backing Unsafely,Driver Inattention/Distraction,,,"(40.759308, -73.9653)",0.0,0.0,0,0,0,0,0,0,PK,Pick-up Truck,0
17996031,3815446,12/25/2017,02:10,c70331ae-f1fd-4e2b-ad05-be8d90021011,Sedan,HOND -CAR/SUV,2008.0,0.0,M,Licensed,Parked,Right Rear Bumper,Right Rear Bumper,Right Rear Quarter Panel,Center Back End,,N,,Unspecified,Unspecified,QUEENS,11358.0,"(40.758175, -73.80239)",0.0,0.0,0,0,0,0,0,0,Sedan,Sedan,0
17924455,3754040,09/19/2017,15:20,1f3c0e36-252b-4585-a7e5-4be349c85368,Sedan,NISS -CAR/SUV,2015.0,2.0,M,Licensed,Going Straight Ahead,Right Rear Quarter Panel,Right Rear Quarter Panel,,,,N,,Unspecified,Unspecified,QUEENS,11420.0,"(40.677708, -73.816956)",1.0,0.0,0,0,0,0,1,0,Station Wagon/Sport Utility Vehicle,Sedan,1
17607698,3708743,07/07/2017,16:50,2065490e-347a-4f85-93b9-258bc31b6d16,Station Wagon/Sport Utility Vehicle,FORD -CAR/SUV,2008.0,1.0,M,Licensed,Going Straight Ahead,Left Side Doors,Left Side Doors,Left Rear Quarter Panel,Left Rear Bumper,,N,,Unspecified,Unspecified,MANHATTAN,10002.0,"(40.71309, -73.99362)",0.0,0.0,0,0,0,0,0,0,Station Wagon/Sport Utility Vehicle,Station Wagon/Sport Utility Vehicle,0
17912517,3766653,10/09/2017,14:30,c48d3f9b-0995-4ef6-b122-ccb83573b2d3,Station Wagon/Sport Utility Vehicle,FORD -CAR/SUV,2008.0,1.0,M,Licensed,Going Straight Ahead,Center Front End,No Damage,,,,N,,Unspecified,Unspecified,,,,1.0,0.0,0,0,0,0,1,0,Sedan,Station Wagon/Sport Utility Vehicle,1
17117300,3612820,02/07/2017,17:57,33b93986-23e0-4fa6-81c6-d0c30622ce9f,Station Wagon/Sport Utility Vehicle,HOND -CAR/SUV,2009.0,1.0,M,Licensed,Merging,Left Rear Bumper,Left Rear Bumper,,,,N,,Other Vehicular,Unspecified,BROOKLYN,11217.0,"(40.686085, -73.982666)",0.0,0.0,0,0,0,0,0,0,Station Wagon/Sport Utility Vehicle,,0
17491140,3645933,04/05/2017,22:00,f1b7c933-f5bc-48ed-b759-d5adf8f9cb8a,Sedan,NISS -CAR/SUV,2016.0,2.0,M,Licensed,Making Right Turn,Left Front Bumper,Left Front Bumper,Left Front Quarter Panel,,,N,,Unspecified,Unspecified,,,"(40.610653, -73.95355)",0.0,0.0,0,0,0,0,0,0,Sedan,Station Wagon/Sport Utility Vehicle,0
17590123,3689244,06/09/2017,21:30,e2f66a14-c0a7-4002-868e-43b19925ee21,Pick-up Truck,TOYT -CAR/SUV,2007.0,1.0,M,Licensed,Going Straight Ahead,Center Front End,Center Front End,Center Front End,,,N,,Driver Inattention/Distraction,Unspecified,,,"(40.689857, -73.726776)",0.0,0.0,0,0,0,0,0,0,Station Wagon/Sport Utility Vehicle,Pick-up Truck,0
17463785,3637844,03/23/2017,15:45,901a73b0-a670-4f6a-825a-4b052280134d,Station Wagon/Sport Utility Vehicle,HOND -CAR/SUV,2016.0,1.0,M,Licensed,Going Straight Ahead,Left Front Bumper,Left Front Bumper,Center Front End,,,N,,Unspecified,Unspecified,QUEENS,11374.0,"(40.728535, -73.86076)",0.0,0.0,0,0,0,0,0,0,Station Wagon/Sport Utility Vehicle,Station Wagon/Sport Utility Vehicle,0
17905212,3807355,12/07/2017,19:58,f7d2f73b-17ce-4b6a-93e3-c678ad3c0a5e,Sedan,ACUR -CAR/SUV,2007.0,1.0,M,Licensed,Backing,Right Rear Bumper,Right Rear Bumper,,,,Unspecified,,Driver Inattention/Distraction,Unspecified,BROOKLYN,11234.0,"(40.626457, -73.918)",0.0,0.0,0,0,0,0,0,0,Station Wagon/Sport Utility Vehicle,Sedan,0
17867595,3754172,09/19/2017,08:30,f1ac5777-be49-4b2d-87e0-eb11ab1a6d3e,Station Wagon/Sport Utility Vehicle,CHRY -CAR/SUV,2008.0,1.0,,,Going Straight Ahead,Center Front End,No Damage,No Damage,No Damage,No Damage,N,,Pedestrian/Bicyclist/Other Pedestrian Error/Confusion,Unspecified,BRONX,10460.0,"(40.840057, -73.870964)",1.0,0.0,0,0,0,0,1,0,Station Wagon/Sport Utility Vehicle,,1
17637935,3741054,08/31/2017,09:50,4284f80d-6e76-4540-9461-2a65c1213c17,Station Wagon/Sport Utility Vehicle,JEEP -CAR/SUV,2016.0,1.0,F,Licensed,Making Right Turn,Left Front Quarter Panel,Left Front Bumper,Center Front End,Left Front Quarter Panel,No Damage,N,,Unspecified,Unspecified,BROOKLYN,11217.0,"(40.684395, -73.97835)",0.0,0.0,0,0,0,0,0,0,Station Wagon/Sport Utility Vehicle,Box Truck,0
17636407,3724748,08/04/2017,00:10,878a77de-db1b-4fc4-bd53-ceb6e07bda88,Box Truck,FRHT-TRUCK/BUS,2016.0,1.0,M,Licensed,Backing,Right Front Quarter Panel,No Damage,,,,N,,Turning Improperly,Unspecified,BROOKLYN,11211.0,,0.0,0.0,0,0,0,0,0,0,Station Wagon/Sport Utility Vehicle,Box Truck,0
17578081,3706550,07/06/2017,21:15,ae29f2ac-aeed-4abe-b6bc-4beadbd3d38c,Station Wagon/Sport Utility Vehicle,DODG -CAR/SUV,2017.0,4.0,M,Licensed,Parked,Left Side Doors,Left Side Doors,,,,N,,Unspecified,Unspecified,BRONX,10473.0,"(40.82369, -73.851715)",0.0,0.0,0,0,0,0,0,0,Sedan,Station Wagon/Sport Utility Vehicle,0
17637021,3737479,08/25/2017,22:15,57cb38b6-2249-487b-a5cd-8b0719a4c884,Sedan,HOND -CAR/SUV,2004.0,1.0,M,Licensed,Going Straight Ahead,Center Front End,Center Front End,Left Front Bumper,Right Front Bumper,,N,,Driver Inattention/Distraction,Driver Inattention/Distraction,MANHATTAN,10004.0,"(40.704807, -74.01495)",0.0,0.0,0,0,0,0,0,0,Sedan,Sedan,0
17480134,3641325,03/29/2017,18:15,4db67545-812c-4feb-b344-847c2b78eab8,Sedan,BMW -CAR/SUV,2003.0,1.0,F,Licensed,Stopped in Traffic,Right Rear Bumper,Right Rear Bumper,,,,N,,Unspecified,Unspecified,BROOKLYN,11237.0,"(40.712612, -73.93446)",0.0,0.0,0,0,0,0,0,0,Sedan,Station Wagon/Sport Utility Vehicle,0
17103544,3600135,01/17/2017,16:47,bf26dd47-5f97-4d6c-b9e8-9583c669ddca,Box Truck,ISU-TRUCK/BUS,2015.0,0.0,,,Parked,No Damage,No Damage,No Damage,No Damage,No Damage,N,,Unspecified,Unspecified,QUEENS,11385.0,,0.0,0.0,0,0,0,0,0,0,Station Wagon/Sport Utility Vehicle,Box Truck,0
17122119,3602809,01/23/2017,02:00,d4b47402-73a2-49e0-99f7-f0692ab22dd5,Sedan,PONT -CAR/SUV,2002.0,2.0,F,Licensed,Going Straight Ahead,Center Front End,Center Front End,,,,Unspecified,,Unspecified,Unspecified,BROOKLYN,11208.0,"(40.680016, -73.87743)",0.0,0.0,0,0,0,0,0,0,Sedan,Sedan,0
17936416,3767766,10/11/2017,19:06,6e57bc74-5d87-4ba7-b48f-ed2a7e24b597,Sedan,TOYT -CAR/SUV,2013.0,1.0,M,Licensed,Going Straight Ahead,Left Rear Quarter Panel,Left Rear Quarter Panel,Left Side Doors,Left Front Quarter Panel,No Damage,N,,Unspecified,Unspecified,,,"(40.649166, -73.94361)",0.0,0.0,0,0,0,0,0,0,Sedan,Station Wagon/Sport Utility Vehicle,0
17644706,3723921,07/30/2017,18:00,25cffe5a-d1c0-4276-8754-896d254d6449,Sedan,NISS -CAR/SUV,2015.0,1.0,M,Licensed,Going Straight Ahead,Center Back End,Center Back End,,,,N,,Unspecified,Unspecified,,,"(40.8254, -73.865074)",1.0,0.0,0,0,0,0,1,0,Sedan,Station Wagon/Sport Utility Vehicle,1
17929069,3785465,11/05/2017,17:30,ada56393-c5f8-4e64-aeaf-7b0ba74af175,Pick-up Truck,MITS -CAR/SUV,2007.0,2.0,M,Licensed,Going Straight Ahead,Right Front Bumper,Right Front Bumper,,,,N,,Unspecified,Unspecified,,,"(40.76316, -73.87618)",0.0,0.0,0,0,0,0,0,0,Station Wagon/Sport Utility Vehicle,Pick-up Truck,0
17557284,3697404,06/23/2017,14:29,4911a735-5a55-4400-9ff9-1cfc0b542543,Van,GE,2014.0,1.0,M,Licensed,Going Straight Ahead,Left Rear Bumper,Left Rear Bumper,,,,N,,Driver Inattention/Distraction,Driver Inattention/Distraction,MANHATTAN,10016.0,"(40.748863, -73.97584)",0.0,0.0,0,0,0,0,0,0,Station Wagon/Sport Utility Vehicle,Van,0
17994015,3812093,12/18/2017,08:16,dcd725cf-7f2c-4eba-a1b9-48231c6a5feb,Station Wagon/Sport Utility Vehicle,CHEV -CAR/SUV,2018.0,1.0,F,Licensed,Going Straight Ahead,Center Back End,Center Back End,No Damage,No Damage,No Damage,N,,Unspecified,Unspecified,,,"(40.734566, -73.72269)",0.0,0.0,0,0,0,0,0,0,Station Wagon/Sport Utility Vehicle,Sedan,0
19626511,3689653,06/13/2017,09:15,8e558801-6cef-4990-8e46-beb0ac53502a,Sedan,ACUR -CAR/SUV,2017.0,1.0,M,Licensed,Going Straight Ahead,Left Front Bumper,Left Front Bumper,Left Front Quarter Panel,Left Side Doors,Center Front End,N,,Unspecified,Unspecified,QUEENS,11365.0,"(40.747627, -73.782394)",1.0,0.0,0,0,0,0,1,0,Station Wagon/Sport Utility Vehicle,Sedan,1
19608481,3717597,07/22/2017,15:00,1b207d05-8624-4b72-9210-9d15cabd8e8a,Station Wagon/Sport Utility Vehicle,HOND -CAR/SUV,2005.0,1.0,M,Licensed,Going Straight Ahead,Right Side Doors,Right Side Doors,Right Rear Quarter Panel,,,N,,Unspecified,Unspecified,MANHATTAN,10029.0,"(40.79157, -73.94469)",0.0,0.0,0,0,0,0,0,0,Station Wagon/Sport Utility Vehicle,Sedan,0
17965229,3792314,11/16/2017,22:21,f676a4e2-11de-4a4c-9bf0-47f7b5403d7e,Sedan,ACUR -CAR/SUV,2007.0,1.0,M,Licensed,Going Straight Ahead,Center Front End,Center Front End,Right Front Bumper,Left Front Bumper,,N,,Following Too Closely,Driver Inattention/Distraction,,,"(40.762093, -73.75691)",1.0,0.0,0,0,0,0,1,0,Sedan,Sedan,1
17904219,3771780,10/17/2017,12:00,5b123525-ded1-400b-97de-c8d2073874dc,Station Wagon/Sport Utility Vehicle,MERZ -CAR/SUV,2013.0,1.0,M,Licensed,Going Straight Ahead,Center Back End,Center Back End,,,,N,,Unspecified,Unspecified,,,"(40.623318, -74.01986)",0.0,0.0,0,0,0,0,0,0,Sedan,Station Wagon/Sport Utility Vehicle,0
17529285,3701032,06/28/2017,15:37,8405aec1-6bd6-4c89-bcea-543caed917a4,Sedan,CHEV -CAR/SUV,2014.0,0.0,,,Parked,Right Rear Quarter Panel,Right Rear Bumper,,,,N,,Unspecified,Unspecified,MANHATTAN,10038.0,"(40.710175, -74.001144)",0.0,0.0,0,0,0,0,0,0,Sedan,Sedan,0
17532285,3664763,04/29/2017,10:03,a5d36ec1-a19b-4ead-85ee-5da5fd61627b,Sedan,NISS -CAR/SUV,2007.0,2.0,,,Parked,Left Front Bumper,Left Front Bumper,,,,N,,Unspecified,Unspecified,BROOKLYN,11212.0,"(40.662174, -73.919815)",0.0,0.0,0,0,0,0,0,0,Sedan,Van,0
17126190,3613101,02/09/2017,09:15,f9c3927f-ac5d-43e9-af19-7db6cbbd99fd,Taxi,LINC -CAR/SUV,2011.0,1.0,M,Licensed,Going Straight Ahead,Right Front Bumper,Right Front Bumper,Center Front End,Left Front Bumper,Right Front Quarter Panel,N,,Driver Inattention/Distraction,Unspecified,QUEENS,11434.0,"(40.676037, -73.79035)",0.0,0.0,0,0,0,0,0,0,Bus,Taxi,0
17539125,3678870,05/27/2017,12:30,c560e63c-49af-40ef-af54-6b771d0c48ec,Convertible,TOYT -CAR/SUV,2001.0,1.0,F,Licensed,Going Straight Ahead,Left Rear Bumper,Left Rear Bumper,,,,N,,Driver Inattention/Distraction,Driver Inattention/Distraction,,,"(40.76663, -73.88903)",0.0,0.0,0,0,0,0,0,0,Convertible,Convertible,0
17519200,3656089,04/23/2017,22:18,bd180abd-1e1b-47bd-86fc-105f8547631b,Sedan,FORD -CAR/SUV,2017.0,1.0,M,Licensed,Starting from Parking,Left Front Bumper,Left Front Bumper,Left Front Quarter Panel,Center Front End,,N,,Driver Inexperience,View Obstructed/Limited,QUEENS,11412.0,"(40.700703, -73.752)",2.0,0.0,0,0,0,0,2,0,Sedan,Sedan,1
17079507,3595125,01/09/2017,05:40,9c63840a-da55-45e5-967d-4fd706c20d31,Station Wagon/Sport Utility Vehicle,HOND -CAR/SUV,2005.0,2.0,M,Licensed,Going Straight Ahead,Right Front Bumper,Right Front Bumper,Right Front Quarter Panel,No Damage,No Damage,N,,Unspecified,Unspecified,BRONX,10457.0,"(40.85185, -73.902725)",0.0,0.0,0,0,0,0,0,0,Station Wagon/Sport Utility Vehicle,Sedan,0
17995491,3808380,12/13/2017,13:30,6825e32f-ef25-4a4c-bad1-41aca8a87ae8,Station Wagon/Sport Utility Vehicle,ACUR -CAR/SUV,2014.0,1.0,M,Licensed,Passing,Right Front Quarter Panel,Right Front Quarter Panel,Right Side Doors,Right Rear Quarter Panel,,N,,Passing Too Closely,Unspecified,,,"(40.75763, -73.82799)",0.0,0.0,0,0,0,0,0,0,Station Wagon/Sport Utility Vehicle,Station Wagon/Sport Utility Vehicle,0
17663679,3747089,09/08/2017,16:15,c0b07916-d8a8-4bd5-ab1f-b9e2366edf9b,Station Wagon/Sport Utility Vehicle,GRUMMAN LLV USPS TRUCK,,0.0,,,Parked,Left Front Quarter Panel,Left Front Bumper,Center Front End,Right Front Bumper,,N,,Unspecified,Unspecified,STATEN ISLAND,10306.0,"(40.566944, -74.12777)",0.0,0.0,0,0,0,0,0,0,Station Wagon/Sport Utility Vehicle,,0
17586945,3673756,05/19/2017,18:00,998a0d4f-9608-46ed-80c2-3c0e62477711,Sedan,CHEV -CAR/SUV,2013.0,1.0,F,Licensed,Going Straight Ahead,Left Rear Quarter Panel,Left Rear Quarter Panel,,,,N,,Unspecified,Unspecified,QUEENS,11434.0,"(40.666386, -73.785)",0.0,0.0,0,0,0,0,0,0,Station Wagon/Sport Utility Vehicle,Sedan,0