UNIQUE_ID,COLLISION_ID,CRASH_DATE,CRASH_TIME,VEHICLE_ID,VEHICLE_TYPE,VEHICLE_MAKE,VEHICLE_YEAR,VEHICLE_OCCUPANTS,DRIVER_SEX,DRIVER_LICENSE_STATUS,PRE_CRASH,POINT_OF_IMPACT,VEHICLE_DAMAGE,VEHICLE_DAMAGE_1,VEHICLE_DAMAGE_2,VEHICLE_DAMAGE_3,PUBLIC_PROPERTY_DAMAGE,PUBLIC_PROPERTY_DAMAGE_TYPE,CONTRIBUTING_FACTOR_1,CONTRIBUTING_FACTOR_2,BOROUGH,ZIP CODE,LOCATION,NUMBER OF PERSONS INJURED,NUMBER OF PERSONS KILLED,NUMBER OF PEDESTRIANS INJURED,NUMBER OF PEDESTRIANS KILLED,NUMBER OF CYCLIST INJURED,NUMBER OF CYCLIST KILLED,NUMBER OF MOTORIST INJURED,NUMBER OF MOTORIST KILLED,VEHICLE TYPE CODE 1,VEHICLE TYPE CODE 2,Severity
17134204,3623526,02/27/2017,14:50,ef3e494a-41bd-42af-aaba-aa68a1fe14cb,Sedan,NISS -CAR/SUV,2015.0,0.0,,,Parked,Left Side Doors,Left Side Doors,Left Rear Quarter Panel,Left Front Bumper,,N,,Unspecified,Unspecified,BROOKLYN,11219.0,"(40.641247, -73.99337)",0.0,0.0,0,0,0,0,0,0,Station Wagon/Sport Utility Vehicle,Sedan,0
17965125,3759916,09/29/2017,10:00,57e9ea30-cff9-4395-83e6-940dbc07795d,Pick-up Truck,GMC -CAR/SUV,2007.0,1.0,M,Licensed,Going Straight Ahead,Left Rear Quarter Panel,No Damage,No Damage,No Damage,No Damage,N,,Unspecified,Unspecified,,,"(40.75434, -73.93602)",0.0,0.0,0,0,0,0,0,0,Pick-up Truck,Sedan,0
17521070,3695216,06/20/2017,12:30,93674645-673f-47a5-a59c-39a3b747d3fd,Station Wagon/Sport Utility Vehicle,TOYT -CAR/SUV,2016.0,1.0,M,Licensed,Other*,Left Side Doors,Left Side Doors,No Damage,No Damage,No Damage,N,,Passing or Lane Usage Improper,Other Vehicular,,,"(40.84631, -73.91947)",0.0,0.0,0,0,0,0,0,0,Station Wagon/Sport Utility Vehicle,Sedan,0
17960105,3794419,11/17/2017,18:23,2add940e-58f5-4199-8ecb-d71498542132,Sedan,VOLV -CAR/SUV,2016.0,2.0,F,Licensed,Going Straight Ahead,Left Front Quarter Panel,Left Front Quarter Panel,No Damage,No Damage,No Damage,N,,Driver Inattention/Distraction,Driver Inattention/Distraction,QUEENS,11434.0,"(40.679264, -73.7801)",0.0,0.0,0,0,0,0,0,0,Sedan,Sedan,0
17526517,3661952,05/02/2017,13:30,d4f3fa4f-1353-463a-a0eb-f71ef6043ce7,Station Wagon/Sport Utility Vehicle,TOYT -CAR/SUV,2009.0,1.0,M,,Making Right Turn,Right Front Quarter Panel,Right Front Quarter Panel,Right Side Doors,Right Rear Quarter Panel,,N,,Turning Improperly,Passing or Lane Usage Improper,BRONX,10454.0,"(40.808163, -73.92653)",0.0,0.0,0,0,0,0,0,0,Sedan,Station Wagon/Sport Utility Vehicle,0
17673438,3736384,08/24/2017,05:00,7ceea243-3e47-477a-b1db-4734e1eaed2d,Sedan,CHRY -CAR/SUV,2016.0,3.0,M,Licensed,Going Straight Ahead,Right Rear Quarter Panel,Right Rear Quarter Panel,Right Rear Bumper,Right Rear Bumper,Right Rear Quarter Panel,N,,Unspecified,Unspecified,,,"(40.743538, -73.83374)",0.0,0.0,0,0,0,0,0,0,Sedan,Box Truck,0
17957403,3819059,12/28/2017,14:00,0e8637ad-8c2b-4463-aa2d-9173b0465955,Box Truck,ISU-TRUCK/BUS,2015.0,1.0,M,,Going Straight Ahead,Right Front Quarter Panel,No Damage,No Damage,No Damage,No Damage,N,,Driver Inattention/Distraction,Unspecified,MANHATTAN,10001.0,"(40.751522, -73.99396)",0.0,0.0,0,0,0,0,0,0,Box Truck,Taxi,0
17589286,3684747,06/05/2017,22:10,93a538f8-26ec-4b67-a1da-6f3c9df2eab0,Sedan,TOYT -CAR/SUV,2016.0,2.0,M,Licensed,Going Straight Ahead,Left Side Doors,Left Side Doors,Left Rear Quarter Panel,,,N,,Unspecified,Unspecified,QUEENS,11422.0,"(40.6722, -73.734604)",0.0,0.0,0,0,0,0,0,0,Sedan,Sedan,0
17525217,3665721,05/08/2017,07:40,a5e23727-fcfb-4f62-8674-2d60591a90d5,Sedan,AUDI -CAR/SUV,2015.0,1.0,M,Licensed,Making Left Turn,Right Side Doors,Right Side Doors,Right Front Quarter Panel,Right Rear Quarter Panel,,N,,Failure to Yield Right-of-Way,Turning Improperly,QUEENS,11416.0,"(40.68816, -73.848854)",0.0,0.0,0,0,0,0,0,0,Sedan,Station Wagon/Sport Utility Vehicle,0
17093337,3600208,01/18/2017,14:48,f6bcef16-468f-4f1a-8351-5d0e77ab183b,Taxi,NISS -CAR/SUV,2015.0,1.0,M,Licensed,Changing Lanes,Right Side Doors,Right Side Doors,No Damage,,,N,,Driver Inattention/Distraction,Unsafe Lane Changing,,,"(40.75457, -73.97169)",0.0,0.0,0,0,0,0,0,0,Taxi,Van,0
17115549,3611522,02/04/2017,21:15,b24cef90-bb16-4af6-a1ac-d70a9938c472,Sedan,TOYT -CAR/SUV,2008.0,1.0,M,Licensed,Going Straight Ahead,Right Rear Bumper,Center Back End,Right Rear Bumper,Center Back End,Left Rear Bumper,N,,Unspecified,Unspecified,,,,0.0,0.0,0,0,0,0,0,0,Sedan,Sedan,0
17525372,3663506,05/04/2017,08:20,3d60db53-c745-4b4d-b55e-fe2dd37c6752,Station Wagon/Sport Utility Vehicle,CHEV -CAR/SUV,2005.0,1.0,F,Licensed,Going Straight Ahead,Center Front End,Center Front End,,,,N,,Following Too Closely,Driver Inattention/Distraction,,,"(40.828617, -73.84217)",1.0,0.0,0,0,0,0,1,0,Station Wagon/Sport Utility Vehicle,Sedan,1
17561331,3683446,06/04/2017,14:45,e69c6d48-beb4-41e7-bb16-1c0f9880cd19,Sedan,BMW -CAR/SUV,2013.0,2.0,M,Licensed,Going Straight Ahead,Center Front End,Center Front End,Left Front Bumper,Right Front Bumper,,N,,Unspecified,Unspecified,,,"(40.706966, -73.75283)",1.0,0.0,0,0,0,0,1,0,Sedan,Station Wagon/Sport Utility Vehicle,1
17948354,3749269,09/13/2017,18:00,b7a88d92-3792-4a74-a639-8c016e78ca67,Taxi,FORD -CAR/SUV,2010.0,0.0,M,Licensed,Making Left Turn,No Damage,No Damage,No Damage,No Damage,No Damage,N,,Unspecified,Unspecified,QUEENS,11101.0,"(40.745235, -73.937706)",0.0,0.0,0,0,0,0,0,0,Sedan,Taxi,0
17127256,3606074,01/27/2017,19:50,d7ff559f-f10a-4a9e-88af-481a188b0cd8,fire,fdny fire truck,2015.0,1.0,M,Licensed,Going Straight Ahead,Center Front End,No Damage,No Damage,No Damage,No Damage,N,,Unspecified,Unspecified,,,"(40.67358, -73.89336)",1.0,0.0,0,0,0,0,1,0,Sedan,fire,1
17582999,3695676,06/19/2017,16:45,46f88449-bbe3-402b-a637-7aca8850ac48,Taxi,NISS -CAR/SUV,2015.0,1.0,M,Licensed,Stopped in Traffic,Center Back End,Center Back End,Center Front End,,,N,,Unspecified,Unspecified,QUEENS,11377.0,"(40.744755, -73.91055)",2.0,0.0,0,0,0,0,2,0,Station Wagon/Sport Utility Vehicle,Sedan,1
17583537,3659670,04/28/2017,14:20,5ca978c9-6d65-4a75-92cf-4361bee266d6,Sedan,BMW -CAR/SUV,2013.0,3.0,F,Licensed,Slowing or Stopping,Center Back End,Center Back End,Right Rear Bumper,Left Rear Bumper,,N,,Unspecified,Unspecified,,,"(40.789577, -73.78414)",1.0,0.0,0,0,0,0,1,0,Sedan,Sedan,1
19571603,3608467,01/31/2017,15:30,9b371468-cbeb-46e1-9ddc-3fa2e83bc162,Sedan,NISS -CAR/SUV,2008.0,0.0,,,Parked,Left Front Bumper,Left Front Bumper,Center Front End,Right Side Doors,,N,,Unspecified,Unspecified,BROOKLYN,11210.0,"(40.635056, -73.94499)",0.0,0.0,0,0,0,0,0,0,Pick-up Truck,Sedan,0
17894380,3779772,10/26/2017,18:30,cfe6107d-287f-4134-a741-0cd6f83275f4,Bus,FORD-TRUCK/BUS,2012.0,0.0,M,Licensed,Going Straight Ahead,Right Front Quarter Panel,Right Front Quarter Panel,,,,N,,Oversized Vehicle,Passing or Lane Usage Improper,MANHATTAN,10011.0,"(40.74769, -74.00417)",0.0,0.0,0,0,0,0,0,0,Bus,Sedan,0
17475004,3671648,05/16/2017,14:55,aff5d4a1-07e3-4030-b006-b7060803a741,Sedan,TOYT -CAR/SUV,2009.0,1.0,M,Licensed,Going Straight Ahead,Left Rear Bumper,Left Rear Quarter Panel,Left Rear Bumper,,,N,,Reaction to Uninvolved Vehicle,Unspecified,BROOKLYN,11216.0,"(40.688156, -73.9532)",0.0,0.0,0,0,0,0,0,0,Sedan,Station Wagon/Sport Utility Vehicle,0
17867952,3769960,10/15/2017,17:50,418a4f18-a27f-4cae-870c-57eb482ea94b,Station Wagon/Sport Utility Vehicle,HOND -CAR/SUV,2016.0,,,,Making Left Turn,Left Front Bumper,Left Front Quarter Panel,Left Side Doors,,,N,,Passing Too Closely,Unspecified,,,"(40.699253, -73.91719)",1.0,0.0,0,0,0,0,1,0,Station Wagon/Sport Utility Vehicle,Station Wagon/Sport Utility Vehicle,1
17097236,3605000,01/26/2017,15:00,a7284f76-ed18-4424-bca4-37d64de82b47,Sedan,FORD -CAR/SUV,2004.0,1.0,M,Licensed,Going Straight Ahead,Center Front End,No Damage,No Damage,No Damage,No Damage,N,,Unspecified,Unspecified,BRONX,10457.0,"(40.848133, -73.88885)",1.0,0.0,1,0,0,0,0,0,Sedan,,1
17447634,3645066,04/02/2017,21:15,11a5a14a-7485-4d93-9ca5-0f8decd7fc7d,Station Wagon/Sport Utility Vehicle,TOYT -CAR/SUV,2004.0,0.0,,,Parked,Right Rear Bumper,Right Rear Bumper,Right Rear Quarter Panel,No Damage,No Damage,N,,Unspecified,Unspecified,BROOKLYN,11237.0,"(40.697495, -73.9154)",0.0,0.0,0,0,0,0,0,0,Sedan,Station Wagon/Sport Utility Vehicle,0
17648573,3725649,08/04/2017,07:56,aad59da7-b2b5-4b28-9518-1c2816d8386e,Station Wagon/Sport Utility Vehicle,JEEP -CAR/SUV,2014.0,1.0,F,Licensed,Going Straight Ahead,Right Front Bumper,Right Front Bumper,No Damage,No Damage,No Damage,N,,Unspecified,Unspecified,BRONX,10461.0,"(40.837513, -73.84582)",0.0,0.0,0,0,0,0,0,0,Station Wagon/Sport Utility Vehicle,Station Wagon/Sport Utility Vehicle,0
17435053,3627304,02/06/2017,08:20,85bcb1ca-bbe4-43ab-9efc-de3567c0fe15,Sedan,CHEV -CAR/SUV,2013.0,1.0,M,Licensed,Parked,Left Side Doors,Left Side Doors,No Damage,No Damage,No Damage,N,,Unspecified,Unspecified,BRONX,10471.0,"(40.906136, -73.90431)",0.0,0.0,0,0,0,0,0,0,Station Wagon/Sport Utility Vehicle,Sedan,0
17827114,3761189,10/01/2017,16:00,d08da9c6-f781-4cf6-8bce-a56bb5b78621,Taxi,TOYT -CAR/SUV,2013.0,1.0,M,Licensed,Going Straight Ahead,Left Rear Quarter Panel,Left Rear Quarter Panel,Left Side Doors,,,N,,Unspecified,Unspecified,MANHATTAN,10003.0,"(40.733524, -73.989876)",0.0,0.0,0,0,0,0,0,0,Taxi,Taxi,0
17637753,3727493,08/08/2017,09:25,92dab8d3-d88d-4c06-802e-1180cbafef11,Box Truck,INTL-TRUCK/BUS,2010.0,1.0,M,Licensed,Backing,Center Back End,Center Back End,,,,N,,Backing Unsafely,Unspecified,MANHATTAN,10001.0,"(40.747746, -73.98829)",0.0,0.0,0,0,0,0,0,0,Box Truck,Sedan,0
17080652,3593349,01/06/2017,08:29,27918b5e-cfe4-4272-b1fc-d7494a0e802a,Station Wagon/Sport Utility Vehicle,KIA -CAR/SUV,2016.0,1.0,M,Licensed,Going Straight Ahead,Left Rear Quarter Panel,Left Rear Quarter Panel,,,,N,,Driver Inattention/Distraction,Following Too Closely,MANHATTAN,10016.0,"(40.74608, -73.974945)",0.0,0.0,0,0,0,0,0,0,Pick-up Truck,Station Wagon/Sport Utility Vehicle,0
17473986,3649437,03/12/2017,21:00,2712b32d-c3a8-40a7-94ab-7a82116ab23b,Sedan,HOND -CAR/SUV,2010.0,1.0,F,Licensed,Making Right Turn,Center Front End,Center Front End,Right Front Bumper,,,N,,Failure to Yield Right-of-Way,Unspecified,,,"(40.714226, -73.90299)",1.0,0.0,0,0,1,0,0,0,Sedan,Bike,1
17958546,3816252,12/22/2017,16:40,19173329-e1f0-4b37-be8b-ccd83d17b9c7,Sedan,HOND -CAR/SUV,2010.0,1.0,M,Licensed,Making Right Turn,Center Front End,Center Front End,,,,N,,Failure to Yield Right-of-Way,Unspecified,BROOKLYN,11211.0,"(40.707542, -73.951004)",0.0,0.0,0,0,0,0,0,0,Sedan,Station Wagon/Sport Utility Vehicle,0
17987064,3790414,11/15/2017,06:30,e06932db-a201-4456-91c4-9995303f23b3,Sedan,NISS -CAR/SUV,2010.0,1.0,M,Licensed,Making Left Turn,Right Rear Quarter Panel,Right Rear Quarter Panel,,,,N,,Unspecified,Unspecified,,,"(40.66278, -73.88086)",1.0,0.0,0,0,0,0,1,0,Sedan,Station Wagon/Sport Utility Vehicle,1
17524903,3666568,05/09/2017,17:30,11c29bb8-c76c-487a-b5ff-b56093020680,Station Wagon/Sport Utility Vehicle,FORD -CAR/SUV,2004.0,1.0,M,Unlicensed,Going Straight Ahead,Right Front Quarter Panel,Right Front Quarter Panel,Right Side Doors,,,N,,Unspecified,Unspecified,,,,0.0,0.0,0,0,0,0,0,0,Sedan,Station Wagon/Sport Utility Vehicle,0
17491294,3645395,04/04/2017,18:10,2012860d-5e6d-4ec4-9ec9-3e20f8dc4381,Sedan,TOYT -CAR/SUV,2015.0,1.0,M,Licensed,Starting from Parking,Left Front Quarter Panel,Left Front Quarter Panel,,,,N,,Failure to Yield Right-of-Way,Driver Inattention/Distraction,QUEENS,11419.0,"(40.69143, -73.830536)",0.0,0.0,0,0,0,0,0,0,Sedan,Sedan,0
17904510,3812949,12/14/2017,15:00,a5086478-d8c7-4592-85f1-d4ca8799c2cd,Bus,CHEV-TRUCK/BUS,2011.0,1.0,F,Licensed,Parked,Left Side Doors,No Damage,,,,N,,Driver Inattention/Distraction,Unspecified,MANHATTAN,10016.0,"(40.7415, -73.97781)",0.0,0.0,0,0,0,0,0,0,Bus,Taxi,0
17076996,3593227,01/05/2017,14:00,01e5cd8f-983d-4c87-8b94-a646df7cf784,Taxi,TOYT -CAR/SUV,2016.0,1.0,M,Licensed,Making U Turn,Right Front Bumper,Right Front Bumper,No Damage,No Damage,No Damage,N,,Unspecified,Unspecified,BRONX,10467.0,"(40.863556, -73.86504)",0.0,0.0,0,0,0,0,0,0,Sedan,Taxi,0
17507167,3678544,05/26/2017,13:35,8f2d44cb-b102-4bd9-b2d6-331a07f4aa1d,Station Wagon/Sport Utility Vehicle,CHEV -CAR/SUV,,12.0,F,Licensed,Going Straight Ahead,Left Rear Bumper,Left Rear Quarter Panel,,,,N,,Other Vehicular,Unspecified,,,"(40.85615, -73.84395)",0.0,0.0,0,0,0,0,0,0,Station Wagon/Sport Utility Vehicle,,0
17128924,3605182,01/27/2017,09:40,33a178bc-4660-46e4-abea-e800cfc9ea65,Sedan,HOND -CAR/SUV,2000.0,2.0,,,Starting from Parking,Center Back End,No Damage,,,,N,,Unspecified,Unspecified,QUEENS,11428.0,"(40.715466, -73.74793)",1.0,0.0,1,0,0,0,0,0,Sedan,,1
17463627,3650472,04/13/2017,17:30,f8ccd75c-bd52-40ec-a1d1-cf8cc62ef5c0,Station Wagon/Sport Utility Vehicle,HOND -CAR/SUV,2017.0,3.0,M,Licensed,Parked,Left Rear Bumper,Left Rear Bumper,,,,N,,Unspecified,Unspecified,BROOKLYN,11212.0,"(40.672073, -73.91135)",0.0,0.0,0,0,0,0,0,0,Station Wagon/Sport Utility Vehicle,Station Wagon/Sport Utility Vehicle,0
17549847,3694191,06/18/2017,22:45,41e19e08-875a-45e3-b1ba-2ec0b093cd1d,Sedan,SUBA -CAR/SUV,2015.0,0.0,,,Going Straight Ahead,,,,,,N,,Unspecified,Failure to Yield Right-of-Way,BROOKLYN,11228.0,"(40.614594, -74.0228)",0.0,0.0,0,0,0,0,0,0,Sedan,Sedan,0
17096797,3617203,02/14/2017,20:57,b8b6d7c1-49fb-4bff-8778-3bd598bc5690,Sedan,PONT -CAR/SUV,2001.0,1.0,M,Licensed,Stopped in Traffic,Center Back End,No Damage,No Damage,No Damage,No Damage,N,,Unspecified,Unspecified,MANHATTAN,10025.0,"(40.79458, -73.97371)",0.0,0.0,0,0,0,0,0,0,Station Wagon/Sport Utility Vehicle,Sedan,0
17928648,3756086,09/24/2017,13:25,0cbb1bc0-f35c-45e1-9eea-456015a178f4,Sedan,INFI -CAR/SUV,2012.0,2.0,F,Licensed,Going Straight Ahead,Left Front Bumper,Left Front Bumper,Left Front Quarter Panel,,,N,,Unspecified,Unspecified,,,"(40.70122, -73.74999)",1.0,0.0,0,0,0,0,1,0,Sedan,Sedan,1
17076463,3590991,01/02/2017,09:25,55aac346-e669-47df-881c-28c5a8193407,Sedan,TOYT -CAR/SUV,2009.0,1.0,M,Licensed,Going Straight Ahead,Right Rear Quarter Panel,Right Rear Quarter Panel,,,,N,,Unsafe Speed,Pavement Slippery,,,"(40.690838, -73.72662)",0.0,0.0,0,0,0,0,0,0,Sedan,,0
17983601,3812973,11/26/2017,02:10,631d46ce-b66b-405a-b926-e2671330e140,Sedan,TOYT -CAR/SUV,2006.0,4.0,M,Licensed,Going Straight Ahead,Right Rear Bumper,Right Rear Bumper,Right Rear Quarter Panel,Center Back End,Center Back End,N,,Unspecified,Unspecified,,,"(40.778492, -73.92583)",0.0,0.0,0,0,0,0,0,0,Sedan,Sedan,0
17650914,3729987,08/12/2017,18:30,46f55f36-51c1-46cb-af56-ec2261a7de16,Station Wagon/Sport Utility Vehicle,ACUR -CAR/SUV,2017.0,0.0,,,Parked,Left Front Bumper,Left Front Bumper,Center Front End,,,N,,Unspecified,Unspecified,BRONX,10472.0,"(40.834007, -73.87568)",0.0,0.0,0,0,0,0,0,0,Station Wagon/Sport Utility Vehicle,Pick-up Truck,0
17883800,3779872,10/29/2017,19:30,67b1e463-38f3-4f7b-95c4-e0948983ba23,Sedan,FORD -CAR/SUV,2014.0,1.0,M,Licensed,Making Left Turn,Right Front Bumper,No Damage,,,,N,,Failure to Yield Right-of-Way,Unspecified,,,"(40.744987, -73.991844)",1.0,0.0,1,0,0,0,0,0,Sedan,,1
17459545,3630780,03/12/2017,15:00,a1f2ac76-02bf-48c7-97dd-e97becaa48cd,Station Wagon/Sport Utility Vehicle,SUBA -CAR/SUV,2012.0,1.0,M,Licensed,Going Straight Ahead,Right Front Bumper,Right Front Bumper,No Damage,No Damage,No Damage,N,,Driver Inattention/Distraction,Unspecified,BROOKLYN,11223.0,"(40.60536, -73.96174)",0.0,0.0,0,0,0,0,0,0,Station Wagon/Sport Utility Vehicle,Station Wagon/Sport Utility Vehicle,0
17881873,3755349,08/27/2017,03:15,9d900d5b-f856-46fd-9f3e-e68e97673af0,Sedan,LEXS -CAR/SUV,2014.0,2.0,M,Licensed,Going Straight Ahead,Center Front End,Right Side Doors,Left Side Doors,Center Back End,Right Front Quarter Panel,N,,Following Too Closely,Driver Inattention/Distraction,,,"(40.747112, -73.96894)",2.0,0.0,0,0,0,0,2,0,Taxi,Sedan,1
17462488,3656535,04/22/2017,00:45,696572f1-9c87-427e-8c4a-18511ec3e9ec,Sedan,TOYT -CAR/SUV,2013.0,1.0,M,Licensed,,Center Front End,No Damage,No Damage,No Damage,No Damage,N,,Unspecified,Unspecified,,,"(40.8746, -73.9097)",0.0,0.0,0,0,0,0,0,0,Pick-up Truck,Sedan,0
17561976,3668035,05/10/2017,19:30,37e024c9-f463-4b55-8bc3-c68f35075470,Station Wagon/Sport Utility Vehicle,DODG -CAR/SUV,1997.0,1.0,M,Licensed,Going Straight Ahead,Left Front Bumper,Left Front Bumper,Center Front End,,,N,,Failure to Yield Right-of-Way,Unspecified,QUEENS,11377.0,"(40.740517, -73.89236)",0.0,0.0,0,0,0,0,0,0,Sedan,Station Wagon/Sport Utility Vehicle,0
17856657,3762135,09/30/2017,17:00,d7bf4d2b-e339-4b35-a07e-0118db3b3765,Sedan,NISS -CAR/SUV,2010.0,1.0,F,Licensed,Going Straight Ahead,Left Front Bumper,Left Front Bumper,,,,N,,Unspecified,Unspecified,BROOKLYN,11236.0,"(40.640728, -73.90521)",1.0,0.0,1,0,0,0,0,0,Sedan,,1
17989836,3785018,11/07/2017,08:25,8216387e-540b-46a6-8c5d-d91ba7bedd58,Sedan,HOND -CAR/SUV,2015.0,4.0,F,Licensed,Making Left Turn,Right Side Doors,Right Side Doors,Right Side Doors,Right Side Doors,Right Side Doors,N,,Unspecified,Unspecified,QUEENS,11422.0,"(40.67724, -73.73032)",0.0,0.0,0,0,0,0,0,0,Sedan,Sedan,0
19613264,3738318,08/24/2017,15:40,1a0377f8-cb0f-48c7-bd1d-c50392f40e39,Sedan,LEXS -CAR/SUV,2003.0,2.0,M,Licensed,Going Straight Ahead,Left Front Quarter Panel,Left Front Quarter Panel,Left Side Doors,Left Rear Quarter Panel,No Damage,N,,Unspecified,Unspecified,MANHATTAN,10009.0,"(40.726543, -73.97534)",0.0,0.0,0,0,0,0,0,0,Sedan,Sedan,0
17537296,3674474,05/21/2017,00:06,be28ffbc-eefd-4684-8c10-02354d1b88e4,Taxi,TOYT -CAR/SUV,2013.0,2.0,M,Licensed,Stopped in Traffic,Center Back End,Center Front End,Center Front End,Center Back End,Center Front End,N,,Unspecified,Unspecified,BROOKLYN,11218.0,"(40.64839, -73.976456)",2.0,0.0,0,0,0,0,2,0,Sedan,Station Wagon/Sport Utility Vehicle,1
17554538,3673936,05/17/2017,10:50,575575bc-e130-4365-a6aa-0565df5d43c1,Station Wagon/Sport Utility Vehicle,HOND -CAR/SUV,2015.0,1.0,F,Licensed,Stopped in Traffic,Right Front Quarter Panel,Right Front Quarter Panel,,,,N,,Unspecified,Unspecified,QUEENS,11364.0,"(40.752434, -73.75949)",0.0,0.0,0,0,0,0,0,0,Station Wagon/Sport Utility Vehicle,excav,0
17672699,3741235,08/31/2017,18:45,298761d0-2fee-427a-941e-f9306e1401b8,Station Wagon/Sport Utility Vehicle,JEEP -CAR/SUV,2009.0,0.0,,,Parked,Left Front Bumper,Left Front Bumper,Left Front Quarter Panel,Left Front Quarter Panel,Center Front End,N,,Unspecified,Unspecified,QUEENS,11428.0,"(40.726402, -73.735855)",0.0,0.0,0,0,0,0,0,0,Box Truck,Station Wagon/Sport Utility Vehicle,0
17622124,3744374,09/04/2017,17:30,a1f48e00-f0d3-4527-a682-624a3c0592bb,Station Wagon/Sport Utility Vehicle,JEEP -CAR/SUV,2012.0,1.0,M,Licensed,Parked,Left Rear Quarter Panel,Left Rear Quarter Panel,,,,N,,Other Vehicular,Unspecified,MANHATTAN,10009.0,"(40.729263, -73.97519)",0.0,0.0,0,0,0,0,0,0,Station Wagon/Sport Utility Vehicle,Sedan,0
17951551,3798661,11/27/2017,17:20,45f00223-d05e-4bd0-97f1-72bb8fbc2225,Station Wagon/Sport Utility Vehicle,HOND -CAR/SUV,2003.0,1.0,M,Licensed,Going Straight Ahead,Center Front End,Center Front End,Left Front Bumper,Right Front Bumper,No Damage,N,,Following Too Closely,Driver Inattention/Distraction,,,"(40.820824, -73.91562)",1.0,0.0,0,0,0,0,1,0,Station Wagon/Sport Utility Vehicle,Station Wagon/Sport Utility Vehicle,1
17947822,3782592,11/01/2017,15:00,645d8dbd-d110-480d-b6cf-35987004a43e,Station Wagon/Sport Utility Vehicle,CHEV -CAR/SUV,2006.0,1.0,M,Licensed,Going Straight Ahead,Left Side Doors,Left Side Doors,Left Rear Quarter Panel,,,N,,Unspecified,Unspecified,,,,0.0,0.0,0,0,0,0,0,0,Station Wagon/Sport Utility Vehicle,Station Wagon/Sport Utility Vehicle,0
17924514,3750504,09/15/2017,07:28,4675f384-42b8-49d5-bc6e-62ed10c5ed5e,Sedan,TOYT -CAR/SUV,2007.0,1.0,M,Licensed,Going Straight Ahead,Right Front Bumper,Right Front Bumper,Center Front End,,,N,,Following Too Closely,Unspecified,QUEENS,11385.0,"(40.70989, -73.90999)",0.0,0.0,0,0,0,0,0,0,Sedan,Station Wagon/Sport Utility Vehicle,0
17113933,3605482,01/28/2017,00:00,825221aa-7cdf-478d-b9aa-a92fddf326f2,Sedan,INFI -CAR/SUV,2004.0,1.0,M,Licensed,Making Right Turn,Left Front Bumper,Left Front Bumper,,,,N,,Driver Inexperience,Unspecified,QUEENS,11434.0,"(40.682674, -73.77076)",0.0,0.0,0,0,0,0,0,0,Sedan,Sedan,0
17501135,3704531,06/12/2017,11:53,c1902018-9367-45b8-806a-b56b6cf0dbb3,Sedan,BMW -CAR/SUV,2013.0,1.0,,,Parked,Left Rear Bumper,No Damage,No Damage,No Damage,No Damage,N,,Unspecified,Unspecified,BRONX,10463.0,"(40.88182, -73.896385)",0.0,0.0,0,0,0,0,0,0,Sedan,Sedan,0
17904999,3781360,10/30/2017,13:00,72d12b0e-13c5-41c0-b63c-1700a5c80873,Station Wagon/Sport Utility Vehicle,FORD -CAR/SUV,2010.0,1.0,M,Licensed,Going Straight Ahead,Left Rear Quarter Panel,Left Rear Quarter Panel,,,,N,,Driver Inattention/Distraction,Unspecified,BROOKLYN,11220.0,"(40.635303, -74.00617)",0.0,0.0,0,0,0,0,0,0,Station Wagon/Sport Utility Vehicle,Station Wagon/Sport Utility Vehicle,0
17828871,3783759,11/05/2017,00:00,407d334c-b477-4a68-b877-63fbbf0ac4a9,Sedan,TOYT -CAR/SUV,2017.0,1.0,M,Licensed,Going Straight Ahead,Left Front Quarter Panel,Left Front Bumper,,,,N,,Passing Too Closely,Driver Inattention/Distraction,MANHATTAN,10030.0,"(40.81789, -73.93999)",0.0,0.0,0,0,0,0,0,0,Sedan,Ambulance,0
17509154,3639582,03/25/2017,04:15,b4ff34d1-8966-49f3-a0f7-38707f1d7f09,Station Wagon/Sport Utility Vehicle,LEXS -CAR/SUV,2015.0,0.0,,,Parked,Left Rear Bumper,Left Rear Bumper,,,,N,,Unspecified,Unspecified,QUEENS,11105.0,"(40.776436, -73.918564)",0.0,0.0,0,0,0,0,0,0,Sedan,Station Wagon/Sport Utility Vehicle,0
17473518,3704693,07/03/2017,23:07,e8e8f690-aeda-42e2-8154-c9376c53a6dc,Sedan,CHEV -CAR/SUV,2015.0,2.0,M,Licensed,Going Straight Ahead,Left Rear Bumper,Left Rear Bumper,No Damage,No Damage,No Damage,N,,Backing Unsafely,Unspecified,MANHATTAN,10029.0,"(40.79347, -73.93726)",0.0,0.0,0,0,0,0,0,0,Sedan,Sedan,0
17942443,3764434,10/06/2017,10:58,93969bcb-dac1-438f-a3c6-407696d528e4,Station Wagon/Sport Utility Vehicle,HOND -CAR/SUV,2013.0,0.0,,,Parked,Left Side Doors,Left Side Doors,No Damage,No Damage,No Damage,N,,Unspecified,Unspecified,QUEENS,11364.0,"(40.736763, -73.75237)",0.0,0.0,0,0,0,0,0,0,Station Wagon/Sport Utility Vehicle,Station Wagon/Sport Utility Vehicle,0
17635558,3725635,08/05/2017,20:43,25a39d21-3e3d-4fe3-b689-5e873900bda4,Sedan,LEXS -CAR/SUV,2004.0,1.0,M,Licensed,Going Straight Ahead,Left Rear Quarter Panel,Left Rear Quarter Panel,Left Rear Bumper,,,N,,Unspecified,Unspecified,,,"(40.65108, -73.97163)",0.0,0.0,0,0,0,0,0,0,Sedan,Station Wagon/Sport Utility Vehicle,0
17595874,3717091,07/21/2017,05:56,181c477e-85b7-4e1e-9caa-d91ea123f69f,Sedan,TOYT -CAR/SUV,2015.0,0.0,,,Parked,Left Front Bumper,Left Front Quarter Panel,,,,N,,Unspecified,Unspecified,BROOKLYN,11221.0,"(40.69442, -73.93135)",0.0,0.0,0,0,0,0,0,0,Sedan,,0