UNIQUE_ID,COLLISION_ID,CRASH_DATE,CRASH_TIME,VEHICLE_ID,VEHICLE_TYPE,VEHICLE_MAKE,VEHICLE_YEAR,VEHICLE_OCCUPANTS,DRIVER_SEX,DRIVER_LICENSE_STATUS,PRE_CRASH,POINT_OF_IMPACT,VEHICLE_DAMAGE,VEHICLE_DAMAGE_1,VEHICLE_DAMAGE_2,VEHICLE_DAMAGE_3,PUBLIC_PROPERTY_DAMAGE,PUBLIC_PROPERTY_DAMAGE_TYPE,CONTRIBUTING_FACTOR_1,CONTRIBUTING_FACTOR_2,BOROUGH,ZIP CODE,LOCATION,NUMBER OF PERSONS INJURED,NUMBER OF PERSONS KILLED,NUMBER OF PEDESTRIANS INJURED,NUMBER OF PEDESTRIANS KILLED,NUMBER OF CYCLIST INJURED,NUMBER OF CYCLIST KILLED,NUMBER OF MOTORIST INJURED,NUMBER OF MOTORIST KILLED,VEHICLE TYPE CODE 1,VEHICLE TYPE CODE 2,Severity
17125972,3614409,02/12/2017,15:20,9d1025f0-9a75-4b0d-af2f-53e697f6c996,Sedan,NISS -CAR/SUV,2005.0,1.0,M,Licensed,Going Straight Ahead,Center Front End,Center Front End,Left Front Bumper,Right Front Bumper,,N,,Traffic Control Disregarded,Driver Inattention/Distraction,,,"(40.59319, -73.96321)",1.0,0.0,0,0,0,0,1,0,Pick-up Truck,Sedan,1
17620897,3736504,08/23/2017,17:57,6724a28d-a70d-4974-a13d-0e66a4c374fb,Station Wagon/Sport Utility Vehicle,DODG -CAR/SUV,2005.0,0.0,,,Parked,Left Rear Bumper,Left Rear Bumper,,,,N,,Unspecified,Unspecified,BRONX,10460.0,"(40.845573, -73.879585)",0.0,0.0,0,0,0,0,0,0,Station Wagon/Sport Utility Vehicle,Station Wagon/Sport Utility Vehicle,0
17597576,3727292,08/08/2017,09:08,9a2e7db1-f6ad-4666-9440-3a0fa3981dec,Sedan,TOYT -CAR/SUV,2016.0,2.0,M,Licensed,Going Straight Ahead,Center Back End,Left Rear Bumper,Right Rear Bumper,No Damage,No Damage,N,,Unspecified,Unspecified,MANHATTAN,10002.0,"(40.718945, -73.98948)",0.0,0.0,0,0,0,0,0,0,Sedan,Taxi,0
17612985,3715339,07/20/2017,00:05,2bd75891-9436-4d01-a384-5f1befd6497c,Station Wagon/Sport Utility Vehicle,GMC -CAR/SUV,2017.0,1.0,M,Licensed,Stopped in Traffic,Center Back End,Center Back End,No Damage,No Damage,No Damage,N,,Unspecified,Unspecified,,,"(40.738224, -73.95285)",0.0,0.0,0,0,0,0,0,0,Station Wagon/Sport Utility Vehicle,Sedan,0
17881678,3807460,12/11/2017,11:54,1c67d7a2-7596-43e2-8558-70e10245979c,Station Wagon/Sport Utility Vehicle,FORD -CAR/SUV,2013.0,1.0,M,Licensed,Making Right Turn,Left Front Bumper,Left Front Bumper,No Damage,No Damage,No Damage,N,,Other Vehicular,Unspecified,BROOKLYN,11205.0,"(40.69479, -73.954315)",2.0,0.0,0,0,0,0,2,0,Sedan,Station Wagon/Sport Utility Vehicle,1
17455862,3659993,04/29/2017,21:00,32f5f539-fd1e-47d9-85e9-e11e3ec92ab7,Station Wagon/Sport Utility Vehicle,CHEV -CAR/SUV,2000.0,1.0,M,Licensed,Slowing or Stopping,Center Front End,Center Front End,No Damage,No Damage,No Damage,N,,Brakes Defective,Unspecified,,,"(40.82289, -73.884155)",1.0,0.0,0,0,0,0,1,0,Station Wagon/Sport Utility Vehicle,Taxi,1
17083593,3598015,01/12/2017,17:25,e6f3ac44-90dc-400c-8ae7-c697e2a2c261,Station Wagon/Sport Utility Vehicle,HOND -CAR/SUV,2013.0,0.0,,,Parked,Left Rear Quarter Panel,Left Rear Quarter Panel,No Damage,No Damage,No Damage,N,,Unspecified,Unspecified,BROOKLYN,11225.0,"(40.664948, -73.94262)",0.0,0.0,0,0,0,0,0,0,Sedan,Station Wagon/Sport Utility Vehicle,0
17617889,3734607,08/12/2017,02:00,c1b7c9ec-c43f-4bb5-bec7-77adeada8b8f,Station Wagon/Sport Utility Vehicle,CHEV -CAR/SUV,2007.0,2.0,F,Licensed,Going Straight Ahead,Right Front Bumper,Right Front Bumper,Right Front Quarter Panel,Right Side Doors,Right Rear Quarter Panel,N,,Unspecified,Unspecified,BRONX,10457.0,"(40.84744, -73.89968)",1.0,0.0,0,0,0,0,1,0,Sedan,Station Wagon/Sport Utility Vehicle,1
17973042,3803565,12/05/2017,09:05,5b605a7c-2bf9-4029-8e69-e8a505bbccdf,Station Wagon/Sport Utility Vehicle,TOYT -CAR/SUV,2015.0,2.0,F,Licensed,Slowing or Stopping,Center Back End,Center Back End,Right Rear Bumper,Left Rear Bumper,,N,,Unspecified,Unspecified,STATEN ISLAND,10301.0,"(40.60057, -74.11339)",0.0,0.0,0,0,0,0,0,0,Station Wagon/Sport Utility Vehicle,Station Wagon/Sport Utility Vehicle,0
17613027,3720017,07/28/2017,06:00,35bab3e4-58d9-4369-9fbd-551238edf069,Sedan,VOLK -CAR/SUV,2016.0,0.0,,,Parked,Left Rear Bumper,Left Rear Bumper,,,,N,,Other Vehicular,Unspecified,BRONX,10462.0,"(40.84766, -73.859215)",0.0,0.0,0,0,0,0,0,0,Sedan,,0
19613593,3677186,05/20/2017,22:20,69d22379-030f-49d9-ab8c-02d3d1c76177,Station Wagon/Sport Utility Vehicle,AUDI -CAR/SUV,2011.0,2.0,F,Licensed,Going Straight Ahead,Right Front Quarter Panel,Right Side Doors,,,,N,,Unspecified,Unspecified,MANHATTAN,10036.0,"(40.75898, -73.99595)",0.0,0.0,0,0,0,0,0,0,Station Wagon/Sport Utility Vehicle,Station Wagon/Sport Utility Vehicle,0
17502175,3653544,04/19/2017,11:30,20d715c0-6284-4160-81b2-1419c71ceada,Van,DODG-TRUCK/BUS,2017.0,1.0,M,Licensed,Going Straight Ahead,Left Front Bumper,Left Front Bumper,Center Front End,Left Front Quarter Panel,No Damage,N,,Unspecified,Unspecified,,,"(40.64721, -74.01531)",0.0,0.0,0,0,0,0,0,0,Station Wagon/Sport Utility Vehicle,Van,0
17520971,3695197,06/20/2017,11:00,3b073867-9b97-44bd-bc36-2433f2396228,Taxi,BMW -CAR/SUV,2012.0,1.0,F,Licensed,Going Straight Ahead,Left Rear Bumper,Left Rear Bumper,,,,N,,Unspecified,Unspecified,BRONX,10453.0,"(40.850494, -73.91546)",0.0,0.0,0,0,0,0,0,0,Tractor Truck Diesel,Taxi,0
17976798,3788105,11/11/2017,19:11,8c696dab-4bd2-44f3-88bd-3edff6810d99,Sedan,HOND -CAR/SUV,2017.0,2.0,M,Licensed,Slowing or Stopping,Right Rear Bumper,Right Rear Bumper,Right Rear Quarter Panel,,,N,,Unspecified,Unspecified,,,"(40.78515, -73.94063)",0.0,0.0,0,0,0,0,0,0,Sedan,Station Wagon/Sport Utility Vehicle,0
17604843,3743974,08/18/2017,17:10,f0a92ade-b4a6-426b-8a00-d6ba071ea69e,Sedan,TOYT -CAR/SUV,2015.0,1.0,M,Licensed,Going Straight Ahead,Left Rear Quarter Panel,Left Rear Quarter Panel,No Damage,No Damage,No Damage,N,,Passing Too Closely,Unspecified,STATEN ISLAND,10309.0,"(40.75229, -73.97846)",0.0,0.0,0,0,0,0,0,0,Sedan,Sedan,0
17814191,3761458,09/29/2017,14:30,6f63e7ea-acd8-4711-bfd9-683dcfe48a67,Sedan,TOYT -CAR/SUV,2015.0,1.0,M,Licensed,Going Straight Ahead,Center Front End,Center Front End,,,,N,,Following Too Closely,Unspecified,MANHATTAN,10024.0,"(40.785294, -73.969345)",2.0,0.0,0,0,0,0,2,0,Taxi,Sedan,1
17878076,3814408,12/20/2017,17:00,7d64dc93-e154-458e-8200-8c26043d7055,Van,FREIG,1998.0,1.0,M,Licensed,Going Straight Ahead,Right Side Doors,No Damage,,,,N,,Unspecified,Unspecified,BROOKLYN,11236.0,"(40.63739, -73.91038)",0.0,0.0,0,0,0,0,0,0,Van,Station Wagon/Sport Utility Vehicle,0
17640931,3736323,08/19/2017,21:26,10b57e88-a118-4693-b7b4-155f842fe8fe,Sedan,BMW -CAR/SUV,2017.0,1.0,M,Licensed,Going Straight Ahead,Center Front End,Center Front End,Left Front Bumper,Right Front Bumper,No Damage,N,,Alcohol Involvement,Following Too Closely,,,"(40.640778, -74.02197)",0.0,0.0,0,0,0,0,0,0,Sedan,Station Wagon/Sport Utility Vehicle,0
19589436,3637575,03/21/2017,17:00,7e3da48c-0c62-461b-a09c-beb7a4e8e98d,Station Wagon/Sport Utility Vehicle,FORD -CAR/SUV,2013.0,0.0,,,Parked,Left Rear Bumper,Left Rear Bumper,Other,No Damage,No Damage,N,,Unspecified,Unspecified,BROOKLYN,11233.0,"(40.681713, -73.91152)",2.0,0.0,0,0,0,0,2,0,Sedan,Station Wagon/Sport Utility Vehicle,1
17494662,3651982,04/16/2017,21:30,4d39087b-6f1e-4fea-a158-8ec028c5b23e,Station Wagon/Sport Utility Vehicle,VOLK -CAR/SUV,2012.0,1.0,F,Licensed,Going Straight Ahead,Right Front Quarter Panel,Right Front Quarter Panel,,,,N,,Unspecified,Unspecified,,,"(40.738415, -73.84899)",0.0,0.0,0,0,0,0,0,0,Station Wagon/Sport Utility Vehicle,Station Wagon/Sport Utility Vehicle,0
17865498,3884302,07/20/2017,18:06,cf757604-acb9-4732-b593-3a60b0e95528,Sedan,NISS -CAR/SUV,2012.0,2.0,F,Licensed,Going Straight Ahead,Left Front Bumper,No Damage,No Damage,No Damage,No Damage,N,,Passing or Lane Usage Improper,Passing or Lane Usage Improper,BROOKLYN,11218.0,"(40.64138, -73.969406)",0.0,0.0,0,0,0,0,0,0,Station Wagon/Sport Utility Vehicle,Sedan,0
17859320,3771874,10/18/2017,06:41,e741a169-3a5a-477f-bd33-6a22350662e9,Sedan,HYUN -CAR/SUV,2016.0,0.0,,,Parked,Left Front Quarter Panel,Left Front Quarter Panel,Left Side Doors,Left Rear Quarter Panel,Left Side Doors,N,,Unspecified,Unspecified,BROOKLYN,11238.0,"(40.676105, -73.9705)",0.0,0.0,0,0,0,0,0,0,Sedan,Sedan,0
17622744,3713052,07/17/2017,23:30,c6c59ca1-2b37-43bf-bfe2-a2a9928e298a,Station Wagon/Sport Utility Vehicle,TOYT -CAR/SUV,2013.0,1.0,M,Licensed,Making Right Turn,Right Rear Quarter Panel,Right Rear Quarter Panel,,,,N,,Unsafe Lane Changing,Turning Improperly,MANHATTAN,10016.0,"(40.744778, -73.97589)",0.0,0.0,0,0,0,0,0,0,Station Wagon/Sport Utility Vehicle,Station Wagon/Sport Utility Vehicle,0
17520094,3654635,04/21/2017,06:20,8fdb732e-cc0b-4587-b5c6-79a318c33312,Station Wagon/Sport Utility Vehicle,KIA -CAR/SUV,2013.0,0.0,,,Parked,Left Rear Quarter Panel,Left Rear Quarter Panel,Left Rear Bumper,,,N,,Unspecified,Unspecified,MANHATTAN,10019.0,"(40.76562, -73.98822)",0.0,0.0,0,0,0,0,0,0,Sedan,Station Wagon/Sport Utility Vehicle,0
17863351,3811975,12/19/2017,04:30,61f73135-4de5-4679-870c-cf1901b6c7b9,Tractor Truck Diesel,INTL-TRUCK/BUS,2014.0,1.0,M,Licensed,Changing Lanes,Right Front Quarter Panel,Right Side Doors,,,,N,,Driver Inattention/Distraction,Unsafe Lane Changing,,,,0.0,0.0,0,0,0,0,0,0,Taxi,Tractor Truck Diesel,0
17083808,3617384,01/20/2017,20:10,bb91ee5f-1de5-4b12-bda0-6898c7470c23,Sedan,CHEV -CAR/SUV,2013.0,1.0,M,Licensed,Parked,Left Rear Quarter Panel,Left Rear Quarter Panel,Left Side Doors,,,N,,Unspecified,Unspecified,MANHATTAN,10002.0,"(40.71918, -73.99029)",0.0,0.0,0,0,0,0,0,0,Sedan,Sedan,0
17491775,3665895,05/08/2017,08:15,449119f1-cf04-4dc5-94b9-0110506e5975,Sedan,HOND -CAR/SUV,2014.0,0.0,F,Licensed,Making Left Turn,Center Front End,Right Front Bumper,No Damage,No Damage,No Damage,Unspecified,,Unspecified,Unspecified,STATEN ISLAND,10314.0,"(40.618057, -74.12363)",0.0,0.0,0,0,0,0,0,0,Sedan,Sedan,0
17656981,3740597,08/23/2017,14:30,b84b1a03-7d2e-4d16-8d5d-c4bbe173a9a7,Station Wagon/Sport Utility Vehicle,Prev,2014.0,1.0,M,Licensed,Making Right Turn,Right Side Doors,Right Front Quarter Panel,,,,N,,Unspecified,Unspecified,,,"(40.761585, -73.982925)",0.0,0.0,0,0,0,0,0,0,Station Wagon/Sport Utility Vehicle,Taxi,0
17140231,3625835,03/04/2017,10:25,cde6f5dc-cd4c-4a0c-aa35-f16f86e16cde,Station Wagon/Sport Utility Vehicle,NISS -CAR/SUV,2013.0,1.0,M,Licensed,Going Straight Ahead,Right Front Bumper,Right Front Quarter Panel,,,,N,,Unspecified,Unspecified,,,"(40.719124, -73.791405)",0.0,0.0,0,0,0,0,0,0,Station Wagon/Sport Utility Vehicle,Station Wagon/Sport Utility Vehicle,0
17111360,3614379,02/11/2017,23:10,e4a86461-d3e2-4cec-8236-384535d7bfce,Sedan,HOND -CAR/SUV,2017.0,1.0,M,Licensed,Going Straight Ahead,Left Front Bumper,Left Front Bumper,No Damage,No Damage,No Damage,Unspecified,,Unspecified,Unspecified,,,"(40.858986, -73.89382)",0.0,0.0,0,0,0,0,0,0,Sedan,Sedan,0
17966945,3818441,12/28/2017,18:50,74681930-500d-4673-a745-3c7997e3b379,Sedan,MAZD -CAR/SUV,2016.0,1.0,F,Licensed,Going Straight Ahead,Right Front Quarter Panel,Right Side Doors,Right Rear Quarter Panel,Right Front Quarter Panel,Right Side Doors,N,,Unspecified,Unspecified,,,"(40.578537, -74.169556)",0.0,0.0,0,0,0,0,0,0,Sedan,Sedan,0
17113999,3607440,01/30/2017,07:05,84de97a8-08ad-42f2-a577-371e9ddb5e53,Sedan,HYUN -CAR/SUV,2011.0,1.0,F,Licensed,Making Left Turn,Right Side Doors,Right Side Doors,,,,N,,Unspecified,Unspecified,,,"(40.608757, -74.038086)",1.0,0.0,0,0,0,0,1,0,Sedan,,1
17969806,3803765,12/06/2017,09:20,2c6d4dc6-cc58-44e2-9c7f-fa73ee72fbaf,Bus,PREVO,2003.0,30.0,M,Licensed,Slowing or Stopping,Center Back End,Center Back End,Right Rear Bumper,Left Rear Bumper,,N,,Unspecified,Unspecified,,,"(40.72759, -73.90721)",0.0,0.0,0,0,0,0,0,0,Station Wagon/Sport Utility Vehicle,Bus,0
17976261,3785898,11/08/2017,16:00,405ba807-dada-46ca-88bc-95afe2c7f2f0,Sedan,KIA -CAR/SUV,2017.0,1.0,F,Licensed,Making Right Turn,Left Front Quarter Panel,Left Front Quarter Panel,Left Side Doors,,,N,,Turning Improperly,Unspecified,QUEENS,11101.0,"(40.737537, -73.929955)",0.0,0.0,0,0,0,0,0,0,Sedan,Dump,0
17455423,3629792,03/09/2017,15:23,43192be0-364c-4316-a924-5498b410967e,Station Wagon/Sport Utility Vehicle,GMC -CAR/SUV,2013.0,3.0,M,Licensed,Making Left Turn,Left Front Bumper,Left Front Bumper,Center Front End,,,N,,Driver Inattention/Distraction,Unsafe Speed,BRONX,10451.0,"(40.820515, -73.930695)",0.0,0.0,0,0,0,0,0,0,Station Wagon/Sport Utility Vehicle,Station Wagon/Sport Utility Vehicle,0
17572929,3693838,06/19/2017,09:05,060954a9-6892-400d-94a5-009c184aa04d,Station Wagon/Sport Utility Vehicle,INFI -CAR/SUV,2011.0,1.0,F,Licensed,Stopped in Traffic,Center Back End,Center Back End,Right Rear Bumper,Left Rear Bumper,,N,,Unspecified,Unspecified,,,"(40.66695, -73.766335)",0.0,0.0,0,0,0,0,0,0,Station Wagon/Sport Utility Vehicle,Sedan,0
17657770,3744863,08/25/2017,17:34,8b4fadc4-e5c7-4b83-98a0-e0bd9bf3f704,Station Wagon/Sport Utility Vehicle,GMC -CAR/SUV,2012.0,0.0,,,Parked,Left Rear Quarter Panel,Left Rear Quarter Panel,Left Rear Bumper,Left Side Doors,,N,,Unspecified,Unspecified,BRONX,10461.0,"(40.838596, -73.837906)",0.0,0.0,0,0,0,0,0,0,Sedan,Station Wagon/Sport Utility Vehicle,0
17856846,3776685,10/25/2017,11:10,e9ecc25f-7605-4274-bba5-d444a83f6fc5,Tractor Truck Diesel,HINO -TRUCK/BUS,2016.0,1.0,M,Licensed,Going Straight Ahead,Center Back End,Center Back End,No Damage,No Damage,No Damage,N,,Unspecified,Unspecified,,,"(40.822258, -73.88702)",0.0,0.0,0,0,0,0,0,0,Sedan,Tractor Truck Diesel,0
17531667,3674159,05/21/2017,00:00,772dc19f-1181-4efe-a20e-dbe739f38018,Sedan,VOLK -CAR/SUV,2015.0,2.0,M,Licensed,Going Straight Ahead,Center Front End,Center Front End,Left Front Bumper,Right Front Bumper,,N,,Unsafe Speed,Unspecified,,,"(40.767765, -73.86499)",0.0,0.0,0,0,0,0,0,0,Sedan,,0
17479461,3640115,03/27/2017,05:40,405434a3-9cc9-4815-a3e8-10176af9cede,Station Wagon/Sport Utility Vehicle,FORD -CAR/SUV,2008.0,1.0,M,Licensed,Going Straight Ahead,Right Front Bumper,No Damage,No Damage,,No Damage,N,,Driver Inattention/Distraction,Following Too Closely,,,"(40.58945, -73.960526)",0.0,0.0,0,0,0,0,0,0,Station Wagon/Sport Utility Vehicle,Sedan,0
17694327,3827364,12/31/2017,00:23,9389f220-0970-4e4c-8567-3ee03c9c5422,Sedan,MERZ -CAR/SUV,2018.0,0.0,M,Licensed,Slowing or Stopping,Center Back End,Center Back End,,,,N,,Reaction to Uninvolved Vehicle,Following Too Closely,,,"(40.77855, -73.925674)",0.0,0.0,0,0,0,0,0,0,Sedan,Sedan,0
17889728,3793404,11/19/2017,14:02,96423e0b-ed80-42bc-a4e2-d676b9d1abc6,Station Wagon/Sport Utility Vehicle,NISS -CAR/SUV,2005.0,1.0,F,Licensed,Going Straight Ahead,Right Front Bumper,Right Front Bumper,Right Front Quarter Panel,Right Side Doors,Right Rear Quarter Panel,N,,Driver Inattention/Distraction,Reaction to Uninvolved Vehicle,STATEN ISLAND,10304.0,"(40.612785, -74.08758)",1.0,0.0,0,0,0,0,1,0,Station Wagon/Sport Utility Vehicle,Sedan,1
17907050,3760678,09/29/2017,17:00,012fc218-1e1b-4314-b531-e55c68d7dfa8,Taxi,NISS -CAR/SUV,2016.0,1.0,M,Licensed,Merging,Left Rear Quarter Panel,No Damage,,,,N,,Unspecified,Unspecified,QUEENS,11370.0,"(40.76501, -73.8871)",0.0,0.0,0,0,0,0,0,0,Taxi,Station Wagon/Sport Utility Vehicle,0
17834974,3802744,11/20/2017,18:30,8ff228d4-5774-4659-b5bf-821d9ab650f5,Station Wagon/Sport Utility Vehicle,LINC -CAR/SUV,2004.0,2.0,M,,Slowing or Stopping,Center Back End,Center Back End,,,,N,,Unspecified,Unspecified,BROOKLYN,11216.0,"(40.68096, -73.93765)",1.0,0.0,0,0,0,0,1,0,Station Wagon/Sport Utility Vehicle,Station Wagon/Sport Utility Vehicle,1
17602065,3718828,07/22/2017,01:55,11695f16-fb73-4abc-8829-b1b8d8dbf7f5,Sedan,FORD -CAR/SUV,2011.0,1.0,F,Unlicensed,Going Straight Ahead,Right Front Quarter Panel,Right Front Quarter Panel,Right Side Doors,Right Rear Quarter Panel,,N,,Unspecified,Unspecified,MANHATTAN,10034.0,"(40.865967, -73.92777)",0.0,0.0,0,0,0,0,0,0,Sedan,Sedan,0
17906061,3769593,10/15/2017,14:17,6849281a-228d-4a15-aae5-ec83a4e7f60b,Station Wagon/Sport Utility Vehicle,FORD -CAR/SUV,2012.0,6.0,M,Licensed,Changing Lanes,Left Front Bumper,No Damage,No Damage,No Damage,No Damage,N,,Turning Improperly,Unsafe Lane Changing,BRONX,10463.0,"(40.871567, -73.90647)",0.0,0.0,0,0,0,0,0,0,Sedan,Station Wagon/Sport Utility Vehicle,0
17090750,3602799,01/20/2017,21:37,9a5be624-4e62-4a19-b957-a8ebe60c66ee,Station Wagon/Sport Utility Vehicle,CHEV -CAR/SUV,2004.0,,,,Going Straight Ahead,Left Front Bumper,Left Front Bumper,No Damage,No Damage,No Damage,Unspecified,,Unspecified,Unspecified,,,"(40.70035, -73.945)",0.0,0.0,0,0,0,0,0,0,Taxi,Station Wagon/Sport Utility Vehicle,0
17801443,3811547,12/09/2017,03:50,7f12106b-bc73-4586-8040-e175a2df2d87,Sedan,FORD -CAR/SUV,2008.0,1.0,M,Licensed,Going Straight Ahead,Right Front Bumper,Right Front Bumper,Roof,,Center Front End,N,,Pedestrian/Bicyclist/Other Pedestrian Error/Confusion,Unspecified,MANHATTAN,10027.0,"(40.813374, -73.956276)",1.0,0.0,1,0,0,0,0,0,Sedan,,1
17898877,3759323,09/28/2017,21:15,dbe41dea-6968-46ce-bfe5-6a547730c94a,Station Wagon/Sport Utility Vehicle,GMC -CAR/SUV,2012.0,1.0,M,Licensed,Going Straight Ahead,Left Front Quarter Panel,Left Front Quarter Panel,,,,N,,Driver Inattention/Distraction,Driver Inattention/Distraction,MANHATTAN,10022.0,"(40.759266, -73.96116)",0.0,0.0,0,0,0,0,0,0,Taxi,Station Wagon/Sport Utility Vehicle,0
17584483,3661244,05/01/2017,16:40,e8364836-fc4a-4867-a5b7-410b9605c0f1,Sedan,NISS -CAR/SUV,2005.0,1.0,F,Licensed,Going Straight Ahead,Left Rear Quarter Panel,Left Rear Quarter Panel,Left Side Doors,Left Rear Bumper,,N,,Traffic Control Disregarded,Unspecified,QUEENS,11355.0,"(40.75421, -73.810486)",1.0,0.0,0,0,0,0,1,0,Sedan,Station Wagon/Sport Utility Vehicle,1
17971107,3800778,12/01/2017,09:00,33e20e62-ec07-4e6a-a37d-7a99111cb52b,Station Wagon/Sport Utility Vehicle,TOYT -CAR/SUV,2018.0,1.0,M,Licensed,Changing Lanes,Center Back End,Center Back End,,,,N,,Unsafe Lane Changing,Unspecified,,,"(40.744465, -73.77179)",0.0,0.0,0,0,0,0,0,0,Sedan,Station Wagon/Sport Utility Vehicle,0
17482737,3651343,04/15/2017,18:15,0fe4378b-ebba-4432-97b0-5a31f00fcbb8,Taxi,TOYT -CAR/SUV,2012.0,1.0,M,Licensed,Going Straight Ahead,Right Front Bumper,Right Front Bumper,Right Front Quarter Panel,,,N,,Unspecified,Unspecified,MANHATTAN,10013.0,"(40.72584, -74.00757)",0.0,0.0,0,0,0,0,0,0,Taxi,Sedan,0
17876422,3806515,12/07/2017,10:30,6aa00e11-9a05-4e12-ac50-efd9b4b53cce,Taxi,TOYT -CAR/SUV,2014.0,1.0,M,Licensed,Going Straight Ahead,Center Back End,Center Back End,Right Rear Bumper,Left Rear Bumper,Left Rear Quarter Panel,N,,Unspecified,Unspecified,BROOKLYN,11225.0,"(40.659225, -73.95339)",0.0,0.0,0,0,0,0,0,0,Taxi,Sedan,0
17467814,3640654,03/28/2017,09:00,e5864feb-cfb9-426e-9182-fd203f76a36c,Bus,MCIN-TRUCK/BUS,2005.0,1.0,M,Licensed,Going Straight Ahead,Right Front Bumper,Right Front Bumper,,,,N,,Unsafe Lane Changing,Unspecified,,,"(40.72563, -73.8407)",0.0,0.0,0,0,0,0,0,0,Bus,Station Wagon/Sport Utility Vehicle,0
17518557,3662738,05/03/2017,16:30,83ea746a-5e7e-4405-84e7-85d3500c1be9,Sedan,AUDI -CAR/SUV,2015.0,1.0,F,Licensed,Going Straight Ahead,Center Front End,Center Front End,Center Front End,Center Front End,Center Front End,N,,Unspecified,Unspecified,BROOKLYN,11223.0,"(40.607018, -73.96289)",1.0,0.0,1,0,0,0,0,0,Sedan,,1
17945258,3761009,09/26/2017,14:00,5e9aecc7-d3fd-4f49-89b2-d9cf8a379f2a,Sedan,NISS -CAR/SUV,2006.0,0.0,F,Licensed,Making Left Turn,Right Front Bumper,Right Front Bumper,Right Front Quarter Panel,,,N,,Driver Inattention/Distraction,Unspecified,QUEENS,11366.0,"(40.733448, -73.77413)",0.0,0.0,0,0,0,0,0,0,Station Wagon/Sport Utility Vehicle,Sedan,0
19656940,3786951,11/09/2017,18:10,c8511791-5746-475b-8aec-7ab81a83a885,Station Wagon/Sport Utility Vehicle,JEEP -CAR/SUV,2017.0,1.0,M,,Going Straight Ahead,Center Front End,Left Front Bumper,Right Front Bumper,Right Front Quarter Panel,Left Front Quarter Panel,N,,Traffic Control Disregarded,Unspecified,STATEN ISLAND,10308.0,"(40.559933, -74.1518)",0.0,0.0,0,0,0,0,0,0,Sedan,Station Wagon/Sport Utility Vehicle,0
17851710,3801468,12/01/2017,14:25,d62b5a3b-7c59-41de-9296-1f3c53675739,Box Truck,frht,2012.0,2.0,M,Licensed,Going Straight Ahead,Roof,Roof,Roof,No Damage,No Damage,N,,Oversized Vehicle,Unspecified,BRONX,10460.0,,0.0,0.0,0,0,0,0,0,0,Box Truck,,0
17843704,3766821,10/09/2017,13:45,bd0c5137-44d9-442e-b0c3-4a5f5bb8641e,Sedan,TOYT -CAR/SUV,2017.0,3.0,M,Licensed,Slowing or Stopping,Center Back End,Center Back End,No Damage,No Damage,No Damage,N,,Unspecified,Unspecified,,,"(40.78489, -73.984795)",0.0,0.0,0,0,0,0,0,0,Station Wagon/Sport Utility Vehicle,Sedan,0
17108292,3611866,02/07/2017,16:03,1646eecd-901b-461a-b152-7e440eb00188,PK,FORD-TRUCK/BUS,2010.0,1.0,M,Licensed,Going Straight Ahead,Right Front Bumper,Right Front Bumper,,,,N,,Driver Inattention/Distraction,Unspecified,BROOKLYN,11212.0,"(40.662556, -73.91963)",0.0,0.0,0,0,0,0,0,0,PK,Sedan,0
17509526,3707902,07/05/2017,00:01,801abae7-d020-498e-8da9-dcd109c954ab,Sedan,NISS -CAR/SUV,2017.0,1.0,F,Licensed,Parked,Right Front Bumper,Right Front Bumper,,,,N,,Unspecified,Unspecified,BROOKLYN,11224.0,"(40.57343, -73.99175)",0.0,0.0,0,0,0,0,0,0,Pick-up Truck,Sedan,0
17586642,3707139,07/06/2017,15:00,3d651a8c-ee71-48e2-8b6d-f79d748aeb63,Sedan,CADI -CAR/SUV,2015.0,3.0,M,Licensed,Stopped in Traffic,Center Back End,Center Back End,Right Rear Bumper,Left Rear Bumper,,N,,Unspecified,Unspecified,,,"(40.74327, -73.961464)",0.0,0.0,0,0,0,0,0,0,Sedan,Sedan,0
17910988,3769620,10/15/2017,12:10,c0a6323e-ebe1-4b28-9269-1f8272cd5afb,Station Wagon/Sport Utility Vehicle,HYUN -CAR/SUV,2004.0,1.0,M,Licensed,Going Straight Ahead,Center Front End,No Damage,No Damage,No Damage,No Damage,N,,Following Too Closely,Driver Inattention/Distraction,,,"(40.844715, -73.91228)",0.0,0.0,0,0,0,0,0,0,Sedan,Station Wagon/Sport Utility Vehicle,0
17839952,3804342,12/06/2017,09:30,526b3b61-8cab-4e5c-ae8b-6039892c1d51,Sedan,FORD -CAR/SUV,2013.0,1.0,M,Licensed,Going Straight Ahead,Center Back End,Right Rear Bumper,Left Rear Bumper,Center Back End,Undercarriage,N,,Unspecified,Unspecified,MANHATTAN,10002.0,"(40.717926, -73.98568)",0.0,0.0,0,0,0,0,0,0,Sedan,Tanker,0
17974811,3808349,12/13/2017,22:50,029185ca-8946-4495-a2ba-aa6710ef23b8,Station Wagon/Sport Utility Vehicle,MERZ -CAR/SUV,2017.0,1.0,F,Licensed,Going Straight Ahead,Left Front Quarter Panel,Right Front Bumper,Left Front Bumper,Undercarriage,,N,,Unspecified,Unspecified,QUEENS,11361.0,"(40.757706, -73.76385)",0.0,0.0,0,0,0,0,0,0,Station Wagon/Sport Utility Vehicle,Station Wagon/Sport Utility Vehicle,0