UNIQUE_ID,COLLISION_ID,CRASH_DATE,CRASH_TIME,VEHICLE_ID,VEHICLE_TYPE,VEHICLE_MAKE,VEHICLE_YEAR,VEHICLE_OCCUPANTS,DRIVER_SEX,DRIVER_LICENSE_STATUS,PRE_CRASH,POINT_OF_IMPACT,VEHICLE_DAMAGE,VEHICLE_DAMAGE_1,VEHICLE_DAMAGE_2,VEHICLE_DAMAGE_3,PUBLIC_PROPERTY_DAMAGE,PUBLIC_PROPERTY_DAMAGE_TYPE,CONTRIBUTING_FACTOR_1,CONTRIBUTING_FACTOR_2,BOROUGH,ZIP CODE,LOCATION,NUMBER OF PERSONS INJURED,NUMBER OF PERSONS KILLED,NUMBER OF PEDESTRIANS INJURED,NUMBER OF PEDESTRIANS KILLED,NUMBER OF CYCLIST INJURED,NUMBER OF CYCLIST KILLED,NUMBER OF MOTORIST INJURED,NUMBER OF MOTORIST KILLED,VEHICLE TYPE CODE 1,VEHICLE TYPE CODE 2,Severity
17508428,3648742,04/09/2017,14:30,c359bd75-3f44-494d-a42d-23e18d40444e,Sedan,NISS -CAR/SUV,1999.0,2.0,M,Licensed,Going Straight Ahead,Center Front End,Center Front End,,,,N,,Driver Inattention/Distraction,Unsafe Speed,,,"(40.87787, -73.8701)",2.0,0.0,0,0,0,0,2,0,Sedan,Station Wagon/Sport Utility Vehicle,1
17585954,3706348,07/06/2017,20:37,a48f57ab-c67a-44cd-882e-abc76edda668,Station Wagon/Sport Utility Vehicle,BMW -CAR/SUV,2011.0,1.0,M,Licensed,Making Left Turn,Right Rear Bumper,Right Rear Bumper,No Damage,No Damage,No Damage,N,,Driver Inattention/Distraction,Unspecified,MANHATTAN,10065.0,"(40.761856, -73.96343)",0.0,0.0,0,0,0,0,0,0,Station Wagon/Sport Utility Vehicle,Box Truck,0
17638268,3710496,07/13/2017,10:45,921c40fd-c083-41ce-994f-2bec9716ef3c,Bus,ORION,2006.0,1.0,F,Licensed,Making Left Turn,Left Side Doors,Left Side Doors,No Damage,No Damage,No Damage,N,,Unspecified,Unspecified,MANHATTAN,10019.0,"(40.76768, -73.98216)",0.0,0.0,0,0,0,0,0,0,Bus,Bus,0
17929909,3784190,11/03/2017,08:00,06ccdeae-fd32-4767-841b-ce81fb4df87f,Tractor Truck Gasoline,PTRB-TRUCK/BUS,2006.0,1.0,M,Licensed,Backing,Center Back End,Center Back End,,,,N,,Backing Unsafely,Oversized Vehicle,BROOKLYN,11249.0,,0.0,0.0,0,0,0,0,0,0,Tractor Truck Gasoline,Tractor Truck Gasoline,0
17967104,3791675,11/16/2017,16:00,117ae1cb-a36c-46a2-992f-c662ba8fdf1e,Station Wagon/Sport Utility Vehicle,INFI -CAR/SUV,2017.0,1.0,F,Licensed,Going Straight Ahead,Left Front Bumper,Center Front End,Other,Other,Other,N,,Failure to Yield Right-of-Way,Unspecified,STATEN ISLAND,10308.0,"(40.557926, -74.16175)",0.0,0.0,0,0,0,0,0,0,Station Wagon/Sport Utility Vehicle,Station Wagon/Sport Utility Vehicle,0
17649437,3746764,09/08/2017,12:30,2820327c-9fee-41ab-8123-ef963aa7e470,Pick-up Truck,DODG -CAR/SUV,2015.0,1.0,M,Licensed,Going Straight Ahead,Right Front Bumper,Right Front Bumper,,,,N,,Driver Inattention/Distraction,Fell Asleep,BROOKLYN,11229.0,"(40.5986, -73.952484)",0.0,0.0,0,0,0,0,0,0,Pick-up Truck,Sedan,0
17933839,3797751,11/23/2017,05:55,cf349740-ea66-4d62-8b1d-81e9280ac990,Station Wagon/Sport Utility Vehicle,FORD -CAR/SUV,2002.0,3.0,M,Licensed,Going Straight Ahead,Center Front End,Right Front Bumper,Left Front Bumper,,,N,,Pavement Slippery,Driver Inattention/Distraction,,,"(40.738415, -73.84899)",0.0,0.0,0,0,0,0,0,0,Sedan,Station Wagon/Sport Utility Vehicle,0
17581853,3697896,06/23/2017,22:00,133477e1-243d-4a50-aa59-5f525b93fd68,Sedan,TOYT -CAR/SUV,2003.0,2.0,M,Licensed,Going Straight Ahead,Center Front End,Center Front End,Right Front Bumper,Left Front Bumper,,N,,Driver Inattention/Distraction,Passenger Distraction,,,"(40.716824, -73.82019)",2.0,0.0,0,0,0,0,2,0,Sedan,Sedan,1
17551411,3685397,06/06/2017,16:41,65cf0e03-4df3-433e-b69d-b5db70607413,Motorcycle,HD -MCL,2011.0,1.0,M,Licensed,Going Straight Ahead,Center Front End,Center Front End,Right Front Quarter Panel,No Damage,No Damage,N,,Unspecified,Unspecified,,,"(40.58945, -73.960526)",0.0,0.0,0,0,0,0,0,0,Sedan,Motorcycle,0
17116125,3610079,02/03/2017,19:00,a44153bf-1870-4789-97e3-879b7b056803,Sedan,NISS -CAR/SUV,2015.0,1.0,F,Licensed,Going Straight Ahead,Center Back End,Center Back End,Right Rear Bumper,Left Rear Bumper,,N,,Unspecified,Unspecified,,,"(40.825935, -73.85913)",0.0,0.0,0,0,0,0,0,0,Sedan,Station Wagon/Sport Utility Vehicle,0
17979519,3790996,11/16/2017,11:30,4a4ae140-16d7-4c6b-b7ca-9aa629f488e6,Station Wagon/Sport Utility Vehicle,TOYT -CAR/SUV,2016.0,2.0,F,Licensed,Stopped in Traffic,Center Back End,Center Back End,,,,N,,Unspecified,Unspecified,QUEENS,11102.0,"(40.76976, -73.91842)",0.0,0.0,0,0,0,0,0,0,Station Wagon/Sport Utility Vehicle,Station Wagon/Sport Utility Vehicle,0
17119413,3617066,02/09/2017,23:05,95375e2c-1982-4adf-ae58-8d4db76f37ba,Sedan,HOND -CAR/SUV,2013.0,1.0,M,Licensed,Going Straight Ahead,Left Front Bumper,Left Front Bumper,Center Front End,Left Side Doors,Other,N,,Unspecified,Unspecified,BRONX,10462.0,"(40.835373, -73.8484)",0.0,0.0,0,0,0,0,0,0,Sedan,Sedan,0
17919679,3756508,09/23/2017,14:00,2df34c25-9f26-4d76-83b6-c3869fc5f35e,Station Wagon/Sport Utility Vehicle,JEEP -CAR/SUV,2014.0,0.0,,,Parked,Center Back End,Center Back End,Right Side Doors,Right Front Quarter Panel,Right Rear Bumper,N,,Unspecified,Unspecified,BRONX,10473.0,"(40.818268, -73.86998)",0.0,0.0,0,0,0,0,0,0,Sedan,Station Wagon/Sport Utility Vehicle,0
17921708,3792500,11/15/2017,12:00,faa97c08-d621-48a4-8aea-6692d1a0a3a1,Sedan,HOND -CAR/SUV,2017.0,0.0,,,Parked,Left Front Quarter Panel,Left Front Quarter Panel,Left Front Bumper,Center Front End,Right Front Bumper,N,,Unspecified,Unspecified,BRONX,10468.0,"(40.86661, -73.90121)",0.0,0.0,0,0,0,0,0,0,Carry All,Sedan,0
17963881,3758534,09/21/2017,20:19,0cce0b50-8299-4a87-8d07-a845c66e21f2,Convertible,MG -CAR/SUV,1955.0,0.0,,,Parked,Right Side Doors,Right Front Quarter Panel,Right Front Bumper,,,N,,Unspecified,Unspecified,QUEENS,11102.0,"(40.772125, -73.91562)",0.0,0.0,0,0,0,0,0,0,Convertible,Sedan,0
17894162,3759290,09/28/2017,16:16,f0efb60b-c8f7-4796-a71c-22881241c66c,Sedan,MITS -CAR/SUV,2016.0,1.0,M,Licensed,Merging,Right Rear Quarter Panel,Right Rear Quarter Panel,Right Side Doors,Right Front Quarter Panel,,N,,Unsafe Lane Changing,Unspecified,,,"(40.723698, -74.00792)",0.0,0.0,0,0,0,0,0,0,Van,Sedan,0
17636472,3725354,08/03/2017,21:47,138d982a-5840-4bb4-adc0-9a34d5d3cd18,Pick-up Truck,HIN,2017.0,1.0,M,Licensed,Backing,Left Rear Bumper,No Damage,,,,N,,Driver Inattention/Distraction,Backing Unsafely,MANHATTAN,10018.0,"(40.7556, -73.99181)",0.0,0.0,0,0,0,0,0,0,Sedan,Pick-up Truck,0
17584892,3699828,06/25/2017,20:00,fdd79a9e-3d90-4665-92e6-e1710bbcfc3f,Station Wagon/Sport Utility Vehicle,LEXS -CAR/SUV,2015.0,3.0,M,Licensed,Stopped in Traffic,Center Back End,Center Back End,,,,N,,Unspecified,Unspecified,,,"(40.74327, -73.961464)",0.0,0.0,0,0,0,0,0,0,Sedan,Station Wagon/Sport Utility Vehicle,0
17128458,3612410,02/09/2017,14:30,ed13a9a8-4a2f-49c5-9fda-5f0d5d49e133,Station Wagon/Sport Utility Vehicle,TOYT -CAR/SUV,2014.0,0.0,,,Parked,Left Side Doors,Left Side Doors,,,,N,,Unspecified,Unspecified,QUEENS,11367.0,"(40.72678, -73.816246)",0.0,0.0,0,0,0,0,0,0,Station Wagon/Sport Utility Vehicle,,0
17585139,3679606,05/28/2017,18:00,668c8dfa-ce97-4715-bfcc-b864b5bc2afa,Station Wagon/Sport Utility Vehicle,TOYT -CAR/SUV,2007.0,1.0,F,Licensed,Going Straight Ahead,Center Front End,Center Front End,Left Front Bumper,Right Front Bumper,,N,,Following Too Closely,Following Too Closely,,,"(40.645256, -73.874954)",0.0,0.0,0,0,0,0,0,0,Station Wagon/Sport Utility Vehicle,Station Wagon/Sport Utility Vehicle,0
17108100,3606752,01/29/2017,18:25,d592e0ec-33d0-4b50-b2e8-45f08d4afdcc,Sedan,TOYT -CAR/SUV,1997.0,1.0,F,Licensed,Starting from Parking,Left Front Bumper,Left Front Bumper,,,,Unspecified,,Driver Inattention/Distraction,Passing or Lane Usage Improper,MANHATTAN,10016.0,"(40.745014, -73.984276)",0.0,0.0,0,0,0,0,0,0,Sedan,Taxi,0
17882015,3772573,10/19/2017,06:05,5be34b01-3ac8-42cb-bc86-1489d07b0761,Station Wagon/Sport Utility Vehicle,DODG -CAR/SUV,2000.0,1.0,M,Licensed,Changing Lanes,Right Front Bumper,Right Front Bumper,Right Front Bumper,Right Front Quarter Panel,,N,,Unsafe Lane Changing,Unspecified,,,"(40.80522, -73.93214)",0.0,0.0,0,0,0,0,0,0,Station Wagon/Sport Utility Vehicle,Sedan,0
18721981,3961169,08/14/2018,14:50,4ec23da5-2591-4724-9de2-27ef352140f8,Station Wagon/Sport Utility Vehicle,KIA -CAR/SUV,2017.0,0.0,,,Parked,Left Front Quarter Panel,Left Front Quarter Panel,Other,,,N,,Unspecified,Unspecified,BROOKLYN,11220.0,"(40.632317, -74.00926)",0.0,0.0,0,0,0,0,0,0,Station Wagon/Sport Utility Vehicle,,0
18860867,4028587,11/17/2018,22:30,3b12151b-a9a8-4257-80d3-03d39b736b5d,Station Wagon/Sport Utility Vehicle,TOYT -CAR/SUV,2011.0,1.0,M,Licensed,Merging,Right Rear Bumper,Right Rear Bumper,Right Rear Quarter Panel,No Damage,No Damage,N,,Driver Inattention/Distraction,Unsafe Lane Changing,MANHATTAN,10028.0,"(40.77461, -73.94809)",0.0,0.0,0,0,0,0,0,0,Station Wagon/Sport Utility Vehicle,Station Wagon/Sport Utility Vehicle,0
18834277,4054227,12/29/2018,03:45,3afa2c80-6341-4dbb-8fbe-519cce77530e,Station Wagon/Sport Utility Vehicle,CHEV -CAR/SUV,2003.0,2.0,M,Licensed,Entering Parked Position,Right Front Bumper,Right Front Bumper,,,,N,,Unspecified,Unspecified,BROOKLYN,11219.0,"(40.63337, -73.989365)",0.0,0.0,0,0,0,0,0,0,Station Wagon/Sport Utility Vehicle,Station Wagon/Sport Utility Vehicle,0
18577264,3927134,06/23/2018,02:30,c56990f6-8d51-4045-934b-17d0137b4a22,Station Wagon/Sport Utility Vehicle,TOYT -CAR/SUV,2016.0,1.0,M,Licensed,Passing,Right Side Doors,Right Side Doors,No Damage,No Damage,No Damage,N,,Passing Too Closely,Unspecified,MANHATTAN,10012.0,"(40.73043, -74.00013)",0.0,0.0,0,0,0,0,0,0,Station Wagon/Sport Utility Vehicle,Box Truck,0
18878212,3974868,09/05/2018,10:22,e268bbc0-7b36-4561-9dba-0dbf7d0a724c,Van,FORD-TRUCK/BUS,2014.0,1.0,M,Licensed,Slowing or Stopping,Center Front End,Center Front End,Left Front Bumper,Right Front Bumper,,N,,Following Too Closely,Unspecified,,,"(40.798256, -73.82744)",0.0,0.0,0,0,0,0,0,0,Station Wagon/Sport Utility Vehicle,Van,0
16853293,3985061,05/18/2018,17:45,fb3a4540-68f9-4929-a19b-879179730876,Taxi,NISS -CAR/SUV,2016.0,1.0,M,Licensed,Stopped in Traffic,Left Rear Bumper,Left Rear Bumper,Left Rear Quarter Panel,No Damage,No Damage,N,,Unspecified,Unspecified,MANHATTAN,10017.0,"(40.75097, -73.97137)",0.0,0.0,0,0,0,0,0,0,Taxi,Bus,0
18839800,3997187,10/05/2018,20:55,b5ebd75e-37b9-4644-9514-c2181df30a8e,Sedan,TOYT -CAR/SUV,2016.0,1.0,M,Licensed,Going Straight Ahead,Left Front Bumper,Left Front Bumper,,,,Unspecified,,Following Too Closely,Unspecified,,,,0.0,0.0,0,0,0,0,0,0,Sedan,Sedan,0
17860729,3896001,05/07/2018,05:02,18455571-7ee7-4d88-91b8-16b93ff629b1,Sedan,MAZD -CAR/SUV,2017.0,1.0,M,Licensed,Going Straight Ahead,Right Rear Bumper,Right Rear Bumper,Right Rear Quarter Panel,Right Rear Quarter Panel,Center Back End,N,,Failure to Yield Right-of-Way,Unspecified,,,"(40.766083, -73.907715)",0.0,0.0,0,0,0,0,0,0,Sedan,Station Wagon/Sport Utility Vehicle,0
18782330,3908004,05/25/2018,08:30,f58ea5e4-7ec5-4cfe-a285-d8e587a982c9,Sedan,FORD -CAR/SUV,2009.0,1.0,F,Licensed,Going Straight Ahead,Center Back End,Center Back End,,,,N,,Unspecified,Unspecified,QUEENS,11422.0,"(40.667397, -73.73757)",1.0,0.0,0,0,0,0,1,0,Sedan,Flat Bed,1
17857769,3870583,03/27/2018,16:49,924d200a-487f-4b8b-be5c-c6e1fc424d91,Station Wagon/Sport Utility Vehicle,CHRY -CAR/SUV,2014.0,1.0,M,Licensed,Slowing or Stopping,Center Back End,Center Back End,,,,N,,Unspecified,Unspecified,,,"(40.771038, -73.83413)",0.0,0.0,0,0,0,0,0,0,Station Wagon/Sport Utility Vehicle,Station Wagon/Sport Utility Vehicle,0
18738042,3946722,07/22/2018,23:00,0b2f03df-a7d1-4333-8c31-94873e806853,Station Wagon/Sport Utility Vehicle,HOND -CAR/SUV,2014.0,1.0,M,Licensed,Making Right Turn,Right Front Bumper,Right Front Bumper,Right Front Quarter Panel,,,N,,Driver Inattention/Distraction,Driver Inattention/Distraction,QUEENS,11419.0,"(40.686283, -73.830894)",0.0,0.0,0,0,0,0,0,0,Station Wagon/Sport Utility Vehicle,Station Wagon/Sport Utility Vehicle,0
17721175,3845744,02/09/2018,08:30,027fd8c5-f4dd-4da4-a9fe-d6de4ba5b2e1,Station Wagon/Sport Utility Vehicle,HUMM -CAR/SUV,2003.0,1.0,M,Licensed,Making Left Turn,Left Front Bumper,No Damage,,,,Unspecified,,Driver Inattention/Distraction,Unspecified,BROOKLYN,11234.0,"(40.61593, -73.91312)",1.0,0.0,1,0,0,0,0,0,Station Wagon/Sport Utility Vehicle,,1
17859210,3872400,03/30/2018,16:20,ba5710b8-6caf-493e-9fe4-98f13861c8aa,Station Wagon/Sport Utility Vehicle,HOND -CAR/SUV,2012.0,1.0,F,Licensed,Going Straight Ahead,Left Front Quarter Panel,Left Front Quarter Panel,Left Side Doors,Left Rear Quarter Panel,,N,,Driver Inattention/Distraction,Unspecified,QUEENS,11004.0,"(40.750305, -73.71264)",1.0,0.0,0,0,0,0,1,0,Station Wagon/Sport Utility Vehicle,Station Wagon/Sport Utility Vehicle,1
18721367,4012420,11/01/2018,15:00,a8fdb1f2-93d1-4050-b9bb-924cefec270f,Sedan,NISS -CAR/SUV,2015.0,1.0,M,Licensed,Going Straight Ahead,Right Front Quarter Panel,Right Front Quarter Panel,,,,N,,Unspecified,Unspecified,,,"(40.727097, -73.95269)",0.0,0.0,0,0,0,0,0,0,Sedan,Sedan,0
16724356,3920763,05/15/2018,17:30,ce76b0eb-c620-42d0-8b8d-ad223f6e6c9d,Station Wagon/Sport Utility Vehicle,CHEV -CAR/SUV,2017.0,1.0,F,Licensed,Stopped in Traffic,Center Back End,Center Back End,,,,N,,Unspecified,Unspecified,,,,1.0,0.0,0,0,0,0,1,0,Station Wagon/Sport Utility Vehicle,Sedan,1
18879374,4012238,11/01/2018,16:10,017086c6-1abb-45b4-ae55-969bb8e8f597,Station Wagon/Sport Utility Vehicle,INFI -CAR/SUV,2008.0,0.0,,,Parked,Left Front Quarter Panel,Left Front Quarter Panel,,,,N,,Unspecified,Unspecified,BROOKLYN,11208.0,"(40.67637, -73.88323)",0.0,0.0,0,0,0,0,0,0,Station Wagon/Sport Utility Vehicle,,0
18823827,4033533,11/27/2018,08:00,6a40c010-0010-4ccc-890c-d48480c55966,Sedan,NISS -CAR/SUV,2010.0,1.0,F,Licensed,Going Straight Ahead,Right Rear Quarter Panel,Right Rear Quarter Panel,Right Side Doors,Right Rear Bumper,No Damage,N,,Failure to Yield Right-of-Way,Unspecified,BRONX,10465.0,"(40.82883, -73.82701)",1.0,0.0,0,0,0,0,1,0,Sedan,Sedan,1
17755547,3866003,03/19/2018,13:07,28cdae95-c1cc-4c52-8d2f-5e248ee186d8,Sedan,ACUR -CAR/SUV,2011.0,0.0,,,Parked,Center Back End,Center Back End,Right Rear Bumper,,,N,,Unspecified,Unspecified,BROOKLYN,11234.0,"(40.63577, -73.925766)",0.0,0.0,0,0,0,0,0,0,Station Wagon/Sport Utility Vehicle,Sedan,0
18704908,3995790,10/05/2018,12:30,ac2041b0-1835-4843-ba4d-02d7680e14cc,Station Wagon/Sport Utility Vehicle,FORD -CAR/SUV,2010.0,1.0,M,Licensed,Parked,Left Side Doors,Left Side Doors,,,,N,,Failure to Yield Right-of-Way,Unspecified,MANHATTAN,10038.0,"(40.710197, -73.99645)",0.0,0.0,0,0,0,0,0,0,Station Wagon/Sport Utility Vehicle,Station Wagon/Sport Utility Vehicle,0
18591736,3925701,06/19/2018,00:37,4333e834-1ec5-4a09-9fe5-7c87192962d3,Sedan,HOND -CAR/SUV,2019.0,3.0,M,Permit,Going Straight Ahead,Right Side Doors,Right Side Doors,Right Rear Quarter Panel,Right Front Quarter Panel,No Damage,N,,Unspecified,Unspecified,,,"(40.839924, -73.93286)",0.0,0.0,0,0,0,0,0,0,Sedan,Sedan,0
19610021,3951543,07/30/2018,10:14,0ef6ae21-17c2-4cc5-b9b9-1b9aabfbf3d1,Station Wagon/Sport Utility Vehicle,ACUR -CAR/SUV,2015.0,3.0,F,Licensed,Slowing or Stopping,Left Rear Bumper,Left Rear Bumper,,,,N,,Unspecified,Unspecified,,,"(40.787506, -73.9383)",0.0,0.0,0,0,0,0,0,0,Station Wagon/Sport Utility Vehicle,Station Wagon/Sport Utility Vehicle,0
18631706,4038173,12/04/2018,14:55,3f7af8fc-1f1e-4ae0-aea6-996b00abc79e,Sedan,HYUN -CAR/SUV,2012.0,1.0,M,Licensed,Going Straight Ahead,Right Front Bumper,Right Front Bumper,,,,N,,Unspecified,Unspecified,BROOKLYN,11233.0,"(40.684032, -73.91742)",0.0,0.0,0,0,0,0,0,0,Station Wagon/Sport Utility Vehicle,Sedan,0
18717546,3967421,08/24/2018,17:00,6b60e1f0-6118-4e8b-b437-e4c6e0027a57,Sedan,NISS -CAR/SUV,2014.0,0.0,,,Parked,Left Rear Quarter Panel,Left Side Doors,Left Front Quarter Panel,,,N,,Driver Inattention/Distraction,Driver Inattention/Distraction,,,"(40.685867, -73.9883)",0.0,0.0,0,0,0,0,0,0,Sedan,,0
18718241,3935888,07/03/2018,09:15,02372c88-a01d-4cae-b5f2-5da4121cee12,Station Wagon/Sport Utility Vehicle,CHEV -CAR/SUV,2015.0,1.0,M,Licensed,Making U Turn,Right Rear Bumper,No Damage,No Damage,No Damage,No Damage,N,,Driver Inattention/Distraction,Following Too Closely,MANHATTAN,10019.0,"(40.766277, -73.97769)",0.0,0.0,0,0,0,0,0,0,Station Wagon/Sport Utility Vehicle,Station Wagon/Sport Utility Vehicle,0
17727216,3842218,02/07/2018,17:30,1cea433f-ab3e-47f8-8d5c-9cb431f6b667,Sedan,LINC -CAR/SUV,2003.0,1.0,M,Licensed,Making Left Turn,Left Front Bumper,No Damage,No Damage,No Damage,No Damage,N,,Unspecified,Unspecified,BROOKLYN,11220.0,"(40.640842, -74.01843)",2.0,0.0,2,0,0,0,0,0,Sedan,,1
18762255,3971704,08/31/2018,15:42,6e4ea5cb-de67-44e3-8a9c-d15180c98ebe,Motorcycle,TRUM -MCL,2015.0,1.0,M,Licensed,Going Straight Ahead,Center Front End,Center Front End,Left Front Quarter Panel,Left Side Doors,Left Rear Quarter Panel,N,,Driver Inattention/Distraction,Unspecified,,,"(40.71048, -73.9655)",2.0,0.0,0,0,0,0,2,0,Taxi,Motorcycle,1
16679893,3878712,04/10/2018,08:30,5c514130-2130-4ce9-a903-db089d730133,Station Wagon/Sport Utility Vehicle,TOYT -CAR/SUV,2009.0,1.0,M,Licensed,Starting from Parking,Left Front Bumper,Left Front Quarter Panel,,,,N,,Driver Inattention/Distraction,Passing or Lane Usage Improper,,,,0.0,0.0,0,0,0,0,0,0,Station Wagon/Sport Utility Vehicle,Station Wagon/Sport Utility Vehicle,0
16698674,3906929,05/22/2018,18:00,1af9550f-37f6-4f4e-865b-bb0e4427a759,Station Wagon/Sport Utility Vehicle,TOYT -CAR/SUV,2015.0,0.0,,,Parked,Left Side Doors,Left Side Doors,Left Side Doors,No Damage,,N,,Unspecified,Unspecified,BROOKLYN,11236.0,"(40.644604, -73.890465)",0.0,0.0,0,0,0,0,0,0,Station Wagon/Sport Utility Vehicle,,0
18679680,3991716,09/27/2018,09:00,59b405dd-c712-41b6-99cf-5f9254fd63e5,Station Wagon/Sport Utility Vehicle,CHRY -CAR/SUV,2005.0,0.0,,,Parked,Left Rear Bumper,Left Rear Bumper,Left Rear Bumper,Left Rear Quarter Panel,,N,,Unspecified,Unspecified,BROOKLYN,11213.0,"(40.667267, -73.93581)",0.0,0.0,0,0,0,0,0,0,Station Wagon/Sport Utility Vehicle,,0
18613839,3916093,06/07/2018,17:35,9d439d9f-3843-4d08-a006-e7dbe3b5eb8b,Sedan,HYUN -CAR/SUV,2018.0,2.0,,,Making Right Turn,Left Front Bumper,Left Front Bumper,,,,N,,Passing or Lane Usage Improper,Turning Improperly,MANHATTAN,10035.0,"(40.804676, -73.93223)",0.0,0.0,0,0,0,0,0,0,Sedan,Box Truck,0
18798834,4009393,10/25/2018,14:00,8abc375e-4037-4d7d-aadf-584ceb8e68e3,Station Wagon/Sport Utility Vehicle,HOND -CAR/SUV,2003.0,1.0,F,Licensed,Going Straight Ahead,Right Front Quarter Panel,Right Front Quarter Panel,,,,N,,Unspecified,Unspecified,,,"(40.829685, -73.8253)",0.0,0.0,0,0,0,0,0,0,Station Wagon/Sport Utility Vehicle,Station Wagon/Sport Utility Vehicle,0
17739248,3848412,02/17/2018,18:05,b439445f-4cb0-4681-b8cb-3319d0581f4a,Sedan,VOLK -CAR/SUV,2003.0,1.0,F,Licensed,Going Straight Ahead,Left Front Quarter Panel,Left Front Quarter Panel,Left Front Bumper,Left Side Doors,,N,,Unsafe Speed,Driver Inattention/Distraction,BRONX,10457.0,"(40.844177, -73.90292)",0.0,0.0,0,0,0,0,0,0,Station Wagon/Sport Utility Vehicle,Sedan,0
18637177,3930206,06/26/2018,23:05,fe089a9a-b262-41a0-8d34-b6730f9a3510,Bus,FORD-TRUCK/BUS,2007.0,1.0,M,Licensed,Going Straight Ahead,Right Side Doors,Right Side Doors,,,,N,,Unspecified,Unspecified,BROOKLYN,11233.0,"(40.676884, -73.91923)",0.0,0.0,0,0,0,0,0,0,Sedan,Bus,0
18681678,3923746,06/16/2018,02:25,d4192e6f-b2f5-47d3-ac23-98828bfd5b49,Station Wagon/Sport Utility Vehicle,MERZ -CAR/SUV,2015.0,1.0,M,Licensed,Slowing or Stopping,Center Front End,Center Front End,Right Front Bumper,Right Front Bumper,Right Front Bumper,N,,Failure to Yield Right-of-Way,Failure to Yield Right-of-Way,BROOKLYN,11249.0,"(40.708347, -73.96724)",1.0,0.0,0,0,0,0,1,0,Sedan,Station Wagon/Sport Utility Vehicle,1
17760041,3855060,03/02/2018,09:30,cc381606-e8ee-4156-9b39-680f6c33bfa5,Sedan,MERZ -CAR/SUV,2014.0,1.0,M,Unlicensed,Going Straight Ahead,Center Front End,Center Front End,Center Front End,Left Front Bumper,Right Front Bumper,N,,Following Too Closely,Driver Inattention/Distraction,,,"(40.702557, -73.96074)",0.0,0.0,0,0,0,0,0,0,Box Truck,Sedan,0
18611734,3950407,07/27/2018,15:31,e12896ab-5afb-49f1-8439-6ae37648a0b8,Station Wagon/Sport Utility Vehicle,GMC -CAR/SUV,2016.0,1.0,M,Licensed,Going Straight Ahead,Center Back End,Center Back End,No Damage,No Damage,No Damage,N,,Unspecified,Unspecified,,,"(40.866814, -73.931595)",0.0,0.0,0,0,0,0,0,0,Station Wagon/Sport Utility Vehicle,Sedan,0
18734880,3983291,09/18/2018,17:48,b2feaee5-2d5d-4510-ad95-bc783c401f65,Sedan,CHEV -CAR/SUV,2012.0,2.0,F,Licensed,Going Straight Ahead,Right Rear Bumper,Right Rear Bumper,Right Rear Quarter Panel,,,N,,Unspecified,Unspecified,QUEENS,11374.0,"(40.730137, -73.862366)",0.0,0.0,0,0,0,0,0,0,Sedan,Taxi,0
18750408,3962250,08/14/2018,16:15,f252d0c8-5990-4442-94a8-ec83079dd996,Station Wagon/Sport Utility Vehicle,HOND -CAR/SUV,2011.0,1.0,M,Permit,Making Right Turn,Left Front Bumper,Left Front Quarter Panel,Left Front Quarter Panel,Right Front Bumper,Right Front Quarter Panel,Y,,Unsafe Speed,Pavement Slippery,BROOKLYN,11203.0,"(40.649693, -73.936966)",0.0,0.0,0,0,0,0,0,0,Station Wagon/Sport Utility Vehicle,,0
18660332,3965961,08/21/2018,17:55,1a7a3d3e-123f-492e-bfde-f5b37c8d00f0,Sedan,TOYT -CAR/SUV,2009.0,1.0,M,Licensed,Going Straight Ahead,Left Side Doors,Left Rear Quarter Panel,,,,N,,Driver Inattention/Distraction,Animals Action,,,"(40.696354, -73.94071)",0.0,0.0,0,0,0,0,0,0,Sedan,Sedan,0
18846627,4044504,12/14/2018,08:00,bbc422ac-68da-409f-869b-4c2d6e30fa4c,Tractor Truck Diesel,VOLV -TRUCK/BUS,2006.0,2.0,,,Parked,Center Front End,Center Front End,Left Front Bumper,No Damage,No Damage,N,,Unspecified,Unspecified,BRONX,10454.0,"(40.79828, -73.91039)",0.0,0.0,0,0,0,0,0,0,Garbage or Refuse,Tractor Truck Diesel,0
17721568,3902340,05/14/2018,19:20,754ebe4e-aa15-405c-b870-7531acc7d6d0,Sedan,CHEV -CAR/SUV,2015.0,1.0,M,Licensed,Parked,Center Front End,Center Front End,,,,N,,Unspecified,Unspecified,,,"(40.82403, -73.94476)",0.0,0.0,0,0,0,0,0,0,Sedan,Station Wagon/Sport Utility Vehicle,0
18682156,3926624,06/21/2018,16:15,604cef1c-6ea8-491e-8828-1646f7f7dbdf,Station Wagon/Sport Utility Vehicle,CHEV -CAR/SUV,2015.0,1.0,M,Licensed,Going Straight Ahead,Center Back End,Center Back End,,,,N,,Unspecified,Unspecified,,,"(40.754974, -73.853096)",0.0,0.0,0,0,0,0,0,0,Station Wagon/Sport Utility Vehicle,Sedan,0
18827468,4028204,11/18/2018,02:45,17e9acb4-ecf7-46a8-a11d-e7c15de891e9,Sedan,TOYT -CAR/SUV,2015.0,2.0,M,Licensed,Going Straight Ahead,Left Front Bumper,Left Front Bumper,Left Front Quarter Panel,Center Front End,No Damage,N,,Unspecified,Unspecified,,,"(40.707077, -73.954025)",3.0,0.0,0,0,0,0,3,0,Sedan,Sedan,1