UNIQUE_ID,COLLISION_ID,CRASH_DATE,CRASH_TIME,VEHICLE_ID,VEHICLE_TYPE,VEHICLE_MAKE,VEHICLE_YEAR,VEHICLE_OCCUPANTS,DRIVER_SEX,DRIVER_LICENSE_STATUS,PRE_CRASH,POINT_OF_IMPACT,VEHICLE_DAMAGE,VEHICLE_DAMAGE_1,VEHICLE_DAMAGE_2,VEHICLE_DAMAGE_3,PUBLIC_PROPERTY_DAMAGE,PUBLIC_PROPERTY_DAMAGE_TYPE,CONTRIBUTING_FACTOR_1,CONTRIBUTING_FACTOR_2,BOROUGH,ZIP CODE,LOCATION,NUMBER OF PERSONS INJURED,NUMBER OF PERSONS KILLED,NUMBER OF PEDESTRIANS INJURED,NUMBER OF PEDESTRIANS KILLED,NUMBER OF CYCLIST INJURED,NUMBER OF CYCLIST KILLED,NUMBER OF MOTORIST INJURED,NUMBER OF MOTORIST KILLED,VEHICLE TYPE CODE 1,VEHICLE TYPE CODE 2,Severity
18670414,4038566,12/03/2018,10:00,0b1c23a6-c281-478d-b1dd-56c1f010078c,Station Wagon/Sport Utility Vehicle,LNDR -CAR/SUV,2010.0,0.0,,,Parked,Left Rear Bumper,Left Rear Bumper,Left Rear Quarter Panel,Right Rear Quarter Panel,,N,,Unspecified,Unspecified,MANHATTAN,10032.0,"(40.840473, -73.9353)",0.0,0.0,0,0,0,0,0,0,Station Wagon/Sport Utility Vehicle,,0
18776081,3998239,10/11/2018,15:47,b3dd1819-a098-4ca0-85cb-d576a3d9b370,Station Wagon/Sport Utility Vehicle,NISS -CAR/SUV,2017.0,1.0,M,Licensed,Going Straight Ahead,Right Front Bumper,Left Front Bumper,,,,N,,Unspecified,Unspecified,BROOKLYN,11229.0,"(40.607864, -73.95103)",0.0,0.0,0,0,0,0,0,0,Station Wagon/Sport Utility Vehicle,,0
17902965,3899243,05/12/2018,09:00,00324390-794a-45b8-92ea-1d291f7a1b3e,Station Wagon/Sport Utility Vehicle,HOND -CAR/SUV,2016.0,2.0,F,Licensed,Going Straight Ahead,Right Front Quarter Panel,Right Front Quarter Panel,Right Front Bumper,,,N,,Unspecified,Unspecified,,,"(40.746902, -73.834694)",0.0,0.0,0,0,0,0,0,0,Station Wagon/Sport Utility Vehicle,Sedan,0
17801813,3857337,03/04/2018,18:10,48fc19d4-266b-435f-babf-42ca6ee696e4,,NISS -CAR/SUV,,,,,,,,,,,Unspecified,,,,,,"(40.64165, -73.879196)",0.0,0.0,0,0,0,0,0,0,Sedan,,0
17681530,3825168,01/08/2018,15:15,8ec3e35f-ed5e-4b8a-877d-9b7ff7b0c52b,Station Wagon/Sport Utility Vehicle,MERZ -CAR/SUV,2014.0,1.0,F,Licensed,Going Straight Ahead,Center Back End,Center Back End,No Damage,No Damage,No Damage,N,,Unspecified,Unspecified,BROOKLYN,11215.0,"(40.66773, -73.98419)",0.0,0.0,0,0,0,0,0,0,Station Wagon/Sport Utility Vehicle,Sedan,0
18773740,4014447,11/03/2018,00:30,5be2f29a-7548-4230-8aa2-c65d9e4a5b49,Sedan,TOYT -CAR/SUV,1999.0,1.0,F,Licensed,Going Straight Ahead,Center Front End,Center Front End,Right Front Bumper,Left Front Bumper,,N,,Unspecified,Unspecified,QUEENS,11375.0,"(40.715515, -73.85304)",0.0,0.0,0,0,0,0,0,0,Sedan,Sedan,0
18738471,3940217,07/13/2018,15:20,6f4b9f02-138b-4f69-9b44-9c4299a1769c,Station Wagon/Sport Utility Vehicle,HOND -CAR/SUV,2013.0,4.0,M,Licensed,Going Straight Ahead,Center Back End,Center Back End,Center Back End,Center Back End,Center Back End,N,,Unspecified,Unspecified,,,"(40.666306, -73.79171)",0.0,0.0,0,0,0,0,0,0,Station Wagon/Sport Utility Vehicle,Station Wagon/Sport Utility Vehicle,0
18721710,3992425,10/01/2018,00:38,c6fd49fd-ccb1-42ff-902b-b5589b57bf0f,Sedan,HYUN -CAR/SUV,2017.0,0.0,,,Parked,Center Back End,Center Back End,Right Rear Bumper,,,N,,Unspecified,Unspecified,STATEN ISLAND,10304.0,"(40.6315, -74.08007)",0.0,0.0,0,0,0,0,0,0,Sedan,Sedan,0
18877291,4002065,10/17/2018,11:39,82db71bb-34d3-429f-8c49-7af705da33f5,Sedan,CHEV -CAR/SUV,2010.0,1.0,M,Licensed,Going Straight Ahead,Right Side Doors,Right Side Doors,Right Front Bumper,Center Front End,Left Front Bumper,N,,Traffic Control Disregarded,Unsafe Speed,,,"(40.66086, -73.89883)",2.0,0.0,0,0,0,0,2,0,Pick-up Truck,Station Wagon/Sport Utility Vehicle,1
18757553,3940761,07/13/2018,17:39,46ee19bc-83f1-4d1d-9de2-22e818837a6b,Station Wagon/Sport Utility Vehicle,HOND -CAR/SUV,2006.0,1.0,M,Licensed,Going Straight Ahead,Center Front End,Center Front End,No Damage,No Damage,No Damage,N,,Following Too Closely,Unspecified,,,"(40.7324, -73.76561)",0.0,0.0,0,0,0,0,0,0,Station Wagon/Sport Utility Vehicle,Station Wagon/Sport Utility Vehicle,0
17736142,3865411,03/16/2018,13:50,331e39c2-0923-4d56-b13f-9f2893f28071,Box Truck,MITS-TRUCK/BUS,2015.0,1.0,M,Licensed,Slowing or Stopping,Left Side Doors,Left Side Doors,,,,N,,View Obstructed/Limited,Unspecified,BROOKLYN,11217.0,"(40.68358, -73.97617)",0.0,0.0,0,0,0,0,0,0,Van,Box Truck,0
18636323,3963596,08/18/2018,12:30,7ad9aacb-32dc-489a-8092-18a7f1e6ed78,Sedan,HOND -CAR/SUV,2006.0,1.0,F,Licensed,Going Straight Ahead,Left Rear Bumper,Left Rear Quarter Panel,No Damage,No Damage,No Damage,N,,Passing or Lane Usage Improper,Passing or Lane Usage Improper,BRONX,10459.0,"(40.82098, -73.89388)",0.0,0.0,0,0,0,0,0,0,Sedan,Pick-up Truck,0
18751438,4047016,12/10/2018,12:09,a2fd39b4-3f27-436a-ae1f-b631e4bc34d8,Taxi,TOYT -CAR/SUV,2018.0,1.0,M,Licensed,Stopped in Traffic,Right Rear Quarter Panel,Right Rear Bumper,,,,N,,Unspecified,Unspecified,MANHATTAN,10007.0,"(40.713135, -74.00407)",0.0,0.0,0,0,0,0,0,0,Taxi,Sedan,0
18766117,3961998,08/14/2018,21:53,8bf6498d-ae41-4028-a2bf-51f0d229f690,Motorcycle,HD -MCL,2016.0,1.0,M,Licensed,Going Straight Ahead,Center Back End,Center Back End,Right Front Bumper,Right Front Quarter Panel,,N,,Following Too Closely,Unspecified,,,"(40.830112, -73.850266)",1.0,0.0,0,0,0,0,1,0,Station Wagon/Sport Utility Vehicle,Motorcycle,1
18647800,4040467,12/08/2018,00:34,a0b2a129-0567-4775-81d9-d7f67c7998d7,Station Wagon/Sport Utility Vehicle,FORD -CAR/SUV,2015.0,1.0,M,Licensed,Going Straight Ahead,Right Front Bumper,Right Front Bumper,,,,N,,Unsafe Lane Changing,Unspecified,MANHATTAN,10012.0,"(40.72593, -73.99466)",0.0,0.0,0,0,0,0,0,0,Sedan,Station Wagon/Sport Utility Vehicle,0
18658935,3912935,06/02/2018,19:08,8ce18d21-3242-4b0a-b8f4-936e25e4a439,Sedan,HOND -CAR/SUV,2013.0,1.0,M,Licensed,Going Straight Ahead,Left Side Doors,Left Side Doors,,,,N,,Unspecified,Unspecified,QUEENS,11369.0,"(40.763256, -73.88205)",0.0,0.0,0,0,0,0,0,0,Station Wagon/Sport Utility Vehicle,Sedan,0
17705667,3854429,03/01/2018,00:30,11986617-e089-4bda-8292-852fcd615097,Station Wagon/Sport Utility Vehicle,CHEV -CAR/SUV,2012.0,1.0,M,Licensed,Going Straight Ahead,Right Front Quarter Panel,Right Front Bumper,Right Rear Quarter Panel,Right Side Doors,Center Front End,N,,Unspecified,Unspecified,,,"(40.831978, -73.93515)",1.0,0.0,0,0,0,0,1,0,Station Wagon/Sport Utility Vehicle,Station Wagon/Sport Utility Vehicle,1
17696520,3835831,01/21/2018,14:15,dd889ecd-1f53-4791-af83-cac86108f1a7,Sedan,HYUN -CAR/SUV,2017.0,1.0,F,Licensed,Going Straight Ahead,Left Front Bumper,Left Front Bumper,Other,,,N,,Following Too Closely,Unspecified,BROOKLYN,11233.0,"(40.67308, -73.91124)",0.0,0.0,0,0,0,0,0,0,Sedan,Sedan,0
18832876,4003379,10/19/2018,16:05,78cf561b-caa2-4aa0-965c-cbbd6ef932db,Sedan,MAZD -CAR/SUV,2017.0,1.0,M,Licensed,Going Straight Ahead,Right Front Bumper,Center Front End,Left Front Bumper,Right Front Bumper,,N,,Following Too Closely,Driver Inattention/Distraction,QUEENS,11362.0,"(40.75158, -73.74572)",0.0,0.0,0,0,0,0,0,0,Sedan,Sedan,0
17730697,3861212,03/09/2018,08:03,a7aa26b5-d842-44ab-94af-f01c1babe483,Sedan,FORD -CAR/SUV,2009.0,1.0,M,Licensed,Making Right Turn,Right Side Doors,Right Side Doors,,,,N,,Traffic Control Disregarded,Unspecified,BROOKLYN,11238.0,"(40.671627, -73.96263)",0.0,0.0,0,0,0,0,0,0,Sedan,Sedan,0
18799214,4010646,10/29/2018,16:00,854cd47e-8636-4649-b3af-26cc55302dc9,Station Wagon/Sport Utility Vehicle,TOYT -CAR/SUV,2013.0,1.0,M,Licensed,Merging,Left Front Bumper,Left Front Quarter Panel,Left Side Doors,No Damage,No Damage,N,,Driver Inattention/Distraction,Unspecified,BRONX,10452.0,"(40.84543, -73.91399)",0.0,0.0,0,0,0,0,0,0,Station Wagon/Sport Utility Vehicle,Sedan,0
18791745,4050826,12/19/2018,23:50,538b7347-b179-4b89-b9ea-9a3d1eab6122,Taxi,TOYT -CAR/SUV,2018.0,1.0,M,Licensed,Going Straight Ahead,Left Rear Bumper,Left Rear Quarter Panel,,,,N,,Unspecified,Unspecified,,,"(40.759624, -73.99548)",0.0,0.0,0,0,0,0,0,0,Tow Truck / Wrecker,Taxi,0
18688912,3991451,09/30/2018,21:15,bdb4eea5-9764-46a1-9b35-30ac63f9d7d6,Sedan,LEXS -CAR/SUV,2008.0,1.0,F,Licensed,Going Straight Ahead,Right Front Bumper,Right Front Bumper,Center Front End,No Damage,No Damage,N,,Unspecified,Unspecified,,,"(40.697098, -73.95386)",0.0,0.0,0,0,0,0,0,0,Sedan,Sedan,0
17825299,3886832,04/23/2018,07:50,c6af6d71-5e82-41c1-b4f6-611e01dfddb3,Sedan,HOND -CAR/SUV,2016.0,1.0,F,Licensed,Slowing or Stopping,Center Front End,No Damage,,,,N,,Driver Inattention/Distraction,Unspecified,QUEENS,11415.0,,1.0,0.0,1,0,0,0,0,0,Sedan,,1
17799745,3866888,03/21/2018,18:30,5785f438-1207-4686-8664-e968d33691f8,Station Wagon/Sport Utility Vehicle,DODG -CAR/SUV,2006.0,4.0,M,Licensed,Going Straight Ahead,Center Front End,Center Front End,Center Front End,Right Front Bumper,Right Front Bumper,Unspecified,,Unspecified,Unspecified,QUEENS,11420.0,"(40.68126, -73.81869)",4.0,0.0,0,0,0,0,4,0,Station Wagon/Sport Utility Vehicle,Sedan,1
18797504,3981106,09/15/2018,00:40,747048be-3c9d-4477-800a-2396cda79637,Station Wagon/Sport Utility Vehicle,WAGON,2017.0,0.0,,,Parked,Left Front Quarter Panel,Center Front End,No Damage,No Damage,No Damage,N,,Unspecified,Unspecified,STATEN ISLAND,10306.0,"(40.568962, -74.11348)",0.0,0.0,0,0,0,0,0,0,Sedan,Station Wagon/Sport Utility Vehicle,0
17804486,3870049,03/26/2018,15:10,65bcea0e-2ca2-480f-a8d8-4f93f5dd089f,Pick-up Truck,DODG -CAR/SUV,2011.0,0.0,,,Parked,Right Rear Quarter Panel,Right Rear Quarter Panel,Right Side Doors,,,N,,Unspecified,Unspecified,QUEENS,11385.0,"(40.700203, -73.89416)",0.0,0.0,0,0,0,0,0,0,Pick-up Truck,Station Wagon/Sport Utility Vehicle,0
18603748,3939881,07/12/2018,09:00,24565b47-f48d-4950-b63e-9592cca3843e,Station Wagon/Sport Utility Vehicle,FORD -CAR/SUV,2015.0,1.0,F,Licensed,Making Right Turn,Right Rear Quarter Panel,Right Rear Quarter Panel,Right Side Doors,No Damage,No Damage,N,,Driver Inexperience,Following Too Closely,BRONX,10456.0,"(40.824783, -73.9084)",0.0,0.0,0,0,0,0,0,0,Sedan,Station Wagon/Sport Utility Vehicle,0
19636420,3979691,09/13/2018,05:02,e06b3afd-0404-4d38-8cd7-c2fc02245788,Station Wagon/Sport Utility Vehicle,CHEV -CAR/SUV,2017.0,1.0,M,Licensed,Changing Lanes,Center Front End,Center Front End,Left Front Bumper,Right Front Bumper,,N,,Unspecified,Unspecified,,,"(40.656105, -74.00594)",0.0,0.0,0,0,0,0,0,0,Station Wagon/Sport Utility Vehicle,Station Wagon/Sport Utility Vehicle,0
18871968,3986666,09/20/2018,17:12,ca5b183e-caa9-4754-b99a-c57f90c860ea,Sedan,TOYT -CAR/SUV,1997.0,1.0,M,Licensed,Stopped in Traffic,Right Rear Bumper,Right Rear Bumper,Right Rear Quarter Panel,Right Front Bumper,Right Side Doors,N,,Unspecified,Unspecified,BROOKLYN,11208.0,"(40.669456, -73.86284)",0.0,0.0,0,0,0,0,0,0,Sedan,Motorcycle,0
17786263,3872456,03/30/2018,12:58,81d85d30-91ab-4d90-aaaf-bcc2f9e2fe1c,Box Truck,FRHT-TRUCK/BUS,2014.0,1.0,M,Licensed,Making Right Turn,Left Rear Bumper,Left Rear Bumper,Left Rear Quarter Panel,No Damage,No Damage,N,,Other Vehicular,Unspecified,BRONX,10467.0,"(40.88271, -73.881256)",0.0,0.0,0,0,0,0,0,0,Box Truck,Station Wagon/Sport Utility Vehicle,0
17746523,3851295,02/23/2018,15:34,97daf7cf-82f2-410c-a0b1-57e1ae8779cd,Station Wagon/Sport Utility Vehicle,DODG -CAR/SUV,2013.0,2.0,M,Licensed,Going Straight Ahead,Right Front Bumper,Right Front Quarter Panel,,,,N,,Other Vehicular,Other Vehicular,QUEENS,11370.0,"(40.761116, -73.88734)",0.0,0.0,0,0,0,0,0,0,Station Wagon/Sport Utility Vehicle,Station Wagon/Sport Utility Vehicle,0
17780077,3866672,03/19/2018,13:30,75a16ffc-6446-4898-9d5d-ba133dda36dd,Tractor Truck Diesel,FRHT-TRUCK/BUS,2016.0,1.0,M,Licensed,Going Straight Ahead,Left Front Bumper,Left Front Bumper,,,,N,,Unspecified,Unspecified,,,,0.0,0.0,0,0,0,0,0,0,Tractor Truck Diesel,Pick-up Truck,0
17851914,3887958,04/25/2018,10:45,5cb2d8a2-10d1-4705-99ea-33d411e17a6b,Box Truck,HINO -TRUCK/BUS,2016.0,1.0,M,Licensed,Making Left Turn,Right Front Bumper,Right Front Bumper,Right Front Quarter Panel,,,N,,Turning Improperly,Unspecified,QUEENS,11377.0,"(40.75976, -73.90062)",1.0,0.0,0,0,0,0,1,0,Box Truck,Sedan,1
17778692,3868640,03/24/2018,14:20,c4a0875f-2c91-4573-bc41-c73ab305607b,Sedan,HOND -CAR/SUV,2000.0,2.0,F,Licensed,Going Straight Ahead,Left Front Bumper,Left Front Bumper,No Damage,No Damage,No Damage,N,,Unspecified,Unspecified,QUEENS,11433.0,"(40.696667, -73.78359)",0.0,0.0,0,0,0,0,0,0,Sedan,Sedan,0
18814955,4034150,11/27/2018,13:00,7e74eb74-ff81-47f6-b889-b1f2039a31b6,Sedan,TOYT -CAR/SUV,2009.0,0.0,M,Licensed,Parked,Left Front Quarter Panel,Left Front Quarter Panel,No Damage,No Damage,No Damage,N,,Driver Inattention/Distraction,Unspecified,BRONX,10468.0,"(40.863575, -73.90046)",0.0,0.0,0,0,0,0,0,0,Pick-up Truck,Sedan,0
17760039,3902592,05/17/2018,05:30,417734fd-7693-4013-997e-6f93804dac9f,Box Truck,MITS-TRUCK/BUS,1999.0,1.0,M,Licensed,Making Right Turn,Right Rear Quarter Panel,No Damage,,,,N,,Passing or Lane Usage Improper,Oversized Vehicle,BROOKLYN,11201.0,"(40.688904, -73.980934)",0.0,0.0,0,0,0,0,0,0,Sedan,Box Truck,0
18754710,4055149,12/13/2018,17:14,3a417ade-1436-41a7-b0fe-4a2688d4b2e9,Pick-up Truck,CHEV -CAR/SUV,2016.0,1.0,F,Licensed,Making Left Turn,Right Front Bumper,Right Front Bumper,No Damage,No Damage,No Damage,N,,Unspecified,Unspecified,,,,0.0,0.0,0,0,0,0,0,0,Pick-up Truck,Sedan,0
17859613,3872881,03/31/2018,10:48,e8b37904-0350-4cb8-a0b9-3abded16c19b,Station Wagon/Sport Utility Vehicle,NISS -CAR/SUV,2018.0,0.0,,,Parked,Left Front Bumper,Left Front Bumper,Center Back End,No Damage,No Damage,N,,Unspecified,Unspecified,QUEENS,11422.0,"(40.667732, -73.73521)",1.0,0.0,0,0,0,0,1,0,Sedan,Sedan,1
18665723,3970017,08/28/2018,14:00,65d5899e-cac0-4b01-a7e9-58faf2867538,Sedan,TOYT -CAR/SUV,2013.0,1.0,F,Licensed,Making Left Turn,Right Rear Quarter Panel,Right Rear Quarter Panel,Right Rear Bumper,Right Side Doors,No Damage,N,,Failure to Yield Right-of-Way,Unspecified,,,"(40.69864, -73.93819)",1.0,0.0,0,0,0,0,1,0,Sedan,Pick-up Truck,1
17705872,3837697,01/30/2018,09:30,eeed1ed8-2b09-4465-b167-acf4c804ea82,Sedan,LEXS -CAR/SUV,2016.0,1.0,M,Licensed,Starting from Parking,Center Front End,Center Front End,Center Front End,Center Front End,Left Front Bumper,N,,Unspecified,Unspecified,BROOKLYN,11233.0,"(40.679317, -73.90627)",0.0,0.0,0,0,0,0,0,0,Sedan,Sedan,0
18695597,3953455,08/03/2018,14:00,898c8539-4f6d-44a8-b091-12d9c5261676,Taxi,TOYT -CAR/SUV,2013.0,1.0,M,Licensed,Stopped in Traffic,Center Back End,Center Front End,Center Back End,No Damage,No Damage,N,,Reaction to Uninvolved Vehicle,Unspecified,,,"(40.699955, -73.98682)",0.0,0.0,0,0,0,0,0,0,Carry All,Station Wagon/Sport Utility Vehicle,0
17833983,3892094,05/01/2018,18:30,3773d883-61b6-45c1-a750-5cc72b2b0ea8,Station Wagon/Sport Utility Vehicle,GMC -CAR/SUV,2018.0,1.0,M,Licensed,Entering Parked Position,Left Front Bumper,Left Front Bumper,No Damage,No Damage,No Damage,N,,Unspecified,Unspecified,QUEENS,11434.0,"(40.67847, -73.779335)",0.0,0.0,0,0,0,0,0,0,Sedan,Station Wagon/Sport Utility Vehicle,0
18696008,3983727,09/18/2018,12:00,4586c443-0bb6-44d8-9e88-6e3205da5ce7,Station Wagon/Sport Utility Vehicle,FORD -CAR/SUV,2016.0,1.0,M,Licensed,Making Right Turn,Left Front Quarter Panel,Left Front Quarter Panel,No Damage,No Damage,No Damage,N,,Driver Inattention/Distraction,Unspecified,,,"(40.859623, -73.88747)",0.0,0.0,0,0,0,0,0,0,Station Wagon/Sport Utility Vehicle,Station Wagon/Sport Utility Vehicle,0
17686812,3827698,01/12/2018,18:30,c4cd6269-7455-4e4e-8662-dee46449abd7,Sedan,TOYT -CAR/SUV,2003.0,0.0,M,Licensed,Going Straight Ahead,Left Rear Quarter Panel,Left Rear Quarter Panel,,,,N,,Unsafe Speed,Unspecified,BROOKLYN,11221.0,"(40.69595, -73.91739)",0.0,0.0,0,0,0,0,0,0,Sedan,Sedan,0
17741934,4025809,04/11/2018,17:30,919813a5-9370-4b05-8652-2212f6d9d209,Tractor Truck Diesel,VOLV -TRUCK/BUS,2015.0,1.0,M,Licensed,Going Straight Ahead,Center Back End,No Damage,,,,N,,Unspecified,Alcohol Involvement,BRONX,10456.0,"(40.821415, -73.88933)",0.0,0.0,0,0,0,0,0,0,Tractor Truck Diesel,Sedan,0
18830670,3999897,10/14/2018,19:50,11521e75-33f1-426d-a979-16e534e7e445,Tractor Truck Diesel,FRHT-TRUCK/BUS,2016.0,2.0,M,Licensed,Making Left Turn,Right Rear Bumper,Right Rear Bumper,Right Rear Bumper,Right Rear Bumper,Right Rear Bumper,N,,Driver Inattention/Distraction,Driver Inattention/Distraction,QUEENS,11378.0,"(40.729084, -73.89463)",0.0,0.0,0,0,0,0,0,0,Tractor Truck Diesel,Pick-up Truck,0
18868116,4043770,12/07/2018,06:20,4319c076-3031-4017-b45c-f57680f735a7,Station Wagon/Sport Utility Vehicle,HOND -CAR/SUV,2007.0,0.0,,,Parked,Right Rear Bumper,Right Rear Bumper,,,,N,,Unspecified,Unspecified,MANHATTAN,10028.0,"(40.778137, -73.95449)",0.0,0.0,0,0,0,0,0,0,Box Truck,Sedan,0
18646491,3955158,08/05/2018,17:10,35ce5445-4a03-4eeb-890b-68e323575044,Station Wagon/Sport Utility Vehicle,JEEP -CAR/SUV,2011.0,2.0,F,Licensed,Going Straight Ahead,Left Side Doors,Left Side Doors,,,,N,,Other Vehicular,Other Vehicular,BROOKLYN,11214.0,"(40.58309, -73.98637)",0.0,0.0,0,0,0,0,0,0,Station Wagon/Sport Utility Vehicle,Station Wagon/Sport Utility Vehicle,0
18610505,4028010,11/17/2018,12:30,7b7cd329-c4de-448d-a8f9-099b9eb9f723,Sedan,HOND -CAR/SUV,2005.0,0.0,,,Parked,Other,Other,Center Front End,Center Front End,Right Front Bumper,N,,Unspecified,Unspecified,QUEENS,11692.0,"(40.593697, -73.78614)",0.0,0.0,0,0,0,0,0,0,Sedan,,0
19614272,3891494,04/24/2018,10:30,767e84ef-7f4f-441f-84fc-7f7789eba339,Station Wagon/Sport Utility Vehicle,CHEV -CAR/SUV,2018.0,1.0,M,Licensed,Going Straight Ahead,Center Front End,Center Front End,Left Front Bumper,Right Front Bumper,,N,,Driver Inattention/Distraction,Following Too Closely,,,"(40.805077, -73.91092)",0.0,0.0,0,0,0,0,0,0,Sedan,Station Wagon/Sport Utility Vehicle,0
17783095,3876833,04/09/2018,01:10,22f70274-49c9-4ae2-a394-cfb30ab13666,Station Wagon/Sport Utility Vehicle,NISS -CAR/SUV,2017.0,1.0,M,Licensed,Going Straight Ahead,Right Front Bumper,Right Front Bumper,Center Front End,Right Front Quarter Panel,,N,,Driver Inattention/Distraction,Unspecified,MANHATTAN,10013.0,"(40.722584, -74.00636)",0.0,0.0,0,0,0,0,0,0,Sedan,Station Wagon/Sport Utility Vehicle,0
18876432,3999463,10/12/2018,13:43,15f6fe9d-e18f-480b-9794-25c0c344b3fc,Station Wagon/Sport Utility Vehicle,MERZ -CAR/SUV,2015.0,1.0,F,Licensed,Making Left Turn,No Damage,No Damage,No Damage,No Damage,No Damage,N,,Unspecified,Unspecified,BROOKLYN,11207.0,"(40.663296, -73.88979)",0.0,0.0,0,0,0,0,0,0,Station Wagon/Sport Utility Vehicle,Station Wagon/Sport Utility Vehicle,0
18671799,3931562,06/29/2018,20:15,12f1b145-631a-4a15-a230-cb93f980eec8,Taxi,TOYT -CAR/SUV,2018.0,1.0,M,,Making Left Turn,Right Side Doors,Right Side Doors,Right Rear Quarter Panel,Right Rear Quarter Panel,,N,,Turning Improperly,Unspecified,MANHATTAN,10017.0,"(40.750763, -73.97446)",0.0,0.0,0,0,0,0,0,0,Station Wagon/Sport Utility Vehicle,Taxi,0
17687404,3828328,01/13/2018,04:49,e9f268ff-6ae2-4ce4-958e-6a1c5d0fc4d0,Station Wagon/Sport Utility Vehicle,KIA -CAR/SUV,2010.0,,,,Going Straight Ahead,Center Front End,Center Front End,,,,N,,Aggressive Driving/Road Rage,,,,"(40.728416, -73.952415)",0.0,0.0,0,0,0,0,0,0,Station Wagon/Sport Utility Vehicle,Station Wagon/Sport Utility Vehicle,0
18853215,3993568,10/04/2018,09:00,0c673665-cee0-409e-8f5c-4bc9b2d40f02,Sedan,NISS -CAR/SUV,2015.0,1.0,M,Licensed,Going Straight Ahead,Left Side Doors,Left Side Doors,Left Front Quarter Panel,Other,,N,,Passing Too Closely,Unspecified,QUEENS,11377.0,"(40.753284, -73.90691)",0.0,0.0,0,0,0,0,0,0,Sedan,Sedan,0
18721497,3933392,06/30/2018,14:10,7d4a6e5a-002c-460e-b27f-799e94b9147d,Sedan,JAGU -CAR/SUV,2002.0,3.0,M,Licensed,Going Straight Ahead,Left Side Doors,Left Side Doors,Left Rear Quarter Panel,Left Front Quarter Panel,,N,,Other Vehicular,Unspecified,,,"(40.574158, -74.11669)",0.0,0.0,0,0,0,0,0,0,Sedan,Station Wagon/Sport Utility Vehicle,0
18888309,4036491,12/01/2018,18:29,4b8225db-9fad-4a0c-8c0e-60ac35166d92,Sedan,TOYT -CAR/SUV,2014.0,2.0,M,Licensed,Slowing or Stopping,Right Front Bumper,Center Front End,Left Front Bumper,,,N,,Unspecified,Following Too Closely,,,,0.0,0.0,0,0,0,0,0,0,Sedan,Sedan,0
18745184,3941261,07/15/2018,20:00,7a5de61e-00f1-4fb1-94bc-4e07012568f5,Station Wagon/Sport Utility Vehicle,TOYT -CAR/SUV,2014.0,4.0,M,Licensed,Slowing or Stopping,Center Back End,Right Rear Bumper,Left Rear Bumper,Left Rear Quarter Panel,Right Rear Quarter Panel,N,,Unspecified,Unspecified,QUEENS,11379.0,"(40.721485, -73.86658)",1.0,0.0,0,0,0,0,1,0,Sedan,Station Wagon/Sport Utility Vehicle,1
17794968,3878269,04/10/2018,12:10,84190892-c784-43b3-aee6-3c0deb0c0a43,Sedan,FORD -CAR/SUV,2002.0,1.0,M,Licensed,Going Straight Ahead,Left Front Bumper,Left Front Bumper,Right Front Bumper,Right Front Quarter Panel,Right Side Doors,N,,Driver Inattention/Distraction,Unsafe Lane Changing,BROOKLYN,11209.0,"(40.6321, -74.03048)",0.0,0.0,0,0,0,0,0,0,Sedan,Sedan,0
18619802,4012641,10/30/2018,09:02,635c292c-2615-4fd3-a4a1-5fa64825c180,Tanker,KW-TRUCK/BUS,2007.0,1.0,M,Licensed,Making Right Turn,No Damage,No Damage,No Damage,No Damage,No Damage,N,,Unspecified,Unspecified,,,,0.0,0.0,0,0,0,0,0,0,Tanker,Station Wagon/Sport Utility Vehicle,0
18694034,3999676,10/12/2018,11:44,4433a211-d697-4216-a514-3e2f9575566c,Station Wagon/Sport Utility Vehicle,DODG -CAR/SUV,2005.0,1.0,M,Licensed,Making Left Turn,Left Front Quarter Panel,Left Side Doors,No Damage,No Damage,No Damage,N,,Aggressive Driving/Road Rage,Unspecified,,,"(40.87564, -73.90836)",0.0,0.0,0,0,0,0,0,0,Sedan,Station Wagon/Sport Utility Vehicle,0
18852298,3959514,08/10/2018,16:30,b2e9e85f-cc6a-4413-ab31-76b602154713,Pick-up Truck,FORD -CAR/SUV,2001.0,1.0,M,Licensed,Slowing or Stopping,Center Front End,Center Front End,,,,N,,Following Too Closely,Driver Inattention/Distraction,,,"(40.65906, -73.88459)",0.0,0.0,0,0,0,0,0,0,Pick-up Truck,Taxi,0
18792394,4002456,10/17/2018,13:00,1530a4b2-7d3f-4a1b-b417-62823a76b862,Station Wagon/Sport Utility Vehicle,HOND -CAR/SUV,2017.0,0.0,,,Parked,Right Rear Bumper,Right Rear Bumper,Right Rear Quarter Panel,,,N,,Unspecified,Unspecified,BRONX,10465.0,"(40.828075, -73.840065)",0.0,0.0,0,0,0,0,0,0,Station Wagon/Sport Utility Vehicle,,0
19621950,3972288,09/02/2018,09:24,4a92df94-a0b4-45ce-ac3a-ad1f763de72d,Sedan,JAGU -CAR/SUV,2004.0,0.0,,,Parked,Left Front Quarter Panel,Left Front Quarter Panel,Left Rear Quarter Panel,Center Back End,No Damage,N,,Unspecified,Unspecified,BRONX,10463.0,"(40.875717, -73.909706)",0.0,0.0,0,0,0,0,0,0,Box Truck,Sedan,0