UNIQUE_ID,COLLISION_ID,CRASH_DATE,CRASH_TIME,VEHICLE_ID,VEHICLE_TYPE,VEHICLE_MAKE,VEHICLE_YEAR,VEHICLE_OCCUPANTS,DRIVER_SEX,DRIVER_LICENSE_STATUS,PRE_CRASH,POINT_OF_IMPACT,VEHICLE_DAMAGE,VEHICLE_DAMAGE_1,VEHICLE_DAMAGE_2,VEHICLE_DAMAGE_3,PUBLIC_PROPERTY_DAMAGE,PUBLIC_PROPERTY_DAMAGE_TYPE,CONTRIBUTING_FACTOR_1,CONTRIBUTING_FACTOR_2,BOROUGH,ZIP CODE,LOCATION,NUMBER OF PERSONS INJURED,NUMBER OF PERSONS KILLED,NUMBER OF PEDESTRIANS INJURED,NUMBER OF PEDESTRIANS KILLED,NUMBER OF CYCLIST INJURED,NUMBER OF CYCLIST KILLED,NUMBER OF MOTORIST INJURED,NUMBER OF MOTORIST KILLED,VEHICLE TYPE CODE 1,VEHICLE TYPE CODE 2,Severity
18617043,3919029,06/07/2018,12:45,7b2e44a1-8454-4f31-80d4-2098615e6d1a,Station Wagon/Sport Utility Vehicle,TOYT -CAR/SUV,2011.0,1.0,,,Parked,Left Front Quarter Panel,Other,,,,N,,Unspecified,Unspecified,MANHATTAN,10002.0,"(40.717197, -73.99432)",0.0,0.0,0,0,0,0,0,0,Sedan,Station Wagon/Sport Utility Vehicle,0
18780656,3995755,10/05/2018,06:55,8f93bd27-f2c6-4d56-9695-970523bc85d4,Taxi,TOYT -CAR/SUV,2016.0,1.0,F,Licensed,Merging,Left Front Bumper,Left Front Bumper,,,,N,,Failure to Yield Right-of-Way,Unspecified,,,"(40.827812, -73.925934)",0.0,0.0,0,0,0,0,0,0,Taxi,Pick-up Truck,0
18885051,4012749,11/02/2018,06:30,692ce7d1-4127-4964-8fe1-71d3f696abdf,Sedan,HYUN -CAR/SUV,2016.0,2.0,M,Licensed,Going Straight Ahead,Center Back End,Center Back End,,,,N,,Unspecified,Other Vehicular,,,"(40.665974, -73.74061)",0.0,0.0,0,0,0,0,0,0,Sedan,Sedan,0
18748366,4026523,11/08/2018,20:35,0d7c9d22-741e-4209-a566-9da24d271e71,Sedan,LINC -CAR/SUV,2018.0,1.0,F,Licensed,Going Straight Ahead,Left Side Doors,Left Side Doors,Left Rear Quarter Panel,,,N,,Pavement Defective,Obstruction/Debris,BROOKLYN,11233.0,"(40.676495, -73.913704)",0.0,0.0,0,0,0,0,0,0,Sedan,,0
18714304,3922643,06/17/2018,17:55,5225ba04-c171-4991-889c-661d0a4b5dc2,Station Wagon/Sport Utility Vehicle,JEEP -CAR/SUV,2015.0,1.0,M,Licensed,Going Straight Ahead,Center Back End,Center Back End,Left Rear Bumper,Right Rear Bumper,No Damage,N,,Unspecified,Unspecified,,,"(40.66653, -73.806274)",0.0,0.0,0,0,0,0,0,0,Station Wagon/Sport Utility Vehicle,Sedan,0
18689119,3971169,08/30/2018,17:49,36325b59-eb11-4f80-be11-0f9a18845759,Sedan,KIA -CAR/SUV,2014.0,1.0,F,Licensed,Changing Lanes,Right Front Quarter Panel,Right Front Quarter Panel,Right Side Doors,Right Front Bumper,,N,,Unsafe Lane Changing,Unspecified,,,"(40.856487, -73.872406)",0.0,0.0,0,0,0,0,0,0,Sedan,Sedan,0
18569086,3918881,06/10/2018,23:28,ab601038-bcc0-4d3a-8efd-02a95735f731,Sedan,MAZD -CAR/SUV,2015.0,1.0,F,Licensed,Making Left Turn,Right Side Doors,Right Side Doors,Left Front Quarter Panel,Left Side Doors,Right Rear Bumper,N,,Pavement Slippery,Unspecified,MANHATTAN,10002.0,"(40.72173, -73.98469)",3.0,0.0,0,0,0,0,3,0,Taxi,Sedan,1
18736430,3941758,07/14/2018,18:15,fe9e0bdb-e2fa-44a9-9792-86537035ec54,Station Wagon/Sport Utility Vehicle,DODG -CAR/SUV,2007.0,1.0,M,Licensed,Backing,Left Rear Bumper,Left Rear Bumper,,,,N,,Backing Unsafely,Unspecified,STATEN ISLAND,10305.0,"(40.581566, -74.07532)",0.0,0.0,0,0,0,0,0,0,Station Wagon/Sport Utility Vehicle,Station Wagon/Sport Utility Vehicle,0
18810694,3954545,08/04/2018,10:00,c144757a-c431-4630-b7f9-e7cbc7afa655,Sedan,HOND -CAR/SUV,2015.0,0.0,,,Parked,Left Rear Bumper,Left Rear Bumper,Left Rear Quarter Panel,Left Side Doors,,N,,Unspecified,Unspecified,QUEENS,11377.0,"(40.748856, -73.905914)",0.0,0.0,0,0,0,0,0,0,Sedan,,0
17830038,3884758,04/20/2018,07:00,6c451eda-09fa-422e-afea-a1e2036d8683,Sedan,HOND -CAR/SUV,2017.0,1.0,F,Licensed,Parked,Left Front Quarter Panel,Left Front Quarter Panel,Left Front Bumper,Left Side Doors,,N,,Unspecified,Unspecified,QUEENS,11430.0,"(40.66615, -73.80575)",0.0,0.0,0,0,0,0,0,0,Sedan,Station Wagon/Sport Utility Vehicle,0
17735356,3895044,04/21/2018,16:36,4084e004-7c2f-4c94-aa90-cc10e8e6afd8,Taxi,HOND -CAR/SUV,2017.0,4.0,M,Licensed,Making Left Turn,Center Front End,No Damage,No Damage,No Damage,No Damage,N,,Driver Inattention/Distraction,Failure to Yield Right-of-Way,MANHATTAN,10037.0,"(40.816025, -73.93947)",1.0,0.0,1,0,0,0,0,0,Taxi,,1
17778169,3865076,03/15/2018,16:10,e2d1cd57-0501-46f2-ac95-754775f156ea,Bus,FRHT-TRUCK/BUS,2006.0,10.0,,,Parked,Left Front Quarter Panel,No Damage,No Damage,No Damage,No Damage,N,,Unspecified,Unspecified,BROOKLYN,11226.0,"(40.650806, -73.94958)",0.0,0.0,0,0,0,0,0,0,Bus,,0
18696379,3998369,10/10/2018,17:00,e7811960-81f8-4725-ad8f-d085b82b7afc,Sedan,PONT -CAR/SUV,1981.0,1.0,M,Licensed,Going Straight Ahead,Center Front End,No Damage,No Damage,No Damage,No Damage,N,,Driver Inattention/Distraction,Failure to Yield Right-of-Way,,,"(40.695614, -73.94056)",1.0,0.0,1,0,0,0,0,0,Sedan,,1
17794618,3891230,04/30/2018,10:00,3b14efa2-7ae9-4853-97c0-2f66971d89c4,Sedan,ACUR -CAR/SUV,2004.0,1.0,M,Licensed,Stopped in Traffic,Right Front Bumper,Right Front Bumper,Right Front Bumper,Right Front Bumper,Right Front Bumper,N,,Unspecified,Unspecified,,,"(40.84521, -73.90845)",0.0,0.0,0,0,0,0,0,0,Sedan,Sedan,0
18782317,3996335,10/08/2018,18:00,86a753c3-11c6-432a-ac8f-afe1853a5310,Sedan,BMW -CAR/SUV,2018.0,0.0,M,Licensed,Parked,Right Front Quarter Panel,Right Front Quarter Panel,,,,N,,Unspecified,Unspecified,BROOKLYN,11232.0,"(40.65207, -74.00676)",0.0,0.0,0,0,0,0,0,0,Station Wagon/Sport Utility Vehicle,Sedan,0
17824688,3893196,05/03/2018,00:00,680c4027-6c17-49db-868a-30b9519b2f0e,Station Wagon/Sport Utility Vehicle,FORD -CAR/SUV,2009.0,0.0,,,Going Straight Ahead,Center Front End,Center Front End,,,,N,,Driver Inattention/Distraction,Following Too Closely,QUEENS,11372.0,"(40.74802, -73.88016)",1.0,0.0,0,0,0,0,1,0,Station Wagon/Sport Utility Vehicle,Station Wagon/Sport Utility Vehicle,1
18759307,3994724,10/06/2018,21:30,9162c852-c696-44a5-aab5-25b534d72b62,Station Wagon/Sport Utility Vehicle,ACUR -CAR/SUV,2009.0,1.0,F,Licensed,Slowing or Stopping,Center Back End,Center Back End,,,,N,,Unspecified,Unspecified,BROOKLYN,11201.0,"(40.691, -73.989334)",0.0,0.0,0,0,0,0,0,0,Station Wagon/Sport Utility Vehicle,Taxi,0
18789906,3961410,08/13/2018,10:34,3244e1e0-5e1b-451e-b042-ea13e87edf57,Station Wagon/Sport Utility Vehicle,CHEV -CAR/SUV,2015.0,1.0,M,Licensed,Making Left Turn,Left Front Bumper,No Damage,,,,N,,Failure to Yield Right-of-Way,Unspecified,,,"(40.761856, -73.96343)",1.0,0.0,1,0,0,0,0,0,Station Wagon/Sport Utility Vehicle,,1
18807934,3983635,09/17/2018,13:35,f3df14b9-b3ca-40b5-9044-913aa4359ea3,Sedan,SUZI -CAR/SUV,2009.0,0.0,,,Parked,Right Rear Quarter Panel,Right Rear Quarter Panel,Right Side Doors,,,N,,Unspecified,Unspecified,BRONX,10470.0,"(40.89963, -73.867584)",0.0,0.0,0,0,0,0,0,0,Sedan,Station Wagon/Sport Utility Vehicle,0
18883332,4040649,12/08/2018,10:40,b6ac0006-2772-4689-83ea-b78ec309188e,Station Wagon/Sport Utility Vehicle,HYUN -CAR/SUV,2018.0,0.0,,,Parked,Left Rear Bumper,Left Rear Bumper,No Damage,No Damage,No Damage,N,,Unspecified,Unspecified,BROOKLYN,11207.0,"(40.655525, -73.88413)",0.0,0.0,0,0,0,0,0,0,Station Wagon/Sport Utility Vehicle,,0
17828090,3905754,05/22/2018,19:57,97222fc5-42b5-4807-881e-ba669ecb2eaa,Station Wagon/Sport Utility Vehicle,TOYT -CAR/SUV,2006.0,1.0,F,Licensed,Stopped in Traffic,Left Rear Bumper,Left Rear Bumper,,,,N,,Unspecified,Unspecified,MANHATTAN,10014.0,"(40.729046, -74.01073)",1.0,0.0,0,0,0,0,1,0,Station Wagon/Sport Utility Vehicle,Sedan,1
17709190,3839540,02/02/2018,19:30,b5980804-2c2b-45df-9689-845908ae2a6c,Sedan,HOND -CAR/SUV,2004.0,1.0,F,Licensed,Going Straight Ahead,Right Front Bumper,Right Front Bumper,Center Front End,,,N,,Other Vehicular,Unspecified,,,"(40.856056, -73.83293)",0.0,0.0,0,0,0,0,0,0,Sedan,Station Wagon/Sport Utility Vehicle,0
18766399,3985227,09/15/2018,14:10,5c5f7681-3f86-4ec2-bde6-7ce5d2080957,Station Wagon/Sport Utility Vehicle,CADI -CAR/SUV,2008.0,1.0,M,Licensed,Going Straight Ahead,Right Rear Bumper,Center Back End,Right Rear Bumper,Center Back End,Left Rear Bumper,N,,Unspecified,Unspecified,BROOKLYN,11226.0,"(40.65319, -73.96622)",0.0,0.0,0,0,0,0,0,0,Station Wagon/Sport Utility Vehicle,Station Wagon/Sport Utility Vehicle,0
18844970,4014145,11/03/2018,11:16,1230d0ff-233b-49b4-adfa-6752c249de47,Sedan,HOND -CAR/SUV,2001.0,0.0,,,Parked,Right Side Doors,Right Side Doors,,,,N,,Unspecified,Unspecified,QUEENS,11385.0,"(40.69477, -73.90263)",0.0,0.0,0,0,0,0,0,0,Sedan,,0
18690160,3970718,08/27/2018,00:05,6ba5757a-855e-4f6f-a9fb-378c3932ec9d,Station Wagon/Sport Utility Vehicle,JEEP -CAR/SUV,2010.0,1.0,M,Licensed,Starting from Parking,Center Front End,Center Front End,Left Front Bumper,Right Front Bumper,,N,,Unspecified,Unspecified,,,"(40.848114, -73.901474)",0.0,0.0,0,0,0,0,0,0,Station Wagon/Sport Utility Vehicle,Sedan,0
18640016,3919866,06/08/2018,18:35,610e3b87-3e08-45d6-b608-1dec6c0a89d4,Sedan,VOLK -CAR/SUV,2007.0,0.0,F,Licensed,Parked,Left Front Bumper,Left Front Bumper,,,,Unspecified,,Passing or Lane Usage Improper,Unspecified,BROOKLYN,11217.0,"(40.687943, -73.985405)",0.0,0.0,0,0,0,0,0,0,Sedan,Sedan,0
18697891,3961071,08/14/2018,10:15,0248b7e5-d6b2-447f-9ece-ec7bf48508b1,Sedan,HYUN -CAR/SUV,2017.0,1.0,M,,Going Straight Ahead,Right Front Quarter Panel,Right Front Quarter Panel,Right Front Bumper,,,N,,Driver Inattention/Distraction,Unspecified,BROOKLYN,11234.0,"(40.61365, -73.923386)",0.0,0.0,0,0,0,0,0,0,Sedan,Sedan,0
18634075,3912805,06/03/2018,01:20,bbb02a80-2137-4242-8b57-4796bccb2781,Taxi,TOYT -CAR/SUV,2017.0,1.0,M,Licensed,Going Straight Ahead,Left Side Doors,Left Side Doors,Left Front Quarter Panel,Left Rear Quarter Panel,,N,,Unspecified,Unspecified,QUEENS,11374.0,"(40.719425, -73.86469)",0.0,0.0,0,0,0,0,0,0,Taxi,,0
18577276,4001650,10/12/2018,20:17,e07cd05c-0df0-43c5-adf5-44e83c4e8aaf,Station Wagon/Sport Utility Vehicle,TOYT -CAR/SUV,2017.0,1.0,F,Licensed,Going Straight Ahead,Right Front Quarter Panel,Right Front Quarter Panel,No Damage,No Damage,No Damage,N,,Unsafe Lane Changing,Unspecified,MANHATTAN,10027.0,"(40.813374, -73.956276)",0.0,0.0,0,0,0,0,0,0,Taxi,Station Wagon/Sport Utility Vehicle,0
17754898,3878605,04/10/2018,06:20,6c9cee43-03e4-4a92-b443-18d0e683c94e,Pick-up Truck,MACK,2012.0,0.0,,,Parked,No Damage,No Damage,No Damage,No Damage,No Damage,N,,Unspecified,Unspecified,,,"(40.66895, -73.9339)",0.0,0.0,0,0,0,0,0,0,Sedan,Pick-up Truck,0
18795944,3979704,09/12/2018,15:19,4bda08c6-35fb-4ee6-baec-6d23a96e95e5,Sedan,CHEV -CAR/SUV,2018.0,2.0,M,Licensed,Changing Lanes,Right Side Doors,Right Side Doors,Right Rear Quarter Panel,Right Front Quarter Panel,Right Rear Bumper,N,,Passing or Lane Usage Improper,Reaction to Uninvolved Vehicle,,,"(40.6022, -74.06312)",0.0,0.0,0,0,0,0,0,0,Sedan,Sedan,0
18594914,3954720,08/03/2018,17:50,8443cc5e-fc2b-4599-9424-3cb7c67b4c2e,Sedan,MNNI -CAR/SUV,2018.0,1.0,F,Licensed,Going Straight Ahead,Center Front End,Center Front End,,,,N,,Following Too Closely,Unspecified,,,"(40.73178, -74.00781)",0.0,0.0,0,0,0,0,0,0,Sedan,Sedan,0
18827051,3998581,10/10/2018,08:52,df3ccf2a-7d7f-463f-bbfc-dbdfe23bad14,Station Wagon/Sport Utility Vehicle,HOND -CAR/SUV,2016.0,0.0,,,Parked,Right Rear Quarter Panel,No Damage,No Damage,No Damage,No Damage,N,,Unspecified,Unspecified,BRONX,10470.0,"(40.903988, -73.84874)",0.0,0.0,0,0,0,0,0,0,Sedan,Station Wagon/Sport Utility Vehicle,0
17740797,3848993,02/19/2018,09:00,eb93a84b-1a21-40a2-8fbe-d55b1856a9a9,Sedan,VOLK -CAR/SUV,2015.0,1.0,M,Licensed,Going Straight Ahead,Right Front Quarter Panel,Center Front End,Center Front End,Left Front Quarter Panel,Undercarriage,N,,Unspecified,Unspecified,,,"(40.8047, -73.91243)",0.0,0.0,0,0,0,0,0,0,Sedan,Sedan,0
17710682,3840209,01/03/2018,13:37,dc8f6118-c8f8-44c1-849e-3a541b0b3a72,Van,FORD-TRUCK/BUS,2011.0,2.0,M,Licensed,Making Right Turn,Left Front Quarter Panel,Left Front Quarter Panel,,,,Unspecified,,Unspecified,Unspecified,,,,0.0,0.0,0,0,0,0,0,0,Sedan,Van,0
17833402,3887294,04/24/2018,12:58,ee8900f2-1714-467f-b7b4-35622443f65e,Sedan,CHEV -CAR/SUV,2017.0,1.0,M,Licensed,Going Straight Ahead,Right Front Quarter Panel,Right Side Doors,Right Rear Quarter Panel,Left Front Bumper,Left Front Bumper,N,,Unspecified,Unspecified,,,"(40.727432, -73.90713)",0.0,0.0,0,0,0,0,0,0,Sedan,Sedan,0
18685453,3943416,03/06/2018,12:00,67fa19d4-7b55-43ce-8da0-ed9a7e5dfc5c,Sedan,TOYT -CAR/SUV,2017.0,1.0,M,Licensed,Stopped in Traffic,Center Back End,Center Back End,Right Rear Bumper,Left Rear Bumper,,Unspecified,,Unspecified,Unspecified,MANHATTAN,10013.0,"(40.72135, -74.00465)",0.0,0.0,0,0,0,0,0,0,Sedan,Van,0
18815407,4031650,11/23/2018,04:58,5a7d1536-6b53-4caf-82fe-8ff02644de05,Sedan,MERZ -CAR/SUV,2010.0,0.0,,,Parked,Left Rear Quarter Panel,Left Rear Quarter Panel,Center Front End,Left Rear Bumper,,N,,Unspecified,Unspecified,,,"(40.646294, -74.019844)",0.0,0.0,0,0,0,0,0,0,Station Wagon/Sport Utility Vehicle,Sedan,0
18844720,3936254,07/06/2018,16:30,9efe4656-1d02-4e71-baff-de35978ace05,Box Truck,FRHT-TRUCK/BUS,2004.0,0.0,M,Licensed,Going Straight Ahead,Center Front End,No Damage,,,,Unspecified,,Unspecified,Unspecified,QUEENS,11434.0,"(40.655254, -73.76568)",2.0,0.0,0,0,0,0,2,0,Sedan,Box Truck,1
18288206,4060549,12/31/2018,23:30,5c827457-22c4-4375-a823-1a09ae63d9f7,Sedan,HOND -CAR/SUV,,1.0,,,Going Straight Ahead,Center Front End,Right Front Bumper,Left Front Bumper,,,N,,Driver Inattention/Distraction,Unspecified,BROOKLYN,11217.0,"(40.6881, -73.98037)",1.0,0.0,0,0,0,0,1,0,Taxi,Sedan,1
18617377,3969019,08/27/2018,16:21,6ecacfe7-3d84-4545-9254-9c45291e1f79,Sedan,TOYT -CAR/SUV,2010.0,4.0,M,Licensed,Going Straight Ahead,Right Front Bumper,Center Front End,Left Front Bumper,Right Front Quarter Panel,Left Front Quarter Panel,N,,Following Too Closely,Unspecified,BROOKLYN,11205.0,"(40.688183, -73.971855)",0.0,0.0,0,0,0,0,0,0,Station Wagon/Sport Utility Vehicle,Sedan,0
18730359,3914555,06/04/2018,07:30,dbb6acab-62e8-4e7b-ad22-949c6459d53a,Sedan,FORD -CAR/SUV,2012.0,1.0,M,Licensed,Slowing or Stopping,Center Back End,Center Back End,,,,N,,Unspecified,Unspecified,,,"(40.728947, -73.92793)",0.0,0.0,0,0,0,0,0,0,Sedan,Sedan,0
18817121,4033408,11/27/2018,04:53,417c900d-d682-47a7-adbd-cdcf1e81fec2,Sedan,NISS -CAR/SUV,2003.0,1.0,M,Licensed,Going Straight Ahead,Left Front Bumper,Left Front Bumper,Center Front End,Right Front Bumper,Left Front Quarter Panel,N,,Unspecified,Unspecified,QUEENS,11435.0,"(40.697872, -73.802376)",0.0,0.0,0,0,0,0,0,0,Sedan,,0
18678376,4000295,10/10/2018,14:00,7ded0dda-8485-4a25-90a7-d2688200fc96,Sedan,SUBA -CAR/SUV,2008.0,0.0,,,Parked,Center Back End,Center Back End,,,,N,,Unspecified,Unspecified,,,"(40.67765, -73.949776)",0.0,0.0,0,0,0,0,0,0,Garbage or Refuse,Sedan,0
18857807,3947984,07/22/2018,13:00,89d9ddf4-f1a6-4581-8fb2-0ba891611ab3,Sedan,FORD -CAR/SUV,2006.0,3.0,M,Licensed,Going Straight Ahead,Right Front Bumper,Right Front Bumper,,,,N,,Unsafe Speed,Unspecified,,,"(40.714367, -73.746796)",1.0,0.0,0,0,0,0,1,0,Sedan,Sedan,1
17785755,3859744,03/09/2018,10:40,068760cb-d1e4-4f2a-8aa0-a2401c9240ce,Station Wagon/Sport Utility Vehicle,HOND -CAR/SUV,2016.0,3.0,M,Licensed,Stopped in Traffic,Center Back End,Center Back End,No Damage,No Damage,No Damage,N,,Unspecified,Unspecified,,,"(40.783333, -73.94368)",0.0,0.0,0,0,0,0,0,0,Sedan,Station Wagon/Sport Utility Vehicle,0
17753456,3849869,02/21/2018,02:10,9c64ab9f-47c5-42c2-b0cc-af77ce6c7336,Sedan,FORD -CAR/SUV,2012.0,0.0,,,Parked,Right Rear Bumper,Right Rear Bumper,,,,N,,Unspecified,Unspecified,QUEENS,11418.0,"(40.69694, -73.84287)",0.0,0.0,0,0,0,0,0,0,Station Wagon/Sport Utility Vehicle,Sedan,0
18660378,3924280,06/19/2018,22:06,f1bdc76b-23e2-4d62-80b3-4f2fcf7960ce,Taxi,TOYT -CAR/SUV,2016.0,1.0,M,Licensed,Going Straight Ahead,Left Side Doors,Left Side Doors,,,,N,,Unspecified,Unspecified,MANHATTAN,10022.0,"(40.75882, -73.964165)",0.0,0.0,0,0,0,0,0,0,Taxi,Sedan,0
17757086,3873604,03/31/2018,22:28,3e769ece-cc4b-47d4-b177-909264e3ebd5,Station Wagon/Sport Utility Vehicle,TOYT -CAR/SUV,2014.0,2.0,M,Licensed,Going Straight Ahead,Left Side Doors,Left Front Quarter Panel,Left Front Bumper,Center Front End,Right Front Bumper,N,,Unspecified,Unspecified,,,"(40.801754, -73.93121)",1.0,0.0,0,0,0,0,1,0,Station Wagon/Sport Utility Vehicle,Station Wagon/Sport Utility Vehicle,1
18881485,3991585,10/01/2018,09:00,08778f28-6746-4c6a-a252-301f0df9b3c2,Sedan,ACUR -CAR/SUV,2015.0,1.0,M,Licensed,Starting in Traffic,Left Front Quarter Panel,Left Front Quarter Panel,,,,N,,Reaction to Uninvolved Vehicle,Unspecified,,,"(40.76536, -73.82787)",0.0,0.0,0,0,0,0,0,0,Sedan,Station Wagon/Sport Utility Vehicle,0
18761212,3927888,06/24/2018,23:00,d4971098-ec2f-4377-9962-de668c4e42bb,Sedan,HYUN -CAR/SUV,2018.0,4.0,M,Licensed,Going Straight Ahead,Left Front Bumper,Left Front Bumper,Left Front Quarter Panel,,,N,,Following Too Closely,Unspecified,,,"(40.770256, -73.91586)",0.0,0.0,0,0,0,0,0,0,Sedan,Pick-up Truck,0
17735312,3841966,02/07/2018,10:40,7063b4d7-088b-4287-89a1-570abac26407,Sedan,NISS -CAR/SUV,2016.0,0.0,,,Parked,Left Rear Quarter Panel,Left Rear Quarter Panel,Left Side Doors,,,N,,Unspecified,Unspecified,,,"(40.70616, -73.75747)",0.0,0.0,0,0,0,0,0,0,Sedan,,0
18733734,3915334,06/06/2018,05:50,87d51900-5ced-4fd4-9804-8f6e252dec0b,Motorcycle,HARLE,1973.0,1.0,M,Licensed,Making Right Turn,Right Front Quarter Panel,Right Front Quarter Panel,Right Side Doors,Right Side Doors,Right Rear Quarter Panel,N,,Pavement Slippery,Unspecified,,,"(40.744026, -73.92616)",1.0,0.0,0,0,0,0,1,0,Motorcycle,,1
17775413,3865325,03/18/2018,14:30,21bdfb10-5172-4ecc-a2c2-9ece1c2a9046,Station Wagon/Sport Utility Vehicle,DODG -CAR/SUV,2006.0,1.0,M,Licensed,Going Straight Ahead,Center Front End,Center Front End,Right Front Bumper,Left Front Bumper,,N,,Failure to Yield Right-of-Way,Unspecified,,,"(40.587418, -73.95936)",3.0,0.0,0,0,0,0,3,0,Sedan,Station Wagon/Sport Utility Vehicle,1
18745597,4051223,12/03/2018,09:35,564bb2da-2441-4172-92d5-6107a1fd7844,Station Wagon/Sport Utility Vehicle,JEEP -CAR/SUV,2007.0,2.0,M,Licensed,Going Straight Ahead,Left Rear Quarter Panel,Left Rear Quarter Panel,,,,N,,Driver Inattention/Distraction,Following Too Closely,,,"(40.716194, -73.996086)",0.0,0.0,0,0,0,0,0,0,Box Truck,Station Wagon/Sport Utility Vehicle,0
17837692,3889080,04/27/2018,08:30,089f4ffc-315d-4854-9688-07e5750fa76a,Sedan,TOYT -CAR/SUV,2015.0,1.0,M,Licensed,Going Straight Ahead,Center Front End,Center Front End,Left Front Bumper,Right Front Bumper,No Damage,N,,Passing Too Closely,Unspecified,QUEENS,11420.0,"(40.666893, -73.80546)",0.0,0.0,0,0,0,0,0,0,Sedan,Sedan,0
17836846,3893363,04/27/2018,19:12,d4c417f7-ad07-4026-abf1-a2718ea25238,Station Wagon/Sport Utility Vehicle,STRN -CAR/SUV,2005.0,1.0,M,Licensed,Going Straight Ahead,Left Front Quarter Panel,Left Side Doors,,,,N,,Unspecified,Unspecified,BRONX,10469.0,"(40.875458, -73.85485)",0.0,0.0,0,0,0,0,0,0,Station Wagon/Sport Utility Vehicle,Station Wagon/Sport Utility Vehicle,0
17788990,3887620,04/24/2018,03:00,ec2be521-f7ba-4309-8221-a7571200d162,Sedan,MERZ -CAR/SUV,2015.0,0.0,,,Parked,Left Rear Quarter Panel,Left Rear Quarter Panel,No Damage,No Damage,No Damage,N,,Other Vehicular,Unspecified,,,"(40.702007, -73.821205)",0.0,0.0,0,0,0,0,0,0,Sedan,,0
18787835,4029979,11/20/2018,20:40,e2d53d70-550f-4a60-885a-79269103ec0b,Sedan,TOYT -CAR/SUV,2009.0,1.0,M,Licensed,Making Right Turn,Left Front Bumper,Left Front Bumper,Left Front Quarter Panel,,,Unspecified,,Failure to Yield Right-of-Way,Unspecified,QUEENS,11374.0,"(40.73195, -73.863434)",0.0,0.0,0,0,0,0,0,0,Station Wagon/Sport Utility Vehicle,Sedan,0
19616210,3939779,07/10/2018,18:00,7240d9aa-8c4b-40f3-b23e-2c26c0b387fb,Sedan,TOYT -CAR/SUV,2012.0,2.0,M,Licensed,Going Straight Ahead,Left Rear Quarter Panel,Left Rear Quarter Panel,,,,N,,Unspecified,Unspecified,,,,0.0,0.0,0,0,0,0,0,0,Sedan,Station Wagon/Sport Utility Vehicle,0
18598456,3911910,05/29/2018,18:45,5a87c25f-4990-4321-9659-fc1c5f4f3a9b,Station Wagon/Sport Utility Vehicle,MITS -CAR/SUV,2010.0,1.0,M,Licensed,Going Straight Ahead,Center Front End,Center Front End,Right Front Bumper,No Damage,No Damage,N,,Driver Inattention/Distraction,Unspecified,,,"(40.58381, -73.96938)",0.0,0.0,0,0,0,0,0,0,Station Wagon/Sport Utility Vehicle,Station Wagon/Sport Utility Vehicle,0
18837988,3977370,09/07/2018,17:00,fef22c50-5dc7-40e0-a3e2-817e1b48ec2b,Sedan,MERZ -CAR/SUV,2015.0,0.0,,,Parked,Left Rear Quarter Panel,Left Rear Bumper,Left Rear Quarter Panel,Left Rear Bumper,Left Rear Quarter Panel,N,,Unspecified,Unspecified,QUEENS,11106.0,"(40.765114, -73.93148)",0.0,0.0,0,0,0,0,0,0,Sedan,,0
18614964,3958151,08/09/2018,09:00,0c32c00f-df7f-4f90-8fa9-ca7a6f94abe4,Sedan,TOYT -CAR/SUV,2017.0,1.0,M,Licensed,Changing Lanes,Left Rear Quarter Panel,Left Rear Quarter Panel,Left Rear Bumper,,,N,,Unsafe Lane Changing,Illnes,,,"(40.68535, -74.00101)",0.0,0.0,0,0,0,0,0,0,Sedan,Sedan,0
18777317,4001826,10/17/2018,10:15,5578f1fc-aea8-4824-94a2-9f9e444bf046,Box Truck,FRHT-TRUCK/BUS,2005.0,1.0,M,Licensed,Backing,Right Rear Bumper,Right Rear Bumper,No Damage,No Damage,No Damage,Y,,Backing Unsafely,Driver Inattention/Distraction,MANHATTAN,10016.0,"(40.744305, -73.97473)",0.0,0.0,0,0,0,0,0,0,Box Truck,Station Wagon/Sport Utility Vehicle,0
17847460,3875248,03/28/2018,10:00,5515a448-fa25-47ed-89bc-1a7a26cd8a6f,Sedan,LINC -CAR/SUV,2010.0,1.0,M,Licensed,Going Straight Ahead,Center Front End,No Damage,,,,N,,Following Too Closely,Unspecified,,,"(40.67944, -73.89714)",1.0,0.0,0,0,0,0,1,0,Sedan,Sedan,1
18626936,3920989,06/14/2018,22:30,8825e26a-0e7f-4b5e-8b3d-060e5d0120f0,Station Wagon/Sport Utility Vehicle,NISS -CAR/SUV,2017.0,1.0,F,Licensed,Making Right Turn,Left Front Quarter Panel,Left Front Quarter Panel,,,,N,,Unspecified,Unspecified,BROOKLYN,11233.0,"(40.67308, -73.91124)",0.0,0.0,0,0,0,0,0,0,Pick-up Truck,Station Wagon/Sport Utility Vehicle,0
17723351,3897061,05/09/2018,02:45,2c15f994-208d-4137-942b-f186f50b3bae,Sedan,VOLK -CAR/SUV,2015.0,2.0,M,Unlicensed,Backing,Right Rear Quarter Panel,Right Rear Bumper,No Damage,No Damage,No Damage,N,,Backing Unsafely,Driver Inattention/Distraction,MANHATTAN,10026.0,"(40.800686, -73.952515)",0.0,0.0,0,0,0,0,0,0,Sedan,Sedan,0
18713821,4017230,11/08/2018,18:13,3e49b246-a4b2-4dae-99c9-e33612394149,Sedan,TOYT -CAR/SUV,2005.0,1.0,M,Licensed,Backing,Left Rear Bumper,Left Rear Bumper,,,,Unspecified,,Backing Unsafely,Driver Inexperience,BRONX,10463.0,"(40.88425, -73.900635)",0.0,0.0,0,0,0,0,0,0,Station Wagon/Sport Utility Vehicle,Sedan,0