UNIQUE_ID,COLLISION_ID,CRASH_DATE,CRASH_TIME,VEHICLE_ID,VEHICLE_TYPE,VEHICLE_MAKE,VEHICLE_YEAR,VEHICLE_OCCUPANTS,DRIVER_SEX,DRIVER_LICENSE_STATUS,PRE_CRASH,POINT_OF_IMPACT,VEHICLE_DAMAGE,VEHICLE_DAMAGE_1,VEHICLE_DAMAGE_2,VEHICLE_DAMAGE_3,PUBLIC_PROPERTY_DAMAGE,PUBLIC_PROPERTY_DAMAGE_TYPE,CONTRIBUTING_FACTOR_1,CONTRIBUTING_FACTOR_2,BOROUGH,ZIP CODE,LOCATION,NUMBER OF PERSONS INJURED,NUMBER OF PERSONS KILLED,NUMBER OF PEDESTRIANS INJURED,NUMBER OF PEDESTRIANS KILLED,NUMBER OF CYCLIST INJURED,NUMBER OF CYCLIST KILLED,NUMBER OF MOTORIST INJURED,NUMBER OF MOTORIST KILLED,VEHICLE TYPE CODE 1,VEHICLE TYPE CODE 2,Severity
18772121,3983103,09/18/2018,11:15,ffaba5aa-4274-47b3-8fbb-54b50f83112a,Station Wagon/Sport Utility Vehicle,ALFA -CAR/SUV,2018.0,1.0,M,Unlicensed,Going Straight Ahead,Left Side Doors,Left Side Doors,,,,N,,Passing Too Closely,Unspecified,,,"(40.828087, -73.8177)",0.0,0.0,0,0,0,0,0,0,Station Wagon/Sport Utility Vehicle,Station Wagon/Sport Utility Vehicle,0
18782596,3982958,09/16/2018,14:30,dc4f88ee-9511-431d-a9b1-e241a191c37b,Sedan,VOLK -CAR/SUV,2016.0,2.0,F,Licensed,Parked,Left Front Quarter Panel,Left Side Doors,Left Rear Quarter Panel,Left Rear Quarter Panel,Left Side Doors,N,,Driver Inattention/Distraction,Driver Inattention/Distraction,,,"(40.637135, -74.14506)",0.0,0.0,0,0,0,0,0,0,Station Wagon/Sport Utility Vehicle,Sedan,0
18755329,4005248,10/17/2018,19:26,497ea3a3-020b-4bde-803b-b305a7767a87,Sedan,FORD -CAR/SUV,2017.0,1.0,M,Licensed,Going Straight Ahead,Left Side Doors,Left Side Doors,,,,N,,Unspecified,Unspecified,BROOKLYN,11234.0,"(40.61957, -73.93355)",0.0,0.0,0,0,0,0,0,0,Sedan,Sedan,0
18583962,3946226,07/21/2018,09:00,02708411-6fee-4216-b9f3-877d7af1d29f,Station Wagon/Sport Utility Vehicle,VPG,2012.0,1.0,F,Licensed,Entering Parked Position,Right Front Quarter Panel,Right Side Doors,Right Rear Quarter Panel,Right Rear Bumper,Right Front Bumper,N,,Driver Inattention/Distraction,Passing Too Closely,BROOKLYN,11233.0,"(40.683807, -73.92291)",0.0,0.0,0,0,0,0,0,0,Station Wagon/Sport Utility Vehicle,Station Wagon/Sport Utility Vehicle,0
18633126,3936086,07/06/2018,09:18,4bebe8d7-994e-4261-9a06-b6e71da166fd,Sedan,MERZ -CAR/SUV,2003.0,2.0,F,Licensed,Going Straight Ahead,Right Rear Bumper,Center Back End,Left Rear Bumper,Right Rear Bumper,Center Back End,N,,Unspecified,Unspecified,MANHATTAN,10035.0,"(40.805058, -73.93904)",3.0,0.0,0,0,0,0,3,0,Sedan,Sedan,1
17732806,3861121,03/11/2018,15:09,3222d87b-e4e7-4721-b7e6-7213bb8103b4,Station Wagon/Sport Utility Vehicle,TOYT -CAR/SUV,2017.0,0.0,,,Parked,Left Rear Quarter Panel,Left Side Doors,Left Front Quarter Panel,Left Rear Bumper,No Damage,N,,Unspecified,Unspecified,BRONX,10459.0,"(40.827477, -73.894135)",0.0,0.0,0,0,0,0,0,0,Station Wagon/Sport Utility Vehicle,,0
18642199,3912684,06/01/2018,17:40,84844a0e-ee28-457b-b0cd-95c9d25ef8b4,Sedan,BMW -CAR/SUV,2012.0,2.0,M,Licensed,Going Straight Ahead,Left Rear Bumper,Left Rear Quarter Panel,,,,N,,Unspecified,Unspecified,BROOKLYN,11220.0,"(40.637436, -74.02193)",0.0,0.0,0,0,0,0,0,0,Sedan,Sedan,0
18595471,3920911,06/13/2018,15:50,cab50514-a2f9-4bd5-9abb-aba4a7e53499,Station Wagon/Sport Utility Vehicle,JEEP -CAR/SUV,2017.0,3.0,M,Licensed,Going Straight Ahead,Center Front End,Center Front End,Left Front Bumper,Right Front Bumper,No Damage,N,,Unspecified,Unspecified,,,"(40.529453, -74.211006)",2.0,0.0,0,0,0,0,2,0,Station Wagon/Sport Utility Vehicle,Sedan,1
17788158,3873778,03/31/2018,22:40,cdc5b15f-e6d5-4d7f-af48-844d04fae568,Sedan,CHEV -CAR/SUV,2014.0,1.0,M,Licensed,Making Left Turn,Right Rear Quarter Panel,Right Rear Quarter Panel,Right Rear Bumper,,,N,,Unspecified,Unspecified,BRONX,10465.0,"(40.87831, -73.870155)",0.0,0.0,0,0,0,0,0,0,Station Wagon/Sport Utility Vehicle,Sedan,0
18702521,3934833,07/03/2018,17:30,22e82531-3966-4753-b7bc-2b1c97ff3471,Sedan,CHRY -CAR/SUV,2014.0,1.0,M,Licensed,Going Straight Ahead,Right Front Quarter Panel,Right Front Quarter Panel,No Damage,No Damage,No Damage,N,,Unspecified,Unspecified,,,"(40.644753, -73.92493)",0.0,0.0,0,0,0,0,0,0,Sedan,Sedan,0
17708226,3836909,01/29/2018,15:00,4f6a6ea3-0e54-4c1a-93ad-464d1d4fd053,Station Wagon/Sport Utility Vehicle,CHRY -CAR/SUV,2016.0,1.0,F,Licensed,Slowing or Stopping,Center Front End,Center Front End,,,,N,,Following Too Closely,Unspecified,QUEENS,11375.0,"(40.723885, -73.84915)",0.0,0.0,0,0,0,0,0,0,Station Wagon/Sport Utility Vehicle,Station Wagon/Sport Utility Vehicle,0
17713904,3837653,01/29/2018,12:58,426e3530-8c3d-4f28-a9a2-9a04504435ab,Box Truck,ISU-TRUCK/BUS,2008.0,1.0,M,Licensed,Going Straight Ahead,No Damage,No Damage,No Damage,No Damage,No Damage,Unspecified,,View Obstructed/Limited,Other Vehicular,BRONX,10455.0,"(40.809765, -73.90473)",0.0,0.0,0,0,0,0,0,0,Box Truck,Station Wagon/Sport Utility Vehicle,0
18601102,3965941,08/22/2018,17:45,5980e0b4-cca8-45ec-8f6d-80b777ec6286,Station Wagon/Sport Utility Vehicle,JEEP -CAR/SUV,2014.0,1.0,M,,Parked,Left Front Quarter Panel,Left Front Quarter Panel,,,,N,,Unspecified,Unspecified,,,"(40.734135, -73.9992)",0.0,0.0,0,0,0,0,0,0,Taxi,Station Wagon/Sport Utility Vehicle,0
18749240,3963922,08/17/2018,07:45,b1629943-1dca-4a1f-bd62-56ff0d2bf66b,Station Wagon/Sport Utility Vehicle,TOYT -CAR/SUV,2010.0,1.0,M,Licensed,Going Straight Ahead,Right Side Doors,Right Rear Quarter Panel,,,,N,,Failure to Yield Right-of-Way,Passing Too Closely,,,"(40.70152, -73.94323)",0.0,0.0,0,0,0,0,0,0,Station Wagon/Sport Utility Vehicle,Station Wagon/Sport Utility Vehicle,0
18813690,3987389,09/25/2018,00:55,dea142c5-63ea-4b9c-8151-da8a3c278835,Sedan,KIA -CAR/SUV,2003.0,1.0,M,Licensed,Making Left Turn,Left Rear Quarter Panel,Left Rear Quarter Panel,Left Rear Bumper,,,N,,Unspecified,Unspecified,QUEENS,11434.0,"(40.68542, -73.76526)",0.0,0.0,0,0,0,0,0,0,Sedan,Sedan,0
17749433,3856010,03/03/2018,17:00,7cb528c6-bc7a-4d34-bae4-d8b6a0eb584d,Station Wagon/Sport Utility Vehicle,TOYT -CAR/SUV,,1.0,M,Licensed,Making Left Turn,Right Front Bumper,Right Front Bumper,Right Front Quarter Panel,No Damage,No Damage,Unspecified,,Driver Inattention/Distraction,Unspecified,MANHATTAN,10001.0,"(40.7509, -73.99812)",0.0,0.0,0,0,0,0,0,0,Taxi,Station Wagon/Sport Utility Vehicle,0
17820961,3872026,03/24/2018,07:48,fbd99eee-a0c8-46c2-b186-69f9bb3ab608,Station Wagon/Sport Utility Vehicle,TOYT -CAR/SUV,2010.0,1.0,M,Licensed,Going Straight Ahead,Right Front Bumper,Center Front End,Left Front Bumper,,,N,,Following Too Closely,Unspecified,QUEENS,11101.0,"(40.747124, -73.94239)",0.0,0.0,0,0,0,0,0,0,Station Wagon/Sport Utility Vehicle,Station Wagon/Sport Utility Vehicle,0
17810212,3905685,05/19/2018,00:26,8962e324-31e5-4b9f-9a45-4c8d1a93632c,Sedan,INFI -CAR/SUV,2008.0,1.0,M,Licensed,Going Straight Ahead,Right Rear Bumper,Center Back End,Left Rear Bumper,Right Rear Quarter Panel,Left Rear Quarter Panel,N,,Unspecified,Unspecified,STATEN ISLAND,10301.0,"(40.639473, -74.09285)",0.0,0.0,0,0,0,0,0,0,Sedan,,0
17829068,3900458,05/11/2018,12:43,466e3347-4a6b-4100-88d6-aefaeb82cb65,Bus,NEW FLYER,2011.0,1.0,M,Licensed,Going Straight Ahead,Right Rear Quarter Panel,Right Rear Bumper,,,,N,,Unspecified,Unspecified,,,"(40.630478, -73.9861)",0.0,0.0,0,0,0,0,0,0,Bus,Station Wagon/Sport Utility Vehicle,0
18717954,3955543,08/04/2018,10:20,588a6909-8305-41ca-a872-99f7bd38d08b,Sedan,AUDI -CAR/SUV,2016.0,0.0,,,Parked,Left Side Doors,Left Side Doors,Left Rear Quarter Panel,No Damage,No Damage,N,,Unspecified,Unspecified,BROOKLYN,11226.0,"(40.644966, -73.958984)",0.0,0.0,0,0,0,0,0,0,Sedan,,0
18757179,3940942,07/13/2018,11:00,02c67632-f63a-4d50-b514-c4fa7a531c18,Pick-up Truck,MI/FU,2003.0,1.0,M,Licensed,Going Straight Ahead,Right Front Bumper,Right Front Bumper,Center Front End,,,N,,Unspecified,Unspecified,QUEENS,11435.0,"(40.714935, -73.81636)",0.0,0.0,0,0,0,0,0,0,Pick-up Truck,Station Wagon/Sport Utility Vehicle,0
18785116,3972188,09/02/2018,11:06,62f69071-9af8-4c02-8b47-44b0daf1df1d,Station Wagon/Sport Utility Vehicle,HOND -CAR/SUV,2016.0,1.0,M,Licensed,Parked,Left Side Doors,Left Side Doors,Left Front Quarter Panel,,,N,,Driver Inattention/Distraction,Unspecified,MANHATTAN,10022.0,"(40.759624, -73.970085)",0.0,0.0,0,0,0,0,0,0,Station Wagon/Sport Utility Vehicle,Station Wagon/Sport Utility Vehicle,0
18757450,3993754,10/03/2018,15:40,d3bfaf13-395b-4b1e-9b36-17438d7423c3,Station Wagon/Sport Utility Vehicle,TOYT -CAR/SUV,2017.0,4.0,M,Licensed,Slowing or Stopping,Right Rear Bumper,Center Back End,Left Rear Bumper,,,N,,Unspecified,Unspecified,BROOKLYN,11201.0,"(40.691586, -73.99927)",0.0,0.0,0,0,0,0,0,0,Station Wagon/Sport Utility Vehicle,Station Wagon/Sport Utility Vehicle,0
18866441,4055850,12/05/2018,15:20,bef5d9ed-dccd-4d6a-a31e-45a188034de9,Sedan,INFI -CAR/SUV,1996.0,1.0,M,Licensed,Going Straight Ahead,Left Front Bumper,Center Front End,Left Side Doors,No Damage,No Damage,N,,Unspecified,Unspecified,STATEN ISLAND,10305.0,"(40.597553, -74.08463)",0.0,0.0,0,0,0,0,0,0,Sedan,Sedan,0
18803589,3999767,10/13/2018,12:15,405537db-251f-4594-8525-daeaa015ddde,Station Wagon/Sport Utility Vehicle,NISS -CAR/SUV,2017.0,1.0,M,Licensed,Going Straight Ahead,Center Back End,Center Back End,Center Back End,,,N,,Unspecified,Unspecified,BROOKLYN,11203.0,"(40.641537, -73.93899)",4.0,0.0,0,0,0,0,4,0,Station Wagon/Sport Utility Vehicle,Station Wagon/Sport Utility Vehicle,1
19577536,3850236,02/21/2018,13:05,93d90c3c-5d31-4345-b8ed-6a7777d86a73,Box Truck,INTL-TRUCK/BUS,2015.0,3.0,M,Licensed,Going Straight Ahead,Right Front Bumper,No Damage,No Damage,No Damage,No Damage,N,,Unspecified,Unspecified,QUEENS,11375.0,"(40.710625, -73.8519)",0.0,0.0,0,0,0,0,0,0,Station Wagon/Sport Utility Vehicle,Box Truck,0
18693806,3978581,09/05/2018,03:03,8f572f68-36bf-4a85-90a8-52c992fe8693,Sedan,TOYT -CAR/SUV,2017.0,0.0,,,Parked,Left Rear Bumper,Left Rear Quarter Panel,No Damage,No Damage,No Damage,N,,Unspecified,Unspecified,,,"(40.844875, -73.8678)",0.0,0.0,0,0,0,0,0,0,Station Wagon/Sport Utility Vehicle,Station Wagon/Sport Utility Vehicle,0
18742106,3936132,07/06/2018,07:50,2ebd7efe-b706-45cf-81af-8a71008c9fbb,Station Wagon/Sport Utility Vehicle,FORD -CAR/SUV,2004.0,1.0,F,Licensed,Going Straight Ahead,Center Front End,Center Front End,Center Back End,,,N,,Driver Inattention/Distraction,Following Too Closely,,,"(40.665268, -73.827705)",0.0,0.0,0,0,0,0,0,0,Sedan,Sedan,0
17731278,3857242,03/05/2018,19:50,4da75031-2f85-487a-a711-ff8f8354d6be,Taxi,CADI -CAR/SUV,2016.0,1.0,M,Licensed,Going Straight Ahead,Right Front Bumper,Right Front Bumper,Right Front Quarter Panel,,,N,,Driver Inexperience,Unspecified,BROOKLYN,11222.0,"(40.728626, -73.9481)",0.0,0.0,0,0,0,0,0,0,Taxi,Sedan,0
18860393,3998633,10/10/2018,12:15,274ddccf-4aea-4123-a826-b73cfdf20f13,Sedan,LEXS -CAR/SUV,2015.0,1.0,F,Licensed,Merging,Left Rear Quarter Panel,Left Rear Quarter Panel,,,,N,,Following Too Closely,Passing or Lane Usage Improper,,,"(40.73491, -73.92057)",0.0,0.0,0,0,0,0,0,0,Sedan,Sedan,0
17741317,3845250,02/11/2018,17:55,093985a9-b7f2-436f-a605-3de77dd8bba5,Station Wagon/Sport Utility Vehicle,NISS -CAR/SUV,2010.0,1.0,F,Licensed,Stopped in Traffic,Center Back End,Center Back End,,,,N,,Unspecified,Unspecified,,,"(40.69471, -73.751305)",0.0,0.0,0,0,0,0,0,0,Station Wagon/Sport Utility Vehicle,Station Wagon/Sport Utility Vehicle,0
18621515,3910485,05/24/2018,13:10,b15c9d56-f1a4-45bb-bbce-a8fb595e72e4,Taxi,TOYT -CAR/SUV,2016.0,1.0,M,Licensed,Going Straight Ahead,Left Side Doors,Left Side Doors,,,,N,,Unspecified,Unspecified,MANHATTAN,10011.0,"(40.74889, -74.00703)",0.0,0.0,0,0,0,0,0,0,Taxi,Box Truck,0
18768751,3991737,10/01/2018,16:30,79ed4dbf-d55e-4771-8cbf-b3eb6498e308,Station Wagon/Sport Utility Vehicle,TOYT -CAR/SUV,2010.0,1.0,M,Licensed,Going Straight Ahead,Left Front Quarter Panel,Left Front Quarter Panel,Left Front Bumper,Left Side Doors,No Damage,N,,Unspecified,Unspecified,BROOKLYN,11229.0,"(40.599907, -73.94664)",0.0,0.0,0,0,0,0,0,0,Station Wagon/Sport Utility Vehicle,Station Wagon/Sport Utility Vehicle,0
17730013,3840723,02/03/2018,12:00,a4274a78-35ae-4816-a86b-ebb81ee1a779,Pick-up Truck,HOND -CAR/SUV,2009.0,1.0,M,Licensed,Going Straight Ahead,Left Side Doors,Left Side Doors,Left Rear Quarter Panel,No Damage,No Damage,N,,Unsafe Speed,Unsafe Lane Changing,,,"(40.664993, -73.80229)",0.0,0.0,0,0,0,0,0,0,Pick-up Truck,Sedan,0
18742433,4034885,11/28/2018,10:50,bce8a85c-bc37-43a6-82f6-104ab676cf87,Sedan,FORD -CAR/SUV,2016.0,0.0,,,Parked,Center Back End,Center Back End,,,,N,,Unspecified,Unspecified,MANHATTAN,10013.0,"(40.714577, -73.9988)",0.0,0.0,0,0,0,0,0,0,Sedan,,0
18868144,4035078,11/29/2018,17:00,7c216c64-301b-4333-a2ae-52919af53fae,Sedan,HYUN -CAR/SUV,2010.0,1.0,M,Licensed,Slowing or Stopping,Center Front End,Center Front End,,,,N,,Following Too Closely,Unspecified,,,"(40.726376, -73.76624)",1.0,0.0,0,0,0,0,1,0,Sedan,Station Wagon/Sport Utility Vehicle,1
18865499,4037625,12/03/2018,16:30,91994fc0-7f0a-4f70-a53e-591694d49fff,Station Wagon/Sport Utility Vehicle,TOYT -CAR/SUV,2016.0,0.0,,,Parked,Left Rear Quarter Panel,Left Rear Quarter Panel,Left Rear Bumper,,,N,,Unspecified,Unspecified,QUEENS,11420.0,"(40.679794, -73.80982)",0.0,0.0,0,0,0,0,0,0,Station Wagon/Sport Utility Vehicle,,0
18588976,3917457,06/06/2018,16:30,1b82d8c0-4dd2-47e4-bcf0-e294afdb11f7,Sedan,BUIC -CAR/SUV,2001.0,0.0,,,Parked,Left Front Quarter Panel,Left Front Quarter Panel,No Damage,No Damage,No Damage,N,,Unspecified,Unspecified,,,"(40.77912, -73.984985)",0.0,0.0,0,0,0,0,0,0,Sedan,Pick-up Truck,0
18739133,3971697,08/31/2018,17:00,d644a009-fd2b-4474-97ba-a271206c452d,Sedan,NISS -CAR/SUV,2015.0,1.0,M,Licensed,Stopped in Traffic,Center Back End,Center Back End,,,,N,,Unspecified,Unspecified,,,"(40.86268, -73.90905)",0.0,0.0,0,0,0,0,0,0,Sedan,Sedan,0
18764824,3961415,08/14/2018,09:15,0684a696-f899-4a87-97ba-59452d317c2e,Dump,KW-TRUCK/BUS,2016.0,1.0,M,Licensed,Going Straight Ahead,Center Front End,Center Front End,Left Front Bumper,Right Front Bumper,Other,N,,Driver Inattention/Distraction,Following Too Closely,,,"(40.826546, -73.855515)",0.0,0.0,0,0,0,0,0,0,Dump,Station Wagon/Sport Utility Vehicle,0
18863675,4046433,12/15/2018,14:30,e9a10909-f89b-48ae-8ac9-2a287813eb85,Station Wagon/Sport Utility Vehicle,ftl,2015.0,1.0,M,Licensed,Merging,Right Front Quarter Panel,Right Front Quarter Panel,,,,N,,Unsafe Lane Changing,Unspecified,,,"(40.746105, -73.7668)",0.0,0.0,0,0,0,0,0,0,Station Wagon/Sport Utility Vehicle,Sedan,0
18696458,4002373,10/16/2018,20:45,23c7f515-035c-4774-b016-a2d6ecd1e2e5,Sedan,BMW -CAR/SUV,2015.0,1.0,M,Licensed,Making Right Turn,Left Front Bumper,Left Front Bumper,Left Front Quarter Panel,Left Front Bumper,No Damage,N,,Unspecified,Unspecified,,,"(40.88742, -73.89449)",0.0,0.0,0,0,0,0,0,0,Sedan,Station Wagon/Sport Utility Vehicle,0
18798672,3969161,08/24/2018,06:29,412fc5d9-daac-4e1c-ae71-c4d7f82e4292,Taxi,TOYT -CAR/SUV,2012.0,2.0,M,Licensed,Changing Lanes,Left Front Quarter Panel,Left Front Quarter Panel,Left Side Doors,,,N,,Driver Inattention/Distraction,Unspecified,,,"(40.762676, -73.954346)",3.0,0.0,0,0,0,0,3,0,Taxi,Motorcycle,1
18860656,4018155,11/10/2018,15:30,aa3d6791-d79a-47e6-8abe-a56d08868e48,Station Wagon/Sport Utility Vehicle,AUDI -CAR/SUV,2013.0,2.0,F,Licensed,Going Straight Ahead,Center Back End,Center Back End,,,,N,,Unspecified,Unspecified,,,"(40.719177, -73.79223)",0.0,0.0,0,0,0,0,0,0,Station Wagon/Sport Utility Vehicle,Station Wagon/Sport Utility Vehicle,0
18626654,4026298,09/02/2018,21:44,37339680-ce58-40fc-bc23-befdcf6f8145,Station Wagon/Sport Utility Vehicle,TOYT -CAR/SUV,2015.0,0.0,,,Parked,Left Front Bumper,Left Front Quarter Panel,,,,N,,Unspecified,Unspecified,,,"(40.83468, -73.944435)",3.0,0.0,3,0,0,0,1,0,Station Wagon/Sport Utility Vehicle,Station Wagon/Sport Utility Vehicle,1
17821116,3897433,05/09/2018,07:50,a233865b-dcbf-4253-9590-d92864de2554,Station Wagon/Sport Utility Vehicle,HOND -CAR/SUV,2000.0,1.0,M,Licensed,Going Straight Ahead,Left Rear Quarter Panel,No Damage,No Damage,No Damage,No Damage,N,,Passing Too Closely,Unspecified,,,"(40.6313, -74.01034)",0.0,0.0,0,0,0,0,0,0,Station Wagon/Sport Utility Vehicle,Station Wagon/Sport Utility Vehicle,0
17681383,3825166,01/08/2018,13:30,26dc2c0f-a7f1-4251-8687-12db233df4ac,Sedan,HYUN -CAR/SUV,2011.0,1.0,M,Licensed,Going Straight Ahead,Right Front Bumper,Right Front Bumper,,,,N,,Failure to Yield Right-of-Way,Unspecified,BROOKLYN,11217.0,"(40.67818, -73.973206)",0.0,0.0,0,0,0,0,0,0,Sedan,Sedan,0
18856799,4035015,11/29/2018,15:30,4e9e0d99-6920-4e3f-8f44-f12553bcac58,Station Wagon/Sport Utility Vehicle,TOYT -CAR/SUV,2003.0,1.0,F,Licensed,Making Right Turn,Right Side Doors,Right Side Doors,Right Front Quarter Panel,Right Rear Quarter Panel,,N,,Unspecified,Unspecified,QUEENS,11364.0,"(40.750225, -73.757385)",0.0,0.0,0,0,0,0,0,0,Station Wagon/Sport Utility Vehicle,Sedan,0
17754966,3868475,03/22/2018,20:50,7e5854bd-77ea-4bb4-abfb-192c2aca9127,Sedan,HOND -CAR/SUV,2008.0,1.0,M,Licensed,Backing,Right Rear Bumper,Right Rear Bumper,,,,N,,Driver Inattention/Distraction,Backing Unsafely,MANHATTAN,10009.0,"(40.733814, -73.97722)",0.0,0.0,0,0,0,0,0,0,Station Wagon/Sport Utility Vehicle,Sedan,0
18650131,3939063,07/07/2018,23:49,e6ca763f-ef41-44d1-b6bd-c2b67f1bcb37,Sedan,HOND -CAR/SUV,2015.0,0.0,,,Parked,Right Front Bumper,Center Front End,Left Front Bumper,Left Front Quarter Panel,No Damage,N,,Unspecified,Unspecified,STATEN ISLAND,10304.0,"(40.607464, -74.085144)",0.0,0.0,0,0,0,0,0,0,Sedan,Sedan,0
18660534,3916938,06/08/2018,20:19,1512a1e2-e818-467a-afda-1feb9176e394,Sedan,AUDI -CAR/SUV,2016.0,1.0,F,Licensed,Going Straight Ahead,Right Front Bumper,Right Front Quarter Panel,,,,N,,Unspecified,Unspecified,BROOKLYN,11220.0,"(40.643986, -74.01149)",0.0,0.0,0,0,0,0,0,0,Sedan,Sedan,0
17749784,3887905,04/25/2018,08:15,69da9c62-5373-4cc2-a70f-5fe5f7ef2d18,Station Wagon/Sport Utility Vehicle,ACUR -CAR/SUV,2013.0,1.0,M,Licensed,Making Left Turn,Other,Other,,,,N,,Unspecified,Unspecified,BROOKLYN,11201.0,"(40.68966, -74.00047)",0.0,0.0,0,0,0,0,0,0,Station Wagon/Sport Utility Vehicle,Sedan,0
18828431,4017444,11/07/2018,22:35,096d4649-4a81-41ff-80ac-d3a01efc2111,Sedan,LEXS -CAR/SUV,1999.0,1.0,,,Starting from Parking,Left Front Bumper,Left Front Bumper,,,,N,,Driver Inattention/Distraction,Failure to Yield Right-of-Way,,,"(40.582287, -74.16907)",0.0,0.0,0,0,0,0,0,0,Sedan,Sedan,0
18722499,3997521,10/10/2018,16:00,4541ed53-58a9-4c3d-b61e-245da5582455,Sedan,TOYT -CAR/SUV,2005.0,1.0,F,Licensed,Going Straight Ahead,Right Front Quarter Panel,Right Front Quarter Panel,Right Side Doors,No Damage,No Damage,N,,Passing Too Closely,Driver Inattention/Distraction,BRONX,10461.0,"(40.855083, -73.85611)",0.0,0.0,0,0,0,0,0,0,Sedan,Station Wagon/Sport Utility Vehicle,0
18678971,3999330,10/11/2018,09:45,e7859f62-9ced-4080-a8d4-61771fb0cae8,Station Wagon/Sport Utility Vehicle,FORD -CAR/SUV,2004.0,1.0,M,Licensed,Starting in Traffic,Center Front End,Center Front End,Right Front Bumper,Left Front Bumper,,N,,Unspecified,Unspecified,BROOKLYN,11213.0,"(40.668648, -73.92835)",0.0,0.0,0,0,0,0,0,0,Station Wagon/Sport Utility Vehicle,Station Wagon/Sport Utility Vehicle,0
18630025,3939711,07/11/2018,19:43,a790d342-9115-4069-b21f-031c957932ea,Station Wagon/Sport Utility Vehicle,MERZ -CAR/SUV,2017.0,1.0,,,,Right Front Bumper,Right Front Bumper,Right Front Bumper,No Damage,No Damage,N,,Unspecified,Unspecified,BROOKLYN,11224.0,"(40.575428, -73.977875)",0.0,0.0,0,0,0,0,0,0,Station Wagon/Sport Utility Vehicle,Station Wagon/Sport Utility Vehicle,0
18776189,3918758,06/09/2018,00:00,8d5bef3c-2743-4a11-bf49-72f6ff917649,Sedan,MAZD -CAR/SUV,1999.0,2.0,F,Licensed,Going Straight Ahead,Left Side Doors,Left Side Doors,Left Rear Quarter Panel,Left Front Quarter Panel,,N,,Unspecified,Unspecified,BROOKLYN,11208.0,"(40.673008, -73.87038)",2.0,0.0,0,0,0,0,2,0,Sedan,,1
18732790,4044720,12/14/2018,12:00,ba93b6ab-ca00-4c6b-b0c4-79c0e51c1382,Sedan,KIA -CAR/SUV,2018.0,1.0,,,Going Straight Ahead,Center Front End,Center Front End,,,,N,,Driver Inattention/Distraction,View Obstructed/Limited,BROOKLYN,11213.0,"(40.668324, -73.94016)",1.0,0.0,1,0,0,0,0,0,Sedan,,1
18672544,3924657,06/19/2018,09:00,7524c183-c1fd-4fb0-b6d6-810868609011,Station Wagon/Sport Utility Vehicle,HOND -CAR/SUV,2011.0,1.0,M,Licensed,Changing Lanes,Right Front Bumper,Right Front Quarter Panel,Right Front Bumper,,,N,,Unspecified,Unspecified,,,,1.0,0.0,0,0,0,0,1,0,Station Wagon/Sport Utility Vehicle,Box Truck,1
18568054,3917529,06/09/2018,00:15,f8f1cb2c-0ee4-409e-a09e-ac0bc86f5964,Station Wagon/Sport Utility Vehicle,LEXS -CAR/SUV,2015.0,3.0,,,Parked,Left Rear Quarter Panel,Left Rear Quarter Panel,Left Rear Bumper,Left Side Doors,,N,,Unspecified,Unspecified,MANHATTAN,10002.0,"(40.72247, -73.987144)",0.0,0.0,0,0,0,0,0,0,Pick-up Truck,Station Wagon/Sport Utility Vehicle,0
17817283,3887921,04/23/2018,13:40,6bf25e38-6a05-44b9-a01e-0cb4c82abc73,Sedan,HOND -CAR/SUV,2012.0,1.0,M,Licensed,Going Straight Ahead,Right Front Bumper,Right Front Quarter Panel,,,,N,,Following Too Closely,Unspecified,QUEENS,11370.0,,1.0,0.0,0,0,0,0,1,0,Sedan,Sedan,1
18652358,3912068,05/29/2018,01:22,ed50677e-bfc8-453d-a16f-f572ea5503c7,Sedan,ACUR -CAR/SUV,2012.0,1.0,,,Going Straight Ahead,No Damage,No Damage,No Damage,No Damage,No Damage,N,,Unspecified,Unspecified,QUEENS,11372.0,"(40.754612, -73.87667)",0.0,0.0,0,0,0,0,0,0,Sedan,Sedan,0
18863133,4045074,12/14/2018,16:15,858edc39-a5f5-4d48-b4b2-facf8d4d4611,Station Wagon/Sport Utility Vehicle,DODG -CAR/SUV,2007.0,1.0,M,Licensed,Going Straight Ahead,Center Front End,Center Front End,,,,N,,Following Too Closely,Unspecified,,,"(40.757355, -73.73887)",0.0,0.0,0,0,0,0,0,0,Sedan,Station Wagon/Sport Utility Vehicle,0
17819362,3902677,05/17/2018,15:00,00bbc594-36e0-4603-b729-30b5ddcf7735,Station Wagon/Sport Utility Vehicle,JEEP -CAR/SUV,2015.0,1.0,M,Licensed,Stopped in Traffic,Center Back End,Center Back End,No Damage,,,N,,Unspecified,Unspecified,,,"(40.72545, -73.837776)",0.0,0.0,0,0,0,0,0,0,Station Wagon/Sport Utility Vehicle,Station Wagon/Sport Utility Vehicle,0
18767750,3949243,07/26/2018,08:52,cd3c6655-cbf4-4d4d-bc82-d801cff34ed3,Station Wagon/Sport Utility Vehicle,GMC -CAR/SUV,2007.0,1.0,M,Licensed,Going Straight Ahead,Right Rear Bumper,Right Rear Bumper,,,,N,,Unspecified,Unspecified,QUEENS,11417.0,"(40.667114, -73.834656)",0.0,0.0,0,0,0,0,0,0,Station Wagon/Sport Utility Vehicle,Station Wagon/Sport Utility Vehicle,0