UNIQUE_ID,COLLISION_ID,CRASH_DATE,CRASH_TIME,VEHICLE_ID,VEHICLE_TYPE,VEHICLE_MAKE,VEHICLE_YEAR,VEHICLE_OCCUPANTS,DRIVER_SEX,DRIVER_LICENSE_STATUS,PRE_CRASH,POINT_OF_IMPACT,VEHICLE_DAMAGE,VEHICLE_DAMAGE_1,VEHICLE_DAMAGE_2,VEHICLE_DAMAGE_3,PUBLIC_PROPERTY_DAMAGE,PUBLIC_PROPERTY_DAMAGE_TYPE,CONTRIBUTING_FACTOR_1,CONTRIBUTING_FACTOR_2,BOROUGH,ZIP CODE,LOCATION,NUMBER OF PERSONS INJURED,NUMBER OF PERSONS KILLED,NUMBER OF PEDESTRIANS INJURED,NUMBER OF PEDESTRIANS KILLED,NUMBER OF CYCLIST INJURED,NUMBER OF CYCLIST KILLED,NUMBER OF MOTORIST INJURED,NUMBER OF MOTORIST KILLED,VEHICLE TYPE CODE 1,VEHICLE TYPE CODE 2,Severity
17825905,3893504,04/30/2018,08:30,8ebb1740-71e5-43b2-a3fe-61cf67273715,Station Wagon/Sport Utility Vehicle,NISS -CAR/SUV,2012.0,1.0,M,Licensed,Going Straight Ahead,Left Front Bumper,Left Front Bumper,Left Front Quarter Panel,No Damage,No Damage,N,,Unspecified,Unspecified,BROOKLYN,11210.0,"(40.638966, -73.94251)",0.0,0.0,0,0,0,0,0,0,Station Wagon/Sport Utility Vehicle,Station Wagon/Sport Utility Vehicle,0
18890458,4053350,12/27/2018,19:57,4690d231-6fef-4466-8a88-69b721f5c3b5,Station Wagon/Sport Utility Vehicle,MAZD -CAR/SUV,2013.0,1.0,F,Licensed,Entering Parked Position,No Damage,No Damage,No Damage,No Damage,No Damage,N,,Unspecified,Unspecified,QUEENS,11354.0,"(40.76213, -73.82494)",0.0,0.0,0,0,0,0,0,0,Station Wagon/Sport Utility Vehicle,Sedan,0
17735550,3845990,02/13/2018,18:10,9ce8f0ee-0370-4d4e-986d-1cffe72db560,Station Wagon/Sport Utility Vehicle,NISS -CAR/SUV,2016.0,1.0,M,Licensed,Going Straight Ahead,Right Front Bumper,Center Front End,Left Front Bumper,No Damage,No Damage,N,,Unspecified,Unspecified,BROOKLYN,11218.0,"(40.65639, -73.9738)",3.0,0.0,0,0,0,0,3,0,Sedan,Station Wagon/Sport Utility Vehicle,1
18869534,4045957,12/16/2018,14:18,40402c75-e085-4146-b0b4-98e451662b6d,Station Wagon/Sport Utility Vehicle,LEXS -CAR/SUV,2008.0,2.0,,,Parked,Left Rear Bumper,Left Rear Bumper,No Damage,,,N,,Unspecified,Unspecified,,,,0.0,0.0,0,0,0,0,0,0,Station Wagon/Sport Utility Vehicle,Station Wagon/Sport Utility Vehicle,0
18781536,4049407,12/19/2018,18:30,69498aae-68b5-4d35-9de8-267a2a22ae06,Sedan,NISS -CAR/SUV,2014.0,0.0,M,Licensed,Parked,Left Rear Bumper,Left Rear Bumper,No Damage,No Damage,No Damage,N,,Unspecified,Unspecified,STATEN ISLAND,10301.0,"(40.64479, -74.08029)",0.0,0.0,0,0,0,0,0,0,Sedan,,0
18848760,4008250,10/26/2018,16:30,95e435e6-e1ec-457a-9b51-e17bca2ace7f,Tractor Truck Diesel,mac,2015.0,1.0,M,Licensed,Going Straight Ahead,Right Front Bumper,Right Front Bumper,,,,N,,Unspecified,Unspecified,,,"(40.668266, -73.84214)",0.0,0.0,0,0,0,0,0,0,Tractor Truck Diesel,Sedan,0
18699281,3993194,10/04/2018,03:42,4b83a05d-71d9-4237-93d7-daadf3ad1a85,Sedan,HOND -CAR/SUV,2010.0,0.0,,,Parked,Other,Other,,,,N,,Other Vehicular,Unspecified,MANHATTAN,10011.0,"(40.7369, -73.9936)",0.0,0.0,0,0,0,0,0,0,Sedan,,0
17768309,3855633,03/02/2018,13:00,9e4ba092-b050-42d3-a8e3-2211c3e316e5,Station Wagon/Sport Utility Vehicle,JEEP -CAR/SUV,2009.0,0.0,,,Parked,Roof,Roof,Right Side Doors,Right Rear Quarter Panel,Right Front Quarter Panel,N,,Unspecified,Unspecified,QUEENS,11361.0,"(40.764973, -73.777756)",0.0,0.0,0,0,0,0,0,0,Station Wagon/Sport Utility Vehicle,,0
18715254,3972681,08/31/2018,13:35,be6745f0-2284-457c-8398-70456bd3174a,Sedan,LEXS -CAR/SUV,1997.0,0.0,,,Parked,Left Front Bumper,Left Front Bumper,Center Front End,Right Front Bumper,,N,,Unspecified,Unspecified,BROOKLYN,11210.0,"(40.621494, -73.94587)",0.0,0.0,0,0,0,0,0,0,Sedan,Sedan,0
17760766,3896713,05/07/2018,13:05,f0c40850-091d-41fc-a0eb-5d5d6f05db30,Station Wagon/Sport Utility Vehicle,NISS -CAR/SUV,,1.0,M,Licensed,Starting in Traffic,Right Side Doors,Right Rear Quarter Panel,,,,N,,Unspecified,Unspecified,,,,0.0,0.0,0,0,0,0,0,0,Station Wagon/Sport Utility Vehicle,Taxi,0
18804496,4034906,11/27/2018,18:10,13b81a5e-1fe7-447b-906a-144fb5260ee2,Sedan,JEEP -CAR/SUV,2016.0,1.0,M,Licensed,Going Straight Ahead,Left Front Bumper,Left Front Bumper,Center Front End,,,N,,Unspecified,Unspecified,BROOKLYN,11228.0,"(40.622234, -74.00901)",0.0,0.0,0,0,0,0,0,0,Sedan,Sedan,0
18701728,3925523,06/11/2018,14:18,d8eaa4c5-b71d-4605-a6ed-6512b6692e3b,Sedan,HYUN -CAR/SUV,2008.0,1.0,M,Licensed,Parked,Right Rear Bumper,Right Rear Bumper,No Damage,No Damage,No Damage,N,,Unspecified,Unspecified,BRONX,10473.0,"(40.82201, -73.85827)",0.0,0.0,0,0,0,0,0,0,Sedan,PK,0
18777922,4027686,11/17/2018,01:50,b98fa1bd-1a4c-4802-a2c1-d2ea17c7ccfc,Sedan,BMW -CAR/SUV,2008.0,2.0,M,Licensed,Changing Lanes,Right Front Bumper,Right Front Bumper,Center Front End,,,N,,Unsafe Speed,Following Too Closely,,,"(40.609917, -73.89746)",2.0,0.0,0,0,0,0,2,0,Sedan,Taxi,1
17708614,3839012,02/01/2018,17:30,36572090-c9e7-4604-9c0c-345ce58558d5,Station Wagon/Sport Utility Vehicle,HOND -CAR/SUV,2008.0,3.0,M,Licensed,Making Left Turn,Left Front Quarter Panel,No Damage,No Damage,No Damage,No Damage,N,,Driver Inattention/Distraction,Unspecified,BROOKLYN,11212.0,"(40.672073, -73.91135)",1.0,0.0,1,0,0,0,0,0,Station Wagon/Sport Utility Vehicle,,1
18684396,3924418,06/19/2018,11:06,d82616da-88c2-4b6b-a9f4-ca6e2fdb7eb7,Sedan,MAZD -CAR/SUV,2008.0,1.0,M,Licensed,Making Right Turn,Left Front Bumper,Left Front Bumper,Center Front End,,,N,,Failure to Yield Right-of-Way,Unspecified,,,"(40.608852, -74.15334)",0.0,0.0,0,0,0,0,0,0,Pick-up Truck,Sedan,0
18701742,3952212,07/28/2018,20:25,10db6571-704c-4634-aa05-b6d76cd9fa79,Station Wagon/Sport Utility Vehicle,HYUN -CAR/SUV,2007.0,1.0,M,Unlicensed,Making Left Turn,Center Front End,No Damage,No Damage,No Damage,No Damage,N,,Failure to Yield Right-of-Way,Unspecified,BRONX,10458.0,"(40.872585, -73.88128)",1.0,0.0,1,0,0,0,0,0,Station Wagon/Sport Utility Vehicle,,1
18693900,3989744,09/28/2018,13:58,0f4668d8-6968-4d3a-8e73-eb92ed746b53,Station Wagon/Sport Utility Vehicle,JEEP -CAR/SUV,2015.0,1.0,M,Licensed,Making Left Turn,Left Front Bumper,Left Front Bumper,No Damage,No Damage,No Damage,N,,Following Too Closely,Unspecified,MANHATTAN,10037.0,"(40.812744, -73.937645)",0.0,0.0,0,0,0,0,0,0,Sedan,Station Wagon/Sport Utility Vehicle,0
17847478,3885034,04/20/2018,10:45,4180562a-8d5b-4c6a-9fac-0d88dd87bf4b,Sedan,HYUN -CAR/SUV,2018.0,0.0,,,Parked,Left Rear Quarter Panel,Left Rear Quarter Panel,Left Rear Bumper,,,N,,Unspecified,Unspecified,QUEENS,11377.0,"(40.753265, -73.91229)",0.0,0.0,0,0,0,0,0,0,Sedan,,0
18651111,4001502,10/16/2018,17:12,08feae9c-ad5f-4444-b741-84c8f3c3c3e6,Station Wagon/Sport Utility Vehicle,FORD -CAR/SUV,2016.0,1.0,M,Licensed,Going Straight Ahead,Right Front Bumper,Right Front Bumper,,,,N,,Following Too Closely,Unspecified,,,"(40.86369, -73.91707)",0.0,0.0,0,0,0,0,0,0,Convertible,Station Wagon/Sport Utility Vehicle,0
17728788,3845859,02/01/2018,21:00,e40d2128-b8de-4880-ba1a-8800abff03f1,Sedan,HYUN -CAR/SUV,2015.0,1.0,M,Licensed,Parked,Left Rear Bumper,Left Rear Bumper,Left Rear Quarter Panel,No Damage,No Damage,N,,Unspecified,Unspecified,BRONX,10466.0,"(40.88019, -73.84376)",0.0,0.0,0,0,0,0,0,0,Station Wagon/Sport Utility Vehicle,Sedan,0
17800263,3866802,03/22/2018,06:20,651f0d9a-f854-4a39-9394-d21c05415370,Sedan,NISS -CAR/SUV,2016.0,1.0,M,Licensed,Going Straight Ahead,Center Front End,Center Front End,Center Front End,,,Unspecified,,Traffic Control Disregarded,Failure to Yield Right-of-Way,,,,0.0,0.0,0,0,0,0,0,0,Sedan,Station Wagon/Sport Utility Vehicle,0
18773144,3980493,09/13/2018,16:05,eba296b3-9802-4155-bb90-7e1ac8c5c277,Box Truck,FRHT-TRUCK/BUS,2004.0,0.0,,,Parked,Right Rear Bumper,No Damage,,,,N,,Unspecified,Unspecified,BROOKLYN,11211.0,"(40.71206, -73.94737)",1.0,0.0,0,0,0,0,1,0,Station Wagon/Sport Utility Vehicle,Box Truck,1
18602681,3937450,07/07/2018,00:48,50d1bd20-ee8f-4816-b478-0606341c30f6,Carry All,WANC,2007.0,0.0,M,Licensed,Making Right Turn,No Damage,No Damage,No Damage,No Damage,No Damage,Unspecified,,Driver Inattention/Distraction,Unspecified,MANHATTAN,10033.0,"(40.849968, -73.935265)",0.0,0.0,0,0,0,0,0,0,Station Wagon/Sport Utility Vehicle,Carry All,0
17738788,3847395,02/15/2018,11:40,58a549f2-06f6-448c-81df-98f85eca3476,Bus,ICRP OMNIBUS,2008.0,1.0,F,Licensed,Going Straight Ahead,Left Rear Quarter Panel,Left Rear Quarter Panel,,,,N,,Unspecified,Unspecified,MANHATTAN,10036.0,"(40.756767, -73.98272)",0.0,0.0,0,0,0,0,0,0,Box Truck,Bus,0
17871058,3880831,04/13/2018,08:00,b4ae34a5-529c-452e-b25b-34e6d604c6ca,Station Wagon/Sport Utility Vehicle,FORD -CAR/SUV,2000.0,2.0,M,Licensed,Making Left Turn,Right Front Bumper,Right Front Bumper,No Damage,No Damage,No Damage,N,,Following Too Closely,Unspecified,,,,1.0,0.0,0,0,0,0,1,0,Station Wagon/Sport Utility Vehicle,Station Wagon/Sport Utility Vehicle,1
18818281,4050684,12/22/2018,21:54,09417076-6500-4902-bc74-236f9ce618c3,Taxi,CHRY -CAR/SUV,2015.0,1.0,M,Licensed,Going Straight Ahead,Left Side Doors,Left Side Doors,,,,N,,Unspecified,Unspecified,MANHATTAN,10014.0,"(40.72779, -74.0046)",0.0,0.0,0,0,0,0,0,0,Taxi,Station Wagon/Sport Utility Vehicle,0
18702527,4016975,11/04/2018,10:15,221bbae8-1978-4b5d-89e0-f1dd2acc681f,Sedan,FORD -CAR/SUV,2013.0,4.0,M,Licensed,Going Straight Ahead,Left Rear Bumper,Left Rear Bumper,Right Front Bumper,Right Front Quarter Panel,Right Side Doors,N,,Unspecified,Unspecified,,,"(40.622414, -73.896484)",2.0,0.0,0,0,0,0,2,0,Sedan,Sedan,1
18723435,3964741,08/19/2018,19:50,98164e74-2d2f-4f16-84e2-014585eacfe6,Sedan,TOYT -CAR/SUV,2012.0,1.0,,,Going Straight Ahead,Center Front End,No Damage,No Damage,No Damage,No Damage,N,,Following Too Closely,Unspecified,,,"(40.750443, -73.96599)",1.0,0.0,0,0,0,0,1,0,Sedan,Sedan,1
17758218,3851993,02/24/2018,14:00,8562e663-856c-42d3-a19a-33a9f20da460,Sedan,NISS -CAR/SUV,2012.0,2.0,F,Licensed,Stopped in Traffic,Center Back End,Left Rear Bumper,Right Rear Bumper,,,N,,Unspecified,Unspecified,QUEENS,11416.0,"(40.68063, -73.858795)",0.0,0.0,0,0,0,0,0,0,Sedan,Station Wagon/Sport Utility Vehicle,0
18718979,3935912,07/04/2018,05:10,c8cd1310-71e3-42f0-9363-b96724ac8040,Station Wagon/Sport Utility Vehicle,NISS -CAR/SUV,2018.0,1.0,M,Licensed,Going Straight Ahead,Left Rear Bumper,Left Rear Bumper,No Damage,No Damage,No Damage,N,,Unspecified,Unspecified,MANHATTAN,10019.0,"(40.762966, -73.9819)",0.0,0.0,0,0,0,0,0,0,Station Wagon/Sport Utility Vehicle,Station Wagon/Sport Utility Vehicle,0
18659631,4018638,11/10/2018,16:30,467f2ef1-8cd2-4434-af89-f9a0fb72d99b,Sedan,TOYT -CAR/SUV,2018.0,0.0,,,Parked,Center Front End,Center Front End,No Damage,No Damage,No Damage,N,,Unspecified,Unspecified,MANHATTAN,10033.0,"(40.846317, -73.93275)",0.0,0.0,0,0,0,0,0,0,Station Wagon/Sport Utility Vehicle,Sedan,0
17717442,3847427,02/16/2018,16:54,9b94dbda-674c-463a-8857-76e0279367d6,Convertible,FORD -CAR/SUV,2011.0,1.0,M,Licensed,Going Straight Ahead,Left Front Quarter Panel,Left Front Quarter Panel,Left Side Doors,No Damage,No Damage,N,,Unspecified,Unspecified,,,"(40.663227, -73.93159)",0.0,0.0,0,0,0,0,0,0,Sedan,Convertible,0
18752074,3982472,09/15/2018,16:32,87daf8fc-be1c-4c1f-8d73-474014389037,Sedan,HOND -CAR/SUV,2018.0,1.0,M,Licensed,Slowing or Stopping,Center Back End,Center Back End,Right Rear Bumper,Left Rear Bumper,Right Rear Quarter Panel,N,,Unspecified,Unspecified,,,"(40.60567, -74.030945)",0.0,0.0,0,0,0,0,0,0,Sedan,Sedan,0
17819859,3863974,03/16/2018,12:50,d202a121-3e30-4bf3-801a-a17a66113e5f,Sedan,NISS -CAR/SUV,2013.0,0.0,,,Parked,Left Side Doors,Left Side Doors,No Damage,No Damage,No Damage,N,,Unspecified,Unspecified,BROOKLYN,11208.0,"(40.667355, -73.88263)",0.0,0.0,0,0,0,0,0,0,Sedan,,0
18882778,3998151,10/11/2018,13:40,e7b73974-8ca9-48a8-af86-2268e18c1c1c,Pick-up Truck,FREIG,2004.0,1.0,F,Licensed,Making Left Turn,Right Front Bumper,Right Front Bumper,No Damage,No Damage,No Damage,N,,Driver Inattention/Distraction,Failure to Yield Right-of-Way,QUEENS,11356.0,"(40.78416, -73.83641)",0.0,0.0,0,0,0,0,0,0,Pick-up Truck,Pick-up Truck,0
17780903,3858589,03/07/2018,06:30,ebe62fd7-116a-4a81-b14c-ef34b1a46e2e,Pick-up Truck,FORD -CAR/SUV,2015.0,1.0,M,Licensed,Going Straight Ahead,Center Front End,Center Front End,Left Front Bumper,Right Front Bumper,,N,,Following Too Closely,Unspecified,QUEENS,11423.0,"(40.72176, -73.76001)",0.0,0.0,0,0,0,0,0,0,Station Wagon/Sport Utility Vehicle,Pick-up Truck,0
18632006,3984749,09/20/2018,19:05,139af550-fbe3-4882-89e0-e02b2557365f,Sedan,TOYT -CAR/SUV,2009.0,0.0,,,Parked,Center Back End,Center Back End,Right Rear Bumper,Left Rear Bumper,Center Front End,N,,Unspecified,Unspecified,MANHATTAN,10024.0,"(40.784172, -73.97469)",1.0,0.0,0,0,0,0,1,0,Sedan,Sedan,1
17709677,3828921,01/13/2018,13:10,a53172aa-dc3c-4a38-a7bc-bce68bebbf83,Station Wagon/Sport Utility Vehicle,CHEV -CAR/SUV,2004.0,2.0,M,Licensed,Going Straight Ahead,Center Front End,Center Front End,,,,N,,Traffic Control Disregarded,Failure to Yield Right-of-Way,BROOKLYN,11207.0,"(40.65923, -73.89329)",0.0,0.0,0,0,0,0,0,0,Station Wagon/Sport Utility Vehicle,Station Wagon/Sport Utility Vehicle,0
17719288,3836300,01/26/2018,18:30,7fc20f20-f37c-4e39-8d1a-18648b7b00f3,Sedan,BMW -CAR/SUV,2010.0,2.0,F,Licensed,Parked,Left Side Doors,Left Side Doors,,,,N,,Driver Inattention/Distraction,Driver Inattention/Distraction,QUEENS,11385.0,"(40.70733, -73.90242)",0.0,0.0,0,0,0,0,0,0,Sedan,Sedan,0
18762313,4048145,12/19/2018,07:50,2246dbce-d202-4031-a4a0-2750eadd37d4,Sedan,MERZ -CAR/SUV,,2.0,M,Licensed,Entering Parked Position,Left Front Bumper,Left Front Bumper,Left Front Quarter Panel,No Damage,No Damage,N,,Failure to Yield Right-of-Way,Unspecified,BRONX,10458.0,"(40.857826, -73.88688)",0.0,0.0,0,0,0,0,0,0,Sedan,Sedan,0
18648001,4041109,12/08/2018,11:14,cfe06583-3900-4205-8a94-bbce4ec990e0,Sedan,ACUR -CAR/SUV,2013.0,1.0,F,Licensed,Going Straight Ahead,Left Rear Quarter Panel,Left Rear Quarter Panel,No Damage,No Damage,No Damage,N,,Other Vehicular,Unspecified,MANHATTAN,10012.0,"(40.724136, -73.992615)",0.0,0.0,0,0,0,0,0,0,Station Wagon/Sport Utility Vehicle,Sedan,0
17778161,3866859,03/20/2018,20:00,5ca31506-ae0f-4f95-b9d4-2da31878a540,Station Wagon/Sport Utility Vehicle,TOYT -CAR/SUV,2015.0,1.0,F,Licensed,Changing Lanes,Right Side Doors,Right Side Doors,Right Rear Quarter Panel,Right Rear Bumper,,Unspecified,,Driver Inattention/Distraction,Unsafe Lane Changing,BROOKLYN,11229.0,"(40.610947, -73.953606)",0.0,0.0,0,0,0,0,0,0,Station Wagon/Sport Utility Vehicle,Station Wagon/Sport Utility Vehicle,0
18563538,3960746,08/10/2018,00:00,65432626-0993-42e5-a5e8-f678ef1d1cb2,Sedan,HOND -CAR/SUV,2015.0,1.0,M,Licensed,Going Straight Ahead,Center Front End,Center Front End,No Damage,No Damage,No Damage,N,,Unspecified,Unspecified,MANHATTAN,10032.0,"(40.83089, -73.94348)",0.0,0.0,0,0,0,0,0,0,Carry All,Sedan,0
17799716,3879243,04/11/2018,06:43,0b1e24eb-c1eb-4878-979f-35564f40a557,Station Wagon/Sport Utility Vehicle,HOND -CAR/SUV,2008.0,1.0,,,Parked,Left Front Quarter Panel,Left Front Bumper,,,,N,,Unspecified,Unspecified,BROOKLYN,11235.0,"(40.587692, -73.96038)",0.0,0.0,0,0,0,0,0,0,Sedan,Station Wagon/Sport Utility Vehicle,0
17730169,3842711,02/08/2018,12:30,78c8a7d1-1e5e-408c-9919-e3a1add66482,Sedan,TOYT -CAR/SUV,1998.0,1.0,F,Licensed,Going Straight Ahead,Left Front Bumper,Left Front Bumper,Center Front End,Right Front Bumper,,N,,Driver Inattention/Distraction,Following Too Closely,,,"(40.60915, -74.14987)",1.0,0.0,0,0,0,0,1,0,Sedan,Sedan,1
18593178,3924302,06/19/2018,16:30,cb9ca19c-8bb9-46fb-a248-3049001e48b0,Sedan,HYUN -CAR/SUV,2017.0,2.0,M,Licensed,Going Straight Ahead,Left Front Bumper,Left Front Bumper,Left Front Quarter Panel,No Damage,No Damage,N,,Reaction to Uninvolved Vehicle,Unspecified,BRONX,10460.0,"(40.836338, -73.88952)",0.0,0.0,0,0,0,0,0,0,Sedan,Sedan,0
18795282,3964402,08/19/2018,17:18,62d9c8f7-c2ed-4274-914b-ad04ee3c7cf5,Station Wagon/Sport Utility Vehicle,FORD -CAR/SUV,2017.0,2.0,F,Licensed,Going Straight Ahead,Left Front Bumper,Left Front Quarter Panel,,,,N,,Driver Inattention/Distraction,Unspecified,QUEENS,11367.0,"(40.726837, -73.82121)",2.0,0.0,0,0,0,0,2,0,Station Wagon/Sport Utility Vehicle,Station Wagon/Sport Utility Vehicle,1
18542228,3933558,07/02/2018,10:15,4c4f9fde-ce66-4df3-b487-70d34c9dbd6e,Sedan,HYUN -CAR/SUV,2009.0,2.0,F,Licensed,Making Left Turn,Left Front Bumper,Center Front End,Left Front Bumper,Right Front Bumper,,N,,Failure to Yield Right-of-Way,Driver Inattention/Distraction,QUEENS,11693.0,"(40.586506, -73.81773)",0.0,0.0,0,0,0,0,0,0,Sedan,Sedan,0
18697815,3946048,07/20/2018,13:37,1ca1a5b0-c72d-451a-9938-101e33eba28e,Box Truck,GMC-TRUCK/BUS,2013.0,1.0,F,Licensed,Making Right Turn,Right Rear Bumper,Right Rear Quarter Panel,Right Rear Bumper,,,N,,Turning Improperly,Unspecified,QUEENS,11423.0,"(40.713528, -73.75593)",0.0,0.0,0,0,0,0,0,0,Sedan,Box Truck,0
17714497,3859453,03/08/2018,15:15,f6011014-cb9e-46d1-b4cb-69a51528ff8b,Bus,FORD-TRUCK/BUS,2015.0,2.0,M,Licensed,Backing,Center Back End,Center Back End,,,,N,,Backing Unsafely,Unspecified,MANHATTAN,10029.0,"(40.79094, -73.947235)",0.0,0.0,0,0,0,0,0,0,Sedan,Bus,0
18651572,3915120,06/05/2018,02:00,89f13c25-3f67-4506-bd7d-45c4143fa489,Motorcycle,SUZI -MCL,2007.0,1.0,M,Licensed,Stopped in Traffic,Center Back End,Right Side Doors,,,,N,,Unspecified,Unspecified,BROOKLYN,11219.0,"(40.633488, -73.98656)",0.0,0.0,0,0,0,0,0,0,Station Wagon/Sport Utility Vehicle,Motorcycle,0
17830509,3902088,05/16/2018,08:00,f2344df8-780e-4ed4-8b3e-918649218812,Sedan,NISS -CAR/SUV,2013.0,2.0,F,Licensed,Changing Lanes,Left Front Quarter Panel,Left Front Quarter Panel,Left Front Bumper,,,N,,Unsafe Lane Changing,Passing or Lane Usage Improper,BROOKLYN,11235.0,"(40.58317, -73.953445)",3.0,0.0,0,0,0,0,3,0,Sedan,Sedan,1
17810562,3870495,03/26/2018,22:00,b81cc747-b6e5-469a-8159-3af339fa0e4f,Sedan,HOND -CAR/SUV,2015.0,1.0,F,Licensed,Going Straight Ahead,Right Front Quarter Panel,Right Front Quarter Panel,,,,N,,Driver Inattention/Distraction,Unspecified,QUEENS,11367.0,"(40.730015, -73.82348)",0.0,0.0,0,0,0,0,0,0,Sedan,Station Wagon/Sport Utility Vehicle,0
17688350,3831886,01/16/2018,21:30,58c5bdf1-c4b2-460e-bdff-70e0237c3384,Sedan,INFI -CAR/SUV,2011.0,2.0,M,Licensed,Going Straight Ahead,Left Front Bumper,Left Front Bumper,,,,N,,Driver Inattention/Distraction,Following Too Closely,MANHATTAN,10003.0,"(40.734657, -73.9883)",0.0,0.0,0,0,0,0,0,0,Sedan,Sedan,0
17695836,3844661,02/10/2018,01:46,931138a5-7c96-4c38-8400-f67334ab111d,Taxi,NISS -CAR/SUV,2014.0,1.0,M,Licensed,Going Straight Ahead,Right Front Bumper,Right Front Bumper,Right Front Quarter Panel,No Damage,No Damage,N,,Reaction to Uninvolved Vehicle,Unspecified,MANHATTAN,10003.0,"(40.735313, -73.994125)",0.0,0.0,0,0,0,0,0,0,Taxi,Station Wagon/Sport Utility Vehicle,0
17806888,3874852,04/03/2018,20:38,a1769245-6f8d-4b10-9edb-21ab7666306c,Sedan,BMW -CAR/SUV,2014.0,1.0,F,Licensed,Backing,Left Front Quarter Panel,Left Front Quarter Panel,Left Front Bumper,,,N,,Backing Unsafely,Driver Inattention/Distraction,QUEENS,11434.0,"(40.678364, -73.77949)",0.0,0.0,0,0,0,0,0,0,Sedan,Sedan,0
18848023,4031815,11/24/2018,11:35,1af7ca99-dbcc-40d6-bc0c-2b0e168fc033,Sedan,MAZD -CAR/SUV,2016.0,1.0,M,Licensed,Merging,Right Rear Quarter Panel,Right Rear Quarter Panel,Right Side Doors,,,N,,Unsafe Lane Changing,Failure to Yield Right-of-Way,,,,0.0,0.0,0,0,0,0,0,0,Sedan,Sedan,0
17738380,3876049,04/05/2018,17:50,81ebb7c9-2e58-4261-ad78-55ce7b81abfe,Sedan,TOYT -CAR/SUV,2014.0,2.0,M,Licensed,Going Straight Ahead,Left Rear Quarter Panel,Left Rear Quarter Panel,,,,N,,Passing Too Closely,Unspecified,BRONX,10460.0,"(40.836178, -73.884254)",0.0,0.0,0,0,0,0,0,0,Sedan,Station Wagon/Sport Utility Vehicle,0
18766470,3990079,09/29/2018,04:20,d743afaa-4476-462c-b450-01312ae1bb09,Station Wagon/Sport Utility Vehicle,NISS -CAR/SUV,2018.0,1.0,M,Licensed,Going Straight Ahead,Left Front Bumper,Right Front Bumper,Left Front Bumper,,,N,,Alcohol Involvement,Drugs (illegal),,,"(40.86885, -73.907234)",0.0,0.0,0,0,0,0,0,0,Station Wagon/Sport Utility Vehicle,,0
18831482,4005586,10/21/2018,11:11,f4ba0589-9473-4156-ab1b-30ddfc6e10c3,Sedan,HOND -CAR/SUV,2013.0,1.0,F,Licensed,Going Straight Ahead,Center Front End,Center Front End,Left Front Bumper,Right Front Bumper,Left Front Bumper,N,,Following Too Closely,Unspecified,,,,3.0,0.0,0,0,0,0,3,0,Station Wagon/Sport Utility Vehicle,Sedan,1
18763003,4056021,12/28/2018,08:05,4616b3bc-7c73-414e-883e-3aaf6ed3edd6,Station Wagon/Sport Utility Vehicle,LEXS -CAR/SUV,2008.0,1.0,M,Licensed,Making Left Turn,Other,Other,,,,N,,Unspecified,Unspecified,MANHATTAN,10013.0,"(40.72084, -74.00066)",0.0,0.0,0,0,0,0,0,0,Box Truck,Station Wagon/Sport Utility Vehicle,0
17740186,3844453,02/11/2018,12:15,140c295f-19d4-4b90-a4fe-273f80a7f09f,Station Wagon/Sport Utility Vehicle,HOND -CAR/SUV,2016.0,1.0,F,Licensed,Going Straight Ahead,Center Back End,Center Back End,,,,N,,Unspecified,Unspecified,,,"(40.74119, -73.79279)",0.0,0.0,0,0,0,0,0,0,Station Wagon/Sport Utility Vehicle,Sedan,0
18724310,3994812,10/06/2018,18:05,1209d182-cc42-4bf0-8fdc-f7f7f8db82c1,Sedan,TOYT -CAR/SUV,2017.0,2.0,F,Licensed,Going Straight Ahead,Right Front Bumper,Right Front Bumper,Right Front Quarter Panel,Right Side Doors,Right Rear Quarter Panel,N,,Other Vehicular,Other Vehicular,,,"(40.85962, -73.91329)",0.0,0.0,0,0,0,0,0,0,Sedan,Station Wagon/Sport Utility Vehicle,0
18807297,4004649,10/19/2018,18:15,a4ae865c-b569-488b-9acb-816e7e574a15,Sedan,BMW -CAR/SUV,2017.0,1.0,M,Licensed,Stopped in Traffic,Right Rear Quarter Panel,Right Rear Quarter Panel,,,,N,,Unspecified,Unspecified,,,"(40.744556, -73.870834)",0.0,0.0,0,0,0,0,0,0,Sedan,Bike,0
17796468,3874312,04/01/2018,23:05,0f07cd9d-deec-4f7c-be6c-f82887b25a82,Sedan,HOND -CAR/SUV,2011.0,1.0,F,Licensed,Making Left Turn,Center Back End,Center Back End,,,,N,,Unspecified,Unspecified,QUEENS,11372.0,"(40.75546, -73.88631)",0.0,0.0,0,0,0,0,0,0,Sedan,,0
18630862,3935942,07/06/2018,15:00,16abbc20-609f-4c1d-9aeb-a484c86e5ef6,Sedan,VOLK -CAR/SUV,2011.0,0.0,,,Parked,Left Front Quarter Panel,Left Front Quarter Panel,,,,N,,Unspecified,Unspecified,,,"(40.71217, -74.00557)",0.0,0.0,0,0,0,0,0,0,Station Wagon/Sport Utility Vehicle,Sedan,0
17744139,3840387,02/04/2018,02:48,d8547bd8-8be5-4658-ac53-694136876509,Taxi,TOYT -CAR/SUV,2012.0,1.0,M,Licensed,Going Straight Ahead,Right Front Bumper,Right Front Bumper,Right Front Quarter Panel,,,N,,Driver Inattention/Distraction,Following Too Closely,,,"(40.731304, -73.925964)",0.0,0.0,0,0,0,0,0,0,Taxi,Taxi,0
18764750,3989032,09/27/2018,07:30,62edf9c1-4a0d-42a8-91ef-2fd5bc471fd3,Station Wagon/Sport Utility Vehicle,MERZ -CAR/SUV,2013.0,1.0,F,Licensed,Slowing or Stopping,Center Back End,Center Back End,Right Rear Bumper,Left Rear Bumper,No Damage,N,,Unspecified,Unspecified,,,,0.0,0.0,0,0,0,0,0,0,Station Wagon/Sport Utility Vehicle,,0