UNIQUE_ID,COLLISION_ID,CRASH_DATE,CRASH_TIME,VEHICLE_ID,VEHICLE_TYPE,VEHICLE_MAKE,VEHICLE_YEAR,VEHICLE_OCCUPANTS,DRIVER_SEX,DRIVER_LICENSE_STATUS,PRE_CRASH,POINT_OF_IMPACT,VEHICLE_DAMAGE,VEHICLE_DAMAGE_1,VEHICLE_DAMAGE_2,VEHICLE_DAMAGE_3,PUBLIC_PROPERTY_DAMAGE,PUBLIC_PROPERTY_DAMAGE_TYPE,CONTRIBUTING_FACTOR_1,CONTRIBUTING_FACTOR_2,BOROUGH,ZIP CODE,LOCATION,NUMBER OF PERSONS INJURED,NUMBER OF PERSONS KILLED,NUMBER OF PEDESTRIANS INJURED,NUMBER OF PEDESTRIANS KILLED,NUMBER OF CYCLIST INJURED,NUMBER OF CYCLIST KILLED,NUMBER OF MOTORIST INJURED,NUMBER OF MOTORIST KILLED,VEHICLE TYPE CODE 1,VEHICLE TYPE CODE 2,Severity
17744472,3879667,04/09/2018,14:44,f340b325-66c5-4b23-95f2-b50d60bf5c51,Sedan,FORD -CAR/SUV,2010.0,1.0,M,Unlicensed,Making Left Turn,Left Front Quarter Panel,Left Front Quarter Panel,,,,N,,Driver Inattention/Distraction,Lane Marking Improper/Inadequate,MANHATTAN,10032.0,"(40.83406, -73.944885)",1.0,0.0,0,0,0,0,1,0,Sedan,Sedan,1
17736419,3865161,03/17/2018,01:50,e6daa120-e7c2-493b-8d3c-c41182bbef7e,Sedan,MERZ -CAR/SUV,2009.0,1.0,M,Licensed,Going Straight Ahead,Right Front Bumper,Right Front Bumper,Right Front Quarter Panel,,,N,,Driver Inattention/Distraction,Unspecified,BROOKLYN,11236.0,"(40.64714, -73.89526)",0.0,0.0,0,0,0,0,0,0,Sedan,Sedan,0
17792506,3875958,04/05/2018,09:20,62382e79-770d-4395-a93c-77b6e3c1f1e9,Sedan,CADI -CAR/SUV,2004.0,0.0,,,Parked,Left Rear Quarter Panel,Left Side Doors,,,,N,,Unspecified,Unspecified,BROOKLYN,11226.0,"(40.65134, -73.95657)",0.0,0.0,0,0,0,0,0,0,Sedan,,0
17810338,3904234,05/20/2018,18:30,f78153d1-c42e-4efd-95ea-1ab5f8cd04c3,Sedan,HOND -CAR/SUV,2013.0,2.0,M,Licensed,Going Straight Ahead,Left Rear Quarter Panel,Left Rear Quarter Panel,Left Rear Bumper,No Damage,No Damage,N,,Unspecified,Unspecified,,,"(40.854973, -73.90396)",0.0,0.0,0,0,0,0,0,0,Pick-up Truck,Sedan,0
18727806,4001835,10/09/2018,18:43,7606eccd-2c58-4ebf-9a2c-ef9d021dd45f,Sedan,STRN -CAR/SUV,2002.0,2.0,M,Licensed,Going Straight Ahead,Left Front Quarter Panel,Left Front Quarter Panel,No Damage,No Damage,No Damage,N,,Unspecified,Unspecified,STATEN ISLAND,10304.0,"(40.6094, -74.09011)",0.0,0.0,0,0,0,0,0,0,Sedan,Tractor Truck Diesel,0
18815522,4040451,12/01/2018,23:15,2aacebc9-7f3f-4cd4-8234-bda897b22054,PK,CHEV-TRUCK/BUS,2008.0,1.0,M,Licensed,Going Straight Ahead,Right Front Quarter Panel,Right Rear Quarter Panel,Right Front Quarter Panel,Right Side Doors,No Damage,N,,Driver Inattention/Distraction,Other Vehicular,MANHATTAN,10016.0,"(40.748302, -73.97835)",0.0,0.0,0,0,0,0,0,0,Taxi,PK,0
18777231,4032850,11/26/2018,09:26,d848f37e-b178-455c-99ed-62abd2359a58,Box Truck,FORD-TRUCK/BUS,2008.0,0.0,M,Licensed,Going Straight Ahead,Left Rear Bumper,Left Rear Bumper,No Damage,No Damage,No Damage,Unspecified,,Unspecified,Unspecified,MANHATTAN,10011.0,"(40.7441, -73.99565)",0.0,0.0,0,0,0,0,0,0,Bus,Box Truck,0
17779588,3864833,03/17/2018,18:25,526a9477-f787-4357-a427-e079d1ec4a35,Station Wagon/Sport Utility Vehicle,KIA -CAR/SUV,2012.0,1.0,,,Going Straight Ahead,Left Front Bumper,No Damage,,,,N,,Driver Inattention/Distraction,Other Vehicular,BROOKLYN,11231.0,"(40.748787, -73.89337)",1.0,0.0,1,0,0,0,0,0,Station Wagon/Sport Utility Vehicle,,1
18848645,4019893,11/13/2018,08:15,3a146197-3002-4603-be3d-f6999dabc1f9,Station Wagon/Sport Utility Vehicle,TOYT -CAR/SUV,2013.0,1.0,M,Licensed,Going Straight Ahead,Right Front Bumper,Center Front End,Left Front Bumper,,,Unspecified,,Unspecified,Unspecified,,,"(40.754528, -73.7719)",1.0,0.0,0,0,0,0,1,0,Station Wagon/Sport Utility Vehicle,Sedan,1
19638225,3957203,08/07/2018,12:05,f8638e73-24af-4747-80c8-79e3c4668192,Sedan,HOND -CAR/SUV,2014.0,1.0,F,Licensed,Going Straight Ahead,Center Back End,Center Back End,Right Rear Bumper,Left Rear Bumper,,N,,Unspecified,Unspecified,BRONX,10469.0,"(40.866096, -73.83785)",2.0,0.0,0,0,0,0,2,0,Sedan,Sedan,1
17693916,3833221,01/13/2018,11:45,436049ec-53e9-47ac-9b0c-b8e4c0e8bf6a,Sedan,SUBA -CAR/SUV,2013.0,1.0,M,Licensed,Backing,Center Front End,Center Front End,Left Front Bumper,Left Front Bumper,Right Front Bumper,Unspecified,,Driver Inattention/Distraction,Unspecified,MANHATTAN,10028.0,"(40.779583, -73.961845)",0.0,0.0,0,0,0,0,0,0,Station Wagon/Sport Utility Vehicle,Sedan,0
18611801,3986601,09/20/2018,11:57,c9e81c1a-511c-4e1b-ad3c-0cb279b00bd0,Sedan,CHEV -CAR/SUV,2016.0,1.0,M,Licensed,Entering Parked Position,Left Side Doors,Left Side Doors,No Damage,No Damage,No Damage,N,,Driver Inattention/Distraction,Unspecified,MANHATTAN,10012.0,"(40.726933, -73.99992)",0.0,0.0,0,0,0,0,0,0,Box Truck,Sedan,0
18887469,4032013,11/24/2018,18:40,ae330c50-ba1e-45dd-a450-00ef07244501,Sedan,NISS -CAR/SUV,2016.0,1.0,F,Licensed,Going Straight Ahead,Left Front Bumper,Left Front Bumper,,,,N,,Driver Inattention/Distraction,Unspecified,QUEENS,11422.0,"(40.65736, -73.74154)",0.0,0.0,0,0,0,0,0,0,Sedan,Sedan,0
18684763,3983088,09/13/2018,13:20,68b4675e-1409-4d80-82eb-ab34e3ac39ea,Box Truck,ISU-TRUCK/BUS,2005.0,1.0,,,Going Straight Ahead,No Damage,No Damage,,,,N,,Passing Too Closely,Driver Inattention/Distraction,MANHATTAN,10013.0,"(40.716812, -73.99777)",0.0,0.0,0,0,0,0,0,0,Station Wagon/Sport Utility Vehicle,Box Truck,0
18708237,3957675,08/08/2018,08:20,eb217f8c-1b16-4a23-92b9-943edec5d628,Station Wagon/Sport Utility Vehicle,JEEP -CAR/SUV,2015.0,1.0,M,Licensed,Going Straight Ahead,Right Side Doors,Right Side Doors,No Damage,No Damage,No Damage,Unspecified,,Unspecified,Unspecified,MANHATTAN,10038.0,"(40.70645, -74.0056)",0.0,0.0,0,0,0,0,0,0,Box Truck,Station Wagon/Sport Utility Vehicle,0
18673707,3930999,06/27/2018,08:00,1e3f364b-cbe0-4b9d-b17f-ac73a0cfa792,Station Wagon/Sport Utility Vehicle,AUDI -CAR/SUV,2016.0,1.0,F,Licensed,Making Right Turn,Left Front Bumper,Left Front Bumper,Center Front End,,,N,,Failure to Yield Right-of-Way,Unspecified,QUEENS,11423.0,"(40.713875, -73.77274)",0.0,0.0,0,0,0,0,0,0,Station Wagon/Sport Utility Vehicle,Station Wagon/Sport Utility Vehicle,0
18627177,3951668,07/30/2018,04:35,b6452776-e284-4272-8dd0-2767f667f2c7,Motorcycle,YAMA -MCL,,2.0,M,Unlicensed,Going Straight Ahead,Center Front End,Center Front End,Right Front Quarter Panel,Other,Other,N,,Failure to Yield Right-of-Way,Aggressive Driving/Road Rage,BRONX,10474.0,"(40.809628, -73.890045)",2.0,0.0,0,0,0,0,2,0,Motorcycle,Tractor Truck Diesel,1
17739501,3851441,02/24/2018,09:30,a9dee782-b9df-4410-a28a-87ff6577719c,Station Wagon/Sport Utility Vehicle,ACUR -CAR/SUV,2016.0,1.0,M,Licensed,Stopped in Traffic,Left Front Bumper,Left Front Bumper,No Damage,No Damage,No Damage,Unspecified,,Driver Inattention/Distraction,Unspecified,MANHATTAN,10001.0,"(40.750294, -73.99485)",0.0,0.0,0,0,0,0,0,0,Sedan,Station Wagon/Sport Utility Vehicle,0
17712515,3836973,01/30/2018,04:45,c1878243-1e0b-48a3-8c12-e35f76378c74,Station Wagon/Sport Utility Vehicle,FORD -CAR/SUV,2017.0,1.0,M,Licensed,Making Left Turn,Left Side Doors,Left Front Quarter Panel,,,,N,,Failure to Keep Right,Unspecified,,,"(40.759308, -73.9653)",0.0,0.0,0,0,0,0,0,0,Station Wagon/Sport Utility Vehicle,Taxi,0
18855706,4033836,11/27/2018,17:30,7daf6bb7-eb9a-40db-b88d-7d40e8a4a076,Sedan,TOYT -CAR/SUV,2014.0,2.0,F,Licensed,Going Straight Ahead,Left Front Quarter Panel,Left Front Quarter Panel,,,,N,,Unspecified,Unspecified,,,"(40.752434, -73.74126)",0.0,0.0,0,0,0,0,0,0,Sedan,Station Wagon/Sport Utility Vehicle,0
18807631,4018343,11/11/2018,06:20,7b688d42-bde8-4230-8137-e7a3bd6909d0,Sedan,CADI -CAR/SUV,2013.0,1.0,M,Licensed,Going Straight Ahead,Center Front End,Center Front End,Left Front Bumper,Right Front Bumper,,N,,Following Too Closely,Unspecified,,,"(40.822838, -73.928764)",0.0,0.0,0,0,0,0,0,0,Station Wagon/Sport Utility Vehicle,Sedan,0
18844739,4020494,11/13/2018,17:54,9f657d35-728e-4607-b697-f5bddd3f997d,Station Wagon/Sport Utility Vehicle,MAZD -CAR/SUV,2018.0,1.0,M,Licensed,Going Straight Ahead,Right Side Doors,Right Side Doors,Right Rear Quarter Panel,Right Front Quarter Panel,,Unspecified,,Unspecified,Unspecified,MANHATTAN,10017.0,"(40.756027, -73.974846)",0.0,0.0,0,0,0,0,0,0,Station Wagon/Sport Utility Vehicle,Sedan,0
18723107,3987426,09/21/2018,22:09,e5023413-b07e-46a8-a187-84d87fae37de,Sedan,TOYT -CAR/SUV,2009.0,1.0,M,Licensed,Making Right Turn,Left Front Quarter Panel,Left Front Bumper,,,,N,,Unspecified,Unspecified,MANHATTAN,10001.0,"(40.753387, -73.99631)",0.0,0.0,0,0,0,0,0,0,Sedan,Dump,0
18807321,3972888,09/03/2018,10:50,31a5efaf-a942-4029-9572-ae73c351bad8,Station Wagon/Sport Utility Vehicle,CADI -CAR/SUV,2017.0,1.0,M,Licensed,Going Straight Ahead,Left Front Quarter Panel,Left Front Quarter Panel,,,,N,,Unspecified,Unspecified,MANHATTAN,10028.0,"(40.775562, -73.95035)",0.0,0.0,0,0,0,0,0,0,Station Wagon/Sport Utility Vehicle,Station Wagon/Sport Utility Vehicle,0
17802567,3897528,05/08/2018,12:49,30771bb4-b76d-4975-bb82-e2e4c2341f7d,Taxi,TOYT -CAR/SUV,2017.0,1.0,M,Licensed,Stopped in Traffic,Right Front Bumper,Right Front Bumper,Right Front Quarter Panel,,,N,,Unspecified,Unspecified,MANHATTAN,10001.0,"(40.748436, -73.9962)",0.0,0.0,0,0,0,0,0,0,Taxi,Taxi,0
18776649,4004292,08/08/2018,15:50,f529ed82-af2a-4535-9053-012abac1ddb6,Sedan,TOYT -CAR/SUV,2017.0,0.0,,,Parked,Left Rear Bumper,Left Rear Bumper,,,,N,,Unspecified,Unspecified,MANHATTAN,10018.0,"(40.752808, -73.99098)",0.0,0.0,0,0,0,0,0,0,Sedan,NYPD,0
18836516,4051916,12/25/2018,04:23,b93a02e5-1e87-4b6a-b7cd-08f907c9652d,Sedan,TOYT -CAR/SUV,2004.0,0.0,,,Parked,Right Front Bumper,Right Front Bumper,Right Front Quarter Panel,Left Rear Bumper,Right Side Doors,N,,Unspecified,Unspecified,BROOKLYN,11210.0,"(40.636646, -73.950966)",0.0,0.0,0,0,0,0,0,0,Station Wagon/Sport Utility Vehicle,Sedan,0
17764822,3851234,02/22/2018,14:06,943ede98-c194-4ef9-b78a-933f4b45037f,Taxi,TOYT -CAR/SUV,2013.0,1.0,M,Licensed,Slowing or Stopping,Left Front Quarter Panel,Left Front Quarter Panel,No Damage,No Damage,No Damage,N,,Driver Inattention/Distraction,Unspecified,MANHATTAN,10128.0,"(40.783054, -73.944885)",0.0,0.0,0,0,0,0,0,0,Taxi,Taxi,0
18688275,3986761,09/21/2018,17:00,dd804175-90be-41a0-9dd5-c43cc056825d,Station Wagon/Sport Utility Vehicle,HOND -CAR/SUV,2010.0,1.0,M,Licensed,Going Straight Ahead,Left Side Doors,Left Side Doors,,,,N,,Traffic Control Disregarded,Driver Inattention/Distraction,MANHATTAN,10003.0,"(40.73518, -73.98038)",0.0,0.0,0,0,0,0,0,0,Pick-up Truck,Station Wagon/Sport Utility Vehicle,0
18574434,3977864,09/08/2018,00:00,71aed12e-dbc3-42ad-b9b0-63b64e01214d,Station Wagon/Sport Utility Vehicle,FORD -CAR/SUV,2000.0,1.0,,,Parked,Left Rear Quarter Panel,Left Rear Quarter Panel,,,,N,,Unspecified,Unspecified,,,"(40.80897, -73.94833)",0.0,0.0,0,0,0,0,0,0,Convertible,Station Wagon/Sport Utility Vehicle,0
17682388,3828803,01/14/2018,15:00,29bddaa5-5866-40d4-b78e-fe246cb2c3f1,Sedan,TOYT -CAR/SUV,2004.0,1.0,F,Licensed,Parked,Right Front Bumper,Right Front Bumper,Center Front End,Center Front End,Right Front Bumper,N,,Turning Improperly,Unspecified,BRONX,10456.0,"(40.82293, -73.90409)",0.0,0.0,0,0,0,0,0,0,Sedan,Sedan,0
17701982,3836535,01/26/2018,10:02,d748dc1e-8e90-438c-b0b3-de82bd381a9e,Sedan,FORD -CAR/SUV,2017.0,1.0,F,Licensed,Merging,Left Rear Bumper,Left Rear Quarter Panel,,,,N,,Unspecified,Unspecified,STATEN ISLAND,10301.0,"(40.61346, -74.100555)",0.0,0.0,0,0,0,0,0,0,Sedan,Sedan,0
18634908,3955287,08/02/2018,22:30,7e1c8966-8ac4-46d1-8148-93ca83071dcf,Station Wagon/Sport Utility Vehicle,LEXS -CAR/SUV,2004.0,1.0,F,Licensed,Going Straight Ahead,Left Front Bumper,Left Front Bumper,Left Front Quarter Panel,,,N,,Unspecified,Unspecified,BROOKLYN,11236.0,"(40.64, -73.90194)",1.0,0.0,0,0,0,0,1,0,Station Wagon/Sport Utility Vehicle,Sedan,1
17799939,3892978,04/25/2018,10:00,d7700875-a5c1-45cb-a32b-6ed86b75b06e,Sedan,TOYT -CAR/SUV,2015.0,1.0,M,Licensed,Parked,Right Side Doors,Right Side Doors,,,,N,,Passenger Distraction,Driver Inattention/Distraction,BROOKLYN,11201.0,"(40.689453, -73.984535)",0.0,0.0,0,0,0,0,0,0,Station Wagon/Sport Utility Vehicle,Sedan,0
18655963,4048191,12/19/2018,14:45,7986469d-e400-4e38-be37-cf2230ec590b,Sedan,LEXS -CAR/SUV,2015.0,0.0,,,Parked,Center Front End,Center Front End,No Damage,No Damage,No Damage,N,,Unspecified,Unspecified,MANHATTAN,10009.0,"(40.72792, -73.98507)",0.0,0.0,0,0,0,0,0,0,Box Truck,Sedan,0
17772500,3866146,03/19/2018,19:00,82477c2a-1979-40df-b1de-855527ae29db,Sedan,CHEV -CAR/SUV,2013.0,1.0,M,Licensed,Going Straight Ahead,Center Back End,Center Back End,Left Rear Bumper,Right Rear Bumper,No Damage,N,,Unspecified,Unspecified,QUEENS,11423.0,"(40.708935, -73.77721)",0.0,0.0,0,0,0,0,0,0,Sedan,Sedan,0
18839963,4010110,10/27/2018,10:00,a179b54b-bfd9-4e7e-a4f9-4a088cb9fcfa,Station Wagon/Sport Utility Vehicle,JEEP -CAR/SUV,2014.0,0.0,,,Parked,Left Rear Bumper,Left Rear Quarter Panel,Center Back End,No Damage,No Damage,N,,Unspecified,Unspecified,BRONX,10469.0,"(40.87307, -73.84424)",0.0,0.0,0,0,0,0,0,0,Station Wagon/Sport Utility Vehicle,Sedan,0
17826837,3871469,03/28/2018,08:26,5a2d6431-5e64-410e-8957-d7aa5ae55a53,Sedan,KIA -CAR/SUV,2017.0,1.0,F,Licensed,Slowing or Stopping,Center Back End,Center Back End,No Damage,No Damage,No Damage,N,,Unspecified,Unspecified,,,"(40.73807, -73.93756)",0.0,0.0,0,0,0,0,0,0,Sedan,Sedan,0
18699711,3934265,06/29/2018,10:00,dc326fed-9849-48d4-94a6-68e243362d65,Sedan,STRN -CAR/SUV,2008.0,2.0,F,Licensed,Going Straight Ahead,Center Front End,Center Front End,Left Front Bumper,Right Front Bumper,,N,,Following Too Closely,Driver Inattention/Distraction,,,,4.0,0.0,0,0,0,0,4,0,Station Wagon/Sport Utility Vehicle,Sedan,1
18795275,3912541,06/01/2018,15:30,e5b8bd38-783c-4b9c-903d-170a90f1d388,Station Wagon/Sport Utility Vehicle,HOND -CAR/SUV,2018.0,2.0,M,Licensed,Going Straight Ahead,Center Front End,Center Front End,,,,N,,Driver Inattention/Distraction,Unspecified,,,,0.0,0.0,0,0,0,0,0,0,Sedan,Station Wagon/Sport Utility Vehicle,0
18543711,3926543,06/21/2018,10:35,03acf38b-df4e-495b-8419-8d2f7adce62d,Taxi,NISS -CAR/SUV,2016.0,1.0,M,Licensed,Going Straight Ahead,Right Front Quarter Panel,Right Front Quarter Panel,,,,N,,Other Vehicular,Unspecified,MANHATTAN,10027.0,"(40.80875, -73.959656)",0.0,0.0,0,0,0,0,0,0,Taxi,Taxi,0
18652516,3950425,07/27/2018,11:30,e9f1cdef-4c64-42a5-879e-40492a65bc1c,Station Wagon/Sport Utility Vehicle,VOLK -CAR/SUV,2009.0,1.0,M,Licensed,Going Straight Ahead,Right Rear Bumper,Right Rear Bumper,Center Back End,No Damage,No Damage,N,,Unspecified,Unspecified,BRONX,10458.0,"(40.859253, -73.88674)",0.0,0.0,0,0,0,0,0,0,Taxi,Station Wagon/Sport Utility Vehicle,0
18666429,3937104,07/08/2018,11:45,71129210-463d-41a1-9f6e-03aec9a6c712,Sedan,NISS -CAR/SUV,2010.0,0.0,,,Parked,Left Side Doors,Left Front Quarter Panel,,,,N,,Unspecified,Unspecified,QUEENS,11374.0,"(40.73365, -73.855125)",0.0,0.0,0,0,0,0,0,0,Sedan,,0
18660958,3973682,09/02/2018,16:30,4ef7dfc1-abb2-42f9-8927-e17b5138aa52,Sedan,HOND -CAR/SUV,2007.0,4.0,M,Licensed,Changing Lanes,Left Front Quarter Panel,Left Front Quarter Panel,Left Front Bumper,No Damage,No Damage,N,,Passing Too Closely,Unsafe Lane Changing,,,"(40.670006, -73.95328)",0.0,0.0,0,0,0,0,0,0,Taxi,Sedan,0
18890155,4053014,12/26/2018,14:55,e5ae488f-ae34-41a1-a65e-09187b6d19f6,Station Wagon/Sport Utility Vehicle,MITS -CAR/SUV,2018.0,2.0,F,Licensed,Going Straight Ahead,Left Rear Bumper,Left Rear Bumper,Left Rear Quarter Panel,,,N,,Unspecified,Unspecified,,,"(40.67505, -73.73322)",3.0,0.0,0,0,0,0,3,0,Sedan,Sedan,1
18774996,3950873,07/27/2018,22:41,a6c523da-8123-48a7-a575-09642ed3af54,Sedan,TOYT -CAR/SUV,2014.0,1.0,M,Licensed,Making Left Turn,Left Side Doors,Left Side Doors,Left Rear Quarter Panel,,,N,,Driver Inattention/Distraction,Unspecified,MANHATTAN,10128.0,"(40.780754, -73.95258)",0.0,0.0,0,0,0,0,0,0,Taxi,Sedan,0
19575037,3871757,03/27/2018,16:12,0088ba4d-2ebe-4ba9-b5c1-ee74d531d49c,Sedan,DODG -CAR/SUV,2016.0,2.0,M,Licensed,Going Straight Ahead,Center Front End,Center Front End,,,,N,,Alcohol Involvement,Unspecified,MANHATTAN,10032.0,"(40.84362, -73.94148)",2.0,0.0,0,0,0,0,2,0,Sedan,Sedan,1
18573972,3939326,07/09/2018,09:15,3947183e-ddb6-45eb-9cd4-1280241f31da,Pick-up Truck,CHEV -CAR/SUV,2009.0,0.0,,,Parked,Right Front Bumper,Right Front Bumper,,,,N,,Unspecified,Unspecified,,,"(40.78722, -73.96793)",0.0,0.0,0,0,0,0,0,0,Pick-up Truck,Pick-up Truck,0
18727475,3929195,06/26/2018,09:25,2453946e-786c-46e1-8953-b98c890a17a7,Pick-up Truck,DODG -CAR/SUV,2006.0,1.0,M,Licensed,Going Straight Ahead,Center Front End,Center Front End,,,,N,,Failure to Yield Right-of-Way,Unspecified,QUEENS,11420.0,"(40.683002, -73.81955)",0.0,0.0,0,0,0,0,0,0,Pick-up Truck,Sedan,0
18866706,3948935,07/26/2018,20:00,b0757fab-f570-4bc9-9586-9ed1e138a9fe,Sedan,ACUR -CAR/SUV,2014.0,0.0,,,Parked,Left Front Quarter Panel,Left Front Quarter Panel,Left Side Doors,Left Front Bumper,No Damage,N,,Unspecified,Unspecified,QUEENS,11355.0,"(40.758396, -73.81994)",0.0,0.0,0,0,0,0,0,0,Sedan,,0
17769806,3885801,04/21/2018,16:00,ebd01546-0dc9-4650-9222-2a8aa5e1605d,Sedan,CHRY -CAR/SUV,2014.0,1.0,M,Licensed,Entering Parked Position,Right Front Quarter Panel,Right Front Quarter Panel,,,,N,,Unspecified,Unspecified,BROOKLYN,11213.0,"(40.66434, -73.93155)",0.0,0.0,0,0,0,0,0,0,Sedan,Sedan,0
17705990,3841529,02/02/2018,22:05,9a29c260-05e3-4097-a59d-656eaa4a040f,Station Wagon/Sport Utility Vehicle,CHRY -CAR/SUV,,3.0,F,Licensed,Going Straight Ahead,Left Front Quarter Panel,Left Front Quarter Panel,Left Front Bumper,,,N,,Unspecified,Unspecified,BRONX,10457.0,"(40.84633, -73.887344)",0.0,0.0,0,0,0,0,0,0,Station Wagon/Sport Utility Vehicle,Station Wagon/Sport Utility Vehicle,0
18889237,4043849,12/13/2018,09:20,8d6ab9e6-57ac-4168-8c53-af417ce29c26,Sedan,MERZ -CAR/SUV,2018.0,0.0,,,Parked,Center Back End,Center Back End,Left Rear Bumper,Right Rear Bumper,,N,,Unspecified,Unspecified,,,"(40.747528, -73.823265)",0.0,0.0,0,0,0,0,0,0,Sedan,Station Wagon/Sport Utility Vehicle,0
17732177,3853169,02/26/2018,11:20,8196a05c-d58e-40ff-b1eb-690b1cb09332,Station Wagon/Sport Utility Vehicle,CHEV -CAR/SUV,2006.0,1.0,M,Licensed,Changing Lanes,Right Side Doors,Right Side Doors,,,,N,,Unspecified,Unspecified,MANHATTAN,10002.0,"(40.71832, -73.994415)",0.0,0.0,0,0,0,0,0,0,Station Wagon/Sport Utility Vehicle,,0
18705840,4032747,11/25/2018,13:40,008efc5e-534c-4c9e-9417-12c32339e3ac,Sedan,MERZ -CAR/SUV,2006.0,1.0,M,Licensed,Going Straight Ahead,Center Front End,Center Front End,Center Front End,Right Front Bumper,Center Front End,N,,Following Too Closely,Driver Inattention/Distraction,,,"(40.67807, -73.94139)",0.0,0.0,0,0,0,0,0,0,Sedan,Sedan,0
17791462,3870671,03/27/2018,16:25,9da7278b-b131-4ec4-b9ea-4e8d827c5227,Sedan,HOND -CAR/SUV,2003.0,1.0,M,Licensed,Starting from Parking,Right Front Quarter Panel,Right Front Quarter Panel,,,,Unspecified,,Unspecified,Unspecified,BRONX,10451.0,"(40.81701, -73.92134)",0.0,0.0,0,0,0,0,0,0,Sedan,Sedan,0
17843880,3899509,05/11/2018,17:45,f10fd0cd-7111-484d-8299-a4e4418942ec,Sedan,HOND -CAR/SUV,2013.0,1.0,M,Licensed,Merging,Left Rear Quarter Panel,Left Rear Quarter Panel,,,,N,,Unsafe Lane Changing,Driver Inattention/Distraction,,,"(40.832245, -73.85659)",0.0,0.0,0,0,0,0,0,0,Sedan,Tractor Truck Diesel,0
18759988,4029442,11/19/2018,18:36,13c2c36a-3f69-46f9-ac29-eaa1ebccaa59,Station Wagon/Sport Utility Vehicle,FORD -CAR/SUV,2001.0,2.0,M,Licensed,Going Straight Ahead,Right Front Quarter Panel,Right Front Quarter Panel,Right Side Doors,Right Rear Quarter Panel,,Unspecified,,Driver Inattention/Distraction,Passing Too Closely,BRONX,10453.0,"(40.85447, -73.91008)",0.0,0.0,0,0,0,0,0,0,Station Wagon/Sport Utility Vehicle,Station Wagon/Sport Utility Vehicle,0
17686927,3825176,01/08/2018,01:30,04526ed5-9cb9-4245-bfe4-1969304ac484,Sedan,CHEV -CAR/SUV,1986.0,0.0,,,Parked,Right Side Doors,Right Side Doors,Right Front Quarter Panel,,,N,,Unspecified,Unspecified,BROOKLYN,11214.0,"(40.600163, -73.99808)",0.0,0.0,0,0,0,0,0,0,Station Wagon/Sport Utility Vehicle,Sedan,0
17776624,3874589,04/03/2018,10:15,e26e073f-d6b4-49f7-b102-bde0b3606e7f,Station Wagon/Sport Utility Vehicle,FORD -CAR/SUV,2013.0,1.0,M,Licensed,Changing Lanes,Right Front Quarter Panel,Right Front Quarter Panel,No Damage,,,Unspecified,,Following Too Closely,Unspecified,,,"(40.72135, -74.00465)",0.0,0.0,0,0,0,0,0,0,Sedan,Station Wagon/Sport Utility Vehicle,0
17691734,3833437,01/13/2018,05:00,39568206-e11c-4a2c-adfd-f91c94f78901,Sedan,TOYT -CAR/SUV,2017.0,0.0,,,Parked,Left Rear Quarter Panel,Center Back End,Right Front Bumper,Center Front End,Left Front Bumper,N,,Unspecified,Unspecified,,,"(40.672226, -73.94472)",0.0,0.0,0,0,0,0,0,0,Sedan,Station Wagon/Sport Utility Vehicle,0
19647972,4042424,12/10/2018,09:21,f48d06b5-acae-4055-b531-eaedf1df35d4,Sedan,HOND -CAR/SUV,2014.0,1.0,M,Licensed,Stopped in Traffic,Center Back End,Center Back End,Center Front End,,,N,,Unspecified,Unspecified,,,,0.0,0.0,0,0,0,0,0,0,Sedan,Sedan,0
17709727,3831955,01/19/2018,15:30,e31144e2-c6ef-40f5-a216-b3fe9d4e1ee3,Sedan,NISS -CAR/SUV,2013.0,1.0,M,Licensed,Going Straight Ahead,Right Side Doors,Right Front Quarter Panel,Right Rear Quarter Panel,,,N,,Unspecified,View Obstructed/Limited,,,"(40.67544, -73.78086)",1.0,0.0,0,0,0,0,1,0,Sedan,Sedan,1
17731997,3857892,03/05/2018,00:00,433c307f-2b2f-4aef-b2f1-018e62364f39,Station Wagon/Sport Utility Vehicle,VOLV -CAR/SUV,2004.0,0.0,,,Parked,Left Front Bumper,Left Front Bumper,Left Front Quarter Panel,,,N,,Unspecified,Unspecified,BROOKLYN,11222.0,"(40.723064, -73.94447)",0.0,0.0,0,0,0,0,0,0,Station Wagon/Sport Utility Vehicle,Station Wagon/Sport Utility Vehicle,0
18849024,4043268,12/12/2018,11:45,4f57f80a-8504-4c14-a19b-b85f6b79491f,Sedan,CHEV -CAR/SUV,2005.0,1.0,,,Parked,Left Front Bumper,Left Front Quarter Panel,,,,N,,Unspecified,Unspecified,,,"(40.63251, -74.15708)",0.0,0.0,0,0,0,0,0,0,Sedan,Station Wagon/Sport Utility Vehicle,0
17675016,3820929,01/02/2018,09:14,9e11d925-2434-4e42-84b4-03606ef3e3b9,Taxi,TOYT -CAR/SUV,2012.0,1.0,M,Licensed,Making Right Turn,Left Front Quarter Panel,Left Front Quarter Panel,,,,N,,Unspecified,Unspecified,BRONX,10459.0,"(40.81632, -73.89622)",0.0,0.0,0,0,0,0,0,0,Taxi,Taxi,0
18797649,3908956,05/26/2018,00:00,7070a520-e6ea-413a-a836-649498234d08,Sedan,PORS -CAR/SUV,2018.0,1.0,F,Licensed,Making Right Turn,Right Front Quarter Panel,Right Front Quarter Panel,Right Front Bumper,,,N,,Passing or Lane Usage Improper,Turning Improperly,QUEENS,11358.0,"(40.75454, -73.80574)",0.0,0.0,0,0,0,0,0,0,Sedan,Sedan,0