UNIQUE_ID,COLLISION_ID,CRASH_DATE,CRASH_TIME,VEHICLE_ID,VEHICLE_TYPE,VEHICLE_MAKE,VEHICLE_YEAR,VEHICLE_OCCUPANTS,DRIVER_SEX,DRIVER_LICENSE_STATUS,PRE_CRASH,POINT_OF_IMPACT,VEHICLE_DAMAGE,VEHICLE_DAMAGE_1,VEHICLE_DAMAGE_2,VEHICLE_DAMAGE_3,PUBLIC_PROPERTY_DAMAGE,PUBLIC_PROPERTY_DAMAGE_TYPE,CONTRIBUTING_FACTOR_1,CONTRIBUTING_FACTOR_2,BOROUGH,ZIP CODE,LOCATION,NUMBER OF PERSONS INJURED,NUMBER OF PERSONS KILLED,NUMBER OF PEDESTRIANS INJURED,NUMBER OF PEDESTRIANS KILLED,NUMBER OF CYCLIST INJURED,NUMBER OF CYCLIST KILLED,NUMBER OF MOTORIST INJURED,NUMBER OF MOTORIST KILLED,VEHICLE TYPE CODE 1,VEHICLE TYPE CODE 2,Severity
18757762,4048289,12/17/2018,17:57,5d540c58-b07c-4792-a065-be75c8146e5c,Station Wagon/Sport Utility Vehicle,JEEP -CAR/SUV,2014.0,1.0,M,Unlicensed,Going Straight Ahead,Center Front End,Center Front End,,,,N,,Following Too Closely,Driver Inexperience,MANHATTAN,10003.0,"(40.737328, -73.99266)",0.0,0.0,0,0,0,0,0,0,Sedan,Station Wagon/Sport Utility Vehicle,0
18848688,4019470,11/12/2018,11:00,042fbf1f-49a5-4be6-a466-4c2adc5bf28f,Station Wagon/Sport Utility Vehicle,JEEP -CAR/SUV,2005.0,1.0,F,Licensed,Stopped in Traffic,Center Back End,Center Back End,Right Rear Bumper,,,N,,Unspecified,Unspecified,QUEENS,11434.0,"(40.66851, -73.76626)",0.0,0.0,0,0,0,0,0,0,Station Wagon/Sport Utility Vehicle,Station Wagon/Sport Utility Vehicle,0
18652789,3907770,05/25/2018,19:20,5b12c447-fe77-4a15-ac94-aaf84f35a662,Sedan,TOYT -CAR/SUV,2017.0,1.0,M,Licensed,Making Left Turn,Left Front Bumper,Left Side Doors,Left Front Quarter Panel,No Damage,No Damage,N,,Unspecified,Unspecified,,,"(40.60805, -74.15736)",1.0,0.0,0,0,0,0,1,0,Sedan,Sedan,1
17849148,3905302,05/20/2018,05:45,f5c3ab1e-8054-49dc-aadb-4c4bd004b3dc,Sedan,FORD -CAR/SUV,2018.0,2.0,F,Licensed,Going Straight Ahead,Right Front Bumper,Right Front Bumper,Right Front Quarter Panel,Right Front Quarter Panel,Right Front Quarter Panel,N,,Driver Inattention/Distraction,Driver Inattention/Distraction,QUEENS,11434.0,"(40.66796, -73.77155)",0.0,0.0,0,0,0,0,0,0,Sedan,Sedan,0
18657198,3944573,07/17/2018,17:50,2c2cadd2-ec94-4d3f-9f23-11e02e9affd1,Sedan,FORD -CAR/SUV,2014.0,0.0,M,Licensed,Making Right Turn,Right Rear Quarter Panel,Right Side Doors,Right Rear Quarter Panel,No Damage,No Damage,N,,Unspecified,Unspecified,STATEN ISLAND,10310.0,"(40.6271, -74.12514)",0.0,0.0,0,0,0,0,0,0,Sedan,Sedan,0
18832409,3944482,07/18/2018,15:30,5252c08a-0823-4cca-b5ef-7152e1bfa9db,Station Wagon/Sport Utility Vehicle,NISS -CAR/SUV,2016.0,0.0,,,Parked,Left Side Doors,Left Side Doors,Left Rear Quarter Panel,Left Front Quarter Panel,,N,,Unspecified,Unspecified,BROOKLYN,11208.0,"(40.67341, -73.86761)",0.0,0.0,0,0,0,0,0,0,Sedan,Station Wagon/Sport Utility Vehicle,0
18814208,4007726,10/25/2018,21:28,73404df1-bb87-4655-a907-8a2d932c0e3e,Station Wagon/Sport Utility Vehicle,LNDR -CAR/SUV,2004.0,1.0,F,Licensed,Going Straight Ahead,Left Front Bumper,Left Front Bumper,Center Front End,,,N,,Unspecified,Unspecified,,,,1.0,0.0,0,0,0,0,1,0,Station Wagon/Sport Utility Vehicle,Station Wagon/Sport Utility Vehicle,1
18795683,3982093,09/17/2018,04:27,c4aaffa7-ae4a-4a15-ad6c-a2b66f2fa43e,Sedan,BMW -CAR/SUV,2015.0,1.0,M,Licensed,Going Straight Ahead,Center Back End,Right Rear Bumper,Left Rear Bumper,No Damage,No Damage,N,,Unspecified,Unspecified,,,"(40.69407, -73.82802)",1.0,0.0,0,0,0,0,1,0,Sedan,Sedan,1
18835965,4055471,12/31/2018,16:55,15ef4b1d-2cf5-47b1-990b-d3011c658bd9,Station Wagon/Sport Utility Vehicle,HOND -CAR/SUV,2017.0,1.0,M,Licensed,Making Left Turn,Center Front End,No Damage,No Damage,No Damage,No Damage,N,,Driver Inexperience,Failure to Yield Right-of-Way,,,"(40.829002, -73.91557)",1.0,0.0,1,0,0,0,0,0,Station Wagon/Sport Utility Vehicle,,1
18709125,3952817,07/31/2018,13:00,34fa2b54-064c-4d16-b762-6548feaefe27,Station Wagon/Sport Utility Vehicle,RAMB -CAR/SUV,2015.0,1.0,M,Licensed,Parked,Left Rear Bumper,Left Rear Bumper,,,,N,,Passing or Lane Usage Improper,Unspecified,QUEENS,11432.0,"(40.70546, -73.7949)",0.0,0.0,0,0,0,0,0,0,Sedan,Station Wagon/Sport Utility Vehicle,0
17678451,3820898,01/02/2018,08:29,01020347-4d1b-4f56-b2ae-26f1c92df4f6,Station Wagon/Sport Utility Vehicle,CHEV -CAR/SUV,2017.0,1.0,M,Licensed,Parked,Left Rear Quarter Panel,Left Rear Quarter Panel,Left Rear Bumper,No Damage,No Damage,N,,Unspecified,Unspecified,BROOKLYN,11207.0,"(40.672356, -73.883896)",0.0,0.0,0,0,0,0,0,0,Station Wagon/Sport Utility Vehicle,,0
18737880,3954256,08/03/2018,05:40,162b09d1-11bb-419b-a5dc-c463624828e5,Sedan,BMW -CAR/SUV,2000.0,0.0,,,Parked,Left Rear Bumper,Center Back End,,,,N,,Unspecified,Unspecified,BRONX,10451.0,"(40.814423, -73.925964)",0.0,0.0,0,0,0,0,0,0,Dump,Sedan,0
17809934,3876008,04/03/2018,10:40,f3491d64-f250-40e7-97c1-51ce9f8316fe,Sedan,MERZ -CAR/SUV,2016.0,1.0,F,Licensed,Going Straight Ahead,Center Front End,Center Front End,No Damage,No Damage,,N,,Unspecified,Unspecified,,,,0.0,0.0,0,0,0,0,0,0,Sedan,Sedan,0
18878145,4005734,10/22/2018,16:45,63d9c1f2-38ae-4cd8-9c4c-c5d51f763250,Bus,IC,2011.0,1.0,M,Licensed,Going Straight Ahead,Left Front Quarter Panel,No Damage,No Damage,No Damage,No Damage,N,,Unspecified,Driver Inattention/Distraction,,,"(40.67798, -73.872116)",0.0,0.0,0,0,0,0,0,0,Bus,Sedan,0
17885806,3904764,05/20/2018,08:00,f57b6a34-2d9b-4151-bff6-0c8189fffdb7,Sedan,VOLV -CAR/SUV,1997.0,1.0,F,Licensed,Starting from Parking,Left Front Bumper,Center Front End,Right Front Bumper,Left Front Bumper,,N,,Failure to Yield Right-of-Way,Unspecified,BROOKLYN,11207.0,"(40.661026, -73.88493)",0.0,0.0,0,0,0,0,0,0,Station Wagon/Sport Utility Vehicle,Sedan,0
18705367,3936950,07/06/2018,15:20,d7fe5779-cdd1-491b-9e9f-23b8022856c8,Sedan,NISS -CAR/SUV,2015.0,1.0,F,Licensed,Going Straight Ahead,Right Front Quarter Panel,Right Front Quarter Panel,,,,N,,Passing or Lane Usage Improper,Unspecified,BRONX,10455.0,"(40.818226, -73.916794)",0.0,0.0,0,0,0,0,0,0,Sedan,Station Wagon/Sport Utility Vehicle,0
18833380,3989169,09/27/2018,00:00,d3a5499e-6d54-475a-93d2-d3c3b6e91d06,Sedan,LEXS -CAR/SUV,1999.0,1.0,F,Licensed,Making Right Turn,Left Front Bumper,Left Front Quarter Panel,,,,N,,Turning Improperly,Unspecified,QUEENS,11367.0,"(40.726685, -73.82183)",0.0,0.0,0,0,0,0,0,0,Sedan,Station Wagon/Sport Utility Vehicle,0
17832360,3891217,04/30/2018,10:40,0863dde1-856c-447d-924e-dacfc860230e,Station Wagon/Sport Utility Vehicle,JEEP -CAR/SUV,2007.0,1.0,M,Licensed,Entering Parked Position,Center Front End,Center Front End,No Damage,No Damage,No Damage,N,,Driver Inattention/Distraction,Driver Inexperience,BRONX,10462.0,"(40.830902, -73.84765)",0.0,0.0,0,0,0,0,0,0,Station Wagon/Sport Utility Vehicle,Sedan,0
17735139,3891221,04/29/2018,08:30,de956771-6f06-455f-a571-b7fb0bcf2cb8,Sedan,NISS -CAR/SUV,2009.0,0.0,F,Licensed,Parked,Left Side Doors,Left Side Doors,Left Rear Quarter Panel,Left Front Quarter Panel,Left Front Bumper,N,,Unspecified,Unspecified,BROOKLYN,11233.0,"(40.685375, -73.91887)",0.0,0.0,0,0,0,0,0,0,Sedan,,0
17699933,3829535,01/16/2018,14:04,c9a273db-7189-4221-bea9-09b7d7477c47,Station Wagon/Sport Utility Vehicle,FORD -CAR/SUV,2016.0,1.0,M,Licensed,Going Straight Ahead,Right Rear Bumper,Right Rear Bumper,No Damage,No Damage,No Damage,Unspecified,,Unspecified,Unspecified,MANHATTAN,10022.0,"(40.761234, -73.96389)",0.0,0.0,0,0,0,0,0,0,Station Wagon/Sport Utility Vehicle,Station Wagon/Sport Utility Vehicle,0
17791765,3864608,03/17/2018,18:57,d4cc78bd-74bb-4f65-80ed-7f89f331aee5,Sedan,HOND -CAR/SUV,2016.0,1.0,M,Licensed,Going Straight Ahead,Left Front Bumper,Left Front Bumper,No Damage,No Damage,No Damage,N,,Unspecified,Unspecified,QUEENS,11361.0,"(40.762974, -73.760796)",0.0,0.0,0,0,0,0,0,0,Sedan,,0
19627624,4002441,10/16/2018,20:50,20187246-ae75-43bc-acd3-6b6a27d873d6,Sedan,TOYT -CAR/SUV,2015.0,1.0,M,Licensed,Merging,Right Front Bumper,Right Front Bumper,,,,N,,Unsafe Lane Changing,Driver Inattention/Distraction,MANHATTAN,10002.0,"(40.72334, -73.99289)",0.0,0.0,0,0,0,0,0,0,Sedan,Sedan,0
18614037,3928319,06/21/2018,16:30,59ff5e60-5367-4a13-9282-5000dcef5afd,Station Wagon/Sport Utility Vehicle,BMW -CAR/SUV,2001.0,1.0,F,Licensed,Backing,Right Rear Bumper,No Damage,No Damage,No Damage,No Damage,N,,Unspecified,Unspecified,BROOKLYN,11224.0,"(40.57351, -73.9993)",0.0,0.0,0,0,0,0,0,0,Station Wagon/Sport Utility Vehicle,Station Wagon/Sport Utility Vehicle,0
17831203,3903836,05/19/2018,03:40,5c718f04-64c0-45fc-acc2-0bc6506f3e4a,Sedan,TOYT -CAR/SUV,2015.0,3.0,M,Licensed,Making Left Turn,Left Side Doors,Left Side Doors,Left Rear Quarter Panel,,,N,,Unspecified,Unspecified,,,"(40.861862, -73.91282)",3.0,0.0,0,0,0,0,3,0,Sedan,,1
17801669,3883330,04/16/2018,07:15,c8179a9c-1aef-4ffe-b755-8ac292927aa1,Taxi,TOYT -CAR/SUV,2017.0,1.0,M,Licensed,Going Straight Ahead,Left Front Quarter Panel,Left Front Quarter Panel,,,,N,,Unspecified,Unspecified,MANHATTAN,10016.0,"(40.74775, -73.98086)",0.0,0.0,0,0,0,0,0,0,Pick-up Truck,Taxi,0
18795363,3968727,08/25/2018,02:00,c69fc8d7-f9cd-4922-9484-798805274437,Station Wagon/Sport Utility Vehicle,HOND -CAR/SUV,2010.0,0.0,,,Parked,Right Rear Quarter Panel,Right Rear Quarter Panel,Right Side Doors,Right Front Quarter Panel,,N,,Unspecified,Unspecified,QUEENS,11420.0,"(40.68083, -73.827194)",3.0,0.0,0,0,0,0,3,0,Station Wagon/Sport Utility Vehicle,Sedan,1
17694421,3833585,01/23/2018,17:25,0ced9210-fd23-4414-836a-7e039f87e38a,Station Wagon/Sport Utility Vehicle,GMC -CAR/SUV,2015.0,2.0,M,Licensed,Going Straight Ahead,Left Front Bumper,Center Front End,Right Front Bumper,,,Unspecified,,Unspecified,Unspecified,BROOKLYN,11236.0,"(40.64275, -73.90378)",2.0,0.0,0,0,0,0,2,0,Station Wagon/Sport Utility Vehicle,Station Wagon/Sport Utility Vehicle,1
18748018,3960426,08/13/2018,16:58,90ca9961-c08a-4aa6-8c94-ec28cf0f3f48,Sedan,VOLK -CAR/SUV,2013.0,1.0,M,Licensed,Going Straight Ahead,Right Front Bumper,Right Front Bumper,,,,N,,Unspecified,Unspecified,QUEENS,11368.0,"(40.73532, -73.86113)",0.0,0.0,0,0,0,0,0,0,Sedan,Taxi,0
18646990,4003318,10/17/2018,15:29,8e74f10f-217b-4187-af4b-e4e64ed1f638,Sedan,DODG -CAR/SUV,2018.0,0.0,F,Licensed,Going Straight Ahead,Right Front Quarter Panel,Right Front Quarter Panel,,,,N,,Unspecified,Unspecified,MANHATTAN,10033.0,"(40.84491, -73.93324)",0.0,0.0,0,0,0,0,0,0,Sedan,Sedan,0
18662209,3992972,10/01/2018,11:17,c2d3c10b-de0d-4ab3-9860-750d59495662,Station Wagon/Sport Utility Vehicle,CHEV -CAR/SUV,2008.0,1.0,F,Licensed,Entering Parked Position,Right Rear Bumper,Right Rear Bumper,No Damage,No Damage,No Damage,N,,Unspecified,Unspecified,BRONX,10459.0,"(40.82443, -73.89793)",0.0,0.0,0,0,0,0,0,0,Sedan,Station Wagon/Sport Utility Vehicle,0
17787434,3867792,03/22/2018,15:40,bed16911-386a-4922-9e9d-4a54374a61bf,Box Truck,FRHT-TRUCK/BUS,2015.0,1.0,M,Licensed,Going Straight Ahead,Left Rear Quarter Panel,No Damage,,,,N,,Other Vehicular,Unspecified,MANHATTAN,10019.0,"(40.764698, -73.98602)",0.0,0.0,0,0,0,0,0,0,Box Truck,Station Wagon/Sport Utility Vehicle,0
18810139,3984409,09/19/2018,16:00,4e1f2dfe-00da-4cf4-91d4-576b3095418f,Sedan,LEXS -CAR/SUV,2014.0,0.0,,,Parked,Left Side Doors,Left Side Doors,Left Front Quarter Panel,,,N,,Unspecified,Unspecified,BRONX,10475.0,"(40.885742, -73.82665)",0.0,0.0,0,0,0,0,0,0,Sedan,,0
18830161,4038957,12/05/2018,19:00,ead76331-86d5-49d2-a6c8-4c0ae6ce0dc5,Station Wagon/Sport Utility Vehicle,NISS -CAR/SUV,2006.0,1.0,M,Licensed,Going Straight Ahead,Right Front Quarter Panel,Right Front Quarter Panel,Right Front Bumper,,,N,,Unspecified,Unspecified,QUEENS,11369.0,"(40.76301, -73.87532)",0.0,0.0,0,0,0,0,0,0,Station Wagon/Sport Utility Vehicle,Sedan,0
17826223,3886810,04/21/2018,14:25,90c39302-e755-4297-a2d0-7c02c966eb56,Station Wagon/Sport Utility Vehicle,HOND -CAR/SUV,2012.0,3.0,M,,Stopped in Traffic,Left Front Bumper,Left Front Bumper,Left Front Quarter Panel,,,N,,Unspecified,Unspecified,STATEN ISLAND,10306.0,"(40.58185, -74.129395)",2.0,0.0,0,0,0,0,2,0,Station Wagon/Sport Utility Vehicle,Sedan,1
18793496,4012609,11/02/2018,07:50,29e8aeda-5580-4e12-b82e-d702ebbc76ab,Bus,COLLI,2018.0,0.0,M,Licensed,Making Left Turn,Right Front Bumper,Right Front Bumper,Right Front Bumper,,,N,,Failure to Yield Right-of-Way,Unspecified,,,"(40.879215, -73.885284)",0.0,0.0,0,0,0,0,0,0,Station Wagon/Sport Utility Vehicle,Bus,0
17699557,3836188,01/27/2018,04:10,b3ef0237-467a-4de8-8e72-36290a0bf2b7,Sedan,AUDI -CAR/SUV,2006.0,2.0,F,Licensed,Going Straight Ahead,Left Front Bumper,Left Front Bumper,,,,N,,Unspecified,Unspecified,BROOKLYN,11238.0,"(40.68553, -73.95656)",0.0,0.0,0,0,0,0,0,0,Sedan,Sedan,0
17802708,3877369,04/07/2018,10:30,dcc0d14f-fb26-4d5f-aebf-eca655344f13,Station Wagon/Sport Utility Vehicle,JEEP -CAR/SUV,1999.0,1.0,M,Licensed,Going Straight Ahead,Center Front End,Center Front End,Right Front Bumper,,,N,,Passenger Distraction,Unspecified,BROOKLYN,11203.0,"(40.651733, -73.93039)",0.0,0.0,0,0,0,0,0,0,Sedan,Station Wagon/Sport Utility Vehicle,0
18823220,4046452,12/14/2018,19:07,9d171379-2785-4dc8-a90b-cd72de029bed,Sedan,TOYT -CAR/SUV,2017.0,1.0,M,Licensed,Making Left Turn,Left Front Quarter Panel,No Damage,No Damage,No Damage,No Damage,N,,Failure to Yield Right-of-Way,Driver Inattention/Distraction,MANHATTAN,10016.0,"(40.749046, -73.98203)",1.0,0.0,1,0,0,0,0,0,Sedan,,1
18870445,4050269,12/20/2018,13:00,e2b1529c-a5cf-4d8f-87c5-5871496d0ef1,Convertible,TOYT -CAR/SUV,2007.0,1.0,M,Licensed,Going Straight Ahead,Right Rear Quarter Panel,Right Rear Quarter Panel,,,,N,,Unspecified,Driver Inattention/Distraction,QUEENS,11420.0,"(40.676025, -73.80905)",0.0,0.0,0,0,0,0,0,0,Convertible,Station Wagon/Sport Utility Vehicle,0
18641587,3946010,07/17/2018,22:00,ca0b83e5-e732-41b7-9338-078c1428b314,Sedan,TOYT -CAR/SUV,2016.0,1.0,M,Licensed,Making Right Turn,Right Rear Quarter Panel,Right Rear Quarter Panel,,,,N,,Passing or Lane Usage Improper,Driver Inattention/Distraction,MANHATTAN,10002.0,"(40.723648, -73.99103)",0.0,0.0,0,0,0,0,0,0,Station Wagon/Sport Utility Vehicle,Sedan,0
17856775,3904735,05/19/2018,21:45,62d6006c-a3f0-4ee6-8bb0-a4ffd2ed6954,Sedan,TOYT -CAR/SUV,2015.0,1.0,M,Licensed,Backing,Right Rear Bumper,Right Rear Bumper,Center Back End,,,N,,Unspecified,Unspecified,QUEENS,11420.0,"(40.677654, -73.82866)",0.0,0.0,0,0,0,0,0,0,Sedan,Sedan,0
18673252,3918229,06/10/2018,17:40,061eee48-c86b-46c3-a4a8-a8d651afc25b,Sedan,NISS -CAR/SUV,2017.0,1.0,F,Licensed,Starting from Parking,Left Side Doors,Left Side Doors,,,,N,,Unspecified,Unspecified,BROOKLYN,11206.0,"(40.706757, -73.94914)",0.0,0.0,0,0,0,0,0,0,Sedan,Sedan,0
17686413,3827204,01/12/2018,05:59,6a3e7817-d686-46a7-8bdf-deb1b57e0da8,Box Truck,HINO -TRUCK/BUS,2014.0,1.0,M,Licensed,Making Right Turn,Right Rear Quarter Panel,No Damage,,,,N,,Unspecified,Unspecified,MANHATTAN,10007.0,"(40.713055, -74.00723)",0.0,0.0,0,0,0,0,0,0,Box Truck,Station Wagon/Sport Utility Vehicle,0
17777404,3887278,04/23/2018,15:30,a68006c3-c332-43d9-861f-6dc651438d79,Sedan,TOYT -CAR/SUV,2017.0,3.0,M,Licensed,Going Straight Ahead,Center Front End,No Damage,No Damage,No Damage,No Damage,N,,Other Vehicular,Unspecified,,,"(40.844006, -73.87732)",0.0,0.0,0,0,0,0,0,0,Sedan,Sedan,0
18600114,3915113,06/01/2018,07:07,dab34848-e8f3-4a14-ac6c-b9198cd2d918,Station Wagon/Sport Utility Vehicle,JEEP -CAR/SUV,,,,,Going Straight Ahead,Center Front End,No Damage,No Damage,No Damage,,N,,Unspecified,Unspecified,BROOKLYN,11215.0,"(40.673668, -73.989174)",1.0,0.0,1,0,0,0,0,0,Station Wagon/Sport Utility Vehicle,,1
17801901,3896052,05/05/2018,13:19,ab4eff62-ee10-43dc-aeeb-ae01f2cf35a7,Station Wagon/Sport Utility Vehicle,GMC -CAR/SUV,2004.0,1.0,M,,Backing,Right Rear Bumper,Right Rear Bumper,,,,N,,Unspecified,Unspecified,BROOKLYN,11234.0,"(40.61222, -73.918846)",0.0,0.0,0,0,0,0,0,0,Sedan,Station Wagon/Sport Utility Vehicle,0
17797515,3878372,04/09/2018,04:50,a461eb46-c115-47fe-b156-9969241c0215,Sedan,TOYT -CAR/SUV,2017.0,3.0,M,Licensed,Going Straight Ahead,Right Rear Quarter Panel,Right Rear Bumper,Center Back End,Left Rear Bumper,,N,,Unspecified,Unspecified,,,"(40.854923, -73.82636)",0.0,0.0,0,0,0,0,0,0,Sedan,Sedan,0
18729770,3941760,07/13/2018,16:50,0c04649b-d721-4451-9e85-a86cecfa8165,Sedan,FORD -CAR/SUV,2011.0,1.0,M,Licensed,Backing,Center Back End,Center Back End,,,,N,,Backing Unsafely,Unspecified,MANHATTAN,10019.0,"(40.766403, -73.99424)",0.0,0.0,0,0,0,0,0,0,Sedan,Sedan,0
18573757,3921241,06/13/2018,07:20,ad0e285f-6338-4b2a-8e67-4a4d67de4f9d,Sedan,HOND -CAR/SUV,2004.0,1.0,F,Licensed,Parked,Left Side Doors,Left Side Doors,Left Front Quarter Panel,,,N,,Driver Inattention/Distraction,Unspecified,,,"(40.81401, -73.94466)",1.0,0.0,0,0,0,0,1,0,Sedan,Sedan,1
17819326,3891020,04/24/2018,20:00,494af5ba-b694-4734-84be-d068c450bdc0,Station Wagon/Sport Utility Vehicle,FORD -CAR/SUV,2015.0,0.0,,,Parked,Left Front Bumper,No Damage,Left Front Quarter Panel,No Damage,Left Rear Quarter Panel,N,,Unspecified,Unspecified,BROOKLYN,11226.0,"(40.644306, -73.95179)",0.0,0.0,0,0,0,0,0,0,Sedan,Station Wagon/Sport Utility Vehicle,0
17736360,3850078,02/21/2018,09:25,58121e6c-db83-45b5-9ab3-1f30fab7f4bf,Pick-up Truck,FORD -CAR/SUV,2013.0,1.0,M,Licensed,Going Straight Ahead,Right Rear Quarter Panel,Right Rear Quarter Panel,Right Rear Bumper,No Damage,No Damage,N,,Unspecified,Unspecified,MANHATTAN,10016.0,"(40.749485, -73.97539)",0.0,0.0,0,0,0,0,0,0,Bus,Pick-up Truck,0
17756947,3859746,03/09/2018,17:00,409fa38e-676b-4636-9ad7-c2a492f3d3b0,Sedan,KIA -CAR/SUV,2015.0,1.0,F,Licensed,Slowing or Stopping,Center Front End,Center Front End,,,,N,,Driver Inattention/Distraction,Unspecified,,,"(40.749172, -73.967026)",1.0,0.0,0,0,0,0,1,0,Sedan,Sedan,1
18829842,4051135,12/23/2018,19:00,695d3b54-1e8d-441a-966e-0efe55067b0c,Box Truck,HINO,2015.0,1.0,M,Licensed,Changing Lanes,Left Side Doors,No Damage,No Damage,No Damage,No Damage,N,,Driver Inattention/Distraction,Unspecified,MANHATTAN,10017.0,"(40.75319, -73.98023)",0.0,0.0,0,0,0,0,0,0,Box Truck,Taxi,0
17683656,3825905,01/10/2018,08:30,89e26d71-6033-4ba8-8075-6e94df9370f4,Station Wagon/Sport Utility Vehicle,JEEP -CAR/SUV,2005.0,1.0,M,Licensed,Parked,Left Side Doors,Left Front Quarter Panel,,,,N,,Failure to Yield Right-of-Way,Other Vehicular,BROOKLYN,11222.0,"(40.72671, -73.952484)",1.0,0.0,0,0,1,0,0,0,Station Wagon/Sport Utility Vehicle,Pick-up Truck,1
19613713,3884508,04/19/2018,19:00,9b4762dd-fb2c-4034-bb5c-086e1222222c,Station Wagon/Sport Utility Vehicle,TOYT -CAR/SUV,2017.0,1.0,,,Backing,Center Back End,Center Back End,,,,N,,Backing Unsafely,Driver Inattention/Distraction,BROOKLYN,11211.0,"(40.710217, -73.96332)",0.0,0.0,0,0,0,0,0,0,Station Wagon/Sport Utility Vehicle,Station Wagon/Sport Utility Vehicle,0
18288150,4060475,12/31/2018,23:05,02002314-e074-4eac-a6a9-6c0c37285c05,Station Wagon/Sport Utility Vehicle,TOYT -CAR/SUV,2015.0,1.0,M,Licensed,Going Straight Ahead,Left Front Quarter Panel,Left Front Quarter Panel,No Damage,No Damage,No Damage,N,,Unspecified,Unspecified,,,"(40.854874, -73.916794)",0.0,0.0,0,0,0,0,0,0,Station Wagon/Sport Utility Vehicle,Sedan,0
18812334,3918670,06/11/2018,14:30,912437cb-5a36-416c-82ea-87fad8866d78,Sedan,KIA -CAR/SUV,2015.0,0.0,F,Licensed,Going Straight Ahead,Center Front End,Center Front End,Right Front Quarter Panel,Left Front Quarter Panel,,N,,Unsafe Speed,Unspecified,QUEENS,11434.0,"(40.665176, -73.76942)",3.0,0.0,0,0,0,0,3,0,Sedan,Sedan,1
18599921,3920409,06/12/2018,13:30,9da73306-ec55-435b-b1e4-27acd117f674,Sedan,TOYT -CAR/SUV,2011.0,1.0,M,Licensed,Backing,Left Rear Quarter Panel,Left Side Doors,Left Side Doors,No Damage,,N,,Unspecified,Unspecified,BRONX,10459.0,"(40.821007, -73.89666)",1.0,0.0,0,0,0,0,1,0,Sedan,Sedan,1
17831246,3895707,05/07/2018,13:40,d662d26e-6640-4f0a-a00d-2feddddbb31d,Sedan,CHEV -CAR/SUV,2012.0,0.0,,,Parked,Right Side Doors,Right Side Doors,Right Rear Quarter Panel,No Damage,No Damage,N,,Unspecified,Unspecified,,,,0.0,0.0,0,0,0,0,0,0,Sedan,Sedan,0
17849024,3885789,04/21/2018,14:53,cc6b76f5-bcb5-4ce7-918b-b5b017fc4683,Station Wagon/Sport Utility Vehicle,CHEV -CAR/SUV,2015.0,1.0,M,Licensed,Going Straight Ahead,Right Side Doors,Right Side Doors,Right Rear Quarter Panel,,,N,,Driver Inattention/Distraction,Unspecified,,,"(40.753593, -73.92338)",0.0,0.0,0,0,0,0,0,0,Station Wagon/Sport Utility Vehicle,Station Wagon/Sport Utility Vehicle,0
18839796,3932497,07/01/2018,14:45,a94f126e-4716-4050-8e7c-278cfe809fe1,Sedan,TOYT -CAR/SUV,2014.0,3.0,F,Licensed,Slowing or Stopping,Right Rear Bumper,No Damage,,,,N,,Unspecified,Unspecified,QUEENS,11434.0,"(40.655254, -73.76568)",0.0,0.0,0,0,0,0,0,0,Sedan,Sedan,0
18800887,3969793,08/27/2018,10:00,e74c2f10-e6fe-4c44-b519-b06aef330a04,Van,FORD-TRUCK/BUS,2016.0,1.0,,,Entering Parked Position,Right Rear Quarter Panel,No Damage,No Damage,No Damage,No Damage,N,,Driver Inattention/Distraction,Unspecified,,,"(40.77831, -73.962776)",0.0,0.0,0,0,0,0,0,0,Van,Van,0
18768839,4017200,11/06/2018,08:25,ffba8bb2-924a-4744-a3e1-a42b835c038c,Station Wagon/Sport Utility Vehicle,NISS -CAR/SUV,2011.0,1.0,F,Licensed,Merging,Left Rear Bumper,Left Rear Quarter Panel,,,,N,,Unspecified,Unspecified,BROOKLYN,11234.0,"(40.635204, -73.928444)",0.0,0.0,0,0,0,0,0,0,Sedan,Station Wagon/Sport Utility Vehicle,0
18645310,3924098,06/18/2018,11:50,3b12db92-4b73-43ed-93fa-e90058d434a7,Sedan,NISS -CAR/SUV,2011.0,2.0,M,Licensed,Slowing or Stopping,Center Back End,Left Rear Bumper,,,,N,,Unspecified,Unspecified,,,"(40.70075, -73.98599)",0.0,0.0,0,0,0,0,0,0,Sedan,Sedan,0
18645506,3924097,06/18/2018,12:40,765c8604-65d4-4dc3-8ba6-41926cbcad17,Station Wagon/Sport Utility Vehicle,VOLV -CAR/SUV,2001.0,1.0,M,Licensed,Going Straight Ahead,Right Front Bumper,Right Front Quarter Panel,Right Side Doors,,,N,,Passing Too Closely,Unspecified,BROOKLYN,11201.0,"(40.68902, -73.98617)",0.0,0.0,0,0,0,0,0,0,Sedan,Station Wagon/Sport Utility Vehicle,0
18680585,3936304,07/06/2018,15:00,d720b5c1-9968-4560-a6cb-2ad6a1bc596d,Sedan,MERZ -CAR/SUV,2011.0,1.0,M,Licensed,Going Straight Ahead,Left Front Bumper,Left Front Bumper,Left Front Bumper,Left Front Bumper,Left Front Bumper,N,,Unspecified,Unspecified,,,"(40.88078, -73.88347)",0.0,0.0,0,0,0,0,0,0,Sedan,Sedan,0
18887682,4031862,11/24/2018,13:45,d82f9c83-b5c7-4a5f-813b-12b0c10611f6,Station Wagon/Sport Utility Vehicle,CHEV -CAR/SUV,2014.0,1.0,M,Unlicensed,Making Right Turn,Right Front Bumper,Right Front Bumper,,,,N,,Driver Inexperience,Unspecified,,,"(40.775967, -73.79924)",0.0,0.0,0,0,0,0,0,0,Station Wagon/Sport Utility Vehicle,Sedan,0