UNIQUE_ID,COLLISION_ID,CRASH_DATE,CRASH_TIME,VEHICLE_ID,VEHICLE_TYPE,VEHICLE_MAKE,VEHICLE_YEAR,VEHICLE_OCCUPANTS,DRIVER_SEX,DRIVER_LICENSE_STATUS,PRE_CRASH,POINT_OF_IMPACT,VEHICLE_DAMAGE,VEHICLE_DAMAGE_1,VEHICLE_DAMAGE_2,VEHICLE_DAMAGE_3,PUBLIC_PROPERTY_DAMAGE,PUBLIC_PROPERTY_DAMAGE_TYPE,CONTRIBUTING_FACTOR_1,CONTRIBUTING_FACTOR_2,BOROUGH,ZIP CODE,LOCATION,NUMBER OF PERSONS INJURED,NUMBER OF PERSONS KILLED,NUMBER OF PEDESTRIANS INJURED,NUMBER OF PEDESTRIANS KILLED,NUMBER OF CYCLIST INJURED,NUMBER OF CYCLIST KILLED,NUMBER OF MOTORIST INJURED,NUMBER OF MOTORIST KILLED,VEHICLE TYPE CODE 1,VEHICLE TYPE CODE 2,Severity
18654492,3914260,06/04/2018,05:05,6e4b5b41-ff34-4a02-8dc3-15519f8cecf9,Sedan,NISS -CAR/SUV,2018.0,1.0,M,Licensed,Going Straight Ahead,Left Front Bumper,Left Front Bumper,Left Front Quarter Panel,No Damage,No Damage,N,,Unspecified,Unspecified,,,"(40.63858, -74.02078)",0.0,0.0,0,0,0,0,0,0,Station Wagon/Sport Utility Vehicle,Sedan,0
17756273,3861237,03/12/2018,09:20,9f875335-5fc9-4955-a1b9-d95cd37d2ecb,Sedan,VOLK -CAR/SUV,2009.0,1.0,F,Licensed,Making Left Turn,Center Back End,Center Back End,,,,N,,Unspecified,Unspecified,,,"(40.709225, -73.843155)",0.0,0.0,0,0,0,0,0,0,Sedan,Sedan,0
17712873,3839024,01/25/2018,18:13,d273107b-307a-4664-848b-0b919cc895e6,Taxi,TOYT -CAR/SUV,2013.0,1.0,M,Licensed,Going Straight Ahead,Center Front End,Center Front End,,,,N,,Driver Inattention/Distraction,Following Too Closely,,,"(40.584366, -73.9271)",0.0,0.0,0,0,0,0,0,0,Sedan,Taxi,0
17718617,3838839,02/01/2018,11:15,b5a3fbbe-b354-453e-ac1a-9e55fd8d54e8,Sedan,HOND -CAR/SUV,2015.0,1.0,F,Licensed,Going Straight Ahead,Center Back End,Center Back End,Center Front End,No Damage,No Damage,N,,Unspecified,Unspecified,,,"(40.85999, -73.82869)",0.0,0.0,0,0,0,0,0,0,Sedan,Station Wagon/Sport Utility Vehicle,0
18730764,3914939,06/04/2018,12:00,1364140c-7561-4a7c-ad77-3a3185503c8e,Van,FRHT-TRUCK/BUS,2017.0,1.0,M,Licensed,Slowing or Stopping,Center Front End,Center Front End,,,,N,,Driver Inattention/Distraction,Unspecified,QUEENS,11377.0,"(40.734337, -73.91025)",0.0,0.0,0,0,0,0,0,0,Van,Sedan,0
17850737,3886284,04/22/2018,11:45,b51c7ead-272d-44b6-8ec3-e730d9dc1e19,Sedan,NISS -CAR/SUV,2011.0,1.0,F,Licensed,Entering Parked Position,Left Front Bumper,Left Front Bumper,Center Front End,,,N,,Driver Inattention/Distraction,Driver Inattention/Distraction,,,"(40.74377, -73.91383)",0.0,0.0,0,0,0,0,0,0,Sedan,Station Wagon/Sport Utility Vehicle,0
18749592,3966786,08/23/2018,10:50,55dc75a5-b8c8-4012-a8f5-660db132eda6,Tractor Truck Diesel,FRHT-TRUCK/BUS,2014.0,1.0,M,Licensed,Going Straight Ahead,Trailer,No Damage,,,,N,,Unspecified,Unspecified,,,"(40.820404, -73.81482)",0.0,0.0,0,0,0,0,0,0,Sedan,Tractor Truck Diesel,0
17907292,3905583,05/22/2018,18:00,3c1b2f77-4b85-4c04-9cdb-83009f3e67ed,Station Wagon/Sport Utility Vehicle,TOYT -CAR/SUV,2004.0,4.0,M,Licensed,Going Straight Ahead,Left Side Doors,Left Side Doors,,,,N,,Unspecified,Unspecified,,,"(40.67505, -73.73322)",0.0,0.0,0,0,0,0,0,0,Sedan,Station Wagon/Sport Utility Vehicle,0
19558834,3862180,03/13/2018,11:30,8c2f6fdb-27cd-40d6-9c0c-0424c978c316,Taxi,NISS -CAR/SUV,2014.0,3.0,M,Licensed,Going Straight Ahead,Right Side Doors,Right Side Doors,,,,N,,Unspecified,Unspecified,MANHATTAN,10002.0,"(40.714462, -73.98535)",1.0,0.0,0,0,0,0,1,0,Taxi,Sedan,1
17817318,3882877,04/16/2018,17:30,4c05b029-ef9f-409a-9218-a7ff657cfa03,Sedan,INFI -CAR/SUV,2007.0,1.0,M,Licensed,Making Right Turn,Left Front Quarter Panel,Left Front Quarter Panel,,,,N,,Unspecified,Unspecified,,,"(40.83401, -73.85348)",0.0,0.0,0,0,0,0,0,0,Sedan,Sedan,0
19627327,3925642,06/20/2018,14:30,4c36dda6-59e5-4f3e-98e9-8f5ae4cf3b15,Sedan,NISS -CAR/SUV,2016.0,0.0,,,Parked,Left Front Bumper,Left Front Bumper,Center Front End,,,N,,Unspecified,Unspecified,,,"(40.746544, -73.766014)",0.0,0.0,0,0,0,0,0,0,Station Wagon/Sport Utility Vehicle,Sedan,0
17800647,3895833,05/06/2018,17:40,2206171c-8c8d-4829-a1e6-cd000b6ab077,Sedan,NISS -CAR/SUV,2018.0,2.0,M,Licensed,Going Straight Ahead,Left Side Doors,Left Side Doors,,,,N,,Unspecified,Driver Inexperience,BRONX,10453.0,"(40.84782, -73.90756)",0.0,0.0,0,0,0,0,0,0,Sedan,Sedan,0
17691959,3831250,01/18/2018,14:00,140ece79-63aa-420e-ae2f-2faa135d3f0c,PK,FORD-TRUCK/BUS,2017.0,2.0,M,Licensed,Going Straight Ahead,Left Rear Bumper,Left Rear Bumper,,,,N,,Unspecified,Unspecified,MANHATTAN,10035.0,"(40.797306, -73.93446)",0.0,0.0,0,0,0,0,0,0,PK,,0
17843965,3889697,04/28/2018,13:30,49f9a97b-55ea-4951-ade4-15a47be4a369,Sedan,CHEV -CAR/SUV,2006.0,3.0,M,Licensed,Going Straight Ahead,Right Rear Quarter Panel,Left Rear Quarter Panel,Right Rear Quarter Panel,,,N,,Traffic Control Disregarded,Unspecified,QUEENS,11365.0,"(40.73055, -73.80053)",0.0,0.0,0,0,0,0,0,0,Sedan,Pick-up Truck,0
18576721,4003120,10/11/2018,10:55,21aebdcf-c7a1-4fd8-9e94-2bc14bc06dfe,Sedan,DODG -CAR/SUV,2014.0,1.0,M,Licensed,Parked,Right Rear Quarter Panel,Right Side Doors,,,,N,,Other Vehicular,Other Vehicular,MANHATTAN,10027.0,"(40.81693, -73.95738)",0.0,0.0,0,0,0,0,0,0,Sedan,Tractor Truck Diesel,0
17805166,3872474,03/03/2018,15:20,6a5a7b9e-fe44-4857-b2d7-aefcc002a6fc,Station Wagon/Sport Utility Vehicle,CHEV -CAR/SUV,2016.0,3.0,F,Licensed,Slowing or Stopping,Center Back End,Center Back End,,,,N,,Other Vehicular,Unspecified,,,"(40.75548, -73.74173)",0.0,0.0,0,0,0,0,0,0,Station Wagon/Sport Utility Vehicle,Sedan,0
18713273,4052306,12/25/2018,14:51,b492b6e0-482b-49eb-a96d-ae40b305d62c,Sedan,CHEV -CAR/SUV,2016.0,1.0,F,Licensed,Changing Lanes,Right Front Bumper,Right Front Bumper,Right Front Bumper,Right Front Bumper,Right Front Bumper,N,,Unspecified,Unspecified,BRONX,10455.0,"(40.815845, -73.89544)",0.0,0.0,0,0,0,0,0,0,Sedan,Sedan,0
18687728,3931166,06/28/2018,15:09,18d0ed5b-7289-483e-b1ba-df2de8be96e2,Sedan,SUBA -CAR/SUV,2016.0,3.0,M,Licensed,Going Straight Ahead,Center Back End,Center Back End,Left Rear Bumper,,,N,,Unspecified,Unspecified,BRONX,10465.0,"(40.828125, -73.84105)",0.0,0.0,0,0,0,0,0,0,Sedan,Station Wagon/Sport Utility Vehicle,0
18748460,3970735,08/29/2018,09:20,c31565ba-6e01-4f10-a9d5-1f9ac282dbe4,Sedan,DODG -CAR/SUV,2010.0,1.0,M,Licensed,Entering Parked Position,Right Rear Bumper,No Damage,,,,N,,Unspecified,Unspecified,,,"(40.647903, -74.007416)",1.0,0.0,1,0,0,0,0,0,Sedan,,1
18885922,4016781,11/08/2018,09:00,3b9a437c-e42e-47ee-8b56-462d0ea2aefd,Station Wagon/Sport Utility Vehicle,BMW -CAR/SUV,2012.0,1.0,M,Licensed,Slowing or Stopping,Center Back End,Center Back End,Right Rear Bumper,Left Rear Bumper,Center Front End,N,,Unspecified,Unspecified,,,"(40.666836, -73.7664)",1.0,0.0,0,0,0,0,1,0,Station Wagon/Sport Utility Vehicle,Station Wagon/Sport Utility Vehicle,1
17837847,3876607,04/07/2018,23:56,65d1b88f-3c9f-45a9-b32e-ca4f1a145c27,Sedan,MERZ -CAR/SUV,2015.0,3.0,M,Licensed,Merging,Right Rear Quarter Panel,Right Front Bumper,Right Front Quarter Panel,,,N,,Driver Inattention/Distraction,Unsafe Lane Changing,,,"(40.72787, -73.92913)",2.0,0.0,0,0,0,0,2,0,Sedan,Sedan,1
18815574,4009311,10/27/2018,21:48,341d59a3-bcf3-45e3-9689-cf857d869232,Sedan,FORD -CAR/SUV,2001.0,1.0,F,Licensed,Going Straight Ahead,No Damage,No Damage,,,,N,,Driver Inattention/Distraction,Driver Inattention/Distraction,QUEENS,11373.0,"(40.734737, -73.87227)",0.0,0.0,0,0,0,0,0,0,Sedan,Sedan,0
18748289,3979426,09/06/2018,16:00,ad0d9552-a5b4-4cda-af84-c20b489f3a4d,Station Wagon/Sport Utility Vehicle,NISS -CAR/SUV,2016.0,0.0,,,Parked,Left Rear Quarter Panel,Left Rear Quarter Panel,Center Back End,,,Unspecified,,Unspecified,Unspecified,QUEENS,11435.0,"(40.703503, -73.80511)",0.0,0.0,0,0,0,0,0,0,Station Wagon/Sport Utility Vehicle,Station Wagon/Sport Utility Vehicle,0
18723854,3954125,08/01/2018,18:00,1cb7b8bb-7052-4552-a50a-a426d85f6faf,Sedan,TOYT -CAR/SUV,2015.0,1.0,M,Licensed,Going Straight Ahead,Right Side Doors,Right Side Doors,Right Rear Quarter Panel,Right Front Quarter Panel,No Damage,N,,Driver Inattention/Distraction,Passing or Lane Usage Improper,QUEENS,11372.0,"(40.7492, -73.88612)",0.0,0.0,0,0,0,0,0,0,Station Wagon/Sport Utility Vehicle,Sedan,0
18602255,3945667,07/22/2018,02:00,292acfb3-1d5f-43ab-975c-eaaa427be044,Taxi,MERZ -CAR/SUV,2018.0,3.0,M,Licensed,Going Straight Ahead,Left Front Quarter Panel,Left Front Quarter Panel,,,,N,,Unspecified,Unspecified,BROOKLYN,11205.0,"(40.693275, -73.97382)",0.0,0.0,0,0,0,0,0,0,Sedan,Taxi,0
18741722,4034305,11/26/2018,17:55,5c7a6c78-04bc-4e0e-a6d4-1837079a7ec0,Station Wagon/Sport Utility Vehicle,BMW -CAR/SUV,2014.0,1.0,F,Licensed,Making Left Turn,Center Front End,Center Front End,,,,N,,Driver Inattention/Distraction,Unspecified,MANHATTAN,10012.0,"(40.72235, -73.99327)",1.0,0.0,1,0,0,0,0,0,Station Wagon/Sport Utility Vehicle,,1
17693092,3842280,02/07/2018,18:10,2848bc10-976f-4a1c-b9e7-664532088f8d,Sedan,TOYT -CAR/SUV,2012.0,1.0,,,Backing,Right Rear Bumper,No Damage,,,,N,,Driver Inattention/Distraction,Unspecified,QUEENS,11691.0,"(40.603603, -73.751755)",0.0,0.0,0,0,0,0,0,0,Sedan,Sedan,0
17679226,3822545,01/03/2018,17:40,f091ac85-7c20-45b8-84d0-1a0024462c21,Station Wagon/Sport Utility Vehicle,FORD -CAR/SUV,2014.0,2.0,M,Licensed,Making Right Turn,Other,Other,,,,N,,Driver Inattention/Distraction,Unspecified,BROOKLYN,11218.0,"(40.637817, -73.97956)",0.0,0.0,0,0,0,0,0,0,Station Wagon/Sport Utility Vehicle,Station Wagon/Sport Utility Vehicle,0
18821398,4013384,11/01/2018,23:00,dac91027-ee02-4566-ae2d-1746ced465e0,Sedan,HOND -CAR/SUV,2017.0,0.0,,,Parked,Left Rear Bumper,Left Rear Quarter Panel,,,,N,,Unspecified,Unspecified,BRONX,10455.0,"(40.815468, -73.91626)",0.0,0.0,0,0,0,0,0,0,Sedan,Sedan,0
18847144,3954228,08/03/2018,11:33,86042303-fa5e-41c1-ad08-7f36d9714b9c,Sedan,CHRY -CAR/SUV,2015.0,1.0,F,Licensed,Starting from Parking,Right Front Bumper,Right Front Bumper,Right Front Quarter Panel,No Damage,No Damage,N,,Unspecified,Unspecified,BROOKLYN,11208.0,"(40.672443, -73.87754)",0.0,0.0,0,0,0,0,0,0,Sedan,Sedan,0
18791442,3976758,09/08/2018,19:00,d422bf0d-933b-41e8-be46-db0ccd46d387,Station Wagon/Sport Utility Vehicle,INFI -CAR/SUV,2017.0,2.0,M,Licensed,,Left Rear Quarter Panel,Left Rear Quarter Panel,Left Rear Bumper,Left Side Doors,Left Rear Quarter Panel,N,,Unspecified,Unspecified,MANHATTAN,10019.0,"(40.76647, -73.98441)",0.0,0.0,0,0,0,0,0,0,Station Wagon/Sport Utility Vehicle,,0
18699769,3944557,07/18/2018,12:40,1832d655-59e0-484c-ba4f-490f6dc2b220,Sedan,TOYT -CAR/SUV,2016.0,2.0,M,,Starting from Parking,Right Front Bumper,Right Front Bumper,Center Front End,Right Front Quarter Panel,,N,,Driver Inattention/Distraction,Unspecified,BROOKLYN,11220.0,"(40.637756, -74.00721)",0.0,0.0,0,0,0,0,0,0,Sedan,Station Wagon/Sport Utility Vehicle,0
17713495,3837314,01/29/2018,09:45,a78063ea-3451-488c-9240-1a206ab4a4f1,Box Truck,HINO -TRUCK/BUS,2017.0,1.0,M,Licensed,Going Straight Ahead,Right Rear Bumper,No Damage,,,,N,,Unspecified,Unspecified,BROOKLYN,11232.0,"(40.653015, -74.01285)",0.0,0.0,0,0,0,0,0,0,Sedan,Box Truck,0
17856338,3891394,04/30/2018,20:00,3e494e04-658c-4ad8-be0a-2e3f8f77fe99,Station Wagon/Sport Utility Vehicle,HOND -CAR/SUV,2013.0,1.0,M,Licensed,Going Straight Ahead,Right Front Bumper,Right Front Quarter Panel,No Damage,No Damage,No Damage,N,,Driver Inattention/Distraction,Driver Inattention/Distraction,QUEENS,11377.0,"(40.761673, -73.90215)",0.0,0.0,0,0,0,0,0,0,Station Wagon/Sport Utility Vehicle,Station Wagon/Sport Utility Vehicle,0
18732039,3942630,07/14/2018,11:20,242c29da-5e5f-4de7-97d3-af678bf8fe2b,Sedan,HOND -CAR/SUV,2009.0,1.0,M,Licensed,Backing,Right Rear Bumper,Center Back End,Center Back End,Right Rear Bumper,No Damage,N,,Unspecified,Unspecified,BRONX,10462.0,"(40.839836, -73.85778)",0.0,0.0,0,0,0,0,0,0,Sedan,Sedan,0
17707815,3859528,03/08/2018,22:35,75b772b9-3030-4b76-bc95-9e9a1b29b817,Taxi,TOYT -CAR/SUV,2014.0,1.0,M,Licensed,Making Left Turn,Left Front Bumper,Left Front Bumper,Left Front Quarter Panel,,,N,,Following Too Closely,Unspecified,,,"(40.794052, -73.970375)",0.0,0.0,0,0,0,0,0,0,Sedan,Taxi,0
18743808,4037513,12/03/2018,17:15,b166c8f4-1b8b-4a99-8c03-2c6fc052f1e1,Sedan,CHEV -CAR/SUV,2007.0,1.0,M,Licensed,Stopped in Traffic,Center Back End,Center Back End,,,,N,,Unspecified,Unspecified,,,"(40.717155, -73.94924)",1.0,0.0,0,0,0,0,1,0,Sedan,Station Wagon/Sport Utility Vehicle,1
17693113,3826838,01/10/2018,22:49,20486f2e-66e0-49dc-a926-32673885d0a2,Sedan,BMW -CAR/SUV,2014.0,1.0,M,Licensed,Going Straight Ahead,Center Front End,Left Front Bumper,Center Back End,,,N,,Other Vehicular,Other Vehicular,,,,0.0,0.0,0,0,0,0,0,0,Sedan,,0
19618730,3907110,05/22/2018,12:45,74f8de72-94b3-4e70-8d2e-54e6296d6643,Station Wagon/Sport Utility Vehicle,CHRY -CAR/SUV,2006.0,2.0,M,Licensed,Parked,Left Front Quarter Panel,Left Front Quarter Panel,No Damage,No Damage,No Damage,N,,Unspecified,Unspecified,,,"(40.8439, -73.91171)",0.0,0.0,0,0,0,0,0,0,Station Wagon/Sport Utility Vehicle,Taxi,0
17755062,3847764,02/16/2018,13:00,1bf3ae35-ebbc-430d-9d4e-b7a0c86eeb3d,Station Wagon/Sport Utility Vehicle,NISS -CAR/SUV,2013.0,1.0,F,Licensed,Parked,Left Front Quarter Panel,Left Front Quarter Panel,,,,N,,Unspecified,Unspecified,QUEENS,11432.0,"(40.718063, -73.80217)",0.0,0.0,0,0,0,0,0,0,Station Wagon/Sport Utility Vehicle,Box Truck,0
18607912,3944013,07/18/2018,00:00,5690eda2-1d31-4a94-bd52-156bc0743e38,Taxi,TOYT -CAR/SUV,2015.0,3.0,M,Licensed,Going Straight Ahead,Center Back End,Center Back End,No Damage,No Damage,No Damage,N,,Unspecified,Unspecified,,,"(40.848118, -73.93089)",0.0,0.0,0,0,0,0,0,0,Taxi,Station Wagon/Sport Utility Vehicle,0
17722235,3842155,02/06/2018,15:30,6288ba62-586f-4802-937b-70dde1c5b033,Sedan,HOND -CAR/SUV,2008.0,1.0,M,Licensed,Going Straight Ahead,Left Side Doors,Left Side Doors,Left Rear Quarter Panel,Left Rear Bumper,No Damage,N,,Unspecified,Unspecified,QUEENS,11433.0,"(40.704422, -73.792854)",0.0,0.0,0,0,0,0,0,0,Sedan,,0
17739822,3849514,02/16/2018,18:25,80cfad66-751a-4a60-a7f6-4e89d0b75286,Sedan,HYUN -CAR/SUV,2010.0,1.0,F,Licensed,Going Straight Ahead,Center Front End,Center Front End,Left Front Bumper,Right Front Bumper,No Damage,N,,Unspecified,Unspecified,,,,1.0,0.0,0,0,0,0,1,0,Sedan,,1
18814806,4034904,11/26/2018,08:25,f3b3ce00-4e82-4b61-96f7-95f9410893ac,Pick-up Truck,FORD -CAR/SUV,2018.0,1.0,M,Licensed,Making Right Turn,Left Rear Bumper,Left Rear Bumper,No Damage,No Damage,No Damage,N,,Unspecified,Unspecified,BRONX,10468.0,"(40.862717, -73.9023)",0.0,0.0,0,0,0,0,0,0,Pick-up Truck,Station Wagon/Sport Utility Vehicle,0
17748446,3851946,02/24/2018,19:15,bdefe482-7200-4f9b-8a11-3de6460b0175,,DODG -CAR/SUV,,,,,Backing,,,,,,Unspecified,,,,QUEENS,11370.0,"(40.75687, -73.885605)",0.0,0.0,0,0,0,0,0,0,Sedan,,0
18875969,3972729,09/03/2018,04:45,eb7315fd-077d-4548-94f0-ecb43c00813a,Sedan,BMW -CAR/SUV,2016.0,1.0,M,Licensed,Stopped in Traffic,Right Front Quarter Panel,Right Front Bumper,Right Front Bumper,,,N,,Unspecified,Unspecified,QUEENS,11411.0,"(40.690914, -73.72819)",0.0,0.0,0,0,0,0,0,0,Sedan,,0
18828207,4028924,11/19/2018,09:30,48e27489-6de8-4115-a742-60b9e3ed7104,Sedan,TOYT -CAR/SUV,2015.0,1.0,M,Licensed,Making Right Turn,Left Front Bumper,Center Front End,Right Front Bumper,No Damage,No Damage,N,,Failure to Yield Right-of-Way,Unspecified,BROOKLYN,11206.0,"(40.702713, -73.937325)",0.0,0.0,0,0,0,0,0,0,Sedan,Sedan,0
18707699,3923950,06/18/2018,10:55,87a8d673-93a1-45af-a0fa-a0c794a80e61,Sedan,HYUN -CAR/SUV,2012.0,1.0,M,Licensed,Stopped in Traffic,Center Back End,No Damage,No Damage,No Damage,No Damage,N,,Unspecified,Unspecified,QUEENS,11360.0,"(40.77816, -73.7777)",1.0,0.0,0,0,0,0,1,0,Sedan,Station Wagon/Sport Utility Vehicle,1
17713220,3897057,05/08/2018,05:28,d22f2e54-143e-4bb5-be82-16b558a89212,Station Wagon/Sport Utility Vehicle,HOND -CAR/SUV,2015.0,1.0,F,Licensed,Going Straight Ahead,Right Front Quarter Panel,Right Front Quarter Panel,Right Side Doors,Right Rear Quarter Panel,No Damage,N,,Unspecified,Unspecified,QUEENS,11692.0,"(40.59312, -73.79818)",0.0,0.0,0,0,0,0,0,0,Station Wagon/Sport Utility Vehicle,Station Wagon/Sport Utility Vehicle,0
18831576,4046425,12/17/2018,08:05,255edb7d-7a52-4240-9c45-c3e7611e71bc,Sedan,CHEV -CAR/SUV,2009.0,2.0,F,Licensed,Making Left Turn,Left Front Bumper,Center Front End,Right Front Bumper,Right Front Quarter Panel,Left Front Quarter Panel,N,,Driver Inattention/Distraction,Unspecified,BROOKLYN,11226.0,"(40.644207, -73.957924)",2.0,0.0,0,0,0,0,2,0,Sedan,Station Wagon/Sport Utility Vehicle,1
17760960,3863242,03/14/2018,12:45,0fc1d937-5cac-4530-8b09-81aa84a994b5,Sedan,MERZ -CAR/SUV,2014.0,1.0,M,Licensed,Going Straight Ahead,Right Rear Bumper,Right Rear Bumper,No Damage,No Damage,No Damage,N,,Unspecified,Unspecified,BROOKLYN,11201.0,"(40.690468, -73.9879)",0.0,0.0,0,0,0,0,0,0,Sedan,Pick-up Truck,0
17767890,3866992,03/21/2018,09:50,e48d7b7e-0361-4f3e-8288-135037ecd641,Station Wagon/Sport Utility Vehicle,CHEV -CAR/SUV,1999.0,1.0,M,Licensed,Starting in Traffic,Left Front Bumper,Center Front End,,,,N,,Following Too Closely,Pavement Slippery,BROOKLYN,11201.0,"(40.693783, -73.987206)",0.0,0.0,0,0,0,0,0,0,Station Wagon/Sport Utility Vehicle,Station Wagon/Sport Utility Vehicle,0
18862360,4005823,10/17/2018,12:18,9d884438-ab12-4394-aacd-80ca02054942,Sedan,TOYT -CAR/SUV,2015.0,1.0,M,Licensed,Going Straight Ahead,Right Front Quarter Panel,Right Front Quarter Panel,,,,N,,Passing or Lane Usage Improper,Unspecified,,,,1.0,0.0,0,0,0,0,1,0,Sedan,Station Wagon/Sport Utility Vehicle,1
17719776,3836247,01/26/2018,21:20,1a3170d0-1493-4b11-9ca4-ca2b1ea64893,Station Wagon/Sport Utility Vehicle,MERZ -CAR/SUV,2007.0,1.0,M,Licensed,Going Straight Ahead,Right Side Doors,Right Side Doors,Right Rear Quarter Panel,,,N,,Unsafe Lane Changing,Unspecified,MANHATTAN,10065.0,"(40.760536, -73.95836)",0.0,0.0,0,0,0,0,0,0,Taxi,Station Wagon/Sport Utility Vehicle,0
17842815,3904412,05/20/2018,22:00,b30d6bdd-0640-4ed5-9991-af0b76f2a451,Sedan,HOND -CAR/SUV,2008.0,1.0,F,Licensed,Going Straight Ahead,Right Front Quarter Panel,Right Front Quarter Panel,Center Front End,,,N,,Driver Inexperience,Unspecified,,,"(40.616425, -74.1664)",1.0,0.0,0,0,1,0,0,0,Sedan,Bike,1
18781767,3986342,09/22/2018,21:33,4eac3e18-5a48-4f78-b2b1-efb1a95631e5,Sedan,NISS -CAR/SUV,2014.0,0.0,,,Parked,Left Front Bumper,Left Front Quarter Panel,,,,N,,Unspecified,Unspecified,BROOKLYN,11211.0,"(40.714134, -73.9485)",0.0,0.0,0,0,0,0,0,0,Garbage or Refuse,Sedan,0
17799231,3847215,02/15/2018,16:00,e036c099-7d19-42cf-a371-30d6206bc8a1,Station Wagon/Sport Utility Vehicle,INFI -CAR/SUV,2013.0,1.0,F,Licensed,Making Right Turn,Right Front Quarter Panel,Right Front Quarter Panel,,,,N,,Unspecified,Unspecified,QUEENS,11434.0,"(40.666306, -73.76731)",0.0,0.0,0,0,0,0,0,0,Station Wagon/Sport Utility Vehicle,Station Wagon/Sport Utility Vehicle,0
17740385,3866483,03/20/2018,09:50,de3d66fc-d97f-4a1a-83ed-8ff6d1444c8a,Station Wagon/Sport Utility Vehicle,ACUR -CAR/SUV,2012.0,0.0,M,Licensed,Going Straight Ahead,Center Back End,Center Back End,Left Rear Bumper,Right Rear Bumper,,N,,Unspecified,Unspecified,,,"(40.822643, -73.88606)",0.0,0.0,0,0,0,0,0,0,Station Wagon/Sport Utility Vehicle,Sedan,0
17778810,3897582,05/07/2018,18:30,30222094-3f02-4e02-8696-9ac61e1de4ba,Sedan,FORD -CAR/SUV,2001.0,1.0,M,Licensed,Going Straight Ahead,Right Front Bumper,Right Front Bumper,,,,N,,Unspecified,Unspecified,BROOKLYN,11216.0,"(40.6775, -73.94701)",0.0,0.0,0,0,0,0,0,0,Sedan,Sedan,0
18600775,3944893,07/19/2018,14:15,9b23e9e7-aef8-473d-ae10-b9170e469bc6,Station Wagon/Sport Utility Vehicle,CHRY -CAR/SUV,2014.0,1.0,M,Licensed,Stopped in Traffic,Left Front Quarter Panel,Left Front Quarter Panel,,,,N,,Unspecified,Unspecified,BROOKLYN,11205.0,"(40.693172, -73.97064)",0.0,0.0,0,0,0,0,0,0,Station Wagon/Sport Utility Vehicle,Station Wagon/Sport Utility Vehicle,0
17884759,3888983,04/26/2018,18:00,2b7b7a7a-50f2-444a-8068-55075596bfaa,Station Wagon/Sport Utility Vehicle,NISS -CAR/SUV,2016.0,0.0,,,Parked,Left Rear Quarter Panel,Left Rear Quarter Panel,Left Side Doors,,,N,,Unspecified,Unspecified,QUEENS,11354.0,"(40.775177, -73.84858)",0.0,0.0,0,0,0,0,0,0,Station Wagon/Sport Utility Vehicle,Station Wagon/Sport Utility Vehicle,0
17806496,3862960,03/14/2018,08:30,52ecb1f8-5aac-45ea-a4a6-37e7a255f8f7,Box Truck,INTL-TRUCK/BUS,2015.0,1.0,M,Licensed,Going Straight Ahead,Left Rear Quarter Panel,Left Rear Bumper,Other,Other,Other,N,,Unspecified,Unspecified,,,"(40.74478, -73.93262)",0.0,0.0,0,0,0,0,0,0,Box Truck,Station Wagon/Sport Utility Vehicle,0
17686970,3826079,01/09/2018,00:00,299ca126-7ae1-4e3b-94c1-e0d5b138ffaa,Station Wagon/Sport Utility Vehicle,JEEP -CAR/SUV,2015.0,2.0,M,Licensed,Making Left Turn,Left Front Bumper,Center Front End,Right Front Bumper,Left Front Quarter Panel,No Damage,N,,View Obstructed/Limited,Unspecified,,,"(40.687527, -73.802795)",0.0,0.0,0,0,0,0,0,0,Station Wagon/Sport Utility Vehicle,Station Wagon/Sport Utility Vehicle,0
17736126,3848596,02/17/2018,13:00,8a3c0ffa-a6c7-47f2-bacc-7bfd9e174a76,Sedan,TOYT -CAR/SUV,2004.0,0.0,M,Licensed,Parked,Right Front Bumper,Right Front Quarter Panel,No Damage,No Damage,No Damage,N,,Unspecified,Unspecified,BROOKLYN,11210.0,"(40.61223, -73.95186)",0.0,0.0,0,0,0,0,0,0,Sedan,,0
18812029,3985892,09/22/2018,15:40,2fa5e3ac-f95a-4dfd-b34d-a1b2fc7131d9,Station Wagon/Sport Utility Vehicle,NISS -CAR/SUV,2004.0,3.0,M,Licensed,Stopped in Traffic,Center Back End,Center Back End,,,,N,,Unspecified,Unspecified,,,"(40.72648, -73.89442)",0.0,0.0,0,0,0,0,0,0,Station Wagon/Sport Utility Vehicle,Station Wagon/Sport Utility Vehicle,0
17767149,3855485,03/02/2018,17:54,f231360b-0b70-4890-844c-372dc71cb33b,Station Wagon/Sport Utility Vehicle,TOYT -CAR/SUV,2013.0,1.0,F,Licensed,Going Straight Ahead,Right Front Quarter Panel,Right Front Bumper,Center Front End,Left Front Bumper,Left Front Quarter Panel,N,,Traffic Control Device Improper/Non-Working,Traffic Control Device Improper/Non-Working,QUEENS,11412.0,"(40.68645, -73.761185)",0.0,0.0,0,0,0,0,0,0,Van,Station Wagon/Sport Utility Vehicle,0
19619534,4041893,12/08/2018,22:00,3f57e634-a95c-488d-9177-c8c033a98286,Station Wagon/Sport Utility Vehicle,SUBA -CAR/SUV,2016.0,0.0,,,Parked,Right Front Quarter Panel,Right Side Doors,Right Front Bumper,No Damage,No Damage,N,,Unspecified,Unspecified,,,"(40.8178, -73.9456)",0.0,0.0,0,0,0,0,0,0,Station Wagon/Sport Utility Vehicle,,0