UNIQUE_ID,COLLISION_ID,CRASH_DATE,CRASH_TIME,VEHICLE_ID,VEHICLE_TYPE,VEHICLE_MAKE,VEHICLE_YEAR,VEHICLE_OCCUPANTS,DRIVER_SEX,DRIVER_LICENSE_STATUS,PRE_CRASH,POINT_OF_IMPACT,VEHICLE_DAMAGE,VEHICLE_DAMAGE_1,VEHICLE_DAMAGE_2,VEHICLE_DAMAGE_3,PUBLIC_PROPERTY_DAMAGE,PUBLIC_PROPERTY_DAMAGE_TYPE,CONTRIBUTING_FACTOR_1,CONTRIBUTING_FACTOR_2,BOROUGH,ZIP CODE,LOCATION,NUMBER OF PERSONS INJURED,NUMBER OF PERSONS KILLED,NUMBER OF PEDESTRIANS INJURED,NUMBER OF PEDESTRIANS KILLED,NUMBER OF CYCLIST INJURED,NUMBER OF CYCLIST KILLED,NUMBER OF MOTORIST INJURED,NUMBER OF MOTORIST KILLED,VEHICLE TYPE CODE 1,VEHICLE TYPE CODE 2,Severity
17752716,3878265,04/10/2018,12:50,ecbc2600-f265-4572-922c-d7e08cfd4b80,Tractor Truck Diesel,FRHT-TRUCK/BUS,2005.0,1.0,M,Licensed,Making Right Turn,Trailer,No Damage,,,,N,,Oversized Vehicle,Turning Improperly,BRONX,10459.0,"(40.823303, -73.88708)",0.0,0.0,0,0,0,0,0,0,Station Wagon/Sport Utility Vehicle,Tractor Truck Diesel,0
18747969,4021074,11/12/2018,12:00,46df754b-f749-4817-af4e-651a4282dd27,Sedan,HOND -CAR/SUV,2003.0,1.0,F,Licensed,Making Left Turn,Left Side Doors,Left Front Bumper,Left Front Quarter Panel,Left Side Doors,,N,,Unspecified,Unspecified,,,"(40.864254, -73.85872)",0.0,0.0,0,0,0,0,0,0,Station Wagon/Sport Utility Vehicle,Sedan,0
19618613,3997738,10/11/2018,01:15,2863cd29-1a93-4905-aa06-f23aa506991f,Sedan,HOND -CAR/SUV,2018.0,3.0,F,Licensed,Going Straight Ahead,Left Front Bumper,Left Front Bumper,Left Front Bumper,Left Front Bumper,Left Front Bumper,N,,Unspecified,Unspecified,BRONX,10460.0,"(40.83451, -73.88526)",0.0,0.0,0,0,0,0,0,0,Sedan,Sedan,0
17732384,3858826,03/08/2018,16:17,4e9b035b-f0d7-4585-acb2-8454837b320a,Sedan,ACUR -CAR/SUV,2009.0,0.0,,,Parked,Right Rear Quarter Panel,Right Front Bumper,,,,N,,Unspecified,Unspecified,BRONX,10468.0,"(40.869118, -73.90041)",0.0,0.0,0,0,0,0,0,0,Sedan,,0
18860075,3998094,10/11/2018,17:35,668950e6-f631-44f9-ad94-872d9aaa86e5,Sedan,HYUN -CAR/SUV,2009.0,1.0,M,Licensed,Stopped in Traffic,Center Back End,Center Back End,Right Rear Bumper,Left Rear Bumper,Center Front End,N,,Unspecified,Unspecified,QUEENS,11377.0,"(40.74119, -73.90156)",0.0,0.0,0,0,0,0,0,0,Sedan,Station Wagon/Sport Utility Vehicle,0
19645379,3999756,10/12/2018,23:35,dca17f63-20ad-4d17-b668-04af8ae2e070,Sedan,CHEV -CAR/SUV,2017.0,2.0,M,Licensed,Going Straight Ahead,Other,Other,,,,Unspecified,,Unspecified,Unspecified,BROOKLYN,11212.0,"(40.66232, -73.92145)",0.0,0.0,0,0,0,0,0,0,Sedan,Sedan,0
18793915,4026475,10/26/2018,05:20,f2ef8f52-5fac-4009-9ed2-fd8d092b288f,Sedan,BMW -CAR/SUV,2012.0,0.0,,,Parked,Left Rear Bumper,Other,Center Front End,Right Front Bumper,Left Front Bumper,N,,Driver Inexperience,Unsafe Speed,,,"(40.61617, -73.9546)",0.0,0.0,0,0,0,0,0,0,Sedan,Sedan,0
18849647,3988551,09/26/2018,17:17,c59d8549-30ef-488c-b6bd-93f0cbe005c4,Station Wagon/Sport Utility Vehicle,NISS -CAR/SUV,2016.0,1.0,M,Licensed,Going Straight Ahead,Right Front Bumper,No Damage,,,,N,,Driver Inattention/Distraction,Unspecified,,,"(40.76197, -73.92539)",1.0,0.0,0,0,1,0,0,0,Station Wagon/Sport Utility Vehicle,Bike,1
17692798,3826055,01/10/2018,14:20,338f8876-dd34-4b22-bb30-8a1cf46a1dcb,Station Wagon/Sport Utility Vehicle,DODG -CAR/SUV,2013.0,0.0,,,Parked,Left Rear Quarter Panel,Left Rear Quarter Panel,Right Rear Quarter Panel,Right Side Doors,Left Side Doors,N,,Unspecified,Unspecified,QUEENS,11101.0,"(40.74893, -73.951645)",1.0,0.0,0,0,0,0,1,0,Pick-up Truck,Station Wagon/Sport Utility Vehicle,1
17707339,3840622,02/04/2018,16:33,8b38e19f-f761-4f55-a542-0637a0340cc7,Taxi,TOYT -CAR/SUV,2014.0,1.0,M,Licensed,Entering Parked Position,Center Back End,No Damage,,,,N,,Backing Unsafely,Driver Inattention/Distraction,,,"(40.73986, -73.995026)",0.0,0.0,0,0,0,0,0,0,Sedan,Taxi,0
17728816,3842736,02/08/2018,16:30,82a26598-2fae-4996-ba14-8bdc7a338517,Sedan,HOND -CAR/SUV,2015.0,2.0,F,Licensed,Going Straight Ahead,Center Back End,Center Back End,Right Rear Bumper,Left Rear Bumper,Left Rear Bumper,N,,Unspecified,Unspecified,BROOKLYN,11232.0,"(40.659668, -73.99518)",2.0,0.0,0,0,0,0,2,0,Sedan,Station Wagon/Sport Utility Vehicle,1
17718565,3867576,03/21/2018,17:00,675e62c3-ec4f-4d84-abd9-6705c804decf,Pick-up Truck,CHEV -CAR/SUV,2010.0,2.0,M,Licensed,Going Straight Ahead,Center Back End,Center Back End,Left Rear Bumper,Right Rear Bumper,,N,,Unspecified,Unspecified,MANHATTAN,10014.0,"(40.735996, -74.00989)",2.0,0.0,0,0,0,0,2,0,Pick-up Truck,Station Wagon/Sport Utility Vehicle,1
18874419,3963318,08/18/2018,10:45,f399cb64-0168-4842-b329-c364bae5ce2a,Station Wagon/Sport Utility Vehicle,HYUN -CAR/SUV,2004.0,3.0,M,Licensed,Going Straight Ahead,Center Front End,Center Front End,Left Front Bumper,Right Front Bumper,,N,,Failure to Yield Right-of-Way,Unspecified,QUEENS,11357.0,"(40.775875, -73.798096)",0.0,0.0,0,0,0,0,0,0,Station Wagon/Sport Utility Vehicle,Sedan,0
18643898,3943387,07/17/2018,08:55,72060830-7223-401d-8f3f-e41d0cf6d128,Sedan,KIA -CAR/SUV,2018.0,1.0,M,Licensed,Slowing or Stopping,Center Back End,Center Back End,Center Front End,,,N,,Unspecified,Unspecified,,,"(40.84046, -73.88596)",1.0,0.0,0,0,0,0,1,0,Station Wagon/Sport Utility Vehicle,Sedan,1
18797791,3977291,09/06/2018,18:10,484ac89a-d6e9-471a-bcdf-807a2893f91c,Sedan,LEXS -CAR/SUV,2003.0,1.0,M,Licensed,Going Straight Ahead,Right Front Bumper,Right Front Quarter Panel,Right Front Quarter Panel,,,N,,Unsafe Lane Changing,Unspecified,QUEENS,11385.0,"(40.7056, -73.85822)",1.0,0.0,0,0,0,0,1,0,Sedan,Station Wagon/Sport Utility Vehicle,1
18622664,3942864,07/16/2018,14:30,7a116810-07f7-4ab5-9860-a67d1b7941e1,Station Wagon/Sport Utility Vehicle,JEEP -CAR/SUV,2003.0,0.0,,,Parked,Left Front Bumper,Left Front Bumper,Left Front Quarter Panel,Center Front End,,N,,Unspecified,Unspecified,BROOKLYN,11215.0,"(40.67677, -73.98551)",0.0,0.0,0,0,0,0,0,0,Station Wagon/Sport Utility Vehicle,,0
18818145,3980352,09/13/2018,13:38,add05484-6c5f-453f-8a2f-d8f67c6fcd24,Box Truck,UD,2007.0,2.0,M,Licensed,Going Straight Ahead,Right Rear Bumper,No Damage,No Damage,No Damage,No Damage,N,,Unspecified,Unspecified,,,"(40.769737, -73.96271)",0.0,0.0,0,0,0,0,0,0,Sedan,Box Truck,0
17716316,3854938,03/01/2018,22:20,1f7d70bf-0836-4b07-bf17-af8d351089f2,Sedan,HYUN -CAR/SUV,2017.0,1.0,F,Licensed,Going Straight Ahead,Center Back End,Center Back End,Center Front End,No Damage,No Damage,N,,Other Vehicular,Other Vehicular,,,"(40.785492, -73.984116)",0.0,0.0,0,0,0,0,0,0,Sedan,,0
17782335,3858426,03/07/2018,17:00,267f8f63-60a6-4a2a-abc2-997fcda4a398,Sedan,ACUR -CAR/SUV,2010.0,1.0,M,Licensed,Stopped in Traffic,Center Back End,Center Back End,,,,N,,Unspecified,Unspecified,QUEENS,11365.0,"(40.73494, -73.80487)",0.0,0.0,0,0,0,0,0,0,Sedan,Sedan,0
17815154,3894666,05/04/2018,17:20,e8c2232a-acfd-4b33-8fef-7cc16f204c5d,Sedan,TOYT -CAR/SUV,2015.0,0.0,M,Licensed,Going Straight Ahead,Left Rear Quarter Panel,Left Rear Quarter Panel,,,,N,,Driver Inattention/Distraction,Driver Inattention/Distraction,,,"(40.75045, -73.9873)",0.0,0.0,0,0,0,0,0,0,Sedan,Bus,0
17902328,3899796,05/11/2018,17:42,99c4223f-df99-43e0-9a27-24f2f63e59f5,Station Wagon/Sport Utility Vehicle,ACUR -CAR/SUV,2001.0,1.0,M,Licensed,Going Straight Ahead,Center Back End,No Damage,No Damage,No Damage,No Damage,N,,Unspecified,Unspecified,QUEENS,11355.0,"(40.74614, -73.81417)",0.0,0.0,0,0,0,0,0,0,Pick-up Truck,Station Wagon/Sport Utility Vehicle,0
18825462,3965410,08/21/2018,15:35,7be24408-e3a0-42ad-8f59-eb9c4ed5893b,Taxi,TOYT -CAR/SUV,2012.0,2.0,M,Licensed,Going Straight Ahead,Left Rear Quarter Panel,Left Rear Quarter Panel,Left Side Doors,Left Rear Bumper,,N,,Driver Inattention/Distraction,Unspecified,QUEENS,11101.0,"(40.752216, -73.948814)",2.0,0.0,0,0,0,0,2,0,Taxi,Taxi,1
18738125,4055631,12/31/2018,22:00,fa18ec4c-8a57-4ff5-b99b-2ea8e5d51613,Sedan,LEXS -CAR/SUV,2019.0,2.0,M,Licensed,Making Right Turn,Center Front End,No Damage,No Damage,No Damage,No Damage,N,,Failure to Yield Right-of-Way,View Obstructed/Limited,BROOKLYN,11236.0,"(40.64891, -73.89256)",2.0,0.0,2,0,0,0,0,0,Sedan,,1
18654236,3916167,06/01/2018,16:30,8aba5e1c-794d-4579-b226-5e7129b0cf49,Tractor Truck Diesel,KW-TRUCK/BUS,2002.0,1.0,F,Licensed,Going Straight Ahead,Right Front Quarter Panel,Right Front Quarter Panel,Right Front Bumper,,,N,,Unspecified,Unspecified,,,"(40.844387, -73.92542)",0.0,0.0,0,0,0,0,0,0,Tractor Truck Diesel,Sedan,0
17830517,3906130,05/17/2018,15:00,c85e40b8-50b1-487a-a182-b946a2832416,Sedan,MERZ -CAR/SUV,2011.0,3.0,M,Licensed,Parked,Center Front End,Center Front End,,,,N,,Unspecified,Unspecified,BROOKLYN,11210.0,"(40.633743, -73.9486)",3.0,0.0,0,0,0,0,3,0,Station Wagon/Sport Utility Vehicle,Sedan,1
17819058,3894644,05/05/2018,12:20,39bea3cf-2abc-4802-892e-89990c347e03,Box Truck,FORD-TRUCK/BUS,2009.0,2.0,M,Licensed,Going Straight Ahead,Left Front Bumper,Left Front Bumper,Left Front Quarter Panel,,,N,,Unspecified,Unspecified,,,"(40.644142, -73.957924)",2.0,0.0,0,0,0,0,2,0,Sedan,Box Truck,1
18865985,3948602,07/26/2018,02:15,5c0be3ae-2b62-4d72-ac2e-69df85aa1e29,Tractor Truck Diesel,FRHT-TRUCK/BUS,2009.0,1.0,M,Licensed,Making Left Turn,Trailer,No Damage,No Damage,No Damage,No Damage,N,,Passing or Lane Usage Improper,Unspecified,QUEENS,11354.0,,0.0,0.0,0,0,0,0,0,0,Tractor Truck Diesel,Sedan,0
17793216,3846774,02/15/2018,07:45,7d35371f-f846-4746-9a77-82ec147e5ca9,Sedan,NISS -CAR/SUV,2016.0,1.0,M,Licensed,Going Straight Ahead,Left Side Doors,Left Side Doors,Left Front Quarter Panel,Left Rear Quarter Panel,,N,,Unspecified,Unspecified,QUEENS,11357.0,"(40.790707, -73.81823)",1.0,0.0,0,0,0,0,1,0,Sedan,Sedan,1
17737229,3888017,04/24/2018,14:00,8d953776-4f04-4d40-9153-d578a11d041e,Sedan,TOYT -CAR/SUV,2008.0,1.0,M,Licensed,Going Straight Ahead,Center Front End,Center Front End,,,,N,,Unspecified,Unspecified,,,"(40.815304, -73.94371)",1.0,0.0,0,0,0,0,1,0,Station Wagon/Sport Utility Vehicle,Sedan,1
18757535,3909748,05/28/2018,16:45,21f24d47-1fec-4e31-8598-d72d18e6bdd1,Sedan,HOND -CAR/SUV,2013.0,1.0,M,Licensed,Going Straight Ahead,Center Front End,Center Front End,No Damage,No Damage,No Damage,N,,Following Too Closely,Pavement Defective,BROOKLYN,11208.0,,0.0,0.0,0,0,0,0,0,0,Sedan,Station Wagon/Sport Utility Vehicle,0
18745383,3945233,07/19/2018,07:30,bb41f232-1489-47c0-9ead-d485c8731a21,Pick-up Truck,FORD -CAR/SUV,2014.0,1.0,M,Licensed,Going Straight Ahead,Left Side Doors,Left Side Doors,,,,N,,Driver Inattention/Distraction,Passing Too Closely,QUEENS,11365.0,"(40.745174, -73.79077)",0.0,0.0,0,0,0,0,0,0,Pick-up Truck,Station Wagon/Sport Utility Vehicle,0
18699893,4020703,11/10/2018,09:30,40aaf79b-d57c-4976-9841-ae21e4b8f4d7,Sedan,VOLK -CAR/SUV,2017.0,0.0,,,Parked,Left Rear Quarter Panel,Left Front Bumper,Left Side Doors,Left Front Quarter Panel,,N,,Unspecified,Unspecified,BROOKLYN,11213.0,"(40.668495, -73.925606)",0.0,0.0,0,0,0,0,0,0,Sedan,,0
18867145,3955959,08/06/2018,10:30,0322c9df-d7c1-4506-9b15-af09c7c0007e,Station Wagon/Sport Utility Vehicle,HOND -CAR/SUV,2013.0,2.0,M,Licensed,Going Straight Ahead,Right Side Doors,Right Side Doors,Right Rear Quarter Panel,,,N,,Unspecified,Unspecified,QUEENS,11411.0,"(40.686966, -73.73832)",1.0,0.0,0,0,0,0,1,0,Station Wagon/Sport Utility Vehicle,Station Wagon/Sport Utility Vehicle,1
17687845,3838697,01/25/2018,14:40,f6ad3f38-8482-451f-8476-6a8538b9b16d,Pick-up Truck,FERR -CAR/SUV,2006.0,0.0,,,Parked,Left Front Quarter Panel,Left Front Quarter Panel,Left Front Bumper,No Damage,No Damage,N,,Unspecified,Unspecified,BROOKLYN,11221.0,"(40.68909, -73.92566)",0.0,0.0,0,0,0,0,0,0,Sedan,Pick-up Truck,0
18854693,4031514,11/23/2018,14:00,c950c785-c983-4376-af73-27b9642e50d9,Station Wagon/Sport Utility Vehicle,NISS -CAR/SUV,2017.0,1.0,M,Licensed,Stopped in Traffic,Right Side Doors,Right Side Doors,Center Back End,Right Rear Bumper,,N,,Unspecified,Unspecified,QUEENS,11412.0,"(40.69179, -73.76355)",0.0,0.0,0,0,0,0,0,0,Sedan,Station Wagon/Sport Utility Vehicle,0
18638995,3942795,07/17/2018,11:35,20f43e18-4c99-41c8-a173-fb41629c03e1,Station Wagon/Sport Utility Vehicle,SUBN,2016.0,0.0,,,Parked,Left Front Quarter Panel,Left Front Quarter Panel,,,,N,,Unspecified,Unspecified,MANHATTAN,10002.0,"(40.711494, -73.99541)",0.0,0.0,0,0,0,0,0,0,Station Wagon/Sport Utility Vehicle,,0
17736880,3880799,04/14/2018,22:00,1c42f088-9b47-47e6-a949-8477ee8e9d52,Pick-up Truck,CHEV -CAR/SUV,2006.0,0.0,M,Licensed,Stopped in Traffic,Center Back End,Center Back End,Left Rear Bumper,Right Rear Bumper,No Damage,N,,Unspecified,Unspecified,BROOKLYN,11205.0,"(40.69336, -73.97585)",1.0,0.0,0,0,0,0,1,0,Pick-up Truck,Pick-up Truck,1
18766924,3972651,09/01/2018,16:24,c5e80d6b-0401-438a-a8b0-8e93fcbd744d,Station Wagon/Sport Utility Vehicle,FORD -CAR/SUV,2017.0,1.0,M,Licensed,Going Straight Ahead,Left Front Quarter Panel,Left Front Quarter Panel,Left Side Doors,No Damage,No Damage,N,,Driver Inattention/Distraction,Unspecified,QUEENS,11373.0,"(40.741226, -73.88021)",0.0,0.0,0,0,0,0,0,0,Station Wagon/Sport Utility Vehicle,Station Wagon/Sport Utility Vehicle,0
18663591,3914899,06/04/2018,20:30,8c655135-8150-4ae9-9350-aed91cc57b39,Sedan,NISS -CAR/SUV,2010.0,3.0,M,Licensed,Going Straight Ahead,Left Front Quarter Panel,Left Front Quarter Panel,Right Front Bumper,Center Front End,,N,,Unspecified,Unspecified,BROOKLYN,11203.0,"(40.64644, -73.927864)",3.0,0.0,0,0,0,0,3,0,Sedan,Sedan,1
18831392,4047579,12/18/2018,00:00,41cac348-b3f5-4d2c-85b7-9da2ecfb9269,Station Wagon/Sport Utility Vehicle,MERZ -CAR/SUV,2017.0,4.0,M,Licensed,Making Right Turn,Right Front Quarter Panel,Right Front Quarter Panel,Right Side Doors,,,N,,Failure to Yield Right-of-Way,Unspecified,QUEENS,11420.0,"(40.685764, -73.80665)",0.0,0.0,0,0,0,0,0,0,Station Wagon/Sport Utility Vehicle,Station Wagon/Sport Utility Vehicle,0
17771276,3856660,03/04/2018,11:30,93b098ca-f47d-46be-8a3a-934c08b30450,Sedan,CHEV -CAR/SUV,2013.0,1.0,F,Licensed,Slowing or Stopping,Center Front End,Center Front End,,,,N,,Following Too Closely,Unspecified,STATEN ISLAND,10306.0,"(40.57316, -74.114815)",0.0,0.0,0,0,0,0,0,0,Station Wagon/Sport Utility Vehicle,Sedan,0
17713131,3833569,01/23/2018,12:35,ae6f0950-023d-49e2-8fdf-2fce2157f417,Taxi,LINC -CAR/SUV,2011.0,1.0,M,Licensed,Going Straight Ahead,Left Front Bumper,Left Front Bumper,No Damage,No Damage,No Damage,N,,Passing or Lane Usage Improper,Failure to Yield Right-of-Way,MANHATTAN,10065.0,"(40.762802, -73.965675)",0.0,0.0,0,0,0,0,0,0,Taxi,Garbage or Refuse,0
18721809,3933813,07/01/2018,02:00,6285a3a6-f0f6-443a-841c-ab33e146042c,Station Wagon/Sport Utility Vehicle,BMW -CAR/SUV,2012.0,0.0,,,Parked,Left Rear Quarter Panel,Left Rear Quarter Panel,Left Rear Bumper,Center Front End,,N,,Unspecified,Unspecified,QUEENS,11412.0,"(40.703648, -73.75817)",0.0,0.0,0,0,0,0,0,0,Sedan,Sedan,0
17838345,3862211,03/12/2018,14:20,9155e9f6-1f28-4920-9ea5-e1800d0f672a,Sedan,HOND -CAR/SUV,2013.0,1.0,M,Licensed,Passing,Right Front Quarter Panel,Right Front Quarter Panel,Right Side Doors,Right Rear Quarter Panel,,N,,Unspecified,Unspecified,,,"(40.665974, -73.74061)",0.0,0.0,0,0,0,0,0,0,Sedan,Sedan,0
18719154,3921541,06/15/2018,02:47,8800f5fa-7de2-4252-9ee0-3c1a69ecc59e,Sedan,INFI -CAR/SUV,2011.0,2.0,M,Licensed,Going Straight Ahead,Overturned,Demolished,Demolished,Demolished,Demolished,Y,,Unsafe Speed,Unspecified,,,"(40.722095, -73.77772)",2.0,0.0,0,0,0,0,2,0,Sedan,,1
18887698,4034006,11/27/2018,17:40,9e2b576b-cb2b-4fd3-8565-a0c76866b98f,Sedan,NISS -CAR/SUV,2016.0,2.0,M,Licensed,Going Straight Ahead,Center Front End,Center Front End,Left Front Bumper,Right Front Bumper,,N,,Unspecified,Unspecified,QUEENS,11040.0,"(40.750023, -73.70631)",0.0,0.0,0,0,0,0,0,0,Station Wagon/Sport Utility Vehicle,Sedan,0
17817443,3854166,02/28/2018,13:58,c8309943-1f65-4cfe-9e55-4aa20dba7a9d,Station Wagon/Sport Utility Vehicle,LEXS -CAR/SUV,2005.0,2.0,F,Licensed,Going Straight Ahead,Center Back End,Center Back End,Center Front End,No Damage,No Damage,N,,Unspecified,Unspecified,QUEENS,11358.0,"(40.7611, -73.80388)",0.0,0.0,0,0,0,0,0,0,Sedan,Station Wagon/Sport Utility Vehicle,0
18663160,3969939,08/25/2018,00:00,4e30b480-07e0-47c8-b8c1-9b5a7e40e06a,Station Wagon/Sport Utility Vehicle,HOND -CAR/SUV,2015.0,1.0,M,Licensed,Going Straight Ahead,Left Front Quarter Panel,Left Front Quarter Panel,Left Front Bumper,No Damage,,N,,Unspecified,Unspecified,BROOKLYN,11206.0,"(40.701324, -73.929184)",0.0,0.0,0,0,0,0,0,0,Station Wagon/Sport Utility Vehicle,Taxi,0
17741882,3839806,02/02/2018,23:00,d897d267-4dd0-489a-b7f7-bf89c730f5a9,Sedan,HOND -CAR/SUV,2015.0,1.0,M,Licensed,Changing Lanes,Left Side Doors,Left Side Doors,Left Rear Quarter Panel,No Damage,No Damage,N,,Unspecified,Unspecified,,,"(40.77077, -73.91727)",0.0,0.0,0,0,0,0,0,0,Sedan,Station Wagon/Sport Utility Vehicle,0
17790744,3851771,02/25/2018,19:10,2491df53-3245-461b-8eb5-62db672b552f,Station Wagon/Sport Utility Vehicle,TOYT -CAR/SUV,2017.0,0.0,M,Licensed,Parked,Left Side Doors,Left Side Doors,No Damage,No Damage,No Damage,N,,Unspecified,Unspecified,,,"(40.667255, -73.86608)",0.0,0.0,0,0,0,0,0,0,Station Wagon/Sport Utility Vehicle,,0
17724474,3839847,02/03/2018,17:29,bd91e2b0-d7d7-4fa4-81dc-9dbc3a0ac224,Station Wagon/Sport Utility Vehicle,JEEP -CAR/SUV,2005.0,2.0,M,Licensed,Going Straight Ahead,Center Back End,Center Back End,Right Rear Bumper,,,N,,Unspecified,Unspecified,,,"(40.626907, -74.13886)",1.0,0.0,0,0,0,0,1,0,Station Wagon/Sport Utility Vehicle,Station Wagon/Sport Utility Vehicle,1
18797949,3999871,10/14/2018,10:00,3aeffcf8-cd8a-4e39-a383-57948820216d,Sedan,VOLK -CAR/SUV,2009.0,0.0,,,Parked,Center Back End,Center Back End,Right Rear Bumper,,,N,,Unspecified,Unspecified,BROOKLYN,11206.0,"(40.70497, -73.933205)",0.0,0.0,0,0,0,0,0,0,Sedan,tract,0
17871927,3892815,05/02/2018,23:48,d753b7c1-083e-49a6-8cd1-6a8debff31e4,Sedan,BMW -CAR/SUV,2008.0,1.0,M,Licensed,Going Straight Ahead,Left Side Doors,Left Side Doors,Left Front Quarter Panel,Left Rear Quarter Panel,Left Front Bumper,N,,Unspecified,Unspecified,BROOKLYN,11207.0,"(40.657753, -73.89612)",0.0,0.0,0,0,0,0,0,0,Sedan,Sedan,0
18850305,4007613,10/20/2018,16:20,dd894b78-e893-4094-8004-40b821352363,Sedan,TOYT -CAR/SUV,2014.0,1.0,F,Licensed,Going Straight Ahead,Right Rear Bumper,Right Rear Bumper,No Damage,No Damage,No Damage,Unspecified,,Unspecified,Driver Inattention/Distraction,MANHATTAN,10021.0,"(40.77246, -73.96705)",0.0,0.0,0,0,0,0,0,0,Sedan,Taxi,0
17713647,3841161,02/05/2018,18:45,221383ef-ccb8-4053-a373-d115cc89ca56,Station Wagon/Sport Utility Vehicle,DODG -CAR/SUV,2007.0,3.0,M,Licensed,Going Straight Ahead,Center Back End,Center Back End,Right Rear Bumper,Center Back End,Left Rear Bumper,N,,Unspecified,Unspecified,BROOKLYN,11233.0,"(40.67413, -73.913925)",0.0,0.0,0,0,0,0,0,0,Station Wagon/Sport Utility Vehicle,Station Wagon/Sport Utility Vehicle,0
17780733,3869716,03/22/2018,13:05,dce1241f-317d-4224-be10-d2a6f7341f2a,Station Wagon/Sport Utility Vehicle,JEEP -CAR/SUV,2015.0,1.0,M,Licensed,Going Straight Ahead,Center Front End,Center Front End,,,,N,,Unsafe Speed,Unspecified,BROOKLYN,11218.0,"(40.638523, -73.98131)",1.0,0.0,0,0,0,0,1,0,Station Wagon/Sport Utility Vehicle,Station Wagon/Sport Utility Vehicle,1
18879296,3980080,09/13/2018,12:45,9316f40c-12ef-4c62-99b0-41668e3b05c9,Flat Bed,LANL,2014.0,1.0,M,Licensed,Parked,Left Rear Bumper,No Damage,,,,N,,Unspecified,Unspecified,QUEENS,11354.0,"(40.765686, -73.82913)",0.0,0.0,0,0,0,0,0,0,Station Wagon/Sport Utility Vehicle,Flat Bed,0
18732149,4000786,10/15/2018,19:30,4b6724eb-51ca-4a20-8f60-35b9241ba69c,Taxi,TOYT -CAR/SUV,2018.0,1.0,M,Licensed,Slowing or Stopping,No Damage,No Damage,No Damage,No Damage,No Damage,N,,Unspecified,Unspecified,,,"(40.8479, -73.919685)",0.0,0.0,0,0,0,0,0,0,Taxi,,0
17707468,3834114,01/22/2018,20:22,a7f36b97-cdff-4bde-b12d-d1a94ea0a71e,Station Wagon/Sport Utility Vehicle,JEEP -CAR/SUV,2015.0,1.0,M,Licensed,Entering Parked Position,Right Front Quarter Panel,No Damage,No Damage,No Damage,No Damage,N,,Backing Unsafely,Unspecified,QUEENS,11372.0,"(40.748363, -73.88892)",0.0,0.0,0,0,0,0,0,0,Taxi,Station Wagon/Sport Utility Vehicle,0
18675124,3931293,06/28/2018,15:10,1ef7fbd1-8dac-4bea-ab1e-5bfad0cd2be6,Sedan,LINC -CAR/SUV,2008.0,1.0,M,Licensed,Making Right Turn,Right Rear Quarter Panel,Right Rear Quarter Panel,,,,N,,Driver Inattention/Distraction,Unspecified,QUEENS,11433.0,"(40.704033, -73.7938)",0.0,0.0,0,0,0,0,0,0,Sedan,Station Wagon/Sport Utility Vehicle,0
18616102,3910913,05/29/2018,17:00,5ec8f5e0-c67f-4fcd-ace0-e5afd8eec4d8,Sedan,HOND -CAR/SUV,2013.0,1.0,M,Licensed,Stopped in Traffic,Center Back End,Center Back End,No Damage,No Damage,No Damage,N,,Other Vehicular,Unspecified,BRONX,10462.0,"(40.841278, -73.86359)",1.0,0.0,0,0,0,0,1,0,Sedan,Station Wagon/Sport Utility Vehicle,1
18814525,4029948,11/20/2018,19:00,e195c098-a491-4015-8702-e91d06aebe72,Station Wagon/Sport Utility Vehicle,TOYT -CAR/SUV,2012.0,1.0,M,Licensed,Going Straight Ahead,Center Front End,Center Front End,Center Front End,,,N,,Unspecified,Unspecified,BROOKLYN,11230.0,"(40.627674, -73.96092)",0.0,0.0,0,0,0,0,0,0,Station Wagon/Sport Utility Vehicle,Sedan,0
18698810,3923716,06/19/2018,06:35,c67db155-0e7a-4754-a364-0e07f55dda3a,Sedan,TOYT -CAR/SUV,1995.0,1.0,M,Licensed,Merging,Left Front Quarter Panel,Left Front Quarter Panel,Left Side Doors,Left Rear Quarter Panel,,N,,Driver Inattention/Distraction,Passing or Lane Usage Improper,QUEENS,11421.0,"(40.689842, -73.850075)",0.0,0.0,0,0,0,0,0,0,Bus,Sedan,0
17748936,3870073,03/27/2018,05:15,d06686f7-3f64-4d06-8661-444374d32634,Sedan,FORD -CAR/SUV,2015.0,2.0,U,Licensed,Going Straight Ahead,Right Front Bumper,Right Front Bumper,Right Front Quarter Panel,No Damage,No Damage,N,,Driver Inattention/Distraction,Outside Car Distraction,BROOKLYN,11225.0,"(40.662846, -73.94284)",0.0,0.0,0,0,0,0,0,0,Sedan,Sedan,0
18887574,4031134,11/22/2018,20:00,a54dbba8-496c-44b9-8471-451359063b69,Sedan,LEXS -CAR/SUV,2013.0,1.0,M,Licensed,Stopped in Traffic,Right Rear Bumper,Right Rear Bumper,Center Back End,,,N,,Unspecified,Unspecified,QUEENS,11360.0,"(40.78643, -73.793274)",0.0,0.0,0,0,0,0,0,0,Sedan,Sedan,0
18873209,4050931,12/20/2018,09:30,5e554657-418a-48b3-a627-685a6da05bcb,Pick-up Truck,cater,2016.0,1.0,M,Licensed,Going Straight Ahead,Other,No Damage,,,,N,,Driver Inattention/Distraction,Unspecified,QUEENS,11432.0,"(40.720753, -73.805405)",0.0,0.0,0,0,0,0,0,0,Sedan,Pick-up Truck,0
18866749,3955750,08/05/2018,19:15,05567d87-cb29-4991-81f6-9216ea145262,Sedan,CHEV -CAR/SUV,2015.0,4.0,F,Licensed,Going Straight Ahead,Right Front Bumper,Right Front Bumper,Center Front End,Right Front Quarter Panel,,N,,Unspecified,Unspecified,QUEENS,11413.0,"(40.68159, -73.74459)",1.0,0.0,0,0,0,0,1,0,Sedan,Station Wagon/Sport Utility Vehicle,1