UNIQUE_ID,COLLISION_ID,CRASH_DATE,CRASH_TIME,VEHICLE_ID,VEHICLE_TYPE,VEHICLE_MAKE,VEHICLE_YEAR,VEHICLE_OCCUPANTS,DRIVER_SEX,DRIVER_LICENSE_STATUS,PRE_CRASH,POINT_OF_IMPACT,VEHICLE_DAMAGE,VEHICLE_DAMAGE_1,VEHICLE_DAMAGE_2,VEHICLE_DAMAGE_3,PUBLIC_PROPERTY_DAMAGE,PUBLIC_PROPERTY_DAMAGE_TYPE,CONTRIBUTING_FACTOR_1,CONTRIBUTING_FACTOR_2,BOROUGH,ZIP CODE,LOCATION,NUMBER OF PERSONS INJURED,NUMBER OF PERSONS KILLED,NUMBER OF PEDESTRIANS INJURED,NUMBER OF PEDESTRIANS KILLED,NUMBER OF CYCLIST INJURED,NUMBER OF CYCLIST KILLED,NUMBER OF MOTORIST INJURED,NUMBER OF MOTORIST KILLED,VEHICLE TYPE CODE 1,VEHICLE TYPE CODE 2,Severity
17774130,3862201,03/13/2018,14:30,8e0e1251-1b33-4882-9053-2fbde388e609,Tractor Truck Diesel,PTRB-TRUCK/BUS,2017.0,1.0,M,Licensed,Making Left Turn,Left Rear Quarter Panel,Left Rear Quarter Panel,Left Side Doors,,,N,,Driver Inattention/Distraction,Turning Improperly,,,,0.0,0.0,0,0,0,0,0,0,Tractor Truck Diesel,,0
17836880,3894345,05/05/2018,17:00,f6af1316-f6b1-40af-b73c-516c7a7dac73,Station Wagon/Sport Utility Vehicle,DODG -CAR/SUV,2006.0,0.0,,,Parked,Right Front Quarter Panel,Right Front Quarter Panel,No Damage,No Damage,No Damage,N,,Unspecified,Unspecified,QUEENS,11412.0,"(40.69467, -73.76343)",0.0,0.0,0,0,0,0,0,0,Station Wagon/Sport Utility Vehicle,Station Wagon/Sport Utility Vehicle,0
17816193,3900040,05/11/2018,20:33,c41f84b4-b7ba-4eb9-9e0f-c7683ad8b5ac,Taxi,TOYT -CAR/SUV,2015.0,1.0,M,Licensed,Stopped in Traffic,Left Rear Quarter Panel,Left Rear Quarter Panel,,,,N,,Unspecified,Unspecified,MANHATTAN,10013.0,"(40.716827, -74.00646)",0.0,0.0,0,0,0,0,0,0,Taxi,,0
17743608,3888565,04/25/2018,17:00,930039d1-64ac-4ac9-a730-134c2693b302,Bus,ORION,2005.0,1.0,M,Licensed,Making Right Turn,Left Front Bumper,Left Front Bumper,Center Front End,No Damage,No Damage,N,,Unspecified,Unspecified,MANHATTAN,10128.0,"(40.787224, -73.95417)",0.0,0.0,0,0,0,0,0,0,Bus,Station Wagon/Sport Utility Vehicle,0
17766039,3863983,03/16/2018,14:25,0df0e951-d9b3-4278-b323-a6f1bf46f69f,Box Truck,FRHT-TRUCK/BUS,2009.0,1.0,M,Licensed,Going Straight Ahead,Right Rear Quarter Panel,Right Rear Quarter Panel,,,,Unspecified,,Driver Inattention/Distraction,Unspecified,BROOKLYN,11204.0,"(40.610115, -73.98489)",0.0,0.0,0,0,0,0,0,0,Box Truck,Sedan,0
18790316,3993770,10/04/2018,15:15,ac96a189-c1e2-4248-81fd-867f27cdba81,Station Wagon/Sport Utility Vehicle,HOND -CAR/SUV,2018.0,2.0,F,Licensed,Going Straight Ahead,Right Rear Bumper,Right Rear Bumper,Right Rear Quarter Panel,,,N,,Unspecified,Unspecified,BROOKLYN,11249.0,"(40.703312, -73.96466)",0.0,0.0,0,0,0,0,0,0,Station Wagon/Sport Utility Vehicle,Station Wagon/Sport Utility Vehicle,0
17719683,3838146,01/31/2018,19:20,3273c82f-ea58-4292-8ef3-380ab5134c69,,CHEV -CAR/SUV,,,,,Making Right Turn,Other,Other,,,,Unspecified,,Driver Inattention/Distraction,Turning Improperly,,,"(40.663227, -73.93159)",0.0,0.0,0,0,0,0,0,0,Sedan,,0
18831738,4006159,10/22/2018,14:45,72eec146-aafa-4275-a21f-9e0215003d0c,Sedan,VOLV -CAR/SUV,2007.0,2.0,M,Licensed,Going Straight Ahead,Center Front End,Center Front End,Left Front Bumper,Right Front Bumper,Right Front Quarter Panel,N,,Following Too Closely,Unspecified,,,,0.0,0.0,0,0,0,0,0,0,Station Wagon/Sport Utility Vehicle,Sedan,0
18669991,3918006,06/09/2018,19:30,31d4f925-9bb8-429b-9103-8d2d242e7ed5,Sedan,HOND -CAR/SUV,2013.0,2.0,M,Licensed,Going Straight Ahead,Left Front Bumper,Center Front End,Left Front Bumper,Right Front Bumper,,N,,Passing or Lane Usage Improper,Following Too Closely,BROOKLYN,11226.0,"(40.64635, -73.95009)",2.0,0.0,0,0,0,0,2,0,Sedan,Station Wagon/Sport Utility Vehicle,1
18834321,4007824,10/26/2018,08:20,158ca5c3-e3e6-4f95-a48f-babc351d433e,Taxi,NISS -CAR/SUV,2014.0,1.0,F,Licensed,Going Straight Ahead,Left Rear Bumper,Left Rear Bumper,,,,N,,Other Vehicular,Unspecified,MANHATTAN,10036.0,,0.0,0.0,0,0,0,0,0,0,Station Wagon/Sport Utility Vehicle,Taxi,0
18748062,3965493,08/19/2018,11:35,e6c3056a-3fbe-444f-8f72-b76a39c4836a,Sedan,LINC -CAR/SUV,2012.0,0.0,M,Licensed,Slowing or Stopping,Center Front End,Center Front End,Left Front Bumper,Right Front Bumper,,N,,Following Too Closely,Unspecified,,,"(40.814636, -73.795815)",2.0,0.0,0,0,0,0,2,0,Sedan,Station Wagon/Sport Utility Vehicle,1
18593158,3942968,07/15/2018,20:00,ecd0110f-06fa-47e3-b6f3-d5d6a51075f2,Sedan,CADI -CAR/SUV,2014.0,1.0,M,Licensed,Going Straight Ahead,Center Back End,Center Back End,Center Front End,No Damage,No Damage,N,,Unspecified,Unspecified,,,"(40.723835, -73.97357)",1.0,0.0,0,0,0,0,1,0,Taxi,Station Wagon/Sport Utility Vehicle,1
18832807,3988839,09/27/2018,08:30,3ba0f49a-1c6c-475f-9023-e24a8a60de2e,Station Wagon/Sport Utility Vehicle,FORD -CAR/SUV,2009.0,2.0,F,Licensed,Slowing or Stopping,Center Front End,Center Front End,,,,N,,Following Too Closely,Unspecified,QUEENS,11432.0,"(40.71035, -73.7939)",0.0,0.0,0,0,0,0,0,0,Sedan,Station Wagon/Sport Utility Vehicle,0
17852881,3905788,05/22/2018,14:55,18c6e0f5-7102-4cd4-bfef-2c55c2ee1675,Sedan,LINC -CAR/SUV,2011.0,1.0,M,Licensed,Going Straight Ahead,Left Side Doors,No Damage,,,,N,,Unspecified,Unspecified,,,"(40.57333, -74.117836)",1.0,0.0,1,0,0,0,0,0,Sedan,,1
18621480,4013534,11/02/2018,20:30,ab813fe9-9a7b-4f5a-8628-162e7ff096dc,Taxi,TOYT -CAR/SUV,2013.0,0.0,M,Licensed,Making Left Turn,Right Rear Quarter Panel,Right Rear Quarter Panel,No Damage,No Damage,No Damage,N,,Driver Inattention/Distraction,Driver Inexperience,,,"(40.68902, -73.92122)",0.0,0.0,0,0,0,0,0,0,Station Wagon/Sport Utility Vehicle,Taxi,0
17769552,3876313,04/06/2018,07:30,2c9d5cd7-e346-4b83-a14e-7a63ce30216b,Sedan,NISS -CAR/SUV,2014.0,1.0,F,Licensed,Parked,Left Side Doors,Left Side Doors,Left Rear Quarter Panel,Left Front Quarter Panel,,N,,Unspecified,Unspecified,BROOKLYN,11212.0,"(40.663517, -73.90238)",0.0,0.0,0,0,0,0,0,0,Sedan,Sedan,0
17710946,3834566,01/24/2018,06:50,cb2e1fc2-e2d2-4bb6-8ff3-7072ec75c8ee,Sedan,VOLK -CAR/SUV,2017.0,1.0,F,Licensed,Starting in Traffic,Center Front End,Center Front End,Left Front Bumper,,,N,,View Obstructed/Limited,Failure to Yield Right-of-Way,,,,1.0,0.0,0,0,1,0,0,0,Sedan,Bike,1
18836800,3995688,10/07/2018,07:45,0c515e66-c9a6-40ac-92e7-17ee772145d9,Station Wagon/Sport Utility Vehicle,FORD -CAR/SUV,2010.0,0.0,,,Parked,Left Rear Bumper,Left Rear Bumper,Center Front End,,,N,,Unspecified,Unspecified,QUEENS,11420.0,"(40.68176, -73.823906)",0.0,0.0,0,0,0,0,0,0,Station Wagon/Sport Utility Vehicle,,0
18580737,3948186,07/24/2018,11:57,e0515ee7-3b41-43e3-a2ef-8a9b58411587,Pick-up Truck,FORD -CAR/SUV,2006.0,1.0,M,Licensed,Going Straight Ahead,No Damage,No Damage,No Damage,No Damage,No Damage,Unspecified,,Unspecified,Unspecified,MANHATTAN,10025.0,"(40.80293, -73.96759)",0.0,0.0,0,0,0,0,0,0,Pick-up Truck,Sedan,0
17801730,3848875,02/17/2018,14:44,ae8c1772-0748-4de2-957d-ee95be6cce2f,Box Truck,MACK,2018.0,,,,Going Straight Ahead,Right Rear Quarter Panel,Right Rear Bumper,,,,N,,Turning Improperly,Passing Too Closely,QUEENS,11354.0,"(40.764057, -73.81677)",0.0,0.0,0,0,0,0,0,0,Station Wagon/Sport Utility Vehicle,Box Truck,0
18622633,3965842,08/22/2018,17:30,7c79d9a8-db0d-4b0a-b567-cdffa6f73676,Station Wagon/Sport Utility Vehicle,LINC -CAR/SUV,2010.0,3.0,M,Licensed,Changing Lanes,Right Front Bumper,Right Front Bumper,No Damage,No Damage,No Damage,N,,Driver Inattention/Distraction,Unsafe Lane Changing,,,"(40.866814, -73.931595)",0.0,0.0,0,0,0,0,0,0,Station Wagon/Sport Utility Vehicle,Sedan,0
18774918,3986237,09/22/2018,03:55,d34b5401-3fdb-4368-be62-86864110fd1d,Sedan,TOYT -CAR/SUV,2013.0,1.0,M,Licensed,Going Straight Ahead,Center Front End,Center Back End,Right Front Quarter Panel,Right Rear Quarter Panel,Left Rear Quarter Panel,N,,Other Vehicular,Other Vehicular,BRONX,10465.0,"(40.819683, -73.80961)",1.0,0.0,0,0,0,0,1,0,Station Wagon/Sport Utility Vehicle,Sedan,1
18653854,4020900,11/14/2018,19:16,21e4df0f-0cb2-471e-a286-03def0e66be5,Sedan,NISS -CAR/SUV,2018.0,0.0,F,Licensed,Making Right Turn,Right Rear Quarter Panel,Right Rear Quarter Panel,No Damage,No Damage,No Damage,N,,Other Vehicular,Other Vehicular,BROOKLYN,11201.0,"(40.691227, -73.98214)",0.0,0.0,0,0,0,0,0,0,Taxi,Sedan,0
18629731,4018133,11/09/2018,22:48,91c0c5c5-b466-4215-acb6-ec1a0df44583,Station Wagon/Sport Utility Vehicle,PORS -CAR/SUV,2018.0,0.0,,,Parked,Left Rear Bumper,Left Rear Bumper,Center Front End,,,N,,Unspecified,Unspecified,MANHATTAN,10014.0,"(40.728603, -74.005325)",0.0,0.0,0,0,0,0,0,0,Station Wagon/Sport Utility Vehicle,,0
17810725,3885076,04/21/2018,06:32,cfd9055b-e7df-40dd-b349-a419430f208f,Station Wagon/Sport Utility Vehicle,HOND -CAR/SUV,2003.0,0.0,,,Parked,Right Rear Bumper,Right Rear Bumper,,,,N,,Unspecified,Unspecified,,,"(40.64995, -74.01231)",1.0,0.0,0,0,0,0,1,0,Sedan,Station Wagon/Sport Utility Vehicle,1
18731638,3966001,08/22/2018,16:09,fbafd15d-70e1-4aa7-a034-35e81f7cb5bd,Station Wagon/Sport Utility Vehicle,SUBA -CAR/SUV,2018.0,2.0,M,Licensed,Going Straight Ahead,Left Front Bumper,Left Front Bumper,Left Front Quarter Panel,Left Front Quarter Panel,No Damage,N,,Unspecified,Unspecified,BROOKLYN,11235.0,"(40.587307, -73.93938)",1.0,0.0,0,0,1,0,0,0,Station Wagon/Sport Utility Vehicle,Bike,1
18737956,3918251,06/09/2018,19:00,78534181-d21e-47be-a958-99c93e3d80c5,Sedan,MERZ -CAR/SUV,2011.0,1.0,M,Licensed,Going Straight Ahead,Center Back End,Right Side Doors,Right Front Bumper,Right Front Bumper,Right Rear Quarter Panel,N,,Unspecified,Unspecified,,,"(40.76306, -73.90236)",0.0,0.0,0,0,0,0,0,0,Taxi,Sedan,0
17801530,3848873,02/18/2018,13:40,93edbad3-82d6-4c8f-8f66-d08ac186acbd,Station Wagon/Sport Utility Vehicle,VOLK -CAR/SUV,2009.0,1.0,M,Licensed,Starting from Parking,Left Front Quarter Panel,Left Front Quarter Panel,,,,N,,Failure to Yield Right-of-Way,Unspecified,QUEENS,11354.0,"(40.763668, -73.82303)",0.0,0.0,0,0,0,0,0,0,Station Wagon/Sport Utility Vehicle,Station Wagon/Sport Utility Vehicle,0
17708984,3856500,03/03/2018,19:15,3928a268-c263-4a84-925b-da9bcfacecb3,Convertible,ALFA -CAR/SUV,1992.0,2.0,M,Licensed,Making Right Turn,Left Front Quarter Panel,Left Front Quarter Panel,,,,N,,Unspecified,Unspecified,,,"(40.73305, -74.00642)",0.0,0.0,0,0,0,0,0,0,Convertible,,0
18716191,3933475,07/01/2018,16:00,85b181fa-43f9-4c51-aa41-d3d11b6180af,Station Wagon/Sport Utility Vehicle,CHEV -CAR/SUV,2016.0,0.0,M,Licensed,Making Right Turn,Right Front Bumper,Right Front Bumper,,,,N,,Following Too Closely,Passing Too Closely,MANHATTAN,10022.0,"(40.76229, -73.974464)",0.0,0.0,0,0,0,0,0,0,Station Wagon/Sport Utility Vehicle,Station Wagon/Sport Utility Vehicle,0
17804464,3877509,04/08/2018,15:00,3ea6ec40-39fa-4256-a5e3-b28dff52af6c,Sedan,ACUR -CAR/SUV,2004.0,1.0,M,Licensed,Going Straight Ahead,Right Front Bumper,Right Front Bumper,Right Front Quarter Panel,No Damage,No Damage,N,,Unspecified,Unspecified,,,"(40.642498, -73.92358)",0.0,0.0,0,0,0,0,0,0,Sedan,Sedan,0
18667315,3915152,06/05/2018,19:35,55631d8c-ba81-4c72-9ac9-901618d095e2,Sedan,TOYT -CAR/SUV,2017.0,2.0,M,Licensed,Going Straight Ahead,Center Front End,Center Front End,No Damage,No Damage,No Damage,N,,Unspecified,Unspecified,BROOKLYN,11211.0,"(40.714455, -73.935295)",0.0,0.0,0,0,0,0,0,0,Sedan,Sedan,0
18686867,3986253,09/23/2018,20:36,35a5f2c4-e960-43db-a825-ba6004ddfebb,Sedan,NISS -CAR/SUV,2005.0,1.0,F,Licensed,Backing,Left Rear Bumper,No Damage,No Damage,No Damage,No Damage,N,,Unspecified,Unspecified,,,"(40.700546, -73.917076)",0.0,0.0,0,0,0,0,0,0,Sedan,Bike,0
18746153,3985595,09/20/2018,17:20,4f4e5a36-1456-46e1-b760-6db36032963a,Sedan,HOND -CAR/SUV,2016.0,1.0,M,Licensed,Entering Parked Position,Center Back End,Center Back End,,,,N,,Backing Unsafely,Unspecified,BROOKLYN,11201.0,"(40.703243, -73.99068)",1.0,0.0,1,0,0,0,0,0,Sedan,,1
18749777,4045487,12/15/2018,17:15,7dc1f511-9e75-44b3-ad7f-6feabad2414d,Sedan,NISS -CAR/SUV,2013.0,1.0,F,Licensed,Going Straight Ahead,Left Front Bumper,Left Front Bumper,Left Front Quarter Panel,,,N,,Unspecified,Unspecified,,,"(40.80142, -73.93446)",0.0,0.0,0,0,0,0,0,0,Sedan,Sedan,0
17738489,3890174,04/21/2018,19:50,ca30e6e7-d127-463c-a549-06ff3817dfe4,Sedan,HYUN -CAR/SUV,2012.0,1.0,F,Licensed,Going Straight Ahead,Left Front Bumper,Left Front Quarter Panel,Left Front Bumper,,,N,,Using On Board Navigation Device,Driver Inexperience,MANHATTAN,10002.0,"(40.719933, -73.97876)",0.0,0.0,0,0,0,0,0,0,Sedan,,0
18604976,3925012,06/20/2018,15:35,d3a72b59-9019-443c-92de-08223f98e7db,Taxi,HOND -CAR/SUV,2016.0,4.0,M,Licensed,Stopped in Traffic,Left Front Quarter Panel,Left Front Quarter Panel,Left Front Bumper,No Damage,No Damage,N,,Unspecified,Unspecified,BRONX,10459.0,"(40.817875, -73.89333)",0.0,0.0,0,0,0,0,0,0,Tractor Truck Diesel,Taxi,0
18645815,3990499,09/29/2018,14:00,797c4239-4d61-4b22-874a-26d0dc727a06,Station Wagon/Sport Utility Vehicle,GMC -CAR/SUV,2016.0,1.0,M,Licensed,Going Straight Ahead,Center Front End,Center Front End,,,,N,,Following Too Closely,Unspecified,,,"(40.518726, -74.24025)",0.0,0.0,0,0,0,0,0,0,Sedan,Station Wagon/Sport Utility Vehicle,0
18657662,3960917,08/13/2018,11:32,5c265174-b3c6-4d52-8b3b-faf23f7e5bdb,Station Wagon/Sport Utility Vehicle,MITS -CAR/SUV,2004.0,1.0,M,Licensed,Going Straight Ahead,Left Front Bumper,Left Front Bumper,Left Front Quarter Panel,,,N,,Driver Inattention/Distraction,Unspecified,MANHATTAN,10035.0,"(40.801815, -73.93929)",1.0,0.0,0,0,0,0,1,0,Sedan,Station Wagon/Sport Utility Vehicle,1
18669073,3967671,08/18/2018,09:30,fd79031e-f172-44e6-9f67-b0e2a33048a0,Station Wagon/Sport Utility Vehicle,FORD -CAR/SUV,2008.0,2.0,F,Licensed,Going Straight Ahead,Center Back End,Center Front End,Center Back End,,,N,,Other Vehicular,Other Vehicular,,,"(40.83801, -73.87329)",2.0,0.0,0,0,0,0,2,0,Sedan,Sedan,1
17862285,3875709,04/05/2018,09:20,b67cf4e8-6a9e-431a-8077-a2b56dddad40,Sedan,TOYT -CAR/SUV,2018.0,0.0,F,Licensed,Parked,Center Front End,Center Front End,,,,N,,Unspecified,Unspecified,QUEENS,11426.0,"(40.72854, -73.72941)",2.0,0.0,0,0,0,0,2,0,Sedan,Sedan,1
17727928,3850051,02/20/2018,14:39,8b8e91a2-8d26-4924-af8e-ad570676b648,Station Wagon/Sport Utility Vehicle,MERZ -CAR/SUV,2011.0,1.0,M,Licensed,Going Straight Ahead,Center Front End,Center Front End,Center Front End,Center Front End,Center Front End,N,,Unspecified,Failure to Yield Right-of-Way,BRONX,10462.0,"(40.848362, -73.86252)",0.0,0.0,0,0,0,0,0,0,Sedan,Station Wagon/Sport Utility Vehicle,0
18718925,4045286,12/15/2018,11:05,5e8daf71-e3f8-492a-a08b-c390158fc674,Sedan,STRN -CAR/SUV,1998.0,1.0,F,Licensed,Making U Turn,Left Front Quarter Panel,Left Front Quarter Panel,Left Side Doors,Left Rear Quarter Panel,Left Front Bumper,N,,Driver Inattention/Distraction,Turning Improperly,BROOKLYN,11217.0,"(40.680244, -73.984146)",0.0,0.0,0,0,0,0,0,0,Box Truck,Sedan,0
18658383,3962598,08/15/2018,03:00,7ed1bcdf-fc02-42a9-82f2-6cdd30466af4,Taxi,TOYT -CAR/SUV,2015.0,2.0,M,Licensed,Going Straight Ahead,Left Front Bumper,Center Front End,Right Front Bumper,,Left Front Bumper,N,,Traffic Control Disregarded,Unspecified,,,"(40.71786, -73.948326)",3.0,0.0,0,0,0,0,3,0,Taxi,Station Wagon/Sport Utility Vehicle,1
17820124,3893079,05/03/2018,17:45,ff393df2-7618-4ae5-af2b-514b0e95ddce,Station Wagon/Sport Utility Vehicle,HOND -CAR/SUV,2018.0,1.0,F,Licensed,Entering Parked Position,Right Front Bumper,Right Front Bumper,,,,N,,Other Vehicular,Unspecified,,,"(40.64581, -74.00242)",0.0,0.0,0,0,0,0,0,0,Station Wagon/Sport Utility Vehicle,Station Wagon/Sport Utility Vehicle,0
18667358,3928246,06/24/2018,22:00,832e23d9-55e5-44a2-9108-cfc7efbf5c12,Sedan,TOYT -CAR/SUV,2016.0,1.0,M,Licensed,Going Straight Ahead,Right Front Bumper,Right Front Bumper,No Damage,No Damage,No Damage,N,,Driver Inattention/Distraction,Driver Inattention/Distraction,,,"(40.756527, -73.994026)",0.0,0.0,0,0,0,0,0,0,Sedan,Sedan,0
17763809,3857591,03/06/2018,22:25,492138b0-ad46-40c1-a4db-9afe45212869,Station Wagon/Sport Utility Vehicle,FORD -CAR/SUV,2017.0,1.0,M,Licensed,Parked,Right Side Doors,Right Side Doors,No Damage,No Damage,No Damage,N,,Unspecified,Unspecified,BRONX,10465.0,"(40.820213, -73.82537)",0.0,0.0,0,0,0,0,0,0,Station Wagon/Sport Utility Vehicle,Station Wagon/Sport Utility Vehicle,0
18627874,3920087,06/13/2018,10:35,d32f9382-0ad3-45fb-a940-d82187abdc72,Station Wagon/Sport Utility Vehicle,NISS -CAR/SUV,2010.0,1.0,M,Licensed,Backing,Left Rear Bumper,No Damage,No Damage,No Damage,,N,,Backing Unsafely,Unspecified,BRONX,10461.0,"(40.84294, -73.83871)",0.0,0.0,0,0,0,0,0,0,Station Wagon/Sport Utility Vehicle,Sedan,0
18740819,3947164,07/23/2018,18:00,bb46cd57-17c7-4988-9f45-5d4fa206e058,Station Wagon/Sport Utility Vehicle,NISS -CAR/SUV,2016.0,1.0,F,Licensed,Merging,Right Rear Quarter Panel,Right Rear Quarter Panel,,,,N,,Driver Inattention/Distraction,Failure to Yield Right-of-Way,,,"(40.82663, -73.87285)",0.0,0.0,0,0,0,0,0,0,Station Wagon/Sport Utility Vehicle,Station Wagon/Sport Utility Vehicle,0
18634301,3933836,07/01/2018,20:55,cd88e2df-495e-423a-a0a6-b54ebbc42208,Station Wagon/Sport Utility Vehicle,FORD -CAR/SUV,2016.0,5.0,M,Licensed,Slowing or Stopping,Center Back End,Center Back End,Left Rear Bumper,Right Rear Bumper,,N,,Unspecified,Unspecified,,,"(40.83801, -73.87329)",0.0,0.0,0,0,0,0,0,0,Station Wagon/Sport Utility Vehicle,Station Wagon/Sport Utility Vehicle,0
18662396,3963455,08/17/2018,20:30,66007584-30d2-46fd-8d47-ab977bd2e501,Sedan,HOND -CAR/SUV,2017.0,1.0,M,Licensed,Making Left Turn,Right Rear Quarter Panel,Right Rear Quarter Panel,Right Rear Bumper,No Damage,No Damage,N,,Driver Inattention/Distraction,Turning Improperly,MANHATTAN,10002.0,"(40.71918, -73.99029)",0.0,0.0,0,0,0,0,0,0,Sedan,Sedan,0
17766637,3859912,03/09/2018,20:00,1c9636bb-e5fa-4ea9-a98a-4fcb8b60db9e,Taxi,HOND -CAR/SUV,2014.0,1.0,M,Licensed,Merging,Center Front End,Center Front End,,,,N,,Driver Inattention/Distraction,Following Too Closely,,,"(40.76113, -73.85851)",0.0,0.0,0,0,0,0,0,0,Taxi,Taxi,0
18770691,3964194,08/19/2018,10:45,bdb3f42f-332b-4387-882d-52e8e537b67c,Sedan,AUDI -CAR/SUV,2012.0,0.0,,,Parked,Right Rear Bumper,Right Rear Bumper,Right Rear Quarter Panel,No Damage,No Damage,N,,Unspecified,Unspecified,BRONX,10472.0,"(40.827915, -73.85327)",0.0,0.0,0,0,0,0,0,0,Sedan,,0
17842428,3893519,05/02/2018,15:55,296f0056-a6ce-47e7-a3d4-95af76c8080a,Station Wagon/Sport Utility Vehicle,FORD -CAR/SUV,2006.0,1.0,M,Licensed,Going Straight Ahead,Left Front Bumper,Left Front Bumper,,,,N,,Unspecified,Driver Inattention/Distraction,QUEENS,11420.0,"(40.66386, -73.82297)",0.0,0.0,0,0,0,0,0,0,Sedan,Station Wagon/Sport Utility Vehicle,0
17729178,3850928,02/21/2018,14:45,a71df352-fe41-47b2-928d-8113738aaf6f,Sedan,MERZ -CAR/SUV,2011.0,1.0,M,Licensed,Making Left Turn,Left Side Doors,Left Side Doors,,,,N,,Turning Improperly,Unspecified,MANHATTAN,10018.0,"(40.75649, -73.997765)",0.0,0.0,0,0,0,0,0,0,Sedan,Sedan,0
18789129,3943284,07/17/2018,14:50,0f438cbf-0675-4c82-b8cc-5e628f1ce88c,Station Wagon/Sport Utility Vehicle,MERZ -CAR/SUV,2017.0,2.0,M,Licensed,Going Straight Ahead,Left Rear Quarter Panel,Left Rear Quarter Panel,Left Side Doors,Left Rear Bumper,,N,,Unspecified,Unspecified,QUEENS,11377.0,"(40.741077, -73.900566)",0.0,0.0,0,0,0,0,0,0,FDNY,Station Wagon/Sport Utility Vehicle,0
18878107,3978359,09/05/2018,12:30,51566fb4-b16f-4c55-a56c-6eb6ea6986c7,Sedan,NISS -CAR/SUV,2004.0,0.0,,,Parked,Right Front Bumper,Right Front Bumper,,,,N,,Unspecified,Unspecified,QUEENS,11355.0,"(40.75286, -73.81731)",0.0,0.0,0,0,0,0,0,0,Sedan,Box Truck,0
18801119,3979012,09/11/2018,09:30,e1515750-4045-4ece-a6ee-579a6bb1209c,Station Wagon/Sport Utility Vehicle,GMC -CAR/SUV,1998.0,0.0,F,Licensed,Going Straight Ahead,Left Front Bumper,Left Front Bumper,Center Front End,,,N,,Driver Inattention/Distraction,Unspecified,BRONX,10475.0,"(40.884968, -73.830345)",0.0,0.0,0,0,0,0,0,0,Station Wagon/Sport Utility Vehicle,Sedan,0
17753498,3897680,05/10/2018,08:45,8ed2b11b-f8b5-4d24-8ae7-aaa11e5c731f,Taxi,TOYT -CAR/SUV,2017.0,1.0,M,Licensed,Backing,Right Rear Bumper,Right Rear Bumper,No Damage,No Damage,No Damage,N,,Backing Unsafely,Unspecified,MANHATTAN,10003.0,"(40.730377, -73.98638)",0.0,0.0,0,0,0,0,0,0,Taxi,Taxi,0
18815455,3978646,09/11/2018,06:05,7f51d196-8c78-4d6f-a9f8-e305d3d913b4,Sedan,MITS -CAR/SUV,2008.0,1.0,M,Licensed,Going Straight Ahead,Left Front Quarter Panel,Left Front Quarter Panel,Right Front Bumper,Right Front Quarter Panel,,N,,Unspecified,Unspecified,,,"(40.78318, -73.94362)",0.0,0.0,0,0,0,0,0,0,Sedan,Sedan,0
18877939,3974162,09/04/2018,15:05,edd29305-74d6-49f8-b7f8-9f6d64f0266e,Sedan,JEEP -CAR/SUV,2012.0,1.0,M,Licensed,Going Straight Ahead,Left Front Quarter Panel,Left Front Bumper,No Damage,No Damage,No Damage,N,,Failure to Yield Right-of-Way,Unspecified,QUEENS,11357.0,"(40.781673, -73.827576)",0.0,0.0,0,0,0,0,0,0,Sedan,Sedan,0
18884808,4008114,10/26/2018,13:45,ab865e04-0715-4816-a9b7-86c8e784ecec,Station Wagon/Sport Utility Vehicle,INFI -CAR/SUV,2016.0,1.0,M,Licensed,Going Straight Ahead,Left Rear Quarter Panel,Left Rear Quarter Panel,,,,N,,Unspecified,Unspecified,,,"(40.76079, -73.83075)",0.0,0.0,0,0,0,0,0,0,Station Wagon/Sport Utility Vehicle,Box Truck,0
18635682,3913427,05/28/2018,19:31,07b1aa7e-7baf-4cd5-adb0-5cd9f618a6ab,Ambulance,FORD-TRUCK/BUS,2013.0,2.0,F,Licensed,Going Straight Ahead,Left Side Doors,No Damage,No Damage,No Damage,,N,,Unspecified,Unspecified,MANHATTAN,10036.0,"(40.756035, -73.98695)",0.0,0.0,0,0,0,0,0,0,Ambulance,,0
17826249,3888153,04/25/2018,17:30,c0c3b1f6-813e-427b-b7b5-a469287832ce,Taxi,FORD -CAR/SUV,2016.0,1.0,M,Licensed,Making Left Turn,Center Front End,No Damage,,,,N,,Following Too Closely,Driver Inattention/Distraction,MANHATTAN,10019.0,,0.0,0.0,0,0,0,0,0,0,Taxi,Taxi,0
17737180,3841624,02/06/2018,12:18,e962919f-b8d8-4e09-930e-095bc6ab5a94,Sedan,TOYT -CAR/SUV,2007.0,1.0,F,Licensed,Going Straight Ahead,Right Front Quarter Panel,Right Front Quarter Panel,Right Side Doors,Right Rear Quarter Panel,,N,,Driver Inattention/Distraction,Unspecified,QUEENS,11432.0,"(40.719856, -73.79131)",0.0,0.0,0,0,0,0,0,0,Sedan,Sedan,0
17686007,3826401,01/11/2018,10:16,b4263a35-2684-4f99-847a-44eb7873a1f0,Sedan,TOYT -CAR/SUV,2001.0,1.0,M,Licensed,Entering Parked Position,Left Rear Bumper,No Damage,,,,N,,Unspecified,Unspecified,BRONX,10468.0,"(40.859642, -73.899826)",0.0,0.0,0,0,0,0,0,0,Sedan,Sedan,0