UNIQUE_ID,COLLISION_ID,CRASH_DATE,CRASH_TIME,VEHICLE_ID,VEHICLE_TYPE,VEHICLE_MAKE,VEHICLE_YEAR,VEHICLE_OCCUPANTS,DRIVER_SEX,DRIVER_LICENSE_STATUS,PRE_CRASH,POINT_OF_IMPACT,VEHICLE_DAMAGE,VEHICLE_DAMAGE_1,VEHICLE_DAMAGE_2,VEHICLE_DAMAGE_3,PUBLIC_PROPERTY_DAMAGE,PUBLIC_PROPERTY_DAMAGE_TYPE,CONTRIBUTING_FACTOR_1,CONTRIBUTING_FACTOR_2,BOROUGH,ZIP CODE,LOCATION,NUMBER OF PERSONS INJURED,NUMBER OF PERSONS KILLED,NUMBER OF PEDESTRIANS INJURED,NUMBER OF PEDESTRIANS KILLED,NUMBER OF CYCLIST INJURED,NUMBER OF CYCLIST KILLED,NUMBER OF MOTORIST INJURED,NUMBER OF MOTORIST KILLED,VEHICLE TYPE CODE 1,VEHICLE TYPE CODE 2,Severity
18673847,3936429,07/07/2018,10:07,baca88b4-84f1-48fd-a547-1be3e038791a,Sedan,SCIO -CAR/SUV,2012.0,1.0,F,Licensed,Parked,Left Side Doors,Left Rear Quarter Panel,,,,N,,Unspecified,Unspecified,MANHATTAN,10013.0,"(40.719265, -74.00572)",0.0,0.0,0,0,0,0,0,0,Sedan,Dump,0
18698013,3939201,07/11/2018,07:50,800fed5b-2575-4166-a087-dc55a42dab51,Sedan,SMRT -CAR/SUV,2017.0,1.0,M,Licensed,Starting from Parking,Left Front Bumper,Left Front Bumper,Left Front Quarter Panel,,,N,,Unspecified,Unspecified,BROOKLYN,11220.0,"(40.64685, -74.019264)",0.0,0.0,0,0,0,0,0,0,Sedan,Station Wagon/Sport Utility Vehicle,0
17790905,3888418,04/22/2018,21:18,2d6a55ec-8736-45bf-b5bb-52a52c67e9b9,Taxi,TOYT -CAR/SUV,2013.0,1.0,M,Licensed,Going Straight Ahead,Left Rear Bumper,Left Rear Bumper,,,,Unspecified,,Unspecified,Unspecified,,,,0.0,0.0,0,0,0,0,0,0,Taxi,Station Wagon/Sport Utility Vehicle,0
18637593,3991976,10/01/2018,17:08,04fb94de-7c84-4a0d-9bf7-d120f494716a,Sedan,NISS -CAR/SUV,2016.0,0.0,M,Licensed,Making Left Turn,Right Front Quarter Panel,Right Front Quarter Panel,Right Side Doors,Right Rear Quarter Panel,,N,,Failure to Yield Right-of-Way,Driver Inattention/Distraction,MANHATTAN,10024.0,"(40.78366, -73.98167)",0.0,0.0,0,0,0,0,0,0,Sedan,Sedan,0
18627466,3984687,09/20/2018,17:30,dac88ce7-3f92-4a10-b96d-c06db396330b,Station Wagon/Sport Utility Vehicle,JEEP -CAR/SUV,2018.0,1.0,M,Licensed,Going Straight Ahead,Center Front End,No Damage,No Damage,No Damage,No Damage,N,,Following Too Closely,Unspecified,BROOKLYN,11201.0,,0.0,0.0,0,0,0,0,0,0,Sedan,Station Wagon/Sport Utility Vehicle,0
18804975,4017479,11/09/2018,10:30,4a2bf343-be0f-4ab0-a9d9-95aa665d48e6,Station Wagon/Sport Utility Vehicle,INFI -CAR/SUV,2016.0,0.0,,,Parked,Left Front Bumper,Center Front End,Right Front Bumper,Left Front Quarter Panel,,N,,Unspecified,Unspecified,BROOKLYN,11232.0,"(40.66327, -73.9951)",0.0,0.0,0,0,0,0,0,0,Station Wagon/Sport Utility Vehicle,,0
18823940,4032730,11/26/2018,04:00,b8d703f8-45da-4d99-bb17-f4974e2c094e,Sedan,HOND -CAR/SUV,2005.0,0.0,,,Parked,Left Front Bumper,Left Front Bumper,Left Front Quarter Panel,Left Side Doors,Left Rear Quarter Panel,N,,Unspecified,Unspecified,QUEENS,11368.0,"(40.75349, -73.86359)",0.0,0.0,0,0,0,0,0,0,Sedan,Station Wagon/Sport Utility Vehicle,0
18680916,4043929,12/08/2018,10:15,1ba9a308-3738-4607-bbc5-827e6ee34f54,Taxi,FORD -CAR/SUV,2011.0,1.0,M,Licensed,Merging,Right Front Bumper,Right Front Bumper,Center Front End,Left Front Bumper,,N,,Unsafe Lane Changing,Driver Inattention/Distraction,MANHATTAN,10034.0,"(40.865547, -73.92728)",0.0,0.0,0,0,0,0,0,0,Station Wagon/Sport Utility Vehicle,Taxi,0
18798954,3948406,07/25/2018,09:30,8f39e267-83c0-4c82-a7c6-72c871c302b5,Sedan,HYUN -CAR/SUV,2018.0,2.0,M,Licensed,Going Straight Ahead,Center Front End,Center Front End,,,,Unspecified,,Driver Inattention/Distraction,Following Too Closely,,,"(40.741135, -73.8986)",1.0,0.0,0,0,0,0,1,0,Sedan,Sedan,1
18741296,3921385,06/12/2018,08:45,ffc13edf-3fb8-44b8-bad0-51029b90b161,Dump,PTRB-TRUCK/BUS,2010.0,1.0,M,Licensed,Going Straight Ahead,Right Front Bumper,Right Front Bumper,No Damage,No Damage,No Damage,N,,Unspecified,Unspecified,,,"(40.76565, -73.90358)",0.0,0.0,0,0,0,0,0,0,Sedan,Dump,0
18668564,3952625,07/31/2018,11:40,40d7d766-8829-4990-9c41-c0e89fc979bc,Sedan,TOYT -CAR/SUV,2008.0,1.0,F,Licensed,Starting from Parking,Left Front Bumper,Center Front End,,,,N,,Unspecified,Unspecified,STATEN ISLAND,10305.0,"(40.615902, -74.067474)",0.0,0.0,0,0,0,0,0,0,Station Wagon/Sport Utility Vehicle,Sedan,0
18763704,3969128,08/27/2018,12:58,f7c0746d-3206-4de1-a300-9f5893389f0f,Station Wagon/Sport Utility Vehicle,JEEP -CAR/SUV,2016.0,0.0,M,,Parked,Right Rear Bumper,Right Rear Bumper,Right Rear Quarter Panel,Right Side Doors,No Damage,N,,Other Vehicular,Unspecified,BRONX,10454.0,"(40.810352, -73.91761)",0.0,0.0,0,0,0,0,0,0,Sedan,Sedan,0
18845618,4000659,10/15/2018,17:00,34569c21-760d-4487-aee5-21664a550227,Station Wagon/Sport Utility Vehicle,CHEV -CAR/SUV,2018.0,0.0,,,Parked,Right Front Quarter Panel,Right Front Quarter Panel,,,,Unspecified,,Unspecified,Unspecified,QUEENS,11366.0,"(40.723564, -73.79835)",0.0,0.0,0,0,0,0,0,0,Station Wagon/Sport Utility Vehicle,,0
18714943,3949375,07/27/2018,09:00,f74ee3aa-cd34-4ca7-ae83-dacac714da47,Sedan,HYUN -CAR/SUV,2014.0,1.0,M,Licensed,Going Straight Ahead,Left Rear Bumper,Left Rear Quarter Panel,Left Rear Quarter Panel,Left Rear Bumper,Left Rear Bumper,N,,Unspecified,Unspecified,,,"(40.65274, -74.009384)",0.0,0.0,0,0,0,0,0,0,Pick-up Truck,Sedan,0
17768542,3880910,04/14/2018,21:15,83675e49-478c-4380-aaa7-19181a92e272,Sedan,HYUN -CAR/SUV,2017.0,1.0,F,Licensed,Making Left Turn,Right Rear Quarter Panel,Right Rear Quarter Panel,,,,N,,Unspecified,Unspecified,BROOKLYN,11205.0,"(40.696785, -73.95659)",0.0,0.0,0,0,0,0,0,0,Sedan,,0
18851002,4037129,12/02/2018,09:20,3141a42c-445d-43c7-b23c-be13ca63eb14,Station Wagon/Sport Utility Vehicle,HOND -CAR/SUV,2016.0,1.0,M,Licensed,Going Straight Ahead,Right Rear Quarter Panel,Right Rear Quarter Panel,Right Side Doors,Right Front Quarter Panel,,N,,Unspecified,Unspecified,,,"(40.701763, -73.81618)",0.0,0.0,0,0,0,0,0,0,Station Wagon/Sport Utility Vehicle,Sedan,0
18876185,3973951,09/04/2018,08:00,5e362f19-9b5f-4ca6-b3f2-7bbe576b9fae,Sedan,BMW -CAR/SUV,2002.0,0.0,,,Parked,Left Front Bumper,Left Front Bumper,,,,N,,Unspecified,Unspecified,QUEENS,11434.0,"(40.665924, -73.77105)",0.0,0.0,0,0,0,0,0,0,Sedan,,0
18672340,3911926,05/29/2018,18:02,bdc16a46-ec92-4fae-a739-feecebb63bcf,Sedan,HOND -CAR/SUV,2017.0,1.0,M,Licensed,Stopped in Traffic,Center Front End,Center Front End,No Damage,No Damage,No Damage,N,,Unspecified,Unspecified,QUEENS,11434.0,"(40.67903, -73.77843)",0.0,0.0,0,0,0,0,0,0,Station Wagon/Sport Utility Vehicle,Sedan,0
18749294,3971433,08/27/2018,11:00,7d7bab7f-35d7-4378-aba5-4f2b5b2ba365,Sedan,LINC -CAR/SUV,2011.0,2.0,M,Licensed,Going Straight Ahead,Center Front End,Center Front End,Left Front Bumper,Right Front Bumper,No Damage,N,,Driver Inattention/Distraction,Following Too Closely,,,"(40.818558, -73.92732)",1.0,0.0,0,0,0,0,1,0,Station Wagon/Sport Utility Vehicle,Sedan,1
18536357,3911983,05/26/2018,15:10,e5e5df34-c14d-4d89-8e04-3556f6b78b8b,Sedan,LEXS -CAR/SUV,2003.0,1.0,F,Licensed,Going Straight Ahead,Right Front Bumper,Right Front Bumper,Center Front End,,,N,,Driver Inattention/Distraction,Unspecified,,,"(40.815685, -73.9583)",0.0,0.0,0,0,0,0,0,0,Sedan,Sedan,0
17770292,3876647,04/04/2018,09:00,2a59ed46-bafa-47a8-8520-4b4978b52713,Sedan,HYUN -CAR/SUV,2016.0,0.0,,,Parked,Left Rear Quarter Panel,Left Rear Quarter Panel,Center Back End,Left Rear Bumper,No Damage,N,,Unspecified,Unspecified,BRONX,10461.0,"(40.854664, -73.85707)",0.0,0.0,0,0,0,0,0,0,Sedan,,0
18843937,3929416,06/26/2018,12:44,e702ebd2-1837-4b28-a314-aede1947b1d6,Station Wagon/Sport Utility Vehicle,CHEV -CAR/SUV,2009.0,1.0,M,Licensed,Making Right Turn,Right Front Quarter Panel,Right Front Quarter Panel,Right Side Doors,,,N,,Following Too Closely,Unspecified,,,"(40.752003, -73.836006)",1.0,0.0,0,0,0,0,1,0,Sedan,Station Wagon/Sport Utility Vehicle,1
17685591,3831238,01/18/2018,12:00,55d9ba81-0827-4268-8503-0158c904238e,Sedan,TOYT -CAR/SUV,2009.0,1.0,M,Licensed,Going Straight Ahead,Right Front Quarter Panel,Right Front Quarter Panel,Right Front Bumper,Center Front End,,N,,Unspecified,Unspecified,BROOKLYN,11201.0,"(40.6867, -73.9982)",0.0,0.0,0,0,0,0,0,0,Sedan,Sedan,0
18751922,3973816,08/30/2018,15:00,afe82a95-3e0e-481f-89bf-e1df4f49f4d2,Sedan,HOND -CAR/SUV,2017.0,0.0,,,Parked,Left Rear Bumper,Left Rear Bumper,Center Back End,Left Rear Quarter Panel,,N,,Unspecified,Unspecified,QUEENS,11372.0,"(40.753242, -73.889694)",0.0,0.0,0,0,0,0,0,0,Station Wagon/Sport Utility Vehicle,Sedan,0
17705203,3875042,04/01/2018,11:50,7179ab4c-9111-4dbb-ad40-8f35488e2e41,Sedan,HOND -CAR/SUV,2011.0,2.0,F,Licensed,Slowing or Stopping,Center Front End,Center Front End,Left Front Bumper,,,N,,Following Too Closely,Passenger Distraction,,,"(40.81205, -73.95355)",1.0,0.0,0,0,0,0,1,0,Sedan,Sedan,1
17788273,3887628,04/23/2018,07:00,68e69e7c-b9cd-4e51-be70-1b433f4a9c87,Station Wagon/Sport Utility Vehicle,NISS -CAR/SUV,2008.0,1.0,M,Licensed,Changing Lanes,Right Front Quarter Panel,Right Front Quarter Panel,No Damage,No Damage,No Damage,N,,Driver Inattention/Distraction,Unspecified,BRONX,10461.0,"(40.84169, -73.84009)",0.0,0.0,0,0,0,0,0,0,Station Wagon/Sport Utility Vehicle,Station Wagon/Sport Utility Vehicle,0
17798097,3868210,03/23/2018,15:30,875f121b-6dea-46f2-8191-fcaa0ae1b459,Sedan,TOYT -CAR/SUV,2016.0,2.0,F,Licensed,Going Straight Ahead,Right Side Doors,Right Side Doors,Right Front Quarter Panel,Right Rear Quarter Panel,,N,,Reaction to Uninvolved Vehicle,Unspecified,QUEENS,11364.0,"(40.747704, -73.75447)",0.0,0.0,0,0,0,0,0,0,Station Wagon/Sport Utility Vehicle,Sedan,0
17794926,3888336,04/10/2018,13:49,09f23f70-aeba-4e17-af36-8d800dc39aa5,Station Wagon/Sport Utility Vehicle,LINC -CAR/SUV,2018.0,1.0,M,Licensed,Going Straight Ahead,Center Back End,Center Back End,Center Back End,Center Back End,Center Back End,N,,Driver Inattention/Distraction,Following Too Closely,MANHATTAN,10017.0,"(40.754017, -73.96847)",0.0,0.0,0,0,0,0,0,0,Station Wagon/Sport Utility Vehicle,Station Wagon/Sport Utility Vehicle,0
18887733,4034226,11/28/2018,11:54,0fe93d71-cf90-4393-b814-4decdb4040cf,Sedan,HOND -CAR/SUV,2016.0,1.0,M,Licensed,Going Straight Ahead,Right Rear Quarter Panel,Right Rear Quarter Panel,,,,N,,Unspecified,Unspecified,QUEENS,11413.0,"(40.6514, -73.75889)",0.0,0.0,0,0,0,0,0,0,Sedan,Station Wagon/Sport Utility Vehicle,0
17679384,3822774,01/05/2018,07:45,29d59db3-0705-458c-b30d-064c3a84a08b,Station Wagon/Sport Utility Vehicle,LEXS -CAR/SUV,1999.0,1.0,M,Licensed,Backing,Center Back End,Center Back End,No Damage,No Damage,,N,,Backing Unsafely,Unspecified,,,"(40.65274, -74.009384)",1.0,0.0,0,0,0,0,1,0,Station Wagon/Sport Utility Vehicle,Station Wagon/Sport Utility Vehicle,1
17805809,3897825,05/09/2018,16:50,84ea954d-34f0-4aa0-9119-1cda76ba5c18,Station Wagon/Sport Utility Vehicle,ISU -CAR/SUV,2017.0,0.0,M,Licensed,Going Straight Ahead,Right Front Bumper,Right Front Quarter Panel,,,,N,,Unspecified,Unspecified,BROOKLYN,11234.0,"(40.62368, -73.92544)",1.0,0.0,0,0,0,0,1,0,Station Wagon/Sport Utility Vehicle,Sedan,1
17722370,3850186,02/21/2018,09:55,4b5ca3a2-b58f-43ee-ad5d-0e43205557a7,Sedan,HOND -CAR/SUV,2013.0,1.0,M,Licensed,Going Straight Ahead,Right Front Bumper,Right Front Bumper,Right Front Quarter Panel,Center Front End,Left Front Bumper,N,,Unspecified,Unspecified,BROOKLYN,11221.0,"(40.69069, -73.91621)",0.0,0.0,0,0,0,0,0,0,Station Wagon/Sport Utility Vehicle,Sedan,0
18784358,3970279,08/29/2018,11:10,0ecd263c-e92b-41ce-a181-164e66fd8813,Station Wagon/Sport Utility Vehicle,CHRY -CAR/SUV,2005.0,1.0,M,Licensed,Going Straight Ahead,Center Front End,Center Front End,Center Back End,,,N,,Driver Inattention/Distraction,Following Too Closely,,,"(40.748226, -73.75979)",0.0,0.0,0,0,0,0,0,0,Pick-up Truck,Sedan,0
17681901,3825605,01/09/2018,12:00,f477b05d-a9f7-4a37-9e47-be014f4ab7e8,Station Wagon/Sport Utility Vehicle,FORD -CAR/SUV,2017.0,0.0,M,Licensed,Parked,Right Front Quarter Panel,Right Front Quarter Panel,No Damage,No Damage,No Damage,N,,Unspecified,Unspecified,MANHATTAN,10016.0,"(40.75143, -73.98031)",0.0,0.0,0,0,0,0,0,0,Box Truck,Station Wagon/Sport Utility Vehicle,0
18608102,3922545,06/17/2018,13:30,e936fc78-527a-4fbe-a158-3f846efd52cb,Station Wagon/Sport Utility Vehicle,NISS -CAR/SUV,2016.0,4.0,F,Licensed,Going Straight Ahead,Right Front Quarter Panel,Right Front Bumper,,,,N,,Driver Inattention/Distraction,Unspecified,BROOKLYN,11234.0,"(40.629368, -73.88477)",0.0,0.0,0,0,0,0,0,0,Station Wagon/Sport Utility Vehicle,Sedan,0
17805760,3901153,05/14/2018,17:01,f13ed13d-3fea-43a8-97c2-7381da067068,Sedan,HOND -CAR/SUV,2011.0,1.0,F,Licensed,Making Right Turn,Right Front Bumper,No Damage,,,,N,,Driver Inattention/Distraction,Unspecified,STATEN ISLAND,10305.0,"(40.61678, -74.06811)",0.0,0.0,0,0,0,0,0,0,Sedan,Station Wagon/Sport Utility Vehicle,0
17749590,3893755,05/04/2018,06:55,84da4acf-398a-4343-a149-4212e859ffe6,Station Wagon/Sport Utility Vehicle,CHEV -CAR/SUV,2009.0,3.0,F,Licensed,Going Straight Ahead,Right Front Quarter Panel,Right Front Quarter Panel,,,,N,,Unspecified,Unspecified,MANHATTAN,10029.0,"(40.789307, -73.943405)",0.0,0.0,0,0,0,0,0,0,Station Wagon/Sport Utility Vehicle,Station Wagon/Sport Utility Vehicle,0
18708787,4015749,11/05/2018,06:15,b735a2e9-03c8-4648-9fb6-bb8d1852c6e3,Sedan,KIA -CAR/SUV,2019.0,2.0,F,Licensed,Parked,Left Front Quarter Panel,Left Side Doors,Left Rear Quarter Panel,,,N,,Unspecified,Unspecified,BROOKLYN,11224.0,"(40.57675, -73.98806)",1.0,0.0,0,0,0,0,1,0,Sedan,Pick-up Truck,1
18868582,4011635,10/31/2018,15:05,c246804a-33cc-4730-86ca-09baf1f54431,Station Wagon/Sport Utility Vehicle,ACUR -CAR/SUV,2015.0,1.0,F,Licensed,Going Straight Ahead,Left Rear Quarter Panel,Left Rear Quarter Panel,No Damage,No Damage,No Damage,N,,Unspecified,Unspecified,,,,0.0,0.0,0,0,0,0,0,0,Sedan,Station Wagon/Sport Utility Vehicle,0
17710475,3892078,04/30/2018,17:25,e19bcbbe-a4d9-4cdb-8cb7-09f69bb1297f,Sedan,MITS -CAR/SUV,2001.0,1.0,F,Licensed,Stopped in Traffic,Center Back End,Center Back End,Right Rear Bumper,Left Rear Bumper,,N,,Unspecified,Unspecified,QUEENS,11693.0,"(40.60164, -73.820274)",0.0,0.0,0,0,0,0,0,0,Sedan,Station Wagon/Sport Utility Vehicle,0
17742877,3861513,03/12/2018,10:45,383246ce-086e-42f2-a2cf-243c98d57763,Station Wagon/Sport Utility Vehicle,CHRY -CAR/SUV,2005.0,1.0,M,Licensed,Going Straight Ahead,Center Back End,Center Back End,,,,N,,Unspecified,Unspecified,MANHATTAN,10002.0,"(40.709198, -73.99609)",0.0,0.0,0,0,0,0,0,0,Station Wagon/Sport Utility Vehicle,TRUCK,0
18636977,3956084,08/06/2018,08:04,5e0dcc56-07fd-4225-ba0f-f36b1c1b0286,Sedan,BMW -CAR/SUV,2015.0,2.0,M,Licensed,Stopped in Traffic,Right Front Quarter Panel,Right Side Doors,,,,N,,Passing or Lane Usage Improper,Passing or Lane Usage Improper,BROOKLYN,11236.0,"(40.645134, -73.90232)",2.0,0.0,0,0,0,0,2,0,Sedan,Bus,1
18846242,4049841,12/21/2018,16:09,f99ff0b2-902f-49d5-9c09-77cde4133624,Station Wagon/Sport Utility Vehicle,TOYT -CAR/SUV,2011.0,4.0,F,Licensed,Other*,Left Front Quarter Panel,Left Front Quarter Panel,,,,N,,Unspecified,Unspecified,BROOKLYN,11211.0,"(40.710785, -73.95995)",0.0,0.0,0,0,0,0,0,0,Station Wagon/Sport Utility Vehicle,Station Wagon/Sport Utility Vehicle,0
17691842,3829045,01/13/2018,11:50,75ffb315-53a3-4d9b-84bd-c0b6745308b8,Station Wagon/Sport Utility Vehicle,TOYT -CAR/SUV,2016.0,1.0,M,Licensed,Going Straight Ahead,Left Side Doors,Left Side Doors,Left Rear Quarter Panel,Left Front Quarter Panel,,N,,Unspecified,Unspecified,,,"(40.830727, -73.83756)",0.0,0.0,0,0,0,0,0,0,Sedan,Station Wagon/Sport Utility Vehicle,0
17738141,3877530,04/08/2018,18:27,311d5d57-9ac5-4d1c-9456-53eba789e1cc,Sedan,MERZ -CAR/SUV,2007.0,5.0,M,Licensed,Going Straight Ahead,Center Front End,Center Front End,Left Front Bumper,Right Front Bumper,,N,,Unspecified,Unspecified,BROOKLYN,11231.0,"(40.673107, -73.99972)",0.0,0.0,0,0,0,0,0,0,Sedan,Sedan,0
18608706,3984988,09/20/2018,15:20,baa742ff-6377-4c83-a1c4-799e9b82a1b1,Bus,MCIN-TRUCK/BUS,2018.0,1.0,M,Licensed,Going Straight Ahead,Right Front Quarter Panel,Right Front Quarter Panel,Right Side Doors,Right Rear Quarter Panel,,N,,Driver Inattention/Distraction,Unspecified,MANHATTAN,10002.0,"(40.72106, -73.9893)",0.0,0.0,0,0,0,0,0,0,Bus,Sedan,0
18889319,4044297,12/13/2018,22:30,97a17388-e2fc-4947-8eec-c5e0af72b84a,Sedan,VOLK -CAR/SUV,2007.0,1.0,M,Licensed,Backing,Right Rear Bumper,Right Rear Bumper,Right Rear Quarter Panel,Right Rear Quarter Panel,,Unspecified,,Backing Unsafely,Unspecified,QUEENS,11354.0,"(40.776173, -73.82441)",0.0,0.0,0,0,0,0,0,0,Sedan,Sedan,0
18801667,3979020,09/11/2018,20:59,162a3a8c-fe64-4afc-97f7-c9c7e5065ca4,Station Wagon/Sport Utility Vehicle,BUIC -CAR/SUV,2002.0,2.0,M,Licensed,Going Straight Ahead,Left Front Bumper,Left Front Quarter Panel,Left Side Doors,Left Rear Quarter Panel,,N,,Failure to Yield Right-of-Way,Unspecified,BRONX,10466.0,"(40.89466, -73.86137)",0.0,0.0,0,0,0,0,0,0,Pick-up Truck,Station Wagon/Sport Utility Vehicle,0
18845494,3929959,06/27/2018,19:00,79291a84-3a67-4b12-9267-07642f725597,Station Wagon/Sport Utility Vehicle,MERZ -CAR/SUV,2004.0,0.0,M,Licensed,Making Right Turn,Left Front Quarter Panel,Left Side Doors,Left Rear Quarter Panel,Left Front Quarter Panel,No Damage,N,,Failure to Yield Right-of-Way,Unspecified,,,,0.0,0.0,0,0,0,0,0,0,Station Wagon/Sport Utility Vehicle,Sedan,0
18785992,4043325,12/09/2018,01:49,e2438e60-d6c1-414e-a928-3c111be4bcbe,Taxi,TOYT -CAR/SUV,2015.0,1.0,M,Licensed,Merging,Right Front Bumper,Right Front Bumper,,,,N,,Unsafe Lane Changing,Unspecified,,,"(40.742283, -74.004425)",0.0,0.0,0,0,0,0,0,0,Pick-up Truck,Taxi,0
17731614,3858101,02/28/2018,07:30,65f27438-52ad-4ea1-b91a-6222ff0939ae,Taxi,TOYT -CAR/SUV,2015.0,1.0,M,Licensed,Going Straight Ahead,Center Front End,Right Front Bumper,Left Front Bumper,Right Front Quarter Panel,Left Front Quarter Panel,N,,Driver Inattention/Distraction,Following Too Closely,MANHATTAN,10003.0,"(40.733807, -73.98626)",0.0,0.0,0,0,0,0,0,0,Taxi,Station Wagon/Sport Utility Vehicle,0
18720357,3929937,06/27/2018,02:15,113bc787-c1db-49e8-9e74-dcbb458e607c,Sedan,MERZ -CAR/SUV,2008.0,1.0,M,Licensed,Going Straight Ahead,Left Front Bumper,Left Front Bumper,,,,N,,Unspecified,Unspecified,BRONX,10470.0,"(40.90348, -73.85035)",0.0,0.0,0,0,0,0,0,0,Sedan,Sedan,0
18864778,4046713,12/17/2018,13:00,2435a1a3-5c35-49b3-81ee-f071bb0364ca,Station Wagon/Sport Utility Vehicle,KIA -CAR/SUV,2016.0,1.0,M,Licensed,Slowing or Stopping,Center Back End,Left Rear Bumper,Right Rear Bumper,,,N,,Unspecified,Unspecified,QUEENS,11385.0,"(40.702835, -73.86983)",0.0,0.0,0,0,0,0,0,0,Station Wagon/Sport Utility Vehicle,Station Wagon/Sport Utility Vehicle,0
17793923,3884054,04/19/2018,09:50,37800242-cebe-4d57-a941-1c8deea56972,Sedan,HOND -CAR/SUV,2016.0,1.0,M,Licensed,Going Straight Ahead,Right Front Quarter Panel,Right Front Quarter Panel,,,,N,,Unspecified,Unspecified,MANHATTAN,10007.0,"(40.714333, -74.0067)",0.0,0.0,0,0,0,0,0,0,Sedan,,0
18880511,3990001,09/29/2018,11:10,3812f291-e9a7-4bce-815f-023b922869d6,Sedan,ACUR -CAR/SUV,2011.0,0.0,,,Parked,Center Back End,Center Back End,Left Rear Bumper,Right Rear Bumper,,N,,Unspecified,Unspecified,QUEENS,11427.0,"(40.740013, -73.73355)",1.0,0.0,0,0,0,0,1,0,Sedan,Sedan,1
19548305,3833229,01/18/2018,06:00,c752e579-547b-4434-8f35-153a5f45a445,Sedan,BMW -CAR/SUV,2000.0,1.0,M,Licensed,Going Straight Ahead,Center Front End,Left Front Bumper,Right Front Bumper,,,Unspecified,,Driver Inattention/Distraction,Unspecified,,,"(40.763897, -73.95323)",0.0,0.0,0,0,0,0,0,0,Station Wagon/Sport Utility Vehicle,Sedan,0
17704933,3842517,02/05/2018,09:35,938bbe15-79d5-4291-acde-005deba4ab7e,Taxi,LINC -CAR/SUV,2009.0,1.0,M,Licensed,Parked,Left Side Doors,Left Side Doors,No Damage,No Damage,No Damage,N,,Driver Inattention/Distraction,Unspecified,BROOKLYN,11224.0,"(40.576714, -73.981476)",0.0,0.0,0,0,0,0,0,0,Taxi,Station Wagon/Sport Utility Vehicle,0
18700538,3945071,07/20/2018,12:30,9cf5e822-e7aa-466b-aed2-63dbddf3bd2f,Sedan,HOND -CAR/SUV,2005.0,1.0,M,Licensed,Parked,Left Front Bumper,Center Front End,Right Front Bumper,Left Front Bumper,,N,,Unspecified,Unspecified,BROOKLYN,11223.0,"(40.603348, -73.97236)",0.0,0.0,0,0,0,0,0,0,Station Wagon/Sport Utility Vehicle,Sedan,0
18807758,3975192,08/03/2018,22:30,79a1b6e2-400a-4600-b0ba-9348939f2885,Sedan,SUBA -CAR/SUV,2008.0,0.0,,,Parked,Right Front Quarter Panel,Right Side Doors,,,,N,,Unspecified,Unspecified,QUEENS,11103.0,"(40.762012, -73.911)",0.0,0.0,0,0,0,0,0,0,Sedan,Sedan,0
17811497,3877860,04/09/2018,13:50,b12423db-1740-4749-842f-d21126a5efea,Sedan,CADI -CAR/SUV,2002.0,1.0,F,Licensed,Going Straight Ahead,Right Front Bumper,Right Front Bumper,Right Front Quarter Panel,,,N,,Unspecified,Unspecified,,,,2.0,0.0,0,0,0,0,2,0,Sedan,Sedan,1
17818697,3892063,04/30/2018,09:09,7e176331-e7cc-4ccc-b6c6-5f418e6863f0,Station Wagon/Sport Utility Vehicle,TOYT -CAR/SUV,2008.0,0.0,,,Parked,Right Rear Bumper,Center Back End,Left Rear Bumper,Center Front End,,Unspecified,,Unspecified,Unspecified,BRONX,10461.0,"(40.84956, -73.83401)",17.0,0.0,0,0,0,0,17,0,Station Wagon/Sport Utility Vehicle,Station Wagon/Sport Utility Vehicle,1
18731333,3980930,09/14/2018,13:38,78ce93b7-ddff-4609-bcff-a511eeeb6ccf,Sedan,BMW -CAR/SUV,2018.0,1.0,F,Licensed,Parked,Right Front Quarter Panel,Right Front Quarter Panel,Right Front Bumper,,,N,,Unspecified,Unspecified,BROOKLYN,11214.0,"(40.599716, -74.00213)",0.0,0.0,0,0,0,0,0,0,Sedan,Station Wagon/Sport Utility Vehicle,0
17751349,3885163,04/20/2018,16:45,6aa75010-5f1c-4061-8310-b708c3dcd81e,Sedan,TOYT -CAR/SUV,2016.0,0.0,M,Licensed,Making Left Turn,Right Front Bumper,Right Front Bumper,No Damage,No Damage,No Damage,N,,Failure to Yield Right-of-Way,Turning Improperly,MANHATTAN,10024.0,"(40.783844, -73.979996)",0.0,0.0,0,0,0,0,0,0,Sedan,Sedan,0
18877912,4050207,12/22/2018,05:50,1611cd42-c07b-45ca-a950-22db864e543e,Station Wagon/Sport Utility Vehicle,HOND -CAR/SUV,2010.0,1.0,M,Licensed,Going Straight Ahead,Right Front Quarter Panel,Right Front Quarter Panel,Right Front Bumper,,,N,,Unspecified,Unspecified,QUEENS,11377.0,"(40.740875, -73.89962)",1.0,0.0,0,0,0,0,1,0,Station Wagon/Sport Utility Vehicle,,1
17831872,3886509,04/18/2018,06:00,2d03f946-f81a-433c-9ee3-6be6c45fe170,Taxi,TOYT -CAR/SUV,2015.0,1.0,M,Licensed,Going Straight Ahead,Left Rear Quarter Panel,Left Rear Quarter Panel,,,,N,,Unsafe Lane Changing,Unspecified,,,"(40.77039, -73.954124)",0.0,0.0,0,0,0,0,0,0,Taxi,Taxi,0
18628634,4006971,10/25/2018,00:10,77ee9234-44df-46ca-84d0-0c177f570387,Sedan,TOYT -CAR/SUV,2016.0,1.0,M,Licensed,Going Straight Ahead,Left Front Quarter Panel,No Damage,No Damage,No Damage,No Damage,N,,Alcohol Involvement,Driver Inattention/Distraction,MANHATTAN,10030.0,"(40.817173, -73.94606)",0.0,0.0,0,0,0,0,0,0,Sedan,,0