UNIQUE_ID,COLLISION_ID,CRASH_DATE,CRASH_TIME,VEHICLE_ID,VEHICLE_TYPE,VEHICLE_MAKE,VEHICLE_YEAR,VEHICLE_OCCUPANTS,DRIVER_SEX,DRIVER_LICENSE_STATUS,PRE_CRASH,POINT_OF_IMPACT,VEHICLE_DAMAGE,VEHICLE_DAMAGE_1,VEHICLE_DAMAGE_2,VEHICLE_DAMAGE_3,PUBLIC_PROPERTY_DAMAGE,PUBLIC_PROPERTY_DAMAGE_TYPE,CONTRIBUTING_FACTOR_1,CONTRIBUTING_FACTOR_2,BOROUGH,ZIP CODE,LOCATION,NUMBER OF PERSONS INJURED,NUMBER OF PERSONS KILLED,NUMBER OF PEDESTRIANS INJURED,NUMBER OF PEDESTRIANS KILLED,NUMBER OF CYCLIST INJURED,NUMBER OF CYCLIST KILLED,NUMBER OF MOTORIST INJURED,NUMBER OF MOTORIST KILLED,VEHICLE TYPE CODE 1,VEHICLE TYPE CODE 2,Severity
18699071,3925324,06/20/2018,18:15,6f4863b8-44cb-4b3e-bee7-9e735cb27c83,Bus,MCIN-TRUCK/BUS,2008.0,1.0,M,Licensed,Making Left Turn,Left Rear Quarter Panel,Left Rear Quarter Panel,No Damage,No Damage,No Damage,N,,Unsafe Lane Changing,Unspecified,MANHATTAN,10017.0,"(40.75791, -73.97766)",0.0,0.0,0,0,0,0,0,0,Taxi,Bus,0
18842914,3997927,10/11/2018,07:00,1ce70855-1254-4ab8-a288-bb836e721220,Station Wagon/Sport Utility Vehicle,NISS -CAR/SUV,2017.0,1.0,M,Licensed,Going Straight Ahead,Right Front Quarter Panel,Right Front Quarter Panel,Right Side Doors,,,N,,Unspecified,Unspecified,QUEENS,11366.0,"(40.72714, -73.792305)",0.0,0.0,0,0,0,0,0,0,Station Wagon/Sport Utility Vehicle,Sedan,0
17720164,3842143,02/05/2018,09:30,689d03fc-dc8d-489b-9fe0-cf28feb69146,Sedan,HOND -CAR/SUV,2017.0,1.0,M,Licensed,Going Straight Ahead,Right Side Doors,Right Side Doors,Right Rear Quarter Panel,Right Rear Bumper,,N,,Failure to Yield Right-of-Way,Unspecified,QUEENS,11423.0,"(40.717785, -73.76249)",0.0,0.0,0,0,0,0,0,0,Station Wagon/Sport Utility Vehicle,Sedan,0
17831109,3901135,04/22/2018,06:30,33b74465-da8a-4fb2-9b75-d315d674bde6,Sedan,HOND -CAR/SUV,2017.0,,,,Going Straight Ahead,Center Front End,Right Front Bumper,Right Front Quarter Panel,Right Side Doors,,Unspecified,,Passing Too Closely,Driver Inattention/Distraction,BRONX,10466.0,"(40.885998, -73.861465)",0.0,0.0,0,0,0,0,0,0,Sedan,Sedan,0
17684527,3833186,01/16/2018,12:35,7fb4611e-0154-42cf-bdc9-29d16c3cf86a,Sedan,MERZ -CAR/SUV,2015.0,2.0,M,Licensed,Going Straight Ahead,Center Back End,Center Back End,Right Rear Bumper,Left Rear Bumper,,N,,Unspecified,Unspecified,,,"(40.68742, -73.999725)",2.0,0.0,0,0,0,0,2,0,Sedan,Pick-up Truck,1
17724053,3849011,02/16/2018,13:00,6d8a2098-280e-454a-9bf1-f6fc9f8480eb,Station Wagon/Sport Utility Vehicle,CADI -CAR/SUV,2015.0,0.0,,,Parked,Left Side Doors,Left Side Doors,,,,N,,Unspecified,Unspecified,MANHATTAN,10011.0,"(40.74047, -73.99829)",0.0,0.0,0,0,0,0,0,0,Station Wagon/Sport Utility Vehicle,Box Truck,0
18885785,4013062,11/02/2018,18:50,51d1a60e-8fe0-4fc5-9cea-e15bed0baba8,Station Wagon/Sport Utility Vehicle,CHRY -CAR/SUV,2003.0,1.0,M,Licensed,Going Straight Ahead,Left Front Bumper,Left Front Bumper,,,,N,,Traffic Control Disregarded,Unspecified,,,,0.0,0.0,0,0,0,0,0,0,Station Wagon/Sport Utility Vehicle,Station Wagon/Sport Utility Vehicle,0
17840510,3898821,05/09/2018,13:30,8b06b926-0242-484b-860c-58ff4c7e9df0,Box Truck,FERRARA,2014.0,1.0,M,Licensed,Going Straight Ahead,Right Front Quarter Panel,Right Front Quarter Panel,,,,N,,Passing Too Closely,Unspecified,MANHATTAN,10022.0,"(40.761665, -73.97492)",0.0,0.0,0,0,0,0,0,0,Box Truck,Van,0
17786960,3884764,04/18/2018,09:20,71e0ea7e-c394-4b51-8ced-db1d8b917e55,Tanker,MACK-TRUCK/BUS,2006.0,2.0,M,Licensed,Making Left Turn,Left Front Quarter Panel,Left Front Bumper,Center Front End,,,N,,Turning Improperly,Unsafe Lane Changing,MANHATTAN,10018.0,"(40.757732, -73.99686)",0.0,0.0,0,0,0,0,0,0,Taxi,Tanker,0
17826298,3887866,04/24/2018,05:30,062d4455-5676-456e-8e32-47b89d0f6277,Sedan,FORD -CAR/SUV,2015.0,1.0,M,Licensed,Making Right Turn,Right Front Quarter Panel,Right Front Quarter Panel,No Damage,No Damage,No Damage,N,,Driver Inattention/Distraction,Unspecified,QUEENS,11436.0,"(40.68261, -73.792885)",1.0,0.0,1,0,0,0,0,0,Sedan,,1
18724760,3958684,08/09/2018,20:30,a31f5f6d-d54d-4973-83bf-8ffcd3283b08,Sedan,TOYT -CAR/SUV,2015.0,2.0,M,Licensed,Merging,Left Front Quarter Panel,No Damage,No Damage,No Damage,,N,,Driver Inattention/Distraction,Driver Inattention/Distraction,BROOKLYN,11218.0,"(40.631466, -73.975624)",0.0,0.0,0,0,0,0,0,0,Sedan,Bike,0
17724385,3850721,02/21/2018,00:00,59cd543f-52a9-4eee-a54c-dbcc19f2539c,Sedan,BMW -CAR/SUV,2013.0,1.0,F,Licensed,Stopped in Traffic,Left Side Doors,Left Side Doors,Left Front Quarter Panel,No Damage,No Damage,N,,Other Vehicular,Unspecified,BRONX,10457.0,"(40.846825, -73.89705)",0.0,0.0,0,0,0,0,0,0,Box Truck,Sedan,0
17805039,3878525,04/10/2018,09:50,6e18fb94-7d90-4beb-8658-66c80a29036d,Sedan,CHEV -CAR/SUV,2009.0,2.0,F,Licensed,Stopped in Traffic,Left Rear Quarter Panel,Left Rear Quarter Panel,Left Rear Bumper,Center Back End,No Damage,N,,Unspecified,Unspecified,BROOKLYN,11212.0,"(40.66077, -73.91975)",0.0,0.0,0,0,0,0,0,0,Sedan,Sedan,0
17800071,3897403,05/08/2018,12:50,d792de5a-6db2-4bfe-97e5-b4b6f0a29fbe,Sedan,NISS -CAR/SUV,2010.0,2.0,F,Licensed,Other*,No Damage,No Damage,No Damage,No Damage,No Damage,N,,Other Vehicular,Unspecified,STATEN ISLAND,10301.0,"(40.631214, -74.10052)",1.0,0.0,1,0,0,0,0,0,Sedan,,1
18643063,3910535,05/25/2018,19:27,191f2fab-d027-4f78-a86b-559e9c2eede9,Station Wagon/Sport Utility Vehicle,CADI -CAR/SUV,2013.0,1.0,F,Licensed,Going Straight Ahead,Right Front Bumper,Right Front Bumper,No Damage,No Damage,No Damage,N,,Unspecified,Unspecified,BROOKLYN,11218.0,"(40.648254, -73.971405)",0.0,0.0,0,0,0,0,0,0,Sedan,Station Wagon/Sport Utility Vehicle,0
17786669,3896301,05/07/2018,22:00,d22ad87a-5ef2-423f-a936-e2f05eeba23c,Sedan,AUDI -CAR/SUV,2013.0,1.0,M,Licensed,Making Left Turn,Right Rear Quarter Panel,Right Rear Quarter Panel,,,,N,,Turning Improperly,Unspecified,BROOKLYN,11222.0,"(40.727966, -73.95007)",1.0,0.0,0,0,0,0,1,0,Station Wagon/Sport Utility Vehicle,Sedan,1
18814853,4021494,11/13/2018,08:30,f9f33fdb-3533-4c0e-9b87-4ff63f9f2bec,Sedan,CHRY -CAR/SUV,2010.0,1.0,M,Licensed,Going Straight Ahead,Center Front End,Center Front End,Left Front Bumper,Right Front Bumper,,N,,Following Too Closely,Unspecified,QUEENS,11369.0,"(40.76803, -73.87722)",2.0,0.0,0,0,0,0,2,0,Sedan,Sedan,1
17682919,3835079,01/25/2018,12:50,29d55006-4485-460c-8af3-53b7acd6c729,Sedan,JEEP -CAR/SUV,2001.0,1.0,M,Licensed,Going Straight Ahead,Left Front Bumper,Center Front End,Right Front Bumper,,,N,,Traffic Control Disregarded,Unspecified,,,,1.0,0.0,0,0,0,0,1,0,Sedan,Station Wagon/Sport Utility Vehicle,1
18788740,3964812,08/17/2018,21:50,584f7896-eed9-4ee0-8010-c66aa556ce3a,Pick-up Truck,TOYT -CAR/SUV,2007.0,1.0,M,Licensed,Making Right Turn,Right Rear Quarter Panel,Right Rear Quarter Panel,Right Rear Bumper,,,N,,Unspecified,Unspecified,QUEENS,11419.0,"(40.69065, -73.81033)",0.0,0.0,0,0,0,0,0,0,Pick-up Truck,Sedan,0
17819694,3880256,04/11/2018,07:49,c6455288-6c28-46f6-b27f-9396070e3aee,Sedan,HYUN -CAR/SUV,2017.0,1.0,M,Licensed,Making Left Turn,Center Front End,Center Front End,,,,N,,Failure to Yield Right-of-Way,Failure to Yield Right-of-Way,QUEENS,11385.0,"(40.712696, -73.900604)",1.0,0.0,1,0,0,0,0,0,Sedan,,1
18782997,3983144,09/18/2018,12:35,b7965699-f38b-4075-80b5-432630b5ad05,Station Wagon/Sport Utility Vehicle,NISS -CAR/SUV,2013.0,0.0,F,Licensed,Going Straight Ahead,Left Rear Bumper,Left Rear Bumper,Center Back End,Left Rear Quarter Panel,,N,,Unspecified,Unspecified,,,"(40.581444, -74.1518)",0.0,0.0,0,0,0,0,0,0,Pick-up Truck,Station Wagon/Sport Utility Vehicle,0
18845068,3983900,09/19/2018,06:50,03c1a0cb-f6c2-4c79-8ff8-c86250804336,Sedan,HOND -CAR/SUV,2017.0,1.0,M,Licensed,Going Straight Ahead,Right Front Bumper,Right Front Bumper,Right Front Quarter Panel,Center Front End,Left Front Bumper,N,,Unspecified,Unspecified,,,"(40.753643, -73.90767)",1.0,0.0,0,0,0,0,1,0,Sedan,Station Wagon/Sport Utility Vehicle,1
17763490,3851356,02/24/2018,05:00,40158edf-0ffe-4a77-a679-35ec6b69162f,Station Wagon/Sport Utility Vehicle,ACUR -CAR/SUV,2017.0,0.0,,,Parked,Left Front Quarter Panel,Left Front Quarter Panel,Left Side Doors,Left Rear Quarter Panel,,N,,Unspecified,Unspecified,QUEENS,11385.0,"(40.708263, -73.895584)",0.0,0.0,0,0,0,0,0,0,Station Wagon/Sport Utility Vehicle,,0
18870979,4041665,12/10/2018,08:15,31bbe0bf-69e9-49f5-be02-91dde7f11608,Station Wagon/Sport Utility Vehicle,TOYT -CAR/SUV,2011.0,1.0,F,Licensed,Going Straight Ahead,Center Front End,Right Front Bumper,,,,N,,Following Too Closely,Driver Inattention/Distraction,,,"(40.71846, -73.77521)",0.0,0.0,0,0,0,0,0,0,Station Wagon/Sport Utility Vehicle,Station Wagon/Sport Utility Vehicle,0
18844927,3935721,07/06/2018,19:00,c968fe04-5a24-4855-8775-654cdab62110,Sedan,DODG -CAR/SUV,2016.0,1.0,M,Licensed,Going Straight Ahead,Left Front Bumper,Center Front End,No Damage,No Damage,No Damage,N,,Unspecified,Unspecified,QUEENS,11427.0,"(40.73032, -73.74419)",0.0,0.0,0,0,0,0,0,0,Sedan,Sedan,0
18616968,3959223,08/11/2018,12:37,2a44965d-f0c2-40c8-8a65-129aa9d7b419,Taxi,HOND -CAR/SUV,2014.0,1.0,M,Licensed,Starting in Traffic,Right Front Quarter Panel,Right Front Quarter Panel,Right Front Bumper,No Damage,No Damage,N,,Driver Inattention/Distraction,Unspecified,,,"(40.76922, -73.98478)",0.0,0.0,0,0,0,0,0,0,Taxi,Taxi,0
18810346,4041798,12/10/2018,09:30,27112e5f-d69a-4de3-9c95-b261b583b676,Sedan,TOYT -CAR/SUV,2014.0,1.0,M,Licensed,Changing Lanes,Left Front Bumper,Left Front Bumper,,,,N,,Driver Inattention/Distraction,Passing or Lane Usage Improper,MANHATTAN,10013.0,"(40.7195, -74.00206)",0.0,0.0,0,0,0,0,0,0,Sedan,Sedan,0
17770456,3892359,04/30/2018,23:30,9b4eb0fc-5711-4904-9740-05cdd38e95b5,Station Wagon/Sport Utility Vehicle,FORD -CAR/SUV,2018.0,1.0,,,Making Left Turn,Right Front Bumper,Right Front Bumper,,,,N,,Passing Too Closely,Unspecified,BROOKLYN,11215.0,"(40.678345, -73.985435)",0.0,0.0,0,0,0,0,0,0,Station Wagon/Sport Utility Vehicle,Sedan,0
17779743,3902823,05/17/2018,16:00,68946e9c-b7c9-4fe0-acab-22b02ebe1edd,Station Wagon/Sport Utility Vehicle,ACUR -CAR/SUV,2012.0,1.0,M,Licensed,Going Straight Ahead,Center Front End,Center Front End,Left Front Bumper,Right Front Bumper,,N,,Driver Inattention/Distraction,Following Too Closely,,,"(40.81328, -73.89749)",0.0,0.0,0,0,0,0,0,0,Station Wagon/Sport Utility Vehicle,Station Wagon/Sport Utility Vehicle,0
18874668,3964422,08/19/2018,16:45,2a160f69-d673-47df-8051-42d767253ac4,Sedan,HOND -CAR/SUV,1999.0,1.0,M,Permit,Making Right Turn,Left Front Bumper,Left Front Bumper,,,,N,,Other Vehicular,Unspecified,QUEENS,11355.0,"(40.75919, -73.80981)",0.0,0.0,0,0,0,0,0,0,Station Wagon/Sport Utility Vehicle,Sedan,0
18844004,4039881,12/06/2018,14:50,0df564a9-c645-43ae-8fe3-6d5121f971eb,Station Wagon/Sport Utility Vehicle,TOYT -CAR/SUV,2015.0,0.0,M,Licensed,Going Straight Ahead,Left Rear Bumper,Left Rear Bumper,Center Back End,,,N,,Unspecified,Unspecified,,,"(40.809284, -73.92927)",0.0,0.0,0,0,0,0,0,0,Station Wagon/Sport Utility Vehicle,Station Wagon/Sport Utility Vehicle,0
18669401,4035208,11/29/2018,21:20,90cb9759-7cc5-48f9-ad9e-240001627416,Sedan,HOND -CAR/SUV,2017.0,1.0,F,Licensed,Going Straight Ahead,Left Front Bumper,Left Front Bumper,Center Front End,No Damage,No Damage,N,,Driver Inattention/Distraction,Driver Inexperience,BRONX,10460.0,"(40.83839, -73.88606)",0.0,0.0,0,0,0,0,0,0,Sedan,,0
18833275,3991130,09/30/2018,01:45,cb42da19-e37c-4c76-9fe4-643f256dcbb2,Sedan,TOYT -CAR/SUV,2018.0,1.0,F,Licensed,Going Straight Ahead,Right Front Quarter Panel,Right Front Quarter Panel,Right Front Quarter Panel,,,N,,Unspecified,Unspecified,,,"(40.768875, -73.94898)",0.0,0.0,0,0,0,0,0,0,Sedan,Taxi,0
17812273,3883176,04/17/2018,14:15,c0aa4cc7-9cb5-4c10-8c6e-a63e1413c0d5,Sedan,NISS -CAR/SUV,2008.0,1.0,M,Licensed,Going Straight Ahead,Right Rear Quarter Panel,Right Rear Quarter Panel,Right Rear Bumper,Center Back End,Left Rear Bumper,N,,Unspecified,Unspecified,BROOKLYN,11203.0,"(40.655422, -73.9229)",0.0,0.0,0,0,0,0,0,0,Sedan,Station Wagon/Sport Utility Vehicle,0
18837721,3996235,10/08/2018,20:14,eb6ed7e2-063d-45d7-a4b1-cbb3f25370cd,Sedan,NISS -CAR/SUV,2004.0,4.0,M,Licensed,Merging,Right Front Bumper,Right Front Bumper,,,,N,,Failure to Yield Right-of-Way,Unspecified,QUEENS,11420.0,"(40.666862, -73.8045)",0.0,0.0,0,0,0,0,0,0,Station Wagon/Sport Utility Vehicle,Sedan,0
17836620,3906392,05/23/2018,07:15,e2ed4416-30dd-4f1f-ac84-5bf50d40bd58,Van,FORD,2012.0,1.0,M,Licensed,Going Straight Ahead,Right Side Doors,Right Side Doors,Left Front Bumper,Right Front Quarter Panel,,N,,Driver Inattention/Distraction,Unspecified,BROOKLYN,11229.0,"(40.60164, -73.95184)",0.0,0.0,0,0,0,0,0,0,Station Wagon/Sport Utility Vehicle,Sedan,0
18742053,4008355,10/26/2018,20:35,0c3eb9f6-68a7-4507-b320-51dfc408becb,Sedan,CADI -CAR/SUV,2013.0,1.0,M,Licensed,Slowing or Stopping,Center Back End,Center Back End,Right Rear Bumper,Left Rear Bumper,No Damage,N,,Unspecified,Unspecified,,,"(40.850395, -73.9228)",0.0,0.0,0,0,0,0,0,0,Sedan,Sedan,0
17744393,3866097,03/19/2018,12:40,d3d5f8f9-11cc-40ce-9105-c5158ccc57a3,Sedan,HOND -CAR/SUV,2010.0,1.0,M,,Stopped in Traffic,Center Back End,Center Back End,Left Rear Bumper,Center Front End,Left Front Bumper,N,,Unspecified,Unspecified,,,"(40.697582, -73.94965)",0.0,0.0,0,0,0,0,0,0,Station Wagon/Sport Utility Vehicle,Station Wagon/Sport Utility Vehicle,0
18837946,4010631,10/30/2018,08:00,4cd99a81-dd04-4145-914f-e431e92b421f,Station Wagon/Sport Utility Vehicle,TOYT -CAR/SUV,2017.0,1.0,F,Licensed,Making Left Turn,Right Front Bumper,Right Front Bumper,Center Front End,Right Front Quarter Panel,,N,,Failure to Yield Right-of-Way,Unspecified,STATEN ISLAND,10305.0,"(40.59589, -74.085884)",1.0,0.0,0,0,0,0,1,0,Station Wagon/Sport Utility Vehicle,Sedan,1
18651604,3956179,08/06/2018,08:00,e8063e2e-6ec2-4e97-b94a-685b89cbe387,,FORD -CAR/SUV,2001.0,1.0,,,Changing Lanes,Left Rear Quarter Panel,No Damage,No Damage,No Damage,No Damage,N,,Failure to Yield Right-of-Way,Passing or Lane Usage Improper,,,"(40.725243, -73.933914)",0.0,0.0,0,0,0,0,0,0,Station Wagon/Sport Utility Vehicle,,0
18817437,4010610,10/30/2018,06:40,cac273a7-79f2-4fe1-b78a-a9fcd87a2c13,Tractor Truck Diesel,FRHT-TRUCK/BUS,2016.0,1.0,M,Licensed,Going Straight Ahead,Right Side Doors,Right Side Doors,Right Front Quarter Panel,Right Front Quarter Panel,Right Front Quarter Panel,N,,Unspecified,Unspecified,,,,0.0,0.0,0,0,0,0,0,0,Station Wagon/Sport Utility Vehicle,Tractor Truck Diesel,0
18890561,4054353,12/29/2018,13:10,45431da4-ac0e-4d21-8523-24c8d15a61b2,Station Wagon/Sport Utility Vehicle,LEXS -CAR/SUV,2014.0,1.0,M,Licensed,Going Straight Ahead,Right Rear Bumper,Right Rear Bumper,No Damage,No Damage,No Damage,N,,Unspecified,Unspecified,QUEENS,11354.0,"(40.763958, -73.82814)",0.0,0.0,0,0,0,0,0,0,Sedan,Station Wagon/Sport Utility Vehicle,0
17677281,3822502,01/04/2018,18:20,1a28c61c-3ac9-4d99-b1e2-2a5981753e8d,Sedan,HYUN -CAR/SUV,2015.0,0.0,,,Parked,Center Back End,Center Back End,,,,N,,Unspecified,Unspecified,,,"(40.556618, -74.203995)",0.0,0.0,0,0,0,0,0,0,Sedan,Sedan,0
17805823,3859045,03/06/2018,16:57,3aed78f4-cbde-47e2-a1c4-4dcffe03a9c4,Station Wagon/Sport Utility Vehicle,TOYT -CAR/SUV,2016.0,2.0,M,Licensed,Stopped in Traffic,Left Rear Quarter Panel,Left Rear Quarter Panel,No Damage,No Damage,No Damage,N,,Unspecified,Unspecified,BROOKLYN,11207.0,"(40.661835, -73.89311)",0.0,0.0,0,0,0,0,0,0,Station Wagon/Sport Utility Vehicle,Station Wagon/Sport Utility Vehicle,0
18750579,3969730,08/28/2018,00:00,01286ac8-c5aa-460b-b2ea-cd578d0a5d29,Sedan,BMW -CAR/SUV,2002.0,1.0,M,Licensed,Changing Lanes,Left Rear Bumper,Left Rear Bumper,Center Front End,,,N,,Failure to Yield Right-of-Way,Unspecified,,,"(40.844387, -73.92542)",0.0,0.0,0,0,0,0,0,0,Sedan,Flat Bed,0
17676237,3821393,01/02/2018,18:45,86d13a97-e5e7-45ad-a30f-683062ec285a,Sedan,HOND -CAR/SUV,2016.0,2.0,M,Licensed,Going Straight Ahead,Center Back End,Center Back End,,,,N,,Unspecified,Unspecified,MANHATTAN,10035.0,"(40.804066, -73.93267)",0.0,0.0,0,0,0,0,0,0,Sedan,Station Wagon/Sport Utility Vehicle,0
17799143,3887240,04/24/2018,10:40,2156d546-efb4-4219-a52b-002c3df83c8b,Station Wagon/Sport Utility Vehicle,VOLV -CAR/SUV,2005.0,1.0,M,Licensed,Backing,Left Rear Bumper,Left Rear Bumper,,,,N,,View Obstructed/Limited,Unspecified,QUEENS,11375.0,"(40.719368, -73.836006)",0.0,0.0,0,0,0,0,0,0,Sedan,Station Wagon/Sport Utility Vehicle,0
18760837,3927276,06/23/2018,07:25,1cc654e0-7b4e-42cf-bbe9-25a5fafb5966,Sedan,LINC -CAR/SUV,2009.0,3.0,M,Licensed,Starting from Parking,Left Front Bumper,Left Front Bumper,Left Front Quarter Panel,,,N,,Failure to Yield Right-of-Way,Unspecified,QUEENS,11101.0,"(40.750645, -73.94566)",0.0,0.0,0,0,0,0,0,0,Station Wagon/Sport Utility Vehicle,Sedan,0
18648803,3915871,06/04/2018,12:30,654cc263-84a0-4315-9fd0-9c56eb3b4862,Station Wagon/Sport Utility Vehicle,JEEP -CAR/SUV,1999.0,1.0,F,Licensed,Parked,Left Side Doors,Left Side Doors,Left Front Quarter Panel,No Damage,No Damage,N,,Driver Inattention/Distraction,Driver Inexperience,,,"(40.699757, -73.79359)",0.0,0.0,0,0,0,0,0,0,Station Wagon/Sport Utility Vehicle,Station Wagon/Sport Utility Vehicle,0
17739737,3846221,02/14/2018,16:40,2bcbfb17-7cf1-44e3-ae40-a137fd3224a7,Station Wagon/Sport Utility Vehicle,CHRY -CAR/SUV,2002.0,1.0,M,Licensed,Stopped in Traffic,Left Front Quarter Panel,Left Front Quarter Panel,Left Front Quarter Panel,Left Front Quarter Panel,Left Front Quarter Panel,N,,Unspecified,Unspecified,,,"(40.702724, -73.95002)",0.0,0.0,0,0,0,0,0,0,Station Wagon/Sport Utility Vehicle,,0
18733010,3932983,06/30/2018,14:20,de3e5443-7148-4ca6-a4bc-050ca119124e,Station Wagon/Sport Utility Vehicle,TOYT -CAR/SUV,2009.0,1.0,M,Licensed,Going Straight Ahead,Right Front Bumper,Right Front Bumper,No Damage,No Damage,No Damage,N,,Unspecified,Unspecified,,,"(40.676727, -73.85984)",0.0,0.0,0,0,0,0,0,0,Station Wagon/Sport Utility Vehicle,Sedan,0
17779568,3859230,03/08/2018,12:35,f1b86ad0-a104-4ee2-9419-eabd61605fb4,Station Wagon/Sport Utility Vehicle,TOYT -CAR/SUV,2013.0,2.0,M,Licensed,Going Straight Ahead,Left Rear Quarter Panel,Left Rear Quarter Panel,,,,N,,Other Vehicular,Unspecified,QUEENS,11385.0,"(40.694275, -73.901855)",0.0,0.0,0,0,0,0,0,0,Station Wagon/Sport Utility Vehicle,semi-,0
18684449,3967510,08/25/2018,02:40,386a8af6-2b36-433d-9439-93f9382ae721,Sedan,HOND -CAR/SUV,2003.0,0.0,,,Parked,Center Back End,Center Back End,Right Rear Bumper,Left Rear Bumper,No Damage,N,,Other Vehicular,Unspecified,BRONX,10469.0,"(40.868214, -73.84901)",1.0,0.0,0,0,0,0,1,0,Station Wagon/Sport Utility Vehicle,Sedan,1
18754698,4019006,11/09/2018,09:00,e75730fb-5e6a-4469-9bde-19c9e344df34,Station Wagon/Sport Utility Vehicle,INTERNATIONAL TRUCK,2005.0,0.0,M,Licensed,Making Right Turn,Right Rear Quarter Panel,Right Rear Quarter Panel,No Damage,No Damage,No Damage,N,,Unspecified,Unspecified,STATEN ISLAND,10301.0,"(40.637794, -74.07699)",0.0,0.0,0,0,0,0,0,0,Station Wagon/Sport Utility Vehicle,Sedan,0
18664432,3918062,06/08/2018,19:00,245e3840-5441-4dbd-8d9e-0d367239ba58,Station Wagon/Sport Utility Vehicle,HOND -CAR/SUV,2015.0,1.0,F,Licensed,Going Straight Ahead,Other,Other,,,,N,,Unspecified,Unspecified,,,"(40.753407, -73.852356)",0.0,0.0,0,0,0,0,0,0,Station Wagon/Sport Utility Vehicle,Station Wagon/Sport Utility Vehicle,0
17758840,3882575,04/17/2018,19:20,65a927f9-5321-4eba-beb9-918e47520068,Sedan,INFI -CAR/SUV,2007.0,2.0,F,Licensed,Going Straight Ahead,Right Front Quarter Panel,Right Front Quarter Panel,Right Side Doors,Right Rear Quarter Panel,,N,,Reaction to Uninvolved Vehicle,Unspecified,BROOKLYN,11236.0,"(40.64279, -73.90881)",0.0,0.0,0,0,0,0,0,0,Sedan,Bus,0
17843811,3899508,05/11/2018,15:20,d852a797-f07f-4e8c-aa7d-815189aec104,Sedan,HOND -CAR/SUV,1998.0,2.0,F,Licensed,Going Straight Ahead,Right Front Quarter Panel,Right Front Quarter Panel,Right Rear Quarter Panel,Right Side Doors,,N,,Unspecified,Unspecified,BRONX,10472.0,"(40.83228, -73.871315)",1.0,0.0,0,0,0,0,1,0,Sedan,Scoot,1
17768814,3863997,03/16/2018,15:00,4796ca24-fd90-4cd6-9005-a1f8c6c532ff,Sedan,NISS -CAR/SUV,2009.0,1.0,F,Licensed,Going Straight Ahead,Left Front Bumper,Left Front Bumper,Left Front Quarter Panel,Left Side Doors,Left Rear Quarter Panel,N,,Traffic Control Disregarded,Unspecified,,,"(40.711945, -73.77451)",1.0,0.0,0,0,0,0,1,0,Sedan,Sedan,1
18773774,4044652,12/14/2018,05:00,1ccdf35e-609d-4d18-8f8d-0c0838cdf9f8,Sedan,MITS -CAR/SUV,2007.0,0.0,,,Parked,Right Rear Bumper,Right Rear Bumper,Center Back End,,,N,,Unspecified,Unspecified,BRONX,10453.0,,0.0,0.0,0,0,0,0,0,0,Sedan,Sedan,0
18821893,3999704,10/14/2018,03:55,098be5e5-8da8-4040-8367-65bf566467e8,Station Wagon/Sport Utility Vehicle,HOND -CAR/SUV,2016.0,1.0,,,Going Straight Ahead,Left Front Bumper,Left Front Bumper,Left Side Doors,Right Front Bumper,No Damage,N,,Aggressive Driving/Road Rage,Unspecified,BRONX,10462.0,"(40.833366, -73.85139)",0.0,0.0,0,0,0,0,0,0,Station Wagon/Sport Utility Vehicle,Station Wagon/Sport Utility Vehicle,0
18801114,3984806,09/14/2018,13:57,35cdb385-6ff9-4630-bf1e-8770a790b24d,Tractor Truck Diesel,KW-TRUCK/BUS,2002.0,1.0,M,Licensed,Changing Lanes,Right Front Bumper,No Damage,,,,N,,Unsafe Lane Changing,Unspecified,,,"(40.8239, -73.876526)",0.0,0.0,0,0,0,0,0,0,Sedan,Tractor Truck Diesel,0
17793643,3883138,04/18/2018,04:40,693dacee-158d-407d-a33d-ad17489f6b5d,Tractor Truck Diesel,FRHT-TRUCK/BUS,2005.0,1.0,M,Licensed,Merging,Right Front Quarter Panel,Right Front Quarter Panel,,,,N,,Unsafe Lane Changing,Unspecified,,,"(40.691536, -73.99912)",1.0,0.0,0,0,0,0,1,0,Sedan,Tractor Truck Diesel,1
18704352,3998518,10/11/2018,16:30,bae295a5-39f1-4f08-81ef-2ed1b22cc27c,Taxi,NISS -CAR/SUV,2014.0,1.0,M,Licensed,Merging,Left Rear Quarter Panel,Left Rear Quarter Panel,Left Side Doors,No Damage,No Damage,N,,Driver Inattention/Distraction,Unspecified,MANHATTAN,10001.0,"(40.74666, -73.990074)",0.0,0.0,0,0,0,0,0,0,Station Wagon/Sport Utility Vehicle,Taxi,0
18732140,3950821,07/27/2018,20:20,ddca29b9-1480-4b0e-a319-e944f2b14bd5,Sedan,INFI -CAR/SUV,2012.0,2.0,M,Licensed,Making Right Turn,Left Front Bumper,Left Front Bumper,,,,N,,Other Vehicular,Unspecified,BRONX,10455.0,"(40.816555, -73.91677)",0.0,0.0,0,0,0,0,0,0,Sedan,Sedan,0