UNIQUE_ID,COLLISION_ID,CRASH_DATE,CRASH_TIME,VEHICLE_ID,VEHICLE_TYPE,VEHICLE_MAKE,VEHICLE_YEAR,VEHICLE_OCCUPANTS,DRIVER_SEX,DRIVER_LICENSE_STATUS,PRE_CRASH,POINT_OF_IMPACT,VEHICLE_DAMAGE,VEHICLE_DAMAGE_1,VEHICLE_DAMAGE_2,VEHICLE_DAMAGE_3,PUBLIC_PROPERTY_DAMAGE,PUBLIC_PROPERTY_DAMAGE_TYPE,CONTRIBUTING_FACTOR_1,CONTRIBUTING_FACTOR_2,BOROUGH,ZIP CODE,LOCATION,NUMBER OF PERSONS INJURED,NUMBER OF PERSONS KILLED,NUMBER OF PEDESTRIANS INJURED,NUMBER OF PEDESTRIANS KILLED,NUMBER OF CYCLIST INJURED,NUMBER OF CYCLIST KILLED,NUMBER OF MOTORIST INJURED,NUMBER OF MOTORIST KILLED,VEHICLE TYPE CODE 1,VEHICLE TYPE CODE 2,Severity
18573280,3912156,06/01/2018,07:12,6765d2b6-54de-44d8-965e-c259b4f161bb,Sedan,HOND -CAR/SUV,2008.0,3.0,F,Licensed,Going Straight Ahead,Right Front Quarter Panel,Right Front Quarter Panel,Right Side Doors,,,N,,Unspecified,Unspecified,,,"(40.793816, -73.94012)",0.0,0.0,0,0,0,0,0,0,Sedan,Station Wagon/Sport Utility Vehicle,0
18733769,3926516,06/21/2018,11:00,ce37f1d6-c844-4261-8ff2-6ec5243d575a,Sedan,HYUN -CAR/SUV,2015.0,3.0,F,Licensed,Changing Lanes,Right Front Bumper,Left Front Bumper,Left Front Quarter Panel,Right Front Quarter Panel,No Damage,N,,Passing or Lane Usage Improper,Unspecified,,,,0.0,0.0,0,0,0,0,0,0,Sedan,Box Truck,0
17777184,3897194,05/09/2018,10:50,221020ba-a12f-4e30-b652-fb652aa101ad,Sedan,CHEV -CAR/SUV,2006.0,1.0,M,Licensed,Going Straight Ahead,Left Side Doors,No Damage,No Damage,No Damage,No Damage,N,,Following Too Closely,Unspecified,BROOKLYN,11215.0,"(40.673668, -73.989174)",0.0,0.0,0,0,0,0,0,0,Sedan,Box Truck,0
18857439,3940164,07/12/2018,15:45,abd45b2c-54e9-4d1a-911b-1b05f1054daa,Station Wagon/Sport Utility Vehicle,HYUN -CAR/SUV,2018.0,1.0,M,Licensed,Going Straight Ahead,Left Front Quarter Panel,Left Front Quarter Panel,,,,N,,Other Vehicular,Unspecified,QUEENS,11354.0,"(40.76536, -73.82787)",0.0,0.0,0,0,0,0,0,0,Station Wagon/Sport Utility Vehicle,Station Wagon/Sport Utility Vehicle,0
18744045,3947844,07/24/2018,10:29,74e91aef-490c-4475-912f-38eff3bf0979,Sedan,PORS -CAR/SUV,2013.0,1.0,M,Licensed,Going Straight Ahead,Right Front Bumper,Right Front Bumper,Center Front End,Left Front Bumper,,N,,Other Vehicular,Unspecified,MANHATTAN,10036.0,,0.0,0.0,0,0,0,0,0,0,Taxi,Sedan,0
17777386,3863057,03/15/2018,14:30,eafe1224-cb8d-4455-b6d6-d69d5fa9680d,Box Truck,FRHT-TRUCK/BUS,1998.0,1.0,M,Licensed,Changing Lanes,Left Rear Quarter Panel,Left Rear Quarter Panel,,,,N,,Passing Too Closely,Other Vehicular,MANHATTAN,10019.0,"(40.764633, -73.97699)",0.0,0.0,0,0,0,0,0,0,Van,Box Truck,0
17799955,3859937,03/09/2018,20:58,b3da51fe-df3e-4454-b714-12e1b10437a0,Sedan,TOYT -CAR/SUV,2017.0,1.0,M,Licensed,Backing,Left Rear Quarter Panel,Left Rear Quarter Panel,Left Side Doors,,,N,,Backing Unsafely,Unspecified,QUEENS,11109.0,,0.0,0.0,0,0,0,0,0,0,Sedan,Sedan,0
18864137,4046223,12/16/2018,22:00,7adb2cf1-bdb2-4714-9a5b-64f0c2968bf4,Sedan,NISS -CAR/SUV,2010.0,2.0,M,Licensed,Stopped in Traffic,Left Rear Bumper,Left Rear Bumper,Center Back End,Right Rear Bumper,,N,,Unspecified,Unspecified,,,,1.0,0.0,0,0,0,0,1,0,Sedan,Sedan,1
18869548,3959003,08/10/2018,09:00,75af1af4-9195-4ef8-b739-0af878c373a6,Station Wagon/Sport Utility Vehicle,NISS -CAR/SUV,2017.0,1.0,M,Licensed,Slowing or Stopping,Center Back End,Center Back End,Right Rear Bumper,Left Rear Bumper,,N,,Unspecified,Unspecified,,,"(40.666637, -73.7646)",0.0,0.0,0,0,0,0,0,0,Station Wagon/Sport Utility Vehicle,Sedan,0
17702123,3833502,01/23/2018,17:15,6681a3c3-1deb-448f-92e9-da024856297c,Station Wagon/Sport Utility Vehicle,LEXS -CAR/SUV,2009.0,3.0,F,Licensed,Going Straight Ahead,Center Front End,Center Front End,Right Front Quarter Panel,Right Front Bumper,Left Front Bumper,N,,Driver Inattention/Distraction,Driver Inexperience,,,"(40.728535, -73.86076)",0.0,0.0,0,0,0,0,0,0,Station Wagon/Sport Utility Vehicle,Station Wagon/Sport Utility Vehicle,0
17724522,3857448,03/02/2018,16:40,8df5ebc2-1001-40fb-8e62-0531dc9b52c5,Bus,GMC-TRUCK/BUS,2006.0,2.0,F,Licensed,Changing Lanes,Left Rear Quarter Panel,Left Side Doors,Left Rear Quarter Panel,No Damage,No Damage,N,,Unspecified,Unspecified,BRONX,10459.0,"(40.82193, -73.88844)",1.0,0.0,0,0,0,0,1,0,Bus,Station Wagon/Sport Utility Vehicle,1
17810999,3885388,04/21/2018,11:25,1b240757-00ed-4931-b7dc-d2cd698980a6,Sedan,HYUN -CAR/SUV,2002.0,1.0,F,Licensed,Going Straight Ahead,Right Front Quarter Panel,Right Side Doors,Right Side Doors,,,N,,Unspecified,Unspecified,BROOKLYN,11218.0,"(40.65391, -73.97305)",0.0,0.0,0,0,0,0,0,0,Sedan,Sedan,0
17725588,3856590,03/02/2018,15:38,ac0bc946-d3c5-4a8a-972f-e94829091e4e,Station Wagon/Sport Utility Vehicle,NISS -CAR/SUV,2015.0,0.0,,,Parked,Left Front Quarter Panel,Left Front Quarter Panel,Left Front Bumper,,,N,,Unspecified,Unspecified,BRONX,10463.0,"(40.877274, -73.90055)",0.0,0.0,0,0,0,0,0,0,Station Wagon/Sport Utility Vehicle,Box Truck,0
18697687,3975288,09/06/2018,08:00,8b6511d5-167d-496c-b573-310b147c37e0,Sedan,HYUN -CAR/SUV,2016.0,4.0,M,Licensed,Going Straight Ahead,Left Front Quarter Panel,Left Side Doors,Left Rear Quarter Panel,No Damage,No Damage,N,,Passing Too Closely,Unspecified,BROOKLYN,11233.0,"(40.67308, -73.91124)",0.0,0.0,0,0,0,0,0,0,Station Wagon/Sport Utility Vehicle,Sedan,0
18571148,3944829,07/19/2018,21:51,fc8f0639-d944-4bef-a2a0-db0d48f12c43,Sedan,NISS -CAR/SUV,2018.0,1.0,F,Licensed,Backing,Left Rear Quarter Panel,Left Rear Quarter Panel,Left Side Doors,Left Front Quarter Panel,,N,,Driver Inattention/Distraction,Driver Inattention/Distraction,QUEENS,11691.0,"(40.59623, -73.75412)",0.0,0.0,0,0,0,0,0,0,Sedan,Station Wagon/Sport Utility Vehicle,0
17787318,3868197,03/09/2018,22:39,e9a2e7cd-08f7-40f6-8388-b3679b8c7ce8,Sedan,SUBA -CAR/SUV,2002.0,1.0,M,Licensed,Going Straight Ahead,Center Front End,Center Front End,Left Rear Bumper,Right Front Bumper,,N,,Unspecified,Obstruction/Debris,MANHATTAN,10128.0,"(40.782055, -73.95373)",0.0,0.0,0,0,0,0,0,0,Sedan,Station Wagon/Sport Utility Vehicle,0
18745329,4013513,10/29/2018,12:30,7ac65a64-597a-4fa5-aa24-cfc09cf55516,Station Wagon/Sport Utility Vehicle,JEEP -CAR/SUV,2018.0,1.0,M,Licensed,Entering Parked Position,Right Front Bumper,Right Front Bumper,No Damage,No Damage,No Damage,N,,Other Vehicular,Unspecified,BRONX,10468.0,"(40.860577, -73.90255)",0.0,0.0,0,0,0,0,0,0,Station Wagon/Sport Utility Vehicle,Station Wagon/Sport Utility Vehicle,0
18774948,3918690,06/08/2018,20:30,68448c81-50ca-46c1-8ba9-d42005f8f07e,Station Wagon/Sport Utility Vehicle,NISS -CAR/SUV,2018.0,2.0,M,Licensed,Parked,Right Side Doors,Right Side Doors,Right Rear Quarter Panel,No Damage,No Damage,N,,Turning Improperly,Unspecified,,,"(40.670624, -73.895546)",0.0,0.0,0,0,0,0,0,0,Garbage or Refuse,Station Wagon/Sport Utility Vehicle,0
18788082,3985743,09/22/2018,06:05,fee9fc57-cba0-4970-8130-8d8fd64b1bf4,Pick-up Truck,FREIG,2018.0,1.0,M,Licensed,Making Right Turn,No Damage,No Damage,,,,N,,Unspecified,Unspecified,,,"(40.8059, -73.92523)",0.0,0.0,0,0,0,0,0,0,Pick-up Truck,Sedan,0
18733177,3969476,08/26/2018,01:00,8a1c337f-684e-4de3-b3d9-3494c17ea6be,Station Wagon/Sport Utility Vehicle,ACUR -CAR/SUV,2015.0,1.0,M,Licensed,Going Straight Ahead,Left Front Quarter Panel,Left Front Quarter Panel,Left Front Quarter Panel,Left Front Quarter Panel,Left Front Quarter Panel,N,,Alcohol Involvement,Alcohol Involvement,BRONX,10468.0,"(40.87004, -73.89264)",2.0,0.0,0,0,0,0,2,0,Station Wagon/Sport Utility Vehicle,Station Wagon/Sport Utility Vehicle,1
18869191,3959713,08/10/2018,10:30,c693fbb0-d80b-4e63-938b-1fa1ce2062a5,Sedan,NISS -CAR/SUV,2004.0,1.0,F,Licensed,Making Right Turn,Right Front Quarter Panel,Right Side Doors,,,,N,,Unspecified,Unspecified,QUEENS,11426.0,"(40.73444, -73.72179)",0.0,0.0,0,0,0,0,0,0,Station Wagon/Sport Utility Vehicle,Sedan,0
19615702,3984527,09/20/2018,07:41,5bda3df6-9c21-44d4-841a-14fa557190cd,Bus,THMS-TRUCK/BUS,2015.0,,,,Stopped in Traffic,No Damage,No Damage,No Damage,No Damage,No Damage,N,,Driver Inattention/Distraction,Unspecified,BROOKLYN,11205.0,"(40.695206, -73.96922)",0.0,0.0,0,0,0,0,0,0,Station Wagon/Sport Utility Vehicle,Bus,0
17707729,3844180,02/09/2018,16:00,85ce7b86-23d6-481a-acfc-2e2fe032270c,Van,FORD-TRUCK/BUS,2017.0,3.0,,,Stopped in Traffic,Right Front Bumper,Right Front Bumper,No Damage,No Damage,No Damage,N,,Unspecified,Unspecified,BROOKLYN,11215.0,"(40.67219, -73.983795)",0.0,0.0,0,0,0,0,0,0,Sedan,Flat Bed,0
17850976,3906095,05/22/2018,06:31,926c6a74-7fa3-4bc3-80b2-b0e7165669b7,Sedan,SUBA -CAR/SUV,2013.0,1.0,F,Licensed,Going Straight Ahead,Left Front Bumper,Center Front End,Right Front Bumper,Right Front Quarter Panel,Right Side Doors,N,,Unspecified,Unspecified,,,"(40.826275, -73.85971)",0.0,0.0,0,0,0,0,0,0,Pick-up Truck,Sedan,0
17799169,3884357,04/18/2018,09:45,b7967210-ef90-44b5-b6a8-8c386b505cb5,PK,TOYT-TRUCK/BUS,2015.0,0.0,M,Licensed,Parked,Center Front End,Center Front End,No Damage,No Damage,No Damage,N,,Unspecified,Unspecified,MANHATTAN,10123.0,"(40.751328, -73.990395)",0.0,0.0,0,0,0,0,0,0,PK,Box Truck,0
17849607,3898885,05/11/2018,14:10,488e553d-0a23-4568-9efc-36f66349593f,Station Wagon/Sport Utility Vehicle,BMW -CAR/SUV,2009.0,1.0,F,Licensed,Going Straight Ahead,Left Rear Bumper,Left Rear Bumper,No Damage,No Damage,No Damage,N,,Unspecified,Unspecified,,,"(40.6612, -73.85184)",0.0,0.0,0,0,0,0,0,0,Sedan,Station Wagon/Sport Utility Vehicle,0
18854992,4036948,12/02/2018,22:19,a21f14c1-83e6-4440-b04d-ecd463a7e927,Taxi,TOYT -CAR/SUV,2013.0,1.0,M,Licensed,Making Right Turn,Left Front Quarter Panel,Left Front Quarter Panel,Left Front Bumper,No Damage,No Damage,N,,Unspecified,Unspecified,MANHATTAN,10022.0,"(40.7616, -73.96865)",0.0,0.0,0,0,0,0,0,0,Taxi,Station Wagon/Sport Utility Vehicle,0
18881275,3990228,09/29/2018,20:45,3bd677b5-3515-41c8-83c2-ab9555fa50fe,Station Wagon/Sport Utility Vehicle,HOND -CAR/SUV,2015.0,1.0,M,Licensed,Parked,Left Front Bumper,Left Front Bumper,Left Front Quarter Panel,,,N,,Passing or Lane Usage Improper,Failure to Yield Right-of-Way,QUEENS,11354.0,"(40.75895, -73.83192)",0.0,0.0,0,0,0,0,0,0,Bus,Station Wagon/Sport Utility Vehicle,0
17738287,3864588,03/16/2018,13:12,94b05663-30de-4d73-bb8e-24672109e871,Station Wagon/Sport Utility Vehicle,BMW -CAR/SUV,2007.0,1.0,F,Licensed,Changing Lanes,Right Front Bumper,Right Front Bumper,,,,N,,Unsafe Lane Changing,Unspecified,BROOKLYN,11213.0,"(40.677326, -73.935905)",0.0,0.0,0,0,0,0,0,0,Station Wagon/Sport Utility Vehicle,Station Wagon/Sport Utility Vehicle,0
17839467,3900330,05/14/2018,13:15,b74a09e4-019a-4231-ab9a-3478f3fc5a24,Station Wagon/Sport Utility Vehicle,HOND -CAR/SUV,2015.0,1.0,M,Licensed,Going Straight Ahead,Left Front Quarter Panel,Left Front Quarter Panel,,,,N,,Driver Inattention/Distraction,Unspecified,BROOKLYN,11249.0,"(40.699665, -73.95924)",0.0,0.0,0,0,0,0,0,0,Station Wagon/Sport Utility Vehicle,Station Wagon/Sport Utility Vehicle,0
18789962,3971625,08/31/2018,17:40,f7e8d9de-be04-4cc0-8dd0-aece47b84c97,Station Wagon/Sport Utility Vehicle,JEEP -CAR/SUV,2003.0,1.0,F,Licensed,Going Straight Ahead,Left Front Bumper,Left Front Bumper,Left Front Quarter Panel,,,N,,Driver Inattention/Distraction,Unsafe Lane Changing,,,"(40.674934, -73.80186)",0.0,0.0,0,0,0,0,0,0,Sedan,Bus,0
18592325,3949920,07/28/2018,06:20,a8ade9a1-defa-4190-a7b7-84d287a6376f,Sedan,BMW -CAR/SUV,2008.0,2.0,M,Licensed,Entering Parked Position,Left Front Bumper,Left Front Bumper,Left Front Quarter Panel,No Damage,No Damage,N,,Backing Unsafely,Driver Inattention/Distraction,,,"(40.736965, -74.009796)",0.0,0.0,0,0,0,0,0,0,Sedan,Station Wagon/Sport Utility Vehicle,0
18725072,3963107,08/17/2018,19:20,35df8379-6e0a-44c9-82eb-b692f55e2fee,Station Wagon/Sport Utility Vehicle,FORD -CAR/SUV,2018.0,2.0,F,Licensed,Going Straight Ahead,Center Back End,Center Back End,No Damage,No Damage,No Damage,N,,Unspecified,Unspecified,,,"(40.84226, -73.87228)",1.0,0.0,0,0,0,0,1,0,Station Wagon/Sport Utility Vehicle,,1
18838746,4008575,10/27/2018,16:35,22293ecf-673b-4043-b372-ff0fc51dab83,Station Wagon/Sport Utility Vehicle,FORD -CAR/SUV,2018.0,1.0,M,Licensed,Going Straight Ahead,Center Front End,Center Front End,,,,N,,Driver Inattention/Distraction,Driver Inexperience,,,"(40.763245, -73.75806)",0.0,0.0,0,0,0,0,0,0,Station Wagon/Sport Utility Vehicle,Station Wagon/Sport Utility Vehicle,0
18753908,3956229,08/04/2018,09:44,cf1b55b5-6017-4769-b223-b0648c9043f6,Station Wagon/Sport Utility Vehicle,HOND -CAR/SUV,2004.0,0.0,M,Licensed,Parked,Left Front Quarter Panel,Left Front Quarter Panel,Left Front Bumper,,,N,,Unspecified,Unspecified,QUEENS,11418.0,"(40.7037, -73.83549)",0.0,0.0,0,0,0,0,0,0,Station Wagon/Sport Utility Vehicle,,0
18665106,3966904,08/24/2018,01:18,792a6e74-c25a-4de9-970e-e7ef2da18e32,Station Wagon/Sport Utility Vehicle,CADI -CAR/SUV,2019.0,3.0,M,Licensed,Going Straight Ahead,Left Rear Quarter Panel,Left Rear Quarter Panel,,,,N,,Unspecified,Unspecified,MANHATTAN,10010.0,"(40.737885, -73.98091)",0.0,0.0,0,0,0,0,0,0,Station Wagon/Sport Utility Vehicle,Taxi,0
17684712,3824401,01/08/2018,09:40,00619909-c8ee-4b48-8dc9-5470ef4b2381,Station Wagon/Sport Utility Vehicle,AUDI -CAR/SUV,2017.0,1.0,M,Licensed,Going Straight Ahead,Center Front End,Center Front End,,,,Unspecified,,Fell Asleep,Unspecified,,,"(40.715927, -73.80889)",0.0,0.0,0,0,0,0,0,0,Station Wagon/Sport Utility Vehicle,Sedan,0
18317073,3906719,05/23/2018,00:21,e6e835ec-07b6-4274-aa5f-ce3d2fa4ed4e,Station Wagon/Sport Utility Vehicle,CHEV -CAR/SUV,2001.0,1.0,M,Licensed,Going Straight Ahead,Right Front Quarter Panel,Right Side Doors,Right Rear Quarter Panel,,,N,,Unspecified,Unspecified,QUEENS,11385.0,"(40.71388, -73.921646)",0.0,0.0,0,0,0,0,0,0,Station Wagon/Sport Utility Vehicle,Station Wagon/Sport Utility Vehicle,0
18643846,3912110,05/31/2018,07:45,a6f3f4f9-1a1d-4c51-9341-0c2fcd406976,Station Wagon/Sport Utility Vehicle,TOYT -CAR/SUV,2016.0,1.0,F,Licensed,Going Straight Ahead,Center Back End,Center Back End,No Damage,No Damage,No Damage,N,,Unspecified,Unspecified,,,"(40.699512, -73.81461)",0.0,0.0,0,0,0,0,0,0,Station Wagon/Sport Utility Vehicle,Station Wagon/Sport Utility Vehicle,0
18669528,3929559,06/26/2018,18:31,7a91ec2b-dbe1-4eee-a8f3-c40c115c5f3d,Sedan,MERZ -CAR/SUV,2015.0,0.0,F,Licensed,Going Straight Ahead,Right Front Bumper,Right Front Bumper,Right Front Quarter Panel,,,N,,Following Too Closely,Following Too Closely,BRONX,10468.0,"(40.867878, -73.89944)",0.0,0.0,0,0,0,0,0,0,Sedan,Pick-up Truck,0
17748992,3841544,02/06/2018,08:00,27cbb188-387c-4749-9f31-2214803dec1a,Station Wagon/Sport Utility Vehicle,NISS -CAR/SUV,2015.0,2.0,M,Licensed,Going Straight Ahead,Center Front End,Center Front End,,,,N,,Following Too Closely,Other Lighting Defects,,,"(40.75303, -73.92163)",0.0,0.0,0,0,0,0,0,0,Station Wagon/Sport Utility Vehicle,Station Wagon/Sport Utility Vehicle,0
18740681,3957633,08/08/2018,15:30,e6fbf660-0dd2-4711-ac83-0e2d10a77366,Station Wagon/Sport Utility Vehicle,HUMM -CAR/SUV,2009.0,1.0,M,Licensed,Going Straight Ahead,Center Front End,No Damage,,,,N,,Passing Too Closely,Driver Inattention/Distraction,QUEENS,11368.0,"(40.74988, -73.861725)",0.0,0.0,0,0,0,0,0,0,Sedan,Station Wagon/Sport Utility Vehicle,0
18579438,3908800,05/28/2018,01:50,94bcdd5f-f517-49c1-835a-cbdfbfe72b1a,Station Wagon/Sport Utility Vehicle,FORD -CAR/SUV,2005.0,2.0,,,Backing,Center Back End,No Damage,No Damage,No Damage,No Damage,N,,Backing Unsafely,Unspecified,BRONX,10459.0,"(40.829777, -73.888054)",0.0,0.0,0,0,0,0,0,0,Station Wagon/Sport Utility Vehicle,,0
17709035,3839032,01/31/2018,10:40,72b7724f-b8ea-48ed-b5ba-33207a71ae28,Sedan,TOYT -CAR/SUV,2016.0,1.0,F,,Parked,Right Rear Bumper,Right Rear Bumper,No Damage,No Damage,No Damage,N,,Unspecified,Unspecified,BRONX,10461.0,"(40.85025, -73.8449)",0.0,0.0,0,0,0,0,0,0,Sedan,Tow T,0
17822571,3890140,04/28/2018,17:15,6f55306f-efd3-43ce-a318-ba97d3d73de3,Garbage or Refuse,MACK-TRUCK/BUS,2015.0,1.0,M,Licensed,Going Straight Ahead,Center Front End,Right Front Bumper,Center Front End,Left Front Bumper,Right Front Quarter Panel,N,,Following Too Closely,Unsafe Speed,,,,2.0,0.0,0,0,0,0,2,0,Garbage or Refuse,Station Wagon/Sport Utility Vehicle,1
17808738,3907779,05/20/2018,13:15,fc63a3a9-9187-481a-aede-52cf528389e3,Station Wagon/Sport Utility Vehicle,CHEV -CAR/SUV,2004.0,1.0,M,Licensed,Slowing or Stopping,Right Front Quarter Panel,Right Front Quarter Panel,No Damage,No Damage,No Damage,N,,Unspecified,Unspecified,BROOKLYN,11212.0,"(40.668976, -73.90668)",0.0,0.0,0,0,0,0,0,0,Station Wagon/Sport Utility Vehicle,Sedan,0
18594533,3909708,05/26/2018,05:00,810f5a55-267a-4442-b3ed-e3b17f166bd2,Station Wagon/Sport Utility Vehicle,JEEP -CAR/SUV,2017.0,2.0,F,Licensed,Going Straight Ahead,Center Back End,Right Rear Bumper,Center Back End,No Damage,No Damage,Unspecified,,Unspecified,Unspecified,BROOKLYN,11217.0,"(40.681835, -73.97584)",2.0,0.0,0,0,0,0,2,0,Pick-up Truck,Station Wagon/Sport Utility Vehicle,1
18789613,3960262,08/12/2018,16:04,0d7e7d1f-646d-4716-8b72-1b9d7ce4e922,Sedan,TOYT -CAR/SUV,2015.0,1.0,M,Licensed,Making Left Turn,Left Front Bumper,Left Front Bumper,No Damage,No Damage,No Damage,N,,Turning Improperly,Failure to Yield Right-of-Way,MANHATTAN,10065.0,"(40.762486, -73.96298)",0.0,0.0,0,0,0,0,0,0,Sedan,Station Wagon/Sport Utility Vehicle,0
18881547,3991583,10/01/2018,14:15,2ab334bb-8f86-4263-81d3-37d9d4fc4ca2,Station Wagon/Sport Utility Vehicle,PORS -CAR/SUV,2014.0,1.0,F,Licensed,Going Straight Ahead,Right Side Doors,Right Side Doors,,,,N,,Unspecified,Unspecified,QUEENS,11355.0,"(40.754326, -73.82765)",0.0,0.0,0,0,0,0,0,0,Station Wagon/Sport Utility Vehicle,Station Wagon/Sport Utility Vehicle,0
17729601,3851798,02/25/2018,14:10,2c3e55be-d676-43ad-82d6-74d85fc10bf2,Station Wagon/Sport Utility Vehicle,HOND -CAR/SUV,2014.0,1.0,M,Licensed,Going Straight Ahead,Right Front Bumper,Right Front Bumper,Right Front Quarter Panel,,,N,,Pavement Slippery,Driver Inattention/Distraction,,,"(40.709305, -73.99167)",0.0,0.0,0,0,0,0,0,0,Station Wagon/Sport Utility Vehicle,Station Wagon/Sport Utility Vehicle,0
17737956,3846647,02/13/2018,08:55,b01a3c9c-bfb7-41ec-8eee-47ec8acdcaae,Sedan,AUDI -CAR/SUV,2017.0,1.0,M,Licensed,Going Straight Ahead,Center Back End,Center Back End,Left Rear Bumper,Center Front End,,N,,Unspecified,Unspecified,,,"(40.828022, -73.84604)",1.0,0.0,0,0,0,0,1,0,Sedan,Sedan,1
18752258,3964257,08/16/2018,18:31,b1055169-9f19-4051-a169-30feb2b88c9e,Sedan,BMW -CAR/SUV,2010.0,2.0,F,Licensed,Stopped in Traffic,Right Rear Bumper,Right Rear Bumper,Center Back End,,,N,,Unspecified,Unspecified,,,"(40.650517, -73.92359)",0.0,0.0,0,0,0,0,0,0,Sedan,Station Wagon/Sport Utility Vehicle,0
17742638,3880323,04/12/2018,18:15,3dfdb723-5df5-46ef-bad5-34f93fb826dc,Station Wagon/Sport Utility Vehicle,INFI -CAR/SUV,2013.0,0.0,,,Parked,Right Front Quarter Panel,Right Front Quarter Panel,Right Front Bumper,Right Front Bumper,No Damage,N,,Unspecified,Unspecified,BRONX,10460.0,"(40.83196, -73.8878)",0.0,0.0,0,0,0,0,0,0,Station Wagon/Sport Utility Vehicle,,0
18702375,4026132,07/04/2018,21:45,a7480650-bc0b-439e-a3e8-ee4e0dbed002,Station Wagon/Sport Utility Vehicle,GMC -CAR/SUV,2009.0,1.0,M,Unlicensed,Going Straight Ahead,Left Front Quarter Panel,Left Front Quarter Panel,Left Front Quarter Panel,Left Front Quarter Panel,Left Front Quarter Panel,N,,Unspecified,Unspecified,BRONX,10454.0,"(40.811005, -73.91949)",1.0,0.0,0,0,0,0,1,0,Station Wagon/Sport Utility Vehicle,Station Wagon/Sport Utility Vehicle,1
18692699,4010061,10/22/2018,14:25,8bb16df1-8b36-447e-8b68-05d472bd6425,Armored Truck,INTL-TRUCK/BUS,2011.0,3.0,M,Licensed,Going Straight Ahead,Right Front Quarter Panel,Right Front Quarter Panel,,,,N,,Unspecified,Unspecified,BROOKLYN,11236.0,"(40.64419, -73.90129)",1.0,0.0,0,0,0,0,1,0,Sedan,Armored Truck,1
18887992,4033913,11/27/2018,20:55,68b180b2-f609-4a6a-9b59-83494dc583c6,Sedan,NISS -CAR/SUV,2016.0,0.0,F,Licensed,Parked,Left Rear Quarter Panel,Left Side Doors,Left Front Quarter Panel,,,Unspecified,,Unspecified,Unspecified,,,"(40.781998, -73.81411)",0.0,0.0,0,0,0,0,0,0,Sedan,,0
17840392,3905172,05/21/2018,16:00,af3d740c-b6ca-48fb-be30-7ca9de176006,Sedan,LEXS -CAR/SUV,2012.0,2.0,F,Licensed,Going Straight Ahead,Right Rear Bumper,Right Rear Bumper,,,,N,,Unspecified,Unspecified,QUEENS,11368.0,"(40.76166, -73.84384)",0.0,0.0,0,0,0,0,0,0,Sedan,Sedan,0
17833627,3903524,05/18/2018,14:45,dbe61124-7a51-4455-93c3-26f9df9bde35,Sedan,NISS -CAR/SUV,2006.0,2.0,M,Licensed,Going Straight Ahead,Center Front End,Center Front End,Left Front Bumper,,,N,,Unspecified,Unspecified,BROOKLYN,11229.0,"(40.613052, -73.94913)",0.0,0.0,0,0,0,0,0,0,Station Wagon/Sport Utility Vehicle,Sedan,0
17760742,3865954,03/19/2018,17:15,b870b1af-0680-4b41-80e0-d08722c8dddd,Station Wagon/Sport Utility Vehicle,GMC -CAR/SUV,2014.0,1.0,M,Licensed,Going Straight Ahead,Center Back End,Center Back End,No Damage,No Damage,No Damage,N,,Unspecified,Unspecified,MANHATTAN,10013.0,"(40.717075, -74.006256)",0.0,0.0,0,0,0,0,0,0,Sedan,Station Wagon/Sport Utility Vehicle,0
17825044,3881320,04/15/2018,19:44,942bd511-1530-4a3b-bd4f-94798e32f98c,Pick-up Truck,DODG -CAR/SUV,2017.0,1.0,M,Licensed,Going Straight Ahead,Right Rear Quarter Panel,Right Side Doors,Right Front Quarter Panel,Right Rear Quarter Panel,,N,,Passing or Lane Usage Improper,Unspecified,QUEENS,11420.0,"(40.677654, -73.82866)",0.0,0.0,0,0,0,0,0,0,Station Wagon/Sport Utility Vehicle,Pick-up Truck,0
17703795,3832633,01/19/2018,18:30,5a708763-f0af-4edd-b2f0-57d4050c16f9,Sedan,INFI -CAR/SUV,2012.0,1.0,F,Licensed,Going Straight Ahead,Center Front End,Center Front End,No Damage,No Damage,,N,,Failure to Yield Right-of-Way,Unspecified,QUEENS,11370.0,"(40.760826, -73.89012)",0.0,0.0,0,0,0,0,0,0,Sedan,Station Wagon/Sport Utility Vehicle,0
17758123,3867958,03/21/2018,11:36,d3e5f85f-432b-4860-84bf-9e61c80b96c3,Box Truck,HINO -TRUCK/BUS,2013.0,1.0,M,Licensed,Stopped in Traffic,Center Back End,Center Back End,,,,Unspecified,,Unspecified,Unspecified,MANHATTAN,10011.0,"(40.74406, -74.00682)",0.0,0.0,0,0,0,0,0,0,Box Truck,Box Truck,0
18659801,3962297,08/16/2018,06:00,a1511b76-2307-4f34-b800-2247187f95ef,Station Wagon/Sport Utility Vehicle,TOYT -CAR/SUV,2015.0,0.0,,,Parked,Right Rear Quarter Panel,Right Rear Quarter Panel,,,,N,,Unspecified,Unspecified,BROOKLYN,11222.0,"(40.725098, -73.95758)",0.0,0.0,0,0,0,0,0,0,Station Wagon/Sport Utility Vehicle,,0
18695053,3990567,09/28/2018,16:15,050d5f79-308f-41f6-8a28-b518a83ef120,Sedan,NISS -CAR/SUV,2016.0,2.0,M,Licensed,Going Straight Ahead,Right Front Quarter Panel,Right Side Doors,Right Front Quarter Panel,Right Rear Quarter Panel,,N,,Unspecified,Unspecified,BROOKLYN,11222.0,"(40.7263, -73.94913)",0.0,0.0,0,0,0,0,0,0,Sedan,Station Wagon/Sport Utility Vehicle,0