UNIQUE_ID,COLLISION_ID,CRASH_DATE,CRASH_TIME,VEHICLE_ID,VEHICLE_TYPE,VEHICLE_MAKE,VEHICLE_YEAR,VEHICLE_OCCUPANTS,DRIVER_SEX,DRIVER_LICENSE_STATUS,PRE_CRASH,POINT_OF_IMPACT,VEHICLE_DAMAGE,VEHICLE_DAMAGE_1,VEHICLE_DAMAGE_2,VEHICLE_DAMAGE_3,PUBLIC_PROPERTY_DAMAGE,PUBLIC_PROPERTY_DAMAGE_TYPE,CONTRIBUTING_FACTOR_1,CONTRIBUTING_FACTOR_2,BOROUGH,ZIP CODE,LOCATION,NUMBER OF PERSONS INJURED,NUMBER OF PERSONS KILLED,NUMBER OF PEDESTRIANS INJURED,NUMBER OF PEDESTRIANS KILLED,NUMBER OF CYCLIST INJURED,NUMBER OF CYCLIST KILLED,NUMBER OF MOTORIST INJURED,NUMBER OF MOTORIST KILLED,VEHICLE TYPE CODE 1,VEHICLE TYPE CODE 2,Severity
18657022,3960636,08/12/2018,19:29,aec6400d-6738-4a5a-9bab-fa6f0ce6f70e,Sedan,HYUN -CAR/SUV,2011.0,0.0,,,Parked,Left Rear Quarter Panel,Left Rear Quarter Panel,No Damage,No Damage,No Damage,N,,Unspecified,Unspecified,MANHATTAN,10037.0,"(40.808956, -73.93621)",0.0,0.0,0,0,0,0,0,0,Sedan,Station Wagon/Sport Utility Vehicle,0
18749677,3985049,09/17/2018,12:20,ef35b751-e25b-4b72-9815-7bffaaffd0fd,Taxi,NISS -CAR/SUV,2015.0,1.0,M,Licensed,Going Straight Ahead,Right Front Bumper,Right Front Bumper,Right Front Quarter Panel,Center Front End,,N,,Driver Inattention/Distraction,Following Too Closely,MANHATTAN,10016.0,"(40.744442, -73.979065)",0.0,0.0,0,0,0,0,0,0,Taxi,Pick-up Truck,0
18842280,4034932,11/29/2018,13:30,2ebfcbc0-8736-4dca-95d5-7316ce384fee,Sedan,TOYT -CAR/SUV,1998.0,1.0,F,Licensed,Making Left Turn,Right Front Bumper,Right Front Bumper,Center Front End,Left Front Bumper,,Unspecified,,View Obstructed/Limited,Driver Inattention/Distraction,,,"(40.637184, -74.167465)",0.0,0.0,0,0,0,0,0,0,Sedan,Sedan,0
17768547,3866755,03/21/2018,11:16,03ef051b-9354-4072-861a-40cc89e845a1,Station Wagon/Sport Utility Vehicle,DODG -CAR/SUV,2017.0,1.0,M,Licensed,Slowing or Stopping,Left Front Bumper,Center Front End,Right Front Bumper,No Damage,No Damage,N,,Following Too Closely,Pavement Slippery,BROOKLYN,11201.0,"(40.696198, -73.98869)",0.0,0.0,0,0,0,0,0,0,Sedan,Station Wagon/Sport Utility Vehicle,0
18652625,3912117,05/31/2018,14:16,151a4d1e-be0d-4877-9905-b9db432b3986,Station Wagon/Sport Utility Vehicle,NISS -CAR/SUV,2017.0,2.0,F,Licensed,Making Right Turn,Left Front Bumper,Left Front Bumper,,,,N,,Unspecified,Unspecified,,,,0.0,0.0,0,0,0,0,0,0,Sedan,Station Wagon/Sport Utility Vehicle,0
17728103,3842734,02/08/2018,00:00,06266808-714c-437e-92c1-5ee2080ea626,Sedan,HOND -CAR/SUV,2004.0,0.0,M,Licensed,Going Straight Ahead,Left Front Bumper,Left Front Bumper,Center Front End,,,N,,Unspecified,Unspecified,BROOKLYN,11220.0,"(40.643467, -74.02277)",0.0,0.0,0,0,0,0,0,0,Carry All,Sedan,0
17724906,3838598,02/01/2018,20:15,735d7842-0418-463e-9c72-2fc6be8c3fe5,Station Wagon/Sport Utility Vehicle,MERZ -CAR/SUV,2016.0,1.0,M,Licensed,Going Straight Ahead,Left Front Bumper,Left Front Bumper,Center Front End,Left Rear Bumper,,N,,Following Too Closely,Unspecified,,,,0.0,0.0,0,0,0,0,0,0,Station Wagon/Sport Utility Vehicle,Station Wagon/Sport Utility Vehicle,0
17887337,3905489,05/22/2018,11:30,9536e17d-7d7b-4ca9-85fb-03ce37424ea5,Sedan,TOYT -CAR/SUV,2010.0,1.0,M,Licensed,Going Straight Ahead,Left Front Bumper,Left Front Bumper,Right Front Bumper,,,N,,Unspecified,Unspecified,BROOKLYN,11207.0,"(40.67993, -73.90126)",1.0,0.0,0,0,0,0,1,0,Sedan,Sedan,1
17818420,3900288,05/14/2018,13:23,bcf6b6cf-6ad6-40cd-b931-f747f77ab92c,Station Wagon/Sport Utility Vehicle,FORD -CAR/SUV,2018.0,0.0,M,Licensed,Parked,Right Rear Quarter Panel,Right Rear Bumper,,,,N,,Unspecified,Unspecified,MANHATTAN,10012.0,"(40.723423, -73.99962)",0.0,0.0,0,0,0,0,0,0,Box Truck,Station Wagon/Sport Utility Vehicle,0
18767575,4001366,10/16/2018,12:00,9c78fed8-baf4-4dd0-9fbe-bc96cad943a5,Station Wagon/Sport Utility Vehicle,HOND -CAR/SUV,2018.0,2.0,F,Licensed,Going Straight Ahead,Center Back End,Center Back End,,,,N,,Unspecified,Unspecified,BROOKLYN,11201.0,"(40.689144, -73.99071)",2.0,0.0,0,0,0,0,2,0,Station Wagon/Sport Utility Vehicle,Station Wagon/Sport Utility Vehicle,1
17754767,3878604,04/10/2018,00:15,1a7decb5-c5f6-4b11-8c3f-22680e4817df,Sedan,HOND -CAR/SUV,2015.0,0.0,,,Parked,Left Rear Bumper,Left Rear Bumper,Left Rear Quarter Panel,Left Side Doors,Left Front Quarter Panel,N,,Unspecified,Unspecified,,,"(40.680473, -73.9614)",0.0,0.0,0,0,0,0,0,0,Sedan,,0
18693083,3927749,06/24/2018,17:00,cdd6aafb-83e2-4c2f-b70e-586bf01af6a6,Sedan,HOND -CAR/SUV,2009.0,1.0,F,Licensed,Going Straight Ahead,Left Front Bumper,Left Front Bumper,Center Front End,,,N,,Steering Failure,Unspecified,,,"(40.63349, -74.162544)",0.0,0.0,0,0,0,0,0,0,Sedan,Sedan,0
18603309,3939454,07/11/2018,11:50,9851a538-b2ed-4ca3-8e4b-3cd7d684524a,Bus,ne/fl,2011.0,1.0,M,Licensed,Going Straight Ahead,Right Rear Quarter Panel,Right Rear Quarter Panel,,,,N,,Unspecified,Unspecified,BRONX,10459.0,"(40.82474, -73.899536)",1.0,0.0,0,0,0,0,1,0,Bus,Station Wagon/Sport Utility Vehicle,1
17679609,3827084,01/10/2018,14:15,3f400c95-8cad-4f61-a16f-1a472f2cd056,Sedan,VOLK -CAR/SUV,2008.0,1.0,M,Licensed,Entering Parked Position,Left Rear Bumper,Left Rear Bumper,,,,N,,Glare,Unspecified,,,"(40.723278, -73.98253)",0.0,0.0,0,0,0,0,0,0,Sedan,Station Wagon/Sport Utility Vehicle,0
18823049,4038571,12/02/2018,16:50,56f3c485-7d05-49f7-b9fd-cc41eab89b3a,Station Wagon/Sport Utility Vehicle,HOND -CAR/SUV,2016.0,1.0,,,Backing,No Damage,No Damage,No Damage,No Damage,No Damage,N,,Backing Unsafely,Unspecified,BROOKLYN,11210.0,"(40.62994, -73.94646)",0.0,0.0,0,0,0,0,0,0,Station Wagon/Sport Utility Vehicle,Sedan,0
18788044,3969544,08/27/2018,06:25,6be3406a-6052-45e7-8812-2e6b692a75cf,Sedan,HOND -CAR/SUV,2017.0,1.0,M,Licensed,Going Straight Ahead,Center Back End,Center Back End,,,,N,,Unspecified,Unspecified,,,"(40.729996, -73.91187)",0.0,0.0,0,0,0,0,0,0,Taxi,Sedan,0
18610101,3909696,05/29/2018,00:30,aaff586d-2bb9-4af0-b2eb-d943a845faa4,Taxi,TOYT -CAR/SUV,2014.0,1.0,M,Licensed,Stopped in Traffic,Center Back End,Center Back End,,,,N,,Unspecified,Unspecified,MANHATTAN,10012.0,"(40.723022, -73.99882)",1.0,0.0,0,0,0,0,1,0,Taxi,Taxi,1
17771648,3878571,04/09/2018,14:02,f2956569-f8d3-4928-9180-6302b246245d,Station Wagon/Sport Utility Vehicle,FORD -CAR/SUV,2017.0,1.0,F,Licensed,Going Straight Ahead,Right Rear Quarter Panel,Right Rear Quarter Panel,No Damage,No Damage,No Damage,N,,Unspecified,Unspecified,STATEN ISLAND,10310.0,"(40.63416, -74.12194)",0.0,0.0,0,0,0,0,0,0,Sedan,Station Wagon/Sport Utility Vehicle,0
18507773,3940414,07/12/2018,17:30,9085b42c-84b5-4441-804c-3e93b28bd8f8,Sedan,HOND -CAR/SUV,2001.0,2.0,M,Licensed,Merging,Left Front Bumper,Left Front Bumper,,,,N,,Unsafe Lane Changing,Following Too Closely,,,"(40.78085, -73.96093)",0.0,0.0,0,0,0,0,0,0,Sedan,Sedan,0
18825483,4044793,12/14/2018,15:00,fa55fbab-9260-4128-bec9-424a267086f2,Station Wagon/Sport Utility Vehicle,JEEP -CAR/SUV,2011.0,1.0,M,Licensed,Going Straight Ahead,Right Rear Quarter Panel,Right Rear Quarter Panel,Right Side Doors,Right Front Quarter Panel,No Damage,N,,Driver Inattention/Distraction,Unspecified,MANHATTAN,10016.0,"(40.748985, -73.979965)",0.0,0.0,0,0,0,0,0,0,Sedan,Station Wagon/Sport Utility Vehicle,0
18682410,3979461,09/10/2018,12:00,258f16a6-4fb8-4c0e-9cba-2f3dab614817,Sedan,TOYT -CAR/SUV,2015.0,1.0,M,Licensed,Parked,Left Rear Quarter Panel,Left Rear Quarter Panel,,,,Unspecified,,Unspecified,Unspecified,MANHATTAN,10013.0,"(40.719517, -73.994385)",0.0,0.0,0,0,0,0,0,0,Sedan,Sedan,0
17787341,3904278,05/19/2018,17:10,dd4222e2-d42e-41bd-894d-fb44dceadf2b,Station Wagon/Sport Utility Vehicle,FORD -CAR/SUV,2017.0,2.0,M,Licensed,Parked,Left Side Doors,Left Side Doors,,,,N,,Unspecified,Unspecified,BROOKLYN,11224.0,"(40.576572, -73.976494)",0.0,0.0,0,0,0,0,0,0,Station Wagon/Sport Utility Vehicle,Station Wagon/Sport Utility Vehicle,0
18664670,3931255,06/28/2018,15:28,73d01cad-4433-47c3-a0ee-e60c817bf213,Taxi,FORD -CAR/SUV,2015.0,0.0,,,Parked,Left Front Bumper,Left Front Bumper,Center Front End,,,N,,Unspecified,Unspecified,,,"(40.709557, -74.00644)",0.0,0.0,0,0,0,0,0,0,Taxi,Pick-up Truck,0
18821478,4038364,12/04/2018,19:23,4fc672be-5f76-4928-b975-6aa5dfa8e1b8,Sedan,INFI -CAR/SUV,2017.0,1.0,M,Licensed,Going Straight Ahead,Center Back End,Center Front End,Center Back End,No Damage,No Damage,N,,Unspecified,Unspecified,BRONX,10452.0,"(40.84518, -73.91417)",0.0,0.0,0,0,0,0,0,0,Sedan,Sedan,0
18748008,3943478,07/18/2018,12:20,110a6e3d-226f-4c85-9192-04f766b83ff0,Station Wagon/Sport Utility Vehicle,FORD -CAR/SUV,2012.0,4.0,M,Licensed,Entering Parked Position,Right Rear Bumper,Right Rear Bumper,No Damage,No Damage,No Damage,N,,Unspecified,Unspecified,QUEENS,11379.0,"(40.710255, -73.89395)",0.0,0.0,0,0,0,0,0,0,Station Wagon/Sport Utility Vehicle,Station Wagon/Sport Utility Vehicle,0
18825610,3997711,10/08/2018,18:14,0539120d-64a5-44ae-95de-23a9d28e28ca,Station Wagon/Sport Utility Vehicle,MAZD -CAR/SUV,2001.0,1.0,M,Licensed,Changing Lanes,Right Rear Quarter Panel,Right Side Doors,,,,N,,Unspecified,Unspecified,QUEENS,11413.0,"(40.66709, -73.76376)",0.0,0.0,0,0,0,0,0,0,Station Wagon/Sport Utility Vehicle,Tractor Truck Diesel,0
17808851,3851611,02/23/2018,13:30,e1443399-0359-4cb0-920c-ac1aca4bc9fd,Station Wagon/Sport Utility Vehicle,TOYT -CAR/SUV,2017.0,1.0,M,Licensed,Making Left Turn,Right Front Bumper,Right Front Bumper,,,,N,,Passing Too Closely,Unspecified,,,,0.0,0.0,0,0,0,0,0,0,Station Wagon/Sport Utility Vehicle,Station Wagon/Sport Utility Vehicle,0
18667843,3943769,07/17/2018,17:15,8efe50d1-5fea-444b-8d1c-135e974ff49d,Station Wagon/Sport Utility Vehicle,JEEP -CAR/SUV,2017.0,,,,Going Straight Ahead,Center Front End,Center Front End,,,,N,,Driver Inattention/Distraction,Unspecified,BROOKLYN,11234.0,"(40.628643, -73.92019)",0.0,0.0,0,0,0,0,0,0,Station Wagon/Sport Utility Vehicle,Station Wagon/Sport Utility Vehicle,0
18681259,4050398,12/21/2018,12:34,5a574ea2-86cf-41c3-bf36-654bc1cb1a38,Sedan,NISS -CAR/SUV,2016.0,1.0,M,Licensed,Going Straight Ahead,Left Side Doors,Left Rear Quarter Panel,,,,N,,Unspecified,Unspecified,MANHATTAN,10032.0,"(40.844135, -73.93752)",0.0,0.0,0,0,0,0,0,0,Bus,Sedan,0
18821909,4014883,11/05/2018,09:30,9094e2f6-4fcc-48c8-849a-529ab7d43fa9,Station Wagon/Sport Utility Vehicle,HYUN -CAR/SUV,2015.0,2.0,F,Licensed,Making Right Turn,Right Rear Quarter Panel,Right Rear Quarter Panel,Right Side Doors,No Damage,No Damage,N,,Unspecified,Unspecified,BROOKLYN,11203.0,"(40.650288, -73.9273)",1.0,0.0,0,0,0,0,1,0,Sedan,Station Wagon/Sport Utility Vehicle,1
18807530,4003883,10/20/2018,06:50,cc99f132-630d-4365-9f65-271af5a98ce4,Sedan,TOYT -CAR/SUV,1996.0,2.0,M,Licensed,Going Straight Ahead,Right Rear Bumper,Center Front End,Center Front End,Right Front Bumper,,N,,Unspecified,Unspecified,,,"(40.732822, -73.8684)",0.0,0.0,0,0,0,0,0,0,Station Wagon/Sport Utility Vehicle,Station Wagon/Sport Utility Vehicle,0
18864366,4052153,12/24/2018,22:30,585ed460-8f5b-4404-a4fd-a42f3869a7bf,Sedan,HOND -CAR/SUV,2005.0,1.0,M,Licensed,Parked,Center Front End,Center Front End,No Damage,No Damage,No Damage,N,,Unspecified,Unspecified,MANHATTAN,10017.0,"(40.757286, -73.97812)",0.0,0.0,0,0,0,0,0,0,Sedan,Sedan,0
18742054,4008355,10/26/2018,20:35,475dde9a-7fed-468a-b505-c2dd214334d0,Sedan,VOLK -CAR/SUV,2011.0,1.0,M,Licensed,Slowing or Stopping,Center Front End,Center Front End,Left Front Bumper,No Damage,No Damage,N,,Driver Inattention/Distraction,Unspecified,,,"(40.850395, -73.9228)",0.0,0.0,0,0,0,0,0,0,Sedan,Sedan,0
18652489,3919426,06/12/2018,13:00,6d9082f6-b232-4553-929e-e6fd5113f052,Sedan,FORD -CAR/SUV,2018.0,1.0,M,Licensed,Making Right Turn,Left Rear Bumper,Left Rear Bumper,,,,N,,Driver Inattention/Distraction,Unspecified,MANHATTAN,10016.0,"(40.74701, -73.977196)",0.0,0.0,0,0,0,0,0,0,Sedan,Station Wagon/Sport Utility Vehicle,0
17766308,3863491,03/13/2018,10:25,8464d108-9649-459c-b826-9f94f4120015,Sedan,BMW -CAR/SUV,2016.0,1.0,F,,Going Straight Ahead,Right Rear Quarter Panel,Right Rear Quarter Panel,,,,N,,Unspecified,Unspecified,BROOKLYN,11230.0,"(40.61701, -73.969124)",0.0,0.0,0,0,0,0,0,0,Station Wagon/Sport Utility Vehicle,Sedan,0
17712456,3844472,02/09/2018,17:00,f84354a5-b3f5-457a-b9f0-3868c02ef6c2,Station Wagon/Sport Utility Vehicle,TOYT -CAR/SUV,2014.0,1.0,F,Licensed,Going Straight Ahead,Left Side Doors,Left Side Doors,Left Front Quarter Panel,Left Front Quarter Panel,,N,,Unspecified,Unspecified,,,"(40.71976, -73.94476)",0.0,0.0,0,0,0,0,0,0,Station Wagon/Sport Utility Vehicle,Station Wagon/Sport Utility Vehicle,0
18564796,3914887,06/03/2018,00:45,eada7da0-4e61-442d-9f90-b1b4d6474ac2,Station Wagon/Sport Utility Vehicle,CHEV -CAR/SUV,2011.0,,,,Changing Lanes,No Damage,No Damage,,,,Unspecified,,Unsafe Lane Changing,Unspecified,,,"(40.714527, -73.97481)",0.0,0.0,0,0,0,0,0,0,Station Wagon/Sport Utility Vehicle,Station Wagon/Sport Utility Vehicle,0
18632488,4009795,10/28/2018,14:00,e2081507-ef42-46f4-ae99-78ce6060ac25,Station Wagon/Sport Utility Vehicle,SUBA -CAR/SUV,2018.0,2.0,,,Making Right Turn,Right Front Bumper,No Damage,,,,N,,Aggressive Driving/Road Rage,Failure to Yield Right-of-Way,MANHATTAN,10003.0,"(40.72919, -73.98724)",1.0,0.0,1,0,0,0,0,0,Station Wagon/Sport Utility Vehicle,,1
18586641,3925410,05/29/2018,08:45,19db1ae3-270e-4695-94af-9adbb32d46a0,Pick-up Truck,FORD -CAR/SUV,2013.0,1.0,M,Licensed,Going Straight Ahead,Center Front End,Center Front End,Left Front Bumper,Right Front Bumper,,N,,Fatigued/Drowsy,Unspecified,,,"(40.52676, -74.17574)",1.0,0.0,0,0,0,0,1,0,Pick-up Truck,Bus,1
18757702,3998635,10/12/2018,11:15,43b8ca72-dc31-4eed-9dd3-0cc8733cc781,Pick-up Truck,CHEV -CAR/SUV,2003.0,1.0,M,Licensed,Slowing or Stopping,Right Rear Bumper,Right Rear Bumper,No Damage,No Damage,No Damage,N,,Unspecified,Unspecified,BROOKLYN,11214.0,"(40.605057, -73.999)",0.0,0.0,0,0,0,0,0,0,Sedan,Pick-up Truck,0
18865300,4048429,12/18/2018,16:25,2627d36c-1e86-4d4f-bc0b-9991977efbcc,,JEEP -CAR/SUV,2011.0,,,,,,,,,,Unspecified,,,,QUEENS,11379.0,"(40.71599, -73.87209)",0.0,0.0,0,0,0,0,0,0,Station Wagon/Sport Utility Vehicle,Station Wagon/Sport Utility Vehicle,0
18714442,3962628,08/14/2018,16:00,0290aa6f-55fc-44bb-9227-46f15bbb8934,Sedan,SUBA -CAR/SUV,2003.0,1.0,F,Licensed,Making Right Turn,Right Front Bumper,Right Front Bumper,Right Front Quarter Panel,,,N,,Turning Improperly,Unspecified,MANHATTAN,10006.0,"(40.70983, -74.01468)",0.0,0.0,0,0,0,0,0,0,Sedan,Station Wagon/Sport Utility Vehicle,0
18834041,4011565,10/31/2018,08:47,e64fa2a7-52dd-4ff9-9781-0a0f3f040a39,Sedan,CADI -CAR/SUV,2007.0,1.0,F,Licensed,Parked,Center Front End,Center Front End,No Damage,No Damage,,N,,Unspecified,Unspecified,QUEENS,11418.0,"(40.70237, -73.83612)",0.0,0.0,0,0,0,0,0,0,Sedan,Station Wagon/Sport Utility Vehicle,0
18637262,3956087,08/06/2018,16:40,6774a2c8-2c90-4063-b669-3780c6059b9f,Station Wagon/Sport Utility Vehicle,ACUR -CAR/SUV,2011.0,1.0,F,,Making U Turn,Right Front Bumper,Right Front Bumper,Other,Other,Other,N,,Unspecified,Unspecified,BROOKLYN,11236.0,"(40.63762, -73.905624)",0.0,0.0,0,0,0,0,0,0,Station Wagon/Sport Utility Vehicle,Station Wagon/Sport Utility Vehicle,0
18686737,3956388,08/04/2018,14:35,fa5a0e83-237d-4d78-8910-b81794f00a30,Sedan,ACUR -CAR/SUV,2010.0,1.0,M,Licensed,Going Straight Ahead,Right Front Quarter Panel,Right Front Quarter Panel,Right Side Doors,Right Rear Quarter Panel,,Y,,Reaction to Uninvolved Vehicle,Driver Inattention/Distraction,BROOKLYN,11234.0,"(40.623596, -73.93399)",0.0,0.0,0,0,0,0,0,0,Sedan,,0
17812939,3878768,04/11/2018,09:00,5778c7f0-44c2-4c22-9a61-6e3f323cfeca,Station Wagon/Sport Utility Vehicle,HOND -CAR/SUV,2007.0,1.0,F,Licensed,Going Straight Ahead,Right Front Bumper,Center Front End,Left Front Bumper,Left Front Bumper,,N,,Unspecified,Unspecified,,,"(40.67396, -73.778824)",0.0,0.0,0,0,0,0,0,0,Station Wagon/Sport Utility Vehicle,Station Wagon/Sport Utility Vehicle,0
18620236,3943514,07/10/2018,17:30,107eb268-c6bd-4376-bab2-8b67a18f73d1,Sedan,NISS -CAR/SUV,2014.0,1.0,F,Licensed,Going Straight Ahead,Left Front Bumper,Left Front Bumper,,,,N,,Failure to Yield Right-of-Way,Unspecified,BROOKLYN,11216.0,"(40.678722, -73.952995)",0.0,0.0,0,0,0,0,0,0,Sedan,Station Wagon/Sport Utility Vehicle,0
17717183,3827691,01/13/2018,16:00,4ae7012b-aeb3-4592-b68e-02bdcaa6f9ab,Station Wagon/Sport Utility Vehicle,TOYT -CAR/SUV,2016.0,4.0,F,Licensed,Changing Lanes,Right Front Bumper,Right Front Bumper,,,,N,,Following Too Closely,Unspecified,QUEENS,11427.0,"(40.728024, -73.74764)",0.0,0.0,0,0,0,0,0,0,Station Wagon/Sport Utility Vehicle,Station Wagon/Sport Utility Vehicle,0
17804003,3848145,02/18/2018,04:15,86d2f86f-7299-47d6-8ff3-f0a37b009f60,Station Wagon/Sport Utility Vehicle,AUDI -CAR/SUV,2012.0,0.0,,,Parked,Left Rear Bumper,Left Rear Bumper,Center Back End,,,N,,Unspecified,Unspecified,QUEENS,11413.0,"(40.65634, -73.75292)",0.0,0.0,0,0,0,0,0,0,Station Wagon/Sport Utility Vehicle,Station Wagon/Sport Utility Vehicle,0
18744616,3957102,08/07/2018,17:00,1a955651-7d67-4335-86d9-132f687226cd,Sedan,NISS -CAR/SUV,2016.0,2.0,M,Licensed,Going Straight Ahead,Right Front Quarter Panel,Right Front Quarter Panel,Right Side Doors,,,N,,Unspecified,Unspecified,,,"(40.62783, -74.16899)",0.0,0.0,0,0,0,0,0,0,Sedan,Sedan,0
18841950,4017152,11/09/2018,00:30,932415c7-8b89-4947-8ca3-f9c5cc447a10,Taxi,CADI -CAR/SUV,2015.0,1.0,M,Licensed,Making Right Turn,Left Front Bumper,Left Front Bumper,Left Front Quarter Panel,,,N,,Obstruction/Debris,Unspecified,,,"(40.766876, -73.97908)",0.0,0.0,0,0,0,0,0,0,Sedan,Taxi,0
17712928,3826421,01/11/2018,22:40,4c89c1d9-a637-4e72-8e7d-11f97d12b7a5,Station Wagon/Sport Utility Vehicle,FORD -CAR/SUV,2006.0,1.0,F,Licensed,Going Straight Ahead,Left Front Bumper,Left Front Bumper,Left Front Quarter Panel,Center Front End,,N,,Unspecified,Unspecified,QUEENS,11428.0,"(40.728165, -73.73932)",0.0,0.0,0,0,0,0,0,0,Station Wagon/Sport Utility Vehicle,,0
17800130,3876121,04/05/2018,13:00,9882e588-9d36-4225-a51d-fbbb7dfb6393,Sedan,NISS -CAR/SUV,2006.0,0.0,,,Parked,Left Rear Bumper,Left Rear Bumper,Left Rear Quarter Panel,,,N,,Unspecified,Unspecified,BROOKLYN,11203.0,"(40.64057, -73.945564)",0.0,0.0,0,0,0,0,0,0,Sedan,,0
18705970,3923204,06/17/2018,12:10,bb905d46-e70c-4279-8b6f-84e1d18f1fb3,Sedan,HYUN -CAR/SUV,2008.0,1.0,M,Licensed,Changing Lanes,Left Rear Bumper,Left Rear Bumper,Left Rear Quarter Panel,,,N,,Driver Inattention/Distraction,Unsafe Lane Changing,,,"(40.763824, -73.72686)",0.0,0.0,0,0,0,0,0,0,Station Wagon/Sport Utility Vehicle,Sedan,0
17803707,3867755,03/22/2018,08:30,3174bd09-b295-4dbe-bacd-e067d50f0690,Sedan,HYUN -CAR/SUV,2017.0,1.0,M,Licensed,Making Left Turn,Right Front Quarter Panel,Right Side Doors,Right Front Quarter Panel,Right Rear Quarter Panel,,N,,Driver Inattention/Distraction,Driver Inattention/Distraction,QUEENS,11435.0,"(40.704082, -73.81641)",0.0,0.0,0,0,0,0,0,0,Station Wagon/Sport Utility Vehicle,Sedan,0
18796285,4043273,12/12/2018,11:20,ce61ce4a-eadc-4296-ba4d-fe2d94e4deef,Station Wagon/Sport Utility Vehicle,CHRY -CAR/SUV,2018.0,1.0,F,Licensed,Going Straight Ahead,Right Side Doors,Right Side Doors,Right Side Doors,,,N,,Unspecified,Unspecified,BROOKLYN,11210.0,"(40.61732, -73.94408)",0.0,0.0,0,0,0,0,0,0,Sedan,Station Wagon/Sport Utility Vehicle,0
18628149,3922158,06/16/2018,14:00,b9990dcd-2d2f-4fc1-8af7-ed2494b4485e,Sedan,VOLK -CAR/SUV,2008.0,2.0,F,Licensed,Making Right Turn,Right Front Bumper,Right Front Bumper,Center Front End,No Damage,No Damage,N,,Other Vehicular,Unspecified,BROOKLYN,11212.0,,0.0,0.0,0,0,0,0,0,0,Sedan,Sedan,0
18695947,3945130,07/18/2018,11:50,ceee8e32-efd3-4453-acc0-50462ab80c30,Sedan,TOYT -CAR/SUV,2007.0,,,,Going Straight Ahead,No Damage,No Damage,,,,N,,Passing Too Closely,Unspecified,QUEENS,11433.0,"(40.70102, -73.78706)",0.0,0.0,0,0,0,0,0,0,Sedan,Sedan,0
17804965,3870043,03/26/2018,17:10,56300abc-acb1-4638-8383-511ea21b6b32,Station Wagon/Sport Utility Vehicle,NISS -CAR/SUV,2015.0,1.0,F,Licensed,Starting in Traffic,Left Front Bumper,Left Front Bumper,,,,N,,Following Too Closely,Unspecified,QUEENS,11374.0,"(40.711845, -73.859764)",0.0,0.0,0,0,0,0,0,0,Station Wagon/Sport Utility Vehicle,Station Wagon/Sport Utility Vehicle,0
17765204,3873706,03/28/2018,20:30,0ecfeb4d-7665-477f-8bae-321755bacad2,Taxi,TOYT -CAR/SUV,2014.0,0.0,,,Parked,Left Side Doors,Left Side Doors,,,,Unspecified,,Unspecified,Unspecified,,,"(40.748356, -74.00369)",0.0,0.0,0,0,0,0,0,0,Box Truck,Taxi,0
17833550,3899654,05/05/2018,18:30,a2b9cc4c-c060-41c2-93e3-3fb0554ae6e7,Sedan,INFI -CAR/SUV,2014.0,3.0,U,Licensed,Starting from Parking,Right Front Bumper,Center Front End,Right Front Quarter Panel,No Damage,No Damage,N,,Failure to Yield Right-of-Way,Unsafe Speed,BROOKLYN,11203.0,"(40.651005, -73.94571)",0.0,0.0,0,0,0,0,0,0,Sedan,Station Wagon/Sport Utility Vehicle,0
18597611,3922299,06/16/2018,19:40,37ceed17-565e-4421-b974-486ec275c575,Sedan,CHEV -CAR/SUV,2017.0,0.0,,,Parked,Center Front End,Center Front End,Left Front Bumper,Right Front Bumper,,N,,Unspecified,Unspecified,STATEN ISLAND,10309.0,"(40.55112, -74.2135)",0.0,0.0,0,0,0,0,0,0,Station Wagon/Sport Utility Vehicle,Sedan,0
18583959,3915676,06/05/2018,17:40,9cf57a40-4553-47e2-ae95-60977ffcaf84,Station Wagon/Sport Utility Vehicle,HOND -CAR/SUV,2014.0,2.0,F,Licensed,Backing,Left Rear Quarter Panel,Left Rear Quarter Panel,,,,N,,Unspecified,Unspecified,BROOKLYN,11201.0,"(40.68966, -74.00047)",0.0,0.0,0,0,0,0,0,0,Station Wagon/Sport Utility Vehicle,Station Wagon/Sport Utility Vehicle,0
18786165,3974356,09/04/2018,15:30,125131cd-cb53-4fa5-be7d-280c7330f850,Sedan,TOYT -CAR/SUV,2002.0,1.0,M,Licensed,Going Straight Ahead,Center Front End,Center Front End,Left Front Bumper,,,N,,Following Too Closely,Unspecified,BRONX,10473.0,"(40.823826, -73.86163)",1.0,0.0,0,0,0,0,1,0,Sedan,Sedan,1
18578059,3919090,06/11/2018,11:00,02ee7ae0-cf63-4f46-8130-16c79a303e48,Box Truck,INTL-TRUCK/BUS,2022.0,0.0,M,Licensed,Backing,Center Back End,No Damage,No Damage,No Damage,No Damage,Unspecified,,Backing Unsafely,Driver Inattention/Distraction,MANHATTAN,10029.0,"(40.79157, -73.94469)",0.0,0.0,0,0,0,0,0,0,Box Truck,Station Wagon/Sport Utility Vehicle,0
17804461,3896416,05/07/2018,16:00,ff45296d-efdd-486b-80d5-8d0121bb2c26,Sedan,HOND -CAR/SUV,2015.0,1.0,F,Licensed,Going Straight Ahead,Center Front End,Right Front Bumper,Left Front Bumper,,,N,,Driver Inattention/Distraction,Following Too Closely,BROOKLYN,11234.0,"(40.634483, -73.91886)",1.0,0.0,0,0,0,0,1,0,Station Wagon/Sport Utility Vehicle,Sedan,1