UNIQUE_ID,COLLISION_ID,CRASH_DATE,CRASH_TIME,VEHICLE_ID,VEHICLE_TYPE,VEHICLE_MAKE,VEHICLE_YEAR,VEHICLE_OCCUPANTS,DRIVER_SEX,DRIVER_LICENSE_STATUS,PRE_CRASH,POINT_OF_IMPACT,VEHICLE_DAMAGE,VEHICLE_DAMAGE_1,VEHICLE_DAMAGE_2,VEHICLE_DAMAGE_3,PUBLIC_PROPERTY_DAMAGE,PUBLIC_PROPERTY_DAMAGE_TYPE,CONTRIBUTING_FACTOR_1,CONTRIBUTING_FACTOR_2,BOROUGH,ZIP CODE,LOCATION,NUMBER OF PERSONS INJURED,NUMBER OF PERSONS KILLED,NUMBER OF PEDESTRIANS INJURED,NUMBER OF PEDESTRIANS KILLED,NUMBER OF CYCLIST INJURED,NUMBER OF CYCLIST KILLED,NUMBER OF MOTORIST INJURED,NUMBER OF MOTORIST KILLED,VEHICLE TYPE CODE 1,VEHICLE TYPE CODE 2,Severity
18706914,4043451,11/26/2018,19:00,bcc31420-0c4b-4112-9b93-826408e512bc,Sedan,HOND -CAR/SUV,2018.0,1.0,M,Licensed,Going Straight Ahead,Center Front End,Center Front End,,,,N,,Driver Inattention/Distraction,Unspecified,BROOKLYN,11213.0,"(40.66955, -73.94497)",0.0,0.0,0,0,0,0,0,0,Sedan,Sedan,0
18870457,4046905,12/17/2018,14:15,f53873a6-cb42-4400-9584-394719db06cb,Sedan,TOYT -CAR/SUV,2015.0,1.0,M,Licensed,,Left Rear Quarter Panel,Left Rear Quarter Panel,,,,N,,Driver Inattention/Distraction,Unspecified,,,"(40.76547, -73.97005)",0.0,0.0,0,0,0,0,0,0,Sedan,Sedan,0
18885333,4010900,10/30/2018,10:15,1d3217cf-22a6-43d0-9def-697befe1072c,Station Wagon/Sport Utility Vehicle,HOND -CAR/SUV,2014.0,1.0,M,Licensed,Going Straight Ahead,Right Front Quarter Panel,Right Front Quarter Panel,Right Front Bumper,,,N,,Following Too Closely,Unspecified,,,"(40.756714, -73.81339)",0.0,0.0,0,0,0,0,0,0,Station Wagon/Sport Utility Vehicle,Station Wagon/Sport Utility Vehicle,0
18755793,4020469,11/13/2018,00:00,3262656d-1d80-4dfe-99e4-346d4d4e2231,Station Wagon/Sport Utility Vehicle,TOYT -CAR/SUV,2017.0,0.0,,,Parked,Left Side Doors,Other,No Damage,No Damage,No Damage,N,,Other Vehicular,Unspecified,BRONX,10453.0,"(40.85394, -73.91468)",0.0,0.0,0,0,0,0,0,0,Bus,Station Wagon/Sport Utility Vehicle,0
18842966,4039754,12/06/2018,20:22,c63716a1-c6b0-4201-b66e-7ef73b939ca0,Sedan,NISS -CAR/SUV,2016.0,1.0,M,Licensed,Stopped in Traffic,Left Front Quarter Panel,Left Front Quarter Panel,,,,Unspecified,,Unspecified,Unspecified,QUEENS,11372.0,"(40.749157, -73.86943)",0.0,0.0,0,0,0,0,0,0,Sedan,Sedan,0
17801567,3887633,04/19/2018,15:10,47ccb62e-94dd-4978-92cb-a60c79a7d612,Box Truck,GMC-TRUCK/BUS,2005.0,1.0,M,Licensed,Making Left Turn,Left Rear Bumper,Left Rear Bumper,,,,N,,Unspecified,Unspecified,MANHATTAN,10036.0,"(40.760353, -73.99124)",0.0,0.0,0,0,0,0,0,0,Box Truck,Sedan,0
18846148,4044106,12/13/2018,16:55,3697472d-edb8-4ea7-9b96-b8259a4b8f87,Taxi,TOYT -CAR/SUV,2016.0,1.0,F,Licensed,Making Left Turn,Right Rear Quarter Panel,Right Rear Quarter Panel,Right Side Doors,Right Rear Bumper,No Damage,N,,Other Vehicular,Unspecified,BRONX,10451.0,"(40.817387, -73.92277)",0.0,0.0,0,0,0,0,0,0,Station Wagon/Sport Utility Vehicle,Taxi,0
18658991,3967876,08/20/2018,12:00,08d2569b-31ee-4e0a-95bb-fe1f9f88a913,Sedan,LEXS -CAR/SUV,1999.0,1.0,,,Making U Turn,No Damage,No Damage,No Damage,No Damage,No Damage,N,,Driver Inattention/Distraction,Backing Unsafely,BRONX,10463.0,"(40.88419, -73.91147)",0.0,0.0,0,0,0,0,0,0,Sedan,Sedan,0
18830779,4040203,12/07/2018,15:12,178c6b8d-fae7-4cfa-b49c-f0d31d4a7c60,Sedan,CHEV -CAR/SUV,2018.0,2.0,M,Licensed,Merging,Left Front Quarter Panel,Left Front Quarter Panel,Left Side Doors,Left Rear Quarter Panel,,N,,Driver Inattention/Distraction,Driver Inattention/Distraction,,,,0.0,0.0,0,0,0,0,0,0,Taxi,Sedan,0
17772800,3904469,05/19/2018,17:03,e56393e1-45ee-41d6-a753-04dae5604932,Taxi,GMC -CAR/SUV,2014.0,1.0,M,Licensed,Going Straight Ahead,Right Front Quarter Panel,Right Front Bumper,No Damage,No Damage,No Damage,N,,Driver Inattention/Distraction,Unspecified,MANHATTAN,10024.0,"(40.78202, -73.97173)",0.0,0.0,0,0,0,0,0,0,Station Wagon/Sport Utility Vehicle,Taxi,0
18650265,3953045,08/01/2018,23:00,83735fa8-8042-44c0-9db0-b6dec8d58e36,Station Wagon/Sport Utility Vehicle,HOND -CAR/SUV,2003.0,2.0,F,Licensed,Going Straight Ahead,Right Front Bumper,Right Front Bumper,Center Front End,Right Front Quarter Panel,Left Front Bumper,N,,Traffic Control Disregarded,Unspecified,MANHATTAN,10035.0,"(40.800663, -73.94436)",2.0,0.0,0,0,0,0,2,0,Taxi,Station Wagon/Sport Utility Vehicle,1
19636777,3988271,09/25/2018,20:55,53a66948-de0f-4b3e-84bc-955b0452b360,Sedan,NISS -CAR/SUV,2017.0,3.0,F,Licensed,Going Straight Ahead,Left Front Bumper,Center Front End,Center Back End,No Damage,No Damage,N,,Unspecified,Unspecified,,,"(40.86945, -73.872345)",0.0,0.0,0,0,0,0,0,0,Sedan,Sedan,0
17714096,3836675,01/28/2018,11:45,da57effe-0aeb-4b23-899a-66e8e948bb84,Station Wagon/Sport Utility Vehicle,LEXS -CAR/SUV,2015.0,1.0,F,Licensed,Changing Lanes,Left Front Bumper,Left Front Bumper,Center Front End,Center Front End,Center Front End,N,,Unspecified,Unspecified,,,"(40.614788, -73.94658)",0.0,0.0,0,0,0,0,0,0,Station Wagon/Sport Utility Vehicle,Station Wagon/Sport Utility Vehicle,0
18698429,3977611,09/10/2018,00:55,f4e5b3bd-3807-40a0-9411-63ee8802e286,Sedan,NISS -CAR/SUV,2015.0,5.0,M,Licensed,Making Left Turn,Center Front End,Center Front End,Left Front Bumper,Right Front Bumper,,N,,Failure to Yield Right-of-Way,Passenger Distraction,,,"(40.844486, -73.846245)",1.0,0.0,1,0,0,0,0,0,Sedan,,1
17818554,3894301,05/02/2018,15:15,49b8d2af-cbc2-4911-83f2-457a86016ef4,Sedan,TOYT -CAR/SUV,2010.0,1.0,M,Licensed,Going Straight Ahead,Center Front End,No Damage,,,,N,,Following Too Closely,Unspecified,QUEENS,11432.0,"(40.7082, -73.80109)",0.0,0.0,0,0,0,0,0,0,Sedan,Sedan,0
18797982,4007447,10/23/2018,13:24,aa1e980a-b9b0-4738-8aa5-cf5bba1fc8d4,Taxi,HOND -CAR/SUV,2003.0,1.0,M,Licensed,Going Straight Ahead,Left Front Quarter Panel,Left Front Quarter Panel,No Damage,No Damage,No Damage,N,,Driver Inattention/Distraction,Driver Inattention/Distraction,QUEENS,11368.0,"(40.75746, -73.86734)",0.0,0.0,0,0,0,0,0,0,Sedan,Taxi,0
18859590,4017518,11/08/2018,19:30,bddd5bf8-1621-42bb-9f44-d988ecdc5f6d,Station Wagon/Sport Utility Vehicle,TOYT -CAR/SUV,2015.0,1.0,M,Licensed,Going Straight Ahead,Right Front Bumper,Center Front End,Left Front Bumper,Right Front Bumper,Center Front End,N,,Driver Inattention/Distraction,Unspecified,QUEENS,11367.0,"(40.730103, -73.82585)",0.0,0.0,0,0,0,0,0,0,Station Wagon/Sport Utility Vehicle,Station Wagon/Sport Utility Vehicle,0
17748187,3864194,03/16/2018,17:00,c76a9242-19eb-4373-a61f-dbff831bfed7,Station Wagon/Sport Utility Vehicle,KIA -CAR/SUV,2017.0,1.0,F,Licensed,Going Straight Ahead,Right Front Quarter Panel,Right Front Quarter Panel,,,,N,,Unspecified,Unspecified,MANHATTAN,10013.0,"(40.71618, -74.00256)",0.0,0.0,0,0,0,0,0,0,Station Wagon/Sport Utility Vehicle,Station Wagon/Sport Utility Vehicle,0
18672419,3989708,09/28/2018,06:52,f969947c-bd09-4c28-8ff2-f497d35a68df,Station Wagon/Sport Utility Vehicle,FORD -CAR/SUV,2004.0,1.0,F,Licensed,Going Straight Ahead,Left Front Quarter Panel,Left Front Quarter Panel,Left Front Bumper,Center Front End,Right Front Bumper,Y,,Failure to Yield Right-of-Way,Driver Inattention/Distraction,BROOKLYN,11236.0,"(40.64359, -73.90471)",3.0,0.0,0,0,0,0,3,0,Station Wagon/Sport Utility Vehicle,Station Wagon/Sport Utility Vehicle,1
17772490,3878867,04/11/2018,11:45,919c98b1-fc61-410c-9e57-bb3a5b69c3e2,Sedan,NISS -CAR/SUV,2017.0,0.0,,,Parked,Left Front Quarter Panel,Left Front Quarter Panel,Left Side Doors,Left Rear Quarter Panel,,N,,Unspecified,Unspecified,,,"(40.690266, -73.91546)",0.0,0.0,0,0,0,0,0,0,Sedan,,0
18770674,3973662,09/04/2018,13:40,ef49fb8c-48e9-43da-8d59-7122570b12b7,Station Wagon/Sport Utility Vehicle,TOYT -CAR/SUV,2006.0,1.0,F,Licensed,Going Straight Ahead,Center Front End,Center Front End,Center Front End,Center Front End,Center Front End,N,,Following Too Closely,Following Too Closely,,,"(40.58857, -74.14685)",1.0,0.0,0,0,0,0,1,0,Station Wagon/Sport Utility Vehicle,Station Wagon/Sport Utility Vehicle,1
18813087,4011728,10/31/2018,15:05,e0c9ce39-8fe7-4625-abfe-e0941fac2f81,Sedan,MAZD -CAR/SUV,2011.0,0.0,,,Parked,Left Side Doors,Left Side Doors,Left Front Bumper,,,N,,Unspecified,Unspecified,BROOKLYN,11206.0,"(40.70839, -73.939964)",0.0,0.0,0,0,0,0,0,0,Sedan,,0
18787140,3909799,05/28/2018,11:00,fce58dfe-e9e6-4489-ab4e-1be8caaf1bff,Pick-up Truck,INTERNATIONAL,1998.0,0.0,,,Parked,Left Front Quarter Panel,Left Front Quarter Panel,,,,N,,Unspecified,Unspecified,QUEENS,11428.0,"(40.714092, -73.7531)",0.0,0.0,0,0,0,0,0,0,Chassis Cab,Pick-up Truck,0
17770131,3880094,04/13/2018,06:30,8470b6a7-cfd3-4946-a8e0-10662477cbe1,Sedan,MAZD -CAR/SUV,2006.0,1.0,M,Licensed,Changing Lanes,Right Front Bumper,Right Front Bumper,Right Front Quarter Panel,,,N,,Driver Inattention/Distraction,Passing or Lane Usage Improper,MANHATTAN,10013.0,"(40.718708, -74.000946)",0.0,0.0,0,0,0,0,0,0,Sedan,Taxi,0
18858538,4015457,11/06/2018,00:00,7681a452-9289-4feb-82d4-390275950f7f,Sedan,TOYT -CAR/SUV,1999.0,1.0,M,Licensed,Going Straight Ahead,Center Front End,Center Front End,Left Front Bumper,Right Front Bumper,,N,,Following Too Closely,Unspecified,,,"(40.72581, -73.76956)",0.0,0.0,0,0,0,0,0,0,Sedan,Sedan,0
18817930,3994830,10/06/2018,14:40,1f49eda1-f5cf-4c66-a099-51214c6b8ddb,Taxi,TOYT -CAR/SUV,2014.0,1.0,M,Licensed,Merging,Left Front Quarter Panel,Left Front Quarter Panel,Left Front Bumper,Left Front Quarter Panel,Left Front Bumper,N,,Driver Inattention/Distraction,Unsafe Lane Changing,MANHATTAN,10036.0,"(40.75858, -73.987)",0.0,0.0,0,0,0,0,0,0,Station Wagon/Sport Utility Vehicle,Taxi,0
18782331,3908004,05/25/2018,08:30,ee8f513f-bbd9-4e46-88ec-902eaac77afd,Flat Bed,peter,2007.0,1.0,M,Licensed,Going Straight Ahead,Center Front End,Center Front End,,,,N,,Unspecified,Unspecified,QUEENS,11422.0,"(40.667397, -73.73757)",1.0,0.0,0,0,0,0,1,0,Sedan,Flat Bed,1
18850363,4010635,10/29/2018,14:45,6d955b50-92ed-426b-ab8d-1caf39c403ac,Taxi,HOND -CAR/SUV,2017.0,0.0,,,Parked,Left Side Doors,Left Rear Quarter Panel,Left Front Quarter Panel,No Damage,No Damage,N,,Unspecified,Unspecified,QUEENS,11420.0,"(40.67827, -73.8222)",0.0,0.0,0,0,0,0,0,0,Taxi,,0
17857764,3902289,05/16/2018,15:40,0fdc20e8-3548-4c2e-8319-be5c53f44492,Sedan,NISS -CAR/SUV,2017.0,1.0,F,Licensed,Going Straight Ahead,Right Front Bumper,Right Front Bumper,,,,N,,Driver Inattention/Distraction,Unspecified,QUEENS,11367.0,"(40.72673, -73.821175)",0.0,0.0,0,0,0,0,0,0,Sedan,Sedan,0
18737412,4048959,12/20/2018,14:25,27fa8b39-fe8e-4d8a-aca2-f114b92b9a76,Station Wagon/Sport Utility Vehicle,NISS -CAR/SUV,2013.0,2.0,M,Licensed,Going Straight Ahead,Left Front Bumper,Left Front Bumper,Center Front End,Left Front Quarter Panel,,N,,Unsafe Speed,Unspecified,,,"(40.662174, -73.953705)",0.0,0.0,0,0,0,0,0,0,Station Wagon/Sport Utility Vehicle,Station Wagon/Sport Utility Vehicle,0
18779763,3994289,10/04/2018,17:15,70fc77d0-7b66-426c-981a-1b6e2379d77b,Sedan,CHEV -CAR/SUV,2008.0,1.0,M,Licensed,Changing Lanes,Right Front Quarter Panel,Right Front Bumper,,,,N,,Passing or Lane Usage Improper,Unspecified,,,"(40.66626, -73.99596)",0.0,0.0,0,0,0,0,0,0,Taxi,Sedan,0
18804651,4027357,11/15/2018,18:50,addaca55-fcaa-4a23-a407-45fe97972197,Station Wagon/Sport Utility Vehicle,JEEP -CAR/SUV,2017.0,1.0,F,Licensed,Going Straight Ahead,Left Front Bumper,Left Front Bumper,,,,N,,Pavement Slippery,Unspecified,BROOKLYN,11230.0,"(40.615894, -73.964516)",1.0,0.0,0,0,0,0,1,0,Station Wagon/Sport Utility Vehicle,Station Wagon/Sport Utility Vehicle,1
17785492,3867922,03/23/2018,10:45,526b46b8-c5e4-41f0-b91a-d813953c2201,Sedan,HOND -CAR/SUV,2017.0,1.0,M,Licensed,Going Straight Ahead,Left Front Bumper,Left Front Bumper,,,,N,,Unspecified,Unspecified,,,"(40.618362, -74.148575)",0.0,0.0,0,0,0,0,0,0,Sedan,Sedan,0
17778249,3884210,04/19/2018,23:20,e10b5b2b-9a70-44a4-9ab3-9e083bb2c554,Station Wagon/Sport Utility Vehicle,LNDR -CAR/SUV,2015.0,2.0,M,Licensed,Going Straight Ahead,Left Front Quarter Panel,Left Side Doors,Left Front Quarter Panel,No Damage,No Damage,N,,Unspecified,Unspecified,MANHATTAN,10003.0,"(40.735348, -73.98992)",0.0,0.0,0,0,0,0,0,0,Station Wagon/Sport Utility Vehicle,Bus,0
17792281,3875915,03/31/2018,01:00,39677011-bb00-4488-9ce1-6a0e77e20935,Sedan,TOYT -CAR/SUV,2017.0,0.0,,,Parked,Right Rear Bumper,Right Rear Bumper,Center Back End,Left Rear Bumper,,Unspecified,,Unspecified,Unspecified,BROOKLYN,11229.0,"(40.61082, -73.9548)",0.0,0.0,0,0,0,0,0,0,Sedan,Station Wagon/Sport Utility Vehicle,0
18725886,3976537,09/08/2018,21:00,16934843-24c9-4311-b68d-0e1789f6ffb9,Moped,LONGJIA,2016.0,1.0,M,Licensed,Going Straight Ahead,Center Front End,Center Front End,Left Front Bumper,Right Front Bumper,,N,,Passing or Lane Usage Improper,Failure to Yield Right-of-Way,,,"(40.7197, -73.855835)",1.0,0.0,0,0,0,0,1,0,Sedan,Moped,1
18845326,4015540,11/06/2018,15:00,f3853e63-1574-405c-8789-9bd1ac94af88,Station Wagon/Sport Utility Vehicle,FORD -CAR/SUV,2018.0,1.0,M,Unlicensed,Going Straight Ahead,Left Rear Bumper,Left Rear Bumper,,,,N,,Driver Inattention/Distraction,Unspecified,,,,0.0,0.0,0,0,0,0,0,0,Station Wagon/Sport Utility Vehicle,Station Wagon/Sport Utility Vehicle,0
17741958,3858156,03/02/2018,12:00,7e86b0b7-ee88-4e88-9428-900c373da431,Station Wagon/Sport Utility Vehicle,MERZ -CAR/SUV,2002.0,1.0,F,Licensed,Going Straight Ahead,Left Front Bumper,Center Front End,Right Front Bumper,,,Unspecified,,Traffic Control Disregarded,Unspecified,BROOKLYN,11234.0,"(40.617065, -73.9157)",0.0,0.0,0,0,0,0,0,0,Station Wagon/Sport Utility Vehicle,Sedan,0
18714779,3956549,08/07/2018,20:50,e5ef547c-41ef-4890-9a32-386b53cf577b,Sedan,NISS -CAR/SUV,2018.0,2.0,F,,Passing,Right Front Bumper,Right Front Bumper,Center Front End,Left Front Bumper,,Unspecified,,Passing or Lane Usage Improper,Unspecified,MANHATTAN,10018.0,"(40.75066, -73.987785)",0.0,0.0,0,0,0,0,0,0,Dump,Sedan,0
18622114,3911518,05/29/2018,10:00,3ca7af27-0421-4c01-9cfc-03a3ab7a9e2f,Station Wagon/Sport Utility Vehicle,HOND -CAR/SUV,2018.0,1.0,M,Licensed,Backing,Center Back End,Center Back End,,,,N,,Backing Unsafely,Unspecified,,,,0.0,0.0,0,0,0,0,0,0,Station Wagon/Sport Utility Vehicle,Station Wagon/Sport Utility Vehicle,0
18666211,3952014,07/30/2018,13:40,54dd0820-d49e-45fe-ba7e-4a43b87a1db2,Station Wagon/Sport Utility Vehicle,HIN TRUCK,2013.0,0.0,M,Licensed,Going Straight Ahead,Right Rear Quarter Panel,No Damage,No Damage,No Damage,No Damage,N,,Backing Unsafely,Passing Too Closely,STATEN ISLAND,10301.0,"(40.641598, -74.08505)",0.0,0.0,0,0,0,0,0,0,Sedan,Station Wagon/Sport Utility Vehicle,0
18736228,4028755,11/17/2018,12:00,3307d0a6-3c84-416e-b2da-24c52f4bd082,Sedan,AUDI -CAR/SUV,2011.0,1.0,M,Licensed,Parked,Right Rear Bumper,Other,No Damage,No Damage,No Damage,Unspecified,,Outside Car Distraction,Unspecified,,,"(40.73652, -73.99073)",0.0,0.0,0,0,0,0,0,0,Sedan,,0
17732679,3852575,02/25/2018,20:20,7413d4ac-6b50-4588-beb4-1af6f738c128,Station Wagon/Sport Utility Vehicle,HOND -CAR/SUV,2007.0,1.0,M,Licensed,Going Straight Ahead,Left Front Bumper,Center Front End,Right Front Bumper,No Damage,No Damage,N,,Following Too Closely,Unspecified,BRONX,10460.0,"(40.840446, -73.86692)",0.0,0.0,0,0,0,0,0,0,Sedan,Station Wagon/Sport Utility Vehicle,0
17740020,3851584,02/21/2018,12:30,4375d602-6d90-498b-97e2-89ac6c0d92e5,Sedan,DODG -CAR/SUV,2017.0,1.0,M,Licensed,Going Straight Ahead,Right Rear Bumper,Left Rear Bumper,Center Back End,,,N,,Unspecified,Unspecified,QUEENS,11423.0,"(40.708935, -73.77721)",0.0,0.0,0,0,0,0,0,0,Sedan,Sedan,0
17840171,3893851,05/04/2018,12:00,61651944-53af-4b88-bb8f-fef807a9102c,Station Wagon/Sport Utility Vehicle,ACUR -CAR/SUV,2006.0,1.0,M,Licensed,Starting from Parking,Center Front End,Center Front End,,,,N,,Passing or Lane Usage Improper,Driver Inattention/Distraction,,,"(40.76532, -73.771904)",0.0,0.0,0,0,0,0,0,0,Station Wagon/Sport Utility Vehicle,Station Wagon/Sport Utility Vehicle,0
18794544,4009094,10/28/2018,14:10,10536fa6-d4d9-4c87-b1ee-dde9b46d6d99,Station Wagon/Sport Utility Vehicle,FORD -CAR/SUV,2014.0,2.0,M,Licensed,Going Straight Ahead,Right Front Quarter Panel,Right Front Quarter Panel,,,,N,,Unspecified,Unspecified,BROOKLYN,11230.0,"(40.61837, -73.95684)",0.0,0.0,0,0,0,0,0,0,Station Wagon/Sport Utility Vehicle,Sedan,0
18819497,4053345,12/27/2018,16:30,78c2e792-3b23-41eb-accb-3f555df78f8b,Sedan,VOLK -CAR/SUV,2003.0,1.0,F,Licensed,Going Straight Ahead,Right Rear Bumper,Center Back End,Center Back End,Left Rear Bumper,No Damage,N,,Unspecified,Unspecified,,,"(40.594616, -73.99743)",0.0,0.0,0,0,0,0,0,0,Sedan,Sedan,0
18782203,3970557,08/29/2018,15:09,345b1f2f-b148-4e5f-81f9-211a2760bab2,Sedan,NISS -CAR/SUV,2016.0,2.0,M,Licensed,Stopped in Traffic,Center Back End,Right Rear Bumper,Left Rear Bumper,Center Back End,Left Rear Bumper,N,,Unspecified,Unspecified,MANHATTAN,10019.0,,0.0,0.0,0,0,0,0,0,0,Sedan,Sedan,0
18752660,4026204,08/02/2018,15:10,4754cbbc-1139-4a30-b4e0-fd28ff120c45,Station Wagon/Sport Utility Vehicle,HOND -CAR/SUV,2005.0,2.0,M,Licensed,Going Straight Ahead,Center Front End,Center Front End,Left Front Bumper,Right Front Bumper,,N,,Driver Inattention/Distraction,Unspecified,QUEENS,11208.0,"(40.68319, -73.8663)",0.0,0.0,0,0,0,0,0,0,Station Wagon/Sport Utility Vehicle,Pick-up Truck,0
17676694,3822480,01/03/2018,22:29,7f92b223-e1d8-47a8-8ad8-bfee64c12f1c,Station Wagon/Sport Utility Vehicle,TOYT -CAR/SUV,2016.0,,,,Going Straight Ahead,Center Front End,,,,,N,,Following Too Closely,Driver Inattention/Distraction,,,"(40.796738, -73.92925)",1.0,0.0,0,0,0,0,1,0,Station Wagon/Sport Utility Vehicle,Station Wagon/Sport Utility Vehicle,1
17787315,3873464,04/01/2018,21:20,04b846a6-1036-4d01-b01c-05b59a239546,Taxi,TOYT -CAR/SUV,2014.0,1.0,M,Licensed,Going Straight Ahead,Left Front Bumper,Left Front Bumper,No Damage,No Damage,No Damage,N,,Driver Inattention/Distraction,Unspecified,,,"(40.744778, -73.97589)",0.0,0.0,0,0,0,0,0,0,Station Wagon/Sport Utility Vehicle,Taxi,0
18871889,3984838,09/20/2018,09:28,4f6eecb9-0b06-4055-b0aa-b319ff9259bb,Sedan,HOND -CAR/SUV,2016.0,1.0,F,Licensed,Going Straight Ahead,Right Front Quarter Panel,Right Front Quarter Panel,,,,N,,Unspecified,Unspecified,BROOKLYN,11207.0,"(40.666256, -73.900215)",0.0,0.0,0,0,0,0,0,0,Sedan,,0
18817328,3997828,10/10/2018,18:15,4a4a1dfe-4d28-401a-9825-c7c9bafb4413,Station Wagon/Sport Utility Vehicle,CHEV -CAR/SUV,2007.0,1.0,M,Licensed,Going Straight Ahead,Center Front End,No Damage,No Damage,No Damage,No Damage,N,,Following Too Closely,Unspecified,,,"(40.69407, -73.82802)",0.0,0.0,0,0,0,0,0,0,Station Wagon/Sport Utility Vehicle,Sedan,0
17678665,3821910,01/03/2018,16:00,09fa9fe4-2411-4e62-9e15-a2147c9e90c9,Sedan,HOND -CAR/SUV,2003.0,1.0,F,Licensed,Going Straight Ahead,Right Rear Quarter Panel,Right Rear Quarter Panel,Right Rear Bumper,Center Back End,Left Rear Bumper,N,,Traffic Control Disregarded,Unspecified,,,"(40.608913, -74.15308)",0.0,0.0,0,0,0,0,0,0,Sedan,Station Wagon/Sport Utility Vehicle,0
17819166,3878426,04/11/2018,00:30,fc8a9d24-e8ee-4f7b-a3de-3ac9628a0b00,Station Wagon/Sport Utility Vehicle,NISS -CAR/SUV,2009.0,0.0,,,Parked,Right Front Quarter Panel,Right Front Quarter Panel,,,,Unspecified,,Unspecified,Unspecified,QUEENS,11419.0,"(40.685772, -73.81819)",0.0,0.0,0,0,0,0,0,0,Sedan,Station Wagon/Sport Utility Vehicle,0
18711079,3983988,09/18/2018,16:31,36b902ac-8714-4b7b-8e64-c5c7445dd5f9,Sedan,HOND -CAR/SUV,2014.0,3.0,M,Licensed,Going Straight Ahead,Center Back End,Center Back End,,,,N,,Unspecified,Unspecified,BRONX,10468.0,"(40.86033, -73.898285)",1.0,0.0,0,0,0,0,1,0,Sedan,Station Wagon/Sport Utility Vehicle,1
18740015,3945562,07/20/2018,20:10,1d6da07d-5ff5-4c8e-9dd2-9559527f3f31,Sedan,TOYT -CAR/SUV,2018.0,1.0,M,Licensed,Going Straight Ahead,Right Front Quarter Panel,Right Front Quarter Panel,,,,N,,Driver Inattention/Distraction,Unspecified,MANHATTAN,10019.0,"(40.763023, -73.97815)",0.0,0.0,0,0,0,0,0,0,Sedan,Sedan,0
18636069,3925880,06/21/2018,02:50,58e58296-266a-4ff9-944a-7c11f59e7801,Station Wagon/Sport Utility Vehicle,TOYT -CAR/SUV,2013.0,1.0,M,Licensed,Going Straight Ahead,Right Rear Bumper,Right Rear Bumper,,,,N,,Pavement Slippery,Unspecified,BRONX,10458.0,"(40.861828, -73.89286)",0.0,0.0,0,0,0,0,0,0,Sedan,Sedan,0
17703156,3849096,02/19/2018,09:50,bd157ed9-71aa-47ba-8826-b9ba9bc6d5d6,Station Wagon/Sport Utility Vehicle,TOYT -CAR/SUV,2015.0,1.0,M,Licensed,Going Straight Ahead,Right Front Bumper,Right Front Quarter Panel,Center Front End,Left Front Bumper,,N,,Unspecified,Unspecified,,,"(40.695965, -73.96642)",0.0,0.0,0,0,0,0,0,0,Station Wagon/Sport Utility Vehicle,Van,0
18615478,3907651,05/25/2018,16:25,5214521f-6bcd-48b9-bbeb-653cf8ea1026,Station Wagon/Sport Utility Vehicle,SMRT -CAR/SUV,2016.0,1.0,M,Licensed,Going Straight Ahead,Right Front Bumper,Right Front Quarter Panel,Left Front Bumper,,,N,,Unspecified,Unspecified,,,"(40.849922, -73.905624)",0.0,0.0,0,0,0,0,0,0,Station Wagon/Sport Utility Vehicle,Sedan,0
17685620,3822929,01/05/2018,17:45,79afec22-b962-479a-9440-fd43400f6bba,Sedan,STRN -CAR/SUV,2002.0,1.0,M,Licensed,Going Straight Ahead,Right Front Bumper,Right Front Bumper,Center Front End,Right Front Quarter Panel,,N,,Pavement Slippery,Unspecified,,,"(40.661777, -73.85069)",0.0,0.0,0,0,0,0,0,0,Sedan,Station Wagon/Sport Utility Vehicle,0
18662972,3945856,07/19/2018,10:55,21c06b9b-9e46-4d14-903b-7061fba63a3e,Sedan,SUBA -CAR/SUV,2014.0,1.0,M,Licensed,Going Straight Ahead,Right Front Bumper,Right Front Bumper,,,,N,,Unsafe Lane Changing,Unspecified,MANHATTAN,10001.0,"(40.750828, -74.00189)",0.0,0.0,0,0,0,0,0,0,Bus,Sedan,0
18741087,3941648,07/15/2018,15:45,25d51b3a-4f10-42b8-b799-7491113dcb9b,Station Wagon/Sport Utility Vehicle,BMW -CAR/SUV,2012.0,2.0,M,Licensed,Starting in Traffic,Center Front End,Center Front End,,,,N,,Driver Inattention/Distraction,Following Too Closely,QUEENS,11434.0,"(40.67824, -73.7711)",0.0,0.0,0,0,0,0,0,0,Station Wagon/Sport Utility Vehicle,Station Wagon/Sport Utility Vehicle,0
18716458,4015117,11/05/2018,16:35,b5657218-25d1-44c1-b950-bb500a2b9342,Sedan,ACUR -CAR/SUV,2005.0,2.0,M,Licensed,Making U Turn,Left Rear Quarter Panel,Left Rear Quarter Panel,No Damage,No Damage,No Damage,N,,Driver Inattention/Distraction,Turning Improperly,BROOKLYN,11216.0,"(40.682083, -73.94752)",0.0,0.0,0,0,0,0,0,0,Sedan,Station Wagon/Sport Utility Vehicle,0