UNIQUE_ID,COLLISION_ID,CRASH_DATE,CRASH_TIME,VEHICLE_ID,VEHICLE_TYPE,VEHICLE_MAKE,VEHICLE_YEAR,VEHICLE_OCCUPANTS,DRIVER_SEX,DRIVER_LICENSE_STATUS,PRE_CRASH,POINT_OF_IMPACT,VEHICLE_DAMAGE,VEHICLE_DAMAGE_1,VEHICLE_DAMAGE_2,VEHICLE_DAMAGE_3,PUBLIC_PROPERTY_DAMAGE,PUBLIC_PROPERTY_DAMAGE_TYPE,CONTRIBUTING_FACTOR_1,CONTRIBUTING_FACTOR_2,BOROUGH,ZIP CODE,LOCATION,NUMBER OF PERSONS INJURED,NUMBER OF PERSONS KILLED,NUMBER OF PEDESTRIANS INJURED,NUMBER OF PEDESTRIANS KILLED,NUMBER OF CYCLIST INJURED,NUMBER OF CYCLIST KILLED,NUMBER OF MOTORIST INJURED,NUMBER OF MOTORIST KILLED,VEHICLE TYPE CODE 1,VEHICLE TYPE CODE 2,Severity
18628081,3985350,09/21/2018,14:30,d31e7a36-a20d-4cf7-9d6f-ccde16266237,Pick-up Truck,INTL -CAR/SUV,2002.0,1.0,M,Licensed,Starting from Parking,Left Front Quarter Panel,Left Front Quarter Panel,Left Side Doors,Left Front Bumper,,N,,View Obstructed/Limited,Unspecified,,,"(40.696186, -73.97247)",0.0,0.0,0,0,0,0,0,0,Pick-up Truck,Sedan,0
18311409,3846661,02/16/2018,02:15,5ae821f4-c894-4b67-9740-491b5bea31b0,Sedan,FORD -CAR/SUV,2015.0,1.0,M,Licensed,Going Straight Ahead,Center Front End,Center Front End,Left Front Bumper,Right Front Bumper,Right Front Quarter Panel,N,,Other Vehicular,Other Vehicular,BROOKLYN,11237.0,"(40.694557, -73.906555)",0.0,0.0,0,0,0,0,0,0,Sedan,Bus,0
17700267,3838747,01/27/2018,21:00,df658faa-2aa0-4041-8733-76e64e7d36f5,Station Wagon/Sport Utility Vehicle,HOND -CAR/SUV,2013.0,5.0,M,Licensed,Going Straight Ahead,Left Front Quarter Panel,Left Front Bumper,Center Front End,Left Side Doors,,N,,Unspecified,Unspecified,BROOKLYN,11235.0,"(40.578312, -73.96808)",1.0,0.0,1,0,0,0,0,0,Station Wagon/Sport Utility Vehicle,,1
18812309,4032713,11/25/2018,12:42,7e9b365a-3cfd-4a29-ba0b-2e0182b41215,Station Wagon/Sport Utility Vehicle,LNDR -CAR/SUV,2009.0,0.0,,,Parked,Left Side Doors,Left Side Doors,Left Rear Quarter Panel,Left Front Quarter Panel,,N,,Unspecified,Other Vehicular,BROOKLYN,11229.0,"(40.594105, -73.926544)",0.0,0.0,0,0,0,0,0,0,Bus,Station Wagon/Sport Utility Vehicle,0
17675987,3829223,01/02/2018,20:15,e2e2244e-0078-4549-b693-7325069f4d60,Station Wagon/Sport Utility Vehicle,DODG -CAR/SUV,2010.0,1.0,M,Licensed,Going Straight Ahead,Left Rear Quarter Panel,Left Rear Bumper,,,,N,,Unspecified,Unspecified,BROOKLYN,11213.0,"(40.670887, -73.93649)",0.0,0.0,0,0,0,0,0,0,Station Wagon/Sport Utility Vehicle,Sedan,0
17824512,3883655,04/18/2018,16:15,e8afd792-ead3-4dcc-8001-101df1b21896,Sedan,MERC -CAR/SUV,1999.0,1.0,M,Licensed,Going Straight Ahead,Right Front Quarter Panel,Right Front Quarter Panel,Right Side Doors,,,N,,Unspecified,Unspecified,QUEENS,11361.0,"(40.761246, -73.76986)",0.0,0.0,0,0,0,0,0,0,Sedan,Sedan,0
18888776,4042109,12/10/2018,19:45,0946078d-94dc-419e-b95d-cb583f9b9869,Station Wagon/Sport Utility Vehicle,FORD -CAR/SUV,2014.0,1.0,M,Licensed,Going Straight Ahead,Right Rear Quarter Panel,No Damage,,,,N,,Unspecified,Unspecified,,,"(40.665794, -73.7464)",0.0,0.0,0,0,0,0,0,0,Station Wagon/Sport Utility Vehicle,Station Wagon/Sport Utility Vehicle,0
18833596,4054904,12/30/2018,15:55,8485c111-d89f-4291-a29d-28c26899d23b,Sedan,MERC -CAR/SUV,2001.0,1.0,M,Licensed,Starting from Parking,Left Front Bumper,Left Front Bumper,Left Front Quarter Panel,No Damage,No Damage,N,,Driver Inattention/Distraction,Failure to Yield Right-of-Way,MANHATTAN,10018.0,"(40.75271, -73.99074)",0.0,0.0,0,0,0,0,0,0,Station Wagon/Sport Utility Vehicle,Sedan,0
18689962,3935476,07/03/2018,22:00,2aa5ed49-86ed-48ef-8bb2-7de5f341e306,Sedan,LINC -CAR/SUV,2010.0,1.0,M,Licensed,Merging,Center Back End,Center Back End,No Damage,No Damage,No Damage,N,,Unspecified,Unspecified,,,"(40.766617, -73.89253)",1.0,0.0,0,0,0,0,1,0,Sedan,Sedan,1
18763535,3960716,08/13/2018,11:00,66303a0c-747c-449e-a2f1-d3a046a152c1,Sedan,HOND -CAR/SUV,2018.0,3.0,M,Licensed,Going Straight Ahead,Left Rear Quarter Panel,Left Rear Quarter Panel,,,,N,,Traffic Control Disregarded,Unspecified,BRONX,10462.0,"(40.833473, -73.84509)",0.0,0.0,0,0,0,0,0,0,Sedan,Sedan,0
17761897,3853298,02/27/2018,09:00,5667b403-3b40-4b2a-a316-d2e016998ab2,Bus,INTL-TRUCK/BUS,2012.0,1.0,M,Licensed,Making Right Turn,Right Rear Quarter Panel,Right Rear Quarter Panel,,,,N,,Driver Inattention/Distraction,Unspecified,,,"(40.6952, -73.8493)",0.0,0.0,0,0,0,0,0,0,Bus,Station Wagon/Sport Utility Vehicle,0
18779177,3978891,08/30/2018,17:45,d4204749-55f3-4ad7-9c4e-67db25b12385,Station Wagon/Sport Utility Vehicle,JEEP -CAR/SUV,2001.0,0.0,M,Licensed,Making Right Turn,Right Front Bumper,Right Front Bumper,,,,N,,Unspecified,Unspecified,,,,1.0,0.0,1,0,0,0,0,0,Station Wagon/Sport Utility Vehicle,,1
17723619,3873335,03/30/2018,16:32,a84ddbe7-1a96-40b6-8c6f-f11891b24878,Station Wagon/Sport Utility Vehicle,JEEP -CAR/SUV,2013.0,1.0,M,Licensed,Backing,Left Front Bumper,Left Front Bumper,No Damage,No Damage,No Damage,N,,Backing Unsafely,Backing Unsafely,,,"(40.73684, -74.00372)",0.0,0.0,0,0,0,0,0,0,Station Wagon/Sport Utility Vehicle,Station Wagon/Sport Utility Vehicle,0
18867964,4055614,12/31/2018,20:08,abd49d3c-c1e8-4267-90d3-814d89aa7296,Sedan,BMW -CAR/SUV,2007.0,1.0,M,Licensed,Going Straight Ahead,Center Front End,Left Front Quarter Panel,,,,N,,Driver Inattention/Distraction,Driver Inattention/Distraction,,,"(40.673477, -73.791504)",0.0,0.0,0,0,0,0,0,0,Station Wagon/Sport Utility Vehicle,Sedan,0
18724929,4014174,11/04/2018,21:20,b4ab0568-2f01-4d7b-abe9-013e91f78e38,Station Wagon/Sport Utility Vehicle,CHEV -CAR/SUV,2019.0,1.0,,,Changing Lanes,Right Front Bumper,Right Front Bumper,,,,N,,Unsafe Lane Changing,Passing Too Closely,MANHATTAN,10010.0,"(40.74147, -73.99384)",0.0,0.0,0,0,0,0,0,0,Sedan,Station Wagon/Sport Utility Vehicle,0
17692308,3828435,01/12/2018,14:45,78652b4d-d7eb-47f3-9c01-a64bbececffc,Pick-up Truck,peterbuild,1998.0,1.0,M,Licensed,Making Right Turn,No Damage,No Damage,No Damage,No Damage,No Damage,N,,Passing Too Closely,Unspecified,BROOKLYN,11236.0,"(40.64906, -73.91326)",0.0,0.0,0,0,0,0,0,0,Sedan,Pick-up Truck,0
18798349,3908954,05/26/2018,03:00,79749689-f865-4259-a0d0-d489a92f8b71,Sedan,NISS -CAR/SUV,2008.0,0.0,M,Licensed,Going Straight Ahead,Demolished,Left Side Doors,,,,Y,,Aggressive Driving/Road Rage,Unsafe Speed,QUEENS,11355.0,"(40.74614, -73.81417)",1.0,0.0,0,0,0,0,1,0,Sedan,,1
18816748,4033671,11/27/2018,09:35,e067dce3-6d9d-4879-8bd2-972001ef03c4,Sedan,ACUR -CAR/SUV,2018.0,,,,Backing,Right Rear Bumper,Right Rear Bumper,Right Rear Quarter Panel,No Damage,No Damage,N,,Driver Inexperience,Backing Unsafely,BRONX,10452.0,"(40.831333, -73.92167)",0.0,0.0,0,0,0,0,0,0,Station Wagon/Sport Utility Vehicle,Sedan,0
17808389,3875814,04/05/2018,10:00,2ade9eb1-502c-4c6f-8f95-7432fe2a3355,Taxi,TOYT -CAR/SUV,2012.0,1.0,M,Licensed,Starting from Parking,Left Front Quarter Panel,Left Side Doors,Left Side Doors,Left Rear Quarter Panel,No Damage,N,,Failure to Yield Right-of-Way,Unspecified,,,"(40.70224, -73.81965)",0.0,0.0,0,0,0,0,0,0,Taxi,Sedan,0
18749515,3975726,09/06/2018,13:49,423a0ed2-75f9-4abc-ad18-7c82a3f323f5,Sedan,HOND -CAR/SUV,2018.0,1.0,F,Licensed,Going Straight Ahead,Left Front Bumper,Center Front End,,,,N,,Following Too Closely,Unspecified,BROOKLYN,11218.0,"(40.638615, -73.98482)",0.0,0.0,0,0,0,0,0,0,Sedan,Sedan,0
19619007,3911051,05/21/2018,00:00,042a470c-4ffc-491b-bc38-2774522cd96e,Sedan,SUBA -CAR/SUV,2008.0,1.0,F,Licensed,Going Straight Ahead,Center Back End,Center Back End,No Damage,No Damage,No Damage,N,,Unspecified,Unspecified,,,,0.0,0.0,0,0,0,0,0,0,Station Wagon/Sport Utility Vehicle,Sedan,0
18624045,3991393,09/29/2018,01:40,a72d5da0-447e-4097-9224-629e9934e4c3,Sedan,NISS -CAR/SUV,2016.0,1.0,M,Licensed,Going Straight Ahead,Right Side Doors,Right Front Quarter Panel,Right Side Doors,Right Rear Quarter Panel,,N,,Failure to Yield Right-of-Way,Unsafe Lane Changing,,,"(40.794243, -73.931145)",0.0,0.0,0,0,0,0,0,0,Sedan,Sedan,0
18828143,4028756,11/19/2018,00:30,361fa1af-7018-42e7-af0c-1384935f8497,Station Wagon/Sport Utility Vehicle,TOYT -CAR/SUV,2015.0,0.0,M,Licensed,Parked,Left Front Bumper,Left Front Bumper,No Damage,No Damage,No Damage,N,,Unspecified,Unspecified,BROOKLYN,11205.0,"(40.698765, -73.95837)",0.0,0.0,0,0,0,0,0,0,Station Wagon/Sport Utility Vehicle,Station Wagon/Sport Utility Vehicle,0
18789857,4002602,10/17/2018,21:00,91974717-630e-4322-954f-dc3e918700d2,Station Wagon/Sport Utility Vehicle,TOYT -CAR/SUV,2018.0,0.0,,,Parked,Left Rear Bumper,Left Rear Bumper,Left Rear Quarter Panel,,,N,,Unspecified,Unspecified,,,"(40.66079, -73.99401)",0.0,0.0,0,0,0,0,0,0,Station Wagon/Sport Utility Vehicle,,0
18666046,3929635,06/25/2018,19:30,96fd5d0b-eee5-4db9-92e4-260c625d2933,Sedan,TOYT -CAR/SUV,2015.0,1.0,F,Licensed,Going Straight Ahead,Center Front End,Center Front End,Other,,,N,,Driver Inattention/Distraction,Following Too Closely,BROOKLYN,11219.0,"(40.63115, -74.00846)",0.0,0.0,0,0,0,0,0,0,Station Wagon/Sport Utility Vehicle,Sedan,0
17742854,3834904,01/25/2018,11:45,9e7347bf-5a57-41dc-a6f6-42c7bd2591ab,Tractor Truck Diesel,FRHT-TRUCK/BUS,2008.0,0.0,,,Parked,Left Rear Bumper,No Damage,,,,N,,Unspecified,Unspecified,,,"(40.76136, -73.83381)",0.0,0.0,0,0,0,0,0,0,Station Wagon/Sport Utility Vehicle,Tractor Truck Diesel,0
17791906,3894631,05/06/2018,18:10,fefe45ed-358f-461a-9166-14d5a7f48f7b,Station Wagon/Sport Utility Vehicle,NISS -CAR/SUV,2018.0,1.0,M,Licensed,Going Straight Ahead,Right Front Quarter Panel,Right Side Doors,Right Rear Quarter Panel,,,N,,View Obstructed/Limited,Unspecified,MANHATTAN,10038.0,,0.0,0.0,0,0,0,0,0,0,Station Wagon/Sport Utility Vehicle,,0
17730112,3869302,03/25/2018,14:24,9ab9f313-fa9a-41b9-a432-51699045fa80,Sedan,HOND -CAR/SUV,2009.0,2.0,M,Licensed,Going Straight Ahead,Right Front Bumper,Right Front Quarter Panel,Right Front Quarter Panel,,,N,,Unspecified,Unspecified,,,"(40.68473, -74.00102)",0.0,0.0,0,0,0,0,0,0,Station Wagon/Sport Utility Vehicle,Sedan,0
18664341,3947784,07/20/2018,19:20,74db180b-b008-4977-abb5-839f890752b4,Taxi,TOYT -CAR/SUV,2017.0,1.0,M,Licensed,Changing Lanes,Left Rear Quarter Panel,Left Rear Quarter Panel,Left Side Doors,,,N,,Unsafe Lane Changing,Passing Too Closely,MANHATTAN,10011.0,"(40.744015, -74.00851)",0.0,0.0,0,0,0,0,0,0,Box Truck,Taxi,0
18610373,3915721,05/29/2018,12:20,160bab42-d49b-42bb-a418-6903e171a6f2,Sedan,TOYT -CAR/SUV,2007.0,1.0,M,Licensed,Going Straight Ahead,Center Back End,Center Back End,No Damage,No Damage,No Damage,N,,Unspecified,Unspecified,MANHATTAN,10010.0,"(40.73902, -73.987236)",1.0,0.0,0,0,0,0,1,0,Sedan,Taxi,1
17886965,3904952,05/21/2018,18:30,783e5de5-327d-4293-b21a-76725db8dcc5,Station Wagon/Sport Utility Vehicle,JEEP -CAR/SUV,2004.0,1.0,M,Licensed,Going Straight Ahead,Right Front Bumper,Right Front Bumper,Center Front End,Left Front Bumper,,N,,Driver Inattention/Distraction,Unspecified,,,"(40.64254, -73.87652)",6.0,0.0,0,0,0,0,6,0,Station Wagon/Sport Utility Vehicle,Station Wagon/Sport Utility Vehicle,1
18677711,3909904,05/28/2018,12:00,2f2ab091-3fee-4eb7-803e-9fe5529aaec3,Sedan,FORD -CAR/SUV,2010.0,1.0,M,Licensed,Making U Turn,Center Front End,Center Front End,Left Front Bumper,Right Front Bumper,,N,,Driver Inattention/Distraction,Unspecified,QUEENS,11361.0,"(40.754704, -73.78166)",0.0,0.0,0,0,0,0,0,0,Station Wagon/Sport Utility Vehicle,Sedan,0
18796373,4009357,10/27/2018,05:00,ea9a5059-b83c-4689-988e-e098f25574e5,Sedan,TOYT -CAR/SUV,2017.0,1.0,M,Licensed,Going Straight Ahead,Left Side Doors,No Damage,No Damage,No Damage,No Damage,N,,Unspecified,Unspecified,BROOKLYN,11232.0,"(40.66327, -73.9951)",0.0,0.0,0,0,0,0,0,0,Sedan,Motorcycle,0
18641758,3919515,06/12/2018,19:30,344d8584-24ff-4308-ad2c-2eb90a58fb20,Sedan,HOND -CAR/SUV,2016.0,1.0,F,Licensed,Starting in Traffic,Left Rear Bumper,Left Rear Bumper,No Damage,No Damage,No Damage,N,,Unspecified,Unspecified,,,"(40.717014, -73.82971)",0.0,0.0,0,0,0,0,0,0,Sedan,Sedan,0
18692800,3952678,08/01/2018,00:59,229ecb36-0223-4fe3-8717-643766ddac37,Station Wagon/Sport Utility Vehicle,TOYT -CAR/SUV,2015.0,3.0,M,Licensed,Going Straight Ahead,Left Rear Bumper,Left Rear Bumper,Center Back End,No Damage,No Damage,N,,Unspecified,Unspecified,BROOKLYN,11219.0,"(40.624348, -73.99881)",2.0,0.0,0,0,0,0,2,0,Station Wagon/Sport Utility Vehicle,Station Wagon/Sport Utility Vehicle,1
18820185,3993644,10/04/2018,18:50,1b3ff126-ed4e-4f27-8baf-e2de077e303a,Sedan,TOYT -CAR/SUV,2014.0,2.0,M,Licensed,Going Straight Ahead,Left Front Bumper,Left Front Bumper,Center Front End,Right Front Bumper,Left Rear Quarter Panel,N,,Unspecified,Unspecified,QUEENS,11365.0,"(40.745667, -73.792496)",0.0,0.0,0,0,0,0,0,0,Sedan,Station Wagon/Sport Utility Vehicle,0
18869784,4020326,11/13/2018,20:00,4568560b-5b2f-4be0-9a58-ce3cdcd01f6e,Station Wagon/Sport Utility Vehicle,TOYT -CAR/SUV,2014.0,1.0,M,Licensed,Going Straight Ahead,Right Rear Quarter Panel,Right Rear Quarter Panel,,,,N,,Passing or Lane Usage Improper,Aggressive Driving/Road Rage,QUEENS,11103.0,"(40.76753, -73.912056)",0.0,0.0,0,0,0,0,0,0,Sedan,Station Wagon/Sport Utility Vehicle,0
18765653,3955356,08/03/2018,17:45,187b3405-7f28-40e3-bf83-a78c062a6dd6,Sedan,BUIC -CAR/SUV,2016.0,1.0,M,Licensed,Other*,Center Front End,Center Front End,Left Front Bumper,Right Front Bumper,No Damage,Unspecified,,Unspecified,Unspecified,QUEENS,11385.0,"(40.70317, -73.87775)",0.0,0.0,0,0,0,0,0,0,Pick-up Truck,Sedan,0
18778006,4001536,10/16/2018,14:42,a734457c-e586-4db3-a650-71bd771bf6c6,Sedan,TOYT -CAR/SUV,2017.0,1.0,M,Licensed,Making Right Turn,Right Front Bumper,Center Front End,Left Front Bumper,,,N,,Accelerator Defective,Turning Improperly,,,,0.0,0.0,0,0,0,0,0,0,Sedan,Sedan,0
18703073,3934836,07/01/2018,23:07,0028b6dc-e42c-4f45-986f-0decbbae9d50,Station Wagon/Sport Utility Vehicle,NISS -CAR/SUV,2017.0,4.0,M,Licensed,Merging,Left Front Bumper,Center Front End,Right Front Bumper,Right Front Quarter Panel,,N,,Passing or Lane Usage Improper,Unspecified,BROOKLYN,11203.0,"(40.64664, -73.9246)",1.0,0.0,0,0,0,0,1,0,Station Wagon/Sport Utility Vehicle,,1
19649476,3983125,09/12/2018,22:00,a4f6f3cf-d59e-49bf-9660-274753169945,Sedan,VOLK -CAR/SUV,2015.0,1.0,F,Licensed,Going Straight Ahead,Center Front End,Center Front End,Left Front Quarter Panel,Left Front Bumper,Right Front Bumper,N,,Driver Inattention/Distraction,Following Too Closely,,,,3.0,0.0,0,0,0,0,3,0,Station Wagon/Sport Utility Vehicle,Pick-up Truck,1
18790254,3960570,08/13/2018,07:30,e66dbc79-311d-406e-aa5a-719959c8ddbf,Station Wagon/Sport Utility Vehicle,FORD -CAR/SUV,2002.0,1.0,M,Licensed,Going Straight Ahead,Right Front Bumper,Right Front Bumper,,,,N,,Alcohol Involvement,Unspecified,QUEENS,11367.0,"(40.72358, -73.82323)",0.0,0.0,0,0,0,0,0,0,Station Wagon/Sport Utility Vehicle,,0
17681948,3823925,01/07/2018,13:00,22178076-623a-4733-98d4-9f918b25ffcc,Sedan,MERZ -CAR/SUV,1997.0,2.0,M,Licensed,Backing,Left Front Bumper,Left Front Bumper,Left Front Bumper,Left Front Bumper,Left Front Bumper,N,,Unspecified,Unspecified,BRONX,10469.0,"(40.864037, -73.83411)",0.0,0.0,0,0,0,0,0,0,Sedan,Sedan,0
18707804,3916637,06/07/2018,17:30,a8f74582-4496-400d-92d5-a99103a8ce41,Station Wagon/Sport Utility Vehicle,FORD -CAR/SUV,2016.0,1.0,M,Licensed,Changing Lanes,Left Front Bumper,No Damage,,,,N,,Following Too Closely,Unspecified,,,"(40.716133, -73.8185)",0.0,0.0,0,0,0,0,0,0,Station Wagon/Sport Utility Vehicle,Station Wagon/Sport Utility Vehicle,0
18792863,4004144,10/20/2018,12:05,14d2c336-1c63-498c-83f9-45c551737ba6,Station Wagon/Sport Utility Vehicle,TOYT -CAR/SUV,2013.0,0.0,F,Licensed,Parked,Left Side Doors,Left Side Doors,Left Rear Quarter Panel,No Damage,No Damage,N,,Unspecified,Unspecified,,,"(40.82111, -73.92749)",0.0,0.0,0,0,0,0,0,0,Tractor Truck Diesel,Station Wagon/Sport Utility Vehicle,0
17676482,3821025,01/02/2018,08:30,54bb8968-78af-4e57-86cb-1cdd8cf95591,Station Wagon/Sport Utility Vehicle,FORD -CAR/SUV,2007.0,0.0,,,Parked,Left Front Quarter Panel,Left Front Quarter Panel,Left Front Bumper,,,N,,Unspecified,Unspecified,QUEENS,11414.0,"(40.65971, -73.83613)",0.0,0.0,0,0,0,0,0,0,Station Wagon/Sport Utility Vehicle,,0
18828450,4037531,12/03/2018,16:20,e5c50933-b451-41c8-9305-d9e1b221edbd,Garbage or Refuse,MACK-TRUCK/BUS,2017.0,1.0,M,Licensed,Going Straight Ahead,Left Rear Quarter Panel,No Damage,,,,N,,Unspecified,Unspecified,BRONX,10465.0,"(40.828125, -73.84105)",0.0,0.0,0,0,0,0,0,0,Garbage or Refuse,Station Wagon/Sport Utility Vehicle,0
18736403,3968592,08/25/2018,11:40,4132a93a-a967-4efd-a83f-d63a4a7fe14e,Station Wagon/Sport Utility Vehicle,TOYT -CAR/SUV,2017.0,2.0,M,Licensed,Going Straight Ahead,Left Side Doors,Left Side Doors,,,,N,,Passing Too Closely,Failure to Yield Right-of-Way,QUEENS,11435.0,"(40.699787, -73.813644)",0.0,0.0,0,0,0,0,0,0,Station Wagon/Sport Utility Vehicle,Station Wagon/Sport Utility Vehicle,0
18666719,3934622,07/04/2018,14:30,a178b8a1-dc91-43be-9759-c2946e3ddf07,Sedan,HOND -CAR/SUV,2016.0,1.0,M,Licensed,Going Straight Ahead,Center Front End,Center Front End,Left Front Bumper,Right Front Bumper,,N,,Driver Inattention/Distraction,Unspecified,,,"(40.605766, -73.99705)",1.0,0.0,0,0,0,0,1,0,Sedan,Station Wagon/Sport Utility Vehicle,1
17815381,3872870,03/31/2018,11:10,8559a141-c55e-4353-98fa-bad8b3683fa9,Tractor Truck Gasoline,INTL-TRUCK/BUS,2000.0,1.0,M,Licensed,Passing,Left Front Quarter Panel,No Damage,,,,N,,Passing Too Closely,Unspecified,QUEENS,11367.0,"(40.728077, -73.81272)",0.0,0.0,0,0,0,0,0,0,Tractor Truck Gasoline,Sedan,0
17761574,3884709,04/13/2018,00:00,d045bb55-cf42-4e58-a50f-05884f79f3cb,Station Wagon/Sport Utility Vehicle,JEEP -CAR/SUV,2017.0,1.0,M,Licensed,Going Straight Ahead,Left Front Bumper,Left Front Bumper,Center Front End,Right Front Bumper,No Damage,N,,Unspecified,Unspecified,,,"(40.905838, -73.8865)",4.0,0.0,0,0,0,0,4,0,Station Wagon/Sport Utility Vehicle,Sedan,1
18695551,3936197,07/06/2018,06:00,c573a34f-342b-4c65-bb8e-afedb8dddfe0,Sedan,SUBA -CAR/SUV,2017.0,1.0,M,Licensed,Going Straight Ahead,Left Rear Quarter Panel,Left Rear Quarter Panel,Left Side Doors,,,N,,Driver Inattention/Distraction,Unspecified,,,"(40.828114, -73.93107)",0.0,0.0,0,0,0,0,0,0,Taxi,Sedan,0
17746571,3851784,02/23/2018,14:00,0cf44e9e-ce89-4080-b477-6c6038439044,Sedan,TOYT -CAR/SUV,2010.0,1.0,M,Licensed,Going Straight Ahead,Left Side Doors,Left Side Doors,Left Rear Quarter Panel,,,N,,Unspecified,Unspecified,BRONX,10454.0,"(40.806885, -73.92358)",0.0,0.0,0,0,0,0,0,0,Station Wagon/Sport Utility Vehicle,Sedan,0
17681894,3829719,01/14/2018,18:00,0f99a35d-8c3d-4e2f-be3a-20e9b7967c60,Sedan,FORD -CAR/SUV,2017.0,2.0,M,Licensed,Going Straight Ahead,Left Side Doors,Left Side Doors,Left Side Doors,Left Side Doors,Left Rear Quarter Panel,N,,Driver Inattention/Distraction,Unspecified,MANHATTAN,10009.0,"(40.7252, -73.98706)",0.0,0.0,0,0,0,0,0,0,Sedan,Taxi,0
18726899,3933536,07/01/2018,14:50,272e40f7-12a4-4a66-a085-21fe89d5a831,Taxi,CHEV -CAR/SUV,2015.0,1.0,M,Licensed,Slowing or Stopping,Center Front End,Center Front End,,,,N,,Driver Inattention/Distraction,Unspecified,BRONX,10467.0,,0.0,0.0,0,0,0,0,0,0,Taxi,Station Wagon/Sport Utility Vehicle,0
17769167,3863806,03/15/2018,08:14,949fba78-d5a9-4793-bf80-1df1768db36c,Station Wagon/Sport Utility Vehicle,LEXS -CAR/SUV,2016.0,3.0,M,Licensed,Making Right Turn,Right Rear Bumper,Right Rear Bumper,,,,N,,Unspecified,Unspecified,BROOKLYN,11220.0,"(40.63396, -74.01476)",0.0,0.0,0,0,0,0,0,0,Station Wagon/Sport Utility Vehicle,Sedan,0
18878384,3981239,09/14/2018,23:02,76b848ed-8f57-4ce8-a861-ace217b14b21,Sedan,TOYT -CAR/SUV,2003.0,2.0,M,Licensed,Going Straight Ahead,Center Front End,Left Front Bumper,Center Front End,Right Front Bumper,,N,,Driver Inattention/Distraction,Following Too Closely,,,"(40.685295, -73.7255)",3.0,0.0,0,0,0,0,3,0,Sedan,Station Wagon/Sport Utility Vehicle,1
18543710,3926543,06/21/2018,10:35,cc4b1fef-cd43-4c58-9557-586b410016cf,Taxi,TOYT -CAR/SUV,2017.0,1.0,M,Licensed,Going Straight Ahead,Left Rear Quarter Panel,Left Rear Quarter Panel,,,,N,,Unsafe Lane Changing,Unspecified,MANHATTAN,10027.0,"(40.80875, -73.959656)",0.0,0.0,0,0,0,0,0,0,Taxi,Taxi,0
18612263,3920200,06/13/2018,05:45,33085e75-6aa3-4dd4-9742-d0544d2d80d0,Sedan,HYUN -CAR/SUV,2017.0,0.0,,,Parked,Center Back End,Center Back End,Right Rear Bumper,Left Rear Bumper,,N,,Unspecified,Unspecified,BRONX,10463.0,"(40.880817, -73.90841)",1.0,0.0,0,0,0,0,1,0,Sedan,Station Wagon/Sport Utility Vehicle,1
17839930,3882864,03/10/2018,10:32,52c08096-0017-40e7-8cf1-5c665660cbc3,Van,FORD-TRUCK/BUS,2017.0,0.0,,,Parked,Left Front Bumper,Left Front Bumper,,,,N,,Unspecified,Unspecified,QUEENS,11101.0,"(40.746117, -73.9449)",0.0,0.0,0,0,0,0,0,0,Box Truck,Van,0
18687159,3935672,06/26/2018,12:30,85d3fa51-c7a9-4dbc-b5be-6fff7093075d,Pick-up Truck,CHEV -CAR/SUV,,1.0,,,Going Straight Ahead,No Damage,No Damage,No Damage,No Damage,No Damage,N,,Driver Inattention/Distraction,Driver Inexperience,BRONX,10475.0,"(40.871864, -73.830376)",1.0,0.0,1,0,0,0,0,0,Pick-up Truck,,1
17737250,3855626,03/01/2018,18:30,0b441182-7e41-46f4-bbdd-89d8d95866d3,Pick-up Truck,MAZD -CAR/SUV,2008.0,1.0,F,Licensed,Parked,Right Front Bumper,Right Front Bumper,Other,Other,Other,N,,Unspecified,Unspecified,,,"(40.862766, -73.843445)",0.0,0.0,0,0,0,0,0,0,Pick-up Truck,Sedan,0
17709952,3838108,01/31/2018,11:11,d1697abf-102a-494c-b525-458319db6b3d,Station Wagon/Sport Utility Vehicle,NISS -CAR/SUV,2014.0,1.0,M,Licensed,Going Straight Ahead,Right Side Doors,Right Side Doors,Right Rear Quarter Panel,Right Rear Bumper,,N,,Unspecified,Unspecified,BRONX,10453.0,"(40.853813, -73.90851)",0.0,0.0,0,0,0,0,0,0,Station Wagon/Sport Utility Vehicle,Station Wagon/Sport Utility Vehicle,0
17807209,3904692,05/19/2018,04:20,bf381840-b16a-415f-8aeb-213d9b1f6994,Sedan,MERZ -CAR/SUV,2004.0,0.0,,,Parked,Center Front End,Right Front Bumper,No Damage,No Damage,No Damage,N,,Unspecified,Unspecified,,,"(40.869602, -73.86144)",0.0,0.0,0,0,0,0,0,0,Station Wagon/Sport Utility Vehicle,Sedan,0
17762038,3852455,02/23/2018,00:00,0d549543-3cc5-43aa-b3a9-41e2b63efc02,Sedan,TOYT -CAR/SUV,2014.0,1.0,F,Licensed,Going Straight Ahead,Left Front Bumper,Left Front Bumper,,,,N,,Unspecified,Unspecified,,,"(40.726227, -73.88941)",0.0,0.0,0,0,0,0,0,0,Sedan,Sedan,0
18784298,3971544,08/31/2018,16:55,59b62046-b84e-4769-aaea-5a8c5be37d0c,Van,FORD-TRUCK/BUS,,1.0,,,Going Straight Ahead,,,,,,N,,Driver Inattention/Distraction,Passing Too Closely,MANHATTAN,10019.0,,0.0,0.0,0,0,0,0,0,0,Station Wagon/Sport Utility Vehicle,Van,0
18786497,4003004,10/18/2018,18:40,ed86807a-f73d-4d21-88f3-e742186acb64,Sedan,NISS -CAR/SUV,2013.0,2.0,F,Licensed,Stopped in Traffic,Center Back End,Center Back End,No Damage,No Damage,No Damage,N,,Unspecified,Unspecified,BROOKLYN,11226.0,"(40.652313, -73.95602)",2.0,0.0,0,0,0,0,2,0,Sedan,Station Wagon/Sport Utility Vehicle,1