UNIQUE_ID,COLLISION_ID,CRASH_DATE,CRASH_TIME,VEHICLE_ID,VEHICLE_TYPE,VEHICLE_MAKE,VEHICLE_YEAR,VEHICLE_OCCUPANTS,DRIVER_SEX,DRIVER_LICENSE_STATUS,PRE_CRASH,POINT_OF_IMPACT,VEHICLE_DAMAGE,VEHICLE_DAMAGE_1,VEHICLE_DAMAGE_2,VEHICLE_DAMAGE_3,PUBLIC_PROPERTY_DAMAGE,PUBLIC_PROPERTY_DAMAGE_TYPE,CONTRIBUTING_FACTOR_1,CONTRIBUTING_FACTOR_2,BOROUGH,ZIP CODE,LOCATION,NUMBER OF PERSONS INJURED,NUMBER OF PERSONS KILLED,NUMBER OF PEDESTRIANS INJURED,NUMBER OF PEDESTRIANS KILLED,NUMBER OF CYCLIST INJURED,NUMBER OF CYCLIST KILLED,NUMBER OF MOTORIST INJURED,NUMBER OF MOTORIST KILLED,VEHICLE TYPE CODE 1,VEHICLE TYPE CODE 2,Severity
18706102,3954524,08/03/2018,17:20,2c2a1292-7552-4fb1-a79b-743551c01b8c,Taxi,TOYT -CAR/SUV,2014.0,1.0,M,Licensed,Stopped in Traffic,Right Rear Quarter Panel,Right Rear Quarter Panel,Right Side Doors,Right Rear Bumper,Right Front Quarter Panel,N,,Unspecified,Unspecified,,,"(40.750763, -73.97446)",2.0,0.0,1,0,0,0,1,0,PK,Taxi,1
17734593,3847453,02/16/2018,00:20,e07dba34-62e9-49f9-a9d2-d909873e657d,Sedan,HOND -CAR/SUV,2015.0,1.0,M,Licensed,Parked,Left Side Doors,Left Side Doors,Left Rear Quarter Panel,,,N,,Unspecified,Unspecified,QUEENS,11423.0,"(40.71195, -73.779175)",0.0,0.0,0,0,0,0,0,0,Station Wagon/Sport Utility Vehicle,Sedan,0
18806728,4042533,12/11/2018,12:00,3cb0aed0-ba22-43af-8962-06141945c72d,Sedan,TOYT -CAR/SUV,1998.0,2.0,F,Licensed,Going Straight Ahead,Center Front End,Left Front Bumper,,,,N,,Driver Inattention/Distraction,Driver Inexperience,BROOKLYN,11214.0,"(40.60345, -74.009)",0.0,0.0,0,0,0,0,0,0,Sedan,Sedan,0
18793734,4007847,10/22/2018,11:58,7f2f8e0d-fafe-410e-abc2-213c33dfe6fb,Station Wagon/Sport Utility Vehicle,UNK,,,,,Going Straight Ahead,Right Front Bumper,Right Front Bumper,No Damage,No Damage,No Damage,N,,Other Vehicular,Other Vehicular,BRONX,10456.0,"(40.833427, -73.914474)",0.0,0.0,0,0,0,0,0,0,Station Wagon/Sport Utility Vehicle,Station Wagon/Sport Utility Vehicle,0
17825214,3886933,04/23/2018,03:45,2f658eeb-d0dc-48e6-b0b5-8407c3b66953,Carry All,FORD-TRUCK/BUS,2011.0,2.0,M,Licensed,Making Left Turn,Right Side Doors,Right Side Doors,Right Rear Quarter Panel,,,N,,Other Vehicular,Other Vehicular,QUEENS,11418.0,"(40.689865, -73.84281)",1.0,0.0,0,0,0,0,1,0,Sedan,Carry All,1
18867492,4054181,12/29/2018,07:00,f04d9c9b-8986-496e-9022-54c67e6ff022,Station Wagon/Sport Utility Vehicle,NISS -CAR/SUV,2007.0,0.0,,,Parked,Center Back End,Center Back End,Center Front End,No Damage,No Damage,N,,Unspecified,Unspecified,QUEENS,11434.0,"(40.67267, -73.770294)",0.0,0.0,0,0,0,0,0,0,Sedan,Sedan,0
18742245,3948030,07/24/2018,14:00,b02d8747-cfce-421a-b19e-2ef2191d46ce,Sedan,KIA -CAR/SUV,2003.0,0.0,,,Parked,Left Front Quarter Panel,Left Front Quarter Panel,,,,Unspecified,,Unspecified,Unspecified,BRONX,10473.0,"(40.816765, -73.86475)",0.0,0.0,0,0,0,0,0,0,Sedan,,0
18609260,3917054,06/08/2018,19:00,2b60ddfd-04b5-4fb3-9f7f-6adfa4c7f99a,Sedan,VOLK -CAR/SUV,2010.0,2.0,M,Licensed,Making Right Turn,Left Rear Quarter Panel,Left Side Doors,Left Front Quarter Panel,No Damage,No Damage,N,,Unspecified,Driver Inattention/Distraction,,,"(40.65534, -73.96071)",0.0,0.0,0,0,0,0,0,0,Sedan,Sedan,0
17781087,3899413,05/11/2018,16:30,c6f16383-d7df-45d3-acdb-e5670a07ac4d,Station Wagon/Sport Utility Vehicle,MAZD -CAR/SUV,2018.0,1.0,F,Licensed,Making Right Turn,Left Front Quarter Panel,Left Front Quarter Panel,Left Side Doors,,,N,,Obstruction/Debris,Unspecified,,,"(40.578938, -73.98522)",0.0,0.0,0,0,0,0,0,0,Sedan,Station Wagon/Sport Utility Vehicle,0
18646909,3956738,08/06/2018,12:00,5c505fd3-2cfd-4a96-9722-cd2ce79731ab,Station Wagon/Sport Utility Vehicle,TOYT -CAR/SUV,2013.0,0.0,M,Licensed,Making Right Turn,Left Front Quarter Panel,Left Front Quarter Panel,Left Side Doors,Left Rear Quarter Panel,,N,,Unspecified,Unspecified,BROOKLYN,11235.0,"(40.577995, -73.95964)",0.0,0.0,0,0,0,0,0,0,Flat Bed,Station Wagon/Sport Utility Vehicle,0
18813864,4006904,10/24/2018,22:30,9a833f9f-c451-44b3-acc4-ecab6d6a126b,Station Wagon/Sport Utility Vehicle,AUDI -CAR/SUV,2017.0,2.0,M,Licensed,Going Straight Ahead,Center Front End,Center Front End,Left Front Bumper,Right Front Bumper,Center Front End,N,,Unspecified,Unspecified,,,"(40.639023, -73.941536)",2.0,0.0,0,0,0,0,2,0,Station Wagon/Sport Utility Vehicle,Sedan,1
17818185,3902564,05/17/2018,09:40,7b614bc1-1176-4fba-b4dc-d6f9c2beef46,Sedan,FORD -CAR/SUV,2017.0,1.0,M,Licensed,Going Straight Ahead,Center Back End,No Damage,No Damage,,,N,,Unspecified,Unspecified,,,"(40.686928, -73.98484)",0.0,0.0,0,0,0,0,0,0,Sedan,Station Wagon/Sport Utility Vehicle,0
18730709,4014512,11/03/2018,18:15,284598f5-8809-4a8a-8178-d59661e92fa4,Station Wagon/Sport Utility Vehicle,TOYT -CAR/SUV,2016.0,1.0,M,Licensed,Parked,Left Rear Quarter Panel,Left Rear Quarter Panel,No Damage,No Damage,No Damage,N,,Unspecified,Unspecified,BRONX,10458.0,"(40.854168, -73.88245)",0.0,0.0,0,0,0,0,0,0,Station Wagon/Sport Utility Vehicle,,0
17798619,3886949,04/23/2018,00:15,65b0e56d-7f93-49e6-8039-3b44e715dc56,Sedan,CHEV -CAR/SUV,2005.0,2.0,M,Licensed,Going Straight Ahead,Right Front Bumper,Right Front Bumper,Center Front End,Left Front Bumper,,N,,Alcohol Involvement,Unspecified,,,"(40.737553, -73.85089)",1.0,0.0,0,0,0,0,1,0,Sedan,,1
17745966,3845112,02/11/2018,03:30,335c5550-2f9a-41d3-bb22-8e7bee4c68d5,Sedan,HOND -CAR/SUV,2015.0,0.0,,,Parked,Left Side Doors,Left Side Doors,,,,N,,Unspecified,Unspecified,,,"(40.718445, -73.808624)",0.0,0.0,0,0,0,0,0,0,Station Wagon/Sport Utility Vehicle,Sedan,0
17697667,3836583,01/26/2018,20:17,488fc950-3f69-4250-a87f-2461b2da7859,Sedan,LEXS -CAR/SUV,2010.0,1.0,M,Licensed,Going Straight Ahead,Right Rear Quarter Panel,Right Rear Quarter Panel,,,,N,,Unspecified,Unspecified,,,"(40.74277, -73.9866)",0.0,0.0,0,0,0,0,0,0,Sedan,Sedan,0
18740773,3935927,07/05/2018,17:17,001bc0ed-63a2-4d9a-985a-922067e461b5,Station Wagon/Sport Utility Vehicle,BUIC -CAR/SUV,2014.0,1.0,F,Licensed,Backing,Center Back End,Left Rear Bumper,,,,N,,Backing Unsafely,Unspecified,QUEENS,11417.0,"(40.67055, -73.84277)",0.0,0.0,0,0,0,0,0,0,Station Wagon/Sport Utility Vehicle,Station Wagon/Sport Utility Vehicle,0
18830602,3942957,07/17/2018,09:30,b7205166-6f20-4021-b5e2-b4bc543f0a85,Taxi,HOND -CAR/SUV,2017.0,1.0,M,Licensed,Going Straight Ahead,Center Front End,Center Front End,Left Front Bumper,Right Front Bumper,No Damage,N,,Driver Inattention/Distraction,Unspecified,,,"(40.651863, -73.86536)",2.0,0.0,0,0,0,0,2,0,Sedan,Taxi,1
17823941,3894894,05/04/2018,13:00,83d2f4a0-8fb6-489a-b5db-ea53ea196ed9,Sedan,CHEV -CAR/SUV,2012.0,1.0,M,Licensed,Making Left Turn,Right Front Bumper,Right Front Bumper,,,,N,,Unspecified,Unspecified,BRONX,10452.0,"(40.84506, -73.91309)",0.0,0.0,0,0,0,0,0,0,Sedan,Sedan,0
18825956,4015301,11/05/2018,18:00,ad09858d-e187-4acc-a29f-de1782fa0c38,Station Wagon/Sport Utility Vehicle,CHRY -CAR/SUV,2005.0,1.0,M,Licensed,Changing Lanes,Left Front Bumper,Left Front Bumper,,,,N,,Passing or Lane Usage Improper,Unsafe Lane Changing,,,"(40.60915, -74.14987)",0.0,0.0,0,0,0,0,0,0,Station Wagon/Sport Utility Vehicle,Sedan,0
18666269,3972136,09/02/2018,00:05,f8dbd663-8243-4763-97e9-c7f81916d16b,Sedan,NISS -CAR/SUV,2017.0,0.0,M,Licensed,Going Straight Ahead,Left Front Quarter Panel,Left Front Quarter Panel,Left Front Quarter Panel,,,N,,Unspecified,Unspecified,BROOKLYN,11224.0,"(40.57858, -73.9884)",0.0,0.0,0,0,0,0,0,0,Sedan,Station Wagon/Sport Utility Vehicle,0
18688012,3912391,06/01/2018,08:00,741f10d9-a2f1-4873-aa3a-28d1ea7016d9,Sedan,AUDI -CAR/SUV,2016.0,1.0,F,Licensed,Going Straight Ahead,Center Front End,Center Front End,,,,N,,Following Too Closely,Driver Inattention/Distraction,QUEENS,11385.0,"(40.69539, -73.898895)",0.0,0.0,0,0,0,0,0,0,Sedan,Station Wagon/Sport Utility Vehicle,0
18764498,4004212,10/21/2018,00:00,bda56f8a-c393-475f-a5dd-3280ee19b125,,CHEV -CAR/SUV,2017.0,,,,,Left Front Quarter Panel,Left Front Bumper,,,,Unspecified,,,,BROOKLYN,11214.0,"(40.59039, -73.99155)",0.0,0.0,0,0,0,0,0,0,Station Wagon/Sport Utility Vehicle,,0
18871878,4052990,12/25/2018,17:30,206192e1-18fe-4240-b266-14da6cc964f4,Sedan,FORD -CAR/SUV,2018.0,1.0,M,Licensed,Going Straight Ahead,Center Front End,Right Front Bumper,Right Front Quarter Panel,,,N,,Driver Inattention/Distraction,Following Too Closely,,,"(40.66632, -73.83481)",1.0,0.0,0,0,0,0,1,0,Sedan,Sedan,1
18712547,4029510,11/20/2018,08:25,249fadd1-25cc-4052-9f09-fa23f9b3c09f,Sedan,FORD -CAR/SUV,2010.0,1.0,M,Licensed,Backing,Center Back End,Center Back End,Left Rear Bumper,,,N,,Backing Unsafely,Driver Inattention/Distraction,BROOKLYN,11236.0,"(40.628803, -73.89951)",0.0,0.0,0,0,0,0,0,0,Sedan,Sedan,0
17834682,3897125,05/09/2018,11:35,3eae2ba4-7681-4ccf-8441-3dd32fe4e633,Sedan,VOLK -CAR/SUV,2017.0,1.0,M,Licensed,Making Right Turn,Right Front Quarter Panel,Right Side Doors,,,,N,,Driver Inattention/Distraction,Unspecified,BROOKLYN,11205.0,"(40.698463, -73.960205)",0.0,0.0,0,0,0,0,0,0,Sedan,Sedan,0
18636245,3930321,06/26/2018,13:04,56e7edde-2c77-43bc-8c30-d68e3c9969ab,Sedan,LEXS -CAR/SUV,2010.0,0.0,M,Licensed,Going Straight Ahead,Right Front Bumper,No Damage,No Damage,No Damage,No Damage,N,,Unspecified,Unspecified,,,,0.0,0.0,0,0,0,0,0,0,Sedan,Station Wagon/Sport Utility Vehicle,0
18522121,4043370,11/29/2018,19:10,f2854d4b-d807-43dd-aa00-7c094c9e94cf,Taxi,GMC -CAR/SUV,2013.0,1.0,M,Licensed,Going Straight Ahead,Right Front Bumper,Right Front Bumper,No Damage,No Damage,No Damage,N,,Unspecified,Unspecified,MANHATTAN,10000.0,"(40.76871, -73.969986)",0.0,0.0,0,0,0,0,0,0,Taxi,Taxi,0
18830096,4017744,11/09/2018,18:22,8fa54f00-af26-4c3e-9eaa-43bd09b490f2,Sedan,TOYT -CAR/SUV,2004.0,0.0,,,Parked,Left Rear Bumper,Left Rear Bumper,Left Rear Quarter Panel,,,N,,Unspecified,Unspecified,,,"(40.633595, -74.1307)",0.0,0.0,0,0,0,0,0,0,Sedan,,0
18803413,3986166,09/23/2018,00:16,9e53de4d-39a3-42a7-877b-98fadaf88193,Station Wagon/Sport Utility Vehicle,NISS -CAR/SUV,2010.0,1.0,M,Unlicensed,Going Straight Ahead,Center Front End,Center Front End,Right Front Bumper,Left Front Bumper,No Damage,N,,Unspecified,Unspecified,,,"(40.83302, -73.862724)",0.0,0.0,0,0,0,0,0,0,Station Wagon/Sport Utility Vehicle,Sedan,0
17796273,3864956,03/16/2018,19:30,cc946cea-db9b-4fd7-b1fd-b1d55d674593,Station Wagon/Sport Utility Vehicle,LNDR -CAR/SUV,2008.0,1.0,M,Licensed,Going Straight Ahead,Right Front Quarter Panel,Right Front Quarter Panel,,,,N,,Unsafe Lane Changing,Driver Inattention/Distraction,MANHATTAN,10065.0,"(40.76739, -73.97073)",0.0,0.0,0,0,0,0,0,0,Station Wagon/Sport Utility Vehicle,Taxi,0
18721707,3951944,07/30/2018,20:25,8bb82327-ed6e-47c5-8afe-a79afa0d5aa5,Sedan,INFI -CAR/SUV,2017.0,1.0,M,Licensed,Going Straight Ahead,Left Side Doors,Left Side Doors,Left Rear Quarter Panel,,,N,,Unspecified,Unspecified,QUEENS,11372.0,"(40.756264, -73.87873)",0.0,0.0,0,0,0,0,0,0,Sedan,Station Wagon/Sport Utility Vehicle,0
18807386,4038371,12/04/2018,19:50,03f4c236-db1e-4818-a50b-7de9676183d7,Sedan,TOYT -CAR/SUV,2016.0,1.0,M,Licensed,Stopped in Traffic,Right Front Quarter Panel,Right Front Quarter Panel,No Damage,No Damage,No Damage,N,,Passenger Distraction,Unspecified,MANHATTAN,10038.0,"(40.70993, -74.00987)",0.0,0.0,0,0,0,0,0,0,Sedan,,0
18888091,4037470,12/03/2018,16:00,85a839fe-3bbb-4ca6-9dab-d99939df6f47,Sedan,NISS -CAR/SUV,2009.0,1.0,M,Licensed,Going Straight Ahead,Right Front Bumper,Right Front Bumper,,Left Front Bumper,,N,,Unspecified,Unspecified,QUEENS,11429.0,"(40.714497, -73.744225)",0.0,0.0,0,0,0,0,0,0,Sedan,Sedan,0
17770744,3848680,02/18/2018,16:29,f996ec4b-ee64-45d9-ac90-93b639f55bbe,Sedan,MAZD -CAR/SUV,2016.0,1.0,M,Licensed,Going Straight Ahead,Right Side Doors,Right Side Doors,Right Rear Quarter Panel,,,N,,Unspecified,Unspecified,QUEENS,11377.0,"(40.735596, -73.89901)",0.0,0.0,0,0,0,0,0,0,Sedan,Sedan,0
18773047,4019339,11/11/2018,09:55,0012b329-559f-4f20-9507-4ec1107b320b,Station Wagon/Sport Utility Vehicle,ACUR -CAR/SUV,2008.0,1.0,F,Licensed,Going Straight Ahead,Right Front Bumper,Right Front Quarter Panel,Right Side Doors,Right Rear Quarter Panel,No Damage,N,,Unspecified,Unspecified,BROOKLYN,11234.0,"(40.625824, -73.92762)",1.0,0.0,0,0,0,0,1,0,Station Wagon/Sport Utility Vehicle,Station Wagon/Sport Utility Vehicle,1
17756849,3878095,04/10/2018,11:45,bb59ed44-6e93-4b2b-b0a0-1fdcffea4a19,Station Wagon/Sport Utility Vehicle,CHEV -CAR/SUV,2013.0,1.0,F,Licensed,Going Straight Ahead,Center Back End,Center Back End,,,,N,,Unspecified,Unspecified,,,"(40.583275, -73.982254)",0.0,0.0,0,0,0,0,0,0,Station Wagon/Sport Utility Vehicle,Sedan,0
18739757,4010366,10/27/2018,06:45,23592677-43f0-4e9a-a854-357a4645ff15,Sedan,DODG -CAR/SUV,2018.0,1.0,,,Going Straight Ahead,,,,,,N,,Texting,Unspecified,,,"(40.658497, -73.904)",0.0,0.0,0,0,0,0,0,0,Sedan,Pick-up Truck,0
18723414,3912004,05/31/2018,14:50,7e46dc18-9b0c-41ec-a18a-3c19556dfce7,Station Wagon/Sport Utility Vehicle,VOLK -CAR/SUV,2016.0,0.0,,,Parked,Left Front Quarter Panel,Left Front Quarter Panel,No Damage,No Damage,No Damage,N,,Unspecified,Unspecified,QUEENS,11103.0,"(40.763878, -73.92052)",0.0,0.0,0,0,0,0,0,0,Van,Station Wagon/Sport Utility Vehicle,0
18795897,4033677,11/27/2018,14:00,cbae5fa6-79f3-4fc0-b7b6-300f11778e58,Sedan,HYUN -CAR/SUV,2013.0,0.0,,,Parked,Left Front Bumper,Left Front Quarter Panel,,,,Unspecified,,Unspecified,Unspecified,BROOKLYN,11214.0,"(40.599247, -74.00146)",0.0,0.0,0,0,0,0,0,0,Sedan,,0
18843081,4020617,11/13/2018,15:11,1fff20fd-021b-4fe3-bbbc-c9a8ec698783,Sedan,HOND -CAR/SUV,2018.0,0.0,,,Parked,Left Front Bumper,Left Front Quarter Panel,No Damage,No Damage,No Damage,N,,Unspecified,Unspecified,BRONX,10462.0,"(40.84017, -73.86244)",0.0,0.0,0,0,0,0,0,0,Sedan,,0
18864219,4050913,12/17/2018,08:35,5d0b2dc7-c3a8-42a1-b7d8-0d51b3ee48e8,Sedan,TOYT -CAR/SUV,2006.0,1.0,M,Licensed,Going Straight Ahead,Right Front Bumper,Right Front Bumper,Center Front End,,,N,,Unspecified,Unspecified,QUEENS,11365.0,"(40.745182, -73.784706)",0.0,0.0,0,0,0,0,0,0,Sedan,Station Wagon/Sport Utility Vehicle,0
17707687,3840423,02/04/2018,17:10,b34a8069-4374-461a-8daf-8d76c5dc4149,Sedan,TOYT -CAR/SUV,2004.0,8.0,F,Licensed,Making Left Turn,Right Front Bumper,Right Front Bumper,No Damage,No Damage,No Damage,N,,View Obstructed/Limited,Unspecified,BRONX,10457.0,"(40.846657, -73.89619)",0.0,0.0,0,0,0,0,0,0,Sedan,Sedan,0
18680309,4030820,11/22/2018,03:30,e29881b3-7cb2-458b-b1fc-970290a662eb,Pick-up Truck,FORD -CAR/SUV,2017.0,2.0,M,Licensed,Slowing or Stopping,Center Front End,Center Front End,,,,N,,Driver Inexperience,Unspecified,STATEN ISLAND,10312.0,"(40.537857, -74.17414)",0.0,0.0,0,0,0,0,0,0,Pick-up Truck,Sedan,0
17835721,3860190,03/10/2018,19:30,aa2b150c-4cb3-431d-b046-be2a2c237355,Station Wagon/Sport Utility Vehicle,CHEV -CAR/SUV,2016.0,1.0,F,Licensed,Entering Parked Position,Right Rear Quarter Panel,Right Rear Quarter Panel,,,,N,,Unspecified,Unspecified,QUEENS,11422.0,"(40.66411, -73.73018)",0.0,0.0,0,0,0,0,0,0,Sedan,Station Wagon/Sport Utility Vehicle,0
18693768,3948512,07/25/2018,21:50,cab9be75-7719-4eb0-81fc-25deeaf36489,Sedan,CADI -CAR/SUV,2006.0,3.0,F,Licensed,Going Straight Ahead,Left Front Quarter Panel,Left Front Quarter Panel,No Damage,No Damage,No Damage,N,,Unspecified,Unspecified,,,,0.0,0.0,0,0,0,0,0,0,Sedan,Sedan,0
18705800,3940663,07/13/2018,15:00,0a29bc89-0e88-4308-970e-180d98641fe3,Lift Boom,INTL-TRUCK/BUS,2018.0,1.0,M,Licensed,Slowing or Stopping,Center Front End,Center Front End,,,,N,,Driver Inattention/Distraction,Unspecified,,,"(40.830555, -73.832664)",0.0,0.0,0,0,0,0,0,0,Lift Boom,Sedan,0
17784816,3872186,03/23/2018,16:05,a2935f0b-c6e9-4ed0-9c93-46f6be4d72a4,Sedan,VOLK -CAR/SUV,2013.0,1.0,M,Licensed,Slowing or Stopping,Center Front End,Right Front Bumper,Right Front Bumper,Left Front Bumper,,N,,Following Too Closely,Unspecified,,,"(40.814075, -73.79548)",1.0,0.0,0,0,0,0,1,0,Sedan,Sedan,1
18739518,3959988,08/11/2018,18:10,70e742b2-0eda-4d5a-92ec-e99edb130f35,Box Truck,FRHT-TRUCK/BUS,2013.0,1.0,M,Licensed,Other*,Left Front Quarter Panel,No Damage,No Damage,No Damage,No Damage,N,,Other Vehicular,Unspecified,BRONX,10465.0,,0.0,0.0,0,0,0,0,0,0,Box Truck,Pick-up Truck,0
18684419,4047116,12/17/2018,15:00,46d14fd9-61ea-49e9-9885-3a30be6d92c1,Pick-up Truck,HINO,2019.0,1.0,M,Licensed,Merging,Right Rear Quarter Panel,Right Rear Quarter Panel,Right Rear Bumper,No Damage,No Damage,N,,Driver Inattention/Distraction,Unsafe Lane Changing,MANHATTAN,10024.0,"(40.783257, -73.97858)",0.0,0.0,0,0,0,0,0,0,Station Wagon/Sport Utility Vehicle,Pick-up Truck,0
17779875,3859565,03/07/2018,14:00,c33eaa74-388b-47b0-91cb-06a646e37dcc,Station Wagon/Sport Utility Vehicle,HOND -CAR/SUV,,2.0,,,Making Left Turn,,,,,,N,,Turning Improperly,Unspecified,BRONX,10475.0,"(40.88471, -73.83131)",0.0,0.0,0,0,0,0,0,0,Station Wagon/Sport Utility Vehicle,Station Wagon/Sport Utility Vehicle,0
18777701,3952744,08/01/2018,05:30,a1cf973e-d08b-4c98-bf38-e5f668bdc3a3,Sedan,HOND -CAR/SUV,2010.0,1.0,M,Licensed,Going Straight Ahead,Right Rear Bumper,Center Back End,Left Rear Bumper,,,Unspecified,,Unspecified,Unspecified,,,"(40.716652, -73.8259)",0.0,0.0,0,0,0,0,0,0,Sedan,Station Wagon/Sport Utility Vehicle,0
18602248,3915442,06/04/2018,10:40,5de419ee-719f-4111-bb6e-cd1e3af6e69c,Sedan,TOYT -CAR/SUV,2007.0,1.0,M,Licensed,Backing,Center Back End,Center Back End,Right Rear Bumper,Left Rear Bumper,,N,,Brakes Defective,Unspecified,BROOKLYN,11238.0,"(40.676785, -73.969185)",0.0,0.0,0,0,0,0,0,0,Sedan,,0
17681657,3823759,01/05/2018,10:45,52e296e4-3734-4fe9-b6f2-e2eb9ef222b9,Station Wagon/Sport Utility Vehicle,INFI -CAR/SUV,2016.0,1.0,M,Licensed,Going Straight Ahead,Center Front End,Center Front End,Left Front Bumper,Right Front Bumper,,N,,Unspecified,Unspecified,BROOKLYN,11226.0,"(40.650528, -73.95583)",0.0,0.0,0,0,0,0,0,0,Bus,Station Wagon/Sport Utility Vehicle,0
18662978,3926421,06/21/2018,17:57,4479e12b-fb1d-43af-8620-41d3aac2a6b5,Box Truck,INTL-TRUCK/BUS,2018.0,2.0,M,Licensed,Making Right Turn,Right Rear Quarter Panel,No Damage,,,,N,,Oversized Vehicle,Unspecified,MANHATTAN,10022.0,"(40.757362, -73.96068)",0.0,0.0,0,0,0,0,0,0,Taxi,Box Truck,0
17727947,3856991,03/05/2018,16:45,a81b11d4-c288-406e-a3c2-c66a65d9d8d9,Station Wagon/Sport Utility Vehicle,BMW -CAR/SUV,2004.0,1.0,F,Licensed,Going Straight Ahead,Right Front Quarter Panel,Right Side Doors,Right Rear Bumper,,,N,,Unspecified,Unspecified,BROOKLYN,11236.0,"(40.635563, -73.89577)",0.0,0.0,0,0,0,0,0,0,Station Wagon/Sport Utility Vehicle,Station Wagon/Sport Utility Vehicle,0
18712516,3953026,07/22/2018,23:02,1baca44f-7399-44fa-ba82-c7f0670a1e8f,Station Wagon/Sport Utility Vehicle,DODG -CAR/SUV,2008.0,1.0,M,Licensed,Going Straight Ahead,Right Front Bumper,Right Front Bumper,No Damage,No Damage,No Damage,N,,View Obstructed/Limited,Reaction to Uninvolved Vehicle,BRONX,10452.0,"(40.840527, -73.92161)",1.0,0.0,1,0,0,0,0,0,Station Wagon/Sport Utility Vehicle,,1
18732531,4020852,11/12/2018,22:55,8953f491-0c5e-4ccd-9c49-569555bb1439,Station Wagon/Sport Utility Vehicle,TOYT -CAR/SUV,2017.0,1.0,M,Licensed,Making Left Turn,Center Front End,Center Front End,Left Front Bumper,Right Front Bumper,Left Front Quarter Panel,N,,Failure to Yield Right-of-Way,Unspecified,MANHATTAN,10013.0,"(40.716812, -73.99777)",1.0,0.0,0,0,0,0,1,0,Station Wagon/Sport Utility Vehicle,Station Wagon/Sport Utility Vehicle,1
18884248,4045913,12/16/2018,11:30,4a528848-e9b2-4a16-b87a-539b9a719b8f,Pick-up Truck,FORD -CAR/SUV,2015.0,0.0,M,Licensed,Going Straight Ahead,Right Front Bumper,Center Front End,Left Front Bumper,,,N,,Passing or Lane Usage Improper,Unspecified,BROOKLYN,11208.0,"(40.661106, -73.87529)",2.0,0.0,0,0,0,0,2,0,Sedan,Sedan,1
18840098,4035899,11/29/2018,06:50,9acca48b-c713-4bfa-8b1a-c63a2d90db88,Station Wagon/Sport Utility Vehicle,VOLV -CAR/SUV,2017.0,1.0,F,Licensed,Going Straight Ahead,Left Rear Quarter Panel,Left Rear Quarter Panel,Other,Undercarriage,Other,N,,Failure to Keep Right,Unspecified,BRONX,10454.0,"(40.802814, -73.90848)",0.0,0.0,0,0,0,0,0,0,Station Wagon/Sport Utility Vehicle,Station Wagon/Sport Utility Vehicle,0
18745268,4047158,12/18/2018,08:30,8f3c939b-9110-4892-ad02-f75cbbd194d5,Sedan,HOND -CAR/SUV,2018.0,1.0,F,Licensed,Going Straight Ahead,Center Front End,Center Front End,No Damage,No Damage,No Damage,N,,Driver Inattention/Distraction,Unspecified,BROOKLYN,11206.0,"(40.695377, -73.94921)",0.0,0.0,0,0,0,0,0,0,Pick-up Truck,Sedan,0
19625367,3969196,08/27/2018,11:36,f3c3a531-b780-45bc-aadb-c5a1f0b31746,Sedan,TOYT -CAR/SUV,2006.0,0.0,,,Parked,Right Front Quarter Panel,Right Front Quarter Panel,Center Back End,No Damage,No Damage,N,,Unspecified,Unspecified,,,"(40.8452, -73.92444)",0.0,0.0,0,0,0,0,0,0,Station Wagon/Sport Utility Vehicle,Sedan,0
18661611,3917671,06/09/2018,21:00,187e2bd3-4f02-401b-a0c2-a65bfdb24409,Station Wagon/Sport Utility Vehicle,AUDI -CAR/SUV,2014.0,1.0,M,Licensed,Going Straight Ahead,Center Front End,No Damage,,,,N,,Driver Inattention/Distraction,Following Too Closely,,,"(40.636826, -74.011765)",1.0,0.0,0,0,0,0,1,0,Station Wagon/Sport Utility Vehicle,Sedan,1
18806267,4018619,11/11/2018,18:25,be19f504-afc1-4ea8-aea9-57fa3ff390fb,Taxi,FORD -CAR/SUV,2007.0,1.0,M,Licensed,Going Straight Ahead,Left Rear Bumper,Left Rear Bumper,,,,N,,Unspecified,Unspecified,BROOKLYN,11215.0,"(40.66551, -73.992775)",0.0,0.0,0,0,0,0,0,0,Taxi,Station Wagon/Sport Utility Vehicle,0
18636065,3991726,10/01/2018,08:15,6e31f3d4-2074-490e-bbb2-869915936431,Station Wagon/Sport Utility Vehicle,NISS -CAR/SUV,2009.0,2.0,M,Licensed,Starting from Parking,Right Front Quarter Panel,Right Front Bumper,No Damage,No Damage,No Damage,N,,Other Vehicular,Unspecified,BRONX,10459.0,"(40.828236, -73.88602)",0.0,0.0,0,0,0,0,0,0,Sedan,Station Wagon/Sport Utility Vehicle,0
18643365,3951248,07/27/2018,21:50,f61571aa-6c8d-40ca-8b53-f6edb72e13ff,Sedan,TOYT -CAR/SUV,2012.0,1.0,M,Licensed,Going Straight Ahead,Center Front End,No Damage,No Damage,,,N,,Following Too Closely,Following Too Closely,BROOKLYN,11216.0,"(40.686684, -73.95459)",0.0,0.0,0,0,0,0,0,0,Sedan,Sedan,0
17725112,3882255,04/15/2018,05:05,caf36358-9a35-409c-b672-4fddc92fa5c1,Station Wagon/Sport Utility Vehicle,SUBA -CAR/SUV,2017.0,3.0,M,Licensed,Making Right Turn,Left Front Bumper,Center Front End,Right Front Bumper,Right Front Quarter Panel,Left Front Quarter Panel,N,,Alcohol Involvement,Traffic Control Disregarded,MANHATTAN,10025.0,,3.0,0.0,0,0,0,0,3,0,Station Wagon/Sport Utility Vehicle,Station Wagon/Sport Utility Vehicle,1