UNIQUE_ID,COLLISION_ID,CRASH_DATE,CRASH_TIME,VEHICLE_ID,VEHICLE_TYPE,VEHICLE_MAKE,VEHICLE_YEAR,VEHICLE_OCCUPANTS,DRIVER_SEX,DRIVER_LICENSE_STATUS,PRE_CRASH,POINT_OF_IMPACT,VEHICLE_DAMAGE,VEHICLE_DAMAGE_1,VEHICLE_DAMAGE_2,VEHICLE_DAMAGE_3,PUBLIC_PROPERTY_DAMAGE,PUBLIC_PROPERTY_DAMAGE_TYPE,CONTRIBUTING_FACTOR_1,CONTRIBUTING_FACTOR_2,BOROUGH,ZIP CODE,LOCATION,NUMBER OF PERSONS INJURED,NUMBER OF PERSONS KILLED,NUMBER OF PEDESTRIANS INJURED,NUMBER OF PEDESTRIANS KILLED,NUMBER OF CYCLIST INJURED,NUMBER OF CYCLIST KILLED,NUMBER OF MOTORIST INJURED,NUMBER OF MOTORIST KILLED,VEHICLE TYPE CODE 1,VEHICLE TYPE CODE 2,Severity
18848137,4041816,12/10/2018,11:50,aff366d2-acc7-4979-bcb9-10c1d89ddf86,Sedan,FORD -CAR/SUV,2010.0,1.0,M,Licensed,Parked,Left Rear Bumper,Left Rear Bumper,Center Back End,Left Rear Bumper,Right Rear Bumper,N,,Unspecified,Unspecified,,,"(40.61137, -74.176315)",0.0,0.0,0,0,0,0,0,0,Station Wagon/Sport Utility Vehicle,Sedan,0
18850778,4026865,11/15/2018,18:50,395dda6a-575f-4e3e-bcea-a2d7676aa501,Sedan,NISS -CAR/SUV,2015.0,1.0,F,Licensed,Going Straight Ahead,Center Front End,Center Front End,Left Front Bumper,Right Front Bumper,No Damage,N,,Driver Inattention/Distraction,Unspecified,,,,3.0,0.0,0,0,0,0,3,0,Sedan,Sedan,1
17693184,3830316,01/17/2018,16:00,199f8e78-04bf-4a72-b160-7a20ad3e2bec,Sedan,LEXS -CAR/SUV,2015.0,0.0,,,Parked,Left Rear Quarter Panel,Center Back End,Left Rear Bumper,Left Rear Quarter Panel,No Damage,N,,Other Vehicular,Other Vehicular,BRONX,10461.0,"(40.849648, -73.848595)",0.0,0.0,0,0,0,0,0,0,Sedan,Sedan,0
17721183,3851733,02/24/2018,16:00,d724e557-9640-4d96-b516-7858517b67d1,Sedan,NISS -CAR/SUV,2013.0,1.0,M,Licensed,Slowing or Stopping,Center Back End,Center Back End,,,,N,,Unspecified,Unspecified,BROOKLYN,11236.0,"(40.639366, -73.9113)",0.0,0.0,0,0,0,0,0,0,Sedan,,0
18755207,3964576,08/18/2018,16:30,7efa7768-b4c8-4965-99d6-4c1e104cb339,Sedan,TOYT -CAR/SUV,2014.0,2.0,M,Licensed,Going Straight Ahead,Right Rear Quarter Panel,Right Rear Quarter Panel,,,,N,,Unspecified,Unspecified,,,"(40.804745, -73.91194)",0.0,0.0,0,0,0,0,0,0,Sedan,Sedan,0
18796321,3908172,05/25/2018,22:35,65411b10-1d37-4980-91e9-4d28ac5b2998,Station Wagon/Sport Utility Vehicle,TOYT -CAR/SUV,2018.0,1.0,M,Licensed,Going Straight Ahead,Center Front End,Center Front End,,,,N,,Failure to Yield Right-of-Way,Failure to Yield Right-of-Way,QUEENS,11356.0,"(40.784126, -73.84764)",0.0,0.0,0,0,0,0,0,0,Sedan,Station Wagon/Sport Utility Vehicle,0
18799213,3982992,09/18/2018,07:35,5f440e45-1d92-4cc7-bf88-6046148caa66,Station Wagon/Sport Utility Vehicle,JEEP -CAR/SUV,2014.0,1.0,M,Licensed,Going Straight Ahead,Right Front Quarter Panel,Right Front Quarter Panel,Right Side Doors,,,N,,Unspecified,Unspecified,,,"(40.83742, -73.860535)",0.0,0.0,0,0,0,0,0,0,Station Wagon/Sport Utility Vehicle,Station Wagon/Sport Utility Vehicle,0
17814785,3877980,04/09/2018,17:15,1a189bfc-569d-4cbe-9963-7eb7d373602f,Pick-up Truck,TOYT -CAR/SUV,2003.0,1.0,M,Licensed,Slowing or Stopping,Center Front End,Center Front End,,,,N,,Following Too Closely,Unspecified,,,"(40.767418, -73.7906)",0.0,0.0,0,0,0,0,0,0,Sedan,Pick-up Truck,0
17807053,4025869,04/21/2018,12:00,abbdc86e-da47-4b60-ad25-ede473778f0a,Station Wagon/Sport Utility Vehicle,HOND -CAR/SUV,2015.0,1.0,F,Licensed,Going Straight Ahead,Right Front Quarter Panel,Right Front Bumper,,,,N,,Driver Inattention/Distraction,Unspecified,QUEENS,11432.0,"(40.711433, -73.79102)",0.0,0.0,0,0,0,0,0,0,Station Wagon/Sport Utility Vehicle,Sedan,0
18598254,4040266,12/07/2018,17:31,c831e7f6-bb98-42da-a6fe-0ccd97d54197,Sedan,HOND -CAR/SUV,2002.0,3.0,F,Licensed,Going Straight Ahead,Left Rear Quarter Panel,Left Rear Quarter Panel,Left Rear Bumper,,,N,,Driver Inattention/Distraction,Driver Inexperience,MANHATTAN,10031.0,"(40.829647, -73.94439)",0.0,0.0,0,0,0,0,0,0,Sedan,,0
18872885,4035079,11/29/2018,15:15,a7f71828-0be3-4ebf-9572-1fb80d1ee13a,Sedan,HOND -CAR/SUV,2008.0,1.0,M,Licensed,Starting from Parking,Left Front Quarter Panel,Left Front Quarter Panel,No Damage,No Damage,No Damage,N,,Failure to Yield Right-of-Way,Unspecified,QUEENS,11102.0,"(40.766357, -73.921844)",0.0,0.0,0,0,0,0,0,0,Station Wagon/Sport Utility Vehicle,Sedan,0
17799704,3881547,04/11/2018,13:35,b27ea05a-33bc-4c0d-8f99-2630e281dcc4,Pick-up Truck,DODG -CAR/SUV,2002.0,1.0,M,Licensed,Going Straight Ahead,Center Front End,No Damage,,,,N,,Following Too Closely,Unspecified,,,"(40.876408, -73.81858)",0.0,0.0,0,0,0,0,0,0,Taxi,Pick-up Truck,0
17795313,3877493,04/08/2018,17:03,ac8485c4-6c2e-46e6-b207-bfe9cd98fa84,Sedan,TOYT -CAR/SUV,2010.0,1.0,M,Licensed,Making Right Turn,Left Front Quarter Panel,Left Front Quarter Panel,,,,N,,Driver Inattention/Distraction,Unspecified,,,"(40.617893, -73.95615)",0.0,0.0,0,0,0,0,0,0,Sedan,Sedan,0
17815840,3879117,04/10/2018,14:00,d2ac6177-7d79-4b91-b22d-5e27b5f0b75d,Station Wagon/Sport Utility Vehicle,LEXS -CAR/SUV,2016.0,0.0,,,Parked,Left Front Bumper,Left Front Bumper,Left Front Bumper,Left Front Bumper,Left Front Bumper,N,,Unspecified,Unspecified,,,"(40.759575, -73.77703)",0.0,0.0,0,0,0,0,0,0,Station Wagon/Sport Utility Vehicle,,0
17700465,3824608,01/08/2018,16:30,0213a434-3434-4432-a3eb-5169f6fe371c,Sedan,NISS -CAR/SUV,2017.0,2.0,F,Licensed,Going Straight Ahead,Left Rear Bumper,Left Rear Bumper,Left Rear Quarter Panel,,,N,,Unspecified,Unspecified,QUEENS,11434.0,"(40.666862, -73.77837)",1.0,0.0,0,0,0,0,1,0,Sedan,Sedan,1
17688432,3827662,01/12/2018,23:45,8209db25-d1ff-474a-acb9-7e1f76651606,Station Wagon/Sport Utility Vehicle,DODG -CAR/SUV,2010.0,,,,Going Straight Ahead,Center Front End,Center Front End,,,,N,,Other Vehicular,,BROOKLYN,11212.0,"(40.65794, -73.907745)",1.0,0.0,0,0,0,0,1,0,Sedan,Sedan,1
18637963,4012507,10/01/2018,18:22,8a2ad265-bfd9-408a-a5b6-7f17138d2ac3,Sedan,HYUN -CAR/SUV,2013.0,1.0,M,,Going Straight Ahead,Right Front Bumper,Right Front Bumper,,,,N,,Driver Inattention/Distraction,Unsafe Lane Changing,MANHATTAN,10029.0,"(40.790623, -73.942444)",1.0,0.0,0,0,0,0,1,0,Taxi,Sedan,1
17853626,3897665,05/10/2018,22:00,66463ec5-b560-4ec6-bc4e-43c447e20950,Sedan,INFI -CAR/SUV,2003.0,0.0,M,Licensed,Going Straight Ahead,Center Front End,Center Front End,Center Back End,,,N,,Unspecified,Unspecified,,,"(40.729736, -73.833725)",0.0,0.0,0,0,0,0,0,0,Station Wagon/Sport Utility Vehicle,Station Wagon/Sport Utility Vehicle,0
17689009,3829030,01/10/2018,16:15,34f25f61-b660-4d85-aa1a-8145603a8467,Pick-up Truck,WORKHORSE,2007.0,2.0,M,Licensed,Starting from Parking,Left Front Bumper,Left Front Quarter Panel,No Damage,No Damage,No Damage,N,,Failure to Yield Right-of-Way,Unspecified,BROOKLYN,11212.0,"(40.65817, -73.92072)",0.0,0.0,0,0,0,0,0,0,Pick-up Truck,Sedan,0
17694981,3839826,02/02/2018,15:50,f2dc99c8-c5c6-40a2-8ee2-9d860bf0178e,Station Wagon/Sport Utility Vehicle,HOND -CAR/SUV,2013.0,1.0,M,Licensed,Going Straight Ahead,Right Front Bumper,Right Front Bumper,No Damage,No Damage,No Damage,N,,Unsafe Speed,Unspecified,BRONX,10460.0,"(40.836735, -73.88584)",0.0,0.0,0,0,0,0,0,0,Station Wagon/Sport Utility Vehicle,Station Wagon/Sport Utility Vehicle,0
17706535,3830056,01/16/2018,18:28,920ded59-64f8-41d8-925e-9fbcbe12c62a,Sedan,NISS -CAR/SUV,2017.0,0.0,M,Licensed,Parked,Right Rear Bumper,Right Rear Bumper,No Damage,No Damage,No Damage,N,,Unspecified,Unspecified,QUEENS,11106.0,"(40.76647, -73.937645)",0.0,0.0,0,0,0,0,0,0,Sedan,,0
17838264,3871103,03/27/2018,22:25,dffff861-69b5-42c6-9355-479155e05b0d,Pick-up Truck,FORD -CAR/SUV,,1.0,,,Backing,Center Back End,Center Back End,,,,N,,Driver Inattention/Distraction,Unspecified,BROOKLYN,11207.0,"(40.658577, -73.89063)",0.0,0.0,0,0,0,0,0,0,Sedan,Pick-up Truck,0
18694385,3946097,07/20/2018,14:52,6b9e2e9f-1ca6-4f7c-8f61-5a332b23da44,Motorcycle,HOND -MCL,2012.0,0.0,,,Parked,Center Front End,Left Front Quarter Panel,Left Side Doors,Left Rear Quarter Panel,,N,,Unspecified,Unspecified,BROOKLYN,11209.0,"(40.62214, -74.02567)",0.0,0.0,0,0,0,0,0,0,Motorcycle,,0
17754311,3905799,05/18/2018,10:40,999a9196-6b5e-4a8b-9320-2c6a9b7fbba9,Box Truck,FORD-TRUCK/BUS,2009.0,1.0,M,Licensed,Going Straight Ahead,Left Rear Quarter Panel,No Damage,No Damage,No Damage,No Damage,N,,Unspecified,Unspecified,MANHATTAN,10030.0,"(40.81549, -73.94413)",0.0,0.0,0,0,0,0,0,0,Station Wagon/Sport Utility Vehicle,Box Truck,0
18627978,3922279,06/16/2018,10:30,6ae47b07-9314-4fb1-aeb4-0d8df8d5e98c,Motorcycle,HOND -MCL,2012.0,1.0,M,Licensed,Going Straight Ahead,Right Front Bumper,Right Front Bumper,Right Rear Bumper,Undercarriage,No Damage,N,,Unspecified,Unspecified,BROOKLYN,11212.0,"(40.668888, -73.91055)",0.0,0.0,0,0,0,0,0,0,Station Wagon/Sport Utility Vehicle,Motorcycle,0
18775470,3936859,07/05/2018,16:40,f063cd55-ea40-4c47-8a0a-70c9a5d5adca,Pick-up Truck,FORD -CAR/SUV,2012.0,1.0,M,Licensed,Going Straight Ahead,Right Front Bumper,Right Front Bumper,Center Front End,,,N,,Unspecified,Unspecified,QUEENS,11105.0,"(40.770824, -73.9032)",0.0,0.0,0,0,0,0,0,0,Station Wagon/Sport Utility Vehicle,Pick-up Truck,0
18772169,4011707,10/31/2018,22:10,04ac429e-2db0-48ce-b318-44405d503dee,Taxi,TOYT -CAR/SUV,2016.0,1.0,M,Licensed,Going Straight Ahead,Center Back End,Right Rear Bumper,Left Rear Bumper,,,N,,Unspecified,Unspecified,,,"(40.722496, -73.83582)",2.0,0.0,0,0,0,0,2,0,Taxi,Sedan,1
17841133,3894115,05/04/2018,21:30,4c229ff2-a2b6-4b70-81b8-42e2b11c13dc,Sedan,MERZ -CAR/SUV,2018.0,1.0,M,Licensed,Going Straight Ahead,Right Rear Quarter Panel,Right Rear Quarter Panel,Right Rear Bumper,,,N,,Unspecified,Unspecified,QUEENS,11361.0,"(40.769585, -73.77391)",0.0,0.0,0,0,0,0,0,0,Sedan,Station Wagon/Sport Utility Vehicle,0
18806287,3973792,09/04/2018,09:00,3602ed98-e2c7-4ff7-a86a-9a31be1235dd,Sedan,FORD -CAR/SUV,2016.0,1.0,F,Licensed,Slowing or Stopping,Center Front End,Center Front End,,,,N,,Following Too Closely,Unspecified,,,"(40.66605, -73.81525)",0.0,0.0,0,0,0,0,0,0,Station Wagon/Sport Utility Vehicle,Sedan,0
18811787,4005907,10/22/2018,17:00,488cf2b5-ae75-4f68-813c-af4e1f0461fd,Station Wagon/Sport Utility Vehicle,NISS -CAR/SUV,2013.0,1.0,M,Licensed,Going Straight Ahead,Center Front End,Center Front End,,,,N,,Driver Inattention/Distraction,Driver Inexperience,BROOKLYN,11203.0,"(40.653805, -73.93061)",0.0,0.0,0,0,0,0,0,0,Sedan,Station Wagon/Sport Utility Vehicle,0
18645212,4010192,10/29/2018,09:50,c4fcbe39-3333-498b-a1fb-7254af86cb44,Van,THMS-TRUCK/BUS,2012.0,1.0,F,Licensed,Parked,Left Rear Quarter Panel,Left Rear Quarter Panel,Left Side Doors,,,N,,Unspecified,Unspecified,BROOKLYN,11205.0,,0.0,0.0,0,0,0,0,0,0,Van,Box Truck,0
17695522,3827606,01/12/2018,18:48,98998c8a-0578-4fc2-9809-977312321f48,Sedan,HOND -CAR/SUV,2009.0,3.0,F,Licensed,Making Left Turn,Left Front Quarter Panel,Left Front Quarter Panel,,,,N,,Turning Improperly,Unspecified,,,,0.0,0.0,0,0,0,0,0,0,Sedan,Station Wagon/Sport Utility Vehicle,0
18862887,4048063,12/19/2018,11:13,a826c55f-3264-4c85-953e-e5975872427e,Bus,MCIN-TRUCK/BUS,2005.0,1.0,M,Licensed,Making Right Turn,Left Rear Quarter Panel,Left Rear Quarter Panel,No Damage,No Damage,No Damage,N,,Unspecified,Unspecified,MANHATTAN,10019.0,"(40.76432, -73.9772)",0.0,0.0,0,0,0,0,0,0,Bus,Station Wagon/Sport Utility Vehicle,0
17706347,3852092,02/25/2018,15:30,76e51639-f115-4fb4-b067-e8e43936c81e,Sedan,CADI -CAR/SUV,2006.0,2.0,F,Licensed,Going Straight Ahead,Right Front Bumper,Right Front Bumper,Center Front End,Left Front Bumper,Left Front Quarter Panel,Y,,Traffic Control Disregarded,Unspecified,BROOKLYN,11238.0,"(40.686516, -73.9675)",1.0,0.0,0,0,0,0,1,0,Station Wagon/Sport Utility Vehicle,Sedan,1
18619688,3913498,06/03/2018,17:24,4ac757bf-4746-4e93-84f1-50186042623a,Station Wagon/Sport Utility Vehicle,FORD -CAR/SUV,2001.0,2.0,M,Licensed,Going Straight Ahead,Center Front End,Center Front End,Left Front Bumper,Right Front Bumper,,N,,Alcohol Involvement,Unspecified,,,,2.0,0.0,0,0,0,0,2,0,Station Wagon/Sport Utility Vehicle,Station Wagon/Sport Utility Vehicle,1
19598467,3860809,03/11/2018,17:35,ac3fa4d3-3280-4fbd-8efb-e4f65e3cfc0a,Station Wagon/Sport Utility Vehicle,JEEP -CAR/SUV,2018.0,2.0,M,Licensed,Going Straight Ahead,Left Front Bumper,Left Front Bumper,Left Front Quarter Panel,No Damage,Center Front End,N,,Driver Inattention/Distraction,Unsafe Speed,QUEENS,11368.0,"(40.744766, -73.8551)",0.0,0.0,0,0,0,0,0,0,Station Wagon/Sport Utility Vehicle,Station Wagon/Sport Utility Vehicle,0
17752748,3877635,04/09/2018,15:36,1db3b6ba-41ca-4b43-83c2-164188b91f64,Box Truck,FORD-TRUCK/BUS,1997.0,1.0,M,Licensed,Making Right Turn,Left Front Bumper,Left Front Bumper,,,,N,,Unspecified,Unspecified,BROOKLYN,11236.0,"(40.641617, -73.917206)",0.0,0.0,0,0,0,0,0,0,Sedan,Box Truck,0
18590377,4009340,10/26/2018,14:50,d07ed0df-9a53-43fe-acba-8ce40eb17b2a,Station Wagon/Sport Utility Vehicle,GMC -CAR/SUV,2016.0,1.0,M,Licensed,Going Straight Ahead,Center Front End,Left Front Bumper,Center Front End,Right Front Bumper,No Damage,N,,Unspecified,Passenger Distraction,MANHATTAN,10026.0,"(40.801804, -73.955185)",0.0,0.0,0,0,0,0,0,0,Station Wagon/Sport Utility Vehicle,Sedan,0
17804467,3884879,04/19/2018,14:25,f2e5f5f4-f47d-4db9-a1e7-44e5de6459a2,Sedan,LINC -CAR/SUV,2017.0,2.0,M,Licensed,Avoiding Object in Roadway,Center Front End,Left Front Quarter Panel,Right Front Bumper,Left Front Bumper,Left Front Quarter Panel,Y,,Unsafe Speed,Unspecified,BROOKLYN,11228.0,"(40.624893, -74.01341)",0.0,0.0,0,0,0,0,0,0,Sedan,Sedan,0
18670572,3926374,06/21/2018,23:57,e4ebe6f6-1280-44ec-8827-38c1ba518cd6,Sedan,BMW -CAR/SUV,2012.0,0.0,,,Parked,Center Back End,Left Rear Bumper,,,,N,,Other Vehicular,Unspecified,BROOKLYN,11230.0,"(40.628197, -73.97531)",0.0,0.0,0,0,0,0,0,0,Sedan,Station Wagon/Sport Utility Vehicle,0
17799119,3887196,04/24/2018,08:15,24566126-f7fa-49dc-b280-b90f97077389,Station Wagon/Sport Utility Vehicle,HOND -CAR/SUV,2016.0,1.0,F,Licensed,Going Straight Ahead,Right Front Quarter Panel,Right Front Quarter Panel,,,,N,,Driver Inattention/Distraction,Unsafe Lane Changing,BROOKLYN,11201.0,"(40.696033, -73.98453)",0.0,0.0,0,0,0,0,0,0,Station Wagon/Sport Utility Vehicle,Station Wagon/Sport Utility Vehicle,0
17751285,3866656,03/20/2018,12:30,baa76483-77c4-445c-8a8e-59e9463c3bd0,Sedan,TOYT -CAR/SUV,2008.0,0.0,,,Parked,Left Rear Bumper,Left Rear Quarter Panel,Center Back End,Right Rear Bumper,No Damage,N,,Unspecified,Unspecified,BROOKLYN,11237.0,"(40.707806, -73.92041)",0.0,0.0,0,0,0,0,0,0,Sedan,,0
18780468,4048882,12/20/2018,12:05,73f9ca5f-40db-4d41-8fa2-1bcac9e5ceaa,Sedan,HOND -CAR/SUV,2018.0,2.0,F,Licensed,Going Straight Ahead,Right Front Bumper,Right Front Bumper,,,,N,,Driver Inattention/Distraction,Following Too Closely,,,"(40.630253, -74.108116)",0.0,0.0,0,0,0,0,0,0,Sedan,Sedan,0
17707398,3835878,01/27/2018,09:30,f1ec3f7c-fc4b-4225-8be7-ad28b5df238a,Sedan,MERZ -CAR/SUV,2014.0,1.0,F,Licensed,Stopped in Traffic,Left Front Bumper,Left Front Bumper,Center Front End,No Damage,No Damage,N,,Unspecified,Unspecified,BROOKLYN,11214.0,"(40.60195, -73.99506)",0.0,0.0,0,0,0,0,0,0,Taxi,Sedan,0
17822448,3889547,04/27/2018,15:05,b5d05139-afe5-4a02-b13f-98c9f070f5b6,Station Wagon/Sport Utility Vehicle,HOND -CAR/SUV,2003.0,1.0,M,Licensed,Going Straight Ahead,Right Front Bumper,Right Front Bumper,,,,N,,Driver Inattention/Distraction,Unspecified,BROOKLYN,11206.0,"(40.703762, -73.94262)",1.0,0.0,1,0,0,0,0,0,Station Wagon/Sport Utility Vehicle,,1
18687581,3917599,06/09/2018,12:30,9415312e-f445-4b68-a983-a938458d712c,Sedan,TOYT -CAR/SUV,2015.0,1.0,F,Licensed,Going Straight Ahead,Right Front Quarter Panel,Right Front Quarter Panel,Right Side Doors,Right Front Bumper,No Damage,N,,Unspecified,Unspecified,STATEN ISLAND,10312.0,"(40.54007, -74.15413)",0.0,0.0,0,0,0,0,0,0,Sedan,Station Wagon/Sport Utility Vehicle,0
17693237,3828252,01/13/2018,12:02,6f8ea99b-7acf-4cd1-9e9f-08660900c7c4,Sedan,LEXS -CAR/SUV,2015.0,1.0,F,Licensed,Going Straight Ahead,Left Front Bumper,Center Front End,Left Front Quarter Panel,,,N,,Unspecified,Unspecified,,,"(40.701813, -73.80888)",0.0,0.0,0,0,0,0,0,0,Sedan,Sedan,0
17743354,3861393,03/12/2018,18:00,802fa81c-0619-4f7d-9010-0315722b2e46,Sedan,LEXS -CAR/SUV,1999.0,1.0,M,Licensed,Going Straight Ahead,Left Front Bumper,Left Front Bumper,Center Front End,,,N,,Driver Inattention/Distraction,Following Too Closely,,,"(40.844105, -73.898)",0.0,0.0,0,0,0,0,0,0,Sedan,Pick-up Truck,0
18793770,3966548,08/23/2018,10:16,f30a88ac-a29a-49b7-b91e-2dbe32301571,Station Wagon/Sport Utility Vehicle,MAZD -CAR/SUV,2018.0,1.0,F,Licensed,Going Straight Ahead,Right Side Doors,Right Side Doors,Right Rear Quarter Panel,,,N,,Unspecified,Unspecified,,,"(40.676304, -73.82029)",0.0,0.0,0,0,0,0,0,0,Station Wagon/Sport Utility Vehicle,,0
18724201,3951550,07/30/2018,07:18,e4712b08-205d-472f-816e-a790a8dd0bc0,Tractor Truck Diesel,INTL-TRUCK/BUS,2002.0,1.0,M,Licensed,Going Straight Ahead,Left Rear Quarter Panel,Left Rear Quarter Panel,,,,N,,Unspecified,Unspecified,,,"(40.80398, -73.831085)",1.0,0.0,0,0,0,0,1,0,Motorcycle,Tractor Truck Diesel,1
17776029,3892513,04/29/2018,18:10,4ef01b22-4183-4ebd-b168-d51a8d2a66da,Sedan,TOYT -CAR/SUV,2013.0,3.0,M,Licensed,Going Straight Ahead,Center Back End,No Damage,No Damage,No Damage,No Damage,Unspecified,,Unspecified,Unspecified,,,"(40.891052, -73.88603)",2.0,0.0,0,0,0,0,2,0,Sedan,Sedan,1
17808631,3885566,04/22/2018,18:50,0faf99c2-879b-4b3d-9069-f14a4848928b,Ambulance,WH/CO,2015.0,2.0,M,Licensed,Going Straight Ahead,Center Front End,Center Front End,,,,N,,Following Too Closely,Unspecified,BRONX,10458.0,"(40.864227, -73.89578)",0.0,0.0,0,0,0,0,0,0,Ambulance,Sedan,0
18809483,3953298,08/03/2018,15:00,7ace62ac-7c8f-4f5f-922f-8e5c22871204,Sedan,BMW -CAR/SUV,2009.0,1.0,M,Licensed,Slowing or Stopping,Center Front End,Center Front End,Left Front Bumper,Right Front Bumper,,N,,Pavement Slippery,Unspecified,,,"(40.752285, -73.94408)",0.0,0.0,0,0,0,0,0,0,Station Wagon/Sport Utility Vehicle,Sedan,0
17753520,3887241,04/23/2018,20:00,89340dd6-ce4b-4d9f-a8a6-8a04959abf32,Sedan,TOYT -CAR/SUV,2005.0,0.0,M,Licensed,Making Left Turn,Left Front Bumper,No Damage,,,,N,,Unspecified,Unspecified,,,"(40.8623, -73.92943)",0.0,0.0,0,0,0,0,0,0,Sedan,,0
18625402,4027154,11/15/2018,17:00,090cbbad-b696-4940-819a-2eece74db5ad,Taxi,TOYT -CAR/SUV,2016.0,3.0,M,Licensed,Going Straight Ahead,Center Back End,Center Back End,No Damage,No Damage,No Damage,N,,Unspecified,Unspecified,BROOKLYN,11233.0,"(40.683548, -73.92619)",0.0,0.0,0,0,0,0,0,0,Taxi,,0
18542607,3926070,06/19/2018,20:30,11378729-5caf-4e79-a005-57390a4d9987,Taxi,TOYT -CAR/SUV,2013.0,2.0,M,Licensed,Going Straight Ahead,Left Front Bumper,No Damage,No Damage,No Damage,No Damage,N,,Driver Inattention/Distraction,Unspecified,,,"(40.814404, -73.96447)",0.0,0.0,0,0,0,0,0,0,Station Wagon/Sport Utility Vehicle,Taxi,0
18639930,3930776,06/27/2018,09:20,34d21141-183b-4cc1-8244-dfeab93e7f5c,Station Wagon/Sport Utility Vehicle,HOND -CAR/SUV,2018.0,2.0,M,,Starting in Traffic,Center Front End,Center Front End,No Damage,No Damage,No Damage,N,,Failure to Yield Right-of-Way,Driver Inattention/Distraction,STATEN ISLAND,10304.0,"(40.617443, -74.07901)",1.0,0.0,0,0,0,0,1,0,Station Wagon/Sport Utility Vehicle,Station Wagon/Sport Utility Vehicle,1
18687477,3944839,07/19/2018,17:00,5f0689be-c048-4b03-a15e-b99efe0d4ed8,Bus,setr,2004.0,1.0,M,Licensed,Going Straight Ahead,Right Front Quarter Panel,No Damage,,,,N,,Unspecified,Unspecified,MANHATTAN,10004.0,"(40.703598, -74.0144)",0.0,0.0,0,0,0,0,0,0,Bus,Bus,0
17713135,3862893,03/06/2018,12:58,d60243b3-d7fd-45d6-bba9-7a098ea031cf,Sedan,HOND -CAR/SUV,2016.0,4.0,F,Licensed,Going Straight Ahead,Center Back End,Center Back End,No Damage,No Damage,No Damage,N,,Reaction to Uninvolved Vehicle,Unspecified,,,"(40.78614, -73.93929)",0.0,0.0,0,0,0,0,0,0,Sedan,Sedan,0
19642271,3979861,09/08/2018,17:20,e3cdaf9a-8b6d-4933-b023-2d3af73b1b39,Taxi,TOYT -CAR/SUV,2018.0,2.0,M,Licensed,Parked,Right Side Doors,Right Side Doors,No Damage,No Damage,,N,,Driver Inattention/Distraction,Passenger Distraction,MANHATTAN,10036.0,"(40.76251, -73.99055)",1.0,0.0,0,0,1,0,0,0,Taxi,Bike,1
17678799,3821517,01/03/2018,08:06,a80cfccd-450c-49b6-8137-cb207f9b8edf,Sedan,JEEP -CAR/SUV,2015.0,1.0,F,Licensed,Going Straight Ahead,Right Front Quarter Panel,Right Front Quarter Panel,Right Side Doors,Right Rear Quarter Panel,No Damage,N,,Unspecified,Unspecified,QUEENS,11435.0,"(40.70058, -73.80775)",0.0,0.0,0,0,0,0,0,0,Sedan,Sedan,0
17800385,3880940,04/05/2018,17:48,c5c31aff-b2c0-4792-a1b3-2bac2d110264,Station Wagon/Sport Utility Vehicle,KIA -CAR/SUV,2009.0,0.0,M,Licensed,Parked,Right Rear Quarter Panel,Right Rear Quarter Panel,Right Rear Bumper,,,N,,Unspecified,Unspecified,QUEENS,11372.0,"(40.75033, -73.87874)",0.0,0.0,0,0,0,0,0,0,Station Wagon/Sport Utility Vehicle,,0
17817106,3874187,04/02/2018,07:56,b5c586b9-c656-432a-a529-0df7337f4d7e,Pick-up Truck,FORD -CAR/SUV,2016.0,1.0,M,Licensed,Stopped in Traffic,Left Rear Bumper,Left Rear Bumper,No Damage,No Damage,No Damage,N,,Unspecified,Unspecified,QUEENS,11435.0,"(40.714222, -73.81626)",0.0,0.0,0,0,0,0,0,0,Pick-up Truck,Sedan,0
18691071,3932955,07/01/2018,23:30,1278ffc8-ab02-42c9-b09d-165f787dd9f8,Taxi,CHRY -CAR/SUV,2016.0,1.0,M,Licensed,Making Left Turn,Center Front End,Center Front End,Left Front Quarter Panel,Center Front End,,N,,Driver Inattention/Distraction,Passing or Lane Usage Improper,BRONX,10452.0,"(40.841835, -73.92243)",1.0,0.0,0,0,0,0,1,0,Taxi,Sedan,1
18786221,3997637,10/10/2018,19:50,7f936d43-9489-4118-84d6-1e4e04a8262c,Station Wagon/Sport Utility Vehicle,HOND -CAR/SUV,2003.0,0.0,F,Licensed,Going Straight Ahead,Left Front Bumper,Left Front Bumper,,,,N,,Unspecified,Unspecified,QUEENS,11369.0,"(40.76813, -73.87625)",1.0,0.0,0,0,0,0,1,0,Station Wagon/Sport Utility Vehicle,Station Wagon/Sport Utility Vehicle,1
18597470,3949646,07/27/2018,17:10,c46c9483-f0c5-41af-b7c4-5bc65978ef77,Station Wagon/Sport Utility Vehicle,JEEP -CAR/SUV,2013.0,2.0,M,Licensed,Going Straight Ahead,Left Front Bumper,Left Front Bumper,,,,N,,Driver Inattention/Distraction,Unspecified,,,"(40.72293, -73.98865)",0.0,0.0,0,0,0,0,0,0,Station Wagon/Sport Utility Vehicle,Sedan,0
17688662,3832324,01/20/2018,14:35,267adc6a-f015-41f5-9ac8-4011174e9bbb,Sedan,TOYT -CAR/SUV,2015.0,1.0,F,Licensed,Making Left Turn,Left Front Quarter Panel,Left Front Quarter Panel,,,,N,,Driver Inattention/Distraction,Unspecified,MANHATTAN,10023.0,"(40.774807, -73.98442)",0.0,0.0,0,0,0,0,0,0,Sedan,Station Wagon/Sport Utility Vehicle,0