UNIQUE_ID,COLLISION_ID,CRASH_DATE,CRASH_TIME,VEHICLE_ID,VEHICLE_TYPE,VEHICLE_MAKE,VEHICLE_YEAR,VEHICLE_OCCUPANTS,DRIVER_SEX,DRIVER_LICENSE_STATUS,PRE_CRASH,POINT_OF_IMPACT,VEHICLE_DAMAGE,VEHICLE_DAMAGE_1,VEHICLE_DAMAGE_2,VEHICLE_DAMAGE_3,PUBLIC_PROPERTY_DAMAGE,PUBLIC_PROPERTY_DAMAGE_TYPE,CONTRIBUTING_FACTOR_1,CONTRIBUTING_FACTOR_2,BOROUGH,ZIP CODE,LOCATION,NUMBER OF PERSONS INJURED,NUMBER OF PERSONS KILLED,NUMBER OF PEDESTRIANS INJURED,NUMBER OF PEDESTRIANS KILLED,NUMBER OF CYCLIST INJURED,NUMBER OF CYCLIST KILLED,NUMBER OF MOTORIST INJURED,NUMBER OF MOTORIST KILLED,VEHICLE TYPE CODE 1,VEHICLE TYPE CODE 2,Severity
18713542,4006302,10/23/2018,15:40,13835230-5d63-4014-a0b7-2742a2f02be2,Station Wagon/Sport Utility Vehicle,INFI -CAR/SUV,2017.0,1.0,M,Licensed,Stopped in Traffic,Left Rear Quarter Panel,Left Rear Quarter Panel,,,,N,,Unspecified,Unspecified,BROOKLYN,11222.0,"(40.730297, -73.95327)",0.0,0.0,0,0,0,0,0,0,Station Wagon/Sport Utility Vehicle,Dump,0
18734994,3940429,07/13/2018,16:30,6c16496c-c967-4ae6-8afb-fb669ccd9915,Sedan,HYUN -CAR/SUV,2015.0,1.0,M,Licensed,Other*,Center Front End,Center Front End,Left Front Bumper,Right Front Bumper,Other,N,,Brakes Defective,Unspecified,,,"(40.604313, -74.05208)",0.0,0.0,0,0,0,0,0,0,Station Wagon/Sport Utility Vehicle,Sedan,0
18624390,3973320,09/03/2018,18:44,b37d3177-a1ba-450b-bb51-93c1cb944726,Sedan,SUBA -CAR/SUV,,4.0,,,Going Straight Ahead,Right Front Bumper,Right Front Bumper,No Damage,No Damage,No Damage,Y,,Aggressive Driving/Road Rage,Alcohol Involvement,BRONX,10456.0,"(40.83004, -73.90837)",0.0,0.0,0,0,0,0,0,0,Sedan,,0
17735944,3874068,04/02/2018,16:00,fc7ada8d-6c5f-42e2-bc26-57a68a6d49e2,Pick-up Truck,FORD -CAR/SUV,2014.0,1.0,M,Licensed,Parked,Left Rear Bumper,Left Rear Bumper,Center Back End,No Damage,No Damage,N,,Unspecified,Unspecified,BRONX,10457.0,"(40.84068, -73.89828)",0.0,0.0,0,0,0,0,0,0,Pick-up Truck,,0
18675346,4002348,10/17/2018,12:25,482aee97-40a4-42be-9c73-4a04070fde6e,Station Wagon/Sport Utility Vehicle,BMW -CAR/SUV,2013.0,1.0,M,Licensed,Stopped in Traffic,Center Back End,Center Back End,Right Rear Bumper,Left Rear Bumper,,N,,Unspecified,Unspecified,BROOKLYN,11215.0,"(40.672768, -73.98672)",0.0,0.0,0,0,0,0,0,0,Station Wagon/Sport Utility Vehicle,Station Wagon/Sport Utility Vehicle,0
18821118,4014580,11/02/2018,20:35,064053aa-ca83-474f-a688-f1f6a413e90b,Station Wagon/Sport Utility Vehicle,HOND -CAR/SUV,2015.0,3.0,M,Licensed,Stopped in Traffic,Center Back End,Center Back End,,,,N,,Unspecified,Unspecified,BRONX,10455.0,"(40.812664, -73.906334)",2.0,0.0,0,0,0,0,2,0,Station Wagon/Sport Utility Vehicle,Station Wagon/Sport Utility Vehicle,1
18579312,3937840,07/09/2018,00:00,b4844ddf-477e-43ba-8262-bfefb8f6d0ba,Station Wagon/Sport Utility Vehicle,FORD -CAR/SUV,2003.0,2.0,F,Licensed,Going Straight Ahead,Right Rear Quarter Panel,Right Rear Bumper,,,,N,,Outside Car Distraction,Unspecified,MANHATTAN,10002.0,"(40.714214, -73.98825)",0.0,0.0,0,0,0,0,0,0,Station Wagon/Sport Utility Vehicle,Station Wagon/Sport Utility Vehicle,0
18617502,3999160,10/10/2018,12:08,cd05c913-c074-4538-9c0a-7cbb3b62d2db,Sedan,TOYT -CAR/SUV,2008.0,1.0,M,Licensed,Stopped in Traffic,Center Back End,Center Back End,,,,N,,Unspecified,Unspecified,,,"(40.71598, -73.97579)",1.0,0.0,0,0,0,0,1,0,Sedan,Sedan,1
18501897,3920143,06/11/2018,12:28,9f972592-6c21-4b2a-8878-545f0fc954c2,Sedan,NISS -CAR/SUV,2016.0,2.0,F,Licensed,Going Straight Ahead,Center Back End,No Damage,No Damage,No Damage,No Damage,N,,Unspecified,Unspecified,MANHATTAN,10000.0,"(40.780956, -73.96121)",1.0,0.0,0,0,0,0,1,0,Sedan,van,1
17728890,3850849,02/21/2018,15:05,32545939-6204-4875-a545-4ca5b40c6f9c,Station Wagon/Sport Utility Vehicle,FORD -CAR/SUV,2016.0,1.0,M,Licensed,Slowing or Stopping,Right Front Bumper,Right Front Bumper,,,,N,,Following Too Closely,Unspecified,MANHATTAN,10018.0,"(40.75834, -73.996414)",0.0,0.0,0,0,0,0,0,0,Sedan,Station Wagon/Sport Utility Vehicle,0
17731536,3846981,02/14/2018,12:00,aee232d5-4f54-4fd7-86e1-4b2c3a5125db,Bus,CHEV-TRUCK/BUS,2013.0,1.0,M,Licensed,Going Straight Ahead,Center Back End,Center Back End,,,,N,,Following Too Closely,Following Too Closely,BROOKLYN,11230.0,"(40.6308, -73.97332)",2.0,0.0,0,0,0,0,2,0,Station Wagon/Sport Utility Vehicle,Bus,1
17838322,3901566,05/15/2018,08:45,b4d44ea2-a309-4545-ad0b-d03aaff9306c,Sedan,DODG -CAR/SUV,2005.0,0.0,F,Licensed,Backing,Left Rear Bumper,Left Rear Quarter Panel,Left Rear Bumper,,,N,,Backing Unsafely,Driver Inattention/Distraction,BRONX,10456.0,"(40.81934, -73.904945)",0.0,0.0,0,0,0,0,0,0,Sedan,Sedan,0
18697786,3947433,07/23/2018,21:45,f96671fc-b7e2-47d4-a6ac-af62d3f98daa,Sedan,TOYT -CAR/SUV,2012.0,0.0,,,Parked,Center Front End,Center Front End,Other,,,N,,Unspecified,Unspecified,BROOKLYN,11209.0,"(40.626335, -74.0269)",1.0,0.0,0,0,0,0,1,0,Sedan,Sedan,1
18880035,3988464,09/26/2018,10:00,80123ea6-e009-491b-bb23-c55973198b7e,Station Wagon/Sport Utility Vehicle,LEXS -CAR/SUV,2016.0,5.0,F,Licensed,Going Straight Ahead,Right Rear Quarter Panel,Right Side Doors,,,,N,,Unspecified,Unspecified,QUEENS,11422.0,"(40.657406, -73.74507)",0.0,0.0,0,0,0,0,0,0,Station Wagon/Sport Utility Vehicle,Sedan,0
17826898,3898042,05/10/2018,13:46,781d7b58-666b-489d-9bc1-1524190a451b,Sedan,TOYT -CAR/SUV,2015.0,1.0,M,Licensed,Going Straight Ahead,Center Front End,Center Front End,Right Front Bumper,,,N,,Driver Inattention/Distraction,Unspecified,BROOKLYN,11219.0,"(40.626656, -73.99492)",0.0,0.0,0,0,0,0,0,0,Station Wagon/Sport Utility Vehicle,Sedan,0
17797746,3877669,04/09/2018,12:06,da3574c9-7c76-417c-8c2d-6a614547232b,Box Truck,TRUCK,,1.0,M,Licensed,Backing,Left Front Bumper,Center Front End,Right Front Bumper,,,N,,Unspecified,Unspecified,BROOKLYN,11218.0,"(40.640022, -73.98229)",0.0,0.0,0,0,0,0,0,0,Sedan,Box Truck,0
18769435,3973187,09/03/2018,06:32,89f64731-2c87-4c85-86bf-75cd99afe30a,Pick-up Truck,FORD -CAR/SUV,2012.0,0.0,,,Parked,Right Front Bumper,Right Front Bumper,Center Front End,Left Front Bumper,Right Front Quarter Panel,N,,Unspecified,Unspecified,BROOKLYN,11236.0,"(40.647717, -73.91535)",1.0,1.0,0,0,0,0,1,1,Pick-up Truck,Sedan,2
17728422,3838037,02/01/2018,00:00,38c9cfc3-8154-4022-808a-9b24cf1a256d,Sedan,MASE -CAR/SUV,2014.0,1.0,M,Licensed,Going Straight Ahead,Left Front Bumper,Left Front Bumper,Right Front Bumper,Center Front End,,N,,Driver Inattention/Distraction,Driver Inexperience,,,"(40.69231, -73.88147)",0.0,0.0,0,0,0,0,0,0,Sedan,,0
17737494,3881234,04/14/2018,21:00,3237332c-68a8-4567-b52b-2c13508bfa31,Sedan,NISS -CAR/SUV,2013.0,1.0,,,Entering Parked Position,Center Front End,No Damage,No Damage,No Damage,No Damage,Unspecified,,Driver Inattention/Distraction,Unspecified,MANHATTAN,10009.0,"(40.729115, -73.983406)",0.0,0.0,0,0,0,0,0,0,Sedan,Sedan,0
17680254,3828734,01/13/2018,22:51,d3d64618-1b87-4009-9a48-c6793876875e,Sedan,BMW -CAR/SUV,2013.0,1.0,M,Licensed,Making Right Turn,Left Front Bumper,Left Front Bumper,Left Front Quarter Panel,,,N,,Driver Inattention/Distraction,Unspecified,MANHATTAN,10027.0,"(40.80907, -73.94455)",0.0,0.0,0,0,0,0,0,0,Sedan,Sedan,0
18736431,3976792,09/06/2018,10:35,e3e60bf5-7e09-4263-b805-d5773624d733,Sedan,TOYT -CAR/SUV,2014.0,2.0,M,Licensed,Stopped in Traffic,Right Side Doors,Right Side Doors,No Damage,No Damage,No Damage,N,,Unspecified,Unspecified,MANHATTAN,10007.0,,1.0,0.0,0,0,0,0,1,0,Sedan,Motorcycle,1
18869204,3978470,09/10/2018,17:15,ebd9d08f-155d-4b2e-9bc8-316b2215e13a,Sedan,FORD -CAR/SUV,2007.0,1.0,M,Licensed,Going Straight Ahead,Left Side Doors,Left Front Quarter Panel,Left Rear Quarter Panel,,,N,,Failure to Yield Right-of-Way,Unspecified,BROOKLYN,11207.0,"(40.671715, -73.8882)",1.0,0.0,0,0,0,0,1,0,Sedan,Sedan,1
17720318,3830054,01/16/2018,17:25,f8c9599f-3fe7-4c33-97aa-c187458c9641,Station Wagon/Sport Utility Vehicle,KIA -CAR/SUV,2007.0,1.0,M,Licensed,Going Straight Ahead,Left Front Quarter Panel,Left Side Doors,Left Rear Quarter Panel,,,N,,Unspecified,Unspecified,,,"(40.76397, -73.81011)",0.0,0.0,0,0,0,0,0,0,Station Wagon/Sport Utility Vehicle,Station Wagon/Sport Utility Vehicle,0
18878482,3981002,09/15/2018,12:45,075686f2-c3da-4305-bc8b-94be9f4f64d2,Sedan,HOND -CAR/SUV,2015.0,2.0,F,Licensed,Making Left Turn,Left Front Bumper,Left Front Bumper,,,,N,,Failure to Yield Right-of-Way,Unspecified,QUEENS,11427.0,"(40.72992, -73.74243)",0.0,0.0,0,0,0,0,0,0,Sedan,Sedan,0
17841275,3894245,05/05/2018,09:00,40e7216f-e794-4694-88ee-c9dbbf5c0c79,Station Wagon/Sport Utility Vehicle,TOYT -CAR/SUV,2016.0,1.0,M,Licensed,Going Straight Ahead,Right Front Quarter Panel,Right Front Quarter Panel,Right Side Doors,Right Side Doors,,N,,Unspecified,Unspecified,,,,0.0,0.0,0,0,0,0,0,0,Station Wagon/Sport Utility Vehicle,Station Wagon/Sport Utility Vehicle,0
18798510,4007406,10/23/2018,10:25,262b9912-e1e9-4e98-a6ac-6fa49db53878,Sedan,ACUR -CAR/SUV,2015.0,1.0,M,Licensed,Going Straight Ahead,Left Side Doors,Left Side Doors,Left Rear Quarter Panel,,,N,,Driver Inattention/Distraction,Driver Inattention/Distraction,QUEENS,11368.0,"(40.75407, -73.85754)",0.0,0.0,0,0,0,0,0,0,Station Wagon/Sport Utility Vehicle,Sedan,0
18828503,4007166,10/19/2018,00:05,c200a66b-94f7-4ef8-88e4-15be4cdb547c,Sedan,LEXS -CAR/SUV,2017.0,1.0,M,Licensed,Changing Lanes,Right Front Quarter Panel,Right Front Quarter Panel,No Damage,No Damage,No Damage,N,,Passing or Lane Usage Improper,Unspecified,,,"(40.610477, -74.09396)",0.0,0.0,0,0,0,0,0,0,Sedan,Sedan,0
18815771,3997098,10/08/2018,18:46,f52d4fdb-58a7-4bdb-9516-6b19de291d6a,Sedan,ACUR -CAR/SUV,2007.0,0.0,,,Parked,Center Back End,Center Back End,Center Front End,No Damage,No Damage,N,,Unspecified,Unspecified,QUEENS,11421.0,"(40.68768, -73.86382)",0.0,0.0,0,0,0,0,0,0,Sedan,Station Wagon/Sport Utility Vehicle,0
17781580,3901253,05/10/2018,18:02,29c599df-5603-4bf1-98da-ebab8dcc3b49,Sedan,HOND -CAR/SUV,2016.0,1.0,M,Licensed,Going Straight Ahead,Center Back End,Center Back End,,,,N,,Unspecified,Unspecified,,,"(40.63043, -73.88593)",0.0,0.0,0,0,0,0,0,0,Sedan,Sedan,0
18720009,3963832,08/18/2018,19:00,14aa3717-7cbf-43c2-89a3-4aeed16dee4e,Sedan,TOYT -CAR/SUV,2005.0,1.0,M,Licensed,Going Straight Ahead,Center Front End,No Damage,,,,N,,Driver Inattention/Distraction,Following Too Closely,,,"(40.722057, -74.00906)",0.0,0.0,0,0,0,0,0,0,Sedan,Sedan,0
18597099,3968665,08/26/2018,20:39,082360b7-b26d-4726-be40-05e437e0d289,Sedan,HOND -CAR/SUV,2017.0,1.0,M,Licensed,Going Straight Ahead,No Damage,No Damage,No Damage,No Damage,No Damage,N,,Failure to Yield Right-of-Way,Unspecified,,,"(40.69595, -73.93764)",1.0,0.0,0,0,0,0,1,0,Sedan,Motorcycle,1
17737830,3853739,02/27/2018,13:00,a4c9c4b9-e424-4ede-b618-c45d7dc20e44,Sedan,LINC -CAR/SUV,2016.0,0.0,,,Parked,Left Front Bumper,Left Front Bumper,Left Front Quarter Panel,,,N,,Unspecified,Unspecified,BROOKLYN,11236.0,"(40.6338, -73.9188)",0.0,0.0,0,0,0,0,0,0,Sedan,,0
18808305,3987822,09/25/2018,18:07,6731ea93-ce39-4db0-8010-3e82f779029f,Station Wagon/Sport Utility Vehicle,CHEV -CAR/SUV,2015.0,1.0,M,Licensed,Going Straight Ahead,Left Rear Bumper,Left Rear Quarter Panel,No Damage,No Damage,No Damage,N,,Unspecified,Unspecified,MANHATTAN,10019.0,"(40.766987, -73.99384)",0.0,0.0,0,0,0,0,0,0,Station Wagon/Sport Utility Vehicle,Station Wagon/Sport Utility Vehicle,0
18861987,4043984,12/13/2018,08:30,8617c3ad-ec71-4edd-b6e9-1291771547a1,Station Wagon/Sport Utility Vehicle,NISS -CAR/SUV,2012.0,1.0,F,Licensed,Stopped in Traffic,Center Back End,Center Back End,,,,N,,Unspecified,Unspecified,QUEENS,11412.0,"(40.690918, -73.7623)",0.0,0.0,0,0,0,0,0,0,Station Wagon/Sport Utility Vehicle,Sedan,0
17714926,3862168,03/13/2018,01:33,4d71609d-4aa0-47de-8507-8924de5abead,Sedan,DODG -CAR/SUV,2016.0,1.0,M,Licensed,Going Straight Ahead,Left Rear Quarter Panel,Left Rear Quarter Panel,No Damage,No Damage,No Damage,N,,Unspecified,Unspecified,MANHATTAN,10003.0,"(40.73059, -73.99242)",0.0,0.0,0,0,0,0,0,0,Taxi,Sedan,0
17731869,3835827,01/26/2018,23:00,5bcb47cc-8180-4afb-aa26-58053873dea4,Station Wagon/Sport Utility Vehicle,HOND -CAR/SUV,2017.0,2.0,M,Licensed,Going Straight Ahead,Right Front Quarter Panel,Right Front Quarter Panel,Right Side Doors,Right Front Bumper,,N,,Unspecified,Unspecified,QUEENS,11101.0,"(40.74046, -73.93727)",1.0,0.0,0,0,0,0,1,0,Station Wagon/Sport Utility Vehicle,Sedan,1
18616179,3950944,06/11/2018,23:00,31cb4eb8-0845-4422-acd3-e404572808e1,Station Wagon/Sport Utility Vehicle,JEEP -CAR/SUV,2006.0,1.0,M,Licensed,Going Straight Ahead,Center Back End,Center Back End,,,,N,,Unspecified,Unspecified,,,"(40.7968, -73.929375)",0.0,0.0,0,0,0,0,0,0,Station Wagon/Sport Utility Vehicle,Sedan,0
17684092,3826716,01/11/2018,17:45,6c50a442-e87d-4b78-b52d-8ba056db1311,Sedan,HOND -CAR/SUV,2014.0,1.0,M,Licensed,Changing Lanes,Right Rear Quarter Panel,Right Rear Quarter Panel,Right Rear Bumper,,,N,,Unsafe Lane Changing,Unspecified,,,,0.0,0.0,0,0,0,0,0,0,Station Wagon/Sport Utility Vehicle,Sedan,0
18660483,3908758,05/25/2018,14:20,90cfba4d-56b6-493c-babc-79708f8bfa6d,Van,FORD-TRUCK/BUS,2016.0,2.0,M,Licensed,Parked,Left Rear Quarter Panel,Left Side Doors,Left Front Quarter Panel,Left Rear Quarter Panel,,N,,Unspecified,Unspecified,MANHATTAN,10022.0,,0.0,0.0,0,0,0,0,0,0,Van,Taxi,0
17728089,3844750,02/09/2018,13:36,7b694de2-db5d-48bc-8ed2-74b3384b6b6d,Sedan,MERZ -CAR/SUV,2014.0,0.0,,,Parked,Left Front Quarter Panel,Left Side Doors,,,,N,,Unspecified,Unspecified,BROOKLYN,11220.0,"(40.639095, -74.00492)",0.0,0.0,0,0,0,0,0,0,Sedan,,0
18873219,3971434,08/22/2018,11:00,93df08d5-2f11-4bf0-a0b7-0f84a14f22f6,Sedan,LEXS -CAR/SUV,2016.0,0.0,,,Parked,Center Back End,Center Back End,Left Rear Bumper,Right Rear Bumper,,N,,Unspecified,Unspecified,,,"(40.66159, -73.77065)",0.0,0.0,0,0,0,0,0,0,Sedan,Station Wagon/Sport Utility Vehicle,0
18758397,3967761,08/23/2018,00:00,10700349-a0b2-4f5f-acad-068053657c49,Sedan,TOYT -CAR/SUV,2014.0,0.0,F,Licensed,Parked,Left Rear Bumper,Left Rear Bumper,Center Back End,Right Rear Bumper,,N,,Unspecified,Unspecified,QUEENS,11373.0,"(40.73379, -73.8772)",0.0,0.0,0,0,0,0,0,0,Sedan,,0
17715640,3845858,02/13/2018,14:50,1b175eaf-fc7c-4140-ab79-6c26d337f25b,Station Wagon/Sport Utility Vehicle,FORD -CAR/SUV,2016.0,1.0,M,Licensed,Stopped in Traffic,Center Back End,Center Back End,Right Rear Bumper,Left Rear Bumper,No Damage,N,,Unspecified,Unspecified,BROOKLYN,11222.0,"(40.727726, -73.94231)",0.0,0.0,0,0,0,0,0,0,Station Wagon/Sport Utility Vehicle,Station Wagon/Sport Utility Vehicle,0
18603137,3917034,06/07/2018,22:45,f6a4a08d-c40b-44ea-a07c-3289c32e3527,Sedan,TOYT -CAR/SUV,2014.0,1.0,M,Licensed,Making Left Turn,Right Front Quarter Panel,Right Front Quarter Panel,,,,N,,Driver Inattention/Distraction,Driver Inattention/Distraction,,,"(40.670006, -73.95328)",0.0,0.0,0,0,0,0,0,0,Sedan,Station Wagon/Sport Utility Vehicle,0
17783400,3902131,05/16/2018,14:06,cb7ba684-3cd7-41a6-b657-69c36ca4fb99,Station Wagon/Sport Utility Vehicle,JEEP -CAR/SUV,2010.0,0.0,,,Parked,Left Rear Bumper,Left Rear Quarter Panel,Left Side Doors,Left Front Quarter Panel,Center Front End,N,,Unspecified,Unspecified,BROOKLYN,11236.0,"(40.636536, -73.90941)",0.0,0.0,0,0,0,0,0,0,Station Wagon/Sport Utility Vehicle,Station Wagon/Sport Utility Vehicle,0
17749855,3844945,02/11/2018,21:45,79bc128c-7abd-4ec9-8862-81f205b3c5ed,Station Wagon/Sport Utility Vehicle,TOYT -CAR/SUV,2017.0,1.0,M,Licensed,Going Straight Ahead,Right Front Quarter Panel,Right Front Quarter Panel,,,,N,,Unsafe Lane Changing,Unspecified,MANHATTAN,10022.0,"(40.761234, -73.96389)",0.0,0.0,0,0,0,0,0,0,Sedan,Station Wagon/Sport Utility Vehicle,0
17825402,3895304,05/05/2018,03:40,9b48ecb5-04a3-4970-b4d8-6258b326c926,Sedan,HOND -CAR/SUV,,1.0,M,Licensed,Going Straight Ahead,Left Front Bumper,Left Front Bumper,Left Front Quarter Panel,,,N,,Reaction to Uninvolved Vehicle,Unspecified,QUEENS,11368.0,"(40.74042, -73.85639)",0.0,0.0,0,0,0,0,0,0,Sedan,Station Wagon/Sport Utility Vehicle,0
18707552,3953677,07/31/2018,21:54,5d5d4737-768b-4f1c-94b4-ad98a9c522d7,Sedan,MERZ -CAR/SUV,2018.0,1.0,M,Licensed,Entering Parked Position,Right Front Bumper,Right Front Bumper,Right Front Bumper,,,N,,Unspecified,Unspecified,BROOKLYN,11228.0,"(40.618538, -74.02364)",0.0,0.0,0,0,0,0,0,0,Sedan,Sedan,0
17822010,4025850,04/19/2018,08:30,b9a085e8-7168-4292-a28d-22f6f02df93b,Station Wagon/Sport Utility Vehicle,CHEV -CAR/SUV,2016.0,1.0,M,Licensed,Going Straight Ahead,Right Rear Quarter Panel,Right Rear Quarter Panel,,,,N,,Unspecified,Unspecified,,,"(40.71444, -73.83127)",0.0,0.0,0,0,0,0,0,0,Station Wagon/Sport Utility Vehicle,,0
17867911,3890411,04/27/2018,00:00,8b7d3c89-4e20-4fc0-a2e1-6e484661aa24,Sedan,HYUN -CAR/SUV,2016.0,1.0,M,Licensed,Going Straight Ahead,Center Front End,No Damage,No Damage,No Damage,No Damage,N,,Following Too Closely,Pavement Slippery,,,"(40.651863, -73.86536)",1.0,0.0,0,0,0,0,1,0,Sedan,Sedan,1
17757700,3848126,02/17/2018,23:00,2373aa1c-c999-4fea-b349-104ca749267c,Sedan,NISS -CAR/SUV,2016.0,1.0,M,Licensed,Going Straight Ahead,Left Rear Bumper,Left Rear Bumper,Right Front Bumper,Right Front Quarter Panel,Center Front End,N,,Unspecified,Unspecified,QUEENS,11417.0,"(40.680305, -73.844536)",0.0,0.0,0,0,0,0,0,0,Sedan,Sedan,0
17829431,3884117,04/19/2018,16:53,e70062c0-df08-49f3-9916-0d35ebda9d8a,Station Wagon/Sport Utility Vehicle,TOYT -CAR/SUV,2009.0,1.0,M,Licensed,Changing Lanes,Right Front Quarter Panel,Right Front Quarter Panel,,,,N,,Unsafe Lane Changing,Unspecified,,,"(40.66929, -73.842445)",0.0,0.0,0,0,0,0,0,0,Station Wagon/Sport Utility Vehicle,Sedan,0
18740512,4035252,11/30/2018,00:00,40699675-299b-456a-a165-14cfa34146d3,Taxi,TOYT -CAR/SUV,2014.0,1.0,M,Licensed,Going Straight Ahead,Right Side Doors,Right Side Doors,Right Rear Quarter Panel,Right Rear Quarter Panel,No Damage,N,,Unspecified,Unspecified,,,"(40.79931, -73.943245)",0.0,0.0,0,0,0,0,0,0,Taxi,Station Wagon/Sport Utility Vehicle,0
18845908,4030422,11/21/2018,12:30,73ba30c2-6903-45c1-9985-ddf5cd982612,Station Wagon/Sport Utility Vehicle,TOYT -CAR/SUV,2015.0,2.0,M,Licensed,Going Straight Ahead,Right Rear Quarter Panel,Right Rear Quarter Panel,Right Rear Bumper,,,N,,Unsafe Lane Changing,Unspecified,,,"(40.70847, -73.81969)",0.0,0.0,0,0,0,0,0,0,Station Wagon/Sport Utility Vehicle,Station Wagon/Sport Utility Vehicle,0
18687092,3949651,07/26/2018,15:40,53cd495a-513e-42e3-bf13-104e89d30082,Flat Bed,KW-TRUCK/BUS,2018.0,1.0,M,Licensed,Starting in Traffic,Right Front Quarter Panel,Right Front Quarter Panel,,,,N,,Unspecified,Unspecified,,,"(40.686928, -73.98484)",0.0,0.0,0,0,0,0,0,0,Flat Bed,Station Wagon/Sport Utility Vehicle,0
18888522,4040578,12/08/2018,08:25,7af76009-bdb5-489e-904e-fce43534efed,Sedan,NISS -CAR/SUV,2010.0,1.0,M,Licensed,Stopped in Traffic,Center Front End,Center Front End,Left Front Bumper,Right Front Bumper,,N,,Unspecified,Unspecified,,,"(40.665257, -73.739555)",0.0,0.0,0,0,0,0,0,0,Sedan,Station Wagon/Sport Utility Vehicle,0
18728622,3999150,10/02/2018,10:30,c116b901-9926-44c2-bdd5-4d5b797eb913,Sedan,TOYT -CAR/SUV,2003.0,0.0,,,Parked,Right Rear Quarter Panel,Right Rear Quarter Panel,No Damage,No Damage,No Damage,N,,Unspecified,Unspecified,STATEN ISLAND,10310.0,"(40.64215, -74.11504)",0.0,0.0,0,0,0,0,0,0,Sedan,Pick-up Truck,0
18782720,3920938,06/14/2018,09:00,4a0c5eb7-b70b-42a5-b0d7-3c03514fa1b3,Sedan,INFI -CAR/SUV,2008.0,1.0,M,Licensed,Making Left Turn,Right Front Bumper,Center Front End,Left Front Bumper,,,N,,Unspecified,Unspecified,BROOKLYN,11207.0,"(40.67993, -73.90126)",1.0,0.0,0,0,0,0,1,0,Sedan,Moped,1
17848904,3905299,05/19/2018,14:37,1e9ef28c-3802-4cc9-a099-fb617124e341,Sedan,KIA -CAR/SUV,2016.0,3.0,M,,Going Straight Ahead,Left Front Bumper,Left Front Bumper,Left Front Quarter Panel,Left Side Doors,Left Rear Quarter Panel,N,,Driver Inattention/Distraction,Unsafe Lane Changing,QUEENS,11434.0,"(40.67946, -73.76114)",1.0,0.0,0,0,0,0,1,0,Station Wagon/Sport Utility Vehicle,Sedan,1
17676804,3820769,01/01/2018,23:00,b7ec1a7c-b3c0-4da6-947b-b309fa4ba9b8,Sedan,TOYT -CAR/SUV,2014.0,1.0,M,Licensed,Making Right Turn,Left Front Bumper,Left Front Quarter Panel,,,,N,,Failure to Yield Right-of-Way,Passing or Lane Usage Improper,QUEENS,11356.0,"(40.78918, -73.83817)",0.0,0.0,0,0,0,0,0,0,Sedan,Sedan,0
18838385,3932088,06/30/2018,08:25,1c78ffd1-928d-49be-9385-64b61776ebef,Sedan,NISS -CAR/SUV,2005.0,1.0,M,Licensed,Going Straight Ahead,Right Side Doors,Right Side Doors,,,,N,,Fatigued/Drowsy,Passing Too Closely,QUEENS,11422.0,"(40.662804, -73.73112)",0.0,0.0,0,0,0,0,0,0,Station Wagon/Sport Utility Vehicle,Sedan,0
18658031,3976063,09/06/2018,14:30,b7a6bcff-04cd-4604-ad83-9087b4804eca,Sedan,INFI -CAR/SUV,2005.0,1.0,M,Licensed,Going Straight Ahead,Left Front Quarter Panel,Left Front Quarter Panel,Left Front Bumper,,,N,,Unspecified,Unspecified,BROOKLYN,11236.0,"(40.633286, -73.91674)",0.0,0.0,0,0,0,0,0,0,Sedan,Station Wagon/Sport Utility Vehicle,0
18760860,4052356,12/19/2018,13:30,3c8e5a04-3609-4099-b7a2-2cde13141a86,,FIRE TRUCK,,,,,Going Straight Ahead,Right Front Quarter Panel,Other,,,,N,,Oversized Vehicle,Unspecified,MANHATTAN,10002.0,"(40.715836, -73.9949)",0.0,0.0,0,0,0,0,0,0,Sedan,,0
18738375,3962209,08/15/2018,19:00,f7ef1764-1f91-4f0f-a3b6-dc823826736c,Sedan,VOLK -CAR/SUV,2010.0,1.0,M,Licensed,Going Straight Ahead,Center Front End,Left Front Bumper,Center Front End,Right Front Bumper,,N,,Driver Inattention/Distraction,Following Too Closely,,,"(40.771374, -73.877144)",0.0,0.0,0,0,0,0,0,0,Station Wagon/Sport Utility Vehicle,Sedan,0
18872192,4056058,12/26/2018,06:00,7ad7cb5c-be2d-45f7-89c1-eff9f42b0089,Station Wagon/Sport Utility Vehicle,HOND -CAR/SUV,2013.0,1.0,M,Licensed,Going Straight Ahead,Right Front Quarter Panel,Right Front Quarter Panel,Right Front Bumper,,,N,,Unspecified,Unspecified,MANHATTAN,10021.0,"(40.76975, -73.96061)",0.0,0.0,0,0,0,0,0,0,Station Wagon/Sport Utility Vehicle,Pick-up Truck,0
17863284,3887020,04/23/2018,01:40,a068cff9-51d0-4e0c-90a5-f29ab23117d0,Pick-up Truck,DODG -CAR/SUV,2008.0,1.0,,,Backing,Left Rear Bumper,Left Rear Bumper,No Damage,No Damage,No Damage,N,,Backing Unsafely,Unspecified,BROOKLYN,11207.0,"(40.665134, -73.888405)",0.0,0.0,0,0,0,0,0,0,Pick-up Truck,Station Wagon/Sport Utility Vehicle,0
17836159,3905837,05/18/2018,13:30,46c12050-dd1a-482e-83e1-452d0773d555,Sedan,TOYT -CAR/SUV,,,,,,,,,,,Unspecified,,,,,,"(40.82267, -73.92007)",0.0,0.0,0,0,0,0,0,0,Sedan,Sedan,0