UNIQUE_ID,COLLISION_ID,CRASH_DATE,CRASH_TIME,VEHICLE_ID,VEHICLE_TYPE,VEHICLE_MAKE,VEHICLE_YEAR,VEHICLE_OCCUPANTS,DRIVER_SEX,DRIVER_LICENSE_STATUS,PRE_CRASH,POINT_OF_IMPACT,VEHICLE_DAMAGE,VEHICLE_DAMAGE_1,VEHICLE_DAMAGE_2,VEHICLE_DAMAGE_3,PUBLIC_PROPERTY_DAMAGE,PUBLIC_PROPERTY_DAMAGE_TYPE,CONTRIBUTING_FACTOR_1,CONTRIBUTING_FACTOR_2,BOROUGH,ZIP CODE,LOCATION,NUMBER OF PERSONS INJURED,NUMBER OF PERSONS KILLED,NUMBER OF PEDESTRIANS INJURED,NUMBER OF PEDESTRIANS KILLED,NUMBER OF CYCLIST INJURED,NUMBER OF CYCLIST KILLED,NUMBER OF MOTORIST INJURED,NUMBER OF MOTORIST KILLED,VEHICLE TYPE CODE 1,VEHICLE TYPE CODE 2,Severity
18771372,4041722,12/10/2018,08:21,49bbd5ce-be10-4bce-b1ad-2b4f0030ec94,Sedan,JEEP -CAR/SUV,2017.0,2.0,M,Licensed,Going Straight Ahead,Center Back End,Center Back End,,,,N,,Unspecified,Unspecified,,,"(40.8617, -73.89139)",0.0,0.0,0,0,0,0,0,0,Sedan,Tanker,0
17780035,3899625,05/12/2018,19:50,b3753984-4abb-4645-a7bf-697d954e3980,Station Wagon/Sport Utility Vehicle,FORD -CAR/SUV,2001.0,1.0,M,Licensed,Going Straight Ahead,Right Front Bumper,No Damage,,,,N,,Driver Inattention/Distraction,Passing Too Closely,BROOKLYN,11215.0,"(40.672386, -73.98246)",0.0,0.0,0,0,0,0,0,0,Station Wagon/Sport Utility Vehicle,Station Wagon/Sport Utility Vehicle,0
18685289,4009692,10/22/2018,14:30,6d621d61-cafa-474b-a90b-484b006a8b7b,Station Wagon/Sport Utility Vehicle,MERC -CAR/SUV,2000.0,2.0,M,Licensed,Making Right Turn,Right Front Quarter Panel,Right Front Quarter Panel,Right Side Doors,,,N,,Passing Too Closely,Unspecified,BROOKLYN,11213.0,"(40.677917, -73.93861)",0.0,0.0,0,0,0,0,0,0,Station Wagon/Sport Utility Vehicle,Sedan,0
17851682,3900357,05/13/2018,14:15,7f196a2c-31de-4e1f-af5e-bd798651e035,Station Wagon/Sport Utility Vehicle,NISS -CAR/SUV,2002.0,4.0,F,Licensed,Making Left Turn,Right Front Quarter Panel,Center Front End,No Damage,No Damage,No Damage,N,,Driver Inattention/Distraction,Failure to Yield Right-of-Way,QUEENS,11419.0,"(40.68884, -73.8219)",0.0,0.0,0,0,0,0,0,0,Station Wagon/Sport Utility Vehicle,Sedan,0
18661702,4026078,06/14/2018,17:20,db9ec1c8-b48a-4706-ba11-f35bdc4534ba,Sedan,HOND -CAR/SUV,2012.0,1.0,F,Licensed,Making Right Turn,Right Rear Bumper,Right Rear Bumper,Left Front Bumper,Center Back End,,N,,Unspecified,Unspecified,BROOKLYN,11230.0,"(40.619984, -73.96427)",0.0,0.0,0,0,0,0,0,0,Sedan,Station Wagon/Sport Utility Vehicle,0
17744658,3866744,03/21/2018,21:20,941f59f6-8666-4dd4-b804-06c9928fe5b1,Station Wagon/Sport Utility Vehicle,FORD -CAR/SUV,2004.0,1.0,M,Licensed,Making Right Turn,Left Front Bumper,Center Front End,Left Front Bumper,,,N,,Driver Inattention/Distraction,Failure to Yield Right-of-Way,BROOKLYN,11225.0,"(40.65807, -73.960434)",1.0,0.0,1,0,0,0,0,0,Station Wagon/Sport Utility Vehicle,Sedan,1
18721005,3996599,10/08/2018,19:10,74ebc815-8de5-4be4-81a0-7849ebeb17f6,Sedan,HOND -CAR/SUV,2018.0,0.0,M,Licensed,Going Straight Ahead,Right Side Doors,Right Side Doors,No Damage,No Damage,No Damage,N,,Unspecified,Unspecified,BRONX,10460.0,"(40.839584, -73.87032)",0.0,0.0,0,0,0,0,0,0,Sedan,Sedan,0
17743561,3839720,02/03/2018,14:00,0175b694-e0aa-4f2b-9ce7-952ed04ce24f,Station Wagon/Sport Utility Vehicle,DODG -CAR/SUV,2003.0,1.0,M,Licensed,Going Straight Ahead,Center Front End,Center Front End,,,,N,,Following Too Closely,Unspecified,,,"(40.73487, -73.92331)",0.0,0.0,0,0,0,0,0,0,Station Wagon/Sport Utility Vehicle,,0
18806364,3981423,09/14/2018,12:00,8f68865f-f6d9-4f0a-a58a-8c04e50e6ce8,Station Wagon/Sport Utility Vehicle,PLYM -CAR/SUV,1999.0,0.0,,,Parked,Right Rear Bumper,Right Rear Quarter Panel,Right Side Doors,Right Front Bumper,,N,,Unspecified,Unspecified,QUEENS,11379.0,"(40.7198, -73.888275)",0.0,0.0,0,0,0,0,0,0,Station Wagon/Sport Utility Vehicle,,0
18632231,3907673,05/25/2018,13:11,ee78f821-afb1-40f8-abb9-b5f3044cf507,Station Wagon/Sport Utility Vehicle,NISS -CAR/SUV,2015.0,1.0,M,Licensed,Going Straight Ahead,Right Side Doors,Right Side Doors,No Damage,No Damage,No Damage,N,,Driver Inattention/Distraction,Unspecified,MANHATTAN,10005.0,"(40.704273, -74.00869)",0.0,0.0,0,0,0,0,0,0,Station Wagon/Sport Utility Vehicle,Van Camper,0
18708958,3930017,06/27/2018,09:05,22d70a6a-ad71-4d54-a5ff-cc73c4287dda,Sedan,TOYT -CAR/SUV,2017.0,1.0,M,Licensed,Going Straight Ahead,Right Side Doors,Right Side Doors,,,,N,,Other Vehicular,Unspecified,MANHATTAN,10019.0,,0.0,0.0,0,0,0,0,0,0,Sedan,Taxi,0
18589194,3951845,07/31/2018,14:30,9cecb13e-c854-4273-813b-9bfba99eefaa,Station Wagon/Sport Utility Vehicle,JEEP -CAR/SUV,2018.0,1.0,M,Licensed,Going Straight Ahead,Center Front End,Center Front End,Center Back End,,,N,,Following Too Closely,Unspecified,,,"(40.71058, -73.9835)",0.0,0.0,0,0,0,0,0,0,Station Wagon/Sport Utility Vehicle,Sedan,0
18619201,3925674,06/16/2018,00:56,e17c656f-0cde-4f6d-928c-701c9ae8f09c,Station Wagon/Sport Utility Vehicle,TOYT -CAR/SUV,2005.0,1.0,M,Licensed,Making Right Turn,Center Front End,Center Front End,Left Front Bumper,Right Front Bumper,No Damage,N,,Unspecified,Unspecified,MANHATTAN,10012.0,"(40.72032, -73.99404)",0.0,0.0,0,0,0,0,0,0,Station Wagon/Sport Utility Vehicle,Sedan,0
18730973,3980587,09/13/2018,17:20,11ddf680-fc87-479b-888c-121b6bab2f14,Station Wagon/Sport Utility Vehicle,DODG -CAR/SUV,2016.0,1.0,M,Licensed,Changing Lanes,Left Rear Quarter Panel,Left Rear Quarter Panel,,,,N,,Unsafe Lane Changing,Passing Too Closely,,,"(40.720066, -73.84086)",0.0,0.0,0,0,0,0,0,0,Sedan,Station Wagon/Sport Utility Vehicle,0
18890094,4052039,12/22/2018,20:30,7888d021-bc92-4e4e-9b48-c271ea34f3a4,Station Wagon/Sport Utility Vehicle,BMW -CAR/SUV,2013.0,1.0,M,Licensed,Going Straight Ahead,Center Back End,Center Back End,No Damage,No Damage,No Damage,N,,Unspecified,Unspecified,,,,0.0,0.0,0,0,0,0,0,0,Station Wagon/Sport Utility Vehicle,Station Wagon/Sport Utility Vehicle,0
17753443,3870958,03/28/2018,20:30,9531d369-3b01-4c68-9deb-6cbb3cece4bc,Bus,NO/BU,2012.0,1.0,M,Licensed,Going Straight Ahead,Right Rear Bumper,Right Rear Bumper,No Damage,No Damage,No Damage,N,,Passing Too Closely,Unspecified,,,"(40.68039, -73.94956)",0.0,0.0,0,0,0,0,0,0,Sedan,Bus,0
18669104,3992184,09/27/2018,18:00,37dba599-91fd-4bdc-bb23-1b5547a256ab,Sedan,NISS -CAR/SUV,2018.0,1.0,F,Licensed,Going Straight Ahead,Center Back End,Center Back End,,,,N,,Unspecified,Unspecified,BROOKLYN,11213.0,"(40.668495, -73.925606)",0.0,0.0,0,0,0,0,0,0,Sedan,Sedan,0
17685209,3829689,01/12/2018,20:30,fa16310e-c48e-43f1-9466-6ef9e1859964,Taxi,BMW -CAR/SUV,2013.0,2.0,M,Licensed,Parked,Right Side Doors,No Damage,,,,N,,Unspecified,Unspecified,MANHATTAN,10001.0,"(40.74777, -74.000404)",1.0,0.0,0,0,1,0,0,0,Bike,Taxi,1
19607914,3862988,03/14/2018,13:30,52fad712-5864-4ad2-b03d-638c5e0ead87,Station Wagon/Sport Utility Vehicle,MAZD -CAR/SUV,2018.0,0.0,,,Parked,Left Front Quarter Panel,Left Front Quarter Panel,,,,N,,Unspecified,Unspecified,QUEENS,11367.0,"(40.717674, -73.81713)",0.0,0.0,0,0,0,0,0,0,Pick-up Truck,Station Wagon/Sport Utility Vehicle,0
18624471,3920831,06/09/2018,09:20,50bedaae-11a4-4a8b-b137-5fd6bcd3365f,Station Wagon/Sport Utility Vehicle,MERZ -CAR/SUV,2017.0,1.0,M,Licensed,Going Straight Ahead,Left Rear Bumper,Left Rear Bumper,Left Rear Quarter Panel,No Damage,No Damage,N,,Unspecified,Unspecified,BRONX,10461.0,"(40.844486, -73.846245)",0.0,0.0,0,0,0,0,0,0,Station Wagon/Sport Utility Vehicle,Sedan,0
18864093,4033987,11/26/2018,21:00,f083360d-ac6e-4dd4-a9ab-88c0569d30b6,Sedan,DODG -CAR/SUV,2012.0,1.0,M,Licensed,Going Straight Ahead,Left Front Quarter Panel,Left Front Quarter Panel,No Damage,No Damage,No Damage,N,,Unspecified,Unspecified,MANHATTAN,10028.0,"(40.77493, -73.950806)",0.0,0.0,0,0,0,0,0,0,Sedan,Sedan,0
17812023,3890610,04/26/2018,14:30,73ed86f1-e3ad-48e9-ac10-949cb900f167,Station Wagon/Sport Utility Vehicle,KIA -CAR/SUV,2000.0,1.0,M,Licensed,Making Right Turn,Left Front Bumper,Left Front Bumper,,,,N,,Turning Improperly,Passing Too Closely,QUEENS,11412.0,"(40.706192, -73.767944)",0.0,0.0,0,0,0,0,0,0,Station Wagon/Sport Utility Vehicle,Station Wagon/Sport Utility Vehicle,0
18738698,3974383,09/03/2018,00:30,6be5eea3-4db1-4fac-80ae-d8e410191490,Taxi,TOYT -CAR/SUV,2017.0,2.0,M,Licensed,Starting from Parking,Right Front Bumper,Right Front Bumper,Right Front Quarter Panel,,,N,,Failure to Yield Right-of-Way,Unspecified,MANHATTAN,10001.0,"(40.749706, -73.99157)",0.0,0.0,0,0,0,0,0,0,Taxi,Taxi,0
17764580,3890286,04/27/2018,16:35,58163287-bf0e-4ffb-9436-c89a6ca84e79,Station Wagon/Sport Utility Vehicle,HOND -CAR/SUV,2009.0,0.0,F,Licensed,Going Straight Ahead,Right Front Bumper,Right Front Bumper,,,,N,,Unspecified,Unspecified,BRONX,10474.0,"(40.817825, -73.890526)",0.0,0.0,0,0,0,0,0,0,Station Wagon/Sport Utility Vehicle,Station Wagon/Sport Utility Vehicle,0
17831370,3888312,04/23/2018,09:56,b9e6b925-7981-423f-9cbf-f76924c13bb7,Box Truck,FRHT-TRUCK/BUS,2015.0,1.0,F,Licensed,Going Straight Ahead,Right Side Doors,Right Side Doors,No Damage,No Damage,No Damage,N,,Unspecified,Unspecified,BRONX,10470.0,"(40.895374, -73.86356)",3.0,0.0,0,0,0,0,3,0,Box Truck,Station Wagon/Sport Utility Vehicle,1
17745990,3877113,04/02/2018,09:00,46d63970-1d93-41ce-b2a2-9895f11f4021,Station Wagon/Sport Utility Vehicle,JEEP -CAR/SUV,2017.0,0.0,,,Parked,Left Rear Bumper,Left Side Doors,Left Rear Quarter Panel,Left Front Quarter Panel,,N,,Unspecified,Unspecified,STATEN ISLAND,10312.0,"(40.547794, -74.1997)",0.0,0.0,0,0,0,0,0,0,Station Wagon/Sport Utility Vehicle,,0
17681758,3828704,01/14/2018,04:15,90df577b-edbc-4d80-9f96-b5be4897a70f,Station Wagon/Sport Utility Vehicle,HOND -CAR/SUV,2015.0,1.0,M,Licensed,Making Left Turn,Left Side Doors,Left Side Doors,No Damage,No Damage,No Damage,N,,Driver Inexperience,Unspecified,,,"(40.797367, -73.96053)",0.0,0.0,0,0,0,0,0,0,Station Wagon/Sport Utility Vehicle,Station Wagon/Sport Utility Vehicle,0
18722973,3960712,08/10/2018,19:45,0a23918c-94de-4c92-9d9f-8e9ada3d84c3,Sedan,FORD -CAR/SUV,2018.0,2.0,M,Licensed,Passing,Right Side Doors,Right Side Doors,Right Front Quarter Panel,Right Front Bumper,Center Front End,N,,Passing or Lane Usage Improper,Driver Inattention/Distraction,QUEENS,11423.0,"(40.711132, -73.76166)",3.0,0.0,0,0,0,0,3,0,Sedan,Lift Boom,1
17107176,4023929,01/28/2018,21:25,19fc4861-185e-4648-9c35-e27464aa5c03,Sedan,DODG -CAR/SUV,2012.0,3.0,M,Licensed,Going Straight Ahead,Left Side Doors,Left Side Doors,Left Front Quarter Panel,,,N,,Passing Too Closely,Unspecified,,,"(40.73261, -73.8686)",4.0,0.0,0,0,0,0,0,0,Sedan,,1
18649375,3914285,06/01/2018,18:00,07301f2f-6a7f-4d8e-b3fb-6e4a203cb45a,Station Wagon/Sport Utility Vehicle,JEEP -CAR/SUV,2017.0,1.0,,,Parked,Left Side Doors,Left Front Quarter Panel,,,,N,,Unspecified,Unspecified,BROOKLYN,11230.0,"(40.62537, -73.97612)",1.0,0.0,0,0,0,0,1,0,Van,Station Wagon/Sport Utility Vehicle,1
17726921,3840769,02/05/2018,07:15,64018463-98dd-4fa8-a417-581349e6b04d,Station Wagon/Sport Utility Vehicle,MITS -CAR/SUV,2001.0,1.0,M,Licensed,Parked,Right Front Bumper,Right Front Bumper,Center Front End,No Damage,No Damage,N,,Unspecified,Unspecified,BROOKLYN,11203.0,"(40.652462, -73.922516)",0.0,0.0,0,0,0,0,0,0,Station Wagon/Sport Utility Vehicle,Station Wagon/Sport Utility Vehicle,0
17740749,3839604,02/02/2018,12:32,5d8b33dc-40b1-439f-b205-0aee74f2aa9c,Taxi,NISS -CAR/SUV,2016.0,1.0,M,Licensed,Making U Turn,Center Front End,Center Front End,Left Front Bumper,Right Front Bumper,,N,,Passing or Lane Usage Improper,Turning Improperly,,,"(40.768227, -73.929146)",0.0,0.0,0,0,0,0,0,0,Taxi,Taxi,0
17722331,3841608,02/03/2018,21:21,f7be63eb-46dd-406b-a577-16f736f827c2,Station Wagon/Sport Utility Vehicle,DODG -CAR/SUV,2017.0,3.0,F,Licensed,Parked,Left Front Quarter Panel,Left Front Quarter Panel,No Damage,No Damage,No Damage,N,,Unspecified,Unspecified,,,"(40.875, -73.87471)",1.0,0.0,0,0,0,0,1,0,Station Wagon/Sport Utility Vehicle,Station Wagon/Sport Utility Vehicle,1
18780893,3969517,08/28/2018,13:50,7bdcae3d-03aa-41fe-b673-ea6624d107ab,Sedan,HOND -CAR/SUV,2017.0,1.0,F,Licensed,Slowing or Stopping,Right Rear Bumper,Right Rear Bumper,,,,N,,Unspecified,Other Vehicular,MANHATTAN,10036.0,,0.0,0.0,0,0,0,0,0,0,Sedan,Sedan,0
18707491,3981085,09/14/2018,16:35,7502ff17-f3eb-4bb9-b7e1-6b246ef5f452,Sedan,JEEP -CAR/SUV,2008.0,0.0,M,Licensed,Backing,Center Back End,Center Back End,Center Back End,No Damage,No Damage,N,,Driver Inattention/Distraction,Alcohol Involvement,STATEN ISLAND,10310.0,"(40.629684, -74.11123)",0.0,0.0,0,0,0,0,0,0,Sedan,Sedan,0
18761076,4035783,11/30/2018,12:13,56f2e1ee-9d85-4402-a448-5efd42d5dc11,Sedan,TOYT -CAR/SUV,1992.0,1.0,F,Licensed,Going Straight Ahead,Left Front Quarter Panel,Left Side Doors,Left Front Bumper,Left Front Quarter Panel,Left Side Doors,N,,Other Vehicular,Other Vehicular,BRONX,10467.0,"(40.863544, -73.86741)",0.0,0.0,0,0,0,0,0,0,Sedan,Taxi,0
17740960,3856884,03/05/2018,09:00,3004e3e9-8ca9-4247-bbcc-edbb08fad5dc,Sedan,NISS -CAR/SUV,2006.0,1.0,F,Permit,Making U Turn,Left Front Quarter Panel,Left Front Quarter Panel,Left Front Bumper,No Damage,No Damage,N,,Turning Improperly,Unspecified,,,"(40.863945, -73.86452)",1.0,0.0,0,0,0,0,1,0,Station Wagon/Sport Utility Vehicle,Sedan,1
18759457,3984737,09/19/2018,13:30,28f13707-db2f-49ac-9a1c-7b4c9412364e,Taxi,TOYT -CAR/SUV,2012.0,1.0,M,Licensed,Going Straight Ahead,Center Front End,Center Front End,Left Front Bumper,Right Front Bumper,,N,,Driver Inattention/Distraction,Following Too Closely,,,"(40.58369, -73.92157)",0.0,0.0,0,0,0,0,0,0,Taxi,Station Wagon/Sport Utility Vehicle,0
18806783,4030589,11/21/2018,17:04,b2078719-4fa4-469b-8983-7b81b49d9753,Pick-up Truck,HINO,2016.0,1.0,M,Licensed,Going Straight Ahead,Right Front Quarter Panel,Right Front Quarter Panel,No Damage,No Damage,No Damage,N,,Unspecified,Unspecified,,,"(40.749725, -73.98363)",0.0,0.0,0,0,0,0,0,0,Sedan,Pick-up Truck,0
18695337,3999697,10/13/2018,19:30,a4392ed7-ad88-4543-ad96-122432054f1f,Sedan,HOND -CAR/SUV,2016.0,1.0,M,Licensed,Going Straight Ahead,Left Front Quarter Panel,Left Front Quarter Panel,Left Side Doors,Left Rear Quarter Panel,,N,,Unspecified,Unspecified,,,"(40.8746, -73.9097)",0.0,0.0,0,0,0,0,0,0,Sedan,Sedan,0
17699798,3861560,03/11/2018,17:39,4651a788-3fce-466c-896b-63f06c9b9a85,Sedan,NISS -CAR/SUV,2014.0,2.0,F,Licensed,Making U Turn,Left Rear Quarter Panel,Left Rear Quarter Panel,Left Rear Bumper,No Damage,No Damage,N,,Turning Improperly,Driver Inattention/Distraction,MANHATTAN,10026.0,"(40.803616, -73.95349)",3.0,0.0,0,0,0,0,3,0,Sedan,Taxi,1
17732944,3878389,04/08/2018,03:49,c30212bf-1356-46e4-b8e0-8f437a7a6588,Sedan,NISS -CAR/SUV,2016.0,2.0,F,Licensed,Making Left Turn,Left Rear Quarter Panel,Left Rear Quarter Panel,,,,N,,Driver Inattention/Distraction,Turning Improperly,MANHATTAN,10026.0,"(40.79996, -73.94698)",0.0,0.0,0,0,0,0,0,0,Sedan,Sedan,0
18840889,4014242,11/04/2018,00:45,abcd68f4-e359-4e4d-8923-555d83732093,Sedan,TOYT -CAR/SUV,2014.0,4.0,M,Licensed,Going Straight Ahead,Center Front End,Right Front Bumper,,,,N,,Animals Action,Unspecified,,,"(40.574104, -74.13095)",1.0,0.0,0,0,0,0,1,0,Sedan,,1
17748486,3882411,04/16/2018,08:00,965d0432-15de-4d7f-99a4-7a4ce993e9e9,Station Wagon/Sport Utility Vehicle,FORD -CAR/SUV,2017.0,1.0,M,Licensed,Backing,Center Back End,Center Back End,,,,N,,View Obstructed/Limited,Pavement Slippery,MANHATTAN,10033.0,"(40.851204, -73.93522)",0.0,0.0,0,0,0,0,0,0,Station Wagon/Sport Utility Vehicle,Sedan,0
17842072,3863052,03/15/2018,11:50,baf39f05-b50a-4b56-bf39-64c28fbb8522,Bus,ORION,2012.0,1.0,M,Licensed,Going Straight Ahead,Right Rear Quarter Panel,Right Rear Quarter Panel,,,,N,,Unspecified,Unspecified,,,"(40.674026, -73.73033)",0.0,0.0,0,0,0,0,0,0,Sedan,Bus,0
17840316,3887655,04/24/2018,16:00,c151777c-a3cb-4fd7-b8b9-000d6861bf4c,Station Wagon/Sport Utility Vehicle,ACUR -CAR/SUV,2012.0,1.0,F,Licensed,Slowing or Stopping,Center Back End,Center Back End,,,,N,,Unspecified,Unspecified,,,,0.0,0.0,0,0,0,0,0,0,Station Wagon/Sport Utility Vehicle,Sedan,0
18808624,4003306,10/19/2018,10:31,2ef09730-1f15-450b-bace-630a35a86642,Station Wagon/Sport Utility Vehicle,FORD -CAR/SUV,2011.0,1.0,M,Licensed,Going Straight Ahead,Center Front End,No Damage,No Damage,No Damage,No Damage,N,,Unspecified,Unspecified,BROOKLYN,11203.0,"(40.654327, -73.9221)",0.0,0.0,0,0,0,0,0,0,Sedan,Station Wagon/Sport Utility Vehicle,0
18684411,3982867,09/16/2018,01:00,df13598f-8bcc-4128-a895-3c7c476a84a9,Sedan,TOYT -CAR/SUV,2015.0,1.0,M,Licensed,Going Straight Ahead,Left Front Bumper,Left Front Bumper,Center Front End,Center Front End,No Damage,N,,Other Vehicular,Unspecified,MANHATTAN,10003.0,"(40.73543, -73.982704)",1.0,0.0,0,0,0,0,1,0,Sedan,Sedan,1
17769159,3867944,03/19/2018,08:15,a42ced79-d532-4f25-9f03-f624acd76f4e,Station Wagon/Sport Utility Vehicle,LNDR -CAR/SUV,,1.0,M,Licensed,Making Left Turn,Right Front Bumper,Right Front Bumper,Right Front Quarter Panel,,,N,,Driver Inattention/Distraction,Failure to Yield Right-of-Way,BROOKLYN,11214.0,"(40.60968, -73.99298)",0.0,0.0,0,0,0,0,0,0,Station Wagon/Sport Utility Vehicle,Station Wagon/Sport Utility Vehicle,0
18884902,4011683,10/31/2018,18:30,c86ecad4-4987-4dfa-b5c0-9706d3645f0a,Station Wagon/Sport Utility Vehicle,HOND -CAR/SUV,2010.0,2.0,M,Licensed,Going Straight Ahead,Right Front Quarter Panel,Right Front Quarter Panel,,,,N,,Unspecified,Unspecified,QUEENS,11428.0,"(40.7185, -73.73531)",0.0,0.0,0,0,0,0,0,0,Sedan,Station Wagon/Sport Utility Vehicle,0
18665195,3949940,07/27/2018,11:25,4e002c59-4cbb-4ceb-b448-896d31f34515,Sedan,HOND -CAR/SUV,1999.0,1.0,F,Licensed,Going Straight Ahead,Left Side Doors,Left Front Quarter Panel,No Damage,No Damage,No Damage,N,,Unspecified,Unspecified,STATEN ISLAND,10314.0,"(40.621666, -74.12009)",0.0,0.0,0,0,0,0,0,0,Sedan,Sedan,0
18875568,4045753,12/16/2018,05:55,709156a8-373b-4af3-bf86-c9ed46552b20,Station Wagon/Sport Utility Vehicle,MERZ -CAR/SUV,2016.0,1.0,F,Licensed,Going Straight Ahead,Left Front Quarter Panel,Left Front Quarter Panel,No Damage,No Damage,No Damage,N,,Unspecified,Unspecified,,,"(40.751602, -73.93384)",0.0,0.0,0,0,0,0,0,0,Sedan,Station Wagon/Sport Utility Vehicle,0
17728583,3836148,01/26/2018,19:49,953f56e6-d6da-4f4e-865c-00e13841937e,Sedan,TOYT -CAR/SUV,2017.0,3.0,M,Licensed,Going Straight Ahead,Left Front Quarter Panel,Center Front End,Left Front Quarter Panel,Center Front End,Right Front Bumper,N,,Unspecified,Unspecified,,,"(40.7666, -73.89117)",0.0,0.0,0,0,0,0,0,0,Sedan,Van,0
18644750,4047148,12/17/2018,17:00,9b214df4-5c0a-471b-a8da-e43e235bd328,Motorcycle,HD -MCL,2010.0,0.0,,,Parked,Center Front End,Center Front End,Other,No Damage,No Damage,N,,Unspecified,Unspecified,,,"(40.728424, -73.99969)",0.0,0.0,0,0,0,0,0,0,Motorcycle,,0
18600560,3949855,07/27/2018,18:04,d5ba6579-be04-42e7-8145-0b7f856907ee,Sedan,FORD -CAR/SUV,2016.0,1.0,M,Licensed,Going Straight Ahead,Center Front End,No Damage,No Damage,No Damage,No Damage,N,,Following Too Closely,Pavement Slippery,,,"(40.79347, -73.93726)",0.0,0.0,0,0,0,0,0,0,Sedan,Sedan,0
17705278,3851046,02/23/2018,16:20,1eee6a21-10d9-4e0c-8414-b70c41bca7c8,Sedan,ACUR -CAR/SUV,2017.0,1.0,M,Licensed,Starting from Parking,Left Side Doors,Left Side Doors,Left Rear Quarter Panel,No Damage,No Damage,N,,Unspecified,Unspecified,BROOKLYN,11238.0,"(40.683525, -73.96706)",1.0,0.0,0,0,0,0,1,0,Station Wagon/Sport Utility Vehicle,Sedan,1
17728060,3864688,03/18/2018,17:00,24c8fed3-aeef-4c81-9c7a-086fd56a8044,Station Wagon/Sport Utility Vehicle,TOYT -CAR/SUV,2018.0,1.0,F,Licensed,Parked,Left Front Quarter Panel,Left Front Bumper,,,,N,,Unspecified,Unspecified,,,"(40.824066, -73.908714)",0.0,0.0,0,0,0,0,0,0,Station Wagon/Sport Utility Vehicle,Taxi,0
17801816,3888993,04/28/2018,04:20,d1dbcf8f-3a45-4bd1-bf3b-3c8f0c7648f7,Station Wagon/Sport Utility Vehicle,TOYT -CAR/SUV,2018.0,2.0,M,Licensed,Making U Turn,Right Rear Quarter Panel,Right Rear Quarter Panel,Right Side Doors,,,N,,Turning Improperly,Unspecified,,,"(40.68532, -73.98071)",3.0,0.0,0,0,0,0,3,0,Station Wagon/Sport Utility Vehicle,Station Wagon/Sport Utility Vehicle,1
17835783,3891739,04/26/2018,17:15,ecbd518f-73e4-424e-8206-eddf15f2b99f,Box Truck,HINO -TRUCK/BUS,2011.0,,,,Backing,,,,,,N,,Backing Unsafely,Unspecified,BRONX,10469.0,"(40.874268, -73.85665)",0.0,0.0,0,0,0,0,0,0,Station Wagon/Sport Utility Vehicle,Box Truck,0
17843763,3899947,05/13/2018,12:10,b116746d-45f8-4748-ab46-92a7f1ee8287,Sedan,HOND -CAR/SUV,2005.0,0.0,,,Parked,Right Rear Bumper,Center Back End,Left Rear Bumper,,,N,,Unspecified,Unspecified,QUEENS,11433.0,"(40.69874, -73.77565)",0.0,0.0,0,0,0,0,0,0,Sedan,Station Wagon/Sport Utility Vehicle,0
18741309,4032624,11/25/2018,16:01,b609a040-c3ba-40ab-a298-b350c419a1f0,Sedan,NISS -CAR/SUV,2017.0,1.0,M,Licensed,Going Straight Ahead,Left Front Quarter Panel,Left Front Quarter Panel,,,,N,,Driver Inattention/Distraction,Unspecified,MANHATTAN,10002.0,"(40.71889, -73.99462)",1.0,0.0,0,0,0,0,1,0,Station Wagon/Sport Utility Vehicle,Sedan,1
17770387,3878703,04/10/2018,12:45,7ebdd5cb-abe2-41ea-9a46-c8b22d95ca09,Pick-up Truck,mac,1998.0,2.0,M,Licensed,Making Right Turn,Trailer,Trailer,,,,N,,Passing Too Closely,Oversized Vehicle,MANHATTAN,10011.0,"(40.7369, -73.9936)",0.0,0.0,0,0,0,0,0,0,Pick-up Truck,Pick-up Truck,0
18665009,4017802,11/09/2018,20:00,e3800f08-d7c4-4343-af8a-3e9e4c1f7663,Box Truck,ISU-TRUCK/BUS,2017.0,1.0,M,Licensed,Going Straight Ahead,Right Rear Bumper,No Damage,No Damage,No Damage,No Damage,Unspecified,,Passing Too Closely,Unspecified,,,"(40.86155, -73.92472)",0.0,0.0,0,0,0,0,0,0,Box Truck,Sedan,0
17814943,3852763,02/26/2018,11:15,d24c422e-de79-4125-84ca-087109c63712,Sedan,TOYT -CAR/SUV,2008.0,1.0,M,Licensed,Stopped in Traffic,Center Front End,Center Front End,,,,N,,Unspecified,Unspecified,,,,0.0,0.0,0,0,0,0,0,0,Sedan,Station Wagon/Sport Utility Vehicle,0
18867481,4033716,11/27/2018,15:00,22fa2a21-c5b5-43e9-ac83-bf551a37cb32,Station Wagon/Sport Utility Vehicle,NISS -CAR/SUV,2018.0,1.0,F,Licensed,Stopped in Traffic,Center Back End,Left Rear Bumper,,,,N,,Unspecified,Unspecified,QUEENS,11367.0,,0.0,0.0,0,0,0,0,0,0,Station Wagon/Sport Utility Vehicle,Station Wagon/Sport Utility Vehicle,0
18842480,4011176,10/30/2018,16:00,248c9733-fd14-4072-a3aa-3f9861de671a,Station Wagon/Sport Utility Vehicle,ACUR -CAR/SUV,2005.0,1.0,M,Licensed,Going Straight Ahead,Left Front Quarter Panel,Left Front Quarter Panel,Left Front Bumper,Left Front Bumper,,N,,Unspecified,Driver Inattention/Distraction,BRONX,10466.0,"(40.892128, -73.84719)",0.0,0.0,0,0,0,0,0,0,Sedan,Station Wagon/Sport Utility Vehicle,0