UNIQUE_ID,COLLISION_ID,CRASH_DATE,CRASH_TIME,VEHICLE_ID,VEHICLE_TYPE,VEHICLE_MAKE,VEHICLE_YEAR,VEHICLE_OCCUPANTS,DRIVER_SEX,DRIVER_LICENSE_STATUS,PRE_CRASH,POINT_OF_IMPACT,VEHICLE_DAMAGE,VEHICLE_DAMAGE_1,VEHICLE_DAMAGE_2,VEHICLE_DAMAGE_3,PUBLIC_PROPERTY_DAMAGE,PUBLIC_PROPERTY_DAMAGE_TYPE,CONTRIBUTING_FACTOR_1,CONTRIBUTING_FACTOR_2,BOROUGH,ZIP CODE,LOCATION,NUMBER OF PERSONS INJURED,NUMBER OF PERSONS KILLED,NUMBER OF PEDESTRIANS INJURED,NUMBER OF PEDESTRIANS KILLED,NUMBER OF CYCLIST INJURED,NUMBER OF CYCLIST KILLED,NUMBER OF MOTORIST INJURED,NUMBER OF MOTORIST KILLED,VEHICLE TYPE CODE 1,VEHICLE TYPE CODE 2,Severity
18711635,4019405,11/08/2018,10:00,c305c228-323f-4be4-a278-61983a2d582b,Sedan,INFI -CAR/SUV,2015.0,2.0,M,Licensed,Going Straight Ahead,Right Front Quarter Panel,Right Front Quarter Panel,Right Front Bumper,No Damage,No Damage,N,,Unspecified,Unspecified,,,,0.0,0.0,0,0,0,0,0,0,Sedan,Station Wagon/Sport Utility Vehicle,0
17771934,3885331,04/20/2018,13:00,0d73c78d-2cd5-40c6-ae01-6c3eb4a653a9,Tractor Truck Gasoline,MACK-TRUCK/BUS,2016.0,1.0,M,Licensed,Backing,Left Rear Bumper,Left Rear Bumper,Left Rear Bumper,Left Rear Bumper,,N,,Unspecified,Unspecified,MANHATTAN,10035.0,"(40.79668, -73.93492)",0.0,0.0,0,0,0,0,0,0,Tractor Truck Gasoline,Bus,0
17674221,3820186,01/01/2018,04:55,234593e3-27c7-4452-9943-18fc9ebcd50d,PK,TOYT-TRUCK/BUS,2015.0,0.0,,,Parked,Right Rear Bumper,Right Side Doors,Right Side Doors,Center Back End,Center Front End,Unspecified,,Unspecified,Unspecified,,,"(40.8178, -73.93596)",0.0,0.0,0,0,0,0,0,0,Sedan,Station Wagon/Sport Utility Vehicle,0
18798385,3977512,09/08/2018,14:00,88ce06d3-beb9-457f-b32b-74a08f3ba878,Sedan,TOYT -CAR/SUV,2011.0,0.0,,,Parked,Left Front Quarter Panel,Left Front Quarter Panel,Left Rear Quarter Panel,Left Side Doors,No Damage,N,,Unspecified,Unspecified,BRONX,10467.0,"(40.88037, -73.86381)",0.0,0.0,0,0,0,0,0,0,Sedan,Sedan,0
18724483,3933887,07/02/2018,17:45,badcdb48-45ce-4153-a804-4a5e3fdc9cff,Sedan,NISS -CAR/SUV,2017.0,1.0,M,Licensed,Going Straight Ahead,Left Rear Bumper,Left Rear Bumper,Center Back End,Left Rear Quarter Panel,Left Side Doors,N,,Unspecified,Unspecified,,,,0.0,0.0,0,0,0,0,0,0,Sedan,Pick-up Truck,0
17774940,3866559,03/20/2018,08:00,b3f20635-5d52-4026-bb51-e19dcf56090e,Station Wagon/Sport Utility Vehicle,NISS -CAR/SUV,2016.0,0.0,,,Parked,Right Rear Quarter Panel,Right Rear Quarter Panel,Right Front Bumper,,,N,,Unspecified,Unspecified,BROOKLYN,11230.0,"(40.62557, -73.96243)",0.0,0.0,0,0,0,0,0,0,Station Wagon/Sport Utility Vehicle,,0
18654506,3934745,06/26/2018,11:20,c0d81515-8e71-41c3-aa2a-5a510bf8ec2b,Taxi,TOYT -CAR/SUV,2015.0,1.0,M,Licensed,Going Straight Ahead,Center Front End,Center Front End,Right Front Bumper,Left Front Bumper,,N,,Unsafe Speed,Following Too Closely,,,"(40.6865, -73.98787)",0.0,0.0,0,0,0,0,0,0,Taxi,Taxi,0
17841212,3903128,05/18/2018,15:00,1363ade3-87ad-488d-b782-372813d88247,Sedan,NISS -CAR/SUV,2001.0,1.0,M,Licensed,Making Right Turn,Left Front Quarter Panel,Left Front Quarter Panel,,,,N,,Unspecified,Unspecified,,,"(40.576965, -74.16974)",0.0,0.0,0,0,0,0,0,0,Sedan,Sedan,0
17820945,3889193,04/26/2018,12:45,a5f83569-843a-4c67-82c7-d2d4fd3e340a,Station Wagon/Sport Utility Vehicle,MITS -CAR/SUV,2001.0,1.0,M,Licensed,Slowing or Stopping,Right Rear Quarter Panel,No Damage,No Damage,No Damage,No Damage,N,,Driver Inattention/Distraction,Driver Inattention/Distraction,BROOKLYN,11211.0,"(40.709652, -73.96157)",0.0,0.0,0,0,0,0,0,0,Station Wagon/Sport Utility Vehicle,Sedan,0
17756434,3872885,03/31/2018,08:30,ad3f1347-c946-4b05-83f1-ab70eff5c308,Sedan,HOND -CAR/SUV,2016.0,1.0,M,Licensed,Going Straight Ahead,Right Rear Bumper,Right Rear Bumper,Center Back End,Center Back End,,N,,Unspecified,Unspecified,,,"(40.81207, -73.93603)",0.0,0.0,0,0,0,0,0,0,Sedan,Sedan,0
18871730,4043962,12/13/2018,13:30,b59b9724-039f-4e88-a727-7cf9004054f2,Sedan,HOND -CAR/SUV,2016.0,1.0,M,Licensed,Making Left Turn,Left Rear Quarter Panel,Left Rear Quarter Panel,,,,N,,Turning Improperly,Unspecified,QUEENS,11367.0,,0.0,0.0,0,0,0,0,0,0,Tractor Truck Diesel,Sedan,0
18666050,3923799,06/18/2018,17:00,0418578d-454b-486d-9a7b-b843ad16474f,Station Wagon/Sport Utility Vehicle,NISS -CAR/SUV,2018.0,1.0,F,Licensed,Going Straight Ahead,Right Front Quarter Panel,Right Front Quarter Panel,Right Side Doors,Right Rear Quarter Panel,,N,,Unspecified,Unspecified,BROOKLYN,11230.0,"(40.618324, -73.95719)",0.0,0.0,0,0,0,0,0,0,Station Wagon/Sport Utility Vehicle,Station Wagon/Sport Utility Vehicle,0
19614260,3875153,04/03/2018,14:15,68d45881-6329-4cc7-aa3d-8d85e7fc1e66,Sedan,HOND -CAR/SUV,2014.0,1.0,F,Licensed,Going Straight Ahead,Center Front End,Center Front End,Right Front Bumper,Left Front Bumper,,N,,Unspecified,Unspecified,,,,1.0,0.0,0,0,0,0,1,0,Pick-up Truck,Sedan,1
17825848,3887202,04/23/2018,16:20,3c94dfc8-226c-4c2f-b9d1-363353031a39,Sedan,NISS -CAR/SUV,2015.0,2.0,F,Licensed,Making U Turn,Right Front Quarter Panel,Right Front Quarter Panel,Right Front Bumper,,,N,,Driver Inattention/Distraction,Turning Improperly,,,"(40.680477, -73.7921)",0.0,0.0,0,0,0,0,0,0,Sedan,Station Wagon/Sport Utility Vehicle,0
17703140,3827002,01/11/2018,14:05,c5cbdf12-cc02-4f0f-9fd8-141170e90195,Pick-up Truck,CHEV -CAR/SUV,2016.0,1.0,,,Parked,Left Front Quarter Panel,Left Front Quarter Panel,Left Side Doors,Left Rear Quarter Panel,,N,,Unspecified,Unspecified,BROOKLYN,11208.0,"(40.669216, -73.86447)",0.0,0.0,0,0,0,0,0,0,Pick-up Truck,Bus,0
17722173,3837714,01/29/2018,12:30,a8188456-9e71-46d6-a2c4-e6e0657c62d0,Sedan,TOYT -CAR/SUV,2007.0,1.0,M,Licensed,Going Straight Ahead,Right Front Bumper,Right Front Quarter Panel,Right Front Bumper,Right Front Quarter Panel,Right Front Quarter Panel,N,,Outside Car Distraction,Unspecified,,,"(40.905, -73.846664)",0.0,0.0,0,0,0,0,0,0,Station Wagon/Sport Utility Vehicle,Sedan,0
18719786,3971955,09/01/2018,15:10,2b8d3b6a-da54-41ab-9a4d-802179ab89ab,Motorcycle,KAWK -MCL,2016.0,0.0,,,Parked,Center Front End,Center Front End,Right Side Doors,Right Rear Quarter Panel,Right Front Quarter Panel,N,,Unspecified,Unspecified,QUEENS,11375.0,"(40.718887, -73.8416)",0.0,0.0,0,0,0,0,0,0,Motorcycle,Sedan,0
17727049,3843962,02/06/2018,16:30,d177f1f6-89a0-4b78-ae5e-ccc8a3c4f8c5,Pick-up Truck,JEEP -CAR/SUV,2011.0,3.0,M,Licensed,Going Straight Ahead,Right Front Bumper,Right Front Bumper,No Damage,No Damage,No Damage,N,,Unspecified,Unspecified,,,"(40.86268, -73.90905)",0.0,0.0,0,0,0,0,0,0,Pick-up Truck,Pick-up Truck,0
18937919,4135260,05/18/2018,19:39,fc5c548b-0e96-426c-9f45-03595e7fa4e0,Sedan,TOYT -CAR/SUV,2015.0,0.0,,,Parked,Center Front End,Center Front End,Left Front Bumper,Right Front Bumper,No Damage,N,,Unspecified,Unspecified,,,,0.0,0.0,0,0,0,0,0,0,Station Wagon/Sport Utility Vehicle,Sedan,0
18726834,3950755,07/27/2018,14:45,f5d175f8-0b32-4196-9238-8562ef49fb52,Station Wagon/Sport Utility Vehicle,CHEV -CAR/SUV,2008.0,2.0,M,Licensed,Going Straight Ahead,Center Front End,Center Front End,Right Front Bumper,Left Front Bumper,,N,,Following Too Closely,Unspecified,,,"(40.704067, -73.93861)",0.0,0.0,0,0,0,0,0,0,Taxi,Station Wagon/Sport Utility Vehicle,0
17691205,3839306,01/29/2018,16:50,d8b8167c-4409-4cfb-899a-7d7433f74bac,Tanker,INTL-TRUCK/BUS,2015.0,1.0,M,Licensed,Backing,Right Rear Bumper,No Damage,No Damage,No Damage,No Damage,Unspecified,,Backing Unsafely,Unspecified,,,,0.0,0.0,0,0,0,0,0,0,Tanker,Station Wagon/Sport Utility Vehicle,0
18728585,3957301,08/08/2018,04:58,96debf4f-bc88-4efa-b9e6-80fecf5dcd3f,Sedan,MAZD -CAR/SUV,2006.0,0.0,,,Parked,Right Rear Bumper,Right Rear Quarter Panel,Center Back End,,,N,,Unspecified,Unspecified,,,"(40.65735, -73.97405)",1.0,0.0,0,0,0,0,1,0,Pick-up Truck,Sedan,1
17841140,3897099,05/07/2018,04:30,d069e8a1-b8dd-42f6-b52d-5a6a3acb71ce,Station Wagon/Sport Utility Vehicle,ALFA -CAR/SUV,2018.0,1.0,M,Licensed,Going Straight Ahead,Center Front End,Center Front End,Right Front Quarter Panel,,,Unspecified,,Unspecified,Unspecified,,,"(40.60595, -74.07601)",0.0,0.0,0,0,0,0,0,0,Station Wagon/Sport Utility Vehicle,,0
18731923,4020026,11/13/2018,03:47,b91665fb-471c-47af-b165-ab2312a0e928,Station Wagon/Sport Utility Vehicle,FORD -CAR/SUV,2018.0,1.0,M,Licensed,Going Straight Ahead,Left Rear Quarter Panel,Left Rear Quarter Panel,Left Side Doors,Left Side Doors,Left Side Doors,N,,Unspecified,Unspecified,MANHATTAN,10003.0,"(40.734615, -73.98622)",0.0,0.0,0,0,0,0,0,0,Station Wagon/Sport Utility Vehicle,Sedan,0
18800302,3996406,10/08/2018,19:27,6ffb82b2-b983-4c4b-a3cc-af8c1b108857,Sedan,MERC -CAR/SUV,2002.0,1.0,M,Licensed,Starting from Parking,Left Side Doors,Left Side Doors,Left Front Quarter Panel,Left Front Bumper,Center Front End,N,,Driver Inattention/Distraction,Driver Inexperience,,,"(40.63465, -73.93727)",1.0,0.0,0,0,0,0,1,0,FDNY,Sedan,1
18727365,4021176,11/08/2018,15:00,1bbc18d4-b83a-4220-8441-0a03d3a74dca,Station Wagon/Sport Utility Vehicle,JEEP -CAR/SUV,2016.0,1.0,M,Licensed,Going Straight Ahead,Right Front Bumper,Right Front Bumper,,,,N,,Driver Inattention/Distraction,Unspecified,,,"(40.716484, -73.95704)",0.0,0.0,0,0,0,0,0,0,Station Wagon/Sport Utility Vehicle,Station Wagon/Sport Utility Vehicle,0
17696021,3837225,01/27/2018,17:30,9a4e6e3a-8856-4892-8266-2beec6400792,Sedan,FORD -CAR/SUV,2017.0,2.0,M,Licensed,Going Straight Ahead,Center Back End,Center Back End,Left Rear Bumper,Right Rear Bumper,No Damage,N,,Unspecified,Unspecified,BRONX,10459.0,"(40.823936, -73.891884)",0.0,0.0,0,0,0,0,0,0,Sedan,Sedan,0
18795024,4010126,10/29/2018,11:10,96e297ff-371b-46eb-b254-f406576ad80c,Sedan,SUBA -CAR/SUV,2013.0,1.0,F,Licensed,Making Right Turn,Center Front End,Right Front Bumper,Left Front Bumper,Right Front Quarter Panel,Right Side Doors,N,,Traffic Control Disregarded,Unspecified,BROOKLYN,11210.0,"(40.632248, -73.951775)",1.0,0.0,0,0,0,0,1,0,Sedan,Sedan,1
18694659,3965589,08/17/2018,23:45,50f123d9-2cb4-4b29-a9e1-a2c28f349242,Taxi,CHEV -CAR/SUV,2013.0,1.0,M,Licensed,Going Straight Ahead,Right Rear Quarter Panel,Right Rear Bumper,,,,N,,Unspecified,Unspecified,MANHATTAN,10001.0,"(40.746002, -73.99427)",0.0,0.0,0,0,0,0,0,0,Taxi,Sedan,0
17708818,3839850,02/03/2018,16:05,d60c6e3a-088c-4427-af10-c0ec1fbb1ab5,Sedan,DODG -CAR/SUV,2007.0,1.0,M,Licensed,Going Straight Ahead,Right Front Bumper,Right Front Bumper,,,,N,,Alcohol Involvement,Drugs (illegal),STATEN ISLAND,10304.0,"(40.617294, -74.08048)",1.0,0.0,0,0,0,0,1,0,Sedan,Sedan,1
18869273,3958858,08/10/2018,13:45,224f6c81-26a8-4904-80c1-916b190692ba,Sedan,MERZ -CAR/SUV,2012.0,1.0,M,Licensed,Going Straight Ahead,Right Front Bumper,Right Front Bumper,,,,N,,Unspecified,Unspecified,QUEENS,11411.0,"(40.695168, -73.727425)",0.0,0.0,0,0,0,0,0,0,Station Wagon/Sport Utility Vehicle,Sedan,0
18627856,4035325,11/24/2018,00:12,a4563444-e86c-4568-a4d9-55149d4575c4,Taxi,TOYT -CAR/SUV,2015.0,1.0,M,Licensed,Making U Turn,Center Front End,Left Front Bumper,Right Front Bumper,,,N,,Driver Inattention/Distraction,Unspecified,,,"(40.788883, -73.97786)",0.0,0.0,0,0,0,0,0,0,Taxi,Taxi,0
18817815,4015436,10/29/2018,10:44,d725e939-bcf2-45d9-a0cd-2a0cf7146345,Bus,BLUI-TRUCK/BUS,2008.0,27.0,M,Licensed,Going Straight Ahead,Left Front Bumper,Left Front Bumper,,,,N,,Other Vehicular,Driver Inattention/Distraction,BROOKLYN,11212.0,"(40.66077, -73.91975)",0.0,0.0,0,0,0,0,0,0,Bus,Station Wagon/Sport Utility Vehicle,0
18640280,3908385,05/26/2018,09:20,1d95bd46-3c67-4492-9e4c-6e5ee4742f39,Pick-up Truck,FORD -CAR/SUV,2000.0,2.0,F,Licensed,Going Straight Ahead,Right Rear Bumper,Center Back End,,,,N,,Failure to Yield Right-of-Way,Unspecified,BRONX,10453.0,"(40.861862, -73.91282)",0.0,0.0,0,0,0,0,0,0,Sedan,Pick-up Truck,0
17898930,3897277,05/09/2018,14:30,7546da15-2895-4115-af3b-831cbecd3201,Station Wagon/Sport Utility Vehicle,HOND -CAR/SUV,2006.0,0.0,,,Parked,Left Rear Quarter Panel,Left Rear Quarter Panel,Left Rear Bumper,,,N,,Unspecified,Unspecified,QUEENS,11354.0,"(40.7687, -73.841064)",0.0,0.0,0,0,0,0,0,0,Station Wagon/Sport Utility Vehicle,Sedan,0
18799216,4009396,10/26/2018,09:20,1e82d66a-9635-4d78-a05d-2a412ab31c31,Box Truck,UTIL,2010.0,1.0,M,Licensed,Making Right Turn,Right Rear Bumper,Right Rear Bumper,No Damage,No Damage,No Damage,N,,Unspecified,Unspecified,,,"(40.840645, -73.84205)",0.0,0.0,0,0,0,0,0,0,Box Truck,Station Wagon/Sport Utility Vehicle,0
18760344,4030856,11/20/2018,16:50,6417ec7f-1088-4b3e-9c4e-e1eed833f83c,Taxi,MERZ -CAR/SUV,2018.0,1.0,M,Licensed,Going Straight Ahead,Left Front Bumper,Center Front End,Left Front Quarter Panel,No Damage,No Damage,N,,Unspecified,Unspecified,,,"(40.844524, -73.902725)",1.0,0.0,0,0,0,0,1,0,Taxi,Sedan,1
18652902,3998667,10/12/2018,12:40,c08b1bf4-aba0-46ae-ad31-6a30ac69df66,Station Wagon/Sport Utility Vehicle,HOND -CAR/SUV,2014.0,1.0,F,Licensed,Going Straight Ahead,Center Back End,No Damage,No Damage,No Damage,No Damage,N,,Aggressive Driving/Road Rage,Unspecified,STATEN ISLAND,10307.0,"(40.516926, -74.23362)",0.0,0.0,0,0,0,0,0,0,Station Wagon/Sport Utility Vehicle,Station Wagon/Sport Utility Vehicle,0
17745899,3848472,02/18/2018,16:32,79a112e5-9366-43be-a1ca-4bf58e50ac86,Sedan,MERZ -CAR/SUV,2013.0,2.0,F,Licensed,Going Straight Ahead,Left Front Bumper,Left Front Bumper,Center Front End,,,N,,Failure to Yield Right-of-Way,Unspecified,BRONX,10472.0,"(40.83164, -73.876076)",0.0,0.0,0,0,0,0,0,0,Sedan,Sedan,0
17811720,3887679,04/24/2018,08:00,a6237753-cd8b-432c-bf96-8ce6ae5ac805,Station Wagon/Sport Utility Vehicle,JEEP -CAR/SUV,2016.0,1.0,F,Licensed,Going Straight Ahead,Center Front End,Center Front End,Left Front Bumper,Right Front Bumper,Left Rear Quarter Panel,N,,Glare,Unspecified,,,"(40.83398, -73.82635)",2.0,0.0,0,0,0,0,2,0,Station Wagon/Sport Utility Vehicle,Station Wagon/Sport Utility Vehicle,1
17762122,3882468,04/16/2018,14:00,2bda2397-9e9c-4e5a-a4d1-55547a8876a8,Station Wagon/Sport Utility Vehicle,FORD -CAR/SUV,2006.0,1.0,M,Licensed,Going Straight Ahead,Left Front Bumper,Left Front Bumper,Left Front Bumper,Left Front Bumper,Left Front Bumper,N,,Driver Inattention/Distraction,Failure to Yield Right-of-Way,BROOKLYN,11235.0,"(40.585407, -73.96645)",1.0,0.0,1,0,0,0,0,0,Station Wagon/Sport Utility Vehicle,,1
18730210,3981244,09/12/2018,14:39,03aff85e-8242-43f6-ac85-f0abab5cdb74,Sedan,TOYT -CAR/SUV,2015.0,1.0,F,Licensed,Going Straight Ahead,Left Front Bumper,Left Front Quarter Panel,Left Side Doors,Left Rear Quarter Panel,,N,,Unspecified,Unspecified,,,,1.0,0.0,0,0,0,0,1,0,Station Wagon/Sport Utility Vehicle,Sedan,1
18792421,3995709,10/07/2018,19:22,f764f01c-c06c-4789-9149-57694729268e,Station Wagon/Sport Utility Vehicle,JEEP -CAR/SUV,2008.0,2.0,F,Licensed,Going Straight Ahead,Left Rear Quarter Panel,Left Rear Bumper,,,,N,,Unspecified,Unspecified,BROOKLYN,11211.0,"(40.71139, -73.94645)",1.0,0.0,0,0,0,0,1,0,Station Wagon/Sport Utility Vehicle,Station Wagon/Sport Utility Vehicle,1
18635431,4019654,11/12/2018,11:45,011ce79e-857c-4d4c-9d81-f0c7f1238d41,Sedan,HOND -CAR/SUV,2012.0,1.0,M,Licensed,Going Straight Ahead,Right Front Quarter Panel,Right Front Quarter Panel,Right Front Bumper,Right Side Doors,,N,,Unsafe Speed,Unspecified,,,,1.0,0.0,0,0,0,0,1,0,Sedan,Sedan,1
18835246,4003043,10/19/2018,05:50,63f67851-42d8-46ff-9648-cb375c381197,Sedan,NISS -CAR/SUV,2010.0,1.0,M,Licensed,Going Straight Ahead,Right Front Quarter Panel,Right Front Quarter Panel,Right Front Bumper,Right Side Doors,No Damage,N,,View Obstructed/Limited,Unspecified,,,"(40.671978, -73.76206)",0.0,0.0,0,0,0,0,0,0,Sedan,Station Wagon/Sport Utility Vehicle,0
18806625,4037940,12/03/2018,08:30,01b88d0a-b05d-499b-a6f8-55769824fa14,Box Truck,HINO -TRUCK/BUS,2014.0,4.0,M,Licensed,Going Straight Ahead,Center Back End,No Damage,,,,N,,Driver Inattention/Distraction,Unspecified,MANHATTAN,10013.0,"(40.721252, -74.00146)",0.0,0.0,0,0,0,0,0,0,Box Truck,Sedan,0
17736751,3838439,01/31/2018,08:05,d01105ae-d131-4521-b6ab-25a690b3356e,Station Wagon/Sport Utility Vehicle,HOND -CAR/SUV,2005.0,1.0,M,Licensed,Making Left Turn,Right Front Bumper,No Damage,,,,N,,Driver Inattention/Distraction,Failure to Yield Right-of-Way,QUEENS,11377.0,"(40.739956, -73.89421)",1.0,0.0,1,0,0,0,0,0,Station Wagon/Sport Utility Vehicle,,1
18655913,3917535,06/08/2018,16:52,ade21c98-becb-47d8-8d5c-223823a017ca,Station Wagon/Sport Utility Vehicle,TOYT -CAR/SUV,2011.0,1.0,F,Licensed,Backing,Right Rear Bumper,Right Rear Quarter Panel,,,,N,,Unspecified,Unspecified,BROOKLYN,11230.0,"(40.62232, -73.95793)",0.0,0.0,0,0,0,0,0,0,Station Wagon/Sport Utility Vehicle,Sedan,0
18831414,4019143,11/11/2018,18:00,d4447a1f-5eae-4761-80d5-ec2cf6ec3416,Station Wagon/Sport Utility Vehicle,TOYT -CAR/SUV,2018.0,1.0,M,Licensed,Going Straight Ahead,Center Back End,Center Back End,Left Rear Bumper,Right Rear Bumper,No Damage,N,,Unspecified,Unspecified,,,,0.0,0.0,0,0,0,0,0,0,Sedan,Station Wagon/Sport Utility Vehicle,0
17720459,3829246,01/14/2018,23:00,60d4cd49-a79c-4782-a1d9-52d704b45b96,Sedan,HOND -CAR/SUV,2003.0,2.0,F,Licensed,Going Straight Ahead,Left Side Doors,Left Side Doors,Left Front Quarter Panel,,,N,,Unspecified,Unspecified,QUEENS,11422.0,"(40.667732, -73.73521)",0.0,0.0,0,0,0,0,0,0,Sedan,Sedan,0
17779685,3869387,03/25/2018,13:20,c453c313-3c49-437b-a12e-56d713d7dd01,Station Wagon/Sport Utility Vehicle,HOND -CAR/SUV,1998.0,1.0,M,Licensed,Stopped in Traffic,Center Back End,Center Back End,No Damage,No Damage,No Damage,N,,Unspecified,Unspecified,,,"(40.702293, -73.79117)",1.0,0.0,0,0,0,0,1,0,Sedan,Station Wagon/Sport Utility Vehicle,1
17739991,3864570,03/16/2018,16:00,3dbd0b90-8c3e-4337-bea1-96addfb350b4,Taxi,FORD -CAR/SUV,2009.0,1.0,M,Licensed,Changing Lanes,Left Rear Quarter Panel,Left Rear Quarter Panel,No Damage,No Damage,No Damage,N,,Driver Inattention/Distraction,Unspecified,,,"(40.663124, -73.96244)",0.0,0.0,0,0,0,0,0,0,Tractor Truck Gasoline,Taxi,0
18578412,4003096,10/18/2018,16:40,a8568506-e4fb-4bbb-825f-2746ce506761,Sedan,HOND -CAR/SUV,2010.0,1.0,F,Licensed,Parked,Other,Other,No Damage,No Damage,No Damage,N,,Other Vehicular,Unspecified,MANHATTAN,10031.0,"(40.821484, -73.94855)",0.0,0.0,0,0,0,0,0,0,Sedan,Bus,0
17805338,3881847,04/17/2018,00:45,9a7fb8ff-769e-4744-b72f-1c40d33f9b7b,Sedan,TOYT -CAR/SUV,2016.0,0.0,,,Parked,Right Front Bumper,Right Front Bumper,Right Front Quarter Panel,,,Unspecified,,Unspecified,Unspecified,,,"(40.665565, -73.98932)",0.0,0.0,0,0,0,0,0,0,Sedan,,0
17738028,3841776,02/06/2018,00:00,66eabc95-05c8-4dea-a983-ee2aa257fbc8,Station Wagon/Sport Utility Vehicle,FORD -CAR/SUV,2015.0,1.0,M,Licensed,Parked,Left Rear Quarter Panel,Left Rear Quarter Panel,,,,N,,Unspecified,Unspecified,QUEENS,11366.0,"(40.71995, -73.8089)",0.0,0.0,0,0,0,0,0,0,Sedan,Station Wagon/Sport Utility Vehicle,0
18882939,4038428,12/04/2018,22:00,65d8a1e2-91f0-4746-b853-0f996662e3ee,Sedan,CHEV -CAR/SUV,2015.0,0.0,,,Parked,Left Rear Quarter Panel,Left Rear Quarter Panel,Left Rear Quarter Panel,Left Side Doors,,N,,Unspecified,Unspecified,BROOKLYN,11208.0,"(40.6732, -73.884125)",1.0,0.0,0,0,0,0,1,0,Station Wagon/Sport Utility Vehicle,Station Wagon/Sport Utility Vehicle,1
18845742,4049464,12/20/2018,08:09,518e1211-e7b7-4c68-a401-3d10fd74e2bc,Pick-up Truck,DODG -CAR/SUV,2012.0,1.0,M,Licensed,Parked,Left Front Quarter Panel,Left Front Bumper,Center Front End,Right Front Bumper,,N,,Unspecified,Unspecified,,,"(40.70504, -73.959045)",0.0,0.0,0,0,0,0,0,0,Sedan,Pick-up Truck,0
18650059,4005836,10/23/2018,03:00,856a97d9-5b1e-40df-ad69-240ac2319fd2,Sedan,SUBA -CAR/SUV,2014.0,0.0,,,Parked,Center Back End,Center Back End,Left Rear Bumper,,,N,,Unspecified,Unspecified,MANHATTAN,10032.0,"(40.834064, -73.93904)",0.0,0.0,0,0,0,0,0,0,Sedan,Sedan,0
17743289,3839819,02/03/2018,14:00,68fef0ac-2ea3-46c0-8b0d-bd3ba759192f,Sedan,CADI -CAR/SUV,2015.0,1.0,M,Licensed,Changing Lanes,Left Front Quarter Panel,Left Front Quarter Panel,Left Side Doors,No Damage,No Damage,N,,Passing or Lane Usage Improper,Unspecified,,,"(40.77077, -73.91727)",0.0,0.0,0,0,0,0,0,0,Sedan,Pick-up Truck,0
17714908,3833619,01/23/2018,12:00,4ea5bf7c-801a-4436-8ee5-8c8c0e8f5aeb,Sedan,TOYT -CAR/SUV,2014.0,0.0,,,Parked,Left Front Quarter Panel,Left Front Quarter Panel,Left Side Doors,Left Front Bumper,,N,,Unspecified,Driver Inattention/Distraction,QUEENS,11434.0,"(40.683743, -73.77813)",0.0,0.0,0,0,0,0,0,0,Sedan,Station Wagon/Sport Utility Vehicle,0
17835635,3889889,04/27/2018,08:04,326ce932-f856-4f16-af19-9e84af94a34c,Sedan,SUBA -CAR/SUV,2017.0,1.0,M,Licensed,Going Straight Ahead,Left Front Bumper,Left Front Quarter Panel,Left Side Doors,No Damage,No Damage,N,,Unspecified,Unspecified,QUEENS,11385.0,"(40.70636, -73.905266)",0.0,0.0,0,0,0,0,0,0,Sedan,,0
17830049,3889629,04/27/2018,17:35,b31010e0-7d27-4ada-b328-fa02fb3fa647,Sedan,HYUN -CAR/SUV,2010.0,2.0,M,Licensed,Going Straight Ahead,Left Front Quarter Panel,Left Front Quarter Panel,Left Front Bumper,Left Side Doors,No Damage,N,,Unspecified,Unspecified,QUEENS,11436.0,"(40.67253, -73.798386)",0.0,0.0,0,0,0,0,0,0,Sedan,Sedan,0
17779130,3902638,05/17/2018,08:40,c02af4e4-a5de-459a-8063-9df3bd544b56,Sedan,HOND -CAR/SUV,2008.0,1.0,F,Licensed,Going Straight Ahead,Left Rear Quarter Panel,Left Rear Quarter Panel,,,,N,,Unspecified,Unspecified,BRONX,10474.0,"(40.81711, -73.89204)",0.0,0.0,0,0,0,0,0,0,Sedan,Station Wagon/Sport Utility Vehicle,0
17816610,3879881,04/12/2018,16:00,a78085aa-8d10-4746-9f60-6945a46eaad1,Station Wagon/Sport Utility Vehicle,HOND -CAR/SUV,2011.0,2.0,F,Licensed,Going Straight Ahead,Left Front Quarter Panel,Left Front Quarter Panel,Left Side Doors,Left Rear Quarter Panel,Other,N,,Passing Too Closely,Unspecified,,,"(40.552814, -74.13377)",1.0,0.0,0,0,0,0,1,0,Station Wagon/Sport Utility Vehicle,Sedan,1
18861251,4051519,12/24/2018,11:20,7e7f2a72-a983-4b08-8023-9b2d9355c606,Sedan,BMW -CAR/SUV,2016.0,1.0,F,Licensed,Going Straight Ahead,Center Back End,Center Back End,Right Rear Bumper,,,N,,Unspecified,Unspecified,,,"(40.83569, -73.86857)",0.0,0.0,0,0,0,0,0,0,Sedan,Station Wagon/Sport Utility Vehicle,0
17696408,3828842,01/14/2018,18:10,a6720dc8-44d3-4547-9d07-3f1820922c0c,Sedan,JEEP -CAR/SUV,2010.0,1.0,F,Licensed,Going Straight Ahead,Left Front Bumper,Left Front Bumper,Center Front End,,,N,,Driver Inattention/Distraction,Unspecified,,,"(40.737907, -73.877174)",0.0,0.0,0,0,0,0,0,0,Sedan,Sedan,0