UNIQUE_ID,COLLISION_ID,CRASH_DATE,CRASH_TIME,VEHICLE_ID,VEHICLE_TYPE,VEHICLE_MAKE,VEHICLE_YEAR,VEHICLE_OCCUPANTS,DRIVER_SEX,DRIVER_LICENSE_STATUS,PRE_CRASH,POINT_OF_IMPACT,VEHICLE_DAMAGE,VEHICLE_DAMAGE_1,VEHICLE_DAMAGE_2,VEHICLE_DAMAGE_3,PUBLIC_PROPERTY_DAMAGE,PUBLIC_PROPERTY_DAMAGE_TYPE,CONTRIBUTING_FACTOR_1,CONTRIBUTING_FACTOR_2,BOROUGH,ZIP CODE,LOCATION,NUMBER OF PERSONS INJURED,NUMBER OF PERSONS KILLED,NUMBER OF PEDESTRIANS INJURED,NUMBER OF PEDESTRIANS KILLED,NUMBER OF CYCLIST INJURED,NUMBER OF CYCLIST KILLED,NUMBER OF MOTORIST INJURED,NUMBER OF MOTORIST KILLED,VEHICLE TYPE CODE 1,VEHICLE TYPE CODE 2,Severity
17722871,3838011,01/31/2018,14:35,15c357e1-092b-448d-9253-ec643e59d858,Pick-up Truck,DODG -CAR/SUV,2017.0,1.0,M,Licensed,Going Straight Ahead,Right Front Bumper,Right Front Quarter Panel,Center Front End,,,N,,Reaction to Uninvolved Vehicle,Unspecified,STATEN ISLAND,10306.0,"(40.56737, -74.13097)",1.0,0.0,0,0,0,0,1,0,Pick-up Truck,Sedan,1
18842552,3990250,09/14/2018,12:00,77850a1a-e22f-4b05-9c8d-ae423cef4050,Sedan,AUDI -CAR/SUV,2017.0,0.0,,,Parked,Center Front End,Center Front End,,,,N,,Unspecified,Unspecified,QUEENS,11105.0,"(40.77391, -73.91343)",0.0,0.0,0,0,0,0,0,0,Station Wagon/Sport Utility Vehicle,Sedan,0
18820610,3917777,06/09/2018,10:30,9ed2abc5-60f6-4331-83fc-423ef2d52cc4,Sedan,HOND -CAR/SUV,2003.0,1.0,M,Licensed,Entering Parked Position,Center Back End,Center Back End,,,,Unspecified,,Backing Unsafely,Unspecified,QUEENS,11354.0,"(40.765877, -73.82322)",0.0,0.0,0,0,0,0,0,0,Sedan,Sedan,0
18715616,3942108,07/16/2018,17:03,e25070f3-1434-4be0-95f1-30ec3844b134,Sedan,FORD -CAR/SUV,2016.0,1.0,M,Licensed,Merging,Center Back End,Center Back End,,,,N,,Unspecified,Unspecified,QUEENS,11368.0,,0.0,0.0,0,0,0,0,0,0,Sedan,Sedan,0
17735300,3840747,02/04/2018,10:20,94a4498b-a66a-4817-bf9c-f0a35dce703d,Sedan,NISS -CAR/SUV,2015.0,0.0,M,Licensed,Going Straight Ahead,Right Front Bumper,Right Front Bumper,No Damage,No Damage,No Damage,N,,Unspecified,Unspecified,QUEENS,11419.0,"(40.687492, -73.82478)",0.0,0.0,0,0,0,0,0,0,Sedan,Sedan,0
17803961,3880246,04/12/2018,20:38,8b3657ba-b75f-47a1-9205-17a234e452b7,Taxi,HYUN -CAR/SUV,2014.0,1.0,M,Licensed,Making Right Turn,Right Front Bumper,Right Front Bumper,No Damage,No Damage,No Damage,N,,Turning Improperly,Unsafe Lane Changing,BRONX,10452.0,"(40.844105, -73.923065)",1.0,0.0,0,0,1,0,0,0,Bike,Taxi,1
17847953,3899080,05/12/2018,08:00,07f7b800-c154-42c4-af93-2bf0b45ee0a9,Sedan,KIA -CAR/SUV,2008.0,2.0,F,Licensed,Going Straight Ahead,Left Front Bumper,Left Front Bumper,,,,N,,Unspecified,Unspecified,QUEENS,11361.0,"(40.769936, -73.76831)",0.0,0.0,0,0,0,0,0,0,Van,Sedan,0
17828395,3900390,05/13/2018,03:30,a30030b7-53fa-42d3-b3a1-a2857becc987,Sedan,TOYT -CAR/SUV,2010.0,,,,Going Straight Ahead,Right Front Bumper,Right Front Quarter Panel,,,,N,,Driver Inattention/Distraction,Driver Inattention/Distraction,BROOKLYN,11219.0,"(40.63406, -74.00411)",0.0,0.0,0,0,0,0,0,0,Sedan,Sedan,0
18884011,4007780,10/26/2018,05:30,893a2bd5-5f08-4994-bb8e-91ec1df6c2ae,Sedan,HOND -CAR/SUV,2018.0,1.0,M,Licensed,Slowing or Stopping,Right Rear Bumper,Right Rear Bumper,Center Back End,,,N,,Unspecified,Unspecified,QUEENS,11434.0,"(40.65616, -73.76736)",0.0,0.0,0,0,0,0,0,0,Sedan,,0
17687990,3828781,01/13/2018,23:15,244e567a-a0ee-4a55-848d-5f756e540444,Sedan,VOLK -CAR/SUV,2003.0,1.0,F,Licensed,Parked,Left Side Doors,Left Side Doors,No Damage,,,N,,Driver Inattention/Distraction,Driver Inattention/Distraction,BROOKLYN,11216.0,"(40.685287, -73.95058)",0.0,0.0,0,0,0,0,0,0,Bus,Sedan,0
19575863,3832218,01/21/2018,13:40,40a6fabf-42ae-4448-9484-20fa87d03b55,Station Wagon/Sport Utility Vehicle,INFI -CAR/SUV,2004.0,1.0,M,Licensed,Parked,Left Side Doors,No Damage,,,,N,,Failure to Yield Right-of-Way,Unspecified,,,"(40.763798, -73.808235)",1.0,0.0,0,0,1,0,0,0,Station Wagon/Sport Utility Vehicle,Bike,1
17830803,3889627,04/27/2018,20:00,a585b6ab-ef9e-4c95-81bb-7bab63a568a8,Station Wagon/Sport Utility Vehicle,CHEV -CAR/SUV,2011.0,2.0,F,Licensed,Going Straight Ahead,Left Rear Quarter Panel,Left Rear Quarter Panel,No Damage,No Damage,No Damage,N,,Unspecified,Unspecified,QUEENS,11434.0,"(40.66743, -73.76676)",0.0,0.0,0,0,0,0,0,0,Sedan,Station Wagon/Sport Utility Vehicle,0
17700004,3826628,01/10/2018,11:26,2496f7b8-d756-4929-9643-a1be0b0a7fdc,Pick-up Truck,fright,2005.0,1.0,M,Licensed,Going Straight Ahead,Right Side Doors,Right Side Doors,No Damage,No Damage,No Damage,N,,Unspecified,Unspecified,BROOKLYN,11207.0,"(40.655495, -73.88833)",0.0,0.0,0,0,0,0,0,0,Sedan,Pick-up Truck,0
18762212,3989892,09/28/2018,20:30,b202ba93-2f7b-41c5-b36d-1d81e518a341,Taxi,TOYT -CAR/SUV,2017.0,1.0,M,Licensed,Going Straight Ahead,Left Front Bumper,Center Front End,,,,N,,Following Too Closely,Unspecified,MANHATTAN,10017.0,"(40.750397, -73.9718)",0.0,0.0,0,0,0,0,0,0,Taxi,Taxi,0
18797606,4006083,10/23/2018,17:00,0616458e-fdee-42d4-bfe3-0943f8c51178,Station Wagon/Sport Utility Vehicle,FORD -CAR/SUV,2006.0,1.0,M,Licensed,Changing Lanes,Right Rear Quarter Panel,Right Rear Quarter Panel,,,,N,,Driver Inattention/Distraction,Unsafe Lane Changing,,,"(40.830555, -73.832664)",0.0,0.0,0,0,0,0,0,0,Station Wagon/Sport Utility Vehicle,Station Wagon/Sport Utility Vehicle,0
18762048,4048147,12/18/2018,18:45,26136938-4a2a-413f-9855-9d49b569450d,Station Wagon/Sport Utility Vehicle,TOYT -CAR/SUV,2013.0,0.0,,,Parked,Left Front Bumper,Left Front Bumper,,,,Unspecified,,Unspecified,Unspecified,BRONX,10457.0,"(40.845097, -73.89371)",0.0,0.0,0,0,0,0,0,0,Sedan,Station Wagon/Sport Utility Vehicle,0
18747244,3951500,07/29/2018,16:50,15ad6839-b827-4695-b461-841d80dd59b2,Sedan,NISS -CAR/SUV,2013.0,1.0,M,Licensed,Going Straight Ahead,Right Front Quarter Panel,Right Side Doors,Right Rear Quarter Panel,,,N,,Unsafe Speed,Unspecified,QUEENS,11418.0,"(40.701405, -73.82392)",0.0,0.0,0,0,0,0,0,0,Sedan,Sedan,0
18653787,4051677,12/24/2018,16:40,a0764707-bc9b-4af5-a1b1-f5e181efdc4d,Sedan,TOYT -CAR/SUV,2013.0,1.0,M,Licensed,Making U Turn,Center Front End,Center Front End,No Damage,No Damage,No Damage,N,,Driver Inattention/Distraction,Unspecified,,,"(40.822834, -73.941925)",1.0,0.0,0,0,1,0,0,0,Sedan,Bike,1
18692178,3970600,08/28/2018,15:40,108d4090-2eb2-43fc-a7b5-7e2a4d7b9acb,Sedan,INFI -CAR/SUV,2017.0,3.0,F,Licensed,Going Straight Ahead,Center Back End,Center Back End,Right Rear Bumper,Center Back End,Left Rear Bumper,N,,Unspecified,Unspecified,STATEN ISLAND,10310.0,"(40.629845, -74.12362)",0.0,0.0,0,0,0,0,0,0,Sedan,,0
17759607,3858397,03/06/2018,12:48,51ebafe5-3132-489d-bb60-b708108e5c91,Pick-up Truck,CHEV -CAR/SUV,1984.0,1.0,M,Licensed,Backing,Center Back End,Right Rear Bumper,Left Rear Bumper,,No Damage,N,,Brakes Defective,Driver Inattention/Distraction,BRONX,10463.0,"(40.870346, -73.9044)",2.0,0.0,0,0,0,0,2,0,Pick-up Truck,Station Wagon/Sport Utility Vehicle,1
18861574,4044336,12/13/2018,22:00,f55c3132-92bd-415f-8172-6c9ed2febe44,Sedan,FORD -CAR/SUV,2003.0,1.0,M,Licensed,Going Straight Ahead,Center Front End,Center Front End,No Damage,No Damage,No Damage,N,,Failure to Yield Right-of-Way,Unspecified,,,"(40.87307, -73.85041)",0.0,0.0,0,0,0,0,0,0,Sedan,Sedan,0
18735823,3957860,08/09/2018,09:40,4dcdef58-e36a-4b4f-be0b-bc109b9ddf36,Sedan,NISS -CAR/SUV,2015.0,1.0,M,Licensed,Going Straight Ahead,Center Back End,Right Rear Bumper,Left Rear Bumper,Other,Other,N,,Unspecified,Unspecified,,,"(40.887547, -73.81512)",0.0,0.0,0,0,0,0,0,0,Sedan,Sedan,0
18775244,3968237,08/24/2018,13:00,67cf3022-03f6-4c0e-aa5a-d8c90818b00b,Sedan,TOYT -CAR/SUV,2015.0,1.0,F,Licensed,Going Straight Ahead,Center Back End,Center Back End,No Damage,No Damage,No Damage,N,,Unspecified,Unspecified,,,"(40.824432, -73.873604)",0.0,0.0,0,0,0,0,0,0,Sedan,Tanker,0
17765942,3881354,04/14/2018,04:55,670eefe7-31fa-4f9d-b8e5-6475f6272a87,Station Wagon/Sport Utility Vehicle,GMC -CAR/SUV,2015.0,0.0,,,Parked,Left Rear Quarter Panel,Left Rear Quarter Panel,Left Side Doors,Left Front Quarter Panel,,N,,Unspecified,Unspecified,BROOKLYN,11222.0,"(40.725098, -73.95758)",0.0,0.0,0,0,0,0,0,0,Station Wagon/Sport Utility Vehicle,,0
18645207,3951982,07/31/2018,08:47,4e268b7b-a94a-48e7-b032-b2bca2101e86,Station Wagon/Sport Utility Vehicle,HOND -CAR/SUV,2008.0,1.0,M,Licensed,Going Straight Ahead,Left Front Quarter Panel,Left Front Quarter Panel,Left Front Quarter Panel,Left Side Doors,Left Side Doors,N,,Unspecified,Unspecified,,,"(40.697098, -73.95386)",0.0,0.0,0,0,0,0,0,0,Motorcycle,Station Wagon/Sport Utility Vehicle,0
18859479,4042638,12/11/2018,11:50,454184a4-bd1c-42ce-8b37-6a7752b92c6b,Sedan,JEEP -CAR/SUV,1999.0,1.0,F,Licensed,Going Straight Ahead,Center Front End,Center Front End,Left Front Bumper,Right Front Bumper,,N,,Driver Inattention/Distraction,Unspecified,,,"(40.61023, -74.10529)",0.0,0.0,0,0,0,0,0,0,Sedan,Sedan,0
18573411,3908554,05/27/2018,18:20,561e184a-5e53-4033-a94d-22572e7515c2,Sedan,NISS -CAR/SUV,2009.0,2.0,M,Licensed,Going Straight Ahead,Left Front Quarter Panel,Left Front Quarter Panel,Left Front Bumper,Left Side Doors,No Damage,N,,Unspecified,Unspecified,,,"(40.68888, -73.960014)",0.0,0.0,0,0,0,0,0,0,Sedan,Sedan,0
18797794,3913087,06/02/2018,13:55,c4678630-8d94-4514-bb00-68d3aa8ea377,Pick-up Truck,FORD -CAR/SUV,2013.0,1.0,M,Licensed,Passing,Right Front Bumper,Right Front Quarter Panel,No Damage,No Damage,No Damage,N,,Unspecified,Unspecified,,,"(40.66561, -73.73568)",0.0,0.0,0,0,0,0,0,0,Station Wagon/Sport Utility Vehicle,Pick-up Truck,0
18658820,3931661,06/29/2018,16:16,9659d2a8-cffc-4522-9fca-9da0ab974a05,Sedan,MAZD -CAR/SUV,2016.0,0.0,,,Parked,Center Back End,Center Back End,Left Rear Bumper,Right Rear Bumper,,N,,Unspecified,Unspecified,,,"(40.73303, -73.8542)",4.0,0.0,0,0,0,0,4,0,Sedan,Sedan,1
18816398,4035648,11/29/2018,20:35,a0ebd345-00af-446b-8681-220761619fb1,Sedan,TOYT -CAR/SUV,2013.0,1.0,M,Licensed,Making Left Turn,Left Front Quarter Panel,Other,Other,Other,Other,N,,Driver Inattention/Distraction,Driver Inattention/Distraction,,,,1.0,0.0,1,0,0,0,0,0,Sedan,,1
18645929,3950765,07/27/2018,16:40,fbd87d1c-0640-4d17-82b4-328595c9d784,Sedan,MERZ -CAR/SUV,2018.0,1.0,M,Licensed,Slowing or Stopping,Center Front End,Center Front End,No Damage,No Damage,No Damage,N,,Pavement Slippery,Driver Inattention/Distraction,MANHATTAN,10013.0,"(40.71654, -73.996994)",0.0,0.0,0,0,0,0,0,0,Station Wagon/Sport Utility Vehicle,Sedan,0
18871300,4018210,11/10/2018,23:40,00a64a2e-f497-4b03-bb7d-189ed541402b,Sedan,HOND -CAR/SUV,2018.0,1.0,M,Licensed,Going Straight Ahead,Left Rear Quarter Panel,Left Rear Quarter Panel,,,,N,,Driver Inattention/Distraction,Unspecified,,,"(40.727776, -73.92902)",0.0,0.0,0,0,0,0,0,0,Station Wagon/Sport Utility Vehicle,Sedan,0
18682753,3962482,08/16/2018,11:42,a7c7d5cd-0e3f-4641-9856-ccb63ad0f6f4,Sedan,TOYT -CAR/SUV,2018.0,1.0,M,Licensed,Slowing or Stopping,Center Back End,Center Back End,Right Rear Bumper,Left Rear Bumper,,N,,Unspecified,Unspecified,STATEN ISLAND,10314.0,"(40.61324, -74.12045)",2.0,0.0,0,0,0,0,2,0,Sedan,Station Wagon/Sport Utility Vehicle,1
18674579,4004660,10/21/2018,13:09,6677225e-a328-460a-9815-a502baee8e06,Sedan,JEEP -CAR/SUV,2011.0,1.0,,,Going Straight Ahead,,,,,,N,,Unspecified,Unspecified,BRONX,10455.0,"(40.81553, -73.89958)",0.0,0.0,0,0,0,0,0,0,Sedan,Sedan,0
18860031,4049838,12/21/2018,15:55,8e0c103f-907a-4685-bbc7-c4defa56cc0e,Sedan,HOND -CAR/SUV,2013.0,2.0,M,Licensed,Making Left Turn,Right Front Bumper,Right Front Bumper,,,,N,,Failure to Yield Right-of-Way,Driver Inattention/Distraction,QUEENS,11418.0,"(40.70001, -73.830894)",0.0,0.0,0,0,0,0,0,0,Sedan,Sedan,0
18768490,3991403,10/01/2018,08:20,461d59c8-98ca-4c03-b0da-68a4051e0ddf,Station Wagon/Sport Utility Vehicle,TOYT -CAR/SUV,2015.0,1.0,F,Licensed,Going Straight Ahead,Left Front Bumper,Left Front Bumper,Center Front End,,,N,,Driver Inattention/Distraction,Following Too Closely,,,"(40.60566, -73.966965)",0.0,0.0,0,0,0,0,0,0,Sedan,Station Wagon/Sport Utility Vehicle,0
17800158,3846659,02/16/2018,02:10,60cd5d74-bedb-45db-912d-43953f187294,Station Wagon/Sport Utility Vehicle,JEEP -CAR/SUV,2003.0,1.0,M,Licensed,Going Straight Ahead,Right Front Bumper,Right Front Bumper,,,,N,,Unspecified,Unspecified,QUEENS,11428.0,"(40.714634, -73.75133)",0.0,0.0,0,0,0,0,0,0,Pick-up Truck,Station Wagon/Sport Utility Vehicle,0
18766610,3959005,08/10/2018,17:01,2e46a85c-d070-4571-9ee4-e72e8fff982c,Station Wagon/Sport Utility Vehicle,HOND -CAR/SUV,2013.0,0.0,F,Licensed,Going Straight Ahead,Right Front Quarter Panel,Right Front Quarter Panel,No Damage,No Damage,No Damage,N,,Passing or Lane Usage Improper,Unspecified,STATEN ISLAND,10306.0,"(40.563663, -74.132515)",0.0,0.0,0,0,0,0,0,0,Station Wagon/Sport Utility Vehicle,Station Wagon/Sport Utility Vehicle,0
17781773,3873730,03/31/2018,19:45,718c20ae-fd45-4962-91d1-6d908083b27f,Station Wagon/Sport Utility Vehicle,CHEV -CAR/SUV,2016.0,0.0,,,Parked,Left Front Quarter Panel,Left Front Quarter Panel,,,,N,,Unspecified,Unspecified,MANHATTAN,10036.0,"(40.756496, -73.988075)",0.0,0.0,0,0,0,0,0,0,Station Wagon/Sport Utility Vehicle,Bus,0
18831103,4005837,10/23/2018,09:34,b954057a-cd25-4598-8591-f92a6410bb86,Box Truck,GMC-TRUCK/BUS,2005.0,1.0,M,Licensed,Making Right Turn,Right Rear Quarter Panel,Right Rear Quarter Panel,,,,N,,Unspecified,Unspecified,MANHATTAN,10019.0,,0.0,0.0,0,0,0,0,0,0,Station Wagon/Sport Utility Vehicle,Box Truck,0
18624882,3918294,06/09/2018,14:45,c90e4059-4274-407f-8a58-69bca2ff5e25,Station Wagon/Sport Utility Vehicle,NISS -CAR/SUV,2017.0,1.0,F,Licensed,Slowing or Stopping,Right Rear Bumper,Right Rear Bumper,Center Back End,,,N,,Unspecified,Unspecified,,,"(40.86507, -73.87185)",0.0,0.0,0,0,0,0,0,0,Sedan,Station Wagon/Sport Utility Vehicle,0
18578081,3916375,06/06/2018,10:00,c259ffce-2052-4ebc-a0de-c8b683063e16,Station Wagon/Sport Utility Vehicle,NISS -CAR/SUV,2017.0,1.0,M,Licensed,Parked,Other,Other,,,,N,,Unspecified,Unspecified,BROOKLYN,11217.0,"(40.685513, -73.97429)",0.0,0.0,0,0,0,0,0,0,Pick-up Truck,Station Wagon/Sport Utility Vehicle,0
18837550,3946821,07/23/2018,09:46,da0c57b9-fc45-4273-b5d9-c9e4d315d886,Station Wagon/Sport Utility Vehicle,DODG -CAR/SUV,2003.0,1.0,M,Licensed,Going Straight Ahead,Center Back End,Center Back End,,,,N,,Unspecified,Unspecified,,,,0.0,0.0,0,0,0,0,0,0,Station Wagon/Sport Utility Vehicle,Sedan,0
17694543,3830749,01/18/2018,09:30,841c7732-8239-4dfa-8779-7136f554b150,Sedan,TOYT -CAR/SUV,2014.0,1.0,M,Licensed,Going Straight Ahead,Center Front End,Center Front End,Left Front Bumper,,,N,,Driver Inattention/Distraction,Driver Inattention/Distraction,BRONX,10453.0,"(40.8511, -73.90468)",0.0,0.0,0,0,0,0,0,0,Sedan,Station Wagon/Sport Utility Vehicle,0
17829182,3857090,03/04/2018,13:39,58bfb7c9-199b-4911-8eec-620918d843a1,Sedan,MAZD -CAR/SUV,2006.0,1.0,M,Licensed,Slowing or Stopping,Center Front End,Center Front End,Left Front Bumper,Right Front Bumper,,N,,Following Too Closely,Unspecified,,,"(40.798256, -73.82744)",0.0,0.0,0,0,0,0,0,0,Sedan,Sedan,0
18705568,3953241,08/03/2018,12:00,0a94681b-aaa5-4db2-bcad-48b010a7090c,Sedan,FORD -CAR/SUV,2012.0,2.0,M,Licensed,Going Straight Ahead,Left Front Bumper,Left Front Bumper,Left Front Quarter Panel,,,N,,Following Too Closely,Following Too Closely,MANHATTAN,10017.0,"(40.75094, -73.96828)",0.0,0.0,0,0,0,0,0,0,Sedan,Sedan,0
17703239,3853269,02/26/2018,16:30,fa449a83-e136-4c65-9553-ce6b9643277f,Sedan,MERZ -CAR/SUV,2018.0,0.0,M,Licensed,Parked,Left Rear Bumper,Left Rear Bumper,No Damage,No Damage,No Damage,N,,Unspecified,Unspecified,MANHATTAN,10030.0,"(40.817852, -73.94768)",0.0,0.0,0,0,0,0,0,0,Sedan,Sedan,0
18683604,3940232,07/13/2018,09:00,8e592591-5e84-412c-8947-410608af9d44,Pick-up Truck,FRGHT,2014.0,1.0,M,Licensed,Backing,Center Back End,Center Back End,No Damage,No Damage,No Damage,N,,Backing Unsafely,Driver Inattention/Distraction,MANHATTAN,10022.0,"(40.75526, -73.96824)",0.0,0.0,0,0,0,0,0,0,Sedan,Pick-up Truck,0
18677085,3983773,09/17/2018,14:17,ccb82137-2650-40af-83b8-64ce8d721ebb,Station Wagon/Sport Utility Vehicle,LEXS -CAR/SUV,2016.0,0.0,M,Licensed,Going Straight Ahead,Right Rear Bumper,Right Front Bumper,Center Front End,No Damage,No Damage,N,,Unspecified,Unspecified,,,"(40.5832, -73.97304)",0.0,0.0,0,0,0,0,0,0,Station Wagon/Sport Utility Vehicle,Sedan,0
18658704,3910981,05/30/2018,13:20,ed16191f-61fe-40a6-985e-afeedd5acccd,Station Wagon/Sport Utility Vehicle,FORD -CAR/SUV,2017.0,1.0,F,Licensed,Starting from Parking,Left Front Quarter Panel,Left Front Quarter Panel,Left Front Bumper,Other,Other,N,,Failure to Yield Right-of-Way,Unspecified,BROOKLYN,11211.0,"(40.70562, -73.954544)",0.0,0.0,0,0,0,0,0,0,Sedan,Station Wagon/Sport Utility Vehicle,0
17733070,3853000,02/25/2018,17:23,6dc07571-0382-46d6-aa50-e490cb21b426,Station Wagon/Sport Utility Vehicle,HOND -CAR/SUV,2014.0,1.0,M,Licensed,Making Right Turn,Right Front Bumper,Right Front Bumper,,,,N,,Following Too Closely,Unspecified,MANHATTAN,10001.0,"(40.752052, -74.000984)",0.0,0.0,0,0,0,0,0,0,Station Wagon/Sport Utility Vehicle,Sedan,0
18897746,4054104,12/28/2018,16:00,2524c048-6747-4236-a3ab-d4e3411032f3,Station Wagon/Sport Utility Vehicle,DODG -CAR/SUV,2015.0,0.0,,,Parked,Left Front Quarter Panel,Left Side Doors,No Damage,No Damage,No Damage,N,,Unspecified,Unspecified,BROOKLYN,11212.0,"(40.666462, -73.92259)",0.0,0.0,0,0,0,0,0,0,Station Wagon/Sport Utility Vehicle,,0
18769730,4037734,12/03/2018,08:20,65dd8be3-2890-47ae-9bef-957f8e781125,Station Wagon/Sport Utility Vehicle,NISS -CAR/SUV,2017.0,1.0,F,Licensed,Making Left Turn,Right Rear Quarter Panel,Right Rear Quarter Panel,No Damage,No Damage,No Damage,N,,Turning Improperly,Failure to Yield Right-of-Way,STATEN ISLAND,10301.0,"(40.613804, -74.11338)",0.0,0.0,0,0,0,0,0,0,Station Wagon/Sport Utility Vehicle,Station Wagon/Sport Utility Vehicle,0
18880545,3986321,09/22/2018,20:11,cda222f3-3bf0-4ace-adb8-9fb6b4279f15,Station Wagon/Sport Utility Vehicle,NISS -CAR/SUV,2018.0,4.0,M,Licensed,Slowing or Stopping,Center Back End,Center Back End,Left Rear Bumper,Right Rear Bumper,,N,,Unspecified,Unspecified,,,,3.0,0.0,0,0,0,0,3,0,Station Wagon/Sport Utility Vehicle,Sedan,1
18711151,3907513,05/24/2018,08:00,4afb2616-9772-49fe-84d5-be1c1c0b7da6,Station Wagon/Sport Utility Vehicle,TOYT -CAR/SUV,2018.0,1.0,F,Licensed,Stopped in Traffic,Left Front Bumper,Left Front Bumper,No Damage,No Damage,No Damage,N,,Unspecified,Unspecified,,,"(40.775368, -73.90962)",0.0,0.0,0,0,0,0,0,0,Sedan,Station Wagon/Sport Utility Vehicle,0
17909902,3902550,05/17/2018,08:50,f32bbebe-b09d-423f-af0c-f97b090a1c8f,Pick-up Truck,CHEV -CAR/SUV,2010.0,1.0,M,Unlicensed,Slowing or Stopping,Center Front End,No Damage,,,,N,,Following Too Closely,Pavement Slippery,QUEENS,11354.0,"(40.763424, -73.83016)",2.0,0.0,0,0,0,0,2,0,Station Wagon/Sport Utility Vehicle,Pick-up Truck,1
18661058,3926302,06/20/2018,23:00,f377ceb6-dfd6-4be2-9731-64ff01250797,Sedan,LEXS -CAR/SUV,2006.0,1.0,M,Licensed,Going Straight Ahead,Left Front Bumper,Left Front Quarter Panel,,,,N,,Following Too Closely,Unspecified,,,"(40.61019, -74.03534)",0.0,0.0,0,0,0,0,0,0,Sedan,Sedan,0
18670225,3926235,06/21/2018,16:30,5803fa82-b517-4749-94ac-39461cd4e540,Sedan,NISS -CAR/SUV,2010.0,1.0,M,Licensed,Stopped in Traffic,Center Back End,Center Back End,Center Front End,,,N,,Unspecified,Unspecified,BROOKLYN,11229.0,"(40.61082, -73.9548)",1.0,0.0,0,0,0,0,1,0,Station Wagon/Sport Utility Vehicle,Pick-up Truck,1
18762298,3957823,08/08/2018,23:15,0b538e3e-7981-4cb3-b8eb-f5f5624f200e,Taxi,TOYT -CAR/SUV,2014.0,1.0,M,Licensed,Going Straight Ahead,Left Rear Quarter Panel,Left Rear Quarter Panel,No Damage,No Damage,No Damage,N,,Unspecified,Unspecified,MANHATTAN,10017.0,"(40.75587, -73.972824)",0.0,0.0,0,0,0,0,0,0,Taxi,Taxi,0
18658658,3948203,07/23/2018,09:50,7bbc0574-5fbc-4bac-9b74-b6a9cb41aa87,Station Wagon/Sport Utility Vehicle,DODG -CAR/SUV,2008.0,1.0,M,Licensed,Backing,Left Rear Quarter Panel,Left Rear Quarter Panel,No Damage,No Damage,No Damage,N,,Unspecified,Unspecified,BRONX,10461.0,"(40.843124, -73.84299)",0.0,0.0,0,0,0,0,0,0,Station Wagon/Sport Utility Vehicle,,0
18846679,3954213,08/02/2018,17:00,1f752367-7653-4e45-b668-73bba615a0c8,Sedan,BMW -CAR/SUV,2008.0,0.0,F,Licensed,Parked,Left Side Doors,Left Side Doors,,,,N,,Unspecified,Unspecified,BROOKLYN,11208.0,"(40.66109, -73.878494)",0.0,0.0,0,0,0,0,0,0,Sedan,,0
18630174,3982263,09/17/2018,08:40,a252cce5-01c4-43c2-8f15-8dad2145de79,Taxi,FORD -CAR/SUV,2015.0,2.0,M,Licensed,Parked,Right Side Doors,Right Side Doors,No Damage,No Damage,No Damage,N,,Unspecified,Unspecified,,,"(40.774853, -73.98067)",0.0,0.0,0,0,0,0,0,0,Taxi,Sedan,0
18581815,3950671,07/27/2018,11:15,54e25882-5e09-4ea9-9b11-bbf96fe22a45,Station Wagon/Sport Utility Vehicle,ACUR -CAR/SUV,2006.0,1.0,M,Licensed,Going Straight Ahead,Right Front Bumper,Right Front Bumper,No Damage,No Damage,No Damage,N,,Driver Inattention/Distraction,Unspecified,,,"(40.78911, -73.96656)",1.0,0.0,0,0,0,0,1,0,Station Wagon/Sport Utility Vehicle,Station Wagon/Sport Utility Vehicle,1
17706007,3833964,01/22/2018,00:43,79fa0c10-a0a6-476a-ba25-082aec0e21b8,Station Wagon/Sport Utility Vehicle,FORD -CAR/SUV,2017.0,1.0,M,Licensed,Going Straight Ahead,Right Front Quarter Panel,Right Front Quarter Panel,,,,Unspecified,,Unspecified,Unspecified,BROOKLYN,11219.0,"(40.63829, -73.98871)",0.0,0.0,0,0,0,0,0,0,Sedan,Station Wagon/Sport Utility Vehicle,0
17699348,3840866,02/03/2018,22:07,80521835-8d3c-410a-a218-ad013572b579,Station Wagon/Sport Utility Vehicle,TOYT -CAR/SUV,2017.0,2.0,M,Licensed,Stopped in Traffic,Right Front Bumper,Right Front Bumper,Center Front End,,,N,,Unspecified,Unspecified,MANHATTAN,10033.0,"(40.8468, -73.931854)",0.0,0.0,0,0,0,0,0,0,Station Wagon/Sport Utility Vehicle,,0
18836836,4033679,11/27/2018,13:10,4d76c12a-d299-43dd-bf93-81f57072dd7e,Sedan,TOYT -CAR/SUV,2016.0,1.0,F,Licensed,Going Straight Ahead,Right Front Quarter Panel,Right Front Quarter Panel,,,,N,,Failure to Yield Right-of-Way,Traffic Control Disregarded,BROOKLYN,11203.0,"(40.646255, -73.93081)",0.0,0.0,0,0,0,0,0,0,Sedan,Sedan,0
17770707,3864768,03/16/2018,17:11,fe4d1d2b-0177-45f8-8125-5a4e315a161d,Sedan,TOYT -CAR/SUV,2007.0,1.0,M,Licensed,Going Straight Ahead,Left Front Bumper,No Damage,No Damage,No Damage,No Damage,N,,Passing or Lane Usage Improper,Passing or Lane Usage Improper,BROOKLYN,11210.0,"(40.619606, -73.945526)",0.0,0.0,0,0,0,0,0,0,Sedan,Sedan,0
17816398,3893237,05/02/2018,21:15,3b8714da-26f0-47ca-b34f-ada939b0bc74,Sedan,BMW -CAR/SUV,2013.0,1.0,M,Licensed,Backing,Center Back End,Center Back End,Left Rear Bumper,Right Rear Bumper,,N,,Backing Unsafely,Unspecified,BROOKLYN,11230.0,"(40.632294, -73.96678)",0.0,0.0,0,0,0,0,0,0,Station Wagon/Sport Utility Vehicle,Sedan,0