UNIQUE_ID,COLLISION_ID,CRASH_DATE,CRASH_TIME,VEHICLE_ID,VEHICLE_TYPE,VEHICLE_MAKE,VEHICLE_YEAR,VEHICLE_OCCUPANTS,DRIVER_SEX,DRIVER_LICENSE_STATUS,PRE_CRASH,POINT_OF_IMPACT,VEHICLE_DAMAGE,VEHICLE_DAMAGE_1,VEHICLE_DAMAGE_2,VEHICLE_DAMAGE_3,PUBLIC_PROPERTY_DAMAGE,PUBLIC_PROPERTY_DAMAGE_TYPE,CONTRIBUTING_FACTOR_1,CONTRIBUTING_FACTOR_2,BOROUGH,ZIP CODE,LOCATION,NUMBER OF PERSONS INJURED,NUMBER OF PERSONS KILLED,NUMBER OF PEDESTRIANS INJURED,NUMBER OF PEDESTRIANS KILLED,NUMBER OF CYCLIST INJURED,NUMBER OF CYCLIST KILLED,NUMBER OF MOTORIST INJURED,NUMBER OF MOTORIST KILLED,VEHICLE TYPE CODE 1,VEHICLE TYPE CODE 2,Severity
18672304,3932422,07/01/2018,21:18,ef77195d-1966-4c71-8fd5-0a801b1a67d4,Station Wagon/Sport Utility Vehicle,FORD -CAR/SUV,2016.0,0.0,,,Parked,Right Rear Quarter Panel,Right Rear Quarter Panel,Right Side Doors,,,N,,Unspecified,Unspecified,BROOKLYN,11228.0,"(40.623554, -74.00669)",0.0,0.0,0,0,0,0,0,0,Ambulance,Station Wagon/Sport Utility Vehicle,0
17841611,3889242,04/26/2018,21:24,ea6455d8-991a-4c64-ab2d-6e8a41900550,Taxi,TOYT -CAR/SUV,2017.0,1.0,M,Licensed,Going Straight Ahead,Left Front Quarter Panel,Left Side Doors,No Damage,No Damage,No Damage,N,,Driver Inattention/Distraction,Driver Inattention/Distraction,MANHATTAN,10065.0,"(40.764107, -73.96682)",0.0,0.0,0,0,0,0,0,0,Station Wagon/Sport Utility Vehicle,Taxi,0
18613838,4004795,10/19/2018,23:40,c1a6ac81-7eab-4fce-9f08-07b348174598,Station Wagon/Sport Utility Vehicle,MAZD -CAR/SUV,2016.0,1.0,M,Licensed,Going Straight Ahead,Center Back End,Center Back End,Right Rear Bumper,Center Front End,Left Rear Bumper,N,,Unspecified,Unspecified,,,,0.0,0.0,0,0,0,0,0,0,Sedan,Sedan,0
17681696,3823047,01/06/2018,00:08,89a90a52-7bf7-4514-8dc0-5f15100523f9,Station Wagon/Sport Utility Vehicle,KIA -CAR/SUV,2016.0,0.0,F,Licensed,Parked,Left Side Doors,Left Side Doors,,,,N,,Unspecified,Unspecified,QUEENS,11435.0,"(40.70348, -73.806274)",0.0,0.0,0,0,0,0,0,0,Station Wagon/Sport Utility Vehicle,,0
17762671,3885862,04/21/2018,11:15,8cccc479-bc63-4939-a68f-dfaeea88358f,Box Truck,FRHT-TRUCK/BUS,2006.0,1.0,M,Licensed,Parked,Left Rear Bumper,No Damage,No Damage,No Damage,No Damage,N,,Unspecified,Unspecified,BROOKLYN,11215.0,"(40.66849, -73.98689)",0.0,0.0,0,0,0,0,0,0,Box Truck,Sedan,0
18759449,3951081,07/27/2018,22:16,c94ed648-d879-482a-8376-a477e60857f1,Sedan,FORD -CAR/SUV,2015.0,1.0,M,Licensed,Passing,Right Front Quarter Panel,Right Side Doors,Right Rear Quarter Panel,,,N,,Passing or Lane Usage Improper,Unsafe Lane Changing,,,"(40.889175, -73.84416)",0.0,0.0,0,0,0,0,0,0,Sedan,Sedan,0
18692608,3928965,06/25/2018,09:30,03f9be6b-ea98-4a7d-bb94-dd2772547218,Box Truck,HINO -TRUCK/BUS,2014.0,1.0,M,Licensed,Going Straight Ahead,Right Front Bumper,Right Front Bumper,,,,N,,Driver Inattention/Distraction,Unspecified,BROOKLYN,11237.0,"(40.70942, -73.93304)",0.0,0.0,0,0,0,0,0,0,Beverage Truck,Box Truck,0
18842808,3950718,07/25/2018,18:30,43a20906-2b53-4c35-bd02-a4fef5d63b6c,Bus,New flyer,2015.0,1.0,M,Licensed,Going Straight Ahead,Center Front End,Center Front End,,,,N,,Reaction to Uninvolved Vehicle,Reaction to Uninvolved Vehicle,BROOKLYN,11207.0,"(40.674397, -73.896515)",0.0,0.0,0,0,0,0,0,0,Sedan,Bus,0
17725020,3843388,02/08/2018,19:00,5c9a9154-888d-40eb-aa40-fa0207f1ad58,Sedan,FORD -CAR/SUV,2016.0,1.0,F,Licensed,Going Straight Ahead,Center Front End,Center Front End,,,,N,,Unspecified,Unspecified,,,"(40.62823, -73.95582)",0.0,0.0,0,0,0,0,0,0,Sedan,Sedan,0
18773920,3998017,10/11/2018,11:30,9ee6d5b9-6f6f-4711-a071-15962874064a,Taxi,TOYT -CAR/SUV,2018.0,0.0,M,Licensed,Going Straight Ahead,Left Front Quarter Panel,No Damage,No Damage,No Damage,No Damage,N,,Unspecified,Unspecified,MANHATTAN,10017.0,"(40.752285, -73.98176)",1.0,0.0,0,0,0,0,1,0,Taxi,Bike,1
17758556,3868500,03/23/2018,13:06,9df90434-b191-4d1e-af75-c9de460a2eea,Sedan,FORD -CAR/SUV,2016.0,1.0,M,Licensed,Making Left Turn,Right Front Bumper,Right Front Bumper,Right Front Quarter Panel,No Damage,No Damage,N,,Driver Inattention/Distraction,Unspecified,,,"(40.844875, -73.8678)",0.0,0.0,0,0,0,0,0,0,Sedan,Station Wagon/Sport Utility Vehicle,0
18751100,4055681,12/30/2018,04:40,de704c36-4142-4c82-acbd-776e3191810c,Sedan,CHRY -CAR/SUV,2008.0,1.0,,,Slowing or Stopping,Left Front Bumper,Center Front End,Right Front Bumper,Left Front Bumper,Right Front Quarter Panel,N,,Unsafe Speed,Driver Inattention/Distraction,BROOKLYN,11216.0,"(40.686577, -73.947464)",0.0,0.0,0,0,0,0,0,0,Sedan,Sedan,0
17684253,3837655,01/30/2018,08:45,1e7a221f-fcfa-428a-9c2a-ff5cc2930302,Sedan,MERZ -CAR/SUV,2015.0,1.0,F,Licensed,Going Straight Ahead,Right Rear Quarter Panel,Right Front Bumper,Right Side Doors,Left Rear Bumper,,N,,Unspecified,Unspecified,QUEENS,11694.0,"(40.576637, -73.846344)",0.0,0.0,0,0,0,0,0,0,Sedan,TRUCK,0
17740553,3856309,03/02/2018,19:50,69dcca40-9537-4583-a749-3a4486901ad6,Station Wagon/Sport Utility Vehicle,mack truck,2013.0,1.0,M,,Backing,Right Rear Bumper,Center Back End,Left Rear Bumper,,,N,,Driver Inattention/Distraction,Unspecified,BROOKLYN,11234.0,"(40.626404, -73.92738)",0.0,0.0,0,0,0,0,0,0,Station Wagon/Sport Utility Vehicle,Station Wagon/Sport Utility Vehicle,0
17700481,3828371,01/14/2018,17:05,d9104d57-74f2-4376-9aeb-d0db2d9f45cd,Sedan,MERZ -CAR/SUV,1999.0,1.0,F,Licensed,Going Straight Ahead,Center Front End,Left Front Bumper,Right Front Bumper,,,N,,Following Too Closely,Unspecified,,,"(40.666737, -73.78628)",0.0,0.0,0,0,0,0,0,0,Sedan,Station Wagon/Sport Utility Vehicle,0
18848258,4018535,11/11/2018,12:00,184238a2-dd8c-46b5-8ded-c3dea03724d2,Sedan,TOYT -CAR/SUV,1998.0,1.0,F,Licensed,Going Straight Ahead,Right Front Bumper,Right Front Bumper,Right Side Doors,Right Front Quarter Panel,No Damage,N,,Driver Inattention/Distraction,Unspecified,,,"(40.67897, -73.759834)",0.0,0.0,0,0,0,0,0,0,Sedan,Station Wagon/Sport Utility Vehicle,0
18771022,3997930,10/11/2018,08:55,4978583d-a3cb-46f3-a69a-786b84c13084,Station Wagon/Sport Utility Vehicle,TOYT -CAR/SUV,2016.0,1.0,M,Licensed,Going Straight Ahead,Left Side Doors,Left Side Doors,No Damage,No Damage,No Damage,N,,Driver Inattention/Distraction,Unspecified,,,"(40.741272, -73.97535)",0.0,0.0,0,0,0,0,0,0,Sedan,Station Wagon/Sport Utility Vehicle,0
18845288,4019212,11/12/2018,10:00,cf39266b-8abd-4581-ae6a-5f1764b239ae,Sedan,TOYT -CAR/SUV,2018.0,0.0,,,Parked,Left Front Quarter Panel,Left Front Quarter Panel,Left Front Bumper,,,N,,Unspecified,Unspecified,STATEN ISLAND,10306.0,"(40.56131, -74.12158)",0.0,0.0,0,0,0,0,0,0,Pick-up Truck,Sedan,0
18702368,3927078,06/22/2018,11:00,75a3cbed-c36a-4095-bd33-802b4a8ee32e,Van,FRHT-TRUCK/BUS,2015.0,1.0,M,Licensed,Going Straight Ahead,Right Front Bumper,Right Front Bumper,,,,N,,Unspecified,Unspecified,MANHATTAN,10020.0,"(40.758144, -73.97825)",0.0,0.0,0,0,0,0,0,0,Van,Station Wagon/Sport Utility Vehicle,0
18612969,3955283,08/04/2018,23:38,bd09c436-dbc5-404f-9694-199bf4ab5d23,Sedan,MERC -CAR/SUV,2010.0,4.0,M,Licensed,Going Straight Ahead,Left Front Quarter Panel,Left Front Quarter Panel,,,,N,,Unspecified,Unspecified,,,"(40.676834, -74.00146)",1.0,0.0,0,0,0,0,1,0,Sedan,Sedan,1
18820022,4036344,12/01/2018,19:45,67734658-ae4e-4c21-8e4c-d6a2c8c78dad,Station Wagon/Sport Utility Vehicle,TOYT -CAR/SUV,2007.0,3.0,M,Licensed,Making Left Turn,Center Front End,Center Front End,,,,N,,Pavement Slippery,Failure to Yield Right-of-Way,QUEENS,11433.0,"(40.696564, -73.79125)",1.0,0.0,1,0,0,0,0,0,Station Wagon/Sport Utility Vehicle,,1
17797126,3904422,05/20/2018,16:30,f0edde41-d00c-4d47-ac0b-5578b532bd2c,Sedan,CHEV -CAR/SUV,2017.0,1.0,F,Licensed,Going Straight Ahead,Center Back End,No Damage,,,,N,,Unspecified,Unspecified,,,"(40.71976, -73.94476)",0.0,0.0,0,0,0,0,0,0,Sedan,Station Wagon/Sport Utility Vehicle,0
17803275,3879748,04/12/2018,10:00,7011c50a-83c6-4508-a5e6-0458de281bf0,Sedan,TOYT -CAR/SUV,2015.0,0.0,M,Licensed,Parked,Left Side Doors,Left Side Doors,Left Rear Quarter Panel,Left Rear Bumper,Center Back End,N,,Passing or Lane Usage Improper,Unspecified,,,"(40.83543, -73.92341)",0.0,0.0,0,0,0,0,0,0,Garbage or Refuse,Sedan,0
17788719,3886977,04/19/2018,08:40,eb877773-ce50-4707-a649-b359357aba3b,Taxi,HYUN -CAR/SUV,2011.0,1.0,M,Licensed,Merging,Left Rear Bumper,Left Rear Quarter Panel,Left Side Doors,,,N,,Unsafe Lane Changing,Following Too Closely,MANHATTAN,10001.0,"(40.753925, -73.99761)",0.0,0.0,0,0,0,0,0,0,Dump,Taxi,0
17800215,3881574,04/11/2018,17:00,f77dc92d-3c59-4997-b346-1d8db03e783e,Station Wagon/Sport Utility Vehicle,CHEV -CAR/SUV,2016.0,1.0,F,Licensed,Parked,Left Rear Bumper,Left Rear Bumper,Center Back End,Left Rear Quarter Panel,No Damage,N,,Unspecified,Unspecified,BRONX,10465.0,"(40.827866, -73.823586)",2.0,0.0,0,0,0,0,2,0,Station Wagon/Sport Utility Vehicle,Sedan,1
18778308,4002740,10/18/2018,11:00,445b415a-e107-423f-b48f-5e6e50959628,Taxi,TOYT -CAR/SUV,2016.0,1.0,M,Licensed,Going Straight Ahead,Center Front End,No Damage,No Damage,No Damage,No Damage,N,,Driver Inattention/Distraction,Unspecified,MANHATTAN,10016.0,"(40.74788, -73.97543)",0.0,0.0,0,0,0,0,0,0,Sedan,Taxi,0
18874440,4034343,11/28/2018,13:30,1b418b20-e22b-415c-9f4a-b2c9e77f9451,Box Truck,HINO -TRUCK/BUS,2016.0,1.0,M,Licensed,Entering Parked Position,Right Rear Quarter Panel,No Damage,,,,N,,Backing Unsafely,Unspecified,,,"(40.726494, -73.91469)",0.0,0.0,0,0,0,0,0,0,Box Truck,Station Wagon/Sport Utility Vehicle,0
18816289,4011243,10/28/2018,12:20,473f15aa-d641-4b7b-87cf-404f5afddce3,Sedan,TOYT -CAR/SUV,2010.0,1.0,M,Licensed,Going Straight Ahead,Center Front End,Center Front End,,,,Unspecified,,Unspecified,Unspecified,QUEENS,11368.0,"(40.746532, -73.86254)",1.0,0.0,0,0,1,0,0,0,Sedan,Bike,1
17771828,3876637,04/06/2018,20:48,fc6ac82c-8eb8-4bfc-beae-369af85766cc,Station Wagon/Sport Utility Vehicle,TOYT -CAR/SUV,2007.0,2.0,M,Licensed,Parked,Right Front Quarter Panel,Right Front Quarter Panel,Right Side Doors,Right Rear Quarter Panel,Left Rear Bumper,N,,Unspecified,Unspecified,BRONX,10469.0,"(40.859333, -73.84094)",2.0,0.0,0,0,0,0,2,0,Sedan,Station Wagon/Sport Utility Vehicle,1
17690823,3827233,01/11/2018,17:25,36aabb15-0e82-4945-b3e9-8ecf90c25f9d,Sedan,HOND -CAR/SUV,2006.0,0.0,,,Parked,Right Rear Quarter Panel,Right Rear Quarter Panel,Right Rear Bumper,No Damage,No Damage,Unspecified,,Unspecified,Unspecified,BROOKLYN,11232.0,"(40.663834, -73.99452)",0.0,0.0,0,0,0,0,0,0,Pick-up Truck,Sedan,0
18678529,3960504,08/10/2018,16:30,51e59ee7-86f5-4d72-9bcc-7ec5422e98e0,Sedan,HOND -CAR/SUV,2006.0,1.0,F,Licensed,Going Straight Ahead,Right Rear Quarter Panel,Right Rear Quarter Panel,Right Rear Bumper,,,N,,Driver Inattention/Distraction,Unspecified,STATEN ISLAND,10304.0,"(40.613308, -74.08722)",0.0,0.0,0,0,0,0,0,0,Sedan,Tractor Truck Diesel,0
18709907,3929327,06/26/2018,00:00,5f5e09cc-ace9-4fe8-9a33-4c3048c06620,Sedan,TOYT -CAR/SUV,,1.0,,,Making Right Turn,Right Front Bumper,Right Front Bumper,No Damage,No Damage,No Damage,N,,Turning Improperly,Unspecified,,,"(40.826275, -73.85971)",0.0,0.0,0,0,0,0,0,0,Sedan,Sedan,0
18825471,3997714,10/08/2018,15:45,25d6cfc3-1b09-46e8-a3e1-f000afbd726d,Sedan,KIA -CAR/SUV,2018.0,2.0,F,Licensed,Going Straight Ahead,Center Back End,Center Back End,Left Rear Bumper,Right Rear Bumper,,N,,Unspecified,Unspecified,,,"(40.69317, -73.75688)",0.0,0.0,0,0,0,0,0,0,Sedan,Sedan,0
17682901,3826223,01/08/2018,14:35,0527f756-f805-4041-b107-8b9ec69311d9,Sedan,HOND -CAR/SUV,2016.0,1.0,M,Licensed,Making Right Turn,Right Rear Bumper,Right Rear Bumper,,,,N,,Turning Improperly,Passing Too Closely,BROOKLYN,11213.0,"(40.671032, -73.93927)",0.0,0.0,0,0,0,0,0,0,Sedan,Sedan,0
17707221,3831773,01/19/2018,14:10,0527fcb7-a1af-4dfc-9539-6f66e16dca89,Station Wagon/Sport Utility Vehicle,FORD -CAR/SUV,2007.0,2.0,M,Licensed,Stopped in Traffic,Center Back End,Center Back End,,,,N,,Unspecified,Unspecified,BRONX,10466.0,"(40.896687, -73.84511)",0.0,0.0,0,0,0,0,0,0,Station Wagon/Sport Utility Vehicle,Station Wagon/Sport Utility Vehicle,0
18676376,3948566,07/25/2018,23:47,1f04c568-1df0-452a-ad1b-a92139de0a91,Station Wagon/Sport Utility Vehicle,HYUN -CAR/SUV,2018.0,2.0,M,Licensed,Going Straight Ahead,Center Front End,Right Front Bumper,Left Front Bumper,Right Front Quarter Panel,Left Front Quarter Panel,Unspecified,,Other Vehicular,Other Vehicular,,,"(40.630505, -73.92812)",4.0,0.0,0,0,0,0,4,0,Station Wagon/Sport Utility Vehicle,Station Wagon/Sport Utility Vehicle,1
18783433,4003587,10/20/2018,03:44,c3721659-65df-4841-91dd-0b42516caf78,Sedan,TOYT -CAR/SUV,2017.0,1.0,F,Licensed,,No Damage,No Damage,,,,N,,Unspecified,Unspecified,BRONX,10468.0,"(40.86149, -73.9073)",0.0,0.0,0,0,0,0,0,0,Sedan,Sedan,0
18681419,3941271,07/10/2018,10:50,aad5d21a-ad38-4bcd-91aa-7bbc9fcab6fe,Sedan,ACUR -CAR/SUV,2005.0,1.0,M,Licensed,Going Straight Ahead,Center Front End,Center Front End,,,,N,,Following Too Closely,Driver Inattention/Distraction,,,,0.0,0.0,0,0,0,0,0,0,Sedan,Station Wagon/Sport Utility Vehicle,0
18770900,3978617,09/11/2018,12:00,9e7a973f-2ed5-4241-9309-9eef05a26554,Station Wagon/Sport Utility Vehicle,HUMM -CAR/SUV,2009.0,1.0,M,Licensed,Parked,Left Rear Quarter Panel,Left Rear Quarter Panel,,,,N,,Unspecified,Unspecified,BROOKLYN,11211.0,"(40.71269, -73.94824)",0.0,0.0,0,0,0,0,0,0,Station Wagon/Sport Utility Vehicle,Tractor Truck Diesel,0
17773237,3858515,03/07/2018,14:55,371c270d-abc5-45b0-bffd-704dd2f87f26,Sedan,MERZ -CAR/SUV,1983.0,0.0,,,Parked,Right Front Bumper,Right Front Bumper,Center Front End,Left Front Bumper,,N,,Unspecified,Unspecified,QUEENS,11421.0,"(40.696384, -73.86017)",0.0,0.0,0,0,0,0,0,0,Sedan,Sedan,0
18764162,3912540,06/01/2018,17:13,0f74782e-b85c-4e57-93d5-d0f137f8536a,Station Wagon/Sport Utility Vehicle,FORD -CAR/SUV,2012.0,1.0,M,Licensed,Changing Lanes,Left Rear Bumper,No Damage,No Damage,No Damage,No Damage,N,,Driver Inattention/Distraction,Unspecified,BROOKLYN,11207.0,"(40.658577, -73.89063)",0.0,0.0,0,0,0,0,0,0,Station Wagon/Sport Utility Vehicle,Station Wagon/Sport Utility Vehicle,0
18738418,4047644,12/18/2018,17:47,6e97fb11-f10e-4a29-872f-69356dffb689,Sedan,NISS -CAR/SUV,2019.0,1.0,F,Licensed,Changing Lanes,Left Front Quarter Panel,Left Front Quarter Panel,,,,N,,Driver Inattention/Distraction,Unspecified,,,"(40.5832, -73.97304)",0.0,0.0,0,0,0,0,0,0,Sedan,Sedan,0
17787309,3884461,04/18/2018,13:16,a4208dce-a9aa-4a73-a968-5410c1cc554f,Station Wagon/Sport Utility Vehicle,KIA -CAR/SUV,2012.0,1.0,M,Licensed,Making Right Turn,Left Front Quarter Panel,Left Front Quarter Panel,,,,N,,Passing or Lane Usage Improper,Unspecified,MANHATTAN,10011.0,,0.0,0.0,0,0,0,0,0,0,Box Truck,Station Wagon/Sport Utility Vehicle,0
18764271,3957787,08/05/2018,11:21,4a0e4629-0da0-4ce3-bb33-3ca8ff24af3a,Station Wagon/Sport Utility Vehicle,TOYT -CAR/SUV,2011.0,3.0,M,Licensed,Slowing or Stopping,Center Front End,Center Front End,,,,N,,Following Too Closely,Unspecified,,,"(40.7549, -73.74548)",0.0,0.0,0,0,0,0,0,0,Sedan,Station Wagon/Sport Utility Vehicle,0
18766381,4041944,12/10/2018,15:16,868702d1-c9da-4fe9-9d6c-658582f12686,Sedan,TOYT -CAR/SUV,2013.0,1.0,M,Licensed,Making Left Turn,Right Front Quarter Panel,Right Front Quarter Panel,Right Side Doors,,,N,,Passing Too Closely,Unspecified,,,"(40.842564, -73.83842)",0.0,0.0,0,0,0,0,0,0,Sedan,Sedan,0
17674708,3821067,01/01/2018,15:26,5bc4657d-4827-41b9-b1ca-ddbc734ff0a6,Sedan,HOND -CAR/SUV,1992.0,3.0,M,Licensed,Making Left Turn,Left Front Bumper,Left Front Bumper,,,,N,,Following Too Closely,Driver Inattention/Distraction,BRONX,10460.0,"(40.835884, -73.88341)",0.0,0.0,0,0,0,0,0,0,Sedan,Sedan,0
17742359,3879818,04/12/2018,10:00,299e546c-6800-43db-aee2-776281115cf7,Sedan,NISS -CAR/SUV,2014.0,1.0,M,Licensed,Making Right Turn,Right Front Quarter Panel,Right Front Quarter Panel,,,,N,,Driver Inattention/Distraction,Failure to Yield Right-of-Way,,,"(40.839268, -73.903824)",0.0,0.0,0,0,0,0,0,0,Sedan,Sedan,0
17845961,3901931,05/15/2018,08:00,bc41cb21-af83-4d9c-8bb2-412f8f2a7acf,Sedan,NISS -CAR/SUV,2008.0,0.0,,,Parked,Left Side Doors,Left Side Doors,Left Front Quarter Panel,Left Rear Quarter Panel,,N,,Unspecified,Unspecified,QUEENS,11412.0,"(40.695488, -73.754654)",0.0,0.0,0,0,0,0,0,0,Sedan,,0
18586389,3940742,07/15/2018,00:00,dba7901e-498f-4f9a-9d2e-79d285e1aa62,Taxi,HOND -CAR/SUV,2014.0,3.0,M,Licensed,Going Straight Ahead,Left Front Quarter Panel,Left Front Quarter Panel,Left Side Doors,,,Unspecified,,Driver Inattention/Distraction,Driver Inattention/Distraction,MANHATTAN,10014.0,"(40.74026, -74.005875)",0.0,0.0,0,0,0,0,0,0,Taxi,Taxi,0
17683184,3823968,01/07/2018,15:15,3d7e8c3e-cf32-4ed0-860e-b9704db2512d,Station Wagon/Sport Utility Vehicle,CHEV -CAR/SUV,2006.0,1.0,M,Licensed,Parked,Left Rear Bumper,Left Rear Bumper,Left Rear Quarter Panel,,,N,,Unspecified,Unspecified,BROOKLYN,11226.0,"(40.65008, -73.96101)",0.0,0.0,0,0,0,0,0,0,Station Wagon/Sport Utility Vehicle,Sedan,0
18632608,3925872,06/20/2018,07:09,5090165e-3985-4463-9eac-433c2fcf2814,Sedan,HOND -CAR/SUV,2017.0,1.0,F,Licensed,Going Straight Ahead,Center Front End,Center Front End,Left Front Bumper,Right Front Bumper,No Damage,N,,Driver Inattention/Distraction,Traffic Control Disregarded,BRONX,10469.0,"(40.862682, -73.83895)",0.0,0.0,0,0,0,0,0,0,Station Wagon/Sport Utility Vehicle,Sedan,0
18769848,3956658,08/06/2018,11:00,93d65075-8f76-4063-9af5-09b8121e1af7,Sedan,NISS -CAR/SUV,2003.0,1.0,M,Licensed,Going Straight Ahead,Center Front End,Right Front Bumper,Left Front Bumper,No Damage,No Damage,N,,Driver Inattention/Distraction,Following Too Closely,,,"(40.877796, -73.86806)",0.0,0.0,0,0,0,0,0,0,Station Wagon/Sport Utility Vehicle,Sedan,0
18623705,3927085,06/23/2018,01:48,5a94398a-6238-4695-90d0-29333e33a863,Sedan,TOYT -CAR/SUV,2017.0,1.0,M,Licensed,Making Right Turn,Right Side Doors,Right Side Doors,Right Rear Quarter Panel,No Damage,No Damage,N,,Turning Improperly,Unspecified,MANHATTAN,10002.0,"(40.71918, -73.99029)",0.0,0.0,0,0,0,0,0,0,Sedan,Sedan,0
18786184,3983894,09/19/2018,06:20,540131c4-c174-4e57-883e-cd00458f7fa0,Sedan,LINC -CAR/SUV,2004.0,0.0,M,Licensed,Going Straight Ahead,Right Front Quarter Panel,Right Front Bumper,Right Front Quarter Panel,Right Side Doors,,N,,Unspecified,Unspecified,,,"(40.651733, -73.93039)",0.0,0.0,0,0,0,0,0,0,Sedan,Sedan,0
18887275,4029129,11/19/2018,17:00,b94cd9f1-8a39-4364-8d5a-826058536547,Station Wagon/Sport Utility Vehicle,VOLV -CAR/SUV,2019.0,3.0,M,Licensed,Backing,Center Back End,No Damage,,,,N,,Reaction to Uninvolved Vehicle,Unspecified,QUEENS,11354.0,"(40.761547, -73.83113)",0.0,0.0,0,0,0,0,0,0,Sedan,Station Wagon/Sport Utility Vehicle,0
17760982,3838941,02/01/2018,20:30,a70194c9-8d6d-48e4-9789-2edaa98aa344,Station Wagon/Sport Utility Vehicle,JEEP -CAR/SUV,2017.0,4.0,F,Licensed,Stopped in Traffic,Center Back End,No Damage,,,,N,,Unspecified,Unspecified,,,"(40.788784, -73.79116)",0.0,0.0,0,0,0,0,0,0,Station Wagon/Sport Utility Vehicle,Station Wagon/Sport Utility Vehicle,0
18809393,3932282,07/01/2018,13:00,4cc4cda9-ae5a-4923-80f2-ea1dacfce107,Station Wagon/Sport Utility Vehicle,NISS -CAR/SUV,2014.0,0.0,M,Licensed,Other*,Left Rear Bumper,Left Rear Bumper,,,,N,,Unspecified,Unspecified,BROOKLYN,11208.0,"(40.672783, -73.87189)",0.0,0.0,0,0,0,0,0,0,Sedan,Station Wagon/Sport Utility Vehicle,0
18602340,3977810,09/08/2018,17:50,3ef23c04-49dc-410b-8042-9aae2ffdd5a9,Sedan,TOYT -CAR/SUV,2017.0,3.0,M,Licensed,Going Straight Ahead,Left Rear Quarter Panel,Left Rear Quarter Panel,Left Rear Quarter Panel,Left Rear Quarter Panel,Left Rear Quarter Panel,N,,Unspecified,Unspecified,,,"(40.691833, -73.92785)",0.0,0.0,0,0,0,0,0,0,Sedan,Sedan,0
18697150,3998405,10/11/2018,18:45,6bc9d6b3-d82e-434d-ad49-1994c744311e,Station Wagon/Sport Utility Vehicle,NISS -CAR/SUV,2013.0,2.0,F,Licensed,Slowing or Stopping,Left Rear Bumper,Left Rear Bumper,Left Rear Quarter Panel,No Damage,No Damage,N,,Unspecified,Unspecified,BROOKLYN,11221.0,"(40.691017, -73.94133)",0.0,0.0,0,0,0,0,0,0,Station Wagon/Sport Utility Vehicle,Sedan,0
17713921,3845774,02/09/2018,08:03,c4e812aa-9de8-448b-8c8f-3beacf2f4de0,Sedan,TOYT -CAR/SUV,2005.0,1.0,M,Licensed,Parked,Right Front Bumper,Right Front Bumper,No Damage,No Damage,No Damage,N,,Unspecified,Unspecified,BRONX,10458.0,"(40.856514, -73.88804)",0.0,0.0,0,0,0,0,0,0,Sedan,,0
18719348,3992250,10/01/2018,20:50,f2e977d5-3c63-4524-adec-f3f53e489ec5,Station Wagon/Sport Utility Vehicle,LNDR -CAR/SUV,2003.0,4.0,M,Licensed,Going Straight Ahead,Left Front Bumper,Left Front Bumper,Left Front Bumper,,,N,,Obstruction/Debris,Unspecified,BROOKLYN,11233.0,"(40.67447, -73.90583)",2.0,0.0,0,0,0,0,2,0,Sedan,Station Wagon/Sport Utility Vehicle,1
18666654,3937283,07/08/2018,14:00,34e59d34-9dba-42ce-a81d-ed7aa5379efe,Station Wagon/Sport Utility Vehicle,FORD -CAR/SUV,2004.0,1.0,M,Licensed,Backing,Right Rear Bumper,Right Rear Bumper,,,,N,,Backing Unsafely,Passing or Lane Usage Improper,QUEENS,11374.0,"(40.731285, -73.85775)",0.0,0.0,0,0,0,0,0,0,Sedan,Station Wagon/Sport Utility Vehicle,0
17757574,3838196,01/31/2018,14:00,5f56763d-8d41-4133-848a-39675e64cdd0,Station Wagon/Sport Utility Vehicle,SUBA -CAR/SUV,2008.0,1.0,M,Licensed,Backing,Left Rear Bumper,Left Rear Bumper,,,,N,,Backing Unsafely,Unspecified,,,"(40.75855, -73.82964)",0.0,0.0,0,0,0,0,0,0,Station Wagon/Sport Utility Vehicle,Station Wagon/Sport Utility Vehicle,0
18750520,3963713,08/18/2018,22:30,fd2f89cf-029d-405e-a2fc-216c69ae034e,Station Wagon/Sport Utility Vehicle,NISS -CAR/SUV,2009.0,1.0,M,Licensed,Slowing or Stopping,Center Back End,Center Back End,Right Rear Bumper,Left Rear Bumper,,N,,Unspecified,Unspecified,,,"(40.710155, -73.959984)",0.0,0.0,0,0,0,0,0,0,Sedan,Station Wagon/Sport Utility Vehicle,0
17805755,3874028,04/02/2018,13:30,187879b4-d3b5-4020-a59a-45fbadf8f19e,,LINC -CAR/SUV,,1.0,,,Going Straight Ahead,Right Rear Bumper,Right Rear Bumper,,,,Unspecified,,Failure to Yield Right-of-Way,Unspecified,QUEENS,11436.0,"(0.0, 0.0)",0.0,0.0,0,0,0,0,0,0,Station Wagon/Sport Utility Vehicle,,0
17732989,3847255,02/14/2018,09:22,4e96d3c1-ee07-4424-92a0-dee3d4fccd68,Sedan,HOND -CAR/SUV,2016.0,1.0,F,Licensed,Changing Lanes,Left Side Doors,Left Side Doors,Left Front Quarter Panel,Left Rear Quarter Panel,Left Front Bumper,N,,Passing or Lane Usage Improper,Unspecified,,,"(40.608757, -74.038086)",0.0,0.0,0,0,0,0,0,0,Sedan,Sedan,0