UNIQUE_ID,COLLISION_ID,CRASH_DATE,CRASH_TIME,VEHICLE_ID,VEHICLE_TYPE,VEHICLE_MAKE,VEHICLE_YEAR,VEHICLE_OCCUPANTS,DRIVER_SEX,DRIVER_LICENSE_STATUS,PRE_CRASH,POINT_OF_IMPACT,VEHICLE_DAMAGE,VEHICLE_DAMAGE_1,VEHICLE_DAMAGE_2,VEHICLE_DAMAGE_3,PUBLIC_PROPERTY_DAMAGE,PUBLIC_PROPERTY_DAMAGE_TYPE,CONTRIBUTING_FACTOR_1,CONTRIBUTING_FACTOR_2,BOROUGH,ZIP CODE,LOCATION,NUMBER OF PERSONS INJURED,NUMBER OF PERSONS KILLED,NUMBER OF PEDESTRIANS INJURED,NUMBER OF PEDESTRIANS KILLED,NUMBER OF CYCLIST INJURED,NUMBER OF CYCLIST KILLED,NUMBER OF MOTORIST INJURED,NUMBER OF MOTORIST KILLED,VEHICLE TYPE CODE 1,VEHICLE TYPE CODE 2,Severity
18736489,3963116,08/16/2018,20:50,d58528de-3408-4d66-94fc-b446df967f19,Tractor Truck Diesel,FRHT-TRUCK/BUS,2010.0,1.0,M,Licensed,Making Left Turn,Left Front Quarter Panel,Left Front Quarter Panel,,,,N,,Unspecified,Unspecified,,,,0.0,0.0,0,0,0,0,0,0,Sedan,Tractor Truck Diesel,0
18684009,3946788,07/23/2018,09:30,bad335d1-3597-4d75-81ab-cde1a575384d,Sedan,FORD -CAR/SUV,2013.0,1.0,M,Licensed,Starting from Parking,Center Back End,No Damage,No Damage,No Damage,No Damage,N,,Backing Unsafely,Backing Unsafely,BROOKLYN,11201.0,"(40.688408, -73.98657)",0.0,0.0,0,0,0,0,0,0,Sedan,Sedan,0
17804676,3858043,03/06/2018,09:30,c01a55e3-9b2d-41b7-bc00-448b445993cf,Station Wagon/Sport Utility Vehicle,NISS -CAR/SUV,2013.0,1.0,M,Licensed,Going Straight Ahead,Center Back End,Center Back End,Right Rear Bumper,,,N,,Unspecified,Unspecified,BROOKLYN,11208.0,"(40.669456, -73.86284)",0.0,0.0,0,0,0,0,0,0,Station Wagon/Sport Utility Vehicle,Station Wagon/Sport Utility Vehicle,0
17817861,3878067,04/09/2018,14:34,32fed079-de0d-4cf1-8cee-add45794e1cb,Box Truck,GMC-TRUCK/BUS,2017.0,1.0,,,Making Left Turn,Left Front Quarter Panel,Left Front Quarter Panel,,,,N,,Driver Inattention/Distraction,Driver Inexperience,QUEENS,11378.0,"(40.718864, -73.91404)",0.0,0.0,0,0,0,0,0,0,Box Truck,Box Truck,0
17786245,3868337,03/16/2018,13:40,8344070a-40b0-41af-b8d3-b8682584fae3,Tractor Truck Diesel,KW-TRUCK/BUS,2010.0,0.0,M,Licensed,Making Left Turn,Left Front Bumper,No Damage,,,,N,,Oversized Vehicle,Traffic Control Disregarded,BRONX,10451.0,"(40.815292, -73.921135)",0.0,0.0,0,0,0,0,0,0,Tractor Truck Diesel,Sedan,0
18688754,3919743,06/10/2018,22:32,9ed92389-24a7-4ab8-9ac5-4e987316d079,Station Wagon/Sport Utility Vehicle,FORD -CAR/SUV,2017.0,1.0,F,Licensed,Going Straight Ahead,Left Front Bumper,Left Front Quarter Panel,,,,N,,Unspecified,Unspecified,,,"(40.83302, -73.862724)",0.0,0.0,0,0,0,0,0,0,Sedan,Station Wagon/Sport Utility Vehicle,0
18828960,4003832,10/20/2018,00:30,92ab2d7f-03b4-4076-95a9-06ed55efaea0,Taxi,GMC -CAR/SUV,2016.0,1.0,M,Licensed,Parked,Right Side Doors,Right Side Doors,,,,N,,Reaction to Uninvolved Vehicle,Unspecified,MANHATTAN,10019.0,"(40.76402, -73.97856)",0.0,0.0,0,0,0,0,0,0,Pick-up Truck,Taxi,0
17680368,3823803,01/07/2018,20:39,798fb852-44f2-4f49-a792-717784f3f392,Taxi,TOYT -CAR/SUV,2015.0,1.0,M,Licensed,Making Right Turn,Left Front Bumper,Left Front Bumper,,,,N,,Unspecified,Unspecified,MANHATTAN,10007.0,"(40.717186, -74.0129)",0.0,0.0,0,0,0,0,0,0,Taxi,Taxi,0
18832584,4002379,10/17/2018,08:30,4820b74e-19bd-4e7d-ace0-8d2ab8e26f1b,Bus,IC,2008.0,1.0,M,Licensed,Going Straight Ahead,Right Front Bumper,Right Front Bumper,,,,N,,Driver Inattention/Distraction,Unspecified,BRONX,10466.0,,0.0,0.0,0,0,0,0,0,0,Station Wagon/Sport Utility Vehicle,Bus,0
18885415,4014626,11/05/2018,07:00,90d8d499-77e3-48d5-8370-3fa42a435bee,Sedan,HYUN -CAR/SUV,2012.0,1.0,M,Licensed,Making Right Turn,Right Front Quarter Panel,Right Front Quarter Panel,No Damage,No Damage,No Damage,N,,Unspecified,Unspecified,,,,0.0,0.0,0,0,0,0,0,0,Sedan,Sedan,0
18637288,3907638,05/24/2018,14:35,edc69623-0a83-49b6-97f2-1b3db6db930d,Station Wagon/Sport Utility Vehicle,TOYT -CAR/SUV,2013.0,1.0,M,Licensed,Going Straight Ahead,Right Front Bumper,Right Front Bumper,,No Damage,No Damage,N,,Passing or Lane Usage Improper,Unspecified,QUEENS,11435.0,"(40.69424, -73.810905)",0.0,0.0,0,0,0,0,0,0,Station Wagon/Sport Utility Vehicle,Station Wagon/Sport Utility Vehicle,0
17769729,3878457,04/06/2018,09:24,426e4136-3665-462c-a27d-4323c974709b,Sedan,SUBA -CAR/SUV,2015.0,0.0,F,Licensed,Making Right Turn,Left Front Bumper,Center Front End,Right Front Bumper,No Damage,No Damage,N,,View Obstructed/Limited,Unspecified,STATEN ISLAND,10310.0,"(40.631218, -74.11268)",0.0,0.0,0,0,0,0,0,0,Sedan,Sedan,0
18564428,3923800,06/18/2018,23:15,7de5c06c-28ac-4c1b-9794-6237417d6641,Ambulance,CHEV-TRUCK/BUS,2015.0,2.0,F,Licensed,Parked,Left Rear Bumper,No Damage,No Damage,No Damage,No Damage,N,,Passing Too Closely,Unspecified,,,"(40.790154, -73.971016)",0.0,0.0,0,0,0,0,0,0,Sedan,Ambulance,0
18751022,3946579,07/19/2018,12:00,996845d1-380f-420b-ad99-07a4fa3f9735,Station Wagon/Sport Utility Vehicle,NISS -CAR/SUV,2016.0,0.0,,,Parked,Left Side Doors,Left Side Doors,,,,N,,Unspecified,Unspecified,QUEENS,11385.0,"(40.702183, -73.85719)",0.0,0.0,0,0,0,0,0,0,Station Wagon/Sport Utility Vehicle,,0
17675752,3823129,01/05/2018,00:45,bb35dd19-1062-46c1-a179-29d5beca7175,Sedan,TOYT -CAR/SUV,2015.0,1.0,M,Licensed,Going Straight Ahead,Right Front Bumper,Right Front Bumper,Right Front Quarter Panel,No Damage,No Damage,N,,Unspecified,Unspecified,,,"(40.722485, -73.974396)",0.0,0.0,0,0,0,0,0,0,Sedan,Sedan,0
18715057,4014388,11/03/2018,02:17,d3391813-4481-41ce-b9f3-c21786c7b23b,Taxi,TOYT -CAR/SUV,2013.0,1.0,M,Licensed,Making Left Turn,Center Front End,No Damage,No Damage,No Damage,No Damage,N,,Failure to Yield Right-of-Way,Driver Inexperience,BROOKLYN,11238.0,"(40.681137, -73.95567)",1.0,0.0,1,0,0,0,0,0,Taxi,,1
18858195,4037425,12/03/2018,08:46,12267967-0d30-4833-8572-78c986487292,Station Wagon/Sport Utility Vehicle,ACUR -CAR/SUV,2007.0,1.0,F,Permit,Going Straight Ahead,Left Front Quarter Panel,Left Front Quarter Panel,Left Side Doors,,,N,,Unspecified,Unspecified,QUEENS,11434.0,"(40.676163, -73.77998)",1.0,0.0,0,0,0,0,1,0,Station Wagon/Sport Utility Vehicle,Station Wagon/Sport Utility Vehicle,1
18826162,4014930,11/05/2018,19:00,2b651a15-a1da-4348-b589-4ab08daa9517,Sedan,LEXS -CAR/SUV,2016.0,1.0,F,Licensed,Going Straight Ahead,Left Front Bumper,Left Front Bumper,Center Front End,,,N,,Driver Inattention/Distraction,Unspecified,,,"(40.582287, -74.16907)",1.0,0.0,0,0,0,0,1,0,Sedan,Station Wagon/Sport Utility Vehicle,1
18655425,4055043,12/29/2018,17:45,03355106-9151-4c84-83d4-72f8d51286d4,Sedan,LEXS -CAR/SUV,2005.0,1.0,,,Making Right Turn,Right Front Bumper,Right Front Bumper,Right Front Quarter Panel,,,N,,Driver Inattention/Distraction,Turning Improperly,,,"(40.829155, -73.93728)",0.0,0.0,0,0,0,0,0,0,Taxi,Sedan,0
19633900,3990110,09/29/2018,14:33,74bcece1-dc36-4f8b-a081-e1d9f1c14c6b,Station Wagon/Sport Utility Vehicle,GMC -CAR/SUV,2016.0,0.0,,,Parked,Left Front Bumper,Left Front Bumper,Center Back End,No Damage,No Damage,N,,Unspecified,Unspecified,BROOKLYN,11223.0,"(40.60658, -73.973335)",0.0,0.0,0,0,0,0,0,0,Station Wagon/Sport Utility Vehicle,Sedan,0
17826032,3894108,05/03/2018,17:25,114e6d7b-a9ec-4cbf-a990-c95081affa31,Pick-up Truck,GMC -CAR/SUV,1996.0,1.0,M,Unlicensed,Backing,Right Rear Bumper,No Damage,No Damage,No Damage,No Damage,N,,Driver Inattention/Distraction,Driver Inexperience,QUEENS,11368.0,"(40.757507, -73.859344)",0.0,0.0,0,0,0,0,0,0,Pick-up Truck,Station Wagon/Sport Utility Vehicle,0
18882877,4038188,12/04/2018,17:13,8cf2edea-47a7-42ef-9147-a5ee45051a7b,Sedan,VOLK -CAR/SUV,2013.0,0.0,,,Parked,Right Rear Quarter Panel,Right Rear Quarter Panel,Right Side Doors,Right Rear Bumper,No Damage,N,,Unspecified,Unspecified,BROOKLYN,11207.0,"(40.655727, -73.89752)",0.0,0.0,0,0,0,0,0,0,Tractor Truck Diesel,Sedan,0
18792062,4020280,11/13/2018,18:05,a91aaa69-0c4f-4ee2-a5c5-b2121d64a81d,Station Wagon/Sport Utility Vehicle,TOYT -CAR/SUV,2018.0,2.0,M,Licensed,Stopped in Traffic,Center Back End,Center Back End,,,,N,,Unspecified,Unspecified,,,"(40.723698, -74.00792)",1.0,0.0,0,0,0,0,1,0,Station Wagon/Sport Utility Vehicle,Station Wagon/Sport Utility Vehicle,1
18702270,4041983,12/07/2018,20:39,3559243a-6d6a-4d03-a2ff-25aa0d468b3b,Sedan,HYUN -CAR/SUV,2013.0,1.0,F,Licensed,Parked,Center Back End,Center Back End,No Damage,No Damage,No Damage,N,,Unspecified,Unspecified,BRONX,10459.0,"(40.82024, -73.8922)",0.0,0.0,0,0,0,0,0,0,Sedan,Sedan,0
18715778,3992365,10/02/2018,12:56,ff06d2de-46fd-4df3-b71e-a51ff3477092,Sedan,MASE -CAR/SUV,2017.0,1.0,M,Licensed,Going Straight Ahead,Right Front Quarter Panel,Right Side Doors,Right Rear Quarter Panel,No Damage,No Damage,N,,Unspecified,Unspecified,BRONX,10469.0,"(40.866932, -73.86051)",0.0,0.0,0,0,0,0,0,0,Sedan,Sedan,0
18805041,4027839,11/15/2018,14:30,fdf30516-a128-4e89-873a-cdf35286ee5e,Station Wagon/Sport Utility Vehicle,NISS -CAR/SUV,2005.0,1.0,M,Licensed,Going Straight Ahead,Right Rear Bumper,Center Back End,Left Rear Bumper,,,N,,Unspecified,Unspecified,BROOKLYN,11232.0,"(40.647068, -73.993935)",1.0,0.0,0,0,0,0,1,0,Sedan,Station Wagon/Sport Utility Vehicle,1
18650151,3935087,07/02/2018,12:35,d4be666d-c535-49de-a8ce-c7379cb068d6,Station Wagon/Sport Utility Vehicle,DODG -CAR/SUV,2017.0,1.0,M,Licensed,Slowing or Stopping,Left Front Bumper,Left Front Bumper,,,,N,,Following Too Closely,Unspecified,MANHATTAN,10001.0,"(40.746616, -73.99382)",0.0,0.0,0,0,0,0,0,0,Taxi,Station Wagon/Sport Utility Vehicle,0
17729119,3848282,02/16/2018,19:45,1887574d-3a79-4b27-862b-2433506d6ea1,Sedan,TOYT -CAR/SUV,1998.0,1.0,M,Licensed,Going Straight Ahead,Center Front End,Center Front End,No Damage,No Damage,No Damage,N,,Following Too Closely,Following Too Closely,BROOKLYN,11201.0,"(40.691532, -73.993744)",1.0,0.0,0,0,0,0,1,0,Sedan,Station Wagon/Sport Utility Vehicle,1
17721408,3843820,02/09/2018,18:50,8de66289-99f1-4965-825f-94b8dfc3bcce,Station Wagon/Sport Utility Vehicle,JEEP -CAR/SUV,2013.0,2.0,M,Licensed,Changing Lanes,Left Front Bumper,Left Front Bumper,No Damage,No Damage,No Damage,N,,Driver Inattention/Distraction,Unspecified,MANHATTAN,10036.0,"(40.757416, -73.98576)",0.0,0.0,0,0,0,0,0,0,Station Wagon/Sport Utility Vehicle,Station Wagon/Sport Utility Vehicle,0
18832237,3971310,08/31/2018,07:35,fe199b05-b294-4145-9a7d-e25bf2f44782,Dump,KW-TRUCK/BUS,2015.0,1.0,M,Licensed,Going Straight Ahead,Right Front Bumper,Right Front Bumper,No Damage,No Damage,No Damage,Unspecified,,Unspecified,Unspecified,,,"(40.77077, -73.91727)",0.0,0.0,0,0,0,0,0,0,Dump,Pick-up Truck,0
18868933,4044522,12/14/2018,07:30,b340c8c7-7d0a-4307-98bd-4f66d6517afd,Sedan,AUDI -CAR/SUV,2001.0,1.0,M,Licensed,Going Straight Ahead,Left Rear Quarter Panel,Center Front End,Right Side Doors,,,N,,Unspecified,Unspecified,QUEENS,11417.0,"(40.67185, -73.84659)",0.0,0.0,0,0,0,0,0,0,Station Wagon/Sport Utility Vehicle,Sedan,0
18684389,3915594,06/06/2018,22:00,a1befe9a-3f27-41e0-a799-807dfeb6729d,Station Wagon/Sport Utility Vehicle,JEEP -CAR/SUV,2018.0,0.0,,,Parked,Left Front Bumper,Center Front End,Left Front Bumper,,,N,,Unspecified,Unspecified,QUEENS,11433.0,"(40.692856, -73.78531)",0.0,0.0,0,0,0,0,0,0,Station Wagon/Sport Utility Vehicle,Sedan,0
18669095,3989694,09/24/2018,08:41,86d5bac2-a9e5-4641-89a7-bb4520d6de34,Station Wagon/Sport Utility Vehicle,FORD -CAR/SUV,2016.0,1.0,M,Licensed,Going Straight Ahead,Left Front Quarter Panel,Left Front Quarter Panel,Left Front Bumper,Left Front Bumper,,N,,Unspecified,Unspecified,BROOKLYN,11236.0,"(40.627472, -73.90326)",2.0,0.0,0,0,0,0,2,0,Sedan,Station Wagon/Sport Utility Vehicle,1
18584592,3955335,08/03/2018,09:30,0b296559-9737-4aa7-8421-acd077c81fbd,Sedan,NISS -CAR/SUV,2017.0,1.0,F,Licensed,Backing,No Damage,No Damage,No Damage,,,N,,Backing Unsafely,Driver Inexperience,,,"(40.790184, -73.97691)",0.0,0.0,0,0,0,0,0,0,Station Wagon/Sport Utility Vehicle,Sedan,0
18794990,4027790,11/17/2018,09:15,9d968048-bb4f-4a86-af10-47df8cbbc4f5,Sedan,HYUN -CAR/SUV,2015.0,1.0,M,Licensed,Making Left Turn,Left Front Quarter Panel,Left Front Quarter Panel,Left Front Bumper,No Damage,No Damage,N,,Unspecified,Unspecified,MANHATTAN,10013.0,"(40.720318, -74.012184)",0.0,0.0,0,0,0,0,0,0,Sedan,Sedan,0
18865477,4008032,10/25/2018,11:56,a137cf45-fea3-4b79-85af-d5f483d32f8d,Station Wagon/Sport Utility Vehicle,HOND -CAR/SUV,2001.0,1.0,M,Licensed,Making Right Turn,Right Front Bumper,No Damage,,,,N,,Driver Inattention/Distraction,Failure to Yield Right-of-Way,QUEENS,11377.0,"(40.746334, -73.89633)",1.0,0.0,1,0,0,0,0,0,Station Wagon/Sport Utility Vehicle,,1
17730307,3855183,03/01/2018,07:50,b8870894-7cc7-4a81-984e-93c054333462,Station Wagon/Sport Utility Vehicle,FORD -CAR/SUV,2007.0,0.0,M,Licensed,Slowing or Stopping,Center Front End,Center Front End,No Damage,No Damage,No Damage,N,,Driver Inattention/Distraction,Unspecified,STATEN ISLAND,10314.0,"(40.614925, -74.11699)",0.0,0.0,0,0,0,0,0,0,Station Wagon/Sport Utility Vehicle,Sedan,0
18799835,4017845,11/09/2018,00:00,753b38d5-c04d-4487-8e73-c133805885b3,Sedan,BMW -CAR/SUV,2012.0,1.0,M,Licensed,Going Straight Ahead,Right Rear Bumper,Right Rear Bumper,Center Back End,Left Rear Bumper,,N,,Unspecified,Unspecified,BRONX,10460.0,"(40.85401, -73.87187)",0.0,0.0,0,0,0,0,0,0,Sedan,Sedan,0
18629071,3956411,08/02/2018,10:58,33a7ef12-b283-4c8b-a289-5db8763b8560,Sedan,FORD -CAR/SUV,2001.0,2.0,M,Licensed,Going Straight Ahead,Left Front Quarter Panel,Left Side Doors,Left Rear Quarter Panel,,,N,,Unspecified,Unspecified,BRONX,10455.0,"(40.81175, -73.90371)",0.0,0.0,0,0,0,0,0,0,Sedan,Tractor Truck Diesel,0
18738291,3972345,09/02/2018,04:36,2efa1eb3-4dac-4572-b215-cd75760bd1b3,Sedan,INFI -CAR/SUV,2018.0,0.0,M,Licensed,Parked,Left Side Doors,Left Side Doors,,,,N,,Unspecified,Unspecified,MANHATTAN,10036.0,"(40.755222, -73.98501)",0.0,0.0,0,0,0,0,0,0,Sedan,Sedan,0
18668884,4000294,09/29/2018,07:45,4f2be199-da5f-48c2-a5e9-a8ab6649212f,Sedan,CHEV -CAR/SUV,2015.0,1.0,M,Licensed,Going Straight Ahead,Right Rear Quarter Panel,Right Rear Quarter Panel,,,,N,,Driver Inattention/Distraction,Passing or Lane Usage Improper,BROOKLYN,11216.0,"(40.678543, -73.949684)",0.0,0.0,0,0,0,0,0,0,Sedan,Taxi,0
17760376,3895358,05/06/2018,16:45,a2c557a0-b28a-46b7-afd4-953493d199d4,Sedan,HYUN -CAR/SUV,2017.0,1.0,F,Licensed,Going Straight Ahead,Center Front End,No Damage,,,,N,,Unspecified,Unspecified,MANHATTAN,10032.0,"(40.841717, -73.94435)",0.0,0.0,0,0,0,0,0,0,Sedan,Sedan,0
18704723,3948461,07/25/2018,14:26,dee42d2a-3a4a-4a4f-9c91-b0c5015bf804,Station Wagon/Sport Utility Vehicle,JEEP -CAR/SUV,2018.0,0.0,,,Parked,Left Rear Quarter Panel,Left Rear Bumper,Left Side Doors,Left Front Quarter Panel,Left Front Bumper,N,,Unspecified,Unspecified,BROOKLYN,11235.0,"(40.58766, -73.95713)",0.0,0.0,0,0,0,0,0,0,Box Truck,Pick-up Truck,0
18851320,3941455,07/14/2018,11:45,4c901069-39b8-44e9-8685-b91c05a412be,Station Wagon/Sport Utility Vehicle,HYUN -CAR/SUV,2018.0,0.0,,,Parked,Right Rear Bumper,Right Rear Bumper,Right Rear Quarter Panel,,,N,,Unspecified,Unspecified,QUEENS,11413.0,"(40.651398, -73.75888)",0.0,0.0,0,0,0,0,0,0,Station Wagon/Sport Utility Vehicle,,0
18848497,4033296,11/26/2018,21:00,09c3bd17-2450-4e52-9b0d-055e113d1ed1,Sedan,NISS -CAR/SUV,2009.0,2.0,M,Licensed,Going Straight Ahead,Center Front End,Center Front End,,,,N,,Driver Inattention/Distraction,Driver Inexperience,,,"(40.707294, -73.85064)",0.0,0.0,0,0,0,0,0,0,Sedan,Sedan,0
18870465,4040259,12/07/2018,15:26,bd777fe5-a18a-4fc9-8c1f-ab17b6b74bcf,Sedan,HYUN -CAR/SUV,2018.0,1.0,M,Licensed,Going Straight Ahead,Center Front End,Center Front End,,,,N,,Failure to Yield Right-of-Way,Traffic Control Disregarded,QUEENS,11366.0,"(40.736073, -73.77356)",2.0,0.0,0,0,0,0,2,0,Sedan,Sedan,1
17812614,3873495,03/30/2018,23:40,981ff310-90f9-4afc-93c5-557726d61771,Station Wagon/Sport Utility Vehicle,MITS -CAR/SUV,2017.0,1.0,M,Licensed,Entering Parked Position,Left Side Doors,Left Rear Quarter Panel,,,,Unspecified,,Unspecified,Unspecified,MANHATTAN,10021.0,"(40.770752, -73.95695)",0.0,0.0,0,0,0,0,0,0,Station Wagon/Sport Utility Vehicle,Taxi,0
18830881,3922336,06/15/2018,22:00,02fc5bcf-7f71-4553-a2d1-c2cad2e7ed9a,Station Wagon/Sport Utility Vehicle,LEXS -CAR/SUV,2006.0,1.0,F,Licensed,Going Straight Ahead,Center Front End,No Damage,,,,N,,Following Too Closely,Unspecified,,,"(40.76018, -73.8012)",0.0,0.0,0,0,0,0,0,0,Sedan,Station Wagon/Sport Utility Vehicle,0
18803528,4017897,11/09/2018,17:00,6fbef861-0881-438c-828f-dfeb0def0469,Station Wagon/Sport Utility Vehicle,INFI -CAR/SUV,2017.0,4.0,M,Licensed,Going Straight Ahead,Right Side Doors,Right Side Doors,,,,N,,Passing or Lane Usage Improper,Unspecified,QUEENS,11432.0,"(40.714485, -73.77619)",0.0,0.0,0,0,0,0,0,0,Station Wagon/Sport Utility Vehicle,Sedan,0
17873483,3894596,05/04/2018,17:50,21decbaa-985e-43ea-941c-c9c801bdf879,Station Wagon/Sport Utility Vehicle,HYUN -CAR/SUV,2017.0,1.0,F,Licensed,Going Straight Ahead,Right Front Quarter Panel,Right Front Quarter Panel,Right Front Quarter Panel,,,N,,Alcohol Involvement,Unspecified,BROOKLYN,11207.0,"(40.670975, -73.89081)",0.0,0.0,0,0,0,0,0,0,Station Wagon/Sport Utility Vehicle,Station Wagon/Sport Utility Vehicle,0
18676778,3924530,06/18/2018,08:45,352c18dd-d2af-4a39-8794-559060a2728b,Station Wagon/Sport Utility Vehicle,MERZ -CAR/SUV,2001.0,1.0,F,Licensed,Changing Lanes,Left Front Bumper,Left Front Quarter Panel,Left Side Doors,Left Rear Quarter Panel,,N,,Unsafe Lane Changing,Passing or Lane Usage Improper,QUEENS,11367.0,"(40.727894, -73.83287)",0.0,0.0,0,0,0,0,0,0,Station Wagon/Sport Utility Vehicle,Tractor Truck Diesel,0
17743750,3860060,03/10/2018,11:30,0298d652-64fd-4277-a51a-68f01a9b7761,Station Wagon/Sport Utility Vehicle,FREIG,2015.0,3.0,M,Licensed,Parked,Right Front Bumper,Right Front Bumper,,,,Unspecified,,Unspecified,Unspecified,MANHATTAN,10016.0,"(40.744892, -73.98714)",0.0,0.0,0,0,0,0,0,0,Sedan,Station Wagon/Sport Utility Vehicle,0
18781248,4030033,11/20/2018,23:00,cb8c2bcf-39ea-41ab-819d-5223a1946925,Sedan,TOYT -CAR/SUV,2010.0,1.0,M,Licensed,Going Straight Ahead,Left Front Bumper,Left Front Bumper,Left Front Quarter Panel,,,N,,Unspecified,Unspecified,BROOKLYN,11234.0,"(40.635258, -73.92745)",0.0,0.0,0,0,0,0,0,0,Sedan,Sedan,0
18703715,3935402,07/05/2018,15:22,2fc16b47-6588-422a-8ad6-f4a4816b67e0,Box Truck,GMC-TRUCK/BUS,2018.0,2.0,F,Licensed,Making Left Turn,Right Side Doors,Right Side Doors,Right Rear Quarter Panel,,,N,,Traffic Control Disregarded,Unspecified,BRONX,10454.0,"(40.805557, -73.91047)",0.0,0.0,0,0,0,0,0,0,Box Truck,Sedan,0
18686369,3927947,06/23/2018,10:00,bfa813c8-900d-44fa-adba-42190dfb9b03,Station Wagon/Sport Utility Vehicle,FORD -CAR/SUV,2008.0,0.0,,,Parked,Center Back End,Center Back End,,,,N,,Unspecified,Unspecified,BRONX,10451.0,"(40.81854, -73.921165)",0.0,0.0,0,0,0,0,0,0,Station Wagon/Sport Utility Vehicle,Station Wagon/Sport Utility Vehicle,0
17787620,3860525,03/11/2018,12:25,b8b6f34f-4367-422c-92fd-6ad4ee19a456,Sedan,TOYT -CAR/SUV,2007.0,1.0,M,Licensed,Going Straight Ahead,Left Front Bumper,Left Front Bumper,Center Front End,,,N,,Unspecified,Unspecified,,,"(40.66929, -73.842445)",0.0,0.0,0,0,0,0,0,0,Sedan,Sedan,0
17867915,3903072,05/18/2018,06:30,7f3970fd-8efb-44c4-ae6f-b2e865aaaab8,Sedan,HOND -CAR/SUV,2014.0,1.0,F,Licensed,Changing Lanes,Left Front Bumper,Center Front End,,,,N,,Driver Inattention/Distraction,Unspecified,,,"(40.732033, -73.91893)",1.0,0.0,0,0,0,0,1,0,Sedan,Sedan,1
17869900,3880857,04/15/2018,18:10,fef123ca-23ab-4bad-8aa2-25076dbd6f39,Station Wagon/Sport Utility Vehicle,CHEV -CAR/SUV,2015.0,1.0,M,Licensed,Backing,Center Back End,Center Back End,,,,N,,Backing Unsafely,Unspecified,QUEENS,11413.0,"(40.677094, -73.75531)",0.0,0.0,0,0,0,0,0,0,Sedan,Station Wagon/Sport Utility Vehicle,0
17789535,3869827,03/25/2018,18:30,c2034073-07ea-4833-9da0-7ec71b04596d,Station Wagon/Sport Utility Vehicle,CHEV -CAR/SUV,2017.0,1.0,F,Licensed,Making Left Turn,Center Front End,Center Front End,Right Front Bumper,No Damage,No Damage,N,,Unspecified,Unspecified,,,"(40.588142, -74.166214)",0.0,0.0,0,0,0,0,0,0,Station Wagon/Sport Utility Vehicle,Station Wagon/Sport Utility Vehicle,0
18839225,4011893,10/31/2018,19:40,ea1daf8b-cccd-4947-966f-72c0e4334a7b,Sedan,LINC -CAR/SUV,2018.0,1.0,M,Licensed,Making Right Turn,Left Front Bumper,Left Front Bumper,,,,N,,Failure to Yield Right-of-Way,Unspecified,,,"(40.56011, -74.16495)",0.0,0.0,0,0,0,0,0,0,Sedan,Pick-up Truck,0
18780806,4035791,11/30/2018,18:40,a4912fc0-e247-407d-b615-26e8ff046337,Sedan,TOYT -CAR/SUV,2016.0,1.0,M,Licensed,Making Left Turn,Right Front Quarter Panel,Right Front Quarter Panel,,,,N,,Following Too Closely,Unspecified,MANHATTAN,10001.0,"(40.75578, -74.00199)",0.0,0.0,0,0,0,0,0,0,Station Wagon/Sport Utility Vehicle,Sedan,0
18859289,4001667,10/15/2018,10:00,eadc9b39-d8b0-45c6-904b-204de662a983,Station Wagon/Sport Utility Vehicle,CHEV -CAR/SUV,2016.0,2.0,M,Licensed,Parked,Left Front Bumper,Left Front Bumper,No Damage,No Damage,No Damage,N,,Unspecified,Unspecified,,,"(40.7523, -73.93214)",0.0,0.0,0,0,0,0,0,0,Bus,Station Wagon/Sport Utility Vehicle,0
19666388,3991601,10/01/2018,12:00,c8ca2a39-507f-4a9c-a7be-33320ce881d4,Station Wagon/Sport Utility Vehicle,TOYT -CAR/SUV,2012.0,1.0,M,Licensed,Backing,Center Back End,No Damage,,,,Unspecified,,Backing Unsafely,Unspecified,QUEENS,11356.0,"(40.779373, -73.846085)",0.0,0.0,0,0,0,0,0,0,Sedan,Station Wagon/Sport Utility Vehicle,0
18874604,3991883,10/01/2018,16:15,79cd4ce2-3ba1-4b09-b401-d738a87bf937,Bus,G PSD,2011.0,0.0,M,Licensed,Going Straight Ahead,Right Side Doors,Right Side Doors,Right Side Doors,Right Side Doors,Right Side Doors,N,,Unspecified,Unspecified,BROOKLYN,11208.0,"(40.669067, -73.86555)",0.0,0.0,0,0,0,0,0,0,Bus,Bus,0
17743852,3843265,02/09/2018,22:30,d47bc53e-ed0b-451f-b2b9-a05f9405fceb,Station Wagon/Sport Utility Vehicle,BMW -CAR/SUV,2008.0,1.0,F,Licensed,Going Straight Ahead,Right Front Bumper,Right Front Bumper,,,,N,,Unspecified,Unspecified,QUEENS,11385.0,"(40.70407, -73.85962)",0.0,0.0,0,0,0,0,0,0,Station Wagon/Sport Utility Vehicle,Station Wagon/Sport Utility Vehicle,0
18813282,4034105,11/25/2018,05:11,267c42b2-953b-4f0b-bfe8-32cdeaf1fe9f,Sedan,TOYT -CAR/SUV,2017.0,1.0,M,Licensed,Making Left Turn,Right Rear Bumper,Center Back End,Left Rear Bumper,Center Back End,,N,,Unspecified,Unspecified,,,"(40.861862, -73.91282)",0.0,0.0,0,0,0,0,0,0,Sedan,Pick-up Truck,0
17826254,3896489,05/08/2018,08:45,47823498-c232-48a7-b737-8204707ad24f,Bus,school bus,2011.0,8.0,M,Licensed,Making Right Turn,Right Rear Quarter Panel,No Damage,No Damage,,,N,,Passing Too Closely,Unspecified,BRONX,10452.0,"(40.834167, -73.92779)",0.0,0.0,0,0,0,0,0,0,Bus,Sedan,0