UNIQUE_ID,COLLISION_ID,CRASH_DATE,CRASH_TIME,VEHICLE_ID,VEHICLE_TYPE,VEHICLE_MAKE,VEHICLE_YEAR,VEHICLE_OCCUPANTS,DRIVER_SEX,DRIVER_LICENSE_STATUS,PRE_CRASH,POINT_OF_IMPACT,VEHICLE_DAMAGE,VEHICLE_DAMAGE_1,VEHICLE_DAMAGE_2,VEHICLE_DAMAGE_3,PUBLIC_PROPERTY_DAMAGE,PUBLIC_PROPERTY_DAMAGE_TYPE,CONTRIBUTING_FACTOR_1,CONTRIBUTING_FACTOR_2,BOROUGH,ZIP CODE,LOCATION,NUMBER OF PERSONS INJURED,NUMBER OF PERSONS KILLED,NUMBER OF PEDESTRIANS INJURED,NUMBER OF PEDESTRIANS KILLED,NUMBER OF CYCLIST INJURED,NUMBER OF CYCLIST KILLED,NUMBER OF MOTORIST INJURED,NUMBER OF MOTORIST KILLED,VEHICLE TYPE CODE 1,VEHICLE TYPE CODE 2,Severity
18713623,3956428,08/07/2018,05:38,3feebf56-a205-44b9-a3a5-3f657994c4d5,Sedan,TOYT -CAR/SUV,2016.0,1.0,M,Licensed,Going Straight Ahead,Left Front Bumper,Left Front Bumper,Left Front Quarter Panel,,,N,,Unspecified,Unspecified,BROOKLYN,11220.0,"(40.63396, -74.01476)",0.0,0.0,0,0,0,0,0,0,Station Wagon/Sport Utility Vehicle,Sedan,0
17882387,3901454,05/15/2018,15:30,e52e99f6-63e1-40a7-83af-ae3f1caaa04e,Sedan,HOND -CAR/SUV,2017.0,2.0,M,Licensed,Going Straight Ahead,Center Back End,Center Back End,Right Rear Bumper,Left Rear Bumper,No Damage,N,,Unspecified,Unspecified,,,"(40.67798, -73.872116)",0.0,0.0,0,0,0,0,0,0,Sedan,Pick-up Truck,0
18624155,3914335,06/01/2018,07:00,90d15db6-2419-4e0a-8b9f-335575ae1112,Bus,GMC-TRUCK/BUS,2006.0,1.0,M,Licensed,Going Straight Ahead,Center Back End,Center Back End,,,,Unspecified,,Reaction to Uninvolved Vehicle,Unspecified,BROOKLYN,11234.0,"(40.631428, -73.931145)",0.0,0.0,0,0,0,0,0,0,Bus,Box Truck,0
18617166,3913465,05/31/2018,14:38,8ff0e6c1-b1e6-4102-ac0d-6691ce2e576b,Sedan,CHEV -CAR/SUV,2015.0,2.0,F,Licensed,Entering Parked Position,Right Rear Quarter Panel,Right Side Doors,Right Rear Quarter Panel,,,N,,Driver Inattention/Distraction,Driver Inattention/Distraction,BRONX,10469.0,"(40.87152, -73.84832)",0.0,0.0,0,0,0,0,0,0,Sedan,Sedan,0
18785280,3987851,09/19/2018,15:26,53fbf967-54f2-4ce0-a5cd-a5c9112bdff7,Sedan,NISS -CAR/SUV,2013.0,1.0,M,Licensed,Going Straight Ahead,Left Front Quarter Panel,Left Front Quarter Panel,Left Side Doors,Left Rear Quarter Panel,Left Front Bumper,N,,Unspecified,Unspecified,BRONX,10455.0,"(40.811306, -73.90339)",0.0,0.0,0,0,0,0,0,0,Sedan,Tractor Truck Diesel,0
17675953,3832241,01/02/2018,20:00,69f82ac6-8eba-4e3f-9b5a-632ca47da883,Station Wagon/Sport Utility Vehicle,INFI -CAR/SUV,2011.0,1.0,F,Licensed,Going Straight Ahead,Right Rear Bumper,Right Rear Bumper,Center Back End,Left Front Quarter Panel,,N,,Unspecified,Unspecified,,,"(40.844105, -73.898)",1.0,0.0,0,0,0,0,1,0,Taxi,Station Wagon/Sport Utility Vehicle,1
18664721,3942736,07/16/2018,09:35,b72dd988-8db7-456e-b9c5-832269db181b,Pick-up Truck,GMC -CAR/SUV,2014.0,0.0,,,Parked,Left Rear Quarter Panel,Left Rear Bumper,Left Side Doors,,,N,,Unspecified,Unspecified,BROOKLYN,11234.0,"(40.637012, -73.92492)",1.0,0.0,0,0,0,0,1,0,Station Wagon/Sport Utility Vehicle,Station Wagon/Sport Utility Vehicle,1
18861030,4051043,12/23/2018,15:30,eca83a9d-e64f-45f8-8b25-381ffc241b92,Sedan,DODG -CAR/SUV,2017.0,1.0,,,Making Left Turn,Left Side Doors,Left Side Doors,,,,N,,Passing or Lane Usage Improper,Turning Improperly,BRONX,10473.0,"(40.824207, -73.858795)",0.0,0.0,0,0,0,0,0,0,Sedan,Station Wagon/Sport Utility Vehicle,0
17737433,3864674,03/17/2018,19:00,05084c84-801b-4712-9f0b-57c9bb97e871,Station Wagon/Sport Utility Vehicle,JEEP -CAR/SUV,2005.0,3.0,F,Licensed,Going Straight Ahead,Right Front Quarter Panel,Right Front Quarter Panel,Right Front Bumper,,,N,,Unspecified,Unspecified,BROOKLYN,11215.0,"(40.67457, -73.985214)",0.0,0.0,0,0,0,0,0,0,Station Wagon/Sport Utility Vehicle,,0
18879614,3985697,09/22/2018,16:45,0063d453-d698-48ea-a86d-bbc742bc42c4,,NOVA BUS,2015.0,,,,Going Straight Ahead,Left Front Bumper,Left Front Bumper,,,,N,,Driver Inattention/Distraction,Passing or Lane Usage Improper,QUEENS,11413.0,"(40.676117, -73.74046)",0.0,0.0,0,0,0,0,0,0,Station Wagon/Sport Utility Vehicle,,0
18697902,3944347,07/18/2018,13:18,15f0dce2-f313-4cfe-a827-7fe0777f4a8b,Station Wagon/Sport Utility Vehicle,JEEP -CAR/SUV,2018.0,1.0,M,Licensed,Making Left Turn,Center Front End,Other,Other,,,N,,Failure to Yield Right-of-Way,Driver Inattention/Distraction,BROOKLYN,11230.0,"(40.61617, -73.9546)",1.0,0.0,1,0,0,0,0,0,Station Wagon/Sport Utility Vehicle,,1
17724763,3831093,01/18/2018,08:30,d01a6e37-3543-4908-83d3-85c21cfbd4e3,Beverage Truck,ISU-TRUCK/BUS,2014.0,1.0,M,Licensed,Going Straight Ahead,Right Front Bumper,Right Front Quarter Panel,,,,N,,Unspecified,Unspecified,,,"(40.786095, -73.79412)",0.0,0.0,0,0,0,0,0,0,Beverage Truck,,0
17725347,3839151,02/02/2018,07:40,cb5b9427-70d2-4219-946a-919ff7a7b86d,Station Wagon/Sport Utility Vehicle,JEEP -CAR/SUV,2007.0,0.0,,,Parked,Center Back End,Center Back End,,,,N,,Unspecified,Unspecified,QUEENS,11417.0,"(40.684494, -73.83719)",0.0,0.0,0,0,0,0,0,0,Station Wagon/Sport Utility Vehicle,Station Wagon/Sport Utility Vehicle,0
18881911,3997342,10/10/2018,17:15,d231e069-89e9-4cc0-8788-99c5f9e874e5,Sedan,LEXS -CAR/SUV,2010.0,1.0,F,Licensed,Going Straight Ahead,Center Back End,Center Back End,,,,N,,Unspecified,Unspecified,,,"(40.665794, -73.7464)",0.0,0.0,0,0,0,0,0,0,Sedan,,0
17840479,3902483,05/17/2018,10:30,b557968e-9df3-4a6f-9bc9-7bb367b6a100,Sedan,MNNI -CAR/SUV,2015.0,0.0,F,Licensed,Parked,Left Rear Quarter Panel,Left Rear Quarter Panel,,,,N,,Unspecified,Unspecified,,,"(40.590393, -74.16611)",0.0,0.0,0,0,0,0,0,0,Sedan,Sedan,0
17805899,3883858,04/19/2018,08:45,e86387e3-785e-45cb-a687-d8cc4f2f9e0a,Station Wagon/Sport Utility Vehicle,TOYT -CAR/SUV,2006.0,1.0,M,Licensed,Going Straight Ahead,Left Rear Bumper,Left Rear Bumper,Center Back End,,,N,,Unspecified,Unspecified,BRONX,10468.0,"(40.877365, -73.88533)",0.0,0.0,0,0,0,0,0,0,Station Wagon/Sport Utility Vehicle,Station Wagon/Sport Utility Vehicle,0
17837494,3899835,05/13/2018,13:45,44c196d1-16a3-47a3-8bb0-a3a1ef87a8df,Sedan,HOND -CAR/SUV,2016.0,0.0,F,Licensed,Parked,Left Rear Bumper,Left Rear Bumper,Left Rear Quarter Panel,Left Rear Quarter Panel,,N,,Other Vehicular,Other Vehicular,,,"(40.601486, -74.193275)",0.0,0.0,0,0,0,0,0,0,Sedan,Sedan,0
18755765,3963796,08/19/2018,11:40,ba03bfdf-4f88-4322-9d81-a574a9c13aa7,Station Wagon/Sport Utility Vehicle,HYUN -CAR/SUV,2017.0,2.0,M,Licensed,Slowing or Stopping,Center Back End,Center Back End,Right Rear Bumper,Left Rear Bumper,,N,,Unspecified,Unspecified,,,,0.0,0.0,0,0,0,0,0,0,Station Wagon/Sport Utility Vehicle,Sedan,0
18869242,3958836,08/10/2018,12:00,313b82f8-9d9c-4371-bd15-42d37518e372,Pick-up Truck,FREIG,2014.0,1.0,M,Licensed,Going Straight Ahead,No Damage,No Damage,No Damage,No Damage,No Damage,N,,Unspecified,Unspecified,QUEENS,11413.0,"(40.67729, -73.743935)",0.0,0.0,0,0,0,0,0,0,Pick-up Truck,Station Wagon/Sport Utility Vehicle,0
18729784,3955817,08/03/2018,18:35,e69b199b-bb43-428e-8af6-90c805389fe3,Convertible,BMW -CAR/SUV,2016.0,1.0,F,Licensed,Going Straight Ahead,Left Rear Quarter Panel,Left Rear Quarter Panel,No Damage,No Damage,No Damage,N,,Unspecified,Unspecified,,,"(40.828125, -73.84105)",0.0,0.0,0,0,0,0,0,0,Convertible,Station Wagon/Sport Utility Vehicle,0
17827239,3900052,05/13/2018,00:45,05065966-eeae-47ec-a66a-8ba61b20f6cb,Station Wagon/Sport Utility Vehicle,MERZ -CAR/SUV,2011.0,1.0,F,Licensed,Going Straight Ahead,Right Rear Quarter Panel,Right Rear Bumper,No Damage,No Damage,No Damage,N,,Passing or Lane Usage Improper,Driver Inattention/Distraction,,,"(40.59307, -73.94727)",0.0,0.0,0,0,0,0,0,0,Station Wagon/Sport Utility Vehicle,Station Wagon/Sport Utility Vehicle,0
18581723,3909567,05/28/2018,21:43,f827526c-6c68-4754-8198-e677a584fcb2,Sedan,MERZ -CAR/SUV,2013.0,3.0,M,Licensed,Starting from Parking,Left Side Doors,Left Side Doors,,,,N,,Driver Inexperience,Failure to Yield Right-of-Way,MANHATTAN,10034.0,"(40.865547, -73.92728)",0.0,0.0,0,0,0,0,0,0,Station Wagon/Sport Utility Vehicle,Sedan,0
18780816,3973064,08/29/2018,17:30,0b029e10-9e70-40b7-ac56-e972b276e503,Van,CHEV-TRUCK/BUS,2012.0,1.0,M,Licensed,Going Straight Ahead,Left Front Bumper,Left Front Bumper,,,,N,,Following Too Closely,Unspecified,,,"(40.824432, -73.873604)",0.0,0.0,0,0,0,0,0,0,Van,Sedan,0
17741850,3860384,03/11/2018,08:40,f9885456-9ea2-4698-8f71-50711527743a,Taxi,TOYT -CAR/SUV,2014.0,1.0,M,Licensed,Going Straight Ahead,Center Front End,Center Front End,,,,N,,Failure to Yield Right-of-Way,Driver Inattention/Distraction,BROOKLYN,11237.0,"(40.702255, -73.92008)",0.0,0.0,0,0,0,0,0,0,Sedan,Station Wagon/Sport Utility Vehicle,0
17773372,3841381,02/06/2018,08:20,3ecf3d69-cafd-4533-b314-66fcd34769b3,Station Wagon/Sport Utility Vehicle,HOND -CAR/SUV,2015.0,1.0,F,Licensed,Stopped in Traffic,Center Back End,No Damage,,,,N,,Unspecified,Unspecified,,,"(40.76896, -73.81559)",1.0,0.0,0,0,0,0,1,0,Station Wagon/Sport Utility Vehicle,Station Wagon/Sport Utility Vehicle,1
17802903,3882303,04/14/2018,18:24,b99e0ccf-2d45-4615-a06f-ca1ef43b08a2,Sedan,HYUN -CAR/SUV,2009.0,1.0,F,Licensed,Making Right Turn,Right Front Bumper,Right Front Bumper,,,,N,,Unspecified,Unspecified,BROOKLYN,11226.0,"(40.651367, -73.95592)",2.0,0.0,0,0,0,0,2,0,Station Wagon/Sport Utility Vehicle,Sedan,1
18805350,4027831,11/16/2018,17:03,fac89aab-2121-44f0-adf3-9f635e61eb85,Sedan,VOLK -CAR/SUV,2016.0,2.0,M,Licensed,Going Straight Ahead,Right Side Doors,Right Side Doors,Right Rear Quarter Panel,,,N,,Turning Improperly,Unspecified,BROOKLYN,11223.0,"(40.609985, -73.96239)",0.0,0.0,0,0,0,0,0,0,PK,Sedan,0
17711839,3843064,02/08/2018,14:55,227809e3-3d98-4408-90ed-b16948a4afd3,Station Wagon/Sport Utility Vehicle,INFI -CAR/SUV,2008.0,1.0,M,Licensed,Changing Lanes,Center Front End,Center Front End,No Damage,No Damage,No Damage,N,,Following Too Closely,Passing or Lane Usage Improper,,,"(40.68389, -73.93823)",0.0,0.0,0,0,0,0,0,0,Station Wagon/Sport Utility Vehicle,Pick-up Truck,0
18730831,3974200,08/22/2018,15:13,63b68738-6f67-4b42-bd8d-b419fff73384,Station Wagon/Sport Utility Vehicle,TOYT -CAR/SUV,2014.0,1.0,M,Licensed,Making Left Turn,Right Side Doors,Right Rear Quarter Panel,,,,N,,Unspecified,Unspecified,BROOKLYN,11230.0,"(40.62393, -73.97278)",0.0,0.0,0,0,0,0,0,0,Station Wagon/Sport Utility Vehicle,Station Wagon/Sport Utility Vehicle,0
18587061,3917767,06/09/2018,17:30,a466d921-62bb-473f-a6fe-78e36d307704,Sedan,MITS -CAR/SUV,2016.0,1.0,M,Licensed,Parked,Center Front End,Center Front End,Right Front Bumper,Right Front Bumper,No Damage,N,,Unspecified,Unspecified,BRONX,10456.0,"(40.823334, -73.90574)",0.0,0.0,0,0,0,0,0,0,Sedan,Sedan,0
17786592,3879940,04/11/2018,18:20,333cfcce-c535-4865-9562-e4a8e6651cc5,Sedan,TOYT -CAR/SUV,2015.0,1.0,M,Licensed,Making Right Turn,Left Front Quarter Panel,Left Front Quarter Panel,Left Front Bumper,No Damage,No Damage,N,,Unspecified,Unspecified,MANHATTAN,10013.0,"(40.720013, -74.00275)",0.0,0.0,0,0,0,0,0,0,Pick-up Truck,Sedan,0
18871989,4052194,12/26/2018,00:02,421cffea-7b7f-4792-9146-a4e807373c88,Pick-up Truck,DODG -CAR/SUV,2009.0,,,,Changing Lanes,Right Front Quarter Panel,Right Side Doors,Right Rear Quarter Panel,No Damage,No Damage,N,,Driver Inattention/Distraction,Unsafe Lane Changing,,,,0.0,0.0,0,0,0,0,0,0,Sedan,Pick-up Truck,0
17871798,3906234,05/23/2018,08:25,444a815b-a5d1-4024-88a4-465da4ad7111,Sedan,NISS -CAR/SUV,2012.0,0.0,M,Licensed,Going Straight Ahead,Left Rear Quarter Panel,Left Rear Quarter Panel,,,,N,,Unspecified,Unspecified,,,"(40.746033, -73.93441)",0.0,0.0,0,0,0,0,0,0,Station Wagon/Sport Utility Vehicle,Sedan,0
17690663,3827512,01/11/2018,14:00,060cf4b0-24d6-4679-97be-31f64b70da66,Sedan,LEXS -CAR/SUV,2017.0,1.0,F,Licensed,Entering Parked Position,Left Rear Quarter Panel,Left Rear Quarter Panel,Left Rear Bumper,,,N,,Unspecified,Unspecified,BROOKLYN,11209.0,"(40.617943, -74.03332)",0.0,0.0,0,0,0,0,0,0,Sedan,Sedan,0
18862018,4042740,12/11/2018,16:30,1e2e7ee9-21ad-4156-9d1f-92e3db9786ca,Sedan,TOYT -CAR/SUV,2016.0,1.0,M,Licensed,Making Right Turn,Left Front Bumper,Left Front Bumper,,,,N,,Following Too Closely,Unspecified,QUEENS,11363.0,"(40.76229, -73.75711)",1.0,0.0,0,0,0,0,1,0,Sedan,Sedan,1
17697250,3831479,01/13/2018,16:30,f739f39f-b063-4715-a022-6eb99f64e879,Sedan,NISS -CAR/SUV,2006.0,1.0,,,Making Right Turn,Left Front Quarter Panel,Left Front Quarter Panel,,,,N,,Driver Inattention/Distraction,Unspecified,BRONX,10469.0,"(40.877033, -73.846375)",0.0,0.0,0,0,0,0,0,0,Sedan,Sedan,0
18643012,4045412,12/15/2018,13:42,53f7d075-917c-47e7-9aeb-b64d6abbb838,Station Wagon/Sport Utility Vehicle,TOYT -CAR/SUV,2018.0,5.0,F,,Parked,Left Side Doors,Left Side Doors,Left Rear Quarter Panel,,,N,,Passenger Distraction,Driver Inattention/Distraction,,,"(40.732254, -73.99636)",0.0,0.0,0,0,0,0,0,0,Station Wagon/Sport Utility Vehicle,Station Wagon/Sport Utility Vehicle,0
17793029,3870934,03/27/2018,09:15,825b303c-fca4-493e-981e-867aea08aa0c,Box Truck,FRHT-TRUCK/BUS,1992.0,1.0,M,Licensed,Backing,Right Front Bumper,Right Front Bumper,,,,N,,Backing Unsafely,Unspecified,MANHATTAN,10019.0,,0.0,0.0,0,0,0,0,0,0,Sedan,Box Truck,0
17820009,3888852,04/25/2018,16:49,7e17800d-1492-49c3-b725-eec8307d760f,Station Wagon/Sport Utility Vehicle,TOYT -CAR/SUV,2017.0,3.0,M,Licensed,Going Straight Ahead,Left Rear Bumper,Left Rear Bumper,Left Rear Quarter Panel,No Damage,No Damage,N,,Unspecified,Unspecified,BRONX,10454.0,"(40.806164, -73.909134)",0.0,0.0,0,0,0,0,0,0,Station Wagon/Sport Utility Vehicle,Sedan,0
17689587,3828097,01/14/2018,03:00,7e0efaf7-ca40-432b-af8f-caa6374b8903,Station Wagon/Sport Utility Vehicle,TOYT -CAR/SUV,2010.0,5.0,M,Licensed,Changing Lanes,Left Rear Bumper,Left Rear Bumper,Center Back End,Left Rear Quarter Panel,,N,,Passing or Lane Usage Improper,Unsafe Lane Changing,,,"(40.8451, -73.90931)",4.0,0.0,0,0,0,0,4,0,Station Wagon/Sport Utility Vehicle,Station Wagon/Sport Utility Vehicle,1
18808641,3984023,09/17/2018,18:18,170d0505-1f45-4b31-a478-1d3e08b8a409,Sedan,BMW -CAR/SUV,2013.0,0.0,,,Parked,Center Front End,Center Front End,No Damage,No Damage,No Damage,N,,Unspecified,Unspecified,QUEENS,11385.0,"(40.704338, -73.90179)",0.0,0.0,0,0,0,0,0,0,Sedan,,0
18759593,3976435,09/08/2018,14:25,1d553463-0504-463e-8cd4-3d23e9e63d70,Taxi,TOYT -CAR/SUV,2015.0,1.0,M,Licensed,Going Straight Ahead,Center Front End,Center Front End,,,,N,,Driver Inattention/Distraction,Unspecified,QUEENS,11369.0,"(40.765945, -73.87684)",0.0,0.0,0,0,0,0,0,0,Sedan,Taxi,0
17737143,3855559,03/02/2018,00:00,583d3dca-7870-4430-8e44-c398b5234a65,Station Wagon/Sport Utility Vehicle,FORD -CAR/SUV,2009.0,1.0,M,Licensed,Going Straight Ahead,Left Side Doors,Left Rear Quarter Panel,,Left Rear Quarter Panel,,N,,Unspecified,Unspecified,BROOKLYN,11212.0,"(40.669548, -73.911674)",0.0,0.0,0,0,0,0,0,0,Station Wagon/Sport Utility Vehicle,Sedan,0
18811965,3914251,06/04/2018,08:00,cfa85277-9a9b-42f0-9fea-0eece04e4948,Station Wagon/Sport Utility Vehicle,JEEP -CAR/SUV,2013.0,2.0,F,Licensed,Going Straight Ahead,Center Front End,Center Front End,Left Front Bumper,Right Front Bumper,,N,,Following Too Closely,Unspecified,,,,0.0,0.0,0,0,0,0,0,0,Station Wagon/Sport Utility Vehicle,Sedan,0
18849012,4005824,10/21/2018,08:20,a47882a5-4663-437a-bd8b-b311c840e237,Sedan,HOND -CAR/SUV,2012.0,0.0,,,Parked,Left Rear Bumper,Left Rear Quarter Panel,Left Side Doors,,,N,,Unspecified,Unspecified,QUEENS,11367.0,"(40.741688, -73.82456)",0.0,0.0,0,0,0,0,0,0,Sedan,Sedan,0
17793448,3865821,03/19/2018,08:30,f492f850-2495-4b72-a89a-a77122eb5c46,Station Wagon/Sport Utility Vehicle,FORD -CAR/SUV,2008.0,1.0,M,Licensed,Going Straight Ahead,Left Side Doors,Left Side Doors,Left Front Quarter Panel,Left Rear Quarter Panel,,N,,Unspecified,Unspecified,QUEENS,11361.0,"(40.75904, -73.77423)",0.0,0.0,0,0,0,0,0,0,Station Wagon/Sport Utility Vehicle,Station Wagon/Sport Utility Vehicle,0
18866220,4036321,12/01/2018,17:40,f3f66c1e-2f45-466d-9de7-4986a2df610a,Station Wagon/Sport Utility Vehicle,TESL -CAR/SUV,2018.0,0.0,M,Licensed,Going Straight Ahead,Left Rear Quarter Panel,Left Rear Quarter Panel,No Damage,No Damage,No Damage,N,,Unspecified,Unspecified,,,"(40.765984, -73.965454)",0.0,0.0,0,0,0,0,0,0,Sedan,Station Wagon/Sport Utility Vehicle,0
17722795,3841989,02/07/2018,17:14,9a1d6f6f-651e-423f-9166-8ba7e7bd519a,Sedan,HOND -CAR/SUV,2010.0,1.0,M,Licensed,Making U Turn,Left Front Bumper,Center Front End,Center Front End,Right Front Bumper,,N,,Unsafe Speed,Driver Inattention/Distraction,BROOKLYN,11214.0,"(40.614796, -74.00023)",0.0,0.0,0,0,0,0,0,0,Sedan,Sedan,0
18790102,3964767,08/18/2018,19:15,dd66ac7c-2490-4720-ba7d-58d0635847a0,Sedan,NISS -CAR/SUV,2016.0,1.0,M,Licensed,Going Straight Ahead,Center Front End,Center Front End,Left Front Bumper,Right Front Bumper,,N,,Backing Unsafely,Following Too Closely,QUEENS,11420.0,,0.0,0.0,0,0,0,0,0,0,Station Wagon/Sport Utility Vehicle,Sedan,0
18677983,4026483,10/25/2018,23:45,2bff35f0-aa4f-4c7a-a18b-33a47b53d666,Taxi,HOND -CAR/SUV,2013.0,1.0,M,Licensed,Going Straight Ahead,Right Front Bumper,Right Front Quarter Panel,Center Front End,No Damage,No Damage,N,,Driver Inattention/Distraction,Unspecified,,,"(40.823483, -73.90005)",0.0,0.0,0,0,0,0,0,0,Taxi,Garbage or Refuse,0
18840430,4038063,12/04/2018,13:30,24e88122-70f0-4bb7-98e1-04054009e8d4,Pick-up Truck,FORD -CAR/SUV,2014.0,0.0,,,Parked,Center Front End,Center Front End,Left Front Bumper,Right Front Bumper,No Damage,N,,Unspecified,Unspecified,BROOKLYN,11236.0,"(40.651012, -73.91024)",0.0,0.0,0,0,0,0,0,0,Pick-up Truck,Pick-up Truck,0
19615838,3896130,05/07/2018,09:40,31e9f1f0-48ff-4478-bbbe-72e4759174b1,Station Wagon/Sport Utility Vehicle,MITS -CAR/SUV,2001.0,1.0,F,Licensed,Going Straight Ahead,Left Front Bumper,Center Front End,Right Front Bumper,,,N,,Other Vehicular,Unspecified,BRONX,10461.0,"(40.85165, -73.82859)",1.0,0.0,0,0,0,0,1,0,Station Wagon/Sport Utility Vehicle,Station Wagon/Sport Utility Vehicle,1
17732301,3847848,02/17/2018,10:45,53306dba-2d31-460b-8c2e-cf42d3986060,TRL,KAUF,2010.0,,,,Changing Lanes,Trailer,Trailer,,,,N,,Unsafe Lane Changing,Unspecified,,,"(40.73204, -73.87034)",0.0,0.0,0,0,0,0,0,0,TRL,Station Wagon/Sport Utility Vehicle,0
17842568,3873517,03/30/2018,16:00,eb12a130-08c8-4a52-9715-d4f2d28867a5,Station Wagon/Sport Utility Vehicle,BMW -CAR/SUV,2018.0,1.0,M,Licensed,Merging,Left Front Bumper,Left Front Bumper,Left Front Bumper,Left Front Bumper,Left Front Bumper,N,,Driver Inattention/Distraction,Unspecified,BROOKLYN,11207.0,"(40.67956, -73.8989)",0.0,0.0,0,0,0,0,0,0,Station Wagon/Sport Utility Vehicle,Station Wagon/Sport Utility Vehicle,0
18616079,3916984,06/08/2018,01:00,9d99df2f-aa2c-4fc6-84da-d9f6aed7b974,Station Wagon/Sport Utility Vehicle,TOYT -CAR/SUV,2013.0,2.0,F,Licensed,Going Straight Ahead,Center Front End,Center Front End,,,,N,,Driver Inattention/Distraction,Following Too Closely,,,"(40.73635, -73.97502)",0.0,0.0,0,0,0,0,0,0,Station Wagon/Sport Utility Vehicle,Station Wagon/Sport Utility Vehicle,0
18682197,4012499,11/01/2018,16:00,e650e858-ec1a-4cc5-b8d7-c065619df81b,Sedan,BMW -CAR/SUV,2014.0,1.0,M,Licensed,Changing Lanes,Left Rear Quarter Panel,Left Rear Quarter Panel,Left Rear Bumper,,,N,,Unspecified,Unspecified,,,"(40.82289, -73.884155)",0.0,0.0,0,0,0,0,0,0,Station Wagon/Sport Utility Vehicle,Sedan,0
18868555,4013260,10/31/2018,14:50,171f7d86-bf73-4a6e-9e75-915ce177e75f,Taxi,MAZD -CAR/SUV,2018.0,1.0,M,Licensed,Stopped in Traffic,Left Rear Bumper,Left Rear Bumper,Left Rear Quarter Panel,,,N,,Unspecified,Unspecified,QUEENS,11101.0,"(40.74496, -73.935425)",0.0,0.0,0,0,0,0,0,0,Taxi,Chassis Cab,0
18686806,3960174,08/10/2018,17:45,d2fca189-40bf-4523-b8e5-23497f5f0cb4,Taxi,TOYT -CAR/SUV,2016.0,1.0,M,Licensed,Merging,Left Front Bumper,Left Front Quarter Panel,Center Front End,,,Unspecified,,Passing or Lane Usage Improper,Unspecified,,,"(40.75458, -73.99915)",0.0,0.0,0,0,0,0,0,0,Taxi,Station Wagon/Sport Utility Vehicle,0
18835937,3995689,10/06/2018,14:35,8effe829-4775-4a77-8dd2-701c8686dcea,Station Wagon/Sport Utility Vehicle,CHEV -CAR/SUV,2014.0,,,,Backing,Center Back End,No Damage,No Damage,No Damage,Other,Unspecified,,Backing Unsafely,,,,"(40.67452, -73.80321)",0.0,0.0,0,0,0,0,0,0,Station Wagon/Sport Utility Vehicle,Station Wagon/Sport Utility Vehicle,0
18658126,3920845,06/14/2018,11:30,f8217217-7db6-487e-8029-59a3670dcf1e,Van,CHEV-TRUCK/BUS,,0.0,,,Parked,Center Back End,Left Rear Bumper,Left Rear Bumper,Right Rear Bumper,,N,,Unspecified,Unspecified,BRONX,10458.0,,0.0,0.0,0,0,0,0,0,0,Convertible,Van,0
18887326,4029500,11/20/2018,08:30,89eef8c0-aa68-46a8-8804-18b7ce7568c2,Station Wagon/Sport Utility Vehicle,INFI -CAR/SUV,2008.0,1.0,F,Licensed,Going Straight Ahead,Center Front End,Center Front End,Right Front Bumper,Left Front Bumper,No Damage,N,,Following Too Closely,Unspecified,QUEENS,11358.0,"(40.7555, -73.792725)",0.0,0.0,0,0,0,0,0,0,Station Wagon/Sport Utility Vehicle,Sedan,0
18881579,3996005,10/07/2018,20:40,a9469d92-0d4c-4638-afe7-0710f9949ae7,Station Wagon/Sport Utility Vehicle,INFI -CAR/SUV,2011.0,0.0,,,Parked,Left Rear Quarter Panel,Left Side Doors,,,,N,,Unspecified,Unspecified,QUEENS,11428.0,"(40.717113, -73.75106)",0.0,0.0,0,0,0,0,0,0,Station Wagon/Sport Utility Vehicle,Station Wagon/Sport Utility Vehicle,0
18730883,3949130,07/26/2018,08:30,d68e6789-2207-49c4-9136-4f00098b5285,Station Wagon/Sport Utility Vehicle,NISS -CAR/SUV,2017.0,0.0,F,Licensed,Making Left Turn,Center Front End,Center Front End,Left Front Bumper,,,N,,Driver Inattention/Distraction,Turning Improperly,,,"(40.602657, -74.130455)",0.0,0.0,0,0,0,0,0,0,Station Wagon/Sport Utility Vehicle,Sedan,0
18812971,4018634,11/11/2018,11:11,569442d8-2409-47bd-8089-bc9ca5a6552e,Station Wagon/Sport Utility Vehicle,NISS -CAR/SUV,2009.0,2.0,F,Licensed,Going Straight Ahead,Center Front End,Center Front End,Left Front Bumper,Right Front Bumper,,N,,Following Too Closely,Unspecified,QUEENS,11368.0,"(40.758305, -73.85561)",0.0,0.0,0,0,0,0,0,0,Station Wagon/Sport Utility Vehicle,Station Wagon/Sport Utility Vehicle,0
18701085,3945577,07/20/2018,05:01,311d8ace-0c31-4746-b12d-34d58da8f3a6,Sedan,AUDI -CAR/SUV,2016.0,0.0,,,Parked,Left Rear Bumper,Left Rear Bumper,,,,N,,Unspecified,Unspecified,BROOKLYN,11223.0,"(40.605293, -73.97124)",0.0,0.0,0,0,0,0,0,0,Sedan,Station Wagon/Sport Utility Vehicle,0
17775385,3905559,05/22/2018,15:47,ed43c7a7-7039-42f9-a4eb-942e9346c856,Station Wagon/Sport Utility Vehicle,CHEV -CAR/SUV,2012.0,1.0,M,Licensed,Going Straight Ahead,Center Back End,Left Rear Bumper,Right Rear Bumper,No Damage,No Damage,N,,Driver Inattention/Distraction,Driver Inexperience,MANHATTAN,10024.0,"(40.785095, -73.97691)",0.0,0.0,0,0,0,0,0,0,Bus,Station Wagon/Sport Utility Vehicle,0