UNIQUE_ID,COLLISION_ID,CRASH_DATE,CRASH_TIME,VEHICLE_ID,VEHICLE_TYPE,VEHICLE_MAKE,VEHICLE_YEAR,VEHICLE_OCCUPANTS,DRIVER_SEX,DRIVER_LICENSE_STATUS,PRE_CRASH,POINT_OF_IMPACT,VEHICLE_DAMAGE,VEHICLE_DAMAGE_1,VEHICLE_DAMAGE_2,VEHICLE_DAMAGE_3,PUBLIC_PROPERTY_DAMAGE,PUBLIC_PROPERTY_DAMAGE_TYPE,CONTRIBUTING_FACTOR_1,CONTRIBUTING_FACTOR_2,BOROUGH,ZIP CODE,LOCATION,NUMBER OF PERSONS INJURED,NUMBER OF PERSONS KILLED,NUMBER OF PEDESTRIANS INJURED,NUMBER OF PEDESTRIANS KILLED,NUMBER OF CYCLIST INJURED,NUMBER OF CYCLIST KILLED,NUMBER OF MOTORIST INJURED,NUMBER OF MOTORIST KILLED,VEHICLE TYPE CODE 1,VEHICLE TYPE CODE 2,Severity
18665998,3928742,06/25/2018,08:22,5eb4ce5d-b8d1-47b6-a4d0-7c4e8a0e9644,Taxi,TOYT -CAR/SUV,2014.0,1.0,M,Licensed,Going Straight Ahead,Right Side Doors,Right Side Doors,No Damage,No Damage,No Damage,N,,Driver Inattention/Distraction,Driver Inattention/Distraction,MANHATTAN,10016.0,"(40.748363, -73.98041)",0.0,0.0,0,0,0,0,0,0,Sedan,Taxi,0
18627329,4001634,10/16/2018,22:10,7c1a21f9-0302-45f1-bf24-bc9de771d2b7,Sedan,TOYT -CAR/SUV,2014.0,1.0,M,Licensed,Merging,Left Side Doors,No Damage,,,,N,,Unspecified,Unspecified,MANHATTAN,10012.0,"(40.72521, -73.99586)",0.0,0.0,0,0,0,0,0,0,Station Wagon/Sport Utility Vehicle,Sedan,0
18817143,3960827,08/12/2018,13:00,2b962554-feb1-4d65-8ed9-1477d9c4c2d7,Station Wagon/Sport Utility Vehicle,HIN,2017.0,1.0,M,Licensed,Merging,Left Rear Quarter Panel,Left Rear Quarter Panel,,,,N,,View Obstructed/Limited,Unspecified,,,"(40.7576, -73.90048)",0.0,0.0,0,0,0,0,0,0,Station Wagon/Sport Utility Vehicle,Station Wagon/Sport Utility Vehicle,0
18751464,3946356,07/20/2018,18:50,ef664b3a-5a39-4776-8113-3157ca798a62,Sedan,HOND -CAR/SUV,2013.0,1.0,M,Licensed,Going Straight Ahead,Right Front Quarter Panel,Right Front Quarter Panel,No Damage,No Damage,No Damage,N,,Unsafe Lane Changing,Unspecified,BRONX,10467.0,"(40.885536, -73.86113)",0.0,0.0,0,0,0,0,0,0,Sedan,Station Wagon/Sport Utility Vehicle,0
18627707,3937798,07/08/2018,21:40,d10e7743-78c1-43dc-bf1e-e1f968db49b7,Sedan,HOND -CAR/SUV,2006.0,0.0,M,Licensed,Making Right Turn,Center Front End,Center Front End,Center Back End,Left Rear Quarter Panel,Left Rear Bumper,Y,,Driver Inattention/Distraction,Unspecified,,,"(40.658, -73.935905)",3.0,0.0,0,0,0,0,3,0,Sedan,Sedan,1
18608025,3914573,06/04/2018,16:10,c2b3aa03-35e7-4453-9602-b82c3367a38e,Sedan,TOYT -CAR/SUV,2016.0,1.0,M,Licensed,Going Straight Ahead,Center Front End,Center Front End,No Damage,No Damage,No Damage,N,,Following Too Closely,Unspecified,,,"(40.723347, -73.939316)",0.0,0.0,0,0,0,0,0,0,Station Wagon/Sport Utility Vehicle,Sedan,0
17770560,3861674,03/13/2018,17:00,7ae136cb-8854-4a28-acc5-cd21108bd78e,Sedan,NISS -CAR/SUV,2016.0,1.0,F,Licensed,Going Straight Ahead,Center Front End,Center Front End,,,,Unspecified,,Driver Inattention/Distraction,Driver Inexperience,BROOKLYN,11229.0,"(40.604027, -73.9523)",0.0,0.0,0,0,0,0,0,0,Sedan,Station Wagon/Sport Utility Vehicle,0
17762109,3857016,03/05/2018,00:00,8293652c-8b48-41c5-8a56-56d87dba43c8,Station Wagon/Sport Utility Vehicle,HYUN -CAR/SUV,2002.0,2.0,F,Licensed,Going Straight Ahead,Left Front Bumper,Center Front End,Right Front Bumper,,,N,,Unspecified,Unspecified,BRONX,10475.0,"(40.859734, -73.82626)",0.0,0.0,0,0,0,0,0,0,Station Wagon/Sport Utility Vehicle,,0
18709955,3962302,08/16/2018,19:00,53b195dd-cb07-4d21-8a71-b1222167f5e6,Station Wagon/Sport Utility Vehicle,TOYT -CAR/SUV,2017.0,0.0,,,Parked,Right Side Doors,Right Side Doors,Right Rear Quarter Panel,No Damage,No Damage,N,,Unspecified,Unspecified,BROOKLYN,11201.0,"(40.702488, -73.98854)",0.0,0.0,0,0,0,0,0,0,Station Wagon/Sport Utility Vehicle,,0
17801848,3877236,04/07/2018,14:00,adb81404-2430-4a7e-ad3e-d90fff2bcc66,Sedan,FORD -CAR/SUV,2017.0,1.0,M,Licensed,Going Straight Ahead,Right Front Quarter Panel,Right Front Quarter Panel,Right Front Bumper,,,N,,Unspecified,Unspecified,QUEENS,11372.0,"(40.748024, -73.88021)",0.0,0.0,0,0,0,0,0,0,Sedan,Box Truck,0
17834684,3892894,05/02/2018,13:30,77fb9b01-7910-494c-ad0b-b7a104a5dfab,Station Wagon/Sport Utility Vehicle,HOND -CAR/SUV,2007.0,1.0,,,Starting from Parking,Right Front Bumper,No Damage,,,,N,,Driver Inattention/Distraction,Failure to Yield Right-of-Way,QUEENS,11421.0,"(40.690197, -73.85371)",0.0,0.0,0,0,0,0,0,0,Station Wagon/Sport Utility Vehicle,,0
18703480,3950565,07/27/2018,14:16,e56fec13-c000-42f7-8755-0b5bd70c6132,Station Wagon/Sport Utility Vehicle,HOND -CAR/SUV,2007.0,1.0,F,Licensed,Stopped in Traffic,Left Rear Quarter Panel,Left Rear Quarter Panel,,,,N,,Unspecified,Unspecified,MANHATTAN,10016.0,"(40.745857, -73.98435)",0.0,0.0,0,0,0,0,0,0,Station Wagon/Sport Utility Vehicle,Box Truck,0
17707957,3835240,01/26/2018,22:45,a57bfb7d-2eb9-4c2b-a6c6-7f2bda527a2d,Station Wagon/Sport Utility Vehicle,HOND -CAR/SUV,2017.0,1.0,M,Licensed,Going Straight Ahead,Center Front End,Center Front End,Center Back End,Left Rear Bumper,Right Rear Bumper,N,,Following Too Closely,Unspecified,,,"(40.75455, -73.96252)",1.0,0.0,0,0,0,0,1,0,Station Wagon/Sport Utility Vehicle,Sedan,1
18619323,3910671,05/30/2018,14:55,e8f5965d-7c32-4033-ad64-a44d2528846b,Box Truck,FRHT-TRUCK/BUS,2005.0,0.0,M,Licensed,Going Straight Ahead,Right Rear Quarter Panel,Right Rear Quarter Panel,,,,N,,Unspecified,Unspecified,BRONX,10457.0,"(40.847576, -73.90633)",0.0,0.0,0,0,0,0,0,0,Box Truck,Sedan,0
18840919,3927410,06/23/2018,13:00,f57f3aca-3f13-4e8c-91b7-e6f42b93894f,Station Wagon/Sport Utility Vehicle,FORD -CAR/SUV,2003.0,4.0,M,Licensed,Parked,Left Side Doors,Left Side Doors,,,,N,,Other Vehicular,Unspecified,QUEENS,11356.0,"(40.782974, -73.84586)",0.0,0.0,0,0,0,0,0,0,Box Truck,Station Wagon/Sport Utility Vehicle,0
18662650,4015993,11/06/2018,16:25,b9e905d4-7f8f-4a0e-9a20-3dd737c6dd3e,Station Wagon/Sport Utility Vehicle,VOLV -CAR/SUV,2019.0,2.0,M,Licensed,Making U Turn,Left Rear Bumper,Left Rear Bumper,Left Rear Bumper,No Damage,No Damage,N,,Driver Inattention/Distraction,Turning Improperly,,,"(40.85894, -73.922935)",1.0,0.0,0,0,0,0,1,0,Sedan,Station Wagon/Sport Utility Vehicle,1
17731785,3867596,03/20/2018,14:50,8a0bd80c-e521-40ed-a0b0-ec60a404ae46,Station Wagon/Sport Utility Vehicle,ACUR -CAR/SUV,2006.0,1.0,M,Licensed,Stopped in Traffic,Center Back End,Left Front Bumper,Center Front End,Right Front Bumper,Left Rear Bumper,N,,Unspecified,Unspecified,MANHATTAN,10033.0,"(40.852726, -73.93443)",0.0,0.0,0,0,0,0,0,0,Station Wagon/Sport Utility Vehicle,Station Wagon/Sport Utility Vehicle,0
18843736,4045936,12/16/2018,12:00,4e54042f-26f6-4097-b50f-9e064b081ebe,Sedan,NISS -CAR/SUV,2016.0,1.0,M,,Making Left Turn,Right Rear Quarter Panel,Right Rear Quarter Panel,Right Rear Bumper,No Damage,No Damage,N,,Passing Too Closely,Glare,BROOKLYN,11211.0,"(40.707405, -73.959946)",0.0,0.0,0,0,0,0,0,0,Sedan,Sedan,0
17760346,3856471,03/04/2018,19:24,60ff3057-3650-44ae-aef4-30c0cb1aa6fd,Sedan,FORD -CAR/SUV,2017.0,1.0,M,Unlicensed,Going Straight Ahead,Left Front Quarter Panel,Left Front Quarter Panel,Left Side Doors,,,N,,Driver Inattention/Distraction,Driver Inattention/Distraction,,,"(40.60914, -74.13101)",0.0,0.0,0,0,0,0,0,0,Sedan,Station Wagon/Sport Utility Vehicle,0
18813792,4033328,11/26/2018,00:00,2d239d06-2af1-4dd9-b053-dd42b0f71f0f,Station Wagon/Sport Utility Vehicle,NISS -CAR/SUV,2016.0,1.0,M,Licensed,Going Straight Ahead,Center Front End,Center Front End,Left Front Bumper,Right Front Bumper,,N,,Following Too Closely,Passenger Distraction,BROOKLYN,11229.0,"(40.61011, -73.95144)",1.0,0.0,0,0,0,0,1,0,Sedan,Station Wagon/Sport Utility Vehicle,1
18706587,4026546,11/11/2018,10:40,4e655862-6390-42ef-a438-5bbec49b15f3,Sedan,TOYT -CAR/SUV,2014.0,1.0,F,Licensed,Stopped in Traffic,Center Back End,Center Back End,Right Rear Bumper,,,N,,Unspecified,Unspecified,BROOKLYN,11236.0,"(40.643826, -73.90044)",0.0,0.0,0,0,0,0,0,0,Sedan,Station Wagon/Sport Utility Vehicle,0
17729955,3842578,02/07/2018,08:25,9f48705e-5ba0-453b-9c1c-63cef1cd4e4c,Sedan,JEEP -CAR/SUV,2015.0,2.0,F,Licensed,Starting from Parking,Left Front Bumper,Left Front Bumper,Left Front Quarter Panel,No Damage,No Damage,N,,Unspecified,Unspecified,BROOKLYN,11212.0,"(40.66248, -73.92697)",0.0,0.0,0,0,0,0,0,0,Sedan,Sedan,0
18786796,4012578,10/24/2018,15:30,304e75e4-ca35-44dd-9939-5fcf7e3dbe3d,Chassis Cab,INTL-TRUCK/BUS,2011.0,1.0,M,Licensed,Going Straight Ahead,Center Back End,No Damage,No Damage,No Damage,No Damage,N,,Unspecified,Unspecified,,,"(40.878742, -73.87255)",0.0,0.0,0,0,0,0,0,0,Chassis Cab,Station Wagon/Sport Utility Vehicle,0
18626092,3917716,06/06/2018,14:15,f47c9d0f-f586-49e3-af57-77fd83e678ce,Sedan,HYUN -CAR/SUV,2004.0,0.0,F,Licensed,Making U Turn,Left Front Bumper,Left Front Bumper,No Damage,No Damage,No Damage,N,,Driver Inattention/Distraction,Unspecified,STATEN ISLAND,10310.0,"(40.62458, -74.11408)",0.0,0.0,0,0,0,0,0,0,Sedan,Sedan,0
18843837,4002443,10/17/2018,23:40,00a6838b-1df9-4a01-9a6a-fdc604a1b872,Pick-up Truck,VOLV -CAR/SUV,2000.0,1.0,M,Licensed,Going Straight Ahead,Center Front End,Center Front End,,,,N,,Unspecified,Unspecified,,,"(40.66929, -73.842445)",2.0,0.0,0,0,0,0,2,0,Pick-up Truck,Sedan,1
18665925,3943253,07/17/2018,00:00,f8dd1aea-e4ff-4bcd-a100-544ba4b73f87,Sedan,NISS -CAR/SUV,2009.0,1.0,M,Licensed,Stopped in Traffic,Center Back End,Center Back End,,,,N,,Unspecified,Unspecified,,,"(40.609917, -73.89746)",0.0,0.0,0,0,0,0,0,0,Sedan,Station Wagon/Sport Utility Vehicle,0
17810599,3889862,02/28/2018,10:20,0f4d479a-f190-43bc-b15b-0e910e8bd601,Station Wagon/Sport Utility Vehicle,unk,,1.0,,,Backing,Right Rear Bumper,No Damage,No Damage,No Damage,No Damage,N,,Backing Unsafely,Driver Inattention/Distraction,MANHATTAN,10036.0,"(40.755154, -73.98086)",0.0,0.0,0,0,0,0,0,0,Station Wagon/Sport Utility Vehicle,Sedan,0
17678316,3824088,01/04/2018,16:08,b3ce0674-ee42-4560-9ddf-88aa3401b6df,Bus,ORION,2009.0,1.0,M,Licensed,Going Straight Ahead,Right Rear Quarter Panel,No Damage,No Damage,,,N,,Unspecified,Unspecified,BROOKLYN,11211.0,"(40.71465, -73.94948)",0.0,0.0,0,0,0,0,0,0,Bus,Box Truck,0
18817835,3980998,09/15/2018,17:40,dd929879-3eed-43ff-911b-8eddd0e21138,Station Wagon/Sport Utility Vehicle,HOND -CAR/SUV,2018.0,2.0,F,Licensed,Slowing or Stopping,Left Rear Bumper,Left Rear Bumper,Left Rear Quarter Panel,Center Back End,,N,,Other Vehicular,Unspecified,,,,0.0,0.0,0,0,0,0,0,0,Station Wagon/Sport Utility Vehicle,Station Wagon/Sport Utility Vehicle,0
18827698,4049105,12/20/2018,16:54,a3280f3c-208a-40f7-a97c-d3cfbe835dfb,Sedan,JEEP -CAR/SUV,2016.0,1.0,M,Licensed,Going Straight Ahead,Right Side Doors,Right Side Doors,,,,N,,Unspecified,Unspecified,MANHATTAN,10018.0,"(40.75469, -73.99536)",0.0,0.0,0,0,0,0,0,0,Sedan,Station Wagon/Sport Utility Vehicle,0
18769312,3998882,10/11/2018,19:10,6179ea76-1f94-4d32-b040-7683d5d986ec,Sedan,FORD -CAR/SUV,2006.0,2.0,M,Licensed,Going Straight Ahead,Center Front End,Center Front End,Left Front Bumper,Right Front Bumper,,N,,Unspecified,Unspecified,,,,0.0,0.0,0,0,0,0,0,0,Station Wagon/Sport Utility Vehicle,Station Wagon/Sport Utility Vehicle,0
18808223,4031851,11/24/2018,13:53,78b26e84-47ac-494c-82b0-25ade5999f4d,Sedan,HOND -CAR/SUV,2018.0,0.0,M,Licensed,Passing,Right Front Bumper,No Damage,No Damage,No Damage,No Damage,N,,Unspecified,Unspecified,,,,0.0,0.0,0,0,0,0,0,0,Station Wagon/Sport Utility Vehicle,Sedan,0
18654895,3913432,06/03/2018,04:45,776e20e2-d620-4797-919c-ca670d0c7f31,Station Wagon/Sport Utility Vehicle,KIA -CAR/SUV,2011.0,0.0,,,Parked,Left Rear Bumper,Left Rear Bumper,,,,N,,Unspecified,Unspecified,BRONX,10456.0,"(40.834187, -73.909584)",0.0,0.0,0,0,0,0,0,0,Station Wagon/Sport Utility Vehicle,Sedan,0
18610549,3976353,09/06/2018,13:30,f8522eed-4785-427b-85c5-aafd58da4490,Pick-up Truck,frh,2006.0,1.0,M,Licensed,Making Left Turn,Right Rear Bumper,Right Rear Bumper,,,,N,,Unspecified,Unspecified,MANHATTAN,10012.0,"(40.72543, -73.99678)",0.0,0.0,0,0,0,0,0,0,Pick-up Truck,Station Wagon/Sport Utility Vehicle,0
17756999,3881737,04/15/2018,14:00,28abcc55-41f8-4269-b60b-c2f589cc0446,Station Wagon/Sport Utility Vehicle,MERZ -CAR/SUV,2003.0,1.0,M,Licensed,Going Straight Ahead,Left Rear Quarter Panel,Left Side Doors,,,,N,,Driver Inattention/Distraction,Unspecified,BROOKLYN,11236.0,"(40.641945, -73.916626)",0.0,0.0,0,0,0,0,0,0,Station Wagon/Sport Utility Vehicle,Station Wagon/Sport Utility Vehicle,0
18722712,4005563,10/22/2018,16:00,905dadc0-cac6-45cd-9d32-11e7bf773716,Sedan,CADI -CAR/SUV,2013.0,1.0,M,Licensed,Going Straight Ahead,Right Front Quarter Panel,Right Front Quarter Panel,Right Side Doors,,,N,,Unspecified,Unspecified,,,"(40.840836, -73.87258)",0.0,0.0,0,0,0,0,0,0,Sedan,Station Wagon/Sport Utility Vehicle,0
18882791,4002090,10/17/2018,15:00,0dd08535-a0a6-4ba8-96d2-27e1772b2873,Station Wagon/Sport Utility Vehicle,SUBA -CAR/SUV,2007.0,1.0,F,Licensed,Making Right Turn,Right Side Doors,Right Rear Quarter Panel,,,,N,,Passing Too Closely,Unspecified,QUEENS,11426.0,"(40.735394, -73.717316)",0.0,0.0,0,0,0,0,0,0,Sedan,Station Wagon/Sport Utility Vehicle,0
17854710,3904961,05/21/2018,19:30,fabac078-9dcf-4440-be52-b15064fb694c,Station Wagon/Sport Utility Vehicle,CHEV -CAR/SUV,2009.0,2.0,M,Licensed,Slowing or Stopping,Center Back End,Center Back End,Left Rear Bumper,Right Rear Bumper,,N,,Unspecified,Unspecified,,,"(40.741524, -73.78456)",0.0,0.0,0,0,0,0,0,0,Station Wagon/Sport Utility Vehicle,Station Wagon/Sport Utility Vehicle,0
17812136,3883466,04/16/2018,17:33,0e04980c-fe91-456d-9a4f-ba89ad65b692,Sedan,TOYT -CAR/SUV,2007.0,1.0,M,Licensed,Going Straight Ahead,Right Side Doors,Right Side Doors,Right Rear Quarter Panel,Right Rear Bumper,,N,,Passing or Lane Usage Improper,Unspecified,QUEENS,11372.0,"(40.74887, -73.89256)",0.0,0.0,0,0,0,0,0,0,Sedan,Box Truck,0
18650152,3954291,08/02/2018,14:30,63353266-cd18-4495-af72-dc3fdf2b72b8,Station Wagon/Sport Utility Vehicle,TOYT -CAR/SUV,2016.0,1.0,F,Licensed,Going Straight Ahead,Right Front Bumper,Right Front Quarter Panel,Right Front Bumper,No Damage,No Damage,N,,Passing or Lane Usage Improper,Unspecified,MANHATTAN,10016.0,"(40.739494, -73.97663)",0.0,0.0,0,0,0,0,0,0,Station Wagon/Sport Utility Vehicle,Station Wagon/Sport Utility Vehicle,0
18681022,3939552,07/11/2018,13:15,3dc2c1eb-4543-4045-ad12-6ed609df3c68,Pallet,FRHT-TRUCK/BUS,2004.0,1.0,M,Licensed,Merging,Trailer,No Damage,No Damage,No Damage,No Damage,N,,Passing or Lane Usage Improper,Unsafe Lane Changing,MANHATTAN,10022.0,"(40.756687, -73.96117)",1.0,0.0,0,0,0,0,1,0,Sedan,Pallet,1
18749171,4013542,11/04/2018,06:05,7693a0ff-2c4b-4e7a-b020-f561e3cdd09b,Bus,NOVA BUS,2006.0,1.0,M,Licensed,Going Straight Ahead,Center Front End,Center Front End,,,,N,,Following Too Closely,Unspecified,,,,0.0,0.0,0,0,0,0,0,0,Sedan,Bus,0
17797286,3886198,04/21/2018,23:03,8e7ebd39-6514-4578-8ef2-889a64dec20b,Sedan,SUBA -CAR/SUV,2007.0,0.0,,,Parked,Left Front Quarter Panel,Left Front Quarter Panel,No Damage,No Damage,No Damage,N,,Unspecified,Unspecified,MANHATTAN,10013.0,"(40.719776, -74.00681)",0.0,0.0,0,0,0,0,0,0,Sedan,Sedan,0
18728854,4011775,10/31/2018,16:45,037ed7e2-9b0e-40a2-8ad3-e8fd3c59ad6a,Sedan,HYUN -CAR/SUV,2018.0,1.0,M,Licensed,Backing,Right Rear Bumper,Right Rear Bumper,,,,N,,Backing Unsafely,Driver Inattention/Distraction,BRONX,10460.0,"(40.844856, -73.88011)",0.0,0.0,0,0,0,0,0,0,Sedan,Sedan,0
17773909,3862124,02/11/2018,11:33,51982c79-425e-4f46-a7fb-94ec89c38a5d,Taxi,FORD -CAR/SUV,2015.0,1.0,M,Licensed,Going Straight Ahead,Center Front End,Center Front End,Center Front End,Center Front End,Center Front End,N,,Driver Inattention/Distraction,Driver Inattention/Distraction,MANHATTAN,10019.0,"(40.762966, -73.973976)",0.0,0.0,0,0,0,0,0,0,Taxi,Taxi,0
19602240,3887274,04/23/2018,17:15,2fa26fb0-eadb-4661-b888-c7cc80b75a8b,Station Wagon/Sport Utility Vehicle,MERC -CAR/SUV,2006.0,4.0,F,Licensed,Stopped in Traffic,Center Back End,Center Back End,No Damage,No Damage,No Damage,N,,Unspecified,Unspecified,BRONX,10460.0,"(40.837997, -73.876114)",0.0,0.0,0,0,0,0,0,0,Sedan,Station Wagon/Sport Utility Vehicle,0
18886137,4018041,11/10/2018,15:10,d8c02af7-f1ef-4267-9ae0-d924ef5a8a88,Station Wagon/Sport Utility Vehicle,JEEP -CAR/SUV,2009.0,1.0,M,Licensed,Going Straight Ahead,Center Front End,Center Front End,Left Front Bumper,Right Front Bumper,,Unspecified,,Driver Inattention/Distraction,Unspecified,QUEENS,11413.0,"(40.665634, -73.758156)",0.0,0.0,0,0,0,0,0,0,Station Wagon/Sport Utility Vehicle,Station Wagon/Sport Utility Vehicle,0
17716416,3827690,01/13/2018,12:10,f9e17587-b701-4c79-b2ae-c61dc1c911a4,Sedan,HOND -CAR/SUV,2005.0,3.0,F,Licensed,Going Straight Ahead,Center Front End,Right Front Bumper,Left Front Bumper,Left Front Quarter Panel,Right Front Quarter Panel,N,,Unspecified,Unspecified,QUEENS,11040.0,"(40.750023, -73.70631)",2.0,0.0,0,0,0,0,2,0,Sedan,Sedan,1
17740078,3884545,04/20/2018,00:50,381e1b4e-9bee-4189-8855-72dd9b036b6a,Sedan,HOND -CAR/SUV,2014.0,6.0,M,Licensed,Going Straight Ahead,Left Side Doors,Left Side Doors,,,,N,,Unspecified,Unspecified,,,"(40.788795, -73.93755)",0.0,0.0,0,0,0,0,0,0,Sedan,Taxi,0
18658563,3938735,07/09/2018,19:13,af4a08f5-dcf9-43ea-a3c9-0f245890228c,Sedan,ACUR -CAR/SUV,2012.0,1.0,M,Licensed,Going Straight Ahead,Center Front End,Center Front End,Right Front Quarter Panel,Right Side Doors,Right Rear Quarter Panel,Y,,Reaction to Uninvolved Vehicle,Unspecified,BROOKLYN,11234.0,"(40.62625, -73.920876)",0.0,0.0,0,0,0,0,0,0,Sedan,,0
17807669,3884554,04/18/2018,16:20,e539b650-a634-488a-bb94-a69938d437f1,Sedan,TOYT -CAR/SUV,2014.0,1.0,M,Licensed,Going Straight Ahead,Center Back End,Center Back End,,,,N,,Unspecified,Unspecified,BROOKLYN,11220.0,"(40.641987, -74.01724)",0.0,0.0,0,0,0,0,0,0,Sedan,Sedan,0
18777927,3978642,09/06/2018,21:04,7cf64c0a-5f93-4d30-8245-54794ad19138,Sedan,CADI -CAR/SUV,2000.0,1.0,M,Licensed,Going Straight Ahead,Left Front Bumper,Left Front Quarter Panel,Left Side Doors,Left Rear Quarter Panel,No Damage,N,,Unspecified,Unspecified,BROOKLYN,11212.0,"(40.654358, -73.91916)",0.0,0.0,0,0,0,0,0,0,Station Wagon/Sport Utility Vehicle,Sedan,0
17723550,3851063,02/23/2018,09:45,2e5f4515-0218-4f0a-8689-1c1a02945bde,Sedan,TOYT -CAR/SUV,2015.0,1.0,M,Licensed,Going Straight Ahead,Right Front Bumper,Right Front Quarter Panel,Right Side Doors,Right Rear Quarter Panel,,N,,Failure to Yield Right-of-Way,Passing or Lane Usage Improper,BROOKLYN,11225.0,"(40.661964, -73.960815)",0.0,0.0,0,0,0,0,0,0,Station Wagon/Sport Utility Vehicle,Sedan,0
18730741,4034080,11/28/2018,07:44,c8cc8115-5235-48fe-86c1-f928e1ec3acc,Sedan,AUDI -CAR/SUV,2013.0,1.0,M,Licensed,Parked,Left Front Quarter Panel,Other,No Damage,No Damage,No Damage,N,,Unspecified,Unspecified,BROOKLYN,11216.0,"(40.68731, -73.94761)",0.0,0.0,0,0,0,0,0,0,Sedan,Sedan,0
17797287,3899905,05/11/2018,16:12,ad11aadf-cf34-4415-8106-d9b241df381a,Sedan,MASE -CAR/SUV,2015.0,1.0,M,Licensed,Parked,Left Front Quarter Panel,Left Front Quarter Panel,No Damage,No Damage,No Damage,N,,Unspecified,Unspecified,MANHATTAN,10012.0,"(40.722763, -73.99594)",0.0,0.0,0,0,0,0,0,0,Sedan,Sedan,0
17809862,3880782,04/14/2018,23:00,82fea2c7-f752-4313-8d01-55195314d633,Sedan,TOYT -CAR/SUV,2016.0,1.0,M,Licensed,Merging,Right Front Bumper,Right Front Bumper,Right Front Quarter Panel,No Damage,No Damage,N,,Unspecified,Unspecified,BRONX,10451.0,,0.0,0.0,0,0,0,0,0,0,Sedan,Station Wagon/Sport Utility Vehicle,0
18706281,3959761,08/11/2018,13:05,d1764774-f729-4338-884a-daafdc00c963,Bus,MCIN-TRUCK/BUS,2006.0,1.0,M,Licensed,Making Right Turn,Left Rear Quarter Panel,Left Rear Quarter Panel,No Damage,No Damage,No Damage,N,,Oversized Vehicle,Driver Inattention/Distraction,BROOKLYN,11201.0,"(40.703197, -73.98959)",0.0,0.0,0,0,0,0,0,0,Bus,Station Wagon/Sport Utility Vehicle,0
17707549,3837717,01/28/2018,03:40,69b37cba-59cc-4e85-ace3-7ba3bea595c4,Station Wagon/Sport Utility Vehicle,NISS -CAR/SUV,2014.0,2.0,F,Licensed,Going Straight Ahead,Demolished,Demolished,,,,Y,,Unspecified,Unspecified,BROOKLYN,11234.0,"(40.62356, -73.927376)",2.0,0.0,0,0,0,0,2,0,Station Wagon/Sport Utility Vehicle,,1
18687911,3965821,08/22/2018,06:37,2ba35639-c75b-4986-92e8-a7416c439619,Sedan,NISS -CAR/SUV,2016.0,0.0,M,Licensed,Going Straight Ahead,Left Front Bumper,Left Front Bumper,Center Front End,Right Front Bumper,No Damage,N,,Unspecified,Unspecified,STATEN ISLAND,10310.0,"(40.62458, -74.11408)",1.0,0.0,0,0,0,0,1,0,Sedan,Sedan,1
18655265,4027697,11/17/2018,02:30,7b69ed4d-416a-4d09-9a84-118ae37b4238,Sedan,VOLK -CAR/SUV,2015.0,2.0,F,Licensed,Going Straight Ahead,Center Front End,Center Front End,Right Front Bumper,Left Front Bumper,Right Front Quarter Panel,N,,Unspecified,Unspecified,,,"(40.683723, -73.96797)",1.0,0.0,0,0,0,0,1,0,Sedan,Sedan,1
17722905,3896771,05/08/2018,09:10,f7bbec01-ade1-4773-ba9a-d77df3d1ecec,Station Wagon/Sport Utility Vehicle,TOYT -CAR/SUV,2013.0,0.0,F,,Parked,Left Front Quarter Panel,Left Front Quarter Panel,Left Front Bumper,No Damage,No Damage,N,,Unspecified,Unspecified,MANHATTAN,10026.0,"(40.806084, -73.9533)",0.0,0.0,0,0,0,0,0,0,Box Truck,Station Wagon/Sport Utility Vehicle,0
18661204,3915350,06/06/2018,07:50,456fcd7e-eecf-475d-b062-ac73e3a25b88,Sedan,HOND -CAR/SUV,2017.0,0.0,,,Parked,Center Back End,Center Front End,Center Back End,,,N,,Unspecified,Unspecified,QUEENS,11373.0,"(40.743286, -73.88704)",0.0,0.0,0,0,0,0,0,0,Sedan,Station Wagon/Sport Utility Vehicle,0
18672234,3921310,06/13/2018,20:55,fd60b0c8-42a1-4989-bf36-3d69e1b9d893,Sedan,TOYT -CAR/SUV,2014.0,1.0,F,Licensed,Parked,Left Side Doors,Left Side Doors,Left Front Quarter Panel,,,N,,Unspecified,Unspecified,QUEENS,11372.0,"(40.74996, -73.876785)",1.0,0.0,0,0,0,0,1,0,Sedan,Station Wagon/Sport Utility Vehicle,1
17814571,3888036,04/25/2018,15:00,58f94dee-7699-4b3a-89b5-a34a93c69b59,Station Wagon/Sport Utility Vehicle,FRHT,2019.0,1.0,M,Licensed,Going Straight Ahead,Right Front Quarter Panel,No Damage,,,,N,,Driver Inattention/Distraction,Unspecified,,,"(40.82214, -73.930824)",0.0,0.0,0,0,0,0,0,0,Sedan,Station Wagon/Sport Utility Vehicle,0
18857190,4045938,11/27/2018,09:30,0b2852c4-55db-483e-ac63-40e86abd2536,Station Wagon/Sport Utility Vehicle,LEXS -CAR/SUV,2016.0,0.0,,,Parked,Left Rear Quarter Panel,Left Side Doors,Left Front Quarter Panel,No Damage,No Damage,N,,Unspecified,Unspecified,QUEENS,11385.0,"(40.70938, -73.86964)",0.0,0.0,0,0,0,0,0,0,Station Wagon/Sport Utility Vehicle,,0