UNIQUE_ID,COLLISION_ID,CRASH_DATE,CRASH_TIME,VEHICLE_ID,VEHICLE_TYPE,VEHICLE_MAKE,VEHICLE_YEAR,VEHICLE_OCCUPANTS,DRIVER_SEX,DRIVER_LICENSE_STATUS,PRE_CRASH,POINT_OF_IMPACT,VEHICLE_DAMAGE,VEHICLE_DAMAGE_1,VEHICLE_DAMAGE_2,VEHICLE_DAMAGE_3,PUBLIC_PROPERTY_DAMAGE,PUBLIC_PROPERTY_DAMAGE_TYPE,CONTRIBUTING_FACTOR_1,CONTRIBUTING_FACTOR_2,BOROUGH,ZIP CODE,LOCATION,NUMBER OF PERSONS INJURED,NUMBER OF PERSONS KILLED,NUMBER OF PEDESTRIANS INJURED,NUMBER OF PEDESTRIANS KILLED,NUMBER OF CYCLIST INJURED,NUMBER OF CYCLIST KILLED,NUMBER OF MOTORIST INJURED,NUMBER OF MOTORIST KILLED,VEHICLE TYPE CODE 1,VEHICLE TYPE CODE 2,Severity
18654949,3939297,06/26/2018,18:00,a62126e1-442a-4e95-84b9-cab3451a8bb7,Sedan,INFI -CAR/SUV,2016.0,1.0,F,Licensed,Going Straight Ahead,Center Front End,Center Front End,No Damage,No Damage,No Damage,N,,Following Too Closely,Following Too Closely,BROOKLYN,11201.0,"(40.701588, -73.98863)",0.0,0.0,0,0,0,0,0,0,Sedan,Sedan,0
18706660,3942220,07/16/2018,11:30,fea4b491-b0d3-4423-b564-e7cdd0352d28,Sedan,TOYT -CAR/SUV,2015.0,1.0,M,Licensed,Merging,Left Rear Quarter Panel,Left Rear Quarter Panel,Left Side Doors,,,N,,Unsafe Lane Changing,Driver Inattention/Distraction,BRONX,10452.0,"(40.83787, -73.9197)",0.0,0.0,0,0,0,0,0,0,Sedan,Sedan,0
17741991,3854644,03/01/2018,11:11,8ed19c91-8cee-44cd-b3a3-8e0cd6091ad4,Station Wagon/Sport Utility Vehicle,JEEP -CAR/SUV,2000.0,1.0,M,Licensed,Making Left Turn,Right Front Bumper,No Damage,No Damage,No Damage,No Damage,N,,Turning Improperly,Passing or Lane Usage Improper,BROOKLYN,11201.0,,0.0,0.0,0,0,0,0,0,0,Station Wagon/Sport Utility Vehicle,Station Wagon/Sport Utility Vehicle,0
17764906,3851219,02/23/2018,00:40,456d0ba6-5850-42c3-b202-99e8027c91e5,Station Wagon/Sport Utility Vehicle,SUBA -CAR/SUV,2017.0,2.0,M,Licensed,Going Straight Ahead,Center Front End,Center Front End,Left Front Bumper,Left Front Quarter Panel,Left Rear Quarter Panel,Y,,Traffic Control Disregarded,Unspecified,QUEENS,11414.0,"(40.664627, -73.84992)",2.0,0.0,0,0,0,0,2,0,Station Wagon/Sport Utility Vehicle,Sedan,1
18741821,3978392,09/10/2018,22:30,317c3b7e-1221-4fe4-a6d4-14873ce52631,Sedan,HOND -CAR/SUV,2017.0,2.0,M,Licensed,Stopped in Traffic,Left Rear Bumper,Left Rear Bumper,Center Back End,Right Rear Bumper,,N,,Unspecified,Unspecified,MANHATTAN,10007.0,"(40.71369, -74.01376)",1.0,0.0,0,0,0,0,1,0,Sedan,Sedan,1
18835114,3989989,09/28/2018,00:00,716d6103-0aef-4a61-8c0c-91b1e67d4f36,Sedan,NISS -CAR/SUV,2017.0,1.0,M,Licensed,Going Straight Ahead,Center Back End,Center Back End,,,,N,,Unspecified,Unspecified,,,"(40.72498, -73.794235)",0.0,0.0,0,0,0,0,0,0,Sedan,Sedan,0
17702136,3840745,02/03/2018,18:40,530b309b-ba4a-40b4-8915-1eda13c3975a,Sedan,TOYT -CAR/SUV,2009.0,1.0,M,Licensed,Going Straight Ahead,Right Front Bumper,Right Front Bumper,Right Front Quarter Panel,,,N,,Steering Failure,Unspecified,,,"(40.556, -74.19475)",0.0,0.0,0,0,0,0,0,0,Sedan,Pick-up Truck,0
17750725,3855480,03/02/2018,00:00,bb1aa5fd-a05b-4a59-adc2-6e5188a59198,Station Wagon/Sport Utility Vehicle,FORD -CAR/SUV,2004.0,3.0,F,Licensed,Entering Parked Position,Right Rear Quarter Panel,Right Rear Quarter Panel,,,,N,,Pavement Slippery,Unspecified,BROOKLYN,11214.0,"(40.60128, -73.98962)",0.0,0.0,0,0,0,0,0,0,Station Wagon/Sport Utility Vehicle,Station Wagon/Sport Utility Vehicle,0
17850089,3885192,04/21/2018,13:50,c3bf9e4d-64d0-4283-b500-0eb7c5bf256b,Station Wagon/Sport Utility Vehicle,HOND -CAR/SUV,2014.0,1.0,M,Licensed,Making Right Turn,Left Front Bumper,Left Front Bumper,,,,N,,Driver Inattention/Distraction,Driver Inattention/Distraction,QUEENS,11377.0,"(40.75291, -73.90608)",0.0,0.0,0,0,0,0,0,0,Sedan,Station Wagon/Sport Utility Vehicle,0
17709229,3841737,02/06/2018,00:00,2416b3d6-b0f2-43ca-8bbc-c109f424ad9e,Station Wagon/Sport Utility Vehicle,FORD -CAR/SUV,2001.0,2.0,M,Licensed,Going Straight Ahead,Center Back End,Right Rear Bumper,,,,N,,Unspecified,Unspecified,,,"(40.681137, -73.95567)",0.0,0.0,0,0,0,0,0,0,Station Wagon/Sport Utility Vehicle,Sedan,0
18689180,3914892,06/05/2018,13:00,26a2b243-c4d2-43f2-9ff4-bb1841f1609e,Station Wagon/Sport Utility Vehicle,TOYT -CAR/SUV,2014.0,1.0,M,Licensed,Going Straight Ahead,Right Side Doors,Right Side Doors,Right Front Quarter Panel,Right Rear Quarter Panel,,N,,Traffic Control Disregarded,Unspecified,QUEENS,11362.0,"(40.7565, -73.73343)",1.0,0.0,0,0,0,0,1,0,Sedan,Station Wagon/Sport Utility Vehicle,1
18743969,3974463,09/05/2018,10:36,7ad6d0bb-d466-44e3-b0c8-021dff3faa47,Station Wagon/Sport Utility Vehicle,LEXS -CAR/SUV,2017.0,2.0,F,Licensed,Going Straight Ahead,Center Back End,Center Back End,Right Rear Bumper,Left Rear Bumper,,N,,Unspecified,Unspecified,,,"(40.880478, -73.88594)",0.0,0.0,0,0,0,0,0,0,Station Wagon/Sport Utility Vehicle,Sedan,0
18686768,3983490,09/17/2018,20:00,129b094a-3c9f-4b01-8f4a-c64146de6ebb,Sedan,FORD -CAR/SUV,2012.0,1.0,M,Licensed,Going Straight Ahead,Center Back End,Center Back End,Right Rear Bumper,,,N,,Unspecified,Unspecified,,,"(40.719864, -73.94486)",0.0,0.0,0,0,0,0,0,0,Station Wagon/Sport Utility Vehicle,Sedan,0
18864504,4047685,12/18/2018,17:45,92581121-d025-4686-80dc-6b3e9782879e,Sedan,TOYT -CAR/SUV,2016.0,2.0,F,,Going Straight Ahead,Left Side Doors,Left Side Doors,Left Front Quarter Panel,Left Rear Quarter Panel,,Unspecified,,Unspecified,Unspecified,QUEENS,11436.0,"(40.68085, -73.79907)",0.0,0.0,0,0,0,0,0,0,Sedan,,0
17777505,3857181,03/03/2018,15:42,affe4421-0bec-44d8-a5d4-0172610d69ae,Taxi,TOYT -CAR/SUV,2013.0,1.0,M,Licensed,Going Straight Ahead,Center Front End,Center Front End,Left Front Bumper,Right Front Bumper,,N,,Driver Inattention/Distraction,Unspecified,MANHATTAN,10128.0,"(40.781483, -73.95626)",0.0,0.0,0,0,0,0,0,0,Taxi,Taxi,0
17771877,3868623,03/19/2018,10:00,1e786ea0-c694-436e-be79-f88ca079c0c9,Station Wagon/Sport Utility Vehicle,CHRY -CAR/SUV,2015.0,1.0,M,Licensed,Parked,Left Rear Quarter Panel,Left Rear Quarter Panel,Left Side Doors,Left Side Doors,No Damage,N,,Unspecified,Unspecified,QUEENS,11432.0,"(40.704594, -73.80211)",0.0,0.0,0,0,0,0,0,0,Station Wagon/Sport Utility Vehicle,,0
17746606,3853495,02/24/2018,11:00,9085d658-03a5-44c6-a820-fa2e47e4c952,Sedan,BMW -CAR/SUV,2001.0,1.0,M,Licensed,Backing,Right Front Bumper,Right Front Bumper,,,,N,,Backing Unsafely,Unspecified,BROOKLYN,11219.0,"(40.628975, -74.008125)",0.0,0.0,0,0,0,0,0,0,Sedan,Sedan,0
17715106,3849748,02/20/2018,09:30,e232996b-7a6d-44e9-992f-0e5a5da9dcdf,Sedan,TOYT -CAR/SUV,2017.0,0.0,M,Licensed,Making Left Turn,Right Front Bumper,Right Front Bumper,Right Front Quarter Panel,,,N,,Failure to Yield Right-of-Way,Driver Inattention/Distraction,BRONX,10474.0,"(40.8173, -73.887215)",0.0,0.0,0,0,0,0,0,0,Sedan,Sedan,0
17705580,3854676,02/28/2018,16:00,e5286ced-58f8-4a86-9930-a0960f13532c,Sedan,NISS -CAR/SUV,2014.0,1.0,M,Licensed,Making U Turn,Right Front Quarter Panel,Right Front Quarter Panel,Right Side Doors,Right Front Bumper,,N,,Turning Improperly,Driver Inattention/Distraction,,,"(40.679276, -73.92906)",0.0,0.0,0,0,0,0,0,0,Sedan,Sedan,0
17856718,3882111,04/14/2018,13:00,6af4daa7-8374-428c-b686-c5b6e4399852,Sedan,TOYT -CAR/SUV,2018.0,1.0,F,Licensed,Going Straight Ahead,Right Front Quarter Panel,Right Front Quarter Panel,,,,N,,Driver Inattention/Distraction,Unspecified,BROOKLYN,11208.0,"(40.683346, -73.88651)",0.0,0.0,0,0,0,0,0,0,Sedan,Station Wagon/Sport Utility Vehicle,0
18695363,4002811,10/18/2018,21:00,6d7a5f45-a0e6-4539-8a34-19c515f44eee,Station Wagon/Sport Utility Vehicle,CHEV -CAR/SUV,2015.0,1.0,M,Licensed,Going Straight Ahead,Center Front End,Center Front End,Left Front Bumper,Right Front Bumper,No Damage,N,,Driver Inattention/Distraction,Driver Inattention/Distraction,,,"(40.660946, -73.937195)",1.0,0.0,0,0,0,0,1,0,Station Wagon/Sport Utility Vehicle,Station Wagon/Sport Utility Vehicle,1
17692459,3828192,01/12/2018,14:15,2665d2fb-5e06-4438-835a-3ca8279ab0c3,Station Wagon/Sport Utility Vehicle,NISS -CAR/SUV,2016.0,0.0,,,Parked,Left Rear Quarter Panel,Left Rear Quarter Panel,,,,N,,Unspecified,Unspecified,BROOKLYN,11226.0,"(40.64277, -73.95643)",0.0,0.0,0,0,0,0,0,0,Beverage Truck,Station Wagon/Sport Utility Vehicle,0
17710905,3828931,01/14/2018,01:20,7e93aed5-b441-44f3-b7fc-89c23e17ebfc,Sedan,TOYT -CAR/SUV,2016.0,1.0,M,Licensed,Making Right Turn,Left Front Quarter Panel,Left Front Quarter Panel,Left Front Bumper,Left Front Bumper,Left Front Bumper,N,,Driver Inattention/Distraction,Unspecified,,,"(40.666878, -73.901276)",0.0,0.0,0,0,0,0,0,0,Sedan,,0
18843334,3989127,09/12/2018,20:00,df81b267-5e66-4ffd-b445-694835aa4ff6,Station Wagon/Sport Utility Vehicle,CHEV -CAR/SUV,2008.0,1.0,,,Going Straight Ahead,Right Front Bumper,Right Front Bumper,,,,N,,Driver Inattention/Distraction,Passing or Lane Usage Improper,QUEENS,11101.0,"(40.741028, -73.93432)",0.0,0.0,0,0,0,0,0,0,Station Wagon/Sport Utility Vehicle,Station Wagon/Sport Utility Vehicle,0
18745156,3958331,08/09/2018,22:38,99452e46-1e43-463a-97c0-dec6f593e0b1,Sedan,LEXS -CAR/SUV,2007.0,2.0,M,Licensed,Parked,Left Front Bumper,Left Front Bumper,Center Front End,Center Front End,Center Front End,N,,Unspecified,Unspecified,BROOKLYN,11236.0,"(40.645027, -73.91998)",0.0,0.0,0,0,0,0,0,0,Sedan,Sedan,0
18647306,3919816,05/26/2018,20:30,0dcbe2e4-b3db-4032-a492-4a381fd9ba70,Station Wagon/Sport Utility Vehicle,JEEP -CAR/SUV,1999.0,,,,Passing,Center Front End,Right Front Bumper,,,,Unspecified,,Driver Inattention/Distraction,Passing or Lane Usage Improper,BRONX,10452.0,"(40.837246, -73.926956)",0.0,0.0,0,0,0,0,0,0,Sedan,Station Wagon/Sport Utility Vehicle,0
17736742,3849735,02/19/2018,15:55,2cce87b3-1abb-4725-99b3-5186441aa617,Sedan,TOYT -CAR/SUV,2009.0,2.0,M,Licensed,Going Straight Ahead,Right Front Bumper,Right Front Bumper,No Damage,No Damage,No Damage,N,,Unspecified,Unspecified,QUEENS,11423.0,"(40.717785, -73.76249)",0.0,0.0,0,0,0,0,0,0,Sedan,Sedan,0
18878984,3982642,09/17/2018,22:00,d158f41d-673d-4f9a-87c1-7c5629c4e4e1,Sedan,BMW -CAR/SUV,2006.0,1.0,M,Licensed,Going Straight Ahead,Center Front End,Left Front Bumper,Right Front Bumper,Center Front End,,N,,Unspecified,Unspecified,QUEENS,11429.0,"(40.711006, -73.729675)",0.0,0.0,0,0,0,0,0,0,Sedan,Sedan,0
17823696,3885120,04/20/2018,19:10,ec9a4583-9e96-4dbe-8985-c1e9ed5247c7,Sedan,TOYT -CAR/SUV,2009.0,1.0,M,Licensed,Going Straight Ahead,Left Front Bumper,Left Front Bumper,,,,N,,Driver Inattention/Distraction,Passing or Lane Usage Improper,QUEENS,11418.0,"(40.696865, -73.83717)",0.0,0.0,0,0,0,0,0,0,Sedan,Station Wagon/Sport Utility Vehicle,0
18730105,3979500,09/12/2018,14:15,b77cbfe1-5adf-4d27-945c-185d0fc51061,Sedan,HOND -CAR/SUV,2018.0,1.0,M,Licensed,Stopped in Traffic,Center Front End,Center Front End,Left Front Bumper,Right Front Bumper,,N,,Unspecified,Unspecified,,,"(40.606556, -73.973625)",0.0,0.0,0,0,0,0,0,0,Sedan,Station Wagon/Sport Utility Vehicle,0
18633669,4041420,12/09/2018,18:39,b33b640b-50dc-4ea4-b064-cd9a895f3ca5,Station Wagon/Sport Utility Vehicle,MAZD -CAR/SUV,2017.0,0.0,M,Licensed,Going Straight Ahead,Right Front Quarter Panel,Right Front Quarter Panel,,,,N,,Driver Inattention/Distraction,Unspecified,MANHATTAN,10025.0,"(40.79465, -73.971794)",0.0,0.0,0,0,0,0,0,0,Sedan,Station Wagon/Sport Utility Vehicle,0
17707695,3844545,02/08/2018,16:00,24842582-3e9e-4fbd-b0f5-8f80aee15f70,Station Wagon/Sport Utility Vehicle,JEEP -CAR/SUV,2018.0,0.0,F,Licensed,Going Straight Ahead,Center Front End,Center Front End,Left Front Bumper,Right Front Bumper,Center Front End,N,,Unspecified,Unspecified,BROOKLYN,11224.0,"(40.574867, -74.00069)",1.0,0.0,0,0,0,0,1,0,Station Wagon/Sport Utility Vehicle,Station Wagon/Sport Utility Vehicle,1
18828060,4020068,11/13/2018,11:44,ac0b3261-c93a-45ff-98da-dc98a0aaabe8,Bus,NE/FL,2018.0,2.0,M,Licensed,Going Straight Ahead,Left Front Quarter Panel,Left Front Quarter Panel,,,,N,,Unspecified,Unspecified,BROOKLYN,11203.0,"(40.637455, -73.92886)",1.0,0.0,0,0,0,0,1,0,Bus,Van,1
18788564,4014801,11/05/2018,10:45,281010b2-fd5d-485f-974a-2962e4e81f5e,Box Truck,HINO -TRUCK/BUS,2019.0,1.0,M,Licensed,Going Straight Ahead,No Damage,No Damage,,,,N,,Unspecified,Unspecified,,,"(40.630234, -74.01685)",0.0,0.0,0,0,0,0,0,0,Sedan,Box Truck,0
17834260,3902178,05/13/2018,16:30,520641f5-ac6d-40d7-9c4f-37e82e54e4a5,Sedan,HYUN -CAR/SUV,2017.0,1.0,F,Licensed,Going Straight Ahead,Center Front End,Center Front End,Right Front Bumper,Left Front Bumper,No Damage,N,,Unspecified,Unspecified,,,"(40.86095, -73.828415)",0.0,0.0,0,0,0,0,0,0,Sedan,Sedan,0
18622822,3917349,06/07/2018,20:00,c58b27a4-21de-44c7-a9e2-43167eea2588,Sedan,KIA -CAR/SUV,2008.0,2.0,M,Licensed,Stopped in Traffic,Center Back End,Center Back End,,,,N,,Unspecified,Unspecified,,,"(40.85667, -73.86569)",1.0,0.0,0,0,0,0,1,0,Sedan,Sedan,1
18788284,3987220,09/25/2018,06:57,09ccd2ee-9faa-4d44-b9f6-41d23f54ac9a,Pick-up Truck,TOYT -CAR/SUV,2016.0,1.0,M,Licensed,Going Straight Ahead,Center Front End,Center Front End,Right Front Bumper,Left Front Bumper,,N,,Following Too Closely,Unspecified,,,"(40.733376, -73.86665)",0.0,0.0,0,0,0,0,0,0,Station Wagon/Sport Utility Vehicle,Pick-up Truck,0
18637432,3907839,05/23/2018,20:15,92bb31b0-62b7-46dc-b8b9-116bef8ac104,Sedan,HYUN -CAR/SUV,2016.0,0.0,M,Licensed,Backing,Left Rear Bumper,Left Rear Bumper,,,,Unspecified,,Backing Unsafely,Unspecified,BRONX,10458.0,"(40.868217, -73.88392)",0.0,0.0,0,0,0,0,0,0,Sedan,Sedan,0
17775435,3894236,05/05/2018,04:00,f1414ada-6417-48b4-ba73-b7e8fbdd449b,Tow Truck / Wrecker,FORD-TRUCK/BUS,2013.0,1.0,M,Licensed,Parked,Left Rear Bumper,Left Rear Bumper,,,,N,,Unspecified,Unspecified,BROOKLYN,11213.0,"(40.669586, -73.92827)",0.0,0.0,0,0,0,0,0,0,Sedan,Tow Truck / Wrecker,0
18762440,3928597,06/24/2018,14:00,e64ca369-72db-4b84-9c7c-81af18530aa6,Station Wagon/Sport Utility Vehicle,HYUN -CAR/SUV,2015.0,1.0,M,Licensed,Going Straight Ahead,Right Side Doors,Right Side Doors,,,,N,,Driver Inattention/Distraction,Unspecified,QUEENS,11101.0,"(40.73869, -73.94093)",0.0,0.0,0,0,0,0,0,0,Station Wagon/Sport Utility Vehicle,Station Wagon/Sport Utility Vehicle,0
17766874,3852126,02/24/2018,16:30,9aeece17-6e2a-4b41-a8e1-09f713413f28,Sedan,KIA -CAR/SUV,2017.0,1.0,F,Licensed,Going Straight Ahead,Center Front End,Center Front End,,,,N,,Following Too Closely,Unspecified,,,"(40.679455, -73.8578)",0.0,0.0,0,0,0,0,0,0,Sedan,Station Wagon/Sport Utility Vehicle,0
18786579,3999720,10/14/2018,11:15,9b9b64e6-fa59-4e7a-881c-3301b49aba59,Station Wagon/Sport Utility Vehicle,HOND -CAR/SUV,2008.0,2.0,M,Licensed,Going Straight Ahead,Center Back End,Center Back End,,,,N,,Unspecified,Unspecified,BROOKLYN,11218.0,"(40.65159, -73.98112)",1.0,0.0,0,0,0,0,1,0,Station Wagon/Sport Utility Vehicle,Station Wagon/Sport Utility Vehicle,1
19657982,4039188,12/05/2018,08:50,9422a42a-24b1-43cc-983f-f541a1d126b2,Station Wagon/Sport Utility Vehicle,MAZD -CAR/SUV,2013.0,2.0,M,Licensed,Entering Parked Position,Left Front Bumper,Left Front Bumper,,,,N,,Following Too Closely,Unspecified,QUEENS,11416.0,"(40.681484, -73.85309)",0.0,0.0,0,0,0,0,0,0,Station Wagon/Sport Utility Vehicle,Station Wagon/Sport Utility Vehicle,0
17837998,3895535,05/06/2018,23:15,70e66125-b725-4e92-b468-efee8d3cd4db,Sedan,AUDI -CAR/SUV,2017.0,3.0,M,Licensed,Stopped in Traffic,Center Back End,Center Back End,Left Rear Bumper,Right Rear Bumper,Left Rear Quarter Panel,N,,Unspecified,Unspecified,,,"(40.65965, -73.773834)",0.0,0.0,0,0,0,0,0,0,Sedan,Sedan,0
18681910,3935161,07/05/2018,18:15,526eb491-575f-4ed5-8714-a6426c40d869,Sedan,HOND -CAR/SUV,2018.0,3.0,M,Licensed,Going Straight Ahead,Left Rear Quarter Panel,No Damage,No Damage,No Damage,No Damage,N,,Unspecified,Unspecified,,,"(40.702736, -73.80229)",0.0,0.0,0,0,0,0,0,0,Sedan,Sedan,0
18772384,3996069,10/08/2018,16:05,3ed425fa-6fc1-46d0-908a-cd16582d7b9b,SCHOO,INTERNATIONAL,2004.0,2.0,M,Licensed,Stopped in Traffic,Left Front Bumper,Left Front Bumper,,,,N,,Unspecified,Unspecified,BROOKLYN,11218.0,"(40.63544, -73.97912)",0.0,0.0,0,0,0,0,0,0,SCHOO,Station Wagon/Sport Utility Vehicle,0
17745913,3850495,02/22/2018,16:44,11c0e751-c992-41c7-ab5b-7ca04ac85307,Station Wagon/Sport Utility Vehicle,ACUR -CAR/SUV,2017.0,1.0,M,Licensed,Making Left Turn,Right Front Quarter Panel,Right Front Quarter Panel,,,,N,,Unspecified,Unspecified,BRONX,10453.0,"(40.861862, -73.91282)",0.0,0.0,0,0,0,0,0,0,Station Wagon/Sport Utility Vehicle,Sedan,0
17727536,3843353,02/09/2018,14:50,6b101a69-5fe7-466f-85e2-03089ce1c7b3,Bus,nova,2016.0,1.0,M,Licensed,Changing Lanes,Left Front Quarter Panel,Left Front Quarter Panel,Left Side Doors,,,N,,Passing or Lane Usage Improper,Unsafe Lane Changing,,,"(40.70003, -73.78873)",2.0,0.0,0,0,0,0,2,0,Bus,Sedan,1
17768625,3861466,03/11/2018,20:15,92dddbc4-810e-4cbd-9306-908af342cc40,Station Wagon/Sport Utility Vehicle,NISS -CAR/SUV,2009.0,4.0,M,Licensed,Stopped in Traffic,Right Side Doors,Right Side Doors,,,,N,,Unspecified,Unspecified,BRONX,10475.0,"(40.86879, -73.83168)",0.0,0.0,0,0,0,0,0,0,Station Wagon/Sport Utility Vehicle,Sedan,0
18686693,3941205,07/13/2018,03:50,0759e663-aa41-459d-a5c6-f59e839ae3b4,Taxi,NISS -CAR/SUV,2015.0,1.0,M,Licensed,Parked,Left Side Doors,Left Side Doors,,,,N,,Driver Inattention/Distraction,Unspecified,MANHATTAN,10018.0,"(40.755875, -73.99246)",0.0,0.0,0,0,0,0,0,0,Taxi,Taxi,0
18698593,3919908,06/12/2018,08:30,de5904b5-414a-426a-92c3-82c9aa586fd3,Station Wagon/Sport Utility Vehicle,FORD -CAR/SUV,2016.0,1.0,F,Licensed,Making Left Turn,Left Rear Quarter Panel,No Damage,,,,N,,Driver Inattention/Distraction,Unspecified,,,"(40.756283, -73.77024)",0.0,0.0,0,0,0,0,0,0,Station Wagon/Sport Utility Vehicle,Station Wagon/Sport Utility Vehicle,0
19622559,4020739,11/14/2018,10:39,e6030656-3745-4e10-82d9-eecc1f2f592e,Station Wagon/Sport Utility Vehicle,TOYT -CAR/SUV,2016.0,1.0,M,Licensed,Backing,Right Rear Bumper,No Damage,,,,N,,Driver Inattention/Distraction,Unspecified,MANHATTAN,10033.0,"(40.850533, -73.93558)",0.0,0.0,0,0,0,0,0,0,Sedan,Station Wagon/Sport Utility Vehicle,0
18716247,4010499,10/29/2018,12:40,43900677-7680-4d83-83ac-a739a0822143,Station Wagon/Sport Utility Vehicle,FORD -CAR/SUV,2014.0,0.0,M,Licensed,Going Straight Ahead,Right Front Bumper,Right Front Bumper,No Damage,No Damage,No Damage,N,,Unspecified,Unspecified,BROOKLYN,11206.0,"(40.69864, -73.93819)",0.0,0.0,0,0,0,0,0,0,Sedan,Station Wagon/Sport Utility Vehicle,0
17735752,3858690,03/06/2018,12:00,ead542f4-07e1-4d9f-80fc-919b3a8da9fb,Station Wagon/Sport Utility Vehicle,FORD -CAR/SUV,2009.0,0.0,,,Parked,Left Front Bumper,Left Front Bumper,Center Front End,,,N,,Unspecified,Unspecified,STATEN ISLAND,10301.0,"(40.616413, -74.103516)",0.0,0.0,0,0,0,0,0,0,Sedan,Station Wagon/Sport Utility Vehicle,0
18736782,4054030,12/28/2018,00:00,d4a7be5b-4026-4ad8-b07b-b5003b348eb5,Station Wagon/Sport Utility Vehicle,FORD -CAR/SUV,2012.0,5.0,M,Licensed,Backing,Center Back End,No Damage,,,,N,,Unspecified,Unspecified,BROOKLYN,11236.0,"(40.634083, -73.915474)",0.0,0.0,0,0,0,0,0,0,Station Wagon/Sport Utility Vehicle,Sedan,0
17812269,3905090,05/16/2018,17:30,eaaf57c7-af64-46bf-9bfb-00870ee6ef79,Sedan,TOYT -CAR/SUV,2004.0,0.0,M,Licensed,Starting from Parking,Left Front Quarter Panel,Left Front Quarter Panel,Left Side Doors,Left Rear Quarter Panel,,N,,Unspecified,Unspecified,,,"(40.61763, -73.94129)",0.0,0.0,0,0,0,0,0,0,Sedan,Sedan,0
17786499,3892910,05/02/2018,20:05,d61d5cd0-c3e2-43f6-85a5-54fec5cf3227,Station Wagon/Sport Utility Vehicle,JEEP -CAR/SUV,2010.0,1.0,M,Licensed,Making U Turn,Right Front Bumper,Right Front Bumper,Right Front Quarter Panel,,,N,,Failure to Yield Right-of-Way,Passing or Lane Usage Improper,BRONX,10458.0,"(40.857094, -73.8905)",0.0,0.0,0,0,0,0,0,0,Sedan,Station Wagon/Sport Utility Vehicle,0
18834383,4054518,12/29/2018,21:26,4d0a4c79-504b-4ef1-a4a6-baa5515ff33e,Station Wagon/Sport Utility Vehicle,TOYT -CAR/SUV,2018.0,1.0,M,Licensed,Backing,Center Back End,Center Back End,No Damage,No Damage,No Damage,N,,Backing Unsafely,Driver Inattention/Distraction,MANHATTAN,10016.0,"(40.74409, -73.97636)",0.0,0.0,0,0,0,0,0,0,Station Wagon/Sport Utility Vehicle,Station Wagon/Sport Utility Vehicle,0
18702710,3940205,07/13/2018,08:20,d13a9d8c-1b0b-4c92-a843-cf5c36200164,Taxi,TOYT -CAR/SUV,2015.0,1.0,M,Licensed,Going Straight Ahead,Right Front Quarter Panel,Right Front Quarter Panel,Right Side Doors,No Damage,No Damage,N,,Unspecified,Unspecified,BRONX,10451.0,"(40.827244, -73.92406)",0.0,0.0,0,0,0,0,0,0,Taxi,Sedan,0
18821934,3917276,06/09/2018,16:32,4c9e4bfd-cb0a-4cbd-a00a-d34c3aebc8c8,Station Wagon/Sport Utility Vehicle,CHEV -CAR/SUV,2004.0,2.0,M,Licensed,Slowing or Stopping,Center Back End,Center Back End,,,,N,,Unspecified,Unspecified,,,"(40.798256, -73.82744)",0.0,0.0,0,0,0,0,0,0,Station Wagon/Sport Utility Vehicle,Sedan,0
17901189,3898605,05/11/2018,08:45,87e458fa-1cca-4a1e-95d8-ec62ce7c94c5,Station Wagon/Sport Utility Vehicle,AUDI -CAR/SUV,2009.0,1.0,F,Licensed,Passing,Right Front Quarter Panel,Right Front Quarter Panel,Right Front Bumper,,,N,,Passing Too Closely,Unspecified,QUEENS,11355.0,"(40.756607, -73.83306)",0.0,0.0,0,0,0,0,0,0,Station Wagon/Sport Utility Vehicle,Station Wagon/Sport Utility Vehicle,0
18626913,3950168,07/28/2018,13:34,c0cf356d-8870-4fd3-a529-c024113cd089,Dump,VOLV -TRUCK/BUS,2005.0,1.0,M,Licensed,Backing,Right Front Quarter Panel,Right Front Quarter Panel,No Damage,No Damage,No Damage,N,,Backing Unsafely,Driver Inattention/Distraction,BRONX,10474.0,"(40.82189, -73.88566)",0.0,0.0,0,0,0,0,0,0,Dump,Station Wagon/Sport Utility Vehicle,0
17835024,3860207,03/10/2018,01:35,adfed5c7-4064-4f2a-88aa-a74ca5f7bd96,Dump,MACK-TRUCK/BUS,2012.0,1.0,M,Licensed,Going Straight Ahead,Center Front End,Center Front End,,,,N,,Driver Inattention/Distraction,Unspecified,QUEENS,11354.0,"(40.771324, -73.846535)",1.0,0.0,0,0,0,0,1,0,Station Wagon/Sport Utility Vehicle,Dump,1
17767184,3903896,05/20/2018,15:30,cce24bb0-fa88-4015-8e1e-0079be5b43bd,Station Wagon/Sport Utility Vehicle,HYUN -CAR/SUV,2012.0,1.0,F,Licensed,Going Straight Ahead,Right Front Bumper,Right Front Bumper,Right Front Quarter Panel,,,N,,Driver Inattention/Distraction,Failure to Yield Right-of-Way,,,"(40.837315, -73.934044)",0.0,0.0,0,0,0,0,0,0,Sedan,Station Wagon/Sport Utility Vehicle,0
18768856,3977578,09/06/2018,12:15,f11d1995-c533-4e93-9ead-9061bf131fbd,Taxi,FORD -CAR/SUV,2012.0,1.0,M,Licensed,Going Straight Ahead,Center Front End,Center Front End,Right Front Bumper,Left Front Bumper,,N,,Unspecified,Unspecified,BROOKLYN,11237.0,"(40.713287, -73.92925)",0.0,0.0,0,0,0,0,0,0,Taxi,Box Truck,0