UNIQUE_ID,COLLISION_ID,CRASH_DATE,CRASH_TIME,VEHICLE_ID,VEHICLE_TYPE,VEHICLE_MAKE,VEHICLE_YEAR,VEHICLE_OCCUPANTS,DRIVER_SEX,DRIVER_LICENSE_STATUS,PRE_CRASH,POINT_OF_IMPACT,VEHICLE_DAMAGE,VEHICLE_DAMAGE_1,VEHICLE_DAMAGE_2,VEHICLE_DAMAGE_3,PUBLIC_PROPERTY_DAMAGE,PUBLIC_PROPERTY_DAMAGE_TYPE,CONTRIBUTING_FACTOR_1,CONTRIBUTING_FACTOR_2,BOROUGH,ZIP CODE,LOCATION,NUMBER OF PERSONS INJURED,NUMBER OF PERSONS KILLED,NUMBER OF PEDESTRIANS INJURED,NUMBER OF PEDESTRIANS KILLED,NUMBER OF CYCLIST INJURED,NUMBER OF CYCLIST KILLED,NUMBER OF MOTORIST INJURED,NUMBER OF MOTORIST KILLED,VEHICLE TYPE CODE 1,VEHICLE TYPE CODE 2,Severity
18688132,3908963,05/25/2018,15:00,1c48f3b1-51cf-4302-b74d-0d9e0188e686,Station Wagon/Sport Utility Vehicle,JEEP -CAR/SUV,2015.0,1.0,F,Licensed,Going Straight Ahead,Left Front Quarter Panel,Left Front Quarter Panel,Left Front Bumper,No Damage,No Damage,N,,Unspecified,Unspecified,,,"(40.71937, -73.7876)",0.0,0.0,0,0,0,0,0,0,Station Wagon/Sport Utility Vehicle,Sedan,0
18649554,3911166,05/29/2018,07:23,3c63c77d-e072-42ee-95a4-35ed9506945f,Bus,starc,2012.0,1.0,M,Licensed,Going Straight Ahead,Right Front Bumper,Right Front Bumper,,,,Unspecified,,Unspecified,Unspecified,BRONX,10465.0,"(40.828125, -73.84105)",0.0,0.0,0,0,0,0,0,0,Bus,Bus,0
17703114,3835064,01/21/2018,12:43,16358444-b4c7-4f2d-b826-7f7434c30b05,Station Wagon/Sport Utility Vehicle,FORD -CAR/SUV,2016.0,0.0,,,Parked,Left Side Doors,Left Side Doors,Left Rear Quarter Panel,,,Unspecified,,Unspecified,Unspecified,,,"(40.86923, -73.89604)",0.0,0.0,0,0,0,0,0,0,Station Wagon/Sport Utility Vehicle,Station Wagon/Sport Utility Vehicle,0
18702899,3935321,07/01/2018,11:55,eb68dfb2-5c76-42c4-b781-e05cc61563bd,Sedan,BMW -CAR/SUV,2005.0,1.0,M,Licensed,Avoiding Object in Roadway,Right Rear Bumper,Right Rear Quarter Panel,Right Rear Bumper,,,N,,Driver Inattention/Distraction,Passing or Lane Usage Improper,,,"(40.629337, -74.15159)",0.0,0.0,0,0,0,0,0,0,Sedan,Station Wagon/Sport Utility Vehicle,0
17794675,3883773,04/19/2018,08:02,5fee3162-6e0c-4b3c-84ee-2f61a09c1906,Station Wagon/Sport Utility Vehicle,CHEV -CAR/SUV,2012.0,1.0,M,Licensed,Going Straight Ahead,Center Front End,Center Front End,,,,N,,Following Too Closely,Unspecified,QUEENS,11375.0,"(40.721054, -73.8552)",0.0,0.0,0,0,0,0,0,0,Sedan,Station Wagon/Sport Utility Vehicle,0
18830247,4039731,12/06/2018,18:10,889a6c1b-bd09-4919-ae66-be2f5f9f4dce,Sedan,HYUN -CAR/SUV,2017.0,3.0,M,Licensed,Going Straight Ahead,Left Side Doors,Left Side Doors,No Damage,,,N,,Unspecified,Unspecified,BRONX,10475.0,"(40.86879, -73.83168)",0.0,0.0,0,0,0,0,0,0,Sedan,Sedan,0
18823319,4002284,10/17/2018,15:45,75d440e9-5080-4df2-bb45-ac3391051c66,Station Wagon/Sport Utility Vehicle,LEXS -CAR/SUV,2004.0,1.0,M,Licensed,Going Straight Ahead,Center Front End,Center Front End,,,,N,,Failure to Yield Right-of-Way,Driver Inattention/Distraction,,,"(40.702354, -73.818756)",1.0,0.0,1,0,0,0,0,0,Station Wagon/Sport Utility Vehicle,Station Wagon/Sport Utility Vehicle,1
18663615,3934743,06/30/2018,11:11,9f8dbc6c-cbb4-4ddb-95a3-9a815867cd77,Tractor Truck Gasoline,FRHT-TRUCK/BUS,2006.0,1.0,M,Licensed,Stopped in Traffic,Left Front Quarter Panel,Left Front Quarter Panel,,,,N,,Unspecified,Unspecified,BROOKLYN,11201.0,"(40.695908, -73.98322)",0.0,0.0,0,0,0,0,0,0,Tractor Truck Gasoline,Station Wagon/Sport Utility Vehicle,0
18671890,3910110,05/29/2018,13:00,1436990f-b44f-45a7-b659-9c82537802dc,Station Wagon/Sport Utility Vehicle,FORD -CAR/SUV,2003.0,1.0,M,Licensed,Going Straight Ahead,Right Rear Quarter Panel,Right Rear Quarter Panel,,,,N,,Unspecified,Unspecified,QUEENS,11434.0,"(40.68111, -73.761185)",0.0,0.0,0,0,0,0,0,0,Sedan,Station Wagon/Sport Utility Vehicle,0
17706953,3843428,02/09/2018,06:20,4f8760e9-ba2f-48bd-aace-0c70953fe837,Station Wagon/Sport Utility Vehicle,GMC -CAR/SUV,2013.0,1.0,M,Licensed,Going Straight Ahead,Center Front End,Center Front End,No Damage,No Damage,No Damage,N,,Unspecified,Unspecified,,,"(40.674805, -73.9784)",0.0,0.0,0,0,0,0,0,0,Station Wagon/Sport Utility Vehicle,Sedan,0
18828084,3987894,09/26/2018,12:00,8f1ca90b-507b-4719-95a1-d4c4adfa341e,Sedan,AUDI -CAR/SUV,2013.0,1.0,M,Licensed,Making Left Turn,Left Rear Quarter Panel,Left Rear Bumper,,,,N,,Unspecified,Unspecified,QUEENS,11419.0,"(40.68246, -73.830025)",0.0,0.0,0,0,0,0,0,0,Sedan,Sedan,0
17723335,3844314,02/11/2018,22:30,9f00203f-9d1d-4e6a-9464-d84dcea4bb67,Taxi,TOYT -CAR/SUV,2016.0,1.0,M,Licensed,Going Straight Ahead,Center Back End,Center Back End,Center Front End,,,N,,Following Too Closely,Unspecified,MANHATTAN,10118.0,"(40.74834, -73.98465)",0.0,0.0,0,0,0,0,0,0,Taxi,Station Wagon/Sport Utility Vehicle,0
18587574,4005380,10/20/2018,09:29,075391e1-af01-47d9-912a-90c9558479c0,Sedan,HYUN -CAR/SUV,2017.0,2.0,F,Licensed,Going Straight Ahead,Left Front Bumper,Left Front Bumper,Left Front Quarter Panel,No Damage,No Damage,N,,Driver Inattention/Distraction,Following Too Closely,MANHATTAN,10026.0,"(40.80016, -73.946846)",0.0,0.0,0,0,0,0,0,0,Dump,Sedan,0
17703726,3835042,01/25/2018,11:00,6ea3a657-bcf6-45c7-afb5-5442850a2c4c,Sedan,HOND -CAR/SUV,2004.0,0.0,,,Parked,Left Rear Quarter Panel,Left Side Doors,Left Front Quarter Panel,Right Front Quarter Panel,No Damage,N,,Unspecified,Unspecified,,,"(40.596222, -73.98897)",1.0,0.0,0,0,0,0,1,0,Station Wagon/Sport Utility Vehicle,Sedan,1
18785553,3998777,10/12/2018,21:00,e12aab93-4f0c-4679-93b7-4a27628f596d,Dump,MACK-TRUCK/BUS,2017.0,1.0,M,Licensed,Going Straight Ahead,Right Front Quarter Panel,Right Front Quarter Panel,,,,N,,Unspecified,Unspecified,,,,0.0,0.0,0,0,0,0,0,0,Sedan,Dump,0
18703646,3945994,07/21/2018,17:50,22cf084c-d629-4936-acfc-edb2dbc637cc,Station Wagon/Sport Utility Vehicle,FORD -CAR/SUV,2007.0,1.0,M,Licensed,Passing,Right Front Quarter Panel,Right Front Quarter Panel,,,,N,,Passing or Lane Usage Improper,Following Too Closely,BROOKLYN,11226.0,"(40.65042, -73.958145)",0.0,0.0,0,0,0,0,0,0,Station Wagon/Sport Utility Vehicle,Station Wagon/Sport Utility Vehicle,0
17743255,3861478,03/12/2018,18:58,1f70a80d-c526-4509-bfc9-3fdda2de6278,Sedan,HOND -CAR/SUV,2005.0,2.0,M,Licensed,Making Left Turn,Right Front Bumper,Right Front Bumper,No Damage,No Damage,No Damage,Unspecified,,Unspecified,Unspecified,BROOKLYN,11237.0,"(40.69926, -73.91406)",0.0,0.0,0,0,0,0,0,0,Sedan,Sedan,0
18698545,3956092,08/06/2018,18:48,64fb74d6-dd0f-4a5b-8767-b1a42134efbe,Taxi,TOYT -CAR/SUV,2013.0,2.0,M,Licensed,Parked,Left Side Doors,No Damage,No Damage,No Damage,No Damage,N,,Other Vehicular,Unspecified,BROOKLYN,11223.0,"(40.59887, -73.976944)",0.0,0.0,0,0,0,0,0,0,Station Wagon/Sport Utility Vehicle,Taxi,0
18644440,3922245,06/16/2018,13:12,5a746fbc-88cc-4ddb-b1f3-e98bb3b5b5f6,Sedan,LINC -CAR/SUV,2007.0,1.0,M,Licensed,Making Right Turn,Left Front Bumper,Left Front Bumper,Left Front Quarter Panel,,,N,,Driver Inattention/Distraction,Failure to Yield Right-of-Way,QUEENS,11375.0,"(40.726067, -73.85155)",0.0,0.0,0,0,0,0,0,0,Station Wagon/Sport Utility Vehicle,Sedan,0
18782989,3966177,08/22/2018,11:30,8e0c498c-b7cf-4a50-ad96-d1a6f7822c17,Sedan,CHEV -CAR/SUV,2017.0,2.0,F,Licensed,Going Straight Ahead,Left Front Bumper,Left Front Bumper,,,,N,,Driver Inattention/Distraction,Driver Inattention/Distraction,QUEENS,11434.0,"(40.677353, -73.78096)",2.0,0.0,0,0,0,0,2,0,Sedan,Sedan,1
17783158,3884931,04/20/2018,16:40,774c72c6-bef6-4293-bddd-70849ab4de8b,Station Wagon/Sport Utility Vehicle,FORD -CAR/SUV,2010.0,1.0,M,Licensed,Going Straight Ahead,Left Side Doors,Left Side Doors,No Damage,No Damage,No Damage,N,,Passing or Lane Usage Improper,Unspecified,BROOKLYN,11233.0,"(40.675274, -73.90621)",0.0,0.0,0,0,0,0,0,0,Station Wagon/Sport Utility Vehicle,Sedan,0
18715146,3956566,08/06/2018,18:20,6fef4bbd-9604-4414-8327-790faee1d338,Sedan,MNNI -CAR/SUV,2005.0,,,,,,,,,,Unspecified,,,,BROOKLYN,11218.0,"(40.64035, -73.98298)",0.0,0.0,0,0,0,0,0,0,Sedan,Sedan,0
18829381,3985756,09/23/2018,00:05,b437580d-bf01-4abe-b074-ddbc6890e80e,Station Wagon/Sport Utility Vehicle,HOND -CAR/SUV,2016.0,3.0,M,Licensed,Going Straight Ahead,Left Rear Quarter Panel,Left Rear Quarter Panel,No Damage,No Damage,No Damage,N,,Unspecified,Unspecified,QUEENS,11435.0,"(40.70417, -73.81538)",5.0,0.0,0,0,0,0,5,0,Station Wagon/Sport Utility Vehicle,Station Wagon/Sport Utility Vehicle,1
18772411,3951678,07/27/2018,12:43,5c2a2327-1999-4ab7-ab04-e697f700a0c6,Sedan,TOYT -CAR/SUV,2012.0,2.0,F,Permit,Making Left Turn,Right Front Bumper,Right Front Bumper,Right Front Quarter Panel,,,N,,Failure to Yield Right-of-Way,Unspecified,,,"(40.724667, -73.82076)",0.0,0.0,0,0,0,0,0,0,Station Wagon/Sport Utility Vehicle,Sedan,0
18878731,3983016,09/16/2018,15:30,3fbae842-ec3f-4e36-b07a-33a3aaf75db4,Sedan,FORD -CAR/SUV,2015.0,0.0,,,Parked,Left Rear Quarter Panel,Left Rear Quarter Panel,No Damage,No Damage,No Damage,N,,Unspecified,Unspecified,QUEENS,11004.0,"(40.748745, -73.719635)",0.0,0.0,0,0,0,0,0,0,Sedan,,0
18684458,3947921,07/24/2018,10:30,833600cc-6071-465f-ba7f-10e83cb46b92,Station Wagon/Sport Utility Vehicle,HOND -CAR/SUV,2010.0,1.0,F,Licensed,Going Straight Ahead,Right Front Quarter Panel,Right Side Doors,Right Rear Quarter Panel,,,N,,Unspecified,Unspecified,BROOKLYN,11204.0,"(40.61879, -73.99426)",0.0,0.0,0,0,0,0,0,0,Station Wagon/Sport Utility Vehicle,Station Wagon/Sport Utility Vehicle,0
18738851,3966675,08/22/2018,13:42,736a25f5-8ac0-41cd-93bf-8ffda5062b85,Taxi,NISS -CAR/SUV,2014.0,1.0,M,Licensed,Making Left Turn,Left Front Quarter Panel,Left Front Quarter Panel,Left Front Quarter Panel,,,N,,Failure to Yield Right-of-Way,Unspecified,BROOKLYN,11226.0,"(40.65487, -73.96191)",0.0,0.0,0,0,0,0,0,0,Taxi,Dump,0
18880969,3992930,10/03/2018,14:41,dcdf66b2-a75f-4f0f-8f20-72fa993d8cee,Box Truck,HINO -TRUCK/BUS,2005.0,1.0,M,Licensed,Backing,Right Front Quarter Panel,Right Front Quarter Panel,,,,N,,Backing Unsafely,Unspecified,QUEENS,11434.0,"(40.665413, -73.78237)",0.0,0.0,0,0,0,0,0,0,Box Truck,Van,0
17805151,3870050,03/26/2018,19:00,e21b024f-8e0a-422d-a88c-a420be96cdb6,Sedan,HYUN -CAR/SUV,2013.0,0.0,,,Parked,Left Side Doors,Left Side Doors,Left Front Quarter Panel,Left Rear Quarter Panel,,N,,Unspecified,Unspecified,QUEENS,11379.0,"(40.707684, -73.875824)",0.0,0.0,0,0,0,0,0,0,Sedan,Station Wagon/Sport Utility Vehicle,0
18742027,3946870,07/19/2018,16:30,cc04c36e-5671-4e00-8df2-fff931f1ccbf,Station Wagon/Sport Utility Vehicle,BMW -CAR/SUV,2017.0,2.0,F,Licensed,Slowing or Stopping,Center Back End,Center Back End,,,,N,,Unspecified,Unspecified,,,"(40.61074, -74.09583)",0.0,0.0,0,0,0,0,0,0,Sedan,Station Wagon/Sport Utility Vehicle,0
17714423,3850910,02/10/2018,22:40,a6f1ceff-33fb-4f75-87c2-332e0b4e3cf2,Sedan,HOND -CAR/SUV,1996.0,1.0,F,Licensed,Going Straight Ahead,Left Front Bumper,Left Front Bumper,Center Front End,No Damage,No Damage,N,,View Obstructed/Limited,Pavement Slippery,,,"(40.69382, -73.94311)",0.0,0.0,0,0,0,0,0,0,Taxi,Sedan,0
17706152,3834048,01/23/2018,09:00,4d1eb354-98b4-4647-a1f1-e6ceb739c00f,Pick-up Truck,INTL -CAR/SUV,1999.0,2.0,M,Licensed,Going Straight Ahead,Right Side Doors,No Damage,Right Front Quarter Panel,,,N,,Unspecified,Unspecified,BROOKLYN,11229.0,"(40.60389, -73.95349)",0.0,0.0,0,0,0,0,0,0,Pick-up Truck,Station Wagon/Sport Utility Vehicle,0
17761084,3842814,02/07/2018,13:45,a25e78cc-4377-4f06-9e0c-7ee32fffc3f6,Dump,FORD-TRUCK/BUS,2011.0,1.0,M,Licensed,Starting from Parking,Center Back End,No Damage,,,,N,,Unspecified,Unspecified,BROOKLYN,11207.0,"(40.67643, -73.89127)",0.0,0.0,0,0,0,0,0,0,Dump,Sedan,0
18789589,3973924,09/04/2018,21:30,4fb893b0-aee0-42c4-b735-b9698a968f4f,Sedan,HOND -CAR/SUV,2012.0,1.0,F,Licensed,Going Straight Ahead,Center Front End,Center Front End,,,,N,,Failure to Yield Right-of-Way,Unspecified,,,,0.0,0.0,0,0,0,0,0,0,Sedan,Sedan,0
17767673,3855497,03/01/2018,19:18,97f28c2d-4ea7-45d4-9916-7cfcc821c7e7,Sedan,TOYT -CAR/SUV,2001.0,2.0,M,Licensed,Going Straight Ahead,Left Front Bumper,Center Front End,Right Front Bumper,No Damage,No Damage,N,,Driver Inexperience,Failure to Yield Right-of-Way,STATEN ISLAND,10308.0,"(40.551826, -74.15793)",1.0,0.0,0,0,0,0,1,0,Sedan,Sedan,1
18682883,4034299,11/28/2018,11:50,c1326429-ee7b-4810-812b-7124120dcfec,Station Wagon/Sport Utility Vehicle,NISS -CAR/SUV,2005.0,1.0,M,Licensed,Going Straight Ahead,Right Front Bumper,Right Front Bumper,Right Front Quarter Panel,,,N,,Following Too Closely,Unspecified,,,"(40.565403, -74.18341)",0.0,0.0,0,0,0,0,0,0,Taxi,Station Wagon/Sport Utility Vehicle,0
17730279,3891629,05/01/2018,16:50,4dcaf59a-a462-42d3-9280-78b855e7a3f5,Station Wagon/Sport Utility Vehicle,SUBA -CAR/SUV,2018.0,2.0,F,Licensed,Stopped in Traffic,Center Back End,Center Back End,,,,N,,Unspecified,Unspecified,,,"(40.592133, -73.788956)",0.0,0.0,0,0,0,0,0,0,Station Wagon/Sport Utility Vehicle,Station Wagon/Sport Utility Vehicle,0
18732883,3968428,08/24/2018,22:02,3e67c9ca-4c75-4996-8ae4-588429ea0e69,Station Wagon/Sport Utility Vehicle,HYUN -CAR/SUV,2016.0,1.0,M,Licensed,Making Left Turn,Right Side Doors,Right Side Doors,Right Rear Quarter Panel,,,N,,Driver Inattention/Distraction,Unspecified,BROOKLYN,11230.0,"(40.6094, -73.967674)",2.0,0.0,0,0,0,0,2,0,Sedan,Station Wagon/Sport Utility Vehicle,1
18858576,4015454,11/06/2018,13:50,1929fe76-3169-4d75-b160-3bcc14976d6b,Station Wagon/Sport Utility Vehicle,LNDR -CAR/SUV,2008.0,1.0,M,Licensed,Making Right Turn,Right Front Quarter Panel,Right Front Quarter Panel,Right Side Doors,,,N,,Unspecified,Unspecified,QUEENS,11435.0,"(40.713604, -73.81836)",0.0,0.0,0,0,0,0,0,0,Sedan,Station Wagon/Sport Utility Vehicle,0
17721421,3902940,05/14/2018,18:20,1484120e-995e-4a5f-9c32-8844c7c6980c,Station Wagon/Sport Utility Vehicle,CHRY -CAR/SUV,2009.0,2.0,M,Licensed,Going Straight Ahead,Left Front Quarter Panel,Left Front Quarter Panel,No Damage,No Damage,No Damage,N,,Reaction to Uninvolved Vehicle,Unspecified,,,"(40.815544, -73.956924)",0.0,0.0,0,0,0,0,0,0,Station Wagon/Sport Utility Vehicle,Sedan,0
18688235,3926044,06/21/2018,12:00,f12d4fbb-2c6b-47f8-8841-5f0cab669d65,Sedan,HOND -CAR/SUV,2017.0,1.0,M,Licensed,Stopped in Traffic,Left Front Bumper,Left Front Bumper,,,,N,,Unspecified,Unspecified,BROOKLYN,11206.0,"(40.704483, -73.9488)",0.0,0.0,0,0,0,0,0,0,Sedan,Sedan,0
18833390,4003592,10/20/2018,06:05,2a08e19c-5f37-4663-a4e4-d41ec28bcfd3,Sedan,TOYT -CAR/SUV,2006.0,2.0,M,Licensed,Going Straight Ahead,Center Front End,Center Front End,,,,N,,Driver Inattention/Distraction,Following Too Closely,QUEENS,11361.0,"(40.764816, -73.7868)",0.0,0.0,0,0,0,0,0,0,Sedan,Sedan,0
18791887,3976131,09/06/2018,17:15,4dbb3b0e-48d3-4ffd-9780-31b545fd7989,Sedan,MERZ -CAR/SUV,2006.0,1.0,M,Licensed,Going Straight Ahead,Left Rear Quarter Panel,Left Rear Quarter Panel,,,,N,,Unspecified,Unspecified,QUEENS,11361.0,"(40.761993, -73.75849)",0.0,0.0,0,0,0,0,0,0,Sedan,Station Wagon/Sport Utility Vehicle,0
19618391,3926683,06/17/2018,02:45,f33d1767-f56c-4134-b655-1395c6537846,Sedan,NISS -CAR/SUV,2002.0,0.0,,,Parked,Left Front Quarter Panel,Left Front Bumper,,,,N,,Unspecified,Alcohol Involvement,BROOKLYN,11234.0,"(40.633884, -73.92265)",0.0,0.0,0,0,0,0,0,0,Sedan,Sedan,0
18886852,4028628,11/18/2018,16:55,51fb7b19-78b0-4d86-a170-3f1e5e454648,Sedan,VOLK -CAR/SUV,2015.0,2.0,M,Licensed,Stopped in Traffic,Center Back End,Center Back End,Left Rear Bumper,Right Rear Bumper,Center Back End,N,,Unspecified,Unspecified,QUEENS,11429.0,"(40.713303, -73.73586)",1.0,0.0,0,0,0,0,1,0,Station Wagon/Sport Utility Vehicle,Sedan,1
17850944,3903115,05/18/2018,23:00,7cb94014-23f4-45d6-a630-54b4a0110173,Station Wagon/Sport Utility Vehicle,JEEP -CAR/SUV,1994.0,0.0,,,Parked,Left Front Quarter Panel,Left Side Doors,Left Rear Quarter Panel,Other,Other,N,,Unspecified,Unspecified,STATEN ISLAND,10306.0,"(40.583683, -74.10792)",0.0,0.0,0,0,0,0,0,0,Station Wagon/Sport Utility Vehicle,Station Wagon/Sport Utility Vehicle,0
18760655,3952388,07/30/2018,15:10,0339b395-f230-43c0-b31a-870669d95bcc,Sedan,HOND -CAR/SUV,2017.0,1.0,F,Licensed,Stopped in Traffic,Right Rear Bumper,Right Rear Bumper,,,,Unspecified,,Unspecified,Unspecified,QUEENS,11385.0,"(40.7005, -73.90116)",0.0,0.0,0,0,0,0,0,0,Sedan,Station Wagon/Sport Utility Vehicle,0
18608802,3945740,07/19/2018,16:40,b8888451-5143-42fa-ba7a-786ed799aad0,Taxi,FORD -CAR/SUV,2011.0,1.0,M,Licensed,Entering Parked Position,Left Rear Quarter Panel,Left Rear Quarter Panel,Left Rear Bumper,No Damage,No Damage,N,,Other Vehicular,Other Vehicular,MANHATTAN,10023.0,"(40.77549, -73.98218)",0.0,0.0,0,0,0,0,0,0,Taxi,Taxi,0
18868245,4035130,11/29/2018,19:00,27729acb-e4cd-47b9-9a30-ef3b7c310e6d,Sedan,FORD -CAR/SUV,2014.0,1.0,F,Licensed,Going Straight Ahead,Right Rear Bumper,Right Rear Bumper,,,,N,,Unspecified,Unspecified,,,"(40.73873, -73.81428)",0.0,0.0,0,0,0,0,0,0,Sedan,,0
17708435,3838720,01/26/2018,14:10,48990445-1813-44fe-ba95-7d11a8cda5ef,Taxi,TOYT -CAR/SUV,2017.0,0.0,,,Parked,Center Front End,Center Back End,Right Front Quarter Panel,Center Front End,Right Front Bumper,N,,Unspecified,Unspecified,BRONX,10452.0,"(40.841347, -73.9169)",2.0,0.0,0,0,0,0,2,0,Sedan,Taxi,1
18579224,4027720,11/17/2018,05:10,6e66b1d2-10f0-4f1b-b261-52c9d02770e6,Sedan,NISS -CAR/SUV,2017.0,1.0,M,Licensed,Going Straight Ahead,Right Front Bumper,Right Front Quarter Panel,,,,N,,Fell Asleep,Unspecified,QUEENS,11692.0,"(40.59052, -73.805336)",0.0,0.0,0,0,0,0,0,0,Sedan,,0
18860786,3999000,10/13/2018,07:00,d419972f-8629-4748-85ac-4ac538f97b3c,Taxi,LINC -CAR/SUV,2005.0,1.0,M,Licensed,Going Straight Ahead,Left Front Bumper,No Damage,No Damage,No Damage,No Damage,N,,Driver Inattention/Distraction,Unspecified,,,"(40.750645, -73.94566)",0.0,0.0,0,0,0,0,0,0,Taxi,Station Wagon/Sport Utility Vehicle,0
18864621,4050800,12/23/2018,08:10,7af75062-2e88-49f8-a2b6-cb85551ad61f,Station Wagon/Sport Utility Vehicle,NISS -CAR/SUV,2018.0,1.0,M,Licensed,Stopped in Traffic,Center Back End,Center Back End,Right Rear Bumper,Left Rear Bumper,,N,,Unspecified,Unspecified,STATEN ISLAND,10306.0,"(40.565254, -74.1301)",0.0,0.0,0,0,0,0,0,0,Station Wagon/Sport Utility Vehicle,Station Wagon/Sport Utility Vehicle,0
17799726,3879074,04/11/2018,23:15,ca031655-6af0-431f-ae2e-2111078b8e7e,Sedan,TOYT -CAR/SUV,2003.0,2.0,M,Licensed,Going Straight Ahead,Left Front Bumper,Left Front Bumper,Left Front Quarter Panel,Center Front End,,N,,Unspecified,Unspecified,,,"(40.65108, -73.97163)",0.0,0.0,0,0,0,0,0,0,Station Wagon/Sport Utility Vehicle,Sedan,0
17701825,3827838,01/14/2018,05:00,552081d3-896b-4317-b61d-80128dfb6d3b,Station Wagon/Sport Utility Vehicle,MITS -CAR/SUV,2014.0,1.0,M,Licensed,Stopped in Traffic,Right Rear Quarter Panel,Right Rear Quarter Panel,Right Rear Bumper,,,N,,Unspecified,Unspecified,,,"(40.775383, -73.923035)",0.0,0.0,0,0,0,0,0,0,Station Wagon/Sport Utility Vehicle,Sedan,0
18839173,3978903,09/09/2018,14:35,193fc6e7-cc61-492f-95cd-0b7abd185fd6,Station Wagon/Sport Utility Vehicle,MAZD -CAR/SUV,2016.0,0.0,,,Parked,Left Rear Bumper,Left Rear Bumper,No Damage,No Damage,No Damage,N,,Unspecified,Unspecified,QUEENS,11102.0,"(40.767548, -73.92307)",0.0,0.0,0,0,0,0,0,0,Station Wagon/Sport Utility Vehicle,Sedan,0
17829026,3897369,05/04/2018,15:00,90f05ca2-3b53-46b9-a505-33bae49f89b4,Sedan,HYUN -CAR/SUV,2008.0,1.0,M,Licensed,Going Straight Ahead,Left Front Bumper,Center Front End,Right Front Bumper,Center Front End,Right Front Bumper,N,,Driver Inattention/Distraction,Driver Inattention/Distraction,,,"(40.580616, -74.152534)",0.0,0.0,0,0,0,0,0,0,Sedan,Sedan,0
18879194,3984733,09/19/2018,15:30,595338cf-6e8b-421f-b8d9-77357b293eea,Sedan,VOLK -CAR/SUV,2009.0,1.0,M,Licensed,Going Straight Ahead,Center Front End,Center Front End,,,,N,,Driver Inattention/Distraction,Unspecified,,,"(40.665737, -73.75194)",1.0,0.0,0,0,0,0,1,0,Sedan,Station Wagon/Sport Utility Vehicle,1
18839894,3927271,06/22/2018,12:45,ea43a9e5-30bd-4ff5-ad8d-01a4fab5ffff,Sedan,NISS -CAR/SUV,2017.0,1.0,F,Licensed,Going Straight Ahead,Center Front End,Center Front End,Left Front Bumper,Right Front Bumper,,N,,Following Too Closely,Unspecified,,,"(40.786118, -73.804085)",0.0,0.0,0,0,0,0,0,0,Station Wagon/Sport Utility Vehicle,Sedan,0
18601292,3969671,08/23/2018,18:00,91ecce20-21da-4bdf-86ac-aa67f6fb74a6,Sedan,TOYT -CAR/SUV,2009.0,1.0,M,Licensed,Making Right Turn,Left Front Quarter Panel,Left Front Quarter Panel,Left Side Doors,,,N,,Lane Marking Improper/Inadequate,Unspecified,,,"(40.741474, -74.00872)",0.0,0.0,0,0,0,0,0,0,Sedan,Bus,0
17721142,3839906,02/02/2018,17:30,f92391bd-5679-4280-ab18-531907992060,Box Truck,HINO,2013.0,1.0,M,Licensed,Changing Lanes,Left Front Bumper,Left Front Bumper,,,,N,,Unspecified,Unspecified,,,"(40.806156, -73.9226)",0.0,0.0,0,0,0,0,0,0,Box Truck,Sedan,0
18696051,3953456,08/03/2018,17:00,eeccd5aa-5c62-4466-b852-e3ffa973ce1c,Station Wagon/Sport Utility Vehicle,FORD -CAR/SUV,,1.0,,,Making Right Turn,Right Front Quarter Panel,No Damage,No Damage,No Damage,No Damage,Unspecified,,Driver Inattention/Distraction,Driver Inexperience,BROOKLYN,11201.0,"(40.69016, -73.98161)",0.0,0.0,0,0,0,0,0,0,Sedan,Station Wagon/Sport Utility Vehicle,0
17807973,3881175,04/13/2018,16:00,87c35401-7474-4486-b141-c6e1da318cf7,Station Wagon/Sport Utility Vehicle,HOND -CAR/SUV,2009.0,1.0,M,Licensed,Going Straight Ahead,Center Front End,Center Front End,,,,N,,Driver Inattention/Distraction,Unspecified,,,"(40.76294, -73.86067)",0.0,0.0,0,0,0,0,0,0,Station Wagon/Sport Utility Vehicle,Sedan,0
18678676,4040921,12/08/2018,16:50,f4321514-69b2-4880-b63a-eb83dff88d3c,Sedan,HOND -CAR/SUV,,1.0,M,Licensed,Backing,Center Back End,Center Back End,Right Rear Bumper,Left Rear Bumper,,N,,Backing Unsafely,Unspecified,MANHATTAN,10023.0,,0.0,0.0,0,0,0,0,0,0,Station Wagon/Sport Utility Vehicle,Sedan,0
18823010,4017430,11/04/2018,01:00,4db8106e-56b6-4042-bd36-3e6f5581f610,Station Wagon/Sport Utility Vehicle,FORD -CAR/SUV,2011.0,1.0,M,Licensed,Making Left Turn,Right Front Bumper,No Damage,,,,N,,Failure to Yield Right-of-Way,Driver Inattention/Distraction,QUEENS,11372.0,"(40.74662, -73.89359)",1.0,0.0,1,0,0,0,0,0,Station Wagon/Sport Utility Vehicle,,1
18835815,4052603,12/26/2018,13:30,c6fae119-e54a-4dea-9b25-7c45166744a8,Sedan,HYUN -CAR/SUV,2003.0,2.0,F,Licensed,Parked,Left Rear Bumper,Left Rear Quarter Panel,,,,N,,Unspecified,Unspecified,,,"(40.693798, -73.81156)",0.0,0.0,0,0,0,0,0,0,Sedan,Sedan,0