UNIQUE_ID,COLLISION_ID,CRASH_DATE,CRASH_TIME,VEHICLE_ID,VEHICLE_TYPE,VEHICLE_MAKE,VEHICLE_YEAR,VEHICLE_OCCUPANTS,DRIVER_SEX,DRIVER_LICENSE_STATUS,PRE_CRASH,POINT_OF_IMPACT,VEHICLE_DAMAGE,VEHICLE_DAMAGE_1,VEHICLE_DAMAGE_2,VEHICLE_DAMAGE_3,PUBLIC_PROPERTY_DAMAGE,PUBLIC_PROPERTY_DAMAGE_TYPE,CONTRIBUTING_FACTOR_1,CONTRIBUTING_FACTOR_2,BOROUGH,ZIP CODE,LOCATION,NUMBER OF PERSONS INJURED,NUMBER OF PERSONS KILLED,NUMBER OF PEDESTRIANS INJURED,NUMBER OF PEDESTRIANS KILLED,NUMBER OF CYCLIST INJURED,NUMBER OF CYCLIST KILLED,NUMBER OF MOTORIST INJURED,NUMBER OF MOTORIST KILLED,VEHICLE TYPE CODE 1,VEHICLE TYPE CODE 2,Severity
17675921,3822266,01/03/2018,16:06,8914d088-ef2a-4eb3-a221-c703952225af,Station Wagon/Sport Utility Vehicle,SUBA -CAR/SUV,2013.0,1.0,F,Licensed,Going Straight Ahead,Right Front Bumper,Right Front Bumper,No Damage,No Damage,No Damage,N,,Driver Inattention/Distraction,Unspecified,,,"(40.79465, -73.971794)",0.0,0.0,0,0,0,0,0,0,Station Wagon/Sport Utility Vehicle,Station Wagon/Sport Utility Vehicle,0
18599915,3955178,08/04/2018,09:22,afe0f657-d191-48d1-8fc8-a7bbae0a9498,Sedan,MERZ -CAR/SUV,2016.0,0.0,,,Parked,Center Front End,Center Front End,Right Front Bumper,Left Front Bumper,,N,,Unspecified,Unspecified,,,"(40.827633, -73.93577)",0.0,0.0,0,0,0,0,0,0,Sedan,,0
18786172,3968570,08/25/2018,22:15,ba6556cd-3110-49f2-9e02-508b5136ba03,Sedan,TOYT -CAR/SUV,2015.0,2.0,M,Licensed,Going Straight Ahead,Right Front Bumper,Right Front Bumper,Center Front End,Left Front Bumper,,N,,Unspecified,Unspecified,,,"(40.87647, -73.87058)",2.0,0.0,0,0,0,0,2,0,Sedan,Sedan,1
18673294,3914131,06/04/2018,08:01,5022ceb5-3d74-48b6-a77d-ee67b70aa538,Station Wagon/Sport Utility Vehicle,INFI -CAR/SUV,2017.0,1.0,M,Licensed,Stopped in Traffic,Center Front End,Center Front End,Left Front Bumper,,,N,,Other Vehicular,Unspecified,MANHATTAN,10019.0,,0.0,0.0,0,0,0,0,0,0,Station Wagon/Sport Utility Vehicle,Pick-up Truck,0
18841570,4010014,10/28/2018,18:20,37f5b8e7-d3a3-411f-bbfe-cbe7bd1f1a75,Sedan,ACUR -CAR/SUV,2006.0,1.0,,,Making Left Turn,Center Front End,Center Front End,Left Front Bumper,Right Front Bumper,No Damage,N,,Driver Inattention/Distraction,Unspecified,QUEENS,11434.0,"(40.678364, -73.77949)",1.0,0.0,0,0,0,0,1,0,Station Wagon/Sport Utility Vehicle,Sedan,1
18873948,3967638,08/25/2018,15:00,75e480da-11ad-4ede-b2bc-c671bf20041a,Sedan,TOYT -CAR/SUV,2006.0,1.0,F,Licensed,Going Straight Ahead,Right Front Bumper,Right Front Bumper,,,,N,,Unspecified,Unspecified,QUEENS,11422.0,"(40.658154, -73.73815)",1.0,0.0,0,0,0,0,1,0,Sedan,Sedan,1
18562786,3911060,05/30/2018,16:45,dce817c0-1a47-4b30-81bd-5b081ae5d1d3,Sedan,TOYT -CAR/SUV,,1.0,,,Going Straight Ahead,Right Front Quarter Panel,Right Front Quarter Panel,,,,N,,Traffic Control Disregarded,Unspecified,,,"(40.711365, -73.97897)",0.0,0.0,0,0,0,0,0,0,Station Wagon/Sport Utility Vehicle,Sedan,0
18640085,3948916,07/25/2018,20:50,5834513c-8221-4633-a253-a35fe25f8a7d,Sedan,NISS -CAR/SUV,2013.0,0.0,M,Licensed,Making Left Turn,Center Front End,Center Front End,,,,N,,Failure to Yield Right-of-Way,Unspecified,,,"(40.585346, -73.98754)",0.0,0.0,0,0,0,0,0,0,Sedan,Sedan,0
18790630,3910889,05/30/2018,09:30,05f6bd8a-bff5-4b3c-9f3e-4703127ad456,Station Wagon/Sport Utility Vehicle,HOND -CAR/SUV,2009.0,1.0,M,Licensed,Going Straight Ahead,Left Rear Quarter Panel,Left Rear Quarter Panel,No Damage,No Damage,No Damage,N,,Unspecified,Unspecified,,,"(40.741688, -73.73541)",0.0,0.0,0,0,0,0,0,0,Station Wagon/Sport Utility Vehicle,Station Wagon/Sport Utility Vehicle,0
18687012,4037453,12/03/2018,00:00,1fd3ea46-dc15-4916-8c16-418f4b603500,Station Wagon/Sport Utility Vehicle,ACUR -CAR/SUV,2016.0,1.0,F,Licensed,Going Straight Ahead,Left Front Quarter Panel,Left Front Bumper,No Damage,No Damage,No Damage,N,,Unspecified,Unspecified,STATEN ISLAND,10307.0,"(40.514202, -74.236015)",0.0,0.0,0,0,0,0,0,0,Station Wagon/Sport Utility Vehicle,Station Wagon/Sport Utility Vehicle,0
18688389,3941195,07/15/2018,04:20,fb77542e-8218-4bfa-bef6-480f03d57f4f,Taxi,TOYT -CAR/SUV,2015.0,1.0,M,Licensed,Stopped in Traffic,Right Rear Bumper,Right Rear Bumper,Right Rear Quarter Panel,No Damage,No Damage,N,,Unspecified,Unspecified,MANHATTAN,10036.0,"(40.75484, -73.98412)",0.0,0.0,0,0,0,0,0,0,Taxi,Station Wagon/Sport Utility Vehicle,0
17797297,3872117,03/29/2018,13:55,ece04af9-11cd-4b0b-9e9d-064f403c1f3d,Box Truck,FRHT-TRUCK/BUS,2004.0,,,,,,,,,,N,,,,MANHATTAN,10019.0,"(40.769115, -73.98856)",0.0,0.0,0,0,0,0,0,0,Box Truck,Box Truck,0
18767017,4034730,11/26/2018,17:00,7b8f156d-3d0b-4866-8bb0-bd712dc31cde,Sedan,KIA -CAR/SUV,2012.0,1.0,M,Licensed,Going Straight Ahead,Center Front End,No Damage,No Damage,No Damage,No Damage,N,,Pavement Slippery,Unspecified,STATEN ISLAND,10304.0,"(40.62016, -74.076965)",1.0,0.0,0,0,0,0,1,0,Sedan,Sedan,1
18767813,3994899,10/06/2018,15:40,cd917cd0-8710-492f-8472-d19066ee9b3c,Sedan,FORD -CAR/SUV,2015.0,1.0,M,Licensed,Going Straight Ahead,Right Rear Quarter Panel,Right Rear Bumper,,,,N,,Driver Inattention/Distraction,Unspecified,BROOKLYN,11220.0,"(40.6369, -74.025566)",0.0,0.0,0,0,0,0,0,0,Sedan,Sedan,0
18706452,3946479,07/14/2018,00:30,f10ba4cf-9880-463f-88dd-d7c5306e3088,Sedan,TOYT -CAR/SUV,2005.0,0.0,,,Parked,Right Side Doors,Right Rear Quarter Panel,,,,N,,Unspecified,Unspecified,BRONX,10475.0,"(40.882732, -73.826355)",0.0,0.0,0,0,0,0,0,0,Sedan,Sedan,0
18800777,3985636,09/22/2018,13:40,9d29226f-6fd7-44c4-94c4-aec92d53522f,Pick-up Truck,FORD -CAR/SUV,2016.0,1.0,,,Parked,Left Side Doors,Left Side Doors,,,,N,,Unspecified,Unspecified,QUEENS,11415.0,"(40.706387, -73.832634)",0.0,0.0,0,0,0,0,0,0,Station Wagon/Sport Utility Vehicle,Pick-up Truck,0
18836787,4052579,12/26/2018,15:31,6c9424c0-7e2f-4c62-94ea-9ee9315db48e,Sedan,HOND -CAR/SUV,2005.0,1.0,F,Licensed,Changing Lanes,Left Front Quarter Panel,Center Front End,Left Front Bumper,Right Front Bumper,Right Front Quarter Panel,N,,Unsafe Lane Changing,Passing or Lane Usage Improper,,,"(40.65161, -74.01062)",0.0,0.0,0,0,0,0,0,0,Station Wagon/Sport Utility Vehicle,Sedan,0
18665188,3918078,06/09/2018,16:33,7b35b550-8845-453a-9d92-77c715deb631,Sedan,HOND -CAR/SUV,2016.0,1.0,F,Licensed,Changing Lanes,Left Front Bumper,Left Front Bumper,Left Front Quarter Panel,,,N,,Failure to Yield Right-of-Way,Driver Inattention/Distraction,QUEENS,11368.0,"(40.760612, -73.84568)",0.0,0.0,0,0,0,0,0,0,Station Wagon/Sport Utility Vehicle,Sedan,0
17762592,3889598,04/26/2018,16:40,1399dfe4-0211-4a1d-a3e2-f7a5b32d2c5c,Sedan,PONT -CAR/SUV,2007.0,1.0,M,Licensed,Going Straight Ahead,Center Front End,Left Front Bumper,Center Front End,Right Front Bumper,Center Front End,N,,Glare,Unspecified,STATEN ISLAND,10312.0,"(40.56218, -74.19395)",0.0,0.0,0,0,0,0,0,0,Station Wagon/Sport Utility Vehicle,Sedan,0
18676862,3942565,07/16/2018,08:27,c7e47a9d-4929-440f-8316-e2d5eaacc08c,Station Wagon/Sport Utility Vehicle,FORD -CAR/SUV,2001.0,1.0,M,Licensed,Going Straight Ahead,Right Rear Quarter Panel,Right Rear Quarter Panel,No Damage,No Damage,No Damage,N,,Passing or Lane Usage Improper,Unspecified,BROOKLYN,11204.0,"(40.62058, -73.9964)",0.0,0.0,0,0,0,0,0,0,Sedan,Station Wagon/Sport Utility Vehicle,0
17789718,3892412,05/02/2018,17:36,8e711731-7544-4903-8775-cea2bf2f3d17,Station Wagon/Sport Utility Vehicle,FORD -CAR/SUV,2004.0,2.0,M,Licensed,Stopped in Traffic,Left Rear Bumper,Left Rear Bumper,Center Back End,Left Rear Quarter Panel,Left Front Bumper,N,,Unspecified,Unspecified,BROOKLYN,11207.0,"(40.69003, -73.911)",1.0,0.0,0,0,0,0,1,0,Station Wagon/Sport Utility Vehicle,Station Wagon/Sport Utility Vehicle,1
18741536,3961957,08/14/2018,01:57,6dd92d8a-9522-4d03-93cd-b109cd94f8ce,Station Wagon/Sport Utility Vehicle,LEXS -CAR/SUV,2015.0,1.0,F,Licensed,Going Straight Ahead,Left Front Bumper,Left Front Bumper,Left Front Quarter Panel,Left Side Doors,,N,,Driver Inattention/Distraction,Unspecified,,,"(40.83812, -73.82508)",0.0,0.0,0,0,0,0,0,0,Station Wagon/Sport Utility Vehicle,,0
19604745,3902770,05/17/2018,19:37,aea12e28-4e8f-4e1e-b8a9-f5aad8163e6b,Sedan,ACUR -CAR/SUV,2010.0,1.0,M,Licensed,Going Straight Ahead,Left Front Bumper,Left Front Bumper,,,,Unspecified,,Unspecified,Unspecified,BROOKLYN,11236.0,"(40.643562, -73.903435)",0.0,0.0,0,0,0,0,0,0,Sedan,Sedan,0
17846811,3897966,05/11/2018,00:40,edfde7b4-ec06-4355-bc90-ddbe8be91769,Sedan,INFI -CAR/SUV,2005.0,1.0,M,Licensed,Going Straight Ahead,Left Rear Quarter Panel,Left Rear Quarter Panel,Left Side Doors,Left Front Quarter Panel,,N,,Unspecified,Unspecified,,,"(40.753788, -73.744286)",0.0,0.0,0,0,0,0,0,0,Sedan,Pick-up Truck,0
17678946,3823416,01/07/2018,01:00,cae8a077-9bb5-495f-a3e7-dc386768e6cf,Sedan,HOND -CAR/SUV,2011.0,1.0,M,Licensed,Stopped in Traffic,Center Back End,Center Back End,Center Front End,No Damage,No Damage,N,,Unspecified,Unspecified,BROOKLYN,11201.0,"(40.693867, -73.99921)",1.0,0.0,0,0,0,0,1,0,Station Wagon/Sport Utility Vehicle,Station Wagon/Sport Utility Vehicle,1
17727900,3857618,02/28/2018,18:30,c8913e44-6596-4a8f-9e94-87037c1bed0a,Sedan,HOND -CAR/SUV,2017.0,1.0,M,Licensed,Going Straight Ahead,Center Front End,Center Front End,,,,N,,Following Too Closely,Driver Inattention/Distraction,,,"(40.80119, -73.93003)",0.0,0.0,0,0,0,0,0,0,Sedan,Station Wagon/Sport Utility Vehicle,0
18821916,3938983,07/10/2018,18:25,6551c44f-13dd-40b2-816a-aca6cd267c49,Station Wagon/Sport Utility Vehicle,HYUN -CAR/SUV,2005.0,1.0,M,Licensed,Going Straight Ahead,Right Front Bumper,No Damage,,,,N,,Unspecified,Unspecified,BROOKLYN,11208.0,"(40.68415, -73.8848)",1.0,0.0,0,0,1,0,0,0,Station Wagon/Sport Utility Vehicle,Bike,1
17750134,3885247,04/19/2018,11:30,9f294314-2b36-4941-bda3-2bc24fd39968,Sedan,HOND -CAR/SUV,2009.0,1.0,F,Licensed,Changing Lanes,Left Rear Quarter Panel,Left Rear Quarter Panel,,,,Unspecified,,Passing Too Closely,Unspecified,,,"(40.850555, -73.94672)",0.0,0.0,0,0,0,0,0,0,Sedan,Tractor Truck Diesel,0
17813758,3884049,04/19/2018,21:00,7ee6b0ba-1f31-456b-8bd6-e04f3aeaeb0e,Sedan,HOND -CAR/SUV,2005.0,1.0,M,Licensed,Going Straight Ahead,Right Front Quarter Panel,Right Front Quarter Panel,,,,N,,Failure to Yield Right-of-Way,Unspecified,,,"(40.582287, -74.16907)",0.0,0.0,0,0,0,0,0,0,Sedan,Sedan,0
17850375,3877590,04/08/2018,07:00,9feeea76-c5ab-4adf-992f-ed220fabe42e,Sedan,MERZ -CAR/SUV,2014.0,0.0,,,Parked,Left Rear Quarter Panel,Left Rear Quarter Panel,Left Rear Bumper,Left Side Doors,,N,,Unspecified,Unspecified,BROOKLYN,11207.0,"(40.65768, -73.89505)",0.0,0.0,0,0,0,0,0,0,Sedan,Sedan,0
17739640,3890169,04/26/2018,18:00,10d13674-902b-490f-8155-06e4d32a912b,Pick-up Truck,CHEV -CAR/SUV,2017.0,0.0,,,Parked,Center Front End,Left Front Bumper,Center Front End,Left Front Bumper,Center Front End,N,,Other Vehicular,Other Vehicular,MANHATTAN,10002.0,"(40.71826, -73.975235)",0.0,0.0,0,0,0,0,0,0,Pick-up Truck,Pick-up Truck,0
17841541,3895235,05/03/2018,17:05,596c4852-5d34-4665-84cc-c2e5518e4a46,Station Wagon/Sport Utility Vehicle,CHEV -CAR/SUV,2014.0,1.0,M,Licensed,Going Straight Ahead,Center Back End,Center Back End,,,,N,,Unspecified,Unspecified,,,"(40.86443, -73.83069)",0.0,0.0,0,0,0,0,0,0,Station Wagon/Sport Utility Vehicle,Sedan,0
18860229,4002748,10/11/2018,19:55,2a3b36ce-d304-431c-8832-27cfc849aaa4,Station Wagon/Sport Utility Vehicle,CHEV -CAR/SUV,2013.0,0.0,,,Parked,Left Front Bumper,Left Front Bumper,Left Front Quarter Panel,Right Front Quarter Panel,Right Front Bumper,N,,Unspecified,Unspecified,QUEENS,11378.0,"(40.72621, -73.920525)",0.0,0.0,0,0,0,0,0,0,Station Wagon/Sport Utility Vehicle,Station Wagon/Sport Utility Vehicle,0
17676980,3822915,01/04/2018,10:30,dc51948b-b764-495c-9ba7-222e990873d3,Taxi,NISS -CAR/SUV,2017.0,1.0,M,Licensed,Going Straight Ahead,Center Back End,Center Back End,,,,Unspecified,,Unspecified,Unspecified,,,"(40.722977, -74.005066)",0.0,0.0,0,0,0,0,0,0,Taxi,Station Wagon/Sport Utility Vehicle,0
18832133,4051411,12/24/2018,05:55,3485747f-3e92-4a38-83cf-4523dddc64fb,Tractor Truck Diesel,VOLV -TRUCK/BUS,2016.0,1.0,M,Licensed,Going Straight Ahead,Left Front Bumper,Left Front Bumper,,,,N,,Unspecified,Unspecified,,,"(40.84506, -73.916855)",1.0,0.0,0,0,0,0,1,0,Station Wagon/Sport Utility Vehicle,Station Wagon/Sport Utility Vehicle,1
19602664,3889774,04/28/2018,17:50,0d663085-5cbe-4d48-8a87-065dc906f5b2,Station Wagon/Sport Utility Vehicle,FORD -CAR/SUV,1998.0,1.0,F,Licensed,Going Straight Ahead,Center Front End,Center Front End,Left Front Bumper,Right Front Bumper,,N,,Driver Inattention/Distraction,Following Too Closely,BROOKLYN,11211.0,"(40.714737, -73.95276)",1.0,0.0,0,0,0,0,1,0,Sedan,Station Wagon/Sport Utility Vehicle,1
17692300,3828785,01/12/2018,12:30,4efa77c8-d0db-4975-8b9b-904e94199a9c,Station Wagon/Sport Utility Vehicle,CHRY -CAR/SUV,2012.0,1.0,F,Licensed,Entering Parked Position,Left Front Quarter Panel,Left Front Quarter Panel,No Damage,No Damage,No Damage,N,,Driver Inattention/Distraction,Driver Inexperience,BROOKLYN,11229.0,"(40.61012, -73.961105)",0.0,0.0,0,0,0,0,0,0,Station Wagon/Sport Utility Vehicle,Station Wagon/Sport Utility Vehicle,0
17712694,3836037,01/28/2018,04:35,08ea276d-76c5-44c4-a0c8-d335aed1c6db,Taxi,TOYT -CAR/SUV,2011.0,1.0,M,Licensed,Parked,Left Front Quarter Panel,Left Front Quarter Panel,,,,N,,Unspecified,Unspecified,BRONX,10455.0,"(40.814995, -73.917404)",0.0,0.0,0,0,0,0,0,0,Taxi,,0
18609611,3907772,05/26/2018,00:10,2672ebf7-9962-466e-89c2-b4895f0ef538,Sedan,FORD -CAR/SUV,2011.0,2.0,M,Licensed,Going Straight Ahead,Center Front End,Left Front Bumper,Right Front Bumper,Right Front Quarter Panel,Left Front Quarter Panel,N,,Unspecified,Unspecified,,,"(40.852787, -73.89663)",2.0,0.0,0,0,0,0,2,0,Station Wagon/Sport Utility Vehicle,Sedan,1
17775135,3881934,04/17/2018,06:15,33d036c7-4279-456f-9b62-7df486d3ba5b,Sedan,MITS -CAR/SUV,2011.0,1.0,M,Licensed,Going Straight Ahead,Left Side Doors,Left Side Doors,Left Front Quarter Panel,,,N,,Driver Inattention/Distraction,Driver Inattention/Distraction,MANHATTAN,10009.0,"(40.73164, -73.974205)",0.0,0.0,0,0,0,0,0,0,Sedan,Tractor Truck Gasoline,0
18834968,4050066,12/21/2018,21:45,65f4f239-76e3-4c71-836e-de5bf4a6123c,Station Wagon/Sport Utility Vehicle,HOND -CAR/SUV,2016.0,1.0,,,Making Left Turn,No Damage,,,,,N,,Failure to Yield Right-of-Way,Unsafe Speed,BROOKLYN,11230.0,"(40.628117, -73.956856)",1.0,0.0,1,0,0,0,0,0,Station Wagon/Sport Utility Vehicle,,1
18627423,3930910,06/28/2018,16:50,1d03472c-794a-4872-9a13-e9e9edc8845e,Sedan,HOND -CAR/SUV,2015.0,1.0,M,Licensed,Going Straight Ahead,Right Front Bumper,Right Front Bumper,No Damage,No Damage,No Damage,N,,Unspecified,Unspecified,MANHATTAN,10029.0,"(40.797512, -73.93898)",0.0,0.0,0,0,0,0,0,0,Sedan,Station Wagon/Sport Utility Vehicle,0
19649683,3982279,09/13/2018,15:45,24e75af9-ad5d-45cc-af8f-51b8fa70b82a,Station Wagon/Sport Utility Vehicle,TOYT -CAR/SUV,2018.0,1.0,F,Licensed,Making Right Turn,Right Side Doors,Right Side Doors,Right Rear Quarter Panel,,,N,,Reaction to Uninvolved Vehicle,Unspecified,,,,0.0,0.0,0,0,0,0,0,0,Station Wagon/Sport Utility Vehicle,Sedan,0
18873550,4030752,11/21/2018,18:30,ae65814a-058a-4f6d-a2c8-203d972d1fe0,Sedan,HOND -CAR/SUV,2007.0,0.0,,,Parked,Left Side Doors,Left Side Doors,Left Front Quarter Panel,Left Rear Quarter Panel,Center Front End,N,,Unspecified,Unspecified,QUEENS,11377.0,"(40.743137, -73.915855)",0.0,0.0,0,0,0,0,0,0,Sedan,Bus,0
18718369,4026813,11/15/2018,15:05,e69be256-abe4-475a-99a2-c7fd5e51e092,Station Wagon/Sport Utility Vehicle,HOND -CAR/SUV,2016.0,2.0,M,Licensed,Going Straight Ahead,Center Front End,No Damage,No Damage,,,Unspecified,,Unspecified,Unspecified,BRONX,10463.0,"(40.881214, -73.900154)",3.0,0.0,0,0,0,0,3,0,Station Wagon/Sport Utility Vehicle,Station Wagon/Sport Utility Vehicle,1
18629216,3935424,06/29/2018,13:58,1ce4c3ba-410b-4b64-a346-6af9d7e36b57,Sedan,MERZ -CAR/SUV,2013.0,1.0,F,Licensed,Passing,Right Rear Quarter Panel,Right Rear Quarter Panel,,,,N,,Following Too Closely,Driver Inexperience,MANHATTAN,10013.0,"(40.71755, -73.99932)",0.0,0.0,0,0,0,0,0,0,Sedan,Sedan,0
18822471,4018676,11/11/2018,04:00,32cc47d9-1193-4bd7-b42a-1c7f64ae1ab7,Sedan,NISS -CAR/SUV,2010.0,1.0,F,Licensed,Going Straight Ahead,Left Rear Bumper,Left Rear Bumper,,,,N,,Unspecified,Unspecified,BROOKLYN,11206.0,"(40.704563, -73.94867)",0.0,0.0,0,0,0,0,0,0,Sedan,Sedan,0
17689194,3849307,02/20/2018,00:15,aa1edef1-3dbc-4caf-bc9d-c8551f13709f,GRAY,EXPLORER MOTOR HOME,2015.0,0.0,,,Parked,Left Rear Bumper,Left Rear Bumper,Center Back End,Left Side Doors,Right Rear Bumper,N,,Unspecified,Unspecified,QUEENS,11693.0,"(40.613453, -73.82044)",0.0,0.0,0,0,0,0,0,0,Sedan,GRAY,0
18715529,3930065,06/27/2018,17:20,eab4637e-3e5b-49de-bf32-485ca70f3c5c,Station Wagon/Sport Utility Vehicle,JEEP -CAR/SUV,2017.0,1.0,F,,Going Straight Ahead,Right Front Quarter Panel,Right Front Quarter Panel,,,,N,,Unspecified,Unspecified,STATEN ISLAND,10306.0,"(40.57494, -74.10527)",0.0,0.0,0,0,0,0,0,0,Sedan,Station Wagon/Sport Utility Vehicle,0
18751538,3983457,09/18/2018,19:00,9546ac37-73cf-4506-881b-9938db1b5957,Motorcycle,HOND -MCL,2018.0,1.0,F,Licensed,Going Straight Ahead,Other,No Damage,No Damage,No Damage,No Damage,N,,Unspecified,Unspecified,MANHATTAN,10022.0,"(40.760925, -73.96705)",1.0,0.0,0,0,0,0,1,0,Motorcycle,Station Wagon/Sport Utility Vehicle,1
18676409,3919561,06/12/2018,23:15,ffa00c7b-b2ed-4fac-bc50-10ba8b143a4f,Taxi,TOYT -CAR/SUV,2015.0,1.0,M,Licensed,Passing,Right Front Quarter Panel,Right Front Quarter Panel,Right Side Doors,No Damage,No Damage,N,,Driver Inattention/Distraction,Passing or Lane Usage Improper,BROOKLYN,11211.0,"(40.70648, -73.96375)",0.0,0.0,0,0,0,0,0,0,Station Wagon/Sport Utility Vehicle,Taxi,0
18842793,4018903,11/10/2018,09:35,27ae29b8-6fd1-403c-8561-4b6370d46c82,Pick-up Truck,CHEV -CAR/SUV,2008.0,1.0,M,Licensed,Backing,Left Rear Bumper,Left Rear Bumper,,,,N,,Backing Unsafely,Driver Inattention/Distraction,MANHATTAN,10019.0,"(40.761086, -73.98129)",0.0,0.0,0,0,0,0,0,0,Pick-up Truck,Station Wagon/Sport Utility Vehicle,0
18604805,3912239,05/31/2018,06:45,e71277b8-f47c-49a7-a780-d26a37d952eb,Sedan,BMW -CAR/SUV,2006.0,1.0,M,Licensed,Backing,Right Rear Quarter Panel,Right Rear Quarter Panel,,,,Unspecified,,Backing Unsafely,Unspecified,BRONX,10468.0,"(40.872135, -73.90005)",0.0,0.0,0,0,0,0,0,0,Sedan,Bus,0
18784233,3968550,08/24/2018,10:50,08a90e84-ec40-4aca-9ab3-9c73aea651c1,Sedan,LEXS -CAR/SUV,2013.0,2.0,M,Licensed,Slowing or Stopping,Center Front End,Center Back End,Left Rear Bumper,No Damage,No Damage,N,,Unspecified,Unspecified,,,"(40.87683, -73.86472)",0.0,0.0,0,0,0,0,0,0,Station Wagon/Sport Utility Vehicle,Station Wagon/Sport Utility Vehicle,0
18770886,3974375,09/03/2018,16:00,9869781e-fe1d-4925-ad7c-fb00bed96143,Station Wagon/Sport Utility Vehicle,INFI -CAR/SUV,2017.0,1.0,M,Licensed,Making Left Turn,Left Front Bumper,Left Front Bumper,Center Front End,Left Front Quarter Panel,,N,,Unspecified,Unspecified,BROOKLYN,11203.0,"(40.651257, -73.935196)",0.0,0.0,0,0,0,0,0,0,Station Wagon/Sport Utility Vehicle,Sedan,0
17828737,3902694,05/15/2018,19:44,3ceffe72-5ff1-42ce-bcc7-83f8ded3f94c,Sedan,HOND -CAR/SUV,2010.0,1.0,M,Licensed,Making Right Turn,Left Front Quarter Panel,Left Side Doors,No Damage,No Damage,No Damage,N,,Unspecified,Unspecified,BRONX,10467.0,"(40.88271, -73.881256)",0.0,0.0,0,0,0,0,0,0,Sedan,Bus,0
17744859,3845993,02/14/2018,06:15,b80475c3-ac53-458d-9e68-a484389462fc,Sedan,TOYT -CAR/SUV,2013.0,1.0,M,Licensed,Changing Lanes,Left Side Doors,Left Side Doors,Left Rear Quarter Panel,,,N,,Driver Inattention/Distraction,Unsafe Lane Changing,,,"(40.666405, -73.802635)",0.0,0.0,0,0,0,0,0,0,Sedan,Sedan,0
18797208,3980898,09/14/2018,14:50,24144882-0c73-4854-82b1-35e3b07be4f8,Box Truck,FORD-TRUCK/BUS,2013.0,1.0,M,Licensed,Going Straight Ahead,Left Front Quarter Panel,No Damage,,,,N,,Passing Too Closely,Other Vehicular,MANHATTAN,10019.0,"(40.764996, -73.976715)",0.0,0.0,0,0,0,0,0,0,Station Wagon/Sport Utility Vehicle,Box Truck,0
18617533,3928192,06/23/2018,09:28,fa760e12-3418-4a79-a606-bf439cc0524e,Sedan,NISS -CAR/SUV,2017.0,1.0,F,Licensed,Backing,Center Back End,Center Back End,,,,N,,Driver Inattention/Distraction,Driver Inattention/Distraction,BRONX,10468.0,"(40.874474, -73.90031)",0.0,0.0,0,0,0,0,0,0,Sedan,Sedan,0
17733799,3857863,03/05/2018,09:33,4f069873-e9a5-4d88-b8ad-885c41076710,Station Wagon/Sport Utility Vehicle,TOYT -CAR/SUV,2006.0,1.0,M,Licensed,Going Straight Ahead,Right Front Quarter Panel,Right Front Quarter Panel,,,,N,,Passing or Lane Usage Improper,Unspecified,,,"(40.79537, -73.921974)",0.0,0.0,0,0,0,0,0,0,Station Wagon/Sport Utility Vehicle,Box Truck,0
18712013,3963964,08/18/2018,12:08,ed569e1e-26b1-4272-81d9-98c82ac4fc77,Station Wagon/Sport Utility Vehicle,TOYT -CAR/SUV,2013.0,1.0,M,Licensed,Going Straight Ahead,Right Front Quarter Panel,Right Front Quarter Panel,Right Side Doors,Right Rear Quarter Panel,,N,,Unspecified,Unspecified,BROOKLYN,11201.0,"(40.696033, -73.98453)",0.0,0.0,0,0,0,0,0,0,Station Wagon/Sport Utility Vehicle,Station Wagon/Sport Utility Vehicle,0
18753218,3909148,05/26/2018,04:34,a86114fa-526c-4fd9-a5b3-74ef806d97f7,Station Wagon/Sport Utility Vehicle,DODG -CAR/SUV,2015.0,1.0,M,Licensed,Parked,Left Rear Bumper,Left Rear Quarter Panel,Left Rear Bumper,No Damage,No Damage,N,,Unspecified,Unspecified,,,"(40.665592, -73.888504)",0.0,0.0,0,0,0,0,0,0,Station Wagon/Sport Utility Vehicle,,0
18770933,3999596,10/14/2018,16:30,f91d68b3-41c5-4635-9b1a-915a7668d507,Sedan,TESL -CAR/SUV,2018.0,0.0,U,,Going Straight Ahead,Left Front Bumper,Left Front Bumper,Left Front Bumper,,,N,,Driverless/Runaway Vehicle,Driverless/Runaway Vehicle,MANHATTAN,10004.0,,0.0,0.0,0,0,0,0,0,0,Sedan,Sedan,0
18613120,3913312,05/31/2018,20:45,2268cb28-0a2d-4d6b-afaa-a69183ce6e80,Sedan,HOND -CAR/SUV,2008.0,1.0,M,Licensed,Going Straight Ahead,Center Back End,Center Back End,Center Front End,,,N,,Unspecified,Unspecified,MANHATTAN,10002.0,"(40.717342, -73.99118)",0.0,0.0,0,0,0,0,0,0,Sedan,Sedan,0
17768464,3878540,04/10/2018,15:00,29d43a92-14ff-453f-b73a-2e5cc92077b7,Station Wagon/Sport Utility Vehicle,VOLV -CAR/SUV,2002.0,1.0,M,Licensed,Backing,Center Back End,No Damage,No Damage,No Damage,,N,,Driver Inattention/Distraction,Unspecified,MANHATTAN,10002.0,"(40.72192, -73.99004)",0.0,0.0,0,0,0,0,0,0,Convertible,Station Wagon/Sport Utility Vehicle,0
17768672,3877194,04/06/2018,12:40,c3abf1bf-8603-46a3-a174-5c3df9115d9d,Sedan,HYUN -CAR/SUV,,,,,,,,,,,Unspecified,,,,BROOKLYN,11207.0,"(40.6828, -73.90638)",0.0,0.0,0,0,0,0,0,0,Sedan,Station Wagon/Sport Utility Vehicle,0