UNIQUE_ID,COLLISION_ID,CRASH_DATE,CRASH_TIME,VEHICLE_ID,VEHICLE_TYPE,VEHICLE_MAKE,VEHICLE_YEAR,VEHICLE_OCCUPANTS,DRIVER_SEX,DRIVER_LICENSE_STATUS,PRE_CRASH,POINT_OF_IMPACT,VEHICLE_DAMAGE,VEHICLE_DAMAGE_1,VEHICLE_DAMAGE_2,VEHICLE_DAMAGE_3,PUBLIC_PROPERTY_DAMAGE,PUBLIC_PROPERTY_DAMAGE_TYPE,CONTRIBUTING_FACTOR_1,CONTRIBUTING_FACTOR_2,BOROUGH,ZIP CODE,LOCATION,NUMBER OF PERSONS INJURED,NUMBER OF PERSONS KILLED,NUMBER OF PEDESTRIANS INJURED,NUMBER OF PEDESTRIANS KILLED,NUMBER OF CYCLIST INJURED,NUMBER OF CYCLIST KILLED,NUMBER OF MOTORIST INJURED,NUMBER OF MOTORIST KILLED,VEHICLE TYPE CODE 1,VEHICLE TYPE CODE 2,Severity
17706776,3834817,01/24/2018,08:50,e2fc7d3d-490f-4634-8e90-45faa21a2db4,Sedan,FORD -CAR/SUV,2017.0,1.0,M,Licensed,Stopped in Traffic,Center Back End,Center Back End,Left Rear Bumper,,,N,,Reaction to Uninvolved Vehicle,Unspecified,,,"(40.60567, -74.030945)",0.0,0.0,0,0,0,0,0,0,Sedan,Sedan,0
18611562,3933518,07/02/2018,07:30,c9934fae-c7aa-4157-88df-88a2aaeddda7,Station Wagon/Sport Utility Vehicle,HYUN -CAR/SUV,2013.0,0.0,,,Parked,Center Back End,Center Back End,Left Rear Bumper,Left Rear Quarter Panel,Left Side Doors,N,,Unspecified,Unspecified,BRONX,10474.0,"(40.810875, -73.88744)",0.0,0.0,0,0,0,0,0,0,Station Wagon/Sport Utility Vehicle,BACKH,0
18557719,3948039,07/24/2018,09:35,ec41bcbd-67bb-4078-bf70-bdb32bb6de97,Station Wagon/Sport Utility Vehicle,JEEP -CAR/SUV,2016.0,0.0,M,Licensed,Going Straight Ahead,Right Side Doors,Right Rear Quarter Panel,Left Front Bumper,No Damage,No Damage,N,,Unsafe Speed,Unspecified,,,"(40.820095, -73.955086)",1.0,0.0,0,0,0,0,1,0,Pick-up Truck,Station Wagon/Sport Utility Vehicle,1
18691266,3919829,06/11/2018,03:00,4838d45d-a674-4e83-8c1a-67e5f6a9b31b,Sedan,TOYT -CAR/SUV,2012.0,2.0,M,Licensed,Going Straight Ahead,Right Front Quarter Panel,Right Front Quarter Panel,Right Side Doors,,,N,,Unspecified,Unspecified,,,"(40.610508, -74.09576)",1.0,0.0,0,0,0,0,1,0,Sedan,,1
18654187,3911324,05/30/2018,21:20,d35ee671-3361-4d66-96b4-f8ca24bf4f24,Station Wagon/Sport Utility Vehicle,INFI -CAR/SUV,2013.0,2.0,M,Licensed,Going Straight Ahead,No Damage,No Damage,No Damage,No Damage,,N,,Unspecified,Unspecified,QUEENS,11373.0,"(40.745785, -73.889336)",0.0,0.0,0,0,0,0,0,0,Station Wagon/Sport Utility Vehicle,Sedan,0
18755822,3908867,05/27/2018,16:30,1f0ad707-a041-4d23-967e-d2b4fe511e66,Station Wagon/Sport Utility Vehicle,HYUN -CAR/SUV,2013.0,1.0,F,Licensed,Going Straight Ahead,Right Front Bumper,Right Front Bumper,Right Front Bumper,Right Front Bumper,Right Front Bumper,N,,Unspecified,Unspecified,,,"(40.67956, -73.8989)",0.0,0.0,0,0,0,0,0,0,Sedan,Station Wagon/Sport Utility Vehicle,0
17833783,3901673,05/15/2018,16:53,4e270066-c2cc-46db-8747-fad349ebdda3,Sedan,HOND -CAR/SUV,2006.0,1.0,F,Licensed,Going Straight Ahead,Left Rear Quarter Panel,Left Rear Quarter Panel,,,,N,,Passing or Lane Usage Improper,Unspecified,BRONX,10452.0,,0.0,0.0,0,0,0,0,0,0,Tractor Truck Diesel,Sedan,0
17803107,3882839,04/16/2018,21:30,d2b8d96b-11a8-418b-b010-39f620899558,Sedan,FORD -CAR/SUV,2001.0,2.0,M,Licensed,Going Straight Ahead,No Damage,No Damage,No Damage,No Damage,No Damage,N,,Unspecified,Unspecified,BROOKLYN,11218.0,"(40.64182, -73.96833)",0.0,0.0,0,0,0,0,0,0,Sedan,Sedan,0
17716806,3843475,02/08/2018,10:30,c4c4f3a3-9284-47f5-a49b-61ab2d954332,Sedan,CHEV -CAR/SUV,2003.0,0.0,,,Parked,Center Front End,Center Front End,Right Front Bumper,Left Front Bumper,,N,,Other Vehicular,Other Vehicular,,,"(40.858376, -73.89637)",0.0,0.0,0,0,0,0,0,0,Box Truck,Sedan,0
18799349,3994742,10/06/2018,21:50,fb91caa8-5ddc-49d1-bdc1-5481913128e4,Sedan,HOND -CAR/SUV,2016.0,0.0,,,Parked,Left Rear Quarter Panel,Left Rear Quarter Panel,,,,N,,Unspecified,Unspecified,,,"(40.60444, -74.12276)",0.0,0.0,0,0,0,0,0,0,Sedan,,0
18671519,4047499,12/18/2018,15:00,c827ad3d-b601-47c7-89bc-057cc2cb0c43,Station Wagon/Sport Utility Vehicle,MERZ -CAR/SUV,2015.0,1.0,M,Licensed,Going Straight Ahead,Left Front Bumper,Center Front End,Right Front Bumper,,,N,,Driver Inattention/Distraction,Following Too Closely,,,,0.0,0.0,0,0,0,0,0,0,Station Wagon/Sport Utility Vehicle,Station Wagon/Sport Utility Vehicle,0
18755466,3951600,07/27/2018,14:45,f13e1765-6733-4458-9a7f-07bbe8302a7e,Sedan,TOYT -CAR/SUV,2005.0,1.0,F,Licensed,Making Right Turn,Left Front Bumper,Left Front Bumper,,,,N,,Driver Inattention/Distraction,Failure to Yield Right-of-Way,QUEENS,11434.0,"(40.68525, -73.77383)",2.0,0.0,0,0,0,0,2,0,Sedan,Sedan,1
19624714,3952940,08/01/2018,16:11,60aad04d-9a12-48ea-8ef8-49e21e470fbb,Pick-up Truck,ISU -CAR/SUV,2016.0,1.0,M,Licensed,Entering Parked Position,Left Rear Quarter Panel,Left Rear Quarter Panel,No Damage,No Damage,No Damage,N,,Driver Inattention/Distraction,Passing Too Closely,BROOKLYN,11234.0,"(40.609783, -73.90474)",0.0,0.0,0,0,0,0,0,0,Sedan,Pick-up Truck,0
17748898,3886762,04/23/2018,09:57,c408963b-fc3f-49ac-a816-252ba741bcb7,Station Wagon/Sport Utility Vehicle,CHEV -CAR/SUV,2007.0,1.0,M,Unlicensed,Making Right Turn,Right Front Bumper,Right Front Bumper,No Damage,No Damage,No Damage,N,,Passing Too Closely,Unspecified,,,"(40.824387, -73.901184)",0.0,0.0,0,0,0,0,0,0,Station Wagon/Sport Utility Vehicle,Pick-up Truck,0
17821234,3904800,05/20/2018,12:30,03094227-0a44-48ae-9076-0591d959cd60,Station Wagon/Sport Utility Vehicle,HOND -CAR/SUV,2016.0,1.0,M,Licensed,Going Straight Ahead,Center Back End,Center Back End,,,,Unspecified,,Unspecified,Unspecified,,,"(40.737553, -73.85089)",0.0,0.0,0,0,0,0,0,0,Station Wagon/Sport Utility Vehicle,Station Wagon/Sport Utility Vehicle,0
17803571,3900751,05/11/2018,16:01,371fc4d7-a6e1-4ed4-8274-c84b2c4276ff,Sedan,HOND -CAR/SUV,,0.0,,,Parked,Left Rear Bumper,Left Rear Quarter Panel,Right Front Bumper,,,Unspecified,,Unspecified,Unspecified,BRONX,10453.0,"(40.8518, -73.909225)",0.0,0.0,0,0,0,0,0,0,Sedan,Sedan,0
18743640,3954925,08/05/2018,23:20,fe3b709f-52de-41c5-ba44-a33474234d15,Pick-up Truck,INTL -CAR/SUV,1997.0,2.0,M,Licensed,Going Straight Ahead,Right Front Bumper,No Damage,No Damage,No Damage,,N,,Failure to Yield Right-of-Way,Driver Inattention/Distraction,,,"(40.622036, -74.17244)",0.0,0.0,0,0,0,0,0,0,Sedan,Pick-up Truck,0
18713133,3967734,08/24/2018,15:35,02a2b96e-11c1-4d55-9218-d23b4d2cd318,Sedan,TOYT -CAR/SUV,2001.0,2.0,M,Licensed,Making Left Turn,Left Side Doors,Left Side Doors,Left Front Quarter Panel,Left Rear Quarter Panel,Left Front Bumper,N,,Unspecified,Unspecified,,,"(40.711823, -73.83612)",1.0,0.0,0,0,0,0,1,0,Box Truck,Sedan,1
17710425,3845670,02/12/2018,11:30,22c7cbf3-8e49-4b6e-857b-9ed48d471e1e,Station Wagon/Sport Utility Vehicle,BMW -CAR/SUV,2016.0,1.0,M,Licensed,Starting from Parking,Left Front Quarter Panel,Left Front Quarter Panel,Left Front Quarter Panel,Left Front Quarter Panel,No Damage,N,,Pedestrian/Bicyclist/Other Pedestrian Error/Confusion,Driver Inattention/Distraction,BRONX,10463.0,"(40.87962, -73.90623)",1.0,0.0,0,0,0,0,1,0,Station Wagon/Sport Utility Vehicle,scoot,1
18842852,4011999,10/30/2018,17:04,b18052f8-e2b4-4ecd-b24e-e5043a792c7c,Sedan,BUIC -CAR/SUV,2002.0,0.0,,,Parked,Right Rear Bumper,Right Rear Bumper,No Damage,No Damage,No Damage,N,,Unspecified,Unspecified,BRONX,10470.0,"(40.903328, -73.84918)",0.0,0.0,0,0,0,0,0,0,Sedan,Station Wagon/Sport Utility Vehicle,0
17718931,3836443,01/26/2018,23:51,39432fd6-dcfa-4730-b48a-1d2b295f513f,Sedan,CHEV -CAR/SUV,2018.0,1.0,M,Licensed,Going Straight Ahead,Left Front Quarter Panel,Left Front Quarter Panel,,,,N,,Traffic Control Disregarded,Traffic Control Disregarded,BRONX,10466.0,"(40.889503, -73.852776)",1.0,0.0,0,0,0,0,1,0,Sedan,Sedan,1
18673576,4041193,12/08/2018,16:40,585fa093-17c4-453c-b3e2-693c598cff6f,Sedan,VOLK -CAR/SUV,2016.0,0.0,,,Parked,Left Rear Quarter Panel,Other,,,,N,,Unspecified,Unspecified,BROOKLYN,11231.0,"(40.68079, -73.99174)",0.0,0.0,0,0,0,0,0,0,Station Wagon/Sport Utility Vehicle,Sedan,0
17674934,3820976,01/01/2018,02:29,fe62ebe7-69d1-4655-b035-fe299199c11f,Station Wagon/Sport Utility Vehicle,TOYT -CAR/SUV,2017.0,4.0,M,Licensed,Going Straight Ahead,Center Back End,Center Back End,Right Rear Bumper,Left Rear Bumper,,N,,Other Vehicular,Other Vehicular,QUEENS,11418.0,"(40.69469, -73.83505)",2.0,0.0,0,0,0,0,2,0,Station Wagon/Sport Utility Vehicle,Sedan,1
17866701,3888343,04/26/2018,18:20,c416061a-0f41-4f00-82d6-543496060bd9,Station Wagon/Sport Utility Vehicle,FORD -CAR/SUV,2005.0,1.0,M,Licensed,Going Straight Ahead,Right Front Bumper,Right Front Bumper,Center Front End,,,N,,Passing Too Closely,Passing or Lane Usage Improper,,,"(40.669044, -73.87578)",1.0,0.0,0,0,0,0,1,0,Station Wagon/Sport Utility Vehicle,Sedan,1
18709739,4010557,10/27/2018,01:57,32fd731f-c342-4f8c-a061-0fb467c2382d,Sedan,CHEV -CAR/SUV,2016.0,1.0,M,Licensed,Going Straight Ahead,Center Front End,Center Front End,,,,N,,Following Too Closely,Unspecified,BROOKLYN,11216.0,"(40.682537, -73.95002)",0.0,0.0,0,0,0,0,0,0,Sedan,Sedan,0
20887900,3921289,06/12/2018,09:30,1e1815a3-7d20-4447-baa3-7ee79d9cc34b,Sedan,MERZ -CAR/SUV,2018.0,1.0,M,Licensed,Making Left Turn,Right Rear Bumper,Right Rear Bumper,Right Rear Quarter Panel,,,N,,Unspecified,Unspecified,BROOKLYN,11221.0,"(40.68723, -73.941795)",0.0,0.0,0,0,0,0,0,0,Sedan,,0
18766330,3947531,07/24/2018,16:40,a74d86d3-5fad-49c7-9ea9-5180b494bf6d,Station Wagon/Sport Utility Vehicle,NISS -CAR/SUV,2016.0,1.0,F,Licensed,Making Right Turn,Right Front Bumper,Right Front Bumper,Right Front Quarter Panel,,,N,,Driver Inattention/Distraction,Unspecified,QUEENS,11417.0,"(40.68231, -73.84495)",0.0,0.0,0,0,0,0,0,0,Bus,Station Wagon/Sport Utility Vehicle,0
18701597,3970744,08/28/2018,23:45,9e4d49d2-55e3-482b-8bd3-1bd634f4d877,Station Wagon/Sport Utility Vehicle,TOYT -CAR/SUV,2016.0,1.0,M,Licensed,Going Straight Ahead,Left Front Bumper,Left Front Bumper,No Damage,No Damage,No Damage,N,,Driver Inattention/Distraction,Unspecified,,,"(40.743446, -74.00355)",0.0,0.0,0,0,0,0,0,0,Station Wagon/Sport Utility Vehicle,Station Wagon/Sport Utility Vehicle,0
18822832,4044753,12/11/2018,14:30,a753287b-21bb-470e-9659-f447343e94a5,Station Wagon/Sport Utility Vehicle,JEEP -CAR/SUV,2016.0,2.0,M,Licensed,Making Right Turn,Left Front Bumper,Left Front Bumper,Center Front End,No Damage,No Damage,N,,Other Vehicular,Unspecified,,,"(40.747894, -73.989174)",0.0,0.0,0,0,0,0,0,0,Taxi,Station Wagon/Sport Utility Vehicle,0
18691874,3933522,07/01/2018,01:30,2e4212c1-c5e5-4ab5-893f-d0ca4a551369,Sedan,NISS -CAR/SUV,2005.0,0.0,M,Licensed,Parked,Center Front End,Center Front End,Right Front Bumper,,,N,,Unspecified,Unspecified,,,,0.0,0.0,0,0,0,0,0,0,Sedan,Pick-up Truck,0
18573148,3927095,06/22/2018,05:01,273b9612-f9e3-4df7-ba90-7bc9f1b01c5c,Station Wagon/Sport Utility Vehicle,JEEP -CAR/SUV,2012.0,1.0,M,Licensed,Slowing or Stopping,Left Front Bumper,Left Front Bumper,No Damage,No Damage,No Damage,N,,Driver Inattention/Distraction,Unspecified,MANHATTAN,10002.0,"(40.718792, -73.98902)",0.0,0.0,0,0,0,0,0,0,Sedan,Station Wagon/Sport Utility Vehicle,0
18767589,3931278,06/28/2018,09:00,64f9894b-fa44-4618-83d9-77431b7ddc77,Station Wagon/Sport Utility Vehicle,CHEV -CAR/SUV,2010.0,1.0,,,Going Straight Ahead,Center Front End,No Damage,No Damage,No Damage,No Damage,N,,Driver Inattention/Distraction,Failure to Yield Right-of-Way,QUEENS,11101.0,"(40.753265, -73.94668)",1.0,0.0,1,0,0,0,0,0,Station Wagon/Sport Utility Vehicle,,1
18633140,3932869,06/30/2018,11:00,22d5dd13-88d5-4d8b-b1b6-438c8ba0b649,Station Wagon/Sport Utility Vehicle,GMC -CAR/SUV,2014.0,1.0,F,Licensed,Making Left Turn,Left Side Doors,Left Side Doors,No Damage,No Damage,No Damage,N,,Passing Too Closely,Oversized Vehicle,BRONX,10458.0,"(40.85857, -73.88542)",0.0,0.0,0,0,0,0,0,0,Station Wagon/Sport Utility Vehicle,Station Wagon/Sport Utility Vehicle,0
18814413,3987692,09/25/2018,17:10,2364e960-f6fe-4810-bbe1-232ccbf8c3fa,Pick-up Truck,FORD -CAR/SUV,1997.0,0.0,,,Parked,Left Rear Bumper,Left Rear Bumper,,,,N,,Unspecified,Unspecified,,,"(40.682076, -73.77762)",0.0,0.0,0,0,0,0,0,0,Pick-up Truck,Pick-up Truck,0
17823080,3883936,04/14/2018,16:40,b5e1f28d-076c-468e-90c7-d74728509275,Sedan,KIA -CAR/SUV,2015.0,0.0,,,Parked,Left Rear Bumper,Center Back End,,,,N,,Unspecified,Unspecified,,,"(40.723484, -73.87685)",1.0,0.0,0,0,0,0,1,0,Sedan,Sedan,1
18773861,3997242,10/08/2018,12:30,d587490f-42e0-4b13-9375-aa45cab705b0,Station Wagon/Sport Utility Vehicle,HYUN -CAR/SUV,2007.0,0.0,,,Parked,Left Front Bumper,Left Front Bumper,Left Front Quarter Panel,,,N,,Unspecified,Unspecified,BRONX,10453.0,"(40.858368, -73.903915)",0.0,0.0,0,0,0,0,0,0,Station Wagon/Sport Utility Vehicle,Station Wagon/Sport Utility Vehicle,0
18832035,3928940,06/24/2018,22:30,3b14bb65-d456-4e96-941b-fdcc4211373d,Sedan,NISS -CAR/SUV,2012.0,3.0,M,Licensed,Going Straight Ahead,Center Front End,Center Front End,,,,N,,Driver Inattention/Distraction,Unspecified,QUEENS,11422.0,"(40.66096, -73.731476)",1.0,0.0,0,0,0,0,1,0,Sedan,Station Wagon/Sport Utility Vehicle,1
17687341,3825173,01/08/2018,18:50,b076504f-40bd-4eb9-a627-a1671a5af506,Tractor Truck Diesel,VOLV -TRUCK/BUS,2005.0,1.0,M,Licensed,Backing,Center Back End,Center Back End,,,,N,,Backing Unsafely,Unspecified,,,"(40.83609, -73.87039)",0.0,0.0,0,0,0,0,0,0,Tractor Truck Diesel,Tractor Truck Diesel,0
17769766,3861021,03/09/2018,22:11,30d64954-6fb4-4962-8e6f-8e6436415cc3,Sedan,BMW -CAR/SUV,2004.0,1.0,,,Going Straight Ahead,Center Front End,No Damage,,,,Unspecified,,Following Too Closely,Unspecified,,,"(40.80543, -73.92087)",0.0,0.0,0,0,0,0,0,0,Taxi,Sedan,0
17714856,3845940,02/08/2018,17:55,ea410ea4-eedd-439c-9165-3335ae9df511,Station Wagon/Sport Utility Vehicle,TOYT -CAR/SUV,2003.0,1.0,F,Licensed,Parked,Left Front Quarter Panel,Left Front Quarter Panel,,,,N,,Unspecified,Unspecified,BROOKLYN,11212.0,"(40.6557, -73.911095)",0.0,0.0,0,0,0,0,0,0,Station Wagon/Sport Utility Vehicle,,0
18624292,3999417,10/10/2018,07:00,e190aac9-38e5-4b77-a33e-7e694c53e6e7,Bus,FORD-TRUCK/BUS,2016.0,3.0,M,Licensed,Entering Parked Position,Right Rear Quarter Panel,No Damage,No Damage,No Damage,No Damage,N,,Driver Inexperience,Unspecified,MANHATTAN,10009.0,"(40.720673, -73.97824)",0.0,0.0,0,0,0,0,0,0,Bus,Station Wagon/Sport Utility Vehicle,0
17735469,3864306,03/17/2018,12:35,bc90e3a5-c4e7-4ea6-9312-b024049604e1,Station Wagon/Sport Utility Vehicle,HOND -CAR/SUV,2013.0,3.0,M,Licensed,Starting in Traffic,Center Back End,Left Rear Bumper,Center Back End,Right Rear Bumper,,N,,Unspecified,Unspecified,,,"(40.5516, -74.190155)",0.0,0.0,0,0,0,0,0,0,Sedan,Station Wagon/Sport Utility Vehicle,0
18796600,4053148,12/13/2018,12:04,987d7d61-d448-4087-bd73-2b21cc06e86c,Sedan,NISS -CAR/SUV,2006.0,2.0,F,Licensed,Going Straight Ahead,Center Back End,Center Back End,,,,N,,Unspecified,Traffic Control Device Improper/Non-Working,,,"(40.639977, -73.9262)",1.0,0.0,0,0,0,0,1,0,Sedan,Pick-up Truck,1
18681244,3978090,09/07/2018,15:40,9ac4fa51-7176-4a79-995e-11c300513512,Sedan,HOND -CAR/SUV,2019.0,0.0,U,,Parked,Center Front End,Center Front End,Left Front Bumper,Right Front Bumper,Other,Unspecified,,Unspecified,Unspecified,MANHATTAN,10038.0,"(40.71207, -73.996956)",0.0,0.0,0,0,0,0,0,0,Dump,Sedan,0
18826821,4035787,11/30/2018,17:50,6e6c9e24-a51a-4170-9453-6337669b6cd2,Sedan,TOYT -CAR/SUV,2007.0,3.0,M,Licensed,Slowing or Stopping,Right Front Bumper,Right Front Bumper,Center Front End,Left Front Bumper,,N,,Pavement Slippery,Unspecified,,,"(40.771862, -73.87335)",1.0,0.0,0,0,0,0,1,0,Sedan,Taxi,1
18690630,3996292,10/08/2018,16:35,aeecc586-d9ef-4e08-91c4-76715a8d4158,Station Wagon/Sport Utility Vehicle,DODG -CAR/SUV,2001.0,1.0,M,Licensed,Going Straight Ahead,Center Front End,Left Front Bumper,Right Front Bumper,,,N,,Unspecified,Unspecified,BROOKLYN,11235.0,"(40.577267, -73.96307)",1.0,0.0,0,0,0,0,1,0,Station Wagon/Sport Utility Vehicle,Station Wagon/Sport Utility Vehicle,1
19625188,3919745,06/09/2018,06:36,e08c4ad9-d2df-406a-ab74-05de34dde869,Station Wagon/Sport Utility Vehicle,CHEV -CAR/SUV,2007.0,1.0,M,Licensed,Going Straight Ahead,Left Front Quarter Panel,Left Front Quarter Panel,,,,N,,Unspecified,Unspecified,,,"(40.824432, -73.873604)",0.0,0.0,0,0,0,0,0,0,Station Wagon/Sport Utility Vehicle,Sedan,0
18851190,4050660,12/22/2018,21:10,a9b7fb77-b6c6-44a6-b29c-b9175b16ff52,Pick-up Truck,GMC -CAR/SUV,2002.0,1.0,M,Licensed,Going Straight Ahead,Right Side Doors,No Damage,No Damage,No Damage,No Damage,N,,Other Vehicular,Unspecified,BRONX,10459.0,"(40.81992, -73.90253)",0.0,0.0,0,0,0,0,0,0,Sedan,Pick-up Truck,0
17701181,3831593,01/18/2018,13:30,dd0ca426-4690-48f3-8e96-1843dd2d5a0c,Station Wagon/Sport Utility Vehicle,LEXS -CAR/SUV,2015.0,3.0,F,Licensed,Stopped in Traffic,Right Rear Quarter Panel,Right Rear Quarter Panel,,,,N,,Unspecified,Unspecified,BROOKLYN,11220.0,"(40.633705, -74.01141)",0.0,0.0,0,0,0,0,0,0,Station Wagon/Sport Utility Vehicle,Station Wagon/Sport Utility Vehicle,0
19611766,3883451,04/17/2018,15:39,06a0798b-f7bd-4734-a2b8-9f102555b112,Station Wagon/Sport Utility Vehicle,TOYT -CAR/SUV,2016.0,1.0,F,Licensed,Changing Lanes,Left Front Bumper,Left Front Bumper,,,,N,,Unsafe Lane Changing,Unspecified,BROOKLYN,11219.0,"(40.635662, -73.99505)",0.0,0.0,0,0,0,0,0,0,Station Wagon/Sport Utility Vehicle,Refrigerated Van,0
18751420,3996098,10/08/2018,11:15,2598f8fd-7f4a-42c4-b873-5ecfbcbd7993,Station Wagon/Sport Utility Vehicle,VOLK -CAR/SUV,2017.0,0.0,,,Parked,Left Side Doors,No Damage,No Damage,No Damage,No Damage,N,,Unspecified,Unspecified,QUEENS,11375.0,"(40.714195, -73.83684)",0.0,0.0,0,0,0,0,0,0,Station Wagon/Sport Utility Vehicle,,0
18716923,3969713,08/28/2018,18:30,76893669-7771-49f9-81f8-94ded4d5878a,Station Wagon/Sport Utility Vehicle,NISS -CAR/SUV,2009.0,1.0,M,Licensed,Making Left Turn,Right Front Bumper,Center Front End,Right Front Bumper,,,Unspecified,,Failure to Yield Right-of-Way,Turning Improperly,,,"(40.709225, -73.843155)",0.0,0.0,0,0,0,0,0,0,Station Wagon/Sport Utility Vehicle,Sedan,0
17738517,3873219,03/30/2018,17:20,486650e2-e5ff-4dbd-9a79-e7ce199b7f1d,Sedan,TOYT -CAR/SUV,2018.0,1.0,F,Licensed,Entering Parked Position,Center Front End,No Damage,No Damage,No Damage,No Damage,Unspecified,,Driver Inattention/Distraction,Unspecified,,,"(40.865067, -73.9281)",0.0,0.0,0,0,0,0,0,0,Motorcycle,Sedan,0
18750660,3986058,09/16/2018,00:00,db50ebb0-e8fc-4493-a8aa-7c4bdcbbb8f1,Sedan,FORD -CAR/SUV,2015.0,1.0,M,Licensed,Going Straight Ahead,Left Rear Bumper,Left Rear Bumper,No Damage,No Damage,No Damage,N,,Unspecified,Unspecified,MANHATTAN,10001.0,"(40.747837, -73.990944)",0.0,0.0,0,0,0,0,0,0,Sedan,,0
18697882,3949673,07/21/2018,16:50,444bcce6-3d2e-4c94-a0de-df0a41351b8b,Sedan,HOND -CAR/SUV,2018.0,0.0,,,Parked,Left Side Doors,Left Side Doors,,,,N,,Other Vehicular,Other Vehicular,,,"(40.85106, -73.88233)",0.0,0.0,0,0,0,0,0,0,Sedan,Station Wagon/Sport Utility Vehicle,0
18673081,4003764,10/18/2018,11:05,9418fe3f-2af1-40d8-93a9-e26ace20ba54,Station Wagon/Sport Utility Vehicle,CHEV -CAR/SUV,2010.0,0.0,,,Parked,Left Front Quarter Panel,Left Front Bumper,Left Front Quarter Panel,,,N,,Unspecified,Unspecified,BRONX,10455.0,"(40.81237, -73.900406)",0.0,0.0,0,0,0,0,0,0,Station Wagon/Sport Utility Vehicle,Sedan,0
18874585,4055511,12/31/2018,17:49,286a127e-38e5-4a8a-850d-fdd5876aacc8,Station Wagon/Sport Utility Vehicle,MAZD -CAR/SUV,2018.0,2.0,M,Licensed,Making U Turn,Left Rear Quarter Panel,Left Rear Quarter Panel,,,,N,,Turning Improperly,Unspecified,QUEENS,11367.0,"(40.72924, -73.8152)",0.0,0.0,0,0,0,0,0,0,Station Wagon/Sport Utility Vehicle,Station Wagon/Sport Utility Vehicle,0
17778453,3858045,03/06/2018,08:30,7462beb8-377b-4a3c-a4c0-4351a247a480,Sedan,FORD -CAR/SUV,2016.0,1.0,F,Licensed,Making Right Turn,Right Front Bumper,No Damage,,,,N,,Glare,Unspecified,,,,1.0,0.0,1,0,0,0,0,0,Sedan,,1
18697895,3932348,06/28/2018,06:31,c60b7c95-07e0-4b25-a8d3-6c1b5a0610d4,Box Truck,MACK-TRUCK/BUS,2016.0,2.0,M,Licensed,Going Straight Ahead,Center Front End,Left Front Bumper,Right Front Bumper,No Damage,No Damage,N,,Pavement Slippery,Unspecified,BROOKLYN,11226.0,"(40.652794, -73.946884)",1.0,0.0,0,0,0,0,1,0,Station Wagon/Sport Utility Vehicle,Box Truck,1
17767828,3906615,05/19/2018,12:11,91af0e82-d7eb-4cac-a375-ef628179db16,Sedan,MERZ -CAR/SUV,2015.0,3.0,F,Licensed,Slowing or Stopping,Left Rear Quarter Panel,Left Rear Quarter Panel,,,,N,,Unspecified,Unspecified,MANHATTAN,10032.0,"(40.83349, -73.94158)",0.0,0.0,0,0,0,0,0,0,Van,Sedan,0
18857748,3994730,10/06/2018,13:00,b7fe029e-50ae-41f4-a10a-c7e074482786,Station Wagon/Sport Utility Vehicle,JEEP -CAR/SUV,2006.0,0.0,,,Parked,Left Side Doors,Left Front Quarter Panel,Left Side Doors,Left Front Bumper,,N,,Unspecified,Unspecified,QUEENS,11377.0,"(40.741623, -73.9055)",0.0,0.0,0,0,0,0,0,0,Station Wagon/Sport Utility Vehicle,,0
18772588,3959879,08/12/2018,06:30,07425fa4-6e9c-4bc0-8c13-c8db30ab60a5,Station Wagon/Sport Utility Vehicle,JEEP -CAR/SUV,2004.0,0.0,,,Parked,Center Back End,Center Back End,Left Rear Bumper,Right Rear Bumper,,N,,Unspecified,Unspecified,QUEENS,11412.0,"(40.70568, -73.76021)",0.0,0.0,0,0,0,0,0,0,Sedan,Station Wagon/Sport Utility Vehicle,0
18840508,4032544,11/25/2018,18:50,d1a0be4e-e644-4dce-8f07-03a68e6df64e,Station Wagon/Sport Utility Vehicle,LEXS -CAR/SUV,2017.0,2.0,M,Licensed,Stopped in Traffic,Center Back End,Center Back End,,,,N,,Unspecified,Unspecified,,,"(40.61118, -74.15261)",0.0,0.0,0,0,0,0,0,0,Station Wagon/Sport Utility Vehicle,Station Wagon/Sport Utility Vehicle,0
18774312,3933933,07/03/2018,15:16,75cde396-94f4-4617-86eb-a08c43f0e1ad,Sedan,CHEV -CAR/SUV,2007.0,1.0,M,Licensed,Going Straight Ahead,Right Rear Bumper,Right Rear Bumper,,,,N,,Driver Inattention/Distraction,Unspecified,QUEENS,11378.0,,0.0,0.0,0,0,0,0,0,0,Sedan,Station Wagon/Sport Utility Vehicle,0
18838869,3948706,07/24/2018,23:00,d7944d4c-06a8-4223-88bf-3c21572c5d36,Sedan,VOLK -CAR/SUV,2012.0,3.0,F,Licensed,Stopped in Traffic,Center Back End,Center Back End,,,,N,,Unspecified,Unspecified,,,"(40.67148, -73.898674)",0.0,0.0,0,0,0,0,0,0,Sedan,Station Wagon/Sport Utility Vehicle,0
18664934,3942730,07/13/2018,11:48,df92acda-d893-425b-8097-3d3a168fe9f5,Sedan,FORD -CAR/SUV,2016.0,1.0,M,Licensed,Making Left Turn,Right Side Doors,Other,,,,N,,Turning Improperly,Passing Too Closely,BROOKLYN,11234.0,"(40.61778, -73.931564)",0.0,0.0,0,0,0,0,0,0,Sedan,Sedan,0