UNIQUE_ID,COLLISION_ID,CRASH_DATE,CRASH_TIME,VEHICLE_ID,VEHICLE_TYPE,VEHICLE_MAKE,VEHICLE_YEAR,VEHICLE_OCCUPANTS,DRIVER_SEX,DRIVER_LICENSE_STATUS,PRE_CRASH,POINT_OF_IMPACT,VEHICLE_DAMAGE,VEHICLE_DAMAGE_1,VEHICLE_DAMAGE_2,VEHICLE_DAMAGE_3,PUBLIC_PROPERTY_DAMAGE,PUBLIC_PROPERTY_DAMAGE_TYPE,CONTRIBUTING_FACTOR_1,CONTRIBUTING_FACTOR_2,BOROUGH,ZIP CODE,LOCATION,NUMBER OF PERSONS INJURED,NUMBER OF PERSONS KILLED,NUMBER OF PEDESTRIANS INJURED,NUMBER OF PEDESTRIANS KILLED,NUMBER OF CYCLIST INJURED,NUMBER OF CYCLIST KILLED,NUMBER OF MOTORIST INJURED,NUMBER OF MOTORIST KILLED,VEHICLE TYPE CODE 1,VEHICLE TYPE CODE 2,Severity
17838760,3901919,05/15/2018,12:40,566b83b1-0558-406d-b01c-493862361367,Sedan,MERZ -CAR/SUV,2002.0,1.0,F,Licensed,Going Straight Ahead,Center Front End,Center Front End,Left Front Bumper,Right Front Bumper,,N,,Unspecified,Unspecified,,,"(40.61439, -74.15767)",7.0,0.0,0,0,0,0,7,0,Station Wagon/Sport Utility Vehicle,Sedan,1
17709031,3832393,01/19/2018,23:30,b3360bae-9b3b-41f9-8d36-a92fc0ace26b,Sedan,BMW -CAR/SUV,2006.0,2.0,F,Licensed,Going Straight Ahead,Left Rear Quarter Panel,Left Rear Quarter Panel,,,,N,,Unspecified,Unspecified,BRONX,10469.0,"(40.86941, -73.84264)",0.0,0.0,0,0,0,0,0,0,Sedan,,0
18856192,4043908,12/13/2018,08:00,07ac4fdf-9dbf-4c33-ab53-a39cb4fc1649,Box Truck,HINO -TRUCK/BUS,2006.0,1.0,M,Licensed,Merging,Left Rear Quarter Panel,No Damage,,,,Unspecified,,Driver Inattention/Distraction,Unsafe Lane Changing,,,"(40.828022, -73.84604)",0.0,0.0,0,0,0,0,0,0,Sedan,Box Truck,0
17705765,3832141,01/20/2018,13:00,abf7e7cf-af07-44b5-9e7c-1d8f8955df05,Station Wagon/Sport Utility Vehicle,TOYT -CAR/SUV,2005.0,1.0,F,Licensed,Making Right Turn,Left Front Bumper,No Damage,,,,N,,Following Too Closely,Unspecified,,,"(40.777664, -73.77948)",0.0,0.0,0,0,0,0,0,0,Station Wagon/Sport Utility Vehicle,Station Wagon/Sport Utility Vehicle,0
17798039,3867622,03/20/2018,15:33,78c7fe31-38e2-44b7-bb8c-9e8e2435eaa3,Sedan,MAZD -CAR/SUV,2009.0,0.0,,,Parked,Left Side Doors,Left Side Doors,Left Front Quarter Panel,,,N,,Unspecified,Unspecified,BRONX,10469.0,"(40.877804, -73.84891)",0.0,0.0,0,0,0,0,0,0,Sedan,,0
18581492,3924534,06/15/2018,18:33,263de48b-2eb7-4fab-8cda-8dc3d6180f3d,Sedan,NISS -CAR/SUV,2012.0,2.0,M,Licensed,Going Straight Ahead,Left Front Bumper,Left Front Bumper,No Damage,No Damage,No Damage,N,,Unspecified,Unspecified,MANHATTAN,10029.0,"(40.79583, -73.94289)",0.0,0.0,0,0,0,0,0,0,Sedan,Sedan,0
17771950,3876359,03/31/2018,22:53,cd718c7a-d364-40df-8068-c1795c87257a,Station Wagon/Sport Utility Vehicle,KIA -CAR/SUV,2016.0,4.0,F,Licensed,Going Straight Ahead,Left Front Bumper,Left Front Bumper,Left Front Quarter Panel,,,N,,Unspecified,Unspecified,,,"(40.854904, -73.89645)",0.0,0.0,0,0,0,0,0,0,Sedan,Station Wagon/Sport Utility Vehicle,0
18785183,4054611,12/29/2018,15:52,c773d15b-43ed-423b-a40b-4c689ab9d0b0,Station Wagon/Sport Utility Vehicle,BUIC -CAR/SUV,2017.0,1.0,F,Licensed,Going Straight Ahead,Center Back End,Center Back End,Right Rear Bumper,Left Rear Bumper,No Damage,N,,Unspecified,Unspecified,STATEN ISLAND,10301.0,"(40.63029, -74.08891)",0.0,0.0,0,0,0,0,0,0,Station Wagon/Sport Utility Vehicle,Sedan,0
17734190,3858086,03/06/2018,08:34,6a59353a-7a10-46b7-b867-22ed692184f4,Sedan,VOLK -CAR/SUV,2008.0,1.0,F,Licensed,Going Straight Ahead,Left Front Bumper,Left Front Bumper,No Damage,No Damage,No Damage,N,,Traffic Control Disregarded,Unspecified,STATEN ISLAND,10301.0,"(40.635647, -74.07688)",0.0,0.0,0,0,0,0,0,0,Taxi,Sedan,0
18756690,4050106,12/21/2018,23:50,d07be293-4c92-4569-ad84-c3bed076c4b3,Station Wagon/Sport Utility Vehicle,JEEP -CAR/SUV,1994.0,1.0,M,Licensed,Going Straight Ahead,Right Side Doors,Right Side Doors,Right Rear Quarter Panel,,,N,,Driver Inattention/Distraction,Unspecified,BROOKLYN,11222.0,,0.0,0.0,0,0,0,0,0,0,Station Wagon/Sport Utility Vehicle,Station Wagon/Sport Utility Vehicle,0
18694522,3915840,06/06/2018,15:40,bc95647f-59f0-4276-b7e2-30869c746271,Sedan,FORD -CAR/SUV,2003.0,1.0,M,Licensed,Going Straight Ahead,Left Front Bumper,Left Front Bumper,,,,N,,Brakes Defective,Unspecified,,,"(40.699577, -73.868645)",0.0,0.0,0,0,0,0,0,0,Sedan,Sedan,0
17814713,3880108,04/11/2018,00:00,1f2e3dc6-5c60-4a72-92f5-01a6e2e61c13,Station Wagon/Sport Utility Vehicle,NISS -CAR/SUV,2016.0,1.0,M,Licensed,Slowing or Stopping,Center Back End,Center Back End,,,,Unspecified,,Unspecified,Unspecified,,,"(40.610508, -74.09576)",0.0,0.0,0,0,0,0,0,0,Station Wagon/Sport Utility Vehicle,Station Wagon/Sport Utility Vehicle,0
17813342,3883728,04/18/2018,17:11,3844c75c-d9c9-4a31-8092-21e1e324f34d,Station Wagon/Sport Utility Vehicle,FORD -CAR/SUV,2015.0,1.0,M,Licensed,Going Straight Ahead,Center Back End,Center Back End,Center Back End,Center Back End,Center Back End,N,,Unspecified,Unspecified,,,"(40.81457, -73.931)",0.0,0.0,0,0,0,0,0,0,Station Wagon/Sport Utility Vehicle,Station Wagon/Sport Utility Vehicle,0
17731275,3876498,04/05/2018,15:36,cca22f88-5e20-440b-95bd-a3b72272a5fe,Sedan,HOND -CAR/SUV,2018.0,1.0,F,Licensed,Going Straight Ahead,Right Rear Quarter Panel,Right Rear Quarter Panel,Right Rear Bumper,,,N,,Unspecified,Unspecified,BROOKLYN,11205.0,"(40.689583, -73.972145)",0.0,0.0,0,0,0,0,0,0,Sedan,Sedan,0
18783465,3938925,07/11/2018,16:00,0c35c37e-fe5d-4ef1-8cff-5d4725ad282b,Station Wagon/Sport Utility Vehicle,TOYT -CAR/SUV,2010.0,0.0,,,Parked,Left Rear Quarter Panel,Left Rear Quarter Panel,,,,Unspecified,,Unspecified,Unspecified,QUEENS,11377.0,"(40.744366, -73.91371)",0.0,0.0,0,0,0,0,0,0,Station Wagon/Sport Utility Vehicle,,0
18888853,4042787,12/11/2018,18:10,e1844734-b75c-4f83-ac59-7b2fbba5a346,Station Wagon/Sport Utility Vehicle,CHEV -CAR/SUV,2017.0,1.0,F,Licensed,Going Straight Ahead,Center Back End,Center Back End,Left Rear Bumper,,,N,,Unspecified,Unspecified,QUEENS,11422.0,"(40.635643, -73.74013)",1.0,0.0,0,0,0,0,1,0,Station Wagon/Sport Utility Vehicle,Station Wagon/Sport Utility Vehicle,1
18862620,4045526,12/14/2018,17:00,551b1e57-089c-4de4-a687-b5a4c12ec108,Sedan,SUBA -CAR/SUV,2016.0,1.0,M,Licensed,Going Straight Ahead,Right Rear Quarter Panel,Right Rear Quarter Panel,Right Rear Bumper,,,N,,Driver Inattention/Distraction,Unspecified,QUEENS,11413.0,"(40.666008, -73.789536)",0.0,0.0,0,0,0,0,0,0,Station Wagon/Sport Utility Vehicle,Sedan,0
18601202,3932118,06/29/2018,14:45,fa1f32bb-a618-40a7-a0fb-c4a001ad1e5f,Taxi,TOYT -CAR/SUV,2016.0,1.0,M,Licensed,Slowing or Stopping,Right Front Bumper,Right Front Bumper,No Damage,No Damage,No Damage,N,,Following Too Closely,Unspecified,MANHATTAN,10024.0,"(40.782295, -73.97525)",0.0,0.0,0,0,0,0,0,0,Station Wagon/Sport Utility Vehicle,Taxi,0
18691561,4005163,10/22/2018,04:00,645fc2d5-1097-4ab1-9336-85c1b31f182e,Station Wagon/Sport Utility Vehicle,FORD -CAR/SUV,2009.0,11.0,M,Licensed,Making Right Turn,Right Rear Quarter Panel,Right Rear Quarter Panel,Right Rear Bumper,No Damage,No Damage,N,,Unspecified,Unspecified,BROOKLYN,11236.0,"(40.651012, -73.901535)",0.0,0.0,0,0,0,0,0,0,Station Wagon/Sport Utility Vehicle,Sedan,0
18872518,4053709,12/28/2018,13:39,b09d5877-b14f-48d6-8713-5895cd35b0a5,Sedan,BMW -CAR/SUV,2017.0,1.0,M,Licensed,Going Straight Ahead,Right Rear Bumper,Right Rear Bumper,Right Rear Quarter Panel,Center Back End,Other,N,,Unspecified,Unspecified,MANHATTAN,10065.0,"(40.76614, -73.97166)",0.0,0.0,0,0,0,0,0,0,Dump,Sedan,0
18697703,3925216,06/18/2018,17:18,4ba02ed6-a559-4b02-ab99-29ed4297ebeb,Sedan,HYUN -CAR/SUV,2012.0,3.0,F,Licensed,Stopped in Traffic,Center Back End,Center Back End,Left Rear Bumper,Right Rear Bumper,,N,,Unspecified,Unspecified,,,"(40.704033, -73.81711)",1.0,0.0,0,0,0,0,1,0,Sedan,Sedan,1
18822101,4032367,11/24/2018,14:25,4fcc5bf4-e20e-4411-9a2d-731e44779d2b,Sedan,CHRY -CAR/SUV,2008.0,1.0,M,Licensed,Making Left Turn,Right Rear Quarter Panel,Right Rear Quarter Panel,,,,N,,Unspecified,Unspecified,BRONX,10475.0,"(40.86794, -73.831314)",0.0,0.0,0,0,0,0,0,0,Station Wagon/Sport Utility Vehicle,Sedan,0
17687774,3834663,01/23/2018,17:20,a261e01c-30b5-4af7-adaa-f1b1ae9dd9eb,Station Wagon/Sport Utility Vehicle,CHRY -CAR/SUV,2006.0,1.0,M,Licensed,Passing,Right Front Quarter Panel,Right Side Doors,Right Rear Quarter Panel,No Damage,No Damage,N,,Passing or Lane Usage Improper,Driver Inexperience,,,"(40.794735, -73.96988)",0.0,0.0,0,0,0,0,0,0,Station Wagon/Sport Utility Vehicle,Station Wagon/Sport Utility Vehicle,0
18715466,3957916,08/08/2018,15:25,55893eee-87ef-485d-bdc7-9c874bb22dfc,Station Wagon/Sport Utility Vehicle,DODG -CAR/SUV,2015.0,1.0,M,Licensed,Parked,Left Side Doors,Left Side Doors,No Damage,No Damage,No Damage,N,,Unspecified,Unspecified,,,"(40.88136, -73.88138)",0.0,0.0,0,0,0,0,0,0,Station Wagon/Sport Utility Vehicle,Station Wagon/Sport Utility Vehicle,0
18826287,4034979,11/29/2018,14:00,32aca266-a0e0-4e15-b3e2-385232021dbc,Bus,FORD-TRUCK/BUS,2005.0,8.0,M,Licensed,Going Straight Ahead,No Damage,No Damage,No Damage,No Damage,No Damage,N,,Passing Too Closely,Unspecified,QUEENS,11368.0,"(40.751656, -73.85873)",0.0,0.0,0,0,0,0,0,0,Bus,Sedan,0
17798491,3886657,04/23/2018,15:00,a7841e1d-9402-4aab-979c-2539695a5029,Sedan,NISS -CAR/SUV,2013.0,1.0,F,Licensed,Backing,Left Front Bumper,Left Front Bumper,Center Front End,Left Front Quarter Panel,No Damage,N,,Backing Unsafely,Unspecified,BROOKLYN,11201.0,"(40.688515, -73.99294)",0.0,0.0,0,0,0,0,0,0,Sedan,Station Wagon/Sport Utility Vehicle,0
18575624,3941581,07/14/2018,20:15,2a149190-55b1-4bb8-9321-9730a75d87b5,Station Wagon/Sport Utility Vehicle,MAZD -CAR/SUV,2003.0,1.0,M,Licensed,Making Left Turn,Other,No Damage,,,,N,,Failure to Yield Right-of-Way,Unspecified,,,"(40.79856, -73.96337)",0.0,0.0,0,0,0,0,0,0,Station Wagon/Sport Utility Vehicle,,0
18671920,3913630,06/02/2018,17:37,0ec584d5-3b3b-4f33-9d67-65e63ac955fe,Sedan,TOYT -CAR/SUV,2015.0,0.0,M,Licensed,Going Straight Ahead,Left Front Quarter Panel,Left Front Quarter Panel,,,,N,,Lane Marking Improper/Inadequate,Unspecified,MANHATTAN,10019.0,"(40.770313, -73.99141)",0.0,0.0,0,0,0,0,0,0,Station Wagon/Sport Utility Vehicle,Sedan,0
17821887,3890847,04/28/2018,10:00,db183cc9-500b-46bf-addc-b51ab40e6c11,Station Wagon/Sport Utility Vehicle,NISS -CAR/SUV,2002.0,2.0,F,Licensed,Going Straight Ahead,Right Front Quarter Panel,Right Front Quarter Panel,No Damage,No Damage,No Damage,N,,Driver Inattention/Distraction,Unspecified,BRONX,10454.0,"(40.8077, -73.92955)",0.0,0.0,0,0,0,0,0,0,Station Wagon/Sport Utility Vehicle,Station Wagon/Sport Utility Vehicle,0
17713441,3884829,04/18/2018,08:30,154c20aa-50aa-4e14-bbce-f7ea3fd69c45,Sedan,KIA -CAR/SUV,2012.0,1.0,F,Licensed,Stopped in Traffic,Center Back End,Center Back End,Left Rear Bumper,Right Rear Bumper,,N,,Unspecified,Unspecified,MANHATTAN,10031.0,"(40.824974, -73.94702)",1.0,0.0,0,0,0,0,1,0,Sedan,Bus,1
17752505,3859276,03/08/2018,17:00,fa772a9f-b3d2-473a-90a6-3327c8da4126,Sedan,HOND -CAR/SUV,2010.0,1.0,F,Licensed,Going Straight Ahead,Center Front End,Center Front End,,,,Unspecified,,Driver Inattention/Distraction,Following Too Closely,,,"(40.69168, -73.999344)",0.0,0.0,0,0,0,0,0,0,Sedan,Sedan,0
17767547,3895265,05/05/2018,05:00,7b11b9e8-a91c-476a-9cef-cb581d2d84bd,Sedan,NISS -CAR/SUV,2008.0,1.0,,,Going Straight Ahead,Right Front Bumper,Right Front Bumper,Right Front Quarter Panel,,,N,,Unsafe Speed,Other Vehicular,STATEN ISLAND,10312.0,"(40.565403, -74.18341)",0.0,0.0,0,0,0,0,0,0,Sedan,Station Wagon/Sport Utility Vehicle,0
18592641,3922563,06/17/2018,18:05,a2d185cb-c674-4c0d-b7be-f3991282c854,Pick-up Truck,TOYT -CAR/SUV,2017.0,1.0,M,Licensed,Going Straight Ahead,No Damage,No Damage,,,,Unspecified,,Unspecified,Unspecified,MANHATTAN,10040.0,"(40.862705, -73.92658)",1.0,0.0,0,0,0,0,1,0,Sedan,Pick-up Truck,1
18856238,4017966,11/10/2018,04:40,7fe99a9e-2e3d-42ff-8f94-d32cad5622c9,Sedan,TOYT -CAR/SUV,2016.0,1.0,M,Licensed,Going Straight Ahead,Right Rear Quarter Panel,Right Rear Quarter Panel,Right Rear Bumper,Right Side Doors,Center Back End,N,,Other Vehicular,Unspecified,QUEENS,11419.0,"(40.68795, -73.82502)",0.0,0.0,0,0,0,0,0,0,Sedan,Station Wagon/Sport Utility Vehicle,0
18677799,4045901,12/14/2018,19:28,f0ce0acd-8421-489e-9413-f013f5e41f7e,TRUCK,MACK,2011.0,1.0,M,Licensed,Going Straight Ahead,Left Front Quarter Panel,Left Front Quarter Panel,,,,N,,Unspecified,Unspecified,,,,0.0,0.0,0,0,0,0,0,0,Station Wagon/Sport Utility Vehicle,TRUCK,0
17789967,3861625,03/12/2018,10:45,bf2ae3a2-2874-45e7-8844-b24c5a39f213,Ambulance,FORD-TRUCK/BUS,2009.0,2.0,M,Licensed,Going Straight Ahead,Right Front Quarter Panel,No Damage,,,,N,,Oversized Vehicle,Unspecified,QUEENS,11435.0,"(40.708843, -73.815895)",0.0,0.0,0,0,0,0,0,0,Ambulance,Station Wagon/Sport Utility Vehicle,0
18685115,3940627,07/14/2018,11:59,803b910f-9f7e-4734-97b5-111297d08c1b,Taxi,TOYT -CAR/SUV,2013.0,1.0,M,Licensed,Going Straight Ahead,Right Front Bumper,Right Front Bumper,Right Front Quarter Panel,,,N,,Driver Inattention/Distraction,Unspecified,MANHATTAN,10022.0,"(40.758007, -73.96625)",0.0,0.0,0,0,0,0,0,0,Sedan,Taxi,0
18751862,3946063,07/21/2018,01:55,0459204e-09c4-4ae7-9b3a-6018375bb23d,Sedan,CHEV -CAR/SUV,2015.0,0.0,,,Parked,Left Front Quarter Panel,Left Front Quarter Panel,Left Rear Quarter Panel,Left Rear Quarter Panel,Other,N,,Unspecified,Unspecified,BRONX,10475.0,"(40.877476, -73.83661)",1.0,0.0,0,0,0,0,1,0,Sedan,Pick-up Truck,1
18637128,4017977,11/09/2018,19:55,188c098b-3c0c-4880-9971-023c60cb3668,Station Wagon/Sport Utility Vehicle,NISS -CAR/SUV,2016.0,1.0,M,Licensed,Merging,Left Rear Bumper,Left Rear Bumper,Center Back End,No Damage,No Damage,N,,Driver Inattention/Distraction,Backing Unsafely,,,,0.0,0.0,0,0,0,0,0,0,Station Wagon/Sport Utility Vehicle,Station Wagon/Sport Utility Vehicle,0
17800074,3870702,03/26/2018,20:06,90750bbc-7743-4455-91f7-927597617b8e,Sedan,NISS -CAR/SUV,2013.0,1.0,F,Licensed,Going Straight Ahead,Center Front End,No Damage,,,,N,,Following Too Closely,Unspecified,STATEN ISLAND,10308.0,"(40.54996, -74.15085)",0.0,0.0,0,0,0,0,0,0,Sedan,Station Wagon/Sport Utility Vehicle,0
18743070,3962855,08/16/2018,08:55,da465de9-9d4c-4fb8-9596-29c8aed6c0fd,Box Truck,FRHT-TRUCK/BUS,2005.0,1.0,M,Licensed,Making Left Turn,Right Front Bumper,Right Front Bumper,,,,N,,Oversized Vehicle,Unspecified,BRONX,10465.0,"(40.817863, -73.83852)",0.0,0.0,0,0,0,0,0,0,Sedan,Box Truck,0
18844994,4018511,11/10/2018,17:05,e21a2aa9-0392-4b95-a3da-b123ca62fa21,Station Wagon/Sport Utility Vehicle,TOYT -CAR/SUV,2008.0,1.0,M,Licensed,Changing Lanes,Center Front End,Center Front End,Left Front Bumper,Right Front Bumper,,Unspecified,,Unsafe Lane Changing,Unsafe Speed,,,,0.0,0.0,0,0,0,0,0,0,Station Wagon/Sport Utility Vehicle,Station Wagon/Sport Utility Vehicle,0
17696018,3838431,01/30/2018,20:20,cbf91587-0609-47cf-9963-4a5a7a46f3bf,Sedan,FORD -CAR/SUV,2014.0,1.0,M,Licensed,Going Straight Ahead,Left Side Doors,Left Side Doors,,,,N,,Driver Inattention/Distraction,Unspecified,,,"(40.851433, -73.93509)",0.0,0.0,0,0,0,0,0,0,Snow Plow,Sedan,0
18821455,4030398,11/21/2018,13:00,e2bebd82-0ff6-4585-8896-31132a6054fa,Sedan,CHEV -CAR/SUV,2013.0,1.0,F,Licensed,Starting from Parking,Left Front Bumper,Left Front Quarter Panel,Left Front Bumper,No Damage,No Damage,N,,Driver Inattention/Distraction,Driver Inexperience,QUEENS,11370.0,"(40.75841, -73.89159)",0.0,0.0,0,0,0,0,0,0,Sedan,Station Wagon/Sport Utility Vehicle,0
18721594,3931184,06/28/2018,14:00,26434094-0817-4bf4-8edf-1491ad643a47,Pick-up Truck,CHEV -CAR/SUV,2011.0,1.0,M,Licensed,Slowing or Stopping,Center Back End,Center Back End,Center Front End,,,N,,Unspecified,Unspecified,,,"(40.760452, -73.75383)",0.0,0.0,0,0,0,0,0,0,Sedan,Station Wagon/Sport Utility Vehicle,0
18882724,4037284,12/03/2018,10:19,bce2c1ed-cfc5-4682-9818-562e28c19c98,Sedan,AUDI -CAR/SUV,2012.0,1.0,M,Licensed,Changing Lanes,Right Front Quarter Panel,Right Front Quarter Panel,Right Side Doors,No Damage,No Damage,N,,Unsafe Lane Changing,Unspecified,,,,0.0,0.0,0,0,0,0,0,0,Sedan,Sedan,0
17747596,3853061,02/21/2018,09:15,bcba8125-8e9b-4a7e-8d32-2e8c0addcaff,Sedan,VOLK -CAR/SUV,2015.0,1.0,M,Licensed,Going Straight Ahead,Center Front End,Center Front End,Right Front Bumper,Left Front Bumper,No Damage,N,,Following Too Closely,Unspecified,,,"(40.70801, -73.95673)",1.0,0.0,0,0,0,0,1,0,Station Wagon/Sport Utility Vehicle,Sedan,1
17732899,3832792,01/21/2018,04:30,78038801-3054-4c05-8c16-8f06f05d9ac2,Station Wagon/Sport Utility Vehicle,HYUN -CAR/SUV,2016.0,2.0,M,Licensed,Going Straight Ahead,Undercarriage,Undercarriage,Left Front Quarter Panel,Right Front Quarter Panel,No Damage,N,,Unspecified,Unspecified,,,"(40.743324, -73.83379)",2.0,0.0,0,0,0,0,2,0,Sedan,Pick-up Truck,1
18890606,4054729,12/30/2018,10:45,f4ede019-df4d-4e64-8eee-d8dbd112658b,Station Wagon/Sport Utility Vehicle,HYUN -CAR/SUV,2016.0,3.0,F,Licensed,Going Straight Ahead,Center Front End,Center Front End,,,,N,,Failure to Yield Right-of-Way,Unspecified,QUEENS,11358.0,"(40.768673, -73.794365)",1.0,0.0,0,0,0,0,1,0,Sedan,Sedan,1
18853282,4008362,10/27/2018,09:45,00b78fe5-97d5-44f3-abb1-5703df3f9eb9,Sedan,HOND -CAR/SUV,2013.0,1.0,M,Licensed,Going Straight Ahead,Right Side Doors,Right Side Doors,,,,N,,Unspecified,Unspecified,,,"(40.725346, -73.77139)",0.0,0.0,0,0,0,0,0,0,Station Wagon/Sport Utility Vehicle,Sedan,0
18782996,3983144,09/18/2018,12:35,077caee5-26c6-4acb-ba8b-f9f9284ded21,Pick-up Truck,DODG -CAR/SUV,2001.0,0.0,M,Licensed,Going Straight Ahead,Right Front Bumper,Right Front Bumper,,,,N,,Pavement Slippery,Unspecified,,,"(40.581444, -74.1518)",0.0,0.0,0,0,0,0,0,0,Pick-up Truck,Station Wagon/Sport Utility Vehicle,0
17803587,3883408,04/14/2018,13:16,1e1059cc-6df8-4363-887e-ccfa56e67f74,PK,TOYT-TRUCK/BUS,2010.0,2.0,M,Licensed,Going Straight Ahead,No Damage,No Damage,,,,N,,Unspecified,Unspecified,BROOKLYN,11218.0,,1.0,0.0,1,0,0,0,0,0,PK,,1
18714040,3957031,08/07/2018,10:40,58512351-ae41-4116-9d25-1e9d4d88b719,Station Wagon/Sport Utility Vehicle,FORD -CAR/SUV,2007.0,1.0,M,Licensed,Going Straight Ahead,Left Front Quarter Panel,Left Front Quarter Panel,No Damage,No Damage,,N,,Unspecified,Unspecified,BRONX,10468.0,"(40.86166, -73.910965)",0.0,0.0,0,0,0,0,0,0,Taxi,Station Wagon/Sport Utility Vehicle,0
18884843,4008116,10/26/2018,18:30,c678aa1d-a965-4936-9524-9f5a35481cb2,Tractor Truck Diesel,FRHT-TRUCK/BUS,2017.0,1.0,M,Licensed,Making Right Turn,Trailer,Trailer,,,,N,,Turning Improperly,Unspecified,QUEENS,11356.0,"(40.78419, -73.84582)",0.0,0.0,0,0,0,0,0,0,Tractor Truck Diesel,Station Wagon/Sport Utility Vehicle,0
18738587,3976781,09/07/2018,12:53,abcedbd8-2a57-442e-bcdb-b73c66ab5cf0,Station Wagon/Sport Utility Vehicle,NISS -CAR/SUV,2017.0,1.0,M,Licensed,Merging,Left Side Doors,Left Side Doors,,,,N,,Passing or Lane Usage Improper,Unspecified,MANHATTAN,10013.0,"(40.720554, -74.00352)",0.0,0.0,0,0,0,0,0,0,Station Wagon/Sport Utility Vehicle,Station Wagon/Sport Utility Vehicle,0
18789688,3976810,09/07/2018,16:20,f155735c-ef44-47dc-95c0-cd41a8ac6773,Station Wagon/Sport Utility Vehicle,JEEP -CAR/SUV,2017.0,3.0,M,Licensed,Slowing or Stopping,Center Front End,Center Front End,Left Front Bumper,No Damage,No Damage,N,,Following Too Closely,Unspecified,,,,0.0,0.0,0,0,0,0,0,0,Station Wagon/Sport Utility Vehicle,Sedan,0
17794862,3897819,05/09/2018,12:03,7b132f50-7d73-429f-9c70-b1a5f8756f8b,Station Wagon/Sport Utility Vehicle,MERZ -CAR/SUV,2014.0,1.0,M,Licensed,Making Right Turn,Right Front Quarter Panel,Right Side Doors,Right Front Bumper,,,N,,Unspecified,Unspecified,,,"(40.681503, -73.904106)",0.0,0.0,0,0,0,0,0,0,Station Wagon/Sport Utility Vehicle,Station Wagon/Sport Utility Vehicle,0
18693621,3925221,06/16/2018,04:40,396cb8c4-bbf5-47ed-a394-8e2496163761,Sedan,HOND -CAR/SUV,2013.0,1.0,M,Licensed,Going Straight Ahead,Center Front End,Center Front End,Left Front Bumper,,,N,,Following Too Closely,Unspecified,,,,1.0,0.0,0,0,0,0,1,0,Station Wagon/Sport Utility Vehicle,Sedan,1
18674954,3961401,08/14/2018,16:45,fc8e2e16-bf9f-4c86-9006-07150f218d83,Station Wagon/Sport Utility Vehicle,SUBA -CAR/SUV,2000.0,1.0,M,Licensed,Going Straight Ahead,Right Front Quarter Panel,Right Front Quarter Panel,,,,N,,Driver Inattention/Distraction,Unspecified,BRONX,10461.0,"(40.84785, -73.84959)",0.0,0.0,0,0,0,0,0,0,Station Wagon/Sport Utility Vehicle,Station Wagon/Sport Utility Vehicle,0
17804343,3868063,03/23/2018,12:30,6adf23c5-c79f-4642-814a-1793766fae8f,Flat Bed,INTL-TRUCK/BUS,2006.0,1.0,M,Licensed,Going Straight Ahead,Right Front Quarter Panel,No Damage,,,,Unspecified,,Unspecified,Unspecified,MANHATTAN,10075.0,"(40.773335, -73.95506)",0.0,0.0,0,0,0,0,0,0,Flat Bed,Station Wagon/Sport Utility Vehicle,0
17677075,3822221,01/04/2018,06:22,f788d224-e7d2-4c83-8893-80d6d644efe5,Station Wagon/Sport Utility Vehicle,TOYT -CAR/SUV,2004.0,1.0,F,Licensed,Making Left Turn,Left Front Quarter Panel,Left Front Bumper,No Damage,No Damage,No Damage,N,,Pavement Slippery,Unspecified,,,"(40.66925, -73.93944)",0.0,0.0,0,0,0,0,0,0,Sedan,Station Wagon/Sport Utility Vehicle,0
18639876,3995445,10/07/2018,03:15,b945bc54-5a71-4a3e-93cb-2daa602aa2b2,Sedan,HOND -CAR/SUV,2007.0,1.0,,,Going Straight Ahead,Right Front Bumper,Right Front Bumper,Left Front Bumper,Center Front End,,N,,Failure to Yield Right-of-Way,Driver Inattention/Distraction,BRONX,10457.0,"(40.839767, -73.905396)",1.0,0.0,0,0,0,0,1,0,Sedan,Sedan,1
18819156,4033896,11/27/2018,19:15,8f883d7a-88b7-4701-9c57-29abff18687e,Station Wagon/Sport Utility Vehicle,FORD -CAR/SUV,2001.0,,,,Changing Lanes,,,,,,N,,Unsafe Lane Changing,Unsafe Lane Changing,BROOKLYN,11210.0,"(40.632885, -73.94771)",0.0,0.0,0,0,0,0,0,0,Station Wagon/Sport Utility Vehicle,Station Wagon/Sport Utility Vehicle,0
18842308,3934171,07/03/2018,19:15,bac06b25-7070-49ef-885a-57dfd28d8a25,Sedan,NISS -CAR/SUV,2014.0,5.0,M,Licensed,Making Left Turn,Right Side Doors,Right Rear Quarter Panel,,,,N,,Unspecified,Unspecified,QUEENS,11422.0,"(40.665348, -73.72986)",5.0,0.0,0,0,0,0,5,0,Sedan,,1
18718999,4002469,10/18/2018,04:50,3e4b98b7-5ecd-4f96-9064-4e473912448d,Sedan,NISS -CAR/SUV,2015.0,1.0,M,Licensed,Going Straight Ahead,Center Front End,Center Front End,Right Front Bumper,,,N,,Unsafe Speed,Driver Inattention/Distraction,BRONX,10460.0,"(40.84212, -73.88207)",1.0,0.0,0,0,0,0,1,0,Sedan,Sedan,1
17822825,3855905,03/02/2018,20:00,45562147-4ac2-4a49-9934-8a44ba4a68c8,Sedan,HOND -CAR/SUV,2006.0,1.0,M,Licensed,Slowing or Stopping,Center Back End,Center Back End,Right Rear Bumper,,,N,,Unspecified,Unspecified,QUEENS,11354.0,"(40.762333, -73.833176)",0.0,0.0,0,0,0,0,0,0,Sedan,Sedan,0