UNIQUE_ID,COLLISION_ID,CRASH_DATE,CRASH_TIME,VEHICLE_ID,VEHICLE_TYPE,VEHICLE_MAKE,VEHICLE_YEAR,VEHICLE_OCCUPANTS,DRIVER_SEX,DRIVER_LICENSE_STATUS,PRE_CRASH,POINT_OF_IMPACT,VEHICLE_DAMAGE,VEHICLE_DAMAGE_1,VEHICLE_DAMAGE_2,VEHICLE_DAMAGE_3,PUBLIC_PROPERTY_DAMAGE,PUBLIC_PROPERTY_DAMAGE_TYPE,CONTRIBUTING_FACTOR_1,CONTRIBUTING_FACTOR_2,BOROUGH,ZIP CODE,LOCATION,NUMBER OF PERSONS INJURED,NUMBER OF PERSONS KILLED,NUMBER OF PEDESTRIANS INJURED,NUMBER OF PEDESTRIANS KILLED,NUMBER OF CYCLIST INJURED,NUMBER OF CYCLIST KILLED,NUMBER OF MOTORIST INJURED,NUMBER OF MOTORIST KILLED,VEHICLE TYPE CODE 1,VEHICLE TYPE CODE 2,Severity
18709335,3920998,06/14/2018,17:47,cd3adf09-7ed3-4390-b94b-4075fa8231d9,Sedan,NISS -CAR/SUV,2008.0,1.0,M,Licensed,Making Left Turn,Center Front End,Center Front End,,,,N,,Unspecified,Unspecified,QUEENS,11414.0,"(40.664253, -73.83916)",0.0,0.0,0,0,0,0,0,0,Sedan,Sedan,0
17814852,3890604,04/29/2018,00:45,cb83b344-0553-45fd-872e-34fe71fe2386,Sedan,NISS -CAR/SUV,2016.0,1.0,M,Licensed,Going Straight Ahead,Right Front Quarter Panel,Right Front Quarter Panel,Right Side Doors,Right Side Doors,Right Front Quarter Panel,N,,Passing Too Closely,Passing Too Closely,,,"(40.691875, -73.80401)",0.0,0.0,0,0,0,0,0,0,Sedan,Sedan,0
18690956,3933281,06/30/2018,10:30,6497e4d0-ce21-4d23-97e5-15d80b64c262,Sedan,INFI -CAR/SUV,2008.0,1.0,F,Licensed,Going Straight Ahead,Right Front Quarter Panel,Right Front Quarter Panel,Right Side Doors,Right Rear Quarter Panel,,N,,Unspecified,Unspecified,BRONX,10475.0,"(40.869495, -73.82619)",0.0,0.0,0,0,0,0,0,0,Sedan,Station Wagon/Sport Utility Vehicle,0
17797568,3864421,03/16/2018,19:47,aa16516b-1e87-45af-9ddd-9d1890ad77f7,Sedan,KIA -CAR/SUV,2014.0,1.0,F,Licensed,Merging,Right Front Bumper,Right Front Bumper,Right Front Quarter Panel,,,N,,Unsafe Lane Changing,Unspecified,,,"(40.719475, -73.79263)",0.0,0.0,0,0,0,0,0,0,Sedan,Sedan,0
18632173,4015179,11/03/2018,05:15,fba89481-ef4e-49ff-9f97-9012157a254d,Taxi,NISS -CAR/SUV,2014.0,1.0,M,Licensed,Merging,Right Front Bumper,Right Front Bumper,,,,N,,Unsafe Lane Changing,Unsafe Lane Changing,,,"(40.822834, -73.941925)",0.0,0.0,0,0,0,0,0,0,Taxi,Sedan,0
18747211,3978036,09/08/2018,16:00,23d8f4e2-fcc6-4091-8feb-0439cc923568,Sedan,HOND -CAR/SUV,2015.0,1.0,M,Licensed,Going Straight Ahead,Left Front Bumper,Left Front Bumper,Center Front End,Other,,N,,Driver Inattention/Distraction,Unspecified,,,"(40.868282, -73.90107)",0.0,0.0,0,0,0,0,0,0,Sedan,,0
17816485,3862863,03/14/2018,08:33,3f258f2f-4250-497e-8c6f-1fc3958fddd1,Station Wagon/Sport Utility Vehicle,FORD -CAR/SUV,2002.0,1.0,M,Licensed,Going Straight Ahead,No Damage,No Damage,No Damage,No Damage,No Damage,N,,View Obstructed/Limited,Unspecified,BROOKLYN,11207.0,"(40.666718, -73.89162)",0.0,0.0,0,0,0,0,0,0,Station Wagon/Sport Utility Vehicle,Station Wagon/Sport Utility Vehicle,0
18697962,3945820,07/21/2018,23:02,5ac99d45-e05e-486a-8f74-243658bc7240,Sedan,TOYT -CAR/SUV,2009.0,1.0,M,Licensed,Changing Lanes,Right Front Quarter Panel,Right Front Quarter Panel,Right Front Bumper,,,N,,Passing or Lane Usage Improper,Unspecified,MANHATTAN,10001.0,"(40.747894, -73.989174)",0.0,0.0,0,0,0,0,0,0,Sedan,Taxi,0
18685239,3927923,06/22/2018,14:45,471d1032-3d9d-4067-8ec5-aba784063e9b,Sedan,FORD -CAR/SUV,2014.0,0.0,M,Licensed,Parked,Left Rear Quarter Panel,Left Rear Quarter Panel,,,,N,,Unspecified,Unspecified,,,"(40.817387, -73.92277)",0.0,0.0,0,0,0,0,0,0,Sedan,,0
17825013,3882911,04/16/2018,18:41,57f1ff81-40ac-4323-9d90-b63ae6c21466,Station Wagon/Sport Utility Vehicle,STRN -CAR/SUV,2006.0,1.0,M,Licensed,Making U Turn,No Damage,No Damage,,,,N,,Unspecified,Unspecified,BRONX,10466.0,"(40.90057, -73.84286)",0.0,0.0,0,0,0,0,0,0,Station Wagon/Sport Utility Vehicle,Station Wagon/Sport Utility Vehicle,0
18587563,3950054,07/28/2018,11:30,7562fb03-762b-4366-86f5-7b27c44df9b2,Station Wagon/Sport Utility Vehicle,NISS -CAR/SUV,2012.0,2.0,F,Licensed,Stopped in Traffic,Right Front Quarter Panel,Right Front Quarter Panel,Right Front Bumper,Right Front Bumper,Right Front Bumper,N,,Unspecified,Unspecified,MANHATTAN,10002.0,"(40.713367, -73.98241)",0.0,0.0,0,0,0,0,0,0,Station Wagon/Sport Utility Vehicle,Station Wagon/Sport Utility Vehicle,0
17821747,3868601,03/24/2018,17:09,7ce5dbfe-833d-49bb-9f3f-205b55e23722,Taxi,TOYT -CAR/SUV,2016.0,2.0,M,Licensed,Going Straight Ahead,Center Front End,Center Front End,Left Front Bumper,Right Front Bumper,No Damage,N,,Driver Inattention/Distraction,Following Too Closely,,,"(40.75747, -73.95583)",2.0,0.0,0,0,0,0,2,0,Taxi,Station Wagon/Sport Utility Vehicle,1
18752492,3997157,10/09/2018,08:45,43e488a0-9af1-4929-981b-ef39965a5a58,Motorcycle,YAMA -MCL,2015.0,1.0,M,Licensed,Going Straight Ahead,Center Front End,Center Front End,Center Front End,Center Front End,Center Front End,N,,Following Too Closely,Following Too Closely,QUEENS,11374.0,"(40.718277, -73.86358)",1.0,0.0,0,0,0,0,1,0,Sedan,Motorcycle,1
17719068,3839007,02/01/2018,19:33,a3c7b607-9ae0-4026-bf59-b21f3a99754f,Sedan,NISS -CAR/SUV,2000.0,2.0,F,Licensed,Going Straight Ahead,Left Front Quarter Panel,Left Front Quarter Panel,Left Front Bumper,Center Front End,,N,,Unspecified,Unspecified,BRONX,10455.0,"(40.814934, -73.91496)",0.0,0.0,0,0,0,0,0,0,Sedan,,0
18708198,4036201,12/01/2018,14:11,721ef81a-e896-43fa-acc4-143a40443907,Station Wagon/Sport Utility Vehicle,TOYT -CAR/SUV,2013.0,1.0,F,Licensed,Making Right Turn,Right Side Doors,Right Rear Quarter Panel,,,,N,,Passing Too Closely,Passing Too Closely,BROOKLYN,11215.0,"(40.67156, -73.97901)",0.0,0.0,0,0,0,0,0,0,Station Wagon/Sport Utility Vehicle,Station Wagon/Sport Utility Vehicle,0
17813645,3890607,04/27/2018,19:15,8ab7e778-c7d9-43ef-aa27-e1d0acb3a84e,Sedan,TOYT -CAR/SUV,2014.0,1.0,M,Licensed,Going Straight Ahead,Left Rear Quarter Panel,Left Rear Quarter Panel,,,,N,,Unspecified,Unspecified,QUEENS,11432.0,"(40.708076, -73.78238)",0.0,0.0,0,0,0,0,0,0,Sedan,Taxi,0
18785428,3996935,10/09/2018,13:30,786e6f65-3ad7-47e6-a1a4-8e98c215d5ce,Taxi,NISS -CAR/SUV,2017.0,1.0,F,Licensed,Going Straight Ahead,Left Side Doors,Left Side Doors,,,,N,,Unspecified,Unspecified,QUEENS,11372.0,"(40.753048, -73.89155)",0.0,0.0,0,0,0,0,0,0,Station Wagon/Sport Utility Vehicle,Taxi,0
17744277,3843739,02/09/2018,17:00,31f137fb-5c42-4181-a4bb-1bbc496b33d7,Sedan,HOND -CAR/SUV,2014.0,1.0,F,Licensed,Going Straight Ahead,Left Rear Bumper,Left Rear Bumper,Left Rear Quarter Panel,Center Back End,,N,,Unspecified,Unspecified,,,"(40.679455, -73.8578)",0.0,0.0,0,0,0,0,0,0,Pick-up Truck,Sedan,0
18645286,3910947,05/29/2018,20:04,5f61870f-3165-45e5-83d2-7e0f7d8423df,Station Wagon/Sport Utility Vehicle,HYUN -CAR/SUV,2004.0,1.0,M,Licensed,Going Straight Ahead,Left Front Quarter Panel,Left Front Quarter Panel,Left Side Doors,Left Rear Quarter Panel,,N,,Unspecified,Unspecified,BROOKLYN,11223.0,"(40.60988, -73.96338)",1.0,0.0,0,0,0,0,1,0,Sedan,Station Wagon/Sport Utility Vehicle,1
18782007,4019864,11/05/2018,00:01,ea27c011-72ec-41b9-a539-959834af8b97,Station Wagon/Sport Utility Vehicle,HOND -CAR/SUV,2006.0,1.0,M,Licensed,Making Right Turn,Right Rear Quarter Panel,Right Rear Quarter Panel,,,,N,,Unspecified,Unspecified,,,"(40.699955, -73.98682)",0.0,0.0,0,0,0,0,0,0,Station Wagon/Sport Utility Vehicle,Sedan,0
17811198,3881425,04/15/2018,06:10,96aca294-024c-44c9-bd42-8f168ed17951,Sedan,TOYT -CAR/SUV,2015.0,0.0,,,Parked,Left Rear Quarter Panel,Left Rear Quarter Panel,Left Side Doors,Left Front Quarter Panel,Left Front Bumper,Unspecified,,Unspecified,Unspecified,BROOKLYN,11206.0,"(40.706364, -73.93792)",0.0,0.0,0,0,0,0,0,0,Sedan,Sedan,0
17695032,3844792,02/10/2018,13:55,96e8c381-1d1c-4516-8782-dc2cbe84f084,Station Wagon/Sport Utility Vehicle,KIA -CAR/SUV,2015.0,4.0,M,Licensed,Slowing or Stopping,Right Rear Bumper,Left Rear Bumper,Center Back End,Left Rear Bumper,No Damage,N,,Other Vehicular,Unspecified,BROOKLYN,11233.0,"(40.676838, -73.91831)",0.0,0.0,0,0,0,0,0,0,Station Wagon/Sport Utility Vehicle,Sedan,0
17837486,3892579,05/02/2018,12:07,b7e6c8f6-4a65-4561-8897-cac6aa5410b4,Station Wagon/Sport Utility Vehicle,TOYT -CAR/SUV,2015.0,1.0,M,Licensed,Making Left Turn,Center Front End,Center Front End,Left Front Bumper,Right Front Bumper,,N,,Failure to Yield Right-of-Way,Turning Improperly,,,"(40.762264, -73.78527)",0.0,0.0,0,0,0,0,0,0,Station Wagon/Sport Utility Vehicle,Station Wagon/Sport Utility Vehicle,0
18773641,3982284,09/14/2018,10:40,1314d534-ab27-43a5-bd86-ded18cd3068c,Box Truck,ISU-TRUCK/BUS,2018.0,1.0,M,Licensed,Backing,Right Rear Quarter Panel,Right Rear Quarter Panel,Right Side Doors,,,Unspecified,,Backing Unsafely,View Obstructed/Limited,BROOKLYN,11237.0,"(40.708218, -73.92492)",0.0,0.0,0,0,0,0,0,0,Station Wagon/Sport Utility Vehicle,Box Truck,0
19665658,3992978,10/03/2018,19:54,d6ea4cb4-0e3b-483d-8462-b8eb217b32de,Sedan,BMW -CAR/SUV,2016.0,1.0,M,Licensed,Going Straight Ahead,Center Front End,Center Front End,Left Front Bumper,Right Front Bumper,,N,,Driver Inattention/Distraction,Following Too Closely,,,"(40.64137, -73.87729)",0.0,0.0,0,0,0,0,0,0,Station Wagon/Sport Utility Vehicle,Sedan,0
18722540,3947288,07/23/2018,20:50,5b31db24-5803-42f6-bf1c-6a1234a40540,Station Wagon/Sport Utility Vehicle,BMW -CAR/SUV,2015.0,0.0,,,Parked,Right Side Doors,Right Side Doors,,,,N,,Unspecified,Unspecified,BROOKLYN,11237.0,"(40.704716, -73.92875)",0.0,0.0,0,0,0,0,0,0,Station Wagon/Sport Utility Vehicle,,0
17829523,3872762,03/30/2018,11:20,503081d3-944d-490e-842e-5fcef4b45e6e,Tractor Truck Diesel,FRHT,2014.0,1.0,M,Licensed,Making Left Turn,Right Rear Bumper,No Damage,,,,N,,Turning Improperly,Unspecified,,,"(40.73869, -73.94093)",0.0,0.0,0,0,0,0,0,0,Tractor Truck Diesel,Station Wagon/Sport Utility Vehicle,0
19518648,3821069,01/01/2018,03:14,241fc6f4-c8f6-4fe3-93fd-e7c96134da01,Station Wagon/Sport Utility Vehicle,TOYT -CAR/SUV,2015.0,1.0,M,Licensed,Going Straight Ahead,Center Front End,Center Front End,Left Front Bumper,Right Front Bumper,,N,,Following Too Closely,Unspecified,BRONX,10459.0,"(40.826786, -73.892944)",1.0,0.0,0,0,0,0,1,0,Station Wagon/Sport Utility Vehicle,Station Wagon/Sport Utility Vehicle,1
18789757,3987165,09/24/2018,17:33,70997fa6-73f7-4e14-a2e8-f5fad44763db,Station Wagon/Sport Utility Vehicle,NISS -CAR/SUV,2018.0,2.0,M,Licensed,Making Left Turn,Left Front Quarter Panel,Left Front Quarter Panel,Left Front Bumper,Center Front End,Left Front Bumper,N,,Turning Improperly,Unspecified,BRONX,10454.0,"(40.803593, -73.919785)",1.0,0.0,0,0,0,0,1,0,Station Wagon/Sport Utility Vehicle,,1
19531137,3827648,01/08/2018,10:11,c25a6957-bcc2-4237-9420-d4d8d30a2fcb,PK,CHEV-TRUCK/BUS,2017.0,1.0,M,Licensed,Slowing or Stopping,Center Back End,No Damage,,,,N,,Unspecified,Unspecified,,,"(40.757797, -73.899765)",0.0,0.0,0,0,0,0,0,0,Sedan,PK,0
18881295,3990246,09/29/2018,20:25,74eb186d-6844-4595-8b68-dfd2f30cfafa,Station Wagon/Sport Utility Vehicle,TOYT -CAR/SUV,2017.0,3.0,M,Licensed,Starting from Parking,Right Side Doors,Right Side Doors,Right Rear Quarter Panel,,,N,,Failure to Yield Right-of-Way,Unspecified,QUEENS,11354.0,"(40.761547, -73.83113)",0.0,0.0,0,0,0,0,0,0,Station Wagon/Sport Utility Vehicle,Sedan,0
17778623,3863437,03/15/2018,18:40,e8dbfdee-f4bd-4bd5-af70-1d8690f30bbc,Station Wagon/Sport Utility Vehicle,TOYT -CAR/SUV,2015.0,1.0,M,Licensed,Going Straight Ahead,Right Front Bumper,Right Front Quarter Panel,,,,N,,Unsafe Speed,Unsafe Speed,MANHATTAN,10017.0,"(40.755405, -73.97949)",1.0,0.0,1,0,0,0,0,0,Sedan,Station Wagon/Sport Utility Vehicle,1
17737700,3846123,02/14/2018,20:00,1f833b40-1530-4c63-a92c-6447742d3a51,Station Wagon/Sport Utility Vehicle,MAZD -CAR/SUV,2016.0,1.0,F,Licensed,Going Straight Ahead,Right Rear Quarter Panel,Right Rear Quarter Panel,Right Side Doors,Right Front Quarter Panel,,N,,Unspecified,Unspecified,,,"(40.6665, -73.9962)",1.0,0.0,0,0,0,0,1,0,Taxi,Station Wagon/Sport Utility Vehicle,1
18609346,3917532,06/09/2018,10:30,3eb18d3b-2751-44f7-ab3d-334a64c0e78a,Sedan,AUDI -CAR/SUV,2014.0,1.0,M,Licensed,Making Right Turn,Right Rear Quarter Panel,Right Rear Quarter Panel,Right Side Doors,,,N,,Turning Improperly,Unspecified,BROOKLYN,11203.0,"(40.660233, -73.93712)",0.0,0.0,0,0,0,0,0,0,Sedan,Sedan,0
17756624,3873308,03/31/2018,16:20,81f359ac-6b9f-473a-9328-1fc97767f4ce,Sedan,NISS -CAR/SUV,2012.0,1.0,M,Licensed,Going Straight Ahead,Left Rear Quarter Panel,Left Rear Quarter Panel,Left Side Doors,No Damage,No Damage,N,,Unspecified,Unspecified,,,"(40.694687, -73.95521)",1.0,0.0,0,0,0,0,1,0,Station Wagon/Sport Utility Vehicle,Sedan,1
18665819,3915170,06/05/2018,18:30,502a8b93-b3d2-44e3-a75a-b822081c6446,Sedan,CHEV -CAR/SUV,2011.0,0.0,,,Parked,Right Rear Quarter Panel,Right Rear Quarter Panel,Right Front Quarter Panel,Right Front Bumper,Right Rear Quarter Panel,N,,Unspecified,Unspecified,BROOKLYN,11203.0,"(40.654976, -73.936554)",0.0,0.0,0,0,0,0,0,0,Station Wagon/Sport Utility Vehicle,Sedan,0
18775604,4002050,10/15/2018,09:56,416448da-ede2-4734-83b1-048b237a5345,Station Wagon/Sport Utility Vehicle,DODG -CAR/SUV,2013.0,1.0,M,Licensed,Going Straight Ahead,Center Front End,Center Front End,Left Front Bumper,Right Front Bumper,Center Back End,N,,Following Too Closely,Unspecified,,,,1.0,0.0,0,0,0,0,1,0,Station Wagon/Sport Utility Vehicle,Station Wagon/Sport Utility Vehicle,1
18871656,4051853,12/22/2018,02:10,39576fc6-3cc3-4b5e-81fe-1a3ccfcdd800,Sedan,TOYT -CAR/SUV,2011.0,3.0,M,Licensed,Going Straight Ahead,Left Side Doors,Left Front Quarter Panel,Center Front End,Right Side Doors,Right Front Quarter Panel,N,,Unspecified,Unspecified,,,"(40.768642, -73.949036)",3.0,0.0,0,0,0,0,3,0,Sedan,,1
17726781,3845322,02/11/2018,20:50,c36425fd-6696-4610-91fc-0fdb156434a9,Sedan,INFI -CAR/SUV,2015.0,1.0,M,Licensed,Making Left Turn,Left Front Bumper,Left Front Bumper,Center Front End,Left Front Quarter Panel,No Damage,N,,Failure to Yield Right-of-Way,Unspecified,BROOKLYN,11223.0,"(40.60115, -73.97839)",1.0,0.0,1,0,0,0,0,0,Sedan,,1
17722023,3841604,02/05/2018,18:21,2eff2741-7db0-456f-9c9f-0d861d38e570,Sedan,NISS -CAR/SUV,2014.0,0.0,M,Licensed,Going Straight Ahead,Left Front Bumper,Right Front Bumper,Center Front End,,,N,,Passenger Distraction,Following Too Closely,,,"(40.845078, -73.91111)",0.0,0.0,0,0,0,0,0,0,Station Wagon/Sport Utility Vehicle,Sedan,0
17757355,3882554,04/17/2018,20:08,0bad2e8a-6046-4824-b02b-cfcb1f3c456a,Station Wagon/Sport Utility Vehicle,HOND -CAR/SUV,2006.0,0.0,,,Parked,Left Rear Quarter Panel,Left Rear Quarter Panel,Left Side Doors,Left Rear Bumper,,N,,Unspecified,Unspecified,BRONX,10474.0,"(40.814503, -73.88649)",0.0,0.0,0,0,0,0,0,0,Station Wagon/Sport Utility Vehicle,,0
17770939,3855431,02/25/2018,20:25,58fa0652-d15b-44fd-8154-3ae608b6fe6c,Sedan,BMW -CAR/SUV,2008.0,1.0,F,Licensed,Going Straight Ahead,Center Front End,Demolished,Demolished,Demolished,Demolished,N,,Driver Inexperience,Aggressive Driving/Road Rage,BRONX,10466.0,"(40.89562, -73.84375)",0.0,0.0,0,0,0,0,0,0,Sedan,Sedan,0
18630290,3930230,06/25/2018,00:00,1b948d54-8df5-467c-80ce-c7b329e8dec6,Pick-up Truck,WANC,2012.0,1.0,,,Going Straight Ahead,No Damage,No Damage,No Damage,No Damage,No Damage,N,,Driver Inattention/Distraction,View Obstructed/Limited,,,"(40.844105, -73.898)",0.0,0.0,0,0,0,0,0,0,Sedan,Pick-up Truck,0
18831139,4000667,10/15/2018,07:00,91cac01f-7094-4362-84b3-b1d066c1e3a0,Sedan,NISS -CAR/SUV,2017.0,1.0,M,Licensed,Stopped in Traffic,Center Back End,Center Back End,,,,N,,Unspecified,Unspecified,,,"(40.702667, -73.86516)",1.0,0.0,0,0,0,0,1,0,Station Wagon/Sport Utility Vehicle,Bus,1
18779450,3991918,10/01/2018,23:20,7ad57d77-a380-45c2-aa1f-dd838e8a8e98,Sedan,HOND -CAR/SUV,2013.0,1.0,M,Licensed,Merging,Right Front Quarter Panel,Right Side Doors,No Damage,No Damage,No Damage,N,,Unspecified,Unspecified,,,"(40.766685, -73.892136)",0.0,0.0,0,0,0,0,0,0,Sedan,Sedan,0
17757648,3856674,03/03/2018,14:15,10ac205b-89a0-4492-8c6e-fe4c7112d19b,Sedan,FORD -CAR/SUV,2015.0,1.0,M,Licensed,Going Straight Ahead,Right Front Bumper,Right Front Quarter Panel,Right Front Bumper,,,N,,Following Too Closely,Unspecified,,,"(40.859444, -73.915985)",0.0,0.0,0,0,0,0,0,0,Station Wagon/Sport Utility Vehicle,Sedan,0
18806703,3987615,09/25/2018,16:30,fc3ff78d-e54f-4683-a720-cfd8f5ebf2ff,Sedan,JEEP -CAR/SUV,2007.0,1.0,M,Licensed,Entering Parked Position,Right Front Quarter Panel,Right Front Quarter Panel,Right Front Bumper,No Damage,No Damage,N,,Following Too Closely,Driver Inattention/Distraction,STATEN ISLAND,10306.0,"(40.566658, -74.113594)",0.0,0.0,0,0,0,0,0,0,Sedan,Sedan,0
18710184,3918459,06/09/2018,14:45,4208f410-6d57-4d07-bd57-dd80bee60198,Station Wagon/Sport Utility Vehicle,HUMM -CAR/SUV,2006.0,4.0,F,Licensed,Stopped in Traffic,Center Back End,Center Back End,,,,N,,Unspecified,Unspecified,,,"(40.738945, -73.81228)",0.0,0.0,0,0,0,0,0,0,Station Wagon/Sport Utility Vehicle,Station Wagon/Sport Utility Vehicle,0
17685394,3829107,01/14/2018,19:17,9160fcea-5c72-47dc-8bbc-597ee4c38e88,Station Wagon/Sport Utility Vehicle,ACUR -CAR/SUV,2012.0,0.0,M,Licensed,Parked,Right Rear Quarter Panel,Right Rear Quarter Panel,Right Side Doors,Right Front Quarter Panel,,N,,Unspecified,Unspecified,MANHATTAN,10040.0,"(40.85874, -73.93013)",0.0,0.0,0,0,0,0,0,0,Station Wagon/Sport Utility Vehicle,,0
18695819,3995693,10/05/2018,19:00,d0dddba6-1bae-48e0-80a3-e380ff2ec65c,Sedan,INFI -CAR/SUV,2011.0,0.0,M,Licensed,Parked,Right Rear Quarter Panel,Right Rear Quarter Panel,Right Front Quarter Panel,,,N,,Unspecified,Unspecified,BROOKLYN,11221.0,"(40.693703, -73.92381)",0.0,0.0,0,0,0,0,0,0,Sedan,,0
18640794,3946009,07/22/2018,04:50,404fa413-9446-44ff-b04d-70ed52a45447,Sedan,HOND -CAR/SUV,2017.0,1.0,M,Licensed,Going Straight Ahead,Left Front Bumper,Left Front Bumper,Center Front End,Right Front Bumper,Right Front Quarter Panel,N,,Unspecified,Unspecified,,,"(40.700054, -73.92459)",1.0,0.0,0,0,0,0,1,0,Sedan,Station Wagon/Sport Utility Vehicle,1
18685626,3968932,08/26/2018,09:41,38a7dd9c-c7e0-49e0-8377-dd7fdf3d9d95,Sedan,HYUN -CAR/SUV,2007.0,4.0,,,Making Right Turn,Center Front End,Center Front End,,,,N,,Following Too Closely,Unspecified,BROOKLYN,11233.0,"(40.67619, -73.9081)",0.0,0.0,0,0,0,0,0,0,Sedan,Sedan,0
18644134,3950960,07/27/2018,18:00,50aae871-aef3-4889-8652-0dac681f2153,Sedan,HOND -CAR/SUV,2008.0,2.0,F,Licensed,Entering Parked Position,Center Back End,Center Back End,,,,N,,Driver Inattention/Distraction,Unspecified,BROOKLYN,11221.0,"(40.696007, -73.91917)",0.0,0.0,0,0,0,0,0,0,Sedan,Station Wagon/Sport Utility Vehicle,0
18824987,3985723,09/22/2018,23:15,a6c0e41c-1503-400c-bb7d-d3210a055867,Sedan,TOYT -CAR/SUV,2017.0,0.0,M,Licensed,Going Straight Ahead,Right Front Bumper,Right Front Bumper,Right Front Quarter Panel,Center Front End,,N,,Driver Inattention/Distraction,Unspecified,,,"(40.664253, -73.83916)",0.0,0.0,0,0,0,0,0,0,Sedan,Sedan,0
17732753,3842016,02/07/2018,10:15,2f0a230d-8bb4-4947-ab1b-5bc60b3c0be7,Station Wagon/Sport Utility Vehicle,TOYT -CAR/SUV,1998.0,1.0,M,Licensed,Merging,Left Front Bumper,Left Front Bumper,Center Front End,Right Front Bumper,Left Front Quarter Panel,N,,Pavement Slippery,Unspecified,,,"(40.744892, -73.77022)",3.0,0.0,0,0,0,0,3,0,Sedan,Station Wagon/Sport Utility Vehicle,1
18768264,3931263,06/28/2018,12:00,33af3ec1-3428-491b-8523-787cad43ae03,Tractor Truck Diesel,INT,2006.0,2.0,M,Licensed,Making Left Turn,Right Rear Bumper,Right Rear Bumper,,,,N,,Driver Inattention/Distraction,Unspecified,QUEENS,11378.0,"(40.73128, -73.92347)",0.0,0.0,0,0,0,0,0,0,Station Wagon/Sport Utility Vehicle,Tractor Truck Diesel,0
17743426,3849611,02/19/2018,18:20,b75719fd-950b-4a3b-b859-7cf39e1b5390,Bus,FRHT-TRUCK/BUS,2014.0,1.0,M,Licensed,Slowing or Stopping,Center Front End,Center Front End,No Damage,No Damage,No Damage,N,,Following Too Closely,Unspecified,QUEENS,11373.0,"(40.74038, -73.87905)",0.0,0.0,0,0,0,0,0,0,Bus,Sedan,0
17839620,3900400,05/14/2018,18:20,c17a6616-7e52-471b-8e11-8fc24bbaab06,Station Wagon/Sport Utility Vehicle,JEEP -CAR/SUV,2016.0,1.0,M,Licensed,Going Straight Ahead,Center Front End,Left Front Bumper,,,,N,,Driver Inattention/Distraction,Unspecified,BROOKLYN,11211.0,"(40.708534, -73.96258)",0.0,0.0,0,0,0,0,0,0,Sedan,Station Wagon/Sport Utility Vehicle,0
17747083,3863102,03/15/2018,21:36,0e923d8a-1c4a-4204-bdce-60a427424e7d,Station Wagon/Sport Utility Vehicle,FORD -CAR/SUV,2006.0,1.0,M,Unlicensed,Going Straight Ahead,Center Front End,Center Front End,,,,N,,Unspecified,Unspecified,STATEN ISLAND,10301.0,"(40.638268, -74.0788)",0.0,0.0,0,0,0,0,0,0,Station Wagon/Sport Utility Vehicle,Station Wagon/Sport Utility Vehicle,0
18580858,3912066,05/31/2018,17:15,d67baaf7-7cb1-49c1-aed0-a79101ef33ad,Sedan,HOND -CAR/SUV,2011.0,1.0,M,Licensed,Going Straight Ahead,Center Front End,Center Front End,,,,N,,Unspecified,Unspecified,BROOKLYN,11231.0,"(40.678417, -74.00006)",0.0,0.0,0,0,0,0,0,0,Sedan,Sedan,0
17692749,3828448,01/11/2018,17:00,8dd57e89-fdce-4e27-9087-f531e2ce1fc1,Station Wagon/Sport Utility Vehicle,BMW -CAR/SUV,2017.0,1.0,F,Licensed,Going Straight Ahead,Right Front Quarter Panel,Right Front Bumper,No Damage,No Damage,No Damage,N,,Unspecified,Unspecified,,,"(40.663227, -73.93159)",0.0,0.0,0,0,0,0,0,0,Sedan,Station Wagon/Sport Utility Vehicle,0
18718123,3984341,09/15/2018,06:00,05957cd7-75d2-474b-973d-a29edb75ff90,Bus,MCIN-TRUCK/BUS,2017.0,1.0,M,Licensed,Making Right Turn,Right Rear Quarter Panel,Right Rear Quarter Panel,,,,Unspecified,,Passing Too Closely,Oversized Vehicle,MANHATTAN,10018.0,"(40.758976, -73.99394)",0.0,0.0,0,0,0,0,0,0,Sedan,Bus,0
18620187,3923623,06/14/2018,18:15,ba35ff22-190f-498b-b196-e73a4f2d3c71,Sedan,NISS -CAR/SUV,2017.0,1.0,M,Licensed,Going Straight Ahead,Left Front Bumper,Left Front Bumper,,,,N,,Following Too Closely,Unspecified,MANHATTAN,10012.0,"(40.723366, -73.99571)",0.0,0.0,0,0,0,0,0,0,Pick-up Truck,Sedan,0
18815009,4056162,12/18/2018,11:34,bd17cafe-35e2-461a-856e-2580c16398f5,Sedan,HOND -CAR/SUV,2017.0,3.0,M,Licensed,Going Straight Ahead,Left Side Doors,Left Side Doors,No Damage,No Damage,No Damage,N,,Driver Inattention/Distraction,Driver Inattention/Distraction,,,"(40.719837, -74.005196)",0.0,0.0,0,0,0,0,0,0,Sedan,Pick-up Truck,0
17852873,3888103,04/25/2018,12:12,e00a691d-5e4f-412d-ae31-d86bdc223974,Pick-up Truck,INTL -CAR/SUV,2007.0,1.0,M,Licensed,Going Straight Ahead,Right Rear Bumper,No Damage,No Damage,No Damage,No Damage,N,,Driver Inattention/Distraction,Unspecified,QUEENS,11378.0,"(40.72441, -73.91452)",0.0,0.0,0,0,0,0,0,0,Pick-up Truck,Station Wagon/Sport Utility Vehicle,0