UNIQUE_ID,COLLISION_ID,CRASH_DATE,CRASH_TIME,VEHICLE_ID,VEHICLE_TYPE,VEHICLE_MAKE,VEHICLE_YEAR,VEHICLE_OCCUPANTS,DRIVER_SEX,DRIVER_LICENSE_STATUS,PRE_CRASH,POINT_OF_IMPACT,VEHICLE_DAMAGE,VEHICLE_DAMAGE_1,VEHICLE_DAMAGE_2,VEHICLE_DAMAGE_3,PUBLIC_PROPERTY_DAMAGE,PUBLIC_PROPERTY_DAMAGE_TYPE,CONTRIBUTING_FACTOR_1,CONTRIBUTING_FACTOR_2,BOROUGH,ZIP CODE,LOCATION,NUMBER OF PERSONS INJURED,NUMBER OF PERSONS KILLED,NUMBER OF PEDESTRIANS INJURED,NUMBER OF PEDESTRIANS KILLED,NUMBER OF CYCLIST INJURED,NUMBER OF CYCLIST KILLED,NUMBER OF MOTORIST INJURED,NUMBER OF MOTORIST KILLED,VEHICLE TYPE CODE 1,VEHICLE TYPE CODE 2,Severity
17731451,3836166,01/28/2018,09:20,bec00400-fb67-47f3-9c26-0caa8a90f98e,Station Wagon/Sport Utility Vehicle,AUDI -CAR/SUV,2017.0,1.0,F,Licensed,Going Straight Ahead,Right Rear Quarter Panel,Right Rear Quarter Panel,,,,N,,Pavement Slippery,Unspecified,,,"(40.76815, -73.89714)",0.0,0.0,0,0,0,0,0,0,Sedan,Station Wagon/Sport Utility Vehicle,0
18311896,3838504,02/01/2018,10:00,6e9c15c0-ca9c-446b-9cb4-dedd8c6e6b15,Sedan,TOYT -CAR/SUV,2016.0,1.0,M,,Going Straight Ahead,Left Rear Quarter Panel,Left Rear Quarter Panel,Left Rear Bumper,No Damage,No Damage,N,,Unspecified,Unspecified,,,,0.0,0.0,0,0,0,0,0,0,Box Truck,Sedan,0
18798795,3966771,08/23/2018,17:00,287e2d5b-7b58-40c2-85c8-617ee8dcb3de,Station Wagon/Sport Utility Vehicle,MITS -CAR/SUV,2011.0,1.0,M,Licensed,Slowing or Stopping,Left Front Bumper,Left Front Bumper,Center Front End,,,N,,Following Too Closely,Unspecified,,,"(40.726444, -73.76579)",0.0,0.0,0,0,0,0,0,0,Sedan,Station Wagon/Sport Utility Vehicle,0
17827922,3882083,04/13/2018,23:00,ca1ffc5a-b43a-4c0f-8e91-f4307dac2723,Station Wagon/Sport Utility Vehicle,MERC -CAR/SUV,2002.0,0.0,M,Licensed,Going Straight Ahead,Center Front End,No Damage,,,,N,,Driver Inattention/Distraction,Unspecified,,,"(40.75837, -201.23706)",0.0,0.0,0,0,0,0,0,0,Station Wagon/Sport Utility Vehicle,Station Wagon/Sport Utility Vehicle,0
18803942,4027674,11/16/2018,01:00,89e59a24-d6bc-4840-82fa-7ce700d19479,Station Wagon/Sport Utility Vehicle,GMC -CAR/SUV,2005.0,1.0,M,Licensed,Going Straight Ahead,Right Front Quarter Panel,Right Front Quarter Panel,No Damage,No Damage,No Damage,N,,Unspecified,Unspecified,MANHATTAN,10022.0,"(40.759575, -73.96803)",0.0,0.0,0,0,0,0,0,0,Station Wagon/Sport Utility Vehicle,Station Wagon/Sport Utility Vehicle,0
18743641,3945168,07/20/2018,15:30,99359e95-d0ab-430f-9aa3-e333dd859c04,Station Wagon/Sport Utility Vehicle,HOND -CAR/SUV,2016.0,2.0,M,Licensed,Going Straight Ahead,Center Front End,Center Front End,No Damage,No Damage,No Damage,N,,Unspecified,Unspecified,,,"(40.55237, -74.151855)",0.0,0.0,0,0,0,0,0,0,Station Wagon/Sport Utility Vehicle,Bike,0
18703753,4019199,10/30/2018,12:45,a5b1bfa7-9fc7-4efd-a21e-a1cc572d8ade,Station Wagon/Sport Utility Vehicle,CHEV -CAR/SUV,2015.0,1.0,M,Licensed,Parked,Right Front Quarter Panel,Right Front Quarter Panel,Right Front Quarter Panel,,,N,,Unspecified,Unspecified,BROOKLYN,11225.0,"(40.66012, -73.95058)",0.0,0.0,0,0,0,0,0,0,Station Wagon/Sport Utility Vehicle,Pick-up Truck,0
17787718,3906882,05/21/2018,17:00,f1398263-dea1-41fc-bea4-4d4a3c88a0ff,Station Wagon/Sport Utility Vehicle,TOYT -CAR/SUV,2007.0,1.0,F,Licensed,Going Straight Ahead,Right Front Bumper,Right Front Bumper,Right Front Quarter Panel,,,N,,Following Too Closely,Unspecified,,,,0.0,0.0,0,0,0,0,0,0,Station Wagon/Sport Utility Vehicle,Sedan,0
17807792,3876509,04/04/2018,14:00,efaada4f-883f-4444-b6fe-935ce22c9d38,Sedan,HOND -CAR/SUV,2010.0,1.0,M,Licensed,Going Straight Ahead,Center Front End,Center Front End,,,,N,,Unspecified,Unspecified,QUEENS,11412.0,"(40.704765, -73.75383)",0.0,0.0,0,0,0,0,0,0,Sedan,Sedan,0
18730681,3971912,08/30/2018,08:30,4997837d-8acc-43f7-8046-39f903b8faa7,Sedan,JAGU -CAR/SUV,2018.0,0.0,M,Licensed,Making Left Turn,Left Side Doors,Left Side Doors,No Damage,No Damage,No Damage,N,,Unspecified,Unspecified,MANHATTAN,10007.0,"(40.714165, -74.00632)",0.0,0.0,0,0,0,0,0,0,Motorcycle,Sedan,0
17741354,3877333,04/07/2018,18:00,87f9fac1-54fa-43b3-8ee7-6775b2c74ecf,Sedan,TOYT -CAR/SUV,2010.0,1.0,,,Entering Parked Position,Left Rear Bumper,Left Rear Bumper,No Damage,No Damage,No Damage,N,,Backing Unsafely,Unspecified,MANHATTAN,10023.0,"(40.775024, -73.98105)",0.0,0.0,0,0,0,0,0,0,Taxi,Sedan,0
18636782,3906745,05/23/2018,16:20,18368f10-ff56-45f0-9fd2-35bb286104c5,Sedan,CHEV -CAR/SUV,2006.0,1.0,M,Licensed,Going Straight Ahead,Right Front Quarter Panel,Right Front Quarter Panel,,,,N,,Passing or Lane Usage Improper,Unspecified,,,"(40.86226, -73.89589)",0.0,0.0,0,0,0,0,0,0,Station Wagon/Sport Utility Vehicle,Sedan,0
18602508,3915073,06/05/2018,18:20,eb4adef0-e94d-4e5f-a9f7-f5c546e72eb9,Convertible,AUDI -CAR/SUV,2015.0,2.0,M,Licensed,Slowing or Stopping,Center Back End,Right Rear Bumper,Left Rear Bumper,,,N,,Unspecified,Unspecified,BROOKLYN,11224.0,"(40.579975, -73.97464)",0.0,0.0,0,0,0,0,0,0,Convertible,Station Wagon/Sport Utility Vehicle,0
17854532,3879792,04/12/2018,00:00,1f3fbc6c-a58e-460a-a2a8-1d0b2d0e2b46,Station Wagon/Sport Utility Vehicle,HYUN -CAR/SUV,2016.0,2.0,F,Licensed,Making Right Turn,Left Front Bumper,Center Front End,No Damage,No Damage,No Damage,N,,Driver Inattention/Distraction,Failure to Yield Right-of-Way,,,"(40.667934, -73.86133)",2.0,0.0,0,0,0,0,2,0,Station Wagon/Sport Utility Vehicle,Sedan,1
18779015,3918822,06/11/2018,20:35,a13b0a33-ee0a-4b1f-9de1-7b6fd1a84737,Sedan,BMW -CAR/SUV,2013.0,1.0,M,Licensed,Slowing or Stopping,Center Back End,Center Back End,Right Rear Bumper,Left Rear Bumper,No Damage,N,,Unspecified,Unspecified,,,"(40.651863, -73.86536)",0.0,0.0,0,0,0,0,0,0,Sedan,Sedan,0
18690422,4009841,10/28/2018,11:30,3c979d81-79a4-4da4-83e7-3e60b8c9a810,Station Wagon/Sport Utility Vehicle,SUBA -CAR/SUV,2015.0,1.0,,,Starting from Parking,Right Front Quarter Panel,Right Side Doors,,,,N,,Passing Too Closely,Unspecified,BROOKLYN,11216.0,"(40.67036, -73.956436)",0.0,0.0,0,0,0,0,0,0,Sedan,Station Wagon/Sport Utility Vehicle,0
17819187,3881745,04/15/2018,12:19,4f88c3da-7e30-4cb8-9e2f-a786f9d6e907,Station Wagon/Sport Utility Vehicle,LEXS -CAR/SUV,2001.0,2.0,F,Licensed,Going Straight Ahead,Left Front Bumper,Left Front Bumper,Center Front End,Right Front Bumper,,N,,Unspecified,Unspecified,STATEN ISLAND,10301.0,"(40.602135, -74.114876)",0.0,0.0,0,0,0,0,0,0,Station Wagon/Sport Utility Vehicle,Station Wagon/Sport Utility Vehicle,0
18726563,3996833,10/09/2018,14:30,9ca7256f-9630-414a-b041-9e605bbda7dd,Sedan,NISS -CAR/SUV,2018.0,1.0,,,Parked,Left Front Bumper,Left Front Bumper,,,,N,,Other Vehicular,Other Vehicular,BRONX,10453.0,"(40.853813, -73.90851)",0.0,0.0,0,0,0,0,0,0,Sedan,Station Wagon/Sport Utility Vehicle,0
19618132,3912881,05/31/2018,13:10,609ed35b-1802-43da-b6d1-cf759bc0a570,Station Wagon/Sport Utility Vehicle,FORD -CAR/SUV,2002.0,1.0,F,Licensed,Going Straight Ahead,Left Rear Bumper,Left Rear Bumper,,,,Unspecified,,Unspecified,Unspecified,MANHATTAN,10018.0,"(40.754257, -73.99567)",0.0,0.0,0,0,0,0,0,0,Chassis Cab,Station Wagon/Sport Utility Vehicle,0
18787719,4027945,11/17/2018,15:00,a559cb08-1450-4904-8206-a8a0ade3d0ae,Station Wagon/Sport Utility Vehicle,HYUN -CAR/SUV,2017.0,4.0,F,Licensed,Starting from Parking,Right Rear Bumper,Right Rear Bumper,Right Rear Quarter Panel,No Damage,No Damage,N,,Unspecified,Unspecified,BROOKLYN,11214.0,"(40.603214, -73.99595)",0.0,0.0,0,0,0,0,0,0,Station Wagon/Sport Utility Vehicle,Station Wagon/Sport Utility Vehicle,0
17800161,3865275,03/18/2018,23:00,d9a1a025-d896-4f8e-add5-a050b388a18f,Station Wagon/Sport Utility Vehicle,TOYT -CAR/SUV,2012.0,1.0,M,Licensed,Going Straight Ahead,Right Side Doors,Right Side Doors,Right Front Quarter Panel,,,N,,Unspecified,Unspecified,QUEENS,11367.0,"(40.72955, -73.81517)",0.0,0.0,0,0,0,0,0,0,Station Wagon/Sport Utility Vehicle,Station Wagon/Sport Utility Vehicle,0
18638296,3945879,07/20/2018,19:10,6e7370ee-3e52-4fd9-932a-87471cd0ef44,Station Wagon/Sport Utility Vehicle,CHRY -CAR/SUV,2015.0,3.0,M,Licensed,Going Straight Ahead,Right Front Quarter Panel,Right Front Quarter Panel,,,,N,,Unspecified,Unspecified,,,"(40.68064, -73.95338)",0.0,0.0,0,0,0,0,0,0,Station Wagon/Sport Utility Vehicle,,0
17725368,3845348,02/12/2018,08:18,f9c0da85-471e-4724-9c28-a588742b828f,Station Wagon/Sport Utility Vehicle,GMC -CAR/SUV,2016.0,1.0,M,Licensed,Going Straight Ahead,Right Rear Bumper,Right Rear Quarter Panel,,,,N,,Unspecified,Unspecified,,,"(40.731697, -73.84261)",1.0,0.0,0,0,0,0,1,0,Station Wagon/Sport Utility Vehicle,Sedan,1
17703366,3848562,02/16/2018,17:00,dbc5e078-db1e-4d75-b440-299d60ff9d21,Sedan,HOND -CAR/SUV,2014.0,1.0,M,Licensed,Starting from Parking,Left Rear Quarter Panel,Left Rear Quarter Panel,,,,N,,Driver Inattention/Distraction,Passing or Lane Usage Improper,,,"(40.72486, -73.98441)",0.0,0.0,0,0,0,0,0,0,Sedan,Sedan,0
18684540,3983824,09/18/2018,18:30,6eaa6302-a462-42fd-a17f-31b2e647445b,Taxi,TOYT -CAR/SUV,2013.0,0.0,M,Licensed,Going Straight Ahead,Left Rear Quarter Panel,Left Rear Quarter Panel,Left Rear Bumper,No Damage,No Damage,N,,Driver Inattention/Distraction,Unspecified,MANHATTAN,10029.0,"(40.79963, -73.94403)",0.0,0.0,0,0,0,0,0,0,Taxi,Station Wagon/Sport Utility Vehicle,0
18776948,3994821,10/05/2018,15:12,a519aa8b-f5b5-4f13-9176-50b3ad5e6930,Sedan,HOND -CAR/SUV,2018.0,0.0,M,Licensed,Parked,Center Back End,Center Back End,Right Rear Bumper,Left Rear Bumper,Left Rear Quarter Panel,N,,Other Vehicular,Unspecified,QUEENS,11433.0,"(40.699062, -73.79554)",0.0,0.0,0,0,0,0,0,0,Sedan,,0
18656341,4015066,11/05/2018,16:30,1cd1b80e-ee5a-46bd-b4a9-ccdbe411f148,Sedan,INFI -CAR/SUV,2005.0,2.0,M,Licensed,Backing,Center Back End,Center Back End,,,,N,,Unspecified,Unspecified,BROOKLYN,11231.0,"(40.679752, -74.00152)",0.0,0.0,0,0,0,0,0,0,Sedan,Sedan,0
18861865,4046828,12/17/2018,17:20,baa6908f-ca7c-4d0a-949d-8ad7ec154e1e,Sedan,HOND -CAR/SUV,2016.0,1.0,F,Licensed,Going Straight Ahead,Center Front End,Center Front End,No Damage,No Damage,No Damage,N,,Following Too Closely,Unspecified,,,"(40.61054, -74.103455)",0.0,0.0,0,0,0,0,0,0,Sedan,Sedan,0
18733192,3967890,08/25/2018,23:41,c4d1c1b6-cd56-4ad5-b9c2-e6faf744f823,Sedan,TOYT -CAR/SUV,2014.0,1.0,M,Licensed,Stopped in Traffic,Other,Other,,,,N,,Unspecified,Following Too Closely,,,"(40.637997, -74.02136)",0.0,0.0,0,0,0,0,0,0,Sedan,Sedan,0
18875180,4037445,12/03/2018,16:00,deee2b24-b026-4cee-8ffa-234a0a3adf31,Station Wagon/Sport Utility Vehicle,MERZ -CAR/SUV,2018.0,1.0,F,Licensed,Going Straight Ahead,Center Back End,Center Back End,,,,N,,Unspecified,Unspecified,,,,0.0,0.0,0,0,0,0,0,0,Station Wagon/Sport Utility Vehicle,Sedan,0
18826750,3998941,10/13/2018,09:30,81c9f9f3-63f8-41fa-a5d7-81d94bb2cf36,Sedan,HOND -CAR/SUV,2014.0,1.0,M,Licensed,Going Straight Ahead,Left Front Bumper,Left Front Bumper,Center Front End,Left Front Quarter Panel,,N,,Unspecified,Unspecified,QUEENS,11361.0,"(40.768906, -73.76802)",0.0,0.0,0,0,0,0,0,0,Sedan,Station Wagon/Sport Utility Vehicle,0
17835473,3903735,05/19/2018,14:30,7ced8712-6857-4f2a-aefe-579a6e38af28,Sedan,HYUN -CAR/SUV,2012.0,1.0,M,Licensed,Going Straight Ahead,Center Back End,Center Back End,,,,N,,Unspecified,Unspecified,,,"(40.76534, -73.894394)",2.0,0.0,0,0,0,0,2,0,Sedan,Sedan,1
17725343,3851956,02/25/2018,22:11,4ea55e76-a752-4082-a8f0-47fa8a0871a7,Sedan,NISS -CAR/SUV,2017.0,1.0,M,Licensed,Changing Lanes,Left Front Quarter Panel,Left Front Quarter Panel,,,,N,,Passing or Lane Usage Improper,Unsafe Lane Changing,,,"(40.722496, -73.940414)",0.0,0.0,0,0,0,0,0,0,Station Wagon/Sport Utility Vehicle,Sedan,0
18751219,3936890,07/08/2018,22:30,915ef457-da5a-4114-9611-5a5e157badd7,Sedan,NISS -CAR/SUV,2018.0,1.0,M,Licensed,Backing,Right Rear Bumper,Right Rear Quarter Panel,,,,N,,Backing Unsafely,Driver Inattention/Distraction,QUEENS,11427.0,"(40.724403, -73.75623)",0.0,0.0,0,0,0,0,0,0,Sedan,Sedan,0
17780171,3869409,03/25/2018,19:00,cc57fec4-3e03-484c-b1cb-adae3467fb92,Station Wagon/Sport Utility Vehicle,CADI -CAR/SUV,2009.0,1.0,M,Licensed,Going Straight Ahead,Left Front Bumper,Left Front Quarter Panel,Center Front End,,,N,,Failure to Yield Right-of-Way,Unspecified,QUEENS,11412.0,"(40.709023, -73.757835)",1.0,0.0,0,0,0,0,1,0,Station Wagon/Sport Utility Vehicle,Sedan,1
18855280,4037330,12/03/2018,13:00,b9b53b3b-f749-497e-a646-c3f38e0238f1,Taxi,TOYT -CAR/SUV,2014.0,1.0,M,Licensed,Going Straight Ahead,Right Front Quarter Panel,Right Front Quarter Panel,,,,N,,Unspecified,Unspecified,MANHATTAN,10019.0,"(40.76816, -73.982475)",0.0,0.0,0,0,0,0,0,0,Taxi,Taxi,0
18564810,3981011,09/15/2018,14:44,8fbcb20d-c17c-49ee-95c8-97144b2e8b63,Station Wagon/Sport Utility Vehicle,HOND -CAR/SUV,2017.0,1.0,M,Licensed,Going Straight Ahead,Left Front Quarter Panel,Left Side Doors,,,,N,,Driver Inattention/Distraction,Unspecified,QUEENS,11692.0,"(40.591312, -73.78959)",0.0,0.0,0,0,0,0,0,0,Sedan,Station Wagon/Sport Utility Vehicle,0
18972874,4151368,06/12/2018,07:19,1854bd2d-de75-4af4-a9bf-333518016401,Bus,IC,2004.0,1.0,F,Licensed,Merging,Left Front Quarter Panel,No Damage,,,,N,,Unsafe Lane Changing,Driver Inattention/Distraction,,,"(40.683094, -73.80576)",1.0,0.0,0,0,0,0,1,0,Bus,Sedan,1
19600841,3992906,10/01/2018,16:08,a7976cc3-ac4e-40e7-82e2-0ba6ffee13e9,Taxi,TOYT -CAR/SUV,2017.0,0.0,,,Parked,Left Rear Quarter Panel,Left Rear Quarter Panel,Left Side Doors,Left Front Quarter Panel,,N,,Unspecified,Unspecified,MANHATTAN,10031.0,"(40.827145, -73.951904)",0.0,0.0,0,0,0,0,0,0,Box Truck,Station Wagon/Sport Utility Vehicle,0
17810462,3873459,04/01/2018,12:30,ba7f7584-af80-44a8-9df3-84f55515d8c9,Station Wagon/Sport Utility Vehicle,TOYT -CAR/SUV,2017.0,1.0,M,Licensed,Going Straight Ahead,Right Front Quarter Panel,Right Front Quarter Panel,Right Front Bumper,,,N,,Unspecified,Unspecified,QUEENS,11385.0,"(40.70672, -73.89875)",0.0,0.0,0,0,0,0,0,0,Station Wagon/Sport Utility Vehicle,Station Wagon/Sport Utility Vehicle,0
18886177,4015479,11/06/2018,12:45,d0ba5362-d176-4792-ae7c-3305eddaaf16,Station Wagon/Sport Utility Vehicle,JEEP -CAR/SUV,2019.0,2.0,M,Licensed,Entering Parked Position,Center Back End,Center Back End,Left Rear Bumper,Right Rear Bumper,,N,,Unspecified,Unspecified,QUEENS,11354.0,"(40.765354, -73.81733)",1.0,0.0,0,0,0,0,1,0,Station Wagon/Sport Utility Vehicle,Sedan,1
18765707,4051360,12/22/2018,19:49,1aaf7997-dd1d-4b61-acb0-57adee2543d5,Sedan,JEEP -CAR/SUV,2014.0,1.0,M,Licensed,Going Straight Ahead,Center Front End,Center Front End,No Damage,No Damage,No Damage,N,,Unsafe Speed,Unspecified,BRONX,10458.0,"(40.856598, -73.89109)",0.0,0.0,0,0,0,0,0,0,Sedan,Sedan,0
18754599,4019005,11/09/2018,09:20,32b38f57-dbc7-4dcc-a5ba-38863ccf22d9,Sedan,CHRY -CAR/SUV,2006.0,0.0,,,Parked,Left Front Quarter Panel,Left Front Bumper,No Damage,No Damage,No Damage,N,,Unspecified,Unspecified,STATEN ISLAND,10301.0,"(40.64499, -74.07936)",0.0,0.0,0,0,0,0,0,0,Sedan,Sedan,0
17820014,3891142,04/30/2018,18:30,005a43bc-1c01-40b6-abac-ff923432aff3,Sedan,FIAT -CAR/SUV,2013.0,1.0,M,Licensed,Going Straight Ahead,Right Front Bumper,Right Front Bumper,,,,N,,Unsafe Lane Changing,Unspecified,,,"(40.828114, -73.93107)",0.0,0.0,0,0,0,0,0,0,Station Wagon/Sport Utility Vehicle,Sedan,0
17807685,3858554,02/21/2018,08:16,22dda894-89a5-4f4b-b68c-3776fcf44818,Station Wagon/Sport Utility Vehicle,HOND -CAR/SUV,2012.0,1.0,F,Licensed,Changing Lanes,Center Back End,Center Back End,Right Rear Bumper,,,N,,Unsafe Lane Changing,Reaction to Uninvolved Vehicle,,,"(40.66706, -73.7392)",0.0,0.0,0,0,0,0,0,0,Station Wagon/Sport Utility Vehicle,Station Wagon/Sport Utility Vehicle,0
18690876,3999861,10/12/2018,15:45,3095ac82-30e4-4a18-afd7-e7e573b09879,Sedan,INFI -CAR/SUV,,1.0,,,Going Straight Ahead,Center Front End,Center Front End,No Damage,No Damage,No Damage,N,,Following Too Closely,Unspecified,,,"(40.663555, -73.93162)",0.0,0.0,0,0,0,0,0,0,Sedan,Sedan,0
17834945,3879367,04/07/2018,13:58,69f25dfe-ed02-44e2-a608-ac9929587127,Station Wagon/Sport Utility Vehicle,FORD -CAR/SUV,2014.0,2.0,F,Licensed,Entering Parked Position,Right Front Quarter Panel,Right Front Quarter Panel,Right Front Bumper,No Damage,No Damage,N,,Passing or Lane Usage Improper,Unspecified,,,"(40.753677, -73.914474)",0.0,0.0,0,0,0,0,0,0,Sedan,Station Wagon/Sport Utility Vehicle,0
18935328,4134133,05/18/2019,09:20,d876b4f2-f1fe-46dd-9330-d07457333042,Station Wagon/Sport Utility Vehicle,CHEV -CAR/SUV,2018.0,1.0,F,Licensed,Going Straight Ahead,Left Front Quarter Panel,Left Front Quarter Panel,Left Front Bumper,,,N,,Unspecified,Unspecified,BRONX,10455.0,"(40.80988, -73.90308)",0.0,0.0,0,0,0,0,0,0,Pick-up Truck,Station Wagon/Sport Utility Vehicle,0
19092020,4207171,09/16/2019,13:40,6ba88f5c-26ea-4927-ab99-3dd8b5667c94,Box Truck,HIN,2017.0,1.0,M,Licensed,Going Straight Ahead,Right Front Quarter Panel,Right Front Quarter Panel,,,,N,,Driver Inattention/Distraction,Unspecified,MANHATTAN,10019.0,"(40.766018, -73.98121)",0.0,0.0,0,0,0,0,0,0,Box Truck,Sedan,0
18584885,4089387,03/02/2019,01:05,1f275820-ea14-4646-818c-2cbb50d46608,Sedan,VOLK -CAR/SUV,2016.0,0.0,,,Parked,Left Rear Bumper,Left Rear Bumper,,,,N,,Unspecified,Unspecified,QUEENS,11432.0,"(40.71428, -73.809784)",1.0,0.0,0,0,0,0,1,0,Sedan,Station Wagon/Sport Utility Vehicle,1
19027247,4176981,07/23/2019,17:00,e6c892f7-a47f-494d-b719-bf6dc70522e4,Sedan,KRYS,2006.0,1.0,M,Licensed,Going Straight Ahead,Left Rear Quarter Panel,Left Rear Quarter Panel,,,,N,,Unspecified,Unspecified,BROOKLYN,11226.0,"(40.65465, -73.95968)",0.0,0.0,0,0,0,0,0,0,Sedan,Sedan,0
18929266,4131091,05/12/2019,14:33,8a6bd37b-67ca-4e42-9f64-168dfc0f80e4,Station Wagon/Sport Utility Vehicle,BMW -CAR/SUV,2016.0,1.0,F,Licensed,Going Straight Ahead,Left Front Quarter Panel,Left Side Doors,Left Front Quarter Panel,Left Rear Quarter Panel,,N,,Unspecified,Unspecified,BRONX,10469.0,"(40.880146, -73.838135)",0.0,0.0,0,0,0,0,0,0,Sedan,Station Wagon/Sport Utility Vehicle,0
18387339,4077094,02/04/2019,04:15,6baca5ab-e26e-46f9-8204-14434fae52f0,Sedan,NISS -CAR/SUV,2006.0,1.0,M,Licensed,Going Straight Ahead,Left Rear Bumper,Left Rear Quarter Panel,Left Side Doors,Left Rear Bumper,Left Front Quarter Panel,N,,Unspecified,Unspecified,,,"(40.879307, -73.90295)",0.0,0.0,0,0,0,0,0,0,Station Wagon/Sport Utility Vehicle,Sedan,0
18986428,4157536,06/16/2019,12:31,fea0848d-657a-4588-9a6f-f3b8ba3300f2,Pick-up Truck,NISS -CAR/SUV,2018.0,1.0,M,Licensed,Going Straight Ahead,Center Front End,No Damage,,,,N,,Unspecified,Unspecified,BRONX,10469.0,"(40.864273, -73.83448)",3.0,0.0,0,0,0,0,3,0,Pick-up Truck,Station Wagon/Sport Utility Vehicle,1
18562164,4085760,02/21/2019,14:35,8dc1c266-46a3-40d2-b11e-aa96805c7188,Station Wagon/Sport Utility Vehicle,CHEV -CAR/SUV,2000.0,1.0,M,Licensed,Making Right Turn,Right Side Doors,Right Side Doors,,,,N,,Unspecified,Unspecified,QUEENS,11434.0,"(40.673122, -73.77549)",0.0,0.0,0,0,0,0,0,0,Sedan,Station Wagon/Sport Utility Vehicle,0
18904061,4119681,04/23/2019,13:00,ce2c6556-b4d3-47aa-85f0-506d51f197fc,Flat Bed,MACK-TRUCK/BUS,2016.0,1.0,M,Licensed,Making Left Turn,Right Side Doors,Right Side Doors,Right Rear Quarter Panel,Right Rear Bumper,No Damage,N,,Driver Inattention/Distraction,Oversized Vehicle,BROOKLYN,11249.0,"(40.699482, -73.96104)",0.0,0.0,0,0,0,0,0,0,Sedan,Flat Bed,0
18467341,4103302,03/23/2019,21:26,05d6822e-0931-4d1a-bd99-e5ace5270419,Sedan,TOYT -CAR/SUV,2017.0,2.0,M,Licensed,Making Right Turn,Left Front Bumper,Left Front Bumper,Center Front End,,,N,,Traffic Control Disregarded,Unsafe Speed,BRONX,10458.0,"(40.86955, -73.88175)",0.0,0.0,0,0,0,0,0,0,Station Wagon/Sport Utility Vehicle,Sedan,0
19126675,4222918,10/07/2019,00:00,5dc15ee4-ea46-47f2-82d3-371a2d82a59c,Sedan,HOND -CAR/SUV,2012.0,2.0,M,Unlicensed,Going Straight Ahead,Center Front End,Center Front End,Left Front Bumper,Right Front Bumper,Left Side Doors,N,,Other Vehicular,Unspecified,,,,3.0,0.0,0,0,0,0,3,0,Sedan,Sedan,1
19139864,4228840,10/24/2019,16:30,1896e790-b806-4516-b391-d070c497a228,Station Wagon/Sport Utility Vehicle,FORD -CAR/SUV,2017.0,2.0,M,Licensed,Going Straight Ahead,Left Front Bumper,Left Front Quarter Panel,No Damage,No Damage,No Damage,N,,Passing or Lane Usage Improper,Unspecified,BROOKLYN,11222.0,"(40.73018, -73.94238)",0.0,0.0,0,0,0,0,0,0,Station Wagon/Sport Utility Vehicle,Sedan,0
19119908,4219309,10/07/2019,07:05,0e7779d2-d5ad-4cb2-a1fc-7befcafc0483,Dump,PTRB-TRUCK/BUS,2000.0,0.0,M,Licensed,Merging,Left Front Bumper,Left Front Bumper,Left Rear Quarter Panel,Left Side Doors,Left Front Quarter Panel,N,,Driver Inattention/Distraction,Unsafe Lane Changing,BRONX,10465.0,"(40.828125, -73.84105)",1.0,0.0,0,0,0,0,1,0,Sedan,Dump,1
18387788,4077325,02/08/2019,06:00,b5f69343-8ad3-48a1-94ee-ab47962419b9,Station Wagon/Sport Utility Vehicle,AUDI -CAR/SUV,2017.0,1.0,M,Licensed,Making Left Turn,Left Rear Quarter Panel,Left Rear Quarter Panel,,,,N,,Unspecified,Unspecified,QUEENS,11370.0,"(40.76635, -73.88756)",0.0,0.0,0,0,0,0,0,0,Station Wagon/Sport Utility Vehicle,Station Wagon/Sport Utility Vehicle,0
18998258,4162600,07/01/2019,12:30,85ad5010-2d92-4359-9b22-506f6db3891e,Station Wagon/Sport Utility Vehicle,CHEV -CAR/SUV,2019.0,1.0,M,Licensed,Going Straight Ahead,Right Front Quarter Panel,Right Front Quarter Panel,Right Rear Quarter Panel,Right Side Doors,,N,,Unspecified,Unspecified,BROOKLYN,11226.0,"(40.65149, -73.95899)",0.0,0.0,0,0,0,0,0,0,Station Wagon/Sport Utility Vehicle,,0
19113903,4212940,09/24/2019,16:30,615f35c9-3726-4383-960c-e747ec1a8a3f,Sedan,HOND -CAR/SUV,2007.0,1.0,M,Licensed,Going Straight Ahead,Left Front Bumper,Left Front Bumper,No Damage,No Damage,,N,,Traffic Control Disregarded,Unspecified,,,"(40.824432, -73.873604)",2.0,0.0,0,0,0,0,2,0,Taxi,Sedan,1
19072246,4198160,08/17/2019,15:00,11984279-dfb1-4465-85fa-de9f6bb57ca7,Sedan,MERZ -CAR/SUV,2016.0,0.0,,,Parked,Left Front Quarter Panel,Left Front Quarter Panel,,,,N,,Unspecified,Unspecified,,,"(40.503387, -74.24883)",0.0,0.0,0,0,0,0,0,0,Sedan,,0
19138960,4228619,10/24/2019,08:30,a204ec52-d820-417e-ac49-cfbfd25dca4d,Sedan,HOND -CAR/SUV,2013.0,0.0,F,Licensed,Parked,Left Front Bumper,Left Front Quarter Panel,No Damage,No Damage,No Damage,N,,Unspecified,Unspecified,BROOKLYN,11209.0,"(40.619232, -74.03278)",0.0,0.0,0,0,0,0,0,0,Sedan,,0
18956453,4144059,06/02/2019,03:20,3a786024-68fa-46cd-bf44-195da2f7004b,Sedan,SMRT -CAR/SUV,,,,,Making Left Turn,Center Front End,Other,No Damage,No Damage,,N,,Failure to Yield Right-of-Way,Unspecified,,,"(40.71406, -73.95292)",1.0,0.0,1,0,0,0,0,0,Sedan,,1