UNIQUE_ID,COLLISION_ID,CRASH_DATE,CRASH_TIME,VEHICLE_ID,VEHICLE_TYPE,VEHICLE_MAKE,VEHICLE_YEAR,VEHICLE_OCCUPANTS,DRIVER_SEX,DRIVER_LICENSE_STATUS,PRE_CRASH,POINT_OF_IMPACT,VEHICLE_DAMAGE,VEHICLE_DAMAGE_1,VEHICLE_DAMAGE_2,VEHICLE_DAMAGE_3,PUBLIC_PROPERTY_DAMAGE,PUBLIC_PROPERTY_DAMAGE_TYPE,CONTRIBUTING_FACTOR_1,CONTRIBUTING_FACTOR_2,BOROUGH,ZIP CODE,LOCATION,NUMBER OF PERSONS INJURED,NUMBER OF PERSONS KILLED,NUMBER OF PEDESTRIANS INJURED,NUMBER OF PEDESTRIANS KILLED,NUMBER OF CYCLIST INJURED,NUMBER OF CYCLIST KILLED,NUMBER OF MOTORIST INJURED,NUMBER OF MOTORIST KILLED,VEHICLE TYPE CODE 1,VEHICLE TYPE CODE 2,Severity
18498494,4067678,01/14/2019,20:55,038694b9-3cb7-4010-bb9f-a8d1e3651a6c,Sedan,NISS -CAR/SUV,2016.0,1.0,F,Licensed,Making Left Turn,Left Rear Quarter Panel,Left Rear Quarter Panel,Left Side Doors,Left Front Quarter Panel,No Damage,N,,Unspecified,Unspecified,,,"(40.80939, -73.88042)",0.0,0.0,0,0,0,0,0,0,Tractor Truck Diesel,Sedan,0
19171621,4243148,11/18/2019,08:10,8729420b-06cb-44c2-92b7-f95838c34f7f,Sedan,TOYT -CAR/SUV,2004.0,1.0,M,Licensed,Going Straight Ahead,Left Front Bumper,Center Front End,,,,N,,Driver Inattention/Distraction,Following Too Closely,QUEENS,11426.0,"(40.725266, -73.7212)",1.0,0.0,0,0,0,0,1,0,Station Wagon/Sport Utility Vehicle,Sedan,1
19139465,4228896,10/24/2019,17:35,6591cfa0-0347-4121-ace1-a19cea1f676d,Station Wagon/Sport Utility Vehicle,DODG -CAR/SUV,2016.0,1.0,M,Licensed,Going Straight Ahead,Center Front End,Left Front Bumper,Right Front Bumper,,,N,,Driver Inattention/Distraction,Unspecified,QUEENS,11420.0,"(40.67815, -73.83109)",2.0,0.0,0,0,0,0,2,0,Station Wagon/Sport Utility Vehicle,Sedan,1
18930584,4131809,05/12/2019,13:20,2d75ba08-7f48-4f03-9a0e-5b1818736178,Sedan,TOYT -CAR/SUV,2015.0,1.0,F,Licensed,Making Left Turn,Left Rear Quarter Panel,Left Rear Quarter Panel,,,,N,,Failure to Yield Right-of-Way,Unspecified,QUEENS,11365.0,"(40.7331, -73.80499)",0.0,0.0,0,0,0,0,0,0,Sedan,Sedan,0
19664642,4265511,12/27/2019,13:40,70ea70f1-e57a-4bdf-ade2-658dd157a855,Station Wagon/Sport Utility Vehicle,TOYT -CAR/SUV,2018.0,1.0,M,Licensed,Slowing or Stopping,Center Back End,Center Back End,Left Rear Bumper,Right Rear Bumper,,Unspecified,,Unspecified,Unspecified,,,"(40.7265, -73.75571)",0.0,0.0,0,0,0,0,0,0,Station Wagon/Sport Utility Vehicle,Sedan,0
18583065,4107432,04/02/2019,09:00,580cfbc9-8e5a-4e59-82d0-4e1c2ddbd991,Station Wagon/Sport Utility Vehicle,FORD -CAR/SUV,2005.0,1.0,M,Licensed,Making Right Turn,Left Front Bumper,Left Front Bumper,No Damage,No Damage,No Damage,N,,Driver Inattention/Distraction,Unspecified,QUEENS,11373.0,"(40.73088, -73.871635)",0.0,0.0,0,0,0,0,0,0,Station Wagon/Sport Utility Vehicle,Sedan,0
19044987,4185118,08/07/2019,13:20,f49e1aab-bbbc-4767-bbfe-20ad1f781d5c,CITY,FORD,2015.0,2.0,M,Licensed,Going Straight Ahead,Left Front Bumper,Left Side Doors,No Damage,No Damage,No Damage,N,,Unspecified,Passing Too Closely,BRONX,10457.0,"(40.846485, -73.89434)",0.0,0.0,0,0,0,0,0,0,CITY,,0
19019970,4173590,07/20/2019,11:56,60e561e2-d050-4572-b514-c136bfabd7df,Sedan,LEXS -CAR/SUV,2013.0,1.0,M,Licensed,Making Left Turn,Right Front Bumper,Right Front Bumper,Right Front Quarter Panel,,,N,,Driver Inattention/Distraction,Driver Inattention/Distraction,,,"(40.58695, -74.16416)",0.0,0.0,0,0,0,0,0,0,Sedan,Sedan,0
18905741,4120651,04/24/2019,09:10,8b815731-f4a7-4b23-870b-acdb516e6311,Sedan,NISS -CAR/SUV,2014.0,0.0,M,Licensed,Parked,Left Front Bumper,Left Front Bumper,No Damage,No Damage,No Damage,N,,Other Vehicular,Other Vehicular,BROOKLYN,11213.0,"(40.66767, -73.92845)",0.0,0.0,0,0,0,0,0,0,Sedan,Station Wagon/Sport Utility Vehicle,0
18488335,4112823,04/11/2019,09:30,ae86a4a8-5944-40da-a291-3520c0d643ea,Sedan,FORD -CAR/SUV,2016.0,1.0,F,Licensed,Changing Lanes,Left Rear Quarter Panel,Left Rear Bumper,Right Rear Quarter Panel,,,N,,Unsafe Lane Changing,Unspecified,BROOKLYN,11228.0,"(40.619987, -74.0206)",0.0,0.0,0,0,0,0,0,0,Station Wagon/Sport Utility Vehicle,Sedan,0
18914047,4124401,05/02/2019,10:15,e02384f4-7361-4d76-96d8-3011979af9a5,Sedan,MERZ -CAR/SUV,2015.0,1.0,M,Licensed,Parked,Right Rear Quarter Panel,Right Rear Quarter Panel,No Damage,No Damage,No Damage,N,,Unspecified,Unspecified,MANHATTAN,10014.0,"(40.727036, -74.00437)",0.0,0.0,0,0,0,0,0,0,Sedan,Station Wagon/Sport Utility Vehicle,0
18932765,4133197,05/16/2019,20:24,a9203f34-5123-4d66-8eb6-b77996cbb8ff,Station Wagon/Sport Utility Vehicle,JEEP -CAR/SUV,2007.0,1.0,M,Licensed,Making Left Turn,Right Side Doors,Right Side Doors,Right Front Quarter Panel,Undercarriage,,N,,Unspecified,Unspecified,BROOKLYN,11201.0,"(40.70206, -73.99262)",0.0,0.0,0,0,0,0,0,0,Station Wagon/Sport Utility Vehicle,Station Wagon/Sport Utility Vehicle,0
19003943,4165922,07/07/2019,19:20,dc0805ae-88d1-4a58-ba11-81c5e4392a16,Sedan,NISS -CAR/SUV,2014.0,1.0,,,Parked,Left Front Bumper,Left Front Bumper,Left Front Quarter Panel,,,N,,Unspecified,Unspecified,,,"(40.75658, -73.929756)",0.0,0.0,0,0,0,0,0,0,Sedan,Sedan,0
19166509,4240838,11/08/2019,14:06,220ca9ee-3b5b-4fd8-abe3-d2bfe032d1c4,Sedan,MERZ -CAR/SUV,2018.0,0.0,M,Licensed,Parked,Center Front End,Center Front End,,,,N,,Unspecified,Unspecified,QUEENS,11377.0,,0.0,0.0,0,0,0,0,0,0,Sedan,,0
18899802,4117752,04/14/2019,15:40,edf45ee5-ac9b-4158-b8f5-6fd1a73d6f8c,Station Wagon/Sport Utility Vehicle,GMC -CAR/SUV,2002.0,2.0,M,Licensed,Going Straight Ahead,Right Side Doors,Right Rear Bumper,Right Rear Quarter Panel,,,N,,Following Too Closely,Passing or Lane Usage Improper,,,"(40.68038, -73.85967)",1.0,0.0,0,0,0,0,1,0,Pick-up Truck,Station Wagon/Sport Utility Vehicle,1
19670031,4258062,12/15/2019,00:00,213f2bc2-78b7-41b9-af27-60b108116a0c,Sedan,CADI -CAR/SUV,2016.0,1.0,M,Licensed,Going Straight Ahead,Right Front Bumper,Right Front Bumper,Right Front Quarter Panel,,,N,,Unspecified,Unspecified,QUEENS,11427.0,"(40.73346, -73.73546)",0.0,0.0,0,0,0,0,0,0,Sedan,,0
18974480,4152279,06/14/2019,14:00,65a90f06-8b8c-446c-a415-af378b9459c8,Sedan,BMW -CAR/SUV,2017.0,0.0,F,Licensed,Parked,Right Rear Quarter Panel,Right Side Doors,Right Front Quarter Panel,,,N,,Unspecified,Unspecified,BROOKLYN,11237.0,"(40.70353, -73.921165)",0.0,0.0,0,0,0,0,0,0,Sedan,,0
18971497,4151121,06/13/2019,15:25,c1cc2ae4-34ae-483f-83d0-23f5861814da,Sedan,IC,2009.0,1.0,M,Licensed,Making Right Turn,Right Rear Quarter Panel,Right Rear Quarter Panel,,,,N,,Driver Inattention/Distraction,Unspecified,QUEENS,11416.0,"(40.68902, -73.84577)",0.0,0.0,0,0,0,0,0,0,Sedan,Sedan,0
18939596,4136057,05/19/2019,17:55,694aa5b8-5823-47fc-b761-5e20e0003abb,Sedan,TOYT -CAR/SUV,2014.0,1.0,F,Licensed,Parked,Left Rear Quarter Panel,Left Rear Quarter Panel,,,,N,,Unspecified,Unspecified,BRONX,10464.0,"(40.85114, -73.788475)",0.0,0.0,0,0,0,0,0,0,Sedan,,0
19074061,4198568,08/31/2019,19:30,3c83f069-9aaf-4810-a46f-61115e9d2c48,Station Wagon/Sport Utility Vehicle,HOND -CAR/SUV,2009.0,5.0,F,Licensed,Making Right Turn,Left Front Bumper,Left Front Bumper,,,,N,,Unspecified,Unspecified,,,"(40.673008, -73.78809)",0.0,0.0,0,0,0,0,0,0,Station Wagon/Sport Utility Vehicle,Station Wagon/Sport Utility Vehicle,0
18994501,4163346,06/25/2019,19:10,2c43ed4e-a53f-47a9-b2c6-0b8573af2cc7,Station Wagon/Sport Utility Vehicle,FORD -CAR/SUV,2018.0,2.0,M,Licensed,Going Straight Ahead,Left Rear Bumper,No Damage,No Damage,No Damage,No Damage,N,,Unspecified,Unspecified,BROOKLYN,11213.0,"(40.66989, -73.93381)",0.0,0.0,0,0,0,0,0,0,Station Wagon/Sport Utility Vehicle,Sedan,0
19663214,4249772,11/29/2019,16:00,7f2ed3c3-07a5-4579-994c-10395af5909e,Sedan,KIA -CAR/SUV,2015.0,1.0,M,Licensed,Going Straight Ahead,Left Side Doors,Left Front Quarter Panel,Left Side Doors,,,N,,Driver Inattention/Distraction,Passing or Lane Usage Improper,QUEENS,11370.0,"(40.7666, -73.89117)",0.0,0.0,0,0,0,0,0,0,Sedan,Taxi,0
19605529,4098119,03/15/2019,03:00,e1549fa7-d2a8-4b20-9a74-db7f8476b415,Sedan,TOYT -CAR/SUV,2015.0,1.0,M,Licensed,Parked,Center Back End,Left Rear Bumper,Left Rear Quarter Panel,Left Front Quarter Panel,,N,,Passing or Lane Usage Improper,Unspecified,QUEENS,11385.0,"(40.70702, -73.9046)",0.0,0.0,0,0,0,0,0,0,Sedan,Station Wagon/Sport Utility Vehicle,0
18916926,4125514,05/04/2019,16:00,33347c10-1575-42de-b760-1591e15cf8f6,Station Wagon/Sport Utility Vehicle,SUZI -CAR/SUV,2019.0,1.0,M,Licensed,Going Straight Ahead,Center Front End,Center Front End,Right Side Doors,Left Side Doors,,N,,Unspecified,Unspecified,QUEENS,11357.0,"(40.77539, -73.800995)",0.0,0.0,0,0,0,0,0,0,Station Wagon/Sport Utility Vehicle,Sedan,0
19001865,4161667,06/29/2019,09:50,460167d8-d83f-448e-b8b4-3548ca025780,Taxi,TOYT -CAR/SUV,2016.0,1.0,M,Licensed,Making Right Turn,Left Front Bumper,No Damage,,,,N,,Driver Inattention/Distraction,Unspecified,MANHATTAN,10028.0,"(40.776237, -73.95587)",0.0,0.0,0,0,0,0,0,0,Taxi,Bike,0
18897597,4116174,04/16/2019,12:18,310b9add-d1d9-42fd-99d1-645b445cd46c,Sedan,HYUN -CAR/SUV,2018.0,2.0,M,Licensed,Going Straight Ahead,Left Side Doors,Left Side Doors,Left Rear Quarter Panel,,,N,,Unspecified,Unspecified,,,"(40.677357, -73.88687)",0.0,0.0,0,0,0,0,0,0,Sedan,Station Wagon/Sport Utility Vehicle,0
18546378,4076501,02/07/2019,11:10,c12569c9-adf1-4532-9757-7397cf416a05,Taxi,TOYT -CAR/SUV,2014.0,2.0,M,Licensed,Going Straight Ahead,Center Front End,Center Front End,Left Front Bumper,Right Front Bumper,Undercarriage,N,,Following Too Closely,Driver Inattention/Distraction,,,"(40.78515, -73.94063)",0.0,0.0,0,0,0,0,0,0,Taxi,Station Wagon/Sport Utility Vehicle,0
19112310,4216386,10/01/2019,12:49,c546bd0e-7614-40ec-b509-b53ffe665765,Sedan,NISS -CAR/SUV,2011.0,0.0,,,Parked,Left Front Quarter Panel,Left Front Quarter Panel,Center Front End,Center Front End,,N,,Unspecified,Unspecified,BRONX,10470.0,"(40.898705, -73.86323)",0.0,0.0,0,0,0,0,0,0,Sedan,Chassis Cab,0
18996092,4165829,07/07/2019,17:17,47c08c5b-4621-4e32-83f7-18209d2d2e7c,Sedan,HOND -CAR/SUV,2009.0,0.0,,,Parked,Right Front Quarter Panel,Right Front Quarter Panel,Right Front Bumper,,,N,,Unspecified,Unspecified,,,"(40.62615, -74.15741)",0.0,0.0,0,0,0,0,0,0,Sedan,,0
19112064,4214620,09/28/2019,14:35,4965bc65-51cd-4b74-88bc-c6e226f599fc,Station Wagon/Sport Utility Vehicle,TOYT -CAR/SUV,2013.0,2.0,F,Licensed,Going Straight Ahead,Left Front Quarter Panel,Left Front Quarter Panel,Center Front End,Left Rear Bumper,Center Front End,N,,Unspecified,Unspecified,BROOKLYN,11203.0,"(40.642696, -73.929436)",3.0,0.0,0,0,0,0,3,0,Sedan,Station Wagon/Sport Utility Vehicle,1
18966485,4149033,05/28/2019,22:00,97b68f8b-1b07-4267-a27c-3e74d6669c94,Sedan,TOYT -CAR/SUV,2009.0,1.0,F,Licensed,Going Straight Ahead,Left Front Quarter Panel,Left Front Quarter Panel,,,,N,,Pavement Slippery,Unspecified,,,"(40.670124, -73.95528)",1.0,0.0,0,0,1,0,0,0,Sedan,Bike,1
19651466,4257153,12/12/2019,16:55,aeb6f567-695f-466f-9f0e-eff47b1bab13,Station Wagon/Sport Utility Vehicle,HOND -CAR/SUV,2004.0,1.0,M,Licensed,Changing Lanes,Center Front End,Center Front End,,,,N,,Following Too Closely,Unspecified,MANHATTAN,10022.0,"(40.761665, -73.97492)",0.0,0.0,0,0,0,0,0,0,Sedan,Station Wagon/Sport Utility Vehicle,0
19052783,4188633,03/25/2019,07:30,3f3f684b-7427-4664-9b4c-09f81937f141,Sedan,VOLK -CAR/SUV,2010.0,1.0,M,Licensed,Going Straight Ahead,Left Side Doors,Left Side Doors,,,,N,,Driver Inattention/Distraction,Unspecified,,,"(40.75426, -73.74334)",0.0,0.0,0,0,0,0,0,0,Bus,Sedan,0
18532513,4109711,04/06/2019,13:10,24a283ba-44f0-452d-930f-5324ea68224c,Taxi,TOYT -CAR/SUV,2015.0,1.0,M,Licensed,Going Straight Ahead,Center Front End,Center Front End,No Damage,No Damage,No Damage,N,,Following Too Closely,Unspecified,MANHATTAN,10002.0,"(40.718792, -73.98902)",0.0,0.0,0,0,0,0,0,0,Taxi,Station Wagon/Sport Utility Vehicle,0
18976936,4153307,06/17/2019,10:18,fdb77293-ab74-4c7a-9e60-b2ddfd493a66,Station Wagon/Sport Utility Vehicle,AUDI -CAR/SUV,2016.0,1.0,M,Licensed,Starting from Parking,Right Front Quarter Panel,Right Front Quarter Panel,Right Side Doors,Right Rear Quarter Panel,,N,,Driver Inattention/Distraction,Unspecified,QUEENS,11364.0,"(40.7488, -73.75655)",0.0,0.0,0,0,0,0,0,0,Station Wagon/Sport Utility Vehicle,Sedan,0
18510937,4070620,01/28/2019,12:02,5be0b2d5-04db-4649-a264-11b5f985a00f,Sedan,HOND -CAR/SUV,2007.0,0.0,M,Licensed,Parked,Left Rear Quarter Panel,Left Side Doors,Left Front Quarter Panel,No Damage,No Damage,Unspecified,,Unspecified,Unspecified,,,"(40.88051, -73.9007)",0.0,0.0,0,0,0,0,0,0,Sedan,,0
18969285,4149470,06/07/2019,01:45,48bd37c2-ba97-49b4-807a-ab684fbb1c7a,Sedan,NISS -CAR/SUV,2000.0,2.0,M,Licensed,Going Straight Ahead,Right Rear Quarter Panel,Right Rear Quarter Panel,,,,N,,Driver Inattention/Distraction,Traffic Control Disregarded,,,"(40.65989, -73.94256)",0.0,0.0,0,0,0,0,0,0,Sedan,Sedan,0
18981312,4155009,06/19/2019,22:45,a07c7d40-c996-4924-97ff-fcf7a6445fe4,Sedan,HOND -CAR/SUV,2005.0,1.0,M,Licensed,Going Straight Ahead,Left Front Quarter Panel,Left Front Quarter Panel,Left Side Doors,Right Side Doors,Right Rear Quarter Panel,N,,Driver Inattention/Distraction,Unspecified,,,"(40.88759, -73.86652)",0.0,0.0,0,0,0,0,0,0,Sedan,Sedan,0
18914804,4124452,05/02/2019,11:55,208ebce3-40f3-4239-b0bc-cdc16bc0f53e,Station Wagon/Sport Utility Vehicle,NISS -CAR/SUV,2018.0,1.0,F,Licensed,Going Straight Ahead,Right Front Bumper,Right Front Bumper,,,,N,,Driver Inattention/Distraction,Unspecified,,,,0.0,0.0,0,0,0,0,0,0,Sedan,Station Wagon/Sport Utility Vehicle,0
19153294,4235145,11/01/2019,23:00,0febcba0-52a7-476a-91ba-f264983e6e08,Taxi,TOYT -CAR/SUV,2018.0,1.0,M,Licensed,Making Right Turn,Left Side Doors,Left Front Quarter Panel,,,,N,,Unspecified,Unspecified,,,"(40.716194, -73.996086)",0.0,0.0,0,0,0,0,0,0,Box Truck,Taxi,0
18918419,4126437,05/03/2019,17:35,5c987c02-7724-491d-bbf6-37f3063f8d5e,Station Wagon/Sport Utility Vehicle,CHEV -CAR/SUV,2019.0,1.0,,,Going Straight Ahead,Right Front Bumper,,,,,N,,Driver Inattention/Distraction,Unspecified,QUEENS,11417.0,"(40.67477, -73.860306)",1.0,0.0,1,0,0,0,0,0,Station Wagon/Sport Utility Vehicle,,1
18932412,4133112,05/16/2019,01:35,6742f492-d9b1-4d5d-b064-105e1890f9eb,Tractor Truck Diesel,FRHT-TRUCK/BUS,2020.0,1.0,M,Licensed,Going Straight Ahead,Left Front Quarter Panel,No Damage,No Damage,No Damage,No Damage,N,,Driver Inattention/Distraction,View Obstructed/Limited,,,"(40.722576, -73.94049)",0.0,0.0,0,0,0,0,0,0,Sedan,Tractor Truck Diesel,0
18493672,4063707,01/07/2019,14:50,954a97e6-b1e5-44bb-92b1-33541017f61b,Sedan,TOYT -CAR/SUV,1998.0,2.0,M,Licensed,Parked,Left Front Quarter Panel,Left Front Quarter Panel,No Damage,No Damage,No Damage,N,,Unspecified,Unspecified,BRONX,10474.0,"(40.81693, -73.88617)",0.0,0.0,0,0,0,0,0,0,Bus,Sedan,0
18506387,4071572,01/29/2019,00:30,12f7e3a1-6754-41bb-87d1-9c241ead5668,Sedan,SUBA -CAR/SUV,2011.0,0.0,F,Licensed,Making Left Turn,Left Front Quarter Panel,Left Front Quarter Panel,Left Front Bumper,Left Front Bumper,,N,,View Obstructed/Limited,Unspecified,MANHATTAN,10032.0,"(40.8354, -73.9488)",0.0,0.0,0,0,0,0,0,0,Sedan,Sedan,0
19637658,4265163,11/12/2019,07:35,f2c76296-bbc1-469d-8ac6-196257390d28,Taxi,TOYT -CAR/SUV,2018.0,1.0,M,Licensed,Slowing or Stopping,Center Back End,Center Back End,Center Front End,Center Back End,,N,,Unspecified,Unspecified,MANHATTAN,10016.0,"(40.74692, -73.97122)",1.0,0.0,0,0,0,0,1,0,Sedan,Taxi,1
19076385,4199646,09/04/2019,10:00,a79903c1-6cc6-450c-92d3-ac17532be8fc,Station Wagon/Sport Utility Vehicle,GMC -CAR/SUV,2005.0,1.0,M,Licensed,Slowing or Stopping,Center Front End,Left Front Bumper,Left Front Quarter Panel,,,N,,Driver Inattention/Distraction,Following Too Closely,,,,0.0,0.0,0,0,0,0,0,0,Sedan,Station Wagon/Sport Utility Vehicle,0
19139657,4228520,10/23/2019,17:55,819e5ae6-023c-4152-80c0-2824c4c432f6,Station Wagon/Sport Utility Vehicle,NISS -CAR/SUV,2015.0,2.0,F,Licensed,Going Straight Ahead,Right Front Quarter Panel,Right Front Quarter Panel,Right Side Doors,,,N,,Other Vehicular,Unspecified,BROOKLYN,11207.0,"(40.6545, -73.88222)",0.0,0.0,0,0,0,0,0,0,Sedan,Station Wagon/Sport Utility Vehicle,0
18898668,4117140,04/18/2019,14:45,d318d157-ba0d-49d3-9ecc-2ff698f8b530,Sedan,VOLV -CAR/SUV,2016.0,1.0,F,Licensed,Stopped in Traffic,Center Back End,Center Back End,Right Rear Bumper,Left Rear Bumper,No Damage,N,,Unspecified,Unspecified,BROOKLYN,11236.0,"(40.650944, -73.91413)",0.0,0.0,0,0,0,0,0,0,Sedan,Pick-up Truck,0
19006115,4167006,07/09/2019,14:32,8d76d5df-c306-4749-bff5-806c6acab492,Sedan,INFI -CAR/SUV,2017.0,2.0,F,Licensed,Going Straight Ahead,Center Front End,Left Front Bumper,No Damage,No Damage,No Damage,N,,Driver Inattention/Distraction,Unspecified,BROOKLYN,11210.0,"(40.619392, -73.94746)",0.0,0.0,0,0,0,0,0,0,Sedan,Sedan,0
19133745,4226141,10/17/2019,15:05,5890a9b7-892e-4873-991e-01c4fb979ae3,Sedan,SUBA -CAR/SUV,2014.0,2.0,M,Licensed,Going Straight Ahead,Right Side Doors,Right Side Doors,Right Rear Quarter Panel,,,N,,Unspecified,Unspecified,BROOKLYN,11203.0,"(40.65698, -73.92515)",1.0,0.0,0,0,0,0,1,0,Sedan,Sedan,1
18937990,4135322,05/14/2019,17:31,e42a75fb-76ab-4aa5-999c-4bad5960828c,Taxi,FORD -CAR/SUV,2013.0,2.0,M,Licensed,Going Straight Ahead,Right Side Doors,Right Front Quarter Panel,Right Side Doors,Right Rear Quarter Panel,,N,,Unspecified,Unspecified,BROOKLYN,11230.0,"(40.626568, -73.970924)",1.0,0.0,0,0,0,0,1,0,Taxi,Sedan,1
18923473,4128671,05/09/2019,13:00,e7890ecf-5073-464a-b87b-f0ac79d586fa,Sedan,DODG -CAR/SUV,2015.0,1.0,F,Licensed,Going Straight Ahead,Right Front Bumper,Right Front Bumper,Center Front End,,,N,,Unspecified,Unspecified,,,"(40.640625, -74.014984)",0.0,0.0,0,0,0,0,0,0,Sedan,Station Wagon/Sport Utility Vehicle,0
18585938,4108160,03/29/2019,14:23,f499a12c-8127-411f-bde3-d3bde5d2c7bd,Sedan,CHEV -CAR/SUV,2014.0,1.0,M,Licensed,Making Left Turn,Right Front Quarter Panel,Right Front Quarter Panel,Right Side Doors,Right Rear Quarter Panel,Right Front Bumper,N,,Failure to Yield Right-of-Way,Unspecified,,,,1.0,0.0,0,0,0,0,1,0,Sedan,Sedan,1
18930774,4131829,05/14/2019,16:30,6ba217e8-1671-401d-98f4-b57f81b46576,Station Wagon/Sport Utility Vehicle,HOND -CAR/SUV,2014.0,1.0,M,Licensed,Going Straight Ahead,Left Front Bumper,Left Front Bumper,Center Front End,,,N,,Unspecified,Unspecified,QUEENS,11422.0,"(40.661263, -73.72932)",1.0,0.0,0,0,0,0,1,0,Station Wagon/Sport Utility Vehicle,Sedan,1
18660569,4108248,04/03/2019,09:00,5b12260c-645c-4510-b0c2-b20c9b482c5c,Station Wagon/Sport Utility Vehicle,HOND -CAR/SUV,2018.0,0.0,M,Licensed,Parked,Left Side Doors,Left Side Doors,Left Rear Quarter Panel,Left Rear Quarter Panel,,N,,Unspecified,Unspecified,BROOKLYN,11239.0,"(40.64604, -73.8819)",0.0,0.0,0,0,0,0,0,0,Station Wagon/Sport Utility Vehicle,,0
19106931,4214079,09/20/2019,16:45,f6ac8226-4e3f-4bbd-8ac9-8e65dddd39da,Station Wagon/Sport Utility Vehicle,HOND -CAR/SUV,2011.0,2.0,M,Licensed,Going Straight Ahead,Center Back End,Center Back End,Left Rear Bumper,,,N,,Unspecified,Unspecified,MANHATTAN,10007.0,"(40.713764, -74.00543)",0.0,0.0,0,0,0,0,0,0,Station Wagon/Sport Utility Vehicle,Sedan,0
18909648,4121633,04/26/2019,15:55,baa9fcbf-ba32-4a21-a109-6349fde5e701,Sedan,NISS -CAR/SUV,2018.0,1.0,M,Licensed,Stopped in Traffic,Center Front End,Center Front End,Left Front Bumper,Right Front Bumper,,N,,Unspecified,Unspecified,QUEENS,11378.0,"(40.730125, -73.90422)",0.0,0.0,0,0,0,0,0,0,Station Wagon/Sport Utility Vehicle,Sedan,0
19125484,4222649,10/11/2019,06:30,fa282deb-54bf-49a1-930a-4e7efabff246,Sedan,TOYT -CAR/SUV,2007.0,1.0,M,Licensed,Stopped in Traffic,Right Rear Quarter Panel,Right Rear Bumper,Right Rear Quarter Panel,,,N,,Unspecified,Unspecified,,,,0.0,0.0,0,0,0,0,0,0,Sedan,Sedan,0
19165249,4240589,11/13/2019,19:18,16631571-808d-4ebd-875b-d4630fe3a9c0,Sedan,HOND -CAR/SUV,2012.0,1.0,M,Licensed,Going Straight Ahead,Right Side Doors,Right Side Doors,,,,N,,Unspecified,Unspecified,QUEENS,11361.0,"(40.768448, -73.77077)",0.0,0.0,0,0,0,0,0,0,Sedan,Sedan,0
19122456,4220810,10/10/2019,09:10,32c95a1f-c1bd-4961-834f-81549a64a1b5,Taxi,TOYT -CAR/SUV,2012.0,1.0,M,Licensed,Going Straight Ahead,Right Front Quarter Panel,Right Front Quarter Panel,,,,N,,Unspecified,Unspecified,BRONX,10467.0,,0.0,0.0,0,0,0,0,0,0,Sedan,Taxi,0
19111506,4216164,09/26/2019,15:05,126186f9-d589-4a76-9851-ab024664914e,Station Wagon/Sport Utility Vehicle,HOND -CAR/SUV,2006.0,2.0,M,Licensed,Going Straight Ahead,Center Front End,Center Front End,Left Front Bumper,Right Front Bumper,,N,,Failure to Yield Right-of-Way,Driver Inattention/Distraction,BROOKLYN,11204.0,"(40.618797, -73.9835)",1.0,0.0,0,0,0,0,1,0,Sedan,Station Wagon/Sport Utility Vehicle,1
18933810,4126605,05/04/2019,14:10,6117bbc8-6c78-4cc5-97a3-daadb47fb003,Sedan,CADI -CAR/SUV,2007.0,1.0,M,Licensed,Going Straight Ahead,Right Front Quarter Panel,Right Front Bumper,Right Side Doors,Right Rear Bumper,Right Rear Bumper,N,,Unspecified,Unspecified,BROOKLYN,11234.0,"(40.619694, -73.914856)",0.0,0.0,0,0,0,0,0,0,Sedan,Sedan,0
18589349,4105332,03/28/2019,11:15,acbd906a-4db0-4828-98aa-1c0f9b87cc6f,Taxi,NISS -CAR/SUV,2014.0,2.0,M,Licensed,Starting from Parking,Right Front Quarter Panel,Right Rear Quarter Panel,Right Side Doors,,,N,,Passenger Distraction,Driver Inattention/Distraction,,,"(40.867035, -73.896324)",0.0,0.0,0,0,0,0,0,0,Station Wagon/Sport Utility Vehicle,Taxi,0
18612583,4108186,04/03/2019,17:00,cffb4419-b15b-484e-ba29-ece194bfce77,Station Wagon/Sport Utility Vehicle,NISS -CAR/SUV,2019.0,1.0,M,Licensed,Going Straight Ahead,Right Front Bumper,Right Front Bumper,No Damage,No Damage,No Damage,N,,Unspecified,Unspecified,QUEENS,11436.0,"(40.66985, -73.80064)",0.0,0.0,0,0,0,0,0,0,Station Wagon/Sport Utility Vehicle,Station Wagon/Sport Utility Vehicle,0
18916228,4125543,05/03/2019,15:02,ceba4853-9710-4fdf-bd9b-e17d55c29217,Sedan,NISS -CAR/SUV,2005.0,1.0,F,Licensed,Making Right Turn,Center Front End,Center Front End,Left Front Bumper,Right Front Bumper,,N,,Unspecified,Unspecified,BROOKLYN,11236.0,"(40.633858, -73.911446)",0.0,0.0,0,0,0,0,0,0,Sedan,Station Wagon/Sport Utility Vehicle,0
19650974,4264444,12/25/2019,22:40,144924cf-84a1-47f7-b21a-a3b9da97dcda,Station Wagon/Sport Utility Vehicle,MAZD -CAR/SUV,2017.0,0.0,,,Parked,Left Front Quarter Panel,Left Front Quarter Panel,,,,N,,Unspecified,Unspecified,BRONX,10463.0,"(40.87262, -73.904686)",0.0,0.0,0,0,0,0,0,0,Sedan,Sedan,0
18592674,4107579,04/02/2019,13:20,15b798d3-1662-4252-b4df-5fae6bd2d0da,Sedan,HOND -CAR/SUV,2015.0,1.0,F,Licensed,Parked,Left Rear Quarter Panel,Left Side Doors,,,,N,,Unspecified,Unspecified,BRONX,10467.0,"(40.874546, -73.874016)",0.0,0.0,0,0,0,0,0,0,Sedan,Box Truck,0