UNIQUE_ID,COLLISION_ID,CRASH_DATE,CRASH_TIME,VEHICLE_ID,VEHICLE_TYPE,VEHICLE_MAKE,VEHICLE_YEAR,VEHICLE_OCCUPANTS,DRIVER_SEX,DRIVER_LICENSE_STATUS,PRE_CRASH,POINT_OF_IMPACT,VEHICLE_DAMAGE,VEHICLE_DAMAGE_1,VEHICLE_DAMAGE_2,VEHICLE_DAMAGE_3,PUBLIC_PROPERTY_DAMAGE,PUBLIC_PROPERTY_DAMAGE_TYPE,CONTRIBUTING_FACTOR_1,CONTRIBUTING_FACTOR_2,BOROUGH,ZIP CODE,LOCATION,NUMBER OF PERSONS INJURED,NUMBER OF PERSONS KILLED,NUMBER OF PEDESTRIANS INJURED,NUMBER OF PEDESTRIANS KILLED,NUMBER OF CYCLIST INJURED,NUMBER OF CYCLIST KILLED,NUMBER OF MOTORIST INJURED,NUMBER OF MOTORIST KILLED,VEHICLE TYPE CODE 1,VEHICLE TYPE CODE 2,Severity
19012361,4170491,07/14/2019,02:48,ad6a41ec-30b7-4e9d-9865-7e544ec5ab76,Sedan,KIA -CAR/SUV,2010.0,4.0,F,Licensed,Making Right Turn,Left Front Bumper,Left Front Bumper,Center Front End,Left Front Quarter Panel,,N,,Driver Inattention/Distraction,Unspecified,BRONX,10458.0,"(40.861923, -73.89357)",0.0,0.0,0,0,0,0,0,0,Sedan,Sedan,0
18506219,4066077,01/13/2019,15:35,bf25b584-3393-475b-ba7a-8f598ffe28e9,Station Wagon/Sport Utility Vehicle,FORD -CAR/SUV,2018.0,0.0,,,Parked,Other,Other,,,,N,,Other Vehicular,Other Vehicular,MANHATTAN,10019.0,"(40.7651, -73.98499)",0.0,0.0,0,0,0,0,0,0,Bus,Station Wagon/Sport Utility Vehicle,0
18510992,4057873,01/19/2019,15:45,f1cc44ec-3eb5-4a87-9649-478769984a77,Station Wagon/Sport Utility Vehicle,HOND -CAR/SUV,2009.0,2.0,M,Licensed,Going Straight Ahead,Right Side Doors,Right Side Doors,No Damage,No Damage,No Damage,N,,Driver Inattention/Distraction,Passing or Lane Usage Improper,QUEENS,11432.0,"(40.70924, -73.78635)",0.0,0.0,0,0,0,0,0,0,Station Wagon/Sport Utility Vehicle,Sedan,0
19126939,4222961,10/11/2019,10:20,086ce262-a0da-4320-ac3a-3896ab54cc8c,Pick-up Truck,UTIL,2014.0,1.0,M,Licensed,Going Straight Ahead,Right Side Doors,No Damage,,,,N,,Oversized Vehicle,Unspecified,QUEENS,11367.0,"(40.730015, -73.82348)",0.0,0.0,0,0,0,0,0,0,Pick-up Truck,Station Wagon/Sport Utility Vehicle,0
19039826,4182583,08/02/2019,08:30,600837b4-d31a-499f-855d-b534a7ec54de,Sedan,TOYT -CAR/SUV,2014.0,1.0,M,Licensed,Slowing or Stopping,Center Back End,Center Back End,Right Rear Bumper,Left Rear Bumper,,N,,Unspecified,Unspecified,,,"(40.740692, -73.84418)",0.0,0.0,0,0,0,0,0,0,Sedan,Sedan,0
18517009,4064950,01/10/2019,16:20,0d1fbeae-0b42-4577-b88d-c7ddf3e69a5c,Station Wagon/Sport Utility Vehicle,NISS -CAR/SUV,2017.0,1.0,F,Licensed,Going Straight Ahead,Right Rear Quarter Panel,Right Rear Quarter Panel,,,,Unspecified,,Unspecified,Unspecified,QUEENS,11434.0,"(40.66675, -73.779945)",0.0,0.0,0,0,0,0,0,0,Station Wagon/Sport Utility Vehicle,Sedan,0
18927605,4129882,05/11/2019,15:40,27e27ed8-eea2-4a1f-8913-08a4d11d40dc,Station Wagon/Sport Utility Vehicle,VOLK -CAR/SUV,2014.0,1.0,F,Licensed,Going Straight Ahead,Center Front End,No Damage,,,,N,,Unspecified,Unspecified,QUEENS,11379.0,"(40.72575, -73.87756)",2.0,0.0,0,0,0,0,2,0,Sedan,Station Wagon/Sport Utility Vehicle,1
19131345,4225077,10/18/2019,00:25,6b370b12-2707-4bdb-99b8-7e97937d1b6d,Sedan,MERZ -CAR/SUV,2015.0,1.0,M,Licensed,Going Straight Ahead,Left Front Bumper,Left Front Bumper,Left Rear Quarter Panel,Left Front Quarter Panel,Left Side Doors,N,,Unspecified,Unspecified,BROOKLYN,11226.0,"(40.646515, -73.958115)",0.0,0.0,0,0,0,0,0,0,Sedan,,0
19665853,4261982,12/20/2019,12:07,e07a907e-39f6-4716-995e-278e568e667d,Station Wagon/Sport Utility Vehicle,FORD -CAR/SUV,2002.0,1.0,M,Licensed,Stopped in Traffic,Center Back End,Center Back End,,,,N,,Driver Inattention/Distraction,Driver Inattention/Distraction,QUEENS,11101.0,"(40.740597, -73.9306)",0.0,0.0,0,0,0,0,0,0,Station Wagon/Sport Utility Vehicle,Taxi,0
19006973,4167984,07/10/2019,22:15,8bd35b6d-d2c1-4a64-9efa-f2729d28debf,Station Wagon/Sport Utility Vehicle,JEEP -CAR/SUV,2008.0,1.0,M,Licensed,Making Right Turn,Right Rear Bumper,Right Rear Bumper,,,,N,,Turning Improperly,Driver Inattention/Distraction,,,"(40.68138, -73.95352)",1.0,0.0,0,0,0,0,1,0,Station Wagon/Sport Utility Vehicle,Motorcycle,1
19135213,4227274,10/21/2019,19:13,bd3f2d2f-2291-48e4-95ac-06ad23faf6c9,Station Wagon/Sport Utility Vehicle,HOND -CAR/SUV,2009.0,3.0,F,Licensed,,Right Front Bumper,Right Front Bumper,Center Front End,,,N,,Failure to Yield Right-of-Way,Unspecified,BRONX,10453.0,"(40.861862, -73.91282)",0.0,0.0,0,0,0,0,0,0,Station Wagon/Sport Utility Vehicle,Station Wagon/Sport Utility Vehicle,0
18518405,4074432,02/03/2019,01:06,5561aec8-de31-410b-8b1e-60ad889bffc4,Sedan,NISS -CAR/SUV,2013.0,1.0,F,Licensed,Going Straight Ahead,Center Front End,Center Front End,No Damage,No Damage,No Damage,N,,Unspecified,Unspecified,BROOKLYN,11236.0,"(40.639286, -73.89869)",0.0,0.0,0,0,0,0,0,0,Sedan,Sedan,0
18491213,4060898,01/02/2019,06:00,e603b684-70d9-4374-8c97-a79bc7fba2bf,Station Wagon/Sport Utility Vehicle,TOYT -CAR/SUV,2009.0,1.0,M,Licensed,Going Straight Ahead,Right Front Quarter Panel,Right Front Quarter Panel,Right Side Doors,Right Rear Quarter Panel,No Damage,N,,Unspecified,Unspecified,QUEENS,11434.0,"(40.66684, -73.78941)",0.0,0.0,0,0,0,0,0,0,Station Wagon/Sport Utility Vehicle,Station Wagon/Sport Utility Vehicle,0
19050534,4187826,08/12/2019,19:05,195b2088-1936-4fe7-8f9c-5156e1ec8ef7,Sedan,FORD -CAR/SUV,2003.0,0.0,,,Parked,Left Front Bumper,Left Front Bumper,Left Front Quarter Panel,,,N,,Unspecified,Unspecified,QUEENS,11419.0,"(40.690624, -73.81399)",0.0,0.0,0,0,0,0,0,0,Sedan,Van,0
19028564,4177597,07/26/2019,20:13,62f663ad-4aa5-4393-b7bd-a6f39a723d82,Sedan,BMW -CAR/SUV,2018.0,1.0,F,Licensed,Going Straight Ahead,Left Front Quarter Panel,Left Front Quarter Panel,,,,N,,Unspecified,Unspecified,QUEENS,11434.0,"(40.678288, -73.779434)",0.0,0.0,0,0,0,0,0,0,Sedan,Sedan,0
18968183,4149468,06/11/2019,07:00,a06ff737-da6b-4ea0-9d5d-5ced860cdcb9,Station Wagon/Sport Utility Vehicle,HOND -CAR/SUV,2012.0,1.0,F,Licensed,Starting from Parking,Right Front Bumper,No Damage,,,,N,,Driver Inattention/Distraction,Passing Too Closely,,,"(40.85711, -73.93561)",0.0,0.0,0,0,0,0,0,0,Station Wagon/Sport Utility Vehicle,Station Wagon/Sport Utility Vehicle,0
18521884,4079942,02/09/2019,12:45,98050635-36ca-4fc2-84a5-aa9f8958a490,Station Wagon/Sport Utility Vehicle,DODG -CAR/SUV,2017.0,1.0,M,Licensed,Going Straight Ahead,Right Front Quarter Panel,Right Front Quarter Panel,Right Front Quarter Panel,No Damage,No Damage,N,,Unspecified,Unspecified,,,"(40.85687, -73.93477)",0.0,0.0,0,0,0,0,0,0,Sedan,Station Wagon/Sport Utility Vehicle,0
18562604,4092336,03/06/2019,15:00,5d5af665-3127-435c-9534-bf8244848d66,Station Wagon/Sport Utility Vehicle,NISS -CAR/SUV,2004.0,1.0,F,Licensed,Going Straight Ahead,Left Front Bumper,Left Front Bumper,Left Front Bumper,Left Front Bumper,Left Front Bumper,N,,Unspecified,Unspecified,BROOKLYN,11226.0,"(40.64277, -73.95643)",0.0,0.0,0,0,0,0,0,0,Station Wagon/Sport Utility Vehicle,Station Wagon/Sport Utility Vehicle,0
19116454,4218315,09/27/2019,18:00,f06f9e85-fdb8-4932-b0f0-83f12dabdada,Motorcycle,SUZI -MCL,2015.0,1.0,M,Licensed,Stopped in Traffic,Center Back End,Center Back End,,,,N,,Unspecified,Unspecified,,,,1.0,0.0,0,0,0,0,1,0,Motorcycle,Flat Rack,1
18988611,4159619,06/26/2019,09:50,e0119619-e8e8-4e91-83e4-3a3a7dd04100,Station Wagon/Sport Utility Vehicle,NISS -CAR/SUV,2014.0,0.0,F,Licensed,Parked,Right Front Bumper,Right Front Quarter Panel,,,,N,,Unspecified,Unspecified,BRONX,10459.0,"(40.820213, -73.89892)",0.0,0.0,0,0,0,0,0,0,Station Wagon/Sport Utility Vehicle,,0
19084341,4203344,09/10/2019,17:00,03ff1dfc-deb3-4984-aa5c-91027bc06385,Sedan,HOND -CAR/SUV,2018.0,1.0,F,Licensed,Stopped in Traffic,Center Back End,Center Back End,Right Rear Bumper,Right Rear Quarter Panel,Right Rear Bumper,N,,Unspecified,Unspecified,QUEENS,11432.0,"(40.71781, -73.80358)",0.0,0.0,0,0,0,0,0,0,Sedan,Sedan,0
19647724,4256882,12/12/2019,14:00,cc8d8f62-bb11-4234-b705-5379337dd186,Station Wagon/Sport Utility Vehicle,TOYT -CAR/SUV,2013.0,1.0,F,Licensed,Backing,Center Back End,No Damage,,,,N,,Backing Unsafely,Driver Inexperience,QUEENS,11432.0,"(40.70628, -73.79891)",0.0,0.0,0,0,0,0,0,0,Station Wagon/Sport Utility Vehicle,Station Wagon/Sport Utility Vehicle,0
19063074,4193895,08/25/2019,01:20,ae760e03-9a96-4c58-82f6-d95cabc1cc25,Sedan,KIA -CAR/SUV,2015.0,1.0,M,Licensed,Going Straight Ahead,Undercarriage,Undercarriage,,,,N,,Unspecified,Unspecified,,,"(40.617413, -74.13222)",0.0,0.0,0,0,0,0,0,0,Sedan,,0
19499479,4246947,11/22/2019,18:46,e5833fe4-6254-4219-8c39-79dffe0c674c,Sedan,CHRY -CAR/SUV,2006.0,1.0,M,Licensed,Going Straight Ahead,Center Back End,Center Back End,,,,N,,Driver Inattention/Distraction,Driver Inattention/Distraction,,,"(40.704494, -73.81743)",0.0,0.0,0,0,0,0,0,0,Station Wagon/Sport Utility Vehicle,Sedan,0
18609204,4108935,04/04/2019,15:50,c3647896-0236-4d10-afc5-67c4a6a251e7,Sedan,TOYT -CAR/SUV,2018.0,1.0,M,Licensed,Going Straight Ahead,Center Front End,Center Front End,Left Front Bumper,Right Front Bumper,,N,,Failure to Yield Right-of-Way,Driver Inattention/Distraction,QUEENS,11416.0,"(40.68527, -73.84248)",0.0,0.0,0,0,0,0,0,0,Sedan,Station Wagon/Sport Utility Vehicle,0
18513512,4098857,03/15/2019,07:59,aa163b75-396e-47c8-b637-04a02d57c63f,Station Wagon/Sport Utility Vehicle,TOYT -CAR/SUV,2016.0,2.0,M,Licensed,Going Straight Ahead,Other,Other,No Damage,No Damage,No Damage,N,,Unspecified,Unspecified,,,"(40.80949, -73.95167)",1.0,0.0,1,0,0,0,0,0,Station Wagon/Sport Utility Vehicle,,1
18903166,4118786,04/22/2019,05:10,4147d282-c044-4d50-823d-865c27165af9,Station Wagon/Sport Utility Vehicle,ACUR -CAR/SUV,2016.0,0.0,,,Parked,Center Front End,Center Front End,Left Front Bumper,Right Front Bumper,,Unspecified,,Unspecified,Unspecified,QUEENS,11357.0,"(40.781693, -73.82225)",0.0,0.0,0,0,0,0,0,0,Station Wagon/Sport Utility Vehicle,Station Wagon/Sport Utility Vehicle,0
18962113,4146466,06/04/2019,17:45,8f536f9a-8129-4897-896d-f6a872ab2cd9,Station Wagon/Sport Utility Vehicle,VOLV -CAR/SUV,2007.0,1.0,F,Licensed,Making Right Turn,Right Front Bumper,Right Front Bumper,,,,N,,Driver Inattention/Distraction,Unspecified,QUEENS,11411.0,"(40.6894, -73.72711)",0.0,0.0,0,0,0,0,0,0,Station Wagon/Sport Utility Vehicle,Sedan,0
18914285,4124429,05/02/2019,14:05,219d70bd-ee13-4140-94c2-ba3ca42e6470,Station Wagon/Sport Utility Vehicle,NISS -CAR/SUV,2005.0,1.0,M,Unlicensed,Going Straight Ahead,Right Side Doors,Right Side Doors,Right Rear Quarter Panel,No Damage,No Damage,N,,Driver Inattention/Distraction,Unspecified,,,"(40.707726, -73.7913)",0.0,0.0,0,0,0,0,0,0,Sedan,Station Wagon/Sport Utility Vehicle,0
19165821,4241045,11/07/2019,18:20,a11d1c83-0a29-40c8-8a2c-16da05beb835,Station Wagon/Sport Utility Vehicle,MERZ -CAR/SUV,2014.0,2.0,M,,Slowing or Stopping,Center Back End,Center Back End,Right Rear Bumper,Left Rear Bumper,,N,,Unspecified,Unspecified,,,,1.0,0.0,0,0,0,0,1,0,Station Wagon/Sport Utility Vehicle,Station Wagon/Sport Utility Vehicle,1
18540243,4101406,03/22/2019,10:30,8374e13d-9cee-4376-a75c-271b3b14d8dc,Sedan,LEXS -CAR/SUV,2010.0,1.0,M,Licensed,Passing,Left Front Bumper,Left Front Bumper,No Damage,No Damage,No Damage,Unspecified,,Unspecified,Unspecified,BROOKLYN,11217.0,"(40.689697, -73.97511)",0.0,0.0,0,0,0,0,0,0,Sedan,Sedan,0
18920260,4127353,05/06/2019,14:10,d218207a-32ff-4d1a-a921-41e72503b542,Sedan,HOND -CAR/SUV,2015.0,1.0,M,Licensed,Going Straight Ahead,Center Front End,No Damage,No Damage,No Damage,No Damage,N,,Unspecified,Unspecified,MANHATTAN,10029.0,"(40.798622, -73.94163)",1.0,0.0,1,0,0,0,0,0,Sedan,,1
19663757,4261779,12/16/2019,16:00,1d2ac6db-6fd9-49c3-a7fb-0ac7e1b74343,Station Wagon/Sport Utility Vehicle,NISS -CAR/SUV,2014.0,1.0,M,Licensed,Stopped in Traffic,Center Back End,Center Back End,,,,N,,Unspecified,Unspecified,QUEENS,11432.0,"(40.709335, -73.79929)",0.0,0.0,0,0,0,0,0,0,Station Wagon/Sport Utility Vehicle,Station Wagon/Sport Utility Vehicle,0
19173666,4244718,11/20/2019,14:33,548e1062-1150-4590-a4ff-ef8c9022f70b,Station Wagon/Sport Utility Vehicle,CHRY -CAR/SUV,2018.0,0.0,,,Parked,Left Front Quarter Panel,Left Front Bumper,,,,N,,Unspecified,Unspecified,,,"(40.660576, -73.99065)",0.0,0.0,0,0,0,0,0,0,Station Wagon/Sport Utility Vehicle,Box Truck,0
18925372,4129541,05/10/2019,18:50,046e5448-b114-4341-8fdf-33f288ee1d95,Pick-up Truck,DODG -CAR/SUV,2017.0,4.0,M,Licensed,Going Straight Ahead,Left Rear Bumper,Right Rear Quarter Panel,Right Rear Quarter Panel,,,N,,Unspecified,Unspecified,,,"(40.81691, -73.934006)",2.0,0.0,0,0,0,0,2,0,Sedan,Pick-up Truck,1
18988276,4158374,06/25/2019,07:30,3c027db0-1185-43b9-9121-afa4befb446f,Sedan,NISS -CAR/SUV,2000.0,1.0,F,Licensed,Going Straight Ahead,Left Front Bumper,Left Front Bumper,Center Front End,,,N,,Following Too Closely,Unspecified,QUEENS,11435.0,"(40.70554, -73.81046)",0.0,0.0,0,0,0,0,0,0,Station Wagon/Sport Utility Vehicle,Sedan,0
19658036,4248949,11/28/2019,13:30,3ddccf45-93e1-4a92-b029-3f181017e6b1,Station Wagon/Sport Utility Vehicle,HYUN -CAR/SUV,2008.0,1.0,M,Licensed,Parked,Left Rear Bumper,Left Rear Bumper,Left Rear Quarter Panel,,,N,,Unspecified,Unspecified,,,,0.0,0.0,0,0,0,0,0,0,Station Wagon/Sport Utility Vehicle,Station Wagon/Sport Utility Vehicle,0
19641950,4249491,11/29/2019,16:00,f10c4e1d-2a1b-426b-a41d-44194473ba56,Pick-up Truck,DODG -CAR/SUV,2018.0,1.0,M,Licensed,Going Straight Ahead,Left Side Doors,Left Rear Quarter Panel,Right Side Doors,Right Rear Quarter Panel,,N,,Unspecified,Unspecified,BROOKLYN,11228.0,"(40.610157, -74.01203)",1.0,0.0,0,0,0,0,1,0,Station Wagon/Sport Utility Vehicle,Pick-up Truck,1
18597663,4112428,04/10/2019,16:18,d0dc57d9-db49-41b8-b10b-6db92d948bf1,Sedan,CHEV -CAR/SUV,2015.0,1.0,F,Licensed,Going Straight Ahead,Center Front End,Center Front End,,,,N,,Driver Inattention/Distraction,Unspecified,QUEENS,11370.0,"(40.764507, -73.88416)",0.0,0.0,0,0,0,0,0,0,Sedan,Sedan,0
18980174,4154993,06/13/2019,12:00,416bca95-08d3-4c31-b194-e003a26b71a4,TRAIL,explorer motor home,2014.0,1.0,,,Going Straight Ahead,Other,No Damage,No Damage,No Damage,No Damage,N,,Passing Too Closely,Driver Inattention/Distraction,,,"(40.827877, -73.93824)",0.0,0.0,0,0,0,0,0,0,Sedan,TRAIL,0
18908160,4121298,04/25/2019,11:00,d716c4d7-6603-462f-901b-54d2217edbc3,Sedan,TOYT -CAR/SUV,2014.0,1.0,F,Licensed,Going Straight Ahead,Left Front Quarter Panel,Left Front Bumper,,,,N,,Unspecified,Unspecified,QUEENS,11106.0,"(40.76235, -73.92619)",0.0,0.0,0,0,0,0,0,0,Sedan,Station Wagon/Sport Utility Vehicle,0
18551848,4094798,03/10/2019,14:00,6a25ac0c-5157-4f97-bdcb-7767151ead2f,Sedan,TOYT -CAR/SUV,2012.0,1.0,M,Licensed,Making Left Turn,Right Front Bumper,Right Front Bumper,Center Front End,,,N,,Unspecified,Unspecified,MANHATTAN,10018.0,"(40.758976, -73.99394)",0.0,0.0,0,0,0,0,0,0,Sedan,Box Truck,0
18678775,4106307,03/31/2019,16:30,eced3fc5-bdec-4e51-a010-51e10221a876,Station Wagon/Sport Utility Vehicle,TOYT -CAR/SUV,2014.0,3.0,M,Licensed,Making Right Turn,Right Front Bumper,No Damage,,,,N,,Unspecified,Unspecified,QUEENS,11411.0,"(40.695877, -73.742516)",1.0,0.0,0,0,0,0,1,0,Sedan,Station Wagon/Sport Utility Vehicle,1
19629254,4255762,12/09/2019,09:15,303ef981-b062-411f-a3db-b3eaf35e14fc,Station Wagon/Sport Utility Vehicle,DODG -CAR/SUV,2018.0,2.0,M,Licensed,Going Straight Ahead,Right Side Doors,Right Side Doors,Right Rear Quarter Panel,,,N,,Driver Inattention/Distraction,Passing or Lane Usage Improper,BROOKLYN,11225.0,"(40.662533, -73.94792)",0.0,0.0,0,0,0,0,0,0,Station Wagon/Sport Utility Vehicle,Station Wagon/Sport Utility Vehicle,0
18532344,4069200,01/25/2019,11:30,87e76c1d-0315-4d31-9630-fc30290dbe69,Pick-up Truck,frtl,2008.0,2.0,M,Licensed,Going Straight Ahead,Roof,Right Front Quarter Panel,,,,Y,,Unspecified,Unspecified,QUEENS,11417.0,"(40.67955, -73.83674)",0.0,0.0,0,0,0,0,0,0,Pick-up Truck,Sedan,0
18897377,4116332,04/17/2019,09:00,dfc97746-482f-492e-8345-472a21f035cc,Station Wagon/Sport Utility Vehicle,FORD -CAR/SUV,2009.0,1.0,M,Licensed,Changing Lanes,Right Front Bumper,Right Front Bumper,No Damage,No Damage,No Damage,N,,Reaction to Uninvolved Vehicle,Unspecified,,,"(40.780754, -73.95258)",0.0,0.0,0,0,0,0,0,0,Station Wagon/Sport Utility Vehicle,Taxi,0
19143393,4230797,10/26/2019,00:10,dd70dfed-396b-4fd2-ac32-fc94b7c92397,Sedan,TOYT -CAR/SUV,2007.0,0.0,,,Parked,Left Rear Bumper,Left Rear Bumper,,,,N,,Unspecified,Unspecified,,,"(40.694138, -73.92649)",1.0,0.0,1,0,0,0,0,0,Sedan,Sedan,1
18604753,4111523,04/08/2019,14:45,41c1bc62-7dd0-4d86-89d4-c71c3023768a,Station Wagon/Sport Utility Vehicle,HOND -CAR/SUV,2018.0,3.0,M,Licensed,Entering Parked Position,Right Side Doors,Right Side Doors,Right Rear Quarter Panel,No Damage,No Damage,N,,Unspecified,Passing Too Closely,BROOKLYN,11226.0,"(40.650806, -73.94958)",0.0,0.0,0,0,0,0,0,0,Station Wagon/Sport Utility Vehicle,Station Wagon/Sport Utility Vehicle,0
18954117,4142800,06/01/2019,11:54,eead8e86-58dd-482f-9f08-c4e58b63a2d0,Sedan,INFI -CAR/SUV,2003.0,1.0,M,Licensed,Going Straight Ahead,Left Side Doors,Left Side Doors,,,,N,,Unspecified,Unspecified,QUEENS,11428.0,"(40.718754, -73.74082)",0.0,0.0,0,0,0,0,0,0,Sedan,Sedan,0
18915408,4120699,04/23/2019,08:20,d3e0e409-6472-41df-8268-84cd2bfafcc8,Station Wagon/Sport Utility Vehicle,TOYT -CAR/SUV,2011.0,1.0,M,Licensed,Making U Turn,Center Front End,Center Front End,,,,N,,Unspecified,Unspecified,BROOKLYN,11232.0,"(40.647972, -74.0181)",0.0,0.0,0,0,0,0,0,0,Station Wagon/Sport Utility Vehicle,Sedan,0
19644813,4264857,12/26/2019,12:47,98d263e9-95fb-4b47-8a2a-ce9a7cc62014,Station Wagon/Sport Utility Vehicle,JEEP -CAR/SUV,2017.0,4.0,M,Licensed,Going Straight Ahead,Left Front Bumper,Left Front Bumper,Left Front Quarter Panel,,,N,,Driver Inattention/Distraction,View Obstructed/Limited,BROOKLYN,11201.0,"(40.695908, -73.98322)",2.0,0.0,0,0,0,0,2,0,Sedan,Station Wagon/Sport Utility Vehicle,1
18590302,4095516,03/12/2019,10:22,cf7d0b05-4aa8-4c0e-993e-94b556f32cee,Station Wagon/Sport Utility Vehicle,DODG -CAR/SUV,2012.0,1.0,M,Licensed,Slowing or Stopping,Right Front Bumper,Right Front Bumper,,,,N,,Driver Inattention/Distraction,Following Too Closely,MANHATTAN,10021.0,"(40.77369, -73.961945)",0.0,0.0,0,0,0,0,0,0,Station Wagon/Sport Utility Vehicle,Station Wagon/Sport Utility Vehicle,0
19001158,4162241,06/28/2019,15:35,603ed552-6ad1-444c-9980-73e8644a9edb,Sedan,HOND -CAR/SUV,2005.0,3.0,M,Licensed,Going Straight Ahead,Center Front End,Center Front End,Left Front Bumper,Right Front Bumper,Right Front Quarter Panel,N,,Driver Inattention/Distraction,Unspecified,BRONX,10469.0,"(40.87556, -73.846664)",5.0,0.0,0,0,0,0,5,0,Sedan,Sedan,1
19109494,4214843,09/29/2019,11:00,79a5fbd8-54c8-4efd-8053-5355d11b11c8,Station Wagon/Sport Utility Vehicle,SUBA -CAR/SUV,2016.0,1.0,F,Licensed,Slowing or Stopping,Center Front End,Center Front End,,,,N,,Unspecified,Unspecified,,,"(40.770283, -73.82557)",0.0,0.0,0,0,0,0,0,0,Station Wagon/Sport Utility Vehicle,Station Wagon/Sport Utility Vehicle,0
18892029,4113939,04/13/2019,10:50,9ff72c5a-3f7e-46f4-867f-1e4e10ee2244,Sedan,ACUR -CAR/SUV,2008.0,1.0,M,Licensed,Going Straight Ahead,Left Side Doors,Left Side Doors,Left Rear Quarter Panel,Left Rear Bumper,Center Back End,N,,Unspecified,Unspecified,QUEENS,11355.0,"(40.747215, -73.815384)",1.0,0.0,0,0,0,0,1,0,Station Wagon/Sport Utility Vehicle,Station Wagon/Sport Utility Vehicle,1
19076496,4199572,09/04/2019,13:30,307f4765-af87-41ca-b97b-5649c44c3672,Sedan,DODG -CAR/SUV,2010.0,1.0,M,Licensed,Slowing or Stopping,Center Back End,Center Back End,,,,N,,Unspecified,Unspecified,,,,0.0,0.0,0,0,0,0,0,0,Sedan,Sedan,0
18893224,4114139,04/10/2019,16:10,b7cd06ec-3751-446d-98ba-cb2c62281c30,Station Wagon/Sport Utility Vehicle,VOLK -CAR/SUV,2017.0,1.0,F,Licensed,Going Straight Ahead,Center Front End,Right Front Bumper,,,,N,,Following Too Closely,Driver Inattention/Distraction,,,"(40.835873, -73.8699)",2.0,0.0,0,0,0,0,2,0,Bus,Station Wagon/Sport Utility Vehicle,1
18989393,4140611,05/29/2019,02:00,6e3e87f2-3579-4e6c-9738-6b9cfe62e685,Sedan,ACUR -CAR/SUV,2015.0,1.0,M,Licensed,Going Straight Ahead,Right Rear Bumper,Right Rear Bumper,,,,N,,Unspecified,Unspecified,,,"(40.665478, -73.8169)",0.0,0.0,0,0,0,0,0,0,Sedan,Station Wagon/Sport Utility Vehicle,0
19638119,4263985,12/22/2019,00:31,14882ff4-d8f7-4bae-bdae-eeb7d970a2f9,Sedan,TOYT -CAR/SUV,2014.0,1.0,F,Licensed,Parked,Left Side Doors,Left Side Doors,Left Front Quarter Panel,Left Rear Quarter Panel,,N,,Other Vehicular,Other Vehicular,BROOKLYN,11207.0,"(40.68488, -73.91396)",0.0,0.0,0,0,0,0,0,0,Sedan,,0
19652516,4267016,12/28/2019,20:40,e96d363b-6c36-4649-9880-6633b6408daf,Sedan,DODG -CAR/SUV,2013.0,1.0,M,Licensed,Making Left Turn,Right Front Bumper,Right Front Bumper,Right Front Quarter Panel,Center Front End,No Damage,N,,Unspecified,Unspecified,QUEENS,11368.0,"(40.758305, -73.85561)",0.0,0.0,0,0,0,0,0,0,Sedan,Station Wagon/Sport Utility Vehicle,0
18517113,4068312,01/22/2019,14:40,3f510378-df3b-4981-81d3-cbbd9045ea3b,Sedan,BMW -CAR/SUV,2013.0,1.0,M,Licensed,Going Straight Ahead,Right Rear Bumper,Right Rear Bumper,Right Rear Bumper,Center Back End,Right Rear Quarter Panel,N,,Unspecified,Unspecified,BROOKLYN,11203.0,"(40.653805, -73.93061)",0.0,0.0,0,0,0,0,0,0,Sedan,Sedan,0
18516134,4056691,01/17/2019,21:45,8f2e99a8-349c-401b-970d-4d8f9e30cc98,Sedan,BMW -CAR/SUV,2004.0,2.0,M,Licensed,Going Straight Ahead,Left Front Bumper,Center Front End,Right Front Bumper,Center Back End,,N,,Following Too Closely,Driver Inattention/Distraction,,,"(40.710247, -73.82125)",0.0,0.0,0,0,0,0,0,0,Sedan,Sedan,0
19091169,4206021,09/15/2019,17:14,97bb6b5b-adfb-4844-ba9f-6fc997fbcb66,Sedan,LINC -CAR/SUV,2011.0,1.0,M,Licensed,Starting from Parking,Left Front Bumper,Left Front Bumper,No Damage,No Damage,No Damage,N,,Failure to Yield Right-of-Way,Unspecified,,,"(40.71793, -73.73696)",0.0,0.0,0,0,0,0,0,0,Sedan,Sedan,0
19664735,4251166,12/03/2019,05:15,027fe6b8-db87-4591-8c9a-600abec5a6fc,Station Wagon/Sport Utility Vehicle,MITS -CAR/SUV,2019.0,1.0,M,Licensed,Making Left Turn,Center Front End,Center Front End,Left Front Bumper,Right Front Bumper,,N,,Traffic Control Disregarded,Passing or Lane Usage Improper,,,"(40.73804, -73.936806)",0.0,0.0,0,0,0,0,0,0,Station Wagon/Sport Utility Vehicle,Station Wagon/Sport Utility Vehicle,0
19132150,4225728,10/19/2019,05:20,253065f6-9a6f-4d54-a9e0-4c2462e8e46d,Taxi,TOYT -CAR/SUV,2016.0,1.0,M,Licensed,Going Straight Ahead,Right Front Bumper,Right Front Bumper,Center Front End,Right Front Quarter Panel,,N,,Traffic Control Disregarded,Unspecified,MANHATTAN,10022.0,"(40.757698, -73.9694)",0.0,0.0,0,0,0,0,0,0,Taxi,Station Wagon/Sport Utility Vehicle,0