UNIQUE_ID,COLLISION_ID,CRASH_DATE,CRASH_TIME,VEHICLE_ID,VEHICLE_TYPE,VEHICLE_MAKE,VEHICLE_YEAR,VEHICLE_OCCUPANTS,DRIVER_SEX,DRIVER_LICENSE_STATUS,PRE_CRASH,POINT_OF_IMPACT,VEHICLE_DAMAGE,VEHICLE_DAMAGE_1,VEHICLE_DAMAGE_2,VEHICLE_DAMAGE_3,PUBLIC_PROPERTY_DAMAGE,PUBLIC_PROPERTY_DAMAGE_TYPE,CONTRIBUTING_FACTOR_1,CONTRIBUTING_FACTOR_2,BOROUGH,ZIP CODE,LOCATION,NUMBER OF PERSONS INJURED,NUMBER OF PERSONS KILLED,NUMBER OF PEDESTRIANS INJURED,NUMBER OF PEDESTRIANS KILLED,NUMBER OF CYCLIST INJURED,NUMBER OF CYCLIST KILLED,NUMBER OF MOTORIST INJURED,NUMBER OF MOTORIST KILLED,VEHICLE TYPE CODE 1,VEHICLE TYPE CODE 2,Severity
19087500,4204996,09/12/2019,10:30,1c6d8893-ecdd-4031-b980-a0781b315413,Sedan,Freig,2013.0,2.0,M,Licensed,Parked,Center Front End,Center Front End,Right Front Bumper,Left Front Bumper,No Damage,N,,Unspecified,Unspecified,MANHATTAN,10026.0,"(40.80373, -73.95372)",0.0,0.0,0,0,0,0,0,0,Sedan,Sedan,0
19094218,4207934,09/17/2019,09:00,a7dbfae1-0e27-4e68-bd8a-9a3af8495fa7,Station Wagon/Sport Utility Vehicle,HOND -CAR/SUV,2014.0,1.0,M,Licensed,Making Right Turn,Center Front End,Right Front Bumper,,,,N,,Driver Inattention/Distraction,Following Too Closely,,,,0.0,0.0,0,0,0,0,0,0,Station Wagon/Sport Utility Vehicle,Station Wagon/Sport Utility Vehicle,0
19003578,4163688,07/02/2019,23:55,dd15e761-ff94-4b0c-b6cb-06d02e344f11,Sedan,NISS -CAR/SUV,2012.0,1.0,M,Unlicensed,Going Straight Ahead,Left Side Doors,Demolished,,,,Y,,Unsafe Speed,Unspecified,,,"(40.739105, -73.769035)",0.0,1.0,0,0,0,0,0,1,Sedan,,2
18934813,4134088,05/16/2019,12:35,79683c45-ba72-4e52-9a84-028ff8725eab,Box Truck,ISU-TRUCK/BUS,2018.0,1.0,M,Licensed,Making U Turn,Other,No Damage,No Damage,No Damage,No Damage,N,,Oversized Vehicle,Driver Inattention/Distraction,BROOKLYN,11206.0,"(40.696793, -73.93695)",0.0,0.0,0,0,0,0,0,0,Sedan,Box Truck,0
19139626,4228523,10/22/2019,19:30,b6b53cb6-9db5-4cbc-a8fc-a52ea2e70adc,Station Wagon/Sport Utility Vehicle,DODG -CAR/SUV,2017.0,1.0,F,Licensed,Going Straight Ahead,Center Back End,Center Back End,,,,N,,Unspecified,Unspecified,,,"(40.651863, -73.86536)",0.0,0.0,0,0,0,0,0,0,Station Wagon/Sport Utility Vehicle,Sedan,0
18563236,4110991,04/06/2019,12:50,848b4711-112d-48c9-90c3-ac5b95a5b620,Station Wagon/Sport Utility Vehicle,HOND -CAR/SUV,2004.0,1.0,F,Licensed,Backing,Center Back End,No Damage,No Damage,No Damage,No Damage,N,,Backing Unsafely,Unspecified,,,"(40.678722, -73.952995)",0.0,0.0,0,0,0,0,0,0,Station Wagon/Sport Utility Vehicle,Sedan,0
18972076,4151370,06/13/2019,16:44,3a3fa140-77ac-4c85-b8b3-bc9b65d0ace0,Station Wagon/Sport Utility Vehicle,FORD -CAR/SUV,2008.0,8.0,M,Licensed,Going Straight Ahead,Center Back End,Center Back End,No Damage,No Damage,No Damage,N,,Unspecified,Unspecified,,,"(40.851303, -73.95049)",0.0,0.0,0,0,0,0,0,0,Station Wagon/Sport Utility Vehicle,Sedan,0
19037062,4181773,07/31/2019,00:00,adc373c8-82ca-448e-9c0c-eba65534e2dc,Station Wagon/Sport Utility Vehicle,NISS -CAR/SUV,2016.0,1.0,F,Licensed,Going Straight Ahead,Left Front Quarter Panel,Left Front Quarter Panel,Left Front Bumper,No Damage,No Damage,N,,Driver Inattention/Distraction,Unspecified,,,,2.0,0.0,0,0,0,0,2,0,Station Wagon/Sport Utility Vehicle,Sedan,1
18513133,4075337,01/28/2019,08:40,4d399aea-4ac1-477a-bdaf-685c22f8cea2,Van,FORD-TRUCK/BUS,2010.0,1.0,F,Licensed,Slowing or Stopping,Center Back End,Left Rear Bumper,Right Rear Bumper,,,N,,Unspecified,Unspecified,BROOKLYN,11233.0,"(40.682873, -73.914474)",0.0,0.0,0,0,0,0,0,0,Sedan,Van,0
18523825,4076257,02/06/2019,18:00,c7948f72-e1c2-4d47-8dd3-c2bc73d453a4,Station Wagon/Sport Utility Vehicle,CHEV -CAR/SUV,2005.0,3.0,M,Licensed,Going Straight Ahead,Right Side Doors,Right Side Doors,Right Rear Quarter Panel,Right Rear Quarter Panel,,N,,Unspecified,Unspecified,BROOKLYN,11233.0,"(40.67619, -73.9081)",0.0,0.0,0,0,0,0,0,0,Station Wagon/Sport Utility Vehicle,,0
18539044,4091797,03/05/2019,20:50,28449798-2911-4684-ad97-98b6847d2f21,Sedan,NISS -CAR/SUV,2014.0,1.0,M,Licensed,Backing,Left Rear Bumper,Left Rear Quarter Panel,,,,N,,Driver Inattention/Distraction,Unspecified,BROOKLYN,11223.0,"(40.587097, -73.9677)",0.0,0.0,0,0,0,0,0,0,Sedan,Station Wagon/Sport Utility Vehicle,0
19107137,4213972,09/28/2019,13:40,619095de-4577-40fd-9ccb-dfe56b3f525f,Sedan,MERZ -CAR/SUV,2007.0,1.0,M,Licensed,Going Straight Ahead,Left Front Bumper,Left Front Bumper,No Damage,,,N,,Driver Inattention/Distraction,Unspecified,MANHATTAN,10017.0,"(40.752693, -73.97305)",0.0,0.0,0,0,0,0,0,0,Sedan,Sedan,0
19037719,4181566,08/01/2019,08:15,ccba70b7-4499-4c37-8da8-f924350f8af6,Bus,new flyer,2015.0,1.0,M,Licensed,Slowing or Stopping,Left Side Doors,Left Side Doors,No Damage,No Damage,No Damage,Unspecified,,Unspecified,Unspecified,BROOKLYN,11207.0,"(40.662903, -73.893585)",0.0,0.0,0,0,0,0,0,0,Station Wagon/Sport Utility Vehicle,Bus,0
19143724,4231035,10/24/2019,21:03,d53aac1f-b810-4c98-8a84-c5a145d3a511,Bus,YW,2015.0,1.0,M,Licensed,Backing,Center Back End,Center Back End,,,,N,,Backing Unsafely,Unspecified,,,"(40.701054, -73.80888)",0.0,0.0,0,0,0,0,0,0,Station Wagon/Sport Utility Vehicle,Bus,0
18502778,4066591,01/10/2019,23:00,ef960524-6b00-49d4-9d7a-500f40599015,Sedan,NISS -CAR/SUV,2016.0,1.0,F,Licensed,Making Right Turn,Left Front Bumper,Left Front Bumper,Left Front Quarter Panel,Right Rear Bumper,Center Back End,Y,,Driver Inattention/Distraction,Unspecified,STATEN ISLAND,10301.0,,1.0,0.0,0,0,0,0,1,0,Sedan,,1
18969750,4150476,06/12/2019,10:00,0efeddc2-34d1-4779-b306-67d82f655702,Sedan,MNNI -CAR/SUV,2012.0,1.0,M,Licensed,Starting from Parking,Right Front Bumper,Right Front Bumper,,,,N,,Following Too Closely,Unspecified,BRONX,10461.0,"(40.84637, -73.83314)",0.0,0.0,0,0,0,0,0,0,Station Wagon/Sport Utility Vehicle,Sedan,0
18597846,4104511,03/27/2019,21:44,674f321e-1cbf-4834-8c0d-5039f444b1d6,Sedan,HOND -CAR/SUV,2007.0,1.0,F,Licensed,Slowing or Stopping,Left Rear Bumper,Left Rear Bumper,,,,N,,Unspecified,Unspecified,QUEENS,11373.0,"(40.734375, -73.87342)",0.0,0.0,0,0,0,0,0,0,Sedan,Sedan,0
19144533,4231574,10/29/2019,09:30,a81ac145-1a20-452e-bddb-c3d214906c39,Station Wagon/Sport Utility Vehicle,GMC -CAR/SUV,2006.0,1.0,M,Licensed,Going Straight Ahead,Right Front Bumper,Right Front Bumper,No Damage,No Damage,No Damage,N,,Driver Inattention/Distraction,Unspecified,,,"(40.822163, -73.94242)",1.0,0.0,0,0,0,0,1,0,Sedan,Station Wagon/Sport Utility Vehicle,1
18999197,4162092,06/29/2019,17:39,9954bc8a-288c-4fbe-84b1-5c93cdfc7ad4,Sedan,HOND -CAR/SUV,2015.0,3.0,M,Licensed,Going Straight Ahead,Center Front End,Center Front End,,,,N,,Driver Inattention/Distraction,Unspecified,BRONX,10451.0,"(40.82406, -73.92815)",0.0,0.0,0,0,0,0,0,0,Sedan,Sedan,0
18525259,4074284,02/01/2019,16:47,09cac73a-7acf-4e45-b76a-2aaee6e204ae,Sedan,NISS -CAR/SUV,2004.0,1.0,M,Licensed,Stopped in Traffic,Center Back End,Center Back End,,,,N,,Unspecified,Unspecified,,,"(40.633488, -73.98656)",0.0,0.0,0,0,0,0,0,0,Sedan,Sedan,0
19064996,4194005,08/24/2019,19:31,6aa09596-9792-4fc2-a93d-1d0c89562947,Station Wagon/Sport Utility Vehicle,ACUR -CAR/SUV,2010.0,4.0,F,Licensed,Making Left Turn,Center Front End,No Damage,No Damage,No Damage,No Damage,N,,Animals Action,Unspecified,BRONX,10453.0,"(40.847557, -73.91024)",0.0,0.0,0,0,0,0,0,0,Station Wagon/Sport Utility Vehicle,,0
18947824,4141416,05/29/2019,17:11,d15bca3e-be60-4e82-9fd4-20d5fb1d8b28,,unk,,,,,,,,,,,Unspecified,,Unspecified,Unspecified,BROOKLYN,11230.0,,0.0,0.0,0,0,0,0,0,0,Pick-up Truck,,0
18554166,4084561,02/19/2019,20:03,7bc397ea-866d-4f53-ac75-96f788e238ba,Sedan,TOYT -CAR/SUV,2014.0,2.0,M,Licensed,Slowing or Stopping,Right Front Bumper,Right Front Bumper,No Damage,No Damage,No Damage,N,,Unspecified,Unspecified,BROOKLYN,11203.0,"(40.64213, -73.92936)",0.0,0.0,0,0,0,0,0,0,Sedan,Sedan,0
18576015,4103531,03/19/2019,13:20,5725f6b5-bc83-4ebb-bdef-21923b5d53de,Station Wagon/Sport Utility Vehicle,FORD -CAR/SUV,2011.0,0.0,,,Parked,Left Side Doors,Left Side Doors,Left Rear Quarter Panel,No Damage,No Damage,N,,Unspecified,Unspecified,BROOKLYN,11230.0,"(40.63038, -73.95851)",0.0,0.0,0,0,0,0,0,0,Sedan,Sedan,0
19068042,4195631,08/15/2019,14:30,e5bd0e38-fcb1-4906-a15f-16f32aa1ed30,Sedan,TOYT -CAR/SUV,2014.0,1.0,F,Licensed,Entering Parked Position,Right Front Bumper,Right Front Bumper,Right Front Quarter Panel,,,N,,Driver Inattention/Distraction,Driver Inexperience,QUEENS,11361.0,"(40.75919, -73.77365)",0.0,0.0,0,0,0,0,0,0,Sedan,Sedan,0
18927074,4130126,05/11/2019,03:10,f61dd12c-1e24-4f89-836b-531a967ff7a7,Station Wagon/Sport Utility Vehicle,JEEP -CAR/SUV,2006.0,0.0,,,Parked,Center Front End,Center Front End,No Damage,No Damage,,N,,Unspecified,Unspecified,BRONX,10452.0,"(40.843304, -73.91919)",0.0,0.0,0,0,0,0,0,0,Sedan,Station Wagon/Sport Utility Vehicle,0
19097874,4209719,09/19/2019,20:00,d909bd90-3b72-481e-801a-84e6cd2155e8,Station Wagon/Sport Utility Vehicle,FORD -CAR/SUV,2004.0,2.0,M,Licensed,Stopped in Traffic,Right Front Bumper,Right Front Bumper,Right Front Quarter Panel,Center Front End,Left Front Bumper,N,,Unspecified,Unspecified,MANHATTAN,10035.0,"(40.807316, -73.93741)",0.0,0.0,0,0,0,0,0,0,Station Wagon/Sport Utility Vehicle,Sedan,0
18977273,4153672,06/17/2019,13:40,94c6c426-8bb4-4ac0-a1c5-5e47dfc3b974,Sedan,FORD -CAR/SUV,1994.0,0.0,,,Parked,Left Front Quarter Panel,Left Front Quarter Panel,Left Side Doors,Left Front Bumper,,N,,Unspecified,Unspecified,,,"(40.820293, -73.94378)",0.0,0.0,0,0,0,0,0,0,Sedan,,0
19153074,4235394,10/31/2019,14:40,6b932a8d-2fb8-4538-bbfa-38c346d9f578,Sedan,HOND -CAR/SUV,2017.0,2.0,F,Licensed,Going Straight Ahead,Right Front Bumper,Right Front Bumper,Right Front Quarter Panel,,,N,,Traffic Control Disregarded,Unspecified,STATEN ISLAND,10312.0,"(40.54396, -74.19184)",0.0,0.0,0,0,0,0,0,0,Station Wagon/Sport Utility Vehicle,Sedan,0
19081839,4202024,09/02/2019,17:50,a4d6fbbc-faa8-4f61-b681-21db440c5d1d,Station Wagon/Sport Utility Vehicle,TOYT -CAR/SUV,2017.0,1.0,M,Licensed,Going Straight Ahead,Left Front Quarter Panel,Left Front Quarter Panel,,,,N,,Unspecified,Unspecified,,,"(40.769993, -73.915825)",0.0,0.0,0,0,0,0,0,0,Station Wagon/Sport Utility Vehicle,Station Wagon/Sport Utility Vehicle,0
18561536,4084647,02/21/2019,14:00,71221600-f4dd-4678-8bb7-bbe124f12c58,Sedan,HOND -CAR/SUV,2017.0,2.0,M,Licensed,Going Straight Ahead,Left Front Bumper,Left Front Quarter Panel,Left Front Bumper,,,N,,Unspecified,Unspecified,QUEENS,11418.0,"(40.703194, -73.83746)",0.0,0.0,0,0,0,0,0,0,Sedan,Station Wagon/Sport Utility Vehicle,0
19092697,4207395,09/16/2019,21:11,bc7ef268-49a3-42d8-87bc-3fb3a44189c2,Sedan,AUDI -CAR/SUV,2010.0,1.0,M,Licensed,Going Straight Ahead,Left Rear Quarter Panel,No Damage,No Damage,No Damage,No Damage,N,,Passing or Lane Usage Improper,Unspecified,BRONX,10459.0,"(40.81616, -73.8944)",0.0,0.0,0,0,0,0,0,0,Sedan,Station Wagon/Sport Utility Vehicle,0
18542089,4102621,03/25/2019,05:07,e7a11888-8be8-4015-9ad2-d4e3633b2e92,Sedan,TOYT -CAR/SUV,2014.0,1.0,M,Licensed,Avoiding Object in Roadway,Center Front End,Center Front End,Roof,Center Back End,Right Side Doors,Y,,Animals Action,Unspecified,,,"(40.569626, -74.190735)",1.0,0.0,0,0,0,0,1,0,Sedan,,1
18504500,4057332,01/18/2019,19:10,73a50358-0ba9-44f1-8740-4c61ddc526ba,Sedan,HOND -CAR/SUV,2015.0,1.0,M,Licensed,Making Left Turn,Left Rear Quarter Panel,Left Rear Quarter Panel,,,,N,,Unspecified,Unspecified,BRONX,10463.0,"(40.88459, -73.912315)",0.0,0.0,0,0,0,0,0,0,Sedan,Station Wagon/Sport Utility Vehicle,0
18958457,4144787,06/03/2019,16:49,ab8c4b0b-dbd6-46f3-86e7-43d5936f4296,Station Wagon/Sport Utility Vehicle,MERZ -CAR/SUV,2001.0,2.0,F,Licensed,Making Right Turn,Right Side Doors,Right Rear Quarter Panel,Right Rear Bumper,No Damage,No Damage,N,,Unspecified,Unspecified,,,"(40.711166, -73.9489)",0.0,0.0,0,0,0,0,0,0,Station Wagon/Sport Utility Vehicle,Flat Bed,0
18975386,4152939,06/14/2019,17:00,10a816e0-cebd-47a2-b2f3-afc05ed05188,Sedan,TOYT -CAR/SUV,2017.0,1.0,M,Licensed,Going Straight Ahead,Left Rear Quarter Panel,Left Rear Quarter Panel,Left Side Doors,No Damage,No Damage,N,,Unspecified,Unspecified,,,"(40.69125, -73.85087)",0.0,0.0,0,0,0,0,0,0,Sedan,Station Wagon/Sport Utility Vehicle,0
18535081,4076786,02/07/2019,21:30,4556ad90-2d0f-4a13-b111-324e6396f8f3,Pick-up Truck,FREIGHTLINER,2007.0,0.0,M,Licensed,Going Straight Ahead,Center Front End,Center Front End,,,,Unspecified,,Following Too Closely,Following Too Closely,,,"(40.656105, -74.00594)",1.0,0.0,0,0,0,0,1,0,Sedan,Pick-up Truck,1
18575902,4099459,03/19/2019,09:52,6e3ffdd6-4e2b-47d3-9c8a-21e497f86c34,Sedan,TOYT -CAR/SUV,2009.0,1.0,M,Licensed,Going Straight Ahead,Right Front Bumper,Right Front Bumper,Right Front Quarter Panel,Center Front End,No Damage,N,,Driver Inattention/Distraction,Fatigued/Drowsy,,,"(40.61874, -73.957275)",0.0,0.0,0,0,0,0,0,0,Station Wagon/Sport Utility Vehicle,Sedan,0
19006335,4167187,07/09/2019,15:50,483b651a-621b-4a3d-b0fe-af1c4f265ff7,Station Wagon/Sport Utility Vehicle,INFI -CAR/SUV,2017.0,1.0,M,Licensed,Going Straight Ahead,Left Rear Bumper,Left Rear Bumper,Center Back End,,,N,,Unspecified,Unspecified,,,"(40.75455, -73.74317)",0.0,0.0,0,0,0,0,0,0,Station Wagon/Sport Utility Vehicle,Sedan,0
18549349,4080433,02/12/2019,07:50,bddb1913-361d-425d-a90b-2260dd742750,Sedan,HOND -CAR/SUV,2007.0,2.0,M,Licensed,Starting from Parking,Left Front Quarter Panel,Center Front End,Right Front Bumper,Center Front End,Left Front Quarter Panel,N,,Driver Inattention/Distraction,Driver Inexperience,QUEENS,11418.0,"(40.695217, -73.841995)",0.0,0.0,0,0,0,0,0,0,Sedan,Station Wagon/Sport Utility Vehicle,0
19091957,4206857,09/15/2019,14:50,7a99a029-ed09-46cd-bc6d-c97c62f5cfdf,Sedan,CHEV -CAR/SUV,2004.0,3.0,M,Licensed,Going Straight Ahead,Right Front Quarter Panel,Right Front Quarter Panel,No Damage,No Damage,No Damage,N,,Pedestrian/Bicyclist/Other Pedestrian Error/Confusion,Reaction to Uninvolved Vehicle,QUEENS,11435.0,"(40.702606, -73.81324)",0.0,0.0,0,0,0,0,0,0,Sedan,Station Wagon/Sport Utility Vehicle,0
19151477,4234426,11/03/2019,18:10,e948efc3-c307-490f-8e69-684e427d7283,Sedan,HOND -CAR/SUV,2006.0,1.0,M,Licensed,Making Left Turn,Center Front End,Center Front End,,,,N,,Unspecified,Unspecified,MANHATTAN,10018.0,"(40.75228, -73.9897)",1.0,0.0,1,0,0,0,0,0,Sedan,,1
18537712,4080215,02/13/2019,10:38,fb4f2673-bcf4-4d35-be4a-a1c6f21c07cc,Sedan,NISS -CAR/SUV,2005.0,1.0,F,Licensed,Going Straight Ahead,Left Front Quarter Panel,Left Front Quarter Panel,No Damage,No Damage,No Damage,N,,Driver Inattention/Distraction,Unspecified,,,"(40.75457, -73.97169)",0.0,0.0,0,0,0,0,0,0,Sedan,Station Wagon/Sport Utility Vehicle,0
18493437,4066495,01/12/2019,18:05,cca68c34-de21-48e7-81c2-1af5211e8e20,Station Wagon/Sport Utility Vehicle,BMW -CAR/SUV,2015.0,4.0,M,Licensed,Going Straight Ahead,Center Front End,No Damage,,,,N,,Driver Inattention/Distraction,Unspecified,,,"(40.59626, -73.76773)",0.0,0.0,0,0,0,0,0,0,Sedan,Station Wagon/Sport Utility Vehicle,0
19020840,4174466,07/19/2019,05:20,1a61c2f6-f3e6-4d61-b600-28b0657a5102,Sedan,DODG -CAR/SUV,2016.0,0.0,,,Parked,Left Rear Quarter Panel,Left Rear Quarter Panel,No Damage,No Damage,No Damage,N,,Unspecified,Unspecified,,,"(40.8122, -73.94226)",0.0,0.0,0,0,0,0,0,0,Station Wagon/Sport Utility Vehicle,Sedan,0
18524631,4059187,01/22/2019,16:40,8cce4522-a5f1-48dd-99ab-075d56a92d14,Sedan,LINC -CAR/SUV,1988.0,1.0,M,Licensed,Slowing or Stopping,Left Front Bumper,Left Front Bumper,Center Front End,Right Front Bumper,No Damage,N,,Unspecified,Unspecified,,,"(40.722485, -73.82036)",0.0,0.0,0,0,0,0,0,0,Sedan,Station Wagon/Sport Utility Vehicle,0
18531891,4086216,02/21/2019,19:50,f8f9f1a2-bd49-4644-bf42-e10df18acc21,Taxi,CHRY -CAR/SUV,2015.0,1.0,M,,Going Straight Ahead,Center Front End,Center Front End,Left Front Bumper,Right Front Bumper,Other,N,,Unspecified,Unspecified,BROOKLYN,11236.0,"(40.63038, -73.90379)",0.0,0.0,0,0,0,0,0,0,Taxi,Sedan,0
18390229,4077944,02/10/2019,09:35,e5df499a-b07e-415e-b005-56e8e39be57c,Station Wagon/Sport Utility Vehicle,FORD -CAR/SUV,2017.0,2.0,M,Licensed,Going Straight Ahead,Right Front Bumper,Right Front Bumper,,,,N,,View Obstructed/Limited,Glare,QUEENS,11378.0,"(40.71965, -73.911194)",0.0,0.0,0,0,0,0,0,0,Station Wagon/Sport Utility Vehicle,Van,0
18638987,4102779,03/22/2019,18:20,a5bd012b-1b8e-41d3-a5bf-929e7e1f92f9,Station Wagon/Sport Utility Vehicle,NISS -CAR/SUV,2003.0,1.0,M,Licensed,Making Right Turn,Left Front Bumper,Left Front Bumper,No Damage,No Damage,No Damage,N,,Unspecified,Unspecified,BROOKLYN,11207.0,"(40.652752, -73.88629)",0.0,0.0,0,0,0,0,0,0,Station Wagon/Sport Utility Vehicle,Station Wagon/Sport Utility Vehicle,0
18594788,4099716,03/19/2019,16:48,82a2bae7-078a-4b14-99aa-b5cd0f26807e,Station Wagon/Sport Utility Vehicle,SUBA -CAR/SUV,2003.0,0.0,,,Parked,Right Side Doors,Right Side Doors,Right Rear Quarter Panel,,,Unspecified,,Unspecified,Unspecified,QUEENS,11378.0,"(40.727608, -73.89452)",0.0,0.0,0,0,0,0,0,0,Station Wagon/Sport Utility Vehicle,Station Wagon/Sport Utility Vehicle,0
19065837,4193979,08/24/2019,12:00,fba7962a-f9fe-4092-b647-29eb9a176b23,Station Wagon/Sport Utility Vehicle,HOND -CAR/SUV,2013.0,1.0,M,Licensed,Stopped in Traffic,Right Side Doors,Right Side Doors,,,,N,,Unspecified,Unspecified,QUEENS,11373.0,"(40.73796, -73.88371)",0.0,0.0,0,0,0,0,0,0,Station Wagon/Sport Utility Vehicle,Station Wagon/Sport Utility Vehicle,0
18558818,4092700,03/07/2019,09:00,d65f7cc9-72d2-4023-919f-6194cebe4bb4,Sedan,TOYT -CAR/SUV,2016.0,1.0,M,Licensed,Starting from Parking,Left Front Bumper,Left Front Bumper,Left Front Quarter Panel,,,N,,Failure to Yield Right-of-Way,Unspecified,BROOKLYN,11209.0,"(40.619186, -74.02555)",0.0,0.0,0,0,0,0,0,0,Sedan,Sedan,0
18896682,4116350,04/17/2019,09:20,9fce283d-acf1-4d98-81d5-99819aaa7c6f,Bus,IVEC-TRUCK/BUS,2012.0,25.0,M,Licensed,Going Straight Ahead,Right Front Quarter Panel,No Damage,,,,Unspecified,,Passing Too Closely,Oversized Vehicle,BROOKLYN,11211.0,"(40.714905, -73.95662)",0.0,0.0,0,0,0,0,0,0,Bus,Station Wagon/Sport Utility Vehicle,0
19170253,4243123,11/18/2019,10:20,71684271-53c8-40ac-b917-540dff8ae7d1,Station Wagon/Sport Utility Vehicle,HOND -CAR/SUV,2007.0,1.0,F,Licensed,Changing Lanes,Right Front Bumper,Right Front Bumper,Right Front Quarter Panel,No Damage,No Damage,N,,Unsafe Lane Changing,Unspecified,MANHATTAN,10039.0,"(40.821636, -73.93909)",0.0,0.0,0,0,0,0,0,0,Taxi,Station Wagon/Sport Utility Vehicle,0
19158160,4236939,11/07/2019,13:10,a64488e3-33e7-4851-b7af-f316aa186850,Sedan,HYUN -CAR/SUV,2019.0,1.0,F,Permit,Changing Lanes,Right Front Bumper,Right Front Bumper,,,,N,,Failure to Yield Right-of-Way,Unspecified,,,"(40.665794, -73.7464)",0.0,0.0,0,0,0,0,0,0,Station Wagon/Sport Utility Vehicle,Sedan,0
18968659,4149665,06/10/2019,16:40,0a971378-26e1-46f3-8654-195335740512,Station Wagon/Sport Utility Vehicle,DODG -CAR/SUV,2016.0,2.0,M,Licensed,Going Straight Ahead,Center Front End,Center Front End,Right Front Bumper,,,Unspecified,,Unspecified,Unspecified,,,"(40.652554, -73.92078)",0.0,0.0,0,0,0,0,0,0,Station Wagon/Sport Utility Vehicle,Station Wagon/Sport Utility Vehicle,0
19634389,4254323,12/07/2019,18:00,1023d7d5-af16-429f-b115-1fe503fdd2ba,Van,CHEV-TRUCK/BUS,2009.0,1.0,M,Licensed,Making Right Turn,Right Side Doors,Right Side Doors,Right Rear Quarter Panel,Right Rear Quarter Panel,Right Rear Quarter Panel,Unspecified,,Unsafe Lane Changing,Passing or Lane Usage Improper,MANHATTAN,10001.0,"(40.752052, -74.000984)",0.0,0.0,0,0,0,0,0,0,Van,Pick-up Truck,0
18554069,4103145,03/25/2019,08:44,9d58eac5-37fa-4cc4-a783-bab5df8c773a,Sedan,TOYT -CAR/SUV,2015.0,1.0,M,Licensed,Going Straight Ahead,Right Rear Quarter Panel,Right Rear Quarter Panel,Right Rear Bumper,,,N,,Unspecified,Unspecified,BROOKLYN,11213.0,"(40.67341, -73.93348)",0.0,0.0,0,0,0,0,0,0,Sedan,Sedan,0
19133989,4226692,10/19/2019,17:45,1433011b-af71-4078-804a-e0245f838fae,Sedan,NISS -CAR/SUV,2010.0,2.0,M,Licensed,Parked,Left Rear Bumper,Left Rear Bumper,Left Rear Quarter Panel,Center Back End,,N,,Unspecified,Unspecified,,,"(40.89163, -73.85184)",0.0,0.0,0,0,0,0,0,0,Station Wagon/Sport Utility Vehicle,Sedan,0
19661378,4251716,12/03/2019,14:45,673af587-7778-4806-a7f1-3d8a8a1b98a4,YELLOWPOWE,JOHN DEER,2019.0,1.0,M,Licensed,Going Straight Ahead,Left Front Bumper,Left Front Bumper,No Damage,No Damage,No Damage,N,,Unspecified,Unspecified,QUEENS,11434.0,"(40.66684, -73.78941)",0.0,0.0,0,0,0,0,0,0,YELLOWPOWE,Sedan,0
19030591,4178353,07/23/2019,17:40,f7583a20-9e01-4f18-a16f-6ea0f5d7fac5,,horse,,1.0,F,Licensed,Going Straight Ahead,No Damage,No Damage,,,,N,,Unspecified,Unspecified,MANHATTAN,10019.0,"(40.767296, -73.99215)",0.0,0.0,0,0,0,0,0,0,Station Wagon/Sport Utility Vehicle,Pick-up Truck,0
19157629,4237120,11/07/2019,15:44,bb9cb37c-05d9-4911-a7ea-d76427a17452,Station Wagon/Sport Utility Vehicle,CHEV -CAR/SUV,2012.0,1.0,,,Parked,Left Front Quarter Panel,Left Front Quarter Panel,Left Front Quarter Panel,,,N,,Unspecified,Unspecified,BRONX,10456.0,"(40.83228, -73.90963)",0.0,0.0,0,0,0,0,0,0,Station Wagon/Sport Utility Vehicle,Bus,0
18528625,4080679,02/14/2019,07:45,a7ac9b22-7665-47ab-a338-b105f11f2be9,Station Wagon/Sport Utility Vehicle,CHEV -CAR/SUV,2011.0,2.0,F,Licensed,Making Left Turn,Right Front Quarter Panel,Right Front Quarter Panel,Right Front Bumper,No Damage,No Damage,N,,Other Vehicular,Unspecified,,,"(40.84009, -73.88036)",2.0,0.0,0,0,0,0,2,0,Sedan,Station Wagon/Sport Utility Vehicle,1
18951504,4138112,05/24/2019,10:20,7e8e7221-37fc-4d1b-9445-0fa444c67471,Tractor Truck Diesel,MACK-TRUCK/BUS,2013.0,1.0,M,Licensed,Going Straight Ahead,Right Front Quarter Panel,Right Front Quarter Panel,,,,N,,Unspecified,Unspecified,,,"(40.74641, -73.76526)",0.0,0.0,0,0,0,0,0,0,Sedan,Tractor Truck Diesel,0
18514439,4072424,01/30/2019,07:40,dc01ee7d-5a33-4cf0-8b28-f57e8499a65b,Box Truck,FRHT-TRUCK/BUS,2008.0,2.0,M,Licensed,Backing,Right Rear Bumper,Right Rear Bumper,,,,N,,Driver Inattention/Distraction,Unspecified,BROOKLYN,11236.0,"(40.649086, -73.89234)",0.0,0.0,0,0,0,0,0,0,Station Wagon/Sport Utility Vehicle,Box Truck,0
19647282,4256149,12/09/2019,20:30,c5794edf-fecf-41bf-99df-ec8ad800ac74,Station Wagon/Sport Utility Vehicle,MERZ -CAR/SUV,2015.0,0.0,,,Parked,Center Front End,Center Front End,Left Front Quarter Panel,No Damage,No Damage,N,,Unspecified,Unspecified,,,"(40.704365, -73.81181)",0.0,0.0,0,0,0,0,0,0,Station Wagon/Sport Utility Vehicle,Sedan,0