UNIQUE_ID,COLLISION_ID,CRASH_DATE,CRASH_TIME,VEHICLE_ID,VEHICLE_TYPE,VEHICLE_MAKE,VEHICLE_YEAR,VEHICLE_OCCUPANTS,DRIVER_SEX,DRIVER_LICENSE_STATUS,PRE_CRASH,POINT_OF_IMPACT,VEHICLE_DAMAGE,VEHICLE_DAMAGE_1,VEHICLE_DAMAGE_2,VEHICLE_DAMAGE_3,PUBLIC_PROPERTY_DAMAGE,PUBLIC_PROPERTY_DAMAGE_TYPE,CONTRIBUTING_FACTOR_1,CONTRIBUTING_FACTOR_2,BOROUGH,ZIP CODE,LOCATION,NUMBER OF PERSONS INJURED,NUMBER OF PERSONS KILLED,NUMBER OF PEDESTRIANS INJURED,NUMBER OF PEDESTRIANS KILLED,NUMBER OF CYCLIST INJURED,NUMBER OF CYCLIST KILLED,NUMBER OF MOTORIST INJURED,NUMBER OF MOTORIST KILLED,VEHICLE TYPE CODE 1,VEHICLE TYPE CODE 2,Severity
19073281,4198036,09/01/2019,15:30,8617a811-be18-4921-ad07-bb58e32c7145,Sedan,TESL -CAR/SUV,2019.0,2.0,F,Licensed,Going Straight Ahead,Center Front End,Center Front End,Left Front Bumper,Right Front Bumper,,N,,Driver Inattention/Distraction,Unspecified,QUEENS,11366.0,"(40.73296, -73.775894)",1.0,0.0,0,0,0,0,1,0,Station Wagon/Sport Utility Vehicle,Sedan,1
18899979,4117537,04/19/2019,08:00,6cc69369-b6c6-47c7-bc38-c5e07da68b14,Sedan,NISS -CAR/SUV,1993.0,1.0,M,Licensed,Making Right Turn,Left Rear Bumper,Left Rear Bumper,No Damage,No Damage,No Damage,N,,Unspecified,Unspecified,QUEENS,11420.0,"(40.682285, -73.80805)",0.0,0.0,0,0,0,0,0,0,Sedan,Sedan,0
19079531,4201258,09/06/2019,11:09,496ef3e8-af57-4861-94ec-a5e918262e78,Station Wagon/Sport Utility Vehicle,MERZ -CAR/SUV,2017.0,1.0,F,Licensed,Going Straight Ahead,Left Front Quarter Panel,Left Front Quarter Panel,Left Front Bumper,,,N,,Other Vehicular,Traffic Control Disregarded,BRONX,10462.0,"(40.847145, -73.854454)",0.0,0.0,0,0,0,0,0,0,Station Wagon/Sport Utility Vehicle,Taxi,0
18518075,4076410,02/06/2019,20:00,737c6dfc-fb0f-40f8-9734-43689bcae4a7,Station Wagon/Sport Utility Vehicle,JEEP -CAR/SUV,2017.0,0.0,,,Parked,Right Front Bumper,Right Front Bumper,,,,N,,Unspecified,Unspecified,MANHATTAN,10033.0,"(40.851177, -73.93925)",0.0,0.0,0,0,0,0,0,0,Station Wagon/Sport Utility Vehicle,Sedan,0
19146605,4232085,10/29/2019,19:41,1f90248a-5c4a-4fd1-9681-fad16b8c8da2,Station Wagon/Sport Utility Vehicle,BMW -CAR/SUV,2018.0,1.0,M,Licensed,Making Left Turn,Left Front Bumper,Left Front Bumper,No Damage,No Damage,No Damage,N,,Failure to Yield Right-of-Way,Outside Car Distraction,,,,1.0,0.0,1,0,0,0,0,0,Station Wagon/Sport Utility Vehicle,,1
18288938,4060551,01/01/2019,04:40,8ab85399-700b-4f63-9175-bebae4cab635,Station Wagon/Sport Utility Vehicle,ACUR -CAR/SUV,2008.0,7.0,M,Licensed,Going Straight Ahead,Left Rear Quarter Panel,Left Rear Quarter Panel,Left Rear Bumper,Center Back End,,N,,Unspecified,Unspecified,,,"(40.830986, -73.91139)",6.0,0.0,0,0,0,0,6,0,Station Wagon/Sport Utility Vehicle,Station Wagon/Sport Utility Vehicle,1
18960998,4146264,06/06/2019,10:05,f92c0d6f-9aee-4fd3-bd67-025bf1917134,Station Wagon/Sport Utility Vehicle,TOYT -CAR/SUV,2015.0,1.0,F,Licensed,Backing,Right Rear Quarter Panel,Right Rear Quarter Panel,,,,N,,Backing Unsafely,Unspecified,MANHATTAN,10016.0,"(40.74755, -73.9852)",0.0,0.0,0,0,0,0,0,0,Sedan,Station Wagon/Sport Utility Vehicle,0
19665999,4264910,12/26/2019,12:18,12927297-5e07-4576-b6c1-c974e34ddb08,Sedan,HOND -CAR/SUV,2009.0,0.0,,,Parked,Right Front Bumper,Right Front Bumper,Center Front End,No Damage,No Damage,N,,Unspecified,Unspecified,QUEENS,11377.0,"(40.746937, -73.89862)",0.0,0.0,0,0,0,0,0,0,Sedan,Sedan,0
19145970,4232374,10/30/2019,21:49,50f1a159-9dbf-4215-ae91-a121fc7c61f4,Station Wagon/Sport Utility Vehicle,TOYT -CAR/SUV,2018.0,2.0,M,Licensed,Starting in Traffic,No Damage,No Damage,,,,N,,Driver Inattention/Distraction,Driver Inattention/Distraction,MANHATTAN,10024.0,"(40.78971, -73.97356)",0.0,0.0,0,0,0,0,0,0,Station Wagon/Sport Utility Vehicle,,0
19048492,4186558,08/10/2019,14:18,9903969e-cf00-472b-89e3-100f996ea2f7,Station Wagon/Sport Utility Vehicle,TOYT -CAR/SUV,2017.0,1.0,M,Licensed,Making Right Turn,Right Front Bumper,Right Front Bumper,,,,N,,Driver Inattention/Distraction,Unspecified,,,"(40.58562, -73.95486)",0.0,0.0,0,0,0,0,0,0,Station Wagon/Sport Utility Vehicle,Sedan,0
19154867,4235754,11/04/2019,08:47,698f2493-3923-4330-ac02-372787326821,Station Wagon/Sport Utility Vehicle,HOND -CAR/SUV,2017.0,2.0,M,Licensed,Slowing or Stopping,Right Rear Bumper,Right Rear Quarter Panel,,,,N,,Unspecified,Unspecified,,,,0.0,0.0,0,0,0,0,0,0,Station Wagon/Sport Utility Vehicle,Sedan,0
19160509,4238744,11/09/2019,03:32,bde4897f-c59b-48bb-ba4e-948422f0b0dc,,INFI -CAR/SUV,,,,,Changing Lanes,Left Rear Quarter Panel,,,,,Unspecified,,Unsafe Lane Changing,Passing or Lane Usage Improper,BROOKLYN,11237.0,"(40.70624, -73.925476)",0.0,0.0,0,0,0,0,0,0,Sedan,,0
18905375,4120266,04/25/2019,06:35,71a7c26d-03ad-4cdc-aa96-4d61073d64a5,Sedan,HOND -CAR/SUV,2008.0,0.0,F,Licensed,Changing Lanes,Left Front Quarter Panel,Left Front Quarter Panel,Left Front Bumper,Left Side Doors,,N,,Driver Inattention/Distraction,Unsafe Lane Changing,MANHATTAN,10021.0,"(40.768803, -73.95837)",0.0,0.0,0,0,0,0,0,0,Sedan,Sedan,0
19000866,4164130,07/03/2019,14:04,b5de8d1c-60ce-4a9b-8b0b-859fbdd58247,Bus,STARC,2012.0,2.0,M,Licensed,Going Straight Ahead,Right Front Bumper,Right Rear Bumper,Center Back End,Left Rear Bumper,Center Front End,N,,Other Vehicular,Unspecified,BRONX,10455.0,"(40.8123, -73.91411)",1.0,0.0,0,0,0,0,1,0,Sedan,Pick-up Truck,1
18936545,4134397,05/17/2019,18:10,9142258d-864f-48b6-9c03-28f3ff1ba1b1,Sedan,HOND -CAR/SUV,2016.0,1.0,M,Licensed,Making Right Turn,Left Front Bumper,Left Front Quarter Panel,,,,N,,Driver Inattention/Distraction,Driver Inattention/Distraction,QUEENS,11369.0,"(40.770332, -73.87608)",0.0,0.0,0,0,0,0,0,0,Sedan,Sedan,0
18899133,4117548,04/17/2019,21:53,6964037f-fe3f-48e1-9b29-4b7c946801b4,Taxi,DODG -CAR/SUV,2012.0,3.0,M,Licensed,Stopped in Traffic,Center Back End,Center Back End,Center Back End,Center Back End,Center Back End,N,,Unspecified,Unspecified,BRONX,10459.0,"(40.820305, -73.89083)",3.0,0.0,0,0,0,0,3,0,Taxi,Sedan,1
19140694,4229681,10/25/2019,13:19,d848100f-f066-4ea8-8784-ee1d6a3d7ccb,Pick-up Truck,HINO,2013.0,0.0,M,Licensed,Parked,Center Front End,Center Front End,,,,N,,Unspecified,Unspecified,BRONX,10474.0,"(40.803665, -73.874664)",0.0,0.0,0,0,0,0,0,0,Station Wagon/Sport Utility Vehicle,Pick-up Truck,0
18570210,4108023,04/02/2019,05:00,b296e92e-1846-4d2f-a869-52a3444640a7,Sedan,NISS -CAR/SUV,2017.0,1.0,M,Licensed,Going Straight Ahead,Center Front End,Center Front End,Right Front Bumper,Left Front Bumper,,N,,Unsafe Speed,Driver Inattention/Distraction,STATEN ISLAND,10304.0,"(40.623253, -74.08383)",0.0,0.0,0,0,0,0,0,0,Pick-up Truck,Sedan,0
19159629,4238079,11/09/2019,14:30,565e219f-19ad-432f-9ed6-1f902df8e839,PK,FORD-TRUCK/BUS,2011.0,1.0,M,Licensed,Going Straight Ahead,Center Front End,Center Front End,Right Front Bumper,Left Front Bumper,,N,,Driver Inattention/Distraction,Driver Inattention/Distraction,,,"(40.608955, -74.09046)",4.0,0.0,0,0,0,0,4,0,PK,Sedan,1
18991389,4159951,06/27/2019,13:05,5740fc63-0662-41be-93a3-d29f1089817b,Station Wagon/Sport Utility Vehicle,HOND -CAR/SUV,2016.0,0.0,M,Licensed,Going Straight Ahead,Right Front Quarter Panel,Right Side Doors,Right Rear Quarter Panel,,,N,,Reaction to Uninvolved Vehicle,Unspecified,,,,1.0,0.0,0,0,0,0,1,0,Sedan,Station Wagon/Sport Utility Vehicle,1
19052647,4188434,08/14/2019,06:20,f19eab70-dea8-4dde-a7f7-c5dced28dcfc,Station Wagon/Sport Utility Vehicle,GMC -CAR/SUV,2017.0,1.0,M,Licensed,Slowing or Stopping,Center Back End,Center Back End,Left Rear Bumper,Right Rear Bumper,No Damage,N,,Unspecified,Unspecified,,,"(40.741234, -73.84573)",0.0,0.0,0,0,0,0,0,0,Station Wagon/Sport Utility Vehicle,Station Wagon/Sport Utility Vehicle,0
19010655,4169434,07/13/2019,14:26,9f2970b1-2f59-44c4-888d-0a7493702d24,Sedan,LEXS -CAR/SUV,2014.0,1.0,M,Licensed,Going Straight Ahead,Left Rear Bumper,Left Rear Bumper,No Damage,No Damage,No Damage,N,,Unspecified,Unspecified,,,"(40.67058, -73.93096)",0.0,0.0,0,0,0,0,0,0,Sedan,Pick-up Truck,0
19099054,4210666,09/19/2019,08:33,b381ccd4-db76-46f8-9ba5-27fc0a8792e7,Sedan,FORD -CAR/SUV,2016.0,1.0,M,Licensed,Making U Turn,Left Front Bumper,Left Front Bumper,,,,N,,Unspecified,Unspecified,BROOKLYN,11204.0,"(40.615356, -73.976234)",0.0,0.0,0,0,0,0,0,0,Taxi,Sedan,0
18985971,4157956,06/24/2019,12:26,43d7f12c-0ea0-44fc-b7d4-01b075ffdaf5,Garbage or Refuse,MACK-TRUCK/BUS,2006.0,1.0,M,Licensed,Going Straight Ahead,Right Front Bumper,No Damage,No Damage,No Damage,No Damage,N,,Driver Inattention/Distraction,Passing or Lane Usage Improper,,,"(40.745686, -73.97213)",0.0,0.0,0,0,0,0,0,0,Sedan,Garbage or Refuse,0
18540061,4098742,03/16/2019,09:38,1d4e1ca4-0fbd-4def-8357-49a27b34ca6e,Station Wagon/Sport Utility Vehicle,CHEV -CAR/SUV,2018.0,10.0,M,Licensed,Making Left Turn,Center Front End,No Damage,No Damage,No Damage,No Damage,N,,Failure to Yield Right-of-Way,Unspecified,BRONX,10455.0,"(40.815845, -73.89544)",1.0,0.0,1,0,0,0,0,0,Station Wagon/Sport Utility Vehicle,,1
19645026,4266185,12/26/2019,17:30,0cd5f12a-e774-4710-9d08-6fe21798716e,Station Wagon/Sport Utility Vehicle,HOND -CAR/SUV,2019.0,0.0,,,Parked,Right Front Quarter Panel,Right Front Quarter Panel,Right Side Doors,,,N,,Unspecified,Unspecified,BROOKLYN,11230.0,"(40.622814, -73.97567)",0.0,0.0,0,0,0,0,0,0,Station Wagon/Sport Utility Vehicle,Station Wagon/Sport Utility Vehicle,0
19471877,4246507,11/22/2019,16:50,cdbea457-cc7e-42ab-9e44-8cf2f189af19,Station Wagon/Sport Utility Vehicle,MERZ -CAR/SUV,2003.0,1.0,M,Licensed,Going Straight Ahead,Right Front Bumper,Right Front Bumper,Right Front Quarter Panel,,,N,,Unspecified,Unspecified,,,"(40.88996, -73.88738)",1.0,0.0,0,0,0,0,1,0,Station Wagon/Sport Utility Vehicle,Station Wagon/Sport Utility Vehicle,1
19065619,4194936,08/25/2019,18:55,304f1f04-8836-4f98-ba2a-7613a9bac9b7,Station Wagon/Sport Utility Vehicle,HOND -CAR/SUV,2010.0,1.0,F,Licensed,Going Straight Ahead,Left Front Quarter Panel,Left Front Quarter Panel,No Damage,No Damage,No Damage,N,,Unspecified,Unspecified,BRONX,10458.0,"(40.86935, -73.88368)",0.0,0.0,0,0,0,0,0,0,Station Wagon/Sport Utility Vehicle,,0
19117266,4218822,10/06/2019,03:50,67bfc4da-e2c6-4652-8414-99ffb8249822,Sedan,CHEV -CAR/SUV,2016.0,1.0,M,Licensed,Going Straight Ahead,Right Front Quarter Panel,Right Front Quarter Panel,Right Side Doors,,,Unspecified,,Unspecified,Unspecified,BRONX,10454.0,"(40.807213, -73.92841)",0.0,0.0,0,0,0,0,0,0,Sedan,,0
19643982,4263084,12/19/2019,11:40,44ca7760-a2e8-4526-aed5-a490f292588d,Station Wagon/Sport Utility Vehicle,LNDR -CAR/SUV,2019.0,1.0,F,Licensed,Stopped in Traffic,Center Front End,Center Front End,,,,N,,Unspecified,Unspecified,BROOKLYN,11219.0,"(40.635845, -73.98894)",0.0,0.0,0,0,0,0,0,0,Station Wagon/Sport Utility Vehicle,Station Wagon/Sport Utility Vehicle,0
18989171,4159136,06/26/2019,13:45,2785dd16-8bd2-4d55-b91f-2a00ac912526,Sedan,HOND -CAR/SUV,2017.0,1.0,M,Licensed,Going Straight Ahead,Center Back End,Center Back End,,,,N,,Unspecified,Unspecified,BRONX,10463.0,,0.0,0.0,0,0,0,0,0,0,Sedan,Sedan,0
19639392,4250112,12/01/2019,15:45,6b14444e-1dfd-436f-a470-475955c75ab5,Station Wagon/Sport Utility Vehicle,JEEP -CAR/SUV,2019.0,5.0,M,Licensed,Going Straight Ahead,Left Front Quarter Panel,Left Front Quarter Panel,,,,N,,Unspecified,Unspecified,,,"(40.717014, -73.82971)",0.0,0.0,0,0,0,0,0,0,Station Wagon/Sport Utility Vehicle,Sedan,0
18529018,4082582,02/17/2019,15:00,72f31440-18c0-4517-8e6f-75bb266b329b,Van,CHEV-TRUCK/BUS,2000.0,2.0,M,Licensed,Changing Lanes,Right Side Doors,Right Side Doors,,,,N,,Passing or Lane Usage Improper,Unspecified,MANHATTAN,10035.0,"(40.797306, -73.93446)",0.0,0.0,0,0,0,0,0,0,Van,Station Wagon/Sport Utility Vehicle,0
18538771,4089256,03/01/2019,09:00,d11856e6-fc80-4dfd-b1a8-34ad20236fdd,Station Wagon/Sport Utility Vehicle,AUDI -CAR/SUV,2018.0,1.0,M,Licensed,Going Straight Ahead,Left Front Quarter Panel,Left Front Quarter Panel,Left Side Doors,Left Rear Quarter Panel,,N,,Unspecified,Unspecified,BRONX,10471.0,"(40.90599, -73.90229)",0.0,0.0,0,0,0,0,0,0,Sedan,Sedan,0
19118592,4219470,10/07/2019,15:20,5d883bad-143d-4cfd-9e64-432860032014,Sedan,NISS -CAR/SUV,2015.0,1.0,F,Licensed,Stopped in Traffic,Center Front End,Center Front End,Center Back End,,,N,,Unspecified,Unspecified,,,"(40.66495, -73.993355)",0.0,0.0,0,0,0,0,0,0,Station Wagon/Sport Utility Vehicle,Sedan,0
19104435,4213404,09/24/2019,08:25,fe85412a-948b-4d1c-8181-85c5ae82a85c,Bus,NFLY,2015.0,1.0,M,Licensed,Backing,Center Back End,No Damage,,,,N,,Driver Inattention/Distraction,Backing Unsafely,BROOKLYN,11231.0,"(40.673183, -74.00262)",0.0,0.0,0,0,0,0,0,0,Station Wagon/Sport Utility Vehicle,Bus,0
18893392,4114665,04/13/2019,03:00,7247426a-7d00-4ddc-9e21-dbf8c39d95ae,Sedan,NISS -CAR/SUV,2008.0,2.0,M,Licensed,Making Right Turn,Center Front End,Center Front End,Left Front Bumper,Right Front Bumper,,Y,,Alcohol Involvement,Unsafe Speed,,,"(40.701836, -73.82211)",0.0,0.0,0,0,0,0,0,0,Sedan,,0
18966237,4148343,06/09/2019,23:30,a8b644e4-d58f-4cc3-8c91-c534d7045010,Station Wagon/Sport Utility Vehicle,NISS -CAR/SUV,2018.0,0.0,,,Parked,Left Front Quarter Panel,Left Front Quarter Panel,Left Front Bumper,,,N,,Unspecified,Unspecified,,,"(40.659744, -73.87428)",0.0,0.0,0,0,0,0,0,0,Station Wagon/Sport Utility Vehicle,,0
18607252,4088590,02/28/2019,17:28,ee099fab-cc08-48e9-a670-70dccfd37ade,Station Wagon/Sport Utility Vehicle,HOND -CAR/SUV,2006.0,2.0,M,Licensed,Going Straight Ahead,Right Front Bumper,Right Front Bumper,No Damage,No Damage,No Damage,N,,Passing Too Closely,Unspecified,BROOKLYN,11207.0,"(40.675495, -73.88916)",0.0,0.0,0,0,0,0,0,0,Station Wagon/Sport Utility Vehicle,Sedan,0
18894085,4097883,03/15/2019,10:00,b8eeaccb-d2f5-40c5-a717-df46fedf1158,Station Wagon/Sport Utility Vehicle,NISS -CAR/SUV,2018.0,2.0,M,Licensed,Stopped in Traffic,Center Back End,Center Back End,Left Front Bumper,,,N,,Unspecified,Unspecified,,,,0.0,0.0,0,0,0,0,0,0,Station Wagon/Sport Utility Vehicle,Station Wagon/Sport Utility Vehicle,0
18402171,4083760,02/18/2019,19:16,6ef9ef62-14e1-4435-94cf-cdf7791342ea,Sedan,TOYT -CAR/SUV,2017.0,1.0,M,Licensed,Stopped in Traffic,Center Back End,Center Back End,,,,N,,Unspecified,Unspecified,QUEENS,11378.0,"(40.72262, -73.901535)",0.0,0.0,0,0,0,0,0,0,Sedan,Station Wagon/Sport Utility Vehicle,0
18554054,4090102,03/03/2019,18:35,0b426470-6de7-47f8-b50b-160990cdce4c,Pick-up Truck,TOYT -CAR/SUV,2008.0,1.0,,,Parked,Left Front Bumper,Left Front Bumper,,,,N,,Unspecified,Unspecified,BROOKLYN,11219.0,"(40.63011, -74.01001)",0.0,0.0,0,0,0,0,0,0,Pick-up Truck,Station Wagon/Sport Utility Vehicle,0
19121792,4220904,10/08/2019,12:30,794eb698-66e9-4f96-81ea-2e68edc85f2f,Pick-up Truck,ISU -CAR/SUV,2005.0,1.0,M,Licensed,Going Straight Ahead,No Damage,No Damage,No Damage,No Damage,No Damage,N,,Passing Too Closely,Driver Inattention/Distraction,BRONX,10457.0,"(40.84756, -73.89474)",0.0,0.0,0,0,0,0,0,0,Pick-up Truck,Sedan,0
18584222,4094470,03/11/2019,01:00,51d8d03d-eece-4f86-bbf4-1781834cfef4,Sedan,NISS -CAR/SUV,2018.0,2.0,M,Licensed,Going Straight Ahead,Left Front Quarter Panel,Left Front Quarter Panel,Left Side Doors,,,N,,Unspecified,Unspecified,,,"(40.70847, -73.81969)",0.0,0.0,0,0,0,0,0,0,Sedan,,0
18913460,4123886,05/01/2019,15:40,71af91af-5737-406f-a42e-442927537a1a,Station Wagon/Sport Utility Vehicle,CHEV -CAR/SUV,2011.0,3.0,M,Licensed,Slowing or Stopping,Center Back End,Center Back End,Right Rear Bumper,Left Rear Bumper,,N,,Unspecified,Unspecified,,,"(40.763897, -73.95323)",1.0,0.0,0,0,0,0,1,0,Sedan,Station Wagon/Sport Utility Vehicle,1
18992453,4165618,07/05/2019,17:40,bf8a8dcd-8728-4d4e-b008-f1db99fddd73,Sedan,CADI -CAR/SUV,2004.0,2.0,M,Permit,Passing,Right Front Bumper,Right Front Bumper,No Damage,No Damage,No Damage,N,,Driver Inexperience,Passing Too Closely,BROOKLYN,11233.0,"(40.679268, -73.91648)",0.0,0.0,0,0,0,0,0,0,Sedan,Station Wagon/Sport Utility Vehicle,0
18488510,4112865,04/11/2019,09:10,50955fd8-85c1-4ff1-9f54-42a3c51bfe67,Sedan,TOYT -CAR/SUV,2012.0,1.0,F,Licensed,Going Straight Ahead,Left Front Quarter Panel,Left Side Doors,Left Rear Quarter Panel,No Damage,No Damage,N,,Unsafe Lane Changing,Unspecified,,,"(40.708965, -73.95673)",0.0,0.0,0,0,0,0,0,0,Sedan,Sedan,0
19069994,4196867,08/29/2019,14:30,2dbb39f2-9bbc-481d-97d6-56bccd0304ca,Taxi,TOYT -CAR/SUV,2016.0,1.0,M,Licensed,Going Straight Ahead,Left Front Bumper,Left Front Bumper,Undercarriage,No Damage,No Damage,N,,Unspecified,Unspecified,,,"(40.763374, -73.99647)",0.0,0.0,0,0,0,0,0,0,Taxi,,0
18549063,4109640,03/29/2019,16:00,e65cef0d-b048-4517-babf-929091e318d8,3-Door,IC,2006.0,0.0,M,Licensed,Parked,Right Rear Bumper,Right Rear Bumper,,,,N,,Unspecified,Unspecified,BRONX,10459.0,"(40.822105, -73.90062)",0.0,0.0,0,0,0,0,0,0,3-Door,,0
18956067,4143929,06/01/2019,16:46,65c5da6a-c2dc-4ba4-b23a-1f89a7f4e3ca,Sedan,HYUN -CAR/SUV,2011.0,4.0,F,Licensed,Going Straight Ahead,Center Front End,Left Front Bumper,Right Front Bumper,,,N,,Brakes Defective,Unspecified,,,"(40.664047, -73.888115)",4.0,0.0,0,0,0,0,4,0,Station Wagon/Sport Utility Vehicle,Sedan,1
19077715,4199952,08/31/2019,02:00,d92178e6-b3e8-4f04-a9da-b62b4e81af41,Station Wagon/Sport Utility Vehicle,NISS -CAR/SUV,2018.0,0.0,,,Parked,Left Side Doors,Left Side Doors,Left Front Quarter Panel,No Damage,,Unspecified,,Unspecified,Unspecified,QUEENS,11419.0,"(40.6922, -73.834595)",0.0,0.0,0,0,0,0,0,0,Station Wagon/Sport Utility Vehicle,,0
18992479,4164161,06/26/2019,17:30,4a530ca1-4f21-4bed-b140-f697b0964de5,Sedan,HYUN -CAR/SUV,2018.0,1.0,F,Licensed,Going Straight Ahead,Center Front End,No Damage,No Damage,No Damage,No Damage,N,,Driver Inattention/Distraction,Unspecified,,,,1.0,0.0,0,0,0,0,1,0,Station Wagon/Sport Utility Vehicle,Sedan,1
18529777,4071634,01/30/2019,08:01,1e957019-3442-4a51-a27c-9040c43fec43,Station Wagon/Sport Utility Vehicle,CHEV -CAR/SUV,2017.0,1.0,M,Licensed,Making Left Turn,Right Front Bumper,Right Front Quarter Panel,,,,N,,Driver Inattention/Distraction,Unspecified,BRONX,10451.0,"(40.813313, -73.92288)",1.0,0.0,0,0,0,0,1,0,Sedan,Station Wagon/Sport Utility Vehicle,1
18509188,4056326,01/16/2019,03:25,6e65f3d4-d4b6-4646-8c71-143e7e03d659,Taxi,NISS -CAR/SUV,2016.0,0.0,M,Licensed,Going Straight Ahead,Left Front Bumper,Center Front End,Left Front Bumper,Center Front End,,N,,Fell Asleep,Fell Asleep,BROOKLYN,11228.0,"(40.626293, -74.01572)",0.0,0.0,0,0,0,0,0,0,Sedan,Taxi,0
19105862,4213791,09/27/2019,20:25,6a409b73-e097-48e9-919f-a308c200939c,Station Wagon/Sport Utility Vehicle,LINC -CAR/SUV,2019.0,5.0,M,Licensed,Going Straight Ahead,Right Front Quarter Panel,No Damage,No Damage,No Damage,No Damage,N,,Driver Inattention/Distraction,Passing Too Closely,MANHATTAN,10002.0,"(40.718105, -73.98845)",0.0,0.0,0,0,0,0,0,0,Station Wagon/Sport Utility Vehicle,Bus,0
19646505,4247855,11/26/2019,10:05,fec21bc5-0e60-40ab-96da-3daa29cf9b2b,Convertible,AUDI -CAR/SUV,2013.0,1.0,F,Licensed,Going Straight Ahead,Right Rear Quarter Panel,Right Front Quarter Panel,,,,N,,Unsafe Lane Changing,Unspecified,BRONX,10468.0,"(40.863033, -73.90906)",0.0,0.0,0,0,0,0,0,0,Convertible,Station Wagon/Sport Utility Vehicle,0
18990978,4159704,06/26/2019,18:30,bb763970-1acc-4a86-98cd-def19b2f0f53,Sedan,TOYT -CAR/SUV,2000.0,2.0,M,Licensed,Stopped in Traffic,Center Back End,Right Rear Bumper,Left Rear Bumper,Right Rear Quarter Panel,,N,,Unspecified,Unspecified,BROOKLYN,11235.0,"(40.5829, -73.95531)",1.0,0.0,0,0,0,0,1,0,Sedan,Station Wagon/Sport Utility Vehicle,1
18494276,4062356,01/04/2019,14:30,177283cb-5c06-45e8-b0d2-220d6b6151ae,Sedan,INFI -CAR/SUV,2004.0,1.0,M,Licensed,Parked,Left Rear Quarter Panel,Left Side Doors,Left Front Quarter Panel,No Damage,No Damage,N,,Unspecified,Unspecified,BRONX,10453.0,"(40.84942, -73.91113)",0.0,0.0,0,0,0,0,0,0,Sedan,Box Truck,0
19065597,4195084,08/25/2019,01:20,ccb4bf1f-a4e7-4b2c-93fa-33f91b501a81,Sedan,BMW -CAR/SUV,2000.0,0.0,,,Going Straight Ahead,Right Front Bumper,Right Front Bumper,No Damage,No Damage,No Damage,N,,Passing or Lane Usage Improper,Unsafe Lane Changing,,,"(40.692463, -73.81082)",0.0,0.0,0,0,0,0,0,0,Station Wagon/Sport Utility Vehicle,Sedan,0
19110462,4215566,09/30/2019,13:00,ecdb6cc2-2fb9-4cac-8683-94cf7ef30e14,Sedan,ACUR -CAR/SUV,2001.0,1.0,M,Licensed,Going Straight Ahead,Right Side Doors,Right Side Doors,Right Front Quarter Panel,Right Rear Quarter Panel,,N,,Unspecified,Unspecified,,,"(40.77061, -73.8919)",0.0,0.0,0,0,0,0,0,0,Sedan,Station Wagon/Sport Utility Vehicle,0
19158213,4237630,11/07/2019,09:44,ef95ff39-3201-46ca-b6fa-b80d74b55865,Sedan,TOYT -CAR/SUV,2007.0,1.0,F,Licensed,Parked,Left Side Doors,Left Side Doors,No Damage,No Damage,No Damage,N,,Unspecified,Unspecified,MANHATTAN,10026.0,"(40.804283, -73.94902)",0.0,0.0,0,0,0,0,0,0,Sedan,Station Wagon/Sport Utility Vehicle,0
18958268,4144892,06/04/2019,09:40,3b35fc70-ff0d-4fd6-964a-4827de2f0504,Sedan,SMRT -CAR/SUV,2016.0,1.0,M,Licensed,Going Straight Ahead,Right Rear Bumper,Center Back End,Left Rear Bumper,,,N,,Unspecified,Unspecified,BROOKLYN,11223.0,"(40.604195, -73.97218)",0.0,0.0,0,0,0,0,0,0,Sedan,Sedan,0
18602737,4098630,03/17/2019,17:31,dcc833b8-6cfb-4b1e-8da8-cdd624e173f6,Sedan,LEXS -CAR/SUV,2008.0,1.0,M,Licensed,Slowing or Stopping,Center Front End,Right Front Bumper,Left Front Bumper,,,N,,Following Too Closely,Unspecified,QUEENS,11420.0,"(40.67769, -73.82884)",1.0,0.0,0,0,0,0,1,0,Station Wagon/Sport Utility Vehicle,Sedan,1
18892428,4114784,04/12/2019,10:00,5372f7e0-0ef7-4b21-b730-2d93224bb18b,Taxi,MERC -CAR/SUV,2005.0,0.0,M,Licensed,Merging,Left Front Bumper,Left Front Bumper,Left Front Quarter Panel,,,N,,Driver Inattention/Distraction,Driver Inattention/Distraction,BROOKLYN,11235.0,"(40.58112, -73.96394)",0.0,0.0,0,0,0,0,0,0,Taxi,Station Wagon/Sport Utility Vehicle,0
18490726,4061515,01/03/2019,11:30,244f82ba-dea8-4619-85e5-6236756da583,Sedan,VOLV -CAR/SUV,2017.0,1.0,M,Licensed,Going Straight Ahead,Left Rear Bumper,Left Rear Bumper,Left Rear Quarter Panel,,,N,,Unspecified,Unspecified,BROOKLYN,11201.0,"(40.690346, -73.99206)",0.0,0.0,0,0,0,0,0,0,Sedan,Station Wagon/Sport Utility Vehicle,0
18985554,4158173,06/24/2019,15:00,b371cb63-e3d0-45cb-b729-f9128eff98fa,Box Truck,FRHT-TRUCK/BUS,2020.0,2.0,F,Licensed,Going Straight Ahead,Right Side Doors,Right Side Doors,,,,N,,Unspecified,Unspecified,BROOKLYN,11215.0,"(40.67231, -73.9903)",0.0,0.0,0,0,0,0,0,0,Box Truck,Box Truck,0