UNIQUE_ID,COLLISION_ID,CRASH_DATE,CRASH_TIME,VEHICLE_ID,VEHICLE_TYPE,VEHICLE_MAKE,VEHICLE_YEAR,VEHICLE_OCCUPANTS,DRIVER_SEX,DRIVER_LICENSE_STATUS,PRE_CRASH,POINT_OF_IMPACT,VEHICLE_DAMAGE,VEHICLE_DAMAGE_1,VEHICLE_DAMAGE_2,VEHICLE_DAMAGE_3,PUBLIC_PROPERTY_DAMAGE,PUBLIC_PROPERTY_DAMAGE_TYPE,CONTRIBUTING_FACTOR_1,CONTRIBUTING_FACTOR_2,BOROUGH,ZIP CODE,LOCATION,NUMBER OF PERSONS INJURED,NUMBER OF PERSONS KILLED,NUMBER OF PEDESTRIANS INJURED,NUMBER OF PEDESTRIANS KILLED,NUMBER OF CYCLIST INJURED,NUMBER OF CYCLIST KILLED,NUMBER OF MOTORIST INJURED,NUMBER OF MOTORIST KILLED,VEHICLE TYPE CODE 1,VEHICLE TYPE CODE 2,Severity
18939010,4136216,05/17/2019,22:20,1186bdd1-b68e-4174-a6b8-dd39285e8347,Station Wagon/Sport Utility Vehicle,JEEP -CAR/SUV,2019.0,1.0,M,Licensed,Going Straight Ahead,Right Front Bumper,Center Front End,Left Front Bumper,,,N,,Following Too Closely,Unspecified,,,,3.0,0.0,0,0,0,0,3,0,Sedan,Station Wagon/Sport Utility Vehicle,1
19121463,4220283,10/09/2019,07:00,6638c58f-5b36-479c-8905-7deb81a79337,Station Wagon/Sport Utility Vehicle,CHEV -CAR/SUV,2017.0,1.0,F,Licensed,Passing,No Damage,No Damage,No Damage,No Damage,No Damage,N,,Passing Too Closely,Unspecified,BROOKLYN,11207.0,"(40.677494, -73.90186)",0.0,0.0,0,0,0,0,0,0,Station Wagon/Sport Utility Vehicle,Station Wagon/Sport Utility Vehicle,0
19641251,4262298,12/21/2019,01:05,b146477c-9a0b-4363-b59a-2ba97816084a,Pick-up Truck,CHEV -CAR/SUV,2019.0,1.0,F,Licensed,Going Straight Ahead,Right Front Bumper,Right Front Bumper,Right Front Quarter Panel,Right Side Doors,No Damage,N,,Outside Car Distraction,Unspecified,,,,1.0,0.0,0,0,0,0,1,0,Pick-up Truck,,1
18502613,4062254,01/06/2019,08:30,88f23aef-e77b-44b9-b03d-530b7ef9b05e,Sedan,TOYT -CAR/SUV,2006.0,1.0,M,Licensed,Backing,Right Rear Bumper,Right Rear Bumper,Left Rear Bumper,,,N,,Backing Unsafely,Unspecified,,,"(40.764454, -73.83178)",0.0,0.0,0,0,0,0,0,0,Sedan,Sedan,0
18954140,4143006,06/02/2019,04:45,07ad4ce9-96d6-4c4a-a6c8-8ed02fad12c2,Sedan,HOND -CAR/SUV,2019.0,1.0,,,Going Straight Ahead,Left Front Bumper,Left Front Bumper,Center Front End,Right Front Bumper,,N,,Unspecified,Unspecified,QUEENS,11428.0,"(40.71866, -73.74612)",0.0,0.0,0,0,0,0,0,0,Sedan,Sedan,0
19635935,4257578,12/13/2019,10:05,71fd8fac-2474-4de7-a24f-5bcd1efb1064,Station Wagon/Sport Utility Vehicle,HOND -CAR/SUV,2007.0,1.0,M,Licensed,Entering Parked Position,Right Side Doors,Right Side Doors,No Damage,No Damage,No Damage,N,,Driver Inattention/Distraction,Unspecified,BRONX,10453.0,"(40.853474, -73.906456)",0.0,0.0,0,0,0,0,0,0,Station Wagon/Sport Utility Vehicle,Station Wagon/Sport Utility Vehicle,0
19163415,4240109,11/12/2019,22:13,770158d6-b0e5-4827-9b89-6812318ce51e,,JEEP -CAR/SUV,,1.0,,,Going Straight Ahead,Center Front End,No Damage,No Damage,No Damage,No Damage,N,,Unspecified,Unspecified,BROOKLYN,11230.0,"(40.617058, -73.968735)",0.0,0.0,0,0,0,0,0,0,Sedan,,0
19638436,4257299,12/10/2019,22:30,38a27a51-4a9b-4b49-85f8-fa0375922264,Sedan,MERZ -CAR/SUV,2011.0,1.0,F,Licensed,Going Straight Ahead,Right Front Bumper,Center Front End,Left Front Bumper,Left Front Quarter Panel,No Damage,N,,Driver Inattention/Distraction,Unspecified,MANHATTAN,10013.0,"(40.722324, -74.01178)",3.0,0.0,0,0,0,0,3,0,Sedan,Sedan,1
19174875,4239930,11/12/2019,20:15,b8d115de-f546-4210-8369-d8d91ff790b1,Sedan,NISS -CAR/SUV,2010.0,1.0,M,Licensed,Going Straight Ahead,Center Front End,Center Front End,Left Front Bumper,Right Front Bumper,,N,,Unspecified,Unspecified,,,"(40.64721, -74.01531)",0.0,0.0,0,0,0,0,0,0,Sedan,Sedan,0
18585819,4081076,02/14/2019,16:26,5eadb561-0bcc-4b0d-a94c-d0b07583cffb,Bus,STARC,2011.0,17.0,M,Licensed,Stopped in Traffic,Center Back End,Center Back End,Center Back End,Center Back End,Center Back End,N,,Unspecified,Unspecified,BROOKLYN,11207.0,"(40.665745, -73.89816)",0.0,0.0,0,0,0,0,0,0,Sedan,Bus,0
19618072,4268096,12/15/2019,13:11,798a91fb-f749-48f5-aaaa-a4c6a01b5850,Sedan,SUBA -CAR/SUV,2012.0,4.0,M,Licensed,Going Straight Ahead,Center Front End,Center Front End,No Damage,No Damage,No Damage,N,,Driver Inattention/Distraction,Unspecified,BROOKLYN,11221.0,"(40.692287, -73.93691)",2.0,0.0,0,0,0,0,2,0,Sedan,Sedan,1
18999845,4165462,07/06/2019,20:30,e4fe3bb6-56b4-40b7-a78c-20385b567e54,Sedan,MITS -CAR/SUV,2013.0,3.0,F,Licensed,Parked,Center Back End,Center Back End,Center Front End,Right Rear Bumper,Left Rear Bumper,N,,Unspecified,Unspecified,,,,5.0,0.0,0,0,0,0,5,0,Refrigerated Van,Sedan,1
19148100,4233314,10/31/2019,10:45,aca3f1a5-fe77-4273-b2b7-85e619333ec2,Station Wagon/Sport Utility Vehicle,FORD -CAR/SUV,2019.0,2.0,M,Licensed,Starting in Traffic,Left Front Quarter Panel,Left Front Quarter Panel,No Damage,No Damage,No Damage,N,,Driver Inattention/Distraction,Unspecified,,,"(40.848625, -73.93425)",0.0,0.0,0,0,0,0,0,0,Station Wagon/Sport Utility Vehicle,Station Wagon/Sport Utility Vehicle,0
18968479,4149627,06/11/2019,13:00,93ee186b-cfad-4e68-9156-2e341a075ca8,Sedan,HOND -CAR/SUV,2005.0,1.0,M,Licensed,Going Straight Ahead,Center Front End,Center Front End,Right Front Bumper,Left Front Bumper,Center Front End,N,,Driver Inattention/Distraction,Passing or Lane Usage Improper,BROOKLYN,11218.0,"(40.647694, -73.98037)",1.0,0.0,0,0,0,0,1,0,Motorcycle,Sedan,1
19131843,4225488,10/18/2019,17:10,86c6ddef-4f33-4b1e-a2fd-284cacc88413,Station Wagon/Sport Utility Vehicle,TOYT -CAR/SUV,2016.0,1.0,F,Licensed,Going Straight Ahead,Right Front Quarter Panel,Right Front Quarter Panel,Right Rear Quarter Panel,,,N,,Unspecified,Unspecified,,,"(40.711033, -73.7281)",1.0,0.0,0,0,0,0,1,0,Sedan,Station Wagon/Sport Utility Vehicle,1
19096036,4208663,09/13/2019,13:30,90653a11-2831-4699-96bd-325bbe21877b,Station Wagon/Sport Utility Vehicle,DODG -CAR/SUV,2017.0,0.0,,,Parked,Right Front Quarter Panel,Right Front Quarter Panel,Right Front Bumper,Right Side Doors,No Damage,N,,Unspecified,Unspecified,MANHATTAN,10022.0,"(40.757748, -73.97146)",0.0,0.0,0,0,0,0,0,0,Station Wagon/Sport Utility Vehicle,Box Truck,0
18490224,4063750,01/03/2019,20:55,1baef875-ec21-4f81-84b9-53bb14ffb6cb,Sedan,CHEV -CAR/SUV,2018.0,1.0,M,Licensed,Going Straight Ahead,Left Front Quarter Panel,Left Front Quarter Panel,No Damage,No Damage,No Damage,N,,Unspecified,Unspecified,MANHATTAN,10014.0,"(40.731136, -74.00295)",0.0,0.0,0,0,0,0,0,0,Sedan,Taxi,0
19641353,4257848,12/14/2019,18:20,5f132a65-95e6-47a1-a9d1-73271d0b9a02,Sedan,HOND -CAR/SUV,2011.0,1.0,M,Licensed,Going Straight Ahead,Right Rear Bumper,Right Rear Bumper,Right Rear Quarter Panel,No Damage,No Damage,N,,Unspecified,Unspecified,MANHATTAN,10022.0,"(40.756626, -73.964165)",0.0,0.0,0,0,0,0,0,0,Sedan,Station Wagon/Sport Utility Vehicle,0
18591499,4092578,03/07/2019,07:45,40c9c94c-da00-49f1-97cf-3cbe34165ee9,Sedan,VOLV -CAR/SUV,2007.0,1.0,F,Licensed,Stopped in Traffic,Center Back End,Right Rear Bumper,,,,N,,Unspecified,Unspecified,,,"(40.736275, -73.772865)",0.0,0.0,0,0,0,0,0,0,Station Wagon/Sport Utility Vehicle,Sedan,0
18515157,4108766,04/04/2019,14:55,2a6166b4-c621-457f-82b3-397730704b23,Station Wagon/Sport Utility Vehicle,DODG -CAR/SUV,2017.0,1.0,M,Licensed,Going Straight Ahead,Right Rear Quarter Panel,Right Side Doors,,,,N,,Unspecified,Unspecified,,,,0.0,0.0,0,0,0,0,0,0,Station Wagon/Sport Utility Vehicle,Pick-up Truck,0
19014912,4171512,07/16/2019,13:00,96a0c992-2ee9-4e7d-ae63-07ec75b178ff,Dump,HINO -TRUCK/BUS,2017.0,2.0,M,Licensed,Going Straight Ahead,Right Rear Quarter Panel,Right Rear Quarter Panel,,,,N,,Oversized Vehicle,Other Vehicular,,,"(40.674713, -73.96901)",0.0,0.0,0,0,0,0,0,0,Sedan,Dump,0
19163923,4239664,11/12/2019,09:50,d39d23cb-ac4c-4662-ad81-33f8175fc7f8,Box Truck,HIN,2019.0,1.0,M,Licensed,Stopped in Traffic,Left Rear Quarter Panel,No Damage,,,,N,,Unspecified,Unspecified,,,"(40.758205, -73.777405)",1.0,0.0,0,0,0,0,1,0,Sedan,Box Truck,1
18961321,4146208,06/05/2019,17:35,c90ce053-e7e8-473e-84f7-67ac9adb4e7e,Station Wagon/Sport Utility Vehicle,FORD -CAR/SUV,2019.0,0.0,M,Licensed,Going Straight Ahead,Center Front End,Center Front End,,,,N,,Unspecified,Unspecified,BROOKLYN,11212.0,"(40.66246, -73.93075)",0.0,0.0,0,0,0,0,0,0,Sedan,Station Wagon/Sport Utility Vehicle,0
19621749,4252112,12/04/2019,12:35,8c5ed796-6f96-4f54-a002-614b317237dd,Sedan,ACUR -CAR/SUV,2008.0,1.0,F,Licensed,Making Left Turn,Left Front Quarter Panel,Left Front Quarter Panel,No Damage,No Damage,No Damage,N,,Obstruction/Debris,Unspecified,BROOKLYN,11217.0,"(40.687084, -73.97559)",1.0,0.0,1,0,0,0,0,0,Sedan,,1
18987207,4158446,06/25/2019,11:30,7425118f-c2df-4f95-8764-417b61c015d7,Sedan,TOYT -CAR/SUV,2010.0,1.0,F,,Parked,Left Front Quarter Panel,Left Front Quarter Panel,Left Rear Quarter Panel,Left Side Doors,Left Rear Bumper,N,,Unspecified,Unspecified,,,"(40.78049, -73.983986)",0.0,0.0,0,0,0,0,0,0,Pick-up Truck,Sedan,0
18504368,4065817,01/11/2019,18:49,1a285745-d3a8-4f7f-99e3-05b609a6f586,Station Wagon/Sport Utility Vehicle,AUDI -CAR/SUV,2013.0,,,,Starting from Parking,Right Front Bumper,Right Front Bumper,No Damage,No Damage,No Damage,N,,Unspecified,Unspecified,BROOKLYN,11226.0,"(40.64018, -73.954254)",0.0,0.0,0,0,0,0,0,0,Sedan,Station Wagon/Sport Utility Vehicle,0
19626568,4248471,11/25/2019,19:15,bb80a4b9-6ded-44ee-8b7e-1d653d4dd001,Van,FORD,2018.0,1.0,M,Licensed,Backing,No Damage,No Damage,No Damage,No Damage,No Damage,N,,Backing Unsafely,Unspecified,MANHATTAN,10038.0,"(40.712788, -73.99738)",0.0,0.0,0,0,0,0,0,0,Station Wagon/Sport Utility Vehicle,Van,0
19659842,4257536,12/11/2019,15:30,b32b22d2-646d-4ebb-9326-88877945ad03,Sedan,HYUN -CAR/SUV,2015.0,1.0,,,Parked,Left Rear Quarter Panel,Left Rear Quarter Panel,,,,N,,Unspecified,Unspecified,QUEENS,11358.0,"(40.754208, -73.79253)",0.0,0.0,0,0,0,0,0,0,Sedan,Sedan,0
18554950,4105275,03/29/2019,09:47,922f7010-2186-4b0b-926d-663d18c15cb8,Station Wagon/Sport Utility Vehicle,DODG -CAR/SUV,2018.0,2.0,M,Licensed,Going Straight Ahead,Center Front End,Center Front End,,,,N,,Driver Inattention/Distraction,Unspecified,,,"(40.80751, -73.93413)",0.0,0.0,0,0,0,0,0,0,Station Wagon/Sport Utility Vehicle,Station Wagon/Sport Utility Vehicle,0
18599132,4112249,04/10/2019,09:30,848323c9-824b-497e-bb3f-3fd5432454fb,Sedan,NISS -CAR/SUV,2009.0,2.0,F,Licensed,Merging,Right Rear Bumper,Right Rear Bumper,Right Rear Quarter Panel,,,N,,Driver Inexperience,Unspecified,BROOKLYN,11230.0,"(0.0, 0.0)",0.0,0.0,0,0,0,0,0,0,Station Wagon/Sport Utility Vehicle,Sedan,0
19171914,4243842,11/19/2019,08:57,2f4c8fe6-56b5-4dfe-8724-6b8893cfbef0,Sedan,HOND -CAR/SUV,2009.0,1.0,F,Licensed,Going Straight Ahead,Left Front Bumper,Center Front End,Right Front Bumper,,,N,,Following Too Closely,Unspecified,,,"(40.87626, -73.90395)",0.0,0.0,0,0,0,0,0,0,Station Wagon/Sport Utility Vehicle,Sedan,0
19101129,4210779,09/21/2019,10:45,57a1fffd-bd14-4705-a612-50367236d060,Sedan,HOND -CAR/SUV,2013.0,0.0,,,Parked,Right Side Doors,Right Side Doors,Right Rear Quarter Panel,,,N,,Unspecified,Unspecified,,,"(40.703762, -73.94262)",0.0,0.0,0,0,0,0,0,0,Station Wagon/Sport Utility Vehicle,Sedan,0
18935573,4134245,05/18/2019,10:31,daf983f8-7b36-4120-b32c-b57a26ee1fa7,Pick-up Truck,FORD -CAR/SUV,2013.0,1.0,M,Licensed,Going Straight Ahead,Right Front Quarter Panel,Right Front Quarter Panel,,,,N,,Unspecified,Unspecified,QUEENS,11355.0,"(40.75648, -73.83136)",0.0,0.0,0,0,0,0,0,0,Pick-up Truck,Sedan,0
18899091,4117517,04/18/2019,15:55,4e48d946-7521-4ff3-aa63-46dc8fe9cd61,Sedan,NISS -CAR/SUV,2006.0,2.0,M,Licensed,Going Straight Ahead,Center Front End,Center Front End,,,,N,,Unspecified,Unspecified,,,"(40.83593, -73.94352)",1.0,0.0,1,0,0,0,0,0,Sedan,,1
18506704,4056816,01/17/2019,17:55,254a2d2f-c9db-41f2-b4bf-b82acc1e4d7f,Sedan,TOYT -CAR/SUV,2015.0,1.0,M,Licensed,Going Straight Ahead,Center Front End,Center Back End,Right Front Bumper,,,N,,Following Too Closely,Driver Inattention/Distraction,,,"(40.59423, -73.908325)",0.0,0.0,0,0,0,0,0,0,Sedan,Sedan,0
19017540,4172664,07/13/2019,14:12,a3347dd1-9670-482f-a610-53bbed5b9a4d,Sedan,HYUN -CAR/SUV,2013.0,1.0,M,Licensed,Going Straight Ahead,Right Front Quarter Panel,Right Front Quarter Panel,Right Side Doors,,,N,,Unspecified,Unspecified,STATEN ISLAND,10309.0,"(40.52864, -74.21685)",0.0,0.0,0,0,0,0,0,0,Sedan,Sedan,0
18604846,4087550,02/26/2019,18:15,7a89030c-0333-4929-9a07-3977dea59b59,Sedan,TOYT -CAR/SUV,2012.0,1.0,M,Licensed,Going Straight Ahead,Right Front Quarter Panel,Right Front Quarter Panel,,,,N,,Failure to Yield Right-of-Way,Driver Inattention/Distraction,BROOKLYN,11207.0,"(40.67745, -73.89884)",0.0,0.0,0,0,0,0,0,0,Sedan,Taxi,0
18600898,4082868,02/18/2019,11:50,ff771e30-b434-4334-8a44-40857848535f,Station Wagon/Sport Utility Vehicle,HUMM -CAR/SUV,2006.0,1.0,M,Licensed,Going Straight Ahead,Center Front End,Center Front End,,,,N,,Following Too Closely,Unspecified,,,"(40.711227, -73.72826)",0.0,0.0,0,0,0,0,0,0,Sedan,Station Wagon/Sport Utility Vehicle,0
19018884,4173241,07/19/2019,13:45,66bad032-a997-41c6-935b-37a24652e7af,Van,FRHT-TRUCK/BUS,2018.0,1.0,M,Licensed,Making Right Turn,Right Rear Quarter Panel,No Damage,,,,N,,Oversized Vehicle,Other Vehicular,BROOKLYN,11225.0,"(40.663284, -73.96096)",0.0,0.0,0,0,0,0,0,0,Van,Taxi,0
18976556,4153250,06/17/2019,08:53,06aea04b-1668-497e-b436-87ff491cd24e,Station Wagon/Sport Utility Vehicle,CHEV -CAR/SUV,2007.0,0.0,F,Licensed,Parked,Left Front Quarter Panel,Left Front Quarter Panel,Left Side Doors,,,N,,Unspecified,Unspecified,BROOKLYN,11204.0,"(40.61179, -73.987206)",0.0,0.0,0,0,0,0,0,0,Station Wagon/Sport Utility Vehicle,Sedan,0
19108378,4214556,09/27/2019,15:00,2d03a688-0077-4ef8-8521-bb0e756dd569,Sedan,TOYT -CAR/SUV,2019.0,2.0,M,Licensed,Going Straight Ahead,Left Front Bumper,Left Front Bumper,Right Front Quarter Panel,Center Front End,,N,,Unspecified,Unspecified,,,"(40.7591, -73.99215)",0.0,0.0,0,0,0,0,0,0,Bus,Sedan,0
18536057,4080325,02/13/2019,16:04,765e36c3-56b5-4b48-a706-ebe989895fa0,Station Wagon/Sport Utility Vehicle,JEEP -CAR/SUV,2007.0,1.0,M,Licensed,Making Left Turn,Left Front Bumper,No Damage,No Damage,No Damage,No Damage,N,,Unspecified,Unspecified,BROOKLYN,11229.0,"(40.596645, -73.93442)",1.0,0.0,1,0,0,0,0,0,Station Wagon/Sport Utility Vehicle,,1
19026053,4176502,07/24/2019,16:30,9e7ebb0b-7d4e-4f27-b2ec-14b2a2e6ebef,Sedan,ACUR -CAR/SUV,2002.0,2.0,M,Licensed,Going Straight Ahead,Left Front Bumper,Left Front Bumper,Center Front End,Right Front Bumper,,N,,Unspecified,Unspecified,,,,0.0,0.0,0,0,0,0,0,0,Sedan,Sedan,0
19025831,4176268,07/23/2019,09:20,860fd1e3-9d15-42bc-8ddc-c0d183459e09,Sedan,TOYT -CAR/SUV,2018.0,1.0,,,Going Straight Ahead,Center Front End,,,,,N,,Driver Inattention/Distraction,Unspecified,,,,0.0,0.0,0,0,0,0,0,0,Sedan,Sedan,0
19015736,4171449,07/13/2019,14:05,317d6cce-f1ec-49ce-a7f5-2aeea2a3eef3,Station Wagon/Sport Utility Vehicle,TOYT -CAR/SUV,2016.0,1.0,F,Licensed,Slowing or Stopping,Left Front Bumper,Center Front End,Right Front Bumper,,,N,,Unspecified,Unspecified,QUEENS,11436.0,"(40.686176, -73.79381)",0.0,0.0,0,0,0,0,0,0,Pick-up Truck,Station Wagon/Sport Utility Vehicle,0
19155970,4227947,10/23/2019,06:57,b76097ff-eed9-4691-b33c-c873e8f63577,Station Wagon/Sport Utility Vehicle,ACUR -CAR/SUV,2019.0,1.0,F,Licensed,Going Straight Ahead,Right Rear Quarter Panel,Right Rear Quarter Panel,No Damage,No Damage,No Damage,N,,Pavement Defective,Driver Inexperience,,,"(40.857903, -73.86468)",0.0,0.0,0,0,0,0,0,0,Station Wagon/Sport Utility Vehicle,Station Wagon/Sport Utility Vehicle,0
19034260,4180309,07/30/2019,15:00,95551fcb-70f0-4fa6-af5b-750197ac4d9a,Sedan,NISS -CAR/SUV,2018.0,1.0,F,Licensed,Entering Parked Position,Right Front Quarter Panel,Right Front Quarter Panel,,,,N,,Driver Inattention/Distraction,Unspecified,MANHATTAN,10013.0,"(40.718044, -73.99605)",0.0,0.0,0,0,0,0,0,0,Station Wagon/Sport Utility Vehicle,Sedan,0
18675149,4105444,03/29/2019,00:00,4ba4d94b-36c6-4d1e-ba02-edf5a95670ce,Station Wagon/Sport Utility Vehicle,JEEP -CAR/SUV,2013.0,2.0,M,Licensed,Parked,Center Back End,Left Rear Bumper,Right Rear Bumper,No Damage,No Damage,N,,Unspecified,Unspecified,QUEENS,11428.0,"(40.714363, -73.752205)",2.0,0.0,0,0,0,0,2,0,Station Wagon/Sport Utility Vehicle,Sedan,1
18992218,4164431,07/04/2019,13:30,56194510-96ab-4677-8800-9830a8d6dd1c,Sedan,AUDI -CAR/SUV,2006.0,0.0,,,Parked,Center Front End,Center Front End,Center Front End,,,N,,Unspecified,Unspecified,MANHATTAN,10002.0,"(40.71928, -73.98201)",0.0,0.0,0,0,0,0,0,0,Sedan,PK,0
18985454,4140591,05/28/2019,21:22,bab9aec6-5cb1-49aa-bc95-3e206b0bd0a9,Taxi,TOYT -CAR/SUV,2017.0,1.0,M,Licensed,Going Straight Ahead,Right Front Quarter Panel,Right Front Quarter Panel,Right Side Doors,Right Rear Quarter Panel,,N,,Passing Too Closely,Unspecified,BROOKLYN,11205.0,"(40.696747, -73.975525)",0.0,0.0,0,0,0,0,0,0,Sedan,Taxi,0
18925104,4129316,05/10/2019,17:30,c5858569-8feb-4208-a7fb-6eded8b2cb80,Sedan,HOND -CAR/SUV,2009.0,1.0,M,Licensed,Going Straight Ahead,Center Front End,Center Front End,,,,N,,Following Too Closely,Unspecified,,,"(40.739082, -73.81611)",2.0,0.0,0,0,0,0,2,0,Sedan,Station Wagon/Sport Utility Vehicle,1
19029015,4177690,07/24/2019,23:07,78bd9efa-4bb9-41f5-ab48-a986342a183b,Tractor Truck Diesel,KW-TRUCK/BUS,2014.0,1.0,M,Licensed,Going Straight Ahead,Center Front End,No Damage,No Damage,No Damage,No Damage,N,,Following Too Closely,Driver Inattention/Distraction,,,,0.0,0.0,0,0,0,0,0,0,Tractor Truck Diesel,Tractor Truck Diesel,0
18971390,4151011,06/13/2019,09:30,8ddcd301-6815-4a6c-8a0a-75d7226c6439,Pick-up Truck,HINO,2016.0,1.0,M,Licensed,Making Right Turn,Right Side Doors,No Damage,No Damage,No Damage,No Damage,N,,Unspecified,Unspecified,BROOKLYN,11203.0,"(40.654434, -73.92139)",0.0,0.0,0,0,0,0,0,0,Station Wagon/Sport Utility Vehicle,Pick-up Truck,0
19085717,4203647,09/09/2019,01:09,843c5389-fb96-4bc2-9cf9-72719e9d28ec,Station Wagon/Sport Utility Vehicle,TOYT -CAR/SUV,2015.0,1.0,M,Licensed,Going Straight Ahead,Left Rear Quarter Panel,Left Rear Quarter Panel,Left Rear Bumper,Center Back End,Right Rear Bumper,N,,Unspecified,Unspecified,,,,0.0,0.0,0,0,0,0,0,0,Station Wagon/Sport Utility Vehicle,Station Wagon/Sport Utility Vehicle,0
19157916,4235856,11/05/2019,10:50,d600441e-98b8-4c14-9c4e-db51d36a070b,Sedan,LEXS -CAR/SUV,2008.0,1.0,F,Licensed,Going Straight Ahead,Center Front End,Center Front End,Left Front Bumper,Right Front Bumper,,N,,Unspecified,Unspecified,,,,2.0,0.0,0,0,0,0,2,0,Station Wagon/Sport Utility Vehicle,Station Wagon/Sport Utility Vehicle,1
19000933,4161962,06/29/2019,12:25,70126de8-3ba5-45e6-85fb-2f5d9e2a6cbf,Station Wagon/Sport Utility Vehicle,TOYT -CAR/SUV,2007.0,4.0,M,Licensed,Going Straight Ahead,Center Front End,Center Front End,No Damage,,,N,,Driver Inattention/Distraction,Unspecified,QUEENS,11418.0,"(40.695282, -73.84114)",1.0,0.0,0,0,0,0,1,0,Station Wagon/Sport Utility Vehicle,Station Wagon/Sport Utility Vehicle,1
18538996,4089029,02/28/2019,13:48,fb687e1b-84cf-418b-bfbd-429cfb28fa07,Sedan,BMW -CAR/SUV,2016.0,1.0,M,Licensed,Parked,Left Front Quarter Panel,Left Front Quarter Panel,,,,Unspecified,,Unspecified,Unspecified,MANHATTAN,10002.0,"(40.713745, -73.99395)",0.0,0.0,0,0,0,0,0,0,Sedan,Taxi,0
19110637,4182130,07/16/2019,12:08,39c7dc94-a301-4fe8-b993-f078515e5822,Van,FORD-TRUCK/BUS,,5.0,M,Licensed,Going Straight Ahead,Left Rear Quarter Panel,Left Rear Quarter Panel,,,,N,,Unspecified,Unspecified,MANHATTAN,10029.0,"(40.796333, -73.941216)",3.0,0.0,0,0,0,0,3,0,Van,Station Wagon/Sport Utility Vehicle,1
18910871,4122746,04/29/2019,17:07,19397797-909a-458f-a97d-70f80f12944b,Station Wagon/Sport Utility Vehicle,LEXS -CAR/SUV,2019.0,1.0,M,Licensed,Going Straight Ahead,Left Rear Bumper,Left Rear Bumper,Left Rear Quarter Panel,Center Back End,No Damage,N,,Unspecified,Unspecified,QUEENS,11355.0,"(40.75765, -73.825195)",0.0,0.0,0,0,0,0,0,0,Sedan,Station Wagon/Sport Utility Vehicle,0
19077773,4199946,09/04/2019,10:30,b2f9dd0f-f87e-4502-93ed-294a08fb1ed8,Sedan,MERZ -CAR/SUV,2015.0,0.0,M,Licensed,Going Straight Ahead,Left Rear Bumper,Left Rear Bumper,,,,N,,Unspecified,Unspecified,MANHATTAN,10028.0,"(40.77593, -73.94713)",0.0,0.0,0,0,0,0,0,0,Sedan,Sedan,0
18917582,4126037,05/04/2019,20:00,0e971e6f-c9f9-423c-90c2-a359f5842fdf,Sedan,MITS -CAR/SUV,2014.0,1.0,M,Licensed,Going Straight Ahead,Center Back End,Center Back End,Left Rear Bumper,Left Rear Quarter Panel,No Damage,N,,Unspecified,Unspecified,MANHATTAN,10016.0,"(40.746475, -73.9839)",0.0,0.0,0,0,0,0,0,0,Sedan,Taxi,0
18952245,4128444,05/05/2019,20:10,517f2b90-2c8c-4790-ba70-44eef5d9e195,Sedan,HOND -CAR/SUV,2005.0,0.0,,,Parked,Left Rear Bumper,Left Rear Bumper,Center Back End,Left Rear Quarter Panel,Left Side Doors,N,,Unspecified,Unspecified,BROOKLYN,11207.0,"(40.665768, -73.89432)",0.0,0.0,0,0,0,0,0,0,Sedan,Station Wagon/Sport Utility Vehicle,0
18501630,4078702,02/06/2019,14:50,7734e215-6f75-40b6-a324-d336d314c22d,Sedan,HOND -CAR/SUV,2003.0,1.0,M,Licensed,Going Straight Ahead,Center Front End,Center Front End,Left Front Bumper,,,N,,Unspecified,Unspecified,MANHATTAN,10026.0,"(40.80202, -73.94969)",0.0,0.0,0,0,0,0,0,0,Sedan,Sedan,0
19172671,4243818,11/19/2019,10:00,acbd6686-e70f-4738-924e-a3b926c18261,Sedan,MERZ -CAR/SUV,2018.0,1.0,F,Licensed,Going Straight Ahead,Left Rear Bumper,Center Back End,Right Rear Bumper,No Damage,No Damage,N,,Unspecified,Unspecified,,,,1.0,0.0,0,0,0,0,1,0,Pick-up Truck,Sedan,1
18589137,4096605,03/13/2019,15:00,b887088a-35b7-416b-aafb-bdbb95710f60,Station Wagon/Sport Utility Vehicle,TOYT -CAR/SUV,2008.0,0.0,,,Parked,Left Front Bumper,Left Front Bumper,No Damage,No Damage,No Damage,N,,Unspecified,Unspecified,BRONX,10467.0,"(40.884605, -73.86087)",0.0,0.0,0,0,0,0,0,0,Sedan,Station Wagon/Sport Utility Vehicle,0
18538033,4089572,03/02/2019,03:00,a1099245-dcbf-418d-9614-8d7a0701ce4f,Sedan,INFI -CAR/SUV,2007.0,1.0,,,Going Straight Ahead,Right Front Bumper,Right Front Quarter Panel,Right Front Bumper,Right Front Quarter Panel,,N,,Driver Inattention/Distraction,Passing or Lane Usage Improper,,,"(40.6972, -73.952934)",0.0,0.0,0,0,0,0,0,0,Sedan,Sedan,0
19603749,4254511,12/09/2019,01:40,31653025-31ee-40ca-adfb-c235a837bd14,Sedan,HYUN -CAR/SUV,2013.0,1.0,,,Going Straight Ahead,Right Front Bumper,Right Front Bumper,Center Front End,Left Front Bumper,,N,,Unsafe Speed,Unspecified,QUEENS,11697.0,"(40.561813, -73.913376)",0.0,0.0,0,0,0,0,0,0,Sedan,Station Wagon/Sport Utility Vehicle,0
18653547,4100094,03/20/2019,07:50,70b7c340-1254-4622-b397-124f409ad126,Sedan,SUBA -CAR/SUV,2017.0,1.0,M,Licensed,Going Straight Ahead,Center Back End,Center Back End,Left Rear Bumper,Right Rear Bumper,,Unspecified,,Unspecified,Unspecified,,,"(40.736412, -73.74183)",0.0,0.0,0,0,0,0,0,0,Sedan,Sedan,0