UNIQUE_ID,COLLISION_ID,CRASH_DATE,CRASH_TIME,VEHICLE_ID,VEHICLE_TYPE,VEHICLE_MAKE,VEHICLE_YEAR,VEHICLE_OCCUPANTS,DRIVER_SEX,DRIVER_LICENSE_STATUS,PRE_CRASH,POINT_OF_IMPACT,VEHICLE_DAMAGE,VEHICLE_DAMAGE_1,VEHICLE_DAMAGE_2,VEHICLE_DAMAGE_3,PUBLIC_PROPERTY_DAMAGE,PUBLIC_PROPERTY_DAMAGE_TYPE,CONTRIBUTING_FACTOR_1,CONTRIBUTING_FACTOR_2,BOROUGH,ZIP CODE,LOCATION,NUMBER OF PERSONS INJURED,NUMBER OF PERSONS KILLED,NUMBER OF PEDESTRIANS INJURED,NUMBER OF PEDESTRIANS KILLED,NUMBER OF CYCLIST INJURED,NUMBER OF CYCLIST KILLED,NUMBER OF MOTORIST INJURED,NUMBER OF MOTORIST KILLED,VEHICLE TYPE CODE 1,VEHICLE TYPE CODE 2,Severity
19059912,4192062,08/19/2019,21:56,6792cbb1-db0a-4cb0-adfc-c27decb670a0,Station Wagon/Sport Utility Vehicle,HOND -CAR/SUV,2002.0,1.0,M,Licensed,Going Straight Ahead,Center Front End,Center Front End,No Damage,No Damage,No Damage,N,,Following Too Closely,Unspecified,,,"(40.699512, -73.81461)",0.0,0.0,0,0,0,0,0,0,Station Wagon/Sport Utility Vehicle,Sedan,0
19131212,4225228,10/18/2019,08:11,ae3e8953-d70b-4dc3-a753-48f2213870ad,Sedan,TOYT -CAR/SUV,2009.0,0.0,,,Parked,Left Front Bumper,Left Front Quarter Panel,Right Front Quarter Panel,,,N,,Unspecified,Unspecified,,,,0.0,0.0,0,0,0,0,0,0,Sedan,,0
19166084,4241137,11/14/2019,14:50,61150430-650b-4ab2-bb48-7abd10bf545f,Sedan,LINC -CAR/SUV,2005.0,3.0,M,Licensed,Going Straight Ahead,Center Front End,No Damage,,,,N,,Unspecified,Unspecified,,,,0.0,0.0,0,0,0,0,0,0,Sedan,Sedan,0
18520497,4084170,02/20/2019,19:11,3d04bf7c-7a53-41cc-9c90-99de69703005,Taxi,TOYT -CAR/SUV,2017.0,1.0,M,Licensed,Stopped in Traffic,Center Back End,No Damage,No Damage,No Damage,No Damage,N,,Unspecified,Unspecified,MANHATTAN,10032.0,"(40.83406, -73.944885)",0.0,0.0,0,0,0,0,0,0,Taxi,Sedan,0
19070783,4196990,08/29/2019,15:00,37c92dd8-78ef-43d1-bd98-e617673b0d21,Sedan,FORD -CAR/SUV,2015.0,1.0,F,Licensed,Going Straight Ahead,Right Front Quarter Panel,Right Front Bumper,Right Front Bumper,Right Front Quarter Panel,,N,,Unspecified,Unspecified,STATEN ISLAND,10305.0,"(40.60363, -74.07703)",0.0,0.0,0,0,0,0,0,0,Sedan,,0
18540316,4110627,04/06/2019,16:24,0b3ba306-27fa-4974-ad21-2ae46b043f91,Station Wagon/Sport Utility Vehicle,TOYT -CAR/SUV,2012.0,2.0,M,Licensed,Parked,Left Side Doors,Left Side Doors,No Damage,No Damage,No Damage,N,,Other Vehicular,Unspecified,MANHATTAN,10037.0,"(40.812744, -73.937645)",0.0,0.0,0,0,0,0,0,0,Station Wagon/Sport Utility Vehicle,Station Wagon/Sport Utility Vehicle,0
19162314,4235820,11/05/2019,12:04,a6312fd2-63b5-4215-a459-bc77fda23120,Station Wagon/Sport Utility Vehicle,JEEP -CAR/SUV,2018.0,2.0,M,Licensed,Making Right Turn,Right Front Bumper,Right Front Quarter Panel,,,,N,,Driver Inattention/Distraction,Turning Improperly,BROOKLYN,11229.0,"(40.59885, -73.95633)",0.0,0.0,0,0,0,0,0,0,Station Wagon/Sport Utility Vehicle,Station Wagon/Sport Utility Vehicle,0
18908090,4121513,04/27/2019,15:00,cd5c0a10-36ab-43d9-8eda-cf0c14deab01,Sedan,HOND -CAR/SUV,2017.0,1.0,M,Licensed,Parked,Left Rear Bumper,Left Rear Bumper,No Damage,No Damage,No Damage,N,,Unspecified,Unspecified,QUEENS,11434.0,"(40.67825, -73.77375)",0.0,0.0,0,0,0,0,0,0,Sedan,Sedan,0
18892410,4114181,04/10/2019,12:00,7ab9074f-25af-4b40-a3e3-52c44246aa48,Pick-up Truck,FORD -CAR/SUV,2004.0,1.0,M,Licensed,Going Straight Ahead,Center Back End,No Damage,No Damage,No Damage,No Damage,N,,Unspecified,Unspecified,,,"(40.7266, -73.93066)",0.0,0.0,0,0,0,0,0,0,Pick-up Truck,Convertible,0
18984478,4157128,06/23/2019,13:30,1639f575-d178-48e8-bdea-24f190e3477f,Station Wagon/Sport Utility Vehicle,DODG -CAR/SUV,2015.0,1.0,M,Licensed,Going Straight Ahead,Left Rear Bumper,Left Rear Bumper,,,,N,,Unspecified,Unspecified,,,,0.0,0.0,0,0,0,0,0,0,Station Wagon/Sport Utility Vehicle,Pick-up Truck,0
18598868,4096666,03/14/2019,08:15,a3ddd498-2c4e-4e09-85a5-1690e6771623,Station Wagon/Sport Utility Vehicle,JEEP -CAR/SUV,2004.0,3.0,M,Licensed,Going Straight Ahead,Right Rear Quarter Panel,Right Rear Quarter Panel,Right Rear Bumper,No Damage,No Damage,N,,Unsafe Lane Changing,Driver Inattention/Distraction,QUEENS,11417.0,"(40.68059, -73.843155)",0.0,0.0,0,0,0,0,0,0,Station Wagon/Sport Utility Vehicle,Station Wagon/Sport Utility Vehicle,0
19125167,4222573,10/13/2019,18:15,5ffda4a6-8def-42db-a155-1d4b5a9ffce8,Station Wagon/Sport Utility Vehicle,HOND -CAR/SUV,2016.0,2.0,F,Licensed,Going Straight Ahead,Center Front End,Center Front End,No Damage,No Damage,No Damage,N,,Unspecified,Unspecified,,,,0.0,0.0,0,0,0,0,0,0,Sedan,Station Wagon/Sport Utility Vehicle,0
18961367,4146307,05/29/2019,06:00,bb38abcd-9999-4941-a361-3a337a5a7c21,Beverage Truck,HINO -TRUCK/BUS,2012.0,0.0,M,Licensed,Going Straight Ahead,Center Front End,Center Front End,Center Back End,Right Front Bumper,Other,N,,Unspecified,Unspecified,,,,2.0,0.0,0,0,0,0,2,0,Bus,Box Truck,1
19136816,4227749,10/22/2019,12:55,06cdb0cf-04db-4e67-b36a-d715de462268,Station Wagon/Sport Utility Vehicle,CHEV -CAR/SUV,2016.0,1.0,M,Licensed,Going Straight Ahead,Center Front End,Center Front End,Left Front Bumper,Right Front Bumper,,N,,Driver Inattention/Distraction,Unsafe Lane Changing,,,,0.0,0.0,0,0,0,0,0,0,Station Wagon/Sport Utility Vehicle,Sedan,0
18532339,4070866,01/28/2019,11:00,7719554a-45ce-4561-b4f0-0d58d3262c7c,Station Wagon/Sport Utility Vehicle,CADI -CAR/SUV,2017.0,2.0,F,Licensed,Starting in Traffic,Left Front Bumper,Left Front Bumper,,,,N,,Failure to Yield Right-of-Way,Failure to Yield Right-of-Way,QUEENS,11385.0,"(40.709515, -73.89878)",0.0,0.0,0,0,0,0,0,0,Station Wagon/Sport Utility Vehicle,Station Wagon/Sport Utility Vehicle,0
18550641,4087748,02/27/2019,11:35,2ca675cd-a460-4bb6-903e-5302f5c2e813,Sedan,HYUN -CAR/SUV,,2.0,F,Licensed,Going Straight Ahead,Right Front Quarter Panel,Right Front Quarter Panel,No Damage,No Damage,No Damage,N,,Unspecified,Unspecified,BROOKLYN,11219.0,"(40.63063, -74.00923)",0.0,0.0,0,0,0,0,0,0,Sedan,Sedan,0
19062632,4189173,08/14/2019,14:18,c38bbfa2-e744-4d90-8f2f-5cc34bc14ea9,Station Wagon/Sport Utility Vehicle,FORD -CAR/SUV,2015.0,1.0,M,Licensed,Backing,Right Rear Bumper,No Damage,,,,N,,Backing Unsafely,Driver Inattention/Distraction,QUEENS,11101.0,"(40.740383, -73.92875)",0.0,0.0,0,0,0,0,0,0,Sedan,Station Wagon/Sport Utility Vehicle,0
19091516,4207049,09/14/2019,17:00,7a856185-839f-45ff-8d24-4728b81c5e48,Station Wagon/Sport Utility Vehicle,INFI -CAR/SUV,2018.0,1.0,M,Licensed,Going Straight Ahead,Center Front End,Center Front End,No Damage,No Damage,No Damage,N,,Following Too Closely,Unspecified,,,"(40.58451, -73.987625)",0.0,0.0,0,0,0,0,0,0,Sedan,Station Wagon/Sport Utility Vehicle,0
18963695,4147297,06/07/2019,11:30,d9306a3b-0d73-4562-87b0-7ad0cbf3276c,Sedan,ACUR -CAR/SUV,2002.0,2.0,M,Permit,Going Straight Ahead,Center Front End,Center Front End,Left Front Bumper,Right Front Bumper,,N,,Driver Inattention/Distraction,Traffic Control Disregarded,QUEENS,11435.0,"(40.696934, -73.80358)",0.0,0.0,0,0,0,0,0,0,Station Wagon/Sport Utility Vehicle,Sedan,0
18533442,4110573,04/07/2019,11:52,e9ecf01c-90b0-47ca-acb7-fba46440b338,Sedan,FORD -CAR/SUV,2016.0,1.0,M,Licensed,Changing Lanes,Right Rear Quarter Panel,Right Rear Quarter Panel,Right Side Doors,Right Front Quarter Panel,,N,,Unsafe Lane Changing,Unspecified,,,"(40.718792, -73.98902)",0.0,0.0,0,0,0,0,0,0,Station Wagon/Sport Utility Vehicle,Sedan,0
18968226,4149574,06/10/2019,17:35,334e081e-54e4-4e5d-8504-01bdd1598554,Box Truck,FORD-TRUCK/BUS,2010.0,1.0,M,Licensed,Going Straight Ahead,Roof,Roof,No Damage,No Damage,No Damage,N,,Driver Inexperience,Unspecified,MANHATTAN,10035.0,"(40.803467, -73.941246)",0.0,0.0,0,0,0,0,0,0,Box Truck,Flat Bed,0
18560247,4080024,02/13/2019,11:05,696fe660-896d-40e1-939e-0abaeb2bff35,Station Wagon/Sport Utility Vehicle,ISU -CAR/SUV,2016.0,1.0,M,Licensed,Going Straight Ahead,Right Front Bumper,Right Front Bumper,No Damage,,,N,,Driver Inattention/Distraction,Unspecified,QUEENS,11101.0,"(40.74044, -73.949936)",0.0,0.0,0,0,0,0,0,0,Pick-up Truck,Station Wagon/Sport Utility Vehicle,0
19077618,4160881,06/28/2019,19:00,2ec0e592-fbcc-4205-a521-72adeccc1f25,Sedan,NISS -CAR/SUV,2008.0,2.0,M,Licensed,Going Straight Ahead,Center Back End,Center Back End,Left Rear Bumper,Right Rear Bumper,No Damage,N,,Unspecified,Unspecified,,,"(40.722095, -73.77772)",0.0,0.0,0,0,0,0,0,0,Sedan,Pick-up Truck,0
19171693,4243699,11/12/2019,17:55,4b70cadf-71c0-420d-b7dd-7598046d0299,Sedan,HOND -CAR/SUV,2010.0,0.0,M,,Parked,Left Rear Bumper,Left Rear Bumper,Left Rear Quarter Panel,Center Back End,,N,,Unspecified,Unspecified,STATEN ISLAND,10312.0,"(40.565495, -74.18287)",0.0,0.0,0,0,0,0,0,0,Sedan,Station Wagon/Sport Utility Vehicle,0
18952669,4137161,05/23/2019,00:08,dd3d8260-9c19-4aad-b7bc-11b98ae18069,Sedan,MERC -CAR/SUV,2005.0,1.0,M,Licensed,Going Straight Ahead,Center Front End,No Damage,,,,N,,Failure to Yield Right-of-Way,Unspecified,QUEENS,11422.0,"(40.665257, -73.739555)",1.0,0.0,0,0,1,0,0,0,Sedan,Bike,1
18559872,4109312,04/02/2019,14:58,a399150a-acf4-4a41-9ac6-93ca67cd6005,Sedan,NISS -CAR/SUV,2013.0,1.0,M,Licensed,Stopped in Traffic,Right Front Quarter Panel,Right Front Bumper,,,,N,,Driver Inattention/Distraction,Unspecified,BROOKLYN,11226.0,"(40.655937, -73.95552)",0.0,0.0,0,0,0,0,0,0,Sedan,Station Wagon/Sport Utility Vehicle,0
19005915,4166966,07/08/2019,08:00,f4cc6552-77ce-4861-bd49-7b817a79f41f,Taxi,HOND -CAR/SUV,2017.0,2.0,F,Licensed,Stopped in Traffic,Center Back End,Center Back End,No Damage,No Damage,No Damage,N,,Unspecified,Unspecified,,,"(40.753513, -73.98879)",1.0,0.0,0,0,0,0,1,0,Taxi,Station Wagon/Sport Utility Vehicle,1
18981295,4155551,06/20/2019,11:30,e617811e-e003-4d92-850e-a4f7dd703c79,Station Wagon/Sport Utility Vehicle,NISS -CAR/SUV,2015.0,5.0,M,Licensed,Going Straight Ahead,Left Front Bumper,Left Front Bumper,Center Front End,Left Front Quarter Panel,Undercarriage,N,,Unspecified,Unspecified,QUEENS,11416.0,"(40.6896, -73.838684)",0.0,0.0,0,0,0,0,0,0,Station Wagon/Sport Utility Vehicle,Station Wagon/Sport Utility Vehicle,0
18519369,4084129,02/19/2019,08:00,03664409-dbfa-464f-8d2e-4f78154316f2,Sedan,HOND -CAR/SUV,2009.0,2.0,M,Licensed,Making Right Turn,Right Rear Quarter Panel,Right Rear Quarter Panel,,,,N,,Unspecified,Unspecified,MANHATTAN,10033.0,"(40.847637, -73.93803)",0.0,0.0,0,0,0,0,0,0,Station Wagon/Sport Utility Vehicle,Sedan,0
19133758,4226405,10/20/2019,11:50,5504b9d4-0a49-4def-96c0-47e49109400c,Sedan,CHRY -CAR/SUV,2007.0,2.0,M,Licensed,Going Straight Ahead,Center Front End,Right Front Bumper,Right Front Quarter Panel,,,N,,Unspecified,Unspecified,BROOKLYN,11203.0,"(40.65698, -73.92515)",2.0,0.0,0,0,0,0,2,0,Station Wagon/Sport Utility Vehicle,Sedan,1
19661077,4261360,12/19/2019,20:30,72b3894b-5869-4bd4-9d45-ee8e65356cc4,Sedan,MERZ -CAR/SUV,2007.0,1.0,,,,Other,Other,,,,N,,Driver Inattention/Distraction,Driver Inattention/Distraction,QUEENS,11358.0,"(40.757618, -73.785645)",0.0,0.0,0,0,0,0,0,0,Sedan,Sedan,0
19654764,4257922,12/13/2019,07:00,7d50c5f7-3737-4a7f-9232-44909daa9887,Box Truck,MACK-TRUCK/BUS,2013.0,2.0,M,Licensed,Making Right Turn,No Damage,No Damage,,,,N,,Unspecified,Unspecified,QUEENS,11368.0,"(40.737926, -73.85559)",0.0,0.0,0,0,0,0,0,0,Box Truck,,0
18893775,4115263,04/14/2019,21:13,5d7314eb-ea20-4ebb-8298-3aca33629a7b,Sedan,TOYT -CAR/SUV,2012.0,1.0,M,Licensed,Making Left Turn,Right Front Bumper,Right Front Bumper,No Damage,No Damage,No Damage,N,,Passing or Lane Usage Improper,Turning Improperly,MANHATTAN,10027.0,"(40.816006, -73.95858)",0.0,0.0,0,0,0,0,0,0,Sedan,Sedan,0
18587074,4109382,04/05/2019,10:21,e0706064-a949-4e85-811b-651e8c3f50bd,Station Wagon/Sport Utility Vehicle,MERZ -CAR/SUV,2018.0,2.0,M,Licensed,Going Straight Ahead,Right Front Bumper,No Damage,No Damage,No Damage,No Damage,N,,Passing or Lane Usage Improper,Driver Inexperience,MANHATTAN,10017.0,"(40.753624, -73.96944)",1.0,0.0,1,0,0,0,0,0,Station Wagon/Sport Utility Vehicle,,1
19053250,4188986,08/14/2019,21:24,c0b1f452-78e0-4bfe-8a88-0e2314afff00,Pick-up Truck,FORD -CAR/SUV,2017.0,1.0,M,Licensed,Making Right Turn,No Damage,No Damage,No Damage,No Damage,No Damage,N,,Driver Inattention/Distraction,Passing or Lane Usage Improper,MANHATTAN,10013.0,"(40.72106, -73.99821)",0.0,0.0,0,0,0,0,0,0,Sedan,Pick-up Truck,0
19006813,4166773,07/08/2019,18:05,83905622-f5c7-4fef-8c8d-c29a60c9e9c1,Sedan,TOYT -CAR/SUV,2002.0,1.0,F,Licensed,Parked,Left Side Doors,Left Side Doors,Left Side Doors,Left Side Doors,Left Side Doors,N,,Unspecified,Unspecified,BROOKLYN,11215.0,"(40.672222, -73.97383)",0.0,0.0,0,0,0,0,0,0,Station Wagon/Sport Utility Vehicle,Sedan,0
19075040,4199242,09/03/2019,13:30,4895f690-7028-4e16-805c-70142a24edfb,Sedan,DODG -CAR/SUV,2015.0,1.0,M,Licensed,Going Straight Ahead,Left Side Doors,Left Side Doors,Left Front Quarter Panel,Left Rear Quarter Panel,No Damage,N,,Unspecified,Unspecified,BRONX,10454.0,"(40.803593, -73.919785)",0.0,0.0,0,0,0,0,0,0,Sedan,Sedan,0
18505719,4068579,01/18/2019,17:35,1dc83c71-0ff6-4252-8229-f215957aeefd,Sedan,KIA -CAR/SUV,2009.0,1.0,M,Licensed,Making Left Turn,Left Front Quarter Panel,Left Front Quarter Panel,Other,,,N,,Unspecified,Unspecified,BROOKLYN,11237.0,"(40.702312, -73.91767)",1.0,0.0,0,0,1,0,0,0,Sedan,Bike,1
18516684,4068596,01/23/2019,16:30,8ac1e988-d662-472e-9477-21ff4474e344,Sedan,TOYT -CAR/SUV,2011.0,1.0,M,Licensed,Going Straight Ahead,Right Front Quarter Panel,Right Front Quarter Panel,Right Side Doors,Right Rear Quarter Panel,Left Front Quarter Panel,N,,Unspecified,Unspecified,,,"(40.665134, -73.99669)",0.0,0.0,0,0,0,0,0,0,Sedan,Sedan,0
18488439,4112879,04/10/2019,18:57,f2765ca6-7174-409c-bc9a-dfcdfe2717da,Sedan,HOND -CAR/SUV,2018.0,1.0,M,Licensed,Going Straight Ahead,Right Side Doors,Right Rear Quarter Panel,Right Rear Quarter Panel,,,N,,Unspecified,Unspecified,BROOKLYN,11219.0,"(40.638306, -73.994545)",0.0,0.0,0,0,0,0,0,0,Sedan,Station Wagon/Sport Utility Vehicle,0
18617299,4086769,02/25/2019,20:00,4e0fbcf5-c33f-4b59-a743-c6b97059c830,Station Wagon/Sport Utility Vehicle,TOYT -CAR/SUV,2015.0,1.0,M,Licensed,Going Straight Ahead,Center Front End,Center Front End,No Damage,No Damage,No Damage,N,,Unspecified,Unspecified,QUEENS,11355.0,"(40.755486, -73.82472)",1.0,0.0,1,0,0,0,0,0,Station Wagon/Sport Utility Vehicle,,1
19086051,4204680,09/12/2019,08:15,c0ef3ab4-cb64-4bec-9a7b-e37ddba45d8d,Station Wagon/Sport Utility Vehicle,SUBA -CAR/SUV,2019.0,1.0,F,Licensed,Parked,Center Back End,Center Back End,Right Rear Bumper,Left Rear Bumper,,N,,Driver Inattention/Distraction,Backing Unsafely,,,"(40.73539, -73.99828)",0.0,0.0,0,0,0,0,0,0,Station Wagon/Sport Utility Vehicle,,0
19617957,4247810,11/21/2019,07:15,f524da05-fc43-47b4-a5cd-76b0f74ae9af,Motorcycle,KAWK -MCL,2012.0,1.0,M,Unlicensed,Going Straight Ahead,Right Front Quarter Panel,Right Front Quarter Panel,Right Rear Quarter Panel,Center Front End,Left Front Bumper,N,,Driver Inattention/Distraction,Passing Too Closely,,,"(40.79157, -73.94678)",1.0,0.0,0,0,0,0,1,0,Motorcycle,,1
19113159,4217160,10/02/2019,08:50,d9212bf3-5fba-4b89-aaa8-ed6c636dc11e,Sedan,VOLV -CAR/SUV,2019.0,1.0,M,Licensed,Going Straight Ahead,Right Front Bumper,Right Front Quarter Panel,,,,N,,Driver Inattention/Distraction,Outside Car Distraction,MANHATTAN,10012.0,"(40.724136, -73.992615)",0.0,0.0,0,0,0,0,0,0,Sedan,Sedan,0
19115412,4218036,10/05/2019,14:45,1310b7b3-8e7e-43d4-8232-5a0a9ae1300e,Station Wagon/Sport Utility Vehicle,MERZ -CAR/SUV,2019.0,1.0,M,Licensed,Going Straight Ahead,Left Front Quarter Panel,Left Front Quarter Panel,No Damage,No Damage,No Damage,N,,Unspecified,Unspecified,BROOKLYN,11232.0,"(40.654705, -74.00731)",0.0,0.0,0,0,0,0,0,0,Station Wagon/Sport Utility Vehicle,Sedan,0
18529411,4074299,01/28/2019,15:50,99a05476-b97a-4362-af9b-8d1d60797ea5,Sedan,LINC -CAR/SUV,2017.0,1.0,F,Licensed,Going Straight Ahead,Right Front Bumper,Right Front Bumper,No Damage,No Damage,No Damage,N,,Failure to Yield Right-of-Way,Unspecified,BRONX,10466.0,"(40.89404, -73.859436)",0.0,0.0,0,0,0,0,0,0,Sedan,Box Truck,0
18580766,4099414,03/19/2019,10:30,2d6fb97c-e054-4563-bb60-f2489adf8591,Taxi,TOYT -CAR/SUV,2012.0,1.0,M,Licensed,Backing,Left Rear Bumper,No Damage,,,,N,,Other Vehicular,Other Vehicular,MANHATTAN,10036.0,"(40.760925, -73.99454)",0.0,0.0,0,0,0,0,0,0,Sedan,Taxi,0
18564986,4113200,04/09/2019,13:50,95f5f3f5-44a3-4641-ab0e-d58a4aa70d6f,Bus,INTL-TRUCK/BUS,2002.0,1.0,,,Going Straight Ahead,Left Front Bumper,No Damage,,,,N,,Unsafe Lane Changing,Unspecified,BROOKLYN,11216.0,"(40.68064, -73.95338)",0.0,0.0,0,0,0,0,0,0,Bus,Station Wagon/Sport Utility Vehicle,0
18928021,4130018,05/11/2019,12:00,1e8b0614-9fd8-4d25-bc6e-3a64d0b22a01,Station Wagon/Sport Utility Vehicle,TOYT -CAR/SUV,2015.0,2.0,F,Licensed,Parked,Left Front Bumper,Center Front End,No Damage,No Damage,No Damage,N,,Unspecified,Unspecified,BROOKLYN,11207.0,"(40.658577, -73.89063)",0.0,0.0,0,0,0,0,0,0,Station Wagon/Sport Utility Vehicle,Sedan,0
19060697,4192491,08/20/2019,14:07,688bdb9f-1760-4d1d-b82c-c9d99ed8eedc,Box Truck,INTL-TRUCK/BUS,2014.0,1.0,M,Licensed,Going Straight Ahead,Right Side Doors,No Damage,,,,N,,Driver Inattention/Distraction,Driver Inattention/Distraction,BROOKLYN,11233.0,"(40.680977, -73.911385)",0.0,0.0,0,0,0,0,0,0,Sedan,Box Truck,0
19146088,4232112,10/24/2019,09:40,5591e740-de59-4db7-81a4-322b487b7d7f,Pick-up Truck,COURIER,2017.0,2.0,M,Licensed,Going Straight Ahead,Right Front Quarter Panel,No Damage,,,,N,,Unspecified,Unspecified,BROOKLYN,11231.0,"(40.67641, -74.00104)",0.0,0.0,0,0,0,0,0,0,Pick-up Truck,Sedan,0
19033696,4179867,07/25/2019,22:10,3e4ebf74-752d-4631-8d95-086157630694,Sedan,DODG -CAR/SUV,2000.0,1.0,F,Licensed,Making Left Turn,Right Rear Quarter Panel,Right Rear Bumper,Right Rear Quarter Panel,Center Back End,Left Rear Bumper,N,,Unspecified,Unspecified,BROOKLYN,11203.0,"(40.655334, -73.93077)",0.0,0.0,0,0,0,0,0,0,Sedan,Motorcycle,0
19002299,4161113,06/29/2019,08:00,e4b5d015-2a8d-491f-be27-6bcba111cd0c,Sedan,BMW -CAR/SUV,2005.0,5.0,M,Licensed,Going Straight Ahead,Right Front Bumper,Right Front Bumper,Right Front Quarter Panel,,,N,,Unspecified,Unspecified,,,"(40.68558, -73.79105)",0.0,0.0,0,0,0,0,0,0,Sedan,Station Wagon/Sport Utility Vehicle,0
18539843,4092123,03/05/2019,14:00,d20d3cd4-9cef-49a3-a7aa-9a22f219b6e0,Station Wagon/Sport Utility Vehicle,CHRY -CAR/SUV,2018.0,1.0,M,Licensed,Making Right Turn,Left Front Quarter Panel,Left Front Quarter Panel,No Damage,No Damage,No Damage,N,,Passing or Lane Usage Improper,Unspecified,BROOKLYN,11205.0,"(40.694687, -73.95521)",0.0,0.0,0,0,0,0,0,0,Station Wagon/Sport Utility Vehicle,Box Truck,0
19148552,4232583,10/30/2019,11:35,0aed74db-5eee-43a5-ac89-3a19e1a94851,Sedan,CHEV -CAR/SUV,2011.0,1.0,M,Licensed,Going Straight Ahead,Center Front End,Center Front End,No Damage,No Damage,No Damage,N,,Following Too Closely,Unspecified,MANHATTAN,10001.0,"(40.75458, -73.99915)",0.0,0.0,0,0,0,0,0,0,Taxi,Sedan,0
18499573,4064354,01/09/2019,16:55,f238b019-ea3d-4871-b991-b00c6675cdaa,Pick-up Truck,HOND -CAR/SUV,2018.0,0.0,,,Parked,Right Rear Quarter Panel,Right Rear Bumper,,,,N,,Unspecified,Unspecified,BROOKLYN,11220.0,"(40.636078, -74.019714)",0.0,0.0,0,0,0,0,0,0,Pick-up Truck,,0
19035025,4180118,07/30/2019,14:50,f3138af5-ea1f-44a1-8089-6094462b9443,Sedan,HYUN -CAR/SUV,2017.0,2.0,M,Licensed,Making U Turn,Right Front Bumper,Right Front Bumper,,,,N,,Driver Inattention/Distraction,Unspecified,BRONX,10473.0,,0.0,0.0,0,0,0,0,0,0,Sedan,Sedan,0
18557535,4106325,03/31/2019,17:15,25ab81c6-4be7-4a83-bd6a-ea6952a093a0,Station Wagon/Sport Utility Vehicle,BMW -CAR/SUV,2001.0,2.0,M,Licensed,Making Right Turn,Left Front Bumper,Left Front Bumper,,,,Unspecified,,Driver Inattention/Distraction,Failure to Yield Right-of-Way,BROOKLYN,11236.0,"(40.636337, -73.89251)",0.0,0.0,0,0,0,0,0,0,Station Wagon/Sport Utility Vehicle,Sedan,0
18583794,4109268,04/02/2019,18:20,e8a1326a-72b1-48a2-b842-a4eb4b251e81,Sedan,TOYT -CAR/SUV,2016.0,1.0,M,Licensed,Going Straight Ahead,Center Front End,Center Front End,No Damage,No Damage,No Damage,N,,Following Too Closely,Unspecified,BROOKLYN,11201.0,"(40.697514, -73.989944)",0.0,0.0,0,0,0,0,0,0,Sedan,Sedan,0
19632877,4248236,11/26/2019,15:16,a12427d3-483e-4980-80b8-97c29d39cc79,Station Wagon/Sport Utility Vehicle,HOND -CAR/SUV,2002.0,2.0,M,Licensed,Backing,Left Rear Bumper,Left Rear Bumper,Center Back End,No Damage,No Damage,N,,Driver Inattention/Distraction,Unspecified,BRONX,10467.0,"(40.86588, -73.866325)",0.0,0.0,0,0,0,0,0,0,Station Wagon/Sport Utility Vehicle,Station Wagon/Sport Utility Vehicle,0
18557796,4099700,03/17/2019,04:22,3488194b-5c14-426b-8b42-b85f2913978b,Sedan,BMW -CAR/SUV,2018.0,0.0,,,Parked,Left Front Bumper,Left Front Bumper,Left Front Quarter Panel,Center Front End,,N,,Unspecified,Unspecified,BROOKLYN,11207.0,"(40.6836, -73.90777)",1.0,0.0,0,0,0,0,1,0,Bus,Sedan,1
19038186,4177768,07/27/2019,12:00,f115efe2-cfd7-4fd4-8f6b-db6b1c66a33b,Van,FORD-TRUCK/BUS,2017.0,0.0,M,Licensed,Parked,Left Rear Bumper,Left Rear Bumper,No Damage,No Damage,No Damage,N,,Unspecified,Unspecified,,,,4.0,0.0,0,0,0,0,4,0,Van,Van,1
18631197,4093251,03/08/2019,09:00,8442eca8-f334-4dd9-8400-e96f55bf1148,Station Wagon/Sport Utility Vehicle,TOYT -CAR/SUV,2008.0,1.0,M,Licensed,Going Straight Ahead,Left Front Bumper,Left Front Bumper,,,,N,,Driver Inattention/Distraction,Unspecified,QUEENS,11422.0,"(40.665348, -73.72986)",0.0,0.0,0,0,0,0,0,0,Station Wagon/Sport Utility Vehicle,Station Wagon/Sport Utility Vehicle,0
18922661,4128155,05/08/2019,15:50,4f9dbc42-8b09-4b27-a702-90d8aa4cd854,Station Wagon/Sport Utility Vehicle,TOYT -CAR/SUV,2014.0,1.0,M,Licensed,Going Straight Ahead,Center Front End,Left Front Bumper,Left Front Bumper,Right Front Bumper,,N,,Following Too Closely,Driver Inattention/Distraction,,,"(40.758205, -73.777405)",1.0,0.0,0,0,0,0,1,0,Station Wagon/Sport Utility Vehicle,Sedan,1
19663376,4256778,12/12/2019,13:00,792510b6-2398-4625-a3a0-bb1e6c786cf5,Station Wagon/Sport Utility Vehicle,DODG -CAR/SUV,2018.0,1.0,F,Licensed,Making Right Turn,Center Front End,Center Front End,Left Front Bumper,,,N,,Driver Inattention/Distraction,Driver Inattention/Distraction,QUEENS,11365.0,"(40.74003, -73.78629)",0.0,0.0,0,0,0,0,0,0,Sedan,Station Wagon/Sport Utility Vehicle,0
18506668,4087566,02/21/2019,21:30,15b5cb16-fa8c-44af-8c5e-740580246922,,FORD -CAR/SUV,,1.0,,,Backing,No Damage,No Damage,No Damage,No Damage,No Damage,N,,Unspecified,Unspecified,MANHATTAN,10027.0,"(40.807945, -73.94592)",0.0,0.0,0,0,0,0,0,0,Sedan,,0