UNIQUE_ID,COLLISION_ID,CRASH_DATE,CRASH_TIME,VEHICLE_ID,VEHICLE_TYPE,VEHICLE_MAKE,VEHICLE_YEAR,VEHICLE_OCCUPANTS,DRIVER_SEX,DRIVER_LICENSE_STATUS,PRE_CRASH,POINT_OF_IMPACT,VEHICLE_DAMAGE,VEHICLE_DAMAGE_1,VEHICLE_DAMAGE_2,VEHICLE_DAMAGE_3,PUBLIC_PROPERTY_DAMAGE,PUBLIC_PROPERTY_DAMAGE_TYPE,CONTRIBUTING_FACTOR_1,CONTRIBUTING_FACTOR_2,BOROUGH,ZIP CODE,LOCATION,NUMBER OF PERSONS INJURED,NUMBER OF PERSONS KILLED,NUMBER OF PEDESTRIANS INJURED,NUMBER OF PEDESTRIANS KILLED,NUMBER OF CYCLIST INJURED,NUMBER OF CYCLIST KILLED,NUMBER OF MOTORIST INJURED,NUMBER OF MOTORIST KILLED,VEHICLE TYPE CODE 1,VEHICLE TYPE CODE 2,Severity
19116783,4218952,10/01/2019,00:43,32bff895-18db-4380-9b9f-e44f3e398784,Taxi,TOYT -CAR/SUV,2016.0,2.0,M,Licensed,Making Right Turn,Right Side Doors,Right Side Doors,Right Front Quarter Panel,,,N,,Unspecified,Turning Improperly,BROOKLYN,11218.0,,1.0,0.0,0,0,0,0,1,0,Sedan,Taxi,1
18591297,4098004,03/15/2019,19:36,65373e3e-f20a-4569-8045-8843c58c8197,Sedan,INFI -CAR/SUV,2000.0,3.0,M,Licensed,Going Straight Ahead,Right Front Bumper,Right Front Bumper,,,,N,,Unspecified,Unspecified,QUEENS,11412.0,"(40.692936, -73.75774)",0.0,0.0,0,0,0,0,0,0,Sedan,Sedan,0
18949025,4139049,05/23/2019,22:55,b3e81cc8-fc18-46be-821d-809dcda2b9e9,Station Wagon/Sport Utility Vehicle,JEEP -CAR/SUV,2006.0,1.0,M,Licensed,Going Straight Ahead,Right Front Bumper,Right Front Bumper,Center Front End,Left Front Bumper,Left Front Quarter Panel,N,,Unspecified,Unspecified,,,"(40.73601, -73.85787)",0.0,0.0,0,0,0,0,0,0,Station Wagon/Sport Utility Vehicle,,0
18922784,4127837,05/08/2019,09:00,7f06711d-b6e8-4c9c-8b9c-0409965d1220,Station Wagon/Sport Utility Vehicle,FORD -CAR/SUV,2011.0,2.0,M,Licensed,Stopped in Traffic,Right Rear Bumper,Right Rear Bumper,Center Back End,Undercarriage,,N,,Unspecified,Unspecified,,,"(40.711033, -73.7281)",1.0,0.0,0,0,0,0,1,0,Station Wagon/Sport Utility Vehicle,Station Wagon/Sport Utility Vehicle,1
18525698,4071190,01/29/2019,14:55,5051bbfe-dcf3-4e4e-893f-da29b9cd483e,Sedan,TOYT -CAR/SUV,2012.0,1.0,M,Licensed,Making Left Turn,Center Front End,Center Front End,Left Front Bumper,Right Front Bumper,,N,,Unspecified,Unspecified,BROOKLYN,11206.0,"(40.7047, -73.93313)",0.0,0.0,0,0,0,0,0,0,Sedan,Sedan,0
18523746,4087605,02/26/2019,08:30,35d6e527-209d-4559-b398-9cf6021a1d60,Sedan,TOYT -CAR/SUV,2011.0,1.0,F,Licensed,Slowing or Stopping,Center Back End,Center Back End,,,,N,,Unspecified,Unspecified,,,"(40.556923, -74.17485)",0.0,0.0,0,0,0,0,0,0,Station Wagon/Sport Utility Vehicle,Sedan,0
19634044,4247594,11/25/2019,18:25,7c401193-b679-451a-a6bf-b0a85cbae565,Sedan,HOND -CAR/SUV,,1.0,,,Going Straight Ahead,Center Front End,No Damage,No Damage,No Damage,No Damage,Unspecified,,Failure to Yield Right-of-Way,Driver Inattention/Distraction,BROOKLYN,11221.0,"(40.69321, -73.91256)",1.0,0.0,1,0,0,0,0,0,Sedan,,1
18553557,4084970,02/22/2019,00:48,ace786c0-00b0-4ff1-8d18-ca3b2487a2c1,Sedan,HOND -CAR/SUV,2017.0,1.0,F,Licensed,Going Straight Ahead,Left Side Doors,Left Side Doors,Left Rear Quarter Panel,,,N,,Passing or Lane Usage Improper,Following Too Closely,MANHATTAN,10019.0,"(40.76172, -73.98281)",0.0,0.0,0,0,0,0,0,0,Sedan,Taxi,0
18970822,4150575,06/12/2019,09:00,0274b5b9-29d6-4f3d-839c-65fb371fa734,Taxi,TOYT -CAR/SUV,2013.0,1.0,M,Licensed,Going Straight Ahead,Left Front Quarter Panel,Left Front Quarter Panel,,,,N,,Unsafe Lane Changing,Unspecified,MANHATTAN,10010.0,"(40.74073, -73.981766)",0.0,0.0,0,0,0,0,0,0,Taxi,Sedan,0
18944964,4138868,05/24/2019,19:15,4c168895-6e2e-42ea-b745-8dcb7fe13062,Sedan,NISS -CAR/SUV,2017.0,0.0,,,Parked,Right Rear Bumper,Right Rear Bumper,,,,N,,Unspecified,Unspecified,BRONX,10467.0,"(40.858826, -73.86858)",0.0,0.0,0,0,0,0,0,0,Sedan,Sedan,0
19134410,4225925,10/20/2019,05:29,ed53742f-8bf5-4cbb-b7fd-ce17f1db9f4b,Station Wagon/Sport Utility Vehicle,HOND -CAR/SUV,2002.0,0.0,,,Parked,Center Back End,Center Back End,Right Rear Bumper,,,N,,Unspecified,Unspecified,BROOKLYN,11208.0,"(40.67308, -73.86983)",0.0,0.0,0,0,0,0,0,0,Sedan,Station Wagon/Sport Utility Vehicle,0
19658639,4251847,12/04/2019,06:20,a4d8c624-aff2-4af7-8731-000d4dbef0b5,Station Wagon/Sport Utility Vehicle,NISS -CAR/SUV,2015.0,1.0,F,Licensed,Making Right Turn,Right Front Bumper,Right Front Bumper,,,,N,,Turning Improperly,Unspecified,,,,0.0,0.0,0,0,0,0,0,0,Station Wagon/Sport Utility Vehicle,Station Wagon/Sport Utility Vehicle,0
19120056,4220085,10/07/2019,15:30,f94a18ef-c3ee-4e5c-b850-b487cee0726a,FIRE,FIRE TRUCK,,6.0,M,Licensed,Going Straight Ahead,Left Front Bumper,Left Front Bumper,No Damage,No Damage,No Damage,N,,Other Vehicular,Unspecified,BROOKLYN,11212.0,"(40.65705, -73.9141)",0.0,0.0,0,0,0,0,0,0,Station Wagon/Sport Utility Vehicle,FIRE,0
18997843,4160976,06/28/2019,22:45,b13b8a48-c04b-43d3-92e8-17fc894e29bf,Sedan,CHEV -CAR/SUV,2019.0,1.0,M,Licensed,Going Straight Ahead,Left Front Quarter Panel,Left Front Quarter Panel,,,,N,,Unspecified,Unspecified,,,"(40.651573, -73.97237)",1.0,0.0,0,0,1,0,0,0,Sedan,Bike,1
19068851,4196011,08/28/2019,09:39,cf33a10e-0133-4773-a02a-44c1b59198f2,Box Truck,INTL-TRUCK/BUS,2013.0,0.0,M,Licensed,Going Straight Ahead,Right Front Quarter Panel,Right Front Quarter Panel,No Damage,No Damage,No Damage,N,,Unspecified,Unspecified,BROOKLYN,11226.0,"(40.635933, -73.96249)",0.0,0.0,0,0,0,0,0,0,Box Truck,Box Truck,0
18540816,4088241,02/26/2019,10:47,f402cd3d-9853-444e-a36d-06e930e68b4d,Station Wagon/Sport Utility Vehicle,FORD -CAR/SUV,2011.0,1.0,M,Licensed,Going Straight Ahead,Right Front Bumper,Right Front Bumper,Center Front End,,,N,,View Obstructed/Limited,Unspecified,MANHATTAN,10001.0,"(40.751404, -74.00518)",0.0,0.0,0,0,0,0,0,0,Sedan,Station Wagon/Sport Utility Vehicle,0
18963021,4147106,06/07/2019,17:00,72a8f3db-3574-46cb-a8ac-7d681da6c375,Pick-up Truck,DODG -CAR/SUV,2018.0,1.0,M,Licensed,Making Right Turn,Right Side Doors,Right Side Doors,,,,N,,Driver Inattention/Distraction,Unspecified,,,"(40.75158, -73.74572)",0.0,0.0,0,0,0,0,0,0,Pick-up Truck,Station Wagon/Sport Utility Vehicle,0
19046259,4185760,08/09/2019,04:40,015bb269-c803-4628-8e16-1b197b01c417,Station Wagon/Sport Utility Vehicle,CHEV -CAR/SUV,2004.0,0.0,,,Parked,Center Back End,Center Back End,Center Front End,Right Rear Quarter Panel,Right Rear Bumper,N,,Unspecified,Unspecified,BROOKLYN,11207.0,"(40.68366, -73.90788)",0.0,0.0,0,0,0,0,0,0,Sedan,Station Wagon/Sport Utility Vehicle,0
19009426,4168637,07/10/2019,13:51,e3ac6164-ce5e-46bb-88e0-95b28278612a,Station Wagon/Sport Utility Vehicle,NISS -CAR/SUV,2012.0,0.0,F,Licensed,Going Straight Ahead,Center Front End,Center Front End,No Damage,No Damage,No Damage,N,,Following Too Closely,Unspecified,BRONX,10463.0,"(40.873787, -73.905266)",1.0,0.0,0,0,0,0,1,0,Sedan,RAM,1
19014226,4170883,07/15/2019,13:30,06eff6bc-3bda-47eb-a9e7-6a3beee55bd9,PK,CHEV-TRUCK/BUS,2015.0,0.0,,,Parked,Left Front Bumper,Left Front Bumper,,,,N,,Unspecified,Unspecified,BRONX,10460.0,"(40.835392, -73.88208)",0.0,0.0,0,0,0,0,0,0,PK,Garbage or Refuse,0
18922269,4127994,05/01/2019,11:45,bfa4e310-9d43-4bf2-81c7-3e9a710dac7d,Station Wagon/Sport Utility Vehicle,FORD -CAR/SUV,,,,,Going Straight Ahead,Right Front Bumper,No Damage,No Damage,No Damage,No Damage,N,,Driver Inattention/Distraction,Unspecified,QUEENS,11372.0,"(40.74928, -73.88884)",0.0,0.0,0,0,0,0,0,0,Sedan,Station Wagon/Sport Utility Vehicle,0
19121730,4221191,10/10/2019,14:20,c534858b-8343-4211-868a-179dafc342d1,Station Wagon/Sport Utility Vehicle,BMW -CAR/SUV,2019.0,1.0,M,,Going Straight Ahead,Right Rear Bumper,Right Rear Bumper,Center Back End,,,N,,Driver Inattention/Distraction,Driver Inattention/Distraction,,,"(40.66336, -73.95975)",0.0,0.0,0,0,0,0,0,0,Station Wagon/Sport Utility Vehicle,Sedan,0
18502077,4069881,01/25/2019,15:45,8cae627c-68ec-44fc-82aa-e92b5051b9ff,Taxi,HOND -CAR/SUV,2008.0,1.0,M,Licensed,Going Straight Ahead,Center Front End,Center Front End,No Damage,No Damage,No Damage,N,,Driver Inattention/Distraction,Following Too Closely,,,"(40.817226, -73.94231)",0.0,0.0,0,0,0,0,0,0,Taxi,Sedan,0
19642845,4250248,11/30/2019,18:23,ebe2ae5f-623f-4960-a11a-f2862fbad65e,Pick-up Truck,FORD -CAR/SUV,2016.0,2.0,F,Licensed,Making Left Turn,Right Front Quarter Panel,Right Front Quarter Panel,Right Front Bumper,Right Side Doors,,N,,Unspecified,Unspecified,,,,0.0,0.0,0,0,0,0,0,0,Pick-up Truck,Station Wagon/Sport Utility Vehicle,0
18949138,4139227,05/19/2019,17:20,9ef1135c-7f74-4516-8082-a063355ee2c4,Sedan,CHEV -CAR/SUV,2016.0,2.0,F,Licensed,Making Left Turn,Center Front End,Center Front End,Left Front Bumper,Right Front Bumper,,N,,Failure to Yield Right-of-Way,Driver Inexperience,BROOKLYN,11203.0,"(40.650517, -73.92359)",1.0,0.0,0,0,0,0,1,0,Station Wagon/Sport Utility Vehicle,Sedan,1
18915182,4124756,05/03/2019,02:30,f74d6698-89f8-4ebd-9fc2-6c86c374de51,Sedan,TOYT -CAR/SUV,2007.0,0.0,M,Licensed,Going Straight Ahead,Center Front End,Center Front End,Left Front Bumper,Right Front Bumper,Left Front Bumper,N,,Fell Asleep,Driver Inattention/Distraction,BROOKLYN,11205.0,"(40.699192, -73.95519)",0.0,0.0,0,0,0,0,0,0,Sedan,,0
19168946,4242235,11/12/2019,18:29,40d5aa23-23c6-4ed5-b205-69f1e1f6c023,Sedan,CADI -CAR/SUV,2015.0,1.0,M,Licensed,Going Straight Ahead,Left Rear Quarter Panel,Left Rear Quarter Panel,Left Side Doors,,,N,,Unspecified,Unspecified,MANHATTAN,10036.0,"(40.75671, -73.986465)",0.0,0.0,0,0,0,0,0,0,Sedan,Sedan,0
18970917,4150791,06/04/2019,18:20,04244047-683b-442b-afc0-bf1f4c6c37e4,Carry All,FORD-TRUCK/BUS,2006.0,1.0,M,Unlicensed,Going Straight Ahead,Left Rear Quarter Panel,Left Rear Quarter Panel,,,,Unspecified,,Passing Too Closely,Unspecified,MANHATTAN,10036.0,,0.0,0.0,0,0,0,0,0,0,Station Wagon/Sport Utility Vehicle,Carry All,0
18918132,4126061,05/04/2019,18:00,34af5c9a-c762-447c-bfa8-06b7cf7e673b,Station Wagon/Sport Utility Vehicle,FORD -CAR/SUV,2017.0,1.0,M,Licensed,Going Straight Ahead,Center Front End,Center Front End,,,,N,,Driver Inattention/Distraction,Following Too Closely,QUEENS,11368.0,,0.0,0.0,0,0,0,0,0,0,Station Wagon/Sport Utility Vehicle,Station Wagon/Sport Utility Vehicle,0
19135286,4226793,10/19/2019,15:00,c26d480e-ee97-4ed8-bf53-e6e74e7dac3d,Station Wagon/Sport Utility Vehicle,TOYT -CAR/SUV,2016.0,2.0,M,Licensed,Making Left Turn,Right Front Quarter Panel,Right Front Quarter Panel,Right Side Doors,Right Rear Quarter Panel,No Damage,N,,Turning Improperly,Failure to Yield Right-of-Way,QUEENS,11373.0,"(40.72898, -73.882385)",0.0,0.0,0,0,0,0,0,0,Station Wagon/Sport Utility Vehicle,Bike,0
19068857,4196164,08/28/2019,14:00,2c1d09e7-47c4-4b9d-a16b-e707d3c147f5,Station Wagon/Sport Utility Vehicle,CADI -CAR/SUV,2019.0,1.0,F,Licensed,Backing,Left Rear Bumper,Left Rear Bumper,,,,N,,Unspecified,Unspecified,BROOKLYN,11230.0,"(40.611706, -73.95792)",0.0,0.0,0,0,0,0,0,0,Sedan,Station Wagon/Sport Utility Vehicle,0
18549696,4085260,02/23/2019,00:10,f3badaab-a749-417f-88a8-741762ec11a1,Sedan,TOYT -CAR/SUV,2014.0,0.0,,,Parked,Left Rear Bumper,Left Rear Bumper,Left Rear Quarter Panel,No Damage,No Damage,N,,Unspecified,Unspecified,,,"(40.70967, -73.77404)",0.0,0.0,0,0,0,0,0,0,Station Wagon/Sport Utility Vehicle,Sedan,0
18584522,4097091,03/15/2019,00:47,ed19adcd-02f0-4076-bd92-136ebbaa505a,Sedan,MERZ -CAR/SUV,2004.0,2.0,M,Licensed,Going Straight Ahead,Center Back End,Right Rear Bumper,Left Rear Bumper,,,N,,Unspecified,Unspecified,,,"(40.83609, -73.87039)",2.0,0.0,0,0,0,0,2,0,Sedan,Sedan,1
18579379,4104886,03/28/2019,15:50,df51654f-575e-430a-a3cc-ae1ec6efbb61,Sedan,TOYT -CAR/SUV,2013.0,1.0,M,Licensed,Going Straight Ahead,Center Front End,Center Front End,Left Front Bumper,Right Front Bumper,,N,,Following Too Closely,Unspecified,BROOKLYN,11209.0,"(40.63258, -74.021385)",0.0,0.0,0,0,0,0,0,0,Sedan,Sedan,0
18974577,4153099,06/16/2019,21:00,afa0cc33-3bf3-4d7e-9b52-80ace441d79d,Station Wagon/Sport Utility Vehicle,TOYT -CAR/SUV,2019.0,1.0,F,Licensed,Avoiding Object in Roadway,No Damage,No Damage,No Damage,No Damage,No Damage,N,,Driver Inexperience,Failure to Yield Right-of-Way,MANHATTAN,10036.0,"(40.758022, -73.98763)",0.0,0.0,0,0,0,0,0,0,Station Wagon/Sport Utility Vehicle,Sedan,0
19168087,4241791,11/16/2019,01:00,d751c37a-da55-43c0-9cfe-26d191ec5082,Sedan,BMW -CAR/SUV,2002.0,0.0,,,Parked,Center Back End,Center Back End,Center Front End,Left Rear Quarter Panel,Right Rear Quarter Panel,Y,,Unspecified,Unspecified,QUEENS,11368.0,"(40.7423, -73.8587)",0.0,0.0,0,0,0,0,0,0,Station Wagon/Sport Utility Vehicle,Sedan,0
19168657,4242422,11/15/2019,18:10,d0b804d8-a1b7-4a82-b59e-9e5dd4828991,Station Wagon/Sport Utility Vehicle,ACUR -CAR/SUV,2011.0,3.0,M,Licensed,Going Straight Ahead,Left Front Quarter Panel,Left Front Quarter Panel,Left Front Bumper,No Damage,No Damage,N,,Unspecified,Unspecified,BROOKLYN,11238.0,"(40.67639, -73.955894)",0.0,0.0,0,0,0,0,0,0,Station Wagon/Sport Utility Vehicle,Taxi,0
18402237,4083777,02/20/2019,15:07,3838dca7-4506-455b-9e4e-d15fe179ad57,Station Wagon/Sport Utility Vehicle,HOND -CAR/SUV,2015.0,2.0,F,Licensed,Making Left Turn,Right Front Bumper,Right Front Bumper,Center Front End,Right Front Quarter Panel,Left Front Bumper,N,,Unspecified,Unspecified,QUEENS,11412.0,"(40.692444, -73.76217)",0.0,0.0,0,0,0,0,0,0,Station Wagon/Sport Utility Vehicle,Station Wagon/Sport Utility Vehicle,0
18576552,4102178,03/24/2019,00:00,2177719c-e522-4dc2-883c-bea70b675fab,Station Wagon/Sport Utility Vehicle,TOYT -CAR/SUV,2017.0,1.0,F,Licensed,Parked,Right Rear Bumper,Right Rear Bumper,No Damage,No Damage,No Damage,N,,Unspecified,Unspecified,BROOKLYN,11204.0,"(40.61913, -73.99019)",0.0,0.0,0,0,0,0,0,0,Station Wagon/Sport Utility Vehicle,Sedan,0
19170644,4243297,11/18/2019,12:45,1edd415c-1a73-443e-9cc1-ba2590d308eb,Sedan,HOND -CAR/SUV,2013.0,0.0,,,Parked,Left Front Bumper,Left Front Bumper,Left Front Quarter Panel,No Damage,No Damage,Unspecified,,Unspecified,Unspecified,BRONX,10453.0,"(40.848877, -73.91615)",0.0,0.0,0,0,0,0,0,0,Station Wagon/Sport Utility Vehicle,Sedan,0
19114781,4218110,10/04/2019,15:10,20763d6b-a532-481c-b3b6-4fd917efc150,Sedan,VOLV -CAR/SUV,1994.0,1.0,F,Licensed,Changing Lanes,Left Front Quarter Panel,Left Front Quarter Panel,Left Side Doors,No Damage,No Damage,N,,Failure to Yield Right-of-Way,Unspecified,,,"(40.670887, -73.93649)",0.0,0.0,0,0,0,0,0,0,Sedan,Sedan,0
19031626,4178590,07/28/2019,23:30,6a668540-c6ae-4991-8e1d-9b33d83b5728,Sedan,MERZ -CAR/SUV,2014.0,1.0,,,Going Straight Ahead,Left Front Quarter Panel,Left Front Quarter Panel,Left Side Doors,Left Rear Quarter Panel,,N,,Unsafe Speed,Unspecified,QUEENS,11428.0,"(40.71993, -73.75208)",0.0,0.0,0,0,0,0,0,0,Station Wagon/Sport Utility Vehicle,Sedan,0
18578733,4095100,03/11/2019,17:30,402dd465-2280-45c2-a5b8-911ab83b429f,Sedan,CHEV -CAR/SUV,2011.0,1.0,M,Licensed,Going Straight Ahead,Right Rear Quarter Panel,Right Rear Quarter Panel,,,,N,,Driver Inattention/Distraction,Driver Inattention/Distraction,,,"(40.611813, -74.15044)",0.0,0.0,0,0,0,0,0,0,Sedan,Station Wagon/Sport Utility Vehicle,0
18977874,4153974,06/12/2019,08:40,5b1888c3-ba39-4bc3-beb3-3ac6b835aa76,Sedan,TOYT -CAR/SUV,2015.0,1.0,F,Licensed,Going Straight Ahead,Right Front Bumper,Right Front Bumper,Right Front Quarter Panel,No Damage,No Damage,Unspecified,,Unspecified,Unspecified,QUEENS,11369.0,"(40.762276, -73.865326)",0.0,0.0,0,0,0,0,0,0,Sedan,Sedan,0
19111745,4215889,09/29/2019,20:47,a0e55031-54cc-4dd4-b231-22e0ae387a72,Sedan,ACUR -CAR/SUV,2015.0,1.0,,,Parked,Center Back End,No Damage,No Damage,No Damage,No Damage,N,,Passing Too Closely,Passing Too Closely,BROOKLYN,11226.0,"(40.652927, -73.959335)",0.0,0.0,0,0,0,0,0,0,Sedan,,0
19135099,4226939,10/21/2019,11:00,aea1a685-4fc5-48f2-9bdd-ea20b9c3ef83,Sedan,FORD -CAR/SUV,2007.0,1.0,M,Licensed,Going Straight Ahead,Right Front Quarter Panel,Right Rear Bumper,,,,Unspecified,,Driver Inattention/Distraction,Unspecified,BROOKLYN,11223.0,"(40.6004, -73.98529)",0.0,0.0,0,0,0,0,0,0,Sedan,Sedan,0
18549819,4100187,02/23/2019,07:10,1c509b0b-6ad4-4514-a651-054f74ba8fd7,Station Wagon/Sport Utility Vehicle,NISS -CAR/SUV,2016.0,2.0,M,Licensed,Going Straight Ahead,Center Front End,Center Front End,Left Side Doors,Left Front Quarter Panel,Left Rear Quarter Panel,N,,Driver Inattention/Distraction,Unspecified,QUEENS,11433.0,"(40.705425, -73.78258)",3.0,0.0,0,0,0,0,3,0,Station Wagon/Sport Utility Vehicle,Station Wagon/Sport Utility Vehicle,1
18922097,4125368,05/04/2019,18:20,69fc1e18-2ddc-47be-9bfd-c4075cacaf0e,Motorcycle,HOND -MCL,2014.0,2.0,M,Licensed,Going Straight Ahead,Left Side Doors,Left Side Doors,Left Rear Quarter Panel,,,N,,Unspecified,Unspecified,,,"(40.74045, -73.844376)",2.0,0.0,0,0,0,0,2,0,Motorcycle,,1
19651914,4245409,11/21/2019,21:00,a599778d-0d5b-44dc-80a0-9efe12e3f6aa,Station Wagon/Sport Utility Vehicle,JEEP -CAR/SUV,2016.0,1.0,F,Licensed,Going Straight Ahead,Right Front Quarter Panel,Right Front Quarter Panel,Right Front Bumper,Right Side Doors,No Damage,N,,Unspecified,Unspecified,QUEENS,11373.0,"(40.735123, -73.87524)",0.0,0.0,0,0,0,0,0,0,Station Wagon/Sport Utility Vehicle,Sedan,0
18904225,4119761,04/23/2019,20:00,149d4e42-0db8-464d-b52e-b99a0a426f05,Sedan,TOYT -CAR/SUV,2015.0,0.0,,,Parked,Right Side Doors,Right Side Doors,Right Rear Quarter Panel,No Damage,No Damage,N,,Unspecified,Unspecified,QUEENS,11378.0,"(40.71564, -73.907295)",0.0,0.0,0,0,0,0,0,0,Sedan,,0
18905531,4119501,04/23/2019,11:15,3a04212f-e96c-4a16-914f-429ad7e3cab4,Station Wagon/Sport Utility Vehicle,FORD -CAR/SUV,2006.0,1.0,M,Licensed,Making Left Turn,Right Front Bumper,No Damage,No Damage,No Damage,No Damage,N,,Failure to Yield Right-of-Way,Unspecified,QUEENS,11429.0,"(40.703434, -73.74051)",1.0,0.0,1,0,0,0,0,0,Station Wagon/Sport Utility Vehicle,,1
19015361,4171326,07/03/2019,12:30,feeb1656-5d4a-4e6b-bd62-e183fa0a2427,3-Door,FORD-TRUCK/BUS,2010.0,1.0,M,Licensed,Going Straight Ahead,Right Rear Quarter Panel,No Damage,No Damage,No Damage,No Damage,N,,Driver Inattention/Distraction,Unspecified,QUEENS,11372.0,,0.0,0.0,0,0,0,0,0,0,3-Door,Sedan,0
19651721,4262667,12/11/2019,17:49,e9374ebf-befb-4bef-8567-a2adda844676,Station Wagon/Sport Utility Vehicle,GMC -CAR/SUV,2019.0,1.0,M,Licensed,Going Straight Ahead,Right Front Bumper,Right Front Quarter Panel,,,,N,,Passing or Lane Usage Improper,Following Too Closely,BROOKLYN,11211.0,"(40.71175, -73.9558)",0.0,0.0,0,0,0,0,0,0,Sedan,Station Wagon/Sport Utility Vehicle,0
18581580,4105895,03/30/2019,20:40,5b45f9ba-e4e2-4455-9e22-72babae51e1a,Sedan,MERZ -CAR/SUV,2007.0,1.0,M,Licensed,Going Straight Ahead,Center Back End,Center Back End,Left Rear Bumper,Right Rear Bumper,,N,,Unspecified,Unspecified,QUEENS,11375.0,"(40.71512, -73.83224)",0.0,0.0,0,0,0,0,0,0,Sedan,Station Wagon/Sport Utility Vehicle,0
19079906,4201124,09/05/2019,08:00,9277a187-b462-4200-9281-f8793af19205,Sedan,JAGU -CAR/SUV,2009.0,1.0,M,Licensed,Stopped in Traffic,Center Back End,Center Back End,Right Rear Bumper,,,N,,Unspecified,Unspecified,,,"(40.837864, -73.86356)",0.0,0.0,0,0,0,0,0,0,Sedan,Station Wagon/Sport Utility Vehicle,0
18608149,4102017,03/23/2019,08:00,461e770c-5380-4474-99ed-d2e9fa7afe9a,Sedan,NISS -CAR/SUV,2015.0,0.0,,,Parked,Right Rear Bumper,Right Rear Quarter Panel,,,,N,,Unspecified,Unspecified,QUEENS,11417.0,"(40.681385, -73.84748)",0.0,0.0,0,0,0,0,0,0,Sedan,,0
18402424,4084006,02/19/2019,08:40,6c0d0814-3485-4f6a-b6d7-7ef9f64ae0d5,Station Wagon/Sport Utility Vehicle,TOYT -CAR/SUV,2011.0,1.0,M,Licensed,Going Straight Ahead,Right Front Quarter Panel,Right Front Quarter Panel,No Damage,No Damage,,N,,Unspecified,Unspecified,QUEENS,11354.0,"(40.76409, -73.81251)",1.0,0.0,1,0,0,0,0,0,Station Wagon/Sport Utility Vehicle,,1
19028986,4177881,07/26/2019,19:53,8e5dd0a0-8ad0-4bbd-9bb3-cc23afbc3a84,Station Wagon/Sport Utility Vehicle,SUBA -CAR/SUV,2004.0,4.0,M,Licensed,Slowing or Stopping,Left Front Bumper,Center Front End,Right Front Bumper,Left Front Quarter Panel,Right Front Quarter Panel,N,,Brakes Defective,Unspecified,,,"(40.836617, -73.87377)",2.0,0.0,0,0,0,0,2,0,Station Wagon/Sport Utility Vehicle,Sedan,1
18508162,4057300,01/16/2019,23:30,c5007d6b-6581-4318-b27f-877602abf1fc,Taxi,TOYT -CAR/SUV,2016.0,1.0,M,Licensed,Slowing or Stopping,Center Back End,Center Back End,Right Rear Bumper,Left Rear Bumper,,N,,Unspecified,Unspecified,,,"(40.700836, -73.99495)",3.0,0.0,0,0,0,0,3,0,Taxi,Sedan,1
19026390,4176272,07/24/2019,12:30,1fcf0c00-f12d-4aa0-831a-7e0b917999ab,Sedan,HOND -CAR/SUV,2008.0,1.0,F,Licensed,Making Left Turn,Right Rear Quarter Panel,Right Rear Quarter Panel,Right Rear Bumper,,,N,,Unspecified,Unspecified,QUEENS,11422.0,"(40.66209, -73.73249)",2.0,0.0,0,0,0,0,2,0,Sedan,Station Wagon/Sport Utility Vehicle,1
18552018,4083390,02/19/2019,17:10,c3dbd698-993a-455d-a365-9f50be708760,Station Wagon/Sport Utility Vehicle,HOND -CAR/SUV,2013.0,0.0,,,Parked,Left Front Bumper,Left Front Bumper,,,,N,,Unspecified,Unspecified,BROOKLYN,11210.0,"(40.637203, -73.946205)",0.0,0.0,0,0,0,0,0,0,Station Wagon/Sport Utility Vehicle,,0
18539329,4078860,02/11/2019,17:00,832f0fa9-312e-4349-8316-9e3076a62cf2,Sedan,ALFA -CAR/SUV,2018.0,0.0,,,Parked,Center Back End,Center Back End,,,,N,,Unspecified,Unspecified,BROOKLYN,11232.0,"(40.66737, -73.996414)",0.0,0.0,0,0,0,0,0,0,Box Truck,Sedan,0
19045826,4185573,08/08/2019,20:00,80a17df9-94fe-4437-918c-da37a463cb11,Station Wagon/Sport Utility Vehicle,ACUR -CAR/SUV,2019.0,0.0,,,Parked,Right Front Quarter Panel,Right Front Quarter Panel,Right Side Doors,,,N,,Unspecified,Unspecified,QUEENS,11355.0,"(40.7526, -73.81466)",0.0,0.0,0,0,0,0,0,0,Station Wagon/Sport Utility Vehicle,,0
18620875,4089310,03/01/2019,17:30,7552a1a2-a490-46bc-abb8-50ebc6200878,Pick-up Truck,TOYT -CAR/SUV,2016.0,0.0,M,Licensed,Going Straight Ahead,Center Back End,Center Back End,,,,N,,Lane Marking Improper/Inadequate,Other Vehicular,,,"(40.667385, -73.77546)",0.0,0.0,0,0,0,0,0,0,Pick-up Truck,Pick-up Truck,0
18543054,4097481,03/02/2019,05:15,c008fdfd-b855-4548-8f30-93d0d466edd9,Sedan,NISS -CAR/SUV,2009.0,0.0,,,Parked,Left Front Quarter Panel,Left Front Quarter Panel,,,,N,,Unspecified,Unspecified,BROOKLYN,11233.0,"(40.667763, -73.92268)",0.0,0.0,0,0,0,0,0,0,Sedan,,0
19093598,4207189,09/16/2019,14:40,6a2ee852-cb45-4681-a714-62568c96fb44,Station Wagon/Sport Utility Vehicle,inter,2017.0,1.0,M,Licensed,Making Right Turn,Left Front Bumper,Left Front Bumper,Center Front End,,,N,,Traffic Control Disregarded,Unspecified,QUEENS,11420.0,"(40.686024, -73.81087)",0.0,0.0,0,0,0,0,0,0,Sedan,Station Wagon/Sport Utility Vehicle,0