UNIQUE_ID,COLLISION_ID,CRASH_DATE,CRASH_TIME,VEHICLE_ID,VEHICLE_TYPE,VEHICLE_MAKE,VEHICLE_YEAR,VEHICLE_OCCUPANTS,DRIVER_SEX,DRIVER_LICENSE_STATUS,PRE_CRASH,POINT_OF_IMPACT,VEHICLE_DAMAGE,VEHICLE_DAMAGE_1,VEHICLE_DAMAGE_2,VEHICLE_DAMAGE_3,PUBLIC_PROPERTY_DAMAGE,PUBLIC_PROPERTY_DAMAGE_TYPE,CONTRIBUTING_FACTOR_1,CONTRIBUTING_FACTOR_2,BOROUGH,ZIP CODE,LOCATION,NUMBER OF PERSONS INJURED,NUMBER OF PERSONS KILLED,NUMBER OF PEDESTRIANS INJURED,NUMBER OF PEDESTRIANS KILLED,NUMBER OF CYCLIST INJURED,NUMBER OF CYCLIST KILLED,NUMBER OF MOTORIST INJURED,NUMBER OF MOTORIST KILLED,VEHICLE TYPE CODE 1,VEHICLE TYPE CODE 2,Severity
18504628,4068376,01/23/2019,19:35,45398b80-5a80-4b32-88ec-e3ce8390c383,Tractor Truck Diesel,FRHT-TRUCK/BUS,1999.0,1.0,M,Licensed,Backing,No Damage,No Damage,No Damage,,,N,,Backing Unsafely,Unspecified,BRONX,10474.0,"(40.811077, -73.88369)",0.0,0.0,0,0,0,0,0,0,Sedan,Tractor Truck Diesel,0
18529653,4088875,03/01/2019,05:57,a4c6c77d-5b35-480b-ad13-1862784c4622,Station Wagon/Sport Utility Vehicle,ACUR -CAR/SUV,2007.0,1.0,F,Licensed,Going Straight Ahead,Overturned,Overturned,,,,N,,Pavement Slippery,Pavement Slippery,BRONX,10460.0,"(40.83734, -73.88254)",0.0,0.0,0,0,0,0,0,0,Station Wagon/Sport Utility Vehicle,,0
18897859,4117124,04/18/2019,18:30,288ad096-bf30-422c-a040-11f7f64e86ca,Pick-up Truck,DODG -CAR/SUV,2011.0,1.0,M,Licensed,Making Left Turn,Right Front Quarter Panel,Right Front Quarter Panel,Undercarriage,,,N,,Failure to Yield Right-of-Way,Unspecified,STATEN ISLAND,10312.0,"(40.54326, -74.19731)",1.0,0.0,0,0,0,0,1,0,Sedan,Pick-up Truck,1
19052387,4188464,08/14/2019,07:50,ceee5784-e897-467b-b9fb-03d87d58b9d6,Sedan,HOND -CAR/SUV,2017.0,1.0,M,Licensed,Going Straight Ahead,Right Rear Quarter Panel,Right Side Doors,Right Front Quarter Panel,Right Front Bumper,No Damage,N,,Unspecified,Unspecified,,,"(40.72179, -73.99986)",0.0,0.0,0,0,0,0,0,0,Sedan,,0
18959844,4145271,06/04/2019,11:09,4bc2e45c-b180-4c46-b885-a56d4e5a3177,Flat Rack,INTL-TRUCK/BUS,1990.0,1.0,M,Licensed,Making Right Turn,No Damage,No Damage,No Damage,No Damage,No Damage,N,,Passing Too Closely,Oversized Vehicle,BRONX,10456.0,"(40.83232, -73.91676)",0.0,0.0,0,0,0,0,0,0,Station Wagon/Sport Utility Vehicle,Flat Rack,0
18678538,4106306,03/31/2019,15:45,f95109bc-4861-4bfc-b49f-bda14b3fcfac,Sedan,TOYT -CAR/SUV,1995.0,3.0,F,Licensed,Going Straight Ahead,Right Front Bumper,Right Front Bumper,Center Front End,Right Side Doors,Right Rear Quarter Panel,N,,Unspecified,Unspecified,QUEENS,11040.0,"(40.748802, -73.70174)",0.0,0.0,0,0,0,0,0,0,Station Wagon/Sport Utility Vehicle,Sedan,0
18931519,4132412,05/15/2019,16:00,d9cbbfdc-d2f2-4a3f-9da2-b587d2ab51b1,Sedan,TOYT -CAR/SUV,2016.0,1.0,M,Licensed,Going Straight Ahead,Center Front End,Center Front End,Right Front Bumper,,,N,,Failure to Yield Right-of-Way,Unspecified,BROOKLYN,11235.0,"(40.586376, -73.9479)",0.0,0.0,0,0,0,0,0,0,Sedan,Sedan,0
19027155,4176799,07/24/2019,16:25,7bcbcbba-8b6f-4ba2-9e3a-e2a267f3f258,Station Wagon/Sport Utility Vehicle,LEXS -CAR/SUV,2017.0,1.0,,,Parked,Left Front Bumper,Left Front Bumper,,,,N,,Unspecified,Unspecified,BROOKLYN,11220.0,"(40.63982, -74.00505)",0.0,0.0,0,0,0,0,0,0,Station Wagon/Sport Utility Vehicle,Van,0
19058706,4191106,08/17/2019,21:00,b223a317-3012-496a-b7f2-e14d442af1e5,Sedan,HOND -CAR/SUV,1998.0,2.0,M,Licensed,Going Straight Ahead,Left Front Bumper,Left Front Bumper,Center Front End,Right Front Bumper,,N,,Driver Inattention/Distraction,Brakes Defective,,,"(40.683094, -73.80596)",0.0,0.0,0,0,0,0,0,0,Station Wagon/Sport Utility Vehicle,Sedan,0
18498988,4061996,01/04/2019,12:35,7e770263-e5be-433b-84e9-7614f56169a7,Bus,GMC-TRUCK/BUS,2006.0,1.0,M,Licensed,Going Straight Ahead,Left Front Bumper,Left Front Bumper,,,,N,,Unspecified,Unspecified,BROOKLYN,11207.0,"(40.661633, -73.893555)",0.0,0.0,0,0,0,0,0,0,Sedan,Bus,0
18899949,4117634,04/18/2019,23:50,81795ff2-33f5-451d-93fb-35d766cd3164,Sedan,VOLK -CAR/SUV,2007.0,4.0,M,Permit,Changing Lanes,Right Rear Quarter Panel,Center Back End,No Damage,No Damage,No Damage,Unspecified,,Unsafe Lane Changing,Unsafe Speed,,,"(40.75332, -73.74477)",0.0,0.0,0,0,0,0,0,0,Sedan,Sedan,0
19035253,4180167,07/31/2019,08:30,fa211ff9-e8ef-4f46-b0b5-0ff5744f069e,Station Wagon/Sport Utility Vehicle,GMC -CAR/SUV,2019.0,1.0,,,Making Right Turn,Right Side Doors,Right Side Doors,,,,N,,Turning Improperly,Unspecified,,,"(40.71512, -73.77358)",0.0,0.0,0,0,0,0,0,0,Station Wagon/Sport Utility Vehicle,Bus,0
19666074,4265630,12/29/2019,00:48,351363fc-261f-409b-8562-9c9469ad30cf,Sedan,HOND -CAR/SUV,2019.0,3.0,M,Licensed,Making Left Turn,Left Rear Quarter Panel,Left Rear Quarter Panel,,,,N,,Driver Inattention/Distraction,Unspecified,QUEENS,11377.0,"(40.748993, -73.89687)",0.0,0.0,0,0,0,0,0,0,Sedan,Sedan,0
18523876,4087661,02/26/2019,11:55,64b55cb2-34d2-4993-ad3c-4be6c6f3fa1a,Station Wagon/Sport Utility Vehicle,HOND -CAR/SUV,2013.0,0.0,,,Parked,Left Rear Quarter Panel,Left Rear Quarter Panel,Left Side Doors,,,N,,Unspecified,Unspecified,STATEN ISLAND,10309.0,"(40.54137, -74.21208)",0.0,0.0,0,0,0,0,0,0,Station Wagon/Sport Utility Vehicle,Station Wagon/Sport Utility Vehicle,0
18551137,4100073,03/17/2019,07:50,b6f7236a-5db3-4491-a3f0-fd751cc9e7e5,Sedan,HOND -CAR/SUV,2015.0,1.0,M,Licensed,Going Straight Ahead,Left Front Bumper,Left Front Bumper,Left Front Quarter Panel,Left Side Doors,Left Rear Quarter Panel,N,,Driver Inattention/Distraction,Unspecified,,,"(40.89238, -73.88629)",1.0,0.0,0,0,0,0,1,0,Sedan,,1
18510657,4056707,01/17/2019,08:30,a39508da-5f7d-4c23-8463-4ca143347346,Station Wagon/Sport Utility Vehicle,FORD -CAR/SUV,2017.0,1.0,M,Licensed,Slowing or Stopping,Center Back End,Center Back End,Left Rear Bumper,Right Rear Bumper,,N,,Unspecified,Unspecified,,,,0.0,0.0,0,0,0,0,0,0,Station Wagon/Sport Utility Vehicle,Sedan,0
19101492,4211276,09/23/2019,09:15,0286c8f5-5af0-4a45-b541-0ad262c461ab,Station Wagon/Sport Utility Vehicle,NISS -CAR/SUV,2014.0,0.0,,,Parked,Left Front Quarter Panel,Left Front Quarter Panel,,,,N,,Unspecified,Unspecified,,,"(40.783226, -73.83862)",0.0,0.0,0,0,0,0,0,0,Station Wagon/Sport Utility Vehicle,,0
19156928,4236652,11/06/2019,12:00,68b11a60-71b7-4a58-91cc-cc254995efd5,Station Wagon/Sport Utility Vehicle,TOYT -CAR/SUV,2010.0,1.0,M,Licensed,Starting from Parking,Left Side Doors,Left Side Doors,,,,N,,Failure to Yield Right-of-Way,Unspecified,QUEENS,11354.0,"(40.762756, -73.82261)",0.0,0.0,0,0,0,0,0,0,Station Wagon/Sport Utility Vehicle,Station Wagon/Sport Utility Vehicle,0
18984994,4156896,06/22/2019,14:05,701599ff-dda6-45b0-b0f1-658fcbf203c3,Sedan,TOYT -CAR/SUV,2015.0,1.0,M,Licensed,Going Straight Ahead,Left Front Bumper,Left Front Bumper,,,,N,,Unspecified,Driver Inexperience,MANHATTAN,10028.0,"(40.779583, -73.961845)",0.0,0.0,0,0,0,0,0,0,Sedan,Sedan,0
19626260,4242417,11/14/2019,20:15,03fdb0b5-8256-4c79-b904-06a034b204a8,Station Wagon/Sport Utility Vehicle,HOND -CAR/SUV,2009.0,1.0,M,Licensed,Going Straight Ahead,Center Front End,Center Front End,,,,N,,Driver Inattention/Distraction,Following Too Closely,BROOKLYN,11238.0,"(40.672848, -73.9675)",1.0,0.0,0,0,0,0,1,0,Station Wagon/Sport Utility Vehicle,Station Wagon/Sport Utility Vehicle,1
19635235,4249571,11/29/2019,22:35,def8463a-56b6-4475-b67d-7a45cfef1d0b,Sedan,NISS -CAR/SUV,2016.0,3.0,M,Licensed,Making Left Turn,Left Front Bumper,Center Front End,Right Front Bumper,,,N,,Unspecified,Unspecified,BROOKLYN,11233.0,"(40.669476, -73.919975)",4.0,0.0,0,0,0,0,4,0,Sedan,Station Wagon/Sport Utility Vehicle,1
18589348,4105332,03/28/2019,11:15,ac7e15e2-74a9-473e-8663-88d53ceab382,Station Wagon/Sport Utility Vehicle,HOND -CAR/SUV,2005.0,1.0,M,Licensed,Parked,Left Front Quarter Panel,Left Front Quarter Panel,Left Front Bumper,Left Side Doors,,N,,Unspecified,Unspecified,,,"(40.867035, -73.896324)",0.0,0.0,0,0,0,0,0,0,Station Wagon/Sport Utility Vehicle,Taxi,0
18943639,4139853,05/25/2019,11:54,5883f3e0-819e-4fe4-b29f-24a618ef87e7,Station Wagon/Sport Utility Vehicle,DODG -CAR/SUV,2013.0,1.0,F,Unlicensed,Going Straight Ahead,Right Front Bumper,Right Front Bumper,,,,N,,Passing Too Closely,Driver Inattention/Distraction,MANHATTAN,10035.0,"(40.796165, -73.93368)",0.0,0.0,0,0,0,0,0,0,Pick-up Truck,Station Wagon/Sport Utility Vehicle,0
18981771,4152185,06/14/2019,08:16,956f7356-c111-4132-8216-e6fc31a80fc0,Station Wagon/Sport Utility Vehicle,VOLK -CAR/SUV,2012.0,1.0,M,Licensed,Going Straight Ahead,Center Back End,Center Back End,,,,N,,Unspecified,Unspecified,MANHATTAN,10013.0,"(40.719868, -73.99527)",0.0,0.0,0,0,0,0,0,0,Pick-up Truck,Station Wagon/Sport Utility Vehicle,0
19027949,4177378,07/25/2019,12:39,13586d30-3fb9-4aad-975c-14aa7c97b023,Station Wagon/Sport Utility Vehicle,ACUR -CAR/SUV,2019.0,0.0,,,Parked,Left Front Bumper,Left Front Bumper,Left Front Quarter Panel,No Damage,No Damage,N,,Unspecified,Unspecified,MANHATTAN,10009.0,"(40.72133, -73.98088)",0.0,0.0,0,0,0,0,0,0,Pick-up Truck,Station Wagon/Sport Utility Vehicle,0
18665203,4103085,03/25/2019,17:00,7eecd1e8-2d45-4b9c-a769-c6bc2823809a,Station Wagon/Sport Utility Vehicle,TOYT -CAR/SUV,2015.0,3.0,F,Licensed,Going Straight Ahead,Center Back End,Center Back End,Right Rear Bumper,Left Rear Bumper,,N,,Unspecified,Unspecified,,,"(40.742573, -73.73389)",0.0,0.0,0,0,0,0,0,0,Station Wagon/Sport Utility Vehicle,Station Wagon/Sport Utility Vehicle,0
18897452,4116673,04/15/2019,12:00,3f121c39-1014-4766-a704-9a2414e6aa4d,Taxi,LINC -CAR/SUV,2011.0,1.0,M,Licensed,Making Left Turn,Right Rear Bumper,Right Rear Bumper,Right Rear Quarter Panel,Other,Other,N,,Driver Inattention/Distraction,Unspecified,,,"(40.769737, -73.91244)",0.0,0.0,0,0,0,0,0,0,Taxi,Pick-up Truck,0
18503592,4056450,01/14/2019,17:48,94b42037-81d5-4224-8c68-71043bfcc341,Station Wagon/Sport Utility Vehicle,DODG -CAR/SUV,2015.0,2.0,M,Licensed,Going Straight Ahead,Center Front End,Center Front End,No Damage,No Damage,No Damage,N,,Driver Inattention/Distraction,Unspecified,,,,0.0,0.0,0,0,0,0,0,0,Station Wagon/Sport Utility Vehicle,Sedan,0
19111104,4216300,10/02/2019,02:50,b672f9bd-5222-4258-b292-922394dca885,Station Wagon/Sport Utility Vehicle,MERZ -CAR/SUV,,1.0,,,Parked,Other,Other,Other,,,N,,Passing or Lane Usage Improper,Other Lighting Defects,BROOKLYN,11203.0,"(40.65618, -73.937805)",0.0,0.0,0,0,0,0,0,0,Sedan,Station Wagon/Sport Utility Vehicle,0
19146693,4221206,10/08/2019,12:00,64796024-29a1-4ad3-86b7-5c017d96c80b,Station Wagon/Sport Utility Vehicle,MERZ -CAR/SUV,2006.0,1.0,M,Licensed,Going Straight Ahead,Center Back End,Center Back End,Right Rear Bumper,Left Rear Bumper,,N,,Driver Inattention/Distraction,Following Too Closely,,,"(40.585163, -73.95641)",0.0,0.0,0,0,0,0,0,0,Sedan,Station Wagon/Sport Utility Vehicle,0
18556362,4099388,03/19/2019,07:45,e8bbd974-370d-4513-a938-24fdd0c234cc,Van,FRHT-TRUCK/BUS,2008.0,1.0,M,Licensed,Stopped in Traffic,Center Back End,Center Back End,,,,N,,Other Vehicular,Other Vehicular,BRONX,10460.0,,0.0,0.0,0,0,0,0,0,0,Van,Station Wagon/Sport Utility Vehicle,0
19168384,4242577,11/15/2019,09:53,a2beaf58-8c78-4f38-8d2f-43ee97ec1208,Taxi,NISS -CAR/SUV,2016.0,1.0,M,Licensed,Changing Lanes,Right Front Quarter Panel,Right Front Bumper,,,,N,,Unspecified,Unspecified,MANHATTAN,10025.0,"(40.79548, -73.96191)",0.0,0.0,0,0,0,0,0,0,Sedan,Taxi,0
19218490,4265713,12/23/2019,23:45,b3834125-14e0-4da7-9873-e8f722976254,Station Wagon/Sport Utility Vehicle,HOND -CAR/SUV,2016.0,1.0,M,Licensed,Starting in Traffic,Center Back End,Center Back End,Left Rear Bumper,Right Rear Bumper,,N,,Unspecified,Unspecified,QUEENS,11106.0,"(40.764084, -73.92962)",0.0,0.0,0,0,0,0,0,0,Station Wagon/Sport Utility Vehicle,,0
18936873,4135075,05/14/2019,20:44,37632fa1-ff78-446e-8a67-c4094db57558,Station Wagon/Sport Utility Vehicle,HOND -CAR/SUV,2011.0,1.0,F,Licensed,Going Straight Ahead,Right Front Bumper,Right Front Bumper,No Damage,No Damage,No Damage,N,,Failure to Yield Right-of-Way,Glare,BRONX,10469.0,"(40.875256, -73.84342)",1.0,0.0,0,0,0,0,1,0,Sedan,Station Wagon/Sport Utility Vehicle,1
18535261,4112455,04/10/2019,23:00,56102a6a-23ae-4ed9-85bd-f0beeef3093e,Sedan,VOLK -CAR/SUV,2012.0,1.0,F,Licensed,Starting from Parking,Left Side Doors,Left Rear Quarter Panel,Left Rear Quarter Panel,,,N,,Failure to Yield Right-of-Way,Unspecified,,,"(40.72877, -74.007095)",0.0,0.0,0,0,0,0,0,0,Sedan,Van,0
19641593,4247560,11/25/2019,23:30,749aadc3-8bc2-4d96-8d3c-0aeaadd1642d,Sedan,NISS -CAR/SUV,2009.0,0.0,M,Licensed,Backing,Right Rear Quarter Panel,Right Rear Bumper,No Damage,No Damage,No Damage,N,,Backing Unsafely,Backing Unsafely,BROOKLYN,11204.0,,0.0,0.0,0,0,0,0,0,0,Sedan,Sedan,0
19057823,4191574,08/19/2019,16:25,c23f1c91-9d96-4dfe-8d58-9b169e451f8e,Sedan,HYUN -CAR/SUV,2019.0,1.0,F,Licensed,Starting from Parking,Left Front Bumper,Left Front Bumper,Left Front Quarter Panel,Other,Other,N,,Driver Inattention/Distraction,Unspecified,BRONX,10469.0,"(40.869186, -73.845825)",0.0,0.0,0,0,0,0,0,0,Sedan,Station Wagon/Sport Utility Vehicle,0
18512579,4058244,01/19/2019,03:25,e8132b45-2cb4-4870-a2a4-4be14d618981,Sedan,BMW -CAR/SUV,2015.0,2.0,F,Licensed,Going Straight Ahead,Center Front End,Center Front End,Left Front Bumper,Right Front Bumper,,N,,Driver Inexperience,Unsafe Speed,BROOKLYN,11206.0,"(40.70979, -73.94812)",0.0,0.0,0,0,0,0,0,0,Sedan,Sedan,0
18961970,4146557,06/06/2019,15:45,a3cb08df-fead-4927-b457-f5d1ad38c1c8,Station Wagon/Sport Utility Vehicle,HOND -CAR/SUV,2011.0,1.0,F,Licensed,Backing,Left Rear Bumper,Left Rear Bumper,,,,N,,Backing Unsafely,Driver Inattention/Distraction,QUEENS,11373.0,"(40.734768, -73.87459)",0.0,0.0,0,0,0,0,0,0,Station Wagon/Sport Utility Vehicle,Station Wagon/Sport Utility Vehicle,0
18957470,4144399,06/03/2019,15:30,029e187b-74e4-4709-a51f-b74542c86ed1,Station Wagon/Sport Utility Vehicle,HOND -CAR/SUV,2001.0,2.0,M,Licensed,Going Straight Ahead,Right Side Doors,Right Side Doors,,,,N,,Unspecified,Unspecified,,,,0.0,0.0,0,0,0,0,0,0,Station Wagon/Sport Utility Vehicle,Station Wagon/Sport Utility Vehicle,0
18916863,4124552,05/02/2019,21:05,b65ff322-1338-46d7-a0dd-904145995c31,Station Wagon/Sport Utility Vehicle,HOND -CAR/SUV,2018.0,1.0,F,Licensed,Going Straight Ahead,Left Front Bumper,Left Front Bumper,Center Front End,Left Front Quarter Panel,Left Side Doors,N,,Unspecified,Unspecified,QUEENS,11355.0,"(40.749336, -73.81035)",0.0,0.0,0,0,0,0,0,0,Station Wagon/Sport Utility Vehicle,Sedan,0
19176385,4245781,11/22/2019,16:36,b0eb54c2-04ff-44bd-afe1-0ea558978895,Box Truck,ISU-TRUCK/BUS,2017.0,1.0,M,Licensed,Making Right Turn,Right Rear Quarter Panel,Right Rear Quarter Panel,Right Rear Bumper,,,N,,Driver Inattention/Distraction,Driver Inattention/Distraction,QUEENS,11101.0,"(40.746143, -73.94174)",0.0,0.0,0,0,0,0,0,0,Box Truck,Sedan,0
19123460,4221354,10/10/2019,22:30,01ac0f9d-ed07-409f-8a7a-3d90dd252234,Station Wagon/Sport Utility Vehicle,NISS -CAR/SUV,2015.0,1.0,M,Licensed,Making Right Turn,Left Front Bumper,Left Front Bumper,Left Front Quarter Panel,No Damage,No Damage,N,,Driver Inattention/Distraction,Unspecified,,,"(40.7672, -73.887825)",0.0,0.0,0,0,0,0,0,0,Station Wagon/Sport Utility Vehicle,Station Wagon/Sport Utility Vehicle,0
19643691,4263074,12/19/2019,09:00,9258f2dc-a662-484c-b5a8-6d7b2dfa5fd4,Station Wagon/Sport Utility Vehicle,FORD -CAR/SUV,1995.0,1.0,M,Licensed,Merging,Right Front Bumper,Right Front Bumper,,,,N,,Unspecified,Unspecified,,,,0.0,0.0,0,0,0,0,0,0,Sedan,Station Wagon/Sport Utility Vehicle,0
19018071,4172563,07/18/2019,02:00,ca40b653-e3df-4501-a0c1-e04fe5114696,Station Wagon/Sport Utility Vehicle,TOYT -CAR/SUV,2013.0,0.0,,,Parked,Left Front Quarter Panel,Roof,Left Side Doors,Left Front Quarter Panel,Left Front Bumper,Y,,Unspecified,Unspecified,,,"(40.64059, -74.02243)",0.0,0.0,0,0,0,0,0,0,Station Wagon/Sport Utility Vehicle,,0
19040489,4183119,08/04/2019,10:00,d99b5405-4a76-4844-8e13-479ca4df7555,Sedan,MERZ -CAR/SUV,2016.0,1.0,,,Backing,,,,,,N,,Backing Unsafely,Unspecified,STATEN ISLAND,10309.0,"(40.52499, -74.209854)",0.0,0.0,0,0,0,0,0,0,Station Wagon/Sport Utility Vehicle,Sedan,0
18928068,4130046,05/12/2019,12:30,a7740b55-c89c-4806-ac16-3bb73309dd61,Sedan,NISS -CAR/SUV,2017.0,0.0,,,Parked,Center Back End,Center Back End,Right Rear Bumper,Left Rear Bumper,No Damage,N,,Unspecified,Unspecified,,,"(40.662205, -73.892265)",0.0,0.0,0,0,0,0,0,0,Station Wagon/Sport Utility Vehicle,Sedan,0
19127961,4223142,10/10/2019,06:30,43951211-72a4-4bab-ad98-376220630d14,Station Wagon/Sport Utility Vehicle,MERZ -CAR/SUV,2011.0,1.0,F,Licensed,Slowing or Stopping,Center Front End,Center Front End,,,,N,,Following Too Closely,Driver Inattention/Distraction,QUEENS,11413.0,"(40.66709, -73.76376)",0.0,0.0,0,0,0,0,0,0,Sedan,Station Wagon/Sport Utility Vehicle,0
19119004,4219383,10/07/2019,12:40,0f585c7c-f439-4273-8219-f38d8029e05a,Sedan,NISS -CAR/SUV,2016.0,1.0,F,Licensed,Going Straight Ahead,Center Front End,Center Front End,,Center Front End,Center Front End,N,,Alcohol Involvement,Unspecified,QUEENS,11412.0,"(40.688953, -73.75985)",2.0,0.0,0,0,0,0,2,0,Sedan,Sedan,1
19114401,4216996,10/02/2019,11:18,c6bf4cd5-8568-47e8-a597-293d97de578c,Station Wagon/Sport Utility Vehicle,HOND -CAR/SUV,2013.0,1.0,M,Licensed,Going Straight Ahead,Right Front Quarter Panel,Right Side Doors,Right Rear Quarter Panel,,,N,,Unspecified,Unspecified,QUEENS,11434.0,"(40.666637, -73.78149)",0.0,0.0,0,0,0,0,0,0,Station Wagon/Sport Utility Vehicle,Sedan,0
18908383,4121793,04/28/2019,15:15,6e190c84-2ffa-485c-bff5-d47ea2a80842,Station Wagon/Sport Utility Vehicle,FORD -CAR/SUV,2015.0,2.0,M,,Parked,Right Rear Bumper,Right Rear Bumper,No Damage,No Damage,No Damage,N,,Unspecified,Unspecified,MANHATTAN,10002.0,"(40.71617, -73.991806)",0.0,0.0,0,0,0,0,0,0,Station Wagon/Sport Utility Vehicle,Station Wagon/Sport Utility Vehicle,0
19081890,4201822,09/08/2019,20:39,531d420e-2d08-44e3-8293-80c97d2409ad,Sedan,TOYT -CAR/SUV,2015.0,1.0,M,Licensed,Going Straight Ahead,Center Front End,Center Front End,,,,N,,Driver Inattention/Distraction,Unspecified,QUEENS,11377.0,"(40.746334, -73.89633)",0.0,0.0,0,0,0,0,0,0,Station Wagon/Sport Utility Vehicle,Sedan,0
18629211,4109613,04/05/2019,23:50,c23a58fa-8308-4b3e-a980-1b150a2ba382,Station Wagon/Sport Utility Vehicle,FORD -CAR/SUV,2018.0,1.0,M,Licensed,Going Straight Ahead,Center Front End,Center Front End,Left Front Bumper,Right Front Bumper,,N,,Driver Inattention/Distraction,Following Too Closely,,,"(40.728947, -73.92793)",0.0,0.0,0,0,0,0,0,0,Station Wagon/Sport Utility Vehicle,Station Wagon/Sport Utility Vehicle,0
18895278,4115813,04/15/2019,14:10,97adc9f5-f791-4d89-b724-8f39c063435a,Pick-up Truck,FORD -CAR/SUV,2017.0,1.0,M,Licensed,Stopped in Traffic,Center Back End,Center Back End,,,,N,,Unspecified,Unspecified,,,"(40.85962, -73.9312)",0.0,0.0,0,0,0,0,0,0,Pick-up Truck,Pick-up Truck,0
19629822,4261864,12/20/2019,09:15,c8c0eb00-5d1f-41f8-9896-91cbb5514dca,Station Wagon/Sport Utility Vehicle,MITS -CAR/SUV,2019.0,0.0,,,Parked,Left Front Bumper,Left Front Bumper,Left Front Quarter Panel,,,N,,Unspecified,Unspecified,,,"(40.674885, -73.927765)",0.0,0.0,0,0,0,0,0,0,Station Wagon/Sport Utility Vehicle,Beverage Truck,0
19110046,4215464,09/29/2019,15:00,36d3e0cf-57a0-4f9d-8a18-9ad40188f988,Taxi,TOYT -CAR/SUV,2015.0,4.0,M,Licensed,Going Straight Ahead,Center Front End,No Damage,No Damage,No Damage,No Damage,N,,Driver Inattention/Distraction,Following Too Closely,,,"(40.585056, -73.928894)",0.0,0.0,0,0,0,0,0,0,Taxi,Taxi,0
18566148,4096936,03/13/2019,08:45,39120461-4e49-4adc-bbc3-27a9a6c02a4c,Station Wagon/Sport Utility Vehicle,CHRY -CAR/SUV,2018.0,2.0,F,Licensed,Stopped in Traffic,Center Front End,Left Front Bumper,,,,N,,Unspecified,Unspecified,BROOKLYN,11229.0,"(40.599598, -73.949455)",3.0,0.0,0,0,0,0,3,0,Station Wagon/Sport Utility Vehicle,Station Wagon/Sport Utility Vehicle,1
19089098,4205646,09/11/2019,13:00,834498d1-5faa-4775-8e14-dc814a3b4df9,Station Wagon/Sport Utility Vehicle,CHEV -CAR/SUV,2003.0,0.0,M,,Parked,Left Front Quarter Panel,Left Front Quarter Panel,Left Front Bumper,Center Front End,No Damage,N,,Unspecified,Unspecified,,,"(40.774048, -73.92449)",0.0,0.0,0,0,0,0,0,0,Station Wagon/Sport Utility Vehicle,Box Truck,0
18936038,4133793,05/17/2019,12:15,b8b8417e-c90a-4285-8743-2d4dea27e6d7,Station Wagon/Sport Utility Vehicle,FORD -CAR/SUV,2017.0,2.0,M,Licensed,Making Left Turn,Right Side Doors,Right Side Doors,,,,N,,Driver Inattention/Distraction,Unspecified,MANHATTAN,10002.0,"(40.716747, -73.993706)",0.0,0.0,0,0,0,0,0,0,Station Wagon/Sport Utility Vehicle,,0
19130937,4225284,10/17/2019,12:42,eb9c33ba-0de5-4e4e-90cc-abdd752de904,Sedan,HOND -CAR/SUV,2015.0,4.0,F,Licensed,Parked,Left Rear Quarter Panel,Left Rear Quarter Panel,No Damage,No Damage,No Damage,N,,Unspecified,Unspecified,MANHATTAN,10033.0,"(40.8442, -73.93566)",0.0,0.0,0,0,0,0,0,0,Sedan,Sedan,0
18978652,4154312,06/12/2019,11:35,963b15b2-bb30-4350-9893-ae29caac2f85,Station Wagon/Sport Utility Vehicle,CHEV -CAR/SUV,2003.0,1.0,M,Licensed,Entering Parked Position,Left Front Bumper,No Damage,No Damage,No Damage,No Damage,N,,Driver Inattention/Distraction,Unspecified,MANHATTAN,10030.0,"(40.81847, -73.9414)",0.0,0.0,0,0,0,0,0,0,Sedan,Station Wagon/Sport Utility Vehicle,0
19094458,4208457,09/17/2019,17:30,7309f605-0769-4771-ba43-4c169664fce3,Station Wagon/Sport Utility Vehicle,HOND -CAR/SUV,2018.0,1.0,M,Licensed,Going Straight Ahead,Center Back End,Center Back End,,,,N,,Unspecified,Unspecified,,,"(40.730137, -73.862366)",0.0,0.0,0,0,0,0,0,0,Station Wagon/Sport Utility Vehicle,,0
19164240,4240133,11/06/2019,08:30,780c4501-4603-493c-a5d5-f114bfe19533,Station Wagon/Sport Utility Vehicle,BMW -CAR/SUV,2019.0,1.0,M,Licensed,Going Straight Ahead,Center Front End,Center Front End,No Damage,No Damage,No Damage,N,,Following Too Closely,Unspecified,,,"(40.818016, -73.96043)",0.0,0.0,0,0,0,0,0,0,Station Wagon/Sport Utility Vehicle,Station Wagon/Sport Utility Vehicle,0
19096424,4208772,09/19/2019,06:40,5c10eebe-cfc9-406b-b070-f9a099267764,Sedan,HYUN -CAR/SUV,2016.0,2.0,M,Licensed,Changing Lanes,Right Rear Quarter Panel,Right Rear Quarter Panel,Right Rear Bumper,,,N,,Driver Inattention/Distraction,Passing or Lane Usage Improper,,,"(40.8047, -73.91243)",0.0,0.0,0,0,0,0,0,0,Box Truck,Sedan,0
18520057,4072119,01/30/2019,10:18,68bf6ba2-fb49-4f2c-acb5-8dd0d23a75f6,PK,CHEV-TRUCK/BUS,2015.0,1.0,M,Licensed,Parked,Center Back End,No Damage,No Damage,No Damage,No Damage,N,,Unspecified,Unspecified,MANHATTAN,10018.0,"(0.0, 0.0)",0.0,0.0,0,0,0,0,0,0,PK,Sedan,0