UNIQUE_ID,COLLISION_ID,CRASH_DATE,CRASH_TIME,VEHICLE_ID,VEHICLE_TYPE,VEHICLE_MAKE,VEHICLE_YEAR,VEHICLE_OCCUPANTS,DRIVER_SEX,DRIVER_LICENSE_STATUS,PRE_CRASH,POINT_OF_IMPACT,VEHICLE_DAMAGE,VEHICLE_DAMAGE_1,VEHICLE_DAMAGE_2,VEHICLE_DAMAGE_3,PUBLIC_PROPERTY_DAMAGE,PUBLIC_PROPERTY_DAMAGE_TYPE,CONTRIBUTING_FACTOR_1,CONTRIBUTING_FACTOR_2,BOROUGH,ZIP CODE,LOCATION,NUMBER OF PERSONS INJURED,NUMBER OF PERSONS KILLED,NUMBER OF PEDESTRIANS INJURED,NUMBER OF PEDESTRIANS KILLED,NUMBER OF CYCLIST INJURED,NUMBER OF CYCLIST KILLED,NUMBER OF MOTORIST INJURED,NUMBER OF MOTORIST KILLED,VEHICLE TYPE CODE 1,VEHICLE TYPE CODE 2,Severity
19135152,4224130,10/14/2019,17:40,e6ef9737-887a-4aa8-a2f1-c73dafd43b55,Station Wagon/Sport Utility Vehicle,FORD -CAR/SUV,2013.0,1.0,M,Licensed,Going Straight Ahead,Right Front Quarter Panel,Right Side Doors,,,,N,,Driver Inattention/Distraction,Unspecified,QUEENS,11435.0,"(40.687508, -73.80666)",0.0,0.0,0,0,0,0,0,0,Pick-up Truck,Station Wagon/Sport Utility Vehicle,0
18522412,4073253,02/02/2019,11:56,acb5d467-a44f-4ecf-bba7-20143f5083d8,Sedan,TOYT -CAR/SUV,2014.0,1.0,M,Licensed,Going Straight Ahead,Right Front Quarter Panel,Right Front Quarter Panel,No Damage,No Damage,No Damage,N,,Unsafe Lane Changing,Passing or Lane Usage Improper,MANHATTAN,10010.0,"(40.741116, -73.9941)",0.0,0.0,0,0,0,0,0,0,Sedan,Sedan,0
19091470,4206914,09/13/2019,10:00,1612540c-7d95-48e6-b540-77c7d942fb42,Sedan,BMW -CAR/SUV,2002.0,4.0,,,Going Straight Ahead,Right Side Doors,Right Rear Quarter Panel,,,,Y,,Unsafe Speed,Unspecified,BROOKLYN,11236.0,"(40.636696, -73.90705)",1.0,0.0,0,0,0,0,1,0,Sedan,Sedan,1
18500599,4067254,01/15/2019,02:00,4c63a204-118b-477a-aa61-0ccb0acf1649,Sedan,BMW -CAR/SUV,2017.0,1.0,F,Licensed,Going Straight Ahead,Left Front Bumper,Left Front Quarter Panel,,,,N,,Fell Asleep,Unspecified,BRONX,10453.0,"(40.854874, -73.916794)",0.0,0.0,0,0,0,0,0,0,Sedan,Pick-up Truck,0
18921197,4118467,04/18/2019,20:40,db1c3a8e-8f6e-492d-b2c5-defb4ac56767,Motorcycle,BMW -MCL,2017.0,1.0,M,Licensed,Merging,Center Back End,Center Back End,,,,N,,Unspecified,Unspecified,,,,0.0,0.0,0,0,0,0,0,0,Motorcycle,Sedan,0
19059663,4192088,08/20/2019,16:00,992e2613-6ac2-4586-a03d-cb70907fee03,Station Wagon/Sport Utility Vehicle,GMC -CAR/SUV,2019.0,0.0,,,Parked,Right Rear Quarter Panel,Right Rear Bumper,No Damage,No Damage,No Damage,N,,Unspecified,Unspecified,BROOKLYN,11226.0,"(40.64671, -73.95811)",0.0,0.0,0,0,0,0,0,0,Station Wagon/Sport Utility Vehicle,Station Wagon/Sport Utility Vehicle,0
18536703,4073230,02/02/2019,10:10,236ee45c-2e30-42ee-b1e2-aba02e734e4a,Taxi,FORD -CAR/SUV,1997.0,1.0,M,Licensed,Going Straight Ahead,Left Front Quarter Panel,Right Front Bumper,Left Front Quarter Panel,,,N,,Driver Inattention/Distraction,Following Too Closely,,,"(40.692844, -73.770805)",0.0,0.0,0,0,0,0,0,0,Station Wagon/Sport Utility Vehicle,Taxi,0
18514227,4068505,01/24/2019,16:20,740b127e-6728-49ea-bab5-20dc8dfacf9f,Bus,MCIN-TRUCK/BUS,2006.0,1.0,M,Licensed,Stopped in Traffic,Right Side Doors,No Damage,No Damage,No Damage,No Damage,N,,Unspecified,Unspecified,,,"(40.74277, -73.9866)",0.0,0.0,0,0,0,0,0,0,Bus,Taxi,0
19056020,4190714,08/17/2019,14:10,f44554f8-c686-4601-bfa6-e3c7085e6c7b,Sedan,HOND -CAR/SUV,2012.0,0.0,,,Parked,Left Rear Quarter Panel,Left Rear Quarter Panel,,,,N,,Unspecified,Unspecified,STATEN ISLAND,10310.0,"(40.629017, -74.11562)",0.0,0.0,0,0,0,0,0,0,Sedan,,0
19112660,4190400,08/17/2019,18:30,0632170e-bdfa-4645-88b7-4e47505df819,Sedan,HOND -CAR/SUV,2015.0,2.0,F,Licensed,Going Straight Ahead,Right Front Quarter Panel,Right Front Quarter Panel,Right Side Doors,No Damage,No Damage,Unspecified,,Unspecified,Unspecified,BROOKLYN,11239.0,"(40.65136, -73.86971)",0.0,0.0,0,0,0,0,0,0,Sedan,Sedan,0
19020499,4173852,07/21/2019,00:53,29d7c34d-2341-49e9-9307-fd416637b297,Station Wagon/Sport Utility Vehicle,MITS -CAR/SUV,2015.0,1.0,,,Going Straight Ahead,Right Front Bumper,Center Front End,Right Front Bumper,Right Front Quarter Panel,,N,,Alcohol Involvement,Unspecified,QUEENS,11432.0,"(40.718807, -73.78916)",0.0,0.0,0,0,0,0,0,0,Station Wagon/Sport Utility Vehicle,Station Wagon/Sport Utility Vehicle,0
18512779,4071647,01/29/2019,17:15,4b4449fe-c67d-4df1-8d4c-abdf440f97b5,Van,ISU-TRUCK/BUS,2013.0,1.0,M,Licensed,Backing,Center Back End,Center Back End,,,,N,,Backing Unsafely,Oversized Vehicle,,,"(40.751404, -74.00518)",0.0,0.0,0,0,0,0,0,0,Van,Sedan,0
19013372,4170690,07/15/2019,00:48,4cd1e76e-fc04-412e-9386-e8f0bd316d7a,Sedan,CHEV -CAR/SUV,2017.0,1.0,M,Licensed,Going Straight Ahead,Center Back End,Center Back End,,,,N,,Unspecified,Unspecified,,,"(40.711365, -73.97897)",1.0,0.0,0,0,0,0,1,0,Station Wagon/Sport Utility Vehicle,Station Wagon/Sport Utility Vehicle,1
18524859,4071062,01/28/2019,23:38,1986d6a2-5537-4a44-ba3a-3fa36076bd75,Station Wagon/Sport Utility Vehicle,TOYT -CAR/SUV,2003.0,0.0,,,Parked,Right Rear Quarter Panel,Right Rear Bumper,Left Rear Quarter Panel,Right Rear Quarter Panel,Center Front End,N,,Other Vehicular,Passing Too Closely,BROOKLYN,11230.0,"(40.634743, -73.96494)",0.0,0.0,0,0,0,0,0,0,Station Wagon/Sport Utility Vehicle,Sedan,0
19096426,4208900,09/19/2019,07:19,d6243034-2aab-4fdb-949a-5785732071e4,Sedan,FORD -CAR/SUV,2019.0,1.0,M,Licensed,Making Left Turn,Right Side Doors,Right Rear Quarter Panel,Right Rear Quarter Panel,,,N,,Unsafe Lane Changing,Unspecified,,,"(40.809284, -73.92927)",0.0,0.0,0,0,0,0,0,0,Sedan,Sedan,0
18566649,4096662,03/14/2019,11:10,fde4aec3-828a-47de-b4f5-1d46ff9e80d0,Station Wagon/Sport Utility Vehicle,SUBA -CAR/SUV,2018.0,2.0,M,Licensed,Going Straight Ahead,Left Front Quarter Panel,Left Front Quarter Panel,Left Side Doors,Left Rear Quarter Panel,No Damage,N,,Unspecified,Unspecified,BROOKLYN,11209.0,"(40.630524, -74.02817)",0.0,0.0,0,0,0,0,0,0,Station Wagon/Sport Utility Vehicle,Sedan,0
18974938,4153052,06/15/2019,19:30,87c6cc53-bc6c-4171-9073-3474c99fcf25,Station Wagon/Sport Utility Vehicle,HOND -CAR/SUV,2011.0,0.0,M,Licensed,Parked,Left Front Bumper,Left Front Bumper,Left Front Quarter Panel,,,N,,Unspecified,Unspecified,,,"(40.861744, -73.911804)",0.0,0.0,0,0,0,0,0,0,Station Wagon/Sport Utility Vehicle,,0
18966707,4148872,06/10/2019,09:08,16b467dc-f013-4f5f-9b99-95290716a001,Sedan,INFI -CAR/SUV,2015.0,0.0,,,Parked,Left Rear Quarter Panel,Left Rear Quarter Panel,Left Side Doors,Left Front Quarter Panel,,N,,Unspecified,Unspecified,,,"(40.59399, -74.1672)",0.0,0.0,0,0,0,0,0,0,Box Truck,Sedan,0
18526047,4073474,02/02/2019,20:28,01a4f246-df8b-45ed-b304-5b766a2381e7,Sedan,TOYT -CAR/SUV,2012.0,3.0,,,Going Straight Ahead,Left Front Quarter Panel,Left Front Quarter Panel,Left Side Doors,No Damage,No Damage,N,,Unsafe Speed,Unspecified,,,"(40.605312, -73.98493)",1.0,0.0,0,0,0,0,1,0,Station Wagon/Sport Utility Vehicle,Sedan,1
18928299,4131153,05/11/2019,18:48,dd4eeba1-1b83-47d8-8978-cdf9132636c1,Sedan,TOYT -CAR/SUV,2017.0,3.0,M,Licensed,Slowing or Stopping,Center Back End,Center Back End,Right Rear Bumper,Left Rear Bumper,,N,,Unspecified,Unspecified,,,"(40.68892, -73.99915)",0.0,0.0,0,0,0,0,0,0,Sedan,Station Wagon/Sport Utility Vehicle,0
18937063,4134311,05/18/2019,11:34,da772382-0b36-41b5-bc91-153443353d51,Pick-up Truck,FORD -CAR/SUV,2016.0,2.0,M,Licensed,Backing,Center Back End,No Damage,,,,N,,Driver Inattention/Distraction,Driver Inattention/Distraction,QUEENS,11385.0,"(40.70994, -73.86641)",0.0,0.0,0,0,0,0,0,0,Station Wagon/Sport Utility Vehicle,Pick-up Truck,0
19120757,4220502,10/07/2019,20:18,b96a10a2-be9e-4ad5-90ec-886f805320b2,Sedan,TOYT -CAR/SUV,2011.0,0.0,M,Licensed,Going Straight Ahead,Center Back End,Left Rear Bumper,Center Back End,Left Rear Quarter Panel,,N,,Unspecified,Unspecified,,,"(40.7448, -73.991425)",0.0,0.0,0,0,0,0,0,0,Box Truck,Sedan,0
19168937,4242393,11/17/2019,04:19,2818b648-b8dc-4025-8f84-1fd2276ad401,Taxi,NISS -CAR/SUV,2016.0,1.0,M,Licensed,Going Straight Ahead,Center Front End,Center Front End,Left Front Bumper,Right Front Bumper,No Damage,N,,Following Too Closely,Unspecified,MANHATTAN,10013.0,"(40.71954, -74.00211)",0.0,0.0,0,0,0,0,0,0,Station Wagon/Sport Utility Vehicle,Taxi,0
19026784,4176538,07/22/2019,14:00,5a8b21d3-7f47-4b85-893b-c54183154e2a,Sedan,HOND -CAR/SUV,2002.0,0.0,,,Parked,Roof,Other,Other,,,N,,Unspecified,Unspecified,BROOKLYN,11223.0,"(40.585426, -73.97117)",0.0,0.0,0,0,0,0,0,0,Sedan,,0
19642203,4261031,12/19/2019,08:30,28d0f887-5f06-450c-b729-8a060913c913,Sedan,MERZ -CAR/SUV,2014.0,1.0,,,Going Straight Ahead,Left Front Bumper,Left Front Bumper,Left Front Quarter Panel,Center Front End,Left Front Bumper,N,,Driver Inattention/Distraction,Following Too Closely,MANHATTAN,10016.0,"(40.74788, -73.97543)",0.0,0.0,0,0,0,0,0,0,Pick-up Truck,Sedan,0
18966040,4148220,06/09/2019,14:40,37958fc3-6228-4783-857d-878c1dbd9dea,Sedan,TOYT -CAR/SUV,2003.0,2.0,M,Licensed,Starting in Traffic,Center Back End,Center Back End,,,,N,,Unspecified,Unspecified,QUEENS,11106.0,"(40.757378, -73.92691)",0.0,0.0,0,0,0,0,0,0,Station Wagon/Sport Utility Vehicle,Sedan,0
19134317,4226262,10/20/2019,17:06,2a12fb51-48e9-423b-a3a8-071cdf0a0c45,Sedan,HOND -CAR/SUV,2016.0,2.0,F,Licensed,Going Straight Ahead,Left Front Quarter Panel,Left Front Quarter Panel,No Damage,No Damage,No Damage,N,,Driver Inattention/Distraction,Unspecified,QUEENS,11377.0,"(40.75062, -73.90612)",2.0,0.0,0,0,0,0,2,0,Sedan,Sedan,1
18940852,4136876,05/21/2019,12:30,81e36be2-3e3f-4b94-a9ca-31a95de6225d,Tractor Truck Diesel,FRHT-TRUCK/BUS,2019.0,1.0,M,Licensed,Backing,No Damage,No Damage,No Damage,No Damage,No Damage,N,,Unspecified,Unspecified,MANHATTAN,10010.0,"(40.739902, -73.9908)",0.0,0.0,0,0,0,0,0,0,Sedan,Tractor Truck Diesel,0
19097533,4209228,09/19/2019,16:30,cd91b06d-66b7-4860-9a4a-68d85b462831,Station Wagon/Sport Utility Vehicle,FORD -CAR/SUV,2007.0,0.0,,,Parked,Left Side Doors,Left Side Doors,No Damage,No Damage,No Damage,N,,Unspecified,Unspecified,QUEENS,11420.0,"(40.678757, -73.81347)",3.0,0.0,0,0,0,0,3,0,Sedan,Station Wagon/Sport Utility Vehicle,1
18627229,4108991,04/04/2019,22:49,c38c974b-ffdf-46a0-9482-b0fa03187b75,Station Wagon/Sport Utility Vehicle,FORD -CAR/SUV,2017.0,1.0,M,Licensed,Going Straight Ahead,Center Back End,Center Back End,Left Rear Bumper,,,N,,Unspecified,Unspecified,,,"(40.728855, -73.92782)",1.0,0.0,0,0,0,0,1,0,Station Wagon/Sport Utility Vehicle,Station Wagon/Sport Utility Vehicle,1
19627561,4253287,11/29/2019,09:14,0291150f-d4fd-45d1-ac5d-f5ffadba5939,Sedan,CHEV -CAR/SUV,2010.0,1.0,M,Licensed,Making Left Turn,Left Front Bumper,Left Front Bumper,Left Front Quarter Panel,Center Front End,Left Side Doors,N,,Unspecified,Unspecified,,,"(40.882767, -73.88864)",0.0,0.0,0,0,0,0,0,0,Pick-up Truck,Sedan,0
18592877,4106084,03/29/2019,21:00,adae7b11-c1be-4560-8248-1ffdeae19c4f,Sedan,HYUN -CAR/SUV,2016.0,1.0,M,,Going Straight Ahead,Right Front Bumper,Right Front Bumper,,,,N,,Driver Inattention/Distraction,Passing Too Closely,MANHATTAN,10022.0,"(40.760365, -73.97377)",1.0,0.0,0,0,0,0,1,0,Sedan,Sedan,1
19099427,4210770,09/22/2019,22:36,bf2e0d12-2085-4c83-87bb-dc0313e47810,,VALUE,1987.0,0.0,,,Parked,Center Back End,No Damage,,,,N,,Unspecified,Unspecified,BROOKLYN,11237.0,"(40.708275, -73.92903)",0.0,0.0,0,0,0,0,0,0,Station Wagon/Sport Utility Vehicle,,0
18509886,4057016,01/17/2019,10:30,232282be-01ec-4d13-a870-248396c5f385,,FORD -CAR/SUV,2014.0,,,,Going Straight Ahead,Left Rear Quarter Panel,Left Rear Quarter Panel,Left Rear Bumper,No Damage,No Damage,Unspecified,,Unsafe Lane Changing,Passing Too Closely,,,"(40.83829, -73.930016)",0.0,0.0,0,0,0,0,0,0,Flat Bed,,0
18931525,4132611,05/15/2019,21:48,51c9e672-102b-4aee-8032-dc53f265628e,Sedan,HOND -CAR/SUV,2014.0,0.0,,,Parked,Center Front End,Left Front Bumper,Left Front Quarter Panel,Left Front Quarter Panel,No Damage,N,,Unspecified,Unspecified,BROOKLYN,11229.0,"(40.586517, -73.92199)",0.0,0.0,0,0,0,0,0,0,Pick-up Truck,Sedan,0
19056618,4190748,07/16/2019,19:25,9d615636-9709-4c58-bc8a-88bf206a2b13,Sedan,LEXS -CAR/SUV,2005.0,2.0,M,Licensed,Entering Parked Position,Center Front End,Center Front End,,,,N,,Driver Inattention/Distraction,Unspecified,BRONX,10475.0,"(40.885315, -73.82726)",6.0,0.0,6,0,0,0,0,0,Sedan,,1
19172614,4243975,11/19/2019,15:22,52ceeeb3-f2ce-4f1b-b933-7673ca16025a,Box Truck,ISU-TRUCK/BUS,2000.0,1.0,M,Licensed,Going Straight Ahead,Right Front Quarter Panel,No Damage,No Damage,No Damage,No Damage,N,,Unspecified,Unspecified,,,"(40.8047, -73.91243)",0.0,0.0,0,0,0,0,0,0,Bus,Box Truck,0
19063759,4193809,08/24/2019,04:28,371859d7-bab3-4dfb-b23a-73e9ad8c2f48,Sedan,TOYT -CAR/SUV,2006.0,1.0,M,Licensed,Going Straight Ahead,Center Front End,Left Front Bumper,No Damage,No Damage,No Damage,N,,Unspecified,Unspecified,,,"(40.685947, -73.80224)",0.0,0.0,0,0,0,0,0,0,Sedan,,0
18498539,4061995,01/04/2019,14:35,c99c5037-bc5b-40bf-90cb-0b2ba7a12b2e,Taxi,TOYT -CAR/SUV,2016.0,2.0,M,Licensed,Going Straight Ahead,Left Front Bumper,Center Front End,Right Front Bumper,,,N,,Unspecified,Unspecified,BROOKLYN,11208.0,"(40.66435, -73.87231)",2.0,0.0,0,0,0,0,2,0,Taxi,Station Wagon/Sport Utility Vehicle,1
18558867,4084769,02/21/2019,08:05,7f23fce9-30cf-47fd-9346-75b3a899643b,Sedan,CHEV -CAR/SUV,2008.0,1.0,M,Licensed,Backing,Center Back End,No Damage,No Damage,No Damage,No Damage,N,,Driver Inattention/Distraction,Unspecified,,,"(40.63515, -74.14068)",0.0,0.0,0,0,0,0,0,0,Sedan,Sedan,0
19638813,4247514,11/25/2019,18:00,412c3f70-6584-413c-aa4b-2ab1199cbcce,Sedan,LINC -CAR/SUV,2007.0,1.0,M,Licensed,Backing,Left Rear Bumper,Left Rear Bumper,,,,N,,Backing Unsafely,Traffic Control Disregarded,QUEENS,11374.0,"(40.728474, -73.85174)",0.0,0.0,0,0,0,0,0,0,Sedan,Sedan,0
19034441,4180696,07/31/2019,20:00,6fa09a68-e427-4c25-a8e6-79c26ea153ff,Box Truck,ISU-TRUCK/BUS,2015.0,1.0,M,Licensed,Making Right Turn,Right Front Quarter Panel,Right Front Quarter Panel,No Damage,No Damage,No Damage,N,,Passing Too Closely,Unspecified,BRONX,10457.0,"(40.846687, -73.905594)",0.0,0.0,0,0,0,0,0,0,Station Wagon/Sport Utility Vehicle,Box Truck,0
19142789,4230273,10/27/2019,08:30,4fb1e2e8-4306-431b-b35f-7c5b399f55fc,Sedan,BMW -CAR/SUV,2013.0,1.0,M,Licensed,Going Straight Ahead,Center Front End,Center Front End,,,,N,,Pavement Slippery,Unspecified,,,"(40.738842, -73.81404)",0.0,0.0,0,0,0,0,0,0,Sedan,,0
19652859,4247454,11/24/2019,04:00,9bcc8adf-e0e4-4ed6-a1c1-4ac6ce74d05f,Sedan,TOYT -CAR/SUV,2009.0,1.0,M,Licensed,Going Straight Ahead,Center Front End,Left Front Bumper,Right Front Bumper,,,N,,Pavement Slippery,Unsafe Speed,,,"(40.804993, -73.911354)",0.0,0.0,0,0,0,0,0,0,Sedan,,0
18518092,4072658,01/31/2019,14:17,b48310dc-6a4c-4456-8d6e-f3a1f32e2f00,Sedan,NISS -CAR/SUV,2004.0,1.0,M,,Going Straight Ahead,Right Front Bumper,Right Front Bumper,No Damage,No Damage,No Damage,N,,Unspecified,Unspecified,BRONX,10460.0,"(40.83887, -73.87811)",0.0,0.0,0,0,0,0,0,0,Sedan,Taxi,0
19641009,4269024,12/31/2019,08:00,9ea6238a-6ef4-417f-b8ba-b290ed74a2ab,Station Wagon/Sport Utility Vehicle,CHEV -CAR/SUV,2011.0,,,,Going Straight Ahead,Left Rear Bumper,Left Rear Bumper,No Damage,No Damage,No Damage,N,,Unspecified,Unspecified,MANHATTAN,10018.0,"(40.756527, -73.994026)",0.0,0.0,0,0,0,0,0,0,Pick-up Truck,Station Wagon/Sport Utility Vehicle,0
18985973,4157947,06/24/2019,13:00,5300896d-a933-4fd3-b8a9-a78d2fce3082,Box Truck,HINO -TRUCK/BUS,2014.0,1.0,M,Licensed,Going Straight Ahead,Left Rear Bumper,No Damage,No Damage,No Damage,No Damage,N,,Passing Too Closely,Unspecified,MANHATTAN,10022.0,"(40.75388, -73.96616)",0.0,0.0,0,0,0,0,0,0,Sedan,Box Truck,0
18947993,4142526,05/31/2019,15:34,e54e9175-b067-4f13-b3b5-433d47e302e2,Station Wagon/Sport Utility Vehicle,ACUR -CAR/SUV,2017.0,1.0,M,Licensed,Going Straight Ahead,Right Front Bumper,Right Front Bumper,No Damage,No Damage,No Damage,Unspecified,,Unspecified,Unspecified,BROOKLYN,11218.0,"(40.643894, -73.96873)",0.0,0.0,0,0,0,0,0,0,Station Wagon/Sport Utility Vehicle,,0
19115070,4200339,09/05/2019,20:30,5fc49e47-932d-48d3-9596-1b4a7d4686d2,Sedan,TOYT -CAR/SUV,2012.0,6.0,M,Licensed,Going Straight Ahead,Right Rear Bumper,Center Back End,Left Rear Bumper,No Damage,No Damage,N,,Unspecified,Unspecified,BROOKLYN,11223.0,"(40.60115, -73.97839)",2.0,0.0,0,0,0,0,2,0,Sedan,,1
18551305,4080406,02/13/2019,22:00,cad436d5-9b70-490f-9976-637b63221b28,Sedan,TOYT -CAR/SUV,2017.0,1.0,M,Licensed,Parked,Left Rear Quarter Panel,Left Rear Quarter Panel,,,,N,,Unspecified,Unspecified,,,"(40.691868, -73.863846)",0.0,0.0,0,0,0,0,0,0,Sedan,Sedan,0
18577316,4111907,04/08/2019,10:54,b388e558-bf97-44e1-8703-4cfb6bc00ff0,Sedan,BMW -CAR/SUV,2012.0,1.0,M,Licensed,Going Straight Ahead,Right Side Doors,Right Side Doors,Right Rear Bumper,,No Damage,N,,Driver Inattention/Distraction,Driver Inattention/Distraction,BRONX,10467.0,"(40.865532, -73.86238)",0.0,0.0,0,0,0,0,0,0,Sedan,Sedan,0
18533325,4096560,03/13/2019,13:30,2c31529d-c3a3-4603-84f8-97d8386bed3c,Station Wagon/Sport Utility Vehicle,hino,2006.0,0.0,M,Licensed,Parked,Left Rear Bumper,Left Rear Bumper,Left Rear Quarter Panel,,No Damage,N,,Unspecified,Unspecified,MANHATTAN,10023.0,"(40.78175, -73.98107)",0.0,0.0,0,0,0,0,0,0,Station Wagon/Sport Utility Vehicle,Station Wagon/Sport Utility Vehicle,0
19666439,4247956,11/26/2019,14:05,efe23564-d340-48ec-b502-b0becdb19602,Sedan,HOND -CAR/SUV,2017.0,1.0,M,Licensed,Making Right Turn,Right Rear Quarter Panel,Right Rear Quarter Panel,Right Side Doors,,,N,,Unspecified,Unspecified,,,"(40.689297, -73.87406)",0.0,0.0,0,0,0,0,0,0,Sedan,Station Wagon/Sport Utility Vehicle,0
18688379,4109199,04/04/2019,17:15,1f8c73a3-3181-4e6f-84eb-983fd487fe07,Station Wagon/Sport Utility Vehicle,TOYT -CAR/SUV,2017.0,1.0,M,Licensed,Going Straight Ahead,Center Back End,Center Back End,,,,N,,Unspecified,Unspecified,QUEENS,11422.0,"(40.681713, -73.72713)",1.0,0.0,0,0,0,0,1,0,Station Wagon/Sport Utility Vehicle,Station Wagon/Sport Utility Vehicle,1
18586869,4098238,03/16/2019,18:43,7d092bb9-1843-4fd1-aa7b-2c2ef1a128f9,Sedan,HOND -CAR/SUV,2018.0,0.0,,,Parked,Left Rear Bumper,Left Rear Bumper,No Damage,No Damage,No Damage,N,,Unspecified,Unspecified,BRONX,10460.0,"(40.838036, -73.8676)",0.0,0.0,0,0,0,0,0,0,Sedan,Pick-up Truck,0
18925044,4129286,05/10/2019,15:40,667811fa-6a46-4a07-969a-85591658fb1a,Sedan,NISS -CAR/SUV,2008.0,1.0,F,Licensed,Going Straight Ahead,Right Front Bumper,Right Front Bumper,,,,N,,Unspecified,Unspecified,,,,0.0,0.0,0,0,0,0,0,0,Station Wagon/Sport Utility Vehicle,Sedan,0
19091140,4206453,09/13/2019,01:40,42deab6f-1d7c-4529-8ac8-a588ca5ae898,Sedan,HYUN -CAR/SUV,2019.0,2.0,F,Licensed,Changing Lanes,Left Front Quarter Panel,Left Front Quarter Panel,,,,N,,Driver Inattention/Distraction,Unsafe Lane Changing,,,"(40.680313, -73.72879)",0.0,0.0,0,0,0,0,0,0,Convertible,Sedan,0
18900298,4117942,04/20/2019,16:00,e248d9ef-12c6-4106-8e1c-d807e7dc23b7,Sedan,TOYT -CAR/SUV,2018.0,5.0,M,Licensed,Going Straight Ahead,Right Rear Quarter Panel,Right Rear Quarter Panel,Right Rear Bumper,,,N,,Unspecified,Unspecified,,,"(40.66549, -73.92137)",1.0,0.0,0,0,0,0,1,0,Sedan,Station Wagon/Sport Utility Vehicle,1
19079086,4200558,09/05/2019,14:19,61478f7f-cda1-4869-91dd-da271662d391,Sedan,MNNI -CAR/SUV,2003.0,1.0,F,Licensed,Going Straight Ahead,Left Front Bumper,Center Front End,Right Front Bumper,,,N,,Driver Inattention/Distraction,Driver Inattention/Distraction,,,"(40.66535, -73.81695)",0.0,0.0,0,0,0,0,0,0,Sedan,,0
18546677,4097808,03/15/2019,21:15,a10d54c1-46a0-4eaf-9cde-dd0938e7ffe6,Station Wagon/Sport Utility Vehicle,TOYT -CAR/SUV,2017.0,2.0,M,Licensed,Going Straight Ahead,Right Side Doors,Right Side Doors,,,,N,,Driver Inattention/Distraction,Driver Inattention/Distraction,,,"(40.665546, -73.9537)",0.0,0.0,0,0,0,0,0,0,Station Wagon/Sport Utility Vehicle,Sedan,0
19667483,4262841,12/22/2019,00:40,7db2ee62-4fe1-43ec-b4ab-274a92f86e9a,Sedan,ACUR -CAR/SUV,1998.0,1.0,F,Licensed,Making Left Turn,Center Front End,Center Front End,Left Front Bumper,Right Front Bumper,,N,,Fell Asleep,Unspecified,BROOKLYN,11208.0,,0.0,0.0,0,0,0,0,0,0,Sedan,Station Wagon/Sport Utility Vehicle,0
19644375,4246263,11/23/2019,22:00,4bd4846d-52bb-4d45-9039-af16bb01fbc1,Station Wagon/Sport Utility Vehicle,TOYT -CAR/SUV,2015.0,1.0,M,Licensed,Going Straight Ahead,Right Front Quarter Panel,Right Front Quarter Panel,No Damage,No Damage,No Damage,Unspecified,,Unspecified,Unspecified,,,,0.0,0.0,0,0,0,0,0,0,Station Wagon/Sport Utility Vehicle,Station Wagon/Sport Utility Vehicle,0
19666958,4255281,12/10/2019,04:24,0d0af953-f9f0-4541-8b83-57db273f0e19,Station Wagon/Sport Utility Vehicle,LINC -CAR/SUV,2012.0,1.0,M,Licensed,Going Straight Ahead,Right Front Bumper,Right Front Quarter Panel,Right Side Doors,,,N,,Unspecified,Unspecified,,,"(40.64254, -73.87652)",0.0,0.0,0,0,0,0,0,0,Station Wagon/Sport Utility Vehicle,Station Wagon/Sport Utility Vehicle,0
19080847,4201868,09/08/2019,18:31,aca1be0f-9a2b-4e40-9244-13854f959db1,Station Wagon/Sport Utility Vehicle,TOYT -CAR/SUV,2012.0,2.0,M,Licensed,Going Straight Ahead,Right Rear Quarter Panel,Right Rear Quarter Panel,Right Side Doors,,,N,,Unspecified,Unspecified,BROOKLYN,11234.0,"(40.608204, -73.920715)",0.0,0.0,0,0,0,0,0,0,Station Wagon/Sport Utility Vehicle,Station Wagon/Sport Utility Vehicle,0
18513780,4079272,02/10/2019,12:00,4e883e82-0b41-450d-a50e-2660394ea803,Sedan,TOYT -CAR/SUV,2016.0,2.0,M,Licensed,Going Straight Ahead,Right Rear Quarter Panel,Right Rear Quarter Panel,Right Rear Bumper,,,N,,Failure to Yield Right-of-Way,Unspecified,,,,0.0,0.0,0,0,0,0,0,0,Sedan,Station Wagon/Sport Utility Vehicle,0
18536664,4086351,02/22/2019,23:37,b24c19f5-7e4d-44b8-83d4-ac25e89ea95c,Sedan,CHRY -CAR/SUV,2014.0,2.0,M,Licensed,Going Straight Ahead,Center Back End,Center Back End,Left Rear Bumper,Right Rear Bumper,Center Back End,N,,Unspecified,Unspecified,BROOKLYN,11212.0,"(40.667095, -73.92276)",0.0,0.0,0,0,0,0,0,0,Sedan,Sedan,0
18997742,4166026,07/04/2019,14:00,d8ecbc7d-e243-4d8f-bd02-c2164c103437,Taxi,TOYT -CAR/SUV,2015.0,1.0,M,Licensed,Stopped in Traffic,Right Front Bumper,Right Front Bumper,Center Front End,,,N,,Unspecified,Unspecified,,,"(40.63981, -73.995514)",0.0,0.0,0,0,0,0,0,0,Station Wagon/Sport Utility Vehicle,Taxi,0
19041684,4183261,08/05/2019,09:45,48d6c19c-b629-411b-a5a6-8f8598837746,Sedan,VOLK -CAR/SUV,2006.0,1.0,M,Licensed,Slowing or Stopping,Center Back End,Center Back End,,,,N,,Unspecified,Unspecified,QUEENS,11354.0,"(40.764988, -73.82067)",0.0,0.0,0,0,0,0,0,0,Sedan,Station Wagon/Sport Utility Vehicle,0