UNIQUE_ID,COLLISION_ID,CRASH_DATE,CRASH_TIME,VEHICLE_ID,VEHICLE_TYPE,VEHICLE_MAKE,VEHICLE_YEAR,VEHICLE_OCCUPANTS,DRIVER_SEX,DRIVER_LICENSE_STATUS,PRE_CRASH,POINT_OF_IMPACT,VEHICLE_DAMAGE,VEHICLE_DAMAGE_1,VEHICLE_DAMAGE_2,VEHICLE_DAMAGE_3,PUBLIC_PROPERTY_DAMAGE,PUBLIC_PROPERTY_DAMAGE_TYPE,CONTRIBUTING_FACTOR_1,CONTRIBUTING_FACTOR_2,BOROUGH,ZIP CODE,LOCATION,NUMBER OF PERSONS INJURED,NUMBER OF PERSONS KILLED,NUMBER OF PEDESTRIANS INJURED,NUMBER OF PEDESTRIANS KILLED,NUMBER OF CYCLIST INJURED,NUMBER OF CYCLIST KILLED,NUMBER OF MOTORIST INJURED,NUMBER OF MOTORIST KILLED,VEHICLE TYPE CODE 1,VEHICLE TYPE CODE 2,Severity
18906840,4121272,04/27/2019,03:36,d3e37e92-ad84-432a-a2ce-2cc8b9df03c5,Station Wagon/Sport Utility Vehicle,DODG -CAR/SUV,2006.0,0.0,,,Parked,Center Front End,Center Front End,No Damage,No Damage,No Damage,N,,Unspecified,Unspecified,BRONX,10459.0,"(40.821415, -73.88933)",0.0,0.0,0,0,0,0,0,0,Sedan,Station Wagon/Sport Utility Vehicle,0
18529910,4074667,02/04/2019,07:36,bbb64433-d176-4df1-911b-ec2b55effa6c,Station Wagon/Sport Utility Vehicle,FORD -CAR/SUV,2014.0,1.0,F,Licensed,Going Straight Ahead,Left Front Quarter Panel,Left Front Quarter Panel,Left Side Doors,Left Rear Quarter Panel,No Damage,N,,Unspecified,Unspecified,,,"(40.83425, -73.82908)",0.0,0.0,0,0,0,0,0,0,Station Wagon/Sport Utility Vehicle,Sedan,0
18902038,4118503,04/20/2019,16:50,6560a495-7d1c-4836-b423-6244ac292632,Station Wagon/Sport Utility Vehicle,MERZ -CAR/SUV,2013.0,1.0,M,Licensed,Backing,Center Back End,Center Back End,,,,N,,Unspecified,Unspecified,QUEENS,11106.0,"(40.756893, -73.93044)",1.0,0.0,1,0,0,0,0,0,Station Wagon/Sport Utility Vehicle,,1
19023806,4175058,07/22/2019,10:00,048e5090-c8eb-4620-b253-b5893ff656e1,Sedan,CHEV -CAR/SUV,2015.0,1.0,M,Licensed,Going Straight Ahead,Left Front Bumper,Left Front Bumper,Center Front End,Left Front Quarter Panel,,N,,Lost Consciousness,Unspecified,BROOKLYN,11207.0,"(40.678593, -73.896545)",1.0,0.0,0,0,0,0,1,0,Sedan,Station Wagon/Sport Utility Vehicle,1
18948762,4140845,05/28/2019,18:14,72074bc7-6f68-49ea-9c72-0008b34fa779,Sedan,TOYT -CAR/SUV,2015.0,1.0,M,Licensed,Going Straight Ahead,Right Front Bumper,Right Front Bumper,,,,Unspecified,,Driver Inattention/Distraction,Unspecified,MANHATTAN,10022.0,"(40.75895, -73.97238)",0.0,0.0,0,0,0,0,0,0,Sedan,Sedan,0
19133535,4226301,10/13/2019,18:25,7b6a1a60-418a-46de-9b1a-1e784050467e,Station Wagon/Sport Utility Vehicle,NISS -CAR/SUV,2010.0,0.0,,,Parked,Right Rear Quarter Panel,Right Rear Quarter Panel,Right Rear Bumper,Right Side Doors,,N,,Unspecified,Unspecified,QUEENS,11370.0,"(40.758236, -73.89153)",0.0,0.0,0,0,0,0,0,0,Sedan,Station Wagon/Sport Utility Vehicle,0
19497990,4243501,11/18/2019,18:43,6f7ff4ff-27d4-4801-bc21-d09950e49b0e,Station Wagon/Sport Utility Vehicle,SUBA -CAR/SUV,2015.0,1.0,M,Licensed,Slowing or Stopping,Center Back End,Center Back End,Right Rear Bumper,Left Rear Bumper,Right Rear Quarter Panel,N,,Unspecified,Unspecified,,,,2.0,0.0,0,0,0,0,2,0,Station Wagon/Sport Utility Vehicle,Station Wagon/Sport Utility Vehicle,1
18503335,4085571,02/24/2019,08:50,5420e1dd-c8c9-457a-bc0a-039ee1520a25,Pick-up Truck,RAM,2017.0,1.0,M,Licensed,Going Straight Ahead,Left Front Bumper,Left Front Bumper,Center Front End,No Damage,No Damage,N,,Following Too Closely,Pavement Slippery,QUEENS,11694.0,"(40.58392, -73.83093)",0.0,0.0,0,0,0,0,0,0,Pick-up Truck,Station Wagon/Sport Utility Vehicle,0
19109775,4215181,09/27/2019,14:40,3af84b34-29dc-4716-b551-a8b0efba09d8,Van,FORD-TRUCK/BUS,2005.0,1.0,M,Licensed,Going Straight Ahead,Right Side Doors,No Damage,,,,N,,Driver Inattention/Distraction,Unspecified,BROOKLYN,11225.0,"(40.66422, -73.951004)",1.0,0.0,0,0,1,0,0,0,Bike,Van,1
18992981,4166114,07/08/2019,00:05,375e4991-8da4-4fc6-8180-01e49e8ae3ef,Sedan,BMW -CAR/SUV,2014.0,1.0,M,Licensed,Merging,Center Back End,Left Rear Bumper,Center Back End,,,N,,Unspecified,Unspecified,,,"(40.68892, -73.99915)",0.0,0.0,0,0,0,0,0,0,Sedan,Pick-up Truck,0
19081011,4202001,09/07/2019,15:24,26c77d71-517f-43eb-99c9-e5302c601c77,Station Wagon/Sport Utility Vehicle,LEXS -CAR/SUV,2005.0,3.0,M,Licensed,Going Straight Ahead,Center Front End,Center Front End,Right Front Bumper,Left Front Bumper,,N,,Unspecified,Unspecified,BRONX,10458.0,"(40.864254, -73.88813)",0.0,0.0,0,0,0,0,0,0,Station Wagon/Sport Utility Vehicle,Station Wagon/Sport Utility Vehicle,0
19172471,4243781,11/19/2019,10:45,3ef39675-d8d5-4077-8656-a791c2b30d3e,Sedan,DODG -CAR/SUV,2017.0,1.0,F,Licensed,Making Left Turn,Right Front Bumper,Right Front Bumper,No Damage,No Damage,No Damage,N,,Following Too Closely,Unspecified,BRONX,10467.0,"(40.881073, -73.878494)",0.0,0.0,0,0,0,0,0,0,Station Wagon/Sport Utility Vehicle,Sedan,0
18590833,4108847,04/04/2019,17:30,e3272be3-aca7-49d9-9582-f779d4344c37,Sedan,NISS -CAR/SUV,2012.0,1.0,F,Licensed,Going Straight Ahead,Center Front End,Center Front End,No Damage,No Damage,No Damage,N,,Unspecified,Unspecified,,,,0.0,0.0,0,0,0,0,0,0,Sedan,Sedan,0
19159366,4232320,10/30/2019,15:00,caec353b-7fd6-4b8a-b6f1-66fd0156bcd1,Station Wagon/Sport Utility Vehicle,MERZ -CAR/SUV,2016.0,1.0,M,Licensed,Making Left Turn,Center Back End,Center Back End,,,,N,,Driver Inattention/Distraction,Unspecified,QUEENS,11434.0,"(40.65616, -73.76736)",0.0,0.0,0,0,0,0,0,0,Station Wagon/Sport Utility Vehicle,Sedan,0
18535269,4084524,02/20/2019,09:30,d3f1eb13-932c-4971-9a12-81b9e3ceb560,Station Wagon/Sport Utility Vehicle,HOND -CAR/SUV,2013.0,1.0,M,Licensed,Going Straight Ahead,Right Front Bumper,Right Front Quarter Panel,,,,N,,Passing or Lane Usage Improper,Unspecified,MANHATTAN,10011.0,"(40.74889, -74.00703)",0.0,0.0,0,0,0,0,0,0,Sedan,Station Wagon/Sport Utility Vehicle,0
19106367,4213429,09/26/2019,18:35,f590c16d-075d-452b-bc0e-c67ca759be7f,Station Wagon/Sport Utility Vehicle,MERZ -CAR/SUV,2018.0,2.0,F,Licensed,Starting in Traffic,Center Back End,Center Back End,No Damage,No Damage,No Damage,N,,Unspecified,Unspecified,,,"(40.833088, -73.91904)",3.0,0.0,0,0,0,0,3,0,Station Wagon/Sport Utility Vehicle,Taxi,1
19038309,4182167,08/03/2019,00:34,f48eb2f0-9f7a-4bf0-be6c-7187f44ca47c,Taxi,TOYT -CAR/SUV,2016.0,2.0,M,Licensed,Stopped in Traffic,Center Back End,Center Back End,Right Rear Bumper,Left Rear Bumper,No Damage,N,,Unspecified,Unspecified,BRONX,10472.0,"(40.82842, -73.86068)",0.0,0.0,0,0,0,0,0,0,Sedan,Taxi,0
18980237,4155509,06/20/2019,19:30,8cff8b7a-6b33-4c99-afe1-bd0d6e61269b,Sedan,TOYT -CAR/SUV,2017.0,1.0,M,Licensed,Going Straight Ahead,Left Front Quarter Panel,Left Side Doors,Left Rear Quarter Panel,,,N,,Unspecified,Unspecified,BROOKLYN,11238.0,"(40.68775, -73.96335)",0.0,0.0,0,0,0,0,0,0,Sedan,Station Wagon/Sport Utility Vehicle,0
18986003,4157898,06/24/2019,14:25,952fc63d-7fb2-417d-9c85-4d7c77bd4a4c,Bus,BLUI-TRUCK/BUS,2008.0,1.0,M,Licensed,Making Left Turn,Right Rear Bumper,Right Rear Bumper,,,,N,,Obstruction/Debris,Oversized Vehicle,BROOKLYN,11217.0,"(40.684685, -73.98114)",0.0,0.0,0,0,0,0,0,0,Sedan,Bus,0
18574825,4078516,02/08/2019,11:25,5b498b28-c5db-4fd7-9aa2-5cb8745d4cc9,Sedan,FORD -CAR/SUV,2011.0,1.0,M,Licensed,Stopped in Traffic,Center Back End,No Damage,No Damage,No Damage,,N,,Unspecified,Unspecified,BROOKLYN,11207.0,"(40.672447, -73.89213)",0.0,0.0,0,0,0,0,0,0,Station Wagon/Sport Utility Vehicle,Sedan,0
18496166,4066430,01/07/2019,20:10,f4f9962f-e77a-4b46-be9f-a75390753860,Bus,NOVA,1999.0,1.0,M,Licensed,Making Right Turn,Right Side Doors,Right Side Doors,,,,N,,Reaction to Uninvolved Vehicle,Unspecified,QUEENS,11433.0,"(40.70274, -73.79842)",1.0,0.0,0,0,1,0,0,0,Bus,Bike,1
19628877,4258153,12/13/2019,15:30,21dad8b6-bbfd-44c6-b3a2-c0c060ead7a8,Station Wagon/Sport Utility Vehicle,NISS -CAR/SUV,2016.0,1.0,F,Licensed,Going Straight Ahead,Center Back End,Center Back End,,,,N,,Unspecified,Unspecified,BROOKLYN,11216.0,"(40.671787, -73.95311)",0.0,0.0,0,0,0,0,0,0,Station Wagon/Sport Utility Vehicle,Station Wagon/Sport Utility Vehicle,0
18623042,4106437,03/31/2019,11:00,bf5654c8-1889-44c1-b078-84ad850ccf37,Sedan,TOYT -CAR/SUV,2015.0,0.0,M,Licensed,Going Straight Ahead,Right Front Bumper,Right Front Bumper,,,,N,,Following Too Closely,Unspecified,QUEENS,11101.0,"(40.737537, -73.929955)",0.0,0.0,0,0,0,0,0,0,Taxi,Sedan,0
18594088,4103079,03/24/2019,17:21,f54651c6-b66b-4017-81fd-30c135d3aadd,Station Wagon/Sport Utility Vehicle,NISS -CAR/SUV,2017.0,1.0,M,Licensed,Slowing or Stopping,Center Back End,Right Rear Bumper,Left Rear Bumper,Undercarriage,,N,,Unspecified,Unspecified,,,,0.0,0.0,0,0,0,0,0,0,Station Wagon/Sport Utility Vehicle,Station Wagon/Sport Utility Vehicle,0
18537008,4081095,02/15/2019,06:30,514d5c13-ca51-42f0-9564-fa242699bcac,Station Wagon/Sport Utility Vehicle,HOND -CAR/SUV,2018.0,0.0,F,Licensed,Going Straight Ahead,Left Front Bumper,Left Front Quarter Panel,,,,N,,Driver Inattention/Distraction,Unspecified,BROOKLYN,11234.0,"(40.624104, -73.9177)",0.0,0.0,0,0,0,0,0,0,Station Wagon/Sport Utility Vehicle,,0
19469530,4246844,11/24/2019,00:50,edb31355-ca11-48f0-82b5-68d98ae3f527,Station Wagon/Sport Utility Vehicle,HOND -CAR/SUV,2009.0,6.0,M,Licensed,Going Straight Ahead,Left Rear Quarter Panel,Left Rear Quarter Panel,Right Rear Bumper,Center Front End,Center Back End,N,,Unspecified,Unspecified,BROOKLYN,11217.0,"(40.679733, -73.97432)",2.0,0.0,0,0,0,0,2,0,Station Wagon/Sport Utility Vehicle,Station Wagon/Sport Utility Vehicle,1
19047558,4186328,08/10/2019,20:55,1d6bc8f0-0870-4795-a127-20188fbb4693,Sedan,HOND -CAR/SUV,2014.0,3.0,F,Licensed,Going Straight Ahead,Right Side Doors,Right Rear Quarter Panel,No Damage,No Damage,No Damage,N,,Unspecified,Unspecified,QUEENS,11364.0,"(40.73413, -73.76452)",0.0,0.0,0,0,0,0,0,0,Sedan,Station Wagon/Sport Utility Vehicle,0
18945851,4142163,05/30/2019,06:50,5715e47b-20c6-403d-beec-191614d03186,Station Wagon/Sport Utility Vehicle,CHRY -CAR/SUV,2010.0,1.0,M,Licensed,Merging,Left Front Quarter Panel,Left Front Quarter Panel,No Damage,No Damage,No Damage,N,,Failure to Yield Right-of-Way,Unspecified,MANHATTAN,10001.0,"(40.75044, -73.9893)",0.0,0.0,0,0,0,0,0,0,Sedan,Station Wagon/Sport Utility Vehicle,0
19629745,4257791,12/13/2019,18:16,1efabca6-22cb-4dcb-9387-e1d29ad4b2d9,Pick-up Truck,FORD -CAR/SUV,2018.0,1.0,M,Licensed,Going Straight Ahead,Right Front Bumper,Right Front Bumper,No Damage,No Damage,No Damage,N,,Unspecified,Unspecified,BRONX,10463.0,"(40.882328, -73.891655)",0.0,0.0,0,0,0,0,0,0,Sedan,Pick-up Truck,0
18933565,4133333,05/16/2019,09:20,a1f67793-b206-41e4-93c1-3596436f8f15,Dump,FORD-TRUCK/BUS,2013.0,1.0,M,Licensed,Backing,Center Back End,No Damage,No Damage,No Damage,No Damage,N,,Backing Unsafely,Unspecified,MANHATTAN,10009.0,"(40.722065, -73.97591)",0.0,0.0,0,0,0,0,0,0,Dump,Taxi,0
19624238,4262578,12/22/2019,07:00,4f3c5331-3bd4-4ab4-9b47-89fe5566082a,Sedan,FORD -CAR/SUV,2014.0,4.0,M,Licensed,Going Straight Ahead,Center Front End,Left Front Bumper,Center Front End,Right Front Bumper,,N,,Failure to Yield Right-of-Way,Unspecified,STATEN ISLAND,10301.0,"(40.616413, -74.103516)",2.0,0.0,0,0,0,0,2,0,Sedan,Station Wagon/Sport Utility Vehicle,1
18984067,4156985,06/23/2019,13:30,62549c49-28d9-4938-9ab1-98c3a86320ce,Sedan,NISS -CAR/SUV,2016.0,0.0,,,Parked,Center Front End,Center Front End,No Damage,No Damage,No Damage,N,,Unspecified,Unspecified,MANHATTAN,10001.0,"(40.746548, -73.991714)",0.0,0.0,0,0,0,0,0,0,Sedan,Sedan,0
18577202,4090645,03/03/2019,18:17,10e1b95d-090c-4177-b9bc-ef709f1e1e79,Station Wagon/Sport Utility Vehicle,TOYT -CAR/SUV,1998.0,1.0,M,Licensed,Going Straight Ahead,Left Front Bumper,Left Front Bumper,Left Front Quarter Panel,No Damage,No Damage,N,,Unspecified,Unspecified,BRONX,10466.0,"(40.893665, -73.86063)",0.0,0.0,0,0,0,0,0,0,Station Wagon/Sport Utility Vehicle,Station Wagon/Sport Utility Vehicle,0
18613889,4091564,03/04/2019,15:48,0aeb859b-b7f5-47c1-a335-fbba0646546a,Sedan,HYUN -CAR/SUV,2016.0,3.0,,,Parked,Left Side Doors,Left Side Doors,No Damage,No Damage,No Damage,N,,Unspecified,Unspecified,BROOKLYN,11208.0,"(40.680733, -73.87253)",0.0,0.0,0,0,0,0,0,0,Sedan,Pick-up Truck,0
18936485,4134926,05/19/2019,09:15,542c6b4a-0f53-4ceb-8579-f4928156095a,Station Wagon/Sport Utility Vehicle,CHEV -CAR/SUV,2011.0,1,M,Licensed,Going Straight Ahead,Center Front End,No Damage,,,,Unspecified,,Driver Inattention/Distraction,Unspecified,BROOKLYN,11223.0,"(40.598793, -73.96318)",0.0,0.0,0,0,0,0,0,0,Station Wagon/Sport Utility Vehicle,Station Wagon/Sport Utility Vehicle,0
19132344,4225762,10/19/2019,13:40,30fbaea6-a02b-4088-b56d-6eecfb2d15ce,Sedan,HYUN -CAR/SUV,2006.0,1,M,Licensed,Slowing or Stopping,Center Front End,Center Front End,Left Front Bumper,Right Front Bumper,,N,,Driver Inattention/Distraction,Following Too Closely,,,"(40.767418, -73.7906)",0.0,0.0,0,0,0,0,0,0,Station Wagon/Sport Utility Vehicle,Sedan,0
18493910,4062637,01/04/2019,08:00,b308ab49-adc7-4917-8cde-dcea5f1acf8d,Station Wagon/Sport Utility Vehicle,LINC -CAR/SUV,2013.0,0,,,Parked,Left Front Quarter Panel,Left Front Bumper,No Damage,No Damage,No Damage,N,,Unspecified,Unspecified,,,"(40.766777, -73.89404)",0.0,0.0,0,0,0,0,0,0,Station Wagon/Sport Utility Vehicle,Pick-up Truck,0
19169709,4242796,11/16/2019,22:28,0c7452a7-795e-4516-946c-0f5362a3b293,Sedan,VOLK -CAR/SUV,2017.0,1,M,Licensed,Merging,Left Front Quarter Panel,Left Side Doors,,,,N,,Unspecified,Unspecified,,,,0.0,0.0,0,0,0,0,0,0,Sedan,Sedan,0
19667351,4261489,12/19/2019,09:45,359cdb5f-15ba-41c7-8fc4-c8448730372d,Sedan,HYUN -CAR/SUV,2011.0,1,M,Licensed,Stopped in Traffic,Center Back End,Center Back End,No Damage,No Damage,No Damage,N,,Unspecified,Unspecified,BROOKLYN,11207.0,"(40.65906, -73.88459)",2.0,0.0,0,0,0,0,2,0,Sedan,Sedan,1
19039052,4182988,07/15/2019,09:00,bfaba44d-1ad0-46ef-a8bf-a2eba811a9c6,Sedan,NISS -CAR/SUV,2017.0,0,F,Licensed,Parked,Right Front Quarter Panel,Right Front Quarter Panel,Right Front Bumper,No Damage,No Damage,N,,Unspecified,Unspecified,BROOKLYN,11224.0,"(40.578735, -74.00031)",0.0,0.0,0,0,0,0,0,0,Sedan,,0
19133574,4226016,10/19/2019,22:14,67faaa1d-7537-43e5-8665-469be5a203b9,Sedan,NISS -CAR/SUV,2016.0,2,M,Licensed,Slowing or Stopping,Center Back End,Center Back End,Right Rear Bumper,Left Rear Bumper,No Damage,N,,Unspecified,Unspecified,,,"(40.84497, -73.9092)",2.0,0.0,0,0,0,0,2,0,Sedan,Sedan,1
19000331,4161158,06/28/2019,19:30,1e153c8f-0a14-450c-85b7-8116eccbd919,Sedan,LINC -CAR/SUV,2007.0,2,M,Licensed,Making Left Turn,Right Front Bumper,Right Front Bumper,Right Front Quarter Panel,,,N,,Unspecified,Unspecified,,,"(40.809563, -73.92923)",0.0,0.0,0,0,0,0,0,0,Station Wagon/Sport Utility Vehicle,Sedan,0
18555104,4091056,03/04/2019,18:10,a98c250a-88e2-4b66-8bef-a59ffaf47013,Station Wagon/Sport Utility Vehicle,NISS -CAR/SUV,2014.0,2,F,Licensed,Going Straight Ahead,Right Rear Quarter Panel,Right Rear Quarter Panel,Right Side Doors,,,N,,Unspecified,Unspecified,BROOKLYN,11228.0,"(40.62129, -74.02006)",0.0,0.0,0,0,0,0,0,0,Station Wagon/Sport Utility Vehicle,Sedan,0
18488712,4112761,04/11/2019,10:01,3eaa83cd-6093-4113-96d1-9b11fe9baf10,Sedan,HOND -CAR/SUV,2013.0,1,F,Licensed,Going Straight Ahead,Left Side Doors,Left Front Quarter Panel,Left Front Bumper,Left Rear Quarter Panel,,N,,Unspecified,Unspecified,QUEENS,11102.0,"(40.771484, -73.929405)",0.0,0.0,0,0,0,0,0,0,Sedan,Station Wagon/Sport Utility Vehicle,0
18935349,4134275,05/19/2019,04:45,f0be1972-1498-4729-8721-1e47e9d82103,Sedan,HOND -CAR/SUV,2017.0,1,M,Licensed,Going Straight Ahead,Center Front End,Center Front End,No Damage,No Damage,No Damage,N,,Fatigued/Drowsy,Unspecified,,,"(40.81231, -73.91648)",0.0,0.0,0,0,0,0,0,0,Sedan,Sedan,0
19126490,4223299,10/14/2019,16:15,c7500c49-b794-48e6-ae8f-db517020d442,Station Wagon/Sport Utility Vehicle,CHEV -CAR/SUV,2017.0,1,M,Licensed,Going Straight Ahead,No Damage,No Damage,No Damage,No Damage,No Damage,N,,Unspecified,Unspecified,BRONX,10453.0,"(40.85834, -73.90612)",0.0,0.0,0,0,0,0,0,0,Station Wagon/Sport Utility Vehicle,Sedan,0
19103350,4212241,09/23/2019,16:21,75ab5fad-0c41-40fe-b98a-64d4ee459560,Station Wagon/Sport Utility Vehicle,NISS -CAR/SUV,2007.0,2,M,Licensed,Going Straight Ahead,Right Front Bumper,Right Front Bumper,Center Front End,,,N,,Alcohol Involvement,Following Too Closely,,,"(40.68665, -73.91315)",0.0,0.0,0,0,0,0,0,0,Station Wagon/Sport Utility Vehicle,Station Wagon/Sport Utility Vehicle,0
19155316,4235759,11/04/2019,14:30,6a86398f-03a3-4644-a3cb-3b2d0ef0db08,Station Wagon/Sport Utility Vehicle,JEEP -CAR/SUV,2017.0,1,F,Licensed,Going Straight Ahead,Center Front End,Center Front End,,,,N,,Driver Inattention/Distraction,Following Too Closely,,,"(40.739574, -73.79167)",0.0,0.0,0,0,0,0,0,0,Station Wagon/Sport Utility Vehicle,Station Wagon/Sport Utility Vehicle,0
19057697,4191439,08/18/2019,13:40,4ff23dd3-5f2c-4ac3-96db-b286430c402c,Sedan,MITS -CAR/SUV,2007.0,3,M,Licensed,Going Straight Ahead,Center Back End,Center Back End,Left Rear Bumper,Right Rear Bumper,,N,,Unspecified,Unspecified,BROOKLYN,11234.0,"(40.629368, -73.88477)",0.0,0.0,0,0,0,0,0,0,Sedan,Station Wagon/Sport Utility Vehicle,0
19152511,4234745,11/03/2019,04:05,97e2f810-0801-4176-8c02-5bcd36ab52ef,Sedan,MERZ -CAR/SUV,2007.0,2,M,Licensed,Going Straight Ahead,Left Front Bumper,Left Front Bumper,Left Front Quarter Panel,Center Front End,No Damage,N,,Unspecified,Unspecified,,,"(40.88471, -73.83131)",0.0,0.0,0,0,0,0,0,0,Sedan,Station Wagon/Sport Utility Vehicle,0
18522591,4075123,02/04/2019,00:00,381c59f4-ad7b-4bb3-b3c3-ad3d3d2163ec,Sedan,HOND -CAR/SUV,2010.0,2,M,Unlicensed,Going Straight Ahead,Left Front Bumper,Left Front Bumper,Center Front End,Right Front Bumper,,N,,Unspecified,Unspecified,BRONX,10453.0,"(40.851807, -73.90683)",0.0,0.0,0,0,0,0,0,0,Sedan,Sedan,0
19011460,4169910,07/14/2019,10:50,58824091-263f-4513-a67d-200b82e12533,Sedan,CHEV -CAR/SUV,2009.0,1,M,Licensed,Making Left Turn,Right Front Bumper,Right Front Bumper,Center Front End,Left Front Bumper,Right Front Quarter Panel,N,,Failure to Yield Right-of-Way,Unspecified,,,"(40.817844, -73.94185)",1.0,0.0,0,0,0,0,1,0,Sedan,Sedan,1
18891837,4113668,04/13/2019,06:00,fe9bd011-f83a-40a0-983a-9cfc09e85e57,Station Wagon/Sport Utility Vehicle,DODG -CAR/SUV,2002.0,1,M,Licensed,Going Straight Ahead,Left Front Quarter Panel,Left Front Quarter Panel,,,,N,,Reaction to Uninvolved Vehicle,Pavement Slippery,,,,0.0,0.0,0,0,0,0,0,0,Station Wagon/Sport Utility Vehicle,Station Wagon/Sport Utility Vehicle,0
18550771,4087862,02/26/2019,15:56,21200b7b-3ea1-402c-bd17-7f4101e2210d,Sedan,CHEV -CAR/SUV,2018.0,1,F,Licensed,Stopped in Traffic,Center Back End,Center Back End,,,,N,,Unspecified,Unspecified,,,,1.0,0.0,0,0,0,0,1,0,Sedan,Sedan,1
18963304,4147378,06/08/2019,17:15,87259f44-1054-4d73-8fcb-4629928ec3d5,Station Wagon/Sport Utility Vehicle,NISS -CAR/SUV,2011.0,,,,Going Straight Ahead,Center Front End,Center Front End,,,,N,,Driver Inattention/Distraction,Unspecified,,,,0.0,0.0,0,0,0,0,0,0,Station Wagon/Sport Utility Vehicle,Station Wagon/Sport Utility Vehicle,0
18509279,4066432,01/13/2019,22:45,8ea2c405-370d-44f6-86e4-20363ea84cc7,Sedan,TOYT -CAR/SUV,2018.0,0,M,Licensed,Changing Lanes,Center Front End,Center Front End,Left Front Bumper,,,N,,Unsafe Lane Changing,Unspecified,MANHATTAN,10128.0,"(40.782314, -73.94851)",0.0,0.0,0,0,0,0,0,0,Sedan,Sedan,0
19060660,4192209,08/20/2019,22:53,eac699b9-91ab-47c7-873b-9d4647ed1ea0,Sedan,ACUR -CAR/SUV,2008.0,1,M,Licensed,Going Straight Ahead,Center Front End,Center Back End,Left Rear Bumper,Right Rear Bumper,No Damage,N,,Unspecified,Unspecified,,,"(40.851658, -73.921394)",0.0,0.0,0,0,0,0,0,0,Sedan,Sedan,0
18975236,4152607,06/16/2019,19:44,c4d07f83-662a-4c9d-be8b-3fc3e1c618af,Sedan,NISS -CAR/SUV,2005.0,1,M,Licensed,Starting from Parking,Left Rear Quarter Panel,Left Rear Quarter Panel,,,,N,,Driver Inattention/Distraction,Turning Improperly,QUEENS,11373.0,"(40.746834, -73.87151)",0.0,0.0,0,0,0,0,0,0,Sedan,Sedan,0
18517393,4070549,01/28/2019,09:19,4acb009c-ee07-4578-867a-11a4d4244cac,Station Wagon/Sport Utility Vehicle,LEXS -CAR/SUV,2017.0,,,,,,,,,,Unspecified,,,,BROOKLYN,11235.0,"(40.588627, -73.94832)",0.0,0.0,0,0,0,0,0,0,Station Wagon/Sport Utility Vehicle,Station Wagon/Sport Utility Vehicle,0
18506012,4057716,01/19/2019,00:00,5150afee-590c-4b43-9edc-86ec3ef569a5,,NISS -CAR/SUV,2018.0,1,,,Going Straight Ahead,Center Front End,Center Front End,,,,N,,Following Too Closely,Unspecified,,,"(40.699814, -73.93236)",1.0,0.0,0,0,0,0,1,0,Sedan,,1
19099261,4205981,09/13/2019,13:40,9d29a664-c355-437b-9522-4a7ced2af0a7,Sedan,KIA -CAR/SUV,2006.0,1,M,Licensed,Going Straight Ahead,Center Front End,Center Front End,,,,N,,Following Too Closely,Unspecified,,,"(40.711864, -73.955536)",1.0,0.0,0,0,0,0,1,0,Sedan,Sedan,1
18576686,4076154,02/06/2019,20:17,32e44125-ea18-4a50-a6a8-4151d40bf294,Sedan,MERZ -CAR/SUV,2017.0,1,F,Licensed,Going Straight Ahead,Center Back End,Center Back End,,,,Unspecified,,Unspecified,Unspecified,,,"(40.69078, -73.72728)",0.0,0.0,0,0,0,0,0,0,Station Wagon/Sport Utility Vehicle,Sedan,0
19057447,4191290,08/10/2019,13:00,42c5aebb-b519-4346-8d34-7c88c6f0baff,Station Wagon/Sport Utility Vehicle,HOND -CAR/SUV,2011.0,0,,,Parked,Center Back End,Center Back End,Right Rear Bumper,,,N,,Unspecified,Unspecified,BROOKLYN,11206.0,"(40.696896, -73.93609)",0.0,0.0,0,0,0,0,0,0,Dump,Station Wagon/Sport Utility Vehicle,0
18388392,4077720,02/10/2019,01:39,1d54c774-82b1-4616-ac12-2ee9cdf3abfc,Sedan,HOND -CAR/SUV,2013.0,2,F,Licensed,Going Straight Ahead,Center Front End,Center Front End,Left Front Bumper,Right Front Bumper,No Damage,N,,Driver Inattention/Distraction,Following Too Closely,MANHATTAN,10014.0,"(40.727875, -74.00543)",2.0,0.0,0,0,0,0,2,0,Sedan,Sedan,1
18549510,4101151,03/21/2019,08:48,664c0da3-ddba-4c90-9751-9c79239b51d6,Sedan,LEXS -CAR/SUV,2014.0,1,M,Licensed,Slowing or Stopping,Center Back End,Left Rear Quarter Panel,,,,N,,Unspecified,Unspecified,,,,0.0,0.0,0,0,0,0,0,0,Sedan,,0
18937184,4134558,05/19/2019,15:00,5c2c63d1-8a87-4c5f-9652-05f9d969f7c5,Station Wagon/Sport Utility Vehicle,JEEP -CAR/SUV,2019.0,1,M,Unlicensed,Going Straight Ahead,Center Front End,Center Front End,,,,N,,Following Too Closely,Unspecified,QUEENS,11420.0,"(40.666855, -73.80425)",0.0,0.0,0,0,0,0,0,0,Station Wagon/Sport Utility Vehicle,Station Wagon/Sport Utility Vehicle,0
18990360,4160096,06/26/2019,18:17,7ad67ca3-12db-4a51-b5cd-5c84e1d306be,Sedan,NISS -CAR/SUV,2015.0,1,F,Licensed,Stopped in Traffic,Right Rear Quarter Panel,Right Rear Quarter Panel,No Damage,No Damage,No Damage,N,,Unspecified,Unspecified,BROOKLYN,11205.0,"(40.693115, -73.96926)",1.0,0.0,0,0,0,0,1,0,Motorcycle,Sedan,1