UNIQUE_ID,COLLISION_ID,CRASH_DATE,CRASH_TIME,VEHICLE_ID,VEHICLE_TYPE,VEHICLE_MAKE,VEHICLE_YEAR,VEHICLE_OCCUPANTS,DRIVER_SEX,DRIVER_LICENSE_STATUS,PRE_CRASH,POINT_OF_IMPACT,VEHICLE_DAMAGE,VEHICLE_DAMAGE_1,VEHICLE_DAMAGE_2,VEHICLE_DAMAGE_3,PUBLIC_PROPERTY_DAMAGE,PUBLIC_PROPERTY_DAMAGE_TYPE,CONTRIBUTING_FACTOR_1,CONTRIBUTING_FACTOR_2,BOROUGH,ZIP CODE,LOCATION,NUMBER OF PERSONS INJURED,NUMBER OF PERSONS KILLED,NUMBER OF PEDESTRIANS INJURED,NUMBER OF PEDESTRIANS KILLED,NUMBER OF CYCLIST INJURED,NUMBER OF CYCLIST KILLED,NUMBER OF MOTORIST INJURED,NUMBER OF MOTORIST KILLED,VEHICLE TYPE CODE 1,VEHICLE TYPE CODE 2,Severity
18584545,4108188,04/03/2019,12:00,dcce6fcd-f161-42e5-bfcb-988f195f4f80,Sedan,DODG -CAR/SUV,2003.0,1,M,Licensed,Going Straight Ahead,Center Front End,Center Front End,Left Front Bumper,Right Front Bumper,,N,,Following Too Closely,Unspecified,BROOKLYN,11201.0,"(40.68993, -73.98148)",0.0,0.0,0,0,0,0,0,0,Sedan,Van,0
18550301,4081508,02/15/2019,21:40,a12ff6b0-a7a5-4c43-ab42-129711f463d6,Sedan,NISS -CAR/SUV,2015.0,1,F,Licensed,Going Straight Ahead,Left Rear Bumper,Left Rear Quarter Panel,,,,N,,Reaction to Uninvolved Vehicle,Unspecified,,,"(40.702614, -73.96058)",0.0,0.0,0,0,0,0,0,0,Sedan,Sedan,0
18496117,4063370,01/07/2019,16:00,267e4f28-1edc-4eef-a49f-7a7d938fd9b3,Sedan,HYUN -CAR/SUV,2006.0,1,F,Licensed,Going Straight Ahead,Right Front Bumper,Right Front Bumper,Right Front Quarter Panel,,,N,,Driver Inattention/Distraction,Unspecified,BROOKLYN,11229.0,"(40.595093, -73.95454)",0.0,0.0,0,0,0,0,0,0,Sedan,Station Wagon/Sport Utility Vehicle,0
18977549,4153697,06/17/2019,06:45,fec0c8c0-a882-4dd4-9927-a76429fb4904,Sedan,HOND -CAR/SUV,2016.0,1,F,Licensed,Going Straight Ahead,Center Front End,Center Front End,Left Front Bumper,Right Front Bumper,,N,,Unspecified,Unspecified,,,"(40.607685, -74.13892)",0.0,0.0,0,0,0,0,0,0,Pick-up Truck,Sedan,0
19145113,4231550,10/29/2019,05:10,ba0fbaa5-2291-4909-9578-c937e64f81e7,Sedan,JEEP -CAR/SUV,1989.0,0,M,Licensed,Going Straight Ahead,Right Front Bumper,Right Front Bumper,No Damage,No Damage,No Damage,N,,Unspecified,Unspecified,QUEENS,11374.0,,0.0,0.0,0,0,0,0,0,0,Sedan,,0
19043407,4184365,08/06/2019,09:40,4febb27f-b9fc-4b3d-9f20-4cb4b7ed572a,Bus,ORION,2009.0,1,M,Licensed,Parked,Left Rear Bumper,No Damage,No Damage,No Damage,No Damage,N,,Unspecified,Unspecified,BROOKLYN,11226.0,"(40.655544, -73.956345)",0.0,0.0,0,0,0,0,0,0,Bus,Sedan,0
19090346,4206316,09/15/2019,06:30,17c0bead-0af0-4dba-8849-93abf4d41813,Station Wagon/Sport Utility Vehicle,TOYT -CAR/SUV,2018.0,1,M,Licensed,Changing Lanes,Right Front Bumper,Right Front Bumper,Left Front Quarter Panel,Left Side Doors,Left Rear Quarter Panel,N,,Fatigued/Drowsy,Unsafe Lane Changing,,,"(40.886127, -73.81532)",1.0,0.0,0,0,0,0,1,0,Sedan,Station Wagon/Sport Utility Vehicle,1
19087794,4205075,09/13/2019,10:54,6601f6e3-3ab2-4e1b-8424-601b4a38f41b,Pick-up Truck,FORD -CAR/SUV,2019.0,1,F,Licensed,Entering Parked Position,Right Front Bumper,Right Front Bumper,Right Front Quarter Panel,No Damage,No Damage,N,,Passing or Lane Usage Improper,Unspecified,MANHATTAN,10011.0,"(40.74087, -73.99564)",0.0,0.0,0,0,0,0,0,0,Sedan,Pick-up Truck,0
19155614,4236558,10/23/2019,22:43,dd3419a2-fb0a-4068-b7e6-50a703aa8e74,Sedan,TOYT -CAR/SUV,2013.0,1,F,Licensed,Merging,Left Front Bumper,Left Front Bumper,,,,N,,Passing Too Closely,Unspecified,,,,0.0,0.0,0,0,0,0,0,0,Taxi,Sedan,0
19124576,4222508,10/11/2019,14:54,f545aa45-c13b-4cd0-8f7f-54b0760db31d,Sedan,TOYT -CAR/SUV,2015.0,1,M,Licensed,Parked,Left Rear Bumper,Left Rear Bumper,,,,N,,Unspecified,Unspecified,MANHATTAN,10032.0,"(40.84115, -73.942696)",0.0,0.0,0,0,0,0,0,0,Van,Sedan,0
18980471,4155027,06/18/2019,01:39,35afeaf9-df09-483a-91ea-4baf0b55030f,Sedan,HOND -CAR/SUV,,0,,,Parked,Center Front End,Center Front End,Center Front End,Center Front End,Center Front End,Unspecified,,Unspecified,Unspecified,BROOKLYN,11212.0,"(40.666046, -73.91762)",0.0,0.0,0,0,0,0,0,0,Sedan,Sedan,0
19087272,4187712,08/12/2019,21:20,7a58f52f-ea48-4e4a-8151-c1f90009dfda,Station Wagon/Sport Utility Vehicle,NE\FL (MTA BUS),2019.0,1,M,Licensed,Going Straight Ahead,Left Front Bumper,Left Front Quarter Panel,,,,Unspecified,,Unspecified,Unspecified,QUEENS,11422.0,"(40.665558, -73.72985)",0.0,0.0,0,0,0,0,0,0,Sedan,Station Wagon/Sport Utility Vehicle,0
18907067,4121084,04/26/2019,14:30,d7c39ea1-7b01-421e-91ed-b1215cec38fb,Box Truck,GMC-TRUCK/BUS,2000.0,1,M,Licensed,Going Straight Ahead,Left Rear Quarter Panel,Left Rear Quarter Panel,No Damage,No Damage,No Damage,N,,Unspecified,Unspecified,MANHATTAN,10018.0,"(40.75172, -73.98835)",0.0,0.0,0,0,0,0,0,0,Sedan,Box Truck,0
18599884,4080750,02/14/2019,14:10,1021560a-9e3d-44da-9775-2bcd60fbf038,Station Wagon/Sport Utility Vehicle,SUBA -CAR/SUV,2015.0,1,F,Licensed,Going Straight Ahead,Left Front Quarter Panel,Left Front Quarter Panel,Left Side Doors,,,N,,Unspecified,Unspecified,QUEENS,11355.0,"(40.752316, -73.8324)",0.0,0.0,0,0,0,0,0,0,Station Wagon/Sport Utility Vehicle,Sedan,0
18610994,4102912,03/24/2019,18:00,deb03067-3ea5-4da5-b889-9118b53f8d0a,Sedan,JEEP -CAR/SUV,,0,,,Parked,Center Front End,Center Front End,Right Front Bumper,Left Front Bumper,,N,,Unspecified,Unspecified,QUEENS,11420.0,"(40.67044, -73.82191)",0.0,0.0,0,0,0,0,0,0,Station Wagon/Sport Utility Vehicle,Sedan,0
18558919,4091760,03/05/2019,17:24,4ec6d281-f2e5-4f79-a1d5-d963ba1baa5d,Sedan,TOYT -CAR/SUV,2013.0,1,F,Licensed,Entering Parked Position,Left Front Bumper,Center Front End,No Damage,No Damage,No Damage,N,,Pavement Slippery,Unspecified,BROOKLYN,11229.0,"(40.59293, -73.95434)",0.0,0.0,0,0,0,0,0,0,Sedan,Sedan,0
18564378,4090406,02/28/2019,14:20,6cf0078f-25fb-4a11-b9d0-7eb413089da0,Station Wagon/Sport Utility Vehicle,HOND -CAR/SUV,2008.0,1,F,Licensed,Going Straight Ahead,Right Front Quarter Panel,Right Front Bumper,No Damage,No Damage,No Damage,N,,Traffic Control Disregarded,Unspecified,BROOKLYN,11211.0,"(40.709717, -73.95237)",0.0,0.0,0,0,0,0,0,0,Sedan,Station Wagon/Sport Utility Vehicle,0
19147222,4219963,10/08/2019,07:15,cfa7baa1-196a-411a-b09b-8aeb5e3215f3,Station Wagon/Sport Utility Vehicle,NISS -CAR/SUV,2010.0,1,M,Licensed,Going Straight Ahead,Center Back End,Center Back End,Left Rear Bumper,Right Rear Bumper,,N,,Reaction to Uninvolved Vehicle,Unspecified,,,"(40.747974, -73.75999)",0.0,0.0,0,0,0,0,0,0,Station Wagon/Sport Utility Vehicle,Station Wagon/Sport Utility Vehicle,0
19109913,4215167,09/29/2019,18:50,9eab6059-e76a-4f1b-a520-b7f66d5e0cef,Sedan,HYUN -CAR/SUV,2012.0,1,F,Licensed,Parked,Left Side Doors,Left Side Doors,No Damage,,,N,,Other Vehicular,Other Vehicular,,,"(40.6915, -73.90956)",0.0,0.0,0,0,0,0,0,0,Sedan,,0
18621760,4112419,04/10/2019,18:30,7a1e795c-b73c-4579-8ca0-37ca812f7a32,Sedan,CHEV -CAR/SUV,2017.0,2,F,Licensed,Going Straight Ahead,Right Front Quarter Panel,Right Front Quarter Panel,Right Side Doors,,,N,,Unspecified,Unspecified,,,"(40.76879, -73.7747)",0.0,0.0,0,0,0,0,0,0,Sedan,Station Wagon/Sport Utility Vehicle,0
19153408,4228153,10/22/2019,22:30,097fb076-36ae-4856-84f9-472b617ff719,,HOND -CAR/SUV,2012.0,,,,,,,,,,Unspecified,,,,BRONX,10453.0,"(40.852146, -73.91741)",0.0,0.0,0,0,0,0,0,0,Station Wagon/Sport Utility Vehicle,,0
19661620,4256613,12/11/2019,19:22,ad6fbdf7-c957-4123-bed2-3fab0ce0b3e7,Station Wagon/Sport Utility Vehicle,FORD -CAR/SUV,2019.0,1,M,Licensed,Going Straight Ahead,Right Front Bumper,Right Front Bumper,Right Front Quarter Panel,,,N,,Driver Inattention/Distraction,Driver Inattention/Distraction,QUEENS,11420.0,"(40.68275, -73.82043)",0.0,0.0,0,0,0,0,0,0,Sedan,Station Wagon/Sport Utility Vehicle,0
18504404,4065818,01/10/2019,10:15,7a273a8e-9ec6-483a-82b5-84ef44c60ad4,Station Wagon/Sport Utility Vehicle,NISS -CAR/SUV,2012.0,1,M,Licensed,Going Straight Ahead,Left Front Quarter Panel,Left Front Quarter Panel,,,,Unspecified,,Unspecified,Unspecified,QUEENS,11385.0,"(40.70261, -73.87257)",0.0,0.0,0,0,0,0,0,0,Station Wagon/Sport Utility Vehicle,Station Wagon/Sport Utility Vehicle,0
19044341,4184401,08/02/2019,07:45,0231e05e-f400-4031-b1f0-a8313c645d2b,Station Wagon/Sport Utility Vehicle,FORD -CAR/SUV,2015.0,2,M,Licensed,Going Straight Ahead,Left Front Bumper,Left Front Bumper,Left Front Quarter Panel,,,N,,Unspecified,Unspecified,,,"(40.734997, -73.90992)",0.0,0.0,0,0,0,0,0,0,Taxi,Station Wagon/Sport Utility Vehicle,0
19666874,4255410,12/08/2019,18:30,5662c765-3544-401e-ba3c-91560a813005,Station Wagon/Sport Utility Vehicle,TOYT -CAR/SUV,2018.0,1,M,Licensed,Going Straight Ahead,Right Front Quarter Panel,Right Front Quarter Panel,Right Front Bumper,No Damage,No Damage,N,,Unspecified,Unspecified,BROOKLYN,11208.0,"(40.67312, -73.878654)",1.0,0.0,0,0,0,0,1,0,Station Wagon/Sport Utility Vehicle,Station Wagon/Sport Utility Vehicle,1
19154831,4235964,11/04/2019,08:45,5775d4f9-db4d-4a8b-86d8-8afa9bb3112b,Station Wagon/Sport Utility Vehicle,BMW -CAR/SUV,2016.0,2,M,Licensed,Stopped in Traffic,Left Rear Bumper,Left Rear Bumper,Left Rear Quarter Panel,,,N,,Unspecified,Unspecified,,,,0.0,0.0,0,0,0,0,0,0,Station Wagon/Sport Utility Vehicle,Station Wagon/Sport Utility Vehicle,0
19032591,4179351,07/22/2019,03:34,e747de1f-8733-490d-ba5a-e0240a7b81ea,Dump,FRHT-TRUCK/BUS,2011.0,1,,,,Other,Other,,,,N,,Unspecified,Unspecified,QUEENS,11377.0,"(40.743454, -73.91484)",0.0,0.0,0,0,0,0,0,0,Station Wagon/Sport Utility Vehicle,Dump,0
19134423,4226353,10/20/2019,15:50,32a5eaf9-63bf-4af1-8e4d-4c936661f769,Sedan,NISS -CAR/SUV,1999.0,2,F,Licensed,Going Straight Ahead,Center Front End,Right Front Bumper,,,,N,,Failure to Yield Right-of-Way,Unspecified,BROOKLYN,11207.0,"(40.661137, -73.89699)",0.0,0.0,0,0,0,0,0,0,Sedan,Sedan,0
19032487,4179230,07/29/2019,13:22,75336522-efd6-4d5c-8064-20b6856be7d4,Sedan,HOND -CAR/SUV,2018.0,5,M,Licensed,Going Straight Ahead,Right Side Doors,Right Side Doors,Left Front Bumper,No Damage,No Damage,N,,Unspecified,Unspecified,,,"(40.834522, -73.86186)",6.0,0.0,0,0,0,0,6,0,Sedan,Sedan,1
18497880,4069809,01/25/2019,18:05,82d575dc-077c-4dae-80ea-4565b8b2091c,Sedan,NISS -CAR/SUV,2016.0,2,M,Licensed,Backing,Center Back End,Center Back End,,,,N,,Backing Unsafely,Unspecified,,,"(40.795464, -73.96381)",0.0,0.0,0,0,0,0,0,0,Sedan,Station Wagon/Sport Utility Vehicle,0
18948674,4142133,05/30/2019,11:01,256ccd11-0884-4a3c-99ea-2ec8df87ee98,Sedan,INFI -CAR/SUV,2013.0,1,M,Licensed,Going Straight Ahead,Left Rear Bumper,Left Rear Bumper,No Damage,No Damage,No Damage,N,,Unspecified,Unspecified,,,"(40.84366, -73.920044)",0.0,0.0,0,0,0,0,0,0,Sedan,Sedan,0
18972171,4151533,06/13/2019,20:55,e396b1e3-5683-418f-be52-b9033940b255,Station Wagon/Sport Utility Vehicle,INFI -CAR/SUV,2018.0,1,M,Licensed,Making Right Turn,Right Rear Quarter Panel,Right Rear Quarter Panel,Right Side Doors,Other,No Damage,N,,Driver Inattention/Distraction,Unspecified,MANHATTAN,10013.0,"(40.72106, -73.99821)",0.0,0.0,0,0,0,0,0,0,Station Wagon/Sport Utility Vehicle,Station Wagon/Sport Utility Vehicle,0
18920035,4126920,05/07/2019,00:45,6debf7a2-0c20-459f-a96e-ec12986b0306,Sedan,CHEV -CAR/SUV,2019.0,1,F,Permit,Going Straight Ahead,Left Front Bumper,Roof,Center Front End,Right Front Bumper,Left Side Doors,Y,,Driver Inattention/Distraction,Unspecified,QUEENS,11354.0,"(40.762947, -73.8349)",1.0,0.0,0,0,0,0,1,0,Sedan,,1
18948450,4137858,05/23/2019,17:35,b675f37f-3a79-438f-80f1-2d0b5ebf1008,Station Wagon/Sport Utility Vehicle,INFI -CAR/SUV,2016.0,1,M,Licensed,Going Straight Ahead,Right Front Quarter Panel,Right Front Quarter Panel,,,,N,,Driver Inattention/Distraction,Failure to Yield Right-of-Way,MANHATTAN,10036.0,"(40.7615, -73.997826)",0.0,0.0,0,0,0,0,0,0,Station Wagon/Sport Utility Vehicle,Sedan,0
19056030,4190644,08/16/2019,14:45,1bd164aa-26f8-4ce2-b8e9-60645fd94fc2,Box Truck,HINO -TRUCK/BUS,2018.0,2,M,Licensed,,No Damage,No Damage,,,,N,,Driver Inattention/Distraction,Unspecified,BROOKLYN,11217.0,"(40.68405, -73.97746)",0.0,0.0,0,0,0,0,0,0,Sedan,Box Truck,0
18964902,4148384,06/05/2019,14:20,70bdd672-03ba-48b9-9947-b92256f6da8e,Sedan,HYUN -CAR/SUV,2019.0,1,F,Licensed,Stopped in Traffic,Left Front Quarter Panel,Left Front Quarter Panel,Left Front Bumper,No Damage,No Damage,N,,Unspecified,Unspecified,BROOKLYN,11234.0,"(40.609253, -73.92338)",0.0,0.0,0,0,0,0,0,0,Sedan,Station Wagon/Sport Utility Vehicle,0
19171838,4243876,11/15/2019,12:45,ac8ebec3-befd-4fcc-a53d-355d929ad4f1,Sedan,AUDI -CAR/SUV,2014.0,1,M,Licensed,Stopped in Traffic,Center Back End,Center Back End,Right Rear Bumper,Left Rear Bumper,,N,,Unspecified,Unspecified,MANHATTAN,10013.0,"(40.718727, -74.00028)",0.0,0.0,0,0,0,0,0,0,Sedan,Box Truck,0
18497773,4064968,01/03/2019,06:30,1a483c5b-0be2-4d30-81a6-e9cbcc005cc9,Bus,CHEV-TRUCK/BUS,2008.0,2,M,Licensed,Going Straight Ahead,Center Front End,Center Front End,Left Front Bumper,Right Front Bumper,,N,,Brakes Defective,Traffic Control Disregarded,,,"(40.58493, -73.95269)",1.0,0.0,0,0,0,0,1,0,Bus,Station Wagon/Sport Utility Vehicle,1
19082939,4202638,09/09/2019,18:45,2ba0c50e-d432-4ce0-81d7-d3e61483bb27,Station Wagon/Sport Utility Vehicle,HOND -CAR/SUV,2018.0,5,M,Licensed,Stopped in Traffic,Left Front Bumper,Left Front Bumper,Left Front Quarter Panel,,,N,,Unspecified,Unspecified,QUEENS,11358.0,"(40.757324, -73.78317)",0.0,0.0,0,0,0,0,0,0,Station Wagon/Sport Utility Vehicle,Station Wagon/Sport Utility Vehicle,0
18966489,4148960,06/07/2019,17:00,f4883479-dba8-49c6-b0f4-c6dbde84cae0,Station Wagon/Sport Utility Vehicle,INFI -CAR/SUV,2011.0,1,M,Licensed,Going Straight Ahead,Left Front Quarter Panel,Left Side Doors,Left Rear Quarter Panel,,,N,,Unspecified,Unspecified,,,"(40.675926, -73.95608)",0.0,0.0,0,0,0,0,0,0,Station Wagon/Sport Utility Vehicle,Sedan,0
19002425,4163408,07/02/2019,18:00,e5e52b2d-0986-47a1-a05d-a67097bdec4e,Station Wagon/Sport Utility Vehicle,HOND -CAR/SUV,2016.0,1,F,Licensed,Going Straight Ahead,Center Back End,Center Back End,Right Rear Bumper,Left Rear Bumper,No Damage,N,,Unspecified,Unspecified,,,"(40.742504, -73.73431)",0.0,0.0,0,0,0,0,0,0,Station Wagon/Sport Utility Vehicle,Station Wagon/Sport Utility Vehicle,0
18524095,4090902,02/25/2019,10:00,10bd7981-bf16-43cc-ae6d-784f74302c52,Sedan,TOYT -CAR/SUV,2015.0,3,F,Licensed,Going Straight Ahead,Left Front Quarter Panel,Left Front Bumper,Center Front End,Left Front Quarter Panel,,N,,Unspecified,Unspecified,,,"(40.681126, -73.96446)",0.0,0.0,0,0,0,0,0,0,Sedan,Sedan,0
19010865,4161288,06/29/2019,00:00,9f38ce40-640b-4ca4-92ba-1e4c35d09711,Sedan,TOYT -CAR/SUV,2016.0,3,M,Licensed,Making Right Turn,Right Rear Quarter Panel,Right Rear Quarter Panel,Right Rear Bumper,,,N,,Unspecified,Unspecified,BROOKLYN,11220.0,"(40.64554, -74.01708)",2.0,0.0,0,0,0,0,2,0,Sedan,Station Wagon/Sport Utility Vehicle,1
18559003,4083498,02/16/2019,21:50,37ecb557-2f65-4f83-aaf2-4ec993b75456,Station Wagon/Sport Utility Vehicle,LNDR -CAR/SUV,2014.0,,,,Changing Lanes,,,,,,N,,Unsafe Lane Changing,Unspecified,MANHATTAN,10022.0,"(40.764896, -73.97256)",0.0,0.0,0,0,0,0,0,0,Station Wagon/Sport Utility Vehicle,Station Wagon/Sport Utility Vehicle,0
19608888,4261457,12/19/2019,10:16,fb159a2d-ee5e-448b-8a37-fbf1d0c7aefd,Pick-up Truck,LINC -CAR/SUV,2012.0,0,,,Parked,Left Front Bumper,Left Side Doors,Left Front Quarter Panel,,,N,,Unspecified,Unspecified,MANHATTAN,10027.0,,0.0,0.0,0,0,0,0,0,0,Pick-up Truck,,0
19055097,4189679,08/11/2019,14:10,d45e2df1-b34b-4ace-be8f-9934eec27f1d,Sedan,TOYT -CAR/SUV,2017.0,1,F,Licensed,Changing Lanes,Right Front Bumper,Right Front Quarter Panel,Right Side Doors,,,N,,Driver Inattention/Distraction,Following Too Closely,BROOKLYN,11207.0,"(40.675735, -73.89686)",0.0,0.0,0,0,0,0,0,0,Sedan,Sedan,0
19127791,4223658,10/14/2019,21:05,0eae0483-b517-499c-95a1-302fc1e39e3b,Sedan,CADI -CAR/SUV,2006.0,1,M,Licensed,Going Straight Ahead,Right Rear Bumper,Right Rear Bumper,Center Back End,Left Rear Bumper,Right Rear Quarter Panel,N,,Unspecified,Unspecified,BROOKLYN,11203.0,"(40.639793, -73.929115)",0.0,0.0,0,0,0,0,0,0,Sedan,Sedan,0
19170344,4242917,11/15/2019,09:00,42ddff12-7905-45bf-8145-b443dbf50482,Sedan,HYUN -CAR/SUV,2007.0,5,M,Licensed,Going Straight Ahead,Center Back End,Center Back End,,,,N,,Unspecified,Unspecified,,,"(40.675236, -73.97106)",0.0,0.0,0,0,0,0,0,0,Station Wagon/Sport Utility Vehicle,Sedan,0
18942390,4137341,05/22/2019,15:00,99d89841-c502-4d3f-bbf6-fb35aa813c4a,Bus,CHEV-TRUCK/BUS,2008.0,2,M,Licensed,Going Straight Ahead,Center Front End,Center Front End,,,,N,,Driver Inattention/Distraction,Unspecified,,,"(40.775887, -73.99137)",0.0,0.0,0,0,0,0,0,0,Bus,Station Wagon/Sport Utility Vehicle,0
18939604,4136092,05/19/2019,20:45,001f54c6-5e94-41a3-b6cd-308b2f768545,Sedan,HOND -CAR/SUV,2002.0,0,,,Parked,Left Rear Bumper,Left Rear Quarter Panel,Center Front End,Right Front Bumper,Left Front Bumper,N,,Unspecified,Unspecified,BRONX,10465.0,"(40.81575, -73.82214)",0.0,0.0,0,0,0,0,0,0,Sedan,Sedan,0
18557047,4104560,03/27/2019,09:45,edd0adba-c47e-4a95-8d1d-986b5c0e0176,Station Wagon/Sport Utility Vehicle,LEXS -CAR/SUV,2010.0,0,,,Parked,Right Front Bumper,Right Front Bumper,No Damage,No Damage,No Damage,N,,Unspecified,Unspecified,BRONX,10463.0,,0.0,0.0,0,0,0,0,0,0,Station Wagon/Sport Utility Vehicle,Station Wagon/Sport Utility Vehicle,0
18902200,4119057,04/20/2019,21:05,c0874b7f-3f3f-432a-8751-8230a71d9e9a,Station Wagon/Sport Utility Vehicle,JEEP -CAR/SUV,2016.0,1,M,Licensed,Going Straight Ahead,Center Back End,Center Back End,,,,N,,Unspecified,Unspecified,,,,1.0,0.0,0,0,0,0,1,0,Sedan,Station Wagon/Sport Utility Vehicle,1
18533752,4086996,02/25/2019,10:00,9e157340-d74e-4ba7-9823-6a34bb575fd7,Sedan,TOYT -CAR/SUV,2017.0,1,M,Licensed,Parked,Right Side Doors,Right Rear Quarter Panel,,,,N,,Unspecified,Unspecified,,,"(40.665672, -73.95592)",0.0,0.0,0,0,0,0,0,0,Station Wagon/Sport Utility Vehicle,Sedan,0
18617395,4103728,03/26/2019,21:55,b8c19142-ed97-477c-a981-edb3a9ee4645,Station Wagon/Sport Utility Vehicle,FORD -CAR/SUV,2017.0,2,M,Licensed,Going Straight Ahead,Center Front End,Center Front End,,,,N,,Unspecified,Unspecified,QUEENS,11101.0,"(40.7471, -73.95008)",3.0,0.0,0,0,0,0,3,0,Station Wagon/Sport Utility Vehicle,Sedan,1
19111758,4216004,10/01/2019,20:42,8732f3fd-eea0-4c16-b21c-7c762e3df3c8,Sedan,TOYT -CAR/SUV,2017.0,1,M,Licensed,Going Straight Ahead,Left Side Doors,Left Rear Quarter Panel,No Damage,No Damage,No Damage,N,,Unspecified,Unspecified,BROOKLYN,11210.0,"(40.62625, -73.95163)",0.0,0.0,0,0,0,0,0,0,Sedan,Sedan,0
18915180,4125129,05/03/2019,00:00,9ccf2344-64bb-4bd0-99bd-634d70f56cfd,Dump,MACK-TRUCK/BUS,2019.0,1,M,Licensed,Making Right Turn,Right Front Quarter Panel,Right Front Quarter Panel,,,,N,,Turning Improperly,Unspecified,,,"(40.670734, -73.93373)",0.0,0.0,0,0,0,0,0,0,Dump,Station Wagon/Sport Utility Vehicle,0
19063665,4193596,08/23/2019,11:30,3d269158-7978-44ea-8418-4e4bd1af42f5,Sedan,LEXS -CAR/SUV,2012.0,1,M,Licensed,Going Straight Ahead,Right Front Bumper,Right Front Bumper,Right Front Bumper,,,N,,Driver Inattention/Distraction,Unspecified,QUEENS,11364.0,"(40.74665, -73.7692)",0.0,0.0,0,0,0,0,0,0,Sedan,Sedan,0
19104931,4213123,09/26/2019,08:17,d3ab30be-d7a8-41e5-8705-c18f2d467c8d,Bus,IC,2011.0,1,M,Licensed,Going Straight Ahead,Right Front Quarter Panel,Right Front Quarter Panel,,,,N,,Passing or Lane Usage Improper,Unspecified,BROOKLYN,11210.0,"(40.622955, -73.93723)",0.0,0.0,0,0,0,0,0,0,Station Wagon/Sport Utility Vehicle,Bus,0
19642953,4251905,12/03/2019,23:55,0d341175-7532-4f47-9600-d8a5dfc37c16,Sedan,FORD -CAR/SUV,2014.0,1,M,Licensed,Going Straight Ahead,Left Front Bumper,Left Front Bumper,Left Front Quarter Panel,,,N,,Alcohol Involvement,Following Too Closely,,,"(40.599255, -73.9894)",2.0,0.0,0,0,0,0,2,0,Sedan,Station Wagon/Sport Utility Vehicle,1
19133528,4226529,10/20/2019,18:01,f01009e1-52a7-4400-87f6-bfbf9c21b27e,Station Wagon/Sport Utility Vehicle,HOND -CAR/SUV,2015.0,0,,,Parked,Left Rear Bumper,Left Rear Bumper,No Damage,No Damage,No Damage,N,,Unspecified,Unspecified,,,"(40.873947, -73.88341)",6.0,0.0,0,0,0,0,6,0,Sedan,Station Wagon/Sport Utility Vehicle,1
19137397,4228190,10/23/2019,09:25,dd6e94d7-5662-40c3-9add-f271e203dcd3,Station Wagon/Sport Utility Vehicle,MITS -CAR/SUV,2018.0,3,M,Licensed,Going Straight Ahead,Right Rear Bumper,Right Rear Bumper,No Damage,No Damage,No Damage,N,,Unspecified,Unspecified,MANHATTAN,10035.0,"(40.80641, -73.94227)",0.0,0.0,0,0,0,0,0,0,Station Wagon/Sport Utility Vehicle,Sedan,0
18994442,4166290,07/07/2019,18:45,1d2dd1d0-57cb-4172-83bf-890bacafdc1d,Station Wagon/Sport Utility Vehicle,JEEP -CAR/SUV,2017.0,1,,,Going Straight Ahead,Center Front End,Center Front End,No Damage,No Damage,No Damage,N,,Following Too Closely,Unspecified,MANHATTAN,10002.0,"(40.719597, -73.99169)",0.0,0.0,0,0,0,0,0,0,Taxi,Station Wagon/Sport Utility Vehicle,0
18490372,4062728,01/04/2019,11:25,2ecb26c0-94eb-4050-a02b-aff884cd6b3a,Station Wagon/Sport Utility Vehicle,TOYT -CAR/SUV,2015.0,1,M,Licensed,Stopped in Traffic,Center Back End,Center Back End,Center Front End,No Damage,No Damage,N,,Unspecified,Unspecified,MANHATTAN,10029.0,"(40.795403, -73.94188)",0.0,0.0,0,0,0,0,0,0,Station Wagon/Sport Utility Vehicle,Station Wagon/Sport Utility Vehicle,0
18584083,4094614,03/09/2019,12:30,ad6bea08-405a-404b-b20f-79b94ee8c746,Flat Bed,PTRB-TRUCK/BUS,2014.0,0,,,Parked,Left Front Bumper,Left Front Bumper,Left Front Quarter Panel,,,N,,Unspecified,Unspecified,,,,0.0,0.0,0,0,0,0,0,0,Flat Bed,Box Truck,0
18998621,4166641,07/08/2019,15:45,37015f57-9ad9-4b8f-a1c6-5376965bf580,Station Wagon/Sport Utility Vehicle,NISS -CAR/SUV,2018.0,3,F,Licensed,Going Straight Ahead,Center Front End,Center Front End,Left Front Bumper,Right Front Bumper,,N,,Unspecified,Unspecified,BROOKLYN,11220.0,"(40.648705, -74.010254)",5.0,0.0,0,0,0,0,5,0,Station Wagon/Sport Utility Vehicle,Station Wagon/Sport Utility Vehicle,1
18596759,4111283,04/08/2019,20:40,f054a925-d26b-4222-8015-5677edab22e2,Station Wagon/Sport Utility Vehicle,LEXS -CAR/SUV,2016.0,1,M,Licensed,Going Straight Ahead,Right Front Bumper,Right Front Bumper,Center Front End,Right Front Quarter Panel,No Damage,N,,Traffic Control Disregarded,Driver Inattention/Distraction,QUEENS,11372.0,"(40.755554, -73.885376)",2.0,0.0,0,0,0,0,2,0,Station Wagon/Sport Utility Vehicle,Sedan,1