UNIQUE_ID,COLLISION_ID,CRASH_DATE,CRASH_TIME,VEHICLE_ID,VEHICLE_TYPE,VEHICLE_MAKE,VEHICLE_YEAR,VEHICLE_OCCUPANTS,DRIVER_SEX,DRIVER_LICENSE_STATUS,PRE_CRASH,POINT_OF_IMPACT,VEHICLE_DAMAGE,VEHICLE_DAMAGE_1,VEHICLE_DAMAGE_2,VEHICLE_DAMAGE_3,PUBLIC_PROPERTY_DAMAGE,PUBLIC_PROPERTY_DAMAGE_TYPE,CONTRIBUTING_FACTOR_1,CONTRIBUTING_FACTOR_2,BOROUGH,ZIP CODE,LOCATION,NUMBER OF PERSONS INJURED,NUMBER OF PERSONS KILLED,NUMBER OF PEDESTRIANS INJURED,NUMBER OF PEDESTRIANS KILLED,NUMBER OF CYCLIST INJURED,NUMBER OF CYCLIST KILLED,NUMBER OF MOTORIST INJURED,NUMBER OF MOTORIST KILLED,VEHICLE TYPE CODE 1,VEHICLE TYPE CODE 2,Severity
18545795,4105574,03/29/2019,19:35,822b1039-f69c-48b6-8f03-136693c198ad,Sedan,CHEV -CAR/SUV,2007.0,0,F,Licensed,Parked,Center Back End,No Damage,No Damage,No Damage,No Damage,N,,Backing Unsafely,Backing Unsafely,BRONX,10456.0,"(40.83259, -73.9047)",0.0,0.0,0,0,0,0,0,0,Sedan,Sedan,0
19112709,4215763,10/01/2019,10:30,16c5e4a7-bd95-48d6-8d0e-f7aed2b57871,Motorscooter,YAMA -MCL,2014.0,1,M,Unlicensed,Going Straight Ahead,Center Front End,Center Front End,,,,N,,Driver Inattention/Distraction,Cell Phone (hand-Held),BROOKLYN,11208.0,"(40.683865, -73.87898)",1.0,0.0,0,0,0,0,1,0,Motorscooter,Sedan,1
18929408,4130876,05/12/2019,17:15,b1d7e5c2-878d-4b7d-859a-6136e01ea601,Sedan,TOYT -CAR/SUV,2013.0,0,M,Licensed,Entering Parked Position,Left Rear Quarter Panel,Left Rear Quarter Panel,,,,N,,Unspecified,Unspecified,QUEENS,11423.0,"(40.720425, -73.760925)",0.0,0.0,0,0,0,0,0,0,Sedan,Station Wagon/Sport Utility Vehicle,0
19126929,4223035,10/13/2019,19:15,dd3624dc-2836-4290-9a51-3b9ba2674e9b,Station Wagon/Sport Utility Vehicle,GMC -CAR/SUV,1996.0,0,,,Parked,Center Back End,Center Back End,,,,N,,Unspecified,Unspecified,QUEENS,11433.0,"(40.69403, -73.78254)",0.0,0.0,0,0,0,0,0,0,Station Wagon/Sport Utility Vehicle,Station Wagon/Sport Utility Vehicle,0
19082602,4202445,09/09/2019,09:30,a9ac7b26-641b-45e4-a945-11cc8fa85a68,Box Truck,FRHT-TRUCK/BUS,2018.0,1,M,Licensed,Going Straight Ahead,Left Front Quarter Panel,No Damage,,,,N,,Unspecified,Unspecified,,,"(40.64554, -74.01708)",0.0,0.0,0,0,0,0,0,0,Station Wagon/Sport Utility Vehicle,Box Truck,0
19128517,4214344,09/26/2019,18:26,d0a97f83-baa5-4192-8ca3-fb30de5c9dec,Station Wagon/Sport Utility Vehicle,LEXS -CAR/SUV,2007.0,2,F,Licensed,Going Straight Ahead,Center Front End,Center Front End,Left Front Bumper,,,N,,Driver Inattention/Distraction,Driver Inattention/Distraction,BRONX,10469.0,"(40.867764, -73.86049)",0.0,0.0,0,0,0,0,0,0,Station Wagon/Sport Utility Vehicle,Sedan,0
18966931,4148745,06/07/2019,16:17,bea0da7a-df39-42cd-bd05-268ac9589bf6,Sedan,MITS -CAR/SUV,2011.0,1,M,Licensed,Going Straight Ahead,Left Front Quarter Panel,Left Front Quarter Panel,,,,N,,Unsafe Lane Changing,Unspecified,BRONX,10458.0,,0.0,0.0,0,0,0,0,0,0,Sedan,Sedan,0
18514411,4059428,01/21/2019,09:10,84d794f8-aa1b-43d7-a709-f5576fc19419,Station Wagon/Sport Utility Vehicle,ACUR -CAR/SUV,2011.0,2,M,Licensed,Going Straight Ahead,Right Rear Quarter Panel,Right Rear Quarter Panel,No Damage,No Damage,No Damage,N,,Unspecified,Unspecified,,,,1.0,0.0,0,0,0,0,1,0,Station Wagon/Sport Utility Vehicle,Sedan,1
19041709,4183577,08/05/2019,19:19,1201670a-0dba-4aac-a469-b22e131070cb,Sedan,HOND -CAR/SUV,2017.0,1,F,Licensed,Going Straight Ahead,Center Front End,Center Front End,Left Front Bumper,Right Front Bumper,,N,,Unspecified,Unspecified,QUEENS,11356.0,"(40.783226, -73.84313)",1.0,0.0,0,0,0,0,1,0,Sedan,Sedan,1
18523696,4079517,02/06/2019,15:30,e4c20ad4-37e9-4a55-87c9-b4bc7af75737,Sedan,BUIC -CAR/SUV,2005.0,1,F,Licensed,Going Straight Ahead,Right Side Doors,Right Side Doors,Right Rear Quarter Panel,,,N,,Unspecified,Unspecified,BROOKLYN,11233.0,"(40.670063, -73.921265)",0.0,0.0,0,0,0,0,0,0,Sedan,Station Wagon/Sport Utility Vehicle,0
19056602,4190590,08/18/2019,17:56,94d2eafa-d642-4224-a7a7-658f1634e4dd,Sedan,HOND -CAR/SUV,2019.0,2,M,Licensed,Going Straight Ahead,Right Front Quarter Panel,Right Front Quarter Panel,Right Side Doors,,,N,,Unspecified,Unspecified,,,"(40.839725, -73.7837)",1.0,0.0,0,0,0,0,1,0,Sedan,Station Wagon/Sport Utility Vehicle,1
19097873,4209730,09/19/2019,09:30,713d542a-abe3-4ca7-bae3-818ca2cb6f01,Dump,MACK-TRUCK/BUS,2012.0,1,M,Licensed,Going Straight Ahead,Right Rear Bumper,No Damage,No Damage,No Damage,No Damage,Unspecified,,Driver Inattention/Distraction,Driver Inattention/Distraction,MANHATTAN,10010.0,"(40.73968, -73.98117)",0.0,0.0,0,0,0,0,0,0,Station Wagon/Sport Utility Vehicle,Dump,0
18560725,4092195,03/05/2019,07:15,625ac5ca-3b14-4bbe-9037-d51934f2aef9,Station Wagon/Sport Utility Vehicle,JEEP -CAR/SUV,2015.0,1,F,Licensed,Going Straight Ahead,Left Side Doors,Left Front Quarter Panel,Left Side Doors,Left Front Bumper,Left Rear Quarter Panel,N,,Unspecified,Unspecified,QUEENS,11435.0,"(40.696934, -73.80358)",2.0,0.0,0,0,0,0,2,0,Station Wagon/Sport Utility Vehicle,Sedan,1
18552895,4069232,01/26/2019,13:10,7b80bd7a-c265-40f2-9f94-b67f8ac91a45,Sedan,ACUR -CAR/SUV,2015.0,0,,,Parked,Left Rear Bumper,Left Rear Bumper,Center Back End,,,N,,Unspecified,Unspecified,QUEENS,11429.0,"(40.712944, -73.74524)",0.0,0.0,0,0,0,0,0,0,Firet,Sedan,0
19057169,4190246,08/16/2019,17:41,bb74c13c-e952-4e35-98ec-6b315a798b59,Sedan,NISS -CAR/SUV,2012.0,1,M,Licensed,Passing,Right Rear Quarter Panel,Right Rear Quarter Panel,Right Side Doors,Right Rear Bumper,,N,,Unspecified,Unspecified,BROOKLYN,11207.0,"(40.675495, -73.8997)",0.0,0.0,0,0,0,0,0,0,Pick-up Truck,Sedan,0
19658258,4255090,12/10/2019,00:15,e85d5bcd-6047-4d03-9064-c27b35ab9a90,Taxi,TOYT -CAR/SUV,2015.0,0,M,Licensed,Going Straight Ahead,Right Front Quarter Panel,Right Front Quarter Panel,No Damage,No Damage,No Damage,N,,Driver Inattention/Distraction,Passing or Lane Usage Improper,MANHATTAN,10128.0,"(40.784515, -73.94983)",0.0,0.0,0,0,0,0,0,0,Taxi,Taxi,0
19112471,4215715,10/01/2019,09:35,bc696416-5f24-46ba-82c6-cf6ba1074014,Station Wagon/Sport Utility Vehicle,CADI -CAR/SUV,2002.0,1,M,Licensed,Going Straight Ahead,Center Back End,Center Back End,,,,N,,Unspecified,Unspecified,QUEENS,11414.0,"(40.649605, -73.8462)",0.0,0.0,0,0,0,0,0,0,Station Wagon/Sport Utility Vehicle,Station Wagon/Sport Utility Vehicle,0
18903735,4097270,03/15/2019,07:45,674a3246-b08c-4986-abdf-9e78866d843c,Station Wagon/Sport Utility Vehicle,JEEP -CAR/SUV,2005.0,1,F,Licensed,Making Left Turn,Center Front End,Right Front Bumper,Right Front Quarter Panel,No Damage,No Damage,N,,Failure to Yield Right-of-Way,Unspecified,QUEENS,11420.0,"(40.67769, -73.82884)",2.0,0.0,0,0,0,0,2,0,Sedan,Station Wagon/Sport Utility Vehicle,1
18994980,4164570,07/05/2019,03:00,40a7311a-87f3-404d-a021-e6a1512e78a3,Sedan,MERZ -CAR/SUV,2008.0,1,M,Licensed,Making Left Turn,Left Front Bumper,Left Front Bumper,No Damage,No Damage,,N,,Driver Inattention/Distraction,Unspecified,BROOKLYN,11224.0,"(40.579803, -73.97184)",0.0,0.0,0,0,0,0,0,0,Sedan,Sedan,0
19133061,4225939,10/19/2019,08:54,4d99bf2d-8e26-4141-85f9-bb941cf94dce,Station Wagon/Sport Utility Vehicle,INFI -CAR/SUV,2008.0,0,,,Parked,Left Front Bumper,Left Front Bumper,Center Front End,No Damage,No Damage,N,,Unspecified,Unspecified,,,"(40.851936, -73.91078)",0.0,0.0,0,0,0,0,0,0,Station Wagon/Sport Utility Vehicle,Box Truck,0
19089882,4205773,09/13/2019,05:50,e9552995-03e9-4679-a9cb-c182e380fd03,Sedan,VOLK -CAR/SUV,2015.0,2,F,Licensed,Going Straight Ahead,Left Side Doors,Left Front Quarter Panel,Left Rear Quarter Panel,,,N,,Traffic Control Disregarded,Unspecified,BRONX,10461.0,"(40.853806, -73.855286)",0.0,0.0,0,0,0,0,0,0,Station Wagon/Sport Utility Vehicle,Sedan,0
18997955,4164062,06/29/2019,17:50,100bc882-7eb8-4137-9f2f-7547ec5848bc,Station Wagon/Sport Utility Vehicle,BUIC -CAR/SUV,2012.0,0,,,Parked,Left Rear Quarter Panel,Left Rear Quarter Panel,Left Rear Bumper,,,N,,Unspecified,Unspecified,BROOKLYN,11218.0,"(40.647984, -73.97471)",0.0,0.0,0,0,0,0,0,0,Station Wagon/Sport Utility Vehicle,Station Wagon/Sport Utility Vehicle,0
18952194,4141617,05/29/2019,01:55,9ad3b8e8-ed56-4dcf-917d-749b430a70fd,Sedan,HOND -CAR/SUV,2011.0,2,M,Licensed,Going Straight Ahead,Center Front End,Center Front End,Left Front Bumper,Right Front Bumper,No Damage,N,,Driver Inattention/Distraction,Failure to Yield Right-of-Way,,,"(40.74128, -73.90257)",1.0,0.0,0,0,0,0,1,0,Sedan,Sedan,1
19648259,4260303,12/17/2019,17:53,a18c9375-d6bd-43b2-af2a-10ba0b656cd0,Station Wagon/Sport Utility Vehicle,CHEV -CAR/SUV,2004.0,0,M,Licensed,Parked,Left Front Bumper,Left Front Bumper,Left Front Quarter Panel,,,N,,Unspecified,Unspecified,BRONX,10461.0,"(40.84504, -73.84545)",0.0,0.0,0,0,0,0,0,0,Sedan,Station Wagon/Sport Utility Vehicle,0
18593441,4109437,04/05/2019,14:00,4dcd51f3-a0e0-4c67-8397-789bb36b3c41,Station Wagon/Sport Utility Vehicle,MERZ -CAR/SUV,2014.0,1,,,Parked,Right Side Doors,Right Side Doors,,,,N,,Unspecified,Unspecified,,,"(40.704304, -73.80315)",0.0,0.0,0,0,0,0,0,0,Box Truck,Station Wagon/Sport Utility Vehicle,0
18516715,4095200,03/10/2019,11:04,6597e6e4-d0a2-4ba6-a0b3-b98229a95f80,Sedan,MERZ -CAR/SUV,2006.0,0,,,Parked,Left Rear Quarter Panel,Left Rear Bumper,Center Front End,Right Front Quarter Panel,,N,,Unspecified,Unspecified,,,,0.0,0.0,0,0,0,0,0,0,Sedan,Sedan,0
19009664,4168664,07/12/2019,06:47,ce03ae5d-ee0e-44ab-b5ae-3af82c3afbd9,ambul,FORD ECONOLINE E350,2019.0,3,F,Licensed,Making Right Turn,Right Side Doors,Right Side Doors,,,,N,,Unspecified,Unspecified,MANHATTAN,10038.0,"(40.70909, -74.005516)",0.0,0.0,0,0,0,0,0,0,ambul,,0
19092764,4207333,09/16/2019,10:15,78e28cd5-7672-471c-89ed-91593298bc9c,Station Wagon/Sport Utility Vehicle,TOYT -CAR/SUV,2007.0,1,F,Licensed,Going Straight Ahead,Right Rear Bumper,Right Side Doors,No Damage,No Damage,No Damage,N,,Unspecified,Unspecified,,,,0.0,0.0,0,0,0,0,0,0,Station Wagon/Sport Utility Vehicle,Station Wagon/Sport Utility Vehicle,0
19031695,4179135,07/26/2019,08:33,0190db73-3093-4fd2-bf5f-4a496108285e,Sedan,HYUN -CAR/SUV,2003.0,1,F,Licensed,Going Straight Ahead,Right Front Quarter Panel,Right Front Quarter Panel,,,,N,,Reaction to Uninvolved Vehicle,Unspecified,MANHATTAN,10029.0,"(40.78588, -73.94884)",0.0,0.0,0,0,0,0,0,0,Sedan,Bike,0
19080329,4201798,09/06/2019,12:30,49c8c48d-bc2e-4fb4-a53e-2a7b5de9a4ed,Sedan,HOND -CAR/SUV,2004.0,1,M,Licensed,Going Straight Ahead,Left Rear Quarter Panel,Left Rear Quarter Panel,No Damage,No Damage,No Damage,N,,Unspecified,Unspecified,MANHATTAN,10032.0,"(40.838497, -73.939835)",0.0,0.0,0,0,0,0,0,0,Sedan,Sedan,0
19010114,4168868,06/28/2019,16:00,2db4355f-9fb4-4c7b-ba2a-e7799eb802d8,Convertible,MAZD -CAR/SUV,2003.0,1,M,Licensed,Going Straight Ahead,Left Rear Quarter Panel,Left Rear Quarter Panel,,,,N,,Driver Inattention/Distraction,Passing or Lane Usage Improper,QUEENS,11101.0,"(40.748924, -73.937386)",0.0,0.0,0,0,0,0,0,0,Box Truck,Convertible,0
19629956,4257851,12/14/2019,20:15,116a4e4d-8ee2-4d1b-9b16-e422a734c779,Station Wagon/Sport Utility Vehicle,FORD -CAR/SUV,2013.0,1,M,Licensed,Going Straight Ahead,Left Rear Bumper,Left Rear Quarter Panel,,,,N,,Driver Inexperience,Passing Too Closely,BROOKLYN,11213.0,"(40.66549, -73.93143)",0.0,0.0,0,0,0,0,0,0,Station Wagon/Sport Utility Vehicle,Station Wagon/Sport Utility Vehicle,0
18576872,4099474,03/18/2019,07:59,dbdfa4d5-3512-441a-9b55-161caa0b7ff8,Station Wagon/Sport Utility Vehicle,TOYT -CAR/SUV,2013.0,1,M,Licensed,Changing Lanes,Right Front Bumper,Right Front Bumper,Right Front Quarter Panel,No Damage,No Damage,N,,Passing or Lane Usage Improper,Driver Inattention/Distraction,BRONX,10467.0,"(40.88271, -73.881256)",0.0,0.0,0,0,0,0,0,0,Sedan,Station Wagon/Sport Utility Vehicle,0
18644842,4096215,03/13/2019,10:20,45bab85c-d94c-4466-a530-20b704f8bec3,Station Wagon/Sport Utility Vehicle,MAZD -CAR/SUV,2016.0,1,F,Licensed,Making Left Turn,Center Front End,Center Front End,,,,N,,Failure to Yield Right-of-Way,Unspecified,,,"(40.765354, -73.81733)",1.0,0.0,1,0,0,0,0,0,Station Wagon/Sport Utility Vehicle,,1
18923318,4124439,05/02/2019,15:40,7b465902-a7a5-4310-92f2-3afc55936080,Station Wagon/Sport Utility Vehicle,JEEP -CAR/SUV,2001.0,1,M,Licensed,Slowing or Stopping,Center Back End,Center Back End,,,,N,,Unspecified,Unspecified,,,"(40.607864, -74.179184)",0.0,0.0,0,0,0,0,0,0,Station Wagon/Sport Utility Vehicle,Station Wagon/Sport Utility Vehicle,0
18964476,4147745,06/06/2019,07:20,0f0f90e8-34ef-4630-b6bb-4c314082d3c4,Station Wagon/Sport Utility Vehicle,HINO,2014.0,1,M,Licensed,Parked,Left Rear Quarter Panel,Left Rear Quarter Panel,,,,N,,Passing or Lane Usage Improper,Unspecified,MANHATTAN,10012.0,"(40.721153, -73.994316)",0.0,0.0,0,0,0,0,0,0,Station Wagon/Sport Utility Vehicle,Station Wagon/Sport Utility Vehicle,0
18539927,4074603,02/04/2019,00:00,e9fd0246-1422-4dd0-aeec-c4ba4313abd0,Sedan,AUDI -CAR/SUV,2017.0,1,M,Licensed,Going Straight Ahead,Center Front End,Center Front End,Right Front Bumper,No Damage,No Damage,N,,Following Too Closely,Driver Inattention/Distraction,,,"(40.834423, -73.879265)",0.0,0.0,0,0,0,0,0,0,Sedan,Station Wagon/Sport Utility Vehicle,0
19650863,4264184,12/24/2019,23:45,6f2dc2a9-4c25-4726-b373-b90db5e809fa,Sedan,NISS -CAR/SUV,2015.0,0,,,Parked,Left Side Doors,Left Side Doors,No Damage,No Damage,No Damage,N,,Unspecified,Unspecified,BRONX,10468.0,"(40.864082, -73.90902)",0.0,0.0,0,0,0,0,0,0,Taxi,Sedan,0
19015546,4171686,07/16/2019,12:20,47a7248a-f17a-4774-bf18-3280f87fd7a6,Station Wagon/Sport Utility Vehicle,FORD -CAR/SUV,2017.0,2,M,Licensed,Passing,Right Rear Quarter Panel,Right Rear Quarter Panel,,No Damage,,N,,Passing or Lane Usage Improper,Unspecified,BROOKLYN,11206.0,"(40.70099, -73.94239)",0.0,0.0,0,0,0,0,0,0,Station Wagon/Sport Utility Vehicle,Station Wagon/Sport Utility Vehicle,0
18894157,4115086,04/12/2019,14:35,5413e604-ccda-444a-aa24-6e82e434c872,Pick-up Truck,DODG -CAR/SUV,2017.0,0,M,Licensed,Going Straight Ahead,Right Front Bumper,Right Front Bumper,Other,,,N,,Unspecified,Unspecified,,,"(40.688213, -73.919815)",1.0,0.0,0,0,0,0,1,0,Pick-up Truck,Sedan,1
19549652,4279288,01/25/2019,12:40,e8aa7f1a-efcc-4854-90fe-d47c5074102b,Sedan,TOYT -CAR/SUV,2015.0,1,M,Licensed,Going Straight Ahead,Center Front End,Center Front End,,,,N,,Unspecified,Unspecified,QUEENS,11368.0,"(40.741844, -73.85341)",2.0,0.0,2,0,0,0,0,0,Sedan,,1
18924820,4128973,05/05/2019,20:16,5bbc5e4e-6474-419c-b7e4-26c2889a9900,Sedan,INFI -CAR/SUV,2008.0,1,M,Licensed,Going Straight Ahead,Center Front End,Left Front Bumper,No Damage,No Damage,No Damage,N,,Unspecified,Unspecified,BROOKLYN,11212.0,"(40.664375, -73.92376)",0.0,0.0,0,0,0,0,0,0,Sedan,,0
19128330,4222596,10/13/2019,16:47,a273f751-bceb-45a6-bdc4-4d42e701b54e,Station Wagon/Sport Utility Vehicle,AUDI -CAR/SUV,2018.0,0,,,Parked,Center Back End,Center Back End,Center Back End,,,N,,Unspecified,Unspecified,BRONX,10456.0,"(40.836178, -73.901634)",0.0,0.0,0,0,0,0,0,0,Station Wagon/Sport Utility Vehicle,,0
19081891,4190663,08/17/2019,23:15,c54eedc1-be68-489e-852c-dcb6add68f50,Sedan,FORD -CAR/SUV,2007.0,0,,,Parked,Center Front End,Center Front End,Center Back End,Right Front Bumper,,N,,Unspecified,Unspecified,QUEENS,11413.0,"(40.67227, -73.75584)",0.0,0.0,0,0,0,0,0,0,Sedan,Sedan,0
18633647,4092959,03/07/2019,17:05,6a86aba9-526f-4fb8-a7a5-44623220887d,Station Wagon/Sport Utility Vehicle,HYUN -CAR/SUV,2008.0,1,F,Licensed,Going Straight Ahead,Center Front End,No Damage,,,,N,,Following Too Closely,Unspecified,,,,1.0,0.0,0,0,0,0,1,0,Station Wagon/Sport Utility Vehicle,Station Wagon/Sport Utility Vehicle,1
18976771,4153300,06/17/2019,10:57,2bf74022-6db1-4920-82b9-4391f14e4ed4,Sedan,NISS -CAR/SUV,2012.0,1,M,Licensed,Parked,Center Front End,Center Front End,No Damage,No Damage,,N,,Unspecified,Unspecified,BRONX,10473.0,"(40.821682, -73.87757)",0.0,0.0,0,0,0,0,0,0,Sedan,Pick-up Truck,0
19149564,4232717,10/30/2019,07:00,108fa0ee-e82b-4c2b-bc7e-a8a22436ee2f,,DODG -CAR/SUV,2016.0,1,,,Going Straight Ahead,Right Front Quarter Panel,Right Front Quarter Panel,,,,N,,Passing or Lane Usage Improper,Unspecified,QUEENS,11385.0,"(40.69597, -73.90472)",0.0,0.0,0,0,0,0,0,0,Sedan,,0
18677151,4104691,03/28/2019,11:55,caf67674-eeec-4efd-b24e-8095965e33b0,Station Wagon/Sport Utility Vehicle,FORD -CAR/SUV,2001.0,3,F,Licensed,Changing Lanes,Left Front Bumper,Left Front Bumper,,,,N,,Failure to Yield Right-of-Way,Unspecified,,,,0.0,0.0,0,0,0,0,0,0,Station Wagon/Sport Utility Vehicle,Station Wagon/Sport Utility Vehicle,0
19047803,4186451,08/10/2019,17:53,bea9b224-9e2b-40cc-a941-58cee1ceb167,Station Wagon/Sport Utility Vehicle,NISS -CAR/SUV,2016.0,1,F,Licensed,Going Straight Ahead,Left Front Bumper,Left Front Bumper,Left Front Quarter Panel,Center Front End,,N,,Following Too Closely,Unspecified,,,"(40.766434, -73.83767)",0.0,0.0,0,0,0,0,0,0,Sedan,Station Wagon/Sport Utility Vehicle,0
19638669,4265792,12/28/2019,18:11,80fc278a-e0cb-42ac-85af-91e6b608cd11,Sedan,BMW -CAR/SUV,2014.0,,,,Going Straight Ahead,Center Front End,No Damage,,,,N,,Driver Inattention/Distraction,Unspecified,BROOKLYN,11212.0,"(40.67206, -73.9036)",1.0,0.0,1,0,0,0,0,0,Sedan,,1
18929455,4130886,05/12/2019,12:00,c8691465-85ad-45e6-8ede-c7f727c77a63,Station Wagon/Sport Utility Vehicle,NISS -CAR/SUV,2013.0,1,M,Licensed,Going Straight Ahead,Right Front Quarter Panel,Right Front Quarter Panel,,,,N,,Driver Inattention/Distraction,Unspecified,QUEENS,11377.0,"(40.74573, -73.90212)",0.0,0.0,0,0,0,0,0,0,Sedan,Station Wagon/Sport Utility Vehicle,0
19010416,4169097,07/12/2019,16:00,df035100-aea1-4cad-bf46-fc0f90f2df35,Sedan,HOND -CAR/SUV,2012.0,1,M,Licensed,Going Straight Ahead,Left Front Bumper,Center Front End,,,,N,,Driver Inattention/Distraction,Unspecified,QUEENS,11004.0,"(40.74351, -73.717415)",0.0,0.0,0,0,0,0,0,0,Sedan,Sedan,0
19530466,4274762,01/17/2019,15:08,02881b25-169a-4046-a5fa-faa4985a6c82,Station Wagon/Sport Utility Vehicle,HOND -CAR/SUV,,,,,Going Straight Ahead,Left Front Bumper,Left Front Bumper,,,,N,,Driver Inattention/Distraction,Driver Inattention/Distraction,,,"(40.633717, -74.15301)",0.0,0.0,0,0,0,0,0,0,Sedan,Station Wagon/Sport Utility Vehicle,0
18975869,4152858,06/15/2019,23:45,e8a171e9-9281-4b1c-b749-972058676fad,Sedan,HOND -CAR/SUV,2018.0,2,M,Licensed,Going Straight Ahead,Left Front Bumper,Left Front Bumper,Left Front Quarter Panel,Right Rear Quarter Panel,,N,,Passing or Lane Usage Improper,Unspecified,,,"(40.6496, -73.88371)",1.0,0.0,0,0,0,0,1,0,Station Wagon/Sport Utility Vehicle,Sedan,1
18898942,4117027,04/18/2019,08:00,f4bfea15-86bf-48b3-a30e-908f71e8438b,Sedan,BMW -CAR/SUV,2011.0,2,F,Licensed,Making Right Turn,Right Rear Bumper,Right Rear Bumper,Center Back End,No Damage,No Damage,N,,Unspecified,Unspecified,BROOKLYN,11208.0,"(40.68857, -73.8757)",0.0,0.0,0,0,0,0,0,0,Sedan,Station Wagon/Sport Utility Vehicle,0
19050588,4182782,08/04/2019,13:30,9cf4e6ca-06e2-42a9-817d-2d3ea02a73f5,Sedan,HYUN -CAR/SUV,2016.0,1,F,Licensed,Going Straight Ahead,Right Front Bumper,Center Front End,,,,N,,Driver Inattention/Distraction,Failure to Yield Right-of-Way,QUEENS,11378.0,"(40.724255, -73.91251)",0.0,0.0,0,0,0,0,0,0,Station Wagon/Sport Utility Vehicle,Sedan,0
18387987,4077160,02/08/2019,11:30,1058e60c-b49e-43ed-bda4-47bf7e7609f0,Station Wagon/Sport Utility Vehicle,HOND -CAR/SUV,2018.0,1,F,Licensed,Stopped in Traffic,Left Rear Bumper,Left Rear Bumper,,,,N,,Unspecified,Unspecified,,,,1.0,0.0,0,0,0,0,1,0,Station Wagon/Sport Utility Vehicle,Station Wagon/Sport Utility Vehicle,1
19177132,4245952,11/23/2019,11:25,7568ad4b-e286-4b82-83a5-9ea65349db47,Station Wagon/Sport Utility Vehicle,JEEP -CAR/SUV,2019.0,2,M,Licensed,Going Straight Ahead,Center Back End,Center Back End,,,,N,,Unspecified,Unspecified,,,"(40.665794, -73.7464)",0.0,0.0,0,0,0,0,0,0,Station Wagon/Sport Utility Vehicle,Sedan,0
19037099,4181720,08/02/2019,19:32,db0e4ec0-df86-458f-9bb7-778130f32381,Station Wagon/Sport Utility Vehicle,TOYT -CAR/SUV,2004.0,0,,,Parked,Center Front End,Center Front End,Left Front Bumper,,,N,,Unspecified,Unspecified,,,"(40.658306, -73.95666)",0.0,0.0,0,0,0,0,0,0,Station Wagon/Sport Utility Vehicle,,0
18995244,4160475,06/27/2019,16:20,cb82f865-dc1d-4d9d-8e91-9931f52b0a6e,Sedan,LEXS -CAR/SUV,1995.0,1,M,Licensed,Starting from Parking,Left Front Quarter Panel,Left Side Doors,Left Side Doors,Left Front Quarter Panel,Left Front Quarter Panel,N,,Failure to Yield Right-of-Way,Unspecified,BRONX,10458.0,"(40.856403, -73.88585)",0.0,0.0,0,0,0,0,0,0,Sedan,Sedan,0
19636403,4259260,12/16/2019,15:45,888bac0f-a06e-4fe7-85d7-43ea42d51f0d,Bus,FRHT-TRUCK/BUS,2018.0,5,M,Licensed,Making Left Turn,No Damage,No Damage,,,,N,,Unspecified,Unspecified,,,"(40.85018, -73.91059)",0.0,0.0,0,0,0,0,0,0,Sedan,Bus,0
18904631,4119871,04/23/2019,15:30,b325e95c-25df-4648-a596-a9b2621de489,Station Wagon/Sport Utility Vehicle,JEEP -CAR/SUV,2015.0,1,F,Licensed,Making Right Turn,Left Front Bumper,Left Front Bumper,Left Front Quarter Panel,,,N,,Driver Inattention/Distraction,Unspecified,BROOKLYN,11217.0,"(40.67546, -73.97163)",0.0,0.0,0,0,0,0,0,0,Station Wagon/Sport Utility Vehicle,Station Wagon/Sport Utility Vehicle,0
18904454,4117871,04/19/2019,09:00,1e98deef-0891-4082-8445-2c499a89cc0a,Sedan,INFI -CAR/SUV,2009.0,1,M,Licensed,Slowing or Stopping,Center Front End,Center Front End,Left Front Bumper,Right Front Bumper,,N,,Driver Inattention/Distraction,Driver Inattention/Distraction,,,"(40.72464, -73.72495)",1.0,0.0,0,0,0,0,1,0,Sedan,Sedan,1
19003252,4166093,07/07/2019,21:20,ad8fb568-cd88-4486-ad05-62f5333097b9,Station Wagon/Sport Utility Vehicle,NISS -CAR/SUV,2015.0,1,F,Licensed,Going Straight Ahead,Center Front End,Center Front End,,,,N,,Failure to Yield Right-of-Way,Unspecified,QUEENS,11417.0,"(40.67506, -73.85148)",1.0,0.0,0,0,1,0,0,0,Station Wagon/Sport Utility Vehicle,Bike,1
18921428,4125471,05/03/2019,15:20,13d37dd5-815f-41cd-8626-2fe972828f8b,Sedan,NISS -CAR/SUV,2018.0,1,F,Licensed,Entering Parked Position,Center Back End,Center Back End,No Damage,No Damage,No Damage,Unspecified,,Backing Unsafely,Unspecified,BROOKLYN,11207.0,"(40.656345, -73.87931)",0.0,0.0,0,0,0,0,0,0,Sedan,Sedan,0
19044403,4184420,08/05/2019,09:30,808a5cab-7560-458e-a668-ecd4f833cd53,Sedan,TOYT -CAR/SUV,2016.0,1,M,Licensed,Going Straight Ahead,Left Rear Bumper,Left Rear Quarter Panel,,,,N,,Unspecified,Unspecified,,,"(40.658577, -73.89063)",0.0,0.0,0,0,0,0,0,0,Tractor Truck Diesel,Sedan,0
18960402,4145562,05/22/2019,14:05,4ae9ef0a-d48a-4e6b-9d68-b21665442bbb,Motorcycle,HD -MCL,2019.0,1,M,Licensed,Going Straight Ahead,Left Front Bumper,Other,Other,Other,Other,N,,Unspecified,Unspecified,,,"(40.645344, -73.87897)",1.0,0.0,0,0,0,0,1,0,Motorcycle,Sedan,1