UNIQUE_ID,COLLISION_ID,CRASH_DATE,CRASH_TIME,VEHICLE_ID,VEHICLE_TYPE,VEHICLE_MAKE,VEHICLE_YEAR,VEHICLE_OCCUPANTS,DRIVER_SEX,DRIVER_LICENSE_STATUS,PRE_CRASH,POINT_OF_IMPACT,VEHICLE_DAMAGE,VEHICLE_DAMAGE_1,VEHICLE_DAMAGE_2,VEHICLE_DAMAGE_3,PUBLIC_PROPERTY_DAMAGE,PUBLIC_PROPERTY_DAMAGE_TYPE,CONTRIBUTING_FACTOR_1,CONTRIBUTING_FACTOR_2,BOROUGH,ZIP CODE,LOCATION,NUMBER OF PERSONS INJURED,NUMBER OF PERSONS KILLED,NUMBER OF PEDESTRIANS INJURED,NUMBER OF PEDESTRIANS KILLED,NUMBER OF CYCLIST INJURED,NUMBER OF CYCLIST KILLED,NUMBER OF MOTORIST INJURED,NUMBER OF MOTORIST KILLED,VEHICLE TYPE CODE 1,VEHICLE TYPE CODE 2,Severity
19177005,4245864,11/23/2019,00:30,21fafe5a-b1c6-4fde-b783-f05d3af978f4,Sedan,MERZ -CAR/SUV,2007.0,0,F,Licensed,Going Straight Ahead,Center Front End,Center Front End,,,,N,,Driver Inattention/Distraction,Following Too Closely,,,"(40.71713, -73.7986)",1.0,0.0,0,0,0,0,1,0,Sedan,Sedan,1
19074318,4199154,09/02/2019,08:25,c3708990-643c-40df-9920-045e8b28d380,Station Wagon/Sport Utility Vehicle,LNDR -CAR/SUV,2017.0,0,,,Parked,Right Side Doors,Right Front Quarter Panel,Right Side Doors,No Damage,No Damage,N,,Unspecified,Unspecified,BROOKLYN,11233.0,"(40.682552, -73.92388)",0.0,0.0,0,0,0,0,0,0,Sedan,Station Wagon/Sport Utility Vehicle,0
18987691,4158605,06/25/2019,15:30,7e230856-87e9-4254-93f9-658b34d2f1dc,Station Wagon/Sport Utility Vehicle,NISS -CAR/SUV,2009.0,1,F,Licensed,Going Straight Ahead,Left Front Bumper,Left Front Quarter Panel,Center Front End,Left Side Doors,Left Front Quarter Panel,N,,Unspecified,Unspecified,STATEN ISLAND,10304.0,"(40.59267, -74.10082)",1.0,0.0,0,0,0,0,1,0,Station Wagon/Sport Utility Vehicle,Station Wagon/Sport Utility Vehicle,1
18979637,4154875,06/19/2019,13:30,faeeb92c-3556-4ac0-91ce-05ff7a509084,Station Wagon/Sport Utility Vehicle,INFI -CAR/SUV,2017.0,1,M,Licensed,Going Straight Ahead,Left Front Bumper,Center Front End,Right Front Bumper,No Damage,No Damage,N,,Driver Inattention/Distraction,Following Too Closely,QUEENS,11418.0,"(40.7011, -73.84157)",0.0,0.0,0,0,0,0,0,0,Station Wagon/Sport Utility Vehicle,Station Wagon/Sport Utility Vehicle,0
19133611,4226182,10/18/2019,17:38,cd88f88d-aa04-4cae-bfd7-5cb67693b77a,Station Wagon/Sport Utility Vehicle,TOYT -CAR/SUV,2016.0,1,M,Licensed,Going Straight Ahead,Center Front End,Center Front End,,,,Unspecified,,Driver Inattention/Distraction,Following Too Closely,MANHATTAN,10022.0,"(40.758488, -73.97514)",2.0,0.0,0,0,0,0,2,0,Station Wagon/Sport Utility Vehicle,Sedan,1
18537209,4079567,02/12/2019,11:35,0a65c81a-a056-4e42-8800-f6fcdeee4390,Convertible,INFI -CAR/SUV,2011.0,1,M,Licensed,Making Left Turn,Center Front End,No Damage,No Damage,No Damage,No Damage,N,,Pavement Slippery,Following Too Closely,MANHATTAN,10016.0,"(40.741272, -73.97535)",1.0,0.0,1,0,0,0,0,0,Convertible,,1
19068265,4195855,08/27/2019,18:00,7ae8c981-29ec-4d61-b7da-5988311fa1dd,Sedan,JEEP -CAR/SUV,2018.0,1,M,Licensed,Making Right Turn,Right Front Quarter Panel,Right Side Doors,Right Rear Quarter Panel,,,N,,Passing or Lane Usage Improper,Failure to Yield Right-of-Way,,,"(40.779724, -73.80352)",0.0,0.0,0,0,0,0,0,0,Sedan,Sedan,0
19022774,4174735,07/20/2019,20:30,3ce7ec4f-5942-4b15-9ba4-2d8fe15b54f9,Station Wagon/Sport Utility Vehicle,MERZ -CAR/SUV,2019.0,0,,,Parked,Left Rear Quarter Panel,Left Rear Quarter Panel,No Damage,No Damage,No Damage,N,,Unspecified,Unspecified,BROOKLYN,11224.0,"(40.57524, -73.99723)",0.0,0.0,0,0,0,0,0,0,Station Wagon/Sport Utility Vehicle,,0
18545508,4081396,02/15/2019,16:40,e1608837-54c7-4772-819d-29cf45ff4952,Station Wagon/Sport Utility Vehicle,HOND -CAR/SUV,2018.0,1,M,Licensed,Going Straight Ahead,Center Front End,No Damage,No Damage,No Damage,No Damage,N,,Driver Inattention/Distraction,Unspecified,,,"(40.771305, -73.87664)",0.0,0.0,0,0,0,0,0,0,Station Wagon/Sport Utility Vehicle,Taxi,0
19125148,4222565,10/13/2019,23:04,b7ec56d7-da38-48b2-bece-8163ee76b3d4,Station Wagon/Sport Utility Vehicle,GMC -CAR/SUV,2007.0,0,,,Parked,Left Side Doors,Left Front Quarter Panel,Left Front Bumper,Center Front End,,N,,Unspecified,Unspecified,,,"(40.604538, -73.98749)",0.0,0.0,0,0,0,0,0,0,Station Wagon/Sport Utility Vehicle,,0
19127497,4223736,10/15/2019,08:00,aee45ae1-4590-430a-96de-253bcd61ec91,Sedan,FORD -CAR/SUV,2018.0,1,M,Licensed,Starting from Parking,Left Front Bumper,Left Front Bumper,No Damage,No Damage,No Damage,N,,Driver Inattention/Distraction,Unspecified,QUEENS,11374.0,"(40.72963, -73.85558)",0.0,0.0,0,0,0,0,0,0,Sedan,Sedan,0
18512379,4069129,01/25/2019,15:40,56ed9a62-c74d-414a-86f3-5ed4a528584b,Sedan,MERZ -CAR/SUV,2014.0,1,M,Licensed,Making Right Turn,Right Rear Quarter Panel,Right Rear Quarter Panel,Right Rear Bumper,,,N,,Unspecified,Unspecified,,,"(40.854874, -73.916794)",0.0,0.0,0,0,0,0,0,0,Sedan,Sedan,0
19141957,4230378,10/26/2019,21:47,fa9582f2-cb8a-4bee-a002-6591e6de9b21,Station Wagon/Sport Utility Vehicle,FORD -CAR/SUV,2015.0,0,M,Licensed,Changing Lanes,Left Front Quarter Panel,Left Front Quarter Panel,Left Front Quarter Panel,Left Front Quarter Panel,Left Front Quarter Panel,N,,Unspecified,Unspecified,BROOKLYN,11229.0,"(40.59423, -73.94071)",0.0,0.0,0,0,0,0,0,0,Sedan,Station Wagon/Sport Utility Vehicle,0
19003561,4163439,07/02/2019,22:00,65fa50d6-d3c9-44c1-abf7-454463103962,Station Wagon/Sport Utility Vehicle,TOYT -CAR/SUV,2006.0,1,F,Licensed,Going Straight Ahead,Center Back End,Center Back End,,,,N,,Unspecified,Unspecified,QUEENS,11432.0,"(40.719913, -73.79108)",2.0,0.0,0,0,0,0,2,0,Station Wagon/Sport Utility Vehicle,Station Wagon/Sport Utility Vehicle,1
18894737,4115019,04/14/2019,20:20,237439f6-d2db-430d-8486-bfe48fa53b49,Station Wagon/Sport Utility Vehicle,DODG -CAR/SUV,2015.0,1,M,Licensed,Going Straight Ahead,Center Back End,Center Back End,Right Rear Bumper,Left Rear Bumper,,N,,Unspecified,Unspecified,,,"(40.83569, -73.86857)",0.0,0.0,0,0,0,0,0,0,Station Wagon/Sport Utility Vehicle,Sedan,0
19000342,4161148,06/28/2019,18:50,936b3ef1-299c-4eb1-b054-ebc10f8efbd8,Sedan,HYUN -CAR/SUV,2013.0,2,F,Licensed,Going Straight Ahead,Left Side Doors,Left Side Doors,Left Rear Quarter Panel,,,N,,Unspecified,Unspecified,,,"(40.805077, -73.91092)",0.0,0.0,0,0,0,0,0,0,Sedan,Dump,0
19019903,4173481,07/19/2019,18:10,595f65a9-162c-4461-814c-6fdd1da2c0eb,Station Wagon/Sport Utility Vehicle,FREIGHT,2007.0,1,M,Licensed,Going Straight Ahead,Left Front Bumper,No Damage,,,,N,,Unspecified,Unspecified,MANHATTAN,10035.0,"(40.801765, -73.93723)",0.0,0.0,0,0,0,0,0,0,Sedan,Station Wagon/Sport Utility Vehicle,0
19666991,4255931,12/10/2019,20:17,26efbeaa-c6ee-4462-9ac2-6017fd0f6bb1,Tractor Truck Diesel,HINO -TRUCK/BUS,2012.0,1,M,Licensed,Going Straight Ahead,No Damage,No Damage,No Damage,No Damage,No Damage,N,,Unspecified,Unspecified,BROOKLYN,11208.0,"(40.668587, -73.87546)",0.0,0.0,0,0,0,0,0,0,Tractor Truck Diesel,Van,0
18559036,4087013,02/26/2019,02:00,1a939522-acf1-41cf-a8c7-8e3884ded958,Sedan,TOYT -CAR/SUV,2007.0,0,,,Parked,Center Back End,Center Back End,Right Rear Bumper,Left Rear Bumper,,N,,Unspecified,Unspecified,,,"(40.64491, -73.92192)",1.0,0.0,0,0,0,0,1,0,Sedan,Pick-up Truck,1
18892165,4114590,04/14/2019,01:30,650087fd-33bb-4b90-b437-b794a5ac67c0,Taxi,HOND -CAR/SUV,2011.0,1,M,Licensed,Parked,Center Front End,Left Front Bumper,Right Front Bumper,,,N,,Other Vehicular,Other Vehicular,,,"(40.81847, -73.9414)",0.0,0.0,0,0,0,0,0,0,Taxi,Taxi,0
18532899,4073811,02/03/2019,17:15,58d49742-d500-44ab-a58c-1262ba6ba243,Station Wagon/Sport Utility Vehicle,CHRY -CAR/SUV,2002.0,1,M,Licensed,Going Straight Ahead,Right Front Bumper,Right Front Bumper,,,,N,,Driver Inattention/Distraction,Passing Too Closely,QUEENS,11372.0,"(40.750538, -73.89298)",0.0,0.0,0,0,0,0,0,0,Station Wagon/Sport Utility Vehicle,Station Wagon/Sport Utility Vehicle,0
19639638,4250938,12/02/2019,11:39,9b585548-3147-4091-a4c0-340f2b173bcf,Taxi,TOYT -CAR/SUV,2016.0,1,M,Licensed,Going Straight Ahead,Left Front Bumper,Left Front Bumper,Left Front Quarter Panel,,,N,,Driver Inattention/Distraction,Unspecified,MANHATTAN,10016.0,"(40.74775, -73.98086)",0.0,0.0,0,0,0,0,0,0,Station Wagon/Sport Utility Vehicle,Taxi,0
19012146,4169728,07/08/2019,13:09,d78a17be-a935-4363-921a-de8dfe45d3c3,Station Wagon/Sport Utility Vehicle,LNDR -CAR/SUV,2010.0,1,F,Licensed,Going Straight Ahead,Right Front Bumper,Right Front Bumper,Center Front End,,No Damage,N,,Driverless/Runaway Vehicle,Unspecified,BROOKLYN,11201.0,"(40.696033, -73.98453)",0.0,0.0,0,0,0,0,0,0,Station Wagon/Sport Utility Vehicle,,0
19669386,4257331,12/08/2019,14:11,e8c7c771-2c36-4771-8a9d-f88b04efe319,,HOND -CAR/SUV,,1,,,Going Straight Ahead,Center Front End,Center Front End,,,,N,,Unspecified,Unspecified,,,"(40.666348, -73.76093)",1.0,0.0,0,0,0,0,1,0,Station Wagon/Sport Utility Vehicle,,1
19111665,4216405,10/02/2019,13:00,2f87eeab-7d08-45b5-9d58-e29238335a01,Station Wagon/Sport Utility Vehicle,GMC -CAR/SUV,2008.0,1,M,Licensed,Making Right Turn,Right Front Bumper,Right Front Bumper,Other,No Damage,No Damage,N,,Following Too Closely,Unspecified,,,"(40.606457, -73.989136)",0.0,0.0,0,0,0,0,0,0,Sedan,Station Wagon/Sport Utility Vehicle,0
18507026,4070677,01/28/2019,19:16,4f7c820f-5408-47a5-8159-1be14b385e9c,Station Wagon/Sport Utility Vehicle,LEXS -CAR/SUV,2010.0,1,F,Licensed,Merging,Left Rear Quarter Panel,Left Rear Quarter Panel,Left Rear Bumper,Left Side Doors,,N,,Failure to Yield Right-of-Way,Unspecified,,,"(40.69611, -73.96406)",0.0,0.0,0,0,0,0,0,0,Pick-up Truck,Station Wagon/Sport Utility Vehicle,0
18929160,4130963,05/13/2019,07:45,460d7552-b059-430a-8a7b-2c608c671bab,Bus,NOVA,2010.0,1,M,Licensed,Changing Lanes,Left Rear Quarter Panel,Left Rear Quarter Panel,,,,N,,Unspecified,Unspecified,BRONX,10459.0,"(40.82814, -73.885185)",0.0,0.0,0,0,0,0,0,0,Bus,Sedan,0
18914675,4124600,05/02/2019,18:15,341a4b35-c57e-44d9-94e3-db1c9a56b3a3,Sedan,HYUN -CAR/SUV,2004.0,1,F,Licensed,Stopped in Traffic,Center Back End,Center Back End,,,,N,,Unspecified,Unspecified,QUEENS,11420.0,"(40.67815, -73.83109)",1.0,0.0,0,0,0,0,1,0,Sedan,Sedan,1
19621777,4252643,12/05/2019,08:45,6c22adda-d78a-4a41-a1bb-935c36aad649,Station Wagon/Sport Utility Vehicle,TOYT -CAR/SUV,2005.0,1,F,Licensed,Entering Parked Position,No Damage,No Damage,,,,N,,Backing Unsafely,Unspecified,BROOKLYN,11238.0,"(40.68549, -73.9663)",0.0,0.0,0,0,0,0,0,0,Station Wagon/Sport Utility Vehicle,Station Wagon/Sport Utility Vehicle,0
20528268,4190274,08/18/2019,09:40,48a2dbde-ea45-4a20-93c4-a94a80a12f30,Sedan,PONT -CAR/SUV,2003.0,1,M,Licensed,Going Straight Ahead,Center Front End,Center Front End,Undercarriage,Other,,N,,Driver Inattention/Distraction,Unsafe Speed,BROOKLYN,11201.0,"(40.70206, -73.99262)",2.0,0.0,0,0,0,0,2,0,Station Wagon/Sport Utility Vehicle,Sedan,1
19108683,4214948,09/28/2019,23:32,63ccf90c-8960-4a24-93d3-a9793bca3f51,Sedan,AUDI -CAR/SUV,2019.0,3,F,Licensed,Going Straight Ahead,Center Back End,Center Back End,,,,N,,Unspecified,Unspecified,,,"(40.86157, -73.913185)",0.0,0.0,0,0,0,0,0,0,Sedan,Sedan,0
18492290,4062098,01/04/2019,16:30,9b8f684d-561d-4528-a334-22af93ba8008,Taxi,NISS -CAR/SUV,2015.0,1,M,Licensed,Going Straight Ahead,Left Front Quarter Panel,Left Front Quarter Panel,Left Front Bumper,No Damage,No Damage,N,,Driver Inattention/Distraction,Unsafe Lane Changing,MANHATTAN,10001.0,"(40.75048, -73.99472)",0.0,0.0,0,0,0,0,0,0,Taxi,Taxi,0
18927665,4130470,04/30/2019,12:10,2599ec9e-1156-4ee2-8425-2fa875fd5080,Sedan,TOYT -CAR/SUV,2018.0,1,M,Licensed,Entering Parked Position,Left Rear Quarter Panel,Left Rear Quarter Panel,No Damage,No Damage,No Damage,N,,Backing Unsafely,Unspecified,MANHATTAN,10075.0,"(40.774277, -73.959404)",0.0,0.0,0,0,0,0,0,0,Sedan,Sedan,0
19103235,4212379,09/21/2019,21:10,119dd5ea-316b-484b-b587-fae6354afb3f,Sedan,HOND -CAR/SUV,2000.0,2,M,Licensed,Going Straight Ahead,Center Front End,Left Front Bumper,Right Front Bumper,,,N,,Unspecified,Unspecified,MANHATTAN,10003.0,"(40.736546, -73.98905)",2.0,0.0,0,0,0,0,2,0,Sedan,,1
18506692,4058730,01/12/2019,15:33,24c49e16-4552-4cc8-9131-eba511017c5c,Sedan,KIA -CAR/SUV,2015.0,3,F,Licensed,Changing Lanes,Right Front Bumper,Right Front Bumper,,,,N,,Driver Inattention/Distraction,Unsafe Lane Changing,,,,0.0,0.0,0,0,0,0,0,0,Station Wagon/Sport Utility Vehicle,Sedan,0
19071023,4197159,08/30/2019,11:00,24cbd3fd-3e55-4081-a894-211c48f4c513,Sedan,LEXS -CAR/SUV,1999.0,0,,,Parked,Left Front Bumper,Left Front Bumper,Left Front Quarter Panel,Left Front Quarter Panel,,N,,Unspecified,Unspecified,BRONX,10451.0,"(40.82721, -73.9207)",0.0,0.0,0,0,0,0,0,0,Sedan,,0
19127401,4223374,10/13/2019,20:40,a1313db3-d659-43eb-8f72-9aa6056b5d04,Station Wagon/Sport Utility Vehicle,MERZ -CAR/SUV,2018.0,1,M,Licensed,Stopped in Traffic,Center Back End,Center Back End,,,,N,,Unspecified,Unspecified,MANHATTAN,10018.0,"(40.755867, -73.998215)",0.0,0.0,0,0,0,0,0,0,Station Wagon/Sport Utility Vehicle,Taxi,0
19174339,4244654,11/20/2019,19:45,8968c338-d18f-4f2b-9b33-1b15766e9335,Sedan,VOLV -CAR/SUV,2001.0,1,F,Licensed,Going Straight Ahead,Left Rear Quarter Panel,Left Rear Quarter Panel,Center Back End,Left Rear Bumper,Right Rear Bumper,Unspecified,,Unspecified,Unspecified,QUEENS,11413.0,"(40.679058, -73.74498)",0.0,0.0,0,0,0,0,0,0,Sedan,Station Wagon/Sport Utility Vehicle,0
19157401,4237027,11/07/2019,16:46,5a0323a8-8747-4e8a-b5e7-c7f07de3133e,Sedan,HOND -CAR/SUV,2012.0,1,M,Licensed,Changing Lanes,Right Front Quarter Panel,Right Front Quarter Panel,Right Side Doors,Right Rear Quarter Panel,,N,,Driver Inattention/Distraction,Failure to Yield Right-of-Way,QUEENS,11375.0,"(40.724968, -73.84292)",0.0,0.0,0,0,0,0,0,0,Sedan,Sedan,0
19154225,4235125,11/01/2019,22:10,ab2b8984-9f1a-450a-b09a-565380de490a,Pick-up Truck,FORD -CAR/SUV,2018.0,1,M,Licensed,Going Straight Ahead,Center Front End,No Damage,No Damage,No Damage,,N,,Driver Inattention/Distraction,Driver Inattention/Distraction,QUEENS,11432.0,"(40.71146, -73.79647)",1.0,0.0,1,0,0,0,0,0,Pick-up Truck,,1
19085287,4203778,09/09/2019,07:40,e9922e14-9797-4e48-a63c-a8f47dfda3fd,Bus,BLUI-TRUCK/BUS,2015.0,7,M,Licensed,Going Straight Ahead,No Damage,No Damage,No Damage,No Damage,No Damage,N,,Outside Car Distraction,Unspecified,BROOKLYN,11226.0,"(40.652927, -73.959335)",0.0,0.0,0,0,0,0,0,0,Bus,Pick-up Truck,0
19010230,4167054,07/08/2019,16:49,2b5e4183-f7f1-4b4b-ae20-268e6b775716,Sedan,BMW -CAR/SUV,2011.0,,,,,Center Front End,,,,,N,,,,BROOKLYN,11239.0,"(40.65008, -73.88422)",0.0,0.0,0,0,0,0,0,0,Sedan,Sedan,0
18934192,4133647,05/16/2019,22:00,457d70a4-edf5-45bb-85f2-3e867f3f91c6,Sedan,NISS -CAR/SUV,2013.0,0,,,Parked,Left Rear Quarter Panel,Left Side Doors,Left Front Quarter Panel,Left Front Quarter Panel,Left Side Doors,N,,Unspecified,Unspecified,QUEENS,11368.0,"(40.754498, -73.86502)",0.0,0.0,0,0,0,0,0,0,Sedan,Sedan,0
18522325,4071852,01/30/2019,16:18,786538b2-f134-4a9c-a866-26406ebd25e2,Sedan,FORD -CAR/SUV,2012.0,1,M,Licensed,Making U Turn,Left Front Quarter Panel,Left Front Quarter Panel,Left Front Bumper,,,N,,Unsafe Speed,Turning Improperly,BROOKLYN,11228.0,"(40.614456, -74.00993)",0.0,0.0,0,0,0,0,0,0,Station Wagon/Sport Utility Vehicle,Sedan,0
19024862,4175544,07/22/2019,20:00,fed731cc-332f-4f47-8d7f-afeb31a874c7,Station Wagon/Sport Utility Vehicle,TOYT -CAR/SUV,2011.0,1,M,Licensed,Stopped in Traffic,Left Rear Bumper,Left Rear Bumper,,,,N,,Unspecified,Unspecified,BRONX,10475.0,"(40.875965, -73.83581)",0.0,0.0,0,0,0,0,0,0,Station Wagon/Sport Utility Vehicle,Station Wagon/Sport Utility Vehicle,0
18959137,4145668,06/03/2019,10:20,e2c545c7-372d-446d-88ac-c5d8415415a5,Pick-up Truck,NISS -CAR/SUV,2012.0,1,M,Licensed,Going Straight Ahead,Left Rear Bumper,Left Rear Bumper,No Damage,No Damage,No Damage,N,,Unspecified,Unspecified,BRONX,10474.0,"(40.814503, -73.88649)",0.0,0.0,0,0,0,0,0,0,Pick-up Truck,Station Wagon/Sport Utility Vehicle,0
19104803,4213382,09/26/2019,19:15,93db190c-dd57-4f8b-9b4a-0aeeaea9432f,Sedan,HOND -CAR/SUV,2016.0,1,M,Licensed,Parked,Center Back End,Center Back End,,,,N,,Unspecified,Unspecified,BRONX,10458.0,"(40.86226, -73.89589)",0.0,0.0,0,0,0,0,0,0,Sedan,Sedan,0
19007685,4167519,07/09/2019,16:00,e5b28efe-3b43-426d-b93b-16bf91b48ca7,Sedan,BMW -CAR/SUV,2009.0,1,M,Licensed,Going Straight Ahead,Center Front End,Center Front End,,,,N,,Following Too Closely,Unspecified,,,"(40.725273, -73.89286)",1.0,0.0,0,0,0,0,1,0,Station Wagon/Sport Utility Vehicle,Sedan,1
18602733,4104088,03/27/2019,07:30,1ab08c93-fade-4366-9787-d6a1301cb8e3,Station Wagon/Sport Utility Vehicle,CHRY -CAR/SUV,2010.0,0,,,Parked,Center Back End,Center Back End,,,,N,,Unspecified,Unspecified,QUEENS,11385.0,"(40.70263, -73.88317)",0.0,0.0,0,0,0,0,0,0,Sedan,Station Wagon/Sport Utility Vehicle,0
19011046,4169386,07/13/2019,09:10,fc5ac48b-c1ea-459c-9b5d-5fcd16bf62de,Station Wagon/Sport Utility Vehicle,HOND -CAR/SUV,2008.0,1,M,Licensed,Making Right Turn,Right Rear Quarter Panel,Right Rear Quarter Panel,,,,N,,Failure to Yield Right-of-Way,Passing or Lane Usage Improper,BRONX,10462.0,,0.0,0.0,0,0,0,0,0,0,Sedan,Station Wagon/Sport Utility Vehicle,0
19640822,4261165,12/19/2019,09:00,e775c520-979c-48c8-b658-7dfe4eb44bfc,Station Wagon/Sport Utility Vehicle,FORD -CAR/SUV,2003.0,1,M,Licensed,Going Straight Ahead,Center Front End,Center Front End,,,,N,,Driver Inattention/Distraction,Unspecified,BROOKLYN,11234.0,"(40.621178, -73.93005)",0.0,0.0,0,0,0,0,0,0,Station Wagon/Sport Utility Vehicle,Station Wagon/Sport Utility Vehicle,0
19133194,4226212,10/20/2019,13:15,e175265a-9ac7-4dcb-a972-9e29c85725ab,Sedan,FORD -CAR/SUV,2011.0,1,M,Licensed,Going Straight Ahead,Center Front End,No Damage,No Damage,No Damage,No Damage,N,,Driver Inattention/Distraction,Unspecified,MANHATTAN,10018.0,"(40.75355, -73.98505)",0.0,0.0,0,0,0,0,0,0,Sedan,Sedan,0
18540256,4071467,01/29/2019,17:50,c4db6798-726f-4952-bb48-8f7560ece3c7,Station Wagon/Sport Utility Vehicle,MERZ -CAR/SUV,2010.0,1,M,Licensed,Going Straight Ahead,Left Front Bumper,Left Front Bumper,Center Front End,,,N,,Unspecified,Unspecified,QUEENS,11420.0,"(40.686024, -73.81087)",1.0,0.0,0,0,0,0,1,0,Sedan,Station Wagon/Sport Utility Vehicle,1
18894388,4115290,04/15/2019,13:00,5ddcaa7a-5a6e-4364-9ccd-4c266875b10a,Station Wagon/Sport Utility Vehicle,CHEV -CAR/SUV,2018.0,1,M,Licensed,Going Straight Ahead,Center Front End,Center Front End,Right Front Bumper,,,N,,Driver Inattention/Distraction,Driver Inexperience,MANHATTAN,10016.0,"(40.74573, -73.98022)",0.0,0.0,0,0,0,0,0,0,Sedan,Station Wagon/Sport Utility Vehicle,0
19014959,4171240,07/16/2019,08:05,97311a7a-fb50-41ec-b217-313816e27f24,Sedan,TOYT -CAR/SUV,2017.0,1,F,Licensed,Going Straight Ahead,Center Back End,Center Back End,Left Rear Bumper,Right Rear Bumper,,N,,Driver Inattention/Distraction,Reaction to Uninvolved Vehicle,,,"(40.73771, -73.974266)",2.0,0.0,0,0,0,0,2,0,Station Wagon/Sport Utility Vehicle,Sedan,1
19038752,4182769,08/04/2019,23:05,01acc7ff-47b9-4571-80a1-d84ab9d3b5c8,Station Wagon/Sport Utility Vehicle,FORD -CAR/SUV,2008.0,1,M,Licensed,Passing,Right Side Doors,Right Side Doors,Right Rear Bumper,No Damage,No Damage,N,,Passing or Lane Usage Improper,Driver Inattention/Distraction,,,"(40.679367, -73.931335)",0.0,0.0,0,0,0,0,0,0,Station Wagon/Sport Utility Vehicle,Station Wagon/Sport Utility Vehicle,0
19082771,4202429,09/06/2019,23:10,e914c37d-e584-4693-9432-85367628dbdd,Station Wagon/Sport Utility Vehicle,HOND -CAR/SUV,2000.0,1,M,Licensed,Going Straight Ahead,Right Front Quarter Panel,Right Front Quarter Panel,,,,N,,Unspecified,Unspecified,BROOKLYN,11206.0,"(40.702724, -73.95002)",1.0,0.0,0,0,1,0,0,0,Station Wagon/Sport Utility Vehicle,E-Sco,1
19157661,4236901,11/07/2019,00:00,ffc8e12f-ea4a-4d93-825d-582730f19be3,Sedan,TOYT -CAR/SUV,2018.0,1,F,Licensed,Going Straight Ahead,Right Side Doors,Right Side Doors,Right Front Quarter Panel,Right Rear Quarter Panel,,N,,View Obstructed/Limited,Unspecified,QUEENS,11369.0,"(40.764828, -73.86985)",1.0,0.0,0,0,0,0,1,0,Sedan,Sedan,1
19179043,4246176,11/24/2019,02:40,3e5c0efb-c2c5-4415-be20-8eca1caedc39,Sedan,VOLK -CAR/SUV,2017.0,1,M,Licensed,Going Straight Ahead,Left Front Quarter Panel,Left Front Quarter Panel,,,,N,,Driver Inattention/Distraction,Unspecified,QUEENS,11377.0,"(40.73919, -73.92139)",0.0,0.0,0,0,0,0,0,0,Taxi,Sedan,0
19073116,4198249,08/31/2019,20:00,40aa42e8-e8ea-4a3d-9721-ccd774b30517,Sedan,TOYT -CAR/SUV,2005.0,4,F,Licensed,Starting from Parking,Right Side Doors,Right Side Doors,Right Rear Quarter Panel,No Damage,No Damage,N,,Unspecified,Unspecified,BRONX,10473.0,"(40.816353, -73.86773)",0.0,0.0,0,0,0,0,0,0,Sedan,Sedan,0
18945258,4138617,05/24/2019,14:00,8a66ee0b-72fa-4748-b61c-2928ea13ce6a,Sedan,TOYT -CAR/SUV,2019.0,1,,,Parked,Center Front End,Left Front Bumper,Center Front End,Right Front Bumper,,N,,Unspecified,Unspecified,MANHATTAN,10001.0,"(40.749317, -73.99929)",0.0,0.0,0,0,0,0,0,0,Sedan,Bus,0
19096482,4209110,09/18/2019,16:30,52802847-ab39-4c1b-ad81-06ce891b668d,Taxi,TOYT -CAR/SUV,2015.0,0,M,Licensed,Going Straight Ahead,Right Side Doors,Right Side Doors,,,,N,,Unspecified,Unspecified,MANHATTAN,10075.0,"(40.773598, -73.9578)",0.0,0.0,0,0,0,0,0,0,Sedan,Taxi,0
19154194,4235084,11/02/2019,22:40,0872b82a-2035-4a91-88fe-6687f62adadb,Station Wagon/Sport Utility Vehicle,CHRY -CAR/SUV,1998.0,1,M,Licensed,Going Straight Ahead,Center Front End,Center Front End,Left Front Bumper,Right Front Bumper,,N,,Unspecified,Unspecified,,,"(40.67481, -73.79511)",3.0,0.0,0,0,0,0,3,0,Station Wagon/Sport Utility Vehicle,Station Wagon/Sport Utility Vehicle,1
19068138,4195675,08/27/2019,18:51,69022775-0d78-4628-b245-ca37a1eca2d8,Station Wagon/Sport Utility Vehicle,HYUN -CAR/SUV,2011.0,1,M,Licensed,Going Straight Ahead,Right Front Bumper,Right Front Bumper,Center Front End,,,N,,Following Too Closely,Unspecified,QUEENS,11420.0,"(40.666805, -73.8143)",0.0,0.0,0,0,0,0,0,0,Station Wagon/Sport Utility Vehicle,Station Wagon/Sport Utility Vehicle,0
19161644,4238346,11/07/2019,22:15,e6014af4-9a8b-45cf-8fbb-c9ff4520e787,Sedan,TOYT -CAR/SUV,2002.0,0,M,Licensed,Going Straight Ahead,Right Front Bumper,Right Front Bumper,,,,N,,Unspecified,Unspecified,,,"(40.674652, -73.87712)",0.0,0.0,0,0,0,0,0,0,Sedan,Sedan,0
19165606,4241024,11/13/2019,17:40,be249264-ea16-4289-9eb8-849191ef7409,Sedan,MERZ -CAR/SUV,2004.0,1,M,Licensed,Backing,Center Back End,No Damage,No Damage,No Damage,,N,,Unspecified,Unspecified,STATEN ISLAND,10312.0,"(40.54292, -74.16389)",1.0,0.0,1,0,0,0,0,0,Sedan,,1