UNIQUE_ID,COLLISION_ID,CRASH_DATE,CRASH_TIME,VEHICLE_ID,VEHICLE_TYPE,VEHICLE_MAKE,VEHICLE_YEAR,VEHICLE_OCCUPANTS,DRIVER_SEX,DRIVER_LICENSE_STATUS,PRE_CRASH,POINT_OF_IMPACT,VEHICLE_DAMAGE,VEHICLE_DAMAGE_1,VEHICLE_DAMAGE_2,VEHICLE_DAMAGE_3,PUBLIC_PROPERTY_DAMAGE,PUBLIC_PROPERTY_DAMAGE_TYPE,CONTRIBUTING_FACTOR_1,CONTRIBUTING_FACTOR_2,BOROUGH,ZIP CODE,LOCATION,NUMBER OF PERSONS INJURED,NUMBER OF PERSONS KILLED,NUMBER OF PEDESTRIANS INJURED,NUMBER OF PEDESTRIANS KILLED,NUMBER OF CYCLIST INJURED,NUMBER OF CYCLIST KILLED,NUMBER OF MOTORIST INJURED,NUMBER OF MOTORIST KILLED,VEHICLE TYPE CODE 1,VEHICLE TYPE CODE 2,Severity
18906938,4120840,04/25/2019,14:00,b33b6e4e-d8f0-4f37-abb3-ec4a18bb389d,Station Wagon/Sport Utility Vehicle,NISS -CAR/SUV,2017.0,1,F,Licensed,Going Straight Ahead,Right Side Doors,Right Side Doors,Right Front Quarter Panel,Right Rear Quarter Panel,,N,,Unspecified,Unspecified,BROOKLYN,11236.0,"(40.641407, -73.91229)",1.0,0.0,0,0,0,0,1,0,Sedan,Station Wagon/Sport Utility Vehicle,1
19669768,4261928,12/21/2019,03:00,9a71066e-92a4-4c23-9e56-0111028914a2,Station Wagon/Sport Utility Vehicle,JEEP -CAR/SUV,2015.0,1,F,Licensed,Going Straight Ahead,Right Front Bumper,Right Front Bumper,Right Front Quarter Panel,,,N,,Failure to Yield Right-of-Way,Unspecified,QUEENS,11355.0,"(40.743866, -73.82568)",0.0,0.0,0,0,0,0,0,0,Station Wagon/Sport Utility Vehicle,Box Truck,0
19618357,4249173,11/27/2019,11:54,2dd58595-9915-4ca5-b981-2ec5a1fa4d70,Station Wagon/Sport Utility Vehicle,CHEV -CAR/SUV,2016.0,2,F,Licensed,Going Straight Ahead,Right Front Bumper,Right Front Bumper,No Damage,No Damage,No Damage,Unspecified,,Unspecified,Unspecified,,,"(40.790417, -73.95184)",0.0,0.0,0,0,0,0,0,0,Station Wagon/Sport Utility Vehicle,Station Wagon/Sport Utility Vehicle,0
18905804,4120519,04/18/2019,17:18,31eee1d2-9944-4790-8362-59f72da628e1,Bus,CHEV-TRUCK/BUS,2016.0,4,M,Licensed,Making Left Turn,Left Front Bumper,Other,,,,N,,Unspecified,Unspecified,,,"(40.611774, -74.07069)",1.0,0.0,1,0,0,0,0,0,Bus,,1
18970048,4150054,06/12/2019,08:30,81595ca1-5179-4658-a4da-1cce109b7292,Station Wagon/Sport Utility Vehicle,INFI -CAR/SUV,2008.0,3,M,Licensed,Stopped in Traffic,Left Rear Bumper,Left Rear Bumper,Left Rear Quarter Panel,Center Back End,,N,,Unspecified,Unspecified,BRONX,10466.0,"(40.881264, -73.83875)",1.0,0.0,0,0,0,0,1,0,Station Wagon/Sport Utility Vehicle,Sedan,1
19632706,4248792,11/27/2019,00:00,eeb73681-10bc-47f4-9595-ecfa1677990c,Station Wagon/Sport Utility Vehicle,TOYT -CAR/SUV,2016.0,1,M,Licensed,Going Straight Ahead,Center Front End,Center Front End,,,,N,,Unspecified,Unspecified,BRONX,10457.0,"(40.850456, -73.899315)",0.0,0.0,0,0,0,0,0,0,Station Wagon/Sport Utility Vehicle,Station Wagon/Sport Utility Vehicle,0
18511643,4094631,03/09/2019,10:08,6c22d78e-b2c0-46b5-9f26-1a41bbddcab2,Station Wagon/Sport Utility Vehicle,FORD -CAR/SUV,2012.0,1,M,Licensed,Backing,No Damage,No Damage,No Damage,No Damage,No Damage,N,,Driver Inattention/Distraction,Unspecified,MANHATTAN,10027.0,"(40.808292, -73.94883)",1.0,0.0,1,0,0,0,0,0,Station Wagon/Sport Utility Vehicle,,1
18586453,4109578,04/05/2019,16:00,a2cc65bc-7467-4181-95aa-eb10aa3fe355,Sedan,SMRT -CAR/SUV,2017.0,1,M,Licensed,Changing Lanes,Left Front Bumper,Left Front Bumper,Other,,,N,,Driver Inattention/Distraction,Unspecified,BROOKLYN,11219.0,"(40.632107, -74.00703)",0.0,0.0,0,0,0,0,0,0,Station Wagon/Sport Utility Vehicle,Sedan,0
19639029,4248686,11/27/2019,17:45,17be56d4-ec5c-4628-bb34-b712d352dfd6,Station Wagon/Sport Utility Vehicle,FORD -CAR/SUV,2014.0,1,M,Licensed,Backing,Center Back End,Center Back End,No Damage,No Damage,No Damage,N,,Backing Unsafely,Unspecified,QUEENS,11385.0,,0.0,0.0,0,0,0,0,0,0,Sedan,Station Wagon/Sport Utility Vehicle,0
18916717,4125347,05/03/2019,18:04,d3a3dffc-9ee4-437d-837e-9b518ac694fa,Station Wagon/Sport Utility Vehicle,LEXS -CAR/SUV,2017.0,1,F,Licensed,Making Right Turn,Center Front End,Left Front Quarter Panel,No Damage,No Damage,No Damage,N,,Failure to Yield Right-of-Way,Unspecified,QUEENS,11436.0,"(40.666946, -73.79712)",0.0,0.0,0,0,0,0,0,0,Station Wagon/Sport Utility Vehicle,Station Wagon/Sport Utility Vehicle,0
19670342,4260672,12/18/2019,14:40,91ee348d-fdec-456a-963d-d10675cc1b0e,Station Wagon/Sport Utility Vehicle,MERZ -CAR/SUV,2010.0,1,F,Licensed,Making Right Turn,Right Front Quarter Panel,Right Front Quarter Panel,Right Front Bumper,,,N,,Unspecified,Unspecified,,,"(40.67869, -73.748245)",0.0,0.0,0,0,0,0,0,0,Station Wagon/Sport Utility Vehicle,Station Wagon/Sport Utility Vehicle,0
19007537,4167664,05/22/2019,10:30,9aad29a4-137b-41be-9919-a8ca6234fae8,Station Wagon/Sport Utility Vehicle,FORD -CAR/SUV,2017.0,1,M,Licensed,Going Straight Ahead,Left Front Quarter Panel,Left Front Quarter Panel,,,,N,,Unspecified,Unspecified,,,,0.0,0.0,0,0,0,0,0,0,Taxi,Station Wagon/Sport Utility Vehicle,0
19059310,4191918,08/20/2019,11:20,21c96a83-e6d9-4ea3-b85d-3b83724e243b,Sedan,NISS -CAR/SUV,2008.0,3,F,Licensed,Starting from Parking,Left Front Bumper,Left Front Quarter Panel,Center Front End,Right Front Bumper,No Damage,N,,Driver Inexperience,Driver Inattention/Distraction,BROOKLYN,11205.0,"(40.691017, -73.954475)",0.0,0.0,0,0,0,0,0,0,Sedan,Sedan,0
19156216,4236398,11/06/2019,09:34,297ac962-5a55-4175-b72d-675d3e8446cf,Station Wagon/Sport Utility Vehicle,NISS -CAR/SUV,2019.0,1,F,Licensed,Entering Parked Position,Right Front Bumper,Right Front Bumper,,,,N,,Unspecified,Unspecified,,,"(40.727947, -73.85634)",0.0,0.0,0,0,0,0,0,0,Station Wagon/Sport Utility Vehicle,Station Wagon/Sport Utility Vehicle,0
19026351,4176391,07/24/2019,12:40,353ceb0f-a5b6-4de2-b9d8-a08f1736bb4b,Station Wagon/Sport Utility Vehicle,HOND -CAR/SUV,2019.0,4,M,Licensed,Parked,Left Rear Quarter Panel,Left Rear Quarter Panel,,,,N,,Unspecified,Unspecified,QUEENS,11360.0,"(40.77763, -73.77962)",1.0,0.0,0,0,0,0,1,0,Sedan,Station Wagon/Sport Utility Vehicle,1
18549790,4100271,03/19/2019,19:30,b06574b9-4f10-42c6-aad2-32d3e88f0a88,Sedan,TOYT -CAR/SUV,2008.0,1,F,,Slowing or Stopping,Center Back End,Center Back End,,,,N,,Unspecified,Unspecified,BROOKLYN,11236.0,"(40.63874, -73.8952)",0.0,0.0,0,0,0,0,0,0,Sedan,Sedan,0
18585593,4103887,03/26/2019,21:37,973eadcb-267c-4373-a936-2b52b7b6edae,Station Wagon/Sport Utility Vehicle,HOND -CAR/SUV,2014.0,2,M,Licensed,Going Straight Ahead,Right Front Bumper,Right Front Quarter Panel,,,,N,,Unspecified,Unspecified,BRONX,10467.0,"(40.879005, -73.87602)",1.0,0.0,0,0,0,0,1,0,Station Wagon/Sport Utility Vehicle,Taxi,1
19076604,4199359,09/02/2019,15:40,ea184d78-a23c-484a-afe9-a6e633042867,Sedan,HOND -CAR/SUV,2013.0,3,M,Licensed,Going Straight Ahead,Left Front Quarter Panel,Left Front Bumper,,,,N,,Unspecified,Unspecified,BROOKLYN,11207.0,"(40.67398, -73.899315)",1.0,0.0,0,0,0,0,1,0,Sedan,Pick-up Truck,1
19061730,4192887,08/18/2019,00:47,e8abc71a-adc8-4d9f-8df9-255663691ac5,Sedan,DODG -CAR/SUV,2015.0,1,M,Licensed,Going Straight Ahead,Left Front Quarter Panel,Left Side Doors,No Damage,No Damage,No Damage,N,,Driver Inexperience,Other Vehicular,BROOKLYN,11216.0,"(40.68438, -73.94702)",0.0,0.0,0,0,0,0,0,0,Sedan,Sedan,0
19103007,4211871,09/24/2019,17:00,c8806942-62c9-49ab-a58c-fa012bc80437,Station Wagon/Sport Utility Vehicle,FORD -CAR/SUV,2008.0,2,M,Licensed,Going Straight Ahead,Left Front Bumper,Left Front Bumper,,,,N,,Unspecified,Unspecified,QUEENS,11422.0,"(40.660625, -73.736275)",0.0,0.0,0,0,0,0,0,0,Sedan,Station Wagon/Sport Utility Vehicle,0
19175942,4245505,11/21/2019,16:00,ab5a9158-b709-49c9-960e-5885ec12c936,Pick-up Truck,TOYT -CAR/SUV,2017.0,1,M,Licensed,Going Straight Ahead,Right Rear Bumper,Right Rear Bumper,Center Back End,No Damage,No Damage,N,,Unspecified,Unspecified,MANHATTAN,10001.0,"(40.750244, -73.98889)",0.0,0.0,0,0,0,0,0,0,Pick-up Truck,Sedan,0
18984155,4156677,06/17/2019,21:15,afe20304-1288-4581-b168-c6b46ac97a66,Taxi,TOYT -CAR/SUV,2018.0,1,M,Licensed,Starting from Parking,Right Front Bumper,Right Front Quarter Panel,,,,N,,Failure to Yield Right-of-Way,Unsafe Lane Changing,MANHATTAN,10011.0,"(40.741734, -74.00309)",0.0,0.0,0,0,0,0,0,0,Sedan,Taxi,0
19172814,4244125,11/19/2019,14:55,aca57820-3f09-425c-acf7-5260eff0fd98,Sedan,FORD -CAR/SUV,2014.0,1,M,Licensed,Making Left Turn,Left Rear Quarter Panel,No Damage,No Damage,No Damage,No Damage,Unspecified,,Driver Inattention/Distraction,Failure to Yield Right-of-Way,,,"(40.760944, -73.9163)",1.0,0.0,1,0,0,0,0,0,Sedan,,1
18520876,4071613,01/29/2019,17:25,20746064-fcef-48a8-b716-d93e9924501a,Sedan,NISS -CAR/SUV,2018.0,0,,,Parked,Right Side Doors,Right Side Doors,,,,N,,Unspecified,Unspecified,STATEN ISLAND,10314.0,"(40.621, -74.11946)",0.0,0.0,0,0,0,0,0,0,Station Wagon/Sport Utility Vehicle,Sedan,0
19133125,4226389,10/19/2019,14:53,0bb3d32b-eef9-4be8-979e-1c02505dc9d9,Station Wagon/Sport Utility Vehicle,NISS -CAR/SUV,2012.0,3,F,Licensed,Slowing or Stopping,Center Front End,Center Front End,Left Front Bumper,Right Front Bumper,Right Front Quarter Panel,N,,Following Too Closely,Unspecified,,,,1.0,0.0,0,0,0,0,1,0,Station Wagon/Sport Utility Vehicle,Station Wagon/Sport Utility Vehicle,1
18995104,4166095,07/07/2019,20:50,0b80cf24-2707-4c6d-857f-088bd045ea40,Station Wagon/Sport Utility Vehicle,JEEP -CAR/SUV,2019.0,1,M,Licensed,Going Straight Ahead,Left Front Bumper,Left Front Bumper,Left Front Quarter Panel,,,N,,Driver Inattention/Distraction,Unspecified,BROOKLYN,11223.0,"(40.588062, -73.9688)",0.0,0.0,0,0,0,0,0,0,Sedan,Station Wagon/Sport Utility Vehicle,0
19108442,4215098,09/29/2019,23:30,d992ee0c-00d7-451e-b4f1-a5365d0247c7,Station Wagon/Sport Utility Vehicle,LEXS -CAR/SUV,2020.0,1,F,Licensed,Going Straight Ahead,Center Back End,Center Back End,,,,N,,Unspecified,Unspecified,MANHATTAN,10016.0,"(40.750957, -73.98273)",1.0,0.0,0,0,0,0,1,0,Station Wagon/Sport Utility Vehicle,Sedan,1
18958439,4145254,06/04/2019,17:30,99b79f69-e54f-47b9-9c2b-2461c1bbd69d,Sedan,HOND -CAR/SUV,2018.0,1,M,Licensed,Stopped in Traffic,Left Front Quarter Panel,Left Front Quarter Panel,No Damage,No Damage,No Damage,N,,Unspecified,Unspecified,,,"(40.757935, -73.98557)",0.0,0.0,0,0,0,0,0,0,Sedan,Taxi,0
19172710,4243852,11/19/2019,08:30,5f26db5c-10b8-4dd7-beb4-783fb16ff0c8,Sedan,TOYT -CAR/SUV,2013.0,1,F,Licensed,Going Straight Ahead,Right Side Doors,Right Side Doors,,,,N,,Driver Inattention/Distraction,Driver Inattention/Distraction,QUEENS,11358.0,"(40.759373, -73.79054)",0.0,0.0,0,0,0,0,0,0,Sedan,Sedan,0
18995401,4161017,06/28/2019,15:21,ce9f1ba7-85f1-49c6-9fd9-abb1f4ec68ef,Box Truck,HINO -TRUCK/BUS,2019.0,1,M,Licensed,Merging,Right Front Bumper,Right Front Bumper,,,,N,,Unspecified,Unspecified,,,"(40.84525, -73.91499)",0.0,0.0,0,0,0,0,0,0,Sedan,Box Truck,0
18994311,4165888,07/06/2019,02:00,a1b9ddfc-ce0a-40ca-b016-32280c66bbe9,Station Wagon/Sport Utility Vehicle,TOYT -CAR/SUV,2016.0,1,M,Licensed,Going Straight Ahead,Right Front Bumper,Right Front Bumper,Right Front Quarter Panel,No Damage,No Damage,N,,Unspecified,Unspecified,BROOKLYN,11249.0,"(40.72149, -73.958336)",0.0,0.0,0,0,0,0,0,0,Station Wagon/Sport Utility Vehicle,,0
18909942,4122238,04/27/2019,22:03,a3c27340-3a09-4bce-8621-5de75c3dfd61,Sedan,HOND -CAR/SUV,2009.0,5,M,Licensed,Going Straight Ahead,Center Back End,Center Back End,No Damage,No Damage,No Damage,N,,Unspecified,Unspecified,QUEENS,11377.0,"(40.754063, -73.89958)",1.0,0.0,0,0,0,0,1,0,Sedan,Sedan,1
19147271,4232123,10/29/2019,16:45,f86f7cef-8c36-43fb-b20e-5449aa93b667,Sedan,NISS -CAR/SUV,2017.0,1,F,Licensed,Going Straight Ahead,Left Front Quarter Panel,Left Front Bumper,,,,N,,Unspecified,Unspecified,BRONX,10467.0,"(40.876022, -73.862144)",0.0,0.0,0,0,0,0,0,0,Sedan,Station Wagon/Sport Utility Vehicle,0
18513615,4068141,01/16/2019,14:00,066c62db-4ff5-4bc8-ab22-6ce9868294aa,Sedan,NISS -CAR/SUV,2017.0,1,M,Licensed,Going Straight Ahead,Right Front Bumper,Right Front Bumper,Center Front End,Left Front Bumper,Left Front Quarter Panel,N,,Unspecified,Unspecified,QUEENS,11412.0,"(40.696064, -73.763084)",0.0,0.0,0,0,0,0,0,0,Sedan,Sedan,0
18549890,4097595,03/15/2019,21:30,4a7a0274-1127-49b8-85f5-6da593ad565e,Sedan,NISS -CAR/SUV,2010.0,1,F,Licensed,Making Left Turn,Right Front Bumper,Right Front Bumper,Right Front Quarter Panel,Right Side Doors,No Damage,N,,Turning Improperly,Unspecified,,,"(40.877068, -73.906105)",0.0,0.0,0,0,0,0,0,0,Sedan,Sedan,0
19061669,4193317,08/23/2019,00:25,24acba05-aa27-4027-bbe8-afc16261ec63,Station Wagon/Sport Utility Vehicle,FORD -CAR/SUV,2015.0,1,M,Licensed,Going Straight Ahead,Left Front Bumper,Left Front Bumper,Left Front Quarter Panel,No Damage,No Damage,N,,Driver Inexperience,Unsafe Lane Changing,MANHATTAN,10038.0,"(40.713444, -73.99854)",0.0,0.0,0,0,0,0,0,0,Station Wagon/Sport Utility Vehicle,Sedan,0
19081122,4202236,09/07/2019,19:27,2f977d1c-923c-4d2b-9468-4f640dea27d1,Station Wagon/Sport Utility Vehicle,SUBA -CAR/SUV,2012.0,1,,,Making Left Turn,Left Front Bumper,Other,Other,Other,Other,N,,Driver Inattention/Distraction,Passing Too Closely,MANHATTAN,10036.0,"(40.761456, -73.99042)",1.0,0.0,0,0,0,0,1,0,Station Wagon/Sport Utility Vehicle,Station Wagon/Sport Utility Vehicle,1
19514440,4247317,11/25/2019,08:20,504bd571-acef-47c6-a09f-973b15e9fea9,Station Wagon/Sport Utility Vehicle,TOYT -CAR/SUV,2014.0,0,,,Parked,Left Rear Quarter Panel,Left Rear Quarter Panel,,,,Unspecified,,Passing or Lane Usage Improper,Unspecified,QUEENS,11358.0,"(40.755627, -73.794754)",0.0,0.0,0,0,0,0,0,0,Sedan,Station Wagon/Sport Utility Vehicle,0
19624384,4252746,12/03/2019,08:15,efb0a024-d018-4995-94b5-15b217701ee1,Sedan,TOYT -CAR/SUV,2005.0,2,M,Licensed,Going Straight Ahead,Center Back End,Center Back End,,,,N,,Pavement Slippery,Unspecified,BRONX,10459.0,"(40.82328, -73.88746)",0.0,0.0,0,0,0,0,0,0,Sedan,Station Wagon/Sport Utility Vehicle,0
19101264,4210827,09/22/2019,06:27,005f23ae-8e0c-4baf-adc8-076ee4f4b3ab,Station Wagon/Sport Utility Vehicle,TOYT -CAR/SUV,2007.0,1,M,Licensed,Going Straight Ahead,Center Front End,Center Front End,Left Front Bumper,Right Front Bumper,Left Front Quarter Panel,N,,Following Too Closely,Driver Inattention/Distraction,QUEENS,11417.0,"(40.681087, -73.846344)",0.0,0.0,0,0,0,0,0,0,Station Wagon/Sport Utility Vehicle,Station Wagon/Sport Utility Vehicle,0
19157648,4236904,11/06/2019,13:27,77e2c46f-13f6-4499-a769-898c9cbfd525,Station Wagon/Sport Utility Vehicle,MERZ -CAR/SUV,2016.0,1,M,Licensed,Going Straight Ahead,Right Front Bumper,Right Front Bumper,Center Front End,Right Front Quarter Panel,,N,,Following Too Closely,Unspecified,QUEENS,11368.0,"(40.757725, -73.86348)",0.0,0.0,0,0,0,0,0,0,Station Wagon/Sport Utility Vehicle,Station Wagon/Sport Utility Vehicle,0
18549116,4086197,02/24/2019,23:25,3692d2f1-34c2-455e-a226-c93c507b2248,Sedan,BMW -CAR/SUV,2014.0,1,M,Licensed,Going Straight Ahead,Center Back End,Right Rear Bumper,Center Back End,Left Rear Bumper,,N,,Unspecified,Unspecified,BROOKLYN,11201.0,,1.0,0.0,0,0,0,0,1,0,Sedan,Taxi,1
18951159,4137187,05/22/2019,12:40,59afd2e3-873e-498c-8057-342927533fd5,Station Wagon/Sport Utility Vehicle,NISS -CAR/SUV,2005.0,2,F,Licensed,Going Straight Ahead,Center Back End,Center Back End,Left Rear Bumper,Right Rear Bumper,,N,,Unspecified,Unspecified,QUEENS,11419.0,"(40.687668, -73.8117)",1.0,0.0,0,0,0,0,1,0,Station Wagon/Sport Utility Vehicle,Sedan,1
18579952,4088451,02/27/2019,08:35,e60948e0-078f-4bd0-ad3f-008cc8687268,Sedan,LEXS -CAR/SUV,2017.0,1,F,Licensed,Going Straight Ahead,Center Back End,Center Back End,,,,N,,Unspecified,Unspecified,QUEENS,11367.0,"(40.717674, -73.81713)",0.0,0.0,0,0,0,0,0,0,Station Wagon/Sport Utility Vehicle,Sedan,0
19077266,4199966,09/05/2019,00:50,e1b14341-049d-44a3-a950-b840848d01d3,Sedan,HYUN -CAR/SUV,2013.0,0,,,Parked,Left Front Bumper,Left Front Bumper,Left Front Quarter Panel,Center Front End,No Damage,N,,Unspecified,Unspecified,BROOKLYN,11212.0,"(40.67112, -73.913506)",0.0,0.0,0,0,0,0,0,0,Sedan,Station Wagon/Sport Utility Vehicle,0
19644732,4265027,12/25/2019,16:59,fe33d81b-823c-4595-9a7d-e397d51f6ccc,Sedan,HOND -CAR/SUV,2019.0,3,M,Licensed,Going Straight Ahead,Other,No Damage,,,,N,,Unspecified,Unspecified,BROOKLYN,11230.0,"(40.61701, -73.969124)",0.0,0.0,0,0,0,0,0,0,Sedan,,0
19011497,4170000,07/12/2019,18:00,62da7a1c-38f9-4c77-964b-aea7b8059183,Box Truck,HINO -TRUCK/BUS,2012.0,1,M,Licensed,Making Right Turn,No Damage,No Damage,No Damage,No Damage,No Damage,N,,Turning Improperly,Unspecified,,,"(40.84771, -73.93798)",0.0,0.0,0,0,0,0,0,0,Sedan,Box Truck,0
18389444,4078280,02/10/2019,16:59,28bc723c-2894-45cf-b165-d7653f055b57,Station Wagon/Sport Utility Vehicle,HOND -CAR/SUV,2012.0,4,M,Licensed,Going Straight Ahead,Center Front End,Center Front End,Left Front Bumper,Right Front Bumper,No Damage,N,,Unsafe Speed,Unspecified,BRONX,10460.0,"(40.840057, -73.870964)",2.0,0.0,0,0,0,0,2,0,Station Wagon/Sport Utility Vehicle,Station Wagon/Sport Utility Vehicle,1
18588599,4107920,03/31/2019,20:37,feb82c4f-0926-4aad-a580-730ce2aa01c5,Station Wagon/Sport Utility Vehicle,SMRT -CAR/SUV,2019.0,1,M,Licensed,Backing,Center Back End,No Damage,,,,N,,Backing Unsafely,Unspecified,BROOKLYN,11219.0,"(40.635445, -73.99431)",0.0,0.0,0,0,0,0,0,0,Sedan,Station Wagon/Sport Utility Vehicle,0
19156206,4236376,11/05/2019,07:15,42ef4ff2-62a0-481e-a603-529ec3c98ef3,Sedan,HOND -CAR/SUV,2010.0,1,M,Licensed,Going Straight Ahead,Center Front End,Center Front End,Right Front Bumper,Left Front Bumper,,N,,Following Too Closely,Unspecified,,,"(40.73425, -73.86336)",1.0,0.0,0,0,0,0,1,0,Sedan,Sedan,1
18895500,4115929,04/16/2019,08:40,73f7bbb2-21d8-46e6-a108-e93991bbdba9,Sedan,TOYT -CAR/SUV,2002.0,1,M,Licensed,Going Straight Ahead,Right Rear Bumper,Right Rear Bumper,No Damage,No Damage,No Damage,N,,Other Vehicular,Unspecified,,,"(40.59423, -73.908325)",0.0,0.0,0,0,0,0,0,0,Sedan,Sedan,0
18974074,4152736,06/15/2019,14:30,9a01335f-09fc-4073-9e68-0877c5f87c13,Sedan,HYUN -CAR/SUV,2010.0,1,F,Licensed,Going Straight Ahead,Center Back End,Center Back End,,,,N,,Unspecified,Unspecified,BRONX,10456.0,"(40.824066, -73.908714)",0.0,0.0,0,0,0,0,0,0,Taxi,Sedan,0
19615566,4259486,12/16/2019,21:59,154c4235-2d97-4209-bd6b-29ca087c4469,Sedan,FORD -CAR/SUV,2018.0,1,M,Licensed,Slowing or Stopping,Left Front Bumper,No Damage,,,,N,,Pavement Slippery,Unspecified,MANHATTAN,10009.0,"(40.728104, -73.979004)",0.0,0.0,0,0,0,0,0,0,Taxi,Sedan,0
19026241,4176389,07/24/2019,16:50,b12f5316-a2fa-4328-b12e-f5ddfc728c45,Sedan,HOND -CAR/SUV,2012.0,1,M,Licensed,Making Right Turn,Right Front Bumper,Right Front Bumper,Center Front End,,,N,,Failure to Yield Right-of-Way,Driver Inattention/Distraction,QUEENS,11414.0,"(40.667725, -73.851685)",0.0,0.0,0,0,0,0,0,0,Station Wagon/Sport Utility Vehicle,Sedan,0
19010235,4168937,07/09/2019,14:40,b24bf144-6e75-4539-b083-d7436b7cfea8,Station Wagon/Sport Utility Vehicle,HOND -CAR/SUV,2015.0,0,,,Parked,Left Rear Bumper,Center Back End,Right Rear Bumper,,,N,,Unspecified,Unspecified,BROOKLYN,11208.0,"(40.686592, -73.868)",0.0,0.0,0,0,0,0,0,0,Sedan,Station Wagon/Sport Utility Vehicle,0
18944696,4139729,05/26/2019,00:00,1abe3db9-6f81-48b7-907d-1d35bfb1c6da,Sedan,ACUR -CAR/SUV,2018.0,5,F,Licensed,Going Straight Ahead,Center Front End,Center Front End,,,,Unspecified,,Traffic Control Disregarded,Unspecified,BRONX,10457.0,"(40.852978, -73.888916)",5.0,0.0,0,0,0,0,5,0,Station Wagon/Sport Utility Vehicle,Sedan,1
18969502,4150189,06/12/2019,09:30,064dc6db-8899-4539-bebb-67e1c6bc492d,Station Wagon/Sport Utility Vehicle,TOYT -CAR/SUV,2015.0,0,,,Parked,Left Rear Bumper,Left Rear Bumper,,,,Unspecified,,Unspecified,Unspecified,BROOKLYN,11234.0,"(40.617382, -73.943474)",0.0,0.0,0,0,0,0,0,0,Station Wagon/Sport Utility Vehicle,Station Wagon/Sport Utility Vehicle,0
19019899,4173793,07/20/2019,03:10,a7d1596c-72bb-4082-bb57-5bad76a14427,Sedan,TOYT -CAR/SUV,2014.0,0,M,Licensed,Going Straight Ahead,Right Front Bumper,Right Front Bumper,Right Front Bumper,Center Front End,Left Front Bumper,N,,Unspecified,Unspecified,,,"(40.682915, -73.94674)",0.0,0.0,0,0,0,0,0,0,Sedan,Sedan,0
18643384,4095821,03/12/2019,17:00,4ce0770d-7ebe-4566-81ee-bbc8336c16c1,Station Wagon/Sport Utility Vehicle,NISS -CAR/SUV,2016.0,1,M,Licensed,Going Straight Ahead,Right Front Bumper,Right Front Bumper,,,,N,,Following Too Closely,Unspecified,QUEENS,11354.0,"(40.77163, -73.826584)",0.0,0.0,0,0,0,0,0,0,Station Wagon/Sport Utility Vehicle,Sedan,0
19051687,4187954,08/12/2019,18:55,4faa9d3f-b0f4-44d3-84f4-8355cf48298b,Sedan,CHEV -CAR/SUV,2011.0,2,M,Licensed,Backing,Left Rear Bumper,Left Rear Quarter Panel,,,,N,,Backing Unsafely,Driver Inattention/Distraction,BRONX,10469.0,"(40.880146, -73.857216)",0.0,0.0,0,0,0,0,0,0,Sedan,Sedan,0
19062368,4192909,08/22/2019,09:15,9c7b73a5-63a7-4bee-aba5-ce14c239644c,Bus,MERZ-TRUCK/BUS,2014.0,1,M,Licensed,Stopped in Traffic,Left Front Quarter Panel,Left Front Quarter Panel,,,,N,,Unspecified,Unspecified,,,,0.0,0.0,0,0,0,0,0,0,Bus,Flat Bed,0
19153795,4235268,11/02/2019,11:24,617f89b0-3c9d-47b0-979c-46dcb1e4356b,Sedan,VOLK -CAR/SUV,2001.0,1,M,Licensed,Going Straight Ahead,Center Front End,Center Front End,,,,N,,View Obstructed/Limited,Unspecified,QUEENS,11433.0,"(40.696003, -73.797485)",0.0,0.0,0,0,0,0,0,0,Station Wagon/Sport Utility Vehicle,Sedan,0
19127050,4223214,10/14/2019,15:30,2a2b0b40-86d4-4d82-aa3e-953d6125ddce,Pick-up Truck,ISU -CAR/SUV,2015.0,1,M,Licensed,Going Straight Ahead,No Damage,No Damage,,,,N,,Unspecified,Unspecified,QUEENS,11434.0,"(40.65616, -73.76736)",0.0,0.0,0,0,0,0,0,0,Sedan,Pick-up Truck,0
19115372,4217520,10/04/2019,08:35,47297e20-a85b-46e0-98ea-07a43558a520,Sedan,HYUN -CAR/SUV,2017.0,1,F,Licensed,Parked,Left Side Doors,Left Side Doors,,,,N,,Unspecified,Unspecified,BROOKLYN,11232.0,"(40.64616, -73.998474)",0.0,0.0,0,0,0,0,0,0,Sedan,Sedan,0
18490570,4061553,01/03/2019,10:55,5826b5ac-6ab1-4f29-9d6f-92e8069cf5fa,Sedan,FORD -CAR/SUV,2016.0,1,F,Licensed,Entering Parked Position,Right Rear Quarter Panel,Right Rear Quarter Panel,No Damage,No Damage,No Damage,N,,Passing Too Closely,Unspecified,BROOKLYN,11238.0,"(40.67687, -73.97223)",0.0,0.0,0,0,0,0,0,0,Sedan,Station Wagon/Sport Utility Vehicle,0
18941088,4136924,05/21/2019,12:06,61382941-c28b-4b2f-a91e-a290154310ff,Sedan,TOYT -CAR/SUV,2011.0,1,M,,Going Straight Ahead,No Damage,No Damage,,,,N,,Unspecified,Unspecified,BROOKLYN,11230.0,"(40.620476, -73.96838)",0.0,0.0,0,0,0,0,0,0,Sedan,Sedan,0
18528614,4072668,01/15/2019,17:59,d96b73ca-c3b2-4679-9756-edb8eac85fc8,Sedan,NISS -CAR/SUV,2013.0,1,F,Licensed,Going Straight Ahead,Left Front Quarter Panel,Left Front Bumper,Center Front End,Left Front Quarter Panel,No Damage,N,,Unspecified,Unspecified,BRONX,10460.0,,0.0,0.0,0,0,0,0,0,0,Sedan,Sedan,0