UNIQUE_ID,COLLISION_ID,CRASH_DATE,CRASH_TIME,VEHICLE_ID,VEHICLE_TYPE,VEHICLE_MAKE,VEHICLE_YEAR,VEHICLE_OCCUPANTS,DRIVER_SEX,DRIVER_LICENSE_STATUS,PRE_CRASH,POINT_OF_IMPACT,VEHICLE_DAMAGE,VEHICLE_DAMAGE_1,VEHICLE_DAMAGE_2,VEHICLE_DAMAGE_3,PUBLIC_PROPERTY_DAMAGE,PUBLIC_PROPERTY_DAMAGE_TYPE,CONTRIBUTING_FACTOR_1,CONTRIBUTING_FACTOR_2,BOROUGH,ZIP CODE,LOCATION,NUMBER OF PERSONS INJURED,NUMBER OF PERSONS KILLED,NUMBER OF PEDESTRIANS INJURED,NUMBER OF PEDESTRIANS KILLED,NUMBER OF CYCLIST INJURED,NUMBER OF CYCLIST KILLED,NUMBER OF MOTORIST INJURED,NUMBER OF MOTORIST KILLED,VEHICLE TYPE CODE 1,VEHICLE TYPE CODE 2,Severity
18934439,4133605,05/17/2019,06:45,8f949d07-5322-456d-bfe6-1ca8a3352a90,Station Wagon/Sport Utility Vehicle,TOYT -CAR/SUV,2017.0,2,M,Licensed,Going Straight Ahead,Left Side Doors,Left Side Doors,No Damage,No Damage,No Damage,N,,Driver Inattention/Distraction,Unspecified,,,"(40.86935, -73.83656)",0.0,0.0,0,0,0,0,0,0,Station Wagon/Sport Utility Vehicle,Station Wagon/Sport Utility Vehicle,0
18943508,4139806,05/24/2019,14:00,321bd66e-fdda-4f6f-a26e-5d899f0985de,Stake or Rack,FORD-TRUCK/BUS,2015.0,1,M,Licensed,Stopped in Traffic,Center Back End,Center Back End,,,,N,,Unspecified,Unspecified,BROOKLYN,11222.0,"(40.728992, -73.95067)",2.0,0.0,0,0,0,0,2,0,Stake or Rack,Station Wagon/Sport Utility Vehicle,1
18650764,4105191,03/29/2019,08:15,b10ebdcb-46de-41e5-bd1b-860f9b1f1198,Station Wagon/Sport Utility Vehicle,FORD -CAR/SUV,2010.0,1,M,Licensed,Making Left Turn,Right Front Quarter Panel,Right Front Quarter Panel,Right Front Quarter Panel,No Damage,No Damage,N,,Driver Inattention/Distraction,View Obstructed/Limited,BROOKLYN,11207.0,"(40.658577, -73.89063)",0.0,0.0,0,0,0,0,0,0,Station Wagon/Sport Utility Vehicle,Pick-up Truck,0
18927623,4129883,05/12/2019,05:16,8388f262-d3ef-416d-b612-eb1837c223c6,Station Wagon/Sport Utility Vehicle,HOND -CAR/SUV,2006.0,2,M,Licensed,Going Straight Ahead,Center Front End,Center Front End,,,,N,,Following Too Closely,Unspecified,QUEENS,11374.0,"(40.724434, -73.8693)",1.0,0.0,0,0,0,0,1,0,Station Wagon/Sport Utility Vehicle,Sedan,1
19119780,4220107,10/06/2019,12:40,6c55e78e-e34f-4167-a351-3f62a4bda7b0,Station Wagon/Sport Utility Vehicle,FORD -CAR/SUV,2005.0,2,M,Licensed,Slowing or Stopping,Center Front End,Center Front End,Left Front Bumper,Right Front Bumper,,N,,Following Too Closely,Unspecified,,,,0.0,0.0,0,0,0,0,0,0,Sedan,Station Wagon/Sport Utility Vehicle,0
19051735,4188373,08/13/2019,21:40,dc59b297-ebdf-436b-b366-e48ef7f4d2c2,Sedan,JEEP -CAR/SUV,2018.0,,,,Going Straight Ahead,Center Front End,,,,,N,,Unspecified,Unspecified,,,"(40.8361, -73.86909)",0.0,0.0,0,0,0,0,0,0,Sedan,Sedan,0
18592301,4098145,03/16/2019,19:40,2e428810-ed2f-487e-8c28-537e49519b03,Sedan,MITS -CAR/SUV,2019.0,1,M,Licensed,Parked,Center Back End,Center Back End,Right Rear Bumper,Left Rear Bumper,,N,,Unspecified,Unspecified,QUEENS,11385.0,"(40.713116, -73.9096)",0.0,0.0,0,0,0,0,0,0,Flat Bed,Sedan,0
19005389,4165360,07/06/2019,22:00,b914b7f8-7554-4739-baa7-e9a7305f8546,Sedan,HOND -CAR/SUV,2013.0,1,M,Licensed,Parked,Left Side Doors,No Damage,No Damage,No Damage,No Damage,N,,Driver Inattention/Distraction,Other Vehicular,QUEENS,11428.0,"(40.725006, -73.74445)",0.0,0.0,0,0,0,0,0,0,Sedan,Station Wagon/Sport Utility Vehicle,0
19000633,4160594,06/27/2019,16:05,c38709ad-70a7-46da-82c0-7284b14fa60b,Sedan,HOND -CAR/SUV,2008.0,1,F,Licensed,Slowing or Stopping,Right Front Quarter Panel,Right Front Quarter Panel,,,,N,,Unspecified,Unspecified,BRONX,10472.0,"(40.827427, -73.85133)",1.0,0.0,0,0,0,0,1,0,Sedan,Station Wagon/Sport Utility Vehicle,1
18496143,4064932,01/05/2019,13:38,436c62e7-ef7c-464b-aef2-0cddbfe4356b,Sedan,TOYT -CAR/SUV,2014.0,1,M,Licensed,Backing,Left Rear Quarter Panel,Left Rear Quarter Panel,,,,N,,Driver Inattention/Distraction,Backing Unsafely,BROOKLYN,11213.0,"(40.676895, -73.93593)",0.0,0.0,0,0,0,0,0,0,Sedan,Sedan,0
19060224,4192610,08/18/2019,18:45,f23534b9-ade3-4285-a3f1-70dc62038d01,Station Wagon/Sport Utility Vehicle,HOND -CAR/SUV,2007.0,1,M,Licensed,Slowing or Stopping,Center Front End,Center Front End,,,,N,,Following Too Closely,Following Too Closely,,,"(40.797886, -73.97539)",1.0,0.0,0,0,0,0,1,0,Sedan,Station Wagon/Sport Utility Vehicle,1
19031519,4178233,07/27/2019,08:47,d892984b-0793-4f17-be67-5de16e385347,Station Wagon/Sport Utility Vehicle,ACUR -CAR/SUV,2007.0,1,M,Unlicensed,Going Straight Ahead,Right Front Bumper,Right Front Bumper,No Damage,No Damage,No Damage,N,,Failure to Yield Right-of-Way,Unsafe Speed,,,"(40.65749, -73.893074)",1.0,0.0,1,0,0,0,0,0,Station Wagon/Sport Utility Vehicle,Sedan,1
19097984,4209630,09/20/2019,07:20,968ea779-d3c4-4f21-994e-1f328519ff4d,Station Wagon/Sport Utility Vehicle,JEEP -CAR/SUV,2015.0,2,M,Licensed,Making Right Turn,Left Front Bumper,Left Front Bumper,Center Front End,Right Front Bumper,,N,,Unspecified,Unspecified,BROOKLYN,11234.0,"(40.620716, -73.93616)",0.0,0.0,0,0,0,0,0,0,Station Wagon/Sport Utility Vehicle,Sedan,0
18506732,4057647,01/19/2019,16:05,9505130c-17eb-45f0-b32d-2d74750a46e6,Sedan,HOND -CAR/SUV,2005.0,1,M,Licensed,Going Straight Ahead,Center Back End,Center Back End,No Damage,No Damage,No Damage,N,,Unspecified,Unspecified,,,"(40.698536, -73.91788)",0.0,0.0,0,0,0,0,0,0,Sedan,Sedan,0
19072824,4198175,08/23/2019,02:14,5070a54b-4e72-4b3b-903e-2e79a7c669e6,Sedan,FORD -CAR/SUV,2013.0,1,M,Licensed,Going Straight Ahead,Right Front Quarter Panel,Right Side Doors,Right Rear Quarter Panel,,,N,,Unspecified,Unspecified,BRONX,10452.0,"(40.836304, -73.92518)",0.0,0.0,0,0,0,0,0,0,Sedan,Sedan,0
18942791,4141382,05/29/2019,21:11,d13e6b92-37c0-4667-8734-1c3a6c8e2984,Sedan,NISS -CAR/SUV,,,,,Going Straight Ahead,,,,,,N,,Following Too Closely,Driver Inexperience,BROOKLYN,11238.0,"(40.682, -73.96867)",0.0,0.0,0,0,0,0,0,0,Sedan,Sedan,0
19146936,4232305,10/18/2019,23:45,fe0dcca0-3c74-4cbe-af44-a88b15324c70,Sedan,TOYT -CAR/SUV,2009.0,1,M,Licensed,Stopped in Traffic,Center Front End,Center Front End,Left Front Bumper,Right Front Bumper,,N,,Unspecified,Unspecified,BRONX,10451.0,"(40.81934, -73.93012)",0.0,0.0,0,0,0,0,0,0,Sedan,Station Wagon/Sport Utility Vehicle,0
18969201,4150335,06/12/2019,14:45,a9ec3c44-97e0-44a4-8b48-bb0b3d568033,Sedan,MITS -CAR/SUV,2019.0,2,F,Licensed,Parked,Left Rear Quarter Panel,Left Rear Quarter Panel,,,,N,,Unspecified,Unspecified,BROOKLYN,11238.0,"(40.685963, -73.96536)",0.0,0.0,0,0,0,0,0,0,Sedan,,0
19079427,4189700,08/16/2019,14:59,ca4511d6-0e83-4f62-9a50-3e7d1b09fdc9,Station Wagon/Sport Utility Vehicle,TOYT -CAR/SUV,2013.0,0,M,Licensed,Slowing or Stopping,Right Front Quarter Panel,Right Front Quarter Panel,Right Front Bumper,,,N,,Driver Inattention/Distraction,Unspecified,BROOKLYN,11236.0,"(40.644176, -73.912926)",0.0,0.0,0,0,0,0,0,0,Station Wagon/Sport Utility Vehicle,Sedan,0
19141753,4230177,10/27/2019,01:35,b07dd72a-b03d-4799-bdef-59ab9400cfa5,Sedan,HYUN -CAR/SUV,2019.0,1,M,Licensed,Going Straight Ahead,Left Rear Quarter Panel,Left Rear Quarter Panel,,,,N,,Unspecified,Unspecified,MANHATTAN,10036.0,"(40.754684, -73.984245)",0.0,0.0,0,0,0,0,0,0,Sedan,Station Wagon/Sport Utility Vehicle,0
18550695,4076524,02/07/2019,09:30,5ffa3630-41fb-49a8-959c-d2d7242fd89d,Station Wagon/Sport Utility Vehicle,FORD -CAR/SUV,2017.0,1,M,Licensed,Going Straight Ahead,Left Front Bumper,Left Front Bumper,Center Front End,Right Front Bumper,,N,,Failure to Yield Right-of-Way,Unspecified,QUEENS,11105.0,"(40.77926, -73.91514)",0.0,0.0,0,0,0,0,0,0,Station Wagon/Sport Utility Vehicle,Taxi,0
18398614,4082680,02/05/2019,16:31,bf46553d-dd8c-4154-ac2a-59bc1864cd19,Station Wagon/Sport Utility Vehicle,NISS -CAR/SUV,2016.0,3,M,Licensed,Making U Turn,Left Side Doors,Left Side Doors,Left Front Quarter Panel,No Damage,No Damage,N,,Driver Inattention/Distraction,Unspecified,,,"(40.883575, -73.86281)",2.0,0.0,0,0,1,0,1,0,Station Wagon/Sport Utility Vehicle,Bike,1
19170083,4242305,11/17/2019,16:35,de46bfee-e84d-435c-a5ae-2c22c7784235,Sedan,INFI -CAR/SUV,,1,,,Going Straight Ahead,Left Front Bumper,Left Front Bumper,,,,Unspecified,,Driver Inattention/Distraction,Unspecified,BROOKLYN,11208.0,"(40.681686, -73.871574)",1.0,0.0,0,0,0,0,1,0,Sedan,Sedan,1
18985766,4157538,06/21/2019,23:10,d9cb74fe-3aa8-4fb4-a745-fb31045ec9b1,Taxi,TOYT -CAR/SUV,2015.0,1,M,Licensed,Stopped in Traffic,Center Back End,Right Rear Bumper,Left Rear Bumper,Center Front End,Right Front Bumper,N,,Unspecified,Unspecified,,,"(40.84519, -73.9112)",1.0,0.0,0,0,0,0,1,0,Sedan,Sedan,1
19030268,4178101,07/27/2019,19:20,a70b3b51-70b8-418b-b0e3-ac831cf114fb,Sedan,TOYT -CAR/SUV,2017.0,2,F,Licensed,Merging,Left Front Bumper,Left Front Bumper,Left Front Quarter Panel,,,N,,Driver Inattention/Distraction,Passing or Lane Usage Improper,,,"(40.612762, -73.897224)",0.0,0.0,0,0,0,0,0,0,Station Wagon/Sport Utility Vehicle,Sedan,0
19163236,4239652,11/11/2019,14:30,52fbf621-21e3-49f8-bcc9-64207f3ae22e,Tractor Truck Diesel,VOLV -TRUCK/BUS,2016.0,1,M,Licensed,Backing,Trailer,Trailer,No Damage,No Damage,No Damage,N,,Backing Unsafely,Backing Unsafely,BRONX,10461.0,"(40.848747, -73.844955)",0.0,0.0,0,0,0,0,0,0,Tractor Truck Diesel,Station Wagon/Sport Utility Vehicle,0
19656736,4257205,12/12/2019,18:11,d26623e5-83de-4d40-872e-b476dd2aa9f9,Station Wagon/Sport Utility Vehicle,NISS -CAR/SUV,2015.0,1,M,Licensed,Making Right Turn,Left Front Bumper,Left Front Bumper,Left Front Quarter Panel,,,Unspecified,,Driver Inattention/Distraction,Unspecified,BRONX,10460.0,"(40.841087, -73.86447)",0.0,0.0,0,0,0,0,0,0,Station Wagon/Sport Utility Vehicle,Van,0
18995702,4163357,07/01/2019,07:04,84f28aec-a986-45ba-83bf-b118d18f81e2,Bus,FORD-TRUCK/BUS,2017.0,5,M,Licensed,Going Straight Ahead,Center Back End,Center Back End,No Damage,No Damage,No Damage,N,,Unspecified,Unspecified,,,"(40.85352, -73.902725)",0.0,0.0,0,0,0,0,0,0,Sedan,Bus,0
19668942,4251047,12/02/2019,15:00,e0cb17c8-8e33-4faf-b9b1-d9f4da444095,Station Wagon/Sport Utility Vehicle,FORD -CAR/SUV,2010.0,1,M,Licensed,Making Left Turn,Right Rear Quarter Panel,No Damage,,,,N,,Driver Inattention/Distraction,Unspecified,QUEENS,11413.0,,0.0,0.0,0,0,0,0,0,0,Station Wagon/Sport Utility Vehicle,Sedan,0
19495006,4247118,10/18/2019,00:00,60072112-6c9d-4c63-bd0c-955ba66aa2af,Station Wagon/Sport Utility Vehicle,GMC -CAR/SUV,2008.0,1,M,Licensed,Going Straight Ahead,Right Rear Bumper,Right Rear Bumper,Other,Other,Other,N,,Unspecified,Unspecified,BRONX,10469.0,"(40.863697, -73.83347)",0.0,0.0,0,0,0,0,0,0,Station Wagon/Sport Utility Vehicle,Sedan,0
19171489,4243243,11/18/2019,10:20,b7d18fa0-5444-45d9-9919-eb7307fd8114,Station Wagon/Sport Utility Vehicle,HOND -CAR/SUV,2005.0,2,M,Licensed,Stopped in Traffic,No Damage,No Damage,,,,N,,Other Vehicular,Unspecified,,,"(40.736145, -73.91155)",1.0,0.0,0,0,0,0,1,0,Station Wagon/Sport Utility Vehicle,Station Wagon/Sport Utility Vehicle,1
19012866,4170265,07/14/2019,04:10,1d24f575-67c5-4dc4-bc10-6736fd0c8626,Station Wagon/Sport Utility Vehicle,TOYT -CAR/SUV,,1,,,Going Straight Ahead,Left Front Bumper,Left Front Bumper,Left Rear Bumper,Center Front End,,N,,Driver Inattention/Distraction,Driver Inexperience,QUEENS,11419.0,"(40.692474, -73.83197)",0.0,0.0,0,0,0,0,0,0,Sedan,Station Wagon/Sport Utility Vehicle,0
18975031,4152454,06/16/2019,08:00,b9a1e47a-8e0a-41c1-ad5f-8009234318b8,Station Wagon/Sport Utility Vehicle,FORD -CAR/SUV,2019.0,0,,,Parked,Left Rear Bumper,Left Rear Quarter Panel,,,,N,,Unspecified,Unspecified,QUEENS,11377.0,"(40.759148, -73.898415)",0.0,0.0,0,0,0,0,0,0,Station Wagon/Sport Utility Vehicle,,0
18906531,4120750,04/25/2019,19:45,29543bd0-dd88-45a7-8bd5-41abbb7dfbce,Sedan,LEXS -CAR/SUV,1999.0,1,M,Licensed,Going Straight Ahead,Left Front Quarter Panel,Left Front Quarter Panel,Left Side Doors,Left Rear Quarter Panel,No Damage,N,,Unspecified,Unspecified,QUEENS,11420.0,"(40.67901, -73.81259)",0.0,0.0,0,0,0,0,0,0,Sedan,,0
18982883,4156513,06/22/2019,13:55,9cd97f2d-0bdf-4dd0-8790-fb01ef615267,Pick-up Truck,FORD -CAR/SUV,2009.0,2,F,Licensed,Stopped in Traffic,Center Back End,Center Back End,,,,N,,Unspecified,Unspecified,BRONX,10460.0,"(40.835426, -73.89515)",1.0,0.0,0,0,0,0,1,0,Pick-up Truck,Station Wagon/Sport Utility Vehicle,1
19080357,4201763,09/06/2019,17:50,10fc97c1-bbfe-4f47-9c35-efe24bf3b423,Sedan,TOYT -CAR/SUV,2014.0,2,M,Licensed,Going Straight Ahead,Right Side Doors,Right Side Doors,Right Rear Quarter Panel,,,N,,Passing Too Closely,Unspecified,BROOKLYN,11201.0,"(40.693523, -73.980316)",1.0,0.0,0,0,0,0,1,0,Sedan,Bus,1
18578152,4094909,03/11/2019,08:25,2a9d1108-c652-4bcf-993c-11fb0850b794,Station Wagon/Sport Utility Vehicle,HOND -CAR/SUV,2005.0,0,,,Parked,Center Back End,Center Back End,Center Front End,,,N,,Unspecified,Unspecified,QUEENS,11368.0,"(40.74018, -73.86429)",0.0,0.0,0,0,0,0,0,0,Sedan,Station Wagon/Sport Utility Vehicle,0
18985281,4156668,06/22/2019,10:46,a6149bd5-f5d9-4224-a4d9-b721bbb14356,Station Wagon/Sport Utility Vehicle,NISS -CAR/SUV,2004.0,2,M,Licensed,Going Straight Ahead,Right Front Quarter Panel,Right Front Quarter Panel,Right Side Doors,,,N,,Driver Inattention/Distraction,Failure to Yield Right-of-Way,QUEENS,11101.0,"(40.746296, -73.93041)",1.0,0.0,0,0,0,0,1,0,Sedan,Station Wagon/Sport Utility Vehicle,1
18599703,4106271,03/31/2019,04:35,7a662191-0999-4f52-9e51-38c387c44b7c,Sedan,TOYT -CAR/SUV,2013.0,2,M,Licensed,Slowing or Stopping,Center Front End,Center Front End,Center Back End,No Damage,No Damage,N,,Unspecified,Unspecified,,,"(40.753407, -73.852356)",1.0,0.0,0,0,0,0,1,0,Taxi,Sedan,1
19100625,4211202,09/21/2019,00:40,92e0f708-463c-4b79-9a7a-34694985ab99,Station Wagon/Sport Utility Vehicle,FORD -CAR/SUV,2011.0,0,,,Parked,Center Front End,Center Front End,,,,N,,Unspecified,Unspecified,BROOKLYN,11233.0,"(40.68335, -73.91676)",0.0,0.0,0,0,0,0,0,0,Sedan,Station Wagon/Sport Utility Vehicle,0
18529085,4073957,02/02/2019,15:45,21d23153-5075-42a5-99b5-4a9a38614ae3,Sedan,HOND -CAR/SUV,2018.0,1,F,Licensed,Going Straight Ahead,Center Front End,Center Front End,,,,N,,Driver Inattention/Distraction,Unspecified,QUEENS,11433.0,"(40.69407, -73.79715)",0.0,0.0,0,0,0,0,0,0,Sedan,Sedan,0
19156128,4236562,11/06/2019,18:40,28c7b193-4b30-448f-989f-1a5cfde12597,Tractor Truck Diesel,VOLV -TRUCK/BUS,2019.0,2,M,Licensed,Slowing or Stopping,Center Front End,Center Front End,,,,N,,Unspecified,Unspecified,,,"(40.610676, -74.111015)",1.0,0.0,0,0,0,0,1,0,Pick-up Truck,Tractor Truck Diesel,1
19007001,4167646,07/08/2019,11:15,986161ca-2bfd-41e7-b3b1-cfd5408c1730,Sedan,FIAT -CAR/SUV,2016.0,1,M,Licensed,Stopped in Traffic,Right Front Quarter Panel,Right Front Quarter Panel,,,,N,,Unspecified,Unspecified,,,"(40.73201, -73.98203)",0.0,0.0,0,0,0,0,0,0,Sedan,Box Truck,0
18982984,4156353,06/22/2019,06:54,f5931fdb-2229-46cf-aa4d-161cbe3a0285,Sedan,HOND -CAR/SUV,2007.0,1,M,Licensed,Making U Turn,Left Side Doors,Left Side Doors,Left Front Quarter Panel,Left Front Quarter Panel,Left Front Bumper,N,,Driver Inattention/Distraction,Turning Improperly,,,"(40.895195, -73.88012)",0.0,0.0,0,0,0,0,0,0,Sedan,Pick-up Truck,0
18911034,4123433,04/30/2019,17:00,91773e3d-7325-49b4-a608-c5c53e56aa51,Taxi,TOYT -CAR/SUV,2012.0,4,M,Licensed,Going Straight Ahead,Left Front Bumper,Left Front Bumper,Center Front End,Right Front Bumper,,N,,Driver Inattention/Distraction,Following Too Closely,,,"(40.789536, -73.98226)",0.0,0.0,0,0,0,0,0,0,Sedan,Taxi,0
19161536,4238341,11/07/2019,20:50,9341dc74-d2b5-4bd5-a118-8db9a10bd399,Sedan,INFI -CAR/SUV,2006.0,2,M,Licensed,Passing,Right Rear Quarter Panel,Right Rear Quarter Panel,,,,N,,Unspecified,Unspecified,QUEENS,11106.0,"(40.75888, -73.93011)",0.0,0.0,0,0,0,0,0,0,Station Wagon/Sport Utility Vehicle,Sedan,0
19068706,4196173,08/28/2019,14:05,7056d308-6c72-43e2-b803-e73745c0458f,Taxi,TOYT -CAR/SUV,2014.0,1,M,Licensed,Going Straight Ahead,Right Front Bumper,Right Front Quarter Panel,,,,N,,Driver Inattention/Distraction,Driver Inattention/Distraction,MANHATTAN,10013.0,"(40.72345, -74.00384)",0.0,0.0,0,0,0,0,0,0,Sedan,Taxi,0
19160539,4238761,11/10/2019,10:00,d6d6f0c1-7ed9-453e-9f07-104f15cc8ba1,Sedan,LEXS -CAR/SUV,2017.0,0,,,Parked,Left Front Quarter Panel,Left Front Quarter Panel,No Damage,No Damage,No Damage,N,,Unspecified,Unspecified,,,"(40.694126, -73.90581)",0.0,0.0,0,0,0,0,0,0,Sedan,,0
18995455,4161076,06/28/2019,18:15,4013b02f-1eee-494f-b9f7-46d7388c4d55,Sedan,HOND -CAR/SUV,2009.0,1,M,Licensed,Parked,Left Front Bumper,Left Front Bumper,,,,N,,Unspecified,Unspecified,BROOKLYN,11212.0,"(40.669262, -73.91356)",0.0,0.0,0,0,0,0,0,0,Sedan,Sedan,0
19664126,4256032,12/10/2019,18:00,1e05ba34-c8c5-43f9-9ebe-57b5fa8ef77e,Sedan,LEXS -CAR/SUV,2007.0,0,,,Parked,Right Front Bumper,Right Front Bumper,,,,N,,Unspecified,Unspecified,QUEENS,11105.0,"(40.77573, -73.91691)",0.0,0.0,0,0,0,0,0,0,Station Wagon/Sport Utility Vehicle,Sedan,0
18895600,4116002,04/17/2019,00:12,fad18213-7207-4e85-b001-1bc7de2b8f5c,Sedan,NISS -CAR/SUV,2019.0,1,M,Licensed,Going Straight Ahead,Right Side Doors,Right Side Doors,Right Rear Quarter Panel,,,N,,Unsafe Lane Changing,Unspecified,,,"(40.635624, -74.01707)",0.0,0.0,0,0,0,0,0,0,Sedan,Sedan,0
19073439,4198486,09/02/2019,17:58,a4cb41b5-eacf-416a-a8b9-3e9b1ed0bb52,Sedan,HOND -CAR/SUV,2019.0,0,,,Parked,Right Front Quarter Panel,Right Front Quarter Panel,Right Front Bumper,,,N,,Unspecified,Unspecified,MANHATTAN,10023.0,"(40.776295, -73.98215)",0.0,0.0,0,0,0,0,0,0,Station Wagon/Sport Utility Vehicle,Sedan,0
19069199,4196075,08/27/2019,17:36,7bce3d94-5381-421f-ac29-d177729bf932,Sedan,NISS -CAR/SUV,2009.0,1,M,Licensed,Going Straight Ahead,Center Front End,Center Front End,,,,N,,Following Too Closely,Unspecified,,,"(40.666294, -73.79899)",0.0,0.0,0,0,0,0,0,0,Sedan,Sedan,0
19102164,4211676,09/21/2019,14:25,25f2a7fa-8585-4f33-bba9-9fc79e4f71b9,Sedan,NISS -CAR/SUV,2011.0,1,M,Licensed,Backing,Center Back End,Center Back End,Left Rear Bumper,,,N,,Backing Unsafely,Backing Unsafely,MANHATTAN,10013.0,"(40.718422, -74.01047)",0.0,0.0,0,0,0,0,0,0,Sedan,Station Wagon/Sport Utility Vehicle,0
19129038,4224428,10/16/2019,18:32,43771f75-76f2-429f-a841-d891624299df,Station Wagon/Sport Utility Vehicle,HOND -CAR/SUV,2019.0,1,F,Licensed,Parked,Left Front Bumper,Left Front Bumper,Left Front Quarter Panel,,,N,,Unspecified,Unspecified,MANHATTAN,10019.0,"(40.766697, -73.99462)",0.0,0.0,0,0,0,0,0,0,Station Wagon/Sport Utility Vehicle,Station Wagon/Sport Utility Vehicle,0
19037725,4181517,08/01/2019,07:23,3195190b-f768-4f87-93e8-6fba2c12dad6,Sedan,NISS -CAR/SUV,2006.0,0,,,Parked,Left Rear Quarter Panel,Left Rear Quarter Panel,Left Rear Bumper,,,N,,Unspecified,Unspecified,,,"(40.666374, -73.88321)",0.0,0.0,0,0,0,0,0,0,Sedan,,0
18501260,4074202,02/01/2019,18:05,f29a95dc-bb41-434e-9baf-777584f583b3,Sedan,FORD -CAR/SUV,,2,F,Licensed,Making Left Turn,Left Front Quarter Panel,Left Front Quarter Panel,Left Front Quarter Panel,Left Front Quarter Panel,,N,,Driver Inattention/Distraction,Unspecified,QUEENS,11691.0,"(40.60294, -73.75047)",0.0,0.0,0,0,0,0,0,0,Sedan,Station Wagon/Sport Utility Vehicle,0
19148322,4233484,11/01/2019,06:06,151b42dd-b87f-490f-b0a5-9a59f66ce2c8,Sedan,HOND -CAR/SUV,2015.0,1,F,Licensed,Stopped in Traffic,Center Front End,Center Front End,,,,N,,Unspecified,Unspecified,,,"(40.667316, -73.93683)",0.0,0.0,0,0,0,0,0,0,Station Wagon/Sport Utility Vehicle,Sedan,0
19129173,4224386,10/15/2019,15:45,8efbee9b-366d-41c3-a239-c7a8a3815706,Pick-up Truck,FREIGHTLINER,2018.0,2,M,Licensed,Going Straight Ahead,Right Front Quarter Panel,Right Front Quarter Panel,,,,N,,Failure to Yield Right-of-Way,Unspecified,,,"(40.704033, -73.81711)",0.0,0.0,0,0,0,0,0,0,Station Wagon/Sport Utility Vehicle,Pick-up Truck,0
19018132,4172533,07/18/2019,09:35,76175e64-ec14-4b85-917e-a31db85f3b47,Pick-up Truck,FORD -CAR/SUV,2009.0,2,F,Licensed,Stopped in Traffic,Center Back End,Center Back End,Left Rear Bumper,Right Rear Bumper,No Damage,N,,Unspecified,Unspecified,,,"(40.868282, -73.90107)",0.0,0.0,0,0,0,0,0,0,Pick-up Truck,Station Wagon/Sport Utility Vehicle,0
18982997,4156217,06/21/2019,18:40,9da7dcc9-41cc-4d80-9512-1f4fc2913eef,Tow Truck / Wrecker,FORD-TRUCK/BUS,2006.0,2,M,Licensed,Going Straight Ahead,Right Front Bumper,Right Front Bumper,No Damage,No Damage,No Damage,N,,Following Too Closely,Unspecified,MANHATTAN,10035.0,"(40.804546, -73.93785)",0.0,0.0,0,0,0,0,0,0,Tow Truck / Wrecker,Box Truck,0
18511820,4067930,01/15/2019,17:43,92737839-e8d5-4f46-844f-e04ab7a0bfc4,Sedan,TOYT -CAR/SUV,2002.0,1,M,Licensed,Going Straight Ahead,Center Front End,Center Front End,,,,N,,Driver Inattention/Distraction,Unspecified,BRONX,10466.0,"(40.89466, -73.86137)",0.0,0.0,0,0,0,0,0,0,Sedan,Sedan,0
19152204,4234661,10/30/2019,19:45,f5a501c9-ac48-40d2-8dd8-165c02e6a7f1,Station Wagon/Sport Utility Vehicle,CHEV -CAR/SUV,2015.0,1,M,Licensed,Going Straight Ahead,Right Front Bumper,Right Front Bumper,No Damage,No Damage,No Damage,N,,Passing Too Closely,Unspecified,QUEENS,11415.0,"(40.706055, -73.83143)",0.0,0.0,0,0,0,0,0,0,Station Wagon/Sport Utility Vehicle,Sedan,0
18561434,4071098,01/29/2019,10:45,3128a900-df46-4506-828c-ed510c00d3f0,Box Truck,ISU-TRUCK/BUS,2007.0,1,M,Licensed,Going Straight Ahead,Right Front Quarter Panel,No Damage,,,,N,,Passing or Lane Usage Improper,Unspecified,QUEENS,11355.0,"(40.74552, -73.83544)",0.0,0.0,0,0,0,0,0,0,Tow Truck / Wrecker,Box Truck,0
19083432,4203173,09/09/2019,14:57,1d555267-97b3-4071-8fb9-287cb6734548,Station Wagon/Sport Utility Vehicle,FORD -CAR/SUV,2013.0,3,M,Licensed,Parked,Other,Other,No Damage,No Damage,No Damage,N,,Unspecified,Unspecified,,,"(40.668797, -73.93113)",0.0,0.0,0,0,0,0,0,0,Station Wagon/Sport Utility Vehicle,Station Wagon/Sport Utility Vehicle,0
18523907,4111521,04/07/2019,00:00,ce59a683-bf25-4544-82de-e378dc95090d,Sedan,TOYT -CAR/SUV,2017.0,2,M,Licensed,Slowing or Stopping,Right Side Doors,Right Side Doors,,,,N,,Passenger Distraction,Unspecified,,,"(40.829567, -73.95008)",0.0,0.0,0,0,0,0,0,0,Sedan,Sedan,0
19031076,4178914,07/27/2019,23:30,9e458a8e-6586-4f23-92f3-323b1bb929d6,Sedan,MERZ -CAR/SUV,2015.0,0,M,Licensed,Going Straight Ahead,Center Front End,Center Front End,Right Front Bumper,Left Front Bumper,Left Front Quarter Panel,N,,Driver Inattention/Distraction,Following Too Closely,,,"(40.887867, -73.83236)",0.0,0.0,0,0,0,0,0,0,Station Wagon/Sport Utility Vehicle,Sedan,0