UNIQUE_ID,COLLISION_ID,CRASH_DATE,CRASH_TIME,VEHICLE_ID,VEHICLE_TYPE,VEHICLE_MAKE,VEHICLE_YEAR,VEHICLE_OCCUPANTS,DRIVER_SEX,DRIVER_LICENSE_STATUS,PRE_CRASH,POINT_OF_IMPACT,VEHICLE_DAMAGE,VEHICLE_DAMAGE_1,VEHICLE_DAMAGE_2,VEHICLE_DAMAGE_3,PUBLIC_PROPERTY_DAMAGE,PUBLIC_PROPERTY_DAMAGE_TYPE,CONTRIBUTING_FACTOR_1,CONTRIBUTING_FACTOR_2,BOROUGH,ZIP CODE,LOCATION,NUMBER OF PERSONS INJURED,NUMBER OF PERSONS KILLED,NUMBER OF PEDESTRIANS INJURED,NUMBER OF PEDESTRIANS KILLED,NUMBER OF CYCLIST INJURED,NUMBER OF CYCLIST KILLED,NUMBER OF MOTORIST INJURED,NUMBER OF MOTORIST KILLED,VEHICLE TYPE CODE 1,VEHICLE TYPE CODE 2,Severity
19650833,4259074,12/15/2019,00:00,c0e4329b-e260-47cd-8b13-9f37770b3cb7,Station Wagon/Sport Utility Vehicle,DODG -CAR/SUV,2019.0,1,F,Licensed,Backing,Left Rear Bumper,Left Rear Bumper,No Damage,No Damage,No Damage,N,,Driver Inattention/Distraction,Backing Unsafely,QUEENS,11372.0,"(40.755524, -73.876854)",0.0,0.0,0,0,0,0,0,0,Station Wagon/Sport Utility Vehicle,Station Wagon/Sport Utility Vehicle,0
18931937,4132455,05/15/2019,15:08,f161786d-d6f2-43fe-9f21-52b528bc6ee3,Sedan,NISS -CAR/SUV,2019.0,1,F,Licensed,Slowing or Stopping,Center Back End,Center Back End,Center Front End,,,N,,Unspecified,Unspecified,QUEENS,11361.0,"(40.768494, -73.78169)",0.0,0.0,0,0,0,0,0,0,Station Wagon/Sport Utility Vehicle,Sedan,0
18525628,4086959,02/24/2019,19:12,e20ac325-8aac-464f-a242-445de692b28c,Tractor Truck Diesel,HINO -TRUCK/BUS,2015.0,0,,,Parked,Left Side Doors,Left Side Doors,,,,Unspecified,,Unspecified,Unspecified,BRONX,10474.0,"(40.816864, -73.882744)",0.0,0.0,0,0,0,0,0,0,Tractor Truck Diesel,Tractor Truck Diesel,0
18388321,4077607,02/08/2019,19:30,1982facc-71c6-42d6-9639-466ec36948ba,Pick-up Truck,DODG -CAR/SUV,2014.0,2,M,Licensed,Parked,Right Side Doors,Right Side Doors,,,,N,,Traffic Control Disregarded,Unspecified,,,"(40.66132, -73.942696)",0.0,0.0,0,0,0,0,0,0,Pick-up Truck,Sedan,0
19073908,4198523,09/02/2019,15:25,a2985853-2582-435b-9000-41863120711d,Station Wagon/Sport Utility Vehicle,KIA -CAR/SUV,2019.0,5,F,Licensed,Going Straight Ahead,Right Rear Quarter Panel,Right Rear Quarter Panel,No Damage,No Damage,No Damage,N,,Unspecified,Unspecified,,,"(40.87686, -73.87974)",0.0,0.0,0,0,0,0,0,0,Station Wagon/Sport Utility Vehicle,Box Truck,0
18570721,4090059,03/02/2019,12:10,536ee09d-e9d5-4d51-af3f-ee357c66b5f7,Station Wagon/Sport Utility Vehicle,TOYT -CAR/SUV,2004.0,0,M,Unlicensed,Backing,Center Back End,Center Back End,,,,N,,Driver Inexperience,Backing Unsafely,BRONX,10472.0,"(40.83146, -73.86011)",0.0,0.0,0,0,0,0,0,0,Station Wagon/Sport Utility Vehicle,Station Wagon/Sport Utility Vehicle,0
19664926,4253222,12/05/2019,10:30,b43dfd08-4d31-4426-838a-5adb67167a97,Sedan,HOND -CAR/SUV,2017.0,1,F,Licensed,Making Right Turn,Left Front Bumper,Left Front Bumper,,,,N,,Driver Inattention/Distraction,Unspecified,,,"(40.742523, -73.94924)",0.0,0.0,0,0,0,0,0,0,Sedan,Box Truck,0
18976891,4153560,06/18/2019,05:12,787c3a27-4613-4ae4-a973-09b39d860ee0,Taxi,TOYT -CAR/SUV,2008.0,1,M,Licensed,Going Straight Ahead,Left Side Doors,Left Side Doors,Left Rear Quarter Panel,,,N,,Unspecified,Unspecified,MANHATTAN,10065.0,"(40.76311, -73.962524)",0.0,0.0,0,0,0,0,0,0,Station Wagon/Sport Utility Vehicle,Taxi,0
19176865,4245977,11/21/2019,21:00,c80c8642-73fb-461e-8634-bf676c37cc5b,Station Wagon/Sport Utility Vehicle,CHEV -CAR/SUV,2015.0,1,,,Entering Parked Position,Right Rear Bumper,Center Back End,Left Rear Bumper,No Damage,No Damage,N,,Backing Unsafely,Driver Inattention/Distraction,MANHATTAN,10036.0,"(40.75883, -73.981766)",0.0,0.0,0,0,0,0,0,0,Sedan,Station Wagon/Sport Utility Vehicle,0
18973977,4152742,06/14/2019,16:45,32ac580a-8b25-499e-b225-9333a3794a92,Station Wagon/Sport Utility Vehicle,LEXS -CAR/SUV,2008.0,1,M,Licensed,Going Straight Ahead,Right Front Bumper,Right Front Quarter Panel,No Damage,No Damage,No Damage,N,,Unspecified,Unspecified,,,"(40.812725, -73.94931)",0.0,0.0,0,0,0,0,0,0,Station Wagon/Sport Utility Vehicle,Sedan,0
19639571,4253782,12/03/2019,06:30,9a65c3fa-7792-4d32-ab12-37e86cb8e389,Pick-up Truck,TOYT -CAR/SUV,2018.0,1,M,Licensed,Slowing or Stopping,Left Rear Bumper,Left Rear Bumper,Left Rear Bumper,No Damage,No Damage,N,,Unspecified,Unspecified,,,"(40.717014, -73.82971)",0.0,0.0,0,0,0,0,0,0,Sedan,Pick-up Truck,0
18593729,4107383,04/01/2019,23:55,04b13858-8e27-4d6c-96fa-6265d567a7db,Taxi,TOYT -CAR/SUV,2018.0,3,M,Licensed,Stopped in Traffic,Center Back End,Center Back End,Left Rear Bumper,Right Rear Bumper,Undercarriage,N,,Unspecified,Unspecified,,,"(40.84506, -73.916855)",2.0,0.0,0,0,0,0,2,0,Taxi,Taxi,1
19004691,4161980,06/30/2019,17:00,c4828752-02bc-4ed0-93f1-0aeffbdaf29f,Sedan,HOND -CAR/SUV,2013.0,1,M,Licensed,Going Straight Ahead,Right Side Doors,Right Front Quarter Panel,Right Rear Quarter Panel,,,N,,Traffic Control Disregarded,Unspecified,,,"(40.747833, -73.83301)",0.0,0.0,0,0,0,0,0,0,Sedan,Sedan,0
18970783,4151082,06/14/2019,00:55,97e0fdc3-97e7-40e3-a997-a37ab4b792d9,Station Wagon/Sport Utility Vehicle,CHRY -CAR/SUV,2005.0,0,,,Parked,Left Rear Quarter Panel,Left Rear Quarter Panel,Left Rear Bumper,Left Side Doors,,N,,Unspecified,Unspecified,,,"(40.65728, -73.947365)",0.0,0.0,0,0,0,0,0,0,Sedan,Sedan,0
18507423,4059535,01/22/2019,23:20,c4bcc818-80b8-422d-8472-702004b252e7,Station Wagon/Sport Utility Vehicle,NISS -CAR/SUV,2006.0,1,M,Licensed,Making Left Turn,Center Front End,Left Front Bumper,Right Front Bumper,No Damage,No Damage,N,,Unspecified,Unspecified,,,,0.0,0.0,0,0,0,0,0,0,Station Wagon/Sport Utility Vehicle,Station Wagon/Sport Utility Vehicle,0
19159656,4238157,11/09/2019,21:04,d0c7956f-e247-471f-a41f-f1c8018247e3,Sedan,HOND -CAR/SUV,2010.0,1,M,Licensed,Going Straight Ahead,Center Front End,Center Front End,,,,N,,Following Too Closely,Following Too Closely,,,"(40.74045, -73.844376)",0.0,0.0,0,0,0,0,0,0,Taxi,Sedan,0
19137437,4227930,10/23/2019,10:10,48dedd32-a238-474c-a0ba-5cf10870867f,Taxi,TOYT -CAR/SUV,2018.0,1,M,Licensed,Going Straight Ahead,Left Front Bumper,Left Front Bumper,Left Front Quarter Panel,,,N,,Unspecified,Unspecified,,,"(40.734295, -73.97455)",0.0,0.0,0,0,0,0,0,0,Taxi,Taxi,0
18990459,4160057,06/27/2019,19:50,9e9ffd0b-43ef-4566-bcf0-1a8043d4cffd,Sedan,HYUN -CAR/SUV,2016.0,1,F,Licensed,Making Left Turn,Right Front Bumper,Right Front Bumper,Other,,,Unspecified,,Failure to Yield Right-of-Way,Unspecified,MANHATTAN,10002.0,"(40.71918, -73.99029)",1.0,0.0,0,0,1,0,0,0,Sedan,Bike,1
18899036,4117628,04/17/2019,13:26,c7778c9c-c499-463e-bf71-3768f578f9b6,Station Wagon/Sport Utility Vehicle,ACUR -CAR/SUV,2005.0,1,M,Licensed,Going Straight Ahead,Right Front Bumper,Right Front Bumper,,,,N,,Unsafe Lane Changing,Unspecified,MANHATTAN,10025.0,"(40.80417, -73.966705)",0.0,0.0,0,0,0,0,0,0,Station Wagon/Sport Utility Vehicle,Station Wagon/Sport Utility Vehicle,0
18943813,4138996,05/25/2019,01:05,c9c9eca3-157e-4179-87f6-0ae835f24d82,Sedan,NISS -CAR/SUV,2017.0,1,M,Licensed,Going Straight Ahead,Right Rear Quarter Panel,Right Rear Quarter Panel,Center Back End,Right Rear Quarter Panel,No Damage,N,,Unspecified,Unspecified,MANHATTAN,10013.0,"(40.719395, -74.00189)",0.0,0.0,0,0,0,0,0,0,Sedan,,0
19093526,4207723,09/17/2019,14:42,036a9494-651c-45f7-8b32-d8b94ff59cfd,Sedan,HOND -CAR/SUV,2017.0,1,M,Licensed,Going Straight Ahead,Left Rear Bumper,Left Rear Bumper,No Damage,No Damage,No Damage,N,,Unspecified,Unspecified,MANHATTAN,10065.0,"(40.763733, -73.962074)",0.0,0.0,0,0,0,0,0,0,Sedan,CRANE,0
19082478,4202312,09/04/2019,17:58,42e1c6cf-cff8-4460-ba17-3a97ed5c986c,Station Wagon/Sport Utility Vehicle,FORD -CAR/SUV,2009.0,3,M,Licensed,Going Straight Ahead,Center Back End,Center Back End,Right Rear Bumper,,,N,,Reaction to Uninvolved Vehicle,Unspecified,BROOKLYN,11234.0,"(40.63033, -73.93103)",1.0,0.0,0,0,0,0,1,0,Station Wagon/Sport Utility Vehicle,Sedan,1
19629839,4265193,12/25/2019,17:53,848e5cd4-244a-4fd2-930b-c648e4063004,Sedan,CHEV -CAR/SUV,1989.0,1,,,Going Straight Ahead,Right Front Bumper,No Damage,No Damage,No Damage,No Damage,N,,Driver Inattention/Distraction,Driver Inexperience,MANHATTAN,10013.0,"(40.715965, -73.99831)",0.0,0.0,0,0,0,0,0,0,Sedan,Sedan,0
19002278,4165699,07/06/2019,15:25,3e87a122-0f98-4774-aa27-8ece72b01aba,Station Wagon/Sport Utility Vehicle,JEEP -CAR/SUV,2011.0,0,,,Parked,Left Front Quarter Panel,Left Front Quarter Panel,Left Side Doors,,,N,,Unspecified,Unspecified,QUEENS,11379.0,"(40.719677, -73.8705)",0.0,0.0,0,0,0,0,0,0,Sedan,Station Wagon/Sport Utility Vehicle,0
19075475,4199630,09/04/2019,14:20,ff61fc1c-7036-4c1e-b238-eb1af5636cbd,Box Truck,FRHT-TRUCK/BUS,2014.0,2,M,Licensed,Going Straight Ahead,Right Rear Bumper,No Damage,No Damage,No Damage,No Damage,N,,Unspecified,Unspecified,BROOKLYN,11205.0,"(40.69802, -73.97499)",0.0,0.0,0,0,0,0,0,0,Box Truck,,0
18502986,4056901,01/16/2019,07:00,b4822a81-0514-4787-84cd-977f7787a4c6,Station Wagon/Sport Utility Vehicle,starcraft,2011.0,1,M,Licensed,Going Straight Ahead,Center Front End,No Damage,No Damage,No Damage,No Damage,N,,Following Too Closely,Unspecified,BRONX,10458.0,"(40.8617, -73.89139)",1.0,0.0,0,0,0,0,1,0,Sedan,Station Wagon/Sport Utility Vehicle,1
19134675,4226927,10/20/2019,14:50,d1dca7fa-ba66-4010-86af-1cbbb5975778,Station Wagon/Sport Utility Vehicle,MERZ -CAR/SUV,2018.0,1,M,Licensed,Going Straight Ahead,Right Side Doors,Right Side Doors,Right Front Quarter Panel,Right Rear Quarter Panel,Right Rear Bumper,N,,Driver Inattention/Distraction,Following Too Closely,MANHATTAN,10012.0,"(40.720623, -73.99498)",0.0,0.0,0,0,0,0,0,0,Station Wagon/Sport Utility Vehicle,Station Wagon/Sport Utility Vehicle,0
19663919,4260568,12/18/2019,16:10,39e78d77-3487-4cf4-bc8a-43abbf19811b,Station Wagon/Sport Utility Vehicle,MERZ -CAR/SUV,2018.0,1,F,Licensed,Going Straight Ahead,Right Front Quarter Panel,Right Front Quarter Panel,Right Side Doors,Right Rear Quarter Panel,,N,,Unspecified,Unspecified,QUEENS,11367.0,,0.0,0.0,0,0,0,0,0,0,Station Wagon/Sport Utility Vehicle,Station Wagon/Sport Utility Vehicle,0
18508069,4068705,01/23/2019,14:15,a9999977-910d-4979-ab1e-305aefe6bc0c,,FREIGHT TT,2010.0,1,M,Licensed,Going Straight Ahead,Right Front Quarter Panel,Right Front Quarter Panel,,,,N,,Driver Inattention/Distraction,Following Too Closely,MANHATTAN,10013.0,"(40.71755, -73.99932)",0.0,0.0,0,0,0,0,0,0,Station Wagon/Sport Utility Vehicle,,0
18537320,4075567,02/04/2019,12:00,3d9443e8-c351-402e-9989-a9864a5c7e87,Station Wagon/Sport Utility Vehicle,HOND -CAR/SUV,2012.0,1,M,Licensed,Slowing or Stopping,Center Back End,Right Rear Bumper,Center Back End,Right Rear Quarter Panel,Left Rear Bumper,N,,Unspecified,Unspecified,,,"(40.608253, -74.08879)",0.0,0.0,0,0,0,0,0,0,Sedan,Station Wagon/Sport Utility Vehicle,0
19057659,4190975,08/15/2019,12:22,630a26ee-8a9e-418c-aeb4-d94a93354cc1,Station Wagon/Sport Utility Vehicle,TOYT -CAR/SUV,2015.0,1,M,Licensed,Making Left Turn,Right Front Quarter Panel,Right Front Quarter Panel,,,,N,,Unspecified,Unspecified,MANHATTAN,10013.0,"(40.716278, -74.00454)",0.0,0.0,0,0,0,0,0,0,Station Wagon/Sport Utility Vehicle,Station Wagon/Sport Utility Vehicle,0
19169900,4242059,11/15/2019,16:00,7437af31-b056-4283-afa1-2aa065e8138e,Station Wagon/Sport Utility Vehicle,FORD -CAR/SUV,2017.0,1,,,Going Straight Ahead,Right Rear Quarter Panel,Other,,,,N,,Passing or Lane Usage Improper,Reaction to Uninvolved Vehicle,QUEENS,11101.0,"(40.753304, -73.912575)",0.0,0.0,0,0,0,0,0,0,Sedan,Station Wagon/Sport Utility Vehicle,0
18548088,4085655,02/22/2019,14:30,15e1bb18-6dd8-4632-bb66-e12135a47204,Station Wagon/Sport Utility Vehicle,HOND -CAR/SUV,2016.0,2,F,Licensed,Going Straight Ahead,Right Front Bumper,Right Front Quarter Panel,Right Side Doors,,,N,,Unsafe Lane Changing,Unspecified,BROOKLYN,11201.0,"(40.68993, -73.98148)",0.0,0.0,0,0,0,0,0,0,Station Wagon/Sport Utility Vehicle,Sedan,0
19156465,4236760,11/06/2019,15:47,84e2264d-be17-41ef-9ecf-39a66471af73,Van,FORD-TRUCK/BUS,2017.0,2,M,Licensed,Entering Parked Position,Left Side Doors,No Damage,,,,N,,Driver Inattention/Distraction,Passing Too Closely,MANHATTAN,10019.0,"(40.767868, -73.989655)",0.0,0.0,0,0,0,0,0,0,Van,Van,0
19637149,4248983,11/27/2019,18:15,e3811583-115f-48dd-ae03-89f4db26f6e7,Sedan,TOYT -CAR/SUV,2014.0,1,M,Licensed,Going Straight Ahead,Right Front Bumper,Right Front Bumper,,,,N,,Following Too Closely,Unspecified,,,"(40.72328, -74.00801)",1.0,0.0,0,0,0,0,1,0,Sedan,Sedan,1
19031157,4178039,07/25/2019,14:30,28d375e8-68d7-48e9-be40-e3d7508111ae,Sedan,HYUN -CAR/SUV,2015.0,0,,,Parked,Right Rear Bumper,Right Rear Bumper,,,,N,,Unspecified,Unspecified,QUEENS,11385.0,"(40.703575, -73.859215)",0.0,0.0,0,0,0,0,0,0,Sedan,,0
18997440,4162030,07/01/2019,01:00,bd9e16cc-84f4-47a0-ac42-afa723bbf21d,Station Wagon/Sport Utility Vehicle,AUDI -CAR/SUV,2018.0,5,F,Licensed,Going Straight Ahead,Right Front Bumper,Right Front Bumper,,,,N,,Unspecified,Unspecified,,,"(40.61596, -74.03107)",2.0,0.0,0,0,0,0,2,0,Sedan,Station Wagon/Sport Utility Vehicle,1
19114407,4217256,10/02/2019,19:00,6a229a7d-8cf3-486d-8ac3-8596ebcd2c47,Sedan,BMW -CAR/SUV,2011.0,1,M,Licensed,Going Straight Ahead,Center Front End,Right Front Bumper,Left Front Bumper,,,N,,Pavement Slippery,Unspecified,QUEENS,11411.0,"(40.697906, -73.727554)",0.0,0.0,0,0,0,0,0,0,Sedan,Station Wagon/Sport Utility Vehicle,0
18946905,4138360,05/24/2019,18:30,3d163b42-6226-4d8b-b719-beb631948abe,Pick-up Truck,FORD -CAR/SUV,2014.0,1,M,Licensed,Going Straight Ahead,Right Front Bumper,Right Front Bumper,,,,N,,Unspecified,Unspecified,BROOKLYN,11214.0,"(40.608593, -74.00486)",0.0,0.0,0,0,0,0,0,0,Pick-up Truck,Station Wagon/Sport Utility Vehicle,0
19110409,4215405,09/29/2019,15:25,de44aae9-c4fe-40f6-a848-e13c3d0a1323,Sedan,MERZ -CAR/SUV,2016.0,2,M,Licensed,Parked,Center Front End,Center Front End,No Damage,,,N,,Unspecified,Unspecified,QUEENS,11435.0,"(40.688656, -73.79562)",0.0,0.0,0,0,0,0,0,0,Sedan,Station Wagon/Sport Utility Vehicle,0
18506194,4067417,01/14/2019,18:10,e219614e-74dd-42de-9e8f-cae87c333b9a,Sedan,CHEV -CAR/SUV,2018.0,0,M,Licensed,Going Straight Ahead,Right Front Quarter Panel,Right Front Quarter Panel,No Damage,No Damage,No Damage,N,,Unspecified,Unspecified,STATEN ISLAND,10310.0,"(40.629684, -74.11123)",0.0,0.0,0,0,0,0,0,0,Sedan,Sedan,0
19115494,4218021,10/05/2019,15:12,34543fdf-ab47-4b4a-afaa-4fa20b7306d2,Sedan,HOND -CAR/SUV,2018.0,1,M,Licensed,Going Straight Ahead,Right Front Quarter Panel,Right Front Quarter Panel,Right Front Bumper,No Damage,No Damage,N,,Unspecified,Unspecified,BRONX,10468.0,"(40.86615, -73.902695)",0.0,0.0,0,0,0,0,0,0,Sedan,Sedan,0
19079160,4200785,09/06/2019,11:00,86db82e5-eb42-493b-afc4-dc3cf29ad378,Station Wagon/Sport Utility Vehicle,NISS -CAR/SUV,2016.0,0,,,Parked,Center Front End,Center Front End,Left Front Bumper,,,N,,Unspecified,Unspecified,QUEENS,11432.0,"(40.717686, -73.793526)",1.0,0.0,0,0,0,0,1,0,Station Wagon/Sport Utility Vehicle,Station Wagon/Sport Utility Vehicle,1
19150797,4233928,11/01/2019,06:51,38c78438-df4f-4d1c-b1d2-8a6c5825ee9f,Station Wagon/Sport Utility Vehicle,TOYT -CAR/SUV,2012.0,1,M,Licensed,Stopped in Traffic,Center Back End,Center Back End,Left Rear Bumper,,,N,,Unspecified,Unspecified,,,"(40.77344, -73.92097)",0.0,0.0,0,0,0,0,0,0,Station Wagon/Sport Utility Vehicle,Sedan,0
19059597,4192070,08/20/2019,18:10,f70298f1-d2ec-4777-88db-06a77ecb9e12,Sedan,TOYT -CAR/SUV,2002.0,1,M,Licensed,Going Straight Ahead,Right Front Bumper,Right Front Bumper,Center Front End,,,N,,Failure to Yield Right-of-Way,Unspecified,,,,0.0,0.0,0,0,0,0,0,0,Sedan,Pick-up Truck,0
18991498,4159748,06/27/2019,08:10,8793cdad-efde-4ad5-8fa8-3f0ae40dc8a7,Station Wagon/Sport Utility Vehicle,HOND -CAR/SUV,2015.0,1,M,Licensed,Slowing or Stopping,Left Rear Bumper,Left Rear Bumper,Center Back End,Left Rear Quarter Panel,No Damage,N,,Unspecified,Unspecified,,,"(40.75372, -73.83283)",0.0,0.0,0,0,0,0,0,0,Sedan,Station Wagon/Sport Utility Vehicle,0
19052553,4188681,08/14/2019,17:00,f066ccaa-fd3b-4f45-8f98-c41294ebd470,Station Wagon/Sport Utility Vehicle,TOYT -CAR/SUV,2004.0,1,M,Licensed,Entering Parked Position,Center Front End,No Damage,No Damage,No Damage,No Damage,Unspecified,,Unspecified,Driver Inattention/Distraction,BROOKLYN,11226.0,"(40.646584, -73.95684)",1.0,0.0,0,0,0,0,1,0,Station Wagon/Sport Utility Vehicle,Station Wagon/Sport Utility Vehicle,1
19668405,4247562,11/26/2019,00:05,a3a30211-2383-4a62-8939-3635fae87c37,Sedan,NISS -CAR/SUV,2013.0,2,M,Licensed,Going Straight Ahead,Right Front Bumper,Right Front Bumper,Right Front Quarter Panel,Center Front End,,N,,Unspecified,Unspecified,QUEENS,11413.0,"(40.66607, -73.76175)",0.0,0.0,0,0,0,0,0,0,Sedan,,0
19635479,4262505,12/19/2019,14:15,9ded396a-3231-45e2-954e-5ebbba3a97fc,Station Wagon/Sport Utility Vehicle,HYUN -CAR/SUV,2014.0,2,M,Licensed,Going Straight Ahead,Center Back End,Center Back End,Left Rear Bumper,Right Rear Bumper,No Damage,N,,Other Vehicular,Unspecified,BRONX,10467.0,"(40.866577, -73.867325)",3.0,0.0,0,0,0,0,3,0,Station Wagon/Sport Utility Vehicle,Station Wagon/Sport Utility Vehicle,1
18965333,4147870,06/08/2019,19:30,e9044280-61b5-491b-9905-ea563463a2ce,Sedan,INFI -CAR/SUV,2012.0,1,F,Licensed,Merging,Right Front Bumper,Right Side Doors,No Damage,No Damage,No Damage,N,,Failure to Yield Right-of-Way,Unspecified,QUEENS,11369.0,,0.0,0.0,0,0,0,0,0,0,Sedan,Sedan,0
18614264,4104507,03/27/2019,22:00,821e82b4-c130-4cc4-bc98-ab415d549eab,Sedan,TOYT -CAR/SUV,2001.0,2,M,Licensed,Going Straight Ahead,Center Back End,Center Back End,Right Rear Bumper,,,N,,Unspecified,Unspecified,,,"(40.66484, -73.82229)",0.0,0.0,0,0,0,0,0,0,Sedan,Sedan,0
18557203,4092692,02/28/2019,06:30,b26351e1-2912-4cc7-8224-4b3c1c5bca02,Tractor Truck Diesel,FRHT-TRUCK/BUS,2018.0,1,M,Licensed,Going Straight Ahead,Right Front Bumper,Right Front Bumper,No Damage,No Damage,No Damage,N,,Driver Inattention/Distraction,Unsafe Speed,,,"(40.693798, -73.81156)",0.0,0.0,0,0,0,0,0,0,Tractor Truck Diesel,Sedan,0
18930210,4131824,05/14/2019,14:45,d193b238-5e74-4521-a08b-d99900149d48,Bus,ST/CR,2019.0,1,M,Licensed,Changing Lanes,Right Front Bumper,Right Front Bumper,Right Front Quarter Panel,,,N,,Driver Inattention/Distraction,Unspecified,BROOKLYN,11223.0,"(40.606617, -73.98715)",0.0,0.0,0,0,0,0,0,0,Station Wagon/Sport Utility Vehicle,Bus,0
19640165,4258278,12/15/2019,06:32,c1dd3dfd-b880-4491-9995-5c62ca41b670,Station Wagon/Sport Utility Vehicle,TOYT -CAR/SUV,2011.0,0,,,Parked,Left Rear Bumper,Center Back End,Right Rear Bumper,,,N,,Unspecified,Unspecified,BROOKLYN,11234.0,"(40.630505, -73.93232)",0.0,0.0,0,0,0,0,0,0,Sedan,Sedan,0
19000226,4161605,06/29/2019,10:00,538233fd-fe2f-4050-ab1c-616b02be9cc4,Station Wagon/Sport Utility Vehicle,FORD -CAR/SUV,2008.0,1,,,Going Straight Ahead,Center Front End,Center Front End,,,,N,,Driver Inattention/Distraction,Following Too Closely,,,"(40.732822, -73.8684)",0.0,0.0,0,0,0,0,0,0,Sedan,Station Wagon/Sport Utility Vehicle,0
19096989,4209256,09/13/2019,18:00,928fa452-12bb-4d22-a17b-71c1e0a57287,Sedan,NISS -CAR/SUV,2007.0,1,M,Licensed,Going Straight Ahead,Right Side Doors,Right Side Doors,Right Front Quarter Panel,Right Front Bumper,Right Front Quarter Panel,N,,Unspecified,Unspecified,,,,0.0,0.0,0,0,0,0,0,0,Sedan,Tractor Truck Diesel,0
18602018,4107460,03/30/2019,05:00,f1b61747-ddf6-4919-8f7d-3bc5aa8e7776,Station Wagon/Sport Utility Vehicle,CHEV -CAR/SUV,2004.0,1,M,Licensed,Going Straight Ahead,Center Front End,Center Front End,,,,N,,Following Too Closely,Unspecified,,,"(40.742657, -73.846214)",0.0,0.0,0,0,0,0,0,0,Station Wagon/Sport Utility Vehicle,Station Wagon/Sport Utility Vehicle,0
19658368,4259673,12/16/2019,10:42,821f7e1a-9343-4faa-8b8c-48fade87daae,Sedan,FORD -CAR/SUV,2016.0,1,M,Licensed,Parked,Left Front Bumper,Left Front Bumper,Left Front Quarter Panel,,,N,,Unspecified,Unspecified,BRONX,10475.0,"(40.88599, -73.82775)",0.0,0.0,0,0,0,0,0,0,Sedan,Station Wagon/Sport Utility Vehicle,0
19079715,4201355,09/07/2019,19:00,7d4594c9-9f60-47f3-bfdb-62224daa9cbd,Sedan,TOYT -CAR/SUV,2015.0,0,,,Parked,Right Front Bumper,Right Front Bumper,,,,N,,Unspecified,Unspecified,BROOKLYN,11214.0,"(40.604687, -74.00654)",0.0,0.0,0,0,0,0,0,0,Sedan,,0
19017607,4172409,07/18/2019,06:01,3d1d9ec6-589c-44a9-930a-e7d908889313,Station Wagon/Sport Utility Vehicle,JEEP -CAR/SUV,2014.0,1,M,Licensed,Going Straight Ahead,Right Rear Quarter Panel,No Damage,No Damage,No Damage,No Damage,N,,Unspecified,Unspecified,MANHATTAN,10032.0,"(40.832764, -73.94583)",0.0,0.0,0,0,0,0,0,0,Station Wagon/Sport Utility Vehicle,Station Wagon/Sport Utility Vehicle,0
18513870,4065964,01/11/2019,13:15,e1e71337-ac3c-40dd-9f44-edf4ae249785,Sedan,TOYT -CAR/SUV,2014.0,1,M,Licensed,Going Straight Ahead,Center Front End,Center Front End,,,,N,,Unspecified,Unspecified,BROOKLYN,11207.0,"(40.67385, -73.89155)",1.0,0.0,0,0,1,0,0,0,Sedan,Bike,1
18567147,4094842,03/02/2019,07:00,d332fc1e-65e8-4382-bf72-97c53b617f61,Sedan,TOYT -CAR/SUV,2009.0,1,M,Licensed,Going Straight Ahead,Right Front Quarter Panel,Left Front Bumper,Left Front Quarter Panel,Right Front Quarter Panel,,N,,Unspecified,Unspecified,BROOKLYN,11249.0,"(40.708614, -73.964226)",1.0,0.0,1,0,0,0,0,0,Sedan,Station Wagon/Sport Utility Vehicle,1
18613631,4111926,04/09/2019,10:15,35665e34-2f77-49b1-8507-c109b6b12fcf,Station Wagon/Sport Utility Vehicle,VOLK -CAR/SUV,2019.0,1,M,Licensed,Making Right Turn,Right Front Quarter Panel,Right Side Doors,Right Rear Quarter Panel,No Damage,No Damage,N,,Driver Inattention/Distraction,Unspecified,QUEENS,11421.0,"(40.699993, -73.85391)",0.0,0.0,0,0,0,0,0,0,Station Wagon/Sport Utility Vehicle,Sedan,0
19083350,4203513,09/10/2019,17:00,75f499d7-c277-4a1e-9054-47bdd2cff42d,Station Wagon/Sport Utility Vehicle,SUBA -CAR/SUV,2019.0,1,F,Licensed,Backing,Left Front Bumper,Left Front Bumper,No Damage,No Damage,No Damage,N,,Backing Unsafely,Driver Inattention/Distraction,BROOKLYN,11217.0,"(40.67551, -73.97406)",0.0,0.0,0,0,0,0,0,0,Station Wagon/Sport Utility Vehicle,Station Wagon/Sport Utility Vehicle,0
19112259,4216196,09/30/2019,15:30,0c90cd7e-05e7-4f5c-91de-e936bb10c5d5,Sedan,TOYT -CAR/SUV,2019.0,1,M,Licensed,Going Straight Ahead,Center Back End,Center Back End,Right Rear Bumper,Left Rear Bumper,No Damage,N,,Unspecified,Unspecified,,,"(40.83517, -73.8668)",0.0,0.0,0,0,0,0,0,0,Sedan,Sedan,0
19024843,4175531,07/22/2019,09:27,2b2904fd-d5d4-420a-8e3f-2f8f301a682a,Sedan,HOND -CAR/SUV,2018.0,1,F,Licensed,Backing,Left Rear Bumper,Left Rear Bumper,No Damage,No Damage,No Damage,N,,Backing Unsafely,Backing Unsafely,BRONX,10466.0,"(40.892513, -73.85963)",0.0,0.0,0,0,0,0,0,0,Sedan,Sedan,0