UNIQUE_ID,COLLISION_ID,CRASH_DATE,CRASH_TIME,VEHICLE_ID,VEHICLE_TYPE,VEHICLE_MAKE,VEHICLE_YEAR,VEHICLE_OCCUPANTS,DRIVER_SEX,DRIVER_LICENSE_STATUS,PRE_CRASH,POINT_OF_IMPACT,VEHICLE_DAMAGE,VEHICLE_DAMAGE_1,VEHICLE_DAMAGE_2,VEHICLE_DAMAGE_3,PUBLIC_PROPERTY_DAMAGE,PUBLIC_PROPERTY_DAMAGE_TYPE,CONTRIBUTING_FACTOR_1,CONTRIBUTING_FACTOR_2,BOROUGH,ZIP CODE,LOCATION,NUMBER OF PERSONS INJURED,NUMBER OF PERSONS KILLED,NUMBER OF PEDESTRIANS INJURED,NUMBER OF PEDESTRIANS KILLED,NUMBER OF CYCLIST INJURED,NUMBER OF CYCLIST KILLED,NUMBER OF MOTORIST INJURED,NUMBER OF MOTORIST KILLED,VEHICLE TYPE CODE 1,VEHICLE TYPE CODE 2,Severity
19040894,4183663,08/05/2019,19:50,e98fb7ef-2fbd-4615-bdc8-9a11e763eb97,Sedan,VOLV -CAR/SUV,2005.0,1,M,Licensed,Going Straight Ahead,Center Front End,Center Front End,No Damage,No Damage,No Damage,N,,Unspecified,Unspecified,BRONX,10453.0,"(40.846577, -73.913155)",0.0,0.0,0,0,0,0,0,0,Sedan,Sedan,0
18928532,4131455,05/07/2019,15:09,3b9e1ab7-4dfa-46e1-84bd-a130a0f6b9c8,Sedan,INFI -CAR/SUV,2006.0,1,M,Licensed,Parked,Left Rear Quarter Panel,Left Rear Quarter Panel,,,,N,,Unspecified,Unspecified,MANHATTAN,10002.0,"(40.720764, -73.99063)",0.0,0.0,0,0,0,0,0,0,Sedan,TRUCK,0
18564598,4093565,03/06/2019,06:15,a114c420-86aa-4dfc-8262-86f969902238,Sedan,TOYT -CAR/SUV,2016.0,0,M,Licensed,Making U Turn,Right Front Bumper,Right Front Bumper,,,,N,,Turning Improperly,Unspecified,BRONX,10468.0,"(40.868565, -73.89657)",0.0,0.0,0,0,0,0,0,0,Sedan,Sedan,0
19038407,4181916,08/03/2019,00:15,0faa4352-6813-4719-9f32-81630a1cb06b,Sedan,HYUN -CAR/SUV,2019.0,1,F,Licensed,Going Straight Ahead,Right Rear Quarter Panel,Right Rear Quarter Panel,Right Side Doors,Right Rear Bumper,,N,,Other Vehicular,Other Vehicular,,,,1.0,0.0,0,0,0,0,1,0,Sedan,Station Wagon/Sport Utility Vehicle,1
18499021,4062335,01/05/2019,17:26,734293ec-2683-4c13-9182-4592afc02cb7,Sedan,NISS -CAR/SUV,2005.0,2,M,Licensed,Making Left Turn,Right Rear Quarter Panel,Right Rear Quarter Panel,Right Rear Bumper,Right Side Doors,,N,,Driver Inattention/Distraction,Unspecified,,,"(40.734543, -73.93744)",0.0,0.0,0,0,0,0,0,0,Station Wagon/Sport Utility Vehicle,Sedan,0
18958414,4144751,06/03/2019,20:45,47ae5739-c689-46d0-a57a-c7c1f2033d71,Sedan,TOYT -CAR/SUV,2017.0,1,M,Licensed,Making Right Turn,Right Front Bumper,Right Front Bumper,Right Front Quarter Panel,,,N,,Driver Inattention/Distraction,Unspecified,QUEENS,11369.0,"(40.77041, -73.87558)",0.0,0.0,0,0,0,0,0,0,Bus,Sedan,0
18547213,4089391,03/01/2019,21:46,5eb2fcd2-eea1-4353-af90-32cb810059e6,Taxi,NISS -CAR/SUV,2016.0,1,M,Licensed,Making U Turn,Left Side Doors,Left Side Doors,,,,N,,Turning Improperly,Unspecified,MANHATTAN,10007.0,"(40.71523, -74.01334)",0.0,0.0,0,0,0,0,0,0,Station Wagon/Sport Utility Vehicle,Taxi,0
18521689,4065730,01/12/2019,19:39,9e2bec6a-d94c-44e2-a65e-8f42e0cef894,Station Wagon/Sport Utility Vehicle,LEXS -CAR/SUV,2019.0,2,F,Licensed,Going Straight Ahead,Center Back End,Center Back End,Right Rear Bumper,Left Rear Bumper,No Damage,N,,Unspecified,Unspecified,QUEENS,11360.0,"(40.782055, -73.781624)",2.0,0.0,0,0,0,0,2,0,Station Wagon/Sport Utility Vehicle,Station Wagon/Sport Utility Vehicle,1
19006581,4167101,07/09/2019,14:40,7b9b2771-de73-422f-9dfd-cd0d04912479,Sedan,TOYT -CAR/SUV,2018.0,1,M,Licensed,Going Straight Ahead,Left Front Bumper,Left Front Bumper,Center Front End,,,N,,Following Too Closely,Unspecified,QUEENS,11355.0,"(40.754696, -73.82158)",0.0,0.0,0,0,0,0,0,0,Sedan,Station Wagon/Sport Utility Vehicle,0
18931007,4132432,05/09/2019,17:12,3e686e2e-0d01-4ab4-91d3-eee87bbfd961,Station Wagon/Sport Utility Vehicle,TOYT -CAR/SUV,2015.0,1,M,Licensed,Going Straight Ahead,Left Front Bumper,Left Front Bumper,Left Front Bumper,Left Front Bumper,Left Front Bumper,N,,Unspecified,Unspecified,,,"(40.66925, -73.93944)",0.0,0.0,0,0,0,0,0,0,Station Wagon/Sport Utility Vehicle,Station Wagon/Sport Utility Vehicle,0
18538562,4073130,01/29/2019,09:00,792fbc62-e123-4436-8960-c73b6a6b215c,Station Wagon/Sport Utility Vehicle,NISS -CAR/SUV,2013.0,0,,,Parked,Left Rear Bumper,Left Rear Bumper,,,,Unspecified,,Unspecified,Unspecified,QUEENS,11104.0,"(40.746998, -73.92173)",0.0,0.0,0,0,0,0,0,0,Sedan,Station Wagon/Sport Utility Vehicle,0
18560091,4091227,03/03/2019,19:10,e65ba3a8-a53c-4aec-877d-07a6b6e0766e,Pick-up Truck,FORD -CAR/SUV,2015.0,4,M,Licensed,Going Straight Ahead,Right Front Bumper,Right Front Bumper,Right Front Quarter Panel,No Damage,No Damage,N,,Unspecified,Unspecified,BRONX,10468.0,"(40.85934, -73.90551)",0.0,0.0,0,0,0,0,0,0,Pick-up Truck,Sedan,0
18581638,4102342,03/21/2019,20:00,fb1309d7-f9d2-4d51-a82c-c3ab48696b80,Sedan,DODG -CAR/SUV,2005.0,3,M,Licensed,Merging,Left Front Bumper,Left Front Bumper,,,,N,,Driver Inattention/Distraction,Failure to Yield Right-of-Way,,,"(40.829945, -73.93005)",0.0,0.0,0,0,0,0,0,0,Sedan,Sedan,0
18951981,4137988,05/23/2019,12:00,b8ccf169-8d64-4bdc-a917-16a72232556c,Sedan,NISS -CAR/SUV,1998.0,2,M,Licensed,Entering Parked Position,Center Front End,Center Front End,Right Front Bumper,Left Front Bumper,,N,,Unspecified,Unspecified,QUEENS,11377.0,"(40.74573, -73.90212)",0.0,0.0,0,0,0,0,0,0,Sedan,Station Wagon/Sport Utility Vehicle,0
19140411,4229415,10/25/2019,19:53,f4cda767-b70e-4acb-85b8-e54ebc5296b5,Sedan,TOYT -CAR/SUV,2019.0,2,M,Licensed,Stopped in Traffic,Center Back End,Left Rear Bumper,Right Rear Bumper,,Center Front End,N,,Unspecified,Unspecified,,,"(40.76105, -73.7781)",2.0,0.0,0,0,0,0,2,0,Sedan,Station Wagon/Sport Utility Vehicle,1
18544228,4082030,02/16/2019,14:30,dcf16bb6-99be-41ac-adb0-3f9622b62016,Station Wagon/Sport Utility Vehicle,CHRY -CAR/SUV,2005.0,1,F,Licensed,Going Straight Ahead,Center Front End,Center Front End,Left Front Bumper,Right Front Bumper,,N,,Driver Inattention/Distraction,Driver Inexperience,BROOKLYN,11210.0,"(40.636086, -73.95091)",0.0,0.0,0,0,0,0,0,0,Station Wagon/Sport Utility Vehicle,Station Wagon/Sport Utility Vehicle,0
18505053,4070344,01/27/2019,09:30,7f13baac-5d34-4d12-bb0d-8012ee215c28,Sedan,ACUR -CAR/SUV,2000.0,2,M,Licensed,Slowing or Stopping,Center Front End,Center Front End,,,,N,,Following Too Closely,Following Too Closely,,,"(40.785492, -73.984116)",0.0,0.0,0,0,0,0,0,0,Sedan,Sedan,0
19643670,4253021,12/05/2019,22:10,434b741b-8e1b-495a-9cac-c14ea18eec2f,E-Scooter,Honda,,1,M,,Going Straight Ahead,Left Side Doors,Left Side Doors,No Damage,No Damage,No Damage,N,,Unspecified,Unspecified,,,"(40.657516, -73.976166)",1.0,0.0,0,0,1,0,0,0,Taxi,E-Scooter,1
18527757,4056554,01/17/2019,06:15,7b4c756e-3586-416d-8108-1ba7a47b46e9,Station Wagon/Sport Utility Vehicle,LEXS -CAR/SUV,2007.0,1,M,Licensed,Merging,Left Front Quarter Panel,Left Front Quarter Panel,,,,N,,Driver Inattention/Distraction,Failure to Yield Right-of-Way,BROOKLYN,11208.0,,0.0,0.0,0,0,0,0,0,0,Station Wagon/Sport Utility Vehicle,Station Wagon/Sport Utility Vehicle,0
18977247,4153647,06/17/2019,14:26,6bfdee6d-6991-4b88-a706-8a8c67ecd19c,Sedan,FORD -CAR/SUV,2006.0,0,,,Parked,Left Side Doors,Left Rear Quarter Panel,Left Rear Bumper,,,N,,Unspecified,Unspecified,BROOKLYN,11233.0,"(40.67916, -73.926765)",0.0,0.0,0,0,0,0,0,0,Bus,Sedan,0
18991037,4160054,06/27/2019,14:30,a4681541-7d8e-4caf-9d06-18d67365bc1d,Station Wagon/Sport Utility Vehicle,FORD -CAR/SUV,2011.0,1,M,Licensed,Going Straight Ahead,Right Front Bumper,Right Front Bumper,,,,N,,Unspecified,Unspecified,BROOKLYN,11220.0,"(40.64266, -74.00929)",0.0,0.0,0,0,0,0,0,0,Station Wagon/Sport Utility Vehicle,Sedan,0
18990114,4159135,06/26/2019,10:35,299026b6-abea-4044-a880-6a03acf9f532,Station Wagon/Sport Utility Vehicle,NISS -CAR/SUV,2018.0,1,M,Licensed,Going Straight Ahead,Left Front Bumper,Left Front Bumper,,,,N,,Unspecified,Unspecified,QUEENS,11426.0,"(40.72713, -73.72124)",0.0,0.0,0,0,0,0,0,0,Sedan,Station Wagon/Sport Utility Vehicle,0
18897225,4116587,04/17/2019,15:00,b8656ea0-e096-4a07-aabc-f6a73d206c1b,Tractor Truck Diesel,VOLV -TRUCK/BUS,2012.0,1,M,Licensed,Backing,Right Rear Bumper,Right Rear Bumper,,,,N,,Backing Unsafely,Unspecified,BROOKLYN,11237.0,"(40.706944, -73.926956)",0.0,0.0,0,0,0,0,0,0,Station Wagon/Sport Utility Vehicle,Tractor Truck Diesel,0
19073450,4198590,09/01/2019,00:10,875eb2c4-1c87-4757-88db-c3236df0594f,Sedan,HYUN -CAR/SUV,2015.0,1,M,Licensed,Merging,Center Front End,No Damage,,,,N,,Unspecified,Unspecified,,,,0.0,0.0,0,0,0,0,0,0,Station Wagon/Sport Utility Vehicle,Sedan,0
18993280,4165161,07/05/2019,13:20,7ca34bb0-e60c-4f29-8c04-63dfe4426cf6,Station Wagon/Sport Utility Vehicle,HOND -CAR/SUV,2015.0,0,F,Licensed,Going Straight Ahead,Right Front Quarter Panel,No Damage,No Damage,No Damage,,N,,Unspecified,Unspecified,BRONX,10459.0,"(40.82681, -73.889984)",0.0,0.0,0,0,0,0,0,0,Bike,Station Wagon/Sport Utility Vehicle,0
19090951,4205919,09/15/2019,13:00,ddd84ec3-2ab9-440b-a717-abe8bae8d81c,Station Wagon/Sport Utility Vehicle,TOYT -CAR/SUV,2006.0,0,,,Parked,Center Front End,Center Front End,No Damage,No Damage,No Damage,N,,Unspecified,Unspecified,,,"(40.67955, -73.77923)",0.0,0.0,0,0,0,0,0,0,Station Wagon/Sport Utility Vehicle,Station Wagon/Sport Utility Vehicle,0
18921060,4127616,05/06/2019,18:15,0e230842-d18e-43dd-ab5e-43ffcf721023,VESPA,VESPA,2012.0,1,M,Licensed,Going Straight Ahead,Right Front Quarter Panel,Right Front Quarter Panel,,,,N,,Passing or Lane Usage Improper,Unspecified,BROOKLYN,11211.0,"(40.711693, -73.95124)",1.0,0.0,0,0,0,0,1,0,Sedan,VESPA,1
19630608,4264903,12/26/2019,17:15,c8d800c7-e3d2-4fb4-9cde-db17032a0626,Station Wagon/Sport Utility Vehicle,HYUN -CAR/SUV,2015.0,0,,,Parked,Left Front Quarter Panel,Left Front Quarter Panel,No Damage,No Damage,No Damage,N,,Unspecified,Unspecified,,,"(40.674313, -73.95009)",0.0,0.0,0,0,0,0,0,0,Station Wagon/Sport Utility Vehicle,Station Wagon/Sport Utility Vehicle,0
18944724,4139602,05/26/2019,20:28,adad1a66-5630-4209-9032-dbe7314f75f4,Station Wagon/Sport Utility Vehicle,MERZ -CAR/SUV,2007.0,2,M,Licensed,Making Right Turn,Right Rear Quarter Panel,Right Rear Quarter Panel,Right Rear Bumper,No Damage,No Damage,N,,Passing or Lane Usage Improper,Turning Improperly,BRONX,10458.0,"(40.861656, -73.89132)",0.0,0.0,0,0,0,0,0,0,Station Wagon/Sport Utility Vehicle,Station Wagon/Sport Utility Vehicle,0
18556392,4071538,01/29/2019,16:00,ee29b6ed-230c-4d1f-91bf-36c4296128ef,Bus,FORD-TRUCK/BUS,2016.0,2,M,Licensed,Making Left Turn,Right Front Bumper,No Damage,No Damage,No Damage,No Damage,N,,Unspecified,Unspecified,BROOKLYN,11208.0,"(40.678867, -73.87087)",0.0,0.0,0,0,0,0,0,0,Bus,,0
19059860,4192068,08/20/2019,10:00,9ff152d1-72c6-44bf-915b-dbaef1cbb8c7,Box Truck,FORD-TRUCK/BUS,2019.0,2,M,Licensed,Going Straight Ahead,No Damage,No Damage,No Damage,,,Unspecified,,Unspecified,Unspecified,BRONX,10454.0,"(40.803593, -73.919785)",0.0,0.0,0,0,0,0,0,0,Box Truck,Tractor Truck Diesel,0
19124653,4222605,10/09/2019,11:44,33546ff9-5378-4a82-8007-0b4f1ebe0474,Sedan,FORD -CAR/SUV,2015.0,0,,,Parked,Left Side Doors,Left Side Doors,Left Front Quarter Panel,Left Front Bumper,,N,,Unspecified,Unspecified,BROOKLYN,11215.0,"(40.666286, -73.9873)",0.0,0.0,0,0,0,0,0,0,Pick-up Truck,Sedan,0
18585538,4096070,03/13/2019,08:05,857eca55-3ea8-4b11-9300-7034cbf4b1ba,Station Wagon/Sport Utility Vehicle,JEEP -CAR/SUV,2017.0,1,M,Licensed,Going Straight Ahead,Center Back End,Center Back End,Center Front End,Center Front End,,N,,Following Too Closely,Unspecified,,,"(40.607555, -74.08711)",0.0,0.0,0,0,0,0,0,0,Station Wagon/Sport Utility Vehicle,Station Wagon/Sport Utility Vehicle,0
18946327,4138255,05/24/2019,01:40,72370162-4024-4c51-87cb-99ccb33307d2,Sedan,OLDS -CAR/SUV,1994.0,1,M,Licensed,Going Straight Ahead,Left Front Bumper,Right Front Bumper,Center Front End,,,N,,Following Too Closely,Unspecified,BROOKLYN,11209.0,"(40.627243, -74.02357)",1.0,0.0,0,0,0,0,1,0,Sedan,Station Wagon/Sport Utility Vehicle,1
19150775,4233795,11/02/2019,16:00,cd34907f-2799-45f1-ba8f-7d49e3ee425d,Station Wagon/Sport Utility Vehicle,HOND -CAR/SUV,2018.0,2,M,Licensed,Going Straight Ahead,Right Front Bumper,Right Front Bumper,Center Front End,Left Front Bumper,,N,,Following Too Closely,Unspecified,,,"(40.72662, -73.757324)",3.0,0.0,0,0,0,0,3,0,Station Wagon/Sport Utility Vehicle,Station Wagon/Sport Utility Vehicle,1
18612058,4107980,04/03/2019,08:10,290c1cdb-f432-4a0f-895e-cce509a6a220,Sedan,TOYT -CAR/SUV,2006.0,2,M,Licensed,Going Straight Ahead,Left Front Bumper,Center Front End,Right Front Bumper,No Damage,No Damage,N,,Unspecified,Unspecified,,,"(40.686115, -73.801636)",0.0,0.0,0,0,0,0,0,0,Sedan,Sedan,0
18564577,4096119,03/10/2019,12:55,6d422732-6e37-43ca-8053-aba6f46db939,Sedan,TOYT -CAR/SUV,2018.0,1,M,Licensed,Merging,Left Rear Quarter Panel,Left Rear Quarter Panel,,,,N,,Unspecified,Unspecified,,,,0.0,0.0,0,0,0,0,0,0,Sedan,Station Wagon/Sport Utility Vehicle,0
18533194,4075137,02/05/2019,10:27,a93b998b-af5b-4dc3-acfe-f0947b4d8ae8,Pick-up Truck,HINO,2012.0,2,M,Licensed,Making Right Turn,No Damage,No Damage,,,,N,,Driver Inattention/Distraction,Driver Inexperience,MANHATTAN,10019.0,"(40.76142, -73.984055)",0.0,0.0,0,0,0,0,0,0,Station Wagon/Sport Utility Vehicle,Pick-up Truck,0
18892330,4114236,04/09/2019,08:35,682ce64d-acd1-4b84-9ea3-6deab727d2f7,Pick-up Truck,VOLV -CAR/SUV,2017.0,1,M,Licensed,Going Straight Ahead,Right Front Bumper,Right Front Bumper,Right Front Quarter Panel,Right Front Quarter Panel,Right Front Quarter Panel,N,,Driver Inattention/Distraction,Unspecified,,,,0.0,0.0,0,0,0,0,0,0,Pick-up Truck,,0
18987514,4158280,06/25/2019,01:30,9a74231b-a128-4016-985d-c754a7c4f448,Station Wagon/Sport Utility Vehicle,HOND -CAR/SUV,2019.0,1,F,Licensed,Making Left Turn,Left Side Doors,Left Side Doors,No Damage,No Damage,No Damage,N,,Driver Inattention/Distraction,Passing Too Closely,BRONX,10452.0,"(40.84518, -73.91417)",0.0,0.0,0,0,0,0,0,0,Sedan,Station Wagon/Sport Utility Vehicle,0
19152249,4234057,10/20/2019,15:10,89431ecf-b41c-485c-bec9-69305ea33c6b,Sedan,HOND -CAR/SUV,2013.0,3,F,Licensed,Going Straight Ahead,No Damage,No Damage,,,,N,,Unspecified,Unspecified,BRONX,10473.0,"(40.816494, -73.85061)",0.0,0.0,0,0,0,0,0,0,Sedan,Bike,0
18919590,4126735,05/06/2019,13:41,94107820-6518-4db1-8a49-df4efd8863fc,Sedan,HOND -CAR/SUV,2013.0,2,F,Licensed,Stopped in Traffic,Left Rear Bumper,Left Rear Bumper,Center Back End,Right Rear Bumper,No Damage,N,,Unspecified,Unspecified,,,"(40.659485, -73.918304)",2.0,0.0,0,0,0,0,2,0,Sedan,Station Wagon/Sport Utility Vehicle,1
19006865,4166313,07/08/2019,00:15,fd3962ab-5b7e-414d-ae09-86183bbb021b,Station Wagon/Sport Utility Vehicle,JEEP -CAR/SUV,2019.0,1,M,Licensed,Merging,Left Front Bumper,Left Front Bumper,Center Front End,,,N,,Unspecified,Unspecified,,,,0.0,0.0,0,0,0,0,0,0,Station Wagon/Sport Utility Vehicle,Station Wagon/Sport Utility Vehicle,0
19031009,4178711,07/27/2019,09:08,0892c8e8-cdf3-4945-ad06-385393edc6db,Station Wagon/Sport Utility Vehicle,MERC -CAR/SUV,2005.0,1,F,Licensed,Parked,Left Side Doors,Left Side Doors,,,,N,,Driver Inattention/Distraction,Driver Inexperience,QUEENS,11419.0,"(40.69273, -73.816216)",0.0,0.0,0,0,0,0,0,0,Station Wagon/Sport Utility Vehicle,Concrete Mixer,0
19161187,4238816,11/08/2019,13:11,813a0614-0964-4504-9225-f37317e7dd0b,Sedan,HOND -CAR/SUV,2016.0,1,F,Licensed,Parked,Center Front End,Center Front End,,,,N,,Unspecified,Unspecified,BRONX,10466.0,"(40.89368, -73.85724)",0.0,0.0,0,0,0,0,0,0,Sedan,Station Wagon/Sport Utility Vehicle,0
19124746,4220640,10/08/2019,08:00,a700b0d9-7299-4a60-aeed-7851721cde4a,Station Wagon/Sport Utility Vehicle,HOND -CAR/SUV,2010.0,2,M,Licensed,Going Straight Ahead,Right Front Quarter Panel,Right Front Quarter Panel,Right Side Doors,,,N,,Driver Inattention/Distraction,Driver Inexperience,,,"(40.665836, -73.942535)",0.0,0.0,0,0,0,0,0,0,Station Wagon/Sport Utility Vehicle,Station Wagon/Sport Utility Vehicle,0
18973440,4152061,06/16/2019,00:15,f9a2e710-b4bf-4866-9ba6-bd52115f44fb,Station Wagon/Sport Utility Vehicle,KIA -CAR/SUV,2018.0,1,M,Licensed,Going Straight Ahead,Center Front End,Center Front End,Right Front Bumper,No Damage,No Damage,N,,Other Vehicular,Unspecified,,,"(40.60307, -74.01667)",1.0,0.0,0,0,0,0,1,0,Station Wagon/Sport Utility Vehicle,Sedan,1
18907561,4119993,04/23/2019,22:10,c7672b85-0236-4d76-be18-0e0ef06d1006,Taxi,NISS -CAR/SUV,2015.0,1,M,Licensed,Going Straight Ahead,Center Front End,Left Front Bumper,Right Front Bumper,,,N,,Driver Inattention/Distraction,Following Too Closely,,,"(40.728947, -73.92793)",0.0,0.0,0,0,0,0,0,0,Taxi,Station Wagon/Sport Utility Vehicle,0
19117430,4218882,10/05/2019,13:14,d95e80a6-2050-4e82-a385-894f0cfafe55,Station Wagon/Sport Utility Vehicle,JEEP -CAR/SUV,2018.0,1,M,Licensed,Going Straight Ahead,Right Front Quarter Panel,Right Front Quarter Panel,,,,N,,Unspecified,Unspecified,MANHATTAN,10075.0,"(40.77428, -73.957306)",0.0,0.0,0,0,0,0,0,0,Sedan,Station Wagon/Sport Utility Vehicle,0
18625502,4108068,04/03/2019,11:20,e263d16e-16b4-44c1-bac9-34daa1bf17f6,Trail,Stoughton,2013.0,1,M,Licensed,Going Straight Ahead,Roof,No Damage,No Damage,No Damage,No Damage,N,,Driver Inattention/Distraction,Oversized Vehicle,QUEENS,11377.0,"(40.744457, -73.90596)",0.0,0.0,0,0,0,0,0,0,Trail,Sedan,0
18606919,4101244,03/21/2019,18:18,ab6b9431-4563-4ccd-b4a8-6337926c58ae,Sedan,HOND -CAR/SUV,1999.0,1,F,Licensed,Going Straight Ahead,Center Front End,Center Front End,,,,N,,Unspecified,Unspecified,,,"(40.77052, -73.912895)",0.0,0.0,0,0,0,0,0,0,Sedan,Sedan,0
18530170,4074778,02/04/2019,15:03,82c73883-6bec-439d-ac0f-ec82391d38ab,Station Wagon/Sport Utility Vehicle,FORD -CAR/SUV,2005.0,8,F,Licensed,Going Straight Ahead,Center Front End,No Damage,No Damage,No Damage,No Damage,N,,Unspecified,Unspecified,,,,2.0,0.0,0,0,0,0,2,0,Sedan,Station Wagon/Sport Utility Vehicle,1
18944017,4141871,05/29/2019,06:55,b157a30d-ac86-4e77-a9fb-9741fdedb431,Taxi,HOND -CAR/SUV,2018.0,1,M,Licensed,Going Straight Ahead,Left Rear Quarter Panel,Left Rear Quarter Panel,,,,N,,Passing or Lane Usage Improper,Unspecified,,,,0.0,0.0,0,0,0,0,0,0,Taxi,Box Truck,0
18982801,4156359,06/21/2019,06:14,ca9d04e1-91b6-4509-bfb1-813b94bc0f36,Bus,PREVOST,2015.0,1,M,Licensed,Going Straight Ahead,Center Front End,Left Front Bumper,Other,,,N,,Unspecified,Unspecified,STATEN ISLAND,10312.0,"(40.547108, -74.16621)",2.0,0.0,0,0,0,0,2,0,Sedan,Bus,1
18539822,4080928,02/14/2019,07:57,74fd147e-71c4-4564-a4b5-dbb90dbaa30d,Van,DODG-TRUCK/BUS,2019.0,1,M,Licensed,Going Straight Ahead,Center Back End,Left Rear Bumper,Right Rear Bumper,,,N,,Unspecified,Unspecified,,,"(40.62202, -73.98726)",0.0,0.0,0,0,0,0,0,0,Van,Bus,0
19017933,4172698,07/18/2019,15:45,b7aeb53b-96ef-495b-9a0e-f2878deafe63,Sedan,TOYT -CAR/SUV,2016.0,1,M,Licensed,Going Straight Ahead,Right Front Quarter Panel,Right Front Quarter Panel,No Damage,No Damage,No Damage,N,,Driver Inattention/Distraction,Failure to Yield Right-of-Way,MANHATTAN,10016.0,"(40.74608, -73.974945)",0.0,0.0,0,0,0,0,0,0,Station Wagon/Sport Utility Vehicle,Sedan,0
18956690,4144644,06/03/2019,15:25,cd5c6b04-4836-431a-9050-c57d67c31757,Sedan,NISS -CAR/SUV,1999.0,1,M,Licensed,Going Straight Ahead,Center Front End,Center Front End,Left Front Bumper,Right Front Bumper,No Damage,N,,Following Too Closely,Reaction to Uninvolved Vehicle,,,,0.0,0.0,0,0,0,0,0,0,Station Wagon/Sport Utility Vehicle,Sedan,0
18963181,4147059,06/07/2019,16:15,1d30fc95-b0ae-4d2b-8f1b-4101a2c02728,Sedan,TOYT -CAR/SUV,2015.0,1,M,Licensed,Going Straight Ahead,Center Back End,Center Back End,Left Rear Bumper,Center Front End,Left Front Bumper,N,,Driver Inattention/Distraction,Unspecified,,,"(40.745308, -73.90753)",0.0,0.0,0,0,0,0,0,0,Sedan,Sedan,0
19662374,4261594,12/19/2019,21:37,48a5d009-c9ec-4f32-b5e7-0c457a19f375,Sedan,BMW -CAR/SUV,2018.0,1,M,Licensed,Going Straight Ahead,Left Front Quarter Panel,Left Rear Bumper,Left Rear Quarter Panel,Left Side Doors,Other,N,,Pavement Slippery,Unspecified,,,"(40.661777, -73.85069)",0.0,0.0,0,0,0,0,0,0,Sedan,,0
18574948,4075499,02/05/2019,17:45,6f804d48-a4a4-4ba9-8cc0-23e8a4785ab5,Sedan,DODG -CAR/SUV,2010.0,1,M,Licensed,Going Straight Ahead,Center Back End,Center Back End,Left Rear Bumper,Right Rear Bumper,,N,,Unspecified,Unspecified,,,"(40.665794, -73.7464)",0.0,0.0,0,0,0,0,0,0,Sedan,Sedan,0
18918671,4126172,05/05/2019,13:45,93d3593d-62ab-4997-9f19-ae2eb9917d88,Station Wagon/Sport Utility Vehicle,JEEP -CAR/SUV,2015.0,1,F,Licensed,Going Straight Ahead,Left Side Doors,Left Side Doors,,,,N,,Unspecified,Unspecified,QUEENS,11357.0,"(40.777737, -73.812485)",0.0,0.0,0,0,0,0,0,0,Station Wagon/Sport Utility Vehicle,Station Wagon/Sport Utility Vehicle,0
18891376,4113995,04/11/2019,19:15,d0557b39-5d00-4f9e-ace4-a3bff8741266,Garbage or Refuse,MACK-TRUCK/BUS,2017.0,1,M,Licensed,Parked,Left Front Bumper,No Damage,No Damage,No Damage,No Damage,N,,Unspecified,Unspecified,BROOKLYN,11203.0,"(40.661396, -73.941315)",0.0,0.0,0,0,0,0,0,0,Station Wagon/Sport Utility Vehicle,Garbage or Refuse,0
19028013,4177566,07/26/2019,17:50,4d043878-c0c3-4ce1-8f77-183ba67fa903,Taxi,TOYT -CAR/SUV,2014.0,1,M,Licensed,Going Straight Ahead,Center Front End,Center Front End,,,,N,,Driver Inattention/Distraction,Failure to Yield Right-of-Way,BROOKLYN,11238.0,"(40.688087, -73.96683)",0.0,0.0,0,0,0,0,0,0,Taxi,Taxi,0
19000786,4165649,07/06/2019,13:15,a3bd684d-9a49-4c84-ad9e-f17c202f7bd8,Sedan,HOND -CAR/SUV,1998.0,2,F,Licensed,Stopped in Traffic,Left Front Bumper,Left Front Bumper,,,,N,,Unspecified,Unspecified,QUEENS,11373.0,"(40.73648, -73.874275)",0.0,0.0,0,0,0,0,0,0,Sedan,Sedan,0
18528456,4100207,03/20/2019,18:30,d1d30334-471e-4cb8-ac67-f1376eba394c,Sedan,NISS -CAR/SUV,2017.0,1,M,Licensed,Going Straight Ahead,Center Back End,Center Back End,,,,N,,Unspecified,Unspecified,,,"(40.725174, -73.97274)",0.0,0.0,0,0,0,0,0,0,Station Wagon/Sport Utility Vehicle,Sedan,0
19621997,4253475,12/06/2019,22:00,d3118367-fbf7-4587-85e1-6854d9dbb199,Taxi,TOYT -CAR/SUV,2017.0,1,M,Licensed,Going Straight Ahead,Center Back End,Right Rear Bumper,Left Rear Bumper,Center Back End,No Damage,N,,Unspecified,Unspecified,BROOKLYN,11205.0,"(40.693115, -73.96926)",0.0,0.0,0,0,0,0,0,0,Taxi,Pick-up Truck,0
18562595,4102871,03/18/2019,08:15,d396d510-8418-45e6-a7a5-6f4de40b7e09,Station Wagon/Sport Utility Vehicle,DODG -CAR/SUV,2018.0,2,F,Licensed,Going Straight Ahead,Center Front End,Center Front End,,,,Unspecified,,Driver Inattention/Distraction,Unspecified,BROOKLYN,11234.0,"(40.625824, -73.92762)",0.0,0.0,0,0,0,0,0,0,Sedan,Station Wagon/Sport Utility Vehicle,0