UNIQUE_ID,COLLISION_ID,CRASH_DATE,CRASH_TIME,VEHICLE_ID,VEHICLE_TYPE,VEHICLE_MAKE,VEHICLE_YEAR,VEHICLE_OCCUPANTS,DRIVER_SEX,DRIVER_LICENSE_STATUS,PRE_CRASH,POINT_OF_IMPACT,VEHICLE_DAMAGE,VEHICLE_DAMAGE_1,VEHICLE_DAMAGE_2,VEHICLE_DAMAGE_3,PUBLIC_PROPERTY_DAMAGE,PUBLIC_PROPERTY_DAMAGE_TYPE,CONTRIBUTING_FACTOR_1,CONTRIBUTING_FACTOR_2,BOROUGH,ZIP CODE,LOCATION,NUMBER OF PERSONS INJURED,NUMBER OF PERSONS KILLED,NUMBER OF PEDESTRIANS INJURED,NUMBER OF PEDESTRIANS KILLED,NUMBER OF CYCLIST INJURED,NUMBER OF CYCLIST KILLED,NUMBER OF MOTORIST INJURED,NUMBER OF MOTORIST KILLED,VEHICLE TYPE CODE 1,VEHICLE TYPE CODE 2,Severity
19651832,4265119,12/23/2019,13:30,f3a7102b-8217-49c7-a865-71922ae56689,Station Wagon/Sport Utility Vehicle,INFI -CAR/SUV,2016.0,1,M,Licensed,Slowing or Stopping,Left Rear Bumper,Left Rear Bumper,No Damage,No Damage,No Damage,N,,Unspecified,Unspecified,,,"(40.771374, -73.877144)",0.0,0.0,0,0,0,0,0,0,Station Wagon/Sport Utility Vehicle,Station Wagon/Sport Utility Vehicle,0
19062871,4193907,08/15/2019,19:26,f2a07df9-046f-4464-86c8-8e01c0390fa0,Station Wagon/Sport Utility Vehicle,LNDR -CAR/SUV,2019.0,0,,,Parked,Right Rear Quarter Panel,Right Rear Quarter Panel,Right Rear Bumper,,,N,,Unspecified,Unspecified,BROOKLYN,11217.0,"(40.687134, -73.97523)",0.0,0.0,0,0,0,0,0,0,Station Wagon/Sport Utility Vehicle,,0
19090378,4206462,09/15/2019,11:15,13f1eb97-d42e-40f2-895a-0a4b80b6a14a,Sedan,BMW -CAR/SUV,2015.0,1,M,Licensed,Going Straight Ahead,Center Front End,Center Front End,Left Front Bumper,Right Front Bumper,No Damage,N,,Unspecified,Unspecified,BRONX,10456.0,"(40.835297, -73.91291)",1.0,0.0,0,0,0,0,1,0,Sedan,Sedan,1
18542074,4057855,01/20/2019,15:05,b65a1b91-c764-46bd-8396-97c5a7a2b785,Sedan,NISS -CAR/SUV,2000.0,4,F,Licensed,Going Straight Ahead,Right Front Bumper,Right Front Bumper,Right Front Quarter Panel,No Damage,No Damage,N,,Unspecified,Unspecified,QUEENS,11354.0,,0.0,0.0,0,0,0,0,0,0,Station Wagon/Sport Utility Vehicle,Sedan,0
18578267,4086685,02/25/2019,14:30,ab5af5f4-36fd-4845-85f4-00073dc5e98d,Station Wagon/Sport Utility Vehicle,TOYT -CAR/SUV,2012.0,1,M,Licensed,Going Straight Ahead,Left Side Doors,Left Side Doors,Left Front Quarter Panel,Left Rear Quarter Panel,,N,,Unspecified,Unspecified,QUEENS,11377.0,"(40.74447, -73.91464)",0.0,0.0,0,0,0,0,0,0,Station Wagon/Sport Utility Vehicle,Taxi,0
19142113,4230411,10/27/2019,09:20,bd51c6dc-ed30-4188-8bbc-62096fd207f5,Sedan,NISS -CAR/SUV,2016.0,3,M,Licensed,Going Straight Ahead,Left Side Doors,Left Side Doors,Left Front Quarter Panel,,,N,,Traffic Control Disregarded,Unspecified,BROOKLYN,11237.0,"(40.712288, -73.92731)",1.0,0.0,0,0,0,0,1,0,Sedan,Sedan,1
19624647,4253673,12/06/2019,14:15,01677fcb-7efa-4393-8acb-5eb6413cace8,Station Wagon/Sport Utility Vehicle,FORD -CAR/SUV,2008.0,0,,,Parked,Right Front Bumper,Right Front Bumper,Center Back End,No Damage,No Damage,N,,Unspecified,Unspecified,BRONX,10474.0,"(40.817493, -73.88631)",0.0,0.0,0,0,0,0,0,0,Station Wagon/Sport Utility Vehicle,Station Wagon/Sport Utility Vehicle,0
18575010,4095863,03/12/2019,20:00,e773d9a9-bc4b-48cb-86c2-48a0503812f9,Sedan,TOYT -CAR/SUV,2014.0,1,M,Licensed,Making Left Turn,Left Rear Bumper,Left Rear Bumper,No Damage,No Damage,No Damage,N,,Passing or Lane Usage Improper,Unspecified,MANHATTAN,10022.0,"(40.761257, -73.97521)",0.0,0.0,0,0,0,0,0,0,Sedan,Sedan,0
18572735,4094787,03/11/2019,09:15,9adec4f7-9895-4ef0-ad1c-027806522122,Sedan,NISS -CAR/SUV,2015.0,1,M,Licensed,Going Straight Ahead,Left Side Doors,Left Side Doors,No Damage,No Damage,No Damage,N,,Failure to Yield Right-of-Way,Unspecified,MANHATTAN,10022.0,"(40.76099, -73.97332)",0.0,0.0,0,0,0,0,0,0,Garbage or Refuse,Sedan,0
19094236,4208020,09/16/2019,09:57,03629832-a904-4f97-8336-d150d203d3e9,Station Wagon/Sport Utility Vehicle,ACUR -CAR/SUV,2005.0,1,F,Licensed,Going Straight Ahead,Right Rear Quarter Panel,Right Side Doors,Right Front Quarter Panel,No Damage,No Damage,N,,Unspecified,Unspecified,,,,0.0,0.0,0,0,0,0,0,0,Station Wagon/Sport Utility Vehicle,Station Wagon/Sport Utility Vehicle,0
18967645,4149452,06/11/2019,09:00,ce9e18b4-4899-4649-b569-3b3ff768e4eb,Sedan,SUBA -CAR/SUV,2010.0,1,M,Licensed,Making Left Turn,Right Front Quarter Panel,Right Front Quarter Panel,,,,N,,Unspecified,Unspecified,BROOKLYN,11215.0,"(40.670338, -73.9975)",0.0,0.0,0,0,0,0,0,0,Sedan,Sedan,0
19120383,4219807,10/08/2019,09:15,9eae6720-66df-4711-bb46-fa4b246094d5,Sedan,MERZ -CAR/SUV,2016.0,1,F,Licensed,Going Straight Ahead,Left Front Quarter Panel,Left Front Quarter Panel,Left Front Bumper,,No Damage,N,,Failure to Yield Right-of-Way,Unspecified,BROOKLYN,11208.0,"(40.684956, -73.86761)",0.0,0.0,0,0,0,0,0,0,Sedan,Sedan,0
19037599,4181493,07/29/2019,14:08,9f623bf5-c57b-4ce0-87bc-1de32c914e8e,Sedan,INFI -CAR/SUV,2013.0,1,M,Licensed,Going Straight Ahead,Right Front Bumper,Right Front Bumper,Right Front Quarter Panel,No Damage,No Damage,N,,Passing Too Closely,Unspecified,BROOKLYN,11207.0,"(40.660583, -73.892166)",0.0,0.0,0,0,0,0,0,0,Sedan,Station Wagon/Sport Utility Vehicle,0
18980997,4155380,06/20/2019,15:15,bffee196-e308-409f-9a8c-721d0442e3d2,Sedan,HYUN -CAR/SUV,2008.0,4,M,Licensed,Going Straight Ahead,Right Rear Bumper,Center Back End,Left Rear Bumper,,,N,,Unspecified,Unspecified,,,"(40.86804, -73.879105)",0.0,0.0,0,0,0,0,0,0,Sedan,Station Wagon/Sport Utility Vehicle,0
18555456,4105217,03/27/2019,06:30,506513e7-3456-4f7f-8f7f-73e246fef985,Station Wagon/Sport Utility Vehicle,TOYT -CAR/SUV,2011.0,1,F,,Making Right Turn,Right Rear Quarter Panel,Right Rear Quarter Panel,No Damage,No Damage,No Damage,N,,Lane Marking Improper/Inadequate,Pavement Defective,BROOKLYN,11216.0,"(40.68024, -73.946754)",0.0,0.0,0,0,0,0,0,0,Station Wagon/Sport Utility Vehicle,Station Wagon/Sport Utility Vehicle,0
18491825,4061036,01/02/2019,18:15,d8791655-51d6-4314-b2d4-80c13564664b,Station Wagon/Sport Utility Vehicle,ACUR -CAR/SUV,2006.0,0,,,Parked,Right Rear Quarter Panel,Right Rear Quarter Panel,Right Rear Bumper,Right Side Doors,,N,,Unspecified,Unspecified,,,"(40.621063, -74.13819)",0.0,0.0,0,0,0,0,0,0,Sedan,Station Wagon/Sport Utility Vehicle,0
19652180,4267003,12/27/2019,14:36,41f8aa7a-980b-4fc0-a219-f7377cb4598d,Sedan,HOND -CAR/SUV,2005.0,1,M,Licensed,Going Straight Ahead,Left Front Quarter Panel,Left Front Quarter Panel,Left Side Doors,Left Rear Quarter Panel,Left Front Bumper,N,,Unspecified,Unspecified,QUEENS,11372.0,"(40.753048, -73.89155)",0.0,0.0,0,0,0,0,0,0,Sedan,Sedan,0
19064763,4194768,08/22/2019,15:55,0d8ff5f0-3187-4cf8-879a-3c4598c08c3e,Sedan,DODG -CAR/SUV,2006.0,1,M,Licensed,Going Straight Ahead,Right Rear Quarter Panel,Right Rear Quarter Panel,,,,N,,Unspecified,Unspecified,MANHATTAN,10037.0,"(40.812744, -73.937645)",0.0,0.0,0,0,0,0,0,0,Sedan,Sedan,0
19013089,4170190,07/13/2019,16:10,ffa8084c-8258-4fae-b4e4-ed5937c2e19a,Pick-up Truck,DODG -CAR/SUV,2019.0,1,M,Licensed,Going Straight Ahead,Center Front End,Center Front End,,,,N,,Driver Inattention/Distraction,Unspecified,,,"(40.751602, -73.93384)",0.0,0.0,0,0,0,0,0,0,Sedan,Pick-up Truck,0
18972546,4151736,06/14/2019,20:10,87344315-96f5-4e7c-af3b-f5d067fd9a34,Station Wagon/Sport Utility Vehicle,INFI -CAR/SUV,2017.0,1,M,Licensed,Going Straight Ahead,Center Front End,Center Front End,Right Front Bumper,Left Front Bumper,,N,,Following Too Closely,Unspecified,BROOKLYN,11201.0,"(40.699844, -73.991035)",0.0,0.0,0,0,0,0,0,0,Sedan,Station Wagon/Sport Utility Vehicle,0
18981722,4155911,06/21/2019,10:25,566993a4-0ae3-4569-9aa5-2276fac0716a,Sedan,VOLK -CAR/SUV,2015.0,1,M,Licensed,Changing Lanes,Left Rear Quarter Panel,Left Rear Quarter Panel,No Damage,No Damage,No Damage,N,,Failure to Yield Right-of-Way,Unsafe Lane Changing,,,"(40.698544, -73.96236)",0.0,0.0,0,0,0,0,0,0,Sedan,Carry All,0
19158861,4237365,11/07/2019,10:45,3c8fef90-9251-4b47-88c0-d95ddbb306ec,Station Wagon/Sport Utility Vehicle,BMW -CAR/SUV,2019.0,1,M,Licensed,Stopped in Traffic,Right Rear Quarter Panel,Right Rear Quarter Panel,,,,N,,Unspecified,Unspecified,BROOKLYN,11229.0,"(40.596817, -73.955086)",0.0,0.0,0,0,0,0,0,0,Station Wagon/Sport Utility Vehicle,Sedan,0
19061821,4193020,08/22/2019,11:20,9e5e3242-7534-4317-a9b3-05ea2c55d37c,Sedan,HOND -CAR/SUV,2012.0,2,M,Licensed,Going Straight Ahead,Center Back End,Center Back End,Left Rear Bumper,,,N,,Unspecified,Unspecified,,,"(40.60915, -74.14987)",0.0,0.0,0,0,0,0,0,0,Station Wagon/Sport Utility Vehicle,Sedan,0
19021302,4174045,07/17/2019,11:45,927ba431-7a8f-42a2-a2fa-1484566ba123,Sedan,NISS -CAR/SUV,2017.0,1,M,Licensed,Going Straight Ahead,Left Rear Bumper,Left Rear Bumper,,,,N,,Unspecified,Unspecified,MANHATTAN,10011.0,"(40.74649, -74.001335)",0.0,0.0,0,0,0,0,0,0,Sedan,Sedan,0
18990014,4158993,06/25/2019,15:21,9206072d-53dd-420a-a344-6e675796bab0,Station Wagon/Sport Utility Vehicle,TOYT -CAR/SUV,2006.0,0,,,Parked,Left Rear Quarter Panel,Left Rear Quarter Panel,Left Side Doors,No Damage,No Damage,N,,Unspecified,Unspecified,BROOKLYN,11239.0,"(40.65082, -73.87055)",0.0,0.0,0,0,0,0,0,0,Station Wagon/Sport Utility Vehicle,Station Wagon/Sport Utility Vehicle,0
18488309,4112697,04/10/2019,14:00,c1534c82-36f9-4016-a8b0-6355eb6bab50,Station Wagon/Sport Utility Vehicle,MERZ -CAR/SUV,2016.0,1,M,Licensed,Changing Lanes,Right Front Bumper,Right Front Bumper,Right Front Quarter Panel,,,N,,Unsafe Lane Changing,Unspecified,MANHATTAN,10006.0,"(40.710876, -74.01439)",0.0,0.0,0,0,0,0,0,0,Taxi,Station Wagon/Sport Utility Vehicle,0
19092041,4206753,09/13/2019,21:10,49a9b94c-86bd-4cb0-9555-12cf999dd20a,Sedan,HOND -CAR/SUV,2019.0,0,,,Parked,Right Side Doors,Center Front End,Right Front Quarter Panel,Left Front Quarter Panel,Left Front Bumper,N,,Unspecified,Unspecified,,,"(40.738415, -73.84899)",0.0,0.0,0,0,0,0,0,0,Sedan,,0
18610187,4113050,04/11/2019,09:30,11ec1a4c-6dca-4aae-bc2b-c546bcef983d,Taxi,CADI -CAR/SUV,2018.0,2,M,Licensed,Going Straight Ahead,Left Front Quarter Panel,Left Front Quarter Panel,,,,N,,Unsafe Lane Changing,Unspecified,,,"(40.757065, -73.83863)",1.0,0.0,0,0,0,0,1,0,Station Wagon/Sport Utility Vehicle,Taxi,1
19024217,4175398,07/22/2019,19:35,225eabe5-c70f-4474-8558-af74a1a44125,Station Wagon/Sport Utility Vehicle,TOYT -CAR/SUV,2010.0,1,M,Licensed,Making Left Turn,Left Rear Bumper,Left Rear Bumper,Center Back End,Right Rear Bumper,,N,,Driver Inattention/Distraction,Failure to Yield Right-of-Way,BROOKLYN,11214.0,"(40.584595, -73.98493)",0.0,0.0,0,0,0,0,0,0,Sedan,Station Wagon/Sport Utility Vehicle,0
18570671,4088404,02/20/2019,13:00,e7e30ee6-4a44-420a-8e1d-d9157057acbe,Sedan,HYUN -CAR/SUV,2016.0,0,,,Parked,Left Front Quarter Panel,Left Front Quarter Panel,No Damage,No Damage,No Damage,N,,Unspecified,Unspecified,,,"(40.775383, -73.923035)",0.0,0.0,0,0,0,0,0,0,Sedan,,0
18929921,4131712,05/13/2019,13:54,63eb5a06-39e3-420e-b670-e1c52e84105f,Sedan,HOND -CAR/SUV,2008.0,1,M,Licensed,Backing,Center Back End,No Damage,No Damage,No Damage,No Damage,N,,Backing Unsafely,Unspecified,,,"(40.87831, -73.90523)",0.0,0.0,0,0,0,0,0,0,Sedan,Sedan,0
18993757,4160688,06/24/2019,17:52,ccb85d1a-299a-45a3-a4a2-f2a16d06105c,Motorcycle,YAMA -MCL,2018.0,,,,Going Straight Ahead,Center Front End,Center Front End,Other,Other,No Damage,N,,Driver Inattention/Distraction,Following Too Closely,BROOKLYN,11213.0,"(40.674904, -73.94447)",1.0,0.0,0,0,0,0,1,0,Sedan,Motorcycle,1
19149480,4233254,11/01/2019,06:20,7fae835a-52b8-446c-9f2b-1d0af1bdfade,Garbage or Refuse,KW-TRUCK/BUS,2008.0,1,M,Licensed,Going Straight Ahead,Other,Other,,,,Unspecified,,Unspecified,Tire Failure/Inadequate,,,"(40.804344, -73.92158)",1.0,0.0,0,0,0,0,1,0,Sedan,Sedan,1
19651319,4261247,12/19/2019,08:06,7ab3c9aa-3dd5-497f-a758-14e5bce3d1bf,Station Wagon/Sport Utility Vehicle,FORD -CAR/SUV,2008.0,1,F,Licensed,Going Straight Ahead,Left Rear Quarter Panel,Left Rear Quarter Panel,No Damage,No Damage,No Damage,N,,Passing Too Closely,Unspecified,BRONX,10456.0,"(40.83341, -73.91301)",1.0,0.0,0,0,0,0,1,0,Station Wagon/Sport Utility Vehicle,Garbage or Refuse,1
18987402,4158403,06/25/2019,08:30,dd4d462e-4647-467f-8065-c5805d226e61,Sedan,TOYT -CAR/SUV,2015.0,1,M,Licensed,Making U Turn,Center Back End,Center Front End,Center Front End,Center Back End,Undercarriage,N,,Backing Unsafely,Backing Unsafely,BRONX,10463.0,"(40.87858, -73.90067)",0.0,0.0,0,0,0,0,0,0,Sedan,,0
18975193,4152445,06/16/2019,01:04,c975f3c4-fdbc-4530-bde5-d1f6db9c3636,Station Wagon/Sport Utility Vehicle,unk,,,,,Going Straight Ahead,Right Front Bumper,Right Front Quarter Panel,,,,N,,Driver Inattention/Distraction,Driver Inattention/Distraction,BROOKLYN,11203.0,"(40.663227, -73.93159)",1.0,0.0,0,0,1,0,0,0,Station Wagon/Sport Utility Vehicle,Bike,1
18968601,4149640,06/11/2019,16:15,4a9a882f-870c-4075-a78c-ab4fead49d8b,Box Truck,HINO -TRUCK/BUS,2014.0,1,M,Licensed,Going Straight Ahead,Left Front Quarter Panel,No Damage,,,,N,,Unspecified,Unspecified,MANHATTAN,10022.0,"(40.761883, -73.96934)",0.0,0.0,0,0,0,0,0,0,Box Truck,Sedan,0
19024030,4175415,07/19/2019,11:52,42feceb1-9535-4150-9b54-f5e31829253b,Van,FORD-TRUCK/BUS,2005.0,1,,,Going Straight Ahead,No Damage,No Damage,No Damage,No Damage,No Damage,N,,Passing Too Closely,Aggressive Driving/Road Rage,MANHATTAN,10030.0,"(40.815975, -73.94322)",0.0,0.0,0,0,0,0,0,0,Station Wagon/Sport Utility Vehicle,Van,0
19106166,4213649,09/25/2019,08:15,c7ea4cca-77a1-41a9-b434-832101f8563e,Station Wagon/Sport Utility Vehicle,CHEV -CAR/SUV,2016.0,3,M,Licensed,Going Straight Ahead,Right Front Bumper,Right Front Bumper,Right Side Doors,,,N,,Driver Inattention/Distraction,Unspecified,BROOKLYN,11233.0,"(40.67867, -73.91199)",0.0,0.0,0,0,0,0,0,0,Station Wagon/Sport Utility Vehicle,Sedan,0
19137163,4227928,10/22/2019,07:25,3fd11807-c0df-4591-b35c-3c1cd8cf7ad6,Bus,IC,2008.0,1,M,Licensed,Going Straight Ahead,Left Rear Quarter Panel,No Damage,,,,N,,Unspecified,Unspecified,MANHATTAN,10032.0,"(40.839867, -73.94064)",0.0,0.0,0,0,0,0,0,0,Station Wagon/Sport Utility Vehicle,Bus,0
18509908,4058310,01/20/2019,13:02,5d96a748-d2c1-47a0-9c15-8e9ddc087183,Station Wagon/Sport Utility Vehicle,CHRY -CAR/SUV,2015.0,1,M,Licensed,Going Straight Ahead,Left Front Bumper,Left Front Bumper,Right Front Quarter Panel,Right Side Doors,Right Rear Quarter Panel,N,,Reaction to Uninvolved Vehicle,Unspecified,BROOKLYN,11234.0,"(40.612316, -73.9404)",0.0,0.0,0,0,0,0,0,0,Station Wagon/Sport Utility Vehicle,Sedan,0
18912949,4123614,04/30/2019,16:00,40e87c6c-15cb-4a1e-b97b-71bda4850e29,Sedan,BMW -CAR/SUV,2018.0,1,F,Licensed,Going Straight Ahead,Right Rear Quarter Panel,Right Rear Quarter Panel,,,,N,,Unspecified,Unspecified,,,"(40.72823, -73.83313)",1.0,0.0,0,0,0,0,1,0,Pick-up Truck,Sedan,1
19111001,4215831,09/29/2019,06:30,143e1026-41fb-4414-9cce-4eb7b951d4ec,Sedan,FORD -CAR/SUV,2007.0,0,,,Parked,Roof,Roof,No Damage,No Damage,No Damage,N,,Unspecified,Unspecified,BRONX,10471.0,"(40.90631, -73.897514)",0.0,0.0,0,0,0,0,0,0,Sedan,,0
18591503,4100814,03/21/2019,14:57,31744358-5b09-4230-a067-1bf240250107,Sedan,CHEV -CAR/SUV,2011.0,1,M,Licensed,Slowing or Stopping,Center Front End,No Damage,,,,N,,Following Too Closely,Unspecified,,,"(40.76417, -73.83967)",0.0,0.0,0,0,0,0,0,0,Station Wagon/Sport Utility Vehicle,Sedan,0
18893913,4115243,04/15/2019,07:00,90ed593b-89f5-423e-ad56-abb28d8f0e25,Pick-up Truck,CHEC -CAR/SUV,2006.0,1,M,Licensed,Going Straight Ahead,Center Front End,Center Front End,,,,N,,Following Too Closely,Unspecified,,,"(40.67578, -74.0014)",0.0,0.0,0,0,0,0,0,0,Pick-up Truck,Station Wagon/Sport Utility Vehicle,0
19148824,4233499,11/01/2019,19:11,56a1141c-2186-4d98-800f-7b8770b479b2,Station Wagon/Sport Utility Vehicle,NISS -CAR/SUV,2016.0,1,M,Licensed,Making Left Turn,Right Front Bumper,Right Front Bumper,No Damage,No Damage,No Damage,N,,Driver Inattention/Distraction,Failure to Yield Right-of-Way,MANHATTAN,10016.0,"(40.7485, -73.974976)",0.0,0.0,0,0,0,0,0,0,Station Wagon/Sport Utility Vehicle,Station Wagon/Sport Utility Vehicle,0
18597822,4100680,03/20/2019,16:00,a4fc0c13-46f7-4624-a2a5-db3c1ae19e1e,Sedan,NISS -CAR/SUV,2018.0,1,F,Licensed,Making U Turn,Right Rear Quarter Panel,Right Rear Quarter Panel,No Damage,No Damage,No Damage,N,,Driver Inattention/Distraction,Unspecified,BRONX,10466.0,"(40.894314, -73.86027)",0.0,0.0,0,0,0,0,0,0,Motorcycle,Sedan,0
19219541,4265840,12/29/2019,06:25,99d68fb9-1726-4707-bed1-0098d0dd5737,Station Wagon/Sport Utility Vehicle,TOYT -CAR/SUV,2018.0,1,M,Licensed,Going Straight Ahead,Right Front Bumper,Right Front Quarter Panel,Right Front Quarter Panel,,,N,,Unspecified,Unspecified,,,"(40.742657, -73.846214)",0.0,0.0,0,0,0,0,0,0,Station Wagon/Sport Utility Vehicle,Station Wagon/Sport Utility Vehicle,0
19663874,4265594,12/27/2019,23:45,61e5f343-2708-4920-aafc-0f3e412b727a,Sedan,INFI -CAR/SUV,2012.0,0,,,Parked,Right Front Quarter Panel,Right Front Quarter Panel,,,,Unspecified,,Unspecified,Unspecified,QUEENS,11429.0,"(40.707306, -73.75122)",0.0,0.0,0,0,0,0,0,0,Sedan,Sedan,0
18621499,4107603,04/02/2019,13:35,c82f54ee-2033-4b0f-b05c-9d89543e9416,Station Wagon/Sport Utility Vehicle,LEXS -CAR/SUV,2002.0,1,F,Licensed,Going Straight Ahead,Right Side Doors,Right Side Doors,,,,N,,Unspecified,Unspecified,,,"(40.684258, -73.81515)",0.0,0.0,0,0,0,0,0,0,Station Wagon/Sport Utility Vehicle,Station Wagon/Sport Utility Vehicle,0
18930095,4127275,05/07/2019,10:14,f4deae2f-a164-4759-b812-3a83e16b79e0,Sedan,HYUN -CAR/SUV,2012.0,1,M,Licensed,Slowing or Stopping,Right Rear Bumper,Center Back End,Left Rear Bumper,Center Front End,Right Front Bumper,N,,Following Too Closely,Unspecified,,,"(40.846443, -73.826004)",1.0,0.0,0,0,0,0,1,0,Sedan,Bus,1
19079510,4201261,09/04/2019,23:02,7a33dce0-58f1-4a53-9c9f-c9c92da9ea88,Sedan,TOYT -CAR/SUV,2006.0,1,M,Licensed,Going Straight Ahead,Left Side Doors,Left Side Doors,Right Front Bumper,,,N,,Other Vehicular,Other Vehicular,BRONX,10469.0,"(40.86948, -73.85462)",1.0,0.0,0,0,0,0,1,0,Sedan,Sedan,1
18913356,4123994,05/01/2019,17:30,4225762e-f2dc-4ad8-bc85-831e29164872,Taxi,HYUN -CAR/SUV,2013.0,3,M,Licensed,Going Straight Ahead,Left Front Bumper,Left Front Bumper,Left Front Quarter Panel,Left Front Quarter Panel,Left Side Doors,N,,Other Vehicular,Unspecified,BRONX,10455.0,"(40.812664, -73.906334)",0.0,0.0,0,0,0,0,0,0,Taxi,Station Wagon/Sport Utility Vehicle,0
19057969,4191585,08/19/2019,22:44,adb639e3-05f4-48e4-b19b-dfed69b68101,Sedan,TOYT -CAR/SUV,2019.0,1,M,Licensed,Going Straight Ahead,Right Front Bumper,Right Front Bumper,Right Front Quarter Panel,,,N,,Unspecified,Unspecified,MANHATTAN,10018.0,"(40.756157, -73.99125)",0.0,0.0,0,0,0,0,0,0,Sedan,Sedan,0
19638733,4251935,12/03/2019,09:02,a3647072-4f65-41a3-ad9d-40dbcd9c335b,Sedan,HOND -CAR/SUV,1996.0,1,F,Licensed,Going Straight Ahead,Left Front Bumper,Center Front End,Right Front Bumper,,,N,,Traffic Control Device Improper/Non-Working,Following Too Closely,,,"(40.583725, -73.89372)",0.0,0.0,0,0,0,0,0,0,Sedan,Sedan,0
18931762,4132616,05/15/2019,15:40,505c7649-dba6-4a89-a4ef-2ce2c948c64c,Dump,PTRB-TRUCK/BUS,2016.0,1,M,Licensed,Going Straight Ahead,Right Front Bumper,No Damage,No Damage,No Damage,No Damage,N,,Driver Inattention/Distraction,Unspecified,,,"(40.704033, -73.81711)",1.0,0.0,0,0,0,0,1,0,Dump,Sedan,1
19137146,4227854,10/22/2019,10:17,4bd959a1-74d2-42e2-841c-dbbeea0b02b0,Sedan,CADI -CAR/SUV,2008.0,0,,,Parked,Right Rear Bumper,Right Rear Bumper,,,,N,,Unspecified,Unspecified,BROOKLYN,11231.0,"(40.68332, -73.99)",0.0,0.0,0,0,0,0,0,0,Sedan,Moped,0
18912497,4123283,04/30/2019,20:00,52748d19-b068-442d-91ca-316ebff15a24,Sedan,INFI -CAR/SUV,2018.0,2,M,Licensed,Going Straight Ahead,Left Front Bumper,Left Front Bumper,Center Front End,,,N,,Unspecified,Unspecified,,,"(40.66584, -73.75551)",0.0,0.0,0,0,0,0,0,0,Sedan,,0
18389441,4078102,02/08/2019,20:05,0914fd69-a7c6-4a13-8476-ff8cafea9241,Pick-up Truck,FREIGHTLINER CORP.,2018.0,1,M,Licensed,Going Straight Ahead,Right Front Bumper,Right Front Bumper,No Damage,No Damage,No Damage,N,,Passing or Lane Usage Improper,Unspecified,MANHATTAN,10001.0,"(40.745865, -73.99206)",0.0,0.0,0,0,0,0,0,0,Station Wagon/Sport Utility Vehicle,Pick-up Truck,0
19069259,4196230,08/28/2019,13:14,c4323b65-85e5-4588-a7f7-0152b08ff09a,Pick-up Truck,DODG -CAR/SUV,2019.0,2,M,Licensed,Making Right Turn,Right Side Doors,Right Side Doors,,,,N,,Unspecified,Unspecified,QUEENS,11366.0,"(40.728634, -73.78293)",0.0,0.0,0,0,0,0,0,0,Sedan,Pick-up Truck,0
18552913,4085862,02/23/2019,15:40,6b5de854-2403-4b25-a186-5136b9746259,Sedan,HOND -CAR/SUV,2012.0,1,M,Licensed,Starting from Parking,Right Front Quarter Panel,Right Front Quarter Panel,,,,N,,Driver Inattention/Distraction,Unspecified,QUEENS,11368.0,"(40.751587, -73.87072)",0.0,0.0,0,0,0,0,0,0,Sedan,Taxi,0
19146896,4222077,10/12/2019,00:00,f309bf54-7c80-4d12-9d23-7866a984894f,Sedan,HOND -CAR/SUV,2014.0,5,M,Licensed,Changing Lanes,Center Back End,Right Rear Bumper,Right Rear Quarter Panel,No Damage,No Damage,N,,Unsafe Lane Changing,Driver Inattention/Distraction,,,"(40.83245, -73.93176)",0.0,0.0,0,0,0,0,0,0,Sedan,Sedan,0
19082449,4202830,09/09/2019,19:30,fa84b753-fbe5-41e3-8541-f00c7c48a3ea,Taxi,TOYT -CAR/SUV,2019.0,1,M,Licensed,Going Straight Ahead,No Damage,No Damage,,,,N,,Driver Inattention/Distraction,Driver Inattention/Distraction,MANHATTAN,10001.0,"(40.749706, -73.99157)",0.0,0.0,0,0,0,0,0,0,Sedan,Taxi,0
18904874,4120284,04/24/2019,21:15,259740c2-e1a8-4d23-a5c9-f6d8dda47ffe,Sedan,INFI -CAR/SUV,2011.0,1,M,Licensed,Going Straight Ahead,Right Front Quarter Panel,Right Front Quarter Panel,No Damage,No Damage,No Damage,N,,Unspecified,Unspecified,MANHATTAN,10001.0,"(40.748466, -73.99247)",0.0,0.0,0,0,0,0,0,0,Sedan,Sedan,0
18974172,4152182,06/14/2019,09:30,4c09a829-f75f-4681-8be7-29dc5fea1300,Motorcycle,HD -MCL,1988.0,2,M,Licensed,Going Straight Ahead,Center Front End,Center Front End,,,,N,,Driver Inattention/Distraction,Following Too Closely,MANHATTAN,10002.0,"(40.71975, -73.992165)",2.0,0.0,0,0,0,0,2,0,Sedan,Motorcycle,1
19094056,4207989,09/18/2019,02:10,4110442a-ff12-4934-b884-e16042f0aeef,Station Wagon/Sport Utility Vehicle,TOYT -CAR/SUV,2017.0,1,M,Licensed,Stopped in Traffic,Left Front Quarter Panel,Left Front Quarter Panel,,,,N,,Unspecified,Unspecified,MANHATTAN,10033.0,"(40.84954, -73.93641)",0.0,0.0,0,0,0,0,0,0,Station Wagon/Sport Utility Vehicle,Station Wagon/Sport Utility Vehicle,0