UNIQUE_ID,COLLISION_ID,CRASH_DATE,CRASH_TIME,VEHICLE_ID,VEHICLE_TYPE,VEHICLE_MAKE,VEHICLE_YEAR,VEHICLE_OCCUPANTS,DRIVER_SEX,DRIVER_LICENSE_STATUS,PRE_CRASH,POINT_OF_IMPACT,VEHICLE_DAMAGE,VEHICLE_DAMAGE_1,VEHICLE_DAMAGE_2,VEHICLE_DAMAGE_3,PUBLIC_PROPERTY_DAMAGE,PUBLIC_PROPERTY_DAMAGE_TYPE,CONTRIBUTING_FACTOR_1,CONTRIBUTING_FACTOR_2,BOROUGH,ZIP CODE,LOCATION,NUMBER OF PERSONS INJURED,NUMBER OF PERSONS KILLED,NUMBER OF PEDESTRIANS INJURED,NUMBER OF PEDESTRIANS KILLED,NUMBER OF CYCLIST INJURED,NUMBER OF CYCLIST KILLED,NUMBER OF MOTORIST INJURED,NUMBER OF MOTORIST KILLED,VEHICLE TYPE CODE 1,VEHICLE TYPE CODE 2,Severity
18537413,4075058,02/05/2019,00:31,40f762a7-9afd-411c-bb54-3643c9a4a536,Taxi,FORD -CAR/SUV,2012.0,2,M,Licensed,Going Straight Ahead,Left Rear Quarter Panel,Left Rear Quarter Panel,,,,N,,Unspecified,Unspecified,BROOKLYN,11249.0,"(40.701656, -73.96062)",0.0,0.0,0,0,0,0,0,0,Taxi,UTIL,0
18523430,4073561,02/02/2019,22:45,9eb3a0c9-c205-493a-873d-9282027e22ef,Sedan,HOND -CAR/SUV,2013.0,1,M,Licensed,Going Straight Ahead,Left Side Doors,Left Side Doors,No Damage,No Damage,No Damage,N,,Unspecified,Unspecified,,,"(40.6952, -73.92844)",0.0,0.0,0,0,0,0,0,0,Sedan,Sedan,0
19036713,4181008,07/31/2019,10:10,fb424f8f-fe15-4c87-8cb7-be4122fafc57,Station Wagon/Sport Utility Vehicle,INFI -CAR/SUV,2016.0,1,M,Licensed,Going Straight Ahead,Center Front End,Center Front End,Left Front Bumper,Right Front Bumper,,N,,Driver Inattention/Distraction,View Obstructed/Limited,QUEENS,11101.0,"(40.753036, -73.94062)",0.0,0.0,0,0,0,0,0,0,Station Wagon/Sport Utility Vehicle,Sedan,0
19040462,4183597,08/05/2019,08:24,d5f196f9-569b-4cf5-a1d4-fae362fb8ed3,Sedan,FORD -CAR/SUV,2014.0,1,M,Licensed,Going Straight Ahead,Right Side Doors,Right Front Quarter Panel,Right Rear Quarter Panel,No Damage,No Damage,N,,Unspecified,Unspecified,MANHATTAN,10027.0,"(40.815685, -73.9583)",0.0,0.0,0,0,0,0,0,0,Taxi,Sedan,0
18999896,4165281,07/06/2019,15:35,a5075ad2-0d8c-42ec-9bac-81d0d0311b6e,Station Wagon/Sport Utility Vehicle,HOND -CAR/SUV,2016.0,1,M,Licensed,Going Straight Ahead,Left Rear Bumper,Left Rear Bumper,Left Rear Quarter Panel,,,Unspecified,,Driver Inattention/Distraction,Unspecified,QUEENS,11368.0,"(40.751587, -73.86209)",0.0,0.0,0,0,0,0,0,0,Station Wagon/Sport Utility Vehicle,Station Wagon/Sport Utility Vehicle,0
19040837,4183676,08/02/2019,12:45,16531161-73f9-4915-b3e2-9bd5368494e5,Sedan,NISS -CAR/SUV,2015.0,1,F,Licensed,Making Right Turn,Left Front Bumper,Right Front Bumper,Right Front Quarter Panel,No Damage,No Damage,N,,Unspecified,Unspecified,BRONX,10458.0,,0.0,0.0,0,0,0,0,0,0,Sedan,Station Wagon/Sport Utility Vehicle,0
19120203,4220189,10/08/2019,13:10,8a5fd690-bc9e-481b-8047-b3a3cabdb4fa,Station Wagon/Sport Utility Vehicle,SUBA -CAR/SUV,2005.0,1,F,Licensed,Going Straight Ahead,Right Front Bumper,Right Front Bumper,Right Front Quarter Panel,,,N,,Unspecified,Unspecified,QUEENS,11379.0,"(40.713093, -73.87582)",1.0,0.0,0,0,0,0,1,0,Station Wagon/Sport Utility Vehicle,Sedan,1
18945585,4137736,05/20/2019,12:07,412421f6-570a-463d-8242-1cfb8223c699,Sedan,NISS -CAR/SUV,2015.0,1,M,Licensed,Going Straight Ahead,Center Back End,Left Front Bumper,Left Rear Bumper,Right Front Quarter Panel,Center Front End,Y,,Other Vehicular,Unspecified,,,"(40.71881, -73.83266)",0.0,0.0,0,0,0,0,0,0,Sedan,Sedan,0
18521797,4084557,02/21/2019,17:52,8a624856-7eb2-468d-a72b-ef2e5e344c61,Station Wagon/Sport Utility Vehicle,FORD -CAR/SUV,2006.0,1,M,Licensed,Going Straight Ahead,Left Front Bumper,Center Front End,Right Front Bumper,,,N,,Unspecified,Unspecified,,,"(40.678574, -74.00358)",0.0,0.0,0,0,0,0,0,0,Station Wagon/Sport Utility Vehicle,Station Wagon/Sport Utility Vehicle,0
19070586,4197127,08/29/2019,10:30,97cfed0e-46d7-424e-85af-b65cec2d85ca,Dump,FORD-TRUCK/BUS,2017.0,0,,,Parked,Other,Other,,,,N,,Unspecified,Unspecified,BRONX,10468.0,"(40.87645, -73.89977)",0.0,0.0,0,0,0,0,0,0,Dump,Beverage Truck,0
19639603,4247752,11/24/2019,16:37,55de0098-13a2-4884-ae86-b587e6c1bde0,Sedan,TOYT -CAR/SUV,2016.0,0,,,Parked,Right Rear Bumper,Center Back End,Left Rear Bumper,,,N,,Unspecified,Unspecified,BROOKLYN,11204.0,"(40.627975, -73.97753)",0.0,0.0,0,0,0,0,0,0,Sedan,,0
18507411,4059393,01/22/2019,10:00,72d1af22-0733-4ed6-a66c-cd1fd387e6ec,Station Wagon/Sport Utility Vehicle,LNDR -CAR/SUV,2015.0,1,F,Licensed,Going Straight Ahead,Right Front Bumper,Right Front Bumper,Right Front Quarter Panel,,,N,,Unspecified,Unspecified,,,"(40.58008, -73.95981)",0.0,0.0,0,0,0,0,0,0,Station Wagon/Sport Utility Vehicle,Station Wagon/Sport Utility Vehicle,0
19113852,4216599,10/02/2019,00:00,80794386-4596-4d13-9302-8af7277549e2,Sedan,BMW -CAR/SUV,2016.0,2,F,,Making Left Turn,Left Front Bumper,Left Front Bumper,Left Front Quarter Panel,Center Front End,Right Front Bumper,N,,Driver Inattention/Distraction,Unspecified,BROOKLYN,11206.0,"(40.70601, -73.935486)",0.0,0.0,0,0,0,0,0,0,Sedan,Sedan,0
19063110,4193367,08/22/2019,14:38,771eac69-9599-434d-9da4-bb25b7253190,Station Wagon/Sport Utility Vehicle,NISS -CAR/SUV,2019.0,1,M,Licensed,Going Straight Ahead,Left Rear Bumper,Left Rear Bumper,No Damage,No Damage,No Damage,N,,Unspecified,Unspecified,,,,0.0,0.0,0,0,0,0,0,0,Station Wagon/Sport Utility Vehicle,Station Wagon/Sport Utility Vehicle,0
18534927,4107519,03/28/2019,10:20,30270e4c-5486-4964-82cb-b2e417911bda,Van,INTL-TRUCK/BUS,2019.0,1,M,Licensed,Going Straight Ahead,Right Front Quarter Panel,Right Front Quarter Panel,,,,N,,Unspecified,Unspecified,,,"(40.784237, -73.947075)",0.0,0.0,0,0,0,0,0,0,Refrigerated Van,Van,0
18988264,4158651,06/25/2019,21:30,b7ce99bd-a73e-46c5-8b02-722956187bb1,Station Wagon/Sport Utility Vehicle,NISS -CAR/SUV,2008.0,0,,,Parked,Left Rear Bumper,Left Rear Bumper,,,,N,,Unspecified,Unspecified,QUEENS,11417.0,"(40.680687, -73.84459)",0.0,0.0,0,0,0,0,0,0,Station Wagon/Sport Utility Vehicle,Station Wagon/Sport Utility Vehicle,0
18529527,4089165,03/01/2019,05:53,9675c975-0071-405b-b2ba-b4faebfbfaec,Taxi,HYUN -CAR/SUV,2015.0,2,M,Licensed,Going Straight Ahead,Center Front End,Center Front End,,,,Unspecified,,Pavement Slippery,Unspecified,BRONX,10460.0,"(40.83734, -73.88254)",0.0,0.0,0,0,0,0,0,0,Taxi,Sedan,0
18603792,4099013,03/18/2019,15:40,bcef4f98-2c32-47dd-9a99-f03017028ad1,Station Wagon/Sport Utility Vehicle,FORD -CAR/SUV,2002.0,0,M,Licensed,Going Straight Ahead,Left Side Doors,Left Rear Quarter Panel,Left Rear Quarter Panel,,,N,,Driver Inattention/Distraction,Passing or Lane Usage Improper,QUEENS,11432.0,"(40.714657, -73.79603)",1.0,0.0,0,0,0,0,1,0,Station Wagon/Sport Utility Vehicle,Station Wagon/Sport Utility Vehicle,1
18925130,4129055,05/09/2019,09:15,32b80ccc-4f2f-43a0-8080-0a320fbb48f2,Station Wagon/Sport Utility Vehicle,DODG -CAR/SUV,2006.0,1,M,Licensed,Passing,Right Front Bumper,Right Front Bumper,No Damage,No Damage,No Damage,N,,Driver Inattention/Distraction,Unspecified,,,"(40.771477, -73.91824)",0.0,0.0,0,0,0,0,0,0,Station Wagon/Sport Utility Vehicle,Station Wagon/Sport Utility Vehicle,0
18586222,4103648,03/26/2019,10:40,606abc5f-5c59-4e31-b063-82a5f55e9cac,Station Wagon/Sport Utility Vehicle,TOYT -CAR/SUV,2004.0,0,,,Parked,Left Rear Quarter Panel,Left Rear Quarter Panel,No Damage,No Damage,No Damage,N,,Obstruction/Debris,Unspecified,,,"(40.838196, -73.91227)",0.0,0.0,0,0,0,0,0,0,Box Truck,Station Wagon/Sport Utility Vehicle,0
18901013,4118615,04/17/2019,15:40,39a506b4-a2ed-48e3-8ef8-7242e72752a1,Sedan,LNDR -CAR/SUV,2017.0,1,M,Licensed,Going Straight Ahead,Right Front Bumper,Right Front Bumper,No Damage,No Damage,No Damage,N,,Unspecified,Unspecified,,,"(40.75018, -74.00608)",0.0,0.0,0,0,0,0,0,0,Sedan,Sedan,0
18552369,4088008,02/27/2019,21:30,c1813199-c365-405a-9010-a32c52e3ed76,Station Wagon/Sport Utility Vehicle,SUBA -CAR/SUV,2017.0,1,M,Licensed,Going Straight Ahead,Center Front End,Right Front Bumper,Left Front Bumper,,,N,,Following Too Closely,Following Too Closely,BROOKLYN,11235.0,"(40.583485, -73.95014)",2.0,0.0,0,0,0,0,2,0,Taxi,Station Wagon/Sport Utility Vehicle,1
18588824,4107499,04/01/2019,15:23,6ee0c58f-8cc0-46fb-9e59-7dc4e8b359a3,Station Wagon/Sport Utility Vehicle,HOND -CAR/SUV,2011.0,0,,,Parked,Left Rear Quarter Panel,Left Rear Quarter Panel,Left Rear Bumper,No Damage,No Damage,N,,Unspecified,Unspecified,,,"(40.654694, -74.01111)",0.0,0.0,0,0,0,0,0,0,Station Wagon/Sport Utility Vehicle,,0
19471445,4231071,10/28/2019,19:15,a2305422-ab9e-4748-9878-9aae8fbf41ba,Sedan,CHEV -CAR/SUV,2015.0,2,M,Licensed,Parked,Left Rear Quarter Panel,Left Rear Quarter Panel,,,,N,,Unspecified,Unspecified,,,"(40.62657, -74.13928)",3.0,0.0,0,0,0,0,3,0,Sedan,Taxi,1
18564878,4110923,04/05/2019,16:25,88579069-3614-44a1-bd35-358a4f5c1eb3,Sedan,HYUN -CAR/SUV,2017.0,1,F,Licensed,Parked,Left Side Doors,Left Side Doors,No Damage,No Damage,No Damage,N,,Unspecified,Unspecified,BROOKLYN,11222.0,"(40.726536, -73.9544)",0.0,0.0,0,0,0,0,0,0,Sedan,Box Truck,0
18935566,4134268,05/18/2019,09:14,1759eb11-1347-4ce7-b245-deb124d1b829,Station Wagon/Sport Utility Vehicle,TOYT -CAR/SUV,2018.0,0,,,Parked,Left Rear Bumper,Left Rear Bumper,Center Back End,,,N,,Unspecified,Unspecified,QUEENS,11357.0,"(40.788914, -73.800415)",0.0,0.0,0,0,0,0,0,0,Station Wagon/Sport Utility Vehicle,,0
19055197,4190110,08/12/2019,23:53,d290f8de-1942-44ee-9e45-c19bd1b43e6d,Taxi,TOYT -CAR/SUV,2014.0,0,M,Licensed,Changing Lanes,Left Front Quarter Panel,No Damage,No Damage,No Damage,No Damage,N,,Driver Inattention/Distraction,Unsafe Lane Changing,,,"(40.73736, -73.99685)",0.0,0.0,0,0,0,0,0,0,Sedan,Taxi,0
19126730,4223237,10/14/2019,09:52,fc341601-a98f-4053-b3fb-9f9473af9c2b,Station Wagon/Sport Utility Vehicle,SUBA -CAR/SUV,2010.0,1,M,Licensed,Going Straight Ahead,Right Front Quarter Panel,Right Front Quarter Panel,,,,Unspecified,,Unspecified,Unspecified,,,,0.0,0.0,0,0,0,0,0,0,Station Wagon/Sport Utility Vehicle,Station Wagon/Sport Utility Vehicle,0
19057015,4190201,08/18/2019,01:21,2697ecf3-2527-4f40-8cf0-f6a991f6e12a,Motorcycle,KAWK -MCL,2011.0,1,M,Licensed,Going Straight Ahead,Other,Other,,,,N,,Pavement Slippery,Unspecified,,,"(40.745903, -73.76703)",1.0,0.0,0,0,0,0,1,0,Motorcycle,,1
18491641,4060996,01/02/2019,17:45,42cf55fb-5829-4df2-a282-98d942b070e7,Sedan,VOLV -CAR/SUV,1999.0,1,F,Licensed,Making Left Turn,Left Front Quarter Panel,Left Front Quarter Panel,,,,N,,Passing or Lane Usage Improper,Unspecified,BROOKLYN,11206.0,"(40.699707, -73.95718)",0.0,0.0,0,0,0,0,0,0,Station Wagon/Sport Utility Vehicle,Sedan,0
18389963,4078449,02/10/2019,11:20,8121941a-f158-4d25-af4b-313725113643,Convertible,MERZ -CAR/SUV,2016.0,2,F,Licensed,Making Left Turn,Left Front Quarter Panel,Left Front Quarter Panel,,,,N,,Unspecified,Unspecified,,,"(40.70022, -73.96219)",0.0,0.0,0,0,0,0,0,0,Convertible,Station Wagon/Sport Utility Vehicle,0
19049048,4186729,08/10/2019,21:20,27129936-e536-42b1-9eaa-c3d46b3b64a1,Sedan,JEEP -CAR/SUV,2005.0,1,,,,Center Front End,No Damage,No Damage,,,Unspecified,,Unspecified,Unspecified,BRONX,10466.0,"(40.886303, -73.845375)",0.0,0.0,0,0,0,0,0,0,Sedan,Sedan,0
19042438,4184047,08/06/2019,13:45,daa080da-b5ac-400c-b5df-0403fed87565,Sedan,FORD -CAR/SUV,2005.0,1,M,Licensed,Going Straight Ahead,Right Front Bumper,Right Front Bumper,Right Front Quarter Panel,,,N,,Steering Failure,Unspecified,BROOKLYN,11209.0,"(40.612976, -74.0365)",0.0,0.0,0,0,0,0,0,0,Sedan,Station Wagon/Sport Utility Vehicle,0
19468275,4246669,11/24/2019,00:15,bd709893-d1ea-4abf-8edf-af5254a167eb,Sedan,HOND -CAR/SUV,,,,,Backing,,,,,,N,,Backing Unsafely,,MANHATTAN,10034.0,"(40.863853, -73.917496)",0.0,0.0,0,0,0,0,0,0,Sedan,Sedan,0
18893497,4114077,04/10/2019,12:00,fccb3f00-5b51-435e-881c-e5e5b55d142c,Sedan,VOLK -CAR/SUV,2015.0,1,M,Licensed,Stopped in Traffic,Left Rear Quarter Panel,Left Rear Quarter Panel,No Damage,No Damage,No Damage,N,,Unspecified,Unspecified,MANHATTAN,10028.0,"(40.77719, -73.95225)",0.0,0.0,0,0,0,0,0,0,Sedan,Convertible,0
18630416,4098095,03/16/2019,23:41,09d978ed-eae2-493c-a232-663832af21c3,Sedan,AUDI -CAR/SUV,2007.0,1,M,Licensed,Slowing or Stopping,Left Front Bumper,Left Front Bumper,Left Front Quarter Panel,No Damage,Right Front Bumper,N,,Unsafe Speed,Unspecified,,,,0.0,0.0,0,0,0,0,0,0,Sedan,Sedan,0
19051709,4187958,08/12/2019,23:24,ed737fde-a008-4c66-b72b-f3c9203b2dce,Station Wagon/Sport Utility Vehicle,MERZ -CAR/SUV,1999.0,0,,,Parked,Left Front Bumper,Left Front Bumper,Center Front End,Left Front Quarter Panel,No Damage,N,,Other Vehicular,Unspecified,,,"(40.87924, -73.846565)",0.0,0.0,0,0,0,0,0,0,Sedan,Station Wagon/Sport Utility Vehicle,0
18998092,4158761,06/25/2019,12:00,997cf868-a623-47cf-b82d-c716dbc9d8d9,Station Wagon/Sport Utility Vehicle,NISS -CAR/SUV,2001.0,1,F,Licensed,Going Straight Ahead,Center Front End,Center Front End,Right Front Bumper,Left Front Bumper,Right Front Quarter Panel,N,,Unspecified,Unspecified,,,,1.0,0.0,0,0,0,0,1,0,Station Wagon/Sport Utility Vehicle,,1
18539334,4104480,03/27/2019,11:00,b4be5371-080a-443f-9aa0-f5bbde2aaaab,Sedan,BMW -CAR/SUV,2009.0,1,M,Licensed,Going Straight Ahead,Left Rear Quarter Panel,Left Rear Quarter Panel,Left Side Doors,Left Front Quarter Panel,,N,,Unspecified,Unspecified,,,"(40.68742, -73.999725)",0.0,0.0,0,0,0,0,0,0,Sedan,PK,0
18990706,4159861,06/27/2019,09:00,fb282960-3970-448b-8c6a-fb5f60c99ad8,Sedan,FORD -CAR/SUV,2010.0,1,M,Licensed,Going Straight Ahead,Left Rear Bumper,Left Rear Bumper,,,,N,,Driver Inattention/Distraction,Unspecified,BROOKLYN,11221.0,"(40.695583, -73.92078)",0.0,0.0,0,0,0,0,0,0,Taxi,Sedan,0
18927965,4129983,05/09/2019,15:30,1d604e37-eb70-49ab-8576-6dce1eb24227,Station Wagon/Sport Utility Vehicle,NISS -CAR/SUV,2016.0,0,,,Parked,Right Side Doors,Right Side Doors,No Damage,No Damage,No Damage,N,,Unspecified,Unspecified,BROOKLYN,11208.0,"(40.678543, -73.870804)",0.0,0.0,0,0,0,0,0,0,Station Wagon/Sport Utility Vehicle,,0
18967471,4149084,06/10/2019,19:55,d2d55768-6409-49c9-bed3-32b16d73a855,Sedan,TOYT -CAR/SUV,2010.0,1,M,Licensed,Making Left Turn,Right Rear Bumper,Right Rear Bumper,Right Rear Quarter Panel,,,N,,Failure to Yield Right-of-Way,Unspecified,QUEENS,11355.0,"(40.75765, -73.825195)",0.0,0.0,0,0,0,0,0,0,Station Wagon/Sport Utility Vehicle,Sedan,0
18615520,4087891,02/27/2019,14:00,dc2d852b-ecdf-4274-b99a-92b314b7a057,Sedan,HOND -CAR/SUV,2012.0,1,M,Licensed,Going Straight Ahead,Left Rear Bumper,Left Rear Bumper,Left Rear Quarter Panel,Left Front Quarter Panel,,N,,Unspecified,Unspecified,QUEENS,11429.0,"(40.70969, -73.74823)",1.0,0.0,0,0,0,0,1,0,Sedan,Sedan,1
18942892,4141565,05/04/2019,11:28,34c08157-549f-4cbd-9d76-4e356926df5c,Station Wagon/Sport Utility Vehicle,CHEV -CAR/SUV,2001.0,1,M,Licensed,Making Right Turn,Left Front Bumper,Left Front Bumper,,,,N,,Driver Inattention/Distraction,Following Too Closely,BROOKLYN,11213.0,"(40.67043, -73.928185)",0.0,0.0,0,0,0,0,0,0,Sedan,Station Wagon/Sport Utility Vehicle,0
19091721,4206874,09/16/2019,07:45,fed750ea-a518-4288-af88-7e65875f03ec,Sedan,VOLK -CAR/SUV,2013.0,1,M,Licensed,Going Straight Ahead,Right Front Quarter Panel,Right Front Quarter Panel,Right Front Bumper,No Damage,No Damage,Unspecified,,Unspecified,Unspecified,,,"(40.709225, -73.843155)",0.0,0.0,0,0,0,0,0,0,Sedan,,0
19652966,4251693,12/01/2019,20:40,62b188d0-5b34-4906-bdc3-1c94b47da5e3,Sedan,TOYT -CAR/SUV,2014.0,1,F,Licensed,Stopped in Traffic,Center Back End,Center Back End,,,,N,,Unspecified,Unspecified,BROOKLYN,11212.0,"(40.654358, -73.91916)",1.0,0.0,0,0,0,0,1,0,Sedan,Sedan,1
18599594,4086326,02/23/2019,15:55,366f9ce1-b46c-4afd-92df-c0102a3337c5,Sedan,HOND -CAR/SUV,2014.0,1,M,Licensed,Going Straight Ahead,Right Side Doors,Right Rear Quarter Panel,Right Rear Bumper,Right Side Doors,,N,,Unspecified,Unspecified,BROOKLYN,11208.0,"(40.66638, -73.86109)",0.0,0.0,0,0,0,0,0,0,Sedan,Station Wagon/Sport Utility Vehicle,0
18983439,4156221,06/22/2019,02:50,7857a499-26e1-4c9f-bd39-dc38192db5ba,Sedan,NISS -CAR/SUV,2012.0,1,M,Licensed,Going Straight Ahead,Center Front End,Center Front End,Right Front Bumper,Center Front End,,N,,Tire Failure/Inadequate,Unspecified,QUEENS,11414.0,"(40.666183, -73.84302)",0.0,0.0,0,0,0,0,0,0,Sedan,,0
18997419,4165475,07/06/2019,23:40,76626dda-4cec-4e1d-b884-f3443d16626d,Sedan,TOYT -CAR/SUV,2016.0,1,M,Licensed,Going Straight Ahead,Center Back End,Center Back End,No Damage,No Damage,No Damage,N,,Driver Inexperience,Unspecified,,,,1.0,0.0,0,0,0,0,1,0,Sedan,Sedan,1
18529115,4070642,01/28/2019,14:45,37a5362c-38a2-44c7-ba2e-413c5bdbd062,Station Wagon/Sport Utility Vehicle,NISS -CAR/SUV,2017.0,1,F,Licensed,Making Left Turn,Center Back End,Right Rear Bumper,Left Rear Bumper,Left Rear Bumper,,N,,Unspecified,Unspecified,STATEN ISLAND,10306.0,"(40.564537, -74.13171)",1.0,0.0,0,0,0,0,1,0,Station Wagon/Sport Utility Vehicle,Sedan,1
18500605,4067346,01/14/2019,08:10,8655294e-c67a-4cf3-a790-1931afcc5b80,Taxi,TOYT -CAR/SUV,2015.0,1,M,Licensed,Making Right Turn,Left Rear Bumper,Left Rear Bumper,Left Rear Quarter Panel,,,N,,Driver Inattention/Distraction,Unspecified,BRONX,10460.0,"(40.84271, -73.885666)",0.0,0.0,0,0,0,0,0,0,Taxi,Station Wagon/Sport Utility Vehicle,0
19570431,4059132,01/22/2019,08:00,73f9669d-bbb6-4e5d-8695-40ade58b0699,Sedan,TOYT -CAR/SUV,2011.0,0,,,Parked,Center Back End,Center Back End,Center Front End,,,N,,Unspecified,Unspecified,BROOKLYN,11207.0,"(40.658035, -73.881645)",1.0,0.0,0,0,0,0,1,0,Sedan,Station Wagon/Sport Utility Vehicle,1
18918639,4125500,05/03/2019,11:00,df680aed-f57d-4e1f-9d7a-19c33eb12943,Station Wagon/Sport Utility Vehicle,HOND -CAR/SUV,2018.0,1,M,,Making Left Turn,Right Front Quarter Panel,Right Front Quarter Panel,Right Front Bumper,,,N,,Unspecified,Unspecified,,,,0.0,0.0,0,0,0,0,0,0,Station Wagon/Sport Utility Vehicle,Station Wagon/Sport Utility Vehicle,0
18554543,4088347,02/26/2019,19:00,195c5f7e-c333-4ebe-8bc2-d4fb07a79847,Sedan,AUDI -CAR/SUV,2010.0,1,M,Licensed,Going Straight Ahead,Right Front Quarter Panel,Right Front Bumper,,,,N,,Failure to Yield Right-of-Way,Following Too Closely,QUEENS,11435.0,"(40.70184, -73.81564)",0.0,0.0,0,0,0,0,0,0,Station Wagon/Sport Utility Vehicle,Sedan,0
19080159,4201430,09/07/2019,11:00,93e69300-602b-4a9c-9c81-2412dc40b996,Sedan,SUBA -CAR/SUV,2019.0,1,F,Licensed,Making Right Turn,Right Rear Quarter Panel,Right Rear Quarter Panel,Right Rear Bumper,,,N,,Passing or Lane Usage Improper,Unspecified,,,,0.0,0.0,0,0,0,0,0,0,Sedan,Station Wagon/Sport Utility Vehicle,0
18946363,4138009,05/19/2019,04:13,b16f719e-527d-4551-8c36-da756d0d2943,Sedan,NISS -CAR/SUV,2008.0,,,,Going Straight Ahead,Left Front Bumper,Center Front End,Right Front Bumper,,,N,,Unsafe Speed,Passing or Lane Usage Improper,BRONX,10462.0,"(40.835217, -73.84859)",0.0,0.0,0,0,0,0,0,0,Sedan,Station Wagon/Sport Utility Vehicle,0
19068736,4196088,08/28/2019,07:44,197c9e8f-0699-45d1-be8e-22c176d16e80,Dump,FORD-TRUCK/BUS,2019.0,5,M,Licensed,Going Straight Ahead,Right Front Quarter Panel,Right Side Doors,,,,N,,Reaction to Uninvolved Vehicle,Unspecified,,,"(40.758057, -73.95914)",0.0,0.0,0,0,0,0,0,0,Dump,Sedan,0
19078073,4200344,09/05/2019,17:00,cbd3d8e0-e9df-4da5-836b-cd95d9ecda8f,Sedan,NISS -CAR/SUV,2007.0,0,F,Licensed,Parked,Left Front Bumper,Left Front Bumper,,,,Unspecified,,Unspecified,Unspecified,,,"(40.74455, -73.703094)",0.0,0.0,0,0,0,0,0,0,Sedan,Station Wagon/Sport Utility Vehicle,0
18522237,4058984,01/22/2019,08:40,59cfbea9-500f-4cb6-9b41-01da5b71215d,Station Wagon/Sport Utility Vehicle,FORD -CAR/SUV,2017.0,5,M,Licensed,Making Left Turn,Left Front Bumper,Left Front Bumper,Center Front End,Right Front Bumper,,N,,Failure to Yield Right-of-Way,Glare,,,"(40.74119, -73.79279)",1.0,0.0,0,0,0,0,1,0,Sedan,Station Wagon/Sport Utility Vehicle,1
19171622,4243232,11/17/2019,07:30,3160d9a2-6c10-4d76-bd16-46dc8c9a6c94,Sedan,HOND -CAR/SUV,2019.0,0,,,Parked,Left Front Quarter Panel,Left Front Quarter Panel,,,,N,,Unspecified,Unspecified,QUEENS,11422.0,"(40.660206, -73.74279)",0.0,0.0,0,0,0,0,0,0,Sedan,,0
19628400,4231530,10/26/2019,15:00,e0aa18a7-9562-4243-a401-d0648a732e25,Station Wagon/Sport Utility Vehicle,HOND -CAR/SUV,2019.0,1,M,Licensed,Slowing or Stopping,Center Back End,Center Back End,,,,N,,Alcohol Involvement,Unspecified,,,,0.0,0.0,0,0,0,0,0,0,Station Wagon/Sport Utility Vehicle,Sedan,0
18509683,4066324,01/11/2019,23:15,47d7e126-0deb-49fa-9be9-4ba878c991a6,Sedan,NISS -CAR/SUV,2001.0,1,M,Licensed,Going Straight Ahead,Center Front End,Center Front End,Right Front Bumper,Left Front Bumper,Right Front Quarter Panel,N,,Unspecified,Unspecified,QUEENS,11105.0,"(40.775936, -73.90094)",0.0,0.0,0,0,0,0,0,0,Sedan,Sedan,0
19109562,4215197,09/21/2019,15:00,5386fae8-a8a9-491c-9b2f-8bd05d3d692c,Taxi,LINC -CAR/SUV,2009.0,1,F,Licensed,Going Straight Ahead,Right Front Quarter Panel,No Damage,No Damage,No Damage,No Damage,N,,Other Vehicular,Following Too Closely,,,"(40.80988, -73.953285)",0.0,0.0,0,0,0,0,0,0,Taxi,,0
19170734,4242955,11/18/2019,08:30,54285097-4b6f-4a34-a7dc-6e5d176be1a7,Sedan,VOLK -CAR/SUV,2016.0,1,M,Licensed,Entering Parked Position,Right Rear Bumper,Right Rear Bumper,,,,N,,Passing or Lane Usage Improper,Unspecified,QUEENS,11374.0,"(40.727383, -73.864105)",0.0,0.0,0,0,0,0,0,0,Sedan,Sedan,0
18504451,4057523,01/19/2019,05:20,0c15ff2a-1896-4d2d-aac3-c6dd6a5bed6a,Taxi,TOYT -CAR/SUV,2015.0,1,M,Licensed,Going Straight Ahead,Right Front Quarter Panel,Right Front Quarter Panel,Right Side Doors,,,N,,Unspecified,Unspecified,MANHATTAN,10018.0,"(40.75525, -73.998665)",0.0,0.0,0,0,0,0,0,0,Taxi,Sedan,0
18622870,4088863,02/28/2019,14:30,f0bd25c9-0d6d-430b-ad1a-112f1067a3b9,Sedan,MERZ -CAR/SUV,2015.0,1,M,Licensed,Making Left Turn,Right Front Bumper,Right Front Bumper,Right Front Quarter Panel,,,N,,Unsafe Lane Changing,Unspecified,,,"(40.766434, -73.83767)",0.0,0.0,0,0,0,0,0,0,Sedan,Station Wagon/Sport Utility Vehicle,0
19653879,4247705,11/25/2019,14:00,285ae8fe-dd69-4254-ab6d-a7a32b72425a,Box Truck,FRHT-TRUCK/BUS,2016.0,1,M,Licensed,Backing,Center Back End,Center Back End,No Damage,No Damage,No Damage,N,,Backing Unsafely,Unspecified,QUEENS,11418.0,"(40.697704, -73.82831)",0.0,0.0,0,0,0,0,0,0,Box Truck,Station Wagon/Sport Utility Vehicle,0
19665700,4259450,12/16/2019,14:55,8b30a8db-6630-466f-a777-32c5d610fad1,Station Wagon/Sport Utility Vehicle,FORD -CAR/SUV,2018.0,2,M,Licensed,Backing,Left Rear Bumper,No Damage,,,,N,,Driver Inattention/Distraction,Backing Unsafely,,,"(40.74473, -73.93359)",0.0,0.0,0,0,0,0,0,0,Station Wagon/Sport Utility Vehicle,Sedan,0