UNIQUE_ID,COLLISION_ID,CRASH_DATE,CRASH_TIME,VEHICLE_ID,VEHICLE_TYPE,VEHICLE_MAKE,VEHICLE_YEAR,VEHICLE_OCCUPANTS,DRIVER_SEX,DRIVER_LICENSE_STATUS,PRE_CRASH,POINT_OF_IMPACT,VEHICLE_DAMAGE,VEHICLE_DAMAGE_1,VEHICLE_DAMAGE_2,VEHICLE_DAMAGE_3,PUBLIC_PROPERTY_DAMAGE,PUBLIC_PROPERTY_DAMAGE_TYPE,CONTRIBUTING_FACTOR_1,CONTRIBUTING_FACTOR_2,BOROUGH,ZIP CODE,LOCATION,NUMBER OF PERSONS INJURED,NUMBER OF PERSONS KILLED,NUMBER OF PEDESTRIANS INJURED,NUMBER OF PEDESTRIANS KILLED,NUMBER OF CYCLIST INJURED,NUMBER OF CYCLIST KILLED,NUMBER OF MOTORIST INJURED,NUMBER OF MOTORIST KILLED,VEHICLE TYPE CODE 1,VEHICLE TYPE CODE 2,Severity
19163454,4239863,11/12/2019,18:49,daef1ce6-20a7-4ca5-90c4-ee14afe47e2a,Sedan,HOND -CAR/SUV,2003.0,1,M,Licensed,Going Straight Ahead,Left Side Doors,Left Side Doors,,,,N,,Unspecified,Unspecified,,,"(40.621403, -74.02893)",0.0,0.0,0,0,0,0,0,0,Station Wagon/Sport Utility Vehicle,Sedan,0
19158441,4237867,11/08/2019,20:17,4c701c0c-e90a-4aa4-a69a-383bb8805db0,Sedan,TOYT -CAR/SUV,2016.0,1,M,Licensed,Making Left Turn,Right Front Bumper,Right Front Bumper,Right Front Quarter Panel,,,N,,Unspecified,Unspecified,BROOKLYN,11222.0,"(40.735157, -73.95508)",0.0,0.0,0,0,0,0,0,0,Station Wagon/Sport Utility Vehicle,Sedan,0
19011305,4169293,07/13/2019,15:00,40edf04e-f880-41c8-a1d7-4ee37c4c4f21,Sedan,HOND -CAR/SUV,2008.0,1,M,Licensed,Going Straight Ahead,Left Front Quarter Panel,Left Front Quarter Panel,,,,N,,Unspecified,Unspecified,QUEENS,11004.0,"(40.74802, -73.705376)",0.0,0.0,0,0,0,0,0,0,Sedan,Station Wagon/Sport Utility Vehicle,0
18508501,4072483,01/31/2019,14:57,19f6bb5c-1d95-4dfa-890f-d894d26a57fa,Station Wagon/Sport Utility Vehicle,NISS -CAR/SUV,2011.0,1,F,Licensed,Starting from Parking,Left Front Bumper,Left Front Bumper,Left Front Quarter Panel,,,N,,Driver Inexperience,Unspecified,,,"(40.52991, -74.19609)",0.0,0.0,0,0,0,0,0,0,Station Wagon/Sport Utility Vehicle,Station Wagon/Sport Utility Vehicle,0
18934523,4133553,05/17/2019,10:25,78ccb4cd-bb0a-4f1e-93a8-05b8f019749a,Station Wagon/Sport Utility Vehicle,AUDI -CAR/SUV,2008.0,2,M,Licensed,Going Straight Ahead,Center Front End,Center Front End,Right Front Bumper,Right Rear Quarter Panel,Right Rear Bumper,Unspecified,,Other Vehicular,Unspecified,,,"(40.768448, -73.77077)",0.0,0.0,0,0,0,0,0,0,Sedan,Sedan,0
18490435,4061479,01/01/2019,19:43,fb27d084-b654-4ef7-93bf-82a96b9456b7,Sedan,ACUR -CAR/SUV,2014.0,1,M,Licensed,Making Left Turn,Left Front Bumper,Left Front Bumper,,,,N,,Unspecified,Unspecified,BROOKLYN,11212.0,"(40.666443, -73.924255)",0.0,0.0,0,0,0,0,0,0,Sedan,Sedan,0
18611085,4084662,02/21/2019,17:00,655ab402-de91-488c-8fad-90d5fe3d19f6,Sedan,HYUN -CAR/SUV,2017.0,1,M,Licensed,Going Straight Ahead,Right Front Quarter Panel,Right Front Quarter Panel,Right Front Bumper,,,N,,Failure to Yield Right-of-Way,Glare,QUEENS,11357.0,"(40.790344, -73.81984)",0.0,0.0,0,0,0,0,0,0,Sedan,Station Wagon/Sport Utility Vehicle,0
18918834,4127035,05/06/2019,09:25,60eff74e-dd9b-426e-bfd1-a420ab0ea1e7,Station Wagon/Sport Utility Vehicle,HOND -CAR/SUV,2006.0,1,M,Licensed,Backing,Left Rear Bumper,Left Rear Bumper,No Damage,No Damage,No Damage,N,,Pedestrian/Bicyclist/Other Pedestrian Error/Confusion,Unspecified,MANHATTAN,10027.0,"(40.80907, -73.94455)",1.0,0.0,1,0,0,0,0,0,Station Wagon/Sport Utility Vehicle,,1
18535454,4095874,03/12/2019,12:00,383e5168-8607-4e3b-b46b-eba9d5216d20,Station Wagon/Sport Utility Vehicle,DODG -CAR/SUV,2008.0,1,F,Licensed,Going Straight Ahead,Left Rear Quarter Panel,Left Rear Quarter Panel,,,,N,,Traffic Control Disregarded,Unspecified,BROOKLYN,11215.0,"(40.67086, -73.99153)",0.0,0.0,0,0,0,0,0,0,Sedan,Station Wagon/Sport Utility Vehicle,0
19011773,4169825,07/12/2019,20:00,610d06fa-49ff-4213-a4e3-f4aee86c93dd,Station Wagon/Sport Utility Vehicle,FORD -CAR/SUV,2019.0,1,M,Licensed,Going Straight Ahead,Center Front End,No Damage,No Damage,No Damage,No Damage,N,,Unspecified,Following Too Closely,MANHATTAN,10035.0,"(40.802395, -73.936775)",0.0,0.0,0,0,0,0,0,0,Convertible,Station Wagon/Sport Utility Vehicle,0
18513666,4098858,03/15/2019,09:30,fcaaeef3-4bfb-481c-8555-f36d805316bd,Station Wagon/Sport Utility Vehicle,TOYT -CAR/SUV,2015.0,2,M,Licensed,Parked,Center Back End,Left Rear Quarter Panel,No Damage,No Damage,No Damage,N,,Unspecified,Unspecified,MANHATTAN,10026.0,"(40.801235, -73.947845)",2.0,0.0,0,0,0,0,2,0,Station Wagon/Sport Utility Vehicle,Sedan,1
19066362,4194116,08/21/2019,12:52,be63716d-1e28-49fb-a6b2-49eedbfde602,Sedan,TOYT -CAR/SUV,2013.0,1,M,Licensed,Backing,Left Rear Bumper,Left Rear Quarter Panel,Center Back End,,,N,,Backing Unsafely,View Obstructed/Limited,QUEENS,11379.0,"(40.71599, -73.87209)",0.0,0.0,0,0,0,0,0,0,Station Wagon/Sport Utility Vehicle,Sedan,0
18539441,4084358,02/15/2019,11:50,37af2589-0f40-4049-ab76-988a44f0a7ef,Sedan,HOND -CAR/SUV,2017.0,1,M,Licensed,Going Straight Ahead,Right Front Bumper,Right Front Bumper,,,,N,,Driver Inattention/Distraction,Unspecified,BROOKLYN,11235.0,"(40.58622, -73.954956)",0.0,0.0,0,0,0,0,0,0,Sedan,Station Wagon/Sport Utility Vehicle,0
18523835,4072416,01/31/2019,09:10,aec48a65-613c-4738-a895-e2daf47bd670,Sedan,HOND -CAR/SUV,2018.0,1,F,Licensed,Going Straight Ahead,Center Front End,Center Front End,No Damage,No Damage,No Damage,N,,Driver Inattention/Distraction,Unspecified,BROOKLYN,11201.0,"(40.692055, -73.982544)",0.0,0.0,0,0,0,0,0,0,Sedan,Station Wagon/Sport Utility Vehicle,0
19113897,4217083,10/03/2019,12:40,a1ec6916-fca0-4bad-9277-84bec07837a4,Station Wagon/Sport Utility Vehicle,FORD -CAR/SUV,2016.0,1,M,Licensed,Making Right Turn,Right Side Doors,Right Rear Quarter Panel,No Damage,No Damage,No Damage,N,,Driver Inattention/Distraction,Turning Improperly,BROOKLYN,11236.0,"(40.64906, -73.91326)",0.0,0.0,0,0,0,0,0,0,Sedan,Station Wagon/Sport Utility Vehicle,0
18585900,4104081,03/07/2019,17:18,60bdd101-6e6d-4041-8322-971adbd848b8,Sedan,TOYT -CAR/SUV,2015.0,1,M,Licensed,Other*,Left Rear Bumper,Left Rear Bumper,No Damage,No Damage,No Damage,N,,Unspecified,Unspecified,MANHATTAN,10128.0,"(40.779594, -73.953445)",0.0,0.0,0,0,0,0,0,0,Sedan,Station Wagon/Sport Utility Vehicle,0
19078228,4200852,09/06/2019,15:54,0ac4afa8-d65d-4a0e-9578-b56e8358a0bc,Station Wagon/Sport Utility Vehicle,FORD -CAR/SUV,2018.0,2,M,Licensed,Other*,Other,No Damage,,,,N,,Unspecified,Unspecified,STATEN ISLAND,10310.0,"(40.642254, -74.11486)",0.0,0.0,0,0,0,0,0,0,Station Wagon/Sport Utility Vehicle,Station Wagon/Sport Utility Vehicle,0
18643855,4103448,03/25/2019,15:00,258fd3e0-3820-48e1-a5dc-5c8be90fa788,Sedan,NISS -CAR/SUV,2017.0,0,F,Licensed,Parked,Left Front Quarter Panel,Left Front Quarter Panel,Left Front Bumper,Center Front End,Right Front Bumper,N,,Unspecified,Unspecified,,,"(40.6642, -73.897766)",0.0,0.0,0,0,0,0,0,0,Sedan,Bus,0
19648413,4260412,12/17/2019,12:14,e33deb57-7c70-4b38-803d-843389f69f5d,Station Wagon/Sport Utility Vehicle,HOND -CAR/SUV,2018.0,0,M,Licensed,Making Right Turn,Right Front Bumper,Right Front Bumper,Right Front Bumper,Right Front Quarter Panel,,N,,Driver Inattention/Distraction,Passing or Lane Usage Improper,QUEENS,11432.0,"(40.706253, -73.804054)",0.0,0.0,0,0,0,0,0,0,Sedan,Station Wagon/Sport Utility Vehicle,0
18562245,4094137,03/10/2019,16:20,c040d598-e348-4677-b7a0-c222d9485761,Station Wagon/Sport Utility Vehicle,SUBA -CAR/SUV,2019.0,1,F,Licensed,Going Straight Ahead,Left Side Doors,Left Side Doors,Right Rear Bumper,,,N,,Unspecified,Unspecified,BROOKLYN,11209.0,"(40.63193, -74.03644)",0.0,0.0,0,0,0,0,0,0,Station Wagon/Sport Utility Vehicle,Station Wagon/Sport Utility Vehicle,0
18571735,4109669,04/05/2019,17:27,b79356bb-4db5-4dcb-aa60-d5c610a41f4e,Carry All,FRHT-TRUCK/BUS,2018.0,0,M,Licensed,Merging,Right Front Bumper,Right Front Quarter Panel,Right Front Bumper,,,N,,Unspecified,Unspecified,,,"(40.845024, -73.92632)",0.0,0.0,0,0,0,0,0,0,Taxi,Carry All,0
19010445,4169280,07/13/2019,11:45,57e34fb5-97f3-4d72-80e7-75c9910f0508,Bike,Bicycle,,1,F,,Going Straight Ahead,Center Front End,No Damage,No Damage,No Damage,No Damage,N,,Driver Inattention/Distraction,Unspecified,,,,1.0,0.0,0,0,1,0,0,0,Bike,,1
18514329,4067948,01/16/2019,07:55,c931b600-0535-4422-9db0-78c9756d63e3,Flat Bed,WSTR-TRUCK/BUS,2014.0,1,M,Licensed,Changing Lanes,Left Rear Quarter Panel,No Damage,,,,N,,Driver Inattention/Distraction,Unsafe Lane Changing,,,"(40.716957, -73.82655)",0.0,0.0,0,0,0,0,0,0,Flat Bed,Station Wagon/Sport Utility Vehicle,0
18950151,4137210,05/21/2019,15:30,690d4218-3823-4cb3-9be7-c090d03284fa,Station Wagon/Sport Utility Vehicle,CHRY -CAR/SUV,2005.0,1,,,Starting from Parking,Right Front Quarter Panel,Right Front Quarter Panel,,,,N,,Passing Too Closely,Unspecified,,,"(40.69625, -73.894295)",0.0,0.0,0,0,0,0,0,0,Sedan,Station Wagon/Sport Utility Vehicle,0
19086077,4204555,09/12/2019,13:15,7427d234-6d8f-42f1-a731-ef6b5b46ade8,Sedan,CHEV -CAR/SUV,2017.0,0,,,Parked,Left Rear Quarter Panel,Left Front Quarter Panel,Left Front Bumper,Left Side Doors,Left Rear Bumper,N,,Unspecified,Unspecified,,,"(40.677174, -73.924774)",0.0,0.0,0,0,0,0,0,0,Station Wagon/Sport Utility Vehicle,Station Wagon/Sport Utility Vehicle,0
19006740,4167392,07/09/2019,12:00,1fb4af22-da08-40ff-a0e4-8efd316e412c,Sedan,INFI -CAR/SUV,2011.0,1,F,Licensed,Backing,Right Rear Quarter Panel,Right Side Doors,Right Rear Quarter Panel,Right Side Doors,,N,,Other Vehicular,Other Vehicular,MANHATTAN,10023.0,"(40.778797, -73.98206)",0.0,0.0,0,0,0,0,0,0,Sedan,Sedan,0
18493732,4062391,01/04/2019,00:00,ef2d86a7-ea6a-4b8c-8858-040b807a6242,Tractor Truck Diesel,"great dane trailers, inc.",2017.0,1,M,Licensed,Backing,Left Rear Quarter Panel,No Damage,No Damage,No Damage,No Damage,Unspecified,,Backing Unsafely,Backing Unsafely,BROOKLYN,11206.0,"(40.70393, -73.93294)",0.0,0.0,0,0,0,0,0,0,Box Truck,Tractor Truck Diesel,0
19166768,4241377,11/12/2019,16:37,3c75f15d-dbc5-4460-9d02-5a7857a11089,Bus,NO/BU,2012.0,20,M,Licensed,Going Straight Ahead,Right Side Doors,Right Side Doors,,,,N,,Pedestrian/Bicyclist/Other Pedestrian Error/Confusion,Unspecified,MANHATTAN,10027.0,"(40.809143, -73.94876)",1.0,0.0,1,0,0,0,0,0,Bus,,1
18491184,4062903,01/04/2019,09:22,19e4724a-9f0a-49ef-b5ce-d168a49a6eaf,Sedan,TOYT -CAR/SUV,2015.0,3,M,Licensed,Going Straight Ahead,Right Front Bumper,Right Front Bumper,Right Front Quarter Panel,Right Side Doors,No Damage,N,,Lost Consciousness,Unspecified,BROOKLYN,11211.0,"(40.71803, -73.940994)",1.0,0.0,0,0,0,0,1,0,Sedan,Station Wagon/Sport Utility Vehicle,1
19099393,4210704,09/21/2019,12:40,7ab9a55f-8b39-42ab-81a5-67007b318467,Sedan,VOLK -CAR/SUV,2017.0,0,,,Parked,Right Front Quarter Panel,Right Front Quarter Panel,Right Front Bumper,Right Side Doors,Other,N,,Unspecified,Unspecified,BROOKLYN,11211.0,"(40.71249, -73.93848)",0.0,0.0,0,0,0,0,0,0,Sedan,,0
18607447,4104834,03/28/2019,15:45,a95dc467-22ab-4b16-96ec-0fdd013e11f4,Station Wagon/Sport Utility Vehicle,SUBA -CAR/SUV,2005.0,1,F,Licensed,Going Straight Ahead,Center Front End,Center Front End,Left Front Bumper,Right Front Bumper,,N,,Failure to Yield Right-of-Way,Driver Inattention/Distraction,QUEENS,11360.0,"(40.77574, -73.77986)",0.0,0.0,0,0,0,0,0,0,Station Wagon/Sport Utility Vehicle,Station Wagon/Sport Utility Vehicle,0
19039693,4183004,08/01/2019,15:00,067bcb19-e9e8-4de9-8cec-8a8231b20e71,Station Wagon/Sport Utility Vehicle,NISS -CAR/SUV,2018.0,1,F,Licensed,Slowing or Stopping,Center Front End,Center Front End,,,,N,,Following Too Closely,Unspecified,,,"(40.70504, -73.959045)",0.0,0.0,0,0,0,0,0,0,Station Wagon/Sport Utility Vehicle,,0
18613379,4108072,04/03/2019,11:15,cc6780e6-1b26-427c-bc48-65942f10ae5d,Station Wagon/Sport Utility Vehicle,TOYT -CAR/SUV,2015.0,0,,,Parked,Left Rear Bumper,Left Rear Bumper,Center Back End,Left Rear Quarter Panel,,N,,Unspecified,Unspecified,QUEENS,11361.0,"(40.756275, -73.778656)",1.0,0.0,0,0,0,0,1,0,Sedan,Station Wagon/Sport Utility Vehicle,1
18895691,4115866,04/16/2019,13:00,b39b9a05-5fd5-45b1-bb65-cedb3296ad6a,Station Wagon/Sport Utility Vehicle,FORD -CAR/SUV,2011.0,1,M,Licensed,Going Straight Ahead,Right Front Bumper,No Damage,,,,N,,Unspecified,Unspecified,,,"(40.653873, -74.008156)",0.0,0.0,0,0,0,0,0,0,Station Wagon/Sport Utility Vehicle,Station Wagon/Sport Utility Vehicle,0
19078353,4200730,08/28/2019,02:50,3cd87303-e64a-4239-820f-a374ebde2e7c,Taxi,TOYT -CAR/SUV,2017.0,2,M,Licensed,Going Straight Ahead,Right Rear Quarter Panel,Center Back End,Center Back End,No Damage,No Damage,N,,Passing Too Closely,Unspecified,BROOKLYN,11238.0,"(40.68553, -73.95656)",0.0,0.0,0,0,0,0,0,0,Taxi,Tractor Truck Diesel,0
19002298,4162577,07/01/2019,11:13,3841206a-809d-4a36-a736-e27a7be4cf82,Sedan,ACUR -CAR/SUV,2016.0,1,,,Making Right Turn,Other,Other,Other,Other,Other,N,,Driver Inattention/Distraction,Unspecified,,,"(40.740837, -73.7583)",1.0,0.0,1,0,0,0,0,0,Sedan,,1
18896968,4116573,04/17/2019,19:45,20e4781d-ad29-49eb-854c-5b6c8e0e863d,Sedan,TOYT -CAR/SUV,2018.0,1,M,Licensed,Starting from Parking,Right Front Bumper,Right Front Bumper,No Damage,No Damage,No Damage,N,,View Obstructed/Limited,View Obstructed/Limited,BROOKLYN,11214.0,"(40.605576, -73.99671)",0.0,0.0,0,0,0,0,0,0,Sedan,Station Wagon/Sport Utility Vehicle,0
18556755,4069700,01/27/2019,11:00,d779ccd8-acb5-4d04-8b57-8258b5df3629,Station Wagon/Sport Utility Vehicle,CHRY -CAR/SUV,2008.0,1,M,Licensed,Going Straight Ahead,Left Front Bumper,Left Front Bumper,Left Front Quarter Panel,,,N,,Unspecified,Unspecified,QUEENS,11354.0,"(40.764378, -73.81007)",0.0,0.0,0,0,0,0,0,0,Station Wagon/Sport Utility Vehicle,Sedan,0
18957589,4144491,06/03/2019,16:08,91e6ea9a-c583-4a21-8915-2e43f8f7eeeb,Station Wagon/Sport Utility Vehicle,FORD -CAR/SUV,2019.0,1,M,Licensed,Slowing or Stopping,Center Back End,Center Back End,Right Rear Bumper,Left Rear Bumper,,N,,Unspecified,Unspecified,,,"(40.789467, -73.784225)",0.0,0.0,0,0,0,0,0,0,Station Wagon/Sport Utility Vehicle,Station Wagon/Sport Utility Vehicle,0
18901617,4118307,04/18/2019,17:00,95186194-bbd9-4a1d-af1a-7e257420b524,Station Wagon/Sport Utility Vehicle,HOND -CAR/SUV,2006.0,1,F,Licensed,Backing,Center Back End,No Damage,No Damage,,,N,,View Obstructed/Limited,Unspecified,BRONX,10473.0,"(40.821556, -73.86687)",1.0,0.0,1,0,0,0,0,0,Station Wagon/Sport Utility Vehicle,,1
18984423,4157123,06/23/2019,23:41,ac9cf6e2-bfa1-4a37-b343-ccd69fc55983,Station Wagon/Sport Utility Vehicle,ACUR -CAR/SUV,2017.0,1,M,Licensed,Stopped in Traffic,Right Rear Bumper,Right Rear Bumper,,,,N,,Unspecified,Unspecified,BROOKLYN,11220.0,"(40.6402, -74.00825)",0.0,0.0,0,0,0,0,0,0,Station Wagon/Sport Utility Vehicle,Motorcycle,0
18577260,4095523,03/09/2019,11:51,b2a85244-f2a4-4366-82ee-ec709eb8d286,Station Wagon/Sport Utility Vehicle,FORD -CAR/SUV,2018.0,1,F,Licensed,Making Right Turn,Right Front Bumper,Right Front Quarter Panel,,,,N,,Failure to Keep Right,Unspecified,,,"(40.582287, -74.16908)",0.0,0.0,0,0,0,0,0,0,Station Wagon/Sport Utility Vehicle,,0
19632077,4267376,12/31/2019,15:30,a11466de-0178-4394-8d0f-5f90d7768f9f,Station Wagon/Sport Utility Vehicle,TOYT -CAR/SUV,2015.0,1,M,Licensed,Starting from Parking,Left Front Quarter Panel,Left Front Quarter Panel,Left Front Bumper,Center Front End,Right Front Bumper,N,,Driver Inattention/Distraction,Driver Inattention/Distraction,,,"(40.66206, -73.94277)",0.0,0.0,0,0,0,0,0,0,Station Wagon/Sport Utility Vehicle,Station Wagon/Sport Utility Vehicle,0
19621049,4265802,11/23/2019,17:10,fa6e2c54-584e-468d-8016-e4155557a8b7,Motorcycle,HOND -MCL,1971.0,0,M,Licensed,Parked,Center Back End,Right Front Quarter Panel,,,,N,,Unspecified,Unspecified,BROOKLYN,11201.0,"(40.698116, -73.977325)",0.0,0.0,0,0,0,0,0,0,Motorcycle,,0
18904865,4120283,04/24/2019,18:00,1b913f65-0a52-4276-aadb-2e770065b597,Bus,MCIN-TRUCK/BUS,2007.0,1,M,Licensed,Changing Lanes,Left Front Quarter Panel,Left Front Quarter Panel,,,,Unspecified,,Passing or Lane Usage Improper,Unspecified,,,"(40.747772, -73.985054)",0.0,0.0,0,0,0,0,0,0,Station Wagon/Sport Utility Vehicle,Bus,0
19641540,4249026,11/25/2019,18:07,90d5d4f2-279f-4210-9d5f-851da301ab29,Station Wagon/Sport Utility Vehicle,MERZ -CAR/SUV,2019.0,1,M,Licensed,Slowing or Stopping,Center Back End,Center Back End,Right Rear Bumper,Left Rear Bumper,,N,,Unspecified,Unspecified,,,"(40.59455, -73.997574)",0.0,0.0,0,0,0,0,0,0,Station Wagon/Sport Utility Vehicle,Pick-up Truck,0
19033846,4179562,07/29/2019,10:19,5de3624b-5923-4559-9307-8c2ff7e45e48,Station Wagon/Sport Utility Vehicle,MITS -CAR/SUV,2017.0,0,,,Parked,Left Front Bumper,Left Front Bumper,Left Front Quarter Panel,Center Front End,,N,,Unspecified,Unspecified,QUEENS,11378.0,"(40.724056, -73.90955)",0.0,0.0,0,0,0,0,0,0,Box Truck,Station Wagon/Sport Utility Vehicle,0
18945620,4138860,05/25/2019,14:35,78dabf2b-e7c7-48c8-961c-3a8542776441,Taxi,TOYT -CAR/SUV,2015.0,1,M,Licensed,Going Straight Ahead,Left Rear Quarter Panel,Left Rear Quarter Panel,Left Rear Bumper,,,N,,Passing or Lane Usage Improper,Driver Inattention/Distraction,,,"(40.750294, -73.99485)",0.0,0.0,0,0,0,0,0,0,Bus,Taxi,0
19147567,4231998,10/29/2019,09:45,1bcecf26-ebc4-4d95-9420-db316b179860,Box Truck,HINO -TRUCK/BUS,2011.0,0,M,Licensed,Parked,Left Front Bumper,Left Front Bumper,,,,N,,Unspecified,Unspecified,BROOKLYN,11207.0,"(40.66468, -73.89457)",0.0,0.0,0,0,0,0,0,0,Box Truck,,0
19089773,4206217,09/15/2019,01:15,19546871-83b8-4fc1-b113-f9d06ef2de18,Station Wagon/Sport Utility Vehicle,HOND -CAR/SUV,2019.0,0,,,Parked,Center Back End,Center Back End,Left Rear Bumper,Left Rear Bumper,No Damage,N,,Unspecified,Unspecified,,,"(40.69897, -73.95702)",0.0,0.0,0,0,0,0,0,0,Sedan,Station Wagon/Sport Utility Vehicle,0
19625103,4257940,12/14/2019,09:55,4843477a-30c0-4cbb-b5e0-1ccabf7b359e,Sedan,TOYT -CAR/SUV,2014.0,1,M,Licensed,Making U Turn,Center Front End,Left Front Bumper,Center Front End,Center Front End,Center Front End,N,,Unsafe Lane Changing,Unsafe Speed,BRONX,10459.0,"(40.821095, -73.891624)",0.0,0.0,0,0,0,0,0,0,Sedan,Sedan,0
19631195,4266092,12/28/2019,08:45,62579446-238b-45e4-b727-f01d9e8ee78f,Sedan,MASE -CAR/SUV,2016.0,0,,,,Right Front Bumper,Right Front Bumper,Right Front Quarter Panel,Center Front End,,N,,Unspecified,Unspecified,BROOKLYN,11236.0,"(40.641407, -73.90587)",0.0,0.0,0,0,0,0,0,0,Sedan,Sedan,0
18926259,4130342,05/11/2019,17:00,0891ac89-f7cc-4400-8cfc-65f4e938f2e7,Station Wagon/Sport Utility Vehicle,JEEP -CAR/SUV,2007.0,1,M,Licensed,Going Straight Ahead,Center Front End,Center Front End,,,,N,,Unspecified,Unspecified,MANHATTAN,10033.0,"(40.84931, -73.93002)",0.0,0.0,0,0,0,0,0,0,Station Wagon/Sport Utility Vehicle,Station Wagon/Sport Utility Vehicle,0
18960989,4132506,05/14/2019,18:00,ca414d7e-896d-4f0c-a9f2-136396978c56,Station Wagon/Sport Utility Vehicle,FORD -CAR/SUV,2019.0,2,M,Licensed,Changing Lanes,Right Front Bumper,Right Front Bumper,Center Front End,,,N,,Driver Inattention/Distraction,Following Too Closely,,,,0.0,0.0,0,0,0,0,0,0,Station Wagon/Sport Utility Vehicle,Station Wagon/Sport Utility Vehicle,0
18557932,4071892,01/28/2019,20:00,8e53b1fa-b0c7-4ed3-b463-c09689219093,Sedan,MERZ -CAR/SUV,2007.0,1,F,Licensed,Going Straight Ahead,Right Front Quarter Panel,Right Front Quarter Panel,Right Rear Quarter Panel,,,N,,Obstruction/Debris,Pavement Defective,,,,0.0,0.0,0,0,0,0,0,0,Sedan,,0
18520252,4071308,01/28/2019,15:20,f239fab6-f501-4067-9ba1-ef6345ee9f2d,Sedan,BMW -CAR/SUV,1994.0,1,F,Licensed,Starting from Parking,Left Rear Quarter Panel,Left Rear Quarter Panel,,,,N,,Driver Inattention/Distraction,Unspecified,BROOKLYN,11214.0,"(40.603275, -73.99606)",0.0,0.0,0,0,0,0,0,0,Sedan,Sedan,0
18997689,4166072,07/03/2019,17:48,54a4178b-c079-4f7d-9f74-ed5da0196574,Station Wagon/Sport Utility Vehicle,LEXS -CAR/SUV,2004.0,1,M,Licensed,Going Straight Ahead,Right Side Doors,Right Rear Quarter Panel,,,,N,,Unspecified,Unspecified,BROOKLYN,11230.0,"(40.62128, -73.96992)",0.0,0.0,0,0,0,0,0,0,Taxi,Station Wagon/Sport Utility Vehicle,0
18900412,4117910,04/19/2019,11:00,ded18211-cb31-448f-8f87-3eb83dec5678,Station Wagon/Sport Utility Vehicle,MITS -CAR/SUV,2015.0,1,M,Licensed,Going Straight Ahead,Right Front Bumper,Right Front Bumper,Center Front End,,,N,,Following Too Closely,Unspecified,,,"(40.688473, -73.80857)",0.0,0.0,0,0,0,0,0,0,Station Wagon/Sport Utility Vehicle,Station Wagon/Sport Utility Vehicle,0
19109939,4215440,09/26/2019,18:00,144102c1-d112-41df-8ce4-5b17d0bee231,Box Truck,PEUG-TRUCK/BUS,2019.0,1,M,Licensed,Going Straight Ahead,Right Rear Quarter Panel,Right Rear Quarter Panel,No Damage,No Damage,No Damage,N,,Unspecified,Unspecified,,,"(40.755516, -73.98363)",0.0,0.0,0,0,0,0,0,0,Station Wagon/Sport Utility Vehicle,Box Truck,0
19108001,4214879,09/26/2019,09:30,3e1f277e-758f-4482-9341-306dd5347182,Sedan,MERZ -CAR/SUV,2014.0,2,F,Licensed,Making Right Turn,Left Front Bumper,Left Front Bumper,Left Front Bumper,,,N,,Unspecified,Unspecified,,,,0.0,0.0,0,0,0,0,0,0,Sedan,Sedan,0
19156167,4236664,11/06/2019,00:00,5d04d531-4cee-42b3-aa4c-24dd4fa2823b,Sedan,LINC -CAR/SUV,2006.0,1,M,Licensed,Making Right Turn,Left Front Quarter Panel,Left Front Quarter Panel,No Damage,No Damage,No Damage,N,,Unspecified,Unspecified,,,"(40.7517, -73.986404)",0.0,0.0,0,0,0,0,0,0,Sedan,Flat Bed,0
19664710,4250808,12/02/2019,11:00,31de0f92-1e08-4e7b-a20a-2a5e3479ddb4,Station Wagon/Sport Utility Vehicle,GMC -CAR/SUV,2006.0,1,M,Licensed,Going Straight Ahead,Left Front Bumper,Left Front Bumper,Right Front Bumper,,,N,,Pavement Defective,Pavement Slippery,,,,0.0,0.0,0,0,0,0,0,0,Sedan,Station Wagon/Sport Utility Vehicle,0
19123311,4221778,10/11/2019,03:33,1997eb5c-b231-4839-bf71-ecc8c390bd1f,Station Wagon/Sport Utility Vehicle,TOYT -CAR/SUV,2018.0,1,M,Licensed,Going Straight Ahead,Right Front Bumper,Right Front Bumper,,,,N,,Passing Too Closely,Driver Inattention/Distraction,BROOKLYN,11209.0,"(40.62072, -74.0269)",0.0,0.0,0,0,0,0,0,0,Station Wagon/Sport Utility Vehicle,Sedan,0
18554676,4083459,02/19/2019,18:50,9b3966b0-9fc7-428f-ab73-4abf57790c0c,Sedan,BMW -CAR/SUV,2008.0,0,M,Licensed,Parked,Center Front End,Center Front End,Left Front Bumper,,,N,,Unspecified,Unspecified,QUEENS,11373.0,"(40.7444, -73.88606)",0.0,0.0,0,0,0,0,0,0,Sedan,Sedan,0
19121562,4220959,10/10/2019,12:00,89b8518e-e4ea-43ad-857c-eacdbf0e8a6d,Station Wagon/Sport Utility Vehicle,DODG -CAR/SUV,2006.0,1,M,Licensed,Going Straight Ahead,Center Front End,Left Front Bumper,Right Front Bumper,No Damage,No Damage,N,,Following Too Closely,Unspecified,,,"(40.59888, -73.820694)",0.0,0.0,0,0,0,0,0,0,Station Wagon/Sport Utility Vehicle,Station Wagon/Sport Utility Vehicle,0