UNIQUE_ID,COLLISION_ID,CRASH_DATE,CRASH_TIME,VEHICLE_ID,VEHICLE_TYPE,VEHICLE_MAKE,VEHICLE_YEAR,VEHICLE_OCCUPANTS,DRIVER_SEX,DRIVER_LICENSE_STATUS,PRE_CRASH,POINT_OF_IMPACT,VEHICLE_DAMAGE,VEHICLE_DAMAGE_1,VEHICLE_DAMAGE_2,VEHICLE_DAMAGE_3,PUBLIC_PROPERTY_DAMAGE,PUBLIC_PROPERTY_DAMAGE_TYPE,CONTRIBUTING_FACTOR_1,CONTRIBUTING_FACTOR_2,BOROUGH,ZIP CODE,LOCATION,NUMBER OF PERSONS INJURED,NUMBER OF PERSONS KILLED,NUMBER OF PEDESTRIANS INJURED,NUMBER OF PEDESTRIANS KILLED,NUMBER OF CYCLIST INJURED,NUMBER OF CYCLIST KILLED,NUMBER OF MOTORIST INJURED,NUMBER OF MOTORIST KILLED,VEHICLE TYPE CODE 1,VEHICLE TYPE CODE 2,Severity
18401914,4083856,02/20/2019,15:12,d0219457-72bd-4009-970b-c749ad6c9c8c,Sedan,TOYT -CAR/SUV,2014.0,1,M,Licensed,Going Straight Ahead,Center Front End,Center Front End,,,,N,,Following Too Closely,Unspecified,QUEENS,11385.0,"(40.7056, -73.85822)",0.0,0.0,0,0,0,0,0,0,Sedan,Sedan,0
18956581,4144338,06/03/2019,09:31,c0dd8c05-f7f4-4450-bb72-c4b5aff90d83,Pick-up Truck,DODG -CAR/SUV,2016.0,2,M,Licensed,Making Right Turn,Right Front Quarter Panel,No Damage,,,,N,,Failure to Yield Right-of-Way,Driver Inattention/Distraction,,,"(40.723686, -73.99648)",1.0,0.0,0,0,1,0,0,0,Pick-up Truck,Bike,1
18552506,4085268,02/22/2019,14:30,8f2a30c5-5f34-4c23-8dd3-1a68242fd3f0,Sedan,TOYT -CAR/SUV,2009.0,1,F,Licensed,Starting from Parking,Left Front Quarter Panel,Left Front Quarter Panel,Left Front Bumper,,,N,,Failure to Yield Right-of-Way,Unspecified,BROOKLYN,11232.0,"(40.652386, -74.002754)",0.0,0.0,0,0,0,0,0,0,Sedan,Station Wagon/Sport Utility Vehicle,0
18388526,4077461,02/08/2019,23:35,7384bf86-4f69-4b69-a98c-13f0c9e60c6a,Sedan,TOYT -CAR/SUV,2017.0,2,M,Licensed,Making Left Turn,Right Side Doors,Right Side Doors,Right Side Doors,Right Side Doors,No Damage,N,,Turning Improperly,Unspecified,BROOKLYN,11220.0,"(40.64311, -74.016075)",0.0,0.0,0,0,0,0,0,0,Sedan,Sedan,0
18527535,4059793,01/21/2019,17:09,9677bc26-dd16-412d-8122-6d4f938b976a,Sedan,LEXS -CAR/SUV,2016.0,1,F,Licensed,Going Straight Ahead,No Damage,No Damage,,,,N,,Following Too Closely,Driver Inattention/Distraction,,,"(40.750195, -73.939835)",0.0,0.0,0,0,0,0,0,0,Sedan,Sedan,0
18918440,4124532,05/02/2019,04:10,c4677315-e217-4631-930f-8e2361260f0c,Station Wagon/Sport Utility Vehicle,HOND -CAR/SUV,1999.0,1,M,,Going Straight Ahead,Left Front Bumper,Left Front Bumper,Center Front End,,,N,,Alcohol Involvement,Driver Inattention/Distraction,,,"(40.716114, -73.824905)",0.0,0.0,0,0,0,0,0,0,Flat Bed,Station Wagon/Sport Utility Vehicle,0
19097115,4203976,09/11/2019,20:00,42329517-0349-41c9-8b64-f458b89216f1,Sedan,TOYT -CAR/SUV,2010.0,1,M,Licensed,Slowing or Stopping,Center Back End,Center Back End,,,,N,,Unspecified,Unspecified,BROOKLYN,11228.0,"(40.61672, -74.018326)",1.0,0.0,0,0,0,0,1,0,Sedan,Station Wagon/Sport Utility Vehicle,1
18906995,4121198,04/15/2019,14:00,a1a6ac58-7f09-473f-a88d-44299c9943d6,COMME,HINO,2011.0,1,M,Licensed,Changing Lanes,No Damage,No Damage,No Damage,No Damage,No Damage,N,,Unspecified,Unspecified,MANHATTAN,10018.0,"(40.754837, -73.98782)",0.0,0.0,0,0,0,0,0,0,Sedan,COMME,0
19637613,4247059,11/24/2019,20:30,421a8bec-7824-43f4-9b36-6afc677675d4,Sedan,TOYT -CAR/SUV,2011.0,1,M,,Going Straight Ahead,Right Front Bumper,Right Front Bumper,Right Front Quarter Panel,Right Front Quarter Panel,,N,,Following Too Closely,Aggressive Driving/Road Rage,BROOKLYN,11210.0,"(40.624798, -73.94265)",0.0,0.0,0,0,0,0,0,0,Sedan,Sedan,0
19086543,4204414,09/11/2019,04:52,346907be-db16-4df8-957d-e404d3f64e65,Sedan,NISS -CAR/SUV,2019.0,0,,,Parked,Right Side Doors,Right Side Doors,,,,N,,Unspecified,Unspecified,BROOKLYN,11218.0,"(40.64257, -73.98511)",0.0,0.0,0,0,0,0,0,0,Station Wagon/Sport Utility Vehicle,Sedan,0
18506342,4066023,01/13/2019,14:26,56482c6a-e787-4fae-ad65-946e292e91c1,Station Wagon/Sport Utility Vehicle,JEEP -CAR/SUV,2018.0,2,F,Licensed,Going Straight Ahead,Center Front End,Right Front Bumper,Center Front End,Left Front Bumper,,N,,Unspecified,Unspecified,,,"(40.60346, -74.13152)",0.0,0.0,0,0,0,0,0,0,Station Wagon/Sport Utility Vehicle,Sedan,0
18504475,4079614,02/11/2019,14:45,67bb2969-f9a9-4e4e-bdd5-aa0ed1b92618,Station Wagon/Sport Utility Vehicle,DODG -CAR/SUV,2015.0,1,M,Licensed,Going Straight Ahead,Right Front Bumper,Right Front Bumper,No Damage,No Damage,No Damage,N,,Driver Inattention/Distraction,Unspecified,,,"(40.825905, -73.94712)",0.0,0.0,0,0,0,0,0,0,Pick-up Truck,Station Wagon/Sport Utility Vehicle,0
19073016,4198276,08/31/2019,13:25,4e7e3c83-f716-4b35-a1cc-9204347dfb0f,Sedan,TOYT -CAR/SUV,2016.0,,,,Changing Lanes,Left Front Bumper,No Damage,No Damage,,Other,N,,Following Too Closely,Driver Inattention/Distraction,,,,0.0,0.0,0,0,0,0,0,0,Sedan,Sedan,0
19134790,4227023,10/16/2019,21:25,071f82de-8445-45ac-91b5-ebb57048f268,Station Wagon/Sport Utility Vehicle,FORD -CAR/SUV,2003.0,1,M,Licensed,Going Straight Ahead,Center Front End,Center Front End,Left Front Bumper,Right Front Bumper,No Damage,N,,Failure to Yield Right-of-Way,Unspecified,BROOKLYN,11237.0,"(40.702255, -73.92008)",1.0,0.0,0,0,0,0,1,0,Sedan,Station Wagon/Sport Utility Vehicle,1
19668517,4248558,11/27/2019,08:03,a3f0c6ec-3579-420a-8f10-3d884cb3ce06,Station Wagon/Sport Utility Vehicle,TOYT -CAR/SUV,2012.0,2,F,Licensed,Changing Lanes,Right Front Bumper,Right Front Quarter Panel,Right Front Quarter Panel,Right Side Doors,No Damage,N,,Driver Inattention/Distraction,Unsafe Lane Changing,QUEENS,11428.0,"(40.72055, -73.73207)",0.0,0.0,0,0,0,0,0,0,Station Wagon/Sport Utility Vehicle,Station Wagon/Sport Utility Vehicle,0
19112922,4216788,10/02/2019,09:00,52eda8c7-8a60-4d22-9ddc-17fd4dab8ae8,Sedan,HYUN -CAR/SUV,2017.0,0,F,Licensed,Going Straight Ahead,Right Front Bumper,Right Front Bumper,Right Front Bumper,Right Front Bumper,Right Front Bumper,N,,Unspecified,Unspecified,MANHATTAN,10003.0,"(40.732437, -73.9893)",0.0,0.0,0,0,0,0,0,0,Station Wagon/Sport Utility Vehicle,Sedan,0
18924325,4129179,04/15/2019,00:00,4746f1ec-d5d5-443f-8f30-b1773f74fa82,Sedan,NISS -CAR/SUV,2019.0,1,M,Licensed,Stopped in Traffic,Center Back End,Left Rear Bumper,Right Rear Bumper,,,N,,Unspecified,Unspecified,,,"(40.70927, -73.797325)",0.0,0.0,0,0,0,0,0,0,Sedan,Station Wagon/Sport Utility Vehicle,0
19113180,4216901,10/03/2019,09:37,bcd174b6-f5ad-4121-8c1d-7853f004430d,Sedan,DODG -CAR/SUV,2019.0,1,M,Licensed,Parked,Center Front End,Center Front End,Right Front Bumper,No Damage,No Damage,N,,Unspecified,Unspecified,BROOKLYN,11222.0,"(40.72597, -73.94074)",0.0,0.0,0,0,0,0,0,0,Sedan,Station Wagon/Sport Utility Vehicle,0
19088888,4205690,09/14/2019,14:00,922478b4-b5fd-4965-9892-a26c19333a8e,Station Wagon/Sport Utility Vehicle,FORD -CAR/SUV,2009.0,1,M,Licensed,Making Right Turn,Right Side Doors,Right Side Doors,Right Rear Quarter Panel,,,N,,Unspecified,Unspecified,BROOKLYN,11226.0,"(40.638878, -73.95405)",0.0,0.0,0,0,0,0,0,0,Sedan,Station Wagon/Sport Utility Vehicle,0
19144046,4230593,10/24/2019,20:24,e4f41f8d-4286-441f-abb9-c7f2e2bd9f34,Station Wagon/Sport Utility Vehicle,BMW -CAR/SUV,2019.0,1,M,Licensed,Going Straight Ahead,Center Back End,Center Back End,Center Front End,,,Unspecified,,Unspecified,Unspecified,,,"(40.697536, -73.87106)",0.0,0.0,0,0,0,0,0,0,Station Wagon/Sport Utility Vehicle,Sedan,0
18915311,4124896,05/02/2019,16:45,d4fc33be-c3a2-4dbd-91c0-99733eb28fd5,Sedan,HOND -CAR/SUV,2008.0,1,M,Licensed,Merging,Left Front Quarter Panel,Left Front Quarter Panel,,,,N,,Driver Inattention/Distraction,Passing or Lane Usage Improper,MANHATTAN,10003.0,"(40.735203, -73.985794)",0.0,0.0,0,0,0,0,0,0,Sedan,Bus,0
18932542,4132746,05/15/2019,16:14,7235f9f0-a8ba-40f1-98fb-eaeddd34cd29,Sedan,TOYT -CAR/SUV,2005.0,1,M,Licensed,Going Straight Ahead,Center Back End,Left Rear Bumper,Center Back End,Center Front End,No Damage,N,,Unspecified,Unspecified,,,"(40.85406, -73.91936)",3.0,0.0,0,0,0,0,3,0,Sedan,Sedan,1
18971407,4151108,06/13/2019,23:20,3a939d4d-d7d4-4e4e-b36f-55bb48556332,Sedan,BMW -CAR/SUV,2009.0,1,F,Licensed,Stopped in Traffic,Center Back End,Left Rear Bumper,Center Back End,No Damage,No Damage,N,,Unspecified,Unspecified,BROOKLYN,11203.0,"(40.634945, -73.9325)",0.0,0.0,0,0,0,0,0,0,Sedan,Sedan,0
18541636,4081726,02/16/2019,15:45,88641747-4a46-49af-92e2-d21bd67e88a3,Station Wagon/Sport Utility Vehicle,HOND -CAR/SUV,2003.0,1,M,Licensed,Going Straight Ahead,Right Front Bumper,Right Front Bumper,Right Front Quarter Panel,No Damage,No Damage,N,,Driver Inattention/Distraction,Failure to Yield Right-of-Way,,,"(40.594894, -73.98677)",1.0,0.0,0,0,0,0,1,0,Station Wagon/Sport Utility Vehicle,Station Wagon/Sport Utility Vehicle,1
19112127,4216547,10/02/2019,14:45,14a64168-35a0-41d7-8973-9924ad700c65,Sedan,HYUN -CAR/SUV,2011.0,1,M,Licensed,Going Straight Ahead,Right Front Bumper,Right Front Bumper,Center Front End,Left Front Bumper,No Damage,N,,Unspecified,Unspecified,,,"(40.73856, -73.85524)",0.0,0.0,0,0,0,0,0,0,Sedan,Sedan,0
18975722,4152763,06/14/2019,11:00,f26480f0-7ca7-4020-870b-a0a374e98d31,Station Wagon/Sport Utility Vehicle,CHRY -CAR/SUV,2009.0,1,M,Licensed,Starting from Parking,Left Front Quarter Panel,Left Front Quarter Panel,Left Front Bumper,,,N,,Failure to Yield Right-of-Way,Unspecified,,,"(40.759724, -73.92061)",0.0,0.0,0,0,0,0,0,0,Station Wagon/Sport Utility Vehicle,Pick-up Truck,0
18912481,4123136,04/30/2019,12:35,28fe6858-785c-4ae0-af12-3d52295aef37,Station Wagon/Sport Utility Vehicle,HOND -CAR/SUV,2003.0,1,F,Licensed,Going Straight Ahead,Right Front Quarter Panel,Right Front Quarter Panel,Right Side Doors,,,N,,Failure to Yield Right-of-Way,Unspecified,QUEENS,11355.0,"(40.74316, -73.82556)",0.0,0.0,0,0,0,0,0,0,Bus,Station Wagon/Sport Utility Vehicle,0
18578351,4103718,03/26/2019,11:30,222d8e89-da7a-4a37-b1cd-422aa987d112,Station Wagon/Sport Utility Vehicle,FORD -CAR/SUV,2011.0,1,M,Licensed,Backing,Left Front Quarter Panel,Left Front Quarter Panel,,,,N,,Passing or Lane Usage Improper,Unspecified,BROOKLYN,11214.0,"(40.603607, -74.002205)",0.0,0.0,0,0,0,0,0,0,Sedan,Station Wagon/Sport Utility Vehicle,0
18992987,4166676,07/08/2019,23:53,781da6cb-5531-4759-af2f-f588fc4178b1,Motorcycle,YAMA -MCL,2010.0,1,M,Licensed,Going Straight Ahead,Center Front End,Center Front End,,,,Unspecified,,Unsafe Speed,Unspecified,,,,0.0,1.0,0,0,0,0,0,1,Motorcycle,,2
19123896,4222097,10/12/2019,06:06,25679682-fb41-47d1-89bc-9f3de6b3a3a6,Sedan,LINC -CAR/SUV,2013.0,0,,,Parked,Left Rear Bumper,Center Front End,Left Front Bumper,Left Side Doors,No Damage,N,,Unspecified,Unspecified,BROOKLYN,11203.0,"(40.66155, -73.938965)",0.0,0.0,0,0,0,0,0,0,Sedan,Sedan,0
18554132,4080447,02/13/2019,12:45,9c9adb9a-3666-4718-8439-3300dc96ae22,Station Wagon/Sport Utility Vehicle,TOYT -CAR/SUV,2017.0,0,F,Licensed,Going Straight Ahead,Center Front End,Center Front End,No Damage,No Damage,No Damage,N,,Driver Inattention/Distraction,Unspecified,,,"(40.76285, -73.967735)",0.0,0.0,0,0,0,0,0,0,Sedan,Station Wagon/Sport Utility Vehicle,0
18893687,4114339,04/13/2019,05:55,a833255e-e564-4586-800c-1aa503185728,Sedan,DODG -CAR/SUV,2015.0,1,M,Licensed,Going Straight Ahead,Right Front Bumper,Right Front Bumper,Center Front End,Right Front Quarter Panel,,N,,Unsafe Speed,Driver Inattention/Distraction,QUEENS,11377.0,"(40.742275, -73.91105)",0.0,0.0,0,0,0,0,0,0,Sedan,Sedan,0
19118694,4219301,10/06/2019,15:14,707dc9f0-2235-407d-ae17-c9e24870d517,Sedan,VOLV -CAR/SUV,2007.0,1,M,Licensed,Going Straight Ahead,Center Front End,Center Front End,Left Front Bumper,Right Front Bumper,,N,,Driver Inattention/Distraction,Following Too Closely,,,"(40.84211, -73.82557)",0.0,0.0,0,0,0,0,0,0,Station Wagon/Sport Utility Vehicle,Sedan,0
18553682,4082315,02/16/2019,17:16,f456b461-268a-4906-a6d6-3bbcf0639c1b,Taxi,TOYT -CAR/SUV,2016.0,1,M,Licensed,Changing Lanes,Right Front Bumper,Right Front Bumper,Right Front Quarter Panel,Right Side Doors,Right Rear Quarter Panel,N,,Passing or Lane Usage Improper,Unsafe Lane Changing,BRONX,10451.0,"(40.817734, -73.92259)",0.0,0.0,0,0,0,0,0,0,Station Wagon/Sport Utility Vehicle,Taxi,0
19057843,4190987,08/16/2019,12:30,6bfbc248-02ff-4872-9c38-49c2f2057776,Sedan,HOND -CAR/SUV,2019.0,0,,,Parked,Left Front Bumper,Left Front Bumper,Center Front End,Left Front Quarter Panel,No Damage,N,,Unspecified,Unspecified,,,"(40.70476, -73.91996)",0.0,0.0,0,0,0,0,0,0,Sedan,,0
19111658,4216324,10/02/2019,11:15,54997fd7-5da4-452c-8db5-331f3a3e5e75,Sedan,NISS -CAR/SUV,2017.0,1,M,Licensed,Going Straight Ahead,Left Front Bumper,Left Front Bumper,,,,N,,Unspecified,Unspecified,BROOKLYN,11229.0,"(40.605434, -73.954735)",0.0,0.0,0,0,0,0,0,0,Sedan,Station Wagon/Sport Utility Vehicle,0
19001507,4165244,07/05/2019,09:00,6b08bf03-a222-4574-8c4a-380c58744b95,Station Wagon/Sport Utility Vehicle,VOLK -CAR/SUV,2019.0,1,F,Licensed,Going Straight Ahead,Center Back End,Center Back End,,,,N,,Unspecified,Unspecified,,,,0.0,0.0,0,0,0,0,0,0,Station Wagon/Sport Utility Vehicle,Station Wagon/Sport Utility Vehicle,0
19109424,4214372,09/28/2019,09:30,0d1bad32-0c2e-47ba-b44e-6e4a984a0683,Sedan,CHRY -CAR/SUV,2011.0,2,M,Licensed,Making Right Turn,Left Rear Bumper,Left Rear Bumper,Left Rear Quarter Panel,No Damage,No Damage,N,,Other Vehicular,Unspecified,BROOKLYN,11207.0,"(40.66937, -73.89523)",0.0,0.0,0,0,0,0,0,0,Sedan,Sedan,0
19087575,4205011,09/10/2019,16:15,7f4e05da-a4fd-4d48-9cf5-e11660c9d795,Sedan,MCI,2007.0,1,M,Licensed,Changing Lanes,Right Front Bumper,Right Front Bumper,,,,N,,Driver Inattention/Distraction,Unspecified,,,"(40.794468, -73.93964)",0.0,0.0,0,0,0,0,0,0,Sedan,Sedan,0
18996881,4160699,06/28/2019,12:15,2ec52588-895c-487d-a9e3-b66faf0b1f6a,Taxi,TOYT -CAR/SUV,2015.0,1,M,Licensed,Making Left Turn,Left Side Doors,Left Side Doors,Left Rear Quarter Panel,No Damage,No Damage,N,,Passing or Lane Usage Improper,Traffic Control Disregarded,MANHATTAN,10016.0,"(40.747066, -73.97925)",0.0,0.0,0,0,0,0,0,0,Station Wagon/Sport Utility Vehicle,Taxi,0
19175436,4245387,11/21/2019,14:05,4506eb79-016e-45bd-9a25-7474edf26364,Station Wagon/Sport Utility Vehicle,JEEP -CAR/SUV,2015.0,1,M,Licensed,Starting from Parking,Left Front Bumper,Left Front Bumper,,,,N,,Driver Inattention/Distraction,Unspecified,,,"(40.67591, -73.89492)",0.0,0.0,0,0,0,0,0,0,Station Wagon/Sport Utility Vehicle,Station Wagon/Sport Utility Vehicle,0
18505902,4066313,01/10/2019,16:53,53faeb2f-c56d-4e28-8147-bab6a511780e,Station Wagon/Sport Utility Vehicle,HOND -CAR/SUV,2004.0,1,M,Licensed,Stopped in Traffic,Center Back End,Center Back End,,,,N,,Unspecified,Unspecified,QUEENS,11105.0,"(40.77309, -73.91108)",0.0,0.0,0,0,0,0,0,0,Station Wagon/Sport Utility Vehicle,Sedan,0
19156858,4236328,11/06/2019,10:00,d9a43c8a-b38d-4596-bb5d-6d1c17d0b9be,Sedan,HOND -CAR/SUV,2001.0,1,F,Licensed,Going Straight Ahead,Center Front End,Center Front End,,,,N,,Failure to Yield Right-of-Way,Unspecified,,,"(40.75024, -73.94208)",0.0,0.0,0,0,0,0,0,0,Sedan,Sedan,0
19641231,4254604,12/06/2019,15:56,9816ad6d-3e39-4e46-aba9-63802cfd4b01,Sedan,MAZD -CAR/SUV,2003.0,1,M,Licensed,Going Straight Ahead,Left Front Bumper,Left Front Quarter Panel,No Damage,No Damage,No Damage,N,,Unspecified,Unspecified,BROOKLYN,11230.0,"(40.62418, -73.97048)",0.0,0.0,0,0,0,0,0,0,Sedan,Sedan,0
18558434,4093621,03/07/2019,12:12,9a5c2c05-0693-4145-8bdd-c539e0723c4a,Tractor Truck Diesel,MACK-TRUCK/BUS,2017.0,1,M,Licensed,Going Straight Ahead,No Damage,No Damage,,,,N,,Oversized Vehicle,View Obstructed/Limited,,,"(40.750492, -73.97172)",0.0,0.0,0,0,0,0,0,0,Taxi,Tractor Truck Diesel,0
19040092,4182828,08/04/2019,16:50,d5664dc1-b4f9-4433-b6e9-0f00d43b6bd0,Taxi,TOYT -CAR/SUV,2015.0,1,M,Licensed,Going Straight Ahead,Right Front Quarter Panel,Right Front Quarter Panel,No Damage,No Damage,No Damage,N,,Driver Inattention/Distraction,Driver Inattention/Distraction,,,"(40.7711, -73.96594)",1.0,0.0,0,0,1,0,0,0,Bike,Taxi,1
18977965,4154080,06/18/2019,17:05,72970f8d-64f3-4fa8-ba0a-9fac35bfed18,Sedan,VOLK -CAR/SUV,2016.0,1,F,Licensed,Stopped in Traffic,Left Front Bumper,Center Front End,Undercarriage,,,N,,Following Too Closely,Driver Inattention/Distraction,,,"(40.827244, -73.92406)",0.0,0.0,0,0,0,0,0,0,Station Wagon/Sport Utility Vehicle,Sedan,0
18990219,4148796,05/22/2019,08:50,d9b4ea0e-f6a1-42f0-9c89-819fe3d61afe,Station Wagon/Sport Utility Vehicle,SUBA -CAR/SUV,2006.0,1,M,Licensed,Changing Lanes,Right Side Doors,Right Side Doors,No Damage,No Damage,No Damage,N,,Unspecified,Unspecified,MANHATTAN,10029.0,"(40.79191, -73.94151)",0.0,0.0,0,0,0,0,0,0,Station Wagon/Sport Utility Vehicle,Sedan,0
18901707,4118126,04/17/2019,06:40,5ed84820-4d52-44b8-bb58-4b6fc0879399,Dump,BENSO,2003.0,1,M,Licensed,Changing Lanes,Right Front Quarter Panel,Right Front Quarter Panel,No Damage,No Damage,No Damage,N,,Unsafe Lane Changing,Unspecified,QUEENS,11385.0,"(40.70456, -73.856735)",0.0,0.0,0,0,0,0,0,0,Sedan,Dump,0
19027451,4176893,07/25/2019,13:00,7c5cec40-f2fd-4524-b66a-12146987bb5e,Sedan,HOND -CAR/SUV,2008.0,1,M,Licensed,Going Straight Ahead,Left Front Quarter Panel,Left Side Doors,Left Side Doors,Left Front Bumper,,N,,Failure to Yield Right-of-Way,Unspecified,QUEENS,11373.0,"(40.73438, -73.87896)",0.0,0.0,0,0,0,0,0,0,Station Wagon/Sport Utility Vehicle,Sedan,0
18941390,4136873,05/22/2019,11:30,4b990fd9-e4c6-4bc4-9fdb-e116f51dfda7,Station Wagon/Sport Utility Vehicle,TOYT -CAR/SUV,2015.0,1,M,Licensed,Making Left Turn,Left Rear Bumper,Left Rear Bumper,No Damage,No Damage,No Damage,N,,Unspecified,Unspecified,QUEENS,11377.0,"(40.753284, -73.90691)",0.0,0.0,0,0,0,0,0,0,Sedan,Station Wagon/Sport Utility Vehicle,0
18519066,4073314,01/30/2019,16:29,de719fef-9e76-421f-a189-7563d16062a1,Sedan,CHEV -CAR/SUV,2017.0,1,M,Licensed,Going Straight Ahead,Center Front End,Center Front End,No Damage,No Damage,No Damage,N,,Unspecified,Unspecified,MANHATTAN,10016.0,"(40.739494, -73.97663)",0.0,0.0,0,0,0,0,0,0,Station Wagon/Sport Utility Vehicle,Sedan,0
18552768,4080966,02/14/2019,20:40,19c793f5-3541-4aec-8675-5264c5252b37,Sedan,INFI -CAR/SUV,2015.0,0,F,Licensed,Parked,Left Rear Bumper,Left Rear Bumper,No Damage,No Damage,No Damage,N,,Unspecified,Unspecified,QUEENS,11416.0,"(40.682533, -73.85775)",0.0,0.0,0,0,0,0,0,0,Sedan,,0
18944323,4142431,05/30/2019,10:28,5638a5ec-e5fb-4ac1-8eee-cb5eb20b631c,Taxi,TOYT -CAR/SUV,2013.0,1,M,Licensed,Going Straight Ahead,Left Front Quarter Panel,Left Front Quarter Panel,,,,N,,Driver Inattention/Distraction,Unspecified,MANHATTAN,10002.0,"(40.72293, -73.98865)",0.0,0.0,0,0,0,0,0,0,Taxi,Taxi,0
19628709,4254501,12/08/2019,18:30,ebb3fc89-f5c7-4da0-be33-95c1ed16d86b,Station Wagon/Sport Utility Vehicle,HOND -CAR/SUV,2017.0,1,M,Licensed,Going Straight Ahead,Right Front Quarter Panel,Right Front Quarter Panel,Right Side Doors,Right Rear Quarter Panel,,N,,Unspecified,Unspecified,BROOKLYN,11224.0,"(40.575424, -73.99572)",0.0,0.0,0,0,0,0,0,0,Station Wagon/Sport Utility Vehicle,Station Wagon/Sport Utility Vehicle,0
19499788,4246886,11/24/2019,19:20,59388025-e5d2-4d5b-90fc-41cdb9776588,Station Wagon/Sport Utility Vehicle,TOYT -CAR/SUV,2018.0,1,M,Licensed,Going Straight Ahead,Left Front Bumper,Left Front Bumper,,,,N,,Unspecified,Unspecified,QUEENS,11416.0,"(40.686237, -73.839066)",0.0,0.0,0,0,0,0,0,0,Station Wagon/Sport Utility Vehicle,Sedan,0
19031478,4178566,07/28/2019,21:10,69110942-31c1-4f00-a9ab-bf5aef3f8c35,Station Wagon/Sport Utility Vehicle,TESL -CAR/SUV,2018.0,1,M,Licensed,Going Straight Ahead,Center Front End,Center Front End,,,,N,,Driver Inattention/Distraction,Unspecified,QUEENS,11377.0,"(40.74119, -73.90156)",0.0,0.0,0,0,0,0,0,0,Station Wagon/Sport Utility Vehicle,Station Wagon/Sport Utility Vehicle,0
19115586,4213468,09/27/2019,08:00,ff7586ea-8030-441d-8817-2418204f30c2,Station Wagon/Sport Utility Vehicle,MITS -CAR/SUV,2011.0,1,M,Licensed,Changing Lanes,Left Rear Quarter Panel,Left Rear Quarter Panel,,,,N,,Unsafe Lane Changing,Unspecified,,,"(40.736534, -73.85611)",0.0,0.0,0,0,0,0,0,0,Pick-up Truck,Station Wagon/Sport Utility Vehicle,0
19074889,4198727,08/30/2019,23:30,eb5179a2-e5a5-4abc-8073-7a32582c6a09,Station Wagon/Sport Utility Vehicle,NISS -CAR/SUV,2017.0,1,M,Licensed,Parked,Left Rear Bumper,Left Rear Bumper,Left Rear Quarter Panel,,,N,,Unspecified,Unspecified,QUEENS,11370.0,"(40.757298, -73.889336)",0.0,0.0,0,0,0,0,0,0,Station Wagon/Sport Utility Vehicle,,0
18911223,4123289,04/29/2019,13:45,0645e960-779e-400e-b37d-ee6bb0266090,Sedan,TOYT -CAR/SUV,2001.0,2,F,Licensed,Going Straight Ahead,Right Front Bumper,Right Front Bumper,Right Front Quarter Panel,Left Rear Quarter Panel,Left Rear Bumper,N,,Unspecified,Unspecified,,,,1.0,0.0,0,0,0,0,1,0,Station Wagon/Sport Utility Vehicle,Sedan,1
19037082,4181702,08/01/2019,15:57,c1d1ba0a-0167-4681-9e9e-0b847e88ffce,Sedan,VOLV -CAR/SUV,2004.0,1,M,Licensed,Going Straight Ahead,Right Side Doors,Right Side Doors,,,,N,,Driver Inattention/Distraction,Driver Inattention/Distraction,,,"(40.668964, -73.95059)",1.0,0.0,0,0,1,0,0,0,Sedan,Bike,1
18537145,4058601,01/21/2019,00:00,5dd345d4-e2e9-47ae-b4e1-de107ca8fcec,Sedan,LINC -CAR/SUV,2004.0,1,M,Licensed,Making Left Turn,Left Front Bumper,Left Front Bumper,Center Front End,No Damage,No Damage,N,,Unspecified,Unspecified,,,"(40.64404, -73.877525)",0.0,0.0,0,0,0,0,0,0,Station Wagon/Sport Utility Vehicle,Sedan,0
18565954,4081579,02/16/2019,02:30,fa017134-3d67-4d8a-89f9-0cb5d14cc58f,Sedan,BMW -CAR/SUV,2011.0,2,M,Licensed,Going Straight Ahead,Right Front Quarter Panel,Right Side Doors,Right Rear Quarter Panel,,,N,,Unspecified,Unspecified,,,"(40.73715, -73.930824)",0.0,0.0,0,0,0,0,0,0,Sedan,Box Truck,0
18513454,4067799,01/15/2019,08:48,34150d5e-d9a3-4026-a84e-70410562d54f,Station Wagon/Sport Utility Vehicle,HOND -CAR/SUV,2016.0,1,F,Licensed,Going Straight Ahead,Left Rear Bumper,Left Rear Bumper,,,,N,,Unspecified,Unspecified,,,"(40.69231, -73.88147)",0.0,0.0,0,0,0,0,0,0,Station Wagon/Sport Utility Vehicle,Sedan,0
18564214,4091918,02/21/2019,05:38,e231f89a-e223-4552-9078-beb638e772f2,Station Wagon/Sport Utility Vehicle,HOND -CAR/SUV,2015.0,0,M,Licensed,Parked,Left Rear Bumper,Center Back End,Center Back End,Center Back End,Center Back End,N,,Unspecified,Unspecified,BRONX,10475.0,"(40.882576, -73.833145)",0.0,0.0,0,0,0,0,0,0,Station Wagon/Sport Utility Vehicle,Sedan,0
18592992,4109154,04/01/2019,14:10,84cffd74-14a6-4a90-81f7-ec9c08855491,Sedan,TOYT -CAR/SUV,2009.0,1,M,Licensed,Making Left Turn,Left Front Bumper,Left Front Bumper,,,,N,,Unspecified,Unspecified,,,"(40.84518, -73.91417)",0.0,0.0,0,0,0,0,0,0,Sedan,Sedan,0