UNIQUE_ID,COLLISION_ID,CRASH_DATE,CRASH_TIME,VEHICLE_ID,VEHICLE_TYPE,VEHICLE_MAKE,VEHICLE_YEAR,VEHICLE_OCCUPANTS,DRIVER_SEX,DRIVER_LICENSE_STATUS,PRE_CRASH,POINT_OF_IMPACT,VEHICLE_DAMAGE,VEHICLE_DAMAGE_1,VEHICLE_DAMAGE_2,VEHICLE_DAMAGE_3,PUBLIC_PROPERTY_DAMAGE,PUBLIC_PROPERTY_DAMAGE_TYPE,CONTRIBUTING_FACTOR_1,CONTRIBUTING_FACTOR_2,BOROUGH,ZIP CODE,LOCATION,NUMBER OF PERSONS INJURED,NUMBER OF PERSONS KILLED,NUMBER OF PEDESTRIANS INJURED,NUMBER OF PEDESTRIANS KILLED,NUMBER OF CYCLIST INJURED,NUMBER OF CYCLIST KILLED,NUMBER OF MOTORIST INJURED,NUMBER OF MOTORIST KILLED,VEHICLE TYPE CODE 1,VEHICLE TYPE CODE 2,Severity
19657896,4258799,12/13/2019,18:44,18d4865f-87e8-49cd-ba67-3e20d0794b9e,Sedan,TOYT -CAR/SUV,1999.0,1.0,F,Licensed,Going Straight Ahead,Left Side Doors,Left Side Doors,,,,N,,Passing Too Closely,Unspecified,,,,0.0,0.0,0,0,0,0,0,0,Station Wagon/Sport Utility Vehicle,Sedan,0
19134634,4226762,10/19/2019,20:10,a05ccd83-0545-48a2-a240-0c7edddb31bc,Sedan,HYUN -CAR/SUV,2018.0,1.0,M,Licensed,Going Straight Ahead,Left Side Doors,Left Front Quarter Panel,Left Side Doors,Left Rear Quarter Panel,Left Front Bumper,N,,Unspecified,Unspecified,,,,0.0,0.0,0,0,0,0,0,0,Sedan,Sedan,0
18534462,4093282,03/08/2019,08:33,5c0a2037-b2e4-4158-8b92-a056a8203cda,Station Wagon/Sport Utility Vehicle,HOND -CAR/SUV,2018.0,1.0,F,Licensed,Making Left Turn,Right Side Doors,Right Side Doors,Right Rear Quarter Panel,No Damage,No Damage,N,,Failure to Yield Right-of-Way,Driver Inattention/Distraction,BRONX,10456.0,"(40.830803, -73.89974)",0.0,0.0,0,0,0,0,0,0,Bus,Station Wagon/Sport Utility Vehicle,0
18563888,4081417,02/14/2019,17:30,3fbb313a-e7c7-48b0-90c8-224218a4d503,Sedan,FORD -CAR/SUV,2017.0,1.0,M,Licensed,Merging,Right Front Bumper,No Damage,,,,N,,Unsafe Lane Changing,Driver Inattention/Distraction,,,,0.0,0.0,0,0,0,0,0,0,Sedan,Sedan,0
19178201,4246168,11/23/2019,09:40,9b75625c-98c1-40c2-9cd4-a30851ccf668,Station Wagon/Sport Utility Vehicle,KIA -CAR/SUV,2015.0,1.0,F,Licensed,Going Straight Ahead,Center Back End,Center Back End,No Damage,No Damage,No Damage,N,,Unspecified,Unspecified,BROOKLYN,11226.0,"(40.654068, -73.96177)",0.0,0.0,0,0,0,0,0,0,Station Wagon/Sport Utility Vehicle,Station Wagon/Sport Utility Vehicle,0
19096703,4209151,09/19/2019,17:50,2316c79b-201b-4860-a40f-b175c6640526,Sedan,CHEV -CAR/SUV,2017.0,1.0,F,Licensed,Changing Lanes,Left Front Bumper,Left Front Quarter Panel,,,,N,,Unspecified,Unspecified,,,"(40.676937, -73.89907)",0.0,0.0,0,0,0,0,0,0,Sedan,Sedan,0
19036865,4181807,08/01/2019,13:00,62565636-9e6b-43b4-a774-8b9e468e3855,Station Wagon/Sport Utility Vehicle,FORD -CAR/SUV,2016.0,1.0,M,Licensed,Going Straight Ahead,Right Rear Quarter Panel,Right Rear Quarter Panel,No Damage,No Damage,No Damage,N,,Driver Inattention/Distraction,Passing Too Closely,,,"(40.723648, -73.99103)",0.0,0.0,0,0,0,0,0,0,Station Wagon/Sport Utility Vehicle,Taxi,0
19665859,4262081,12/20/2019,13:10,72212dd9-428b-443d-8bdc-c537539f7dd2,Station Wagon/Sport Utility Vehicle,NISS -CAR/SUV,2010.0,0.0,,,Parked,Right Front Quarter Panel,Right Front Quarter Panel,,,,N,,Unspecified,Unspecified,QUEENS,11101.0,"(40.73687, -73.928505)",2.0,0.0,0,0,0,0,2,0,Sedan,Station Wagon/Sport Utility Vehicle,1
18594987,4084443,02/20/2019,12:52,0430aba9-be74-44bc-acb1-8d9f5414aa11,Sedan,HOND -CAR/SUV,2004.0,1.0,M,Licensed,Going Straight Ahead,Center Front End,Center Front End,Right Front Bumper,Left Front Bumper,No Damage,N,,Unspecified,Unspecified,BROOKLYN,11208.0,"(40.68081, -73.8849)",0.0,0.0,0,0,0,0,0,0,Bus,Sedan,0
19110654,4216675,10/02/2019,13:30,3dbaf1ac-da11-403d-90fa-dc8abd0127c0,Station Wagon/Sport Utility Vehicle,OLDS -CAR/SUV,1985.0,0.0,M,Licensed,Parked,Roof,Roof,,,,N,,Unspecified,Unspecified,,,"(40.795925, -73.972725)",0.0,0.0,0,0,0,0,0,0,Station Wagon/Sport Utility Vehicle,,0
19126646,4223267,10/14/2019,12:40,5674d4a1-dafd-4690-8294-798a30f03b84,Taxi,TOYT -CAR/SUV,2017.0,1.0,M,Licensed,Going Straight Ahead,Center Front End,Center Front End,Left Front Bumper,Right Front Bumper,,N,,Unspecified,Unspecified,BROOKLYN,11235.0,"(40.590633, -73.94976)",0.0,0.0,0,0,0,0,0,0,Taxi,Sedan,0
19172687,4243632,11/18/2019,20:25,ff6d0a32-12dc-45c4-8649-0bf2bc45f7ac,Sedan,HYUN -CAR/SUV,2015.0,0.0,,,Parked,Left Front Bumper,Left Front Bumper,Center Front End,Left Front Quarter Panel,,N,,Unspecified,Unspecified,QUEENS,11379.0,"(40.716377, -73.87908)",0.0,0.0,0,0,0,0,0,0,Sedan,,0
19068034,4195615,08/27/2019,09:00,8d0d26b8-c09e-4b20-a986-aaada48577f6,Station Wagon/Sport Utility Vehicle,TOYT -CAR/SUV,2016.0,1.0,F,,Making Right Turn,Left Side Doors,Left Side Doors,,,,N,,Unspecified,Unspecified,,,"(40.88415, -73.82607)",0.0,0.0,0,0,0,0,0,0,Tractor Truck Diesel,Station Wagon/Sport Utility Vehicle,0
19108158,4214933,09/27/2019,07:30,2117bc19-9bf2-4459-9dd3-8ff0c2d72187,Dump,DUMP,2008.0,1.0,M,Licensed,Going Straight Ahead,No Damage,No Damage,No Damage,No Damage,No Damage,N,,Driver Inattention/Distraction,Unspecified,,,"(40.679073, -73.95201)",0.0,0.0,0,0,0,0,0,0,Sedan,Dump,0
19099606,4210397,09/21/2019,18:00,eab2a8a8-1e79-4a6a-9657-f8c399e21966,Sedan,BUIC -CAR/SUV,2008.0,1.0,M,Licensed,Going Straight Ahead,Center Front End,No Damage,No Damage,No Damage,,N,,Unspecified,Unspecified,BRONX,10472.0,"(40.831512, -73.877)",0.0,0.0,0,0,0,0,0,0,Sedan,Sedan,0
19135515,4223917,10/15/2019,15:39,deb822ef-097f-4c80-96a3-96af0cd221bb,Sedan,NISS -CAR/SUV,2011.0,1.0,M,Licensed,Going Straight Ahead,Center Front End,Center Front End,Left Front Bumper,Right Front Bumper,,N,,Failure to Yield Right-of-Way,Unspecified,QUEENS,11414.0,"(40.660706, -73.84129)",1.0,0.0,0,0,0,0,1,0,Sedan,Sedan,1
18937118,4134512,05/18/2019,17:53,235711d9-b3b3-427f-8c00-2eb6f8a152b9,Sedan,KIA -CAR/SUV,2017.0,2.0,F,Licensed,Changing Lanes,Left Front Bumper,Left Front Bumper,,,,N,,Passing Too Closely,Unspecified,,,"(40.763897, -73.95323)",1.0,0.0,0,0,0,0,1,0,Station Wagon/Sport Utility Vehicle,Sedan,1
19056534,4190614,08/17/2019,13:25,404a9e0e-982e-414e-a863-242e3b219404,Sedan,HYUN -CAR/SUV,2018.0,1.0,M,Licensed,Going Straight Ahead,Center Front End,Center Front End,Left Front Bumper,Right Front Bumper,,N,,Unspecified,Unspecified,BRONX,10461.0,"(40.839504, -73.83204)",2.0,0.0,0,0,0,0,2,0,Station Wagon/Sport Utility Vehicle,Sedan,1
18521851,4075880,02/04/2019,10:00,fce6b332-605c-4581-a75e-85c8e901a994,Bus,PREVO,2015.0,1.0,M,Licensed,Changing Lanes,Left Front Quarter Panel,Left Front Quarter Panel,,,,N,,Oversized Vehicle,Unspecified,,,"(40.713055, -74.00723)",0.0,0.0,0,0,0,0,0,0,Sedan,Bus,0
18927042,4129828,05/11/2019,11:00,ce53dc45-68fa-4254-8cd2-21b27a1e1ff2,Station Wagon/Sport Utility Vehicle,HOND -CAR/SUV,2016.0,1.0,M,Licensed,Slowing or Stopping,Center Back End,Center Back End,Left Rear Bumper,,,N,,Unspecified,Unspecified,,,"(40.76705, -73.887184)",0.0,0.0,0,0,0,0,0,0,Station Wagon/Sport Utility Vehicle,Motorcycle,0
19664104,4266959,12/31/2019,10:54,b5f29f88-3f1f-4b2a-8580-25496e36e27b,Sedan,MERZ -CAR/SUV,2015.0,1.0,F,Licensed,Going Straight Ahead,Center Front End,Center Front End,No Damage,No Damage,No Damage,N,,Unspecified,Unspecified,QUEENS,11412.0,"(40.70174, -73.76545)",0.0,0.0,0,0,0,0,0,0,Station Wagon/Sport Utility Vehicle,Sedan,0
19031871,4179177,07/28/2019,11:50,9c2483c7-d433-4be3-bd05-698ce2e7fd2a,Station Wagon/Sport Utility Vehicle,DODG -CAR/SUV,2016.0,1.0,M,Licensed,Going Straight Ahead,Right Side Doors,Right Side Doors,,,,N,,Unspecified,Unspecified,,,"(40.58425, -73.9638)",0.0,0.0,0,0,0,0,0,0,Station Wagon/Sport Utility Vehicle,Sedan,0
19669871,4263012,12/22/2019,10:45,cefd91d9-93da-43b6-948b-9f13ba3f4993,Sedan,HOND -CAR/SUV,2009.0,3.0,F,Licensed,Going Straight Ahead,Center Front End,Center Front End,,,,N,,Following Too Closely,Unspecified,QUEENS,11355.0,"(40.759686, -73.821175)",0.0,0.0,0,0,0,0,0,0,Sedan,Sedan,0
18496094,4062470,01/05/2019,20:55,a3e02420-1b00-4af8-995a-b86f3fb9ea48,Station Wagon/Sport Utility Vehicle,HOND -CAR/SUV,2009.0,1.0,M,Licensed,Going Straight Ahead,Center Front End,Center Front End,Left Front Bumper,No Damage,No Damage,N,,Unspecified,Unspecified,,,"(40.832954, -73.85444)",0.0,0.0,0,0,0,0,0,0,Station Wagon/Sport Utility Vehicle,Sedan,0
19092776,4207337,09/16/2019,19:58,a32c5a2b-4eae-4cd5-8f6f-b74aacdd2dbf,Station Wagon/Sport Utility Vehicle,CHEV -CAR/SUV,2010.0,1.0,M,Licensed,Making Left Turn,Left Side Doors,Left Side Doors,,,,N,,Unspecified,Unspecified,BROOKLYN,11236.0,"(40.644176, -73.912926)",1.0,0.0,0,0,1,0,0,0,Station Wagon/Sport Utility Vehicle,Bike,1
18500312,4067164,01/12/2019,11:00,31cdbff2-5367-4611-914f-0ced811e2ab7,Sedan,JEEP -CAR/SUV,2014.0,2.0,F,Licensed,Slowing or Stopping,Center Back End,Center Back End,Left Rear Bumper,No Damage,No Damage,N,,Unspecified,Unspecified,BROOKLYN,11224.0,"(40.576744, -73.98372)",0.0,0.0,0,0,0,0,0,0,Sedan,,0
18918340,4126014,05/04/2019,05:07,1d2ff392-647b-4768-8192-4822468c32c2,Sedan,BMW -CAR/SUV,,1.0,,,Passing,No Damage,No Damage,No Damage,No Damage,No Damage,N,,Driver Inattention/Distraction,Unspecified,MANHATTAN,10065.0,"(40.760742, -73.95693)",0.0,0.0,0,0,0,0,0,0,Sedan,Sedan,0
19644243,4266756,12/30/2019,22:45,b866b9fa-c7a2-4eef-91ac-a38c28ec4f15,Sedan,TOYT -CAR/SUV,2007.0,1.0,F,Licensed,Making Left Turn,Center Front End,No Damage,,,,N,,Failure to Yield Right-of-Way,Driver Inattention/Distraction,QUEENS,11374.0,"(40.73367, -73.85766)",1.0,0.0,1,0,0,0,0,0,Sedan,,1
19017205,4171795,07/17/2019,00:30,3e368379-64fa-4288-8e02-3bc4acde025d,Station Wagon/Sport Utility Vehicle,HOND -CAR/SUV,2021.0,1.0,M,Licensed,Going Straight Ahead,Right Front Bumper,Right Front Bumper,No Damage,No Damage,No Damage,N,,Unspecified,Unspecified,,,"(40.75518, -73.91768)",0.0,0.0,0,0,0,0,0,0,Station Wagon/Sport Utility Vehicle,Bike,0
18562207,4112095,04/08/2019,21:17,2870f2af-4d4e-4e8f-ba00-a34b7ad7fd4b,Pick-up Truck,TOYT -CAR/SUV,2018.0,2.0,M,Licensed,Stopped in Traffic,Right Rear Bumper,Right Rear Bumper,Right Rear Quarter Panel,No Damage,No Damage,N,,Unspecified,Unspecified,,,,1.0,0.0,0,0,0,0,1,0,Pick-up Truck,Sedan,1
19661755,4262287,12/13/2019,07:00,50d02dd8-867d-489d-ac80-9da73833c145,Pick-up Truck,CHEV -CAR/SUV,2018.0,1.0,M,Licensed,Slowing or Stopping,Center Back End,Center Back End,Right Rear Bumper,Left Rear Bumper,Center Front End,N,,Unspecified,Unspecified,,,,3.0,0.0,0,0,0,0,3,0,Station Wagon/Sport Utility Vehicle,Pick-up Truck,1
18963018,4147061,06/07/2019,16:00,bf9831e6-06af-4717-a690-250bcbae675e,Sedan,HYUN -CAR/SUV,2018.0,1.0,F,Licensed,Going Straight Ahead,Right Front Quarter Panel,Right Front Bumper,Center Front End,Right Front Quarter Panel,,N,,Failure to Yield Right-of-Way,View Obstructed/Limited,QUEENS,11361.0,"(40.75691, -73.76768)",0.0,0.0,0,0,0,0,0,0,Sedan,Sedan,0
19093366,4207674,09/16/2019,18:00,8c773665-4ab8-4fa0-9382-8ee83a2c24d5,Sedan,MERZ -CAR/SUV,2009.0,1.0,M,Licensed,Stopped in Traffic,Center Back End,Center Back End,Right Rear Bumper,Left Rear Bumper,,N,,Unspecified,Unspecified,QUEENS,11367.0,,0.0,0.0,0,0,0,0,0,0,Sedan,,0
19082273,4202440,09/02/2019,18:40,f1abea85-ffd2-4149-b226-43993b6ef613,Box Truck,FORD-TRUCK/BUS,2016.0,1.0,F,Licensed,Passing,Right Side Doors,Right Side Doors,No Damage,No Damage,No Damage,N,,Passing Too Closely,Unspecified,BROOKLYN,11225.0,"(40.667984, -73.94893)",0.0,0.0,0,0,0,0,0,0,Station Wagon/Sport Utility Vehicle,Box Truck,0
19017615,4172702,07/12/2019,06:12,51df2808-468d-46af-a014-30b88245ec2e,Station Wagon/Sport Utility Vehicle,TOYT -CAR/SUV,2014.0,3.0,M,Licensed,Going Straight Ahead,Left Front Quarter Panel,Left Front Quarter Panel,Left Front Bumper,Center Front End,Right Front Bumper,Unspecified,,Unspecified,Unsafe Speed,,,"(40.68668, -73.97937)",5.0,0.0,0,0,0,0,5,0,Station Wagon/Sport Utility Vehicle,Station Wagon/Sport Utility Vehicle,1
19175044,4244970,11/19/2019,16:40,f575c6bf-80b0-4296-9c51-9b7cad69db7d,Sedan,VOLK -CAR/SUV,2005.0,1.0,F,Licensed,Stopped in Traffic,Center Back End,Center Back End,,,,N,,Unspecified,Unspecified,QUEENS,11373.0,"(40.736057, -73.87669)",0.0,0.0,0,0,0,0,0,0,Sedan,Station Wagon/Sport Utility Vehicle,0
18983921,4156707,06/21/2019,16:20,8799eb15-fbdf-470b-9d1a-d0e9e5e05a0a,Station Wagon/Sport Utility Vehicle,HOND -CAR/SUV,2018.0,1.0,M,Licensed,Going Straight Ahead,Left Rear Quarter Panel,Left Rear Quarter Panel,No Damage,,No Damage,N,,Unspecified,Unspecified,,,"(40.88814, -73.89277)",0.0,0.0,0,0,0,0,0,0,Sedan,Station Wagon/Sport Utility Vehicle,0
19088040,4205216,09/13/2019,14:10,9f1a103f-d621-44e2-a8f2-4cc981249155,Sedan,HOND -CAR/SUV,2017.0,0.0,M,,Parked,Right Side Doors,Right Side Doors,,,,N,,Unspecified,Unspecified,BROOKLYN,11232.0,"(40.654705, -74.00731)",0.0,0.0,0,0,0,0,0,0,Sedan,Station Wagon/Sport Utility Vehicle,0
18504147,4057805,01/16/2019,18:22,4464ce37-80c8-4202-9e64-ce833f13237c,Sedan,HOND -CAR/SUV,2017.0,1.0,M,Licensed,Going Straight Ahead,Left Rear Bumper,Left Rear Quarter Panel,Left Rear Bumper,No Damage,No Damage,N,,Unspecified,Unspecified,MANHATTAN,10001.0,"(40.747276, -73.989624)",0.0,0.0,0,0,0,0,0,0,Sedan,Taxi,0
18972318,4151274,06/13/2019,07:50,823bcdce-c807-42e9-a9e4-3ec5622338ca,Sedan,HOND -CAR/SUV,2016.0,2.0,M,Licensed,Going Straight Ahead,Right Side Doors,Right Side Doors,Right Front Quarter Panel,Right Rear Quarter Panel,,N,,Unspecified,Unspecified,BROOKLYN,11212.0,"(40.65473, -73.90692)",0.0,0.0,0,0,0,0,0,0,Sedan,Station Wagon/Sport Utility Vehicle,0
18493701,4061495,01/02/2019,19:00,f40eb7e4-87c2-4e27-89f0-2302b783436b,Taxi,TOYT -CAR/SUV,2017.0,0.0,,,Parked,Left Side Doors,Left Side Doors,,,,N,,Unspecified,Unspecified,BROOKLYN,11226.0,"(40.646687, -73.95413)",0.0,0.0,0,0,0,0,0,0,Taxi,Pick-up Truck,0
18530246,4068288,01/24/2019,07:00,a9980cfc-7558-4f50-97d2-66d4f6267fdb,Station Wagon/Sport Utility Vehicle,JEEP -CAR/SUV,2016.0,1.0,M,Licensed,Going Straight Ahead,Center Back End,Left Front Quarter Panel,Center Back End,Left Side Doors,,N,,Unspecified,Unspecified,QUEENS,11102.0,"(40.76615, -73.919785)",0.0,0.0,0,0,0,0,0,0,Sedan,Station Wagon/Sport Utility Vehicle,0
19086796,4204807,09/11/2019,20:30,b8b610c0-04f5-4915-be09-85e3ef01d0d6,,HIN,2013.0,1.0,M,Licensed,Making Right Turn,Right Side Doors,Right Side Doors,,,,N,,Unspecified,Unspecified,MANHATTAN,10019.0,"(40.76525, -73.995094)",1.0,0.0,0,0,0,0,1,0,Sedan,,1
19666715,4252943,12/04/2019,16:24,31c916ce-9b10-421d-8b60-98ff17474bf6,Dump,PTRB-TRUCK/BUS,2019.0,1.0,M,Licensed,Merging,Right Front Bumper,Right Front Bumper,Right Front Quarter Panel,Right Side Doors,,N,,Unspecified,Failure to Yield Right-of-Way,BROOKLYN,11207.0,"(40.67689, -73.900055)",0.0,0.0,0,0,0,0,0,0,Dump,Sedan,0
18507052,4065534,01/12/2019,08:00,559ab5ba-075c-4444-9a12-761bb8b43312,Station Wagon/Sport Utility Vehicle,FORD -CAR/SUV,2014.0,1.0,M,Licensed,Starting from Parking,Left Front Quarter Panel,Left Front Quarter Panel,,,,N,,Driver Inattention/Distraction,Failure to Yield Right-of-Way,,,,0.0,0.0,0,0,0,0,0,0,Sedan,Station Wagon/Sport Utility Vehicle,0
18927232,4130556,05/13/2019,00:00,206e368f-6416-49f0-a595-c29788217fcf,Dump,GMC-TRUCK/BUS,2007.0,1.0,M,Licensed,Going Straight Ahead,Right Rear Bumper,Center Back End,,,,N,,View Obstructed/Limited,Unspecified,,,,3.0,0.0,0,0,0,0,3,0,Taxi,Dump,1
18554922,4091338,03/04/2019,23:02,7a789400-1685-44ea-bfe2-da5c6a3596bf,Station Wagon/Sport Utility Vehicle,FORD -CAR/SUV,2008.0,0.0,M,Licensed,Going Straight Ahead,Left Front Bumper,Left Front Bumper,Center Front End,Right Front Bumper,No Damage,N,,Unspecified,Unspecified,STATEN ISLAND,10310.0,"(40.627464, -74.105156)",0.0,0.0,0,0,0,0,0,0,Station Wagon/Sport Utility Vehicle,Sedan,0
18594604,4109125,04/04/2019,12:40,f3da90e1-6764-4dec-a98d-037fd98b9710,Station Wagon/Sport Utility Vehicle,JEEP -CAR/SUV,2018.0,1.0,F,Licensed,Going Straight Ahead,Left Front Quarter Panel,Left Rear Quarter Panel,Left Side Doors,,,N,,Unspecified,Unspecified,,,,0.0,0.0,0,0,0,0,0,0,van,Station Wagon/Sport Utility Vehicle,0
19158207,4237553,11/04/2019,15:00,16657f77-f30b-429b-abf3-836fe8fdb757,TRACT,FORD,1996.0,1.0,M,Licensed,Going Straight Ahead,Left Front Bumper,No Damage,Demolished,No Damage,No Damage,N,,Driver Inattention/Distraction,Backing Unsafely,,,"(40.808804, -73.95589)",0.0,0.0,0,0,0,0,0,0,Station Wagon/Sport Utility Vehicle,TRACT,0
18513047,4056670,01/17/2019,15:45,a3ef8833-6661-4679-92ce-b26963f441fc,Station Wagon/Sport Utility Vehicle,FORD -CAR/SUV,2000.0,1.0,M,Licensed,Backing,Center Back End,Center Back End,,,,N,,Backing Unsafely,Backing Unsafely,QUEENS,11372.0,"(40.753338, -73.88876)",2.0,0.0,0,0,0,0,2,0,Sedan,Station Wagon/Sport Utility Vehicle,1
18916261,4125537,05/04/2019,10:45,5315127d-7007-496f-8bf4-0267d90554e9,Sedan,FORD -CAR/SUV,2000.0,2.0,M,Licensed,Going Straight Ahead,Right Front Bumper,Right Front Bumper,,,,N,,Unspecified,Unspecified,BROOKLYN,11236.0,"(40.641983, -73.90416)",0.0,0.0,0,0,0,0,0,0,Sedan,Station Wagon/Sport Utility Vehicle,0
18901925,4118255,04/20/2019,17:15,839cdd80-de78-4a82-aa01-6414d5ffa4fa,Sedan,NISS -CAR/SUV,2011.0,1.0,M,Licensed,Changing Lanes,Left Front Quarter Panel,Left Front Quarter Panel,,,,N,,Passing or Lane Usage Improper,Unspecified,,,,0.0,0.0,0,0,0,0,0,0,Sedan,Sedan,0
18622273,4105756,03/30/2019,16:30,33ddf418-cc31-4253-8cd0-c410f4266824,Station Wagon/Sport Utility Vehicle,BMW -CAR/SUV,2016.0,1.0,M,Licensed,Backing,Left Front Bumper,Left Front Bumper,No Damage,No Damage,No Damage,N,,Driver Inattention/Distraction,Unspecified,QUEENS,11377.0,"(40.739956, -73.89421)",0.0,0.0,0,0,0,0,0,0,Station Wagon/Sport Utility Vehicle,Motorcycle,0
18918877,4126835,05/04/2019,23:13,607de8d2-e108-4a78-8b03-55a4a3f8beb5,Sedan,TOYT -CAR/SUV,2010.0,1.0,M,Licensed,Parked,Other,Other,,,,N,,Unspecified,Unspecified,BROOKLYN,11201.0,"(40.689186, -73.994865)",0.0,0.0,0,0,0,0,0,0,Sedan,Sedan,0
18891304,4113956,04/12/2019,12:42,d0e22462-1e6b-4c34-9baf-a2839fdcaf0d,Sedan,TOYT -CAR/SUV,2013.0,0.0,,,Parked,Right Front Bumper,Center Front End,Left Front Bumper,,,N,,Unspecified,Unspecified,BRONX,10460.0,"(40.835938, -73.88645)",0.0,0.0,0,0,0,0,0,0,Tractor Truck Diesel,Sedan,0
18942392,4140994,05/28/2019,18:06,a92eee83-0473-43ab-af6d-f0f75df68967,Sedan,INFI -CAR/SUV,2017.0,1.0,F,Licensed,Making Left Turn,Left Front Bumper,Left Front Bumper,No Damage,,,N,,Driver Inattention/Distraction,Failure to Yield Right-of-Way,MANHATTAN,10029.0,"(40.79157, -73.94469)",1.0,0.0,1,0,0,0,0,0,Sedan,,1
18588363,4098839,03/18/2019,04:45,ec3ee9a5-ee87-4573-9e36-be5f05738dd4,Tractor Truck Diesel,MACK-TRUCK/BUS,2015.0,1.0,M,Licensed,Changing Lanes,Trailer,No Damage,,,,N,,Unsafe Lane Changing,Unspecified,,,"(40.828938, -73.84559)",0.0,0.0,0,0,0,0,0,0,Tractor Truck Diesel,Station Wagon/Sport Utility Vehicle,0
19650676,4259056,12/14/2019,04:15,2ec1d731-1c13-4243-a728-6e1d5c45e602,Sedan,NISS -CAR/SUV,2016.0,1.0,F,Licensed,Going Straight Ahead,Center Front End,Center Front End,Left Front Bumper,Right Front Bumper,,N,,Following Too Closely,Pavement Slippery,QUEENS,11372.0,"(40.756264, -73.87873)",0.0,0.0,0,0,0,0,0,0,Taxi,Sedan,0
18545717,4096205,03/13/2019,04:45,281021cc-a39f-418e-8982-904403a99e3a,Sedan,CHEV -CAR/SUV,1999.0,0.0,,,Parked,Left Front Quarter Panel,Left Front Quarter Panel,Left Front Bumper,,,N,,Unspecified,Unspecified,,,"(40.670734, -73.93373)",0.0,0.0,0,0,0,0,0,0,Sedan,Sedan,0
19634588,4251189,12/02/2019,14:25,172a552d-1926-4a5c-8287-8d013490a513,Station Wagon/Sport Utility Vehicle,SUBA -CAR/SUV,2015.0,0.0,M,Licensed,Starting from Parking,Left Front Bumper,Left Front Bumper,,,,N,,Failure to Yield Right-of-Way,Driver Inattention/Distraction,,,"(40.70091, -73.926094)",0.0,0.0,0,0,0,0,0,0,Station Wagon/Sport Utility Vehicle,Station Wagon/Sport Utility Vehicle,0
18401368,4084069,02/19/2019,15:51,5d3c4b30-453b-4355-a38a-0e7d2e73b7b4,Station Wagon/Sport Utility Vehicle,NISS -CAR/SUV,2011.0,0.0,M,Licensed,Parked,Left Front Quarter Panel,Left Rear Quarter Panel,Left Front Quarter Panel,No Damage,No Damage,N,,Unspecified,Unspecified,MANHATTAN,10029.0,"(40.792545, -73.94104)",0.0,0.0,0,0,0,0,0,0,Station Wagon/Sport Utility Vehicle,,0
18598757,4110003,04/06/2019,10:30,44e7e6a6-557f-4079-867b-b207450be560,Sedan,NISS -CAR/SUV,2006.0,1.0,M,Licensed,Slowing or Stopping,Right Rear Bumper,Right Rear Bumper,Right Rear Quarter Panel,,,N,,Brakes Defective,Unspecified,,,"(40.83088, -73.932274)",1.0,0.0,0,0,0,0,1,0,Sedan,Sedan,1
18548232,4080889,02/14/2019,08:10,5ead7d19-4847-4197-ae25-fae5eaf3573d,Station Wagon/Sport Utility Vehicle,GMC -CAR/SUV,2011.0,1.0,F,Licensed,Going Straight Ahead,Right Front Bumper,Right Front Bumper,Right Front Quarter Panel,,,N,,Unspecified,Unspecified,,,"(40.610092, -74.162285)",0.0,0.0,0,0,0,0,0,0,Station Wagon/Sport Utility Vehicle,Station Wagon/Sport Utility Vehicle,0
19103494,4212691,09/26/2019,05:15,367a12c7-5194-4bfd-94de-e66052b909b3,Station Wagon/Sport Utility Vehicle,MITS -CAR/SUV,2019.0,1.0,F,Licensed,Stopped in Traffic,Center Back End,Center Back End,Left Rear Bumper,Right Rear Bumper,,N,,Unspecified,Unspecified,,,"(40.73204, -73.87034)",1.0,0.0,0,0,0,0,1,0,Station Wagon/Sport Utility Vehicle,,1
19656305,4254300,12/03/2019,08:15,c150157c-1cf8-4830-b214-e63f440e3e84,Station Wagon/Sport Utility Vehicle,JEEP -CAR/SUV,2019.0,1.0,M,Licensed,Going Straight Ahead,Right Front Bumper,Center Front End,Right Front Bumper,Center Front End,Right Front Bumper,N,,Driver Inattention/Distraction,Driver Inattention/Distraction,BRONX,10470.0,"(40.895374, -73.86356)",1.0,0.0,0,0,0,0,1,0,Station Wagon/Sport Utility Vehicle,Station Wagon/Sport Utility Vehicle,1
19024559,4175747,07/23/2019,18:10,4988baeb-af89-472b-b08b-044fd06dd66b,Sedan,NISS -CAR/SUV,2013.0,1.0,M,Licensed,Going Straight Ahead,Center Front End,No Damage,No Damage,No Damage,No Damage,N,,Following Too Closely,Unspecified,BROOKLYN,11209.0,"(40.632736, -74.033165)",1.0,0.0,0,0,0,0,1,0,Sedan,Sedan,1
18906619,4120506,04/25/2019,10:30,4f5ac06e-025b-4d86-af25-48b37f2881f2,Station Wagon/Sport Utility Vehicle,CHEV -CAR/SUV,2003.0,1.0,F,Licensed,Entering Parked Position,Center Front End,Left Front Bumper,,,,N,,Illnes,Unspecified,QUEENS,11434.0,"(40.659225, -73.770706)",0.0,0.0,0,0,0,0,0,0,Station Wagon/Sport Utility Vehicle,Station Wagon/Sport Utility Vehicle,0
18904178,4119471,04/23/2019,02:35,44bcd255-4110-493d-ad3a-2e24cf534654,Taxi,TOYT -CAR/SUV,2016.0,1.0,M,Licensed,Going Straight Ahead,Left Side Doors,Left Side Doors,Left Front Quarter Panel,Left Rear Quarter Panel,,N,,Unspecified,Unspecified,BRONX,10469.0,"(40.874702, -73.85803)",0.0,0.0,0,0,0,0,0,0,Taxi,Sedan,0