UNIQUE_ID,COLLISION_ID,CRASH_DATE,CRASH_TIME,VEHICLE_ID,VEHICLE_TYPE,VEHICLE_MAKE,VEHICLE_YEAR,VEHICLE_OCCUPANTS,DRIVER_SEX,DRIVER_LICENSE_STATUS,PRE_CRASH,POINT_OF_IMPACT,VEHICLE_DAMAGE,VEHICLE_DAMAGE_1,VEHICLE_DAMAGE_2,VEHICLE_DAMAGE_3,PUBLIC_PROPERTY_DAMAGE,PUBLIC_PROPERTY_DAMAGE_TYPE,CONTRIBUTING_FACTOR_1,CONTRIBUTING_FACTOR_2,BOROUGH,ZIP CODE,LOCATION,NUMBER OF PERSONS INJURED,NUMBER OF PERSONS KILLED,NUMBER OF PEDESTRIANS INJURED,NUMBER OF PEDESTRIANS KILLED,NUMBER OF CYCLIST INJURED,NUMBER OF CYCLIST KILLED,NUMBER OF MOTORIST INJURED,NUMBER OF MOTORIST KILLED,VEHICLE TYPE CODE 1,VEHICLE TYPE CODE 2,Severity
18507358,4057807,01/19/2019,15:44,941c349c-029f-418b-8d34-5a72f6584352,Sedan,DODG -CAR/SUV,2013.0,1.0,M,Licensed,Going Straight Ahead,Right Rear Quarter Panel,Right Side Doors,Right Rear Quarter Panel,Right Front Quarter Panel,No Damage,N,,Unspecified,Unspecified,MANHATTAN,10018.0,"(40.750835, -73.987015)",0.0,0.0,0,0,0,0,0,0,Sedan,Taxi,0
19171114,4243221,11/18/2019,06:55,d9d18dd4-5a07-48b9-8aab-f854b49dc8f9,Taxi,CHEV -CAR/SUV,2016.0,1.0,M,Licensed,Going Straight Ahead,Right Front Bumper,Right Front Bumper,Left Front Bumper,Left Front Quarter Panel,,N,,Unspecified,Unspecified,,,"(40.83129, -73.92904)",0.0,0.0,0,0,0,0,0,0,Sedan,Station Wagon/Sport Utility Vehicle,0
18534292,4070525,01/28/2019,12:45,77247300-c23d-4ae3-b3e5-40c3afbdf873,Sedan,TOYT -CAR/SUV,2004.0,0.0,,,Parked,Center Front End,Center Front End,,,,N,,Driver Inattention/Distraction,Driver Inattention/Distraction,QUEENS,11361.0,,0.0,0.0,0,0,0,0,0,0,Sedan,Sedan,0
18561083,4095454,03/12/2019,09:00,fd0b33dd-7726-49a2-b003-30c249559442,dump,peter,2018.0,1.0,M,Licensed,Going Straight Ahead,Other,No Damage,No Damage,No Damage,No Damage,N,,Unspecified,Unspecified,STATEN ISLAND,10305.0,"(40.61262, -74.069)",0.0,0.0,0,0,0,0,0,0,dump,Sedan,0
18498711,4063035,01/07/2019,11:00,97f0d101-27ac-4c4c-a543-1dcf64d598b8,Station Wagon/Sport Utility Vehicle,TOYT -CAR/SUV,2015.0,1.0,M,Licensed,Going Straight Ahead,Right Side Doors,Right Side Doors,Right Front Quarter Panel,,,N,,Other Vehicular,Unspecified,QUEENS,11421.0,"(40.68874, -73.86093)",0.0,0.0,0,0,0,0,0,0,Station Wagon/Sport Utility Vehicle,Sedan,0
19163384,4240096,11/11/2019,14:57,1a7a73cb-dc3d-41c6-8751-4fe98970f600,Station Wagon/Sport Utility Vehicle,TOYT -CAR/SUV,2012.0,0.0,,,Parked,Left Front Bumper,Left Side Doors,,,,N,,Unspecified,Unspecified,BROOKLYN,11219.0,"(40.635166, -73.98481)",0.0,0.0,0,0,0,0,0,0,Station Wagon/Sport Utility Vehicle,Van,0
18954865,4143224,05/31/2019,21:20,d18f6c7b-41be-4abc-a9cd-deb83196b279,Sedan,TOYT -CAR/SUV,2018.0,1.0,M,Licensed,Entering Parked Position,Center Back End,Right Rear Bumper,,,,N,,Backing Unsafely,Unspecified,QUEENS,11374.0,"(40.73251, -73.857056)",0.0,0.0,0,0,0,0,0,0,Sedan,Sedan,0
19109673,4215610,09/29/2019,07:18,810f6b34-2280-4de0-b63d-2cfa36f88a2e,Sedan,HOND -CAR/SUV,2019.0,1.0,M,Licensed,Going Straight Ahead,Center Back End,Right Rear Bumper,,,,N,,Unspecified,Unspecified,,,"(40.69015, -73.99864)",2.0,0.0,0,0,0,0,2,0,Sedan,Sedan,1
19039889,4182703,08/04/2019,01:25,9f87f259-984b-479d-aac5-8c7924f41c54,Sedan,HOND -CAR/SUV,2006.0,2.0,M,Licensed,Going Straight Ahead,Right Front Bumper,Right Front Bumper,Center Front End,No Damage,No Damage,N,,Following Too Closely,Unspecified,BROOKLYN,11203.0,"(40.641895, -73.93324)",0.0,0.0,0,0,0,0,0,0,Sedan,Sedan,0
18912326,4123004,04/29/2019,16:30,eeea3748-6c84-4d64-87fc-f47f97369a7b,Station Wagon/Sport Utility Vehicle,HOND -CAR/SUV,2006.0,1.0,M,Licensed,Going Straight Ahead,Left Side Doors,Left Side Doors,,,,N,,Failure to Yield Right-of-Way,Unspecified,QUEENS,11377.0,"(40.739956, -73.89421)",0.0,0.0,0,0,0,0,0,0,Station Wagon/Sport Utility Vehicle,Station Wagon/Sport Utility Vehicle,0
18494783,4063652,01/07/2019,11:58,e5fd063a-93c7-4fdd-94f2-453068dfe4d0,Station Wagon/Sport Utility Vehicle,NISS -CAR/SUV,2016.0,3.0,M,Licensed,Going Straight Ahead,Left Front Quarter Panel,Left Side Doors,Left Rear Quarter Panel,Left Rear Bumper,No Damage,N,,Driver Inattention/Distraction,Unspecified,,,"(40.679035, -73.938515)",0.0,0.0,0,0,0,0,0,0,Station Wagon/Sport Utility Vehicle,Sedan,0
18963880,4147317,06/06/2019,07:30,e6f58308-0cea-4a45-81a1-af03eaf0d013,Box Truck,FORD-TRUCK/BUS,2017.0,1.0,M,Licensed,Parked,Left Side Doors,No Damage,,,,N,,Failure to Yield Right-of-Way,Unspecified,QUEENS,11365.0,"(40.73625, -73.81055)",0.0,0.0,0,0,0,0,0,0,Sedan,Box Truck,0
19068694,4196081,08/27/2019,06:52,0b399ddb-feb2-4084-b126-fcaed42f99e9,Station Wagon/Sport Utility Vehicle,FORD -CAR/SUV,2012.0,1.0,M,Licensed,Going Straight Ahead,Right Front Quarter Panel,Right Side Doors,Right Rear Quarter Panel,Left Front Bumper,Left Front Quarter Panel,N,,Other Vehicular,Unspecified,MANHATTAN,10013.0,"(40.719055, -74.01245)",0.0,0.0,0,0,0,0,0,0,Station Wagon/Sport Utility Vehicle,Station Wagon/Sport Utility Vehicle,0
19159311,4237781,11/08/2019,13:00,eee18f4d-9fda-439d-bc2d-30656804487a,Station Wagon/Sport Utility Vehicle,FORD -CAR/SUV,2019.0,1.0,M,Licensed,Going Straight Ahead,Center Front End,Center Front End,Left Front Bumper,Right Front Bumper,,N,,Unspecified,Unspecified,,,"(40.7314, -73.926094)",0.0,0.0,0,0,0,0,0,0,Station Wagon/Sport Utility Vehicle,Station Wagon/Sport Utility Vehicle,0
19085812,4203871,09/10/2019,23:30,c64d1991-aac3-4fda-b6e2-54dbc61f2d05,Sedan,MAZD -CAR/SUV,2009.0,1.0,F,Licensed,Making Left Turn,Right Rear Quarter Panel,Right Rear Quarter Panel,,,,N,,Driver Inattention/Distraction,Unspecified,QUEENS,11377.0,"(40.741863, -73.90751)",0.0,0.0,0,0,0,0,0,0,Taxi,Sedan,0
18999625,4163155,07/02/2019,06:30,8ad9118a-8383-497a-af78-b2284d8d5100,Station Wagon/Sport Utility Vehicle,HYUN -CAR/SUV,2013.0,1.0,F,Licensed,Slowing or Stopping,Center Back End,Center Back End,Right Rear Bumper,Left Rear Bumper,,N,,Unspecified,Unspecified,QUEENS,11369.0,"(40.762302, -73.87111)",0.0,0.0,0,0,0,0,0,0,Station Wagon/Sport Utility Vehicle,Station Wagon/Sport Utility Vehicle,0
19039452,4182426,08/04/2019,02:10,31b07d90-ff31-4aaa-a702-ef1d4772b3f2,Sedan,TOYT -CAR/SUV,2013.0,1.0,,,Other*,Left Front Bumper,Left Front Quarter Panel,Center Front End,Right Front Bumper,,Y,,Aggressive Driving/Road Rage,Unspecified,,,"(40.604618, -74.02771)",1.0,0.0,0,0,0,0,1,0,Sedan,,1
19078033,4200124,09/05/2019,11:15,89f3656b-89a3-41dc-8600-fe346e40937e,Station Wagon/Sport Utility Vehicle,FORD -CAR/SUV,2016.0,1.0,M,Licensed,Going Straight Ahead,Left Front Quarter Panel,Left Front Quarter Panel,,,,N,,Passing Too Closely,Unspecified,QUEENS,11355.0,"(40.752068, -73.83067)",0.0,0.0,0,0,0,0,0,0,Station Wagon/Sport Utility Vehicle,Station Wagon/Sport Utility Vehicle,0
19091251,4206721,09/15/2019,15:00,e54509a0-9e1b-42f8-9bda-5060f05eedde,Sedan,MNNI -CAR/SUV,2019.0,1.0,F,Licensed,Entering Parked Position,Right Front Quarter Panel,Right Front Quarter Panel,,,,N,,Unspecified,Unspecified,MANHATTAN,10014.0,"(40.739048, -74.00648)",0.0,0.0,0,0,0,0,0,0,Sedan,Station Wagon/Sport Utility Vehicle,0
18960936,4146250,06/05/2019,08:15,fc9520e6-cffb-4913-ab69-373a2182b591,Box Truck,FORD-TRUCK/BUS,2003.0,1.0,M,Licensed,Going Straight Ahead,Right Rear Quarter Panel,Right Rear Quarter Panel,,,,N,,Driver Inattention/Distraction,Unspecified,BROOKLYN,11237.0,"(40.70774, -73.9205)",0.0,0.0,0,0,0,0,0,0,Sedan,Box Truck,0
18987799,4158793,06/24/2019,13:50,acd8f924-e01e-4fdd-9b57-aa8d4bed62b1,Sedan,TOYT -CAR/SUV,2017.0,1.0,M,Licensed,Going Straight Ahead,Right Rear Quarter Panel,Right Rear Quarter Panel,No Damage,No Damage,No Damage,N,,Driver Inattention/Distraction,Unspecified,BROOKLYN,11230.0,"(40.6094, -73.967674)",0.0,0.0,0,0,0,0,0,0,Sedan,Sedan,0
18514205,4067328,01/14/2019,12:15,0423b487-a0f1-441d-b00b-6d100237f353,Sedan,HOND -CAR/SUV,2008.0,2.0,F,Licensed,Parked,Left Front Quarter Panel,Left Side Doors,,,,N,,Unspecified,Unspecified,QUEENS,11101.0,"(40.752026, -73.92909)",1.0,0.0,0,0,0,0,1,0,Sedan,Sedan,1
19663748,4264793,12/26/2019,01:01,25065c96-e736-415a-ae96-421856242cc9,Sedan,CHEV -CAR/SUV,2014.0,2.0,M,Licensed,Going Straight Ahead,Center Front End,Center Front End,No Damage,No Damage,No Damage,N,,Unspecified,Unspecified,QUEENS,11412.0,"(40.697296, -73.766815)",1.0,0.0,0,0,0,0,1,0,Sedan,Sedan,1
19154224,4235173,11/01/2019,15:52,1db3b8d8-0bd4-40c4-a81e-0102e26ab806,Station Wagon/Sport Utility Vehicle,DODG -CAR/SUV,2012.0,1.0,M,Licensed,Stopped in Traffic,Center Back End,Center Back End,Center Front End,,,N,,Unspecified,Unspecified,,,"(40.72176, -73.76001)",0.0,0.0,0,0,0,0,0,0,Sedan,Station Wagon/Sport Utility Vehicle,0
19051025,4187899,08/09/2019,19:45,2d0ee8bd-4443-4362-ae67-0acf0e2c7f5f,Station Wagon/Sport Utility Vehicle,CHEV -CAR/SUV,2003.0,1.0,M,Licensed,Going Straight Ahead,Center Back End,Center Back End,Right Rear Bumper,Left Rear Bumper,No Damage,N,,Unspecified,Unspecified,,,"(40.607685, -74.13892)",1.0,0.0,0,0,0,0,1,0,Station Wagon/Sport Utility Vehicle,Sedan,1
19102470,4211477,09/23/2019,19:30,c6fa753d-ee6a-40eb-82fc-02070a4c4d39,Sedan,FORD -CAR/SUV,2015.0,1.0,F,Licensed,Making U Turn,Left Rear Quarter Panel,Left Rear Quarter Panel,,,,N,,Turning Improperly,Unspecified,BRONX,10452.0,"(40.83772, -73.92763)",0.0,0.0,0,0,0,0,0,0,Sedan,Taxi,0
18955295,4143897,05/31/2019,15:05,1f6f61d8-8dbd-46eb-a121-a9b81f571d34,Sedan,HOND -CAR/SUV,2006.0,1.0,F,Licensed,Going Straight Ahead,Center Front End,Center Front End,,,,N,,Driver Inattention/Distraction,Unspecified,BROOKLYN,11206.0,"(40.70162, -73.938126)",0.0,0.0,0,0,0,0,0,0,Station Wagon/Sport Utility Vehicle,Sedan,0
18650869,4105317,03/29/2019,11:30,62227d74-e9e9-4e6b-8706-3866abf11a42,Station Wagon/Sport Utility Vehicle,MERZ -CAR/SUV,2007.0,1.0,M,Licensed,Merging,Right Front Quarter Panel,Right Front Quarter Panel,Right Front Bumper,,,N,,Driver Inattention/Distraction,Unspecified,BROOKLYN,11208.0,"(40.675003, -73.87911)",0.0,0.0,0,0,0,0,0,0,Station Wagon/Sport Utility Vehicle,Station Wagon/Sport Utility Vehicle,0
18592192,4108791,04/04/2019,16:40,b6131fab-9674-411e-9f8d-8edf55a69c70,Station Wagon/Sport Utility Vehicle,BMW -CAR/SUV,2009.0,1.0,M,Licensed,Going Straight Ahead,Left Rear Quarter Panel,Left Side Doors,Left Rear Quarter Panel,No Damage,No Damage,N,,Passing or Lane Usage Improper,Following Too Closely,,,"(40.697872, -73.802376)",0.0,0.0,0,0,0,0,0,0,Concrete Mixer,Station Wagon/Sport Utility Vehicle,0
18592383,4104226,03/27/2019,09:08,215b9c91-be80-4333-a9c1-73e64aecfde9,Sedan,HOND -CAR/SUV,2010.0,1.0,M,Licensed,Going Straight Ahead,Right Front Bumper,Right Front Bumper,Center Front End,Left Front Bumper,Right Front Quarter Panel,N,,Unspecified,Unspecified,BROOKLYN,11203.0,"(40.654858, -73.93846)",0.0,0.0,0,0,0,0,0,0,Sedan,Sedan,0
18387630,4077427,02/08/2019,06:00,ac9dfa15-48f8-4657-8a76-2e7901dd123b,Pick-up Truck,INTL -CAR/SUV,2017.0,1.0,M,Licensed,Merging,No Damage,No Damage,No Damage,No Damage,No Damage,N,,Driver Inattention/Distraction,Unspecified,MANHATTAN,10016.0,"(40.74285, -73.97721)",0.0,0.0,0,0,0,0,0,0,Pick-up Truck,Pick-up Truck,0
19012758,4170467,07/11/2019,23:00,d4a176f6-b7e1-4716-ba27-61483a8eb3ce,Station Wagon/Sport Utility Vehicle,MERZ -CAR/SUV,2011.0,0.0,F,Licensed,Parked,Center Back End,Center Back End,No Damage,No Damage,No Damage,N,,Unspecified,Unspecified,BRONX,10466.0,"(40.88787, -73.86382)",0.0,0.0,0,0,0,0,0,0,Sedan,Station Wagon/Sport Utility Vehicle,0
18972883,4151440,06/10/2019,15:05,3fff3231-fb2c-4470-94fb-19269f402fb4,Station Wagon/Sport Utility Vehicle,AUDI -CAR/SUV,2017.0,1.0,F,Licensed,Slowing or Stopping,Center Back End,Center Back End,,,,N,,Unspecified,Unspecified,QUEENS,11364.0,"(40.744976, -73.748634)",1.0,0.0,0,0,0,0,1,0,Station Wagon/Sport Utility Vehicle,Station Wagon/Sport Utility Vehicle,1
19003717,4164958,07/05/2019,16:44,36e30417-156f-49ed-9406-fdfdec87143a,Sedan,ACUR -CAR/SUV,2018.0,1.0,M,,Going Straight Ahead,Center Back End,No Damage,,,,N,,Unspecified,Unspecified,QUEENS,11367.0,"(40.717674, -73.81713)",0.0,0.0,0,0,0,0,0,0,Sedan,Sedan,0
18578786,4094200,03/09/2019,13:34,6b39affd-76bf-4058-b011-472ce5b11a58,Station Wagon/Sport Utility Vehicle,HOND -CAR/SUV,2007.0,1.0,F,,Going Straight Ahead,Center Front End,Right Front Bumper,Left Front Bumper,Center Front End,No Damage,N,,Following Too Closely,Unspecified,BRONX,10472.0,"(40.830223, -73.85119)",3.0,0.0,0,0,0,0,3,0,Station Wagon/Sport Utility Vehicle,Station Wagon/Sport Utility Vehicle,1
19103106,4212423,09/25/2019,07:30,fb4672bf-fd1e-4aa1-8f2b-ff9ab252bcb7,Taxi,TOYT -CAR/SUV,2017.0,1.0,M,Licensed,Going Straight Ahead,Right Front Bumper,Right Front Bumper,Right Front Quarter Panel,No Damage,No Damage,N,,Passing Too Closely,Unspecified,MANHATTAN,10039.0,"(40.824814, -73.93677)",0.0,0.0,0,0,0,0,0,0,Taxi,Sedan,0
18508137,4060401,01/16/2019,01:15,30bf8c20-a4e8-4d54-97f8-779de1bffe54,Station Wagon/Sport Utility Vehicle,HOND -CAR/SUV,2018.0,0.0,,,Parked,Right Front Bumper,Center Front End,Left Front Bumper,No Damage,No Damage,N,,Unspecified,Unspecified,BROOKLYN,11236.0,"(40.651012, -73.91024)",0.0,0.0,0,0,0,0,0,0,Station Wagon/Sport Utility Vehicle,,0
18978207,4154124,06/18/2019,09:10,5edae7a4-7cf4-4c24-9e29-ab71612af1aa,Station Wagon/Sport Utility Vehicle,HOND -CAR/SUV,2018.0,1.0,F,Licensed,Slowing or Stopping,Center Back End,Center Back End,,,,N,,Unspecified,Unspecified,,,"(40.746113, -73.73576)",1.0,0.0,0,0,0,0,1,0,Station Wagon/Sport Utility Vehicle,Sedan,1
19618993,4248876,11/26/2019,18:15,76ff4f8b-d0bc-4abd-8ffd-9ad99d1dbbf2,Motorcycle,BMW -MCL,2014.0,1.0,M,Licensed,Slowing or Stopping,Center Back End,Demolished,,,,N,,Reaction to Uninvolved Vehicle,Unspecified,,,"(40.817844, -73.94185)",1.0,0.0,0,0,0,0,1,0,Motorcycle,Station Wagon/Sport Utility Vehicle,1
18911967,4123466,04/30/2019,22:30,161105b8-19a4-47b8-8eb4-da9332b7ca1b,Station Wagon/Sport Utility Vehicle,CHEV -CAR/SUV,2018.0,2.0,F,Licensed,Merging,Left Rear Quarter Panel,Left Rear Quarter Panel,Left Rear Bumper,,,N,,Unspecified,Unspecified,,,"(40.831593, -73.85413)",0.0,0.0,0,0,0,0,0,0,Station Wagon/Sport Utility Vehicle,Sedan,0
18979441,4154942,06/20/2019,06:10,4ffd5197-7e23-498d-865a-9f7ec4eafb85,Sedan,HOND -CAR/SUV,2017.0,1.0,M,Licensed,Going Straight Ahead,Right Front Bumper,Right Front Quarter Panel,Right Side Doors,,,N,,Passing Too Closely,Driver Inattention/Distraction,,,"(40.883633, -73.88517)",0.0,0.0,0,0,0,0,0,0,Sedan,Sedan,0
19647686,4247847,11/25/2019,15:10,157cd510-1823-4a52-ac85-55dc2c4cd8ac,Station Wagon/Sport Utility Vehicle,NISS -CAR/SUV,2019.0,0.0,,,Parked,Left Front Bumper,Left Front Bumper,Left Front Quarter Panel,,,N,,Unspecified,Unspecified,QUEENS,11372.0,"(40.750137, -73.8806)",0.0,0.0,0,0,0,0,0,0,Station Wagon/Sport Utility Vehicle,,0
18591770,4112438,04/10/2019,12:55,24ea37a6-4241-4e21-8eb0-1ac3e47a87f5,Sedan,VOLK -CAR/SUV,2011.0,1.0,M,Licensed,Going Straight Ahead,Center Front End,No Damage,No Damage,No Damage,No Damage,N,,Driver Inattention/Distraction,Unsafe Speed,BROOKLYN,11228.0,"(40.616695, -74.00761)",1.0,0.0,0,0,0,0,1,0,Sedan,,1
18991885,4161677,06/29/2019,13:45,4a2efefd-b328-4155-95c9-dc328e8a27e4,Station Wagon/Sport Utility Vehicle,TOYT -CAR/SUV,2018.0,2.0,M,Licensed,Backing,Left Rear Bumper,Left Rear Bumper,,,,N,,Driver Inattention/Distraction,Backing Unsafely,QUEENS,11691.0,"(40.59648, -73.75417)",0.0,0.0,0,0,0,0,0,0,Station Wagon/Sport Utility Vehicle,Sedan,0
18617838,4107218,03/27/2019,07:36,db02c25f-d36a-4a8e-83cd-8e8979835ba7,Sedan,STRN -CAR/SUV,2006.0,1.0,M,Licensed,Going Straight Ahead,Left Front Bumper,Left Front Bumper,Left Front Bumper,Left Front Bumper,Left Front Bumper,N,,Unspecified,Unspecified,QUEENS,11377.0,"(40.74376, -73.90003)",0.0,0.0,0,0,0,0,0,0,Sedan,Sedan,0
18985771,4157942,06/24/2019,13:50,185aa382-7ae2-4388-9842-621fbc734aca,Sedan,HYUN -CAR/SUV,2012.0,1.0,M,Licensed,Merging,Center Back End,Center Back End,,,,N,,Unspecified,Unspecified,,,"(40.86507, -73.87185)",0.0,0.0,0,0,0,0,0,0,Sedan,Sedan,0
18979557,4154641,06/12/2019,11:45,12ba7ed3-6a5d-4729-a209-6aab505cdd12,Station Wagon/Sport Utility Vehicle,HOND -CAR/SUV,2016.0,1.0,F,Licensed,Going Straight Ahead,Right Front Quarter Panel,Right Side Doors,Right Rear Quarter Panel,No Damage,No Damage,N,,Driver Inattention/Distraction,Reaction to Uninvolved Vehicle,BRONX,10466.0,"(40.881264, -73.83875)",0.0,0.0,0,0,0,0,0,0,Bus,Station Wagon/Sport Utility Vehicle,0
19109065,4214846,09/29/2019,18:23,bbce5c03-b64e-4e7c-88f5-2697e2b559d7,Station Wagon/Sport Utility Vehicle,CHEV -CAR/SUV,2016.0,1.0,M,Licensed,Stopped in Traffic,Center Back End,Center Back End,,,,N,,Unspecified,Unspecified,,,"(40.834644, -73.865036)",1.0,0.0,0,0,0,0,1,0,Station Wagon/Sport Utility Vehicle,Sedan,1
18915973,4125044,05/03/2019,09:10,784cc12a-c3e7-45b4-a06c-5001c071a1b9,Sedan,NISS -CAR/SUV,,1.0,,,,,,,,,N,,Unspecified,Unspecified,BROOKLYN,11239.0,"(40.64604, -73.8819)",0.0,0.0,0,0,0,0,0,0,Sedan,Sedan,0
19137338,4228241,10/23/2019,17:15,a7609bc0-3ea5-422a-b59a-96c51201c7c5,Station Wagon/Sport Utility Vehicle,DODG -CAR/SUV,2018.0,1.0,F,Licensed,Going Straight Ahead,Right Front Bumper,Right Front Bumper,,,,N,,Unspecified,Unspecified,,,,0.0,0.0,0,0,0,0,0,0,Station Wagon/Sport Utility Vehicle,Station Wagon/Sport Utility Vehicle,0
18976146,4153168,06/16/2019,11:43,1decdfca-cb5b-4dc2-8c92-c3efec9b1abc,Motorcycle,TRUM -MCL,2016.0,0.0,,,Parked,Right Front Quarter Panel,Right Front Quarter Panel,No Damage,No Damage,No Damage,Unspecified,,Unspecified,Unspecified,BRONX,10459.0,"(40.823193, -73.88929)",0.0,0.0,0,0,0,0,0,0,Station Wagon/Sport Utility Vehicle,Motorcycle,0
18654201,4100089,03/20/2019,10:00,c557659b-e4f7-415e-bb7a-168432ec14b4,Sedan,MITS -CAR/SUV,2009.0,2.0,F,Licensed,Going Straight Ahead,Right Front Bumper,Right Front Bumper,Center Front End,Left Front Bumper,No Damage,N,,Unspecified,Unspecified,QUEENS,11434.0,"(40.666695, -73.767136)",0.0,0.0,0,0,0,0,0,0,Sedan,,0
19043832,4184510,08/07/2019,10:20,9f26e9e3-26ba-4372-8ecb-6d18fb4ae3a6,Sedan,BMW -CAR/SUV,2008.0,1.0,M,Licensed,Going Straight Ahead,Left Front Quarter Panel,Left Front Quarter Panel,No Damage,,No Damage,N,,Unspecified,Unspecified,,,"(40.875195, -73.888565)",0.0,0.0,0,0,0,0,0,0,Sedan,Sedan,0
18923602,4128515,05/08/2019,17:10,db1588a6-9061-43d4-aaab-167b648eaebb,Sedan,BMW -CAR/SUV,2011.0,1.0,M,Licensed,Going Straight Ahead,Center Back End,Center Back End,,,,N,,Unspecified,Unspecified,BROOKLYN,11211.0,"(40.71452, -73.93666)",0.0,0.0,0,0,0,0,0,0,Sedan,Sedan,0
18907951,4121327,04/27/2019,09:00,0461fe28-ca4e-4c66-b680-609a000faa71,Station Wagon/Sport Utility Vehicle,CHEV -CAR/SUV,1997.0,1.0,M,Licensed,Parked,Other,No Damage,No Damage,No Damage,No Damage,N,,Other Vehicular,Unspecified,BROOKLYN,11232.0,"(40.66681, -73.99632)",0.0,0.0,0,0,0,0,0,0,Station Wagon/Sport Utility Vehicle,Station Wagon/Sport Utility Vehicle,0
18938486,4135546,05/20/2019,16:50,38ca7b0d-216d-4b24-aade-d77940058cc6,Sedan,DODG -CAR/SUV,2018.0,3.0,F,Licensed,Backing,Left Rear Bumper,Left Rear Bumper,,,,N,,Backing Unsafely,Unspecified,QUEENS,11361.0,"(40.763844, -73.769455)",0.0,0.0,0,0,0,0,0,0,Sedan,Sedan,0
18527005,4084233,02/14/2019,08:23,4bcabc80-e053-4625-831e-8e9aa266ba8e,Sedan,CHEV -CAR/SUV,2003.0,2.0,F,Licensed,Passing,Right Front Quarter Panel,Right Front Quarter Panel,,,,N,,Passing or Lane Usage Improper,Unspecified,BROOKLYN,11212.0,"(40.667366, -73.92274)",0.0,0.0,0,0,0,0,0,0,Sedan,Sedan,0
19111831,4216452,10/02/2019,10:34,912e859e-27b9-41fe-ba37-2111aeb8df62,Station Wagon/Sport Utility Vehicle,NISS -CAR/SUV,2019.0,1.0,M,Licensed,Entering Parked Position,Right Front Bumper,Right Front Bumper,Center Front End,,,N,,Unspecified,Unspecified,BRONX,10461.0,"(40.836704, -73.8359)",0.0,0.0,0,0,0,0,0,0,Station Wagon/Sport Utility Vehicle,Station Wagon/Sport Utility Vehicle,0
18596042,4099632,03/19/2019,17:41,48585b29-be21-4f99-a897-66ad586f938a,Sedan,DODG -CAR/SUV,2016.0,1.0,M,Licensed,Going Straight Ahead,Center Front End,Center Front End,,,,N,,Lost Consciousness,Physical Disability,QUEENS,11412.0,"(40.687126, -73.761475)",1.0,0.0,0,0,0,0,1,0,Sedan,Sedan,1
19074440,4198972,09/03/2019,09:45,facfa44b-83f2-4556-bd8e-689c41237de5,Sedan,SUBA -CAR/SUV,2019.0,1.0,M,Licensed,Starting from Parking,Left Front Bumper,Left Front Bumper,,,,N,,Failure to Yield Right-of-Way,Obstruction/Debris,BROOKLYN,11211.0,"(40.716557, -73.945755)",0.0,0.0,0,0,0,0,0,0,Sedan,Sedan,0
19159990,4238120,11/09/2019,19:10,86a573d8-cf9b-4e4b-aa22-f144e179394c,Sedan,BMW -CAR/SUV,2013.0,1.0,M,Licensed,Making Left Turn,Center Front End,Center Front End,Left Front Bumper,Right Front Bumper,No Damage,N,,Failure to Yield Right-of-Way,Unspecified,,,,0.0,0.0,0,0,0,0,0,0,Van,Sedan,0
18491625,4061111,01/02/2019,14:50,0faed2e6-8108-439d-9fc2-45fa3a23708f,Tractor Truck Gasoline,FRHT-TRUCK/BUS,2008.0,4.0,M,Licensed,Backing,Center Back End,Center Back End,,,,N,,Backing Unsafely,Unspecified,BROOKLYN,11231.0,"(40.673496, -74.00019)",0.0,0.0,0,0,0,0,0,0,Tractor Truck Gasoline,Tractor Truck Gasoline,0
19026587,4177039,07/25/2019,15:43,74221eef-19f4-4a83-b920-35a39efb54f0,Sedan,HYUN -CAR/SUV,2018.0,1.0,M,Licensed,Going Straight Ahead,Center Front End,Center Front End,,,,N,,Driver Inattention/Distraction,Unspecified,,,"(40.683037, -73.96478)",0.0,0.0,0,0,0,0,0,0,Station Wagon/Sport Utility Vehicle,Sedan,0
18546413,4085671,02/22/2019,17:40,98169183-8819-4597-943e-047b0c78cd89,Station Wagon/Sport Utility Vehicle,FORD -CAR/SUV,2018.0,1.0,M,Licensed,Backing,Other,No Damage,,,,N,,Driver Inattention/Distraction,Unspecified,BROOKLYN,11235.0,"(40.58754, -73.93166)",0.0,0.0,0,0,0,0,0,0,Station Wagon/Sport Utility Vehicle,,0
18596931,4111199,04/08/2019,11:00,65630c67-4774-4857-a5d6-79cc7f8f329b,Box Truck,ISU-TRUCK/BUS,2016.0,2.0,M,Licensed,Going Straight Ahead,Left Front Bumper,No Damage,No Damage,No Damage,,N,,Unspecified,Unspecified,BROOKLYN,11230.0,"(40.615246, -73.963066)",0.0,0.0,0,0,0,0,0,0,Station Wagon/Sport Utility Vehicle,Box Truck,0
19138343,4228485,10/23/2019,13:55,fdac6c33-31ef-4a94-ae45-20836b52359f,Flat Rack,MACK-TRUCK/BUS,1996.0,1.0,M,Licensed,Making Right Turn,Roof,No Damage,,,,N,,Driver Inattention/Distraction,Unspecified,,,"(40.76769, -73.93619)",0.0,0.0,0,0,0,0,0,0,Flat Rack,,0
19030043,4178765,07/27/2019,21:38,33edf3a7-da5f-4cd7-8183-edf14d461abd,Motorcycle,YAMA -MCL,2006.0,0.0,M,Licensed,Parked,Center Front End,Center Front End,,,,N,,Unspecified,Unspecified,MANHATTAN,10029.0,"(40.799103, -73.94274)",0.0,0.0,0,0,0,0,0,0,Motorcycle,,0