UNIQUE_ID,COLLISION_ID,CRASH_DATE,CRASH_TIME,VEHICLE_ID,VEHICLE_TYPE,VEHICLE_MAKE,VEHICLE_YEAR,VEHICLE_OCCUPANTS,DRIVER_SEX,DRIVER_LICENSE_STATUS,PRE_CRASH,POINT_OF_IMPACT,VEHICLE_DAMAGE,VEHICLE_DAMAGE_1,VEHICLE_DAMAGE_2,VEHICLE_DAMAGE_3,PUBLIC_PROPERTY_DAMAGE,PUBLIC_PROPERTY_DAMAGE_TYPE,CONTRIBUTING_FACTOR_1,CONTRIBUTING_FACTOR_2,BOROUGH,ZIP CODE,LOCATION,NUMBER OF PERSONS INJURED,NUMBER OF PERSONS KILLED,NUMBER OF PEDESTRIANS INJURED,NUMBER OF PEDESTRIANS KILLED,NUMBER OF CYCLIST INJURED,NUMBER OF CYCLIST KILLED,NUMBER OF MOTORIST INJURED,NUMBER OF MOTORIST KILLED,VEHICLE TYPE CODE 1,VEHICLE TYPE CODE 2,Severity
19094130,4208495,09/18/2019,17:13,0f4cd7be-e865-4d09-a8c5-e3acf37e4e5a,Sedan,HOND -CAR/SUV,2013.0,1.0,M,Licensed,Going Straight Ahead,Center Back End,Right Rear Bumper,Left Rear Bumper,No Damage,No Damage,N,,Unspecified,Unspecified,,,"(40.622414, -73.896484)",0.0,0.0,0,0,0,0,0,0,Sedan,Pick-up Truck,0
18978712,4154904,06/19/2019,23:28,d049514f-92dc-4f9f-b952-6ce6d3f5b905,Taxi,TOYT -CAR/SUV,2015.0,1.0,M,Licensed,Going Straight Ahead,Left Front Bumper,Left Front Bumper,,,,N,,Driver Inattention/Distraction,Unspecified,,,"(40.782475, -73.98082)",0.0,0.0,0,0,0,0,0,0,Taxi,Taxi,0
18509974,4056936,01/17/2019,23:51,b41e6022-6dd9-47b8-9906-a1f1e38cfcc1,Taxi,TOYT -CAR/SUV,2016.0,1.0,M,Licensed,Going Straight Ahead,Left Side Doors,Left Side Doors,,,,N,,Unspecified,Unspecified,,,"(40.71702, -73.830505)",0.0,0.0,0,0,0,0,0,0,Station Wagon/Sport Utility Vehicle,Taxi,0
18997804,4160971,06/28/2019,16:42,7770e629-e642-4a8f-9f2f-de00002ed947,Sedan,MNNI -CAR/SUV,2015.0,1.0,M,Licensed,Going Straight Ahead,Right Side Doors,Right Side Doors,Right Rear Quarter Panel,Right Front Quarter Panel,Right Side Doors,N,,Passing or Lane Usage Improper,Unspecified,BROOKLYN,11220.0,"(40.64063, -74.025734)",0.0,0.0,0,0,0,0,0,0,Sedan,Sedan,0
19105163,4213364,09/26/2019,16:00,f78c1ab7-2f91-45d4-bc1c-db9f9b3b4393,Station Wagon/Sport Utility Vehicle,FORD -CAR/SUV,2000.0,0.0,M,Licensed,Parked,Center Back End,Center Back End,,,,Unspecified,,Unspecified,Unspecified,BRONX,10468.0,"(40.862732, -73.90333)",3.0,0.0,2,0,0,0,1,0,Sedan,Station Wagon/Sport Utility Vehicle,1
18544269,4081362,02/15/2019,15:16,f787c254-a6ba-4525-98ce-f7bc125ef11a,Sedan,ACUR -CAR/SUV,2004.0,1.0,M,Licensed,Making Right Turn,Left Front Bumper,Left Front Bumper,Left Front Quarter Panel,,,N,,Unspecified,Unspecified,QUEENS,11375.0,"(40.72145, -73.84399)",0.0,0.0,0,0,0,0,0,0,Sedan,Station Wagon/Sport Utility Vehicle,0
19066890,4194500,08/25/2019,20:25,c6d184f9-0436-479d-bb72-27e0f502b059,Sedan,TOYT -CAR/SUV,2010.0,1.0,F,Licensed,Parked,Left Front Quarter Panel,Left Front Quarter Panel,,,,N,,Unspecified,Unspecified,BROOKLYN,11208.0,"(40.671864, -73.87834)",0.0,0.0,0,0,0,0,0,0,Sedan,Sedan,0
18559284,4107017,04/01/2019,20:25,66296dd4-8734-4721-9f59-21df7435119a,Sedan,HYUN -CAR/SUV,2000.0,1.0,M,Licensed,Going Straight Ahead,Center Front End,Center Front End,Right Front Bumper,Left Front Bumper,No Damage,N,,Following Too Closely,Unspecified,BROOKLYN,11203.0,"(40.65764, -73.94162)",0.0,0.0,0,0,0,0,0,0,Station Wagon/Sport Utility Vehicle,Sedan,0
19665561,4257838,12/13/2019,10:00,031b53ca-c0e7-4cea-abfd-1209ca65c77d,Station Wagon/Sport Utility Vehicle,FORD -CAR/SUV,2017.0,2.0,M,Licensed,Backing,Right Rear Bumper,No Damage,,,,N,,Driver Inattention/Distraction,Other Vehicular,,,"(40.7493, -73.949425)",0.0,0.0,0,0,0,0,0,0,Station Wagon/Sport Utility Vehicle,Sedan,0
18907980,4121453,04/24/2019,10:55,c252af2e-c680-4920-8626-3e63b1551f49,Station Wagon/Sport Utility Vehicle,TOYT -CAR/SUV,2018.0,0.0,M,Licensed,Going Straight Ahead,Center Front End,Center Front End,,,,N,,Following Too Closely,Driver Inattention/Distraction,QUEENS,11370.0,"(40.76635, -73.88756)",2.0,0.0,0,0,0,0,2,0,Sedan,Station Wagon/Sport Utility Vehicle,1
19029838,4173302,07/19/2019,19:15,4f4d1b30-2b3b-4fa2-8b11-38680f55ba7d,Sedan,FORD -CAR/SUV,2017.0,1.0,M,Licensed,Going Straight Ahead,Right Front Quarter Panel,Right Front Quarter Panel,Right Side Doors,Right Front Bumper,,N,,Unspecified,Unspecified,BRONX,10474.0,"(40.82256, -73.88755)",0.0,0.0,0,0,0,0,0,0,Sedan,Station Wagon/Sport Utility Vehicle,0
18488490,4112739,04/11/2019,09:20,3643a40f-58bd-4194-9a9d-b0ce6e001e4a,Garbage or Refuse,MACK-TRUCK/BUS,2010.0,1.0,M,Licensed,Parked,Left Front Bumper,No Damage,,,,N,,Other Vehicular,Unspecified,MANHATTAN,10019.0,"(40.764683, -73.99179)",0.0,0.0,0,0,0,0,0,0,Sedan,Garbage or Refuse,0
18389324,4077786,02/08/2019,14:43,392d34ad-985e-45ba-b687-ee9f9dbaceca,Sedan,TOYT -CAR/SUV,2010.0,1.0,M,Licensed,Going Straight Ahead,Right Front Bumper,Center Front End,Right Front Bumper,Center Front End,,N,,Unspecified,Unspecified,BRONX,10462.0,"(40.848602, -73.8612)",0.0,0.0,0,0,0,0,0,0,Sedan,Sedan,0
19102015,4211758,09/24/2019,13:00,5d0e2553-8fc6-4ca2-84f6-946b35d75de1,Sedan,ACUR -CAR/SUV,2015.0,0.0,,,Parked,Left Front Bumper,Left Front Bumper,Center Front End,Right Front Bumper,,N,,Unspecified,Unspecified,MANHATTAN,10037.0,"(40.813915, -73.93477)",0.0,0.0,0,0,0,0,0,0,Station Wagon/Sport Utility Vehicle,Sedan,0
18989979,4158975,06/24/2019,16:01,175e0763-8170-4c39-b13d-dc17171589fa,Station Wagon/Sport Utility Vehicle,TOYT -CAR/SUV,2009.0,1.0,M,Licensed,Backing,Right Rear Bumper,Right Rear Bumper,No Damage,No Damage,No Damage,N,,Backing Unsafely,Unspecified,BROOKLYN,11208.0,"(40.668278, -73.87825)",0.0,0.0,0,0,0,0,0,0,Station Wagon/Sport Utility Vehicle,Station Wagon/Sport Utility Vehicle,0
18912117,4123431,04/30/2019,22:22,bd726b6e-0039-4148-98b3-6a7e1f745589,Taxi,TOYT -CAR/SUV,2018.0,0.0,M,Licensed,Going Straight Ahead,Center Front End,Center Front End,No Damage,No Damage,No Damage,N,,Driver Inattention/Distraction,Following Too Closely,,,"(40.779495, -73.95771)",0.0,0.0,0,0,0,0,0,0,Sedan,Taxi,0
19669771,4256790,12/12/2019,14:50,68cd7b2a-1ed7-4007-b576-c90169e49d62,Station Wagon/Sport Utility Vehicle,CHEV -CAR/SUV,2008.0,0.0,M,Licensed,Slowing or Stopping,Center Back End,Center Back End,Left Rear Bumper,,,N,,Unspecified,Unspecified,QUEENS,11429.0,"(40.706196, -73.74456)",2.0,0.0,0,0,0,0,2,0,Station Wagon/Sport Utility Vehicle,Station Wagon/Sport Utility Vehicle,1
18524932,4097367,03/11/2019,08:10,172eebbe-6971-4ae1-a4fa-4815deb18a92,Station Wagon/Sport Utility Vehicle,CHEV -CAR/SUV,2010.0,1.0,F,Licensed,Parked,Left Side Doors,Other,No Damage,No Damage,No Damage,N,,Unspecified,Unspecified,MANHATTAN,10002.0,"(40.719597, -73.97791)",0.0,0.0,0,0,0,0,0,0,Station Wagon/Sport Utility Vehicle,Box Truck,0
19096762,4208851,09/19/2019,10:13,1b76e7a2-00cc-4d74-a0bf-45b902238358,Sedan,JEEP -CAR/SUV,2018.0,1.0,F,Licensed,Changing Lanes,Center Front End,Center Front End,Center Front End,Center Front End,Center Front End,N,,Unsafe Lane Changing,Unsafe Lane Changing,,,"(40.705856, -73.72729)",0.0,0.0,0,0,0,0,0,0,Sedan,Sedan,0
18964409,4147954,06/06/2019,20:50,0ec1a8f1-cc3e-439e-af60-b01e2583ae36,Station Wagon/Sport Utility Vehicle,NISS -CAR/SUV,2018.0,0.0,,,Parked,Left Rear Quarter Panel,Left Side Doors,Left Front Quarter Panel,Left Front Bumper,,N,,Unspecified,Unspecified,BRONX,10474.0,"(40.81693, -73.88617)",0.0,0.0,0,0,0,0,0,0,Station Wagon/Sport Utility Vehicle,Station Wagon/Sport Utility Vehicle,0
18894305,4114969,04/13/2019,02:55,54c8fb79-39e8-407a-9b78-0505aceb1e30,Sedan,TOYT -CAR/SUV,2015.0,4.0,M,Licensed,Going Straight Ahead,Left Front Quarter Panel,Left Front Quarter Panel,Left Front Bumper,Center Front End,Right Front Bumper,N,,Unspecified,Unspecified,BROOKLYN,11234.0,"(40.63413, -73.928505)",3.0,0.0,0,0,0,0,3,0,Sedan,Station Wagon/Sport Utility Vehicle,1
18550766,4090656,03/03/2019,19:00,46175d23-c244-4d12-a28a-9687b111e857,Sedan,TOYT -CAR/SUV,2017.0,1.0,M,Licensed,Going Straight Ahead,Left Front Quarter Panel,Left Front Quarter Panel,No Damage,No Damage,No Damage,N,,Unspecified,Unspecified,BROOKLYN,11234.0,"(40.618603, -73.93247)",0.0,0.0,0,0,0,0,0,0,Sedan,Sedan,0
19124179,4221979,10/11/2019,18:30,6337ed06-6ef2-4f39-a028-28457defad65,Station Wagon/Sport Utility Vehicle,HOND -CAR/SUV,2004.0,0.0,,,Parked,Center Back End,Center Back End,No Damage,No Damage,No Damage,N,,Unspecified,Unspecified,QUEENS,11372.0,"(40.747265, -73.88752)",0.0,0.0,0,0,0,0,0,0,Station Wagon/Sport Utility Vehicle,Station Wagon/Sport Utility Vehicle,0
19108328,4214495,09/27/2019,08:00,8ea819ad-5357-4272-a7cd-a5ce883e2b13,Sedan,HOND -CAR/SUV,2017.0,1.0,M,Licensed,Parked,Left Side Doors,Left Side Doors,,,,N,,Unspecified,Unspecified,BROOKLYN,11212.0,,0.0,0.0,0,0,0,0,0,0,Sedan,Box Truck,0
19078123,4200797,09/01/2019,15:10,d845ba89-d341-4481-8ed8-778342e5ba71,Sedan,HOND -CAR/SUV,2002.0,1.0,M,Licensed,Going Straight Ahead,Center Front End,Right Front Bumper,,,,N,,Driver Inattention/Distraction,Unspecified,QUEENS,11691.0,"(40.60266, -73.74997)",1.0,0.0,0,0,0,0,1,0,Sedan,Sedan,1
18587446,4109608,04/06/2019,00:18,eca0ffc3-cb40-4437-8394-1df49df3902b,Station Wagon/Sport Utility Vehicle,TOYT -CAR/SUV,2008.0,1.0,M,Licensed,Going Straight Ahead,Center Back End,Center Back End,Center Back End,,,N,,Unspecified,Unspecified,,,"(40.730434, -73.875595)",0.0,0.0,0,0,0,0,0,0,Station Wagon/Sport Utility Vehicle,Sedan,0
18553435,4095875,03/12/2019,13:45,2131775b-3feb-45f9-b5f0-5510bea00d65,Station Wagon/Sport Utility Vehicle,TOYT -CAR/SUV,2018.0,1.0,M,Licensed,Going Straight Ahead,Right Front Quarter Panel,Right Front Quarter Panel,No Damage,No Damage,No Damage,N,,Unsafe Lane Changing,Unspecified,,,,0.0,0.0,0,0,0,0,0,0,Sedan,Station Wagon/Sport Utility Vehicle,0
18566653,4096255,03/11/2019,10:50,d0ef73b1-92ce-4e83-a611-754181c86b5e,Sedan,INFI -CAR/SUV,2009.0,0.0,,,Parked,Center Back End,Center Back End,Left Front Bumper,Left Rear Bumper,Right Rear Bumper,N,,Unspecified,Unspecified,BROOKLYN,11226.0,"(40.641434, -73.96541)",0.0,0.0,0,0,0,0,0,0,Station Wagon/Sport Utility Vehicle,Station Wagon/Sport Utility Vehicle,0
18552135,4087277,02/26/2019,11:05,4ed8f43a-22c7-4d6d-986a-aaca65798554,Station Wagon/Sport Utility Vehicle,FORD -CAR/SUV,1999.0,0.0,,,Parked,Center Back End,Center Back End,,,,N,,Unspecified,Unspecified,,,"(40.607967, -73.980705)",0.0,0.0,0,0,0,0,0,0,Station Wagon/Sport Utility Vehicle,Sedan,0
19000573,4160414,06/24/2019,10:47,82db9720-a5af-43ea-8510-48e8e241a134,Sedan,INFI -CAR/SUV,2015.0,1.0,M,Licensed,Going Straight Ahead,Right Front Bumper,Right Front Bumper,Center Front End,Right Front Quarter Panel,No Damage,N,,Driver Inattention/Distraction,Unspecified,BRONX,10469.0,"(40.87954, -73.85534)",0.0,0.0,0,0,0,0,0,0,Sedan,Taxi,0
19105561,4209654,09/21/2019,02:25,8f6da450-6d41-492d-8c28-69bad7789979,Station Wagon/Sport Utility Vehicle,GMC -CAR/SUV,2015.0,0.0,,,Parked,Right Rear Bumper,Center Back End,,,,N,,Alcohol Involvement,Unspecified,,,"(40.684002, -73.81603)",2.0,0.0,2,0,0,0,0,0,Station Wagon/Sport Utility Vehicle,Motorcycle,1
19007578,4167469,07/08/2019,06:45,1ae0e45b-f465-415f-a398-30d1bc90ff5c,Sedan,TOYT -CAR/SUV,2006.0,1.0,M,Licensed,Making Left Turn,Right Front Bumper,Right Front Bumper,Center Front End,Left Front Bumper,,N,,Driver Inattention/Distraction,Turning Improperly,QUEENS,11368.0,"(40.740883, -73.85862)",0.0,0.0,0,0,0,0,0,0,Sedan,Sedan,0
19158979,4237560,11/08/2019,10:30,a3a3888c-9a2f-4eef-af0d-e552353e02ff,Van,,,1.0,M,Licensed,Starting from Parking,Left Front Bumper,No Damage,,,,N,,Other Vehicular,Unspecified,MANHATTAN,10019.0,,0.0,0.0,0,0,0,0,0,0,Van,Station Wagon/Sport Utility Vehicle,0
19001360,4162186,06/30/2019,18:00,757c375b-c1b9-4c87-abe1-cd05465e1c8c,Sedan,MERZ -CAR/SUV,2015.0,1.0,F,Licensed,Backing,Center Back End,Center Back End,,,,N,,Unspecified,Unspecified,BRONX,10469.0,"(40.87673, -73.847305)",0.0,0.0,0,0,0,0,0,0,Sedan,Sedan,0
19049075,4186720,08/11/2019,14:18,0e249ce4-76ea-4032-bad4-e8be89e4a9ce,Station Wagon/Sport Utility Vehicle,JEEP -CAR/SUV,2018.0,1.0,F,Licensed,Making Left Turn,Left Front Bumper,Left Front Bumper,Center Front End,,,N,,Failure to Yield Right-of-Way,Unspecified,,,"(40.89316, -73.852425)",0.0,0.0,0,0,0,0,0,0,Sedan,Station Wagon/Sport Utility Vehicle,0
18925836,4129441,05/11/2019,00:40,f20d38f6-bca5-4d44-bd8c-e4813af42c73,Sedan,NISS -CAR/SUV,2008.0,1.0,M,Licensed,Going Straight Ahead,Left Front Bumper,Left Front Bumper,Center Front End,Right Front Bumper,Left Front Quarter Panel,N,,Other Vehicular,Unspecified,,,"(40.66496, -73.82226)",1.0,0.0,0,0,0,0,1,0,Sedan,,1
19635674,4256348,12/11/2019,10:00,c106aa7b-aa7d-453c-a54a-b9d6560729c8,Sedan,CHRY -CAR/SUV,2016.0,1.0,F,Licensed,Going Straight Ahead,Center Front End,Center Front End,,,,N,,Following Too Closely,Driver Inattention/Distraction,BRONX,10453.0,"(40.848637, -73.91169)",0.0,0.0,0,0,0,0,0,0,Sedan,Bus,0
18983786,4157236,06/23/2019,15:00,93894432-4d16-4a12-963f-3b0d738606db,Sedan,CHEV -CAR/SUV,2014.0,4.0,M,Licensed,Going Straight Ahead,Right Front Bumper,Right Front Bumper,Right Front Bumper,Right Front Bumper,Right Front Bumper,N,,Following Too Closely,Following Too Closely,BRONX,10460.0,"(40.835884, -73.88341)",0.0,0.0,0,0,0,0,0,0,Sedan,Bus,0
18527926,4068327,01/24/2019,11:30,bf0ef4ac-6312-4f6b-b549-d93385559218,Sedan,HOND -CAR/SUV,2014.0,1.0,M,Licensed,Entering Parked Position,Center Back End,Center Back End,,,,N,,Unspecified,Unspecified,QUEENS,11362.0,"(40.76389, -73.726715)",0.0,0.0,0,0,0,0,0,0,Sedan,Sedan,0
19176646,4245894,11/22/2019,12:40,d5984a11-b89f-4861-853a-782e7dee0aae,Bus,ic,2006.0,1.0,F,Licensed,Slowing or Stopping,Center Front End,Center Front End,Right Front Bumper,Left Front Bumper,No Damage,N,,Driver Inattention/Distraction,Unspecified,,,"(40.84519, -73.9112)",1.0,0.0,0,0,0,0,1,0,Bus,Sedan,1
18932805,4133022,05/16/2019,12:45,d1efef2e-8b4e-494b-8fad-7891341bd4d8,Station Wagon/Sport Utility Vehicle,HOND -CAR/SUV,2015.0,1.0,F,Licensed,Going Straight Ahead,Left Front Bumper,Left Front Bumper,No Damage,No Damage,No Damage,N,,Driver Inattention/Distraction,Unspecified,MANHATTAN,10016.0,"(40.745056, -73.978615)",0.0,0.0,0,0,0,0,0,0,Station Wagon/Sport Utility Vehicle,,0
18970983,4150673,06/12/2019,22:30,9b046b0b-3606-4c57-84cf-ea504574397b,Taxi,TOYT -CAR/SUV,2016.0,1.0,M,Licensed,Going Straight Ahead,Center Back End,Center Back End,,,,N,,Unspecified,Unspecified,,,"(40.72656, -73.83802)",0.0,0.0,0,0,0,0,0,0,Taxi,Taxi,0
18515571,4070850,01/28/2019,09:10,c8821244-7c45-465d-be41-86aa49a56e88,Station Wagon/Sport Utility Vehicle,TOYT -CAR/SUV,2014.0,0.0,M,Licensed,Going Straight Ahead,Right Front Bumper,Right Front Bumper,,,,N,,Passing or Lane Usage Improper,Passing or Lane Usage Improper,,,"(40.70091, -73.926094)",0.0,0.0,0,0,0,0,0,0,Sedan,Station Wagon/Sport Utility Vehicle,0
19136913,4227386,10/20/2019,02:30,f78f7745-41e0-46f4-83ac-ded35a7c4cd6,Taxi,TOYT -CAR/SUV,2017.0,1.0,M,Licensed,Stopped in Traffic,Center Back End,Left Rear Bumper,Center Back End,Right Rear Bumper,,N,,Unspecified,Unspecified,,,"(40.64844, -73.88242)",1.0,0.0,0,0,0,0,1,0,Taxi,,1
19638057,4254051,12/07/2019,15:50,78113961-2225-4138-a0f9-3151ef00d3b8,Sedan,NISS -CAR/SUV,2013.0,1.0,F,Licensed,Slowing or Stopping,Center Front End,Center Front End,Left Front Bumper,Right Front Bumper,,N,,Driver Inattention/Distraction,Driver Inexperience,,,"(40.716587, -74.008385)",1.0,0.0,0,0,0,0,1,0,Sedan,Sedan,1
19059261,4191935,08/20/2019,15:40,4c3eab9a-9ec7-430d-8e95-df0ad10dad86,Station Wagon/Sport Utility Vehicle,LEXS -CAR/SUV,2010.0,1.0,M,Licensed,Other*,Center Back End,Center Back End,Right Rear Bumper,,,N,,Unspecified,Unspecified,BROOKLYN,11224.0,"(40.577934, -73.97637)",0.0,0.0,0,0,0,0,0,0,Station Wagon/Sport Utility Vehicle,Sedan,0
18934814,4134089,05/17/2019,20:45,63664c8b-c7b3-4208-b28c-6f430b97dff5,Sedan,MERZ -CAR/SUV,2013.0,2.0,M,Licensed,Stopped in Traffic,Center Back End,Center Back End,No Damage,No Damage,No Damage,N,,Unspecified,Unspecified,,,"(40.68854, -73.92384)",1.0,0.0,0,0,0,0,1,0,Sedan,Station Wagon/Sport Utility Vehicle,1
18548168,4095886,03/12/2019,09:17,db4535e4-3335-473b-b4a2-095de1fd80e6,,BLUE BIRD EXP,2010.0,1.0,,,Going Straight Ahead,Left Front Bumper,No Damage,No Damage,No Damage,No Damage,N,,Passing Too Closely,Driver Inexperience,BRONX,10463.0,"(40.87741, -73.90926)",0.0,0.0,0,0,0,0,0,0,Station Wagon/Sport Utility Vehicle,,0
18510008,4073585,02/01/2019,20:00,ef69b397-079b-4b4b-b5e0-2e9bc2f89006,Sedan,TOYT -CAR/SUV,2014.0,0.0,,,Parked,Center Front End,Center Front End,No Damage,No Damage,No Damage,N,,Unspecified,Other Vehicular,MANHATTAN,10023.0,"(40.7763, -73.978294)",0.0,0.0,0,0,0,0,0,0,Sedan,Station Wagon/Sport Utility Vehicle,0
18590951,4082767,02/16/2019,18:30,d5887a0f-80e5-4d40-8232-e25c08bb5774,Sedan,NISS -CAR/SUV,2016.0,5.0,F,Licensed,Parked,Center Front End,Center Front End,Left Front Bumper,Right Front Bumper,,N,,Following Too Closely,Unspecified,,,"(40.657555, -73.894196)",0.0,0.0,0,0,0,0,0,0,Station Wagon/Sport Utility Vehicle,Sedan,0
18950443,4140217,05/25/2019,19:15,b8951fb7-eb3f-43bd-a9cf-04578da05784,Station Wagon/Sport Utility Vehicle,JEEP -CAR/SUV,1996.0,3.0,F,Licensed,Starting from Parking,Left Front Quarter Panel,Left Front Quarter Panel,,,,N,,Unspecified,Unspecified,QUEENS,11385.0,"(40.70719, -73.8973)",1.0,0.0,0,0,1,0,0,0,Station Wagon/Sport Utility Vehicle,Bike,1
18506618,4063316,01/07/2019,18:15,5c103f04-0586-4fcb-80ea-874752900a01,Taxi,MERC -CAR/SUV,2004.0,1.0,M,Licensed,Going Straight Ahead,Right Front Quarter Panel,Right Front Quarter Panel,Right Side Doors,,,N,,Unspecified,Unspecified,,,"(40.788525, -73.81117)",0.0,0.0,0,0,0,0,0,0,Taxi,Sedan,0
18996659,4162963,06/30/2019,17:45,2cd374aa-5eac-4dd8-82d4-10a88fb69db6,Station Wagon/Sport Utility Vehicle,CADI -CAR/SUV,2008.0,1.0,M,Licensed,Going Straight Ahead,Left Front Quarter Panel,Left Front Quarter Panel,,,,N,,Unspecified,Unspecified,,,"(40.61448, -73.92641)",0.0,0.0,0,0,0,0,0,0,Station Wagon/Sport Utility Vehicle,Station Wagon/Sport Utility Vehicle,0
19019794,4173662,07/18/2019,04:19,e2834ccc-1c06-48ee-a2a5-40cae85815b6,Sedan,FORD -CAR/SUV,2008.0,1.0,M,Licensed,Going Straight Ahead,Center Front End,Center Front End,Left Front Bumper,Right Front Bumper,Center Front End,N,,Following Too Closely,Unspecified,MANHATTAN,10029.0,"(40.793606, -73.94952)",0.0,0.0,0,0,0,0,0,0,Sedan,Sedan,0
18529152,4085024,02/22/2019,10:15,da1f307c-e90e-4154-bd2f-2626e985a04c,Station Wagon/Sport Utility Vehicle,COOP -CAR/SUV,2015.0,1.0,F,Licensed,Stopped in Traffic,Center Front End,Center Front End,,,,N,,Unspecified,Unspecified,,,"(40.86446, -73.91895)",0.0,0.0,0,0,0,0,0,0,Box Truck,Station Wagon/Sport Utility Vehicle,0
18956631,4144136,06/02/2019,20:50,bdd3518b-818b-4cd1-ad60-597b47de70ed,Sedan,HOND -CAR/SUV,2019.0,1.0,M,Licensed,Making Right Turn,Left Front Bumper,Center Front End,,,,N,,Unspecified,Unspecified,BRONX,10468.0,"(40.857758, -73.90095)",0.0,0.0,0,0,0,0,0,0,Station Wagon/Sport Utility Vehicle,Sedan,0
18591805,4097837,03/15/2019,22:00,d1975242-351c-4b66-aefa-4d23ef1a9d9a,Sedan,FORD -CAR/SUV,1998.0,1.0,M,Licensed,Going Straight Ahead,Right Front Bumper,Right Front Bumper,,,,N,,Unspecified,Unspecified,QUEENS,11435.0,"(40.685543, -73.80242)",0.0,0.0,0,0,0,0,0,0,Sedan,Sedan,0
18516301,4068599,01/24/2019,17:24,0f4bbc78-ad51-4ee8-bddc-d267f3ad4e10,Sedan,NISS -CAR/SUV,2015.0,0.0,M,Licensed,Stopped in Traffic,Right Front Quarter Panel,Right Front Quarter Panel,Center Back End,,,N,,Passing Too Closely,Unspecified,QUEENS,11375.0,"(40.72569, -73.85463)",0.0,0.0,0,0,0,0,0,0,Station Wagon/Sport Utility Vehicle,Station Wagon/Sport Utility Vehicle,0
19029821,4178745,07/28/2019,20:00,fd30892e-7df0-4037-b330-e4984a968973,Taxi,NISS -CAR/SUV,2018.0,2.0,M,Licensed,Making Left Turn,Right Front Bumper,Right Front Bumper,Left Front Bumper,,,N,,Unspecified,Unspecified,BRONX,10456.0,"(40.835335, -73.90464)",0.0,0.0,0,0,0,0,0,0,Taxi,Sedan,0
18987370,4158629,06/25/2019,08:30,0a7e9fe7-3921-4e34-ac08-c892ea8fe76e,Sedan,HOND -CAR/SUV,2003.0,1.0,F,Licensed,Going Straight Ahead,Center Front End,Right Front Bumper,Right Front Bumper,,,N,,Driver Inattention/Distraction,Following Too Closely,BROOKLYN,11238.0,"(40.674, -73.960396)",0.0,0.0,0,0,0,0,0,0,Sedan,Sedan,0
18929590,4131191,05/13/2019,14:10,5a1d59e5-8fb7-4e0a-a72c-439fcad52c4b,Sedan,ACUR -CAR/SUV,2006.0,2.0,M,Licensed,Going Straight Ahead,Left Front Bumper,Left Front Bumper,Center Front End,,,N,,Following Too Closely,Unsafe Speed,,,,0.0,0.0,0,0,0,0,0,0,Sedan,Station Wagon/Sport Utility Vehicle,0
18681935,4107028,04/01/2019,23:35,b1144ecb-0390-4bd3-8cf1-96f08f357814,Sedan,HOND -CAR/SUV,2018.0,2.0,M,Licensed,Going Straight Ahead,Right Front Bumper,Right Front Bumper,,,,N,,Driver Inattention/Distraction,Unspecified,QUEENS,11422.0,"(40.664677, -73.73799)",0.0,0.0,0,0,0,0,0,0,Sedan,Sedan,0
19124306,4221974,10/12/2019,16:19,7433d3f8-836f-4844-9449-22e6c50aa903,Sedan,BMW -CAR/SUV,2018.0,1.0,M,Licensed,Parked,Left Rear Quarter Panel,Left Rear Quarter Panel,,,,N,,Unspecified,Unspecified,QUEENS,11362.0,"(40.769688, -73.736305)",0.0,0.0,0,0,0,0,0,0,Sedan,Sedan,0
18907821,4121539,04/27/2019,07:20,1a8d4c9a-1783-49ac-8c99-aff60b29303c,Station Wagon/Sport Utility Vehicle,HOND -CAR/SUV,2013.0,1.0,F,Licensed,Going Straight Ahead,Center Back End,Center Back End,No Damage,No Damage,No Damage,N,,Unspecified,Unspecified,BROOKLYN,11236.0,"(40.64366, -73.90067)",0.0,0.0,0,0,0,0,0,0,Sedan,Station Wagon/Sport Utility Vehicle,0
19072509,4197821,08/31/2019,23:45,8b389b49-0eb9-4b92-b15a-bbc25059bfc2,Sedan,INFI -CAR/SUV,2010.0,1.0,M,Licensed,Stopped in Traffic,Left Rear Bumper,Left Rear Bumper,Left Rear Quarter Panel,No Damage,No Damage,N,,Unspecified,Unspecified,BROOKLYN,11207.0,"(40.65114, -73.89)",0.0,0.0,0,0,0,0,0,0,Sedan,Sedan,0
19626809,4248831,11/26/2019,15:40,16a655ad-582e-40c2-a5ef-26519cfb4e7d,Flat Bed,FRHT-TRUCK/BUS,2016.0,1.0,M,Licensed,Going Straight Ahead,Left Side Doors,Left Side Doors,,,,N,,Driver Inattention/Distraction,Passing or Lane Usage Improper,,,"(40.723442, -73.93899)",0.0,0.0,0,0,0,0,0,0,Pick-up Truck,Flat Bed,0
19173402,4244816,11/20/2019,14:40,010c1135-1626-4ecd-9996-0d18b8ac27a5,Sedan,HOND -CAR/SUV,2018.0,1.0,M,Licensed,Stopped in Traffic,Left Rear Bumper,Center Back End,Right Rear Bumper,Center Front End,,N,,Unspecified,Unspecified,,,"(40.5842, -74.09472)",2.0,0.0,0,0,0,0,2,0,Sedan,Sedan,1
18892157,4114836,04/14/2019,20:46,62f38f56-a46c-4021-bd87-d75d130bbcd5,Sedan,INFI -CAR/SUV,2019.0,2.0,F,Licensed,Making Left Turn,Left Rear Bumper,Left Rear Bumper,Center Back End,Center Back End,Center Back End,N,,Driver Inattention/Distraction,Driver Inattention/Distraction,MANHATTAN,10002.0,"(40.72224, -73.9863)",0.0,0.0,0,0,0,0,0,0,Sedan,Sedan,0