UNIQUE_ID,COLLISION_ID,CRASH_DATE,CRASH_TIME,VEHICLE_ID,VEHICLE_TYPE,VEHICLE_MAKE,VEHICLE_YEAR,VEHICLE_OCCUPANTS,DRIVER_SEX,DRIVER_LICENSE_STATUS,PRE_CRASH,POINT_OF_IMPACT,VEHICLE_DAMAGE,VEHICLE_DAMAGE_1,VEHICLE_DAMAGE_2,VEHICLE_DAMAGE_3,PUBLIC_PROPERTY_DAMAGE,PUBLIC_PROPERTY_DAMAGE_TYPE,CONTRIBUTING_FACTOR_1,CONTRIBUTING_FACTOR_2,BOROUGH,ZIP CODE,LOCATION,NUMBER OF PERSONS INJURED,NUMBER OF PERSONS KILLED,NUMBER OF PEDESTRIANS INJURED,NUMBER OF PEDESTRIANS KILLED,NUMBER OF CYCLIST INJURED,NUMBER OF CYCLIST KILLED,NUMBER OF MOTORIST INJURED,NUMBER OF MOTORIST KILLED,VEHICLE TYPE CODE 1,VEHICLE TYPE CODE 2,Severity
18562775,4092816,03/07/2019,09:00,81cdf3de-645b-4cc8-b044-5bd2bd6b70d6,Station Wagon/Sport Utility Vehicle,NISS -CAR/SUV,2014.0,2.0,F,Licensed,Backing,Center Back End,Left Rear Bumper,,,,N,,Backing Unsafely,Driver Inattention/Distraction,QUEENS,11368.0,"(40.754673, -73.86417)",0.0,0.0,0,0,0,0,0,0,Sedan,Station Wagon/Sport Utility Vehicle,0
18524022,4087810,02/26/2019,11:05,642ad4fb-40e0-4293-89f3-ee2d82a2b34b,Station Wagon/Sport Utility Vehicle,HOND -CAR/SUV,2018.0,2.0,M,Licensed,Going Straight Ahead,Center Front End,Center Front End,No Damage,No Damage,No Damage,N,,Passing Too Closely,Driver Inattention/Distraction,,,"(40.782627, -73.97499)",1.0,0.0,0,0,1,0,0,0,Station Wagon/Sport Utility Vehicle,Bike,1
19112735,4216166,10/02/2019,05:00,d9ef8e67-516e-4a93-883d-78a5d6d240b6,Sedan,PORS -CAR/SUV,2013.0,0.0,M,Licensed,Parked,Left Front Bumper,Left Front Bumper,Left Front Quarter Panel,Left Front Quarter Panel,,N,,Unspecified,Unspecified,BROOKLYN,11208.0,"(40.673058, -73.879005)",0.0,0.0,0,0,0,0,0,0,Sedan,,0
18945518,4138852,05/24/2019,23:30,8e7285a8-add7-43e5-9ef9-4e1f9d9044ca,Taxi,NISS -CAR/SUV,2016.0,1.0,M,Licensed,Changing Lanes,Left Front Bumper,Left Front Bumper,Right Front Quarter Panel,No Damage,No Damage,N,,Passing or Lane Usage Improper,Unspecified,MANHATTAN,10016.0,"(40.746536, -73.985954)",0.0,0.0,0,0,0,0,0,0,Taxi,Taxi,0
19633656,4256452,12/03/2019,20:16,2e410abd-9656-48ce-8df3-4234dea127ed,Sedan,HYUN -CAR/SUV,2016.0,1.0,M,Licensed,Stopped in Traffic,Center Back End,Center Back End,,,,N,,Unspecified,Unspecified,,,"(40.858986, -73.8676)",0.0,0.0,0,0,0,0,0,0,Sedan,Sedan,0
19111203,4216476,10/01/2019,21:30,077de931-2e8d-4b84-8629-e5c25302793f,Station Wagon/Sport Utility Vehicle,DODG -CAR/SUV,2007.0,1.0,F,Permit,Going Straight Ahead,Center Front End,Center Front End,,,,N,,Driver Inattention/Distraction,Driver Inexperience,,,"(40.626163, -74.15742)",0.0,0.0,0,0,0,0,0,0,Station Wagon/Sport Utility Vehicle,,0
18937946,4135510,05/20/2019,18:35,c91b1de5-54c7-4708-8642-5e3da6a58836,Station Wagon/Sport Utility Vehicle,BMW -CAR/SUV,2005.0,1.0,M,Licensed,Slowing or Stopping,Center Front End,Center Front End,Left Front Bumper,Right Front Bumper,,N,,Driver Inattention/Distraction,Following Too Closely,,,"(40.61964, -73.897316)",0.0,0.0,0,0,0,0,0,0,Station Wagon/Sport Utility Vehicle,Station Wagon/Sport Utility Vehicle,0
18983048,4156316,06/22/2019,11:00,c6122f58-654e-4c59-800d-32ecf5e6b5bc,Station Wagon/Sport Utility Vehicle,HYUN -CAR/SUV,2011.0,3.0,M,Licensed,Going Straight Ahead,Right Side Doors,Right Side Doors,Right Rear Quarter Panel,Right Front Quarter Panel,Right Rear Bumper,N,,Passing Too Closely,Driver Inattention/Distraction,,,"(40.631336, -74.1478)",3.0,0.0,0,0,0,0,3,0,Station Wagon/Sport Utility Vehicle,Sedan,1
18895406,4115600,04/12/2019,11:00,cc068a3b-7441-41ed-9449-deaf33fd68e8,Station Wagon/Sport Utility Vehicle,TOYT -CAR/SUV,2018.0,0.0,,,Parked,Left Rear Quarter Panel,Left Side Doors,No Damage,No Damage,No Damage,N,,Unspecified,Unspecified,BRONX,10457.0,"(40.85083, -73.889336)",0.0,0.0,0,0,0,0,0,0,Station Wagon/Sport Utility Vehicle,,0
19095392,4208615,09/08/2019,11:25,a3fa0b4e-dd63-49e9-8934-8fcdcc68eb8e,Sedan,VOLK -CAR/SUV,2010.0,2.0,M,Licensed,Slowing or Stopping,Center Back End,Center Back End,Center Front End,,,N,,Driver Inattention/Distraction,Following Too Closely,,,"(40.651863, -73.86536)",3.0,0.0,0,0,0,0,3,0,Sedan,Sedan,1
18932322,4133253,05/16/2019,23:35,2f8b9a23-20ae-4697-8fcc-510691be50eb,Sedan,HYUN -CAR/SUV,2009.0,,,,Going Straight Ahead,Center Front End,No Damage,No Damage,No Damage,No Damage,N,,Driver Inattention/Distraction,Following Too Closely,BROOKLYN,11217.0,"(40.680733, -73.97451)",0.0,0.0,0,0,0,0,0,0,Station Wagon/Sport Utility Vehicle,Sedan,0
18938232,4135195,05/19/2019,20:57,8b5892ac-5327-419b-a7c8-4a35c27d5eab,Sedan,MERZ -CAR/SUV,2015.0,1.0,F,Licensed,Making Right Turn,Right Side Doors,Right Side Doors,,,,N,,Passing or Lane Usage Improper,Aggressive Driving/Road Rage,,,"(40.838768, -73.92815)",0.0,0.0,0,0,0,0,0,0,Sedan,Station Wagon/Sport Utility Vehicle,0
18894426,4115194,04/10/2019,09:15,5f4c1a07-46df-42f1-bfb2-a0d7fc142323,Station Wagon/Sport Utility Vehicle,CHEV -CAR/SUV,2005.0,1.0,M,Licensed,Changing Lanes,Right Front Bumper,Right Front Bumper,,,,N,,Failure to Yield Right-of-Way,Unspecified,QUEENS,11433.0,"(0.0, 0.0)",4.0,0.0,0,0,0,0,4,0,Pick-up Truck,Pick-up Truck,1
18526049,4074001,02/03/2019,04:18,bebc13af-7a95-4e00-aa87-c324a9b19339,Station Wagon/Sport Utility Vehicle,JEEP -CAR/SUV,2018.0,1.0,M,Licensed,Going Straight Ahead,Center Front End,Right Front Bumper,Overturned,,,N,,Alcohol Involvement,Unspecified,BROOKLYN,11234.0,"(40.613293, -73.92913)",0.0,0.0,0,0,0,0,0,0,Pick-up Truck,Station Wagon/Sport Utility Vehicle,0
19137060,4228344,10/23/2019,23:20,7ba6948c-0f49-4cb6-8eec-95bf6fd8372e,Sedan,MAZD -CAR/SUV,2015.0,0.0,,,Parked,Right Front Bumper,Right Front Bumper,,,,N,,Unspecified,Unspecified,,,"(40.824738, -73.95435)",0.0,0.0,0,0,0,0,0,0,Station Wagon/Sport Utility Vehicle,Sedan,0
18575878,4092455,03/06/2019,20:00,f6e61a8c-2323-49a8-87df-e95677a14a00,Sedan,HOND -CAR/SUV,2016.0,0.0,M,Licensed,Going Straight Ahead,Center Front End,Center Front End,Left Front Bumper,Right Front Bumper,,N,,Unspecified,Unspecified,BRONX,10460.0,,1.0,0.0,0,0,0,0,1,0,Sedan,Station Wagon/Sport Utility Vehicle,1
19125382,4222169,10/12/2019,17:30,771bb260-b38b-419d-864a-86a8b501ef1e,Station Wagon/Sport Utility Vehicle,NISS -CAR/SUV,2004.0,1.0,M,Licensed,Going Straight Ahead,Center Front End,Center Front End,No Damage,No Damage,No Damage,N,,Driver Inattention/Distraction,Following Too Closely,,,,0.0,0.0,0,0,0,0,0,0,Sedan,Station Wagon/Sport Utility Vehicle,0
19045233,4185458,08/08/2019,09:50,4c7b889e-0dde-4f45-84f3-641f1772c463,Station Wagon/Sport Utility Vehicle,ACUR -CAR/SUV,2014.0,1.0,M,Licensed,Going Straight Ahead,Center Back End,Center Back End,,,,N,,Unspecified,Unspecified,BROOKLYN,11219.0,"(40.6364, -73.99895)",0.0,0.0,0,0,0,0,0,0,Station Wagon/Sport Utility Vehicle,Station Wagon/Sport Utility Vehicle,0
18656800,4100842,03/21/2019,18:27,2383c37a-34fb-42d6-a421-7f90f071d781,Station Wagon/Sport Utility Vehicle,NISS -CAR/SUV,2017.0,1.0,F,Licensed,Making Right Turn,Right Front Bumper,No Damage,No Damage,No Damage,No Damage,N,,Following Too Closely,Pavement Slippery,QUEENS,11422.0,"(40.665348, -73.72986)",0.0,0.0,0,0,0,0,0,0,Station Wagon/Sport Utility Vehicle,Station Wagon/Sport Utility Vehicle,0
19093862,4208068,09/17/2019,08:30,f00d2503-cda4-4c9f-81ca-2e28da22b89e,van,Ford,2010.0,1.0,M,Unlicensed,Going Straight Ahead,Center Front End,Center Front End,Left Front Bumper,Right Front Bumper,No Damage,Y,,Driver Inexperience,Unspecified,QUEENS,11691.0,"(40.608467, -73.764565)",0.0,0.0,0,0,0,0,0,0,van,,0
18558530,4084543,02/21/2019,18:15,8de0be1c-8275-41f1-a932-d8ded96fedf8,Sedan,BMW -CAR/SUV,2018.0,1.0,F,Licensed,Going Straight Ahead,Center Back End,Center Back End,Left Rear Bumper,Right Rear Bumper,No Damage,N,,Unspecified,Unspecified,,,"(40.60805, -74.15736)",0.0,0.0,0,0,0,0,0,0,Sedan,Sedan,0
19630004,4266663,12/21/2019,07:50,b2c2419c-94eb-4cd1-9bd9-56fb3fb20485,Sedan,HYUN -CAR/SUV,2019.0,1.0,F,Licensed,Changing Lanes,Center Back End,Center Back End,Right Rear Bumper,Left Rear Bumper,,N,,Unspecified,Unspecified,,,"(40.67983, -73.9583)",0.0,0.0,0,0,0,0,0,0,Sedan,Sedan,0
19068177,4195564,08/27/2019,13:00,ce844828-1700-4a0c-bd3b-cfae31199bcb,Pick-up Truck,VOLV -CAR/SUV,2016.0,1.0,M,Licensed,Backing,No Damage,No Damage,,,,N,,Backing Unsafely,Backing Unsafely,QUEENS,11378.0,,0.0,0.0,0,0,0,0,0,0,Sedan,Pick-up Truck,0
19047506,4186326,08/09/2019,22:00,7456e01a-fd63-438e-b808-57948fcc79fe,Sedan,BMW -CAR/SUV,2016.0,2.0,M,Licensed,Going Straight Ahead,Center Front End,Center Front End,Right Front Bumper,Left Front Bumper,Left Front Quarter Panel,N,,Driver Inattention/Distraction,Unsafe Speed,QUEENS,11416.0,"(40.68868, -73.837234)",0.0,0.0,0,0,0,0,0,0,Sedan,Sedan,0
19023266,4174764,07/20/2019,12:50,ca5edf3c-a287-4efe-93b4-fe52ecc87d99,Station Wagon/Sport Utility Vehicle,HOND -CAR/SUV,2016.0,1.0,M,Licensed,Going Straight Ahead,Right Rear Bumper,Right Rear Bumper,No Damage,No Damage,No Damage,N,,Unspecified,Unspecified,,,"(40.705246, -73.95908)",1.0,0.0,0,0,0,0,1,0,Sedan,Station Wagon/Sport Utility Vehicle,1
19149225,4232912,10/31/2019,21:55,97b58383-66ce-496e-87cf-e523468efb47,Sedan,HOND -CAR/SUV,2014.0,1.0,M,Licensed,Going Straight Ahead,Left Front Quarter Panel,Left Front Quarter Panel,Left Front Bumper,No Damage,No Damage,N,,Unspecified,Unspecified,BRONX,10453.0,"(40.861862, -73.91282)",0.0,0.0,0,0,0,0,0,0,Sedan,Sedan,0
19662647,4249758,11/24/2019,03:09,c10fbfd2-7cd6-4cb6-b4b2-944bca66ec87,Pick-up Truck,CHEV -CAR/SUV,2019.0,1.0,M,Licensed,Stopped in Traffic,Left Rear Bumper,Left Rear Bumper,Left Rear Quarter Panel,Center Back End,,N,,Unspecified,Unspecified,QUEENS,11377.0,"(40.75302, -73.90982)",0.0,0.0,0,0,0,0,0,0,Pick-up Truck,Sedan,0
19069752,4196644,08/29/2019,11:09,aa239fd0-e203-4a84-b412-8748c2e6b346,Station Wagon/Sport Utility Vehicle,CHEV -CAR/SUV,2015.0,1.0,M,Licensed,Starting from Parking,Left Front Quarter Panel,Left Front Quarter Panel,,,,N,,Passing or Lane Usage Improper,Unspecified,BROOKLYN,11210.0,"(40.621857, -73.93823)",0.0,0.0,0,0,0,0,0,0,Sedan,Station Wagon/Sport Utility Vehicle,0
18907502,4121245,04/26/2019,21:20,d854a286-780a-4c4e-ac1c-78601bf0f2c0,Station Wagon/Sport Utility Vehicle,HYUN -CAR/SUV,2010.0,1.0,F,Licensed,Going Straight Ahead,Center Front End,Center Front End,,,,N,,Following Too Closely,Unspecified,,,"(40.74006, -73.789894)",0.0,0.0,0,0,0,0,0,0,Sedan,Station Wagon/Sport Utility Vehicle,0
18525778,4072023,01/30/2019,18:56,52ace75d-c611-467b-b0c6-401cbad168b6,Station Wagon/Sport Utility Vehicle,FORD -CAR/SUV,2015.0,1.0,M,Licensed,Going Straight Ahead,Right Front Bumper,Right Front Bumper,Center Front End,Left Front Bumper,,N,,Unspecified,Unspecified,,,,0.0,0.0,0,0,0,0,0,0,Station Wagon/Sport Utility Vehicle,Station Wagon/Sport Utility Vehicle,0
18942776,4141518,05/29/2019,17:10,a55eda6d-fbd5-420d-99b0-f266bb0974b3,Bus,AM/TR,2003.0,1.0,M,Licensed,Making Left Turn,No Damage,No Damage,No Damage,No Damage,No Damage,N,,Driver Inattention/Distraction,Following Too Closely,BRONX,10460.0,"(40.83613, -73.88987)",0.0,0.0,0,0,0,0,0,0,Station Wagon/Sport Utility Vehicle,Bus,0
18515194,4080191,02/12/2019,12:25,c8621e99-e059-481c-98b6-6f7697782dcb,Pick-up Truck,FORD -CAR/SUV,2011.0,1.0,M,Licensed,Making Left Turn,Center Back End,Center Back End,Right Rear Bumper,,,N,,Unspecified,Unspecified,,,"(40.534096, -74.1863)",1.0,0.0,0,0,0,0,1,0,Sedan,Pick-up Truck,1
18983955,4157321,06/21/2019,16:25,02fd5997-0610-494f-b379-0994e85dc5fd,Station Wagon/Sport Utility Vehicle,CHRY -CAR/SUV,2005.0,1.0,M,Licensed,Backing,Right Rear Bumper,No Damage,No Damage,No Damage,No Damage,N,,Backing Unsafely,Backing Unsafely,BROOKLYN,11205.0,"(40.69464, -73.95567)",1.0,0.0,1,0,0,0,0,0,Station Wagon/Sport Utility Vehicle,,1
18972207,4151456,06/13/2019,09:00,113b67cc-320c-4b06-ad04-e458ef90f4d6,Bus,CHEV-TRUCK/BUS,2014.0,2.0,M,Licensed,Going Straight Ahead,Left Rear Quarter Panel,Left Rear Quarter Panel,,,,N,,Unspecified,Unspecified,,,"(40.672703, -73.93635)",0.0,0.0,0,0,0,0,0,0,Sedan,Bus,0
18934478,4133538,05/16/2019,23:30,f690e11f-104a-4e69-8439-15d011296cc0,Sedan,SUBA -CAR/SUV,2016.0,1.0,F,Licensed,Slowing or Stopping,Left Rear Bumper,Left Rear Bumper,,,,Unspecified,,Reaction to Uninvolved Vehicle,Unspecified,,,"(40.696384, -73.87449)",0.0,0.0,0,0,0,0,0,0,Sedan,Station Wagon/Sport Utility Vehicle,0
19661513,4252624,12/04/2019,18:58,8235d92f-7661-4331-9693-8bb4395e1450,Sedan,NISS -CAR/SUV,2009.0,1.0,M,Licensed,Going Straight Ahead,Center Front End,Center Front End,,,,N,,Unspecified,Unspecified,,,,1.0,0.0,0,0,0,0,1,0,Sedan,Sedan,1
19638832,4253538,12/03/2019,19:50,24255c35-49b6-4f03-b4c1-95d9759e5fd7,Sedan,MERZ -CAR/SUV,1999.0,1.0,M,Licensed,Going Straight Ahead,Center Front End,No Damage,No Damage,No Damage,No Damage,N,,Unspecified,Unspecified,BROOKLYN,11210.0,"(40.62925, -73.9439)",1.0,0.0,1,0,0,0,0,0,Sedan,,1
18999598,4160502,06/27/2019,00:00,3c4fab6f-a470-4dc4-80b1-f5cbe882801e,Station Wagon/Sport Utility Vehicle,HOND -CAR/SUV,2026.0,1.0,M,Licensed,Entering Parked Position,Center Back End,Center Back End,,,,N,,Backing Unsafely,Unspecified,,,"(40.702503, -73.9624)",0.0,0.0,0,0,0,0,0,0,Station Wagon/Sport Utility Vehicle,Station Wagon/Sport Utility Vehicle,0
19023465,4175217,07/21/2019,00:45,fe23282e-e569-4106-abf9-a312436a9cdb,Sedan,CHEV -CAR/SUV,2014.0,1.0,M,Licensed,Going Straight Ahead,Left Front Bumper,Left Front Bumper,Right Front Bumper,,,N,,Driver Inattention/Distraction,Driver Inattention/Distraction,QUEENS,11418.0,"(40.698257, -73.82039)",0.0,0.0,0,0,0,0,0,0,Sedan,Station Wagon/Sport Utility Vehicle,0
19089512,4206409,09/15/2019,05:45,1e42bc19-a640-4262-ae6a-ee859ef4b93b,Station Wagon/Sport Utility Vehicle,HOND -CAR/SUV,2006.0,0.0,,,Parked,Right Front Bumper,Right Front Bumper,Center Front End,Left Front Bumper,No Damage,N,,Unspecified,Unspecified,BRONX,10456.0,"(40.830048, -73.90167)",0.0,0.0,0,0,0,0,0,0,Station Wagon/Sport Utility Vehicle,Sedan,0
18533312,4105178,03/29/2019,04:46,d073c01d-4f7a-49de-9f15-b5c53dc7d252,Dump,INTL-TRUCK/BUS,2010.0,1.0,M,Licensed,Changing Lanes,Left Front Quarter Panel,Left Front Quarter Panel,,,,N,,Unspecified,Unspecified,,,"(40.72709, -73.991554)",1.0,0.0,0,0,0,0,1,0,Sedan,Dump,1
19107731,4215106,09/26/2019,19:00,5f335f58-b669-4402-a160-499b58bd5f92,Sedan,MAZD -CAR/SUV,2008.0,1.0,M,Licensed,Going Straight Ahead,Right Side Doors,Right Side Doors,,,,N,,Unspecified,Unspecified,,,"(40.818172, -73.95649)",1.0,0.0,0,0,1,0,0,0,Sedan,E-Bik,1
18535747,4073599,02/02/2019,22:00,3dc3911f-b2b6-40b6-ad30-d2b8358d4737,Station Wagon/Sport Utility Vehicle,CHEV -CAR/SUV,2006.0,2.0,F,Licensed,Backing,Center Back End,Center Back End,No Damage,No Damage,No Damage,N,,Backing Unsafely,Unspecified,,,"(40.54387, -74.14445)",0.0,0.0,0,0,0,0,0,0,Station Wagon/Sport Utility Vehicle,Station Wagon/Sport Utility Vehicle,0
18544403,4081421,02/15/2019,17:00,805d56aa-fcb7-4065-afad-fcf5260781cc,Sedan,SUBA -CAR/SUV,2013.0,1.0,M,Licensed,Going Straight Ahead,Left Front Bumper,Left Front Bumper,Center Front End,,,N,,Following Too Closely,Driver Inattention/Distraction,,,"(40.73261, -73.8686)",0.0,0.0,0,0,0,0,0,0,Station Wagon/Sport Utility Vehicle,Sedan,0
18497661,4066575,01/13/2019,22:42,6280b9b1-89fc-4d4a-a994-1bf9b47ee696,Chassis Cab,CON,2003.0,1.0,M,Licensed,Going Straight Ahead,Left Side Doors,Left Side Doors,,,,N,,Unspecified,Unspecified,,,"(40.69601, -73.97345)",0.0,0.0,0,0,0,0,0,0,Sedan,Chassis Cab,0
19667525,4262838,12/22/2019,18:00,0c935c7c-1515-450c-8239-de03607716af,Station Wagon/Sport Utility Vehicle,KIA -CAR/SUV,2012.0,1.0,M,Licensed,Going Straight Ahead,Right Front Bumper,Right Front Bumper,,,,N,,Unspecified,Unspecified,,,"(40.682037, -73.87788)",0.0,0.0,0,0,0,0,0,0,Station Wagon/Sport Utility Vehicle,Sedan,0
19007615,4167947,07/10/2019,18:38,2c54417d-6527-4413-9f40-f636f7847ed7,Station Wagon/Sport Utility Vehicle,NISS -CAR/SUV,2018.0,1.0,F,Licensed,Going Straight Ahead,Left Rear Bumper,Left Rear Bumper,,,,N,,Unspecified,Unspecified,,,"(40.80543, -73.92087)",0.0,0.0,0,0,0,0,0,0,Station Wagon/Sport Utility Vehicle,Sedan,0
18938861,4135826,05/21/2019,00:22,ba4b4539-0cda-409b-a712-ea9987a72b3f,Taxi,MERZ -CAR/SUV,2015.0,2.0,M,Licensed,Going Straight Ahead,Right Front Bumper,Right Front Quarter Panel,,,,N,,Unspecified,Unspecified,,,"(40.788357, -73.97453)",0.0,0.0,0,0,0,0,0,0,Taxi,Taxi,0
19071280,4194538,08/24/2019,07:30,44358aa9-85e4-4667-98c7-e200bf42522f,Station Wagon/Sport Utility Vehicle,MERZ -CAR/SUV,2019.0,1.0,,,Parked,Left Rear Quarter Panel,Left Rear Quarter Panel,Left Side Doors,Left Rear Bumper,No Damage,N,,Unspecified,Unspecified,,,"(40.756985, -73.90737)",0.0,0.0,0,0,0,0,0,0,Station Wagon/Sport Utility Vehicle,Station Wagon/Sport Utility Vehicle,0
19020497,4173823,07/20/2019,11:05,c386aea2-45f4-4e16-9bcd-eec694e14fed,Taxi,TOYT -CAR/SUV,2011.0,0.0,,,Parked,Left Side Doors,Left Side Doors,Left Front Quarter Panel,,,N,,Unspecified,Unspecified,,,"(40.762825, -73.93398)",2.0,0.0,0,0,0,0,2,0,Taxi,Station Wagon/Sport Utility Vehicle,1
18997896,4162050,06/29/2019,05:04,1e91d810-03d5-460a-b34e-92e83306f465,Convertible,FORD -CAR/SUV,2018.0,2.0,M,Licensed,Going Straight Ahead,Demolished,Demolished,Overturned,,,N,,Unsafe Speed,Unsafe Lane Changing,,,,2.0,0.0,0,0,0,0,2,0,Station Wagon/Sport Utility Vehicle,Convertible,1
18921367,4127132,05/05/2019,18:45,56f044cf-016d-41c1-93c3-511d2e702a66,Sedan,NISS -CAR/SUV,2004.0,2.0,F,Licensed,Stopped in Traffic,Center Back End,Center Back End,Right Rear Bumper,Left Rear Bumper,,N,,Unspecified,Unspecified,,,"(40.76132, -73.9171)",2.0,0.0,0,0,0,0,2,0,Sedan,Station Wagon/Sport Utility Vehicle,1
18540280,4076672,02/07/2019,13:37,d89380af-1819-4253-834f-ed6a4b8b4a46,Sedan,HYUN -CAR/SUV,2001.0,1.0,M,Licensed,Going Straight Ahead,Center Front End,Center Front End,Left Front Bumper,Right Front Bumper,,N,,Driver Inattention/Distraction,Following Too Closely,,,"(40.61137, -74.176315)",0.0,0.0,0,0,0,0,0,0,Station Wagon/Sport Utility Vehicle,Sedan,0
19072506,4197828,08/31/2019,18:57,9ea6f9df-e63a-42d6-a696-a5e2dce793d7,Station Wagon/Sport Utility Vehicle,CHEV -CAR/SUV,2006.0,2.0,M,Licensed,Backing,Center Back End,Center Back End,,,,N,,Driver Inattention/Distraction,Unspecified,BROOKLYN,11236.0,"(40.63214, -73.88786)",0.0,0.0,0,0,0,0,0,0,Sedan,Station Wagon/Sport Utility Vehicle,0
18375860,4072043,01/30/2019,07:50,634e05d9-61fa-4073-b742-2df292ff7285,Box Truck,KW-TRUCK/BUS,2019.0,1.0,M,Licensed,Going Straight Ahead,Right Front Quarter Panel,Right Front Quarter Panel,No Damage,No Damage,No Damage,Unspecified,,View Obstructed/Limited,Unspecified,,,,0.0,0.0,0,0,0,0,0,0,Sedan,Box Truck,0
19619773,4263473,12/22/2019,00:25,6c851be2-d1f6-45b8-9108-899d4c55a95d,Station Wagon/Sport Utility Vehicle,HOND -CAR/SUV,2019.0,2.0,M,Licensed,Going Straight Ahead,Center Front End,Left Front Bumper,Right Front Bumper,,,N,,Driver Inattention/Distraction,Driver Inexperience,,,"(40.795322, -73.929825)",0.0,0.0,0,0,0,0,0,0,Station Wagon/Sport Utility Vehicle,Station Wagon/Sport Utility Vehicle,0
19112078,4215966,09/30/2019,13:15,611ec3c0-d923-458b-8751-4759c66a41a9,Station Wagon/Sport Utility Vehicle,DODG -CAR/SUV,2018.0,3.0,F,Licensed,Going Straight Ahead,Center Front End,Center Front End,Left Front Bumper,Right Front Bumper,No Damage,N,,Following Too Closely,Unspecified,BROOKLYN,11203.0,"(40.648598, -73.923256)",0.0,0.0,0,0,0,0,0,0,Station Wagon/Sport Utility Vehicle,Station Wagon/Sport Utility Vehicle,0
18980802,4155456,06/20/2019,19:15,9623ef84-3003-4a59-aea0-36df0fc40cd2,Station Wagon/Sport Utility Vehicle,HOND -CAR/SUV,2018.0,6.0,F,Licensed,Other*,Left Rear Quarter Panel,Left Rear Quarter Panel,Left Rear Quarter Panel,Left Rear Quarter Panel,Left Rear Quarter Panel,N,,Unspecified,Unspecified,BROOKLYN,11220.0,"(40.634853, -74.01904)",2.0,0.0,0,0,0,0,2,0,Station Wagon/Sport Utility Vehicle,Station Wagon/Sport Utility Vehicle,1
19135071,4227185,10/21/2019,14:15,ba02d6b6-8b32-4d8b-8cf1-088dad2878af,Bus,starctaft,2016.0,7.0,M,Licensed,Making Right Turn,Left Rear Quarter Panel,Left Rear Quarter Panel,,,,N,,Passing Too Closely,Unspecified,,,"(40.6911, -73.98647)",0.0,0.0,0,0,0,0,0,0,Sedan,Bus,0
19041070,4183509,08/05/2019,09:32,7d121a75-15a3-4a1f-9619-f9d7f4d38b31,Station Wagon/Sport Utility Vehicle,TOYT -CAR/SUV,2014.0,1.0,M,Licensed,Going Straight Ahead,Center Front End,Center Front End,Left Front Bumper,Right Front Bumper,,N,,Driver Inattention/Distraction,Unspecified,BROOKLYN,11218.0,"(40.639088, -73.98073)",0.0,0.0,0,0,0,0,0,0,Bus,Station Wagon/Sport Utility Vehicle,0
19028740,4177398,07/24/2019,15:55,eb6bc1fd-e2f2-49aa-a450-12b6311097bc,Station Wagon/Sport Utility Vehicle,TOYT -CAR/SUV,2008.0,1.0,F,Licensed,Going Straight Ahead,Center Front End,Center Front End,Right Front Bumper,,,N,,Unspecified,Unspecified,QUEENS,11001.0,"(40.73368, -73.706)",2.0,0.0,0,0,0,0,2,0,Station Wagon/Sport Utility Vehicle,Station Wagon/Sport Utility Vehicle,1
18920262,4123755,04/30/2019,00:00,f6ff1dd1-ecfc-4aa5-a0ce-a2696b3917d2,Sedan,INTL -CAR/SUV,2011.0,0.0,,,Parked,Other,Other,,,,N,,Unspecified,Unspecified,,,"(40.89711, -73.88008)",2.0,0.0,0,0,0,0,2,0,Sedan,Sedan,1
18994023,4162923,07/01/2019,19:40,3d3d0887-2089-437b-a7fa-14b98fa81588,Station Wagon/Sport Utility Vehicle,CHEV -CAR/SUV,2015.0,0.0,,,Parked,Right Rear Quarter Panel,Right Rear Quarter Panel,,,,N,,Unspecified,Unspecified,BROOKLYN,11222.0,"(40.725662, -73.94688)",0.0,0.0,0,0,0,0,0,0,Box Truck,Station Wagon/Sport Utility Vehicle,0
19012250,4170301,07/13/2019,15:00,489d3502-5e72-4f55-bb6a-fee10717d47d,Station Wagon/Sport Utility Vehicle,KIA -CAR/SUV,2013.0,0.0,,,Parked,Center Back End,Center Back End,Left Rear Bumper,Right Rear Bumper,,N,,Unspecified,Unspecified,BROOKLYN,11235.0,"(40.583504, -73.95745)",0.0,0.0,0,0,0,0,0,0,Sedan,Station Wagon/Sport Utility Vehicle,0
19171209,4243482,11/18/2019,07:12,5193982a-352d-4ee8-8429-f107a4ec272d,Bus,STARC,2012.0,1.0,F,Licensed,Going Straight Ahead,Left Rear Bumper,No Damage,,,,N,,Driver Inattention/Distraction,Passing Too Closely,BRONX,10451.0,"(40.81881, -73.92828)",0.0,0.0,0,0,0,0,0,0,Bus,Station Wagon/Sport Utility Vehicle,0
18924430,4128412,05/08/2019,22:45,521604c1-2ac0-49ad-98c8-517aa3c16ec9,Station Wagon/Sport Utility Vehicle,HOND -CAR/SUV,2013.0,2.0,M,Licensed,Going Straight Ahead,Center Front End,Center Front End,Right Front Bumper,Left Front Bumper,,N,,Unspecified,Unspecified,BROOKLYN,11209.0,"(40.62646, -74.02686)",4.0,0.0,0,0,0,0,4,0,Station Wagon/Sport Utility Vehicle,Sedan,1