UNIQUE_ID,COLLISION_ID,CRASH_DATE,CRASH_TIME,VEHICLE_ID,VEHICLE_TYPE,VEHICLE_MAKE,VEHICLE_YEAR,VEHICLE_OCCUPANTS,DRIVER_SEX,DRIVER_LICENSE_STATUS,PRE_CRASH,POINT_OF_IMPACT,VEHICLE_DAMAGE,VEHICLE_DAMAGE_1,VEHICLE_DAMAGE_2,VEHICLE_DAMAGE_3,PUBLIC_PROPERTY_DAMAGE,PUBLIC_PROPERTY_DAMAGE_TYPE,CONTRIBUTING_FACTOR_1,CONTRIBUTING_FACTOR_2,BOROUGH,ZIP CODE,LOCATION,NUMBER OF PERSONS INJURED,NUMBER OF PERSONS KILLED,NUMBER OF PEDESTRIANS INJURED,NUMBER OF PEDESTRIANS KILLED,NUMBER OF CYCLIST INJURED,NUMBER OF CYCLIST KILLED,NUMBER OF MOTORIST INJURED,NUMBER OF MOTORIST KILLED,VEHICLE TYPE CODE 1,VEHICLE TYPE CODE 2,Severity
18962155,4146842,06/07/2019,08:13,08d9b0e0-0ec0-49d3-a85c-2c7e429d4e3e,Sedan,TOYT -CAR/SUV,2005.0,0.0,M,Licensed,Starting from Parking,Left Front Quarter Panel,Left Front Quarter Panel,Center Front End,No Damage,No Damage,N,,Driver Inattention/Distraction,Unspecified,MANHATTAN,10026.0,"(40.80083, -73.954834)",0.0,0.0,0,0,0,0,0,0,Sedan,Station Wagon/Sport Utility Vehicle,0
18985279,4156871,06/22/2019,19:45,02e68ae7-30ad-465a-bc1c-e1def784f90b,Sedan,CHRY -CAR/SUV,1999.0,1.0,M,Licensed,Going Straight Ahead,Center Front End,Center Front End,Left Front Bumper,Right Front Bumper,,N,,Driver Inattention/Distraction,Unspecified,,,"(40.74106, -73.946106)",0.0,0.0,0,0,0,0,0,0,Station Wagon/Sport Utility Vehicle,Sedan,0
18993625,4163375,06/16/2019,23:20,395da133-c242-408f-a28c-ed14bfd25fae,,JEEP -CAR/SUV,2012.0,1.0,,,Stopped in Traffic,No Damage,No Damage,No Damage,No Damage,No Damage,N,,Unspecified,Unspecified,,,"(40.671627, -73.96263)",0.0,0.0,0,0,0,0,0,0,Taxi,,0
19068999,4193314,08/22/2019,14:00,afcca713-78b7-4e0c-b1f5-8517c44a31f2,Sedan,TOYT -CAR/SUV,2015.0,1.0,M,Licensed,Going Straight Ahead,Center Front End,Center Front End,,,,N,,Driver Inattention/Distraction,Following Too Closely,QUEENS,11367.0,,0.0,0.0,0,0,0,0,0,0,Sedan,Sedan,0
18497177,4065077,01/10/2019,04:30,5bc8a4b9-14a2-412a-93b6-374ffee9571f,Station Wagon/Sport Utility Vehicle,TOYT -CAR/SUV,2017.0,0.0,,,Parked,Left Front Quarter Panel,Left Front Bumper,,,,N,,Unspecified,Unspecified,BROOKLYN,11236.0,"(40.634834, -73.911224)",0.0,0.0,0,0,0,0,0,0,Station Wagon/Sport Utility Vehicle,Station Wagon/Sport Utility Vehicle,0
18500451,4065306,01/11/2019,10:30,9260af6b-9f12-416c-9171-f10261c2a17f,Station Wagon/Sport Utility Vehicle,DODG -CAR/SUV,2018.0,0.0,,,Parked,Left Side Doors,Left Rear Quarter Panel,Left Rear Bumper,No Damage,No Damage,N,,Unspecified,Unspecified,BRONX,10462.0,"(40.85438, -73.86186)",0.0,0.0,0,0,0,0,0,0,Carry All,Station Wagon/Sport Utility Vehicle,0
19163057,4239622,11/07/2019,14:00,8ad858b4-ebd5-49a4-a9c7-b196c161f774,Sedan,CHEV -CAR/SUV,2010.0,0.0,,,Parked,Center Back End,Left Front Bumper,Left Rear Bumper,No Damage,No Damage,N,,Unspecified,Unspecified,BROOKLYN,11201.0,"(40.69584, -73.98241)",0.0,0.0,0,0,0,0,0,0,Sedan,,0
18938913,4135975,05/03/2019,14:46,88773f27-c474-4822-9082-e5b92e971a1f,Station Wagon/Sport Utility Vehicle,JEEP -CAR/SUV,2016.0,0.0,,,Parked,Right Side Doors,Right Rear Quarter Panel,Right Front Quarter Panel,No Damage,No Damage,N,,Unspecified,Unspecified,MANHATTAN,10034.0,"(40.86902, -73.91392)",0.0,0.0,0,0,0,0,0,0,Station Wagon/Sport Utility Vehicle,,0
19143327,4230734,10/23/2019,14:19,9f2c3de9-ab9a-4e36-97d5-142b29b265c1,Station Wagon/Sport Utility Vehicle,INFI -CAR/SUV,2019.0,1.0,M,Licensed,Parked,Center Back End,No Damage,,,,N,,Unspecified,Unspecified,BROOKLYN,11206.0,"(40.70061, -73.939705)",0.0,0.0,0,0,0,0,0,0,Station Wagon/Sport Utility Vehicle,Sedan,0
19541928,4066980,01/14/2019,19:00,62a73763-fc47-4f1b-96a7-a0444ff2c3bc,Station Wagon/Sport Utility Vehicle,JEEP -CAR/SUV,2008.0,1.0,M,Licensed,Going Straight Ahead,Left Rear Quarter Panel,Left Rear Quarter Panel,,,,N,,Unspecified,Unspecified,,,"(40.760452, -73.75383)",0.0,0.0,0,0,0,0,0,0,Station Wagon/Sport Utility Vehicle,Station Wagon/Sport Utility Vehicle,0
18597160,4106130,03/31/2019,03:25,781b3be8-df84-43de-bab8-a04842aec4c2,Sedan,NISS -CAR/SUV,2008.0,1.0,F,Licensed,Going Straight Ahead,Center Front End,Overturned,Overturned,Overturned,Overturned,N,,Alcohol Involvement,Alcohol Involvement,STATEN ISLAND,10306.0,"(40.562775, -74.10821)",1.0,0.0,0,0,0,0,1,0,Sedan,Station Wagon/Sport Utility Vehicle,1
18898228,4117059,04/17/2019,17:15,b2862e35-3a1d-42a6-a4ee-050f6b2791c7,Sedan,HOND -CAR/SUV,1999.0,0.0,F,Licensed,Going Straight Ahead,Right Front Quarter Panel,Right Side Doors,Right Front Quarter Panel,Right Side Doors,Right Rear Quarter Panel,N,,Unspecified,Unspecified,,,,0.0,0.0,0,0,0,0,0,0,Station Wagon/Sport Utility Vehicle,Sedan,0
19231514,4271725,01/11/2019,04:03,22d9c39e-97e1-414d-8776-b122bd3c270f,Station Wagon/Sport Utility Vehicle,MAZD -CAR/SUV,2004.0,0.0,,,Parked,Left Side Doors,Left Rear Quarter Panel,Left Rear Bumper,No Damage,No Damage,N,,Unspecified,Unspecified,QUEENS,11412.0,"(40.696648, -73.7693)",0.0,0.0,0,0,0,0,0,0,Station Wagon/Sport Utility Vehicle,Station Wagon/Sport Utility Vehicle,0
18935038,4134010,05/16/2019,14:05,63c34acc-d557-4075-a1ad-12d1ced3f84f,Station Wagon/Sport Utility Vehicle,HOND -CAR/SUV,2009.0,1.0,F,Licensed,Going Straight Ahead,Left Front Quarter Panel,Left Front Quarter Panel,Left Side Doors,,,N,,Passing or Lane Usage Improper,Unspecified,,,"(40.744015, -74.00851)",0.0,0.0,0,0,0,0,0,0,Station Wagon/Sport Utility Vehicle,Station Wagon/Sport Utility Vehicle,0
18970882,4151220,06/13/2019,18:21,2f49b561-48c1-47f4-b852-2db8ae935204,Station Wagon/Sport Utility Vehicle,DODG -CAR/SUV,2006.0,0.0,,,Parked,No Damage,No Damage,,,,N,,Unspecified,Unspecified,BRONX,10453.0,"(40.856045, -73.90079)",0.0,0.0,0,0,0,0,0,0,Station Wagon/Sport Utility Vehicle,Station Wagon/Sport Utility Vehicle,0
18586037,4080796,02/14/2019,17:38,d6c9801e-fbaa-4dc2-82df-a5c793fc8f7c,Station Wagon/Sport Utility Vehicle,CHEV -CAR/SUV,2019.0,1.0,F,Licensed,Changing Lanes,Right Front Bumper,Right Front Bumper,Right Front Quarter Panel,No Damage,No Damage,N,,Unsafe Lane Changing,Unspecified,BROOKLYN,11208.0,"(40.66101, -73.86761)",0.0,0.0,0,0,0,0,0,0,Station Wagon/Sport Utility Vehicle,Sedan,0
19166741,4241128,11/14/2019,18:08,01575550-1173-4ba7-99b2-60674d4b303d,Station Wagon/Sport Utility Vehicle,TOYT -CAR/SUV,2015.0,0.0,M,Licensed,Going Straight Ahead,Left Front Bumper,Left Front Bumper,,,,N,,Unspecified,Unspecified,QUEENS,11434.0,"(40.6592, -73.77306)",0.0,0.0,0,0,0,0,0,0,Station Wagon/Sport Utility Vehicle,Sedan,0
19691851,4321572,06/20/2020,00:40,004377f0-88da-4dcb-8e63-e52c50e1d413,Motorcycle,YAMA -MCL,2019.0,1.0,M,Licensed,Going Straight Ahead,Left Front Bumper,Left Front Quarter Panel,Left Side Doors,,,N,,Reaction to Uninvolved Vehicle,Driver Inexperience,,,"(40.665813, -73.833115)",1.0,0.0,0,0,0,0,1,0,Motorcycle,,1
19693540,4322088,06/22/2020,07:22,ba034636-0344-4828-a5d2-579664c995b8,PK,FORD-TRUCK/BUS,2005.0,1.0,M,Licensed,Backing,Right Rear Bumper,No Damage,,,,N,,Unspecified,Unspecified,,,"(40.721, -73.91057)",0.0,0.0,0,0,0,0,0,0,PK,Sedan,0
19673812,4313274,05/12/2020,20:00,4ec60cd7-2880-480a-baae-214925e4ea44,Sedan,SUBA -CAR/SUV,2014.0,1.0,F,Licensed,Making Left Turn,Right Rear Bumper,Right Rear Bumper,Center Back End,,,Unspecified,,Unspecified,Unspecified,,,"(40.67189, -73.895874)",0.0,0.0,0,0,0,0,0,0,Sedan,Sedan,0
19726244,4336116,08/06/2020,05:55,edef3666-40d3-401b-9fd9-9940c67f421d,,BMW -CAR/SUV,2015.0,0.0,,,Going Straight Ahead,Right Rear Quarter Panel,,,,,N,,Unspecified,Unspecified,,,,1.0,0.0,0,0,0,0,1,0,Sedan,Station Wagon/Sport Utility Vehicle,1
19725686,4336957,08/07/2020,15:02,eada7c6e-b381-4a56-b0bb-b8f3544a1483,Sedan,LEXS -CAR/SUV,2014.0,1.0,M,Licensed,Going Straight Ahead,Center Front End,Center Front End,Left Front Bumper,Right Front Bumper,Right Front Quarter Panel,N,,Unspecified,Unspecified,,,,0.0,0.0,0,0,0,0,0,0,Sedan,Sedan,0
19693323,4322246,06/22/2020,17:46,57b60b79-37f3-444e-974e-64fea985fb76,Station Wagon/Sport Utility Vehicle,JEEP -CAR/SUV,2017.0,1.0,M,Licensed,Going Straight Ahead,Left Front Quarter Panel,Left Front Quarter Panel,Left Front Bumper,,,N,,Driver Inexperience,Passing or Lane Usage Improper,,,,0.0,0.0,0,0,0,0,0,0,Station Wagon/Sport Utility Vehicle,Station Wagon/Sport Utility Vehicle,0
19559267,4287873,02/13/2020,10:35,63270466-ccbd-463c-aff8-56f701ff2c3c,Pick-up Truck,HOND -CAR/SUV,2017.0,1.0,M,Licensed,Going Straight Ahead,Right Side Doors,Right Side Doors,Right Rear Quarter Panel,Right Side Doors,Right Rear Bumper,N,,Driver Inattention/Distraction,Unspecified,,,"(40.743156, -73.97213)",0.0,0.0,0,0,0,0,0,0,Pick-up Truck,Taxi,0
19572425,4296780,03/02/2020,14:43,0f190868-a5d1-4aab-ab7a-e6af961ce861,Station Wagon/Sport Utility Vehicle,FORD -CAR/SUV,2014.0,0.0,,,Parked,Right Front Quarter Panel,Right Front Quarter Panel,Right Side Doors,Right Front Bumper,No Damage,N,,Unspecified,Unspecified,,,"(40.850212, -73.898094)",0.0,0.0,0,0,0,0,0,0,Bus,Station Wagon/Sport Utility Vehicle,0
19526177,4270157,01/07/2020,19:14,3894db38-34cb-42ea-bd62-25e1551eafec,Sedan,FORD -CAR/SUV,2009.0,1.0,M,Licensed,Making Left Turn,Right Front Quarter Panel,Right Front Quarter Panel,No Damage,No Damage,No Damage,N,,Unspecified,Unspecified,,,"(40.809563, -73.92923)",0.0,0.0,0,0,0,0,0,0,Sedan,Taxi,0
19580054,4292272,02/23/2020,17:04,c4fab200-fec2-4c33-9f73-2d0ae4980d60,Sedan,TOYT -CAR/SUV,2010.0,1.0,M,Licensed,Going Straight Ahead,Center Front End,Center Front End,Left Front Bumper,Right Front Bumper,,N,,Following Too Closely,Driver Inattention/Distraction,,,,0.0,0.0,0,0,0,0,0,0,Sedan,Station Wagon/Sport Utility Vehicle,0
19550093,4280055,01/17/2020,18:00,9b1f60e6-67a7-4537-9317-e1f07c63fc57,Sedan,INFI -CAR/SUV,2016.0,0.0,,,Parked,Right Side Doors,Right Rear Quarter Panel,No Damage,No Damage,No Damage,N,,Unspecified,Unspecified,QUEENS,11379.0,"(40.723507, -73.88244)",0.0,0.0,0,0,0,0,0,0,Sedan,,0
19542084,4291835,02/21/2020,13:00,72a77ee0-159e-415e-b4f6-f4f95415938e,Sedan,TOYT -CAR/SUV,2016.0,1.0,M,Licensed,Going Straight Ahead,Center Back End,Center Back End,,,,N,,Unspecified,Unspecified,MANHATTAN,10009.0,"(40.7252, -73.98706)",0.0,0.0,0,0,0,0,0,0,Sedan,Pick-up Truck,0
19760736,4352488,09/28/2020,08:38,bca75719-5c3c-4efb-9d87-3238134e34a8,Sedan,HYUN -CAR/SUV,2020.0,0.0,M,Licensed,Parked,Left Rear Bumper,Right Rear Bumper,Center Back End,Left Rear Bumper,Left Rear Bumper,N,,Unspecified,Unspecified,BROOKLYN,11212.0,"(40.6576, -73.919075)",0.0,0.0,0,0,0,0,0,0,Sedan,,0
19694444,4322789,06/22/2020,22:05,39dc6818-587c-4b0b-aa2e-56186fa9ef07,Sedan,HOND -CAR/SUV,2006.0,1.0,M,Licensed,Going Straight Ahead,Center Back End,Right Front Bumper,Left Rear Bumper,Right Rear Bumper,Right Front Quarter Panel,N,,Outside Car Distraction,Other Vehicular,,,"(40.801125, -73.92988)",0.0,0.0,0,0,0,0,0,0,Station Wagon/Sport Utility Vehicle,Station Wagon/Sport Utility Vehicle,0
19539316,4282642,02/01/2020,07:30,e60e78a6-e1cd-4c6a-8c94-94ae05c054fb,Station Wagon/Sport Utility Vehicle,JEEP -CAR/SUV,2016.0,0.0,M,Licensed,Parked,Center Back End,Center Back End,Right Rear Bumper,Right Rear Bumper,Center Front End,N,,Unspecified,Unspecified,MANHATTAN,10013.0,"(40.72428, -74.01138)",0.0,0.0,0,0,0,0,0,0,Sedan,Pick-up Truck,0
19770387,4351965,09/27/2020,02:30,2e9286a5-e152-4cab-8633-a0ba6a9b2b95,Station Wagon/Sport Utility Vehicle,SUBA -CAR/SUV,2000.0,1.0,M,Licensed,Going Straight Ahead,Right Front Bumper,Right Front Bumper,Right Front Quarter Panel,Center Front End,,N,,Alcohol Involvement,Driver Inattention/Distraction,,,"(40.85429, -73.90027)",0.0,0.0,0,0,0,0,0,0,Station Wagon/Sport Utility Vehicle,Station Wagon/Sport Utility Vehicle,0
19529417,4289002,02/15/2020,02:10,1476355e-5f46-4869-902b-3839692237d0,Taxi,NISS -CAR/SUV,2017.0,1.0,M,Licensed,Going Straight Ahead,Right Front Bumper,Right Front Bumper,,,,N,,Driver Inattention/Distraction,Unspecified,MANHATTAN,10031.0,"(40.828297, -73.95087)",0.0,0.0,0,0,0,0,0,0,Taxi,Station Wagon/Sport Utility Vehicle,0
19769929,4356516,10/10/2020,19:15,6d7762fb-9c03-4a5f-b3f5-0dfbb90be9d4,Sedan,MERZ -CAR/SUV,2014.0,1.0,U,,Going Straight Ahead,Center Front End,No Damage,,,,N,,Following Too Closely,Unspecified,,,"(40.89945, -73.86147)",3.0,0.0,0,0,0,0,3,0,Station Wagon/Sport Utility Vehicle,Sedan,1
19753968,4349658,09/20/2020,13:11,68e28329-7b2c-463f-8321-9d5e437a4bee,Sedan,HYUN -CAR/SUV,2018.0,1.0,M,Licensed,Backing,Right Rear Bumper,Right Rear Bumper,No Damage,No Damage,No Damage,N,,Backing Unsafely,Unspecified,MANHATTAN,10003.0,"(40.737797, -73.99013)",1.0,0.0,1,0,0,0,0,0,Sedan,,1
19747086,4346600,09/10/2020,10:00,6ef13524-f476-4389-82cc-8eaafcf23efc,Sedan,TOYT -CAR/SUV,2008.0,1.0,F,Licensed,Going Straight Ahead,Center Front End,Center Front End,Left Front Bumper,Right Front Bumper,,N,,Following Too Closely,Pavement Slippery,,,"(40.718857, -73.946236)",1.0,0.0,0,0,0,0,1,0,Sedan,Station Wagon/Sport Utility Vehicle,1
19694494,4322675,06/19/2020,20:35,be850719-6c29-47b9-89b9-0809e0b07ac8,Station Wagon/Sport Utility Vehicle,HOND -CAR/SUV,2015.0,6.0,F,Licensed,Stopped in Traffic,Center Back End,Center Back End,No Damage,No Damage,No Damage,Unspecified,,Unspecified,Unspecified,BROOKLYN,11236.0,"(40.649895, -73.90762)",0.0,0.0,0,0,0,0,0,0,Station Wagon/Sport Utility Vehicle,,0
19589801,4307957,04/07/2020,00:05,6727cd08-e2c8-4b75-93e4-90368ead1cde,Station Wagon/Sport Utility Vehicle,HOND -CAR/SUV,2008.0,1.0,M,Licensed,Parked,Right Side Doors,Left Rear Quarter Panel,Right Rear Quarter Panel,,,N,,Backing Unsafely,Unspecified,BRONX,10453.0,"(40.85132, -73.90842)",0.0,0.0,0,0,0,0,0,0,Station Wagon/Sport Utility Vehicle,Sedan,0
19532483,4273213,01/14/2020,00:00,bdaa0189-2629-45bd-9374-a4152777279b,Station Wagon/Sport Utility Vehicle,TOYT -CAR/SUV,2013.0,2.0,M,Licensed,Making Right Turn,Left Front Bumper,Left Front Bumper,No Damage,No Damage,No Damage,N,,Unspecified,Unspecified,BROOKLYN,11232.0,"(40.66215, -73.99627)",0.0,0.0,0,0,0,0,0,0,Station Wagon/Sport Utility Vehicle,Station Wagon/Sport Utility Vehicle,0
19720961,4334774,08/03/2020,19:23,bb99d89d-068f-45e5-9772-7cb54bb2879a,Sedan,NISS -CAR/SUV,2011.0,0.0,F,Licensed,Slowing or Stopping,Left Front Bumper,Left Front Bumper,Left Front Quarter Panel,,,N,,Unspecified,Unspecified,,,"(40.67033, -73.774506)",0.0,0.0,0,0,0,0,0,0,Sedan,Sedan,0
19673731,4313383,05/13/2020,00:00,b97c3a70-4229-4993-a437-2025815d8ff9,Box Truck,PTRB-TRUCK/BUS,2018.0,1.0,M,Licensed,Going Straight Ahead,Center Front End,Center Front End,,,,N,,Driver Inattention/Distraction,Unspecified,QUEENS,11101.0,"(40.740543, -73.9382)",0.0,0.0,0,0,0,0,0,0,Box Truck,,0
19575014,4285038,02/07/2020,11:45,9cd84a18-1b4d-41f3-977f-5a62a087b999,Station Wagon/Sport Utility Vehicle,HOND -CAR/SUV,2012.0,1.0,M,Licensed,Going Straight Ahead,Left Side Doors,Left Side Doors,Left Rear Quarter Panel,,,N,,Driver Inattention/Distraction,Unspecified,QUEENS,11377.0,"(40.739956, -73.89421)",0.0,0.0,0,0,0,0,0,0,Sedan,Station Wagon/Sport Utility Vehicle,0
19559376,4288371,02/14/2020,12:32,1d2789ae-26b5-4024-8700-8a718debd90a,Station Wagon/Sport Utility Vehicle,HOND -CAR/SUV,2014.0,1.0,F,Licensed,Starting from Parking,Left Front Quarter Panel,Left Front Quarter Panel,,,,N,,Driver Inattention/Distraction,Failure to Yield Right-of-Way,QUEENS,11375.0,"(40.72145, -73.84399)",0.0,0.0,0,0,0,0,0,0,Station Wagon/Sport Utility Vehicle,Station Wagon/Sport Utility Vehicle,0
19613332,4312063,05/05/2020,18:10,7c036d81-77b7-4dc5-9042-989e36afe129,Sedan,TOYT -CAR/SUV,2009.0,1.0,F,Licensed,Going Straight Ahead,Right Side Doors,Center Back End,Center Back End,Left Rear Bumper,Right Rear Quarter Panel,N,,Unspecified,Unspecified,,,"(40.66735, -73.76994)",0.0,0.0,0,0,0,0,0,0,Station Wagon/Sport Utility Vehicle,Sedan,0
19537910,4289063,02/13/2020,13:25,f174edd1-c07c-4d88-9e65-31983ef0a9ce,Sedan,HOND -CAR/SUV,2018.0,1.0,F,Licensed,Making Left Turn,Center Front End,No Damage,No Damage,No Damage,No Damage,N,,Driver Inattention/Distraction,Driver Inexperience,MANHATTAN,10003.0,"(40.730713, -73.99557)",1.0,0.0,1,0,0,0,0,0,Sedan,,1
19674234,4312482,05/08/2020,14:20,12d47cae-c5c9-4217-a0ec-f419add38ab5,Sedan,NISS -CAR/SUV,2016.0,0.0,,,Parked,Left Rear Bumper,Left Rear Bumper,,,,N,,Unspecified,Unspecified,BROOKLYN,11208.0,"(40.671604, -73.86907)",0.0,0.0,0,0,0,0,0,0,Sedan,Sedan,0
19724665,4336740,08/09/2020,22:38,afcb7682-56d0-4c27-804f-2ef033885c58,Sedan,HYUN -CAR/SUV,2013.0,0.0,,,Parked,Left Rear Bumper,Left Rear Bumper,Left Rear Quarter Panel,Center Back End,Center Front End,N,,Unspecified,Unspecified,QUEENS,11375.0,"(40.71465, -73.835526)",0.0,0.0,0,0,0,0,0,0,Sedan,Sedan,0
19555317,4287180,02/10/2020,11:30,823589bd-fd6b-43b9-8bc1-205a7e4d058d,Box Truck,MITS-TRUCK/BUS,2010.0,1.0,M,Licensed,Backing,Center Back End,No Damage,No Damage,No Damage,No Damage,N,,Backing Unsafely,Unspecified,BRONX,10458.0,"(40.858433, -73.885124)",0.0,0.0,0,0,0,0,0,0,Taxi,Box Truck,0
19755655,4350431,08/11/2020,11:30,e6f1c2fc-1398-4763-b5d8-67c653cefd58,Sedan,BUIC -CAR/SUV,2008.0,1.0,M,Licensed,Going Straight Ahead,No Damage,No Damage,No Damage,No Damage,No Damage,N,,Unspecified,Unspecified,,,"(40.72225, -74.00592)",1.0,0.0,0,0,1,0,0,0,Sedan,Bike,1
19783489,4363188,10/30/2020,13:50,47bf5caf-ff00-4904-b95c-6591b4a68df8,Station Wagon/Sport Utility Vehicle,BMW -CAR/SUV,2014.0,0.0,,,Parked,Right Rear Bumper,Right Rear Quarter Panel,Right Side Doors,Right Front Quarter Panel,,N,,Unspecified,Unspecified,,,"(40.847412, -73.93331)",0.0,0.0,0,0,0,0,0,0,Box Truck,Station Wagon/Sport Utility Vehicle,0
19564358,4287416,02/12/2020,08:02,312e3810-3a54-407a-a64f-dd6f647b40f7,Station Wagon/Sport Utility Vehicle,DODG -CAR/SUV,2018.0,1.0,F,Licensed,Going Straight Ahead,Left Front Bumper,Left Front Bumper,,,,N,,Unspecified,Unspecified,BROOKLYN,11235.0,"(40.586258, -73.94893)",1.0,0.0,0,0,0,0,1,0,Station Wagon/Sport Utility Vehicle,Station Wagon/Sport Utility Vehicle,1
19786296,4364282,11/03/2020,14:37,78310410-8abf-418f-8b71-1b371e5ecc69,Sedan,TOYT -CAR/SUV,2019.0,1.0,M,Licensed,Merging,Left Side Doors,Left Rear Quarter Panel,Left Rear Bumper,Left Side Doors,Other,N,,Unspecified,Unspecified,BRONX,10475.0,"(40.869335, -73.8255)",0.0,0.0,0,0,0,0,0,0,Sedan,Tractor Truck Gasoline,0
19684177,4318145,06/05/2020,22:30,f24e6c1c-d86b-45d6-943c-ce5501885cdd,Station Wagon/Sport Utility Vehicle,GMC -CAR/SUV,2015.0,4.0,,,Parked,Right Rear Bumper,Right Rear Bumper,Center Back End,Right Rear Quarter Panel,No Damage,N,,Other Vehicular,Other Vehicular,,,"(40.813385, -73.94511)",0.0,0.0,0,0,0,0,0,0,Station Wagon/Sport Utility Vehicle,Sedan,0
19544055,4286353,02/08/2020,17:10,0b345d2a-719a-4564-b1ea-b6ed3cbccd7b,Sedan,TOYT -CAR/SUV,2007.0,2.0,M,Licensed,Going Straight Ahead,Left Front Bumper,Left Front Quarter Panel,Left Front Bumper,Left Side Doors,,N,,Driver Inattention/Distraction,Passing or Lane Usage Improper,,,"(40.601574, -74.193016)",0.0,0.0,0,0,0,0,0,0,Station Wagon/Sport Utility Vehicle,Sedan,0
19552062,4291164,02/20/2020,12:45,54e3d36a-3e19-4c9e-b9aa-4a06a5693401,Station Wagon/Sport Utility Vehicle,NISS -CAR/SUV,2017.0,1.0,M,Licensed,Going Straight Ahead,Center Front End,Center Front End,Left Front Bumper,Right Front Bumper,,N,,Following Too Closely,Driver Inattention/Distraction,,,"(40.804012, -73.93097)",0.0,0.0,0,0,0,0,0,0,Station Wagon/Sport Utility Vehicle,Station Wagon/Sport Utility Vehicle,0
19790322,4366280,11/10/2020,07:40,7efcf2bc-e725-42e4-a067-9b5a3d30008f,Sedan,VOLK -CAR/SUV,2001.0,1.0,M,Permit,Backing,Right Rear Bumper,Right Rear Bumper,No Damage,No Damage,No Damage,N,,Alcohol Involvement,Backing Unsafely,MANHATTAN,10029.0,"(40.794807, -73.94441)",0.0,0.0,0,0,0,0,0,0,Sedan,Sedan,0
19582252,4298358,03/06/2020,10:45,70396634-39a9-4d1a-bc37-343b204b67cc,Sedan,HOND -CAR/SUV,2019.0,0.0,,,Parked,Left Front Quarter Panel,Left Front Quarter Panel,,,,N,,Unspecified,Unspecified,BROOKLYN,11220.0,"(40.639446, -74.02696)",0.0,0.0,0,0,0,0,0,0,Sedan,Sedan,0
19690580,4320912,06/16/2020,19:09,e9566b36-e6ba-4350-b289-48a450f7ee35,Sedan,HOND -CAR/SUV,2015.0,0.0,,,Parked,Left Front Bumper,Center Front End,Left Rear Bumper,Center Back End,Right Rear Bumper,N,,Unspecified,Unspecified,BRONX,10469.0,"(40.87911, -73.84325)",4.0,0.0,0,0,0,0,4,0,Sedan,Sedan,1
19791104,4366165,11/08/2020,14:30,3973918a-71b0-4e45-b0d3-dbbff2b547c9,Sedan,NISS -CAR/SUV,2013.0,1.0,M,Licensed,Making Left Turn,Left Front Bumper,No Damage,No Damage,No Damage,No Damage,N,,Unspecified,Unspecified,,,"(40.602592, -73.74969)",0.0,0.0,0,0,0,0,0,0,Sedan,,0
19732046,4339896,08/17/2020,15:45,6a13719b-e1d6-4151-b3f7-eb900c7555fc,Sedan,NISS -CAR/SUV,2020.0,1.0,M,Licensed,Making Left Turn,Right Front Quarter Panel,Right Front Quarter Panel,Right Side Doors,Right Front Bumper,Center Front End,N,,Driver Inattention/Distraction,Driver Inexperience,,,"(40.66895, -73.9339)",0.0,0.0,0,0,0,0,0,0,Sedan,Sedan,0
19528086,4273590,01/15/2020,11:00,601c3bf1-cdea-407d-beb4-d70a012eedee,Station Wagon/Sport Utility Vehicle,DODG -CAR/SUV,2012.0,2.0,F,Licensed,Making Left Turn,Left Front Bumper,No Damage,No Damage,No Damage,No Damage,N,,View Obstructed/Limited,Driver Inattention/Distraction,,,"(40.5751, -73.998566)",1.0,0.0,1,0,0,0,0,0,Station Wagon/Sport Utility Vehicle,,1
19764196,4354456,10/04/2020,11:37,e2e0be56-5dca-4e53-8bae-5a421e05e015,Station Wagon/Sport Utility Vehicle,DODG -CAR/SUV,2019.0,1.0,M,Unlicensed,Going Straight Ahead,Right Front Bumper,No Damage,No Damage,No Damage,No Damage,N,,Alcohol Involvement,Driver Inattention/Distraction,MANHATTAN,10002.0,"(40.72211, -73.98586)",0.0,0.0,0,0,0,0,0,0,Station Wagon/Sport Utility Vehicle,Taxi,0
19533567,4274963,01/17/2020,13:40,a58ae092-2564-450c-9d5e-33f12b2e5ac3,Station Wagon/Sport Utility Vehicle,BMW -CAR/SUV,2018.0,2.0,F,Licensed,Going Straight Ahead,Left Rear Bumper,Left Rear Quarter Panel,Center Back End,No Damage,No Damage,N,,Unspecified,Unspecified,,,,0.0,0.0,0,0,0,0,0,0,Station Wagon/Sport Utility Vehicle,,0
19767436,4355921,10/08/2020,00:00,51622bb0-91d4-4b5b-99f4-237be87fae20,Station Wagon/Sport Utility Vehicle,CHEV -CAR/SUV,2006.0,1.0,,,Going Straight Ahead,Center Front End,Center Front End,No Damage,No Damage,No Damage,N,,Traffic Control Disregarded,Unspecified,,,"(40.712902, -73.98694)",1.0,0.0,0,0,1,0,0,0,E-Scooter,Station Wagon/Sport Utility Vehicle,1