UNIQUE_ID,COLLISION_ID,CRASH_DATE,CRASH_TIME,VEHICLE_ID,VEHICLE_TYPE,VEHICLE_MAKE,VEHICLE_YEAR,VEHICLE_OCCUPANTS,DRIVER_SEX,DRIVER_LICENSE_STATUS,PRE_CRASH,POINT_OF_IMPACT,VEHICLE_DAMAGE,VEHICLE_DAMAGE_1,VEHICLE_DAMAGE_2,VEHICLE_DAMAGE_3,PUBLIC_PROPERTY_DAMAGE,PUBLIC_PROPERTY_DAMAGE_TYPE,CONTRIBUTING_FACTOR_1,CONTRIBUTING_FACTOR_2,BOROUGH,ZIP CODE,LOCATION,NUMBER OF PERSONS INJURED,NUMBER OF PERSONS KILLED,NUMBER OF PEDESTRIANS INJURED,NUMBER OF PEDESTRIANS KILLED,NUMBER OF CYCLIST INJURED,NUMBER OF CYCLIST KILLED,NUMBER OF MOTORIST INJURED,NUMBER OF MOTORIST KILLED,VEHICLE TYPE CODE 1,VEHICLE TYPE CODE 2,Severity
19575260,4283880,02/05/2020,08:00,36806f4e-da08-4b6a-9a53-4991be2052de,Station Wagon/Sport Utility Vehicle,HYUN -CAR/SUV,2018.0,1.0,F,Licensed,Going Straight Ahead,Left Rear Quarter Panel,Left Rear Quarter Panel,,,,N,,Unspecified,Unspecified,QUEENS,11435.0,"(40.714935, -73.81636)",0.0,0.0,0,0,0,0,0,0,Station Wagon/Sport Utility Vehicle,Station Wagon/Sport Utility Vehicle,0
19818285,4378735,12/22/2020,17:35,d935016b-5c18-4265-a40e-964ae7295b98,Station Wagon/Sport Utility Vehicle,CADI -CAR/SUV,2020.0,1.0,M,Licensed,Going Straight Ahead,Left Rear Quarter Panel,Left Rear Quarter Panel,Left Side Doors,Left Front Quarter Panel,,N,,Unspecified,Unspecified,,,"(40.700104, -73.94726)",1.0,0.0,0,0,0,0,1,0,Pick-up Truck,Station Wagon/Sport Utility Vehicle,1
19617064,4309441,04/14/2020,19:08,da1cd08a-6d78-4359-aae9-b2e1dc755e83,Sedan,MERZ -CAR/SUV,2012.0,2.0,M,Licensed,Going Straight Ahead,Right Front Bumper,Right Front Bumper,Right Front Quarter Panel,Other,,N,,Unspecified,Unspecified,BROOKLYN,11207.0,"(40.67482, -73.89368)",0.0,0.0,0,0,0,0,0,0,Sedan,Motorcycle,0
19817338,4378243,11/20/2020,08:20,e120d6e0-ed1d-4438-b76d-5676d9f20317,Sedan,TOYT -CAR/SUV,2016.0,0.0,,,Parked,Left Front Bumper,Center Front End,Right Front Bumper,No Damage,No Damage,N,,Unspecified,Unspecified,,,"(40.701355, -73.88794)",0.0,0.0,0,0,0,0,0,0,Sedan,,0
19770755,4356903,10/11/2020,20:10,7730c67b-f8ab-4abd-be9f-f0f8e1cd2041,Sedan,NISS -CAR/SUV,2018.0,0.0,,,Parked,Center Back End,Center Back End,Right Rear Bumper,Left Rear Bumper,,N,,Unspecified,Unspecified,QUEENS,11422.0,"(40.661823, -73.72983)",0.0,0.0,0,0,0,0,0,0,Sedan,Convertible,0
19799438,4370267,11/23/2020,18:44,37e8a97a-3293-4647-9027-73405497726a,Sedan,JAGU -CAR/SUV,2010.0,1.0,M,Licensed,Making Right Turn,Right Front Bumper,Right Front Bumper,Center Front End,,,N,,Unspecified,Unspecified,,,"(40.8059, -73.92523)",1.0,0.0,0,0,0,0,1,0,Sedan,Garbage or Refuse,1
19695919,4323347,06/26/2020,09:04,28676f54-5f6c-47bf-baa2-89c2da6c3718,Motorcycle,SUZI -MCL,2014.0,1.0,M,Licensed,Going Straight Ahead,Left Front Bumper,Demolished,Demolished,Demolished,Demolished,N,,Unspecified,Unspecified,QUEENS,11105.0,"(40.776752, -73.897285)",1.0,0.0,0,0,0,0,1,0,Dump,Motorcycle,1
19771600,4357873,10/14/2020,15:35,86f7436f-7703-4b8d-892f-4b71145c0a86,Sedan,MERZ -CAR/SUV,2007.0,1.0,F,Licensed,Going Straight Ahead,Center Back End,Center Back End,,,,N,,Unspecified,Unspecified,MANHATTAN,10029.0,"(40.790234, -73.95199)",1.0,0.0,0,0,0,0,1,0,Sedan,Sedan,1
19569136,4296672,02/28/2020,16:00,bb942eda-ef04-4e67-b11c-7ff7254ad6a8,Station Wagon/Sport Utility Vehicle,CHEV -CAR/SUV,2007.0,0.0,,,Parked,Left Side Doors,Left Front Quarter Panel,Center Front End,No Damage,No Damage,N,,Unspecified,Unspecified,BRONX,10463.0,"(40.889675, -73.91198)",0.0,0.0,0,0,0,0,0,0,Station Wagon/Sport Utility Vehicle,,0
19759829,4352401,09/27/2020,04:40,d6f69bd4-8a57-4b6f-bd85-b980acacf11e,Station Wagon/Sport Utility Vehicle,MITS -CAR/SUV,2017.0,3.0,F,Licensed,Going Straight Ahead,Right Rear Bumper,Right Rear Bumper,Right Rear Quarter Panel,,,N,,Other Vehicular,Unspecified,,,,0.0,0.0,0,0,0,0,0,0,Station Wagon/Sport Utility Vehicle,,0
19617330,4298708,03/11/2020,07:30,45d62559-29d2-41be-ac64-c4b786207440,Station Wagon/Sport Utility Vehicle,HOND -CAR/SUV,2017.0,1.0,M,Licensed,Avoiding Object in Roadway,Right Front Bumper,Right Front Bumper,Right Front Quarter Panel,Right Side Doors,,N,,Passing or Lane Usage Improper,Driver Inattention/Distraction,QUEENS,11428.0,"(40.71772, -73.737915)",0.0,0.0,0,0,0,0,0,0,Station Wagon/Sport Utility Vehicle,Station Wagon/Sport Utility Vehicle,0
19542734,4280427,01/28/2020,12:40,b63e5609-b425-43f7-98ab-12580d9539dd,Sedan,NISS -CAR/SUV,2013.0,0.0,,,Parked,Left Side Doors,Left Side Doors,No Damage,No Damage,No Damage,N,,Unspecified,Unspecified,BRONX,10463.0,"(40.88243, -73.902306)",0.0,0.0,0,0,0,0,0,0,Sedan,Station Wagon/Sport Utility Vehicle,0
19693213,4322083,06/21/2020,03:00,99c55667-2ab2-4ef0-9192-2c180b98df05,Sedan,NISS -CAR/SUV,2019.0,0.0,,,Parked,Center Back End,Center Back End,Left Rear Quarter Panel,Right Side Doors,Right Side Doors,N,,Unspecified,Unspecified,,,"(40.85004, -73.91606)",0.0,0.0,0,0,0,0,0,0,Sedan,,0
19696143,4323600,06/25/2020,10:05,00d2eac6-a5c8-4ca4-9483-9de57f998b28,Station Wagon/Sport Utility Vehicle,BMW -CAR/SUV,2006.0,1.0,F,Permit,Parked,Left Front Quarter Panel,Left Front Quarter Panel,,,,N,,Unspecified,Unspecified,BROOKLYN,11212.0,"(40.66866, -73.90876)",0.0,0.0,0,0,0,0,0,0,Station Wagon/Sport Utility Vehicle,FIRE TRUCK,0
19743726,4345367,09/06/2020,03:50,f9a25333-408e-456a-8c6b-1057aa05fb93,Sedan,NISS -CAR/SUV,2016.0,3.0,M,Licensed,Merging,Right Front Quarter Panel,Right Front Quarter Panel,Right Side Doors,No Damage,No Damage,N,,Passing or Lane Usage Improper,Driver Inattention/Distraction,,,"(40.710716, -73.981544)",1.0,0.0,0,0,0,0,1,0,Sedan,Sedan,1
19805534,4372993,12/03/2020,14:36,bbb0051e-fe4f-4419-baf4-b1dfd0215c9f,Sedan,BMW -CAR/SUV,2013.0,1.0,M,Licensed,Going Straight Ahead,Left Front Bumper,Center Front End,Center Front End,,,N,,Unspecified,Unspecified,BRONX,10455.0,"(40.820133, -73.91307)",1.0,0.0,0,0,0,0,1,0,Sedan,Sedan,1
19817755,4378573,12/22/2020,14:23,6da917b9-b8d1-46d2-8db7-9e59d98732d9,Sedan,CHEV -CAR/SUV,2002.0,2.0,,,Changing Lanes,No Damage,No Damage,,,,N,,Passing or Lane Usage Improper,Unsafe Lane Changing,,,"(40.678394, -73.94692)",0.0,0.0,0,0,0,0,0,0,Sedan,Sedan,0
19807335,4373551,12/06/2020,15:15,86191b32-607e-4ead-b657-419b8a7c70c6,Sedan,BMW -CAR/SUV,2008.0,0.0,M,Permit,Making Left Turn,Center Front End,Center Front End,Center Front End,Center Front End,Center Front End,N,,Reaction to Uninvolved Vehicle,Driver Inattention/Distraction,BROOKLYN,11203.0,"(40.66059, -73.931335)",0.0,0.0,0,0,0,0,0,0,Sedan,,0
19810899,4375322,12/12/2020,18:59,85304bcd-c657-4b52-945d-213d137ff0e3,Sedan,TOYT -CAR/SUV,,,,,Making Left Turn,,,,,,N,,Failure to Yield Right-of-Way,Turning Improperly,BROOKLYN,11219.0,"(40.63063, -74.00923)",0.0,0.0,0,0,0,0,0,0,Sedan,Sedan,0
19552467,4282692,01/31/2020,18:18,5b0d44dc-3e83-4846-9e75-532fa6ca9c25,Sedan,HYUN -CAR/SUV,2015.0,1.0,M,Licensed,Making Left Turn,Right Front Bumper,Right Front Bumper,Right Front Quarter Panel,,,N,,Driver Inattention/Distraction,Driver Inattention/Distraction,QUEENS,11370.0,"(40.761215, -73.886406)",0.0,0.0,0,0,0,0,0,0,Sedan,Sedan,0
19687816,4319795,06/11/2020,17:15,3154e1a3-36e1-4b1d-81c5-db7814fd046a,Station Wagon/Sport Utility Vehicle,CHEV -CAR/SUV,2008.0,1.0,M,Licensed,Going Straight Ahead,Right Front Bumper,Right Front Bumper,No Damage,No Damage,No Damage,N,,Other Vehicular,Unspecified,MANHATTAN,10027.0,"(40.815247, -73.959915)",0.0,0.0,0,0,0,0,0,0,Station Wagon/Sport Utility Vehicle,Sedan,0
19746887,4346497,09/09/2020,20:00,9eb61c43-cc41-4187-93f3-c3be95bbdb37,Sedan,ACUR -CAR/SUV,2002.0,0.0,M,Licensed,Parked,Left Front Quarter Panel,Left Front Quarter Panel,,,,N,,Unspecified,Unspecified,QUEENS,11693.0,"(40.589893, -73.807724)",0.0,0.0,0,0,0,0,0,0,Sedan,Station Wagon/Sport Utility Vehicle,0
19753633,4349594,09/18/2020,16:50,34a71de9-e52e-45cd-9f4d-434d03bd9cbc,Station Wagon/Sport Utility Vehicle,NISS -CAR/SUV,2018.0,1.0,M,Licensed,Making U Turn,Center Front End,No Damage,,,,N,,Driver Inattention/Distraction,Failure to Yield Right-of-Way,QUEENS,11373.0,"(40.737957, -73.86637)",1.0,0.0,0,0,1,0,0,0,Station Wagon/Sport Utility Vehicle,Bike,1
19590994,4300441,03/14/2020,12:15,e9a0dc09-2fc3-4b7b-b5f0-1c9748f85b46,Sedan,NISS -CAR/SUV,2010.0,1.0,M,Unlicensed,Parked,Center Front End,Center Front End,Left Front Bumper,Right Front Bumper,Right Front Quarter Panel,N,,Unspecified,Unspecified,,,"(40.585133, -73.954544)",0.0,0.0,0,0,0,0,0,0,Sedan,Sedan,0
19694986,4323157,06/25/2020,23:40,2af272de-7a7d-44dd-940d-7f154a445d19,Station Wagon/Sport Utility Vehicle,FORD -CAR/SUV,2016.0,0.0,,,Parked,Right Rear Quarter Panel,Right Rear Quarter Panel,Other,,,N,,Unspecified,Unspecified,BRONX,10456.0,"(40.83102, -73.904236)",0.0,0.0,0,0,0,0,0,0,Station Wagon/Sport Utility Vehicle,,0
19565453,4291664,02/14/2020,18:48,a4b743db-eb05-40ca-8ea9-5a91badcca3a,Station Wagon/Sport Utility Vehicle,JEEP -CAR/SUV,2020.0,1.0,F,Licensed,Making Right Turn,Right Front Quarter Panel,Right Front Quarter Panel,Right Front Quarter Panel,Right Front Quarter Panel,Right Front Quarter Panel,N,,Unspecified,Unspecified,BROOKLYN,11219.0,"(40.627693, -74.010506)",1.0,0.0,1,0,0,0,0,0,Station Wagon/Sport Utility Vehicle,,1
19524864,4269734,01/06/2020,20:00,93babe92-5184-450d-a8da-509e32f01798,Sedan,HYUN -CAR/SUV,2015.0,1.0,M,Licensed,Going Straight Ahead,Center Front End,Center Front End,,,,N,,Driver Inattention/Distraction,Following Too Closely,QUEENS,11430.0,"(40.66615, -73.80575)",0.0,0.0,0,0,0,0,0,0,Sedan,Sedan,0
19765646,4346871,09/10/2020,08:59,f86d1846-a8e3-48d9-8bba-b99d26de56ac,Flat Bed,FRHT-TRUCK/BUS,2016.0,1.0,M,Licensed,Making Left Turn,Left Front Bumper,No Damage,No Damage,No Damage,No Damage,N,,Passing or Lane Usage Improper,Unspecified,,,"(40.69359, -73.80019)",0.0,0.0,0,0,0,0,0,0,Sedan,Flat Bed,0
19574747,4303584,03/18/2020,18:02,313e32d1-c8f6-4627-a79f-8dcde39260ae,Station Wagon/Sport Utility Vehicle,CHEV -CAR/SUV,2016.0,0.0,,,Parked,Left Rear Quarter Panel,Left Rear Quarter Panel,,,,N,,Unspecified,Unspecified,BROOKLYN,11213.0,"(40.67669, -73.931946)",0.0,0.0,0,0,0,0,0,0,Station Wagon/Sport Utility Vehicle,,0
19772950,4358217,10/09/2020,12:00,89085ce2-411a-46ab-b09b-6f16099094b9,Station Wagon/Sport Utility Vehicle,LEXS -CAR/SUV,2020.0,0.0,,,Parked,Left Rear Quarter Panel,Left Rear Quarter Panel,,,,N,,Unspecified,Unspecified,STATEN ISLAND,10309.0,,0.0,0.0,0,0,0,0,0,0,Box Truck,Station Wagon/Sport Utility Vehicle,0
19731833,4339683,08/18/2020,20:10,49aa1628-de29-4b0e-9fea-db9434ecaf8c,Station Wagon/Sport Utility Vehicle,NISS -CAR/SUV,2010.0,1.0,M,Licensed,Going Straight Ahead,Left Front Bumper,Left Front Bumper,Center Front End,Right Front Bumper,Roof,N,,Unspecified,Unspecified,,,"(40.68694, -73.87323)",1.0,0.0,0,0,1,0,0,0,Station Wagon/Sport Utility Vehicle,E-Scooter,1
19529401,4274708,01/17/2020,10:00,0160503a-12d3-461d-9b49-d147b1136e9d,Taxi,TOYT -CAR/SUV,2015.0,1.0,M,Licensed,Going Straight Ahead,Left Side Doors,Left Side Doors,No Damage,No Damage,No Damage,N,,Unspecified,Unspecified,MANHATTAN,10022.0,"(40.76003, -73.97296)",0.0,0.0,0,0,0,0,0,0,Taxi,Van,0
19782036,4362218,10/26/2020,04:20,7ee54de1-fa22-4d1f-aea8-0d26754ff326,Sedan,HOND -CAR/SUV,2019.0,1.0,M,Licensed,Going Straight Ahead,Center Front End,Center Front End,Left Front Bumper,Right Front Bumper,Left Side Doors,N,,Unspecified,Unspecified,BROOKLYN,11210.0,"(40.627632, -73.93652)",0.0,0.0,0,0,0,0,0,0,Sedan,Sedan,0
19544111,4279436,01/25/2020,13:30,52d421ab-d6ab-47b1-afd9-1918d787d6b1,Station Wagon/Sport Utility Vehicle,JEEP -CAR/SUV,2020.0,1.0,M,Licensed,Starting from Parking,Left Front Quarter Panel,Left Front Quarter Panel,No Damage,No Damage,No Damage,N,,Unspecified,Unspecified,,,"(40.861347, -73.897736)",0.0,0.0,0,0,0,0,0,0,Station Wagon/Sport Utility Vehicle,Station Wagon/Sport Utility Vehicle,0
19748014,4346910,09/11/2020,18:00,f50c3f66-ccc4-4148-a334-13804d4d9d50,Bus,mci,2006.0,1.0,M,Licensed,Making Right Turn,Right Front Bumper,Right Front Bumper,No Damage,No Damage,No Damage,N,,Unspecified,Unspecified,QUEENS,11004.0,"(40.749798, -73.71183)",0.0,0.0,0,0,0,0,0,0,Station Wagon/Sport Utility Vehicle,Bus,0
19695709,4323315,06/25/2020,22:38,b7cfe724-6d63-47c7-b755-b881a71b445d,Taxi,TOYT -CAR/SUV,2016.0,1.0,M,Licensed,Going Straight Ahead,Right Rear Bumper,Right Rear Bumper,,,,N,,Unspecified,Unspecified,,,"(40.732822, -73.8684)",1.0,0.0,0,0,0,0,1,0,Sedan,Station Wagon/Sport Utility Vehicle,1
19812096,4375999,12/12/2020,21:15,fd336538-dc3b-4bd1-b159-9c75a3e5892d,Station Wagon/Sport Utility Vehicle,LNDR -CAR/SUV,2017.0,4.0,F,Licensed,Going Straight Ahead,Center Back End,Center Back End,,,,N,,Unspecified,Unspecified,MANHATTAN,10002.0,"(40.71458, -73.982086)",0.0,0.0,0,0,0,0,0,0,Station Wagon/Sport Utility Vehicle,Sedan,0
19746664,4346129,09/08/2020,20:18,92ba9747-7810-4ad4-96a5-a71f84e31f28,Sedan,TOYT -CAR/SUV,2016.0,1.0,M,Licensed,Going Straight Ahead,Right Front Quarter Panel,Right Front Quarter Panel,Right Front Bumper,No Damage,No Damage,N,,Unspecified,Unspecified,,,"(40.868282, -73.90107)",0.0,0.0,0,0,0,0,0,0,Sedan,Sedan,0
19696175,4323518,06/26/2020,17:35,295a6362-5979-4202-bc3c-02375f954b7b,Station Wagon/Sport Utility Vehicle,JEEP -CAR/SUV,2016.0,2.0,M,Licensed,Stopped in Traffic,Left Rear Quarter Panel,Left Rear Quarter Panel,Left Rear Bumper,,,N,,Unspecified,Unspecified,BROOKLYN,11235.0,"(40.58383, -73.94073)",0.0,0.0,0,0,0,0,0,0,Station Wagon/Sport Utility Vehicle,Station Wagon/Sport Utility Vehicle,0
19746803,4346176,09/01/2020,18:00,26024416-6a5e-462e-8123-231bd2ec1510,Sedan,GMC -CAR/SUV,2008.0,1.0,M,Licensed,Going Straight Ahead,Right Front Quarter Panel,No Damage,No Damage,No Damage,No Damage,N,,Unspecified,Unspecified,BROOKLYN,11212.0,"(40.654137, -73.91234)",0.0,0.0,0,0,0,0,0,0,Sedan,Ambulance,0
19803850,4372394,12/01/2020,03:18,742d4610-1936-4774-b40e-54db559a5cbe,Sedan,CHEV -CAR/SUV,2018.0,1.0,F,Licensed,Going Straight Ahead,Right Front Bumper,Right Front Quarter Panel,,,,N,,Driver Inattention/Distraction,Unspecified,,,"(40.71444, -73.83127)",1.0,0.0,0,0,0,0,1,0,Sedan,Sedan,1
19798302,4369712,11/22/2020,02:45,2f9c90b0-63f1-442a-8d97-11936683a355,Station Wagon/Sport Utility Vehicle,HYUN -CAR/SUV,2017.0,1.0,M,Licensed,Entering Parked Position,Left Front Bumper,Left Front Bumper,Center Front End,Right Front Bumper,No Damage,N,,Following Too Closely,Unspecified,BROOKLYN,11209.0,"(40.62307, -74.039154)",0.0,0.0,0,0,0,0,0,0,Station Wagon/Sport Utility Vehicle,Station Wagon/Sport Utility Vehicle,0
19614609,4302532,03/19/2020,20:45,5e0dfbef-8586-432b-a4d9-bc55b48dc1c6,Station Wagon/Sport Utility Vehicle,NISS -CAR/SUV,2018.0,1.0,,,Backing,Center Back End,Center Back End,No Damage,No Damage,No Damage,N,,Backing Unsafely,Backing Unsafely,,,"(40.654484, -73.886536)",0.0,0.0,0,0,0,0,0,0,Station Wagon/Sport Utility Vehicle,Sedan,0
19610626,4294511,02/26/2020,09:28,5aac042b-888e-4bee-8104-0c0ed8bbaa69,Sedan,DODG -CAR/SUV,2015.0,1.0,M,Licensed,Going Straight Ahead,Center Front End,Right Front Bumper,Left Front Bumper,,,N,,Following Too Closely,Unspecified,,,,0.0,0.0,0,0,0,0,0,0,Tow Truck / Wrecker,Sedan,0
19599531,4307510,04/03/2020,23:05,2973e4e1-3180-4815-9513-0c168cadc80d,Sedan,ACUR -CAR/SUV,2006.0,1.0,F,Licensed,Going Straight Ahead,Right Front Quarter Panel,Right Front Quarter Panel,Right Front Bumper,Right Side Doors,Center Front End,N,,Unspecified,Unspecified,,,,1.0,0.0,0,0,0,0,1,0,Sedan,Pick-up Truck,1
19772711,4357955,10/14/2020,23:15,8eb90e9a-f9a1-4f34-87cb-917cd017d740,Sedan,NISS -CAR/SUV,2017.0,1.0,M,Licensed,Stopped in Traffic,Right Rear Bumper,Right Rear Bumper,Right Rear Quarter Panel,,,N,,Unspecified,Unspecified,,,"(40.711945, -73.82303)",0.0,0.0,0,0,0,0,0,0,Sedan,Sedan,0
19791810,4366537,11/09/2020,10:08,599c07d5-34b5-4b01-a7e7-f0dff776c5cf,Station Wagon/Sport Utility Vehicle,HOND -CAR/SUV,2013.0,1.0,M,,Going Straight Ahead,Left Front Bumper,Left Front Bumper,Left Front Quarter Panel,Left Front Quarter Panel,Left Front Bumper,N,,Unspecified,Unspecified,,,"(40.660656, -73.885796)",0.0,0.0,0,0,0,0,0,0,Station Wagon/Sport Utility Vehicle,,0
19739047,4343017,08/28/2020,16:10,d6728e10-c4ed-417e-bf82-0543428e1808,Station Wagon/Sport Utility Vehicle,NISS -CAR/SUV,2009.0,,,,,,,,,,Unspecified,,,,BRONX,10459.0,"(40.821415, -73.88933)",0.0,0.0,0,0,0,0,0,0,Sedan,Station Wagon/Sport Utility Vehicle,0
19760670,4352500,09/26/2020,01:30,1f087d3a-14f0-433b-af3c-eee3d233f1f4,Station Wagon/Sport Utility Vehicle,LEXS -CAR/SUV,1999.0,1.0,M,Licensed,Making Right Turn,Left Front Quarter Panel,Left Front Quarter Panel,Left Front Bumper,,,N,,Driver Inattention/Distraction,Unspecified,QUEENS,11101.0,"(40.74413, -73.927055)",0.0,0.0,0,0,0,0,0,0,Sedan,Station Wagon/Sport Utility Vehicle,0
19593942,4282824,02/02/2020,15:55,43b293ef-79f1-4ab2-9f4a-076d5c4667ce,Sedan,MERZ -CAR/SUV,2009.0,1.0,M,Licensed,Going Straight Ahead,Center Front End,Center Front End,Left Front Bumper,Right Front Bumper,No Damage,N,,Driver Inattention/Distraction,Following Too Closely,,,"(40.74084, -73.72681)",0.0,0.0,0,0,0,0,0,0,Station Wagon/Sport Utility Vehicle,Sedan,0
19606065,4301409,03/16/2020,18:30,a2b7de42-4864-4e0a-afb3-79a3989b3a89,Sedan,TOYT -CAR/SUV,2016.0,1.0,M,Licensed,Going Straight Ahead,Left Front Bumper,Left Front Bumper,Center Front End,,,Unspecified,,Driver Inattention/Distraction,Failure to Yield Right-of-Way,QUEENS,11434.0,"(40.68483, -73.78128)",0.0,0.0,0,0,0,0,0,0,Sedan,Sedan,0
19599240,4303451,03/23/2020,18:00,2cec0643-de54-41b6-b12b-8c7fe4fcdc98,Sedan,TOYT -CAR/SUV,2018.0,1.0,M,Licensed,Going Straight Ahead,Left Front Quarter Panel,Left Front Quarter Panel,,,,N,,Unspecified,Unspecified,BRONX,10468.0,"(40.862747, -73.90494)",1.0,0.0,0,0,0,0,1,0,Sedan,Moped,1
19685348,4318596,06/06/2020,11:15,fe0cf968-3f9d-4309-af92-5ce12183ffb2,Sedan,HOND -CAR/SUV,2007.0,1.0,F,Licensed,Going Straight Ahead,Left Front Bumper,Left Front Quarter Panel,No Damage,No Damage,No Damage,N,,Unsafe Lane Changing,Passing or Lane Usage Improper,BRONX,10452.0,"(40.842464, -73.92414)",2.0,0.0,0,0,0,0,2,0,Station Wagon/Sport Utility Vehicle,Sedan,1
19769272,4356529,10/08/2020,04:36,25bf86e1-dee1-4234-add6-a29fa564bc10,Sedan,TOYT -CAR/SUV,2006.0,0.0,M,Licensed,Going Straight Ahead,Center Back End,Center Back End,Right Rear Quarter Panel,Right Rear Bumper,Right Side Doors,N,,Other Vehicular,Other Vehicular,,,"(40.877068, -73.906105)",0.0,0.0,0,0,0,0,0,0,Convertible,Sedan,0
19745410,4346047,09/05/2020,23:15,750bd023-5497-4af8-98e3-8897b2c0e891,Taxi,TOYT -CAR/SUV,2015.0,1.0,M,Licensed,Going Straight Ahead,Center Front End,Right Front Bumper,Left Front Bumper,,,N,,Unspecified,Unspecified,BROOKLYN,11218.0,"(40.645344, -73.97778)",2.0,0.0,0,0,0,0,2,0,Taxi,Sedan,1
19723404,4335673,08/05/2020,16:20,d5674af8-e4c5-4b20-9168-689c95b9cf01,Pick-up Truck,FORD -CAR/SUV,2016.0,1.0,M,Licensed,Going Straight Ahead,Center Front End,Center Front End,No Damage,No Damage,No Damage,N,,Unspecified,Unspecified,BROOKLYN,11207.0,"(40.677208, -73.89723)",1.0,0.0,0,0,0,0,1,0,Station Wagon/Sport Utility Vehicle,Pick-up Truck,1
19522406,4269749,01/06/2020,17:30,372afc6d-96f3-4ad5-b371-14ec703e3d4f,4 dr sedan,TOYT -CAR/SUV,2015.0,1.0,M,Licensed,Going Straight Ahead,Left Rear Bumper,Left Rear Bumper,Left Rear Quarter Panel,No Damage,No Damage,N,,Unspecified,Unspecified,,,"(40.71444, -73.83127)",1.0,0.0,0,0,0,0,1,0,4 dr sedan,Station Wagon/Sport Utility Vehicle,1
19819972,4379254,12/27/2020,11:43,e2239c42-c4ef-4d18-921a-5e54f9820da8,Station Wagon/Sport Utility Vehicle,CHEV -CAR/SUV,2019.0,0.0,,,Parked,Center Back End,Center Back End,,,,N,,Unspecified,Unspecified,BRONX,10469.0,"(40.86778, -73.83482)",0.0,0.0,0,0,0,0,0,0,Station Wagon/Sport Utility Vehicle,,0
19680260,4316350,05/27/2020,06:02,d3b19584-f47b-46a0-9368-b90f3c59d9d5,Tanker,VOLV -TRUCK/BUS,2020.0,1.0,M,Licensed,Going Straight Ahead,Right Front Bumper,Right Front Bumper,Right Front Quarter Panel,Right Side Doors,No Damage,N,,Unspecified,Unspecified,,,,0.0,0.0,0,0,0,0,0,0,Tanker,Sedan,0
19552176,4311887,05/03/2020,22:20,a4b7ac64-a54e-4be8-a008-1381de84e6c4,Station Wagon/Sport Utility Vehicle,FORD -CAR/SUV,2005.0,0.0,,,Parked,Center Front End,Center Front End,No Damage,No Damage,No Damage,N,,Unspecified,Unspecified,STATEN ISLAND,10312.0,"(40.56423, -74.18318)",0.0,0.0,0,0,0,0,0,0,Station Wagon/Sport Utility Vehicle,Station Wagon/Sport Utility Vehicle,0
19520620,4268940,01/03/2020,20:08,eb836ff0-75ad-4984-b337-5d1810ff3283,Sedan,HOND -CAR/SUV,2005.0,2.0,M,Licensed,Merging,Left Front Bumper,Center Front End,Right Front Quarter Panel,Center Back End,,N,,Unspecified,Unspecified,,,"(40.875122, -73.905174)",4.0,0.0,0,0,0,0,4,0,Sedan,Sedan,1
19691954,4316260,05/27/2020,07:15,9db647c3-4ed0-4e7d-bce3-00c5a8325233,Sedan,FORD -CAR/SUV,2019.0,1.0,M,Licensed,Going Straight Ahead,Right Front Bumper,Right Front Bumper,,,,N,,Other Vehicular,Other Vehicular,,,"(40.67641, -73.97191)",0.0,0.0,0,0,0,0,0,0,Sedan,Bus,0
19726304,4337487,08/11/2020,16:32,cf3ec626-3b59-4f8f-9577-c6dff1303480,Convertible,MERZ -CAR/SUV,1975.0,1.0,M,Licensed,Going Straight Ahead,Center Front End,Center Front End,Right Front Bumper,Left Front Bumper,,N,,Following Too Closely,Pavement Slippery,MANHATTAN,10023.0,,1.0,0.0,0,0,0,0,1,0,Convertible,Sedan,1
19599709,4303553,03/22/2020,16:10,480922f3-8200-4978-bc6d-887706bc4675,Station Wagon/Sport Utility Vehicle,JEEP -CAR/SUV,2014.0,0.0,,,Parked,Center Back End,Left Rear Quarter Panel,Left Side Doors,Left Rear Bumper,Center Front End,N,,Unspecified,Unspecified,BRONX,10452.0,"(40.84518, -73.91417)",0.0,0.0,0,0,0,0,0,0,Carry All,Station Wagon/Sport Utility Vehicle,0
19618307,4300012,03/14/2020,02:25,dfae2967-7d63-4c0b-a604-12aeb79344c7,Sedan,INFI -CAR/SUV,2006.0,3.0,M,Licensed,Going Straight Ahead,Right Front Quarter Panel,Right Front Quarter Panel,Right Front Bumper,Center Front End,,N,,Unspecified,Unspecified,QUEENS,11422.0,"(40.665257, -73.735344)",1.0,0.0,0,0,0,0,1,0,Sedan,Sedan,1
19773464,4358272,10/15/2020,11:37,529455aa-532d-487d-a00d-b97a463e560a,Station Wagon/Sport Utility Vehicle,TOYT -CAR/SUV,2020.0,0.0,,,Parked,Left Front Quarter Panel,Left Front Quarter Panel,,,,N,,Unspecified,Unspecified,BROOKLYN,11208.0,"(40.66573, -73.88089)",0.0,0.0,0,0,0,0,0,0,Station Wagon/Sport Utility Vehicle,,0
19548691,4281598,01/31/2020,14:35,1670cc7f-2f4b-4833-a3e2-b6ef9b777ae6,Sedan,HOND -CAR/SUV,2020.0,1.0,,,Going Straight Ahead,Center Front End,,,,,N,,Failure to Yield Right-of-Way,Traffic Control Disregarded,BROOKLYN,11234.0,"(40.63057, -73.92712)",0.0,0.0,0,0,0,0,0,0,Sedan,Sedan,0