UNIQUE_ID,COLLISION_ID,CRASH_DATE,CRASH_TIME,VEHICLE_ID,VEHICLE_TYPE,VEHICLE_MAKE,VEHICLE_YEAR,VEHICLE_OCCUPANTS,DRIVER_SEX,DRIVER_LICENSE_STATUS,PRE_CRASH,POINT_OF_IMPACT,VEHICLE_DAMAGE,VEHICLE_DAMAGE_1,VEHICLE_DAMAGE_2,VEHICLE_DAMAGE_3,PUBLIC_PROPERTY_DAMAGE,PUBLIC_PROPERTY_DAMAGE_TYPE,CONTRIBUTING_FACTOR_1,CONTRIBUTING_FACTOR_2,BOROUGH,ZIP CODE,LOCATION,NUMBER OF PERSONS INJURED,NUMBER OF PERSONS KILLED,NUMBER OF PEDESTRIANS INJURED,NUMBER OF PEDESTRIANS KILLED,NUMBER OF CYCLIST INJURED,NUMBER OF CYCLIST KILLED,NUMBER OF MOTORIST INJURED,NUMBER OF MOTORIST KILLED,VEHICLE TYPE CODE 1,VEHICLE TYPE CODE 2,Severity
19736301,4341691,08/21/2020,22:00,a3bd574b-a557-41b6-a16c-09656389dffc,Sedan,NISS -CAR/SUV,2018.0,,,,,,,,,,N,,,,QUEENS,11365.0,"(40.732876, -73.80789)",0.0,0.0,0,0,0,0,0,0,Station Wagon/Sport Utility Vehicle,Sedan,0
19732902,4340045,08/19/2020,12:45,3f4089c5-7259-45f1-ab0f-43eff6216c74,Station Wagon/Sport Utility Vehicle,TOYT -CAR/SUV,2013.0,1.0,M,Licensed,Going Straight Ahead,Left Rear Bumper,Left Rear Bumper,,,,N,,Unspecified,Unspecified,,,"(40.732822, -73.8684)",0.0,0.0,0,0,0,0,0,0,Station Wagon/Sport Utility Vehicle,Station Wagon/Sport Utility Vehicle,0
19601661,4298780,03/10/2020,23:38,4d4bae72-1b25-4641-b33c-ed207f4b9be5,Sedan,HOND -CAR/SUV,2020.0,1.0,M,Licensed,Parked,Left Rear Quarter Panel,Left Rear Quarter Panel,,,,N,,Unspecified,Unspecified,BRONX,10462.0,"(40.836063, -73.8549)",0.0,0.0,0,0,0,0,0,0,Sedan,Sedan,0
19688005,4319831,06/14/2020,04:50,ac0d92ef-5b6b-416e-a455-084277cbbf37,Sedan,MERZ -CAR/SUV,2014.0,1.0,M,Licensed,Making Left Turn,Left Side Doors,Left Side Doors,Left Front Quarter Panel,No Damage,No Damage,Unspecified,,Unspecified,Unspecified,,,"(40.81536, -73.8867)",0.0,0.0,0,0,0,0,0,0,Sedan,Station Wagon/Sport Utility Vehicle,0
19565144,4305556,03/07/2020,09:25,c4892aef-ceae-4c69-99c3-150daefc1330,Garbage or Refuse,MACK-TRUCK/BUS,2016.0,2.0,M,Licensed,Going Straight Ahead,Right Front Quarter Panel,Right Front Quarter Panel,,,,Unspecified,,Unspecified,Unspecified,BRONX,10474.0,"(40.81672, -73.88751)",0.0,0.0,0,0,0,0,0,0,Garbage or Refuse,Taxi,0
19536927,4281732,01/27/2020,17:36,12b4831b-66fb-4c14-85c9-652f458a9812,Station Wagon/Sport Utility Vehicle,CHEV -CAR/SUV,2017.0,1.0,M,Licensed,Going Straight Ahead,Right Rear Quarter Panel,Right Rear Quarter Panel,Right Side Doors,,,N,,Unspecified,Unspecified,BROOKLYN,11211.0,"(40.715614, -73.94796)",0.0,0.0,0,0,0,0,0,0,Station Wagon/Sport Utility Vehicle,PK,0
19755331,4350133,09/18/2020,16:00,1c40ef30-7b0e-48d3-9449-b0b0628d6b05,,FORD,2015.0,1.0,M,Licensed,Going Straight Ahead,Center Back End,Center Back End,,,,N,,Driver Inattention/Distraction,Driver Inattention/Distraction,QUEENS,11423.0,"(40.713505, -73.757935)",0.0,0.0,0,0,0,0,0,0,Station Wagon/Sport Utility Vehicle,Sedan,0
19721341,4335048,08/03/2020,17:54,f29050e7-0357-41a8-a4dd-d81a1a0be874,Station Wagon/Sport Utility Vehicle,TOYT -CAR/SUV,2012.0,2.0,M,Licensed,Slowing or Stopping,Left Rear Bumper,Left Rear Bumper,Right Rear Bumper,Right Front Bumper,Center Front End,N,,Unspecified,Unspecified,,,"(40.726814, -73.83846)",0.0,0.0,0,0,0,0,0,0,Station Wagon/Sport Utility Vehicle,Sedan,0
19567507,4289093,02/15/2020,15:25,0f7e24a5-16c6-48f2-b5c9-eead246fa173,Sedan,BMW -CAR/SUV,2013.0,1.0,M,Licensed,Parked,Left Front Quarter Panel,Left Front Quarter Panel,,,,N,,Unspecified,Unspecified,QUEENS,11369.0,"(40.760906, -73.87295)",0.0,0.0,0,0,0,0,0,0,Sedan,Bike,0
19816028,4377479,12/18/2020,05:55,c9b26dec-a0fa-40bb-838f-b17946ee191a,Sedan,HOND -CAR/SUV,2007.0,1.0,M,Licensed,Changing Lanes,Right Front Bumper,Undercarriage,Left Front Bumper,Center Front End,Right Front Quarter Panel,N,,Pavement Slippery,Unspecified,,,"(40.88485, -73.86769)",1.0,0.0,0,0,0,0,1,0,Sedan,,1
19693950,4322589,06/21/2020,22:30,83924b5e-fed1-45f9-852f-db7fa0f5ec66,Station Wagon/Sport Utility Vehicle,TOYT -CAR/SUV,2018.0,0.0,,,Parked,Left Side Doors,Left Side Doors,Left Front Quarter Panel,,,N,,Unspecified,Unspecified,,,"(40.63491, -74.01017)",0.0,0.0,0,0,0,0,0,0,Station Wagon/Sport Utility Vehicle,,0
19675457,4314295,05/18/2020,10:40,5b176cdd-9b24-463a-8d2a-b6ea75571a5a,Station Wagon/Sport Utility Vehicle,AUDI -CAR/SUV,2010.0,0.0,,,Parked,Left Rear Quarter Panel,Left Rear Quarter Panel,Left Side Doors,,,Unspecified,,Unspecified,Unspecified,BRONX,10461.0,"(40.843937, -73.84572)",0.0,0.0,0,0,0,0,0,0,Box Truck,Station Wagon/Sport Utility Vehicle,0
19599407,4303591,03/24/2020,12:00,06df91ce-3c72-4e29-9dac-7df7d2a2118e,Sedan,MERZ -CAR/SUV,2017.0,1.0,M,Licensed,Going Straight Ahead,Left Rear Quarter Panel,Left Rear Quarter Panel,Left Rear Bumper,Left Rear Bumper,Left Rear Bumper,N,,Unspecified,Unspecified,BRONX,10468.0,"(40.868282, -73.90107)",0.0,0.0,0,0,0,0,0,0,Sedan,Sedan,0
19800428,4370836,11/25/2020,22:24,971d7288-82fb-472a-ac4f-fff9e18d8134,Station Wagon/Sport Utility Vehicle,BMW -CAR/SUV,2020.0,1.0,M,Licensed,Going Straight Ahead,Other,Other,,,,N,,Unspecified,Unspecified,,,,0.0,0.0,0,0,0,0,0,0,Station Wagon/Sport Utility Vehicle,,0
19583705,4301747,03/16/2020,16:15,0e1bbe3d-f043-4992-98a5-e4bc23a6ea38,Sedan,HOND -CAR/SUV,2012.0,1.0,M,Licensed,Parked,Center Front End,Center Front End,No Damage,No Damage,No Damage,N,,Unspecified,Unspecified,BROOKLYN,11212.0,"(40.666462, -73.904015)",0.0,0.0,0,0,0,0,0,0,Sedan,Sedan,0
19573783,4297320,02/13/2020,20:30,9f9d436a-c78b-41fe-8b9a-a717a1f2b918,Sedan,HOND -CAR/SUV,2019.0,1.0,M,Licensed,Parked,Center Back End,Center Back End,Left Rear Bumper,,,N,,Unspecified,Unspecified,,,"(40.829945, -73.93005)",0.0,0.0,0,0,0,0,0,0,Sedan,,0
19550469,4281642,01/22/2020,09:25,10a76d8f-d58a-4411-80cb-358bf00ca64f,Station Wagon/Sport Utility Vehicle,TOYT -CAR/SUV,1997.0,1.0,M,Licensed,Entering Parked Position,Center Front End,Center Front End,Right Front Bumper,Left Front Bumper,,N,,Unspecified,Unspecified,BRONX,10470.0,"(40.904087, -73.84987)",0.0,0.0,0,0,0,0,0,0,Box Truck,Station Wagon/Sport Utility Vehicle,0
19529265,4286224,02/08/2020,15:15,556fbbfd-6e74-4e01-a70c-f78027260d97,Station Wagon/Sport Utility Vehicle,JEEP -CAR/SUV,2018.0,1.0,M,Permit,Making Left Turn,Right Front Bumper,Right Front Bumper,Right Front Quarter Panel,,,N,,Failure to Yield Right-of-Way,Driver Inexperience,,,"(40.80897, -73.94833)",0.0,0.0,0,0,0,0,0,0,Taxi,Station Wagon/Sport Utility Vehicle,0
19680952,4316671,05/29/2020,18:50,8a7ec2a3-1105-4595-b91c-fe422b53e007,Sedan,BMW -CAR/SUV,2018.0,0.0,,,Parked,Right Front Bumper,Right Front Bumper,Right Front Quarter Panel,Center Front End,Left Front Bumper,N,,Unspecified,Unspecified,,,"(40.680473, -73.9614)",0.0,0.0,0,0,0,0,0,0,Sedan,Pick-up Truck,0
19598078,4300661,03/11/2020,22:30,6115d3b9-e673-4971-ab65-bf65e52e2702,Station Wagon/Sport Utility Vehicle,NISS -CAR/SUV,2014.0,4.0,M,Licensed,Going Straight Ahead,Center Front End,Center Front End,No Damage,No Damage,No Damage,N,,Driver Inattention/Distraction,Following Too Closely,,,,4.0,0.0,0,0,0,0,4,0,Station Wagon/Sport Utility Vehicle,Station Wagon/Sport Utility Vehicle,1
19721227,4335103,08/04/2020,13:46,a44a59ef-55f2-454a-a94e-c11f153951f7,Station Wagon/Sport Utility Vehicle,INFI -CAR/SUV,2017.0,0.0,,,Parked,Roof,Left Front Quarter Panel,Center Front End,Right Front Bumper,Right Front Quarter Panel,N,,Unspecified,Unspecified,BRONX,10456.0,"(40.836094, -73.90089)",0.0,0.0,0,0,0,0,0,0,Station Wagon/Sport Utility Vehicle,,0
19755645,4321201,05/30/2020,09:25,f9fe0bed-3474-4776-bc18-c37b5280e54b,Sedan,TOYT -CAR/SUV,2005.0,2.0,M,Licensed,Going Straight Ahead,Center Front End,Center Front End,Left Front Bumper,,,N,,Other Vehicular,Unspecified,,,"(40.676872, -73.94985)",1.0,0.0,0,0,0,0,1,0,Sedan,Sedan,1
19682764,4315608,05/24/2020,19:07,3ea6ab3e-5c83-4ffb-8463-856e458b960a,Sedan,ACUR -CAR/SUV,2012.0,0.0,,,Parked,Left Side Doors,Left Side Doors,Left Rear Quarter Panel,Right Rear Quarter Panel,Right Side Doors,N,,Unspecified,Unspecified,BRONX,10463.0,"(40.87618, -73.90943)",1.0,0.0,1,0,0,0,0,0,Station Wagon/Sport Utility Vehicle,Sedan,1
19733360,4324675,06/30/2020,13:20,0aac36fc-136d-4e17-a050-60b1bdcf1996,Sedan,FORD -CAR/SUV,2008.0,1.0,M,Licensed,Going Straight Ahead,Left Front Quarter Panel,Left Front Bumper,,,,N,,Unspecified,Unspecified,BROOKLYN,11211.0,"(40.711166, -73.9489)",2.0,0.0,0,0,0,0,2,0,Box Truck,Sedan,1
19721650,4335087,08/04/2020,14:30,c7c8328a-b0a2-48fd-89c1-261827764d1f,Sedan,CHEV -CAR/SUV,2007.0,3.0,M,Licensed,Merging,Left Front Quarter Panel,Left Front Quarter Panel,Left Front Bumper,,,N,,Unspecified,Unspecified,,,"(40.8047, -73.91243)",0.0,0.0,0,0,0,0,0,0,Sedan,Station Wagon/Sport Utility Vehicle,0
19686365,4319091,06/08/2020,09:23,b76634b0-829a-45a5-b01b-6e2b0bc42060,Sedan,CHEV -CAR/SUV,2009.0,1.0,M,Licensed,Going Straight Ahead,Center Front End,Center Front End,,,,N,,View Obstructed/Limited,Unspecified,BROOKLYN,11201.0,"(40.694794, -73.98246)",0.0,0.0,0,0,0,0,0,0,Sedan,Station Wagon/Sport Utility Vehicle,0
19582175,4290046,02/16/2020,22:23,5428827a-5ed5-4788-8c87-2e163ee6762e,Sedan,TOYT -CAR/SUV,1994.0,1.0,M,Licensed,Making Left Turn,Right Front Bumper,Right Front Bumper,,,,N,,Unspecified,Unspecified,,,"(40.730816, -73.895744)",0.0,0.0,0,0,0,0,0,0,Sedan,Sedan,0
19769540,4356689,10/10/2020,22:28,98544188-4871-4330-9e03-511ece966da3,Station Wagon/Sport Utility Vehicle,BMW -CAR/SUV,2020.0,,,,Passing,Center Front End,Center Front End,Right Front Bumper,,,N,,,,BROOKLYN,11206.0,"(40.701027, -73.95472)",0.0,0.0,0,0,0,0,0,0,Station Wagon/Sport Utility Vehicle,Sedan,0
19778606,4360865,10/23/2020,18:30,c7d101e9-bf08-44d4-a069-acf843b3ac14,Sedan,CHEV -CAR/SUV,2018.0,1.0,M,Licensed,Going Straight Ahead,Left Front Bumper,Left Front Bumper,No Damage,No Damage,No Damage,N,,Driver Inattention/Distraction,Unspecified,,,"(40.771053, -73.98715)",1.0,0.0,1,0,0,0,0,0,Sedan,,1
19523624,4276112,01/09/2020,10:20,0a2c6237-06d0-4f4d-99ad-e0be3aadb42c,DELV,MIFU -CAR/SUV,1999.0,1.0,M,Licensed,Going Straight Ahead,Right Front Quarter Panel,Right Front Quarter Panel,No Damage,No Damage,No Damage,N,,Unspecified,Unspecified,,,"(40.689022, -73.93925)",1.0,0.0,0,0,0,0,1,0,DELV,Sedan,1
19788422,4365387,11/08/2020,07:42,8807e4e7-b358-43c0-b8ed-38bb319c649a,Station Wagon/Sport Utility Vehicle,CHRY -CAR/SUV,2012.0,2.0,F,Licensed,Going Straight Ahead,Right Front Quarter Panel,Right Front Quarter Panel,Right Side Doors,,,N,,Fatigued/Drowsy,Unsafe Speed,MANHATTAN,10025.0,"(40.79436, -73.973885)",0.0,0.0,0,0,0,0,0,0,Station Wagon/Sport Utility Vehicle,Sedan,0
19743561,4344867,09/05/2020,08:25,983d6774-beab-4b2b-9e2d-83be72cc0255,Motorbike,HOND -MCL,2019.0,1.0,M,Licensed,Going Straight Ahead,Center Front End,Center Front End,Right Front Bumper,Left Front Bumper,No Damage,N,,Unsafe Lane Changing,Passing Too Closely,QUEENS,11372.0,"(40.754974, -73.89095)",1.0,0.0,0,0,0,0,1,0,Pick-up Truck,Motorbike,1
19792071,4366823,11/10/2020,14:30,2a4f9e31-6079-4a9e-bd03-6bb640804c82,Station Wagon/Sport Utility Vehicle,HYUN -CAR/SUV,2013.0,2.0,F,Licensed,Merging,Left Rear Quarter Panel,Left Rear Quarter Panel,Left Rear Quarter Panel,,,N,,Unspecified,Unspecified,BRONX,10459.0,"(40.820305, -73.89083)",1.0,0.0,0,0,0,0,1,0,Station Wagon/Sport Utility Vehicle,Station Wagon/Sport Utility Vehicle,1
19564272,4297393,03/04/2020,12:55,81a7efe7-e1ff-4b3c-8c37-a432ac525ebe,Station Wagon/Sport Utility Vehicle,HOND -CAR/SUV,2010.0,1.0,,,Making Right Turn,Other,Other,Other,Other,Other,Unspecified,,Driver Inattention/Distraction,Driver Inattention/Distraction,BROOKLYN,11222.0,"(40.720314, -73.9443)",0.0,0.0,0,0,0,0,0,0,Taxi,Station Wagon/Sport Utility Vehicle,0
19723576,4335989,08/06/2020,22:30,6184828a-a977-4698-9a14-5703c0f134d3,Station Wagon/Sport Utility Vehicle,NISS -CAR/SUV,2018.0,2.0,M,Licensed,Going Straight Ahead,Left Front Quarter Panel,Left Front Quarter Panel,,,,N,,Unspecified,Unspecified,BROOKLYN,11222.0,"(40.730587, -73.95772)",0.0,0.0,0,0,0,0,0,0,Sedan,Station Wagon/Sport Utility Vehicle,0
19555132,4289880,02/14/2020,15:25,d515e4f0-99ec-4f52-9a68-34d2d1b117f8,Station Wagon/Sport Utility Vehicle,JEEP -CAR/SUV,2018.0,0.0,,,Parked,Roof,Other,,,,N,,Unspecified,Unspecified,MANHATTAN,10011.0,"(40.74138, -73.998665)",0.0,0.0,0,0,0,0,0,0,Station Wagon/Sport Utility Vehicle,,0
19800131,4370556,11/24/2020,13:18,2921c495-4dca-41b0-a980-8015d8c17a30,Station Wagon/Sport Utility Vehicle,TOYT -CAR/SUV,2018.0,2.0,F,Licensed,Going Straight Ahead,Center Back End,Center Back End,,,,N,,Unspecified,Unspecified,,,"(40.845352, -73.92821)",0.0,0.0,0,0,0,0,0,0,Station Wagon/Sport Utility Vehicle,Sedan,0
19609320,4290701,02/19/2020,12:20,86fc13b7-42ad-4fc4-b7b3-27d7d6e9e061,Sedan,VOLK -CAR/SUV,2016.0,1.0,M,Licensed,Going Straight Ahead,Center Front End,Demolished,,,,N,,Unspecified,Unspecified,QUEENS,11429.0,"(40.711197, -73.73326)",3.0,0.0,0,0,0,0,3,0,Sedan,Sedan,1
19685880,4318904,06/09/2020,06:00,9297a104-6398-4fa4-84b7-5c6a6436a4c5,Tractor Truck Diesel,KW-TRUCK/BUS,2006.0,1.0,M,Licensed,Going Straight Ahead,Right Front Bumper,Right Front Bumper,Center Front End,,,N,,Unspecified,Unspecified,,,"(40.833233, -73.8282)",0.0,0.0,0,0,0,0,0,0,Station Wagon/Sport Utility Vehicle,Tractor Truck Diesel,0
19571799,4285029,02/07/2020,08:28,c6a808cb-461c-4a41-9067-99845501bb0e,Bus,INTER,2005.0,11.0,M,Licensed,Going Straight Ahead,Right Front Bumper,Right Front Bumper,,,,N,,Passing Too Closely,Pavement Slippery,BROOKLYN,11226.0,"(40.647934, -73.954216)",0.0,0.0,0,0,0,0,0,0,Taxi,Bus,0
19697805,4324383,06/22/2020,03:15,95ee59f9-f8f2-4427-aa7c-4fcbc5e0acc8,,COURIER,2017.0,0.0,,,Parked,Right Rear Bumper,Right Rear Bumper,,,,N,,Unspecified,Unspecified,MANHATTAN,10029.0,"(40.790234, -73.95199)",1.0,0.0,0,0,0,0,1,0,Station Wagon/Sport Utility Vehicle,,1
19718794,4333625,07/30/2020,12:00,5d6e8dc0-b7b9-4025-9063-cf876fc60334,Sedan,CHEV -CAR/SUV,2002.0,1.0,M,Licensed,Going Straight Ahead,Right Front Bumper,Right Front Quarter Panel,,,,N,,Unspecified,Unspecified,BRONX,10466.0,"(40.88527, -73.85511)",0.0,0.0,0,0,0,0,0,0,Station Wagon/Sport Utility Vehicle,Sedan,0
19808247,4374403,12/08/2020,08:00,df81c94c-67cd-4ed7-9d38-04e22268d1f4,Station Wagon/Sport Utility Vehicle,ACUR -CAR/SUV,2020.0,1.0,M,Licensed,Backing,Center Back End,No Damage,,,,N,,Backing Unsafely,Driver Inattention/Distraction,BROOKLYN,11222.0,"(40.72766, -73.95099)",1.0,0.0,0,0,1,0,0,0,Station Wagon/Sport Utility Vehicle,Bike,1
19679052,4315780,05/25/2020,23:15,22b02426-33b5-426f-86dc-c666f54918ba,Sedan,CHRY -CAR/SUV,2017.0,0.0,,,Parked,Right Rear Quarter Panel,Right Rear Quarter Panel,Right Rear Quarter Panel,,,N,,Unspecified,Unspecified,QUEENS,11411.0,"(40.68944, -73.73704)",0.0,0.0,0,0,0,0,0,0,Station Wagon/Sport Utility Vehicle,Sedan,0
19535650,4275564,01/19/2020,12:00,f178a2bc-4364-478c-92ad-467ecc55bd71,Sedan,BUIC -CAR/SUV,2013.0,1.0,F,Licensed,Going Straight Ahead,Left Side Doors,Left Rear Quarter Panel,,,,N,,Unspecified,Unspecified,BROOKLYN,11201.0,"(40.68817, -73.98399)",0.0,0.0,0,0,0,0,0,0,Sedan,Station Wagon/Sport Utility Vehicle,0
19525960,4270918,01/09/2020,19:39,a0a81111-d344-4170-a71e-69e4ef1572d1,Sedan,HOND -CAR/SUV,2016.0,2.0,M,Licensed,Going Straight Ahead,Center Back End,Left Rear Bumper,Right Rear Bumper,,,N,,Unspecified,Unspecified,,,"(40.72277, -73.83625)",0.0,0.0,0,0,0,0,0,0,Sedan,Sedan,0
19804956,4372676,11/27/2020,05:05,e4ef2b8c-093a-4685-aad5-6093e263baff,Sedan,TOYT -CAR/SUV,2012.0,0.0,,,Going Straight Ahead,Center Front End,Center Front End,Left Front Bumper,Right Front Bumper,,N,,Driver Inattention/Distraction,Unspecified,QUEENS,11377.0,"(40.73502, -73.89511)",0.0,0.0,0,0,0,0,0,0,Sedan,,0
19768407,4356013,10/07/2020,08:18,3dc7c9f9-4a5f-43ae-991e-414b74a1acdc,Box Truck,UNKNOWN,2009.0,1.0,,,Making Right Turn,Left Rear Quarter Panel,Left Rear Quarter Panel,Left Rear Bumper,No Damage,No Damage,N,,Passing Too Closely,Unspecified,,,"(40.70324, -73.92615)",0.0,0.0,0,0,0,0,0,0,Station Wagon/Sport Utility Vehicle,Box Truck,0
19595572,4293629,02/25/2020,19:55,a9169641-c009-4847-ad08-09721febad04,Station Wagon/Sport Utility Vehicle,HYUN -CAR/SUV,2017.0,2.0,F,Licensed,Stopped in Traffic,Right Side Doors,Right Side Doors,,,,N,,Passenger Distraction,Unspecified,QUEENS,11105.0,"(40.77613, -73.910706)",1.0,0.0,0,0,1,0,0,0,Station Wagon/Sport Utility Vehicle,Bike,1
19758310,4351581,09/25/2020,13:30,8139d120-46e2-4937-86a2-f94613343250,Sedan,NISS -CAR/SUV,2009.0,0.0,,,Parked,Center Back End,Center Back End,,,,N,,Unspecified,Unspecified,QUEENS,11416.0,"(40.682808, -73.851135)",1.0,0.0,0,0,0,0,1,0,Sedan,Sedan,1
19358791,4309597,04/20/2020,06:00,87102d65-fc2d-47a6-b8a5-a5c571796da6,Sedan,HOND -CAR/SUV,,0.0,,,Parked,Left Side Doors,Left Front Quarter Panel,Left Side Doors,,,N,,Unspecified,Unspecified,BROOKLYN,11230.0,"(40.6304, -73.95822)",0.0,0.0,0,0,0,0,0,0,Sedan,Station Wagon/Sport Utility Vehicle,0
19774914,4358463,10/17/2020,12:15,aea52406-132b-4378-a77b-e93bba6b2713,Station Wagon/Sport Utility Vehicle,TOYT -CAR/SUV,2018.0,1.0,M,Licensed,Going Straight Ahead,Left Front Bumper,Left Front Bumper,,,,N,,Unspecified,Unspecified,,,"(40.75829, -73.83431)",1.0,0.0,1,0,0,0,0,0,Station Wagon/Sport Utility Vehicle,,1
19546788,4274879,01/17/2020,16:00,112d8a1c-b8c1-447c-9979-fd322b54e7b9,Pick-up Truck,NISS -CAR/SUV,2019.0,1.0,M,Licensed,Changing Lanes,Center Back End,Left Rear Bumper,Right Rear Bumper,,,N,,Unsafe Lane Changing,Unspecified,,,"(40.73769, -73.76858)",1.0,0.0,0,0,0,0,1,0,Sedan,Pick-up Truck,1
19533994,4275259,01/19/2020,00:55,db72ccd9-0bb3-4327-b2f0-1bb41b4be093,Station Wagon/Sport Utility Vehicle,CHEV -CAR/SUV,2016.0,1.0,M,Licensed,Making Right Turn,Right Front Quarter Panel,Right Side Doors,Right Side Doors,Right Rear Quarter Panel,No Damage,N,,Passing or Lane Usage Improper,Unspecified,MANHATTAN,10022.0,"(40.755505, -73.96807)",0.0,0.0,0,0,0,0,0,0,Station Wagon/Sport Utility Vehicle,Station Wagon/Sport Utility Vehicle,0
19612054,4299875,03/09/2020,20:30,7953ce5c-1235-44e8-b930-e49301c2d800,Station Wagon/Sport Utility Vehicle,NISS -CAR/SUV,2019.0,1.0,M,Licensed,Stopped in Traffic,Center Back End,Center Back End,,,,N,,Unspecified,Unspecified,,,"(40.66618, -73.88316)",0.0,0.0,0,0,0,0,0,0,Station Wagon/Sport Utility Vehicle,Sedan,0
19746341,4346145,08/25/2020,01:00,65b34361-47c6-4aec-a96f-544db593fb7a,Sedan,LINC -CAR/SUV,2014.0,1.0,M,Licensed,Stopped in Traffic,Right Rear Bumper,Center Back End,Left Rear Bumper,No Damage,No Damage,N,,Unspecified,Unspecified,BROOKLYN,11232.0,"(40.654957, -74.007034)",3.0,0.0,0,0,0,0,3,0,Sedan,Sedan,1
19812919,4376205,12/15/2020,04:24,cfe9a9de-6ee3-4747-a7e0-c6ea15f39bbf,Sedan,MERZ -CAR/SUV,2006.0,1.0,F,Licensed,Going Straight Ahead,Right Front Bumper,Right Front Bumper,No Damage,No Damage,No Damage,N,,Unspecified,Unspecified,,,"(40.801125, -73.92988)",0.0,0.0,0,0,0,0,0,0,Sedan,,0
19613556,4301293,03/15/2020,18:00,63eba4a8-7058-4c72-985c-4c7c2a8298bd,Sedan,TOYT -CAR/SUV,2012.0,2.0,M,Licensed,Making Left Turn,Left Side Doors,Left Side Doors,,,,N,,Unspecified,Unspecified,BROOKLYN,11239.0,"(40.65317, -73.866875)",0.0,0.0,0,0,0,0,0,0,Station Wagon/Sport Utility Vehicle,Sedan,0
19697713,4324101,06/29/2020,02:17,065a8279-ab8d-4881-bbc8-b2ca30e7297e,Station Wagon/Sport Utility Vehicle,NISS -CAR/SUV,2015.0,1.0,M,Licensed,Going Straight Ahead,Right Front Bumper,Right Front Quarter Panel,Right Front Bumper,Center Front End,Left Front Bumper,N,,Unspecified,Unspecified,BROOKLYN,11208.0,"(40.682667, -73.86814)",1.0,0.0,0,0,0,0,1,0,Station Wagon/Sport Utility Vehicle,,1
19810840,4375303,11/28/2020,08:00,21363e44-fade-4323-8aac-edd2048a0ea8,Station Wagon/Sport Utility Vehicle,LEXS -CAR/SUV,2007.0,0.0,M,Licensed,Other*,Right Rear Bumper,Center Back End,Center Back End,Right Rear Quarter Panel,Left Rear Quarter Panel,N,,Unspecified,Unspecified,,,"(40.675663, -73.9277)",0.0,0.0,0,0,0,0,0,0,Station Wagon/Sport Utility Vehicle,Bus,0
19562738,4297341,02/11/2020,08:20,0694f2ae-5aa4-4ccf-8650-b0a5f5f1cdad,Bus,STARC,2012.0,4.0,M,Licensed,Going Straight Ahead,Right Rear Quarter Panel,Right Rear Quarter Panel,No Damage,,,N,,Passing Too Closely,Unspecified,BROOKLYN,11212.0,"(40.66255, -73.90893)",0.0,0.0,0,0,0,0,0,0,Bus,Sedan,0
19698269,4324567,06/29/2020,17:30,99b0c8f3-e51a-459f-a5e4-8d24137b57e4,Station Wagon/Sport Utility Vehicle,NISS -CAR/SUV,2012.0,1.0,F,Licensed,Going Straight Ahead,Left Front Bumper,Left Front Bumper,Left Front Quarter Panel,,,N,,Unspecified,Unspecified,QUEENS,11418.0,"(40.692284, -73.84203)",0.0,0.0,0,0,0,0,0,0,Sedan,Station Wagon/Sport Utility Vehicle,0
19759090,4352096,09/27/2020,05:37,90868f7a-99b4-41bc-b4bf-34cbf256b887,Flatbed,HINO,2013.0,1.0,M,Licensed,Going Straight Ahead,Center Front End,Center Front End,,,,N,,Brakes Defective,Unspecified,MANHATTAN,10023.0,"(40.7736, -73.98158)",0.0,0.0,0,0,0,0,0,0,Sedan,Flatbed,0
19698268,4324567,06/29/2020,17:30,2ad83e62-0cad-4013-a368-7568170b0a53,Sedan,CHEV -CAR/SUV,2006.0,1.0,F,Licensed,Going Straight Ahead,Left Front Bumper,Left Front Bumper,Right Front Quarter Panel,Right Side Doors,Right Side Doors,N,,Driver Inattention/Distraction,Driver Inattention/Distraction,QUEENS,11418.0,"(40.692284, -73.84203)",0.0,0.0,0,0,0,0,0,0,Sedan,Station Wagon/Sport Utility Vehicle,0
19765984,4354834,10/05/2020,09:00,4a6e187d-2cb1-4552-960a-17f28a24ecb4,Station Wagon/Sport Utility Vehicle,LEXS -CAR/SUV,2018.0,1.0,F,Licensed,Going Straight Ahead,Left Front Bumper,Left Front Bumper,Left Front Bumper,Left Front Bumper,Left Front Bumper,N,,Unspecified,Unspecified,BROOKLYN,11203.0,"(40.650597, -73.94663)",0.0,0.0,0,0,0,0,0,0,Station Wagon/Sport Utility Vehicle,,0
19600766,4290339,02/18/2020,13:50,0a024a8d-413c-4a48-aeca-5c5807079c1d,Station Wagon/Sport Utility Vehicle,TOYT -CAR/SUV,2016.0,1.0,M,Licensed,Going Straight Ahead,Center Back End,Center Back End,Left Rear Bumper,No Damage,No Damage,N,,Other Vehicular,Other Vehicular,,,"(40.65993, -73.891655)",0.0,0.0,0,0,0,0,0,0,Station Wagon/Sport Utility Vehicle,Station Wagon/Sport Utility Vehicle,0
19791670,4366630,11/10/2020,19:56,3bbd88c5-a78b-49b9-bbb2-d7ffc83c8383,Station Wagon/Sport Utility Vehicle,FORD -CAR/SUV,2009.0,1.0,M,Licensed,Going Straight Ahead,Right Front Bumper,Right Front Bumper,Right Front Quarter Panel,Center Front End,,N,,Unspecified,Unspecified,,,,2.0,0.0,0,0,0,0,2,0,Station Wagon/Sport Utility Vehicle,Sedan,1
19698306,4324325,06/29/2020,18:55,e0373a46-7d36-42b9-ada3-66ab329dfb0f,Station Wagon/Sport Utility Vehicle,NISS -CAR/SUV,2018.0,1.0,F,Licensed,Parked,Left Side Doors,Left Side Doors,Left Side Doors,Left Side Doors,,Unspecified,,Unspecified,Unspecified,BRONX,10462.0,"(40.8395, -73.86384)",0.0,0.0,0,0,0,0,0,0,Station Wagon/Sport Utility Vehicle,Station Wagon/Sport Utility Vehicle,0