UNIQUE_ID,COLLISION_ID,CRASH_DATE,CRASH_TIME,VEHICLE_ID,VEHICLE_TYPE,VEHICLE_MAKE,VEHICLE_YEAR,VEHICLE_OCCUPANTS,DRIVER_SEX,DRIVER_LICENSE_STATUS,PRE_CRASH,POINT_OF_IMPACT,VEHICLE_DAMAGE,VEHICLE_DAMAGE_1,VEHICLE_DAMAGE_2,VEHICLE_DAMAGE_3,PUBLIC_PROPERTY_DAMAGE,PUBLIC_PROPERTY_DAMAGE_TYPE,CONTRIBUTING_FACTOR_1,CONTRIBUTING_FACTOR_2,BOROUGH,ZIP CODE,LOCATION,NUMBER OF PERSONS INJURED,NUMBER OF PERSONS KILLED,NUMBER OF PEDESTRIANS INJURED,NUMBER OF PEDESTRIANS KILLED,NUMBER OF CYCLIST INJURED,NUMBER OF CYCLIST KILLED,NUMBER OF MOTORIST INJURED,NUMBER OF MOTORIST KILLED,VEHICLE TYPE CODE 1,VEHICLE TYPE CODE 2,Severity
19520517,4269560,01/03/2020,19:35,585d6dbc-0fc9-4e47-9ff5-35c7a15dd80b,Taxi,FORD -CAR/SUV,2011.0,1.0,M,Licensed,Changing Lanes,Right Front Quarter Panel,Right Front Quarter Panel,No Damage,No Damage,No Damage,N,,Unsafe Lane Changing,Unspecified,BROOKLYN,11222.0,"(40.73046, -73.9515)",0.0,0.0,0,0,0,0,0,0,Pick-up Truck,Taxi,0
19759526,4352440,09/27/2020,22:18,9b741104-6b3b-42a4-8be2-c7565971804a,Sedan,DODG -CAR/SUV,2019.0,1.0,,,Going Straight Ahead,Center Front End,Left Front Bumper,,,,N,,Following Too Closely,Unsafe Speed,,,"(40.613052, -73.94913)",0.0,0.0,0,0,0,0,0,0,Sedan,Sedan,0
19588282,4304132,03/27/2020,04:30,7840856d-28ce-4559-b537-48540faf6a04,Pick-up Truck,GMC -CAR/SUV,2018.0,1.0,M,Licensed,Going Straight Ahead,Center Front End,Center Front End,Left Front Bumper,Right Front Bumper,No Damage,Unspecified,,Unspecified,Unspecified,,,"(40.844982, -73.92067)",2.0,0.0,0,0,0,0,2,0,Sedan,Pick-up Truck,1
19810942,4375388,12/11/2020,09:30,34a7547d-e8c7-497d-9ddf-af256694e5ab,Box Truck,COURIER,2009.0,0.0,,,Parked,Roof,No Damage,No Damage,No Damage,No Damage,Y,,Driver Inattention/Distraction,Unspecified,BROOKLYN,11212.0,"(40.658707, -73.90602)",0.0,0.0,0,0,0,0,0,0,Box Truck,,0
19755855,4350471,09/21/2020,11:00,15bf2765-57a1-4533-8fab-2eb311577578,Sedan,INFI -CAR/SUV,2018.0,0.0,,,Parked,Left Side Doors,Left Side Doors,No Damage,No Damage,No Damage,N,,Unspecified,Unspecified,BROOKLYN,11206.0,"(40.69523, -73.95045)",0.0,0.0,0,0,0,0,0,0,Sedan,,0
19765297,4354448,10/04/2020,14:15,e77b9271-21e7-4a03-a0f0-e951fbe048f1,Station Wagon/Sport Utility Vehicle,GMC -CAR/SUV,2017.0,2.0,M,Licensed,Making Left Turn,Center Front End,No Damage,,,,N,,Unspecified,Unspecified,BROOKLYN,11226.0,"(40.65264, -73.949776)",0.0,0.0,0,0,0,0,0,0,Station Wagon/Sport Utility Vehicle,,0
19586385,4288484,02/14/2020,14:25,6dceea84-0888-4c07-bb3e-594b54c92d9b,Station Wagon/Sport Utility Vehicle,TOYT -CAR/SUV,2016.0,1.0,M,Licensed,Slowing or Stopping,Center Back End,Center Back End,,,,N,,Unspecified,Unspecified,QUEENS,11432.0,"(40.707794, -73.80255)",0.0,0.0,0,0,0,0,0,0,Pick-up Truck,Station Wagon/Sport Utility Vehicle,0
19535271,4294589,02/25/2020,12:30,7b9e0a1d-428f-404c-83fd-6d56680280cf,Taxi,LINC -CAR/SUV,2004.0,1.0,M,Licensed,Going Straight Ahead,Right Front Bumper,Right Front Bumper,Right Front Quarter Panel,No Damage,No Damage,N,,Driver Inattention/Distraction,Following Too Closely,MANHATTAN,10027.0,"(40.808292, -73.94883)",0.0,0.0,0,0,0,0,0,0,Taxi,Station Wagon/Sport Utility Vehicle,0
19818691,4378915,12/24/2020,12:50,525d1d70-fbe4-4d5f-ba81-4df5cd5d9ef5,Sedan,TOYT -CAR/SUV,2012.0,1.0,F,Licensed,Making Right Turn,Center Front End,No Damage,No Damage,No Damage,No Damage,N,,Failure to Yield Right-of-Way,Driver Inattention/Distraction,QUEENS,11694.0,"(40.581543, -73.82386)",1.0,0.0,1,0,0,0,0,0,Sedan,,1
19558430,4288793,02/14/2020,16:05,7315ad75-7c1a-416e-a6ee-29276757ac82,Station Wagon/Sport Utility Vehicle,JEEP -CAR/SUV,2018.0,1.0,M,Licensed,Going Straight Ahead,Center Front End,Center Front End,,,,N,,Driver Inattention/Distraction,Driver Inattention/Distraction,MANHATTAN,10019.0,"(40.76546, -73.99124)",1.0,0.0,0,0,0,0,1,0,Station Wagon/Sport Utility Vehicle,Sedan,1
19735866,4341693,08/22/2020,22:45,a1b81b26-5f7f-482d-a3ca-376f8ad60ceb,Motorcycle,TRUM -MCL,2006.0,2.0,M,Licensed,Going Straight Ahead,Center Front End,Center Front End,Right Front Bumper,Left Front Quarter Panel,No Damage,N,,Unspecified,Unspecified,STATEN ISLAND,10301.0,"(40.61578, -74.103035)",2.0,0.0,0,0,0,0,2,0,Motorcycle,Station Wagon/Sport Utility Vehicle,1
19734073,4340752,08/21/2020,09:00,4addb9e4-94d0-4e86-ae2f-ba6f754d894d,Sedan,TOYT -CAR/SUV,2019.0,1.0,F,Licensed,Making Left Turn,Left Front Bumper,Left Front Bumper,Center Front End,No Damage,No Damage,N,,Unspecified,Unspecified,MANHATTAN,10010.0,"(40.73541, -73.97515)",0.0,0.0,0,0,0,0,0,0,Bus,Sedan,0
19796860,4367636,11/13/2020,15:35,9f6c57e9-8763-4ecd-840b-ee7465d46d38,Station Wagon/Sport Utility Vehicle,FORD -CAR/SUV,2017.0,1.0,M,Licensed,Entering Parked Position,Center Back End,Center Back End,Right Rear Bumper,Left Rear Bumper,,N,,Unspecified,Unspecified,BRONX,10469.0,"(40.877487, -73.84531)",1.0,0.0,0,0,0,0,1,0,Station Wagon/Sport Utility Vehicle,Sedan,1
19573448,4294154,02/27/2020,03:00,98555adc-c21f-487f-83f4-813c01bbd9b4,Sedan,CHEV -CAR/SUV,2011.0,2.0,F,Licensed,Going Straight Ahead,Left Front Bumper,Left Front Bumper,Center Front End,Right Front Bumper,,N,,Driver Inexperience,Unsafe Speed,,,"(40.598392, -73.90629)",1.0,0.0,0,0,0,0,1,0,Sedan,,1
19735600,4341414,08/22/2020,15:11,3abd5aca-428d-4037-9ee5-77e099369cc5,Sedan,FORD -CAR/SUV,2017.0,1.0,M,Licensed,Going Straight Ahead,Left Rear Bumper,Left Rear Bumper,Left Rear Quarter Panel,,,N,,Unspecified,Unspecified,,,"(40.674934, -73.80186)",0.0,0.0,0,0,0,0,0,0,Sedan,Sedan,0
19783826,4363373,11/01/2020,11:10,35138b70-6e1d-4ad6-abc7-d7a5eeb392c5,Station Wagon/Sport Utility Vehicle,ACUR -CAR/SUV,2005.0,1.0,M,Licensed,Going Straight Ahead,Center Front End,Center Front End,Center Front End,Left Front Quarter Panel,Other,N,,Fell Asleep,Fell Asleep,,,"(40.85477, -73.90299)",1.0,0.0,0,0,0,0,1,0,Station Wagon/Sport Utility Vehicle,Sedan,1
19807328,4373550,12/05/2020,13:50,513de524-dd8c-4c69-8b7d-45d9d16171df,Station Wagon/Sport Utility Vehicle,VOLV -CAR/SUV,2011.0,1.0,F,Licensed,Going Straight Ahead,Right Front Quarter Panel,No Damage,No Damage,No Damage,No Damage,N,,Unspecified,Unspecified,BROOKLYN,11203.0,"(40.64854, -73.924255)",0.0,0.0,0,0,0,0,0,0,Sedan,Station Wagon/Sport Utility Vehicle,0
19762598,4353554,10/01/2020,08:15,7e03f772-1f1f-4b36-b32c-998ddc525c77,Bus,INTL-TRUCK/BUS,2009.0,7.0,M,Licensed,Going Straight Ahead,Right Rear Quarter Panel,Right Rear Quarter Panel,,,,N,,Driver Inattention/Distraction,Unspecified,STATEN ISLAND,10301.0,"(40.636143, -74.08658)",0.0,0.0,0,0,0,0,0,0,Station Wagon/Sport Utility Vehicle,Bus,0
19542170,4290284,02/14/2020,09:16,a85eb78b-85d8-4d5a-bc52-8b82c32118cc,Pick-up Truck,FORD -CAR/SUV,2013.0,3.0,F,Licensed,Backing,Center Back End,No Damage,No Damage,No Damage,No Damage,N,,Backing Unsafely,Driver Inattention/Distraction,BROOKLYN,11233.0,"(40.677017, -73.92182)",0.0,0.0,0,0,0,0,0,0,Pick-up Truck,Station Wagon/Sport Utility Vehicle,0
19698285,4324548,06/30/2020,09:18,d9b30a76-e9fd-460e-9f6e-788ca5789524,Station Wagon/Sport Utility Vehicle,FORD -CAR/SUV,2007.0,1.0,M,Licensed,Going Straight Ahead,Left Front Bumper,No Damage,No Damage,No Damage,No Damage,N,,Aggressive Driving/Road Rage,Unspecified,,,"(40.812622, -73.92934)",1.0,0.0,0,0,0,0,1,0,Station Wagon/Sport Utility Vehicle,Sedan,1
19545603,4281004,01/30/2020,09:15,4eff4fbe-2aec-4c99-b679-003fba3d65ea,Station Wagon/Sport Utility Vehicle,LNDR -CAR/SUV,2019.0,1.0,F,Licensed,Changing Lanes,Left Front Bumper,Left Front Bumper,Left Front Quarter Panel,No Damage,No Damage,N,,Driver Inattention/Distraction,Unsafe Lane Changing,,,"(40.748863, -73.97584)",0.0,0.0,0,0,0,0,0,0,Taxi,Station Wagon/Sport Utility Vehicle,0
19734956,4341133,08/21/2020,04:50,af14890f-62b6-496a-8f7d-f98690c188f6,Station Wagon/Sport Utility Vehicle,TOYT -CAR/SUV,2018.0,1.0,M,Licensed,Going Straight Ahead,Right Front Quarter Panel,Right Front Quarter Panel,Right Side Doors,Right Rear Quarter Panel,No Damage,N,,Unspecified,Unspecified,MANHATTAN,10128.0,"(40.783955, -73.94638)",0.0,0.0,0,0,0,0,0,0,Station Wagon/Sport Utility Vehicle,Station Wagon/Sport Utility Vehicle,0
19680538,4316356,05/27/2020,18:00,f6f2e757-f02a-46da-a137-baa764a262a4,Sedan,HYUN -CAR/SUV,2019.0,2.0,F,Licensed,Parked,Left Rear Bumper,Left Rear Bumper,Left Rear Quarter Panel,Left Rear Quarter Panel,No Damage,N,,Other Vehicular,Other Vehicular,BROOKLYN,11207.0,"(40.655983, -73.897575)",0.0,0.0,0,0,0,0,0,0,Bus,Sedan,0
19521248,4268870,01/04/2020,12:22,6e48d034-66ab-40cf-981f-8e380a530d5b,Station Wagon/Sport Utility Vehicle,HYUN -CAR/SUV,2008.0,1.0,M,Licensed,Changing Lanes,Left Front Bumper,Left Front Quarter Panel,,,,N,,Reaction to Uninvolved Vehicle,Unsafe Lane Changing,BRONX,10457.0,"(40.851357, -73.89533)",0.0,0.0,0,0,0,0,0,0,Station Wagon/Sport Utility Vehicle,Station Wagon/Sport Utility Vehicle,0
19603821,4299310,03/11/2020,14:30,d145052f-a2e3-4205-812d-28035192acb7,Station Wagon/Sport Utility Vehicle,HOND -CAR/SUV,2019.0,1.0,M,Licensed,Backing,Right Rear Bumper,Right Rear Bumper,,,,N,,Backing Unsafely,Driver Inattention/Distraction,QUEENS,11432.0,"(40.70956, -73.79804)",0.0,0.0,0,0,0,0,0,0,Station Wagon/Sport Utility Vehicle,Station Wagon/Sport Utility Vehicle,0
19813077,4376385,12/15/2020,16:04,551e77f2-0fe7-45b3-b41d-1c44c7215059,Station Wagon/Sport Utility Vehicle,FREIGHTLINER,2021.0,1.0,M,Licensed,Starting from Parking,Left Front Bumper,Left Front Bumper,Center Front End,,,N,,Failure to Yield Right-of-Way,Unspecified,BROOKLYN,11228.0,"(40.62135, -74.01712)",0.0,0.0,0,0,0,0,0,0,Station Wagon/Sport Utility Vehicle,Station Wagon/Sport Utility Vehicle,0
19603998,4292914,02/24/2020,11:45,2dbac9cc-8330-4ef5-a780-907c8adc9814,Sedan,FORD -CAR/SUV,2008.0,1.0,M,Licensed,Going Straight Ahead,Left Front Quarter Panel,Left Front Quarter Panel,Left Front Bumper,,,N,,Driver Inattention/Distraction,Unspecified,,,"(40.67118, -73.89181)",0.0,0.0,0,0,0,0,0,0,Sedan,Sedan,0
19572212,4297055,03/02/2020,08:25,bfd938c9-4f53-4a00-94d4-cbbf8e5e8288,Station Wagon/Sport Utility Vehicle,TOYT -CAR/SUV,2018.0,3.0,F,Licensed,Going Straight Ahead,Center Front End,Center Front End,No Damage,No Damage,No Damage,N,,Following Too Closely,Driver Inattention/Distraction,BROOKLYN,11207.0,"(40.68665, -73.91315)",0.0,0.0,0,0,0,0,0,0,Pick-up Truck,Station Wagon/Sport Utility Vehicle,0
19614824,4303058,03/21/2020,19:25,cdf0ea3b-06aa-4438-a12b-ded7ad7042ff,Station Wagon/Sport Utility Vehicle,MERZ -CAR/SUV,2016.0,1.0,M,Licensed,Parked,Center Back End,Center Back End,,,,N,,Unspecified,Unspecified,BROOKLYN,11208.0,"(40.674232, -73.86177)",1.0,0.0,0,0,0,0,1,0,Station Wagon/Sport Utility Vehicle,Station Wagon/Sport Utility Vehicle,1
19793328,4367455,11/13/2020,00:00,6e879d48-bcd3-4be0-b283-0c22a042e715,Sedan,HOND -CAR/SUV,2013.0,,,,,Center Front End,Center Front End,Left Front Bumper,Right Front Bumper,,Unspecified,,,,BROOKLYN,11210.0,"(40.6323, -73.93702)",0.0,0.0,0,0,0,0,0,0,Sedan,Sedan,0
19522503,4269079,01/05/2020,12:55,f6a33cf6-1835-41b6-a878-ca90c5c3c222,Station Wagon/Sport Utility Vehicle,MAZD -CAR/SUV,2005.0,1.0,M,Licensed,Going Straight Ahead,Right Front Bumper,Left Front Bumper,Right Front Quarter Panel,Right Side Doors,Overturned,Unspecified,,Alcohol Involvement,Drugs (illegal),,,"(40.882328, -73.891655)",1.0,0.0,0,0,0,0,1,0,4 dr sedan,Station Wagon/Sport Utility Vehicle,1
19787667,4364774,11/06/2020,10:00,04e3be0f-2107-4438-9f5c-41c1d71b2c67,Sedan,MERZ -CAR/SUV,2007.0,0.0,,,Parked,Left Side Doors,Left Side Doors,Left Rear Quarter Panel,,,N,,Unspecified,Unspecified,,,"(40.76912, -73.95505)",0.0,0.0,0,0,0,0,0,0,Sedan,,0
19676382,4314793,05/15/2020,00:30,31ac4dd6-a369-43da-a8a0-af1395bf36d8,Sedan,HOND -CAR/SUV,2015.0,1.0,M,Unlicensed,Making Right Turn,Right Front Bumper,Right Front Bumper,Left Front Quarter Panel,Left Rear Quarter Panel,Right Rear Quarter Panel,Y,,Driver Inattention/Distraction,Driver Inexperience,MANHATTAN,10037.0,"(40.81094, -73.94318)",0.0,0.0,0,0,0,0,0,0,Sedan,Station Wagon/Sport Utility Vehicle,0
19529179,4274471,01/16/2020,14:00,36c4fdb0-ef8d-4a0b-9b80-5c8436c6cc7c,Sedan,TOYT -CAR/SUV,2018.0,1.0,M,Licensed,Going Straight Ahead,Left Front Quarter Panel,Left Front Quarter Panel,,,,N,,Passing or Lane Usage Improper,Reaction to Uninvolved Vehicle,,,"(40.677605, -74.002754)",0.0,0.0,0,0,0,0,0,0,Sedan,Sedan,0
19612966,4306347,03/08/2020,21:19,1806e79d-6386-4030-bab3-108a3fe4885d,Bus,NE/FL,2018.0,0.0,,,Parked,Left Side Doors,Left Side Doors,Left Rear Quarter Panel,Left Front Quarter Panel,,N,,Unspecified,Unspecified,,,"(40.759567, -73.83015)",2.0,0.0,0,0,0,0,2,0,Station Wagon/Sport Utility Vehicle,Station Wagon/Sport Utility Vehicle,1
19812073,4376023,12/09/2020,13:40,7ad914d0-1a70-4a07-ba2d-cb63c8bfa3e0,7532433,unknown,,0.0,,,Parked,Left Front Bumper,Left Front Bumper,No Damage,No Damage,No Damage,N,,Unspecified,Unspecified,,,"(40.83089, -73.94348)",0.0,0.0,0,0,0,0,0,0,7532433,Station Wagon/Sport Utility Vehicle,0
19822926,4380620,12/31/2020,13:41,a08f21bd-b1a9-4ff0-b91a-1930271f5ebf,Box Truck,NISS-TRUCK/BUS,2007.0,1.0,M,Licensed,Starting from Parking,Left Front Bumper,Left Front Bumper,,,,N,,Failure to Yield Right-of-Way,Unspecified,QUEENS,11385.0,"(40.70969, -73.921585)",0.0,0.0,0,0,0,0,0,0,Box Truck,Sedan,0
19685860,4318801,06/09/2020,10:35,021a01f7-4f91-4b99-8acd-ba4171c18615,Station Wagon/Sport Utility Vehicle,NISS -CAR/SUV,2013.0,2.0,M,Licensed,Going Straight Ahead,Center Front End,Center Front End,Left Front Bumper,Right Front Bumper,,N,,Following Too Closely,Unspecified,,,"(40.75548, -73.74173)",0.0,0.0,0,0,0,0,0,0,Station Wagon/Sport Utility Vehicle,Station Wagon/Sport Utility Vehicle,0
19587188,4297716,03/04/2020,15:00,3829f587-6275-42ad-967f-4cc7256d8c3b,Station Wagon/Sport Utility Vehicle,CHEV -CAR/SUV,2017.0,1.0,M,Licensed,Going Straight Ahead,Right Rear Bumper,Right Rear Bumper,,,,N,,Passing or Lane Usage Improper,Unspecified,QUEENS,11433.0,"(40.698418, -73.80106)",0.0,0.0,0,0,0,0,0,0,Station Wagon/Sport Utility Vehicle,Sedan,0
19788848,4365565,11/05/2020,06:00,58b0543e-1726-4cea-882e-75b6dca3ef20,Sedan,NISS -CAR/SUV,2011.0,1.0,M,Licensed,Going Straight Ahead,Right Front Bumper,Center Front End,Left Front Bumper,,,N,,Following Too Closely,Unspecified,,,"(40.599293, -73.90485)",0.0,0.0,0,0,0,0,0,0,Pick-up Truck,Sedan,0
19604984,4310564,04/26/2020,20:20,05814adf-a6d0-49fc-9402-c18eb7b9950d,Sedan,DODG -CAR/SUV,2013.0,1.0,M,Licensed,Going Straight Ahead,Left Front Bumper,Left Front Bumper,Left Front Quarter Panel,,,N,,Following Too Closely,Unspecified,BRONX,10455.0,"(40.812126, -73.90419)",0.0,0.0,0,0,0,0,0,0,Sedan,,0
19701096,4325926,07/02/2020,19:45,a200bb11-a032-4f09-bb3b-24e369c1aa2d,Sedan,CHEV -CAR/SUV,2007.0,1.0,M,Licensed,Making Right Turn,Right Rear Quarter Panel,Right Rear Quarter Panel,,,,N,,Passing or Lane Usage Improper,Unspecified,BRONX,10472.0,"(40.835857, -73.87213)",2.0,0.0,0,0,0,0,2,0,Sedan,Sedan,1
19808390,4374267,12/08/2020,10:15,7a155f11-4517-4a8d-846e-f1245c6f5964,Sedan,BMW -CAR/SUV,2021.0,1.0,F,Licensed,Going Straight Ahead,Center Back End,Right Rear Bumper,Center Back End,Left Rear Bumper,,N,,Unspecified,Unspecified,BROOKLYN,11226.0,"(40.65319, -73.96622)",0.0,0.0,0,0,0,0,0,0,Sedan,,0
19567084,4292357,02/23/2020,13:00,77a858eb-c57e-4a87-9116-d8d38f8b48e6,Sedan,VOLK -CAR/SUV,2019.0,2.0,M,Licensed,Going Straight Ahead,Right Front Bumper,Right Front Bumper,Right Front Quarter Panel,,,N,,Unspecified,Unspecified,,,"(40.689728, -73.99017)",2.0,0.0,0,0,0,0,2,0,Station Wagon/Sport Utility Vehicle,Sedan,1
19530376,4273979,01/15/2020,08:30,a03b2431-b695-44cf-bcb5-261b8e34f68d,Station Wagon/Sport Utility Vehicle,HOND -CAR/SUV,2012.0,2.0,M,Licensed,Going Straight Ahead,Left Rear Bumper,Left Rear Bumper,,,,N,,Unspecified,Unspecified,BRONX,10457.0,"(40.84541, -73.891136)",0.0,0.0,0,0,0,0,0,0,Station Wagon/Sport Utility Vehicle,Sedan,0
19823311,4380945,12/11/2020,00:45,e577f066-1e1f-426a-8130-670a95397ab3,Sedan,HOND -CAR/SUV,2008.0,1.0,M,Licensed,Parked,Center Back End,Left Rear Bumper,,,,N,,Unspecified,Unspecified,BRONX,10463.0,"(40.87924, -73.89951)",0.0,0.0,0,0,0,0,0,0,Station Wagon/Sport Utility Vehicle,Sedan,0
19542613,4289199,01/29/2020,15:55,47731983-0657-4844-bafa-a33eaff7cf7c,Station Wagon/Sport Utility Vehicle,KIA -CAR/SUV,2011.0,0.0,,,Parked,Left Rear Bumper,Left Rear Bumper,Right Rear Bumper,Right Front Quarter Panel,Right Front Bumper,N,,Unspecified,Unspecified,BROOKLYN,11213.0,"(40.677887, -73.93814)",0.0,0.0,0,0,0,0,0,0,Station Wagon/Sport Utility Vehicle,Sedan,0
19525969,4271829,01/11/2020,05:15,189bd3f0-dec8-49ca-a90a-346d84b14dd0,Station Wagon/Sport Utility Vehicle,CHEV -CAR/SUV,2007.0,0.0,,,Parked,Left Rear Quarter Panel,Left Rear Quarter Panel,Left Rear Bumper,Center Back End,,N,,Unspecified,Unspecified,,,"(40.638863, -74.1674)",0.0,0.0,0,0,0,0,0,0,Sedan,Station Wagon/Sport Utility Vehicle,0
19699676,4325041,07/01/2020,19:00,d72d01ea-0968-4a40-bb5d-197b4732e700,Sedan,TOYT -CAR/SUV,2017.0,1.0,F,Unlicensed,Going Straight Ahead,Center Back End,Center Back End,Right Rear Bumper,Left Rear Bumper,Center Front End,N,,Unspecified,Unspecified,,,"(40.691914, -73.88363)",0.0,0.0,0,0,0,0,0,0,Sedan,Sedan,0
19745331,4345724,09/07/2020,09:54,e54ca6d5-32d1-490f-bc85-a566a5ca9021,Sedan,AUDI -CAR/SUV,2012.0,0.0,,,Parked,Left Front Bumper,Left Front Bumper,No Damage,No Damage,,N,,Unspecified,Unspecified,,,"(40.72245, -73.84626)",2.0,0.0,0,0,0,0,2,0,Sedan,Sedan,1
19700214,4325370,07/01/2020,17:15,42953b2f-4254-40c7-bed5-9424d57e471d,Station Wagon/Sport Utility Vehicle,JEEP -CAR/SUV,2014.0,1.0,F,Licensed,Going Straight Ahead,Right Front Bumper,No Damage,,,,N,,Driver Inattention/Distraction,Unspecified,BROOKLYN,11235.0,"(40.587574, -73.964714)",1.0,0.0,0,0,1,0,0,0,Station Wagon/Sport Utility Vehicle,Bike,1
19806403,4372874,12/02/2020,14:00,0f95abaf-3c10-4762-8292-8ae181092946,Station Wagon/Sport Utility Vehicle,Jeep,2011.0,0.0,,,Parked,Center Back End,Center Back End,,,,N,,Unspecified,Unspecified,,,"(40.796555, -73.82187)",0.0,0.0,0,0,0,0,0,0,Station Wagon/Sport Utility Vehicle,,0
19566103,4312020,05/04/2020,17:05,36be7595-2249-4b92-86cf-392e47b4bad0,Sedan,HOND -CAR/SUV,2004.0,1.0,,,Going Straight Ahead,Center Front End,Center Front End,Center Back End,No Damage,No Damage,Unspecified,,Following Too Closely,Driver Inattention/Distraction,,,"(40.831978, -73.93515)",0.0,0.0,0,0,0,0,0,0,Sedan,Sedan,0
19527044,4269882,01/07/2020,08:25,0a05479b-a1f5-4a9b-b2be-6f2fd3aebc45,Station Wagon/Sport Utility Vehicle,HOND -CAR/SUV,2007.0,1.0,M,Licensed,Starting from Parking,Left Front Bumper,Left Front Bumper,Left Front Quarter Panel,,,N,,Driver Inattention/Distraction,Failure to Yield Right-of-Way,QUEENS,11435.0,"(40.706024, -73.80876)",0.0,0.0,0,0,0,0,0,0,Sedan,Station Wagon/Sport Utility Vehicle,0
19679444,4316034,05/26/2020,13:30,1663cfd5-e929-4395-94af-62920625ad64,Pick-up Truck,CHEV -CAR/SUV,2016.0,1.0,M,Licensed,Stopped in Traffic,Center Back End,No Damage,No Damage,No Damage,No Damage,N,,Unspecified,Unspecified,BRONX,10454.0,"(40.809105, -73.9229)",0.0,0.0,0,0,0,0,0,0,Pick-up Truck,Sedan,0
19769306,4356474,10/09/2020,23:28,b8e0948e-af72-4f27-ae83-b125734cbfcd,Sedan,NISS -CAR/SUV,2016.0,1.0,M,Licensed,Going Straight Ahead,Center Front End,Center Front End,,,,N,,Driver Inattention/Distraction,Failure to Keep Right,BROOKLYN,11225.0,"(40.664055, -73.9427)",1.0,0.0,0,0,0,0,1,0,Sedan,Sedan,1
19532001,4273112,01/12/2020,15:36,cab8458e-6a20-4dff-a15f-71ac86f79ecd,Sedan,PORS -CAR/SUV,2017.0,4.0,F,Licensed,Going Straight Ahead,Center Front End,Center Front End,Left Front Bumper,Right Front Bumper,,N,,Unspecified,Unspecified,,,,0.0,0.0,0,0,0,0,0,0,Sedan,Sedan,0
19756182,4350525,09/22/2020,13:45,be50deff-c624-4781-aaba-7c5361fed1cd,Bus,tr/te,2018.0,2.0,M,Licensed,Going Straight Ahead,Center Back End,Center Back End,,,,N,,Unspecified,Unspecified,,,"(40.73834, -73.80485)",0.0,0.0,0,0,0,0,0,0,Bus,Sedan,0
19721141,4330573,07/20/2020,22:14,cc224a48-32c9-481f-883e-de876a69908c,Sedan,BMW -CAR/SUV,2013.0,0.0,,,Parked,Left Rear Quarter Panel,Left Rear Quarter Panel,No Damage,No Damage,No Damage,Unspecified,,Unspecified,Unspecified,,,"(40.857166, -73.92824)",0.0,0.0,0,0,0,0,0,0,Sedan,Sedan,0
19724486,4336594,08/05/2020,14:00,6b0b5cce-3338-48f2-80df-86742b120a97,Station Wagon/Sport Utility Vehicle,FORD -CAR/SUV,2004.0,1.0,M,Licensed,Making Left Turn,Right Front Bumper,Right Front Bumper,Right Front Quarter Panel,Right Side Doors,No Damage,N,,Brakes Defective,Unspecified,BROOKLYN,11205.0,"(40.69731, -73.96481)",0.0,0.0,0,0,0,0,0,0,Station Wagon/Sport Utility Vehicle,,0
19799773,4364420,11/04/2020,18:44,5de9dc53-285b-46db-8038-eb945060cb3c,Sedan,CHRY -CAR/SUV,2013.0,2.0,M,Licensed,Going Straight Ahead,Center Front End,Center Front End,Left Front Bumper,Right Front Bumper,No Damage,N,,Unspecified,Unspecified,BRONX,10453.0,"(40.856106, -73.90646)",3.0,0.0,0,0,0,0,3,0,Sedan,Sedan,1
19791817,4366523,11/09/2020,16:23,e1916ab6-8c54-4a46-ac64-5544b0610b57,Sedan,TOYT -CAR/SUV,1999.0,0.0,,,Parked,Center Back End,Left Rear Bumper,Center Back End,Right Rear Bumper,,N,,Unspecified,Unspecified,BROOKLYN,11208.0,"(40.681152, -73.86957)",0.0,0.0,0,0,0,0,0,0,Carry All,Sedan,0
19601317,4304514,03/29/2020,15:38,0fd3bc02-990a-45be-8329-51437742b0ea,Sedan,BMW -CAR/SUV,2011.0,1.0,M,Licensed,Going Straight Ahead,Right Front Bumper,Right Front Bumper,,,,N,,Unspecified,Unspecified,,,"(40.809563, -73.92923)",0.0,0.0,0,0,0,0,0,0,Sedan,Pick-up Truck,0
19735112,4341183,08/22/2020,12:45,ac4dc5d8-a17c-4361-ac32-018ccf7c88f1,Station Wagon/Sport Utility Vehicle,DODG -CAR/SUV,2019.0,1.0,M,Licensed,Going Straight Ahead,Center Front End,Left Front Bumper,Left Front Quarter Panel,Right Front Bumper,,N,,Driver Inattention/Distraction,Unspecified,BROOKLYN,11225.0,"(40.664455, -73.9546)",0.0,0.0,0,0,0,0,0,0,Station Wagon/Sport Utility Vehicle,Station Wagon/Sport Utility Vehicle,0
19681872,4317240,05/31/2020,23:50,ebe5e1ef-ca29-4298-8607-da65185a053a,Taxi,TOYT -CAR/SUV,2015.0,1.0,M,Licensed,Going Straight Ahead,Right Rear Quarter Panel,Right Rear Quarter Panel,Right Side Doors,Right Front Quarter Panel,Right Front Bumper,N,,Unspecified,Unspecified,,,"(40.82465, -73.94623)",1.0,0.0,0,0,0,0,1,0,Taxi,Sedan,1