UNIQUE_ID,COLLISION_ID,CRASH_DATE,CRASH_TIME,VEHICLE_ID,VEHICLE_TYPE,VEHICLE_MAKE,VEHICLE_YEAR,VEHICLE_OCCUPANTS,DRIVER_SEX,DRIVER_LICENSE_STATUS,PRE_CRASH,POINT_OF_IMPACT,VEHICLE_DAMAGE,VEHICLE_DAMAGE_1,VEHICLE_DAMAGE_2,VEHICLE_DAMAGE_3,PUBLIC_PROPERTY_DAMAGE,PUBLIC_PROPERTY_DAMAGE_TYPE,CONTRIBUTING_FACTOR_1,CONTRIBUTING_FACTOR_2,BOROUGH,ZIP CODE,LOCATION,NUMBER OF PERSONS INJURED,NUMBER OF PERSONS KILLED,NUMBER OF PEDESTRIANS INJURED,NUMBER OF PEDESTRIANS KILLED,NUMBER OF CYCLIST INJURED,NUMBER OF CYCLIST KILLED,NUMBER OF MOTORIST INJURED,NUMBER OF MOTORIST KILLED,VEHICLE TYPE CODE 1,VEHICLE TYPE CODE 2,Severity
19749475,4347683,09/12/2020,00:05,f6ecbdc0-a456-472d-a1d2-5e4375f89e7e,Sedan,CHEV -CAR/SUV,2017.0,0.0,,,Parked,Left Front Bumper,Center Front End,Center Front End,Right Front Quarter Panel,,N,,Unspecified,Unspecified,,,"(40.649193, -73.88768)",4.0,0.0,0,0,0,0,4,0,Station Wagon/Sport Utility Vehicle,Station Wagon/Sport Utility Vehicle,1
19539389,4274559,01/15/2020,23:15,66aa9742-0f3f-46b8-8377-412bdd96c643,Station Wagon/Sport Utility Vehicle,HOND -CAR/SUV,2009.0,0.0,,,Parked,Right Rear Quarter Panel,Right Side Doors,Right Front Quarter Panel,No Damage,No Damage,N,,Unspecified,Unspecified,BROOKLYN,11203.0,"(40.639835, -73.940674)",0.0,0.0,0,0,0,0,0,0,Station Wagon/Sport Utility Vehicle,Station Wagon/Sport Utility Vehicle,0
19814878,4377031,12/13/2020,13:00,7f9aca6a-b7d6-47d7-8c1f-acc2b0891cb5,Sedan,TOYT -CAR/SUV,2021.0,0.0,,,Parked,Left Side Doors,Left Side Doors,Left Front Quarter Panel,No Damage,No Damage,N,,Unspecified,Unspecified,,,"(40.838707, -73.90989)",0.0,0.0,0,0,0,0,0,0,Sedan,,0
19752541,4348818,09/16/2020,14:35,017bd656-357f-416e-9695-789178750211,Station Wagon/Sport Utility Vehicle,MITS -CAR/SUV,2018.0,2.0,F,Licensed,Making Left Turn,Right Front Bumper,Left Front Bumper,No Damage,No Damage,No Damage,N,,Unspecified,Unspecified,,,"(40.809563, -73.92923)",0.0,0.0,0,0,0,0,0,0,Station Wagon/Sport Utility Vehicle,Station Wagon/Sport Utility Vehicle,0
19700288,4325407,07/03/2020,08:00,6b9281a5-eb93-427a-8990-9ac191569d99,Station Wagon/Sport Utility Vehicle,DODG -CAR/SUV,2013.0,1.0,M,Licensed,Slowing or Stopping,Center Back End,Center Back End,Undercarriage,,,N,,Unspecified,Unspecified,,,"(40.749283, -73.756645)",0.0,0.0,0,0,0,0,0,0,Station Wagon/Sport Utility Vehicle,Station Wagon/Sport Utility Vehicle,0
19553630,4289935,02/17/2020,20:30,49c56120-ce1b-43a5-a23e-276d30adcbed,Sedan,TOYT -CAR/SUV,2015.0,1.0,M,Licensed,Making Left Turn,Right Side Doors,Right Front Quarter Panel,,,,N,,Failure to Yield Right-of-Way,Driver Inattention/Distraction,,,"(40.72227, -73.9411)",0.0,0.0,0,0,0,0,0,0,Sedan,Sedan,0
19540113,4274132,01/14/2020,22:00,28b083ee-22eb-4029-8b22-df27c71b6e6a,Station Wagon/Sport Utility Vehicle,CHEV -CAR/SUV,2018.0,1.0,M,Licensed,Going Straight Ahead,Center Back End,Center Back End,Center Front End,No Damage,No Damage,N,,Unspecified,Unspecified,BRONX,10459.0,"(40.831673, -73.88458)",0.0,0.0,0,0,0,0,0,0,Sedan,Station Wagon/Sport Utility Vehicle,0
20012800,4373942,12/04/2020,14:15,ce362bfa-7c3a-40c5-b5a1-425e67226746,Station Wagon/Sport Utility Vehicle,HOND -CAR/SUV,2017.0,2.0,F,Licensed,Going Straight Ahead,Right Front Quarter Panel,Right Side Doors,Right Front Bumper,,,N,,Unspecified,Unspecified,,,"(40.674255, -73.87989)",1.0,0.0,0,0,0,0,1,0,Station Wagon/Sport Utility Vehicle,,1
19611751,4296927,03/03/2020,15:25,630405de-9dc2-40c6-8944-f9e1b3c296ce,4 dr sedan,TOYT -CAR/SUV,2015.0,2.0,M,Licensed,Merging,Center Back End,Center Back End,,,,N,,Unspecified,Unspecified,,,"(40.786396, -73.80593)",0.0,0.0,0,0,0,0,0,0,Sedan,4 dr sedan,0
19534699,4277509,01/21/2020,13:08,6396b08a-35bf-4d7d-819b-0ca0059b918f,Station Wagon/Sport Utility Vehicle,CHRY -CAR/SUV,2012.0,,,,Going Straight Ahead,Left Front Bumper,No Damage,,,,Unspecified,,Driver Inattention/Distraction,Following Too Closely,,,"(40.676895, -73.93593)",0.0,0.0,0,0,0,0,0,0,Station Wagon/Sport Utility Vehicle,Station Wagon/Sport Utility Vehicle,0
19823891,4381221,12/25/2020,18:55,316bf960-1f23-4f25-b734-6798236ced32,Sedan,ACUR -CAR/SUV,2013.0,0.0,,,Parked,Left Front Quarter Panel,Left Front Quarter Panel,Left Front Bumper,,,Unspecified,,Unspecified,Unspecified,BROOKLYN,11213.0,"(40.672394, -73.93149)",0.0,0.0,0,0,0,0,0,0,Sedan,Sedan,0
19701386,4325695,07/03/2020,07:00,337c4585-f321-4940-8dab-00abd26a9492,Sedan,CHEV -CAR/SUV,2007.0,0.0,,,Parked,Left Front Bumper,Left Front Bumper,Left Front Quarter Panel,Left Side Doors,Left Rear Quarter Panel,N,,Unspecified,Unspecified,BROOKLYN,11207.0,"(40.662132, -73.888954)",0.0,0.0,0,0,0,0,0,0,Sedan,,0
19599157,4286576,02/10/2020,16:00,c793a52b-6a84-46d1-b724-c3074015fc5c,Sedan,BMW -CAR/SUV,2005.0,0.0,,,Parked,Left Front Quarter Panel,Left Front Quarter Panel,,,,N,,Unspecified,Unspecified,QUEENS,11356.0,"(40.784916, -73.84213)",0.0,0.0,0,0,0,0,0,0,Sedan,Station Wagon/Sport Utility Vehicle,0
19785570,4363944,11/02/2020,15:52,861aaa33-7a2a-40e2-9cc9-aa3cc370bffd,Station Wagon/Sport Utility Vehicle,CHRY -CAR/SUV,2006.0,1.0,,,Going Straight Ahead,Center Front End,Center Front End,Right Front Quarter Panel,No Damage,No Damage,N,,Traffic Control Disregarded,Passing Too Closely,BRONX,10468.0,"(40.860577, -73.90255)",1.0,0.0,0,0,0,0,1,0,Sedan,Station Wagon/Sport Utility Vehicle,1
19561487,4294566,02/17/2020,04:46,97a67e33-69a6-47ea-9e09-c6e2f2fff9e9,Sedan,BMW -CAR/SUV,2007.0,1.0,M,Licensed,Going Straight Ahead,Center Front End,Right Front Bumper,Left Front Bumper,,,Y,,Driver Inattention/Distraction,Unspecified,,,,0.0,0.0,0,0,0,0,0,0,Sedan,,0
19727354,4337808,08/05/2020,17:26,f5301f3e-6059-45c4-9167-c7b0cbf95f31,Sedan,SUBA -CAR/SUV,2014.0,1.0,F,Licensed,Changing Lanes,Right Front Bumper,Right Front Bumper,Left Front Bumper,Center Front End,Right Front Quarter Panel,N,,Unspecified,Unspecified,BROOKLYN,11233.0,"(40.671875, -73.91414)",0.0,0.0,0,0,0,0,0,0,Sedan,Sedan,0
19557385,4281840,01/26/2020,10:04,6a226fc1-184e-4707-af60-dc85fa842f41,Station Wagon/Sport Utility Vehicle,CHEV -CAR/SUV,2017.0,1.0,M,Licensed,Going Straight Ahead,Right Front Quarter Panel,Right Front Quarter Panel,,,,N,,Unspecified,Unspecified,,,,0.0,0.0,0,0,0,0,0,0,Station Wagon/Sport Utility Vehicle,Sedan,0
19685925,4318957,06/09/2020,16:25,b977e6e1-de06-4082-9d94-a9433abb6848,Box Truck,MORGAN OLSON,2016.0,1.0,,,Parked,Left Front Bumper,Right Side Doors,Right Rear Quarter Panel,,,N,,Unspecified,Unspecified,BRONX,10467.0,"(40.87129, -73.88024)",0.0,0.0,0,0,0,0,0,0,Box Truck,Box Truck,0
19701189,4325677,06/30/2020,21:00,29e29b0b-3fd2-4e8e-ba9a-7be46ea96f36,Station Wagon/Sport Utility Vehicle,TOYT -CAR/SUV,2019.0,0.0,F,Licensed,Stopped in Traffic,Right Rear Bumper,Center Back End,Right Rear Bumper,No Damage,No Damage,N,,Unspecified,Unspecified,BROOKLYN,11203.0,"(40.65378, -73.93108)",1.0,0.0,0,0,0,0,1,0,Station Wagon/Sport Utility Vehicle,Station Wagon/Sport Utility Vehicle,1
19730956,4339292,08/13/2020,11:00,249f12d9-c51d-45c4-9f9a-041fb25e4f7b,Van,FORD-TRUCK/BUS,2019.0,2.0,F,Licensed,Going Straight Ahead,Left Rear Quarter Panel,Left Rear Quarter Panel,Trailer,,,N,,Unspecified,Unspecified,,,,0.0,0.0,0,0,0,0,0,0,Station Wagon/Sport Utility Vehicle,Van,0
20366901,4295069,02/29/2020,11:45,6d113cbe-2803-4261-b453-2b0d6548dfbb,Sedan,NISS -CAR/SUV,2018.0,3.0,M,Licensed,Going Straight Ahead,Right Front Bumper,Right Front Quarter Panel,Right Front Bumper,No Damage,No Damage,N,,Unspecified,Unspecified,BROOKLYN,11235.0,"(40.57629, -73.968544)",0.0,0.0,0,0,0,0,0,0,Sedan,Sedan,0
20012798,4367656,11/14/2020,16:39,0ec091d5-c4e5-456a-baa8-a48775ee695c,Station Wagon/Sport Utility Vehicle,KIA -CAR/SUV,2020.0,2.0,M,Licensed,Going Straight Ahead,Left Side Doors,Left Side Doors,Left Front Quarter Panel,Left Rear Quarter Panel,,N,,Unspecified,Unspecified,BROOKLYN,11207.0,"(40.659275, -73.889)",2.0,0.0,0,0,0,0,2,0,Station Wagon/Sport Utility Vehicle,Sedan,1
19565242,4288410,02/13/2020,19:30,2fe584ad-e8df-44a9-847c-5b47cb31981a,Pick-up Truck,CHEV -CAR/SUV,2016.0,1.0,M,Licensed,Going Straight Ahead,Center Back End,Center Back End,Center Back End,,,N,,Unspecified,Unspecified,,,"(40.771305, -73.87664)",0.0,0.0,0,0,0,0,0,0,Pick-up Truck,Sedan,0
19565031,4294724,02/27/2020,11:28,f236aad2-ee2b-49a6-b458-ecaf05bcbc43,Station Wagon/Sport Utility Vehicle,GMC -CAR/SUV,2017.0,1.0,,,Merging,Left Front Quarter Panel,Left Front Quarter Panel,No Damage,No Damage,No Damage,N,,Failure to Yield Right-of-Way,Aggressive Driving/Road Rage,BRONX,10463.0,"(40.879868, -73.90411)",0.0,0.0,0,0,0,0,0,0,Convertible,Station Wagon/Sport Utility Vehicle,0
19593588,4311630,05/02/2020,13:55,d2386d92-96cf-4857-bb34-ec68e121f224,Sedan,MERZ -CAR/SUV,2016.0,2.0,M,Licensed,Going Straight Ahead,Center Front End,Center Front End,Center Front End,Center Back End,,N,,Unspecified,Unspecified,,,"(40.849167, -73.92393)",0.0,0.0,0,0,0,0,0,0,Station Wagon/Sport Utility Vehicle,Taxi,0
19807068,4373446,12/05/2020,00:55,8c13c3ca-2078-4179-a8cd-2b5b2865916d,Station Wagon/Sport Utility Vehicle,BMW -CAR/SUV,2021.0,0.0,,,Parked,Left Side Doors,Left Side Doors,,,,N,,Unspecified,Unspecified,QUEENS,11417.0,"(40.679485, -73.83928)",0.0,0.0,0,0,0,0,0,0,Station Wagon/Sport Utility Vehicle,,0
19798096,4369523,11/20/2020,17:18,43c8fda5-ddfe-417f-9aa5-8106c6461759,Station Wagon/Sport Utility Vehicle,LEXS -CAR/SUV,2017.0,1.0,M,Licensed,Making Right Turn,Left Front Bumper,Left Front Bumper,No Damage,No Damage,No Damage,N,,Unspecified,Unspecified,,,"(40.582542, -73.957214)",0.0,0.0,0,0,0,0,0,0,Station Wagon/Sport Utility Vehicle,Station Wagon/Sport Utility Vehicle,0
19524889,4271348,01/10/2020,05:28,e582c500-6ca5-428f-9f3d-0b2f0315e6c2,Station Wagon/Sport Utility Vehicle,GMC -CAR/SUV,2017.0,1.0,M,Licensed,Going Straight Ahead,Left Front Bumper,Left Front Quarter Panel,Left Side Doors,Center Front End,Left Front Quarter Panel,N,,Unspecified,Unspecified,,,"(40.591816, -74.14518)",1.0,0.0,0,0,0,0,1,0,Station Wagon/Sport Utility Vehicle,Sedan,1
19757645,4351089,09/23/2020,19:20,8cee9000-73ec-441f-a8f1-e6f724152001,Sedan,CHEV -CAR/SUV,2020.0,2.0,M,Licensed,Stopped in Traffic,Center Back End,Center Back End,Center Front End,Center Back End,No Damage,N,,Other Vehicular,Unspecified,BROOKLYN,11249.0,"(40.699924, -73.96171)",1.0,0.0,0,0,0,0,1,0,Station Wagon/Sport Utility Vehicle,Sedan,1
19676255,4314576,05/17/2020,17:00,fe2cd1f9-cb11-445b-b97f-bae9b4cd74dd,Sedan,MERC -CAR/SUV,1998.0,2.0,M,Licensed,Going Straight Ahead,Left Front Bumper,Center Front End,Right Front Bumper,,,N,,Unspecified,Unspecified,,,"(40.8047, -73.91243)",2.0,0.0,0,0,0,0,2,0,Sedan,Taxi,1
19552794,4291276,02/20/2020,10:00,15f84919-cc0b-498b-bb21-c8ab5a130f10,Station Wagon/Sport Utility Vehicle,MERZ -CAR/SUV,2016.0,1.0,M,Licensed,Going Straight Ahead,Center Front End,Center Front End,,,,N,,Driver Inattention/Distraction,Unspecified,MANHATTAN,10002.0,"(40.723175, -73.9894)",1.0,0.0,0,0,0,0,1,0,Sedan,Station Wagon/Sport Utility Vehicle,1
19525919,4275806,01/17/2020,12:12,4cde60e1-95ac-4915-a872-c93b655a101b,Box Truck,ISU-TRUCK/BUS,2013.0,3.0,M,Licensed,Going Straight Ahead,Left Rear Quarter Panel,Left Rear Quarter Panel,,,,N,,Passing or Lane Usage Improper,Unspecified,BROOKLYN,11215.0,"(40.673485, -73.97296)",0.0,0.0,0,0,0,0,0,0,Box Truck,Station Wagon/Sport Utility Vehicle,0
19795004,4368013,11/15/2020,01:10,6d60134e-28c8-4d25-bf5d-b69d31de2ba9,Station Wagon/Sport Utility Vehicle,ACUR -CAR/SUV,2008.0,1.0,F,Unlicensed,Going Straight Ahead,Center Front End,Right Front Bumper,Left Front Bumper,No Damage,No Damage,N,,Driver Inattention/Distraction,Unsafe Lane Changing,BROOKLYN,11212.0,"(40.65621, -73.914665)",0.0,0.0,0,0,0,0,0,0,Station Wagon/Sport Utility Vehicle,Station Wagon/Sport Utility Vehicle,0
19540771,4271691,01/11/2020,09:10,74957820-b0cc-4537-a5ea-a4f4425dd0df,Pick-up Truck,TOW,1995.0,1.0,M,Licensed,Going Straight Ahead,Right Rear Bumper,Right Rear Bumper,Center Back End,No Damage,No Damage,N,,Unspecified,Unspecified,BROOKLYN,11207.0,"(40.651337, -73.889595)",0.0,0.0,0,0,0,0,0,0,Station Wagon/Sport Utility Vehicle,Pick-up Truck,0
19680521,4316292,05/24/2020,05:50,8bb5d59e-cb24-4f78-844d-42e1ff21a569,Station Wagon/Sport Utility Vehicle,LEXS -CAR/SUV,2000.0,1.0,F,Licensed,Going Straight Ahead,Center Front End,Center Front End,Left Front Bumper,Right Front Bumper,No Damage,Unspecified,,Driver Inattention/Distraction,Unspecified,QUEENS,11357.0,"(40.78467, -73.80256)",0.0,0.0,0,0,0,0,0,0,Station Wagon/Sport Utility Vehicle,Station Wagon/Sport Utility Vehicle,0
19688395,4320008,06/13/2020,18:58,734c58d1-ef0c-4d40-9370-41f961282fd3,Sedan,HYUN -CAR/SUV,2015.0,,,,Going Straight Ahead,,,,,,Unspecified,,Passing or Lane Usage Improper,Driver Inexperience,QUEENS,11419.0,"(40.685772, -73.81819)",0.0,0.0,0,0,0,0,0,0,Station Wagon/Sport Utility Vehicle,Sedan,0
19527859,4270557,01/07/2020,23:36,983c6c15-6145-4585-994d-9b333f4afdcb,Sedan,MNNI -CAR/SUV,2007.0,2.0,M,Licensed,Going Straight Ahead,Center Back End,Center Back End,Left Rear Bumper,,,N,,Unspecified,Unspecified,,,"(40.666306, -73.79171)",3.0,0.0,0,0,0,0,3,0,Sedan,Sedan,1
19536539,4280113,01/27/2020,18:55,ab6831e0-4fb1-42b9-88a1-a190f63d1d1a,Sedan,FORD -CAR/SUV,2018.0,1.0,F,Licensed,Going Straight Ahead,Right Side Doors,Right Side Doors,No Damage,No Damage,No Damage,N,,Unspecified,Unspecified,,,"(40.818848, -73.894936)",0.0,0.0,0,0,0,0,0,0,Sedan,,0
19601152,4298524,03/06/2020,17:40,4446d4a2-eaff-4d08-ac75-27fb354f1953,Sedan,BMW -CAR/SUV,2016.0,1.0,M,Licensed,Going Straight Ahead,Left Side Doors,Left Side Doors,,,,N,,Unspecified,Unspecified,QUEENS,11432.0,,0.0,0.0,0,0,0,0,0,0,Sedan,Sedan,0
19562027,4292821,02/23/2020,20:44,40d7619f-3fa3-4e69-8bc7-b84a710d611d,Sedan,FORD -CAR/SUV,2019.0,1.0,M,Licensed,Going Straight Ahead,Center Front End,Center Back End,Center Front End,Left Rear Bumper,Right Rear Bumper,N,,Unspecified,Unspecified,,,"(40.872322, -73.90659)",2.0,0.0,0,0,0,0,2,0,Sedan,Station Wagon/Sport Utility Vehicle,1
19815732,4377425,12/18/2020,12:24,39cc18e0-0e7b-433e-92a3-babc653c95f9,,UNKNOWN,,,,,Going Straight Ahead,Right Front Bumper,,,,,Unspecified,,Passing Too Closely,Unspecified,BROOKLYN,11233.0,"(40.674595, -73.913895)",0.0,0.0,0,0,0,0,0,0,Sedan,,0
19782980,4362565,10/30/2020,11:20,55224a0d-3713-43b9-a920-f95d21edd4ab,Sedan,NISS -CAR/SUV,2000.0,2.0,M,Unlicensed,Going Straight Ahead,Center Front End,Center Front End,,,,N,,Following Too Closely,Driver Inexperience,QUEENS,11413.0,"(40.67081, -73.74264)",2.0,0.0,0,0,0,0,2,0,Sedan,Sedan,1
19803702,4372235,11/24/2020,15:00,1391a985-7a81-4df7-91be-cf8945d1d579,Station Wagon/Sport Utility Vehicle,CHEV -CAR/SUV,1994.0,0.0,,,Parked,Left Rear Bumper,Left Rear Bumper,Left Rear Quarter Panel,Center Back End,,N,,Unspecified,Unspecified,,,"(40.524612, -74.230446)",0.0,0.0,0,0,0,0,0,0,Pick-up Truck,Station Wagon/Sport Utility Vehicle,0
19546511,4287413,02/12/2020,10:15,e0108547-f853-4913-a35f-549f0c94f8f6,Station Wagon/Sport Utility Vehicle,FORD -CAR/SUV,2017.0,1.0,M,Licensed,Slowing or Stopping,Center Front End,No Damage,No Damage,No Damage,No Damage,N,,Unspecified,Unspecified,MANHATTAN,10012.0,"(40.72521, -73.99586)",0.0,0.0,0,0,0,0,0,0,Station Wagon/Sport Utility Vehicle,Station Wagon/Sport Utility Vehicle,0
19572133,4300290,03/13/2020,23:40,cf9f3daf-59bc-4abe-a83d-a992c39c7d52,Taxi,MERZ -CAR/SUV,2018.0,1.0,,,Backing,Left Rear Bumper,Left Rear Bumper,,,,N,,Backing Unsafely,,MANHATTAN,10005.0,"(40.706375, -74.00714)",0.0,0.0,0,0,0,0,0,0,Sedan,Taxi,0
19524031,4273605,01/10/2020,15:00,e04637b2-0a3c-4a96-a904-56ba271b0dee,Van,FORD,2006.0,1.0,M,Licensed,Going Straight Ahead,Right Side Doors,Right Side Doors,No Damage,No Damage,No Damage,N,,Driver Inattention/Distraction,Passing Too Closely,MANHATTAN,10033.0,"(40.854675, -73.93866)",0.0,0.0,0,0,0,0,0,0,Sedan,Van,0
19535915,4275943,01/12/2020,18:45,670d21e0-3ac3-4531-8acf-508759c9acf8,Station Wagon/Sport Utility Vehicle,DODG -CAR/SUV,2007.0,2.0,M,Licensed,Slowing or Stopping,Center Front End,Center Front End,Left Front Bumper,Right Front Bumper,,N,,Following Too Closely,Unspecified,,,,0.0,0.0,0,0,0,0,0,0,Station Wagon/Sport Utility Vehicle,Station Wagon/Sport Utility Vehicle,0
19738324,4342643,08/25/2020,14:30,c04454e0-6376-4e59-abb2-2884dda96a4b,Sedan,CHEV -CAR/SUV,2020.0,1.0,F,Licensed,Other*,Left Front Bumper,Center Front End,Left Front Quarter Panel,,,N,,Failure to Yield Right-of-Way,Unspecified,QUEENS,11435.0,"(40.7159, -73.82355)",1.0,0.0,0,0,0,0,1,0,Sedan,Sedan,1
19772381,4358114,10/15/2020,21:17,5d7611ea-dae8-4e2c-abcc-44fa8bff0679,Sedan,TOYT -CAR/SUV,2014.0,1.0,M,Licensed,Going Straight Ahead,Center Back End,Center Back End,No Damage,No Damage,No Damage,N,,Outside Car Distraction,Unspecified,MANHATTAN,10029.0,"(40.7923, -73.95046)",1.0,0.0,0,0,0,0,1,0,Sedan,Sedan,1
19766399,4355401,10/07/2020,00:00,aa791233-cc2f-4d21-ac85-f8a1b3a63dfb,Sedan,NISS -CAR/SUV,2017.0,0.0,,,Parked,Center Front End,Center Front End,,,,N,,Unspecified,Unspecified,BRONX,10457.0,"(40.849846, -73.90168)",0.0,0.0,0,0,0,0,0,0,Sedan,Sedan,0
19701755,4326070,06/27/2020,18:00,a46f084f-542d-417e-ab31-668216dcbef4,Station Wagon/Sport Utility Vehicle,ACUR -CAR/SUV,2009.0,1.0,M,Licensed,Going Straight Ahead,Left Front Bumper,Center Front End,Right Front Bumper,Center Front End,Right Front Bumper,N,,Outside Car Distraction,Reaction to Uninvolved Vehicle,,,"(40.617477, -74.02508)",0.0,0.0,0,0,0,0,0,0,Sedan,Station Wagon/Sport Utility Vehicle,0
19726272,4337104,08/10/2020,14:40,2078febc-0899-4051-83ef-434dcbce2399,Motorcycle,SUZI -MCL,2007.0,1.0,M,Licensed,Going Straight Ahead,No Damage,No Damage,,,,N,,Unspecified,Unspecified,,,"(40.724552, -73.72452)",1.0,0.0,0,0,0,0,1,0,Motorcycle,,1
19525350,4269147,01/05/2020,13:35,b3e7752d-254c-47f7-a718-1453772a879a,Station Wagon/Sport Utility Vehicle,HOND -CAR/SUV,2019.0,1.0,M,Licensed,Backing,Right Rear Bumper,Right Rear Bumper,Center Back End,Left Rear Bumper,,N,,Backing Unsafely,Unspecified,QUEENS,11377.0,"(40.763912, -73.90398)",0.0,0.0,0,0,0,0,0,0,Station Wagon/Sport Utility Vehicle,Station Wagon/Sport Utility Vehicle,0
19746980,4346664,09/03/2020,18:15,17e8f7d0-93e0-49df-9e7a-04c37b9aff42,Sedan,FORD -CAR/SUV,2017.0,1.0,M,Unlicensed,Stopped in Traffic,Right Rear Bumper,Right Rear Bumper,Center Back End,Left Rear Quarter Panel,No Damage,N,,Unspecified,Unspecified,,,"(40.68037, -73.916695)",0.0,0.0,0,0,0,0,0,0,Sedan,Taxi,0
19527453,4271023,01/09/2020,19:02,c2ba36dc-1d90-477c-a169-e529bd677e2d,Sedan,HYUN -CAR/SUV,2010.0,1.0,F,Permit,Going Straight Ahead,Center Front End,Center Front End,Left Front Bumper,Right Front Bumper,,N,,Following Too Closely,Unspecified,BRONX,10467.0,"(40.856323, -73.87244)",1.0,0.0,0,0,0,0,1,0,Sedan,Sedan,1
19802168,4371746,11/29/2020,01:37,4895ab40-1089-4ed7-9a83-b999250bfc73,Taxi,TOYT -CAR/SUV,2018.0,1.0,M,Licensed,Going Straight Ahead,Center Front End,Center Front End,,,,N,,Unsafe Speed,Driver Inattention/Distraction,BRONX,10451.0,"(40.823376, -73.90912)",0.0,0.0,0,0,0,0,0,0,Taxi,Station Wagon/Sport Utility Vehicle,0
19684480,4318187,06/06/2020,12:40,8e91552a-6123-4132-8552-6a6a99b19431,Sedan,TOYT -CAR/SUV,2006.0,0.0,,,Parked,Left Side Doors,Left Side Doors,,,,N,,Unspecified,Unspecified,QUEENS,11412.0,"(40.705074, -73.758965)",0.0,0.0,0,0,0,0,0,0,Station Wagon/Sport Utility Vehicle,Sedan,0
19607856,4304257,03/28/2020,06:30,b7bc7cf7-0e3c-4472-bf94-4915175734fb,Station Wagon/Sport Utility Vehicle,JEEP -CAR/SUV,2019.0,1.0,F,Licensed,Going Straight Ahead,Right Side Doors,Right Front Quarter Panel,Left Front Bumper,,,N,,Unspecified,Unspecified,,,"(40.737785, -73.93496)",0.0,0.0,0,0,0,0,0,0,Station Wagon/Sport Utility Vehicle,Sedan,0
19700213,4325365,07/04/2020,06:10,deddd2b6-d330-4218-a275-97e118f01fd1,Station Wagon/Sport Utility Vehicle,GMC -CAR/SUV,2008.0,0.0,,,Parked,Center Back End,Center Back End,Left Rear Bumper,Right Rear Bumper,No Damage,N,,Unspecified,Unspecified,BRONX,10456.0,"(40.833893, -73.89901)",0.0,0.0,0,0,0,0,0,0,Sedan,Sedan,0
19799485,4370116,11/23/2020,11:39,f47c022f-6972-431e-81ef-9c53deb01564,Station Wagon/Sport Utility Vehicle,SUBA -CAR/SUV,2007.0,1.0,M,Licensed,Making Left Turn,Left Front Bumper,Left Front Bumper,Left Front Quarter Panel,,,N,,Unspecified,Unspecified,QUEENS,11434.0,"(40.686516, -73.78883)",0.0,0.0,0,0,0,0,0,0,Sedan,Station Wagon/Sport Utility Vehicle,0
19595189,4299471,03/12/2020,08:10,a814b9d6-2052-40c3-aba4-59c93592cbd4,Flat Bed,WES,2016.0,1.0,M,Licensed,Changing Lanes,Right Front Bumper,Right Front Bumper,,,,N,,Reaction to Uninvolved Vehicle,Failure to Yield Right-of-Way,,,"(40.845352, -73.92821)",0.0,0.0,0,0,0,0,0,0,Flat Bed,Station Wagon/Sport Utility Vehicle,0
19549656,4282366,02/02/2020,18:14,4b1dbbd8-d772-4888-be8a-d8f1adc7c132,Sedan,HOND -CAR/SUV,2016.0,3.0,F,Licensed,Going Straight Ahead,Left Front Quarter Panel,Left Front Quarter Panel,Left Side Doors,,,N,,Driver Inattention/Distraction,Unspecified,,,"(40.738194, -73.8492)",0.0,0.0,0,0,0,0,0,0,Taxi,Sedan,0
19779186,4360794,10/25/2020,00:15,42a01c66-d648-4711-b5e1-8efba4102dfc,Sedan,KIA -CAR/SUV,2020.0,1.0,,,Going Straight Ahead,Left Front Bumper,Center Front End,Right Front Bumper,,,N,,Unsafe Speed,Driver Inexperience,QUEENS,11372.0,"(40.749084, -73.8804)",0.0,0.0,0,0,0,0,0,0,Sedan,Sedan,0
19594380,4302826,03/19/2020,10:15,396e2871-b63a-47c4-8675-a3a4677ee33a,Station Wagon/Sport Utility Vehicle,TOYT -CAR/SUV,2008.0,0.0,,,Parked,Center Front End,Center Front End,Left Front Bumper,Right Front Bumper,No Damage,N,,Unspecified,Unspecified,BROOKLYN,11214.0,"(40.598766, -74.00075)",0.0,0.0,0,0,0,0,0,0,Station Wagon/Sport Utility Vehicle,Sedan,0
19802968,4371820,11/27/2020,17:10,34542054-045f-441c-8e4d-5ff0de921043,Sedan,CHEV -CAR/SUV,2016.0,5.0,M,Licensed,Going Straight Ahead,Right Front Quarter Panel,Right Side Doors,Right Front Bumper,No Damage,No Damage,N,,Unspecified,Unspecified,STATEN ISLAND,10301.0,"(40.645473, -74.09287)",0.0,0.0,0,0,0,0,0,0,Sedan,,0
19554201,4283791,02/04/2020,18:00,b9fa318f-a476-4e9e-8a6d-7e8bfe3d6ef8,Station Wagon/Sport Utility Vehicle,FORD -CAR/SUV,2013.0,1.0,M,Licensed,Going Straight Ahead,Right Front Bumper,Right Front Bumper,,,,N,,Unspecified,Unspecified,,,"(40.672947, -73.90926)",0.0,0.0,0,0,0,0,0,0,Station Wagon/Sport Utility Vehicle,Sedan,0
19700615,4325601,07/05/2020,17:30,c727a194-f7bf-4f8b-8fdf-aa7075e90da1,Station Wagon/Sport Utility Vehicle,TOYT -CAR/SUV,2018.0,1.0,F,Licensed,Going Straight Ahead,Right Front Bumper,No Damage,No Damage,No Damage,No Damage,N,,Traffic Control Disregarded,Unspecified,BRONX,10463.0,"(40.88619, -73.90983)",1.0,0.0,0,0,0,0,1,0,Sedan,Station Wagon/Sport Utility Vehicle,1