UNIQUE_ID,COLLISION_ID,CRASH_DATE,CRASH_TIME,VEHICLE_ID,VEHICLE_TYPE,VEHICLE_MAKE,VEHICLE_YEAR,VEHICLE_OCCUPANTS,DRIVER_SEX,DRIVER_LICENSE_STATUS,PRE_CRASH,POINT_OF_IMPACT,VEHICLE_DAMAGE,VEHICLE_DAMAGE_1,VEHICLE_DAMAGE_2,VEHICLE_DAMAGE_3,PUBLIC_PROPERTY_DAMAGE,PUBLIC_PROPERTY_DAMAGE_TYPE,CONTRIBUTING_FACTOR_1,CONTRIBUTING_FACTOR_2,BOROUGH,ZIP CODE,LOCATION,NUMBER OF PERSONS INJURED,NUMBER OF PERSONS KILLED,NUMBER OF PEDESTRIANS INJURED,NUMBER OF PEDESTRIANS KILLED,NUMBER OF CYCLIST INJURED,NUMBER OF CYCLIST KILLED,NUMBER OF MOTORIST INJURED,NUMBER OF MOTORIST KILLED,VEHICLE TYPE CODE 1,VEHICLE TYPE CODE 2,Severity
19784273,4363177,11/01/2020,15:17,42fee371-3719-4c7c-bac0-d9ab4a979613,Station Wagon/Sport Utility Vehicle,CHEV -CAR/SUV,2016.0,1.0,M,Licensed,Going Straight Ahead,Right Front Quarter Panel,Right Front Quarter Panel,Right Side Doors,Right Side Doors,Right Side Doors,N,,Unspecified,Unspecified,,,"(40.660175, -73.9282)",0.0,0.0,0,0,0,0,0,0,Sedan,Station Wagon/Sport Utility Vehicle,0
19617915,4299737,03/13/2020,08:00,50b93007-3e2c-4d7d-91ce-bea2d59f5bc1,Station Wagon/Sport Utility Vehicle,JEEP -CAR/SUV,2014.0,1.0,M,Licensed,Going Straight Ahead,Right Front Bumper,Right Front Quarter Panel,Right Front Bumper,Center Front End,,N,,Failure to Yield Right-of-Way,Unspecified,QUEENS,11429.0,"(40.714787, -73.74164)",0.0,0.0,0,0,0,0,0,0,Station Wagon/Sport Utility Vehicle,Sedan,0
19732794,4340187,08/20/2020,19:03,ae211baa-bdd3-4c2c-9bd1-33e966019cdc,Station Wagon/Sport Utility Vehicle,TOYT -CAR/SUV,2003.0,0.0,,,Parked,Left Rear Bumper,Left Rear Quarter Panel,,,,Unspecified,,Unspecified,Unspecified,BROOKLYN,11228.0,"(40.61961, -74.00816)",0.0,0.0,0,0,0,0,0,0,Station Wagon/Sport Utility Vehicle,Station Wagon/Sport Utility Vehicle,0
19702087,4325957,07/05/2020,23:05,3a953b8c-f5f4-415f-87ec-b3c0ad0c4f59,Station Wagon/Sport Utility Vehicle,INFI -CAR/SUV,2019.0,0.0,,,Parked,Left Rear Quarter Panel,Left Side Doors,Left Rear Quarter Panel,Left Front Quarter Panel,,N,,Unspecified,Unspecified,QUEENS,11417.0,"(40.680393, -73.83519)",0.0,0.0,0,0,0,0,0,0,Station Wagon/Sport Utility Vehicle,Station Wagon/Sport Utility Vehicle,0
19745257,4345770,08/27/2020,08:18,060a5143-a76e-4f6a-aae4-fc57f7a70c8c,Van,FORD-TRUCK/BUS,2011.0,2.0,M,Licensed,Going Straight Ahead,Center Front End,Center Front End,Left Front Bumper,Right Front Bumper,,N,,Following Too Closely,Unspecified,,,,1.0,0.0,0,0,0,0,1,0,Sedan,Sedan,1
19702546,4326327,07/03/2020,01:45,ff9a48a7-15c6-461b-91cd-c8533386236a,Sedan,BMW -CAR/SUV,2006.0,0.0,,,Parked,Center Front End,Center Front End,Left Front Bumper,Right Front Bumper,Center Back End,N,,Unspecified,Unspecified,BROOKLYN,11230.0,"(40.62872, -73.95696)",0.0,0.0,0,0,0,0,0,0,Sedan,Station Wagon/Sport Utility Vehicle,0
19593135,4305074,04/01/2020,17:00,a3ec94ff-7b5e-435d-9a35-509807733182,Station Wagon/Sport Utility Vehicle,FORD -CAR/SUV,2008.0,0.0,,,Parked,Left Rear Quarter Panel,Left Side Doors,,,,N,,Unspecified,Unspecified,,,"(40.629166, -74.01984)",0.0,0.0,0,0,0,0,0,0,Station Wagon/Sport Utility Vehicle,Station Wagon/Sport Utility Vehicle,0
19731951,4339764,08/18/2020,08:30,7a5e4273-5dcb-44f3-889f-47bfd3702255,Sedan,BMW -CAR/SUV,2018.0,1.0,M,Licensed,Making Left Turn,Right Rear Quarter Panel,Right Rear Quarter Panel,Right Rear Bumper,Right Rear Bumper,,Unspecified,,Unspecified,Unspecified,,,"(40.70509, -74.016464)",0.0,0.0,0,0,0,0,0,0,Bus,Sedan,0
19702648,4326350,07/01/2020,03:00,d4031b63-1015-48a6-85a1-6ebbd66212af,Sedan,NISS -CAR/SUV,2018.0,0.0,,,Parked,Left Side Doors,Left Side Doors,Left Rear Quarter Panel,No Damage,No Damage,N,,Unspecified,Unspecified,,,"(40.69835, -73.91103)",0.0,0.0,0,0,0,0,0,0,Sedan,Tractor Truck Diesel,0
19539082,4281853,01/30/2020,14:04,90d7d58a-181b-4a43-93af-c0d6c81bbdf0,Box Truck,INTERNATIONAL HARVESTER,2015.0,0.0,,,Parked,Center Back End,Center Back End,,,,N,,Unspecified,Unspecified,BROOKLYN,11231.0,"(40.67098, -73.99997)",0.0,0.0,0,0,0,0,0,0,Box Truck,Box Truck,0
19568818,4289790,02/17/2020,01:20,fc3da572-c709-4bc2-ac78-44a3cc75f9a7,Taxi,LINC -CAR/SUV,2011.0,1.0,M,Licensed,Parked,Left Front Quarter Panel,Center Front End,Right Front Bumper,No Damage,No Damage,N,,Unspecified,Unspecified,QUEENS,11372.0,"(40.75373, -73.88505)",0.0,0.0,0,0,0,0,0,0,Sedan,Taxi,0
19609282,4309732,04/21/2020,00:45,ad58fb96-5c80-4808-9495-808abea3641a,Station Wagon/Sport Utility Vehicle,FORD -CAR/SUV,2017.0,2.0,M,Licensed,Parked,Right Rear Bumper,Right Rear Bumper,Center Back End,Center Back End,,N,,Unspecified,Unspecified,,,"(40.697235, -73.873314)",2.0,0.0,0,0,0,0,2,0,Station Wagon/Sport Utility Vehicle,Station Wagon/Sport Utility Vehicle,1
19767607,4355889,10/08/2020,12:20,a8bb10ee-4a69-4a71-ba5c-39ec2ba25bdf,Station Wagon/Sport Utility Vehicle,ACUR -CAR/SUV,2017.0,1.0,F,Licensed,Going Straight Ahead,Right Front Bumper,Right Front Bumper,Right Front Quarter Panel,Right Front Quarter Panel,Center Front End,N,,Following Too Closely,Failure to Yield Right-of-Way,BRONX,10459.0,"(40.822456, -73.88728)",0.0,0.0,0,0,0,0,0,0,Station Wagon/Sport Utility Vehicle,Tractor Truck Diesel,0
19566934,4294344,02/21/2020,03:13,643aeacd-a709-4cb7-a246-e64e3d1b129c,Station Wagon/Sport Utility Vehicle,VOLK -CAR/SUV,2004.0,0.0,M,Licensed,Parked,Left Side Doors,Undercarriage,,No Damage,No Damage,N,,Unspecified,Unspecified,BROOKLYN,11226.0,"(40.639362, -73.96504)",0.0,0.0,0,0,0,0,0,0,Taxi,Station Wagon/Sport Utility Vehicle,0
19559114,4294923,02/28/2020,17:30,a0a15fa8-f0cb-4a95-bb53-31761b9e2bdf,Box Truck,HINO -TRUCK/BUS,2018.0,1.0,M,Licensed,Merging,Left Rear Quarter Panel,Left Rear Quarter Panel,,,,Unspecified,,Driver Inexperience,Unspecified,,,"(40.723698, -74.00792)",0.0,0.0,0,0,0,0,0,0,Box Truck,Pick-up Truck,0
19674535,4313689,05/15/2020,08:55,cc2cb8c2-0b4e-4657-ab9f-6c6aa1c510a5,Pick-up Truck,FORD -CAR/SUV,2005.0,2.0,M,Licensed,Going Straight Ahead,Right Front Bumper,Right Front Quarter Panel,,,,N,,Driver Inattention/Distraction,Driver Inattention/Distraction,BROOKLYN,11207.0,"(40.657753, -73.89612)",0.0,0.0,0,0,0,0,0,0,Pick-up Truck,Pick-up Truck,0
19702747,4326574,06/29/2020,01:00,8c2df48e-86ba-4834-b4ea-c33801d6ca56,Convertible,LAMO -CAR/SUV,,1.0,,,,Left Front Bumper,Left Front Bumper,Left Front Quarter Panel,Center Front End,,N,,Failure to Keep Right,Aggressive Driving/Road Rage,,,"(40.833916, -73.92702)",0.0,0.0,0,0,0,0,0,0,Convertible,Sedan,0
19744218,4345103,08/18/2020,19:59,99fd06a1-80c3-433e-8382-27dd6cdf1d2e,Sedan,NISS -CAR/SUV,2001.0,4.0,,,Starting in Traffic,Center Front End,Center Front End,Right Front Bumper,Left Front Bumper,No Damage,N,,Driver Inattention/Distraction,Driver Inattention/Distraction,BRONX,10466.0,"(40.886173, -73.845116)",1.0,0.0,0,0,0,0,1,0,Sedan,Sedan,1
19547563,4286504,02/10/2020,19:00,afcfd22b-42f1-4312-b109-cf1e2fc3cddb,Sedan,FORD -CAR/SUV,2015.0,1.0,F,Licensed,Stopped in Traffic,Center Back End,Center Back End,Right Rear Bumper,Left Rear Bumper,,N,,Unspecified,Unspecified,STATEN ISLAND,10306.0,"(40.575653, -74.10455)",0.0,0.0,0,0,0,0,0,0,Station Wagon/Sport Utility Vehicle,Sedan,0
19531881,4269524,01/06/2020,12:15,0777fa95-4190-4329-9d92-7dc8df9992a1,Sedan,NISS -CAR/SUV,2015.0,3.0,M,Licensed,Going Straight Ahead,Right Front Quarter Panel,Right Front Quarter Panel,,,,N,,Reaction to Uninvolved Vehicle,Passing or Lane Usage Improper,QUEENS,11413.0,"(40.66546, -73.747284)",0.0,0.0,0,0,0,0,0,0,Station Wagon/Sport Utility Vehicle,Sedan,0
19701461,4326102,07/05/2020,21:32,f1b22e23-b51c-455f-bd32-63648dfcb045,Sedan,HOND -CAR/SUV,2018.0,0.0,,,Parked,Left Rear Bumper,Left Rear Quarter Panel,Left Rear Bumper,Left Rear Quarter Panel,Left Rear Bumper,N,,Unspecified,Unspecified,,,"(40.584023, -73.81472)",0.0,0.0,0,0,0,0,0,0,Sedan,,0
19718846,4333780,07/31/2020,21:59,fb21b45c-3c7b-4095-8f3c-2e236dbaa482,Station Wagon/Sport Utility Vehicle,FORD -CAR/SUV,2006.0,1.0,M,Licensed,Going Straight Ahead,No Damage,No Damage,No Damage,No Damage,No Damage,N,,Unspecified,Unspecified,QUEENS,11422.0,"(40.666573, -73.73485)",0.0,0.0,0,0,0,0,0,0,Sedan,Station Wagon/Sport Utility Vehicle,0
19599801,4308127,04/08/2020,05:45,25c54076-2e47-4028-a857-cbf717bc7a3b,Station Wagon/Sport Utility Vehicle,JEEP -CAR/SUV,2008.0,1.0,M,Licensed,Going Straight Ahead,Center Front End,Center Front End,Left Front Bumper,Right Front Bumper,,N,,Pavement Slippery,Unspecified,,,"(40.76217, -73.7568)",0.0,0.0,0,0,0,0,0,0,Station Wagon/Sport Utility Vehicle,,0
19549558,4284268,02/06/2020,07:05,99ec9d93-51e3-4d8e-95db-9669d082b308,Sedan,TOYT -CAR/SUV,2019.0,1.0,M,Licensed,Making Right Turn,Left Rear Bumper,Left Rear Bumper,Center Back End,Right Rear Bumper,,N,,Other Vehicular,Unspecified,MANHATTAN,10019.0,,0.0,0.0,0,0,0,0,0,0,Sedan,Dump,0
19790460,4366247,11/09/2020,10:00,aba3c011-e6b0-4951-97fa-29aec29e6d6f,Motorcycle,HOND -MCL,2018.0,0.0,,,Parked,Center Front End,Center Back End,,Center Back End,Center Back End,N,,Unspecified,Unspecified,BROOKLYN,11216.0,"(40.674377, -73.951454)",0.0,0.0,0,0,0,0,0,0,Motorcycle,,0
19526432,4269354,01/06/2020,01:40,18a8671a-5833-4186-96c8-be6c4433f83a,Sedan,NISS -CAR/SUV,2016.0,1.0,,,Going Straight Ahead,Right Front Bumper,Right Front Bumper,,,,N,,Driver Inattention/Distraction,Unspecified,,,"(40.743126, -73.890724)",0.0,0.0,0,0,0,0,0,0,Taxi,Sedan,0
19674106,4313486,05/13/2020,16:25,881fd326-d9a8-4930-a4f1-278f55d45edc,Ambulance,FORD-TRUCK/BUS,2013.0,1.0,M,,Making U Turn,Left Front Quarter Panel,Left Front Quarter Panel,No Damage,No Damage,No Damage,N,,Unspecified,Unspecified,BRONX,10468.0,"(40.862614, -73.90924)",0.0,0.0,0,0,0,0,0,0,Sedan,Ambulance,0
19541589,4274192,01/16/2020,02:00,2195f7df-654b-4297-b4a1-19cdde9a355b,Sedan,HOND -CAR/SUV,2017.0,1.0,,,Going Straight Ahead,Left Side Doors,Left Side Doors,Left Front Quarter Panel,,,N,,Failure to Yield Right-of-Way,Unspecified,QUEENS,11434.0,"(40.673668, -73.78465)",0.0,0.0,0,0,0,0,0,0,Station Wagon/Sport Utility Vehicle,Sedan,0
19570464,4308790,04/13/2020,14:45,b56edef2-b88c-403c-a3ab-d60d8b9aec4a,Station Wagon/Sport Utility Vehicle,HOND -CAR/SUV,2008.0,0.0,,,Parked,Left Rear Bumper,Left Rear Quarter Panel,Center Back End,,,N,,Unspecified,Unspecified,BRONX,10459.0,"(40.83228, -73.893394)",0.0,0.0,0,0,0,0,0,0,Station Wagon/Sport Utility Vehicle,Sedan,0
19762727,4353512,09/30/2020,08:30,c8dc3a03-a989-4e1d-8a9c-11dff3893441,Station Wagon/Sport Utility Vehicle,FORD -CAR/SUV,2019.0,0.0,,,Parked,Roof,Left Side Doors,Left Rear Quarter Panel,Left Front Quarter Panel,Center Back End,N,,Unspecified,Unspecified,BROOKLYN,11209.0,"(40.634293, -74.030266)",0.0,0.0,0,0,0,0,0,0,Station Wagon/Sport Utility Vehicle,,0
19607346,4302556,03/19/2020,22:30,12afa7ae-2b83-46e9-854e-dbb9c32251c3,Sedan,BMW -CAR/SUV,2006.0,2.0,M,Licensed,Going Straight Ahead,Right Rear Bumper,Right Rear Bumper,Left Rear Bumper,,,N,,Backing Unsafely,Backing Unsafely,QUEENS,11412.0,"(40.69733, -73.76202)",0.0,0.0,0,0,0,0,0,0,Sedan,Station Wagon/Sport Utility Vehicle,0
19751934,4348473,09/16/2020,07:15,47335053-ada7-48d4-a097-1820bf025514,Station Wagon/Sport Utility Vehicle,STRN -CAR/SUV,2008.0,1.0,M,Licensed,Going Straight Ahead,Right Front Bumper,Right Front Bumper,Center Front End,,,N,,Following Too Closely,Unspecified,,,"(40.754276, -73.90902)",0.0,0.0,0,0,0,0,0,0,Sedan,Station Wagon/Sport Utility Vehicle,0
19808715,4374276,12/07/2020,20:02,69c1d81b-37cc-4d93-b635-8196f5860ae8,Sedan,MERZ -CAR/SUV,2005.0,0.0,M,Licensed,Going Straight Ahead,Right Front Bumper,Right Front Quarter Panel,No Damage,No Damage,No Damage,N,,Driver Inattention/Distraction,Unspecified,QUEENS,11436.0,"(40.680477, -73.7921)",3.0,0.0,0,0,0,0,3,0,Sedan,Station Wagon/Sport Utility Vehicle,1
19592433,4309093,04/16/2020,04:15,6322f162-4357-4d9e-8bf3-82a1fe6bec19,Station Wagon/Sport Utility Vehicle,TOYT -CAR/SUV,2010.0,0.0,,,Parked,Left Side Doors,Left Front Quarter Panel,Left Front Quarter Panel,,,N,,Unspecified,Unspecified,,,"(40.67762, -73.91266)",0.0,0.0,0,0,0,0,0,0,Station Wagon/Sport Utility Vehicle,Station Wagon/Sport Utility Vehicle,0
19702937,4326647,06/07/2020,05:38,99a741db-f705-4ab4-9730-07e1161cf968,Sedan,HYUN -CAR/SUV,2015.0,1.0,F,Licensed,Entering Parked Position,Center Front End,Left Front Bumper,Right Front Bumper,No Damage,No Damage,N,,Unspecified,Unspecified,QUEENS,11693.0,"(40.589874, -73.81099)",0.0,0.0,0,0,0,0,0,0,Sedan,Sedan,0
19687361,4302987,03/22/2020,11:39,291b097c-213e-4e48-bb35-fc1bdbe98e9b,Sedan,FORD -CAR/SUV,2014.0,1.0,M,Licensed,Starting from Parking,Center Front End,Left Front Bumper,Right Front Bumper,,,N,,Failure to Yield Right-of-Way,Driver Inattention/Distraction,QUEENS,11414.0,"(40.66252, -73.84071)",0.0,0.0,0,0,0,0,0,0,Sedan,Sedan,0
19779221,4361063,10/25/2020,19:32,5414e5ce-6bae-4d55-a9ad-a6132c1d91c8,Taxi,FORD -CAR/SUV,2011.0,2.0,M,Licensed,Stopped in Traffic,Center Back End,Center Back End,Right Rear Bumper,Left Rear Bumper,,N,,Unspecified,Unspecified,,,,0.0,0.0,0,0,0,0,0,0,Station Wagon/Sport Utility Vehicle,Taxi,0
19548457,4309175,04/15/2020,00:00,f0c00a86-6fb8-4d8e-bd33-2b56e77383dd,Station Wagon/Sport Utility Vehicle,FORD -CAR/SUV,2018.0,1.0,F,Licensed,Going Straight Ahead,Center Front End,Center Front End,Right Front Bumper,Undercarriage,Right Front Bumper,N,,Driver Inattention/Distraction,Passing or Lane Usage Improper,,,"(40.55594, -74.176125)",1.0,0.0,0,0,0,0,1,0,Station Wagon/Sport Utility Vehicle,Station Wagon/Sport Utility Vehicle,1
19585467,4300063,03/13/2020,20:07,25f33490-a717-48c7-9cb9-7deb7af497b9,4 dr sedan,HOND -CAR/SUV,2019.0,1.0,M,Licensed,Going Straight Ahead,Right Front Quarter Panel,Right Front Quarter Panel,Right Side Doors,Right Rear Quarter Panel,,N,,Unspecified,Unspecified,,,"(40.591755, -73.9083)",0.0,0.0,0,0,0,0,0,0,4 dr sedan,Station Wagon/Sport Utility Vehicle,0
19726303,4337336,08/11/2020,12:50,ebd89130-6809-4718-b512-d1ff291430b4,Box Truck,HINO -TRUCK/BUS,2019.0,2.0,M,Licensed,Going Straight Ahead,Left Front Bumper,No Damage,No Damage,No Damage,No Damage,N,,Unspecified,Unspecified,MANHATTAN,10024.0,"(40.78611, -73.97618)",0.0,0.0,0,0,0,0,0,0,Station Wagon/Sport Utility Vehicle,Box Truck,0
19542429,4280841,01/29/2020,11:39,d9cf692a-c132-46fb-a7ea-a1b939c9368d,Pick-up Truck,HOND -CAR/SUV,2005.0,1.0,M,Licensed,Going Straight Ahead,Center Front End,Center Front End,,,,N,,Driver Inattention/Distraction,Following Too Closely,BRONX,10457.0,"(40.847027, -73.89807)",1.0,0.0,0,0,0,0,1,0,Sedan,Pick-up Truck,1
19604967,4289953,02/17/2020,09:14,2b135838-1e5f-4aca-9563-151141e4fa9c,Station Wagon/Sport Utility Vehicle,TOYT -CAR/SUV,2013.0,1.0,F,Licensed,Going Straight Ahead,Right Front Bumper,Right Front Bumper,,,,Unspecified,,Unspecified,Unspecified,QUEENS,11355.0,,0.0,0.0,0,0,0,0,0,0,Station Wagon/Sport Utility Vehicle,Flat Bed,0
19605553,4303941,03/26/2020,09:50,f8346fe3-eaca-4df0-8307-7b00b42e1489,Sedan,FORD -CAR/SUV,2005.0,2.0,M,Licensed,Slowing or Stopping,Center Front End,Center Front End,Left Front Bumper,Right Front Bumper,,N,,Driver Inattention/Distraction,Following Too Closely,,,"(40.66669, -73.81173)",1.0,0.0,0,0,0,0,1,0,Sedan,Ambulance,1
20010588,4371072,11/27/2020,12:00,62c5d3bc-efc1-43ee-86cd-81df3cd9acd0,Station Wagon/Sport Utility Vehicle,FORD -CAR/SUV,2016.0,1.0,M,Licensed,Going Straight Ahead,Left Front Quarter Panel,Left Front Quarter Panel,Left Side Doors,,,N,,Unspecified,Unspecified,BROOKLYN,11223.0,"(40.604668, -73.961685)",1.0,0.0,1,0,0,0,0,0,Station Wagon/Sport Utility Vehicle,Station Wagon/Sport Utility Vehicle,1
19592901,4302457,03/19/2020,16:30,4d039265-0d11-4163-9c3a-f7f50fbee5a7,Sedan,INFI -CAR/SUV,2019.0,0.0,,,Parked,Center Back End,Center Back End,,,,N,,Unspecified,Unspecified,BROOKLYN,11220.0,"(40.639854, -74.0122)",0.0,0.0,0,0,0,0,0,0,Box Truck,Sedan,0
19807556,4374003,12/06/2020,20:30,f2e32ee7-d7c0-4f6d-aec6-7aef7e7c6523,Sedan,TOYT -CAR/SUV,2019.0,1.0,M,Licensed,Stopped in Traffic,Right Front Quarter Panel,Right Side Doors,Right Rear Quarter Panel,,,N,,Unspecified,Unspecified,,,"(40.678394, -73.94692)",3.0,0.0,0,0,0,0,3,0,Station Wagon/Sport Utility Vehicle,Station Wagon/Sport Utility Vehicle,1
19739610,4342910,08/27/2020,20:40,ec20a08e-f874-4003-8d76-8bf1d0885df1,Station Wagon/Sport Utility Vehicle,HOND -CAR/SUV,2016.0,1.0,F,Licensed,Going Straight Ahead,Center Front End,Center Front End,Left Side Doors,Left Front Quarter Panel,Roof,N,,Unspecified,Unspecified,QUEENS,11379.0,"(40.72028, -73.86548)",4.0,0.0,0,0,0,0,4,0,Station Wagon/Sport Utility Vehicle,Station Wagon/Sport Utility Vehicle,1
19557464,4282191,02/02/2020,12:45,70f1c9c5-26f0-466c-8c1b-99e88ef76461,Pick-up Truck,RAM,2014.0,1.0,M,Licensed,Making Right Turn,Left Front Bumper,Left Front Bumper,,,,N,,Passing or Lane Usage Improper,Unspecified,,,"(40.86268, -73.90905)",0.0,0.0,0,0,0,0,0,0,Sedan,Pick-up Truck,0
19553135,4283225,02/03/2020,14:36,3d220bcc-b33b-402e-8217-449462f6785b,Sedan,TOYT -CAR/SUV,2015.0,1.0,M,Licensed,Going Straight Ahead,Center Back End,Center Back End,,,,N,,Unspecified,Unspecified,,,"(40.609554, -73.96631)",0.0,0.0,0,0,0,0,0,0,Sedan,Sedan,0
19690773,4321102,06/17/2020,18:50,7bb7adbd-5115-4e0b-8604-3e9e261453ac,Station Wagon/Sport Utility Vehicle,ACUR -CAR/SUV,2002.0,3.0,F,Licensed,Making Left Turn,Right Front Bumper,Right Front Bumper,Center Front End,Left Front Bumper,Right Front Quarter Panel,N,,Driver Inattention/Distraction,Failure to Yield Right-of-Way,MANHATTAN,10034.0,"(40.865105, -73.91846)",1.0,0.0,0,0,0,0,1,0,Station Wagon/Sport Utility Vehicle,Sedan,1
19738500,4342690,08/24/2020,17:00,c749735e-3d16-4bfa-afef-ac18581fa122,Pick-up Truck,GMC -CAR/SUV,2011.0,,,,Making U Turn,Left Front Bumper,Left Front Bumper,No Damage,No Damage,No Damage,Unspecified,,Driver Inattention/Distraction,Unspecified,BRONX,10467.0,"(40.860203, -73.86368)",0.0,0.0,0,0,0,0,0,0,Sedan,Pick-up Truck,0
19575109,4293331,02/25/2020,08:15,1473e7c4-25bd-4cf3-9430-1c3328da93c4,Station Wagon/Sport Utility Vehicle,NISS -CAR/SUV,2017.0,2.0,F,Licensed,Going Straight Ahead,Center Back End,Center Back End,Left Rear Bumper,Right Rear Bumper,,N,,Other Vehicular,Other Vehicular,BROOKLYN,11232.0,"(40.655743, -73.99927)",2.0,0.0,0,0,0,0,2,0,Sedan,Station Wagon/Sport Utility Vehicle,1
19754497,4349886,09/21/2020,06:00,6fd23c3f-66d0-4b9f-a0f3-4930fa198953,Station Wagon/Sport Utility Vehicle,NISS -CAR/SUV,2010.0,1.0,F,Licensed,Going Straight Ahead,Left Front Quarter Panel,Left Side Doors,Left Side Doors,Left Rear Quarter Panel,,N,,Driver Inattention/Distraction,Unspecified,QUEENS,11423.0,"(40.724693, -73.76481)",0.0,0.0,0,0,0,0,0,0,Station Wagon/Sport Utility Vehicle,Sedan,0
19731929,4339850,08/15/2020,16:30,4ddcc706-6572-4aca-ba72-4bc4bcaa7258,Station Wagon/Sport Utility Vehicle,NISS -CAR/SUV,2009.0,2.0,F,Licensed,Going Straight Ahead,Left Rear Quarter Panel,Left Front Quarter Panel,Left Side Doors,Left Rear Quarter Panel,,N,,Unspecified,Unspecified,,,"(40.68115, -74.00458)",1.0,0.0,0,0,0,0,1,0,Sedan,Station Wagon/Sport Utility Vehicle,1
19701624,4326237,07/06/2020,13:30,bc036175-414e-4806-9b32-cc8ef89ffecb,Sedan,CHEV -CAR/SUV,2017.0,2.0,F,Licensed,Parked,Left Front Quarter Panel,Left Front Quarter Panel,,,,N,,Other Vehicular,Unspecified,BRONX,10451.0,"(40.823376, -73.90912)",0.0,0.0,0,0,0,0,0,0,Box Truck,Taxi,0
19737243,4342005,08/25/2020,16:00,5565fe52-7c48-490c-bedc-ed8a8fbf0dfc,Station Wagon/Sport Utility Vehicle,JEEP -CAR/SUV,2009.0,1.0,M,Licensed,Going Straight Ahead,Left Front Quarter Panel,Left Front Quarter Panel,Left Side Doors,Left Rear Quarter Panel,Left Front Bumper,N,,Unspecified,Unspecified,QUEENS,11434.0,"(40.66454, -73.82276)",0.0,0.0,0,0,0,0,0,0,Station Wagon/Sport Utility Vehicle,Sedan,0
19747264,4346914,09/09/2020,07:15,8344b175-85c6-432b-ae87-f63b37c1668a,Sedan,NISS -CAR/SUV,2011.0,1.0,M,Licensed,Slowing or Stopping,Center Front End,Center Front End,,,,N,,Following Too Closely,Unspecified,,,,0.0,0.0,0,0,0,0,0,0,Sedan,Sedan,0
19553113,4296488,03/02/2020,14:31,58eeba28-6231-46b2-877e-fbaed5df473e,Bus,FORD-TRUCK/BUS,2008.0,3.0,F,Licensed,Going Straight Ahead,Left Front Quarter Panel,No Damage,No Damage,No Damage,No Damage,N,,Passing Too Closely,Unspecified,BRONX,10460.0,"(40.831554, -73.88598)",0.0,0.0,0,0,0,0,0,0,Sedan,Bus,0
19778212,4360362,10/22/2020,18:30,069975ac-c135-4643-97b2-e891e9137b2a,Sedan,HOND -CAR/SUV,2019.0,1.0,F,Licensed,Going Straight Ahead,Right Rear Quarter Panel,Right Rear Quarter Panel,Right Side Doors,Right Rear Bumper,,N,,Unspecified,Unspecified,QUEENS,11385.0,"(40.71382, -73.92077)",0.0,0.0,0,0,0,0,0,0,Sedan,Sedan,0
19533928,4283412,02/03/2020,15:41,e3756bc3-0c71-4789-87d0-9e1c82f32e29,Sedan,NISS -CAR/SUV,2020.0,2.0,M,Licensed,Parked,Center Back End,Left Rear Bumper,Center Back End,,,N,,Unspecified,Unspecified,QUEENS,11691.0,"(40.59957, -73.76423)",0.0,0.0,0,0,0,0,0,0,Sedan,Sedan,0
19794477,4368081,11/16/2020,11:13,836286bd-2961-4550-8739-728e45d1d245,Sedan,DODG -CAR/SUV,2017.0,0.0,,,Parked,Left Rear Quarter Panel,Left Side Doors,Left Rear Quarter Panel,Left Side Doors,Left Front Quarter Panel,Unspecified,,Unspecified,Unspecified,MANHATTAN,10002.0,"(40.718826, -73.98424)",0.0,0.0,0,0,0,0,0,0,Box Truck,Sedan,0
19539430,4274224,01/15/2020,21:30,330e3538-7ab6-4c41-9efd-da084a62fb1f,Sedan,HOND -CAR/SUV,2012.0,0.0,,,Parked,Left Front Quarter Panel,Left Front Quarter Panel,,,,N,,Unspecified,Unspecified,,,"(40.717754, -73.75815)",0.0,0.0,0,0,0,0,0,0,Sedan,,0
19704058,4326919,07/05/2020,15:20,b71013af-2252-433f-98d9-f53d65989f43,Motorcycle,SUZI -MCL,2003.0,1.0,M,,Going Straight Ahead,Center Front End,Center Front End,,,,N,,Unspecified,Unspecified,,,"(40.644753, -73.92493)",1.0,0.0,0,0,0,0,1,0,Station Wagon/Sport Utility Vehicle,Motorcycle,1
19704067,4326913,07/06/2020,13:55,ea3a0812-b945-43db-b7e5-22a2aaff4d77,Sedan,VOLK -CAR/SUV,2008.0,1.0,M,Licensed,Going Straight Ahead,Right Side Doors,Right Side Doors,Right Rear Quarter Panel,Right Rear Bumper,,N,,Unspecified,Unspecified,BROOKLYN,11203.0,"(40.64644, -73.927864)",1.0,0.0,0,0,0,0,1,0,Sedan,Sedan,1
19742430,4344503,09/03/2020,08:35,173eb964-c44b-48a2-9fa6-da8157a2affe,Station Wagon/Sport Utility Vehicle,KIA -CAR/SUV,2012.0,1.0,M,Licensed,Making Left Turn,Left Front Bumper,Left Front Bumper,No Damage,No Damage,No Damage,N,,Failure to Yield Right-of-Way,Unspecified,BROOKLYN,11220.0,"(40.61143, -74.03485)",1.0,0.0,0,0,1,0,0,0,Station Wagon/Sport Utility Vehicle,Bike,1