UNIQUE_ID,COLLISION_ID,CRASH_DATE,CRASH_TIME,VEHICLE_ID,VEHICLE_TYPE,VEHICLE_MAKE,VEHICLE_YEAR,VEHICLE_OCCUPANTS,DRIVER_SEX,DRIVER_LICENSE_STATUS,PRE_CRASH,POINT_OF_IMPACT,VEHICLE_DAMAGE,VEHICLE_DAMAGE_1,VEHICLE_DAMAGE_2,VEHICLE_DAMAGE_3,PUBLIC_PROPERTY_DAMAGE,PUBLIC_PROPERTY_DAMAGE_TYPE,CONTRIBUTING_FACTOR_1,CONTRIBUTING_FACTOR_2,BOROUGH,ZIP CODE,LOCATION,NUMBER OF PERSONS INJURED,NUMBER OF PERSONS KILLED,NUMBER OF PEDESTRIANS INJURED,NUMBER OF PEDESTRIANS KILLED,NUMBER OF CYCLIST INJURED,NUMBER OF CYCLIST KILLED,NUMBER OF MOTORIST INJURED,NUMBER OF MOTORIST KILLED,VEHICLE TYPE CODE 1,VEHICLE TYPE CODE 2,Severity
19532737,4276954,01/21/2020,17:20,73933b0c-eeda-4fc9-97c1-e52efd21b43e,Taxi,CHEV -CAR/SUV,2020.0,1.0,M,Licensed,Going Straight Ahead,Left Front Bumper,Left Front Bumper,,,,N,,Failure to Yield Right-of-Way,Driver Inattention/Distraction,MANHATTAN,10018.0,"(40.75595, -73.99074)",0.0,0.0,0,0,0,0,0,0,Station Wagon/Sport Utility Vehicle,Taxi,0
19531554,4276676,01/20/2020,08:50,d1a8c5cc-625a-4283-a7d4-4ab68e521ced,Box Truck,MI/FU,2004.0,1.0,M,Licensed,Parked,Right Rear Bumper,No Damage,,,,N,,Other Vehicular,Driver Inattention/Distraction,BROOKLYN,11222.0,"(40.726376, -73.93649)",0.0,0.0,0,0,0,0,0,0,Box Truck,Sedan,0
19702242,4326568,07/07/2020,01:22,04ebeae2-6eae-41df-abbc-7e98cb35a595,Station Wagon/Sport Utility Vehicle,AUDI -CAR/SUV,2019.0,0.0,,,Parked,Left Rear Bumper,Left Rear Bumper,,,,N,,Unspecified,Unspecified,MANHATTAN,10023.0,"(40.774677, -73.98612)",0.0,0.0,0,0,0,0,0,0,Station Wagon/Sport Utility Vehicle,Station Wagon/Sport Utility Vehicle,0
19608542,4295616,03/01/2020,11:29,20d95a9f-2801-4726-984d-3397825d5fef,Sedan,HOND -CAR/SUV,2007.0,1.0,M,Licensed,Going Straight Ahead,Left Front Bumper,Center Front End,Right Front Bumper,,,N,,Driver Inattention/Distraction,Unspecified,,,,0.0,0.0,0,0,0,0,0,0,Sedan,Sedan,0
19703504,4326977,07/02/2020,11:00,6d5bf3e6-1b19-47c6-bac9-f30c5042b122,Sedan,NISS -CAR/SUV,2008.0,1.0,,,Backing,Left Front Quarter Panel,No Damage,No Damage,No Damage,No Damage,N,,Driver Inexperience,Backing Unsafely,MANHATTAN,10031.0,"(40.822388, -73.95459)",0.0,0.0,0,0,0,0,0,0,Station Wagon/Sport Utility Vehicle,Sedan,0
19819411,4379342,12/25/2020,11:07,b8484239-2512-4d1b-9e89-ab685033b613,Sedan,NISS -CAR/SUV,1998.0,1.0,M,Licensed,Going Straight Ahead,Center Back End,Center Back End,Center Front End,No Damage,No Damage,N,,Unspecified,Unspecified,,,"(40.66955, -73.94497)",1.0,0.0,0,0,0,0,1,0,Station Wagon/Sport Utility Vehicle,Sedan,1
19539672,4275958,01/19/2020,11:15,7a77980b-1359-4d02-95e3-4a159fff0205,Station Wagon/Sport Utility Vehicle,MAZD -CAR/SUV,2011.0,1.0,M,Licensed,Going Straight Ahead,Left Front Bumper,Center Front End,Right Front Bumper,,,N,,Pedestrian/Bicyclist/Other Pedestrian Error/Confusion,Unspecified,BROOKLYN,11229.0,"(40.60961, -73.95459)",0.0,0.0,0,0,0,0,0,0,Station Wagon/Sport Utility Vehicle,Station Wagon/Sport Utility Vehicle,0
19775334,4359230,10/14/2020,14:40,96cae55d-9eb8-4df2-8e23-6d14ba549d48,Bus,Nova,2016.0,1.0,M,Licensed,Slowing or Stopping,Left Rear Bumper,Left Rear Bumper,No Damage,No Damage,No Damage,N,,Unspecified,Unspecified,BRONX,10471.0,"(40.90428, -73.90495)",0.0,0.0,0,0,0,0,0,0,Bus,Sedan,0
19725323,4336475,08/09/2020,18:27,5267b853-b2eb-4810-a5b4-d65528e7d7e6,Station Wagon/Sport Utility Vehicle,TOYT -CAR/SUV,2016.0,2.0,F,Licensed,Making Left Turn,Right Rear Quarter Panel,Right Rear Quarter Panel,Right Rear Bumper,,,N,,Unspecified,Unspecified,QUEENS,11422.0,"(40.678078, -73.72602)",3.0,0.0,0,0,0,0,3,0,Sedan,Station Wagon/Sport Utility Vehicle,1
19747464,4346843,09/05/2020,23:50,f56207e8-1e32-45ed-9307-3b1b306ab96f,Sedan,MASE -CAR/SUV,2017.0,1.0,M,Licensed,Stopped in Traffic,Right Rear Bumper,Center Back End,Left Rear Bumper,Right Rear Bumper,Center Back End,N,,Unspecified,Unspecified,BROOKLYN,11212.0,"(40.67024, -73.907005)",0.0,0.0,0,0,0,0,0,0,Sedan,Station Wagon/Sport Utility Vehicle,0
19569631,4293793,02/26/2020,11:01,0981ca9a-6ddb-4304-a247-a1ae2255ccaa,Station Wagon/Sport Utility Vehicle,FORD -CAR/SUV,2019.0,1.0,M,,Parked,Left Side Doors,Left Side Doors,Other,Other,Other,N,,Unspecified,Unspecified,MANHATTAN,10019.0,"(40.76552, -73.98004)",0.0,0.0,0,0,0,0,0,0,Station Wagon/Sport Utility Vehicle,,0
19705371,4327796,07/10/2020,09:18,7bc477c1-4a56-407c-85fc-467c355296e3,Sedan,FORD -CAR/SUV,2017.0,1.0,M,Licensed,Making Left Turn,Center Front End,Center Front End,,,,N,,Other Vehicular,Obstruction/Debris,BRONX,10475.0,"(40.88203, -73.83679)",1.0,0.0,0,0,0,0,1,0,Sedan,Motorcycle,1
19704509,4327243,07/10/2020,11:00,12f4ffff-11a8-40aa-b9e4-3fff575c8b07,Station Wagon/Sport Utility Vehicle,GMC -CAR/SUV,2011.0,1.0,M,Licensed,Going Straight Ahead,Center Front End,Center Front End,Left Front Bumper,Right Front Bumper,Undercarriage,N,,Reaction to Uninvolved Vehicle,Unspecified,QUEENS,11413.0,"(40.665634, -73.758156)",0.0,0.0,0,0,0,0,0,0,Station Wagon/Sport Utility Vehicle,,0
19564240,4294396,02/27/2020,11:55,0417c23d-b510-45a1-8933-98742b29c972,Station Wagon/Sport Utility Vehicle,TOYT -CAR/SUV,2017.0,1.0,M,Licensed,Going Straight Ahead,Center Back End,Center Back End,Right Rear Bumper,Left Rear Bumper,,N,,Unspecified,Unspecified,,,"(40.622643, -73.8965)",2.0,0.0,0,0,0,0,2,0,Station Wagon/Sport Utility Vehicle,Sedan,1
19604623,4302019,03/18/2020,17:27,9565c8b3-55f2-457f-8de4-71267b54ba6f,Sedan,BMW -CAR/SUV,2015.0,1.0,M,Licensed,Going Straight Ahead,Right Rear Quarter Panel,Right Rear Quarter Panel,Right Front Quarter Panel,Right Side Doors,,N,,Unspecified,Unspecified,,,"(40.832756, -73.85918)",0.0,0.0,0,0,0,0,0,0,Sedan,Sedan,0
19532811,4277145,01/21/2020,13:18,6197608f-7f6e-40e8-b641-625a6292b427,Pick-up Truck,IHC,2019.0,1.0,M,Licensed,Making Right Turn,Other,Other,Other,,,N,,Driver Inattention/Distraction,Unspecified,BROOKLYN,11231.0,"(40.685062, -74.00269)",0.0,0.0,0,0,0,0,0,0,Station Wagon/Sport Utility Vehicle,Pick-up Truck,0
19770707,4356932,10/12/2020,05:00,dd3b5b80-ddec-4dd0-b43b-348718eb3a0f,Station Wagon/Sport Utility Vehicle,NISS -CAR/SUV,2008.0,0.0,,,Parked,Center Back End,Center Back End,Left Rear Bumper,,,N,,Unspecified,Unspecified,QUEENS,11434.0,"(40.66786, -73.76656)",0.0,0.0,0,0,0,0,0,0,Sedan,Station Wagon/Sport Utility Vehicle,0
19722331,4335600,08/04/2020,14:30,7444a65a-daff-4422-8075-5fa6beb3dabe,Sedan,TOYT -CAR/SUV,2016.0,0.0,,,Parked,Roof,Roof,Center Back End,Right Rear Bumper,Right Rear Quarter Panel,N,,Unspecified,Unspecified,BRONX,10475.0,"(40.87155, -73.82817)",0.0,0.0,0,0,0,0,0,0,Sedan,,0
19752903,4349159,09/05/2020,16:40,fe937b51-3ff6-47b8-babc-049c1475d45b,Station Wagon/Sport Utility Vehicle,HOND -CAR/SUV,2020.0,2.0,F,Licensed,Stopped in Traffic,Center Back End,Center Back End,Left Rear Bumper,Right Rear Bumper,No Damage,N,,Unspecified,Unspecified,,,,0.0,0.0,0,0,0,0,0,0,Station Wagon/Sport Utility Vehicle,Station Wagon/Sport Utility Vehicle,0
19823866,4381075,12/23/2020,13:05,f47f3273-0b5d-4b0c-bcb2-ba889f4b6293,Sedan,HOND -CAR/SUV,2017.0,0.0,,,Parked,Left Side Doors,Left Side Doors,,,,N,,Unspecified,Unspecified,BRONX,10468.0,"(40.872513, -73.89994)",0.0,0.0,0,0,0,0,0,0,Sedan,,0
19775067,4358871,10/18/2020,04:05,b132d174-ef59-435f-8610-cf68cee4385b,Sedan,HOND -CAR/SUV,2018.0,1.0,M,Licensed,Going Straight Ahead,Right Front Bumper,Center Front End,Center Front End,Left Front Bumper,Right Front Bumper,N,,Unspecified,Unspecified,,,"(40.669796, -73.87057)",2.0,0.0,0,0,0,0,2,0,Sedan,Taxi,1
19567027,4281826,01/31/2020,19:00,741d9cb7-912a-40ae-9d2f-5ae9ea4f50ed,Taxi,TOYT -CAR/SUV,2016.0,3.0,M,Licensed,Going Straight Ahead,Right Front Bumper,Right Front Bumper,,,,N,,Traffic Control Disregarded,Unspecified,BRONX,10462.0,"(40.832233, -73.85427)",3.0,0.0,0,0,0,0,3,0,Taxi,Sedan,1
19574574,4300988,03/16/2020,09:40,27a47ad2-e026-4d67-b640-31d56ec88345,Box Truck,HINO -TRUCK/BUS,2020.0,1.0,M,Licensed,Making Right Turn,Right Rear Quarter Panel,No Damage,No Damage,No Damage,No Damage,N,,Driver Inattention/Distraction,Driver Inattention/Distraction,MANHATTAN,10010.0,"(40.74026, -73.990524)",0.0,0.0,0,0,0,0,0,0,Sedan,Box Truck,0
19690483,4321053,06/17/2020,17:33,554a2fac-3bbe-455e-accc-4529f7885e37,Station Wagon/Sport Utility Vehicle,FORD -CAR/SUV,2019.0,0.0,M,Licensed,Parked,Left Side Doors,Left Side Doors,Left Front Quarter Panel,,,N,,Unspecified,Unspecified,QUEENS,11370.0,"(40.757404, -73.888306)",0.0,0.0,0,0,0,0,0,0,Station Wagon/Sport Utility Vehicle,,0
19609056,4293036,02/24/2020,14:02,5c87cf04-9e41-4073-8407-b577409d41d8,Sedan,CHEV -CAR/SUV,2004.0,0.0,,,Parked,Left Rear Quarter Panel,Left Rear Quarter Panel,Left Front Quarter Panel,Left Side Doors,No Damage,N,,Unspecified,Unspecified,QUEENS,11357.0,"(40.79072, -73.81009)",0.0,0.0,0,0,0,0,0,0,Sedan,Sedan,0
19689807,4320607,06/06/2020,19:00,b7341e48-94b4-42b2-85a6-b5a6755ce36c,Sedan,HOND -CAR/SUV,2018.0,1.0,M,Licensed,Parked,Left Front Quarter Panel,Left Front Quarter Panel,Left Front Bumper,No Damage,No Damage,N,,Unspecified,Unspecified,QUEENS,11372.0,"(40.75587, -73.88234)",0.0,0.0,0,0,0,0,0,0,Sedan,,0
19572847,4301032,03/16/2020,13:15,23681985-79dd-410e-a761-5205b1ac06eb,Sedan,FORD -CAR/SUV,2019.0,1.0,M,Licensed,Going Straight Ahead,Left Side Doors,Left Side Doors,,,,N,,Unspecified,Unspecified,BROOKLYN,11222.0,"(40.731808, -73.954544)",0.0,0.0,0,0,0,0,0,0,Sedan,Sedan,0
19692417,4321948,06/19/2020,13:10,24c7a8c0-c15b-4081-b038-aa1fe68862dd,Station Wagon/Sport Utility Vehicle,NISS -CAR/SUV,2016.0,1.0,M,Licensed,Parked,Right Front Bumper,Right Front Bumper,No Damage,No Damage,No Damage,N,,Unspecified,Unspecified,QUEENS,11368.0,"(40.749718, -73.86419)",0.0,0.0,0,0,0,0,0,0,Station Wagon/Sport Utility Vehicle,Station Wagon/Sport Utility Vehicle,0
19572093,4294420,02/27/2020,17:00,8dd616dc-f153-4cf4-86d5-b3e50a7f4c9e,Station Wagon/Sport Utility Vehicle,TOYT -CAR/SUV,2015.0,3.0,M,Licensed,Going Straight Ahead,Center Front End,No Damage,,,,N,,Following Too Closely,Unspecified,QUEENS,11373.0,"(40.73088, -73.871635)",2.0,0.0,0,0,0,0,2,0,Station Wagon/Sport Utility Vehicle,Station Wagon/Sport Utility Vehicle,1
19704655,4327427,07/05/2020,16:30,168c66ea-efbd-4f68-aa96-4c7a95aa728f,Sedan,FORD -CAR/SUV,2016.0,1.0,M,Licensed,Making Left Turn,Left Front Bumper,Left Front Bumper,No Damage,No Damage,No Damage,N,,Unspecified,Unspecified,BROOKLYN,11201.0,"(40.69584, -73.98241)",0.0,0.0,0,0,0,0,0,0,Sedan,Sedan,0
19584978,4300329,03/14/2020,22:17,1099dc63-e876-4908-aba7-2cb2423fa6c7,Taxi,TOYT -CAR/SUV,2017.0,2.0,M,Licensed,Making Right Turn,Right Front Bumper,Right Front Quarter Panel,No Damage,No Damage,No Damage,N,,Driver Inattention/Distraction,Unspecified,BRONX,10468.0,"(40.859642, -73.899826)",2.0,0.0,0,0,2,0,0,0,Taxi,E-Bike,1
19590046,4307156,03/03/2020,15:00,4e395a2a-a226-4fbf-91f9-1d671540d202,Sedan,HOND -CAR/SUV,2015.0,3.0,M,Licensed,Making Left Turn,Right Front Quarter Panel,Right Front Quarter Panel,Right Side Doors,,,N,,Unspecified,Unspecified,BRONX,10454.0,"(40.804344, -73.92158)",0.0,0.0,0,0,0,0,0,0,Sedan,Tractor Truck Diesel,0
19703049,4326763,07/08/2020,20:00,f435d570-ded3-4337-87e4-c661cdef01d3,Sedan,FORD -CAR/SUV,,0.0,M,Licensed,Parked,Left Front Quarter Panel,Left Front Quarter Panel,,,,N,,Unspecified,Unspecified,,,"(40.622307, -74.14268)",0.0,0.0,0,0,0,0,0,0,Sedan,,0
19723202,4335886,08/06/2020,19:25,6772177f-e50f-48c3-9300-1fc100cc09ae,Station Wagon/Sport Utility Vehicle,TOYT -CAR/SUV,2020.0,1.0,M,Licensed,Stopped in Traffic,Center Back End,Center Back End,,,,N,,Unspecified,Unspecified,MANHATTAN,10021.0,,0.0,0.0,0,0,0,0,0,0,Station Wagon/Sport Utility Vehicle,,0
19518484,4312221,05/04/2020,19:00,297bd472-060b-4443-bb79-e6e3933920b0,Sedan,VOLK -CAR/SUV,,1.0,M,Licensed,Going Straight Ahead,Right Front Bumper,No Damage,No Damage,No Damage,No Damage,N,,Unspecified,Unspecified,BROOKLYN,11208.0,"(40.669037, -73.86569)",0.0,0.0,0,0,0,0,0,0,E-Scooter,Sedan,0
19736494,4341794,08/25/2020,18:00,fdb1b862-364c-4833-ac8e-67f5c5398766,Station Wagon/Sport Utility Vehicle,JEEP -CAR/SUV,2014.0,1.0,M,Licensed,Making Left Turn,Right Front Quarter Panel,No Damage,,,,N,,Following Too Closely,Unspecified,QUEENS,11357.0,"(40.797375, -73.81917)",1.0,0.0,0,0,1,0,0,0,Station Wagon/Sport Utility Vehicle,Bike,1
19743988,4345350,09/07/2020,00:01,5eb01b99-394f-4f19-af43-08d67cddde92,Station Wagon/Sport Utility Vehicle,GMC -CAR/SUV,2020.0,0.0,,,Parked,Center Back End,Center Back End,Left Rear Bumper,Right Rear Bumper,Left Rear Quarter Panel,N,,Unspecified,Unspecified,,,"(40.563915, -74.11637)",0.0,0.0,0,0,0,0,0,0,Station Wagon/Sport Utility Vehicle,Station Wagon/Sport Utility Vehicle,0
19762464,4353504,09/30/2020,21:30,23cd03c7-c239-43fd-a430-103d6e605386,Motorcycle,YAMA -MCL,2019.0,1.0,M,Licensed,Going Straight Ahead,Center Front End,Center Front End,No Damage,No Damage,Other,N,,Unspecified,Unsafe Speed,MANHATTAN,10025.0,,0.0,0.0,0,0,0,0,0,0,Motorcycle,Sedan,0
19800722,4370647,11/24/2020,16:56,18626239-6742-4759-8162-f336c29f4290,Station Wagon/Sport Utility Vehicle,JEEP -CAR/SUV,2020.0,2.0,F,Licensed,Going Straight Ahead,Left Front Bumper,Left Front Bumper,,,,N,,Unspecified,Unspecified,BROOKLYN,11226.0,"(40.643288, -73.95167)",2.0,0.0,0,0,0,0,2,0,Station Wagon/Sport Utility Vehicle,Station Wagon/Sport Utility Vehicle,1
19591185,4306735,03/09/2020,15:55,fae4d403-a730-454f-965e-084a44bc93a8,Sedan,ACUR -CAR/SUV,1998.0,1.0,M,Licensed,Parked,Center Front End,Center Front End,,,,N,,Unspecified,Unspecified,QUEENS,11435.0,"(40.700172, -73.81088)",0.0,0.0,0,0,0,0,0,0,Box Truck,Sedan,0
19584185,4296322,03/01/2020,18:00,8f030c0d-3fde-418d-a071-45346210967f,Sedan,HYUN -CAR/SUV,2011.0,1.0,M,Licensed,Going Straight Ahead,Left Front Quarter Panel,Left Front Bumper,,,,N,,Unspecified,Unspecified,QUEENS,11435.0,"(40.688522, -73.80818)",0.0,0.0,0,0,0,0,0,0,Sedan,Station Wagon/Sport Utility Vehicle,0
19597351,4305764,03/07/2020,18:30,820aac7b-20d2-4dba-8e49-f3c3eeed576c,Station Wagon/Sport Utility Vehicle,TOYT -CAR/SUV,2018.0,1.0,M,Licensed,Starting from Parking,Left Side Doors,Left Side Doors,,,,N,,Unspecified,Unspecified,QUEENS,11419.0,"(40.685936, -73.82594)",0.0,0.0,0,0,0,0,0,0,Station Wagon/Sport Utility Vehicle,Station Wagon/Sport Utility Vehicle,0
19608588,4307679,04/02/2020,18:15,a5e45fd7-0911-4d1b-b510-59a24625d434,Box Truck,VOLV -TRUCK/BUS,1999.0,1.0,M,Licensed,Parked,Left Front Quarter Panel,Left Front Quarter Panel,,,,N,,Unspecified,Unspecified,,,"(40.752106, -73.94424)",0.0,0.0,0,0,0,0,0,0,Box Truck,Box Truck,0
19761731,4353241,09/25/2020,08:15,79a56a8d-7e7a-4624-aa02-15588e649e65,Station Wagon/Sport Utility Vehicle,GMC -CAR/SUV,2015.0,1.0,M,Licensed,Parked,Right Rear Bumper,Right Rear Bumper,No Damage,No Damage,No Damage,N,,Unspecified,Unspecified,MANHATTAN,10007.0,"(40.71258, -74.00979)",0.0,0.0,0,0,0,0,0,0,Sedan,Station Wagon/Sport Utility Vehicle,0
19565271,4298445,03/06/2020,11:58,1220f5e6-f036-4a45-a8f5-fa6ab5b7061e,Station Wagon/Sport Utility Vehicle,INFI -CAR/SUV,2013.0,1.0,F,Licensed,Merging,Right Front Bumper,Right Front Bumper,Right Front Quarter Panel,,,N,,Failure to Yield Right-of-Way,Unspecified,MANHATTAN,10035.0,"(40.804066, -73.93267)",0.0,0.0,0,0,0,0,0,0,Station Wagon/Sport Utility Vehicle,Taxi,0
19580806,4290173,02/17/2020,12:40,3ff3d3d0-73f9-485a-be58-0e3ad67ecf30,Sedan,BMW -CAR/SUV,2009.0,1.0,F,Licensed,Making Left Turn on Red,Right Side Doors,Right Side Doors,Right Front Quarter Panel,Right Rear Quarter Panel,,N,,Driver Inattention/Distraction,Driver Inexperience,QUEENS,11421.0,"(40.692516, -73.85911)",0.0,0.0,0,0,0,0,0,0,Sedan,Sedan,0
19703724,4326902,07/08/2020,18:30,06983000-ade3-48ff-a3fb-9728b5304a12,Station Wagon/Sport Utility Vehicle,HYUN -CAR/SUV,2011.0,2.0,F,Licensed,Going Straight Ahead,Left Side Doors,Left Side Doors,Left Rear Quarter Panel,No Damage,No Damage,N,,Driver Inattention/Distraction,Unspecified,BRONX,10457.0,"(40.848114, -73.88583)",0.0,0.0,0,0,0,0,0,0,Station Wagon/Sport Utility Vehicle,Sedan,0
19728431,4338177,08/14/2020,01:07,01279696-4660-4140-8108-27d19ab840df,Station Wagon/Sport Utility Vehicle,JEEP -CAR/SUV,,,,,Going Straight Ahead,Center Front End,Center Front End,Left Front Bumper,Right Front Bumper,,N,,Driver Inattention/Distraction,Unsafe Speed,,,,2.0,0.0,0,0,0,0,2,0,Taxi,Station Wagon/Sport Utility Vehicle,1
19786527,4364340,11/04/2020,15:05,5159b743-79d7-4186-959e-4f9d4a117aa1,Sedan,MERZ -CAR/SUV,2016.0,1.0,F,Licensed,Merging,Left Rear Bumper,Left Rear Quarter Panel,,,,N,,Passing or Lane Usage Improper,Unspecified,,,"(40.667152, -73.768135)",2.0,0.0,0,0,0,0,2,0,Sedan,Sedan,1
19704425,4327197,07/10/2020,10:15,e5157899-2e83-42ab-96d9-c4acfdbbdab1,Station Wagon/Sport Utility Vehicle,DODG -CAR/SUV,2002.0,1.0,M,Licensed,Making Left Turn,Left Front Quarter Panel,Left Front Quarter Panel,,,,N,,Unspecified,Unspecified,QUEENS,11415.0,"(40.706142, -73.83177)",0.0,0.0,0,0,0,0,0,0,Station Wagon/Sport Utility Vehicle,Station Wagon/Sport Utility Vehicle,0
19528399,4271812,01/11/2020,17:45,04249156-2a00-468f-9df5-121eaf940991,Sedan,HOND -CAR/SUV,2011.0,1.0,,,,Center Front End,Center Front End,,,,N,,,,BROOKLYN,11230.0,"(40.629333, -73.96801)",0.0,0.0,0,0,0,0,0,0,Sedan,Sedan,0
19703518,4327052,07/08/2020,10:44,251ba14c-ba4e-4790-addd-3046c91cc0ad,Sedan,HOND -CAR/SUV,2018.0,2.0,M,,Backing,Center Back End,No Damage,No Damage,No Damage,No Damage,N,,Pedestrian/Bicyclist/Other Pedestrian Error/Confusion,Backing Unsafely,MANHATTAN,10002.0,"(40.71521, -73.98427)",1.0,0.0,1,0,0,0,0,0,Sedan,,1
19705537,4327629,07/03/2020,12:40,741a04e3-bd7f-4836-ad15-f94bdac97779,Sedan,INFI -CAR/SUV,2010.0,1.0,M,Licensed,Going Straight Ahead,Center Front End,Center Front End,No Damage,No Damage,No Damage,N,,Unspecified,Unspecified,BROOKLYN,11207.0,"(40.67319, -73.899124)",1.0,0.0,0,0,0,0,1,0,Sedan,Sedan,1
19531745,4284888,02/06/2020,07:30,f3083761-326b-45a9-a08c-c23b041a53e2,Sedan,CHEV -CAR/SUV,2006.0,2.0,M,Licensed,Going Straight Ahead,Left Rear Bumper,Left Rear Bumper,Left Rear Quarter Panel,Center Back End,,N,,Driver Inattention/Distraction,Unspecified,,,"(40.546955, -74.18129)",0.0,0.0,0,0,0,0,0,0,Sedan,Station Wagon/Sport Utility Vehicle,0
19755920,4350624,09/19/2020,21:02,7eaf8db0-c9a9-446e-8eb1-25c2c3d316a9,Sedan,HOND -CAR/SUV,2016.0,0.0,,,Parked,Center Back End,Left Rear Bumper,Right Rear Bumper,,,N,,Unspecified,Unspecified,BROOKLYN,11236.0,"(40.637794, -73.91714)",0.0,0.0,0,0,0,0,0,0,Station Wagon/Sport Utility Vehicle,Station Wagon/Sport Utility Vehicle,0
19538469,4271324,01/10/2020,14:29,611dcfb3-9df4-4037-97e7-36c72349db0b,Station Wagon/Sport Utility Vehicle,LEXS -CAR/SUV,2020.0,2.0,F,Licensed,Backing,Center Back End,Center Back End,No Damage,No Damage,No Damage,N,,Other Vehicular,Unspecified,BROOKLYN,11239.0,"(40.651234, -73.86991)",0.0,0.0,0,0,0,0,0,0,Station Wagon/Sport Utility Vehicle,Station Wagon/Sport Utility Vehicle,0
19519601,4267778,01/01/2020,18:00,476f55d9-3c86-4b91-8903-5a4f6ba8e8d9,Station Wagon/Sport Utility Vehicle,TOYT -CAR/SUV,2010.0,0.0,M,Licensed,Making Right Turn,Left Front Bumper,Left Front Bumper,Center Front End,Right Front Bumper,Left Front Quarter Panel,N,,Traffic Control Disregarded,Unspecified,QUEENS,11354.0,"(40.770153, -73.81313)",0.0,0.0,0,0,0,0,0,0,Station Wagon/Sport Utility Vehicle,Station Wagon/Sport Utility Vehicle,0
19704566,4327347,07/01/2020,16:35,dd5f5fc2-9c3a-43a9-b1e2-82a0e5f63d37,Box Truck,FRHT-TRUCK/BUS,2021.0,1.0,M,Licensed,Going Straight Ahead,Right Front Bumper,Right Front Bumper,,,,N,,Unspecified,Unspecified,MANHATTAN,10018.0,"(40.75649, -73.997765)",0.0,0.0,0,0,0,0,0,0,Sedan,Box Truck,0
19544955,4285843,02/07/2020,05:20,5860e1a1-427e-4075-9bfe-f857ca60b707,Sedan,HYUN -CAR/SUV,2017.0,0.0,M,Licensed,Parked,Left Rear Quarter Panel,Left Rear Quarter Panel,No Damage,No Damage,No Damage,N,,Passing Too Closely,Unspecified,,,"(40.71882, -73.9468)",0.0,0.0,0,0,0,0,0,0,Sedan,,0
19794505,4367991,11/14/2020,11:45,c8ed3741-3660-4ba2-9654-5bf14d1a6731,Sedan,FORD -CAR/SUV,2016.0,3.0,F,Licensed,Making Left Turn,Right Front Bumper,Right Front Bumper,,,,N,,Driver Inattention/Distraction,Unspecified,BROOKLYN,11231.0,"(40.682693, -73.99043)",1.0,0.0,0,0,1,0,0,0,Sedan,Bike,1
19678320,4315493,05/24/2020,13:40,2178f887-ceb3-4ced-81e0-1ce337ac4578,Station Wagon/Sport Utility Vehicle,FORD -CAR/SUV,,1.0,,,Making U Turn,Left Rear Bumper,No Damage,No Damage,No Damage,No Damage,N,,Driver Inattention/Distraction,Backing Unsafely,,,"(40.8059, -73.92523)",0.0,0.0,0,0,0,0,0,0,Station Wagon/Sport Utility Vehicle,Station Wagon/Sport Utility Vehicle,0
19550754,4282157,02/01/2020,10:20,701248ad-c0f3-4ed7-9c4d-7a8661f927ab,Sedan,TOYT -CAR/SUV,2016.0,1.0,M,Licensed,Going Straight Ahead,Center Front End,Center Front End,Right Front Bumper,Left Front Bumper,,N,,Unspecified,Unspecified,BRONX,10453.0,"(40.856987, -73.90897)",0.0,0.0,0,0,0,0,0,0,Sedan,Station Wagon/Sport Utility Vehicle,0
19797700,4369421,10/11/2020,23:55,15834e94-b60a-4295-bf8e-e6c8e65e7ca4,Sedan,FORD -CAR/SUV,2016.0,0.0,,,Parked,Left Rear Bumper,Left Rear Quarter Panel,No Damage,No Damage,No Damage,N,,Unspecified,Unspecified,BRONX,10461.0,"(40.837715, -73.845566)",0.0,0.0,0,0,0,0,0,0,Station Wagon/Sport Utility Vehicle,Station Wagon/Sport Utility Vehicle,0
19743536,4344990,09/04/2020,23:15,c52d595d-bbee-49ad-8fbe-b39642b79c6a,Sedan,KIA -CAR/SUV,2015.0,1.0,F,Licensed,Merging,Right Front Bumper,Right Front Bumper,,,,N,,Alcohol Involvement,Unsafe Lane Changing,,,,0.0,0.0,0,0,0,0,0,0,Station Wagon/Sport Utility Vehicle,Sedan,0
19762175,4353319,09/30/2020,04:45,35cf856b-1e3d-42a4-b541-406952054fb4,Sedan,VOLK -CAR/SUV,2009.0,1.0,M,Licensed,Going Straight Ahead,Left Front Bumper,Left Front Quarter Panel,Left Side Doors,Left Rear Quarter Panel,Left Rear Bumper,N,,Pavement Slippery,Obstruction/Debris,,,"(40.78515, -73.94063)",0.0,0.0,0,0,0,0,0,0,Sedan,Sedan,0
19787325,4364892,11/05/2020,12:04,aa18a2c9-d72e-4386-b6f8-fa2894005203,Sedan,NISS -CAR/SUV,2018.0,1.0,M,Licensed,Going Straight Ahead,Left Rear Quarter Panel,Left Rear Quarter Panel,No Damage,No Damage,No Damage,N,,Unspecified,Unspecified,,,"(40.78832, -73.941025)",0.0,0.0,0,0,0,0,0,0,Sedan,Pick-up Truck,0
19561657,4309803,04/17/2020,01:00,81eb03ca-e589-4854-84bd-4e878e164c37,Taxi,TOYT -CAR/SUV,2010.0,0.0,,,Parked,Center Back End,Center Back End,Right Rear Bumper,Right Rear Bumper,Left Rear Bumper,N,,Unspecified,Unspecified,,,"(40.68316, -73.93809)",0.0,0.0,0,0,0,0,0,0,Pick-up Truck,Sedan,0