UNIQUE_ID,COLLISION_ID,CRASH_DATE,CRASH_TIME,VEHICLE_ID,VEHICLE_TYPE,VEHICLE_MAKE,VEHICLE_YEAR,VEHICLE_OCCUPANTS,DRIVER_SEX,DRIVER_LICENSE_STATUS,PRE_CRASH,POINT_OF_IMPACT,VEHICLE_DAMAGE,VEHICLE_DAMAGE_1,VEHICLE_DAMAGE_2,VEHICLE_DAMAGE_3,PUBLIC_PROPERTY_DAMAGE,PUBLIC_PROPERTY_DAMAGE_TYPE,CONTRIBUTING_FACTOR_1,CONTRIBUTING_FACTOR_2,BOROUGH,ZIP CODE,LOCATION,NUMBER OF PERSONS INJURED,NUMBER OF PERSONS KILLED,NUMBER OF PEDESTRIANS INJURED,NUMBER OF PEDESTRIANS KILLED,NUMBER OF CYCLIST INJURED,NUMBER OF CYCLIST KILLED,NUMBER OF MOTORIST INJURED,NUMBER OF MOTORIST KILLED,VEHICLE TYPE CODE 1,VEHICLE TYPE CODE 2,Severity
19532694,4270833,01/08/2020,08:04,110c309c-4331-4043-acae-b54bada6757d,Station Wagon/Sport Utility Vehicle,NISS -CAR/SUV,2016.0,1.0,M,Licensed,Making Right Turn,Right Front Bumper,No Damage,,,,N,,Failure to Yield Right-of-Way,View Obstructed/Limited,QUEENS,11354.0,"(40.760994, -73.82443)",1.0,0.0,1,0,0,0,0,0,Station Wagon/Sport Utility Vehicle,,1
19793036,4367328,11/13/2020,09:48,45c999d3-9198-4c46-bc0c-f7f225707c35,Sedan,HOND -CAR/SUV,2009.0,1.0,F,Licensed,Slowing or Stopping,Center Front End,Center Front End,Right Rear Bumper,,,N,,Other Vehicular,Other Vehicular,,,"(40.66605, -73.81525)",0.0,0.0,0,0,0,0,0,0,Sedan,Sedan,0
19795301,4368544,11/17/2020,15:00,7a5ad8ba-5202-4a96-a01b-30d4a59ce73a,Sedan,TOYT -CAR/SUV,2017.0,1.0,M,Licensed,Stopped in Traffic,Left Front Bumper,Left Front Bumper,Left Front Quarter Panel,Left Side Doors,,N,,Unspecified,Unspecified,,,"(40.821068, -73.89894)",0.0,0.0,0,0,0,0,0,0,Sedan,Sedan,0
19531116,4271210,01/10/2020,07:50,7b1d7bf1-a2bb-4e23-af71-3464941fa6af,Sedan,HOND -CAR/SUV,2019.0,1.0,M,Licensed,Going Straight Ahead,Center Front End,Center Front End,No Damage,No Damage,No Damage,N,,Unspecified,Unspecified,QUEENS,11433.0,"(40.696575, -73.77619)",0.0,0.0,0,0,0,0,0,0,Station Wagon/Sport Utility Vehicle,Sedan,0
19563581,4290000,02/12/2020,10:24,a59a956d-97e7-4ed3-9ee0-6aabf0c54762,Station Wagon/Sport Utility Vehicle,JEEP -CAR/SUV,2019.0,1.0,M,Licensed,Slowing or Stopping,Center Back End,Center Back End,Right Rear Bumper,,,N,,Unspecified,Unspecified,,,"(40.637447, -74.01997)",1.0,0.0,0,0,0,0,1,0,Station Wagon/Sport Utility Vehicle,Station Wagon/Sport Utility Vehicle,1
19571331,4308298,04/07/2020,20:30,71f02d43-26f4-42c9-a64e-0d49bfa92423,Sedan,CHRY -CAR/SUV,2006.0,0.0,M,Licensed,Going Straight Ahead,Center Front End,Center Front End,No Damage,No Damage,No Damage,N,,Driver Inattention/Distraction,Unspecified,STATEN ISLAND,10305.0,"(40.614086, -74.06614)",1.0,0.0,1,0,0,0,0,0,Sedan,,1
19740215,4343538,08/23/2020,01:40,b6a6402d-6dcb-4393-966a-2e5b6d10802f,Sedan,AUDI -CAR/SUV,2016.0,1.0,M,Licensed,Making Right Turn,Center Front End,Left Front Bumper,Left Front Quarter Panel,,,N,,Unspecified,Unspecified,BROOKLYN,11212.0,"(40.667156, -73.9101)",1.0,0.0,0,0,0,0,1,0,Sedan,Sedan,1
19818682,4378866,12/25/2020,00:00,125f09d1-7b44-4404-a775-c6b52ba60c70,Station Wagon/Sport Utility Vehicle,TOYT -CAR/SUV,2021.0,1.0,F,Licensed,Going Straight Ahead,Left Side Doors,Left Side Doors,Left Front Quarter Panel,,,N,,Unspecified,Unspecified,,,"(40.69078, -73.72728)",0.0,0.0,0,0,0,0,0,0,Station Wagon/Sport Utility Vehicle,Station Wagon/Sport Utility Vehicle,0
19704752,4327372,07/10/2020,21:50,e8e57e73-98fd-4f90-9ccd-acb52d7e5c82,Sedan,NISS -CAR/SUV,2014.0,0.0,M,Licensed,Going Straight Ahead,Center Front End,Center Front End,Right Front Bumper,Left Front Bumper,,N,,Following Too Closely,Unspecified,,,"(40.674953, -73.80205)",0.0,0.0,0,0,0,0,0,0,Station Wagon/Sport Utility Vehicle,Sedan,0
19790487,4366216,11/09/2020,23:00,296e76fc-74fd-4a82-a38e-7c4a4081933c,Station Wagon/Sport Utility Vehicle,TOYT -CAR/SUV,2009.0,0.0,M,Licensed,Parked,Right Front Bumper,Right Front Bumper,Right Front Quarter Panel,Right Rear Quarter Panel,Right Rear Bumper,Unspecified,,Unspecified,Unspecified,BROOKLYN,11201.0,"(40.688477, -73.99088)",0.0,0.0,0,0,0,0,0,0,Station Wagon/Sport Utility Vehicle,Station Wagon/Sport Utility Vehicle,0
19809654,4374859,12/10/2020,08:15,aaad7894-480b-4dd9-97de-17d842ac3b1d,Sedan,HOND -CAR/SUV,2006.0,1.0,M,Licensed,Slowing or Stopping,Center Front End,Center Front End,Left Front Bumper,Right Front Bumper,,N,,Following Too Closely,Unspecified,,,"(40.73425, -73.86336)",0.0,0.0,0,0,0,0,0,0,Sedan,Sedan,0
19611459,4312057,05/06/2020,06:43,3243a012-7c13-4b3f-8c5a-7ad91998d777,Sedan,VOLK -CAR/SUV,2019.0,1.0,M,Licensed,Making Left Turn,Center Front End,Center Front End,Left Front Quarter Panel,,,N,,Driver Inattention/Distraction,View Obstructed/Limited,QUEENS,11101.0,"(40.739674, -73.934586)",2.0,0.0,0,0,0,0,2,0,Sedan,Sedan,1
19689314,4320187,06/13/2020,21:35,acf63ff6-ead2-422e-a94b-727f77b67f6e,Station Wagon/Sport Utility Vehicle,TOYT -CAR/SUV,2009.0,2.0,M,Licensed,Going Straight Ahead,Right Front Quarter Panel,Right Front Quarter Panel,Right Side Doors,Right Rear Quarter Panel,,N,,Driver Inattention/Distraction,Unspecified,QUEENS,11104.0,"(40.745007, -73.91928)",3.0,0.0,0,0,0,0,3,0,Station Wagon/Sport Utility Vehicle,Sedan,1
19704284,4327155,07/09/2020,11:15,aa6c6513-79ce-41d7-aaf4-429705849378,Station Wagon/Sport Utility Vehicle,FORD -CAR/SUV,2012.0,0.0,,,Parked,Right Rear Bumper,Right Rear Bumper,Right Rear Quarter Panel,Center Back End,Left Rear Bumper,N,,Unspecified,Unspecified,BRONX,10460.0,"(40.842052, -73.88951)",1.0,0.0,0,0,0,0,1,0,Station Wagon/Sport Utility Vehicle,Station Wagon/Sport Utility Vehicle,1
19802426,4371436,11/25/2020,19:00,e3c5c15f-5e8a-4ce6-ba15-7612546d6702,Station Wagon/Sport Utility Vehicle,NISS -CAR/SUV,2011.0,0.0,,,Parked,Left Rear Bumper,Left Rear Bumper,,,,N,,Unspecified,Unspecified,QUEENS,11373.0,"(40.74515, -73.873314)",0.0,0.0,0,0,0,0,0,0,Station Wagon/Sport Utility Vehicle,,0
19754280,4350029,09/19/2020,05:50,c1eeeed0-3e51-4dad-a97e-0c7e49bf553a,,JEEP -CAR/SUV,,,,,Going Straight Ahead,Right Front Quarter Panel,Other,Other,Other,Other,Unspecified,,Unspecified,Unspecified,BRONX,10453.0,"(40.85592, -73.9172)",0.0,0.0,0,0,0,0,0,0,Station Wagon/Sport Utility Vehicle,,0
19744391,4345099,09/06/2020,09:46,f0ff705e-7163-4cab-91e3-538783939959,Sedan,NISS -CAR/SUV,2010.0,0.0,,,Parked,Right Front Quarter Panel,Right Front Quarter Panel,Right Side Doors,,,N,,Unspecified,Unspecified,QUEENS,11377.0,"(40.734097, -73.89908)",0.0,0.0,0,0,0,0,0,0,Sedan,,0
19602633,4306685,03/09/2020,16:55,edf7bfb2-e541-45fd-9b61-11cc21348e2e,Station Wagon/Sport Utility Vehicle,FORD -CAR/SUV,2018.0,1.0,M,Licensed,Slowing or Stopping,Center Back End,Center Back End,Right Rear Bumper,Left Rear Bumper,,N,,Unspecified,Unspecified,,,"(40.72752, -73.75879)",1.0,0.0,0,0,0,0,1,0,Station Wagon/Sport Utility Vehicle,Sedan,1
19615227,4303793,03/25/2020,07:54,855f65fd-df42-49e8-b1cb-0e9c2b3406d5,Station Wagon/Sport Utility Vehicle,CHRY -CAR/SUV,2012.0,0.0,,,Parked,Left Front Bumper,Left Front Bumper,Center Front End,Right Front Bumper,Left Front Quarter Panel,N,,Unspecified,Unspecified,BROOKLYN,11208.0,"(40.6711, -73.883575)",0.0,0.0,0,0,0,0,0,0,Sedan,Station Wagon/Sport Utility Vehicle,0
19813001,4376286,12/11/2020,09:30,acb54c02-8e91-4474-ac43-2dbf05e661ca,Station Wagon/Sport Utility Vehicle,FORD -CAR/SUV,2014.0,,,,,,,,,,N,,Unspecified,Unspecified,BROOKLYN,11219.0,"(40.62902, -73.989494)",0.0,0.0,0,0,0,0,0,0,Station Wagon/Sport Utility Vehicle,Station Wagon/Sport Utility Vehicle,0
19254793,4282143,02/01/2020,07:45,9cf21eed-6271-4b87-ad60-ceb027a1e291,Station Wagon/Sport Utility Vehicle,NISS -CAR/SUV,2015.0,1.0,M,Licensed,Changing Lanes,Right Front Quarter Panel,Right Front Quarter Panel,Right Side Doors,,,N,,Unsafe Lane Changing,Unspecified,,,"(40.752728, -73.92297)",0.0,0.0,0,0,0,0,0,0,Sedan,Station Wagon/Sport Utility Vehicle,0
19745555,4345831,09/05/2020,22:30,9bc2cf00-e9c6-42b9-b67f-8566b047d8d5,Station Wagon/Sport Utility Vehicle,TOYT -CAR/SUV,2017.0,1.0,M,Licensed,Going Straight Ahead,Center Front End,Center Front End,Left Front Bumper,Right Front Bumper,,N,,Failure to Yield Right-of-Way,Unspecified,QUEENS,11423.0,"(40.70969, -73.76303)",0.0,0.0,0,0,0,0,0,0,Station Wagon/Sport Utility Vehicle,Station Wagon/Sport Utility Vehicle,0
19672279,4312758,05/09/2020,14:27,01fab420-ab03-4873-b496-2a7eecbcdd46,Station Wagon/Sport Utility Vehicle,HOND -CAR/SUV,2006.0,0.0,,,Parked,Left Front Quarter Panel,Left Front Quarter Panel,No Damage,No Damage,No Damage,N,,Unspecified,Unspecified,BRONX,10454.0,"(40.80453, -73.91413)",0.0,0.0,0,0,0,0,0,0,Station Wagon/Sport Utility Vehicle,,0
19724866,4336609,08/08/2020,23:00,438af33f-9c21-4797-a7f2-730e5a37f561,Sedan,HOND -CAR/SUV,2017.0,0.0,,,Parked,Left Rear Bumper,Left Rear Bumper,No Damage,No Damage,No Damage,N,,Unspecified,Unspecified,BROOKLYN,11249.0,"(40.710728, -73.9678)",0.0,0.0,0,0,0,0,0,0,Sedan,,0
19572658,4287468,02/07/2020,11:00,ee648b76-aa6b-4ab2-9382-2d8da67d7384,Sedan,HOND -CAR/SUV,2004.0,0.0,F,Licensed,Backing,Left Rear Bumper,Left Rear Bumper,,,,N,,Backing Unsafely,Unspecified,,,"(40.814625, -73.92036)",0.0,0.0,0,0,0,0,0,0,Sedan,Sedan,0
19588717,4292170,02/22/2020,10:56,5e8f0cf1-aaa1-41f6-9195-d0fe62f713bd,Sedan,MERZ -CAR/SUV,,1.0,,,Going Straight Ahead,Center Front End,,,,,N,,Driver Inattention/Distraction,Following Too Closely,,,"(40.83204, -73.85564)",0.0,0.0,0,0,0,0,0,0,Station Wagon/Sport Utility Vehicle,Sedan,0
19805338,4372962,11/25/2020,17:45,23251b8f-e823-4789-8dd8-12374c18402e,Station Wagon/Sport Utility Vehicle,HYUN -CAR/SUV,2014.0,1.0,M,Licensed,Going Straight Ahead,Left Rear Quarter Panel,Left Rear Quarter Panel,Left Side Doors,Left Rear Bumper,,N,,Unspecified,Unspecified,BROOKLYN,11215.0,,0.0,0.0,0,0,0,0,0,0,Station Wagon/Sport Utility Vehicle,,0
19690288,4321011,06/17/2020,17:53,044fdcfd-d41d-468e-a733-22a539ebe007,Station Wagon/Sport Utility Vehicle,CHEV -CAR/SUV,2004.0,2.0,M,Licensed,Going Straight Ahead,Center Front End,Center Front End,,,,N,,Following Too Closely,Unspecified,BROOKLYN,11216.0,"(40.685047, -73.954254)",0.0,0.0,0,0,0,0,0,0,Station Wagon/Sport Utility Vehicle,Station Wagon/Sport Utility Vehicle,0
19673294,4312977,05/11/2020,16:00,6a25b41e-7cb9-4f85-921e-cbc0f81c3a46,Sedan,LEXS -CAR/SUV,2017.0,0.0,,,Parked,Center Back End,Center Back End,,,,N,,Unspecified,Unspecified,QUEENS,11367.0,,1.0,0.0,0,0,0,0,1,0,Sedan,Sedan,1
19732762,4340249,08/18/2020,15:10,c6051309-28da-4fad-8bde-4bf0fd706d55,Station Wagon/Sport Utility Vehicle,HOND -CAR/SUV,2020.0,2.0,F,Licensed,Going Straight Ahead,Left Front Quarter Panel,Left Front Quarter Panel,,,,N,,Unspecified,Unspecified,BROOKLYN,11218.0,"(40.642796, -73.97945)",2.0,0.0,0,0,0,0,2,0,Van,Station Wagon/Sport Utility Vehicle,1
19570213,4291197,02/20/2020,21:00,07fd6f2d-b08b-4486-bb7f-ba45b0744e89,Sedan,NISS -CAR/SUV,2018.0,1.0,M,Licensed,Going Straight Ahead,Center Front End,Right Front Bumper,Left Front Bumper,Center Front End,,N,,Unspecified,Unspecified,BROOKLYN,11220.0,"(40.632633, -74.01254)",0.0,0.0,0,0,0,0,0,0,Sedan,Station Wagon/Sport Utility Vehicle,0
19742084,4344164,09/02/2020,14:43,920f2140-8e03-4a8a-b1e3-7b75bde9e926,Sedan,HOND -CAR/SUV,2009.0,4.0,M,Licensed,Going Straight Ahead,Right Front Quarter Panel,Right Front Quarter Panel,,,,N,,Unspecified,Unspecified,QUEENS,11436.0,"(40.667, -73.793945)",0.0,0.0,0,0,0,0,0,0,Tractor Truck Gasoline,Sedan,0
19705096,4327694,07/11/2020,23:28,b64030ca-4158-407e-ab15-83ea77841b94,Sedan,KIA -CAR/SUV,2010.0,2.0,M,Licensed,Going Straight Ahead,Center Front End,Center Back End,Left Rear Bumper,Right Rear Bumper,Right Front Bumper,N,,Other Vehicular,Unspecified,,,"(40.76217, -73.7568)",0.0,0.0,0,0,0,0,0,0,Sedan,Sedan,0
19590946,4298346,03/06/2020,07:00,248873aa-f79e-4565-a3f1-60aa013640ad,Station Wagon/Sport Utility Vehicle,CHEV -CAR/SUV,2020.0,1.0,M,Licensed,Going Straight Ahead,Right Rear Bumper,Right Side Doors,Right Rear Quarter Panel,Right Rear Bumper,Right Front Quarter Panel,N,,Unspecified,Unspecified,,,"(40.7462, -73.73563)",1.0,0.0,0,0,0,0,1,0,Station Wagon/Sport Utility Vehicle,Sedan,1
19580067,4290600,02/14/2020,18:30,f99e4775-df1b-4ef8-872e-356d6b20149b,Sedan,TOYT -CAR/SUV,2013.0,1.0,M,Licensed,Making Left Turn,Center Front End,No Damage,No Damage,No Damage,No Damage,N,,Failure to Yield Right-of-Way,Unspecified,BROOKLYN,11203.0,"(40.641304, -73.94276)",1.0,0.0,1,0,0,0,0,0,Sedan,,1
19730710,4339076,08/16/2020,18:50,d359b605-89e9-4946-be27-7cbfa86749a6,Sedan,TOYT -CAR/SUV,2017.0,1.0,M,Licensed,Making Left Turn,Center Front End,Right Rear Bumper,Left Rear Bumper,Right Side Doors,,N,,Unspecified,Unspecified,BROOKLYN,11206.0,"(40.699036, -73.9389)",0.0,0.0,0,0,0,0,0,0,Sedan,Sedan,0
19817925,4378585,12/23/2020,19:11,f77c3adb-00e2-469d-a62f-42195a6411ec,Taxi,INFI -CAR/SUV,2020.0,2.0,M,Licensed,Merging,Right Front Bumper,Right Front Bumper,Right Front Quarter Panel,,,N,,Unsafe Lane Changing,Driver Inattention/Distraction,,,,0.0,0.0,0,0,0,0,0,0,Taxi,Sedan,0
19687075,4319376,05/27/2020,12:30,bb2f2661-31dd-407d-9b5e-a039b78d66c9,Sedan,TOYT -CAR/SUV,2015.0,0.0,,,Parked,Center Front End,Center Front End,,,,N,,Unspecified,Unspecified,BRONX,10466.0,"(40.886395, -73.86125)",0.0,0.0,0,0,0,0,0,0,Sedan,Sedan,0
19576626,4279233,01/26/2020,12:00,42393367-957e-4905-bc8d-e712bde31852,Station Wagon/Sport Utility Vehicle,VOLK -CAR/SUV,2017.0,1.0,F,Licensed,Going Straight Ahead,Right Front Bumper,Right Front Bumper,,,,N,,Unspecified,Unspecified,QUEENS,11360.0,"(40.77763, -73.77962)",0.0,0.0,0,0,0,0,0,0,Sedan,Station Wagon/Sport Utility Vehicle,0
19603508,4299417,03/11/2020,22:24,5f14704d-69e4-4267-8afa-500c9c8644a7,Station Wagon/Sport Utility Vehicle,NISS -CAR/SUV,2015.0,1.0,M,Licensed,Backing,Left Rear Quarter Panel,Left Rear Quarter Panel,No Damage,No Damage,No Damage,N,,Driver Inattention/Distraction,Backing Unsafely,QUEENS,11413.0,"(40.666008, -73.789536)",0.0,0.0,0,0,0,0,0,0,Station Wagon/Sport Utility Vehicle,Station Wagon/Sport Utility Vehicle,0
19573680,4297949,03/05/2020,10:30,bd4f84b0-2dbb-4320-9c9b-c0d30e7eb569,Station Wagon/Sport Utility Vehicle,DODG -CAR/SUV,2010.0,0.0,,,Parked,Left Rear Bumper,Left Rear Quarter Panel,Left Rear Bumper,Left Rear Quarter Panel,Left Rear Quarter Panel,N,,Unspecified,Unspecified,BRONX,10462.0,"(40.844883, -73.86221)",0.0,0.0,0,0,0,0,0,0,Station Wagon/Sport Utility Vehicle,,0
19772334,4358141,10/15/2020,18:40,068468ec-a542-4cc6-aaf6-d5bbde43e19a,Station Wagon/Sport Utility Vehicle,NISS -CAR/SUV,2016.0,0.0,,,Parked,Left Front Bumper,Left Front Bumper,Center Front End,,,N,,Unspecified,Unspecified,QUEENS,11691.0,"(40.59856, -73.75277)",0.0,0.0,0,0,0,0,0,0,Station Wagon/Sport Utility Vehicle,,0
19673173,4300242,03/13/2020,09:40,c1cc332c-cc9d-468f-990c-8d64d82b0299,Station Wagon/Sport Utility Vehicle,FORD -CAR/SUV,2013.0,1.0,M,Licensed,Changing Lanes,Right Front Bumper,Right Front Bumper,,,,N,,Passing or Lane Usage Improper,Passing Too Closely,QUEENS,11101.0,"(40.753998, -73.94244)",0.0,0.0,0,0,0,0,0,0,Station Wagon/Sport Utility Vehicle,Sedan,0
19568625,4284492,02/03/2020,23:00,56a4b8e5-ba04-4100-bb37-bf92ff64dc97,Sedan,NISS -CAR/SUV,2014.0,2.0,M,Licensed,Going Straight Ahead,Center Front End,Center Front End,Right Front Quarter Panel,Left Side Doors,,N,,Passenger Distraction,Cell Phone (hand-Held),BROOKLYN,11203.0,"(40.641785, -73.93515)",2.0,0.0,0,0,0,0,2,0,Sedan,Sedan,1
19689935,4320778,06/15/2020,19:16,e5788b60-2675-4ad7-bad7-c095e6ce461d,Sedan,INFI -CAR/SUV,2002.0,3.0,M,Licensed,Going Straight Ahead,Center Front End,Left Front Quarter Panel,Demolished,Demolished,Right Rear Quarter Panel,N,,Driver Inattention/Distraction,Unspecified,BRONX,10465.0,"(40.81681, -73.819084)",3.0,0.0,0,0,0,0,3,0,Station Wagon/Sport Utility Vehicle,Sedan,1
19794313,4367929,11/15/2020,23:46,4059fdb6-0c82-4433-b4e3-be349447ee57,Sedan,HOND -CAR/SUV,2020.0,1.0,M,Licensed,Changing Lanes,Center Back End,Center Back End,,,,N,,Aggressive Driving/Road Rage,Unspecified,BRONX,10466.0,"(40.894314, -73.86027)",0.0,0.0,0,0,0,0,0,0,Sedan,Sedan,0
19692183,4321721,06/21/2020,16:30,738f8a47-0184-4e53-8fb3-18be9e04f443,Station Wagon/Sport Utility Vehicle,HOND -CAR/SUV,2013.0,2.0,M,Licensed,Slowing or Stopping,Center Back End,Center Back End,Left Front Bumper,,,Unspecified,,Unspecified,Unspecified,,,"(40.737553, -73.85089)",0.0,0.0,0,0,0,0,0,0,Station Wagon/Sport Utility Vehicle,Station Wagon/Sport Utility Vehicle,0
19719237,4333918,08/01/2020,21:00,715e3fdc-eead-4db3-b56b-14ea5b47439f,Station Wagon/Sport Utility Vehicle,HYUN -CAR/SUV,2014.0,0.0,,,Parked,Left Rear Bumper,Left Rear Bumper,Left Rear Quarter Panel,,,N,,Unspecified,Unspecified,QUEENS,11422.0,"(40.65802, -73.73975)",0.0,0.0,0,0,0,0,0,0,Sedan,Station Wagon/Sport Utility Vehicle,0
19736656,4341828,08/25/2020,22:50,231c09be-da69-4e06-8f2a-080e780d9572,Sedan,HOND -CAR/SUV,2019.0,1.0,,,Parked,Left Side Doors,Left Side Doors,,,,N,,Unspecified,Unspecified,QUEENS,11422.0,"(40.660194, -73.742805)",0.0,0.0,0,0,0,0,0,0,Sedan,Sedan,0
19779275,4360907,10/24/2020,05:05,32d3988e-3293-4e3e-86cf-12c0ff291ed5,Station Wagon/Sport Utility Vehicle,FORD -CAR/SUV,2013.0,2.0,,,,Center Front End,Overturned,,,,N,,Driver Inattention/Distraction,Unspecified,QUEENS,11377.0,"(40.74539, -73.90662)",1.0,0.0,0,0,0,0,1,0,Station Wagon/Sport Utility Vehicle,,1
19731320,4339609,08/18/2020,15:15,91ab710f-ebbe-410c-9e08-f5939a81df1d,Station Wagon/Sport Utility Vehicle,JEEP -CAR/SUV,2020.0,1.0,F,Licensed,Slowing or Stopping,Center Back End,Center Back End,,,,N,,Unspecified,Unspecified,,,"(40.739574, -73.79167)",0.0,0.0,0,0,0,0,0,0,Station Wagon/Sport Utility Vehicle,Sedan,0
19558496,4275472,01/18/2020,14:07,7f616769-20a7-4ffc-abc1-20505c65f462,Pick-up Truck,TOYT -CAR/SUV,2019.0,1.0,M,Licensed,Going Straight Ahead,Right Front Bumper,Center Front End,Left Front Bumper,No Damage,No Damage,N,,Unspecified,Unspecified,,,"(40.681297, -73.87636)",0.0,0.0,0,0,0,0,0,0,Sedan,Pick-up Truck,0
19803545,4371799,11/26/2020,03:27,b0f54aa6-2c37-4493-babc-1e32d1df643f,Station Wagon/Sport Utility Vehicle,HOND -CAR/SUV,2005.0,0.0,,,Parked,Center Back End,Center Back End,Right Rear Bumper,Right Front Bumper,Center Front End,N,,Unspecified,Unspecified,BROOKLYN,11208.0,"(40.677647, -73.881676)",0.0,0.0,0,0,0,0,0,0,Sedan,Station Wagon/Sport Utility Vehicle,0
19759197,4352205,09/26/2020,20:14,a4f08dc4-8cf9-4f57-9bf7-810a28d85541,Station Wagon/Sport Utility Vehicle,HYUN -CAR/SUV,2019.0,1.0,F,Licensed,Parked,Center Back End,Center Back End,No Damage,No Damage,No Damage,N,,Unspecified,Unspecified,MANHATTAN,10040.0,"(40.856712, -73.93264)",0.0,0.0,0,0,0,0,0,0,Station Wagon/Sport Utility Vehicle,Station Wagon/Sport Utility Vehicle,0
19578777,4307745,04/04/2020,16:55,efe04959-0115-4f96-a373-28fd0ba5ade0,Station Wagon/Sport Utility Vehicle,MERZ -CAR/SUV,2013.0,0.0,,,Parked,Right Front Quarter Panel,Right Front Quarter Panel,Right Front Bumper,,,N,,Unspecified,Unspecified,BROOKLYN,11224.0,"(40.57362, -73.99613)",0.0,0.0,0,0,0,0,0,0,Station Wagon/Sport Utility Vehicle,,0
19822321,4380652,12/31/2020,10:15,4a147273-e130-4116-ae63-5dfde9ba8264,Station Wagon/Sport Utility Vehicle,JEEP -CAR/SUV,2014.0,1.0,M,Licensed,Starting from Parking,Left Front Bumper,Left Front Bumper,Center Front End,,,N,,Failure to Yield Right-of-Way,Unspecified,BROOKLYN,11217.0,"(40.681305, -73.97325)",0.0,0.0,0,0,0,0,0,0,Station Wagon/Sport Utility Vehicle,Taxi,0
19788274,4365023,11/06/2020,13:35,700854bc-f9a4-43ae-88c4-9a11a36e9e64,Station Wagon/Sport Utility Vehicle,TOYT -CAR/SUV,2018.0,1.0,F,Licensed,Going Straight Ahead,Left Rear Bumper,Left Rear Bumper,Center Back End,Other,No Damage,N,,Unspecified,Unspecified,,,"(40.739143, -73.90109)",0.0,0.0,0,0,0,0,0,0,Station Wagon/Sport Utility Vehicle,Sedan,0
19604664,4309999,04/22/2020,18:20,3dddf286-3e48-443a-af6e-6879425d6d33,Taxi,TOYT -CAR/SUV,2019.0,1.0,M,Licensed,Changing Lanes,Right Front Quarter Panel,Right Front Quarter Panel,,,,N,,Unspecified,Unspecified,MANHATTAN,10021.0,"(40.767803, -73.95601)",0.0,0.0,0,0,0,0,0,0,E-Scooter,Taxi,0
19549619,4290353,02/18/2020,05:45,b06f8232-9ad4-4298-ac75-f6ea8654908d,Sedan,MERZ -CAR/SUV,2008.0,1.0,,,Going Straight Ahead,Right Front Bumper,Right Front Bumper,Center Front End,,,N,,Passing Too Closely,Unsafe Lane Changing,,,,0.0,0.0,0,0,0,0,0,0,Pick-up Truck,Sedan,0
19537234,4283244,01/28/2020,06:55,1c07e7ec-54de-425f-a29b-5173fa40b851,Tractor Truck Diesel,WABA,1999.0,1.0,M,Licensed,Going Straight Ahead,Left Front Bumper,Left Front Quarter Panel,Left Side Doors,Left Rear Quarter Panel,,N,,Driver Inattention/Distraction,Driver Inattention/Distraction,BROOKLYN,11222.0,"(40.729744, -73.94423)",0.0,0.0,0,0,0,0,0,0,Tractor Truck Diesel,Station Wagon/Sport Utility Vehicle,0
19780639,4361762,10/21/2020,16:17,a292ca27-fda8-4b82-a23f-4773a6d87738,Sedan,CHRY -CAR/SUV,2005.0,1.0,M,Licensed,Going Straight Ahead,Left Front Bumper,Left Front Bumper,No Damage,No Damage,No Damage,N,,Unspecified,Unspecified,,,"(40.6831, -73.93209)",2.0,0.0,0,0,0,0,2,0,Sedan,Sedan,1
19735850,4341546,08/19/2020,12:38,31b2ef28-f7a8-42a0-8c42-4bf68973eb57,Station Wagon/Sport Utility Vehicle,NISS -CAR/SUV,2019.0,0.0,,,Parked,Right Front Quarter Panel,Right Front Quarter Panel,Right Side Doors,No Damage,No Damage,N,,Unspecified,Unspecified,STATEN ISLAND,10304.0,"(40.625816, -74.08338)",0.0,0.0,0,0,0,0,0,0,Station Wagon/Sport Utility Vehicle,,0
19531383,4283814,01/28/2020,10:51,28a1bddf-6584-4198-970b-a8293ca04198,Sedan,TESL -CAR/SUV,2018.0,1.0,M,Licensed,Starting in Traffic,Left Front Bumper,Left Front Bumper,Left Front Quarter Panel,,,N,,Driver Inattention/Distraction,Failure to Yield Right-of-Way,BROOKLYN,11217.0,"(40.67917, -73.97389)",0.0,0.0,0,0,0,0,0,0,Station Wagon/Sport Utility Vehicle,Sedan,0
19580349,4298629,03/06/2020,19:02,2295985a-6062-4c9e-8fc6-cc93cc594e4e,Station Wagon/Sport Utility Vehicle,FORD -CAR/SUV,2012.0,1.0,M,Licensed,Going Straight Ahead,Right Side Doors,Right Side Doors,,,,N,,Driver Inattention/Distraction,Unspecified,BRONX,10453.0,"(40.85315, -73.90561)",0.0,0.0,0,0,0,0,0,0,Station Wagon/Sport Utility Vehicle,Station Wagon/Sport Utility Vehicle,0
19620174,4303028,03/22/2020,16:00,9c92bf09-af68-4851-abcd-e70b00336fc6,Sedan,KIA -CAR/SUV,2012.0,0.0,,,Parked,Center Front End,Center Front End,Left Front Bumper,Right Front Bumper,,N,,Unspecified,Unspecified,QUEENS,11413.0,"(40.665386, -73.74493)",0.0,0.0,0,0,0,0,0,0,Box Truck,Sedan,0
19610092,4310805,04/27/2020,23:40,088c9418-0653-4392-8bf1-2b209c4c67ef,Sedan,HOND -CAR/SUV,2003.0,1.0,,,Making Right Turn,Left Rear Quarter Panel,Left Rear Quarter Panel,Left Side Doors,Left Rear Bumper,,N,,Turning Improperly,Unspecified,,,"(40.694126, -73.87687)",0.0,0.0,0,0,0,0,0,0,Sedan,,0