UNIQUE_ID,COLLISION_ID,CRASH_DATE,CRASH_TIME,VEHICLE_ID,VEHICLE_TYPE,VEHICLE_MAKE,VEHICLE_YEAR,VEHICLE_OCCUPANTS,DRIVER_SEX,DRIVER_LICENSE_STATUS,PRE_CRASH,POINT_OF_IMPACT,VEHICLE_DAMAGE,VEHICLE_DAMAGE_1,VEHICLE_DAMAGE_2,VEHICLE_DAMAGE_3,PUBLIC_PROPERTY_DAMAGE,PUBLIC_PROPERTY_DAMAGE_TYPE,CONTRIBUTING_FACTOR_1,CONTRIBUTING_FACTOR_2,BOROUGH,ZIP CODE,LOCATION,NUMBER OF PERSONS INJURED,NUMBER OF PERSONS KILLED,NUMBER OF PEDESTRIANS INJURED,NUMBER OF PEDESTRIANS KILLED,NUMBER OF CYCLIST INJURED,NUMBER OF CYCLIST KILLED,NUMBER OF MOTORIST INJURED,NUMBER OF MOTORIST KILLED,VEHICLE TYPE CODE 1,VEHICLE TYPE CODE 2,Severity
19619938,4302729,03/19/2020,17:00,e7bd7ace-46ee-4065-bcd1-c210584e9b0f,Station Wagon/Sport Utility Vehicle,HOND -CAR/SUV,2011.0,1.0,M,Licensed,Going Straight Ahead,No Damage,No Damage,,,,N,,Unspecified,Unspecified,QUEENS,11040.0,"(40.75174, -73.70746)",0.0,0.0,0,0,0,0,0,0,Station Wagon/Sport Utility Vehicle,Station Wagon/Sport Utility Vehicle,0
19579355,4287369,02/12/2020,07:48,4eda3eed-e549-49dd-82e1-b2ea0ebe816a,Station Wagon/Sport Utility Vehicle,TOYT -CAR/SUV,2014.0,1.0,M,Licensed,Changing Lanes,Right Front Bumper,Right Front Bumper,,,,N,,Driver Inattention/Distraction,Unsafe Lane Changing,QUEENS,11104.0,"(40.743374, -73.92056)",0.0,0.0,0,0,0,0,0,0,Sedan,Station Wagon/Sport Utility Vehicle,0
19553457,4288740,02/15/2020,13:06,086c8636-4cfb-4eed-acc8-0f5b4a1a368c,Station Wagon/Sport Utility Vehicle,TOYT -CAR/SUV,2013.0,1.0,M,Licensed,Going Straight Ahead,Right Front Bumper,Right Front Bumper,Right Front Quarter Panel,Right Side Doors,No Damage,N,,Driver Inattention/Distraction,Passing or Lane Usage Improper,,,"(40.658, -73.935905)",0.0,0.0,0,0,0,0,0,0,Sedan,Station Wagon/Sport Utility Vehicle,0
19705037,4327508,07/12/2020,09:30,09e322f0-29c2-41f0-91a1-5a11bb70362f,Station Wagon/Sport Utility Vehicle,FORD -CAR/SUV,1997.0,1.0,M,Licensed,Starting in Traffic,Left Front Quarter Panel,Left Front Quarter Panel,Left Front Quarter Panel,Left Front Quarter Panel,Left Front Quarter Panel,Unspecified,,Driver Inattention/Distraction,Turning Improperly,BRONX,10462.0,"(40.844982, -73.86732)",0.0,0.0,0,0,0,0,0,0,Sedan,Station Wagon/Sport Utility Vehicle,0
19808233,4374150,12/07/2020,16:00,9e165e28-dd1f-4534-8938-1fc53fedd86f,Sedan,FORD -CAR/SUV,2020.0,0.0,,,Parked,Left Rear Bumper,Left Rear Bumper,Left Rear Quarter Panel,,,N,,Unspecified,Unspecified,,,"(40.851433, -73.93509)",0.0,0.0,0,0,0,0,0,0,Sedan,,0
19802551,4371718,11/28/2020,07:34,8f8266a3-af12-405c-a645-ff14752df66a,Station Wagon/Sport Utility Vehicle,NISS -CAR/SUV,2000.0,2.0,M,Licensed,Going Straight Ahead,Center Front End,Center Back End,Center Front End,Right Front Quarter Panel,Right Side Doors,N,,View Obstructed/Limited,Other Vehicular,BRONX,10454.0,"(40.80321, -73.91892)",0.0,0.0,0,0,0,0,0,0,Station Wagon/Sport Utility Vehicle,,0
19751196,4348530,09/16/2020,07:50,4a37d830-b2aa-46fe-9cb3-2304ebf9ec79,Pick-up Truck,FORD -CAR/SUV,2017.0,2.0,M,Licensed,Backing,Left Rear Bumper,Left Rear Bumper,No Damage,No Damage,No Damage,N,,Other Vehicular,Unspecified,QUEENS,11694.0,"(40.582108, -73.837135)",0.0,0.0,0,0,0,0,0,0,Pick-up Truck,,0
19530137,4276592,01/18/2020,12:50,a69533e0-40e4-406e-ace9-be42ffe923dc,Sedan,HOND -CAR/SUV,2008.0,0.0,,,Parked,Right Front Bumper,Right Front Bumper,,,,N,,Unspecified,Unspecified,,,"(40.611687, -74.10588)",0.0,0.0,0,0,0,0,0,0,Station Wagon/Sport Utility Vehicle,Sedan,0
19677575,4315054,04/09/2020,02:35,3110898f-5693-4b72-9e4d-6d724fc5c4c0,Station Wagon/Sport Utility Vehicle,MERZ -CAR/SUV,2016.0,0.0,,,Parked,Right Front Quarter Panel,Right Front Quarter Panel,Right Side Doors,Right Front Bumper,Right Rear Quarter Panel,N,,Unspecified,Unspecified,QUEENS,11379.0,"(40.713512, -73.878845)",0.0,0.0,0,0,0,0,0,0,Station Wagon/Sport Utility Vehicle,Station Wagon/Sport Utility Vehicle,0
19818670,4378806,12/24/2020,14:45,34a33709-737d-4567-baf6-83eb5300e0f0,Sedan,HYUN -CAR/SUV,2009.0,1.0,F,Licensed,Going Straight Ahead,Center Front End,Center Front End,Left Front Bumper,Right Front Bumper,,Y,,Unspecified,Unspecified,,,,0.0,0.0,0,0,0,0,0,0,Sedan,,0
19595943,4304536,03/28/2020,20:40,288ea04f-5cf2-4c61-b088-939d621cab0b,Sedan,ACUR -CAR/SUV,2006.0,1.0,F,,Making Left Turn,Center Front End,Center Front End,,,,N,,Unspecified,Unspecified,,,,1.0,0.0,0,0,0,0,1,0,Sedan,,1
19776636,4359826,10/20/2020,17:25,67b93ff9-284b-4d7a-8c27-f2f36bb74b96,Sedan,TOYT -CAR/SUV,2018.0,1.0,M,Licensed,Making U Turn,Left Front Quarter Panel,Left Front Quarter Panel,,,,N,,Turning Improperly,Unsafe Lane Changing,MANHATTAN,10010.0,"(40.742165, -73.99103)",1.0,0.0,0,0,1,0,0,0,Sedan,E-Scooter,1
19793014,4367174,11/13/2020,07:21,ff884f3a-8b80-4a12-b60f-109e05c8ba40,Station Wagon/Sport Utility Vehicle,LEXS -CAR/SUV,2004.0,0.0,,,Parked,Left Front Bumper,Left Front Bumper,Left Front Quarter Panel,Left Rear Bumper,,N,,Unspecified,Unspecified,QUEENS,11432.0,"(40.71605, -73.79658)",0.0,0.0,0,0,0,0,0,0,Sedan,Station Wagon/Sport Utility Vehicle,0
19530418,4276097,01/14/2020,13:00,4df6389a-4bd8-4665-95d4-33cd6071724b,Sedan,ACUR -CAR/SUV,2016.0,0.0,F,Licensed,Making Right Turn,Left Front Bumper,Left Front Quarter Panel,Center Front End,,,N,,Passing Too Closely,Passing Too Closely,,,"(40.70191, -73.93699)",0.0,0.0,0,0,0,0,0,0,Box Truck,Sedan,0
19586602,4295834,03/01/2020,21:17,237f941d-cdfc-454d-b4ae-ee9982d7c9aa,Station Wagon/Sport Utility Vehicle,HOND -CAR/SUV,2015.0,5.0,F,Licensed,Making Right Turn,Right Front Bumper,Right Front Bumper,Right Front Quarter Panel,No Damage,No Damage,N,,Unsafe Lane Changing,Failure to Yield Right-of-Way,BRONX,10452.0,"(40.842335, -73.91619)",3.0,0.0,0,0,0,0,3,0,Station Wagon/Sport Utility Vehicle,Station Wagon/Sport Utility Vehicle,1
19808064,4373981,12/05/2020,21:30,9fbf6295-cd03-449a-8532-55edc56828fe,Sedan,HYUN -CAR/SUV,2013.0,1.0,F,Licensed,Changing Lanes,Left Front Quarter Panel,Left Front Quarter Panel,Left Front Bumper,No Damage,No Damage,N,,Unsafe Lane Changing,Failure to Yield Right-of-Way,BROOKLYN,11207.0,"(40.674397, -73.896515)",0.0,0.0,0,0,0,0,0,0,Sedan,Sedan,0
19762150,4353381,09/30/2020,20:40,7f6663e7-6ab5-4232-8527-2cdc4bc9be16,Station Wagon/Sport Utility Vehicle,FORD -CAR/SUV,2000.0,1.0,M,Licensed,Going Straight Ahead,Right Front Bumper,Right Front Bumper,Right Front Bumper,,,N,,Fell Asleep,Fell Asleep,BRONX,10461.0,"(40.836273, -73.84592)",1.0,0.0,0,0,0,0,1,0,Sedan,Sedan,1
19525171,4269511,01/06/2020,07:30,f1c79109-49e9-472b-b642-8a197fe5dd50,Sedan,TOYT -CAR/SUV,2015.0,1.0,M,Licensed,Making Right Turn,Right Rear Bumper,Right Rear Bumper,,,,N,,Unspecified,Unspecified,,,"(40.719475, -73.79263)",0.0,0.0,0,0,0,0,0,0,Sedan,Sedan,0
19741268,4343766,08/28/2020,16:30,9bf39c15-ea72-452b-b859-9f838083f5bb,E-Bike,V2 SPORTS,,1.0,M,,Parked,Center Front End,Center Front End,,,,N,,Unspecified,Unspecified,BROOKLYN,11207.0,"(40.677628, -73.894394)",1.0,0.0,0,0,1,0,0,0,Station Wagon/Sport Utility Vehicle,E-Bike,1
19786806,4364607,11/05/2020,12:55,ef3e85b0-af05-42eb-8800-806e6eb72963,Sedan,TOYT -CAR/SUV,2017.0,1.0,M,Licensed,Slowing or Stopping,Center Back End,Center Back End,Left Rear Bumper,,,N,,Unspecified,Unspecified,MANHATTAN,10035.0,"(40.802753, -73.93358)",0.0,0.0,0,0,0,0,0,0,Sedan,Sedan,0
19740338,4343463,08/31/2020,17:50,c7393195-2da6-455a-953f-01d02296c4ad,ford van,ford van,2001.0,1.0,M,Licensed,Going Straight Ahead,Right Front Bumper,Right Front Bumper,No Damage,No Damage,No Damage,N,,Unspecified,Unspecified,QUEENS,11423.0,"(40.711597, -73.774284)",1.0,0.0,1,0,0,0,0,0,ford van,,1
19537182,4278888,01/20/2020,09:27,b20eedda-c51a-4a68-aaed-1f885288fb92,Station Wagon/Sport Utility Vehicle,FORD -CAR/SUV,2011.0,1.0,M,Licensed,Making Left Turn,Left Front Bumper,Left Front Bumper,No Damage,No Damage,No Damage,N,,Unspecified,Unspecified,BRONX,10467.0,"(40.858868, -73.86952)",0.0,0.0,0,0,0,0,0,0,Station Wagon/Sport Utility Vehicle,Sedan,0
19707452,4328549,07/02/2020,23:00,fa2c5fa1-8a27-4081-b9da-2654857160a6,Sedan,MAZD -CAR/SUV,2016.0,2.0,F,Licensed,Slowing or Stopping,Right Rear Bumper,Left Front Quarter Panel,Left Front Bumper,Center Front End,Right Rear Quarter Panel,N,,Unspecified,Unspecified,,,"(40.58428, -73.92529)",0.0,0.0,0,0,0,0,0,0,Sedan,Sedan,0
19582971,4311932,05/05/2020,12:41,e5083abf-2c57-42ca-9517-07c83508b591,Sedan,HOND -CAR/SUV,2018.0,1.0,F,Licensed,Going Straight Ahead,Left Rear Quarter Panel,Left Rear Quarter Panel,Left Rear Bumper,,,N,,Unspecified,Unspecified,STATEN ISLAND,10312.0,"(40.54366, -74.1588)",1.0,0.0,0,0,0,0,1,0,Sedan,Station Wagon/Sport Utility Vehicle,1
19579071,4290910,02/20/2020,05:30,a304bdbe-e13d-4014-a4fc-e4c7e158880d,Taxi,TOYT -CAR/SUV,2015.0,2.0,M,Licensed,Making Right Turn,Right Front Quarter Panel,Right Front Quarter Panel,No Damage,No Damage,No Damage,N,,Unspecified,Unspecified,,,"(40.8059, -73.92523)",0.0,0.0,0,0,0,0,0,0,Taxi,Taxi,0
19570481,4287759,02/13/2020,08:38,0c94a4df-7354-4338-9cad-f8b08289c4a7,Station Wagon/Sport Utility Vehicle,ALFA -CAR/SUV,2018.0,1.0,F,Licensed,Parked,Right Front Quarter Panel,Right Side Doors,Right Rear Quarter Panel,,,N,,Unspecified,Unspecified,,,"(40.86885, -73.907234)",0.0,0.0,0,0,0,0,0,0,Station Wagon/Sport Utility Vehicle,Van,0
19765442,4355031,10/02/2020,08:30,99e5b44f-2e3a-4e7a-b57d-d7be64da8137,Station Wagon/Sport Utility Vehicle,AUDI -CAR/SUV,2012.0,0.0,,,Parked,Left Rear Quarter Panel,Left Side Doors,Left Rear Quarter Panel,Left Front Quarter Panel,,N,,Unspecified,Unspecified,MANHATTAN,10027.0,"(40.805153, -73.94918)",0.0,0.0,0,0,0,0,0,0,Station Wagon/Sport Utility Vehicle,,0
19823941,4381299,12/28/2020,10:40,4bcd1c77-1f11-4658-ac1d-174a0ca7168d,Sedan,SUBA -CAR/SUV,2015.0,1.0,M,Licensed,Going Straight Ahead,Left Front Quarter Panel,Left Front Quarter Panel,Left Side Doors,Left Rear Quarter Panel,Left Front Quarter Panel,N,,Unspecified,Unspecified,BRONX,10461.0,"(40.84307, -73.848076)",0.0,0.0,0,0,0,0,0,0,Sedan,,0
19575377,4284800,02/07/2020,07:30,a960fc85-fd8a-41f7-ab7e-f9aede52be7c,Sedan,TOYT -CAR/SUV,2012.0,0.0,F,Licensed,Parked,Left Front Quarter Panel,Left Front Quarter Panel,,,,N,,Unspecified,Unspecified,QUEENS,11433.0,"(40.69001, -73.79204)",0.0,0.0,0,0,0,0,0,0,Sedan,,0
19765007,4354636,10/03/2020,10:50,9e9483a4-1c70-43f6-863a-3798bfa6d780,Sedan,HYUN -CAR/SUV,,1.0,,,Going Straight Ahead,Center Front End,No Damage,,,,N,,Driver Inattention/Distraction,Following Too Closely,BRONX,10451.0,"(40.81162, -73.93117)",1.0,0.0,0,0,0,0,1,0,Station Wagon/Sport Utility Vehicle,Sedan,1
19607641,4308420,04/11/2020,12:35,f3e328b4-799f-486f-b32e-916f7613c992,Station Wagon/Sport Utility Vehicle,NISS -CAR/SUV,2016.0,1.0,F,Licensed,Going Straight Ahead,Center Front End,Center Front End,Right Front Bumper,No Damage,No Damage,N,,Failure to Yield Right-of-Way,Unspecified,,,"(40.670864, -73.80753)",0.0,0.0,0,0,0,0,0,0,Sedan,Station Wagon/Sport Utility Vehicle,0
19604710,4310455,04/26/2020,13:30,4877ee11-d464-429f-b7b0-5d99af985a57,Sedan,HOND -CAR/SUV,2018.0,1.0,M,Licensed,Going Straight Ahead,Right Front Bumper,Right Front Bumper,No Damage,No Damage,No Damage,N,,Traffic Control Disregarded,Driver Inattention/Distraction,,,"(40.829185, -73.928764)",0.0,0.0,0,0,0,0,0,0,Station Wagon/Sport Utility Vehicle,Sedan,0
19564330,4297947,03/05/2020,16:49,56cbfdbd-7151-42f5-a03b-0a5be3ba7b9d,Sedan,HOND -CAR/SUV,2017.0,2.0,M,Licensed,Changing Lanes,Left Front Bumper,Left Front Bumper,Center Front End,Right Front Bumper,No Damage,N,,Unsafe Lane Changing,Unspecified,,,"(40.79826, -73.92955)",0.0,0.0,0,0,0,0,0,0,Sedan,Sedan,0
19559272,4282155,02/02/2020,07:24,4204b0fd-2590-4738-be5f-837f367bf8a5,Station Wagon/Sport Utility Vehicle,HOND -CAR/SUV,2004.0,1.0,M,Licensed,Going Straight Ahead,Center Front End,Center Front End,,,,N,,Unspecified,Unspecified,,,"(40.78503, -73.94058)",0.0,0.0,0,0,0,0,0,0,Sedan,Station Wagon/Sport Utility Vehicle,0
19767605,4355819,10/08/2020,06:00,532593f2-4e12-48a2-92ed-02fa7baa577b,Pick-up Truck,CHEV -CAR/SUV,2018.0,0.0,,,Parked,Left Front Bumper,Left Front Bumper,Center Front End,No Damage,No Damage,N,,Unspecified,Unspecified,BRONX,10474.0,"(40.81033, -73.8854)",0.0,0.0,0,0,0,0,0,0,Pick-up Truck,,0
19819395,4379352,12/15/2020,18:05,2c6f8eb6-66c0-4853-aee6-d3e02bc94289,Station Wagon/Sport Utility Vehicle,HOND -CAR/SUV,2011.0,2.0,M,Licensed,Going Straight Ahead,Right Front Bumper,Right Front Bumper,Right Front Bumper,,,N,,View Obstructed/Limited,Passing Too Closely,,,"(40.6972, -73.952934)",4.0,0.0,0,0,0,0,4,0,Station Wagon/Sport Utility Vehicle,PK,1
19567352,4287676,02/11/2020,10:50,85b11c77-b4da-4022-a2ff-7fca3329ce65,Sedan,TOYT -CAR/SUV,2019.0,0.0,,,Parked,Right Rear Quarter Panel,Right Rear Quarter Panel,,,,N,,Unspecified,Unspecified,BROOKLYN,11206.0,"(40.704624, -73.93503)",0.0,0.0,0,0,0,0,0,0,Sedan,Tractor Truck Diesel,0
19778809,4360807,10/23/2020,12:40,64e168af-f065-483a-a2d2-f16dbc18c95e,Sedan,TOYT -CAR/SUV,2015.0,1.0,M,Licensed,Going Straight Ahead,Right Front Bumper,Right Front Bumper,Right Front Quarter Panel,No Damage,No Damage,N,,Unspecified,Unspecified,BRONX,10451.0,"(40.824867, -73.91525)",0.0,0.0,0,0,0,0,0,0,Station Wagon/Sport Utility Vehicle,Sedan,0
19809013,4374643,12/09/2020,12:00,199820ee-0d21-48d9-b11d-a9e0c304e38a,Sedan,NISS -CAR/SUV,2004.0,0.0,M,Licensed,Parked,Left Side Doors,Left Side Doors,No Damage,No Damage,No Damage,N,,Other Vehicular,Other Vehicular,,,"(40.700577, -73.98483)",0.0,0.0,0,0,0,0,0,0,Sedan,UNKNOWN,0
19686292,4319134,06/10/2020,18:45,bba5933d-312d-4c86-8af6-52814bd8c750,Station Wagon/Sport Utility Vehicle,MERZ -CAR/SUV,2016.0,0.0,,,Parked,Left Front Bumper,Left Front Bumper,Left Front Quarter Panel,,,N,,Unspecified,Unspecified,STATEN ISLAND,10305.0,"(40.595966, -74.0802)",0.0,0.0,0,0,0,0,0,0,Station Wagon/Sport Utility Vehicle,Station Wagon/Sport Utility Vehicle,0
19603911,4310434,04/26/2020,23:05,6493cdbb-5243-47dd-b733-17c3f336dd05,Station Wagon/Sport Utility Vehicle,KIA -CAR/SUV,2020.0,1.0,F,Licensed,Going Straight Ahead,Right Front Quarter Panel,Right Front Quarter Panel,Right Front Bumper,Right Side Doors,,N,,Unspecified,Unspecified,,,"(40.86159, -73.91295)",0.0,0.0,0,0,0,0,0,0,Sedan,Sedan,0
19606655,4308590,04/09/2020,17:20,af0009d6-b067-433d-b154-cf5d46a17ba0,Taxi,LINC -CAR/SUV,2014.0,0.0,,,Parked,Left Front Quarter Panel,Left Side Doors,Other,,,N,,Unspecified,Unspecified,BRONX,10466.0,"(40.884743, -73.83424)",0.0,0.0,0,0,0,0,0,0,Taxi,Sedan,0
19555301,4280777,01/29/2020,19:10,90ca4ac7-6eb3-410e-b0a7-b6c7cc336874,Station Wagon/Sport Utility Vehicle,FORD -CAR/SUV,2014.0,0.0,M,Licensed,Parked,Left Rear Bumper,Left Rear Bumper,Left Rear Quarter Panel,Left Side Doors,Left Front Quarter Panel,N,,Unspecified,Unspecified,BRONX,10454.0,"(40.80246, -73.91722)",0.0,0.0,0,0,0,0,0,0,Station Wagon/Sport Utility Vehicle,,0
19825682,4381976,12/30/2020,17:02,0ed06e85-49d4-473d-b000-fc443ff33638,Station Wagon/Sport Utility Vehicle,TOYT -CAR/SUV,2008.0,1.0,F,Licensed,Going Straight Ahead,Center Front End,Center Front End,Left Front Bumper,Right Front Bumper,,N,,Failure to Yield Right-of-Way,Unspecified,BRONX,10466.0,"(40.88661, -73.86451)",1.0,0.0,0,0,0,0,1,0,Taxi,Station Wagon/Sport Utility Vehicle,1
19528068,4270757,01/09/2020,08:15,f354faa4-3596-4f60-82f1-3f4f139b99e9,Station Wagon/Sport Utility Vehicle,BMW -CAR/SUV,2019.0,1.0,F,Licensed,Slowing or Stopping,Center Back End,Center Back End,,,,N,,Unspecified,Unspecified,,,"(40.828022, -73.84604)",3.0,0.0,0,0,0,0,3,0,Station Wagon/Sport Utility Vehicle,Station Wagon/Sport Utility Vehicle,1
19541184,4276732,01/20/2020,10:25,f1aada78-6104-49ec-ad4a-941bf580e874,Sedan,TOYT -CAR/SUV,2012.0,1.0,M,Licensed,Going Straight Ahead,Center Front End,Center Front End,No Damage,No Damage,No Damage,N,,Driver Inattention/Distraction,Following Too Closely,,,,0.0,0.0,0,0,0,0,0,0,Station Wagon/Sport Utility Vehicle,Sedan,0
19706859,4328503,07/14/2020,22:15,301cfa89-a594-4854-83c1-d3250bfbfc5d,Sedan,ACUR -CAR/SUV,2019.0,2.0,M,,Going Straight Ahead,Center Front End,Center Front End,Center Front End,No Damage,No Damage,N,,Unspecified,Unspecified,BRONX,10458.0,,1.0,0.0,0,0,0,0,1,0,Sedan,Moped,1
19537736,4280303,01/28/2020,12:00,82bddfdf-5e5d-47bb-af06-52962743d2b7,Sedan,HOND -CAR/SUV,2018.0,1.0,F,Licensed,Going Straight Ahead,Center Front End,Center Front End,Left Front Bumper,Center Front End,Right Front Bumper,N,,Following Too Closely,Unsafe Speed,STATEN ISLAND,10301.0,"(40.613983, -74.10128)",0.0,0.0,0,0,0,0,0,0,Station Wagon/Sport Utility Vehicle,Sedan,0
19591656,4295899,03/01/2020,10:00,06e6cc63-05ae-4828-b75c-f8f5644ad53d,Sedan,TOYT -CAR/SUV,2015.0,1.0,M,Licensed,Stopped in Traffic,Center Back End,Center Back End,,,,N,,Unspecified,Unspecified,,,"(40.689644, -73.81907)",0.0,0.0,0,0,0,0,0,0,Sedan,Sedan,0
19775504,4359138,10/18/2020,02:17,8c9b364f-19be-4e71-aa8c-954b6292c2f4,Sedan,FORD -CAR/SUV,2014.0,0.0,,,Parked,Right Rear Bumper,Right Rear Bumper,Right Rear Quarter Panel,,,Unspecified,,Other Vehicular,Unspecified,BROOKLYN,11233.0,"(40.674435, -73.919464)",0.0,0.0,0,0,0,0,0,0,Sedan,Station Wagon/Sport Utility Vehicle,0
19613782,4300210,03/12/2020,12:25,d25795aa-ad36-4305-9219-1de667f28f10,Station Wagon/Sport Utility Vehicle,HOND -CAR/SUV,2011.0,1.0,M,Licensed,Slowing or Stopping,Center Front End,Center Front End,Left Front Bumper,Right Front Bumper,,N,,Following Too Closely,Unspecified,,,,0.0,0.0,0,0,0,0,0,0,Station Wagon/Sport Utility Vehicle,Station Wagon/Sport Utility Vehicle,0
19725146,4336410,08/09/2020,04:30,806486b2-58de-42e4-8316-9d037adf46db,Station Wagon/Sport Utility Vehicle,HOND -CAR/SUV,2000.0,0.0,,,Parked,Left Side Doors,Left Side Doors,Left Rear Quarter Panel,Left Front Quarter Panel,,N,,Unspecified,Unspecified,QUEENS,11377.0,"(40.742573, -73.8947)",0.0,0.0,0,0,0,0,0,0,Station Wagon/Sport Utility Vehicle,Station Wagon/Sport Utility Vehicle,0
19707703,4328662,07/14/2020,22:15,4ce49203-978e-4c15-a6ed-6f4f94f7e172,Station Wagon/Sport Utility Vehicle,FORD -CAR/SUV,2020.0,0.0,F,Licensed,Parked,Left Front Bumper,Left Front Bumper,,,,N,,Unspecified,Unspecified,BRONX,10473.0,"(40.815815, -73.84619)",0.0,0.0,0,0,0,0,0,0,Station Wagon/Sport Utility Vehicle,,0
19738848,4343185,08/18/2020,12:20,096cbe84-094e-41e4-804a-fdb52d9e80bd,Station Wagon/Sport Utility Vehicle,JEEP -CAR/SUV,2005.0,0.0,,,Parked,Center Back End,Center Back End,No Damage,No Damage,No Damage,N,,Other Vehicular,Other Vehicular,MANHATTAN,10030.0,"(40.81838, -73.94699)",0.0,0.0,0,0,0,0,0,0,Station Wagon/Sport Utility Vehicle,Sedan,0
19803527,4371934,11/30/2020,09:00,8c980f0f-bad8-4a73-9662-7cd83bbec9b0,Sedan,HOND -CAR/SUV,2012.0,1.0,M,Licensed,Going Straight Ahead,Right Rear Quarter Panel,Right Rear Bumper,,,,N,,Unspecified,Unspecified,QUEENS,11434.0,"(40.66564, -73.77896)",0.0,0.0,0,0,0,0,0,0,Sedan,,0
19816258,4377811,12/16/2020,19:10,3c25b7e3-980d-4e66-8c14-733dfe0dd3f7,Station Wagon/Sport Utility Vehicle,FORD -CAR/SUV,2003.0,0.0,,,Parked,Left Rear Bumper,Center Back End,,,,Unspecified,,Unspecified,Unspecified,STATEN ISLAND,10304.0,"(40.619804, -74.084564)",0.0,0.0,0,0,0,0,0,0,Station Wagon/Sport Utility Vehicle,Station Wagon/Sport Utility Vehicle,0
19564793,4292542,02/22/2020,05:32,86a06c3c-1c36-4a50-836a-c5aec1bcfbe6,Station Wagon/Sport Utility Vehicle,LEXS -CAR/SUV,2019.0,0.0,,,Parked,Center Back End,Center Back End,,,,N,,Unspecified,Unspecified,,,"(40.700977, -73.91782)",0.0,0.0,0,0,0,0,0,0,Station Wagon/Sport Utility Vehicle,Sedan,0
19558294,4310355,04/23/2020,06:06,bc9217fb-1f7e-42c7-9eb3-7db00a5c0fe2,Sedan,FORD -CAR/SUV,2019.0,2.0,M,Licensed,Going Straight Ahead,Left Front Bumper,Left Front Bumper,Center Front End,Left Front Quarter Panel,No Damage,N,,Fatigued/Drowsy,Unspecified,,,"(40.785732, -73.97645)",0.0,0.0,0,0,0,0,0,0,Sedan,Sedan,0
19751660,4348439,08/29/2020,19:40,1fdfaf05-417e-4c10-a7ed-69df3142f0b4,Station Wagon/Sport Utility Vehicle,TOYT -CAR/SUV,2016.0,2.0,F,Licensed,Making Left Turn,Center Front End,Center Front End,Left Front Bumper,Right Front Bumper,,N,,Driver Inattention/Distraction,Unspecified,,,"(40.69268, -73.85632)",2.0,0.0,0,0,0,0,2,0,Station Wagon/Sport Utility Vehicle,Station Wagon/Sport Utility Vehicle,1
19754911,4350353,09/21/2020,08:50,3259dbde-bfe5-44fe-aac3-ab4b3892bee9,Station Wagon/Sport Utility Vehicle,DODG -CAR/SUV,2016.0,1.0,F,Licensed,Stopped in Traffic,Left Rear Bumper,Left Rear Quarter Panel,Left Rear Bumper,Center Back End,,N,,Unspecified,Unspecified,BROOKLYN,11215.0,"(40.669147, -73.98973)",0.0,0.0,0,0,0,0,0,0,Station Wagon/Sport Utility Vehicle,Dump,0
19531886,4271369,01/10/2020,10:46,6e9d6e8d-88a7-4008-b711-848b0e6dee17,Bus,bl/bi,2014.0,1.0,F,Licensed,Going Straight Ahead,Left Rear Bumper,No Damage,,,,N,,Unspecified,Unspecified,QUEENS,11101.0,"(40.750565, -73.95227)",0.0,0.0,0,0,0,0,0,0,Bus,Sedan,0
19554903,4286008,02/07/2020,20:13,812b6f8f-9d9e-4d96-89df-40653eaa17b9,Station Wagon/Sport Utility Vehicle,TOYT -CAR/SUV,2016.0,1.0,F,Licensed,Going Straight Ahead,Center Back End,Right Rear Bumper,Left Rear Bumper,,,N,,Unspecified,Unspecified,BROOKLYN,11218.0,"(40.641064, -73.972275)",0.0,0.0,0,0,0,0,0,0,Sedan,Station Wagon/Sport Utility Vehicle,0
19530238,4275860,01/18/2020,13:15,705c5dfd-49be-4bca-a2a1-98ed0bac17fc,Station Wagon/Sport Utility Vehicle,MAZD -CAR/SUV,2005.0,3.0,M,Licensed,Going Straight Ahead,Right Rear Bumper,Center Back End,Left Rear Bumper,,,N,,Unspecified,Unspecified,,,"(40.665718, -73.95687)",0.0,0.0,0,0,0,0,0,0,Station Wagon/Sport Utility Vehicle,Sedan,0
19819649,4379388,12/24/2020,12:08,8f4c2149-8f62-4d5d-a54a-d4afc0a4165c,Sedan,MAZD -CAR/SUV,2006.0,0.0,F,,Parked,Left Rear Quarter Panel,Left Rear Quarter Panel,,,,N,,Unspecified,Unspecified,BRONX,10465.0,"(40.827763, -73.825)",0.0,0.0,0,0,0,0,0,0,Sedan,,0
19554621,4296175,02/29/2020,02:15,c7da6921-039e-4830-918a-d8a944085c79,Sedan,TOYT -CAR/SUV,2012.0,4.0,M,Licensed,Stopped in Traffic,Center Back End,Center Back End,,,,N,,Unspecified,Unspecified,BROOKLYN,11216.0,"(40.67994, -73.941216)",1.0,0.0,0,0,0,0,1,0,Sedan,Station Wagon/Sport Utility Vehicle,1
19735494,4341232,08/23/2020,08:05,255d5a84-ebce-4b75-885b-62e84796a06d,Sedan,NISS -CAR/SUV,2015.0,1.0,F,Unlicensed,Going Straight Ahead,Right Front Bumper,Right Front Bumper,Right Front Quarter Panel,Center Front End,No Damage,N,,Driver Inattention/Distraction,Passing Too Closely,,,"(40.843204, -73.91196)",0.0,0.0,0,0,0,0,0,0,Sedan,Station Wagon/Sport Utility Vehicle,0