UNIQUE_ID,COLLISION_ID,CRASH_DATE,CRASH_TIME,VEHICLE_ID,VEHICLE_TYPE,VEHICLE_MAKE,VEHICLE_YEAR,VEHICLE_OCCUPANTS,DRIVER_SEX,DRIVER_LICENSE_STATUS,PRE_CRASH,POINT_OF_IMPACT,VEHICLE_DAMAGE,VEHICLE_DAMAGE_1,VEHICLE_DAMAGE_2,VEHICLE_DAMAGE_3,PUBLIC_PROPERTY_DAMAGE,PUBLIC_PROPERTY_DAMAGE_TYPE,CONTRIBUTING_FACTOR_1,CONTRIBUTING_FACTOR_2,BOROUGH,ZIP CODE,LOCATION,NUMBER OF PERSONS INJURED,NUMBER OF PERSONS KILLED,NUMBER OF PEDESTRIANS INJURED,NUMBER OF PEDESTRIANS KILLED,NUMBER OF CYCLIST INJURED,NUMBER OF CYCLIST KILLED,NUMBER OF MOTORIST INJURED,NUMBER OF MOTORIST KILLED,VEHICLE TYPE CODE 1,VEHICLE TYPE CODE 2,Severity
19748882,4347266,09/11/2020,12:43,6332899a-43b1-4c0f-b565-370bdd1c1b89,Station Wagon/Sport Utility Vehicle,FORD -CAR/SUV,2002.0,2.0,F,Licensed,Making Left Turn,Right Rear Quarter Panel,Right Rear Quarter Panel,Right Rear Bumper,,,N,,Failure to Yield Right-of-Way,Turning Improperly,BROOKLYN,11233.0,"(40.676647, -73.91647)",1.0,0.0,0,0,0,0,1,0,Station Wagon/Sport Utility Vehicle,Station Wagon/Sport Utility Vehicle,1
19758797,4351869,09/24/2020,11:30,89c4ff54-082c-401e-a654-4f86cb557aa1,Sedan,TOYT -CAR/SUV,2018.0,0.0,M,Licensed,Parked,Right Front Bumper,Left Front Bumper,Left Front Quarter Panel,,Right Front Bumper,N,,Unspecified,Unspecified,BROOKLYN,11212.0,"(40.668247, -73.90649)",0.0,0.0,0,0,0,0,0,0,Station Wagon/Sport Utility Vehicle,Sedan,0
19600158,4308345,04/10/2020,07:49,3d33a65c-2f07-402e-9df9-efdd34352d6e,Pick-up Truck,FORD -CAR/SUV,2013.0,1.0,M,Licensed,Going Straight Ahead,Right Side Doors,Right Side Doors,Right Front Quarter Panel,Right Rear Quarter Panel,,N,,Unspecified,Unspecified,,,"(40.752563, -73.74328)",2.0,0.0,0,0,0,0,2,0,Taxi,Pick-up Truck,1
19760436,4352582,09/28/2020,02:30,0fb19aa9-22e4-4d43-b890-ee0df3134e25,,TOYT -CAR/SUV,,,,,Making Right Turn,Center Front End,Center Front End,,,,N,,Traffic Control Disregarded,Unspecified,BROOKLYN,11215.0,"(40.664963, -73.98982)",1.0,0.0,0,0,1,0,0,0,E-Bike,,1
19543669,4276984,01/20/2020,18:15,60b9160e-5cc5-4590-a4c2-1b86bf2f7909,Station Wagon/Sport Utility Vehicle,SUBA -CAR/SUV,2002.0,0.0,,,Parked,Left Rear Bumper,Left Rear Bumper,Left Side Doors,No Damage,No Damage,N,,Unspecified,Unspecified,BROOKLYN,11204.0,"(40.615593, -73.98895)",0.0,0.0,0,0,0,0,0,0,Station Wagon/Sport Utility Vehicle,Station Wagon/Sport Utility Vehicle,0
19617785,4299487,03/12/2020,15:30,5de487ea-9c9f-4fd7-ba07-b73428bc5c22,Sedan,HOND -CAR/SUV,2013.0,1.0,F,Licensed,Making Left Turn,Left Rear Quarter Panel,Left Rear Quarter Panel,Left Rear Bumper,,,N,,Unspecified,Unspecified,QUEENS,11411.0,"(40.697575, -73.7419)",0.0,0.0,0,0,0,0,0,0,Sedan,,0
19678712,4315813,05/25/2020,18:55,3d4aaa86-66fe-4816-b382-dcf40a13944e,Sedan,AUDI -CAR/SUV,2016.0,1.0,M,Licensed,Going Straight Ahead,Left Rear Quarter Panel,Right Front Bumper,Left Rear Quarter Panel,Left Rear Bumper,Right Front Quarter Panel,Unspecified,,Unspecified,Unspecified,,,"(40.852673, -73.919106)",1.0,0.0,0,0,0,0,1,0,Sedan,Sedan,1
19709037,4329401,07/17/2020,12:31,05ec76e2-9ab8-438a-849a-3319c30b1921,Station Wagon/Sport Utility Vehicle,FORD -CAR/SUV,2015.0,1.0,F,Licensed,Making Left Turn,Center Front End,Left Front Bumper,No Damage,No Damage,No Damage,N,,Unspecified,Unspecified,BRONX,10455.0,"(40.818954, -73.91404)",1.0,0.0,0,0,1,0,0,0,Station Wagon/Sport Utility Vehicle,E-Scooter,1
19574628,4306384,03/03/2020,08:40,55781379-a5c6-4817-af10-6e52ae506886,Van,CHEV-TRUCK/BUS,1997.0,1.0,M,Licensed,Going Straight Ahead,Center Front End,No Damage,,,,N,,Following Too Closely,Driver Inattention/Distraction,BROOKLYN,11233.0,"(40.67787, -73.903534)",1.0,0.0,0,0,0,0,1,0,Station Wagon/Sport Utility Vehicle,Van,1
19803959,4372433,11/30/2020,23:35,b1c9f5a8-cd81-4875-b6f8-2c1cc95a9279,Bus,THMS-TRUCK/BUS,2002.0,0.0,,,Parked,Right Rear Bumper,Right Rear Quarter Panel,,,,N,,Other Vehicular,Other Vehicular,,,"(40.659008, -73.94527)",3.0,0.0,0,0,0,0,3,0,Station Wagon/Sport Utility Vehicle,Station Wagon/Sport Utility Vehicle,1
19587168,4295590,02/23/2020,15:00,969cef9a-ed04-4490-83d6-14fd19c04c0d,Sedan,JEEP -CAR/SUV,2004.0,4.0,F,Permit,Going Straight Ahead,Right Front Bumper,Right Front Bumper,Center Front End,Left Front Bumper,No Damage,N,,Unspecified,Unspecified,BROOKLYN,11210.0,"(40.63686, -73.93849)",3.0,0.0,0,0,0,0,3,0,Sedan,Station Wagon/Sport Utility Vehicle,1
19674201,4313506,05/11/2020,15:46,a153e615-cc61-4001-afb2-63a343103520,Sedan,LINC -CAR/SUV,2012.0,,,,Going Straight Ahead,No Damage,No Damage,,,,Unspecified,,Driver Inattention/Distraction,,QUEENS,11101.0,"(40.740913, -73.95226)",0.0,0.0,0,0,0,0,0,0,Sedan,Sedan,0
19556402,4278775,01/22/2020,20:10,098279a9-b69a-4e30-86a6-1907438a1c5b,Sedan,MERZ -CAR/SUV,2014.0,1.0,M,Licensed,Going Straight Ahead,Center Front End,Center Front End,Center Front End,Center Front End,Center Front End,N,,Unspecified,Unspecified,QUEENS,11106.0,"(40.75694, -73.93464)",0.0,0.0,0,0,0,0,0,0,Sedan,,0
19593931,4310675,04/27/2020,16:10,2fc19ad6-8047-4354-952f-3c66132b2a57,Sedan,FORD -CAR/SUV,2008.0,0.0,,,Parked,Left Rear Bumper,Left Side Doors,Left Front Quarter Panel,Center Front End,Left Rear Bumper,N,,Unspecified,Unspecified,,,"(40.707817, -73.91923)",0.0,0.0,0,0,0,0,0,0,Station Wagon/Sport Utility Vehicle,Sedan,0
19556889,4294361,02/27/2020,08:20,d289537a-627d-4b87-bdeb-e5aa73066c2b,Sedan,NISS -CAR/SUV,2011.0,1.0,M,Licensed,Going Straight Ahead,Left Rear Quarter Panel,Left Rear Quarter Panel,Left Side Doors,No Damage,No Damage,N,,Following Too Closely,Unspecified,BRONX,10459.0,"(40.822613, -73.88706)",0.0,0.0,0,0,0,0,0,0,PK,Sedan,0
19709275,4329607,07/17/2020,18:30,216aeccd-020b-466d-ba09-c417fc00afe6,Box Truck,FRHT-TRUCK/BUS,2015.0,,,,Going Straight Ahead,Left Front Bumper,Left Front Bumper,No Damage,No Damage,No Damage,N,,Driver Inattention/Distraction,Driver Inexperience,MANHATTAN,10031.0,"(40.823536, -73.95146)",0.0,0.0,0,0,0,0,0,0,Sedan,Box Truck,0
19549113,4296082,03/01/2020,14:58,f29a07e3-421c-46f5-a3ac-16414f31c188,Sedan,NISS -CAR/SUV,2016.0,0.0,M,Licensed,Going Straight Ahead,Right Front Bumper,Right Front Bumper,No Damage,No Damage,No Damage,N,,Passing or Lane Usage Improper,Unspecified,MANHATTAN,10024.0,"(40.779476, -73.97358)",0.0,0.0,0,0,0,0,0,0,Sedan,Sedan,0
19692095,4321968,06/19/2020,14:26,1b810bb8-244b-4be5-913f-8bccb41c2255,Station Wagon/Sport Utility Vehicle,INFI -CAR/SUV,2019.0,0.0,,,Parked,Left Rear Bumper,Center Back End,Left Rear Bumper,No Damage,No Damage,N,,Unspecified,Unspecified,BROOKLYN,11224.0,"(40.579914, -73.97519)",0.0,0.0,0,0,0,0,0,0,Station Wagon/Sport Utility Vehicle,Station Wagon/Sport Utility Vehicle,0
19738893,4342966,08/22/2020,08:30,7d82938e-4b52-4396-a0d8-e162fadf7771,Pick-up Truck,GMC -CAR/SUV,2002.0,1.0,,,Going Straight Ahead,,,,,,N,,Driver Inattention/Distraction,Unspecified,BROOKLYN,11217.0,"(40.688187, -73.97582)",0.0,0.0,0,0,0,0,0,0,Station Wagon/Sport Utility Vehicle,Pick-up Truck,0
19794658,4368254,11/16/2020,14:02,dfb3bb27-0861-44bc-bb17-fb6bc79f51ce,Station Wagon/Sport Utility Vehicle,TOYT -CAR/SUV,2015.0,2.0,F,Licensed,Going Straight Ahead,Right Front Quarter Panel,Right Front Bumper,No Damage,No Damage,No Damage,N,,Other Vehicular,Unspecified,BRONX,10460.0,"(40.835705, -73.88875)",0.0,0.0,0,0,0,0,0,0,Sedan,Station Wagon/Sport Utility Vehicle,0
19597697,4300742,03/15/2020,10:45,73e7eb9b-6f28-43ea-9bd4-7d2e66bf8374,Station Wagon/Sport Utility Vehicle,DODG -CAR/SUV,2006.0,1.0,M,Licensed,Making U Turn,Right Front Bumper,Right Front Bumper,Right Front Quarter Panel,Center Front End,No Damage,N,,Unspecified,Unspecified,BRONX,10455.0,"(40.817738, -73.90567)",0.0,0.0,0,0,0,0,0,0,Sedan,Station Wagon/Sport Utility Vehicle,0
19685095,4318738,06/09/2020,02:00,0073660e-cf49-48ce-8db1-0e8ade153c02,Sedan,TOYT -CAR/SUV,2004.0,0.0,M,Licensed,Parked,Left Rear Quarter Panel,Left Rear Quarter Panel,Left Rear Bumper,,,N,,Unspecified,Unspecified,BROOKLYN,11222.0,"(40.726746, -73.947754)",0.0,0.0,0,0,0,0,0,0,Sedan,Sedan,0
19742999,4344813,09/04/2020,21:29,5c8c0614-47a4-4bd3-a103-0ab74cd27331,Sedan,CHEV -CAR/SUV,2020.0,3.0,M,Licensed,Going Straight Ahead,Right Front Quarter Panel,Right Side Doors,,,,N,,Unspecified,Unspecified,BROOKLYN,11236.0,"(40.63931, -73.89432)",4.0,0.0,0,0,0,0,4,0,Sedan,Station Wagon/Sport Utility Vehicle,1
19750799,4348344,09/16/2020,00:37,1d8a6e32-0d84-46f0-bfb5-bd7c7f901f4f,E-Bike,FLY E BIKE,2020.0,1.0,M,Licensed,Going Straight Ahead,Right Front Quarter Panel,Right Side Doors,No Damage,No Damage,No Damage,N,,Unspecified,Unspecified,BRONX,10453.0,"(40.846577, -73.913155)",1.0,0.0,0,0,1,0,0,0,E-Bike,Sedan,1
19784130,4363168,10/28/2020,14:19,40772bc6-ee13-4f7d-9c0e-26d363b99157,Station Wagon/Sport Utility Vehicle,JEEP -CAR/SUV,2009.0,1.0,F,Licensed,Parked,Left Front Quarter Panel,Left Side Doors,No Damage,No Damage,No Damage,Unspecified,,Unspecified,Unspecified,QUEENS,11385.0,"(40.705345, -73.89609)",0.0,0.0,0,0,0,0,0,0,Station Wagon/Sport Utility Vehicle,,0
19734229,4341063,08/22/2020,13:28,569f3240-2712-4198-977b-8fc6a5be6e25,Sedan,TOYT -CAR/SUV,2011.0,1.0,M,Licensed,Going Straight Ahead,Center Front End,Center Front End,Center Back End,,,N,,Driver Inattention/Distraction,Driver Inexperience,,,"(40.83801, -73.87329)",0.0,0.0,0,0,0,0,0,0,Sedan,Sedan,0
19521279,4268698,01/02/2020,12:30,efc52f09-000a-414b-b6fa-077703de4c4c,Station Wagon/Sport Utility Vehicle,FORD -CAR/SUV,2010.0,1.0,M,Licensed,Stopped in Traffic,Center Back End,Center Back End,Left Rear Bumper,Right Rear Bumper,,N,,Unspecified,Unspecified,,,"(40.657555, -73.894196)",1.0,0.0,0,0,0,0,1,0,Station Wagon/Sport Utility Vehicle,Bus,1
19771439,4357296,10/13/2020,12:00,75021526-58dd-4e6c-93d2-453897d8812d,Sedan,INFI -CAR/SUV,2007.0,1.0,M,Licensed,Going Straight Ahead,Center Front End,Center Front End,,,,N,,Unsafe Speed,Passing Too Closely,QUEENS,11355.0,"(40.748257, -73.81655)",1.0,0.0,0,0,0,0,1,0,Sedan,Sedan,1
19525652,4269507,01/06/2020,09:30,b59e09e2-0137-4aa3-97b8-560e60c63587,Station Wagon/Sport Utility Vehicle,MERZ -CAR/SUV,2018.0,1.0,F,Licensed,Going Straight Ahead,Center Front End,Center Front End,Left Front Bumper,Right Front Bumper,,N,,Following Too Closely,Unspecified,,,"(40.717014, -73.7994)",0.0,0.0,0,0,0,0,0,0,Station Wagon/Sport Utility Vehicle,Station Wagon/Sport Utility Vehicle,0
19619908,4302712,03/20/2020,13:30,3e9bf6a2-0f85-46e5-8555-92aa6464823b,Sedan,KIA -CAR/SUV,2007.0,1.0,F,Licensed,Stopped in Traffic,Center Front End,Left Front Bumper,Left Front Quarter Panel,,,N,,Unspecified,Unspecified,QUEENS,11434.0,"(40.665413, -73.78237)",0.0,0.0,0,0,0,0,0,0,Sedan,Box Truck,0
19779647,4361003,10/25/2020,20:40,1bb57280-1627-4e1e-a262-9c0adceba73a,Station Wagon/Sport Utility Vehicle,TOYT -CAR/SUV,2015.0,1.0,M,Licensed,Changing Lanes,Left Front Bumper,Left Side Doors,Left Front Quarter Panel,Left Rear Quarter Panel,Left Rear Bumper,N,,Unsafe Lane Changing,Passing or Lane Usage Improper,,,"(40.786247, -73.80404)",2.0,0.0,0,0,0,0,2,0,Station Wagon/Sport Utility Vehicle,Station Wagon/Sport Utility Vehicle,1
19772953,4358247,10/08/2020,17:10,e94ab53c-b69e-45c1-92d7-5425ae32f6bc,Sedan,FORD -CAR/SUV,2019.0,0.0,M,Licensed,Parked,Left Rear Bumper,Left Rear Bumper,Center Back End,No Damage,No Damage,N,,Unspecified,Unspecified,STATEN ISLAND,10309.0,"(40.552105, -74.21128)",0.0,0.0,0,0,0,0,0,0,Sedan,Sedan,0
19674582,4313888,05/15/2020,15:00,95b5a73a-a3da-47d8-b638-0bef7887ef2d,Sedan,NISS -CAR/SUV,2010.0,0.0,,,Parked,Left Front Bumper,Left Front Bumper,Left Front Quarter Panel,,,N,,Unspecified,Unspecified,BRONX,10456.0,"(40.82914, -73.90811)",0.0,0.0,0,0,0,0,0,0,Sedan,,0
19708707,4329387,07/15/2020,17:12,39f8e6b5-3032-422f-a5c3-0ed6f08c3abb,Sedan,INFI -CAR/SUV,2019.0,0.0,,,Parked,Left Front Quarter Panel,Left Front Quarter Panel,Left Front Bumper,Left Side Doors,,N,,Unspecified,Unspecified,STATEN ISLAND,10307.0,"(40.5171, -74.233894)",0.0,0.0,0,0,0,0,0,0,Sedan,Station Wagon/Sport Utility Vehicle,0
19617966,4311936,05/05/2020,13:20,54b46440-dc9b-4eda-a871-b08e91db900b,Sedan,HOND -CAR/SUV,2009.0,0.0,,,Parked,Left Front Quarter Panel,Left Front Quarter Panel,,,,N,,Unspecified,Unspecified,,,"(40.760094, -73.79837)",0.0,0.0,0,0,0,0,0,0,Station Wagon/Sport Utility Vehicle,Sedan,0
19805842,4373099,12/03/2020,17:05,0c940d6d-422a-4885-a4b8-2037849e72b0,Sedan,TOYT -CAR/SUV,2009.0,1.0,M,Licensed,Going Straight Ahead,Left Front Bumper,Left Front Bumper,Center Front End,Right Front Bumper,,N,,Unspecified,Unspecified,,,"(40.63645, -74.01575)",0.0,0.0,0,0,0,0,0,0,Sedan,Station Wagon/Sport Utility Vehicle,0
19566952,4302017,03/18/2020,21:20,ff64df34-b366-46da-ac1b-93fc7bc95a1e,Sedan,MAZD -CAR/SUV,2002.0,2.0,M,Licensed,Stopped in Traffic,Center Front End,Center Front End,Center Front End,Center Front End,Center Front End,N,,View Obstructed/Limited,Unspecified,BROOKLYN,11206.0,"(40.695644, -73.9468)",0.0,0.0,0,0,0,0,0,0,Sedan,Station Wagon/Sport Utility Vehicle,0
19708926,4329393,07/17/2020,15:35,07a83175-9798-4aa1-ba18-9cb3eede41ed,Station Wagon/Sport Utility Vehicle,LINC -CAR/SUV,2016.0,1.0,M,Licensed,Changing Lanes,Left Rear Quarter Panel,Left Rear Quarter Panel,,,,N,,Passing or Lane Usage Improper,Unsafe Lane Changing,BROOKLYN,11209.0,"(40.628647, -74.02596)",0.0,0.0,0,0,0,0,0,0,Station Wagon/Sport Utility Vehicle,Station Wagon/Sport Utility Vehicle,0
19726310,4337296,08/05/2020,19:34,d0714620-348e-42a4-afee-d142435783c3,Station Wagon/Sport Utility Vehicle,SUBA -CAR/SUV,2008.0,1.0,M,Licensed,Going Straight Ahead,Left Front Bumper,Center Front End,Right Front Bumper,,,N,,Unspecified,Unspecified,STATEN ISLAND,10312.0,"(40.52609, -74.18032)",0.0,0.0,0,0,0,0,0,0,Station Wagon/Sport Utility Vehicle,Sedan,0
19674977,4314328,05/15/2020,15:29,6ea88101-8eaf-461e-8212-ad21358bb8bd,Box Truck,INTL-TRUCK/BUS,2013.0,3.0,M,Licensed,Making Right Turn,Right Rear Quarter Panel,No Damage,,,,Unspecified,,Oversized Vehicle,Unspecified,MANHATTAN,10011.0,"(40.741642, -74.00487)",0.0,0.0,0,0,0,0,0,0,Station Wagon/Sport Utility Vehicle,Box Truck,0
19579367,4286244,02/09/2020,12:45,a5da7af0-d49f-463d-a7c6-9194df966c0a,Station Wagon/Sport Utility Vehicle,JEEP -CAR/SUV,2011.0,1.0,M,Licensed,Making Left Turn,Center Front End,Center Front End,Right Front Bumper,Left Front Bumper,,N,,Driver Inattention/Distraction,Unspecified,,,"(40.686466, -73.80156)",1.0,0.0,0,0,0,0,1,0,Sedan,Station Wagon/Sport Utility Vehicle,1
19748706,4347615,09/10/2020,11:59,5451e077-6360-4994-89c4-b6a86146ed77,Taxi,TOYT -CAR/SUV,2015.0,1.0,M,Licensed,Going Straight Ahead,Left Front Quarter Panel,Left Front Bumper,Center Front End,Right Front Bumper,Right Front Quarter Panel,N,,Failure to Yield Right-of-Way,Passing or Lane Usage Improper,BROOKLYN,11220.0,"(40.638103, -74.00326)",0.0,0.0,0,0,0,0,0,0,Tractor Truck Diesel,Taxi,0
19768117,4356154,10/02/2020,00:00,24da76ec-5898-4d42-8ab5-739101cdbfb3,Station Wagon/Sport Utility Vehicle,NISS -CAR/SUV,2019.0,1.0,M,Licensed,Stopped in Traffic,Center Back End,Center Back End,Right Rear Bumper,Right Rear Bumper,Left Rear Bumper,N,,Unspecified,Unspecified,STATEN ISLAND,10307.0,"(40.5171, -74.233894)",0.0,0.0,0,0,0,0,0,0,Station Wagon/Sport Utility Vehicle,Station Wagon/Sport Utility Vehicle,0
19819336,4379479,12/27/2020,15:40,a38d37a7-a129-4ec8-b2a2-d1f7682f3f48,Station Wagon/Sport Utility Vehicle,FORD -CAR/SUV,2015.0,2.0,M,Licensed,Going Straight Ahead,Right Rear Quarter Panel,Right Rear Quarter Panel,No Damage,No Damage,No Damage,N,,Unspecified,Unspecified,,,"(40.581345, -73.96283)",0.0,0.0,0,0,0,0,0,0,Station Wagon/Sport Utility Vehicle,Station Wagon/Sport Utility Vehicle,0
19800275,4370691,11/25/2020,01:15,36e9b120-d2a0-44a8-8c19-a50dd47516fd,Sedan,NISS -CAR/SUV,2017.0,0.0,,,Parked,Center Front End,Center Front End,Other,Other,Other,N,,Unspecified,Unspecified,,,"(40.679276, -73.92906)",0.0,0.0,0,0,0,0,0,0,Station Wagon/Sport Utility Vehicle,Sedan,0
19748098,4347125,09/07/2020,16:10,05fef978-694d-48a2-acb7-3deba79f0e6f,Station Wagon/Sport Utility Vehicle,INFI -CAR/SUV,2020.0,2.0,M,Licensed,Going Straight Ahead,Center Back End,Center Back End,,,,N,,Unspecified,Unspecified,BROOKLYN,11238.0,"(40.67505, -73.95639)",0.0,0.0,0,0,0,0,0,0,Station Wagon/Sport Utility Vehicle,Sedan,0
19538850,4279820,01/27/2020,15:50,53a5eddf-730f-4cc7-81f6-5c0a1deb7907,Taxi,TOYT -CAR/SUV,2014.0,1.0,M,Licensed,Going Straight Ahead,Center Front End,No Damage,No Damage,No Damage,No Damage,N,,Driver Inattention/Distraction,Unspecified,MANHATTAN,10011.0,"(40.73986, -73.995026)",1.0,0.0,0,0,1,0,0,0,Taxi,Bike,1
19779708,4361224,10/16/2020,20:30,28140852-3b11-448b-8c55-5e3fb0e74fe9,Sedan,HYUN -CAR/SUV,2004.0,2.0,M,Licensed,Making U Turn,Left Front Bumper,Left Front Quarter Panel,Left Front Bumper,Center Front End,Right Front Bumper,N,,Turning Improperly,Driver Inattention/Distraction,,,"(40.541126, -74.21777)",0.0,0.0,0,0,0,0,0,0,Sedan,Sedan,0
19566644,4286051,02/08/2020,14:30,70441b65-5099-4cee-aade-cf51cb494f13,Sedan,TOYT -CAR/SUV,2017.0,2.0,M,Licensed,Going Straight Ahead,Left Rear Bumper,Left Rear Bumper,Center Back End,Left Rear Quarter Panel,No Damage,N,,Unspecified,Unspecified,,,"(40.835384, -73.93096)",4.0,0.0,0,0,0,0,4,0,Sedan,Sedan,1
19709242,4329354,07/17/2020,13:30,521ee8ec-ba2e-43ac-9483-d2886851593c,Station Wagon/Sport Utility Vehicle,MAZD -CAR/SUV,2014.0,0.0,,,Parked,Left Rear Bumper,Left Rear Bumper,Center Back End,,,N,,Unspecified,Unspecified,QUEENS,11428.0,"(40.718834, -73.75129)",0.0,0.0,0,0,0,0,0,0,Station Wagon/Sport Utility Vehicle,Station Wagon/Sport Utility Vehicle,0
19805425,4372894,12/02/2020,19:27,7c8a84ea-9489-4352-bb41-3909ab8cd29c,Station Wagon/Sport Utility Vehicle,KIA -CAR/SUV,2019.0,0.0,,,Parked,Left Rear Bumper,Left Rear Bumper,Center Back End,,,N,,Unspecified,Unspecified,QUEENS,11423.0,,1.0,0.0,0,0,0,0,1,0,Station Wagon/Sport Utility Vehicle,Sedan,1
19525989,4272982,01/13/2020,11:30,6289e934-ea95-4fa3-8358-f4037fad78be,PK,DODG-TRUCK/BUS,2016.0,1.0,M,Licensed,Going Straight Ahead,Left Rear Quarter Panel,Left Rear Quarter Panel,,,,N,,Passing Too Closely,Passing Too Closely,MANHATTAN,10006.0,"(40.709686, -74.01168)",0.0,0.0,0,0,0,0,0,0,PK,Sedan,0
19707337,4328636,07/15/2020,11:00,f15849ec-cb4c-4ff8-aba5-0481b363ba2f,Sedan,FORD -CAR/SUV,2019.0,1.0,M,Licensed,Changing Lanes,Right Front Quarter Panel,Right Front Quarter Panel,No Damage,No Damage,No Damage,N,,Failure to Yield Right-of-Way,Passing or Lane Usage Improper,,,"(40.743156, -73.97213)",0.0,0.0,0,0,0,0,0,0,Sedan,Sedan,0
19680212,4292331,02/22/2020,14:37,6fd5fa18-8ac8-4e78-83ee-060ff90821ae,Station Wagon/Sport Utility Vehicle,HOND -CAR/SUV,2016.0,1.0,F,Licensed,Stopped in Traffic,Center Back End,Center Back End,Center Front End,,,N,,Unspecified,Unspecified,,,"(40.87932, -73.869804)",8.0,0.0,0,0,0,0,8,0,Station Wagon/Sport Utility Vehicle,Station Wagon/Sport Utility Vehicle,1
19723071,4335622,08/06/2020,02:14,b39f1ec1-4f14-497a-86f5-d13269b7650b,Ambulance,FORD-TRUCK/BUS,2019.0,3.0,M,Licensed,Parked,Left Rear Quarter Panel,Left Rear Quarter Panel,Left Side Doors,,,N,,Unspecified,Unspecified,,,"(40.851654, -73.91566)",0.0,0.0,0,0,0,0,0,0,Ambulance,Van,0
19776045,4359504,10/19/2020,22:30,0a496f8b-b993-4ce3-90e7-67d2b8078157,Sedan,MITS -CAR/SUV,2004.0,2.0,M,Licensed,Going Straight Ahead,Right Front Quarter Panel,Right Front Quarter Panel,Undercarriage,,,Unspecified,,Unspecified,Unspecified,,,,0.0,0.0,0,0,0,0,0,0,Sedan,Sedan,0
19545216,4277342,01/21/2020,17:00,afb59274-d310-434b-b7b0-8b4d6f9bd5ba,Sedan,NISS -CAR/SUV,2010.0,0.0,F,Licensed,Parked,Left Front Bumper,Left Front Bumper,Center Front End,Right Front Bumper,No Damage,N,,Unspecified,Unspecified,,,"(40.60756, -73.984406)",0.0,0.0,0,0,0,0,0,0,Sedan,,0
19786160,4364196,11/04/2020,08:00,6c522689-2435-493d-857e-9282ca2ade60,Sedan,DODG -CAR/SUV,2018.0,0.0,,,Parked,Right Side Doors,Right Side Doors,Right Front Quarter Panel,Right Rear Quarter Panel,No Damage,N,,Unspecified,Unspecified,BRONX,10462.0,"(40.84783, -73.86325)",0.0,0.0,0,0,0,0,0,0,Sedan,,0
19601157,4287344,02/12/2020,10:34,d89d0f4c-92ae-43ba-bd8a-c4411e67bc36,Sedan,TOYT -CAR/SUV,2011.0,2.0,M,Licensed,Entering Parked Position,Right Rear Bumper,Right Rear Bumper,,,,Unspecified,,Backing Unsafely,Unspecified,QUEENS,11355.0,"(40.75019, -73.81196)",0.0,0.0,0,0,0,0,0,0,Station Wagon/Sport Utility Vehicle,Sedan,0
19673116,4313101,05/04/2020,10:00,013094ae-baf2-4194-b0db-8773ab3bc378,Sedan,MAZD -CAR/SUV,2005.0,0.0,F,Licensed,Parked,Left Rear Bumper,Left Rear Bumper,,,,N,,Unspecified,Unspecified,QUEENS,11373.0,"(40.74455, -73.87378)",0.0,0.0,0,0,0,0,0,0,Sedan,Sedan,0
19774473,4359106,10/18/2020,02:25,d7948609-9c0b-48fa-ad2c-dae999b62d70,Station Wagon/Sport Utility Vehicle,CHEV -CAR/SUV,,,,,Going Straight Ahead,,,,,,Y,,Passing or Lane Usage Improper,Unsafe Lane Changing,,,"(40.684204, -73.85858)",2.0,0.0,0,0,0,0,2,0,Sedan,Sedan,1
19681765,4316868,05/31/2020,15:25,b6bce180-fb93-46cf-a214-44658f011078,Station Wagon/Sport Utility Vehicle,BMW -CAR/SUV,2016.0,2.0,M,Licensed,Going Straight Ahead,Right Rear Quarter Panel,Right Front Bumper,Right Front Quarter Panel,Right Side Doors,Right Rear Bumper,N,,Driver Inattention/Distraction,Unspecified,BRONX,10466.0,"(40.88742, -73.82449)",3.0,0.0,0,0,0,0,3,0,Sedan,Station Wagon/Sport Utility Vehicle,1
19800938,4370942,11/26/2020,22:20,98b1a21a-3f5a-4ecc-ad07-46e18bb8596a,Sedan,TOYT -CAR/SUV,2002.0,0.0,,,Parked,Center Back End,Center Back End,No Damage,No Damage,No Damage,N,,Unspecified,Unspecified,BROOKLYN,11201.0,"(40.692604, -73.99715)",1.0,0.0,0,0,1,0,0,0,E-Scooter,Sedan,1
19530737,4277521,01/17/2020,08:21,99227b80-4f0b-4087-94d2-c3368a441a48,Sedan,NISS -CAR/SUV,2007.0,1.0,M,Licensed,Making Left Turn,Center Back End,Center Back End,,,,N,,Unspecified,Unspecified,BROOKLYN,11213.0,"(40.677773, -73.93587)",0.0,0.0,0,0,0,0,0,0,Sedan,Sedan,0
19818562,4378681,12/23/2020,19:45,d84f7482-568a-4831-baa5-f305845349b1,Sedan,CHEV -CAR/SUV,2005.0,1.0,M,Licensed,Going Straight Ahead,Center Back End,Center Back End,Right Rear Bumper,Left Rear Bumper,No Damage,N,,Unspecified,Unspecified,,,"(40.82325, -73.88277)",0.0,0.0,0,0,0,0,0,0,Sedan,Station Wagon/Sport Utility Vehicle,0
19772719,4357839,10/15/2020,02:20,1e4d038d-9f50-44f0-b306-362ac9ba352a,Sedan,FORD -CAR/SUV,2018.0,1.0,M,Licensed,Passing,Right Front Bumper,Center Front End,No Damage,No Damage,No Damage,N,,Reaction to Uninvolved Vehicle,Other Vehicular,,,"(40.861862, -73.91282)",2.0,0.0,0,0,0,0,2,0,Sedan,Taxi,1