UNIQUE_ID,COLLISION_ID,CRASH_DATE,CRASH_TIME,VEHICLE_ID,VEHICLE_TYPE,VEHICLE_MAKE,VEHICLE_YEAR,VEHICLE_OCCUPANTS,DRIVER_SEX,DRIVER_LICENSE_STATUS,PRE_CRASH,POINT_OF_IMPACT,VEHICLE_DAMAGE,VEHICLE_DAMAGE_1,VEHICLE_DAMAGE_2,VEHICLE_DAMAGE_3,PUBLIC_PROPERTY_DAMAGE,PUBLIC_PROPERTY_DAMAGE_TYPE,CONTRIBUTING_FACTOR_1,CONTRIBUTING_FACTOR_2,BOROUGH,ZIP CODE,LOCATION,NUMBER OF PERSONS INJURED,NUMBER OF PERSONS KILLED,NUMBER OF PEDESTRIANS INJURED,NUMBER OF PEDESTRIANS KILLED,NUMBER OF CYCLIST INJURED,NUMBER OF CYCLIST KILLED,NUMBER OF MOTORIST INJURED,NUMBER OF MOTORIST KILLED,VEHICLE TYPE CODE 1,VEHICLE TYPE CODE 2,Severity
19774362,4358632,10/17/2020,14:13,bc343cfd-a84a-4b13-a55a-61455c76bb8a,Station Wagon/Sport Utility Vehicle,MERZ -CAR/SUV,2013.0,2.0,M,Licensed,Merging,Center Front End,Center Front End,,,,N,,Unspecified,Unspecified,,,,1.0,0.0,0,0,0,0,1,0,Sedan,Station Wagon/Sport Utility Vehicle,1
19816127,4377682,12/20/2020,00:00,0ca2a928-89be-487c-9bc2-0ebe780265bb,Sedan,MAZD -CAR/SUV,1998.0,1.0,U,,Going Straight Ahead,Center Front End,Center Front End,Right Rear Bumper,,,Unspecified,,Failure to Yield Right-of-Way,Backing Unsafely,QUEENS,11411.0,"(40.702137, -73.74222)",0.0,0.0,0,0,0,0,0,0,Station Wagon/Sport Utility Vehicle,Sedan,0
19778071,4360393,10/22/2020,10:00,df526ebf-f5d3-43fd-911c-b6b28f2f24fa,Sedan,TOYT -CAR/SUV,2011.0,1.0,M,Licensed,Parked,Left Front Quarter Panel,Left Front Quarter Panel,Left Front Bumper,No Damage,No Damage,N,,Unspecified,Unspecified,BRONX,10457.0,"(40.84681, -73.9083)",0.0,0.0,0,0,0,0,0,0,Sedan,Van,0
19707733,4328695,07/15/2020,15:00,a8db9380-a2b1-44e0-8515-bd60c6826990,Sedan,NISS -CAR/SUV,2010.0,1.0,M,Licensed,Going Straight Ahead,Left Front Bumper,Left Front Bumper,Left Front Quarter Panel,Center Front End,,N,,Driver Inattention/Distraction,Unspecified,,,"(40.734314, -73.93803)",0.0,0.0,0,0,0,0,0,0,Sedan,Station Wagon/Sport Utility Vehicle,0
19776892,4359977,10/21/2020,23:19,e00872be-f9bf-4ff5-a156-f175780f8df1,Sedan,TOYT -CAR/SUV,2007.0,,,,,Left Front Bumper,Left Front Bumper,,,,Unspecified,,Driver Inattention/Distraction,,BROOKLYN,11214.0,"(40.596104, -73.99729)",0.0,0.0,0,0,0,0,0,0,Station Wagon/Sport Utility Vehicle,Sedan,0
19563889,4301740,03/17/2020,21:01,d5a049b7-bc66-40dd-a572-bc1c856287cf,Sedan,HOND -CAR/SUV,2005.0,1.0,M,Licensed,Going Straight Ahead,Center Back End,Right Side Doors,Right Rear Quarter Panel,Right Front Quarter Panel,Right Rear Bumper,N,,Other Vehicular,Unspecified,STATEN ISLAND,10301.0,"(40.635933, -74.07585)",2.0,0.0,0,0,0,0,2,0,Sedan,,1
19574197,4296420,03/02/2020,18:00,4318abf2-5e66-446f-9bbd-3c3036a6d0f9,Station Wagon/Sport Utility Vehicle,ACUR -CAR/SUV,2013.0,1.0,F,Licensed,Going Straight Ahead,Center Front End,Center Front End,,,,N,,Driver Inattention/Distraction,Following Too Closely,,,,0.0,0.0,0,0,0,0,0,0,Station Wagon/Sport Utility Vehicle,Station Wagon/Sport Utility Vehicle,0
19812849,4376179,12/13/2020,15:37,16455b80-62b4-4336-956d-4c3898962858,Sedan,FORD -CAR/SUV,2015.0,1.0,M,Licensed,Going Straight Ahead,Center Back End,Center Back End,Right Rear Bumper,Left Rear Bumper,,N,,Unspecified,Unspecified,,,"(40.851093, -73.93244)",0.0,0.0,0,0,0,0,0,0,Sedan,Sedan,0
19671590,4312503,05/08/2020,15:40,2a7a75ba-972b-4210-b6f6-200dab61a05a,Station Wagon/Sport Utility Vehicle,NISS -CAR/SUV,2013.0,1.0,F,Licensed,Going Straight Ahead,Left Rear Bumper,Left Rear Bumper,,,,N,,Unspecified,Unspecified,,,"(40.762093, -73.75691)",0.0,0.0,0,0,0,0,0,0,Station Wagon/Sport Utility Vehicle,Sedan,0
19595973,4300860,03/16/2020,03:52,2fdbd646-9364-4bc7-8093-d9ec91ba440b,Sedan,MAZD -CAR/SUV,2011.0,1.0,M,Licensed,Going Straight Ahead,Left Rear Quarter Panel,Left Front Quarter Panel,Left Side Doors,Left Rear Quarter Panel,Left Front Bumper,N,,Unspecified,Unspecified,,,"(40.714104, -73.95322)",0.0,0.0,0,0,0,0,0,0,Sedan,Pick-up Truck,0
19708979,4329458,07/17/2020,14:30,d754aab8-5c72-4821-814e-357855e906fa,Sedan,NISS -CAR/SUV,,1.0,,,Going Straight Ahead,Right Front Bumper,No Damage,No Damage,No Damage,No Damage,N,,Driver Inattention/Distraction,Traffic Control Disregarded,BROOKLYN,11219.0,"(40.62237, -74.0017)",0.0,0.0,0,0,0,0,0,0,Sedan,Sedan,0
19717958,4333536,07/29/2020,09:00,d3f49b46-11f2-476a-9821-c541008fe37b,Sedan,LEXS -CAR/SUV,2013.0,3.0,M,Licensed,Going Straight Ahead,Left Rear Quarter Panel,Left Rear Quarter Panel,Left Rear Bumper,,,N,,Unspecified,Unspecified,BROOKLYN,11211.0,"(40.70801, -73.95673)",0.0,0.0,0,0,0,0,0,0,Bus,Sedan,0
19559489,4298574,03/06/2020,23:15,266ded43-690f-4170-b13c-bfab04902e73,Sedan,HYUN -CAR/SUV,2013.0,2.0,M,Licensed,Going Straight Ahead,Left Front Bumper,Left Front Bumper,Right Front Bumper,No Damage,No Damage,N,,Passing Too Closely,Unspecified,BROOKLYN,11201.0,"(40.691227, -73.98214)",0.0,0.0,0,0,0,0,0,0,Station Wagon/Sport Utility Vehicle,Sedan,0
19781096,4361868,10/27/2020,20:50,99276ba7-fd6b-45e8-89c3-a3d8e12e3823,Sedan,GMC -CAR/SUV,2019.0,1.0,M,Licensed,Going Straight Ahead,Center Front End,Center Front End,Left Front Bumper,Right Front Bumper,,N,,Driver Inattention/Distraction,Driver Inattention/Distraction,QUEENS,11378.0,"(40.73128, -73.92347)",1.0,0.0,0,0,0,0,1,0,Box Truck,Sedan,1
19728601,4338301,08/14/2020,13:30,bcd0f57a-50d0-4ac9-874c-4a93c963dcb9,Station Wagon/Sport Utility Vehicle,NISS -CAR/SUV,2018.0,4.0,F,Licensed,Stopped in Traffic,Right Rear Bumper,Right Rear Bumper,Right Rear Bumper,Right Rear Bumper,Right Rear Bumper,N,,Unspecified,Unspecified,BROOKLYN,11236.0,"(40.64165, -73.90378)",0.0,0.0,0,0,0,0,0,0,Station Wagon/Sport Utility Vehicle,,0
19717806,4333363,07/30/2020,07:56,43d4e43f-6261-4947-9001-713e51f2a45e,Sedan,ACUR -CAR/SUV,2004.0,1.0,M,Licensed,Going Straight Ahead,Center Front End,Center Front End,No Damage,No Damage,No Damage,N,,Following Too Closely,Unspecified,BRONX,10469.0,"(40.869385, -73.85762)",1.0,0.0,0,0,0,0,1,0,Station Wagon/Sport Utility Vehicle,Sedan,1
19724120,4336380,08/07/2020,18:15,0ae39fb6-ceb9-435f-8217-857d98098334,Station Wagon/Sport Utility Vehicle,TOYT -CAR/SUV,2018.0,4.0,M,Licensed,Stopped in Traffic,Left Front Quarter Panel,Left Front Quarter Panel,Left Front Bumper,Left Side Doors,,N,,Unspecified,Unspecified,BRONX,10462.0,"(40.855896, -73.86766)",0.0,0.0,0,0,0,0,0,0,Station Wagon/Sport Utility Vehicle,,0
19562865,4289054,02/15/2020,21:49,a41ffd34-7b44-4a6c-b176-b3291ef15a61,,ACUR -CAR/SUV,2008.0,,,,,,,,,,Unspecified,,,,BROOKLYN,11218.0,"(40.646378, -73.97085)",1.0,0.0,0,0,0,0,1,0,Sedan,,1
19521570,4271634,01/04/2020,19:15,efbb7ce3-abfc-4f3d-bd8c-5ef94cfe5c86,Station Wagon/Sport Utility Vehicle,TOYT -CAR/SUV,2018.0,2.0,F,Licensed,Parked,Center Front End,Center Front End,No Damage,No Damage,No Damage,N,,Unspecified,Unspecified,BROOKLYN,11236.0,"(40.643658, -73.90203)",0.0,0.0,0,0,0,0,0,0,Station Wagon/Sport Utility Vehicle,Station Wagon/Sport Utility Vehicle,0
19711126,4330371,07/17/2020,15:06,e7e56ff2-ebe0-4082-9607-15dbbae5e5ca,Sedan,HYUN -CAR/SUV,2015.0,1.0,F,Licensed,Going Straight Ahead,Right Rear Bumper,Right Front Quarter Panel,Center Back End,Center Front End,Right Rear Bumper,N,,Unspecified,Unspecified,,,"(40.708324, -73.84314)",0.0,0.0,0,0,0,0,0,0,Sedan,Sedan,0
19711023,4330209,07/15/2020,15:20,955781e2-d7be-4417-9292-4b64445d6f78,Sedan,TOYT -CAR/SUV,2011.0,1.0,,,Parked,Left Side Doors,Left Side Doors,Left Side Doors,Left Rear Quarter Panel,,N,,Unspecified,Unspecified,,,"(40.692623, -73.923676)",1.0,0.0,1,0,0,0,0,0,Station Wagon/Sport Utility Vehicle,Sedan,1
19575417,4295002,02/28/2020,19:30,2a44c9ac-3e5e-483b-8b91-053ce6ade903,Ambulance,FORD-TRUCK/BUS,2017.0,2.0,M,Licensed,Going Straight Ahead,No Damage,No Damage,,,,N,,Unspecified,Unspecified,BRONX,10453.0,"(40.84908, -73.90946)",0.0,0.0,0,0,0,0,0,0,Ambulance,Sedan,0
19531761,4277162,01/21/2020,16:15,d7c547c6-795d-474c-9ad6-a04086e13456,Box Truck,freight,2000.0,0.0,M,Licensed,Going Straight Ahead,Right Side Doors,Right Side Doors,No Damage,No Damage,No Damage,N,,Passing Too Closely,Unspecified,MANHATTAN,10041.0,"(40.703594, -74.00979)",0.0,0.0,0,0,0,0,0,0,Station Wagon/Sport Utility Vehicle,Box Truck,0
19709578,4329486,07/18/2020,21:55,47cb9d54-1bd1-419c-9de7-cf641cc3cfc6,Station Wagon/Sport Utility Vehicle,JEEP -CAR/SUV,2001.0,0.0,M,Licensed,Parked,Left Rear Bumper,Left Rear Bumper,Center Back End,Right Rear Bumper,,N,,Unspecified,Unspecified,QUEENS,11355.0,"(40.747417, -73.83277)",0.0,0.0,0,0,0,0,0,0,Sedan,Station Wagon/Sport Utility Vehicle,0
19717229,4333191,07/29/2020,19:00,8d239fe3-1440-48fc-8f36-6266adbac641,Sedan,FORD -CAR/SUV,2019.0,0.0,,,Parked,Center Front End,Center Front End,Right Front Bumper,Right Front Bumper,Other,N,,Unspecified,Unspecified,QUEENS,11373.0,"(40.745033, -73.87001)",0.0,0.0,0,0,0,0,0,0,Sedan,,0
19579743,4302752,03/20/2020,16:15,a2f3a3fd-f46d-4549-b93b-dfb4752da9dd,Sedan,HOND -CAR/SUV,2015.0,2.0,M,Licensed,Slowing or Stopping,Center Back End,Center Back End,Right Rear Bumper,Left Rear Bumper,,N,,Unspecified,Unspecified,,,"(40.630577, -73.88591)",0.0,0.0,0,0,0,0,0,0,Sedan,Pick-up Truck,0
19677925,4315287,05/23/2020,10:41,ad1749a4-bf04-4738-8bbc-d07e419852ee,Box Truck,PAC-TRUCK/BUS,2019.0,1.0,M,Licensed,Going Straight Ahead,Left Front Quarter Panel,No Damage,No Damage,No Damage,No Damage,N,,Unspecified,Unspecified,,,"(40.753998, -73.94244)",0.0,0.0,0,0,0,0,0,0,Box Truck,,0
19733691,4340601,08/22/2020,11:52,0e27fa58-535f-4bd2-971b-d33968039827,Sedan,HOND -CAR/SUV,2008.0,1.0,M,Licensed,Going Straight Ahead,Center Front End,Center Front End,Right Front Bumper,Left Front Bumper,No Damage,N,,Unspecified,Unspecified,,,"(40.714897, -73.9919)",1.0,0.0,0,0,0,0,1,0,Sedan,Station Wagon/Sport Utility Vehicle,1
19733196,4340316,08/19/2020,19:32,bcc53961-34be-4e13-8143-6d939f501aff,Station Wagon/Sport Utility Vehicle,HOND -CAR/SUV,2012.0,2.0,F,Licensed,Going Straight Ahead,Center Back End,Center Back End,Left Rear Bumper,Left Rear Bumper,Center Back End,N,,Unspecified,Unspecified,BROOKLYN,11215.0,"(40.67316, -73.98297)",0.0,0.0,0,0,0,0,0,0,Station Wagon/Sport Utility Vehicle,Station Wagon/Sport Utility Vehicle,0
19709554,4329589,07/18/2020,16:00,5d81d2ff-21b8-408a-827a-a8818df32a83,Sedan,CHEV -CAR/SUV,2009.0,1.0,F,Licensed,Making Left Turn,Left Front Bumper,Left Front Bumper,Center Front End,Right Front Bumper,,N,,Unspecified,Unspecified,,,"(40.685947, -73.758385)",0.0,0.0,0,0,0,0,0,0,Sedan,Sedan,0
19688435,4319908,06/11/2020,23:20,ce18c84d-907b-4654-8a6b-489cce0af714,Sedan,NISS -CAR/SUV,2017.0,2.0,M,Licensed,Going Straight Ahead,Center Back End,Center Back End,Right Front Bumper,,,N,,Unspecified,Unspecified,,,"(40.769432, -73.91217)",2.0,0.0,0,0,0,0,2,0,Sedan,Station Wagon/Sport Utility Vehicle,1
19544202,4289442,02/09/2020,03:15,84e11709-f191-49e1-9f70-e905f16ab4ed,Sedan,HOND -CAR/SUV,2018.0,0.0,,,Parked,Left Side Doors,Left Side Doors,Left Rear Quarter Panel,,,N,,Unspecified,Unspecified,,,,0.0,0.0,0,0,0,0,0,0,Sedan,Sedan,0
19749640,4321949,06/19/2020,23:27,43f27221-a444-4648-b01f-08c4a7b10249,Station Wagon/Sport Utility Vehicle,GMC -CAR/SUV,2005.0,0.0,M,Licensed,Parked,Left Rear Bumper,Left Rear Bumper,,,,N,,Unspecified,Unspecified,BRONX,10456.0,"(40.828194, -73.90386)",1.0,0.0,0,0,0,0,1,0,Pick-up Truck,Pick-up Truck,1
19616155,4305676,03/07/2020,15:00,aa429ba6-5b5d-462e-95c7-51afba0c5fb6,Station Wagon/Sport Utility Vehicle,NISS -CAR/SUV,2016.0,1.0,F,Licensed,Going Straight Ahead,Left Front Quarter Panel,Left Front Quarter Panel,Left Side Doors,Right Front Bumper,,N,,Unspecified,Unspecified,QUEENS,11422.0,"(40.66563, -73.73921)",1.0,0.0,0,0,0,0,1,0,Station Wagon/Sport Utility Vehicle,Station Wagon/Sport Utility Vehicle,1
19683522,4317861,06/04/2020,13:15,9c7f955b-f6e7-4aa5-9af5-d30791f20673,Taxi,TOYT -CAR/SUV,2018.0,2.0,M,Licensed,Making Left Turn,Right Rear Quarter Panel,Right Rear Quarter Panel,Right Rear Bumper,Center Back End,Left Rear Bumper,Unspecified,,Unspecified,Unspecified,BRONX,10473.0,"(40.82101, -73.86575)",2.0,0.0,0,0,0,0,2,0,Taxi,,1
19744803,4345477,09/05/2020,19:40,b981775c-310c-400c-a531-7e6a6a8d31c6,Van,CHEVROLET,,,,,Making Left Turn on Red,,,,,,N,,Traffic Control Disregarded,Unspecified,,,"(40.852386, -73.90369)",1.0,0.0,0,0,1,0,0,0,E-Scooter,Van,1
19538144,4279794,01/27/2020,13:55,9fe1ee54-c087-44de-b750-6a9c722969e1,Sedan,HOND -CAR/SUV,2012.0,0.0,,,Parked,Left Rear Bumper,Left Rear Bumper,No Damage,No Damage,No Damage,N,,Unspecified,Unspecified,BROOKLYN,11203.0,"(40.6607, -73.93136)",0.0,0.0,0,0,0,0,0,0,Tractor Truck Diesel,Sedan,0
19710159,4329739,07/18/2020,10:00,773e7f93-7371-4fa9-9390-2ffccc5071e5,Station Wagon/Sport Utility Vehicle,HOND -CAR/SUV,2019.0,1.0,F,Licensed,Going Straight Ahead,Center Back End,Left Front Quarter Panel,Right Front Quarter Panel,Center Front End,Left Rear Quarter Panel,N,,Unspecified,Unspecified,,,"(40.741234, -73.84573)",1.0,0.0,0,0,0,0,1,0,Station Wagon/Sport Utility Vehicle,Station Wagon/Sport Utility Vehicle,1
19522452,4270641,01/08/2020,08:00,1638db35-67ff-4102-bf14-e84ae91cea34,Station Wagon/Sport Utility Vehicle,ISU -CAR/SUV,2014.0,1.0,M,Licensed,Going Straight Ahead,No Damage,No Damage,,,,Unspecified,,Passing Too Closely,Unspecified,MANHATTAN,10001.0,"(40.75578, -74.00199)",0.0,0.0,0,0,0,0,0,0,Sedan,Station Wagon/Sport Utility Vehicle,0
19540166,4287962,02/10/2020,16:36,b3915a3c-e4cf-46e9-915f-6ab12965be88,Bus,ELDOR BUS,2013.0,1.0,F,Licensed,Going Straight Ahead,Right Front Quarter Panel,Right Front Quarter Panel,Right Side Doors,Right Rear Quarter Panel,No Damage,N,,Unspecified,Unspecified,BROOKLYN,11221.0,"(40.687294, -73.938896)",0.0,0.0,0,0,0,0,0,0,Bus,Taxi,0
19767449,4355781,10/07/2020,20:25,2c14bedb-bd1b-4765-adc9-59808ab38446,Station Wagon/Sport Utility Vehicle,JEEP -CAR/SUV,2004.0,1.0,F,Licensed,Going Straight Ahead,Right Side Doors,Right Side Doors,,,,N,,Alcohol Involvement,Driver Inattention/Distraction,QUEENS,11691.0,"(40.593567, -73.759865)",0.0,0.0,0,0,0,0,0,0,Station Wagon/Sport Utility Vehicle,Station Wagon/Sport Utility Vehicle,0
19783548,4363343,10/31/2020,06:10,9995bbbd-b32f-4b4e-a787-ada9c3ba6de3,Station Wagon/Sport Utility Vehicle,NISS -CAR/SUV,,0.0,M,Licensed,Parked,Center Front End,Center Front End,Left Front Bumper,Right Front Bumper,,N,,Unspecified,Unspecified,BROOKLYN,11223.0,"(40.595104, -73.98393)",0.0,0.0,0,0,0,0,0,0,Station Wagon/Sport Utility Vehicle,Sedan,0
19572848,4301032,03/16/2020,13:15,89747e2e-b580-44cb-88fa-5464e1ef510d,Sedan,HOND -CAR/SUV,2013.0,1.0,M,Licensed,Making U Turn,Center Front End,Center Front End,,,,N,,Driver Inattention/Distraction,Failure to Yield Right-of-Way,BROOKLYN,11222.0,"(40.731808, -73.954544)",0.0,0.0,0,0,0,0,0,0,Sedan,Sedan,0
19813928,4376634,12/16/2020,14:00,11f71e2c-5f20-4fac-8081-24ad2950c47d,Station Wagon/Sport Utility Vehicle,TOYT -CAR/SUV,2019.0,1.0,F,Licensed,Going Straight Ahead,Left Side Doors,Left Side Doors,,,,N,,Passing or Lane Usage Improper,Unspecified,,,"(40.75855, -73.82964)",0.0,0.0,0,0,0,0,0,0,Station Wagon/Sport Utility Vehicle,Station Wagon/Sport Utility Vehicle,0
19521219,4282715,01/15/2020,08:50,9522bd89-8e72-48dc-ac72-c23e45acbd31,,RAM,2015.0,1.0,F,Licensed,Parked,Right Rear Bumper,Right Rear Bumper,,,,N,,Unspecified,Unspecified,,,"(40.804886, -73.96248)",0.0,0.0,0,0,0,0,0,0,,,0
19560134,4283770,02/04/2020,02:30,17e4b6ef-b4a0-44e3-b7ba-f149cda0eaab,Sedan,NISS -CAR/SUV,2016.0,2.0,M,Licensed,Slowing or Stopping,Right Front Quarter Panel,Right Front Bumper,No Damage,No Damage,No Damage,N,,Unspecified,Unspecified,BRONX,10468.0,"(40.86083, -73.90907)",0.0,0.0,0,0,0,0,0,0,Sedan,Sedan,0
19553124,4286495,02/10/2020,14:50,be195fb1-31be-4586-8842-9927ad60b943,Tractor Truck Diesel,KW-TRUCK/BUS,2007.0,1.0,M,Licensed,Going Straight Ahead,Left Rear Quarter Panel,Right Front Quarter Panel,Right Front Bumper,Roof,Right Side Doors,N,,Unspecified,Unspecified,,,,0.0,0.0,0,0,0,0,0,0,Tractor Truck Diesel,Tractor Truck Diesel,0
19547735,4279303,01/24/2020,13:53,e7bad0c2-fd5a-4fa1-92e3-cbd171387c6d,Sedan,VOLK -CAR/SUV,2014.0,1.0,M,Licensed,Going Straight Ahead,Center Front End,Center Front End,,,,N,,Following Too Closely,Following Too Closely,,,"(40.763897, -73.95323)",0.0,0.0,0,0,0,0,0,0,Taxi,Sedan,0
19709508,4329540,07/18/2020,04:33,76e7b261-5ab5-4cb5-9ceb-ae4c4b7c0fb9,Sedan,TOYT -CAR/SUV,2019.0,0.0,,,Parked,Center Back End,Center Front End,,,,N,,Unspecified,Unspecified,QUEENS,11377.0,"(40.74376, -73.90003)",0.0,0.0,0,0,0,0,0,0,Sedan,Station Wagon/Sport Utility Vehicle,0
19775474,4359259,10/18/2020,19:03,684fcb2f-677d-4600-9850-d0b56fe02a4f,Station Wagon/Sport Utility Vehicle,NISS -CAR/SUV,2011.0,2.0,F,Licensed,Parked,Center Back End,Left Rear Quarter Panel,No Damage,No Damage,No Damage,N,,Passing or Lane Usage Improper,Other Vehicular,BRONX,10460.0,"(40.842953, -73.886185)",1.0,0.0,0,0,0,0,1,0,Station Wagon/Sport Utility Vehicle,Sedan,1
19558478,4286400,02/10/2020,10:24,f988d58c-8448-406a-bcab-49f4c18912e7,Sedan,JEEP -CAR/SUV,2018.0,1.0,M,Licensed,Going Straight Ahead,Left Rear Bumper,Center Back End,,,,N,,Unspecified,Unspecified,BROOKLYN,11234.0,"(40.60776, -73.912704)",0.0,0.0,0,0,0,0,0,0,Sedan,Sedan,0
19683713,4317882,06/04/2020,11:10,adc8cb05-3581-45d0-8ab7-5ff41aa1b077,Station Wagon/Sport Utility Vehicle,NISS -CAR/SUV,2015.0,0.0,,,Parked,Left Rear Quarter Panel,Left Rear Quarter Panel,Left Rear Bumper,Left Side Doors,No Damage,N,,Unspecified,Unspecified,,,"(40.852474, -73.92961)",0.0,0.0,0,0,0,0,0,0,Station Wagon/Sport Utility Vehicle,Station Wagon/Sport Utility Vehicle,0
19548500,4278467,01/24/2020,03:50,09ed0d36-4de6-4265-bf27-f8da94adf0ee,Flat Bed,FRHT-TRUCK/BUS,2019.0,1.0,F,Licensed,Making Right Turn,Right Rear Bumper,Right Rear Bumper,No Damage,No Damage,No Damage,N,,Reaction to Uninvolved Vehicle,Turning Improperly,,,"(40.805073, -73.92331)",1.0,0.0,0,0,0,0,1,0,Station Wagon/Sport Utility Vehicle,Flat Bed,1
19566553,4292353,02/23/2020,15:25,701fec7a-2eb0-4d02-ae31-52a7061dce27,Station Wagon/Sport Utility Vehicle,TOYT -CAR/SUV,2005.0,2.0,M,Licensed,Going Straight Ahead,Center Front End,Center Front End,Left Front Bumper,,,N,,Unspecified,Unspecified,BROOKLYN,11233.0,"(40.668377, -73.92012)",0.0,0.0,0,0,0,0,0,0,Sedan,Station Wagon/Sport Utility Vehicle,0
19785065,4363648,01/01/2020,06:20,ce1ca1ee-4da5-4cd2-8405-80e8248e45e7,Sedan,NISS -CAR/SUV,2019.0,0.0,,,Parked,Left Rear Bumper,Left Rear Quarter Panel,Left Side Doors,Left Front Quarter Panel,Left Front Bumper,N,,Unspecified,Unspecified,QUEENS,11412.0,"(40.701466, -73.75333)",0.0,0.0,0,0,0,0,0,0,Sedan,Station Wagon/Sport Utility Vehicle,0
19740272,4343546,08/30/2020,02:10,3927558f-d5da-4c7f-aeb7-7b6513eca6e8,Station Wagon/Sport Utility Vehicle,CHEV -CAR/SUV,2012.0,2.0,M,Licensed,Going Straight Ahead,Right Front Bumper,Right Front Bumper,,,,N,,Unspecified,Unspecified,BROOKLYN,11206.0,"(40.70128, -73.93951)",0.0,0.0,0,0,0,0,0,0,Station Wagon/Sport Utility Vehicle,,0
19565569,4293582,02/22/2020,15:49,fd15d2f7-06c1-411f-9211-97c147b1a0d4,Taxi,TOYT -CAR/SUV,2019.0,1.0,M,Licensed,Going Straight Ahead,Left Front Quarter Panel,Left Front Quarter Panel,No Damage,No Damage,No Damage,N,,Unspecified,Unspecified,BRONX,10467.0,"(40.86536, -73.87043)",0.0,0.0,0,0,0,0,0,0,Taxi,Station Wagon/Sport Utility Vehicle,0
19677696,4315088,05/21/2020,07:00,7863c2ab-c939-40ad-926b-6972d1482bfe,Sedan,JAGU -CAR/SUV,2017.0,0.0,,,Parked,Left Front Bumper,Left Front Bumper,Right Front Bumper,Right Front Bumper,,N,,Unspecified,Unspecified,QUEENS,11434.0,"(40.66523, -73.765884)",0.0,0.0,0,0,0,0,0,0,Sedan,,0
19538856,4279923,01/27/2020,20:15,faf029b3-acb3-4b9e-bf21-a80e3cb7dd00,Sedan,CHRY -CAR/SUV,2016.0,1.0,M,Licensed,Parked,Right Side Doors,Right Side Doors,,,,N,,Unspecified,Unspecified,MANHATTAN,10017.0,"(40.756294, -73.973854)",0.0,0.0,0,0,0,0,0,0,Sedan,Box Truck,0
19549323,4282964,01/30/2020,08:35,fdeee513-fea0-4039-8983-12f3fb7cf61a,Station Wagon/Sport Utility Vehicle,SUBA -CAR/SUV,2012.0,1.0,F,Licensed,Parked,Center Front End,Center Front End,,,,N,,Pavement Slippery,Unspecified,BROOKLYN,11233.0,"(40.675274, -73.90621)",0.0,0.0,0,0,0,0,0,0,Station Wagon/Sport Utility Vehicle,Station Wagon/Sport Utility Vehicle,0
19679687,4316188,05/27/2020,13:35,718a2e53-b914-4b3d-9a43-b53cc7f18d6a,Box Truck,ISU-TRUCK/BUS,2016.0,1.0,M,Licensed,Going Straight Ahead,Right Front Quarter Panel,No Damage,No Damage,No Damage,No Damage,N,,Passing or Lane Usage Improper,Unspecified,,,"(40.823505, -73.94144)",0.0,0.0,0,0,0,0,0,0,Station Wagon/Sport Utility Vehicle,Box Truck,0
19753578,4349420,09/19/2020,12:50,de14629c-4109-4358-bd32-82ef57947179,Sedan,HYUN -CAR/SUV,2018.0,1.0,M,Licensed,Stopped in Traffic,Left Front Bumper,Left Front Bumper,Center Front End,,,N,,Unspecified,Unspecified,BROOKLYN,11221.0,"(40.687935, -73.9154)",1.0,0.0,1,0,0,0,0,0,Sedan,Sedan,1
19685753,4318812,06/07/2020,16:02,0a7c709b-2344-4b28-9169-bc4d3475b9bb,Station Wagon/Sport Utility Vehicle,JEEP -CAR/SUV,2014.0,1.0,M,Licensed,Making Left Turn on Red,Center Front End,Center Front End,Right Front Bumper,No Damage,No Damage,N,,Failure to Yield Right-of-Way,Unspecified,BROOKLYN,11236.0,"(40.640236, -73.90598)",1.0,0.0,0,0,0,0,1,0,Station Wagon/Sport Utility Vehicle,Motorcycle,1
19675977,4313030,05/11/2020,07:45,7d577d0f-7060-4333-aec7-f8ad087d7359,Taxi,TOYT -CAR/SUV,2016.0,1.0,M,Licensed,Going Straight Ahead,Left Front Bumper,Left Front Bumper,Left Front Quarter Panel,Left Side Doors,Left Rear Quarter Panel,N,,Unspecified,Unspecified,MANHATTAN,10036.0,"(40.757793, -73.99111)",0.0,0.0,0,0,0,0,0,0,Sedan,Taxi,0
19710754,4330225,07/19/2020,00:00,7db0a97f-860c-4d0a-b4f8-c1a599ce2e2d,Station Wagon/Sport Utility Vehicle,FORD -CAR/SUV,2018.0,1.0,M,Licensed,Going Straight Ahead,Right Side Doors,Right Side Doors,No Damage,No Damage,No Damage,N,,Unspecified,Unspecified,MANHATTAN,10002.0,"(40.720074, -73.988365)",0.0,0.0,0,0,0,0,0,0,Station Wagon/Sport Utility Vehicle,,0
19548237,4273652,01/14/2020,14:20,ac856a31-6bb0-4a39-9525-5f7a1c639a5c,Sedan,MITS -CAR/SUV,2019.0,0.0,M,Licensed,Going Straight Ahead,Left Rear Quarter Panel,Left Rear Quarter Panel,Left Side Doors,Left Rear Bumper,No Damage,N,,Unspecified,Unspecified,,,"(40.677208, -73.89723)",0.0,0.0,0,0,0,0,0,0,Pick-up Truck,Sedan,0
19603917,4294222,02/24/2020,09:00,a48a2843-274c-4dd4-a954-9349ad5e0018,Sedan,HOND -CAR/SUV,2009.0,1.0,F,Licensed,Going Straight Ahead,Center Front End,Center Front End,,,,Unspecified,,Following Too Closely,Unspecified,BROOKLYN,11208.0,"(40.679543, -73.87105)",2.0,0.0,0,0,0,0,2,0,Sedan,Sedan,1