UNIQUE_ID,COLLISION_ID,CRASH_DATE,CRASH_TIME,VEHICLE_ID,VEHICLE_TYPE,VEHICLE_MAKE,VEHICLE_YEAR,VEHICLE_OCCUPANTS,DRIVER_SEX,DRIVER_LICENSE_STATUS,PRE_CRASH,POINT_OF_IMPACT,VEHICLE_DAMAGE,VEHICLE_DAMAGE_1,VEHICLE_DAMAGE_2,VEHICLE_DAMAGE_3,PUBLIC_PROPERTY_DAMAGE,PUBLIC_PROPERTY_DAMAGE_TYPE,CONTRIBUTING_FACTOR_1,CONTRIBUTING_FACTOR_2,BOROUGH,ZIP CODE,LOCATION,NUMBER OF PERSONS INJURED,NUMBER OF PERSONS KILLED,NUMBER OF PEDESTRIANS INJURED,NUMBER OF PEDESTRIANS KILLED,NUMBER OF CYCLIST INJURED,NUMBER OF CYCLIST KILLED,NUMBER OF MOTORIST INJURED,NUMBER OF MOTORIST KILLED,VEHICLE TYPE CODE 1,VEHICLE TYPE CODE 2,Severity
19786550,4364322,11/04/2020,11:45,5517298d-3857-460a-8bf9-f9daae2f3fc9,Station Wagon/Sport Utility Vehicle,TOYT -CAR/SUV,2011.0,1.0,M,Licensed,Going Straight Ahead,Left Rear Quarter Panel,Left Rear Quarter Panel,Left Side Doors,Left Rear Bumper,,N,,Failure to Yield Right-of-Way,Unspecified,QUEENS,11354.0,"(40.770245, -73.815735)",1.0,0.0,0,0,0,0,1,0,Station Wagon/Sport Utility Vehicle,Sedan,1
19679721,4316181,05/26/2020,17:47,c67b1ab1-e981-4f63-b839-7e22d8157af3,Sedan,MERZ -CAR/SUV,2014.0,2.0,M,Licensed,Going Straight Ahead,Left Front Quarter Panel,Left Front Quarter Panel,Left Front Bumper,No Damage,No Damage,N,,Driver Inattention/Distraction,Passing Too Closely,,,"(40.865547, -73.92728)",0.0,0.0,0,0,0,0,0,0,Station Wagon/Sport Utility Vehicle,Sedan,0
19615389,4297597,03/05/2020,04:20,f7ffe325-6ecb-4230-b45f-ac6aaf299940,Pick-up Truck,FORD -CAR/SUV,2015.0,1.0,M,Licensed,Going Straight Ahead,Right Rear Quarter Panel,Right Side Doors,Right Side Doors,Right Front Quarter Panel,No Damage,N,,Unspecified,Unspecified,QUEENS,11422.0,"(40.665558, -73.72985)",0.0,0.0,0,0,0,0,0,0,Pick-up Truck,,0
19769398,4356665,10/07/2020,14:20,e55ffda9-6d41-4013-b8e5-49d53af1ba29,Sedan,MERZ -CAR/SUV,2015.0,1.0,M,Licensed,Slowing or Stopping,Center Front End,Center Front End,Left Front Bumper,Right Front Bumper,Right Front Quarter Panel,N,,Following Too Closely,Unspecified,,,"(40.60567, -74.030945)",0.0,0.0,0,0,0,0,0,0,Sedan,Sedan,0
19691478,4321422,05/21/2020,16:00,4f5b2163-0296-450d-b24d-8a8822f393aa,Sedan,MAZD -CAR/SUV,2010.0,0.0,,,Parked,Center Back End,Center Back End,Left Rear Bumper,No Damage,No Damage,N,,Unspecified,Unspecified,QUEENS,11433.0,"(40.697784, -73.77534)",0.0,0.0,0,0,0,0,0,0,Sedan,,0
19805213,4372830,11/30/2020,09:45,fa2fbb2d-0a06-4d74-9f82-3ba643c55640,Sedan,TOYT -CAR/SUV,2016.0,1.0,M,Licensed,Starting from Parking,Right Side Doors,Right Side Doors,,,,N,,Outside Car Distraction,View Obstructed/Limited,,,"(40.790253, -73.94564)",0.0,0.0,0,0,0,0,0,0,Sedan,Box Truck,0
19678307,4315489,05/22/2020,16:50,282c9c8b-0b01-487b-9d70-706fba0a18f6,Sedan,MITS -CAR/SUV,2016.0,2.0,F,Licensed,Parked,Left Rear Bumper,Left Rear Bumper,No Damage,No Damage,No Damage,N,,Unspecified,Unspecified,,,,0.0,0.0,0,0,0,0,0,0,Sedan,Sedan,0
19827689,4380480,12/30/2020,16:15,cbcb9920-8683-4f8f-85d9-27fba0beebe8,Sedan,TOYT -CAR/SUV,2008.0,2.0,M,Licensed,Passing,Left Front Bumper,Right Front Quarter Panel,Right Front Quarter Panel,Left Front Bumper,,N,,Driver Inattention/Distraction,Driver Inattention/Distraction,BROOKLYN,11235.0,"(40.577057, -73.964066)",0.0,0.0,0,0,0,0,0,0,Sedan,Sedan,0
19765056,4354288,10/01/2020,22:14,674bbdef-8081-4f19-8a91-338bafd5692b,Station Wagon/Sport Utility Vehicle,LINC -CAR/SUV,2020.0,1.0,M,Licensed,Going Straight Ahead,Right Side Doors,Right Side Doors,Right Rear Quarter Panel,,,N,,Unspecified,Unspecified,,,"(40.845352, -73.92821)",0.0,0.0,0,0,0,0,0,0,Station Wagon/Sport Utility Vehicle,Sedan,0
19673120,4313160,05/11/2020,00:00,4a8a6fef-83ce-4e9e-b4db-338bdf33e888,Sedan,NISS -CAR/SUV,2016.0,0.0,,,Parked,Center Front End,Left Front Quarter Panel,Left Side Doors,Left Rear Quarter Panel,,N,,Unspecified,Unspecified,QUEENS,11370.0,"(40.758636, -73.88595)",0.0,0.0,0,0,0,0,0,0,Sedan,,0
19549382,4310509,04/21/2020,21:37,95311785-827d-48d5-98b2-7d34db3fd620,Station Wagon/Sport Utility Vehicle,CHEV -CAR/SUV,2001.0,0.0,,,Parked,Left Rear Bumper,Left Rear Bumper,Center Back End,Right Rear Bumper,Left Rear Quarter Panel,N,,Unspecified,Unspecified,STATEN ISLAND,10307.0,"(40.513092, -74.24857)",1.0,0.0,0,0,0,0,1,0,Sedan,Station Wagon/Sport Utility Vehicle,1
19607729,4308421,04/11/2020,15:01,a863f6cf-7c83-455d-8f02-14c620c501c1,Sedan,HYUN -CAR/SUV,2020.0,1.0,F,Licensed,Backing,Center Back End,No Damage,,,,N,,Backing Unsafely,Driver Inattention/Distraction,QUEENS,11414.0,"(40.666214, -73.85116)",1.0,0.0,1,0,0,0,0,0,Sedan,,1
19790071,4366042,11/09/2020,06:03,afad5d51-9bc5-4b97-91b4-4726091987f6,Bus,STARCRAFT,2014.0,1.0,F,Licensed,Starting from Parking,Left Front Bumper,Left Front Bumper,,,,N,,Unsafe Lane Changing,Passing or Lane Usage Improper,BRONX,10454.0,"(40.81165, -73.91448)",2.0,0.0,0,0,0,0,2,0,Station Wagon/Sport Utility Vehicle,Bus,1
19822590,4380716,12/30/2020,09:05,63562593-f07e-4d48-b9f2-cca821351c48,Tractor Truck Diesel,STE,2005.0,1.0,M,Licensed,Slowing or Stopping,Center Front End,Center Front End,,,,N,,Driver Inattention/Distraction,Unspecified,,,"(40.671585, -73.99843)",0.0,0.0,0,0,0,0,0,0,Station Wagon/Sport Utility Vehicle,Tractor Truck Diesel,0
19737262,4341977,08/25/2020,21:30,4efea2de-dae6-4ecf-afdd-77f4a2bda399,Sedan,INFI -CAR/SUV,2007.0,1.0,M,Licensed,Going Straight Ahead,Center Front End,Center Front End,Left Front Bumper,Right Front Bumper,Center Back End,N,,Unspecified,Unspecified,,,"(40.68717, -73.89231)",1.0,0.0,0,0,0,0,1,0,Station Wagon/Sport Utility Vehicle,Station Wagon/Sport Utility Vehicle,1
19530172,4274970,01/18/2020,01:29,2d693dc6-2e35-4549-9676-a1eb0a0db858,Station Wagon/Sport Utility Vehicle,CHEV -CAR/SUV,2014.0,1.0,M,Licensed,Going Straight Ahead,Left Front Bumper,Left Front Bumper,,,,N,,Unspecified,Unspecified,MANHATTAN,10022.0,"(40.7628, -73.971466)",0.0,0.0,0,0,0,0,0,0,Station Wagon/Sport Utility Vehicle,Sedan,0
19806683,4373542,11/28/2020,06:38,14ece816-d06e-4b83-977f-cbcc6bc7f0df,Sedan,MERZ -CAR/SUV,2017.0,0.0,,,Going Straight Ahead,Center Front End,Center Front End,Right Front Quarter Panel,Right Front Bumper,Left Front Bumper,N,,Unspecified,Unspecified,,,"(40.677773, -73.93587)",0.0,0.0,0,0,0,0,0,0,Sedan,Station Wagon/Sport Utility Vehicle,0
19585073,4294083,02/26/2020,08:09,c25174ec-4ffa-4a28-9708-5f0ee6abbaf6,Sedan,HOND -CAR/SUV,2008.0,0.0,F,Licensed,Going Straight Ahead,Right Front Quarter Panel,Right Front Quarter Panel,No Damage,No Damage,No Damage,Unspecified,,Driver Inattention/Distraction,Passing Too Closely,BRONX,10456.0,"(40.818607, -73.904785)",0.0,0.0,0,0,0,0,0,0,Bus,Sedan,0
19565439,4285571,02/08/2020,21:15,d20f6983-c75e-4663-a0db-3284b96a1fb6,Sedan,NISS -CAR/SUV,2011.0,1.0,F,Licensed,Other*,Left Side Doors,Left Front Quarter Panel,,,,N,,Other Vehicular,Unspecified,BRONX,10468.0,"(40.862404, -73.89799)",0.0,0.0,0,0,0,0,0,0,Sedan,,0
19726740,4337340,08/11/2020,13:39,8be800c0-e3b7-4b5a-a1b2-e60c1ce86ff0,Pick-up Truck,FORD -CAR/SUV,2015.0,1.0,M,Licensed,Going Straight Ahead,Right Rear Quarter Panel,Right Rear Quarter Panel,,,,N,,Passing Too Closely,Unspecified,BRONX,10467.0,"(40.879578, -73.879)",0.0,0.0,0,0,0,0,0,0,Ambulance,Pick-up Truck,0
19791258,4366638,11/04/2020,14:30,b5114a35-47fe-4ba9-96fd-dc881947cd64,Sedan,MAZD -CAR/SUV,2020.0,0.0,M,Licensed,Parked,Center Back End,Center Back End,Center Front End,Right Rear Bumper,Right Rear Quarter Panel,N,,Unspecified,Unspecified,,,"(40.662533, -73.94792)",1.0,0.0,0,0,0,0,1,0,Sedan,Sedan,1
19612698,4299855,03/12/2020,14:10,0e1f0ec5-b850-4350-a34a-a261f2bf3365,Station Wagon/Sport Utility Vehicle,MAZD -CAR/SUV,2018.0,1.0,F,Licensed,Making Right Turn,Right Side Doors,Right Side Doors,Right Rear Quarter Panel,No Damage,No Damage,N,,Turning Improperly,Unspecified,BROOKLYN,11207.0,"(40.658577, -73.89063)",0.0,0.0,0,0,0,0,0,0,Station Wagon/Sport Utility Vehicle,Station Wagon/Sport Utility Vehicle,0
19582807,4296348,03/02/2020,15:24,691dabf7-1595-4086-873f-57b3fd16e141,Station Wagon/Sport Utility Vehicle,TOYT -CAR/SUV,2002.0,1.0,M,Licensed,Going Straight Ahead,Right Side Doors,Right Side Doors,Right Rear Quarter Panel,Right Rear Bumper,,N,,Unspecified,Unspecified,,,"(40.830555, -73.832664)",0.0,0.0,0,0,0,0,0,0,Bus,Station Wagon/Sport Utility Vehicle,0
19605939,4288402,02/14/2020,12:35,2906df1b-cdf1-4400-a570-6b07376b013b,Sedan,NISS -CAR/SUV,2015.0,1.0,M,Licensed,Slowing or Stopping,Left Rear Bumper,Center Back End,,,,N,,Other Vehicular,Unspecified,QUEENS,11434.0,"(40.658657, -73.771996)",0.0,0.0,0,0,0,0,0,0,Station Wagon/Sport Utility Vehicle,Sedan,0
19590199,4291095,02/20/2020,12:40,3cb03106-d369-438d-b457-3b4143d2edcb,Sedan,LEXS -CAR/SUV,2002.0,1.0,M,Licensed,Stopped in Traffic,Left Rear Bumper,Left Rear Bumper,Center Back End,,,N,,Unspecified,Unspecified,,,"(40.666386, -73.80178)",0.0,0.0,0,0,0,0,0,0,Sedan,Sedan,0
19711309,4330262,07/20/2020,21:12,206e23dc-c5ae-476a-9710-e2d641f17fa3,Sedan,INFI -CAR/SUV,2018.0,1.0,M,Licensed,Going Straight Ahead,Right Rear Quarter Panel,Right Rear Quarter Panel,,,,N,,Unspecified,Unspecified,QUEENS,11413.0,"(40.680473, -73.741135)",0.0,0.0,0,0,0,0,0,0,Sedan,Station Wagon/Sport Utility Vehicle,0
19745810,4345800,09/05/2020,16:30,a65a7c83-7a32-435b-89d0-39eb398edb59,Motorcycle,HD -MCL,2007.0,1.0,M,Licensed,Going Straight Ahead,Center Front End,Center Front End,,,,N,,Unspecified,Unspecified,,,"(40.673626, -73.76384)",1.0,0.0,0,0,0,0,1,0,Motorcycle,Sedan,1
19535294,4276156,01/17/2020,16:00,2e68b98f-82e0-4504-95e4-1982441ac8f1,FDNY TRUCK,CITROEN,2013.0,6.0,M,Licensed,Making Left Turn,Left Front Bumper,Left Front Bumper,Left Front Bumper,No Damage,No Damage,N,,Unspecified,Unspecified,BRONX,10457.0,"(40.853138, -73.9017)",0.0,0.0,0,0,0,0,0,0,Station Wagon/Sport Utility Vehicle,FDNY TRUCK,0
19681650,4316886,05/25/2020,19:50,c9de2fe0-9548-4e39-866b-9e322f9e4d11,,PENSKE,,,,,,Other,Other,,,,N,,Driver Inattention/Distraction,Turning Improperly,BROOKLYN,11226.0,"(40.64967, -73.95237)",0.0,0.0,0,0,0,0,0,0,Sedan,,0
19797474,4369196,11/19/2020,08:50,28c2b27a-5bf1-4d9e-894f-f5be182c4390,Station Wagon/Sport Utility Vehicle,NISS -CAR/SUV,2016.0,1.0,M,Licensed,Slowing or Stopping,Left Rear Quarter Panel,Left Rear Quarter Panel,Left Side Doors,Right Rear Quarter Panel,Right Rear Bumper,N,,Unspecified,Unspecified,BROOKLYN,11208.0,"(40.67862, -73.87906)",0.0,0.0,0,0,0,0,0,0,Station Wagon/Sport Utility Vehicle,Pick-up Truck,0
19718202,4333378,07/29/2020,12:33,de8870ed-825f-4bce-90b9-6a3ffcea5441,Sedan,MERZ -CAR/SUV,2019.0,0.0,,,Parked,Left Front Quarter Panel,Left Side Doors,Left Front Bumper,,,N,,Unspecified,Unspecified,QUEENS,11435.0,"(40.716114, -73.811874)",1.0,0.0,0,0,0,0,1,0,Station Wagon/Sport Utility Vehicle,Sedan,1
19744311,4345354,09/06/2020,22:50,681ee40c-815e-4290-80a1-04c6787df775,Sedan,ACUR -CAR/SUV,2003.0,1.0,,,Going Straight Ahead,Right Rear Quarter Panel,Center Back End,Left Rear Quarter Panel,Right Rear Quarter Panel,Left Side Doors,N,,Traffic Control Disregarded,Unsafe Speed,BRONX,10452.0,"(40.841835, -73.92243)",0.0,0.0,0,0,0,0,0,0,Sedan,Sedan,0
19818948,4379024,12/26/2020,13:29,e75bb589-13e2-4455-b84f-341aa8d78c35,Station Wagon/Sport Utility Vehicle,JEEP -CAR/SUV,2019.0,0.0,,,Parked,Center Back End,Center Back End,Left Rear Bumper,,,N,,Unspecified,Unspecified,,,"(40.553356, -74.13584)",0.0,0.0,0,0,0,0,0,0,Sedan,Station Wagon/Sport Utility Vehicle,0
19578159,4289491,02/15/2020,10:59,e82266e7-46b5-44c6-8779-7fb75ffba1c1,Station Wagon/Sport Utility Vehicle,MAZD -CAR/SUV,2007.0,1.0,M,Licensed,Starting from Parking,Left Rear Bumper,Left Rear Bumper,Center Back End,Center Back End,,N,,Backing Unsafely,Driver Inattention/Distraction,QUEENS,11416.0,"(40.68816, -73.848854)",0.0,0.0,0,0,0,0,0,0,Station Wagon/Sport Utility Vehicle,Station Wagon/Sport Utility Vehicle,0
19711354,4330441,07/21/2020,09:00,6f5cf9ee-f41b-486b-a211-1a881ac6afbc,Station Wagon/Sport Utility Vehicle,HOND -CAR/SUV,2013.0,1.0,F,Licensed,Stopped in Traffic,Right Rear Bumper,Right Rear Bumper,,,,N,,Unspecified,Unspecified,,,"(40.59514, -73.74996)",1.0,0.0,0,0,0,0,1,0,Station Wagon/Sport Utility Vehicle,Station Wagon/Sport Utility Vehicle,1
19598927,4284442,02/06/2020,13:00,62fc3354-da9c-4d60-a629-c5f81eb68682,Station Wagon/Sport Utility Vehicle,TOYT -CAR/SUV,2010.0,1.0,M,Licensed,Merging,Left Front Bumper,Center Front End,Right Front Quarter Panel,Right Front Bumper,,N,,Driver Inattention/Distraction,Unsafe Speed,,,"(40.677746, -73.73096)",0.0,0.0,0,0,0,0,0,0,Sedan,Station Wagon/Sport Utility Vehicle,0
19811193,4375785,12/09/2020,19:30,b60401a6-ff4e-4110-862d-52d9f52a0826,Station Wagon/Sport Utility Vehicle,CHEV -CAR/SUV,2017.0,0.0,F,Licensed,Parked,Left Rear Bumper,Left Rear Bumper,,,,N,,Other Vehicular,Other Vehicular,MANHATTAN,10037.0,"(40.81344, -73.94135)",0.0,0.0,0,0,0,0,0,0,Station Wagon/Sport Utility Vehicle,,0
19552857,4280630,01/22/2020,23:13,ecdf603e-f765-41a5-a028-df859ae07065,Station Wagon/Sport Utility Vehicle,NISS -CAR/SUV,2010.0,1.0,M,Licensed,Making Left Turn,Right Front Bumper,Right Front Bumper,No Damage,No Damage,No Damage,N,,Unspecified,Unspecified,BROOKLYN,11226.0,"(40.650806, -73.94958)",0.0,0.0,0,0,0,0,0,0,Station Wagon/Sport Utility Vehicle,Sedan,0
19537533,4280578,01/27/2020,02:30,8b4c61cb-8d73-4bdf-9b0b-304505962c51,Sedan,TOYT -CAR/SUV,2014.0,1.0,M,Licensed,Going Straight Ahead,Right Front Bumper,Center Front End,,,,N,,Driver Inattention/Distraction,Unsafe Speed,BROOKLYN,11236.0,,3.0,0.0,0,0,0,0,3,0,Sedan,Taxi,1
19780077,4361301,10/17/2020,23:22,01691d4f-425a-4b2b-ac05-0d9b45f35c45,Sedan,MERZ -CAR/SUV,2004.0,0.0,,,Parked,Left Rear Quarter Panel,Left Rear Quarter Panel,Left Rear Bumper,No Damage,No Damage,N,,Unspecified,Unspecified,QUEENS,11435.0,"(40.70649, -73.80654)",1.0,0.0,1,0,0,0,0,0,Station Wagon/Sport Utility Vehicle,Sedan,1
19779972,4361326,10/26/2020,12:00,73a3a44b-374b-4975-aab9-0af347a9bf02,Station Wagon/Sport Utility Vehicle,HOND -CAR/SUV,2010.0,1.0,F,Licensed,Going Straight Ahead,Center Front End,Center Front End,Right Front Quarter Panel,Right Front Quarter Panel,Center Front End,N,,Driver Inexperience,Unspecified,STATEN ISLAND,10306.0,,1.0,0.0,0,0,0,0,1,0,Station Wagon/Sport Utility Vehicle,Station Wagon/Sport Utility Vehicle,1
19822569,4380625,12/31/2020,15:50,14d39dbe-5285-4bff-a461-b77e3651a67e,Sedan,HOND -CAR/SUV,2019.0,1.0,,,Parked,Left Side Doors,Left Side Doors,,,,N,,Unspecified,Unspecified,BROOKLYN,11210.0,"(40.621857, -73.93823)",0.0,0.0,0,0,0,0,0,0,Sedan,,0
19543564,4272275,01/12/2020,13:00,b707a3e5-dc9a-4d5b-b3a5-602e890067a7,Sedan,HOND -CAR/SUV,2002.0,2.0,F,Licensed,Going Straight Ahead,Right Front Bumper,Right Front Quarter Panel,Right Front Bumper,Right Front Quarter Panel,Right Front Bumper,N,,Unspecified,Unspecified,,,,0.0,0.0,0,0,0,0,0,0,Sedan,Sedan,0
19742961,4344680,09/03/2020,09:15,ebc22ca6-6619-4e88-933a-bf855102a7af,Bus,MCIN-TRUCK/BUS,2006.0,1.0,M,Licensed,Going Straight Ahead,Left Rear Quarter Panel,Left Rear Quarter Panel,,,,N,,Unspecified,Unspecified,MANHATTAN,10035.0,"(40.802338, -73.93389)",0.0,0.0,0,0,0,0,0,0,Bus,Sedan,0
19558654,4279988,01/28/2020,09:00,a290aa1c-e067-4dfc-b117-6b31426eaaff,Sedan,CHEV -CAR/SUV,2019.0,1.0,M,Licensed,Making Left Turn,Right Front Quarter Panel,Right Front Quarter Panel,,,,N,,Following Too Closely,Unspecified,,,,1.0,0.0,0,0,0,0,1,0,Sedan,Sedan,1
19818860,4378896,12/25/2020,04:41,7358d3f0-f26a-4e0f-8895-ca62844046aa,Pick-up Truck,GMC -CAR/SUV,1993.0,1.0,,,Going Straight Ahead,Center Front End,Left Front Bumper,Right Front Bumper,Right Front Quarter Panel,,Y,,Unspecified,Unspecified,QUEENS,11411.0,"(40.701622, -73.72994)",0.0,0.0,0,0,0,0,0,0,Pick-up Truck,,0
19596251,4308066,04/07/2020,20:22,c3cb1fa8-91d3-4614-b9db-2de5a8bb4af0,Sedan,MERZ -CAR/SUV,2004.0,2.0,F,Licensed,Going Straight Ahead,Center Back End,Right Rear Bumper,,,,N,,Unspecified,Unspecified,,,"(40.63851, -74.021225)",1.0,0.0,0,0,0,0,1,0,Refrigerated Van,Sedan,1
19758961,4351804,09/26/2020,11:40,741d6402-3c35-4039-9ace-c825132a0bc5,Station Wagon/Sport Utility Vehicle,JEEP -CAR/SUV,2019.0,1.0,,,Going Straight Ahead,Center Front End,Center Front End,,,,N,,Traffic Control Disregarded,Failure to Yield Right-of-Way,,,"(40.77861, -73.84159)",0.0,0.0,0,0,0,0,0,0,Sedan,Station Wagon/Sport Utility Vehicle,0
19781152,4361680,10/26/2020,20:39,cc5fa8cd-6a43-4789-8726-07edeacb47c8,Sedan,HOND -CAR/SUV,,1.0,,,,Center Front End,,,,,N,,Passing or Lane Usage Improper,,BRONX,10475.0,"(40.88181, -73.8323)",0.0,0.0,0,0,0,0,0,0,Sedan,Sedan,0
19800064,4370386,11/13/2020,20:00,be6d4d50-3f9d-409d-af83-659644049f20,Pick-up Truck,FORD -CAR/SUV,1993.0,0.0,,,Parked,Left Front Quarter Panel,Left Front Quarter Panel,Left Front Quarter Panel,Left Front Bumper,Undercarriage,N,,Unspecified,Unspecified,BRONX,10455.0,"(40.81546, -73.90633)",0.0,0.0,0,0,0,0,0,0,Sedan,Pick-up Truck,0
19712699,4331049,07/21/2020,15:29,fd24867e-46cd-47b7-af4d-d595ec91e21a,Station Wagon/Sport Utility Vehicle,INFI -CAR/SUV,2020.0,1.0,F,Licensed,Other*,Right Front Bumper,Right Front Bumper,Center Front End,Left Front Bumper,No Damage,Unspecified,,Failure to Yield Right-of-Way,Driver Inattention/Distraction,,,"(40.560535, -74.18042)",1.0,0.0,0,0,0,0,1,0,Sedan,Station Wagon/Sport Utility Vehicle,1
19783976,4362958,10/31/2020,15:25,59fe2444-a779-4571-8e5a-995580088346,Sedan,LEXS -CAR/SUV,2018.0,2.0,F,Licensed,Going Straight Ahead,Left Front Bumper,Left Front Quarter Panel,Left Side Doors,Left Front Quarter Panel,No Damage,N,,Driver Inattention/Distraction,Unspecified,,,,2.0,0.0,0,0,0,0,2,0,Sedan,Sedan,1
19680741,4316523,05/27/2020,00:00,06bb0c64-4ee6-40ba-a6ac-9d88df4b5718,Station Wagon/Sport Utility Vehicle,VOLK -CAR/SUV,2017.0,0.0,,,Parked,Left Rear Bumper,Left Rear Bumper,Center Back End,Left Rear Quarter Panel,Left Front Quarter Panel,N,,Unspecified,Unspecified,BROOKLYN,11232.0,"(40.64902, -74.00625)",0.0,0.0,0,0,0,0,0,0,Station Wagon/Sport Utility Vehicle,Station Wagon/Sport Utility Vehicle,0
19581185,4297929,03/04/2020,19:10,901b2870-d4dc-46b0-92fb-3f2a53d750fa,Van,FORD-TRUCK/BUS,2014.0,0.0,,,Parked,Right Rear Bumper,Right Rear Bumper,,,,N,,Unspecified,Unspecified,BROOKLYN,11218.0,"(40.640114, -73.98547)",1.0,0.0,0,0,0,0,1,0,Station Wagon/Sport Utility Vehicle,Van,1
19712761,4331245,07/24/2020,00:30,f8640bcc-f40b-49a4-8857-0be047e7bcfc,Sedan,TOYT -CAR/SUV,2015.0,1.0,M,Licensed,Making Right Turn,Left Front Bumper,Left Front Bumper,Center Front End,Left Front Quarter Panel,,Unspecified,,Driver Inattention/Distraction,Driver Inattention/Distraction,BROOKLYN,11217.0,"(40.68251, -73.976326)",1.0,0.0,0,0,0,0,1,0,Station Wagon/Sport Utility Vehicle,Sedan,1
19612682,4305613,03/07/2020,13:30,45774b8f-cb63-414d-8566-b0facbb46580,Convertible,NISS -CAR/SUV,2010.0,0.0,,,Parked,Right Rear Quarter Panel,Right Rear Quarter Panel,,,,N,,Unspecified,Unspecified,QUEENS,11355.0,"(40.755978, -73.81815)",0.0,0.0,0,0,0,0,0,0,Convertible,,0
19671755,4312591,05/08/2020,15:20,1e80b1f3-3056-466e-942e-32878a1d6326,Sedan,VOLK -CAR/SUV,2019.0,1.0,M,Licensed,Parked,Left Side Doors,No Damage,No Damage,No Damage,No Damage,N,,Unspecified,Unspecified,MANHATTAN,10003.0,"(40.73453, -73.99227)",0.0,0.0,0,0,0,0,0,0,Sedan,Box Truck,0
19720019,4334302,08/01/2020,08:46,9f800cb3-210f-4674-bee0-ddfed2059fa3,Sedan,SUBA -CAR/SUV,2019.0,0.0,,,Parked,Left Front Bumper,Right Front Bumper,,,,N,,Unspecified,Unspecified,BRONX,10473.0,"(40.815144, -73.848236)",0.0,0.0,0,0,0,0,0,0,Sedan,Sedan,0
19718047,4333333,07/25/2020,13:30,5a271739-3232-4d53-82c0-f51d52ab288b,Sedan,HOND -CAR/SUV,2010.0,0.0,M,Licensed,Starting from Parking,Right Front Quarter Panel,Right Front Bumper,,,,N,,Unspecified,Unspecified,QUEENS,11372.0,"(40.75546, -73.88631)",0.0,0.0,0,0,0,0,0,0,Sedan,,0
19600293,4304269,03/27/2020,19:07,a5efb0a7-883f-4211-8b61-deddfc168a5c,Sedan,HOND -CAR/SUV,2019.0,0.0,,,Making Left Turn,Left Side Doors,Left Side Doors,,,,N,,Passing Too Closely,Passing Too Closely,,,"(40.876434, -73.87364)",0.0,0.0,0,0,0,0,0,0,Sedan,Sedan,0
19775936,4359558,10/19/2020,14:25,d0bb2286-c28b-425c-af2a-125e3e1e0953,Sedan,NISS -CAR/SUV,2016.0,1.0,M,Licensed,Going Straight Ahead,Right Front Bumper,Center Front End,Left Front Bumper,Right Front Bumper,,N,,Unsafe Speed,Traffic Control Disregarded,,,"(40.86811, -73.91976)",0.0,0.0,0,0,0,0,0,0,Sedan,Taxi,0
19807770,4373908,12/04/2020,16:00,b0566212-0fb1-4193-8a07-7c008026bf90,Station Wagon/Sport Utility Vehicle,HOND -CAR/SUV,2020.0,0.0,,,Parked,Left Rear Bumper,Left Rear Bumper,Left Rear Quarter Panel,,,Unspecified,,Unspecified,Unspecified,QUEENS,11435.0,"(40.69108, -73.806206)",0.0,0.0,0,0,0,0,0,0,Station Wagon/Sport Utility Vehicle,,0
19800022,4370448,11/24/2020,13:51,d3b3620d-b176-4d65-a7f5-9a09990375fc,,MAZD -CAR/SUV,,0.0,,,Going Straight Ahead,Center Front End,Center Front End,No Damage,No Damage,No Damage,N,,Unspecified,Unspecified,BRONX,10468.0,"(40.868694, -73.90237)",0.0,0.0,0,0,0,0,0,0,Station Wagon/Sport Utility Vehicle,,0
19783154,4362753,10/30/2020,11:32,4d204071-1260-4880-99ca-bd8ef6792412,Station Wagon/Sport Utility Vehicle,JEEP -CAR/SUV,2018.0,0.0,,,Parked,Left Front Bumper,Left Front Bumper,No Damage,No Damage,No Damage,N,,Other Vehicular,Unspecified,BRONX,10457.0,"(40.846657, -73.89619)",0.0,0.0,0,0,0,0,0,0,Station Wagon/Sport Utility Vehicle,,0
19571772,4291465,02/14/2020,11:20,b2017bca-a7bd-4509-ba70-ce9e5acd23f2,Sedan,HYUN -CAR/SUV,2015.0,1.0,M,Licensed,Parked,Left Rear Quarter Panel,Left Rear Quarter Panel,,,,N,,Unspecified,Unspecified,,,"(40.825573, -73.918465)",0.0,0.0,0,0,0,0,0,0,Station Wagon/Sport Utility Vehicle,Sedan,0
19533903,4276302,01/16/2020,10:30,96413658-b7dd-468a-9c08-c7b1d389dc62,Station Wagon/Sport Utility Vehicle,JEEP -CAR/SUV,2015.0,0.0,,,Parked,Right Rear Bumper,Right Rear Bumper,No Damage,No Damage,No Damage,N,,Unspecified,Unspecified,BROOKLYN,11212.0,"(40.670025, -73.9084)",0.0,0.0,0,0,0,0,0,0,Station Wagon/Sport Utility Vehicle,Station Wagon/Sport Utility Vehicle,0
19690144,4320720,06/16/2020,18:00,057a834d-1155-488a-a260-ca5345fd8583,Sedan,HOND -CAR/SUV,2015.0,0.0,,,Parked,Left Front Bumper,Left Front Bumper,Center Front End,Right Front Bumper,Left Front Quarter Panel,N,,Unspecified,Unspecified,QUEENS,11413.0,"(40.677147, -73.74683)",0.0,0.0,0,0,0,0,0,0,Sedan,,0