UNIQUE_ID,COLLISION_ID,CRASH_DATE,CRASH_TIME,VEHICLE_ID,VEHICLE_TYPE,VEHICLE_MAKE,VEHICLE_YEAR,VEHICLE_OCCUPANTS,DRIVER_SEX,DRIVER_LICENSE_STATUS,PRE_CRASH,POINT_OF_IMPACT,VEHICLE_DAMAGE,VEHICLE_DAMAGE_1,VEHICLE_DAMAGE_2,VEHICLE_DAMAGE_3,PUBLIC_PROPERTY_DAMAGE,PUBLIC_PROPERTY_DAMAGE_TYPE,CONTRIBUTING_FACTOR_1,CONTRIBUTING_FACTOR_2,BOROUGH,ZIP CODE,LOCATION,NUMBER OF PERSONS INJURED,NUMBER OF PERSONS KILLED,NUMBER OF PEDESTRIANS INJURED,NUMBER OF PEDESTRIANS KILLED,NUMBER OF CYCLIST INJURED,NUMBER OF CYCLIST KILLED,NUMBER OF MOTORIST INJURED,NUMBER OF MOTORIST KILLED,VEHICLE TYPE CODE 1,VEHICLE TYPE CODE 2,Severity
19525239,4278256,01/23/2020,07:00,1768001c-efb8-4065-b248-88318ba7c75c,Sedan,CADI -CAR/SUV,2012.0,0.0,,,Parked,Right Front Bumper,Right Front Bumper,Center Front End,No Damage,No Damage,N,,Unspecified,Unspecified,MANHATTAN,10026.0,"(40.798523, -73.94926)",0.0,0.0,0,0,0,0,0,0,Sedan,,0
19559970,4288131,02/14/2020,00:24,cd2c9c19-8b43-40aa-84b1-6b6941681b9a,Taxi,VOLK -CAR/SUV,2019.0,1.0,M,Licensed,Making Left Turn,Right Front Quarter Panel,Right Front Quarter Panel,Right Front Quarter Panel,Right Front Quarter Panel,No Damage,N,,Driver Inattention/Distraction,Driver Inattention/Distraction,MANHATTAN,10017.0,"(40.75425, -73.96899)",0.0,0.0,0,0,0,0,0,0,Sedan,Taxi,0
19577026,4295848,03/01/2020,05:25,a8fd881e-2894-46eb-8914-b189ae36aab0,Sedan,HYUN -CAR/SUV,2013.0,0.0,,,Parked,Center Back End,Center Back End,,,,N,,Unspecified,Unspecified,,,"(40.620914, -73.9753)",0.0,0.0,0,0,0,0,0,0,Taxi,Pick-up Truck,0
19811221,4375844,12/13/2020,15:38,a35b37e8-9512-47a0-9b81-b2a4bf66366b,Station Wagon/Sport Utility Vehicle,FORD -CAR/SUV,2014.0,1.0,M,Licensed,Going Straight Ahead,Left Side Doors,Left Side Doors,No Damage,No Damage,No Damage,N,,Unspecified,Unspecified,,,,0.0,0.0,0,0,0,0,0,0,Station Wagon/Sport Utility Vehicle,Station Wagon/Sport Utility Vehicle,0
19558619,4280232,01/27/2020,13:45,033f2bd3-a936-4a68-a890-e61d29241337,Sedan,HOND -CAR/SUV,2015.0,1.0,F,Licensed,Going Straight Ahead,Center Front End,Center Front End,Right Front Bumper,No Damage,No Damage,N,,Unspecified,Unspecified,BROOKLYN,11236.0,"(40.654068, -73.91366)",0.0,0.0,0,0,0,0,0,0,Sedan,Sedan,0
19523736,4270672,01/08/2020,08:50,bdfd22fc-56ff-4193-ad2a-833dc1f0ff21,Sedan,HYUN -CAR/SUV,2018.0,1.0,F,Licensed,Changing Lanes,Right Front Bumper,Right Front Bumper,No Damage,No Damage,No Damage,N,,Unsafe Lane Changing,View Obstructed/Limited,BRONX,10458.0,,0.0,0.0,0,0,0,0,0,0,Sedan,Station Wagon/Sport Utility Vehicle,0
19809730,4374963,12/10/2020,16:45,55f8b5fd-bf55-4138-b65d-6344ee23d799,Sedan,UNKNOWN,2020.0,1.0,,,Going Straight Ahead,Left Front Bumper,Left Front Bumper,No Damage,No Damage,No Damage,N,,Passing Too Closely,Aggressive Driving/Road Rage,,,"(40.696033, -73.98453)",0.0,0.0,0,0,0,0,0,0,Sedan,Sedan,0
19751216,4348778,09/16/2020,17:25,982ba860-eea7-4b21-a89d-e34b97881acc,,JEEP -CAR/SUV,,,,,,,,,,,Unspecified,,,,MANHATTAN,10002.0,"(40.72098, -73.98696)",0.0,0.0,0,0,0,0,0,0,Convertible,,0
19591720,4303476,03/23/2020,00:00,bdccfc74-ce21-411d-b888-6e89e2e5c37d,Sedan,TOYT -CAR/SUV,1999.0,1.0,M,Licensed,Going Straight Ahead,Center Front End,Right Front Bumper,No Damage,No Damage,No Damage,N,,Unspecified,Unspecified,BROOKLYN,11226.0,"(40.6489, -73.95834)",0.0,0.0,0,0,0,0,0,0,Sedan,Sedan,0
19760780,4351628,09/25/2020,20:30,2934e51d-8084-47a3-8605-95a917342747,Sedan,NISS -CAR/SUV,2004.0,1.0,M,Licensed,Merging,Center Back End,Left Rear Bumper,,,,N,,Unspecified,Unspecified,,,"(40.681473, -73.72776)",0.0,0.0,0,0,0,0,0,0,Sedan,Sedan,0
19537349,4274746,01/08/2020,14:55,f028ef15-a9f7-4a4b-9607-06a22338e2d5,Sedan,LEXS -CAR/SUV,1999.0,1.0,M,Licensed,Going Straight Ahead,Right Rear Quarter Panel,Right Rear Quarter Panel,,,,N,,Driver Inattention/Distraction,Unspecified,,,"(40.58751, -73.95234)",0.0,0.0,0,0,0,0,0,0,Sedan,Station Wagon/Sport Utility Vehicle,0
19674152,4312696,05/10/2020,15:50,4c836483-18a4-4311-93a9-10333ce728e7,Sedan,FORD -CAR/SUV,2016.0,2.0,M,Licensed,Going Straight Ahead,Right Rear Quarter Panel,Right Rear Quarter Panel,Right Rear Bumper,Right Rear Bumper,,N,,Other Vehicular,Traffic Control Disregarded,BROOKLYN,11203.0,"(40.658295, -73.93109)",1.0,0.0,0,0,0,0,1,0,Sedan,Sedan,1
19547430,4306907,03/10/2020,06:30,1c92c0bc-f85a-43ca-a252-1d2a273fe7af,Bus,PREVOST,2015.0,1.0,M,Licensed,Going Straight Ahead,Left Rear Quarter Panel,Left Rear Quarter Panel,,,,N,,Unspecified,Unspecified,,,"(40.713875, -73.97703)",0.0,0.0,0,0,0,0,0,0,Sedan,Bus,0
19777729,4357937,10/13/2020,15:30,693f436c-ccc8-4b4f-9315-3bd97ac34e2d,Station Wagon/Sport Utility Vehicle,TOYT -CAR/SUV,2004.0,0.0,,,Parked,Left Front Bumper,Left Front Bumper,,,,N,,Unspecified,Unspecified,QUEENS,11379.0,"(40.70844, -73.87621)",1.0,0.0,0,0,0,0,1,0,Station Wagon/Sport Utility Vehicle,Station Wagon/Sport Utility Vehicle,1
19813878,4376620,12/15/2020,20:00,8093d26f-003c-4631-baf8-7d7f3dc7b580,Sedan,HOND -CAR/SUV,2007.0,1.0,M,Licensed,Slowing or Stopping,Left Front Bumper,Center Front End,Right Front Bumper,,,N,,Driver Inattention/Distraction,Unspecified,,,"(40.666405, -73.802635)",1.0,0.0,0,0,0,0,1,0,Sedan,Sedan,1
19531897,4271718,01/10/2020,20:43,cd7e3626-18c6-4ede-8fb5-cfd114f3e1f3,Station Wagon/Sport Utility Vehicle,BMW -CAR/SUV,2011.0,0.0,,,Parked,Left Rear Bumper,Left Rear Bumper,Center Front End,,,N,,Unspecified,Unspecified,QUEENS,11436.0,"(40.674225, -73.79986)",0.0,0.0,0,0,0,0,0,0,Box Truck,Station Wagon/Sport Utility Vehicle,0
19616701,4309159,04/16/2020,20:00,35a09659-c4d6-477a-b8f2-5aeecb7a8160,Station Wagon/Sport Utility Vehicle,LEXS -CAR/SUV,2015.0,1.0,M,Licensed,Backing,Left Rear Quarter Panel,Left Rear Quarter Panel,Left Side Doors,,,N,,Unspecified,Unspecified,QUEENS,11355.0,"(40.75739, -73.81371)",0.0,0.0,0,0,0,0,0,0,Station Wagon/Sport Utility Vehicle,,0
19580200,4280333,01/25/2020,23:00,4ee2f2e2-0273-40aa-ab28-eebe2b677789,Sedan,MAZD -CAR/SUV,2017.0,1.0,M,Licensed,Making Right Turn,Left Front Quarter Panel,Left Front Quarter Panel,Left Front Bumper,Left Front Bumper,No Damage,N,,Failure to Yield Right-of-Way,Unspecified,,,,0.0,0.0,0,0,0,0,0,0,Sedan,Station Wagon/Sport Utility Vehicle,0
19542645,4274887,01/17/2020,20:00,f109a25b-55cc-416b-b49e-489464377950,Sedan,KIA -CAR/SUV,2006.0,7.0,F,Licensed,Going Straight Ahead,Right Front Quarter Panel,Right Front Quarter Panel,Right Front Bumper,No Damage,No Damage,N,,Failure to Yield Right-of-Way,Unsafe Speed,QUEENS,11377.0,"(40.73842, -73.8989)",4.0,0.0,0,0,0,0,4,0,Sedan,Sedan,1
19713890,4331544,07/24/2020,23:37,e47faecb-1c9f-4e05-be6c-f61393f75597,Taxi,TOYT -CAR/SUV,2012.0,1.0,M,Licensed,Going Straight Ahead,Right Front Bumper,Right Front Bumper,Center Front End,Left Front Bumper,No Damage,N,,Unspecified,Unspecified,BRONX,10467.0,"(40.859592, -73.86559)",1.0,0.0,0,0,0,0,1,0,Taxi,,1
19563330,4283154,01/31/2020,21:20,701dbaf5-c48f-440c-8d26-78fa5e1be36a,Sedan,LEXS -CAR/SUV,2008.0,1.0,,,Parked,No Damage,No Damage,,,,N,,Driver Inattention/Distraction,Unspecified,QUEENS,11416.0,"(40.67963, -73.862305)",0.0,0.0,0,0,0,0,0,0,Sedan,Sedan,0
19539667,4279126,01/25/2020,15:00,0cf88f6d-021a-42a2-bc78-d49f48d65d10,Station Wagon/Sport Utility Vehicle,HOND -CAR/SUV,2009.0,1.0,,,Going Straight Ahead,Right Side Doors,Right Side Doors,,,,N,,Driver Inattention/Distraction,Passing or Lane Usage Improper,BRONX,10471.0,"(40.89256, -73.89886)",0.0,0.0,0,0,0,0,0,0,Station Wagon/Sport Utility Vehicle,Station Wagon/Sport Utility Vehicle,0
19770752,4356977,10/12/2020,00:25,f0ab24b0-a345-4ce3-84cf-b0deaaaee315,Sedan,NISS -CAR/SUV,2000.0,0.0,,,Parked,Left Side Doors,Left Side Doors,Left Front Quarter Panel,,,N,,Unspecified,Unspecified,QUEENS,11428.0,"(40.722275, -73.74156)",0.0,0.0,0,0,0,0,0,0,Sedan,Station Wagon/Sport Utility Vehicle,0
19551140,4276451,01/20/2020,16:00,15034300-daff-4c88-b982-1bba2a05e9fc,Sedan,AUDI -CAR/SUV,2009.0,1.0,M,Licensed,Going Straight Ahead,Center Back End,Center Back End,No Damage,No Damage,No Damage,N,,Unspecified,Unspecified,QUEENS,11434.0,"(40.674744, -73.76368)",0.0,0.0,0,0,0,0,0,0,Sedan,Sedan,0
19568094,4291901,02/21/2020,21:18,da59aa80-5f77-47c5-8b65-04c6c5ef6473,Sedan,TOYT -CAR/SUV,2016.0,1.0,M,Licensed,Making Right Turn,Center Back End,Center Back End,No Damage,No Damage,No Damage,N,,Driver Inattention/Distraction,Unspecified,,,"(40.613617, -73.95306)",2.0,0.0,0,0,0,0,2,0,Sedan,Sedan,1
19789298,4365281,11/07/2020,01:00,ead82009-78ca-45dc-92cd-b93c15e7c691,Station Wagon/Sport Utility Vehicle,BMW -CAR/SUV,2018.0,0.0,,,Parked,Left Side Doors,Left Side Doors,Left Rear Quarter Panel,,,N,,Unspecified,Unspecified,QUEENS,11105.0,"(40.77575, -73.91017)",0.0,0.0,0,0,0,0,0,0,Station Wagon/Sport Utility Vehicle,,0
19681688,4316826,05/27/2020,14:39,59d1274e-e71d-4b85-8083-4df47e092299,Sedan,MAZD -CAR/SUV,2012.0,2.0,M,Permit,Going Straight Ahead,Right Front Bumper,Right Front Bumper,Right Front Quarter Panel,,,N,,Unspecified,Unspecified,QUEENS,11378.0,"(40.71642, -73.90618)",1.0,0.0,0,0,1,0,0,0,Sedan,Bike,1
19767906,4355978,10/09/2020,00:05,c07ebce7-4cb7-49fd-8496-a2609caf8fa6,Sedan,FORD -CAR/SUV,2015.0,3.0,M,Licensed,Going Straight Ahead,Center Front End,Center Front End,Left Front Bumper,Right Front Bumper,,N,,Unspecified,Unspecified,,,,0.0,0.0,0,0,0,0,0,0,Sedan,Station Wagon/Sport Utility Vehicle,0
19711984,4330898,07/22/2020,14:55,3a6a3814-7d34-47d0-83d6-2b12c6f226b8,Taxi,MERZ -CAR/SUV,2018.0,2.0,M,Licensed,Going Straight Ahead,Left Front Bumper,Left Front Bumper,Center Front End,,,N,,Driver Inattention/Distraction,Lane Marking Improper/Inadequate,MANHATTAN,10027.0,"(40.807034, -73.94371)",0.0,0.0,0,0,0,0,0,0,Taxi,Sedan,0
19749177,4347425,09/11/2020,18:45,5f9ec4cb-d61f-4c7c-9f40-ae70d564e53d,Sedan,NISS -CAR/SUV,2004.0,2.0,M,Licensed,Going Straight Ahead,Center Front End,Center Front End,,,,N,,Driver Inattention/Distraction,View Obstructed/Limited,QUEENS,11379.0,"(40.719612, -73.87822)",2.0,0.0,0,0,0,0,2,0,Convertible,Sedan,1
19677365,4315131,05/22/2020,10:32,554c8293-0986-4d44-9177-572bc9ad0fa9,Sedan,MNNI -CAR/SUV,2016.0,1.0,M,Licensed,Backing,Other,No Damage,No Damage,,,N,,Driver Inattention/Distraction,Unspecified,BROOKLYN,11201.0,,1.0,0.0,1,0,0,0,0,0,Sedan,,1
19554572,4281857,02/01/2020,11:53,cd496f90-9ae4-43a8-98be-15f1f0fa6247,Sedan,TOYT -CAR/SUV,2003.0,0.0,M,Licensed,Parked,Left Rear Quarter Panel,Left Rear Quarter Panel,,,,N,,Unspecified,Unspecified,BRONX,10475.0,"(40.879726, -73.83191)",0.0,0.0,0,0,0,0,0,0,Sedan,Sedan,0
19742711,4344377,09/03/2020,08:48,cae26689-f0b5-4b75-b3af-397964da2248,Sedan,NISS -CAR/SUV,2014.0,1.0,M,Licensed,Going Straight Ahead,Right Front Quarter Panel,Right Side Doors,,,,N,,Traffic Control Disregarded,Driver Inattention/Distraction,QUEENS,11385.0,"(40.701046, -73.89153)",0.0,0.0,0,0,0,0,0,0,Sedan,Sedan,0
19523525,4270519,01/08/2020,16:56,70a193c5-e35c-4391-aaee-8f04cdedde41,Station Wagon/Sport Utility Vehicle,JEEP -CAR/SUV,2003.0,1.0,M,Licensed,Going Straight Ahead,Left Front Quarter Panel,Left Front Quarter Panel,Left Front Bumper,Center Front End,Right Front Bumper,N,,Unspecified,Unspecified,STATEN ISLAND,10305.0,"(40.592384, -74.07266)",0.0,0.0,0,0,0,0,0,0,Station Wagon/Sport Utility Vehicle,Station Wagon/Sport Utility Vehicle,0
19584238,4300023,03/13/2020,15:36,44a95e66-0cfb-46ee-b9e6-d3c53bcfefc9,Sedan,FIAT -CAR/SUV,2013.0,0.0,,,Parked,Right Rear Bumper,Right Rear Quarter Panel,Right Rear Bumper,No Damage,No Damage,N,,Unspecified,Unspecified,BRONX,10457.0,"(40.847908, -73.90357)",0.0,0.0,0,0,0,0,0,0,Sedan,AMBULANCE,0
19574127,4294384,02/27/2020,13:39,a24ac368-4a87-43b0-8cae-571250292e3b,Box Truck,INTL-TRUCK/BUS,2016.0,1.0,M,Licensed,Changing Lanes,Right Front Bumper,Right Front Bumper,No Damage,No Damage,No Damage,N,,Passing Too Closely,Unspecified,,,"(40.84519, -73.9112)",0.0,0.0,0,0,0,0,0,0,Box Truck,Sedan,0
19519004,4268386,01/02/2020,14:40,146b70ae-17ec-4eaf-b64a-0b22fa63c98b,Taxi,TOYT -CAR/SUV,2017.0,0.0,M,Licensed,Going Straight Ahead,Center Front End,Center Front End,No Damage,No Damage,No Damage,N,,Driver Inattention/Distraction,Following Too Closely,MANHATTAN,10029.0,"(40.791046, -73.95138)",0.0,0.0,0,0,0,0,0,0,Station Wagon/Sport Utility Vehicle,Taxi,0
19689461,4320561,06/16/2020,11:46,f2f9b1c8-32c9-4b61-b3dd-781674714e0f,Sedan,CHEV -CAR/SUV,2016.0,0.0,,,Parked,Right Front Bumper,Right Front Bumper,Right Front Quarter Panel,Right Front Quarter Panel,Right Front Quarter Panel,N,,Other Vehicular,Other Vehicular,,,"(40.815826, -73.947044)",0.0,0.0,0,0,0,0,0,0,Sedan,E-Scooter,0
19535966,4281163,01/30/2020,16:30,f2aa195e-e11c-4444-933c-3ac291e98dc5,Taxi,TOYT -CAR/SUV,2014.0,1.0,M,Licensed,Slowing or Stopping,Left Rear Quarter Panel,Left Rear Quarter Panel,,,,N,,Passing or Lane Usage Improper,Unspecified,BROOKLYN,11201.0,"(40.688904, -73.980934)",0.0,0.0,0,0,0,0,0,0,Taxi,Station Wagon/Sport Utility Vehicle,0
19521198,4269861,01/05/2020,12:00,8329611d-6a88-4fa8-a712-c7cffbefe416,Station Wagon/Sport Utility Vehicle,SUBA -CAR/SUV,2011.0,0.0,,,Parked,Left Side Doors,Left Front Quarter Panel,Left Front Bumper,,,N,,Unspecified,Unspecified,MANHATTAN,10009.0,"(40.728455, -73.98371)",0.0,0.0,0,0,0,0,0,0,Station Wagon/Sport Utility Vehicle,,0
19577373,4295475,03/01/2020,00:54,59fdab69-9c79-41f0-a8fb-01695d416594,Sedan,HYUN -CAR/SUV,2013.0,1.0,F,Licensed,Going Straight Ahead,Right Side Doors,Right Side Doors,Right Front Quarter Panel,,,N,,Unspecified,Unspecified,BROOKLYN,11209.0,"(40.622353, -74.02765)",0.0,0.0,0,0,0,0,0,0,Sedan,,0
19732695,4340194,08/20/2020,18:05,92bd9d6c-0b07-41b8-bdee-4727c869e959,Station Wagon/Sport Utility Vehicle,CHRY -CAR/SUV,2008.0,3.0,F,Licensed,Making Right Turn,Right Front Bumper,Right Front Quarter Panel,Right Front Bumper,Center Front End,No Damage,N,,Passing or Lane Usage Improper,Passing or Lane Usage Improper,STATEN ISLAND,10306.0,"(40.57089, -74.1479)",1.0,0.0,0,0,0,0,1,0,PK,Station Wagon/Sport Utility Vehicle,1
19739022,4343221,08/30/2020,07:51,55c509e7-2ddb-4397-a8d2-9f63e6fed687,Sedan,SUBA -CAR/SUV,2016.0,0.0,F,Licensed,Parked,Left Front Bumper,Left Front Bumper,Left Front Quarter Panel,Left Front Quarter Panel,Left Front Bumper,N,,Unspecified,Unspecified,BRONX,10456.0,"(40.835754, -73.904396)",0.0,0.0,0,0,0,0,0,0,Sedan,,0
19557530,4275102,01/18/2020,13:45,e5da2a91-fd5e-4019-a24f-8de3cce5d0c4,Station Wagon/Sport Utility Vehicle,TOYT -CAR/SUV,2014.0,1.0,M,Licensed,Starting in Traffic,Left Rear Quarter Panel,Left Rear Quarter Panel,Left Side Doors,Left Front Quarter Panel,,N,,Unspecified,Unspecified,,,"(40.747833, -73.83301)",0.0,0.0,0,0,0,0,0,0,Station Wagon/Sport Utility Vehicle,Station Wagon/Sport Utility Vehicle,0
19678698,4315654,05/22/2020,16:30,ee82ec85-b164-4e40-80f1-14c9ebeecb1d,Station Wagon/Sport Utility Vehicle,CHRY -CAR/SUV,2015.0,0.0,,,Parked,Left Rear Bumper,Left Rear Bumper,Left Rear Quarter Panel,,,N,,Unspecified,Unspecified,BRONX,10460.0,"(40.839916, -73.876114)",0.0,0.0,0,0,0,0,0,0,Station Wagon/Sport Utility Vehicle,,0
19714801,4331839,07/20/2020,00:00,3b641372-408f-4975-9ce5-dbdf23af7a75,Sedan,FORD -CAR/SUV,2017.0,0.0,M,Licensed,Going Straight Ahead,Left Front Quarter Panel,Left Front Bumper,Center Front End,Right Front Bumper,,N,,Unspecified,Unspecified,BROOKLYN,11212.0,"(40.65551, -73.92168)",1.0,0.0,0,0,0,0,1,0,Sedan,,1
19792481,4367060,11/12/2020,11:33,6542f439-1bc1-4f65-9c6f-9626cb947901,Sedan,TOYT -CAR/SUV,2004.0,1.0,M,Licensed,Going Straight Ahead,Left Front Bumper,Left Front Bumper,Center Front End,Right Front Bumper,No Damage,N,,Traffic Control Disregarded,Failure to Yield Right-of-Way,QUEENS,11106.0,"(40.766182, -73.93683)",1.0,0.0,0,0,0,0,1,0,Sedan,Sedan,1
19757185,4351376,09/24/2020,18:30,7643e7a1-a20d-4b09-af59-a407f926ef66,Station Wagon/Sport Utility Vehicle,HOND -CAR/SUV,2012.0,1.0,M,Licensed,Going Straight Ahead,Center Front End,Center Front End,No Damage,No Damage,No Damage,N,,Driver Inattention/Distraction,Following Too Closely,,,,1.0,0.0,0,0,0,0,1,0,Station Wagon/Sport Utility Vehicle,Station Wagon/Sport Utility Vehicle,1
19757467,4351234,09/22/2020,15:12,43f7a7ff-ef34-4d9f-8573-36064063daf0,Sedan,CHEV -CAR/SUV,2019.0,1.0,M,Licensed,Making Left Turn,Right Rear Quarter Panel,Right Rear Quarter Panel,,,,N,,Unspecified,Unspecified,BROOKLYN,11234.0,"(40.608204, -73.920715)",1.0,0.0,0,0,0,0,1,0,Sedan,Sedan,1
19532247,4282897,02/01/2020,15:21,9ee425e3-5da2-4495-b2f7-1c80cf245b01,Sedan,HOND -CAR/SUV,2018.0,1.0,M,Licensed,Going Straight Ahead,Left Front Quarter Panel,Left Front Quarter Panel,No Damage,No Damage,No Damage,N,,Unspecified,Unspecified,MANHATTAN,10012.0,"(40.725674, -73.99656)",0.0,0.0,0,0,0,0,0,0,Sedan,Station Wagon/Sport Utility Vehicle,0
19748092,4347083,09/10/2020,07:05,d0cb94d9-b9c2-4976-b232-378c0d16ba85,Station Wagon/Sport Utility Vehicle,JEEP -CAR/SUV,2004.0,1.0,F,Licensed,Going Straight Ahead,Right Side Doors,Right Side Doors,No Damage,No Damage,,N,,Other Vehicular,Unspecified,,,"(40.68578, -73.9544)",0.0,0.0,0,0,0,0,0,0,Sedan,Sedan,0
19575289,4297661,03/04/2020,14:45,d56b3b4d-cf74-45eb-9ef9-f9991611d3a2,Sedan,TOYT -CAR/SUV,2000.0,3.0,M,Licensed,Parked,Right Front Quarter Panel,Right Front Quarter Panel,No Damage,No Damage,No Damage,N,,Driver Inattention/Distraction,Failure to Yield Right-of-Way,,,"(40.766502, -73.99418)",0.0,0.0,0,0,0,0,0,0,Sedan,Station Wagon/Sport Utility Vehicle,0
19733760,4340536,08/18/2020,09:50,72dba5a1-b5ac-47cd-9558-b2cc9484db55,Van,FORD-TRUCK/BUS,2007.0,1.0,F,Licensed,Going Straight Ahead,Right Front Quarter Panel,No Damage,No Damage,No Damage,No Damage,N,,Passing or Lane Usage Improper,Unspecified,,,"(40.70163, -73.989685)",0.0,0.0,0,0,0,0,0,0,Van,Station Wagon/Sport Utility Vehicle,0
19712780,4331175,07/23/2020,07:25,a10f6690-6027-441d-a971-3a9a1e645e72,Sedan,HOND -CAR/SUV,2012.0,0.0,,,Parked,Left Rear Bumper,Left Rear Bumper,Left Rear Bumper,Center Back End,No Damage,N,,Unspecified,Unspecified,BROOKLYN,11205.0,"(40.690163, -73.968216)",0.0,0.0,0,0,0,0,0,0,Station Wagon/Sport Utility Vehicle,Sedan,0
19604093,4307730,04/03/2020,19:20,a6d81be3-736f-4cf7-ba9a-2e0e5cf280c1,Sedan,TOYT -CAR/SUV,2018.0,1.0,M,Licensed,Backing,Center Back End,Center Back End,,,,N,,Backing Unsafely,Unspecified,,,"(40.69366, -73.85217)",0.0,0.0,0,0,0,0,0,0,Sedan,Sedan,0
19519758,4267938,01/02/2020,08:00,5f8692c0-90c1-4f0e-a7b4-0f04f5607700,Station Wagon/Sport Utility Vehicle,BMW -CAR/SUV,2005.0,2.0,F,Licensed,Going Straight Ahead,Left Front Quarter Panel,Left Front Quarter Panel,Left Side Doors,,,N,,Unspecified,Unspecified,,,"(40.706966, -73.75283)",0.0,0.0,0,0,0,0,0,0,Station Wagon/Sport Utility Vehicle,Station Wagon/Sport Utility Vehicle,0
19752738,4349111,09/17/2020,18:40,b3e89560-0091-4e25-a637-e758033186a4,Sedan,INFI -CAR/SUV,2008.0,1.0,,,Going Straight Ahead,Center Front End,Center Front End,Left Front Bumper,Right Front Bumper,Center Front End,N,,Unspecified,Unspecified,QUEENS,11691.0,"(40.599903, -73.7616)",0.0,0.0,0,0,0,0,0,0,Sedan,,0
19757666,4351408,09/23/2020,16:50,2dc26a92-bd53-4f48-b175-29d6961900cf,Sedan,LEXS -CAR/SUV,2018.0,0.0,M,Licensed,Parked,Left Front Bumper,Left Front Bumper,No Damage,No Damage,No Damage,N,,Unspecified,Unspecified,MANHATTAN,10021.0,"(40.767555, -73.961395)",0.0,0.0,0,0,0,0,0,0,Sedan,Station Wagon/Sport Utility Vehicle,0
19797171,4369257,11/19/2020,14:30,fc5b3868-04e3-4642-9ea4-d2be91dc2692,Station Wagon/Sport Utility Vehicle,HOND -CAR/SUV,2017.0,0.0,,,Parked,Left Front Quarter Panel,Left Front Quarter Panel,,,,N,,Unspecified,Unspecified,BROOKLYN,11220.0,"(40.64246, -74.00747)",0.0,0.0,0,0,0,0,0,0,Station Wagon/Sport Utility Vehicle,Station Wagon/Sport Utility Vehicle,0
19688108,4319855,06/12/2020,17:43,758ec074-10e3-4cf1-926d-c894bb501754,Sedan,NISS -CAR/SUV,2001.0,1.0,F,Licensed,Slowing or Stopping,Center Back End,Center Back End,Right Rear Bumper,Left Rear Bumper,No Damage,N,,Unspecified,Unspecified,,,"(40.60567, -74.030945)",3.0,0.0,0,0,0,0,3,0,Sedan,Sedan,1
19758412,4351549,09/25/2020,08:55,eaf71d0e-4639-43f2-90de-582d4bd1e344,Sedan,FORD -CAR/SUV,2008.0,1.0,M,,Making Right Turn,Left Front Bumper,Left Front Bumper,Left Front Quarter Panel,No Damage,No Damage,N,,Driver Inattention/Distraction,Unsafe Speed,BRONX,10472.0,"(40.83269, -73.86847)",0.0,0.0,0,0,0,0,0,0,Sedan,Sedan,0
19534584,4272105,01/12/2020,15:30,51a6ebd9-9708-4627-9785-a1f571ea168f,Station Wagon/Sport Utility Vehicle,KIA -CAR/SUV,2013.0,1.0,F,Licensed,Making Left Turn,Right Front Quarter Panel,Right Front Quarter Panel,Right Side Doors,,,N,,Failure to Yield Right-of-Way,Unspecified,QUEENS,11373.0,"(40.741676, -73.86756)",0.0,0.0,0,0,0,0,0,0,Station Wagon/Sport Utility Vehicle,Station Wagon/Sport Utility Vehicle,0
19732538,4340074,08/18/2020,19:45,009313db-1e0d-4944-aabe-f7467539f209,Station Wagon/Sport Utility Vehicle,GMC -CAR/SUV,2010.0,4.0,M,Licensed,Stopped in Traffic,Center Back End,No Damage,,,,N,,Unspecified,Unspecified,,,"(40.55613, -74.203354)",1.0,0.0,0,0,0,0,1,0,Station Wagon/Sport Utility Vehicle,Sedan,1
19715201,4332190,07/24/2020,13:50,639e937e-f6e8-4f0b-af59-06db235ec0d9,Station Wagon/Sport Utility Vehicle,FORD -CAR/SUV,2018.0,1.0,M,Licensed,Going Straight Ahead,Left Front Bumper,Center Front End,Right Front Bumper,Center Front End,Right Front Bumper,N,,Driver Inattention/Distraction,Brakes Defective,MANHATTAN,10040.0,"(40.85685, -73.93148)",0.0,0.0,0,0,0,0,0,0,Station Wagon/Sport Utility Vehicle,,0
19612985,4294372,02/26/2020,00:00,4e3a4999-6711-4b67-b200-b4462c5b4ce3,Station Wagon/Sport Utility Vehicle,HOND -CAR/SUV,2013.0,1.0,F,Licensed,Slowing or Stopping,Center Back End,Left Rear Bumper,Left Rear Quarter Panel,Center Back End,,N,,Reaction to Uninvolved Vehicle,Unspecified,,,"(40.69382, -73.72694)",0.0,0.0,0,0,0,0,0,0,Station Wagon/Sport Utility Vehicle,Station Wagon/Sport Utility Vehicle,0
19783829,4363368,10/31/2020,22:00,c3d986bb-dca2-4fc3-88c3-b7e1989d95b0,Sedan,JEEP -CAR/SUV,2016.0,0.0,,,Parked,Left Side Doors,Left Side Doors,Center Back End,Center Back End,,N,,Unspecified,Unspecified,BRONX,10458.0,"(40.859425, -73.8947)",0.0,0.0,0,0,0,0,0,0,Sedan,,0
19757790,4351401,09/24/2020,16:37,54203e4f-fb77-48f0-ad94-40aa56ba4e37,Station Wagon/Sport Utility Vehicle,TOYT -CAR/SUV,2004.0,0.0,,,Parked,Left Side Doors,Left Side Doors,No Damage,No Damage,No Damage,N,,Unspecified,Unspecified,BRONX,10452.0,"(40.84479, -73.91587)",0.0,0.0,0,0,0,0,0,0,Ambulance,Station Wagon/Sport Utility Vehicle,0