UNIQUE_ID,COLLISION_ID,CRASH_DATE,CRASH_TIME,VEHICLE_ID,VEHICLE_TYPE,VEHICLE_MAKE,VEHICLE_YEAR,VEHICLE_OCCUPANTS,DRIVER_SEX,DRIVER_LICENSE_STATUS,PRE_CRASH,POINT_OF_IMPACT,VEHICLE_DAMAGE,VEHICLE_DAMAGE_1,VEHICLE_DAMAGE_2,VEHICLE_DAMAGE_3,PUBLIC_PROPERTY_DAMAGE,PUBLIC_PROPERTY_DAMAGE_TYPE,CONTRIBUTING_FACTOR_1,CONTRIBUTING_FACTOR_2,BOROUGH,ZIP CODE,LOCATION,NUMBER OF PERSONS INJURED,NUMBER OF PERSONS KILLED,NUMBER OF PEDESTRIANS INJURED,NUMBER OF PEDESTRIANS KILLED,NUMBER OF CYCLIST INJURED,NUMBER OF CYCLIST KILLED,NUMBER OF MOTORIST INJURED,NUMBER OF MOTORIST KILLED,VEHICLE TYPE CODE 1,VEHICLE TYPE CODE 2,Severity
19718420,4333675,07/29/2020,21:45,93d0c172-e3db-4a8f-aeb4-f184406ec03f,Station Wagon/Sport Utility Vehicle,FORD -CAR/SUV,2006.0,1.0,F,Licensed,Parked,Left Side Doors,Left Side Doors,,,,N,,Unspecified,Unspecified,MANHATTAN,10033.0,"(40.84597, -73.93248)",0.0,0.0,0,0,0,0,0,0,Station Wagon/Sport Utility Vehicle,,0
19714318,4332052,07/25/2020,15:00,d6216bb4-0f55-48e6-be98-e54320cd7c58,Sedan,FORD -CAR/SUV,2019.0,0.0,,,Parked,Right Front Bumper,Right Front Bumper,Center Front End,No Damage,No Damage,N,,Other Vehicular,Unspecified,BRONX,10467.0,"(40.868332, -73.8705)",0.0,0.0,0,0,0,0,0,0,Sedan,,0
19816147,4377435,12/18/2020,19:50,605d586c-1c4e-47e4-bf7f-6160f37d9e9f,Station Wagon/Sport Utility Vehicle,LINC -CAR/SUV,2012.0,1.0,M,Licensed,Slowing or Stopping,Center Back End,Center Back End,Left Rear Bumper,Right Rear Bumper,,N,,Unspecified,Unspecified,,,"(40.671318, -73.890884)",0.0,0.0,0,0,0,0,0,0,Station Wagon/Sport Utility Vehicle,,0
19754448,4349960,09/19/2020,16:20,96321a50-526b-4456-b8dc-a061ecd384a9,Station Wagon/Sport Utility Vehicle,JEEP -CAR/SUV,2020.0,0.0,,,Parked,Left Side Doors,Left Side Doors,Left Rear Quarter Panel,Left Front Quarter Panel,,N,,Unspecified,Unspecified,QUEENS,11418.0,"(40.702362, -73.818474)",0.0,0.0,0,0,0,0,0,0,Sedan,Sedan,0
19587944,4302587,03/18/2020,14:30,9d80eea9-f089-4e06-a583-feb9f78b9c97,Sedan,NISS -CAR/SUV,1999.0,1.0,M,Licensed,Going Straight Ahead,Left Front Quarter Panel,Left Front Quarter Panel,Left Front Bumper,Center Front End,,N,,Unspecified,Unspecified,BROOKLYN,11234.0,"(40.621563, -73.939125)",1.0,0.0,0,0,0,0,1,0,Pick-up Truck,Sedan,1
19863374,4398913,12/07/2020,15:20,e17d45f1-b7cc-4ea6-9b1f-4df163efdc14,Tractor Truck Diesel,FRHT-TRUCK/BUS,2020.0,1.0,,,Making Right Turn,Right Side Doors,Right Side Doors,Right Side Doors,,,N,,Failure to Yield Right-of-Way,Unspecified,BROOKLYN,11231.0,"(40.685738, -74.00237)",0.0,0.0,0,0,0,0,0,0,Tractor Truck Diesel,Bike,0
19567354,4305783,03/07/2020,00:19,fed61ee3-c43b-481a-a114-672183293c2e,Station Wagon/Sport Utility Vehicle,DODG -CAR/SUV,2019.0,1.0,M,Licensed,Making Left Turn,Right Front Bumper,Right Front Quarter Panel,Right Front Bumper,,,N,,Unspecified,Unspecified,,,"(40.72114, -73.942825)",0.0,0.0,0,0,0,0,0,0,Station Wagon/Sport Utility Vehicle,Sedan,0
19757419,4351291,09/23/2020,17:25,52d749cd-7c63-4ad3-8a79-a500713cfd95,Sedan,NISS -CAR/SUV,2007.0,1.0,F,Licensed,Going Straight Ahead,Left Rear Quarter Panel,Left Rear Quarter Panel,,,,N,,Aggressive Driving/Road Rage,Unspecified,BROOKLYN,11201.0,"(40.69977, -73.98294)",0.0,0.0,0,0,0,0,0,0,Sedan,Sedan,0
19819775,4379113,12/26/2020,21:30,9a572b01-76bf-4fa2-be4f-09b15cac0bbb,Sedan,CHRY -CAR/SUV,2015.0,1.0,M,Licensed,Going Straight Ahead,Left Front Bumper,Demolished,,,,N,,Pavement Slippery,Unspecified,,,"(40.66484, -73.82229)",9.0,0.0,0,0,0,0,9,0,Sedan,Sedan,1
19819848,4379298,12/25/2020,12:46,4f4d266c-7262-421d-b03d-7ae263855c8d,Sedan,BMW -CAR/SUV,,1.0,U,,Going Straight Ahead,Right Front Bumper,Right Front Bumper,Center Front End,No Damage,No Damage,N,,Driver Inattention/Distraction,Passing or Lane Usage Improper,BRONX,10456.0,"(40.834286, -73.91562)",0.0,0.0,0,0,0,0,0,0,PK,Sedan,0
19580994,4281740,01/21/2020,07:00,6e683c86-d319-4364-a176-41fc8c4c0674,Station Wagon/Sport Utility Vehicle,TOYT -CAR/SUV,2014.0,1.0,M,Licensed,Going Straight Ahead,Center Front End,Center Front End,Left Front Bumper,Right Front Bumper,,N,,Driver Inattention/Distraction,Following Too Closely,,,"(40.64511, -73.874886)",0.0,0.0,0,0,0,0,0,0,Station Wagon/Sport Utility Vehicle,Station Wagon/Sport Utility Vehicle,0
19715184,4332239,07/21/2020,20:15,afbfd807-b50e-41f1-89a2-895a2216b110,Station Wagon/Sport Utility Vehicle,KIA -CAR/SUV,2018.0,0.0,M,Licensed,Going Straight Ahead,Left Front Quarter Panel,Left Front Quarter Panel,No Damage,No Damage,No Damage,N,,Driver Inattention/Distraction,Unspecified,,,"(40.871655, -73.91123)",0.0,0.0,0,0,0,0,0,0,Station Wagon/Sport Utility Vehicle,Station Wagon/Sport Utility Vehicle,0
19588413,4280690,01/29/2020,16:45,85fcb9a1-7deb-4d54-9b90-8849ba710532,Sedan,NISS -CAR/SUV,2006.0,1.0,M,Licensed,Going Straight Ahead,Center Back End,Center Back End,,,,N,,Unspecified,Unspecified,QUEENS,11434.0,"(40.66696, -73.77078)",0.0,0.0,0,0,0,0,0,0,Sedan,Station Wagon/Sport Utility Vehicle,0
19682801,4317474,05/21/2020,22:35,0580dd7e-3b85-49cb-a642-a009a46afc43,Tanker,FRHT-TRUCK/BUS,2020.0,1.0,M,Licensed,Going Straight Ahead,Left Rear Quarter Panel,Left Rear Bumper,Left Side Doors,Left Side Doors,Left Side Doors,N,,Unspecified,Unspecified,,,,1.0,0.0,0,0,0,0,1,0,Sedan,Tanker,1
19775938,4359559,10/19/2020,15:48,44f07be1-41dc-4cdc-b9c0-e7aebb829399,Station Wagon/Sport Utility Vehicle,JEEP -CAR/SUV,2017.0,2.0,M,Licensed,Backing,Center Back End,Center Back End,,,,N,,Unspecified,Unspecified,,,"(40.85431, -73.93009)",1.0,0.0,0,0,0,0,1,0,Station Wagon/Sport Utility Vehicle,Box Truck,1
19835541,4378853,12/24/2020,21:15,69f1eb18-835a-4ca1-87e5-74fdcd73aafa,Sedan,FORD -CAR/SUV,2020.0,2.0,M,Licensed,Going Straight Ahead,Center Front End,Center Front End,,,,N,,Pavement Slippery,Unspecified,,,"(40.67279, -73.922226)",4.0,0.0,0,0,0,0,4,0,Station Wagon/Sport Utility Vehicle,Sedan,1
19765900,4354919,10/03/2020,20:30,b3cfa47b-fcfd-4534-bd6d-906586e2bbdd,Sedan,NISS -CAR/SUV,2018.0,0.0,,,Parked,Left Front Bumper,Left Front Bumper,Center Front End,,,N,,Unspecified,Unspecified,BRONX,10455.0,"(40.810486, -73.905075)",0.0,0.0,0,0,0,0,0,0,Sedan,,0
19680904,4316522,05/28/2020,22:22,b22c3a0c-105b-4979-8a7a-3194ea51d790,Sedan,NISS -CAR/SUV,2006.0,2.0,M,Licensed,Other*,Left Side Doors,Left Rear Quarter Panel,Left Rear Bumper,Left Front Quarter Panel,,Unspecified,,Unspecified,Unspecified,BROOKLYN,11207.0,"(40.661255, -73.89157)",1.0,0.0,0,0,0,0,1,0,Sedan,Sedan,1
19780092,4361446,10/23/2020,18:50,675d9d63-24b2-4241-a2f3-3e798edcf639,Sedan,HOND -CAR/SUV,2003.0,1.0,M,Licensed,Making Left Turn,Center Front End,No Damage,No Damage,No Damage,No Damage,N,,Turning Improperly,Unspecified,,,"(40.69919, -73.91469)",1.0,0.0,0,0,1,0,0,0,Sedan,Bike,1
19753740,4349516,09/19/2020,20:05,6ea2e68d-77f7-43fa-b62d-27f0e51db3a3,Station Wagon/Sport Utility Vehicle,NISS -CAR/SUV,2016.0,1.0,M,Licensed,Going Straight Ahead,Left Front Quarter Panel,Left Front Quarter Panel,,,,N,,Driver Inattention/Distraction,Traffic Control Device Improper/Non-Working,QUEENS,11420.0,"(40.680496, -73.821365)",0.0,0.0,0,0,0,0,0,0,Sedan,Station Wagon/Sport Utility Vehicle,0
19715980,4332306,07/24/2020,23:25,78e30712-2fcd-4a5c-ac7f-033c1b77055f,Sedan,FORD -CAR/SUV,2019.0,2.0,F,Licensed,Going Straight Ahead,Left Front Bumper,Left Front Bumper,Left Front Quarter Panel,,,N,,Unspecified,Unspecified,BROOKLYN,11239.0,,0.0,0.0,0,0,0,0,0,0,Sedan,,0
19776267,4359500,10/20/2020,00:19,8223003b-fe4b-4549-ac3c-77cfc30104b1,Sedan,DODG -CAR/SUV,2020.0,0.0,,,Parked,Left Rear Quarter Panel,Left Rear Quarter Panel,,,,N,,Unspecified,Unspecified,QUEENS,11368.0,"(40.7487, -73.86916)",0.0,0.0,0,0,0,0,0,0,Sedan,Sedan,0
19772899,4357967,10/15/2020,07:34,f18b4ed0-55a8-4936-83c7-0f8c5f5eff97,Sedan,TESL -CAR/SUV,2018.0,1.0,F,Licensed,Going Straight Ahead,Center Front End,Right Front Bumper,,,,N,,Unspecified,Unspecified,QUEENS,11423.0,"(40.71388, -73.75404)",1.0,0.0,0,0,0,0,1,0,Sedan,Sedan,1
19810000,4373583,12/06/2020,04:30,670aa000-8e8c-45ff-9a43-84390e78a1d0,Sedan,CHEV -CAR/SUV,2014.0,0.0,,,Parked,Right Rear Quarter Panel,Right Rear Quarter Panel,,,,N,,Unspecified,Unspecified,BRONX,10451.0,"(40.821274, -73.91743)",0.0,0.0,0,0,0,0,0,0,Ambulance,Sedan,0
19795662,4368334,11/14/2020,06:40,28471873-bf7f-4ff7-a913-ff3eb7e61498,Sedan,CHEV -CAR/SUV,2017.0,0.0,,,Parked,Left Front Quarter Panel,Left Front Quarter Panel,Left Side Doors,,,N,,Unspecified,Unspecified,,,"(40.755234, -73.941246)",0.0,0.0,0,0,0,0,0,0,Sedan,Sedan,0
19688063,4319755,06/08/2020,17:27,0591ef50-e18b-401d-8290-735f10cd9b47,Sedan,HOND -CAR/SUV,2015.0,2.0,M,Licensed,Going Straight Ahead,Right Front Bumper,Right Front Bumper,Center Front End,Left Front Bumper,,N,,Following Too Closely,Unsafe Speed,,,,0.0,0.0,0,0,0,0,0,0,Sedan,,0
19713910,4331627,07/26/2020,01:05,91b639c0-c815-4fcc-8496-4a027dd60b2b,Station Wagon/Sport Utility Vehicle,TOYT -CAR/SUV,2009.0,0.0,,,Parked,Left Front Quarter Panel,Left Front Quarter Panel,,,,N,,Unspecified,Unspecified,BROOKLYN,11236.0,"(40.642597, -73.89948)",0.0,0.0,0,0,0,0,0,0,Station Wagon/Sport Utility Vehicle,Station Wagon/Sport Utility Vehicle,0
19807116,4373564,12/05/2020,12:50,9fdacd0d-360c-4d6c-b01e-8197aca8cc8b,Sedan,ACUR -CAR/SUV,2010.0,0.0,,,Parked,Right Rear Bumper,Left Front Bumper,No Damage,No Damage,No Damage,N,,Unspecified,Unspecified,BRONX,10472.0,"(40.831875, -73.86224)",0.0,0.0,0,0,0,0,0,0,Sedan,,0
19715423,4332331,07/26/2020,09:50,7aa6b5fa-4296-4c7d-9c1a-7e8e84636495,Station Wagon/Sport Utility Vehicle,LEXS -CAR/SUV,2016.0,1.0,M,Licensed,Going Straight Ahead,Center Back End,Center Back End,Right Rear Bumper,Left Rear Bumper,,N,,Unspecified,Unspecified,STATEN ISLAND,10306.0,"(40.575832, -74.12409)",0.0,0.0,0,0,0,0,0,0,Station Wagon/Sport Utility Vehicle,Sedan,0
19570655,4299634,03/13/2020,00:01,92a2f12c-f985-49e5-9e04-b15b5b40488f,Box Truck,FORD-TRUCK/BUS,2018.0,1.0,F,Licensed,Going Straight Ahead,No Damage,No Damage,,,,N,,Driver Inattention/Distraction,Driver Inattention/Distraction,,,,0.0,0.0,0,0,0,0,0,0,Box Truck,Box Truck,0
19715710,4332283,07/26/2020,19:19,d633f864-dfda-4ef4-b739-83d9b0cf499d,Sedan,TOYT -CAR/SUV,2003.0,0.0,,,Parked,Center Back End,Center Back End,Center Front End,,,N,,Unspecified,Unspecified,QUEENS,11372.0,"(40.7514, -73.88827)",0.0,0.0,0,0,0,0,0,0,Station Wagon/Sport Utility Vehicle,Motorcycle,0
19568130,4281181,01/30/2020,21:00,5f8c46db-584f-4845-8d8e-c0a398204c0f,Station Wagon/Sport Utility Vehicle,HYUN -CAR/SUV,2004.0,1.0,F,Licensed,Going Straight Ahead,Center Front End,Center Front End,,,,Unspecified,,Following Too Closely,Unspecified,,,"(40.72587, -73.76129)",0.0,0.0,0,0,0,0,0,0,Sedan,Station Wagon/Sport Utility Vehicle,0
19603414,4299223,03/11/2020,09:15,5b4701e8-9231-4776-8110-ad10db26980f,Station Wagon/Sport Utility Vehicle,JEEP -CAR/SUV,2018.0,1.0,M,Licensed,Going Straight Ahead,Center Back End,Center Back End,,,,N,,Unspecified,Unspecified,QUEENS,11101.0,"(40.743416, -73.95387)",1.0,0.0,0,0,0,0,1,0,Station Wagon/Sport Utility Vehicle,Sedan,1
19537916,4279611,01/27/2020,09:34,bfa0ccd4-a9de-4cb7-8aab-bca916b2de55,Bus,prevo,2012.0,1.0,M,Licensed,Going Straight Ahead,Left Front Bumper,Left Front Bumper,Left Rear Quarter Panel,,No Damage,Unspecified,,Driver Inattention/Distraction,Unspecified,MANHATTAN,10001.0,"(40.75458, -73.99915)",0.0,0.0,0,0,0,0,0,0,Bus,Bus,0
19533986,4283947,02/05/2020,11:10,b3780ad8-aa5b-44a1-9c3f-eb799d2311e6,Box Truck,GMC-TRUCK/BUS,2017.0,0.0,M,Licensed,Going Straight Ahead,Right Side Doors,Right Side Doors,Right Rear Quarter Panel,,,N,,Driver Inattention/Distraction,Unspecified,MANHATTAN,10003.0,"(40.73447, -73.989944)",0.0,0.0,0,0,0,0,0,0,Box Truck,Pick-up Truck,0
19608437,4307285,04/02/2020,05:50,28a525b7-56b3-48bc-bcb4-99d596b06d50,Station Wagon/Sport Utility Vehicle,JEEP -CAR/SUV,2003.0,1.0,M,Licensed,Making Right Turn,Center Front End,Center Front End,,,,N,,Unspecified,Unspecified,QUEENS,11101.0,"(40.746082, -73.92856)",1.0,0.0,0,0,1,0,0,0,E-Bike,Station Wagon/Sport Utility Vehicle,1
19583572,4294530,02/27/2020,19:23,1540ee2f-c150-4bd7-a7d2-42a98f968cb1,Station Wagon/Sport Utility Vehicle,KIA -CAR/SUV,2018.0,3.0,M,Licensed,Stopped in Traffic,Center Back End,Center Back End,,,,N,,Unspecified,Unspecified,,,"(40.830975, -73.93209)",1.0,0.0,0,0,0,0,1,0,Station Wagon/Sport Utility Vehicle,Station Wagon/Sport Utility Vehicle,1
19604478,4300128,03/13/2020,14:50,436ccd7c-b679-494f-83dd-2969b0c69189,Sedan,TOYT -CAR/SUV,2014.0,1.0,,,Going Straight Ahead,Center Front End,Center Front End,,,,N,,Driver Inattention/Distraction,Following Too Closely,,,"(40.730366, -73.91388)",0.0,0.0,0,0,0,0,0,0,Station Wagon/Sport Utility Vehicle,Sedan,0
19577454,4296355,03/02/2020,13:30,17d01a95-1653-4bda-857a-4ef0c34f909d,Station Wagon/Sport Utility Vehicle,FORD -CAR/SUV,2016.0,2.0,M,Licensed,Changing Lanes,Left Front Bumper,Left Front Bumper,No Damage,No Damage,No Damage,N,,Unspecified,Unspecified,,,"(40.846893, -73.92055)",0.0,0.0,0,0,0,0,0,0,Station Wagon/Sport Utility Vehicle,Station Wagon/Sport Utility Vehicle,0
19550187,4279073,01/26/2020,12:15,4af2206b-ac33-4574-a366-688a419e9708,Station Wagon/Sport Utility Vehicle,CHEV -CAR/SUV,2013.0,1.0,M,Licensed,Going Straight Ahead,Left Rear Quarter Panel,Left Rear Quarter Panel,Left Rear Bumper,,,N,,Unspecified,Unspecified,,,,0.0,0.0,0,0,0,0,0,0,Station Wagon/Sport Utility Vehicle,Sedan,0
19534840,4275444,01/18/2020,13:45,456f803e-f00c-4d13-b360-611a7b2b408b,Station Wagon/Sport Utility Vehicle,CHEV -CAR/SUV,2018.0,1.0,M,Licensed,Stopped in Traffic,Center Back End,Center Back End,,,,N,,Unspecified,Unspecified,BROOKLYN,11234.0,"(40.61368, -73.911934)",0.0,0.0,0,0,0,0,0,0,Station Wagon/Sport Utility Vehicle,Station Wagon/Sport Utility Vehicle,0
19554163,4281856,02/01/2020,00:15,909fcf46-cf2b-4865-8296-db425e3b2c77,Station Wagon/Sport Utility Vehicle,FORD -CAR/SUV,2010.0,2.0,F,Licensed,Going Straight Ahead,Left Front Quarter Panel,Left Front Quarter Panel,Left Front Bumper,Left Side Doors,No Damage,N,,Passing Too Closely,Unspecified,,,"(40.869495, -73.82619)",0.0,0.0,0,0,0,0,0,0,Station Wagon/Sport Utility Vehicle,Station Wagon/Sport Utility Vehicle,0
19714265,4332054,07/26/2020,15:35,08c5426b-e349-4b19-8eee-16a8cc155e64,Station Wagon/Sport Utility Vehicle,MERZ -CAR/SUV,2018.0,5.0,M,Licensed,Going Straight Ahead,Center Back End,Center Back End,Center Back End,Center Back End,Center Back End,N,,Other Vehicular,Unspecified,BROOKLYN,11235.0,"(40.57655, -73.966385)",2.0,0.0,0,0,0,0,2,0,Station Wagon/Sport Utility Vehicle,NYC BUS,1
19786357,4364102,11/02/2020,18:10,b13c4a7c-1e2e-4f6b-adde-d26f1c15ce36,Bus,ORION,2007.0,1.0,M,Licensed,Going Straight Ahead,Right Rear Quarter Panel,Right Rear Quarter Panel,No Damage,No Damage,No Damage,N,,Unspecified,Unspecified,QUEENS,11369.0,"(40.76297, -73.87515)",1.0,0.0,0,0,0,0,1,0,Bus,Sedan,1
19564002,4282828,02/03/2020,11:30,7e9accbb-8aeb-4cdd-a1ee-569b899f4aad,Sedan,NISS -CAR/SUV,2014.0,3.0,F,Licensed,Going Straight Ahead,Right Front Quarter Panel,Right Side Doors,Right Front Quarter Panel,,,N,,Unspecified,Unspecified,,,"(40.662655, -73.84912)",0.0,0.0,0,0,0,0,0,0,Sedan,Sedan,0
19597618,4306017,03/08/2020,09:54,7bc77144-361f-4395-9483-de8083b75fc4,Station Wagon/Sport Utility Vehicle,MITS -CAR/SUV,2019.0,1.0,M,Licensed,Going Straight Ahead,Right Side Doors,No Damage,,,,N,,Passing Too Closely,Passing or Lane Usage Improper,QUEENS,11419.0,"(40.68586, -73.82672)",0.0,0.0,0,0,0,0,0,0,Ambulance,Station Wagon/Sport Utility Vehicle,0
19534848,4276949,01/21/2020,10:10,c43da8c8-e8c6-470c-8c3e-0d6bac055932,Pick-up Truck,CHEV -CAR/SUV,2016.0,1.0,F,Licensed,Going Straight Ahead,Right Front Bumper,Right Front Bumper,,,,N,,Unspecified,Unspecified,BROOKLYN,11236.0,"(40.632473, -73.9049)",0.0,0.0,0,0,0,0,0,0,Pick-up Truck,Sedan,0
19678071,4315345,05/21/2020,20:50,9d0f4efe-e9c6-4b85-bb86-59ddce1fcc65,E-Scooter,NIU,2020.0,1.0,M,Licensed,Going Straight Ahead,Left Rear Quarter Panel,Left Rear Quarter Panel,,,,N,,Unspecified,Unspecified,,,"(40.667164, -73.93407)",0.0,0.0,0,0,0,0,0,0,E-Scooter,Sedan,0
19582116,4291860,02/22/2020,15:40,4e4cf9f1-f5e7-4350-890a-42ff16a60369,Station Wagon/Sport Utility Vehicle,JEEP -CAR/SUV,2019.0,0.0,,,Parked,Left Front Quarter Panel,Left Front Quarter Panel,,,,N,,Unspecified,Unspecified,,,"(40.82267, -73.92007)",0.0,0.0,0,0,0,0,0,0,Station Wagon/Sport Utility Vehicle,Station Wagon/Sport Utility Vehicle,0
19580801,4299984,03/11/2020,10:20,c3951201-65dd-41c7-a750-3edd5dff892e,Sedan,TOYT -CAR/SUV,2009.0,1.0,M,Licensed,Going Straight Ahead,Right Front Bumper,Right Front Bumper,,,,N,,Failure to Yield Right-of-Way,Traffic Control Disregarded,BROOKLYN,11201.0,"(40.694794, -73.98246)",0.0,0.0,0,0,0,0,0,0,Sedan,Sedan,0
19609728,4308856,04/14/2020,00:40,bfd5c226-1ad6-473f-a03e-5d30df056e89,Sedan,TOYT -CAR/SUV,2015.0,1.0,M,Licensed,Backing,Right Rear Bumper,Right Rear Bumper,Center Back End,,,N,,Driver Inattention/Distraction,Unspecified,QUEENS,11101.0,"(40.75401, -73.948395)",0.0,0.0,0,0,0,0,0,0,Sedan,Sedan,0
19732265,4339773,08/16/2020,11:15,9b0bf86c-aa9a-4ddc-8008-366760f4b86b,Sedan,VOLK -CAR/SUV,2011.0,1.0,F,Licensed,Going Straight Ahead,Left Front Bumper,Center Front End,Right Front Bumper,No Damage,No Damage,N,,Driver Inattention/Distraction,Unspecified,QUEENS,11421.0,"(40.69366, -73.85217)",0.0,0.0,0,0,0,0,0,0,Sedan,Sedan,0
19558286,4294088,02/26/2020,20:48,6d318eca-b140-475e-9c39-1e843d54107a,Sedan,BMW -CAR/SUV,2006.0,1.0,M,Licensed,Going Straight Ahead,Center Back End,Center Back End,,,,Unspecified,,Unspecified,Unspecified,,,"(40.74715, -73.985504)",0.0,0.0,0,0,0,0,0,0,Sedan,Taxi,0
19593954,4306758,03/09/2020,19:00,5c3b86f3-85b5-4cee-8cd6-34ce4c6db1e1,Sedan,AUDI -CAR/SUV,2017.0,1.0,M,Licensed,Parked,Left Front Quarter Panel,Left Front Quarter Panel,,,,N,,Unspecified,Unspecified,QUEENS,11361.0,"(40.76268, -73.77052)",0.0,0.0,0,0,0,0,0,0,Station Wagon/Sport Utility Vehicle,Sedan,0
19752252,4348990,09/16/2020,05:30,0a3251f4-c2ba-4bdc-9a82-35660f0bd474,Sedan,CHEV -CAR/SUV,2017.0,0.0,M,Licensed,Going Straight Ahead,Right Side Doors,Right Front Quarter Panel,Right Side Doors,Right Rear Quarter Panel,No Damage,N,,Unspecified,Unspecified,,,"(40.687668, -73.951035)",0.0,0.0,0,0,0,0,0,0,Sedan,,0
19800280,4370705,11/24/2020,21:59,054c0bee-1c6f-4499-acef-66c7c5db97bf,E-Scooter,FLJ,,1.0,M,Unlicensed,Going Straight Ahead,Center Front End,Center Front End,Right Front Bumper,Left Front Bumper,No Damage,N,,Traffic Control Disregarded,Unspecified,,,,1.0,0.0,0,0,1,0,0,0,E-Scooter,Sedan,1
19558991,4283242,02/02/2020,05:14,26ec74f0-1659-41a8-9a5d-b7bf8d659a9d,Taxi,TOYT -CAR/SUV,2016.0,1.0,M,Licensed,Going Straight Ahead,Right Side Doors,Right Side Doors,Right Rear Quarter Panel,No Damage,No Damage,N,,Driver Inexperience,Failure to Yield Right-of-Way,,,"(40.781315, -73.94614)",0.0,0.0,0,0,0,0,0,0,Taxi,Sedan,0
19538367,4295536,02/29/2020,12:50,67d899c4-66d4-4ef6-8a67-483e74ef65cc,Sedan,NISS -CAR/SUV,2009.0,1.0,M,Licensed,Stopped in Traffic,Left Front Bumper,Left Front Quarter Panel,Center Front End,Left Side Doors,Left Front Bumper,N,,Unspecified,Unspecified,STATEN ISLAND,10309.0,"(40.525543, -74.20547)",0.0,0.0,0,0,0,0,0,0,Sedan,Station Wagon/Sport Utility Vehicle,0
19787442,4364819,11/05/2020,06:45,db5a00e9-31a3-4828-ab66-23dcf3124571,Station Wagon/Sport Utility Vehicle,CHEV -CAR/SUV,2011.0,1.0,M,Licensed,Stopped in Traffic,Left Rear Bumper,Left Rear Bumper,Center Back End,Left Rear Quarter Panel,,N,,Unspecified,Unspecified,,,"(40.59691, -74.19134)",0.0,0.0,0,0,0,0,0,0,Pick-up Truck,Station Wagon/Sport Utility Vehicle,0
19787075,4364617,11/05/2020,15:10,f919148b-d7e8-4d15-b7f9-eefe04c51b55,Bus,GMC-TRUCK/BUS,2007.0,1.0,M,Licensed,Backing,Right Rear Bumper,Right Rear Bumper,,,,N,,Brakes Defective,Backing Unsafely,QUEENS,11432.0,"(40.721592, -73.777084)",0.0,0.0,0,0,0,0,0,0,Bus,Bus,0
19794616,4368086,11/16/2020,03:45,9a9c5909-afa6-48b4-940e-26517080f7af,Bus,IC CORP,2006.0,0.0,,,Parked,Center Back End,Left Rear Bumper,Center Back End,Right Rear Bumper,Left Rear Quarter Panel,N,,Unspecified,Unspecified,BROOKLYN,11224.0,"(40.578087, -73.99286)",1.0,0.0,0,0,0,0,1,0,Station Wagon/Sport Utility Vehicle,Bus,1
19604094,4307730,04/03/2020,19:20,d47cfb9c-248e-4d00-bbd3-eb283447a868,Sedan,BMW -CAR/SUV,2015.0,1.0,M,Licensed,Parked,Center Front End,Center Front End,Left Front Bumper,Right Front Bumper,,N,,Unspecified,Unspecified,,,"(40.69366, -73.85217)",0.0,0.0,0,0,0,0,0,0,Sedan,Sedan,0
19358926,4309566,04/14/2020,17:31,28c7972b-621d-418f-8c76-2fa246317d74,Station Wagon/Sport Utility Vehicle,GMC -CAR/SUV,2008.0,0.0,,,Parked,Left Front Quarter Panel,Left Front Quarter Panel,Left Front Bumper,,,N,,Unspecified,Unspecified,QUEENS,11415.0,"(40.70617, -73.83461)",0.0,0.0,0,0,0,0,0,0,Station Wagon/Sport Utility Vehicle,,0
19818965,4379010,12/25/2020,13:55,ba7f5674-5868-4686-a4fa-c7420eba5969,Sedan,VOLV -CAR/SUV,2018.0,2.0,F,Licensed,Going Straight Ahead,Right Front Bumper,Right Front Bumper,Left Rear Bumper,,,N,,Unspecified,Unspecified,BROOKLYN,11230.0,"(40.61359, -73.97082)",0.0,0.0,0,0,0,0,0,0,Station Wagon/Sport Utility Vehicle,Sedan,0
19790006,4361535,10/26/2020,15:16,b0f9c242-547b-455b-83ac-42808cec57ae,Sedan,TOYT -CAR/SUV,2016.0,1.0,M,Licensed,Stopped in Traffic,Center Front End,Center Front End,Left Front Bumper,Right Front Bumper,No Damage,N,,Unspecified,Unspecified,,,"(40.83501, -73.91206)",4.0,0.0,0,0,0,0,4,0,Station Wagon/Sport Utility Vehicle,Sedan,1
19787847,4361832,10/27/2020,19:00,a9a8c1d4-a3e5-4395-b595-a337309c5c7e,Station Wagon/Sport Utility Vehicle,MERZ -CAR/SUV,2017.0,1.0,M,Licensed,Changing Lanes,Center Back End,Right Rear Bumper,Left Rear Bumper,,,N,,Unspecified,Unspecified,QUEENS,11413.0,"(40.665955, -73.76084)",1.0,0.0,0,0,0,0,1,0,Sedan,Station Wagon/Sport Utility Vehicle,1
19735843,4341754,08/25/2020,18:25,8f845669-cb85-44d1-8121-16e01faf374d,Sedan,ACUR -CAR/SUV,2003.0,1.0,M,Licensed,Going Straight Ahead,Right Front Bumper,Right Front Bumper,Center Front End,,,N,,Pavement Slippery,Unspecified,,,"(40.847397, -73.92841)",1.0,0.0,0,0,0,0,1,0,Station Wagon/Sport Utility Vehicle,Sedan,1
19533320,4272145,01/11/2020,23:18,d7dc4c1b-0fde-43e4-a7e2-17c9e8f6b186,Sedan,HOND -CAR/SUV,2018.0,1.0,M,Licensed,Changing Lanes,Right Rear Bumper,Right Rear Quarter Panel,,,,N,,Unsafe Lane Changing,Unspecified,,,"(40.740078, -73.89969)",0.0,0.0,0,0,0,0,0,0,Sedan,Sedan,0
19536399,4277250,01/21/2020,17:41,814455f4-e345-4066-b27d-cef3f452d216,Pick-up Truck,RAMB -CAR/SUV,2019.0,1.0,M,Licensed,Making Right Turn,Right Side Doors,Right Side Doors,Right Rear Quarter Panel,,,N,,Failure to Yield Right-of-Way,Turning Improperly,BRONX,10463.0,,1.0,0.0,0,0,0,0,1,0,Bus,Pick-up Truck,1