UNIQUE_ID,COLLISION_ID,CRASH_DATE,CRASH_TIME,VEHICLE_ID,VEHICLE_TYPE,VEHICLE_MAKE,VEHICLE_YEAR,VEHICLE_OCCUPANTS,DRIVER_SEX,DRIVER_LICENSE_STATUS,PRE_CRASH,POINT_OF_IMPACT,VEHICLE_DAMAGE,VEHICLE_DAMAGE_1,VEHICLE_DAMAGE_2,VEHICLE_DAMAGE_3,PUBLIC_PROPERTY_DAMAGE,PUBLIC_PROPERTY_DAMAGE_TYPE,CONTRIBUTING_FACTOR_1,CONTRIBUTING_FACTOR_2,BOROUGH,ZIP CODE,LOCATION,NUMBER OF PERSONS INJURED,NUMBER OF PERSONS KILLED,NUMBER OF PEDESTRIANS INJURED,NUMBER OF PEDESTRIANS KILLED,NUMBER OF CYCLIST INJURED,NUMBER OF CYCLIST KILLED,NUMBER OF MOTORIST INJURED,NUMBER OF MOTORIST KILLED,VEHICLE TYPE CODE 1,VEHICLE TYPE CODE 2,Severity
19744258,4345194,09/06/2020,15:45,2bd3f78c-1f66-4a48-bf2f-c5f9613ca89d,Station Wagon/Sport Utility Vehicle,NISS -CAR/SUV,2019.0,1.0,,,Going Straight Ahead,Right Front Bumper,Right Front Bumper,Right Front Bumper,Right Front Bumper,Right Front Bumper,N,,Unspecified,Unspecified,QUEENS,11367.0,"(40.727974, -73.812325)",0.0,0.0,0,0,0,0,0,0,Sedan,Station Wagon/Sport Utility Vehicle,0
19716414,4332721,07/27/2020,18:50,065a89b3-f64e-491e-b1f6-5474ff47266b,Sedan,DODG -CAR/SUV,2019.0,3.0,M,Licensed,Going Straight Ahead,Right Front Bumper,Left Front Bumper,Center Front End,Left Front Quarter Panel,Right Front Quarter Panel,N,,Unsafe Speed,Driver Inattention/Distraction,,,"(40.83398, -73.82635)",0.0,0.0,0,0,0,0,0,0,Sedan,Pick-up Truck,0
19592330,4306267,03/08/2020,06:10,4f903e7c-c10a-48f0-aac7-290ee696e537,Taxi,TOYT -CAR/SUV,2019.0,1.0,M,Licensed,Making Right Turn,Right Rear Quarter Panel,Right Rear Quarter Panel,No Damage,No Damage,No Damage,N,,Unspecified,Unspecified,,,"(40.840286, -73.92147)",0.0,0.0,0,0,0,0,0,0,Taxi,Station Wagon/Sport Utility Vehicle,0
19717299,4333010,07/07/2020,00:00,d49bca2a-6513-4cfc-b7d0-451974e54d56,Station Wagon/Sport Utility Vehicle,HOND -CAR/SUV,2017.0,0.0,,,Parked,Right Front Bumper,Right Front Bumper,,,,N,,Unspecified,Unspecified,QUEENS,11379.0,"(40.709866, -73.87831)",0.0,0.0,0,0,0,0,0,0,Station Wagon/Sport Utility Vehicle,,0
19681359,4317020,05/31/2020,03:06,d0dfcb34-84b2-438b-b389-b8b6a65a307e,Sedan,NISS -CAR/SUV,2020.0,2.0,F,Licensed,Going Straight Ahead,Center Front End,Center Front End,No Damage,No Damage,No Damage,Y,,Driver Inattention/Distraction,Unspecified,BRONX,10460.0,"(40.83928, -73.886604)",0.0,0.0,0,0,0,0,0,0,Sedan,,0
19716044,4332254,07/27/2020,07:00,c1ff2583-710b-4ddd-8666-764ece7c1e39,Multi-Wheeled Vehicle,polaris slingshot,2019.0,0.0,,,Parked,Right Front Bumper,Right Front Bumper,Center Front End,Left Front Bumper,,N,,Unspecified,Unspecified,QUEENS,11040.0,"(40.75102, -73.701965)",0.0,0.0,0,0,0,0,0,0,Multi-Wheeled Vehicle,,0
19671797,4312562,05/08/2020,22:20,8b99b56b-cd14-4bf2-a3a9-462e1ab58914,Station Wagon/Sport Utility Vehicle,CHEV -CAR/SUV,2011.0,1.0,M,Licensed,Going Straight Ahead,Center Front End,Center Front End,Left Front Bumper,Right Front Bumper,Center Front End,N,,Unspecified,Unspecified,BRONX,10474.0,"(40.809776, -73.889084)",2.0,0.0,0,0,0,0,2,0,Station Wagon/Sport Utility Vehicle,Sedan,1
19525854,4273875,01/13/2020,13:22,b175fa41-e333-446b-a629-412555f271ef,Pick-up Truck,ISU -CAR/SUV,2004.0,1.0,F,,Making Right Turn,Right Rear Quarter Panel,Right Rear Quarter Panel,,,,N,,Passing or Lane Usage Improper,Turning Improperly,,,"(40.790367, -73.949776)",0.0,0.0,0,0,0,0,0,0,Bus,Pick-up Truck,0
19728776,4338334,08/13/2020,20:34,555bddc3-7f44-4315-9ffa-6fe826bfe65c,Station Wagon/Sport Utility Vehicle,TOYT -CAR/SUV,2019.0,2.0,F,Licensed,Slowing or Stopping,Center Back End,No Damage,No Damage,No Damage,No Damage,N,,Unspecified,Unspecified,,,"(40.811638, -73.9316)",2.0,0.0,0,0,0,0,2,0,Station Wagon/Sport Utility Vehicle,Sedan,1
19577532,4308069,04/08/2020,06:40,e3c30c5e-6982-4c98-997a-39ed3167357e,Station Wagon/Sport Utility Vehicle,CHEV -CAR/SUV,2001.0,1.0,M,Licensed,Going Straight Ahead,Center Front End,Center Front End,No Damage,No Damage,No Damage,N,,Following Too Closely,Unspecified,STATEN ISLAND,10305.0,"(40.586494, -74.092125)",0.0,0.0,0,0,0,0,0,0,Station Wagon/Sport Utility Vehicle,Station Wagon/Sport Utility Vehicle,0
19573212,4292213,02/23/2020,14:40,3dbf4188-5965-4ba6-a3c0-b6df95996029,Sedan,TOYT -CAR/SUV,2010.0,2.0,M,Licensed,Going Straight Ahead,Center Back End,Center Back End,Right Rear Bumper,Left Rear Bumper,No Damage,N,,Unspecified,Unspecified,,,"(40.64712, -74.01528)",0.0,0.0,0,0,0,0,0,0,Station Wagon/Sport Utility Vehicle,Sedan,0
19717278,4332869,07/27/2020,10:00,3dcd9e87-7c82-44c0-b4bb-bad0afc550cb,Ambulance,FORD-TRUCK/BUS,,2.0,M,Licensed,Making Left Turn,Right Rear Bumper,Right Rear Bumper,No Damage,No Damage,No Damage,N,,Driver Inattention/Distraction,Unspecified,,,"(40.69249, -73.81706)",0.0,0.0,0,0,0,0,0,0,Ambulance,Sedan,0
19752460,4349034,09/16/2020,15:37,03cef789-78fe-439a-8f86-635acd43c854,Station Wagon/Sport Utility Vehicle,NISS -CAR/SUV,2014.0,1.0,F,Licensed,Making Left Turn,Right Front Bumper,Right Front Bumper,No Damage,No Damage,No Damage,N,,Driver Inattention/Distraction,Following Too Closely,MANHATTAN,10075.0,"(40.77202, -73.956024)",0.0,0.0,0,0,0,0,0,0,Box Truck,Station Wagon/Sport Utility Vehicle,0
19552507,4291198,02/20/2020,22:05,fd3d2eb1-8489-4a3d-ad0f-9a7013689fb3,Sedan,INFI -CAR/SUV,2011.0,4.0,M,Licensed,Going Straight Ahead,Right Front Bumper,Right Front Bumper,No Damage,No Damage,No Damage,N,,Unspecified,Unspecified,,,"(40.801125, -73.92988)",0.0,0.0,0,0,0,0,0,0,Sedan,Sedan,0
19524276,4276784,01/17/2020,18:50,3429a604-4f45-432f-a7e8-84146357f058,Station Wagon/Sport Utility Vehicle,HOND -CAR/SUV,2006.0,1.0,M,Licensed,Making Left Turn,Left Rear Quarter Panel,Left Rear Quarter Panel,Left Side Doors,No Damage,No Damage,N,,Unspecified,Unspecified,STATEN ISLAND,10312.0,"(40.562065, -74.18073)",0.0,0.0,0,0,0,0,0,0,Station Wagon/Sport Utility Vehicle,Sedan,0
19783761,4363268,10/30/2020,17:50,22955e77-af55-4ebe-a781-077d28118813,Sedan,SUBA -CAR/SUV,2007.0,1.0,M,Licensed,Slowing or Stopping,Center Back End,Center Back End,Center Front End,Left Front Quarter Panel,Right Front Quarter Panel,N,,Unspecified,Unspecified,,,,5.0,0.0,0,0,0,0,5,0,AMBULANCE,Box Truck,1
19611256,4311712,05/04/2020,03:15,6bdb7be9-e853-4f2b-9af1-572e2dfe275d,Station Wagon/Sport Utility Vehicle,TOYT -CAR/SUV,2020.0,,,,,Center Front End,,,,,N,,Driver Inattention/Distraction,,,,"(40.745945, -73.95552)",0.0,0.0,0,0,0,0,0,0,Station Wagon/Sport Utility Vehicle,,0
19609091,4303716,03/24/2020,13:07,17858984-a5fd-40a7-9bf5-54e976e8e9db,Box Truck,HINO -TRUCK/BUS,2011.0,1.0,M,Licensed,Changing Lanes,Right Front Bumper,Right Front Bumper,Center Front End,,,Unspecified,,Following Too Closely,Unspecified,,,"(40.767113, -73.90405)",0.0,0.0,0,0,0,0,0,0,Box Truck,Box Truck,0
19715640,4332337,07/27/2020,14:00,4c6e3c0e-3006-4311-a02f-d30a478e543c,Station Wagon/Sport Utility Vehicle,TOYT -CAR/SUV,2008.0,0.0,,,Parked,Center Front End,Center Front End,No Damage,No Damage,No Damage,N,,Unspecified,Unspecified,BROOKLYN,11214.0,"(40.59961, -73.99626)",0.0,0.0,0,0,0,0,0,0,Station Wagon/Sport Utility Vehicle,Station Wagon/Sport Utility Vehicle,0
19724789,4336486,08/09/2020,18:53,1bd8dc0b-b2cf-4ca7-94ae-ad9af133568b,Sedan,VOLK -CAR/SUV,2016.0,2.0,M,Licensed,Slowing or Stopping,Center Back End,Center Back End,,,,N,,Unspecified,Unspecified,,,"(40.837894, -73.88138)",0.0,0.0,0,0,0,0,0,0,Sedan,Sedan,0
19607935,4303651,03/24/2020,17:11,8c0aa9e8-7568-4940-876c-245f1a7d1d84,Station Wagon/Sport Utility Vehicle,MITS -CAR/SUV,2017.0,1.0,M,Licensed,Going Straight Ahead,Left Front Bumper,Left Front Bumper,Left Front Quarter Panel,,,Unspecified,,Unspecified,Unspecified,QUEENS,11435.0,"(40.707657, -73.813156)",0.0,0.0,0,0,0,0,0,0,Station Wagon/Sport Utility Vehicle,Sedan,0
19810862,4375379,12/12/2020,01:19,d0e92aec-2ddc-4b1a-a817-d0a0e943395a,Station Wagon/Sport Utility Vehicle,CADI -CAR/SUV,2018.0,2.0,M,Licensed,Going Straight Ahead,Center Front End,Center Front End,Demolished,,,Unspecified,,Alcohol Involvement,Unspecified,,,"(40.58502, -74.14763)",1.0,0.0,0,0,0,0,1,0,Station Wagon/Sport Utility Vehicle,,1
19809262,4374652,12/08/2020,09:13,d26821a1-2979-4834-84f4-514945ec5d50,Station Wagon/Sport Utility Vehicle,ACUR -CAR/SUV,2019.0,2.0,M,Unlicensed,Going Straight Ahead,Right Front Bumper,Demolished,Demolished,Demolished,Demolished,N,,Unsafe Speed,Driver Inexperience,,,,0.0,1.0,0,0,0,0,0,1,Station Wagon/Sport Utility Vehicle,,2
19800202,4370333,11/24/2020,06:00,f61825b4-6dcf-4b7d-992b-a10ab60f69a3,Bus,NE/FL,2019.0,1.0,M,Licensed,Making Right Turn,Left Rear Bumper,Left Rear Bumper,Left Rear Quarter Panel,Center Back End,,N,,Unspecified,Unspecified,QUEENS,11422.0,"(40.665558, -73.72985)",0.0,0.0,0,0,0,0,0,0,Bus,Sedan,0
19674221,4313552,05/14/2020,13:40,543e234c-0652-467c-8617-612812a57417,Sedan,SUBA -CAR/SUV,2012.0,1.0,F,Licensed,Going Straight Ahead,Left Front Bumper,Left Front Bumper,Right Front Bumper,,,Y,,Unspecified,Unspecified,QUEENS,11434.0,"(40.68701, -73.774864)",0.0,0.0,0,0,0,0,0,0,Sedan,Sedan,0
19688513,4319946,06/13/2020,02:00,c6c5f525-b9d1-4b2f-91b5-b25538eca5e5,Sedan,NISS -CAR/SUV,2014.0,1.0,M,Licensed,Making Right Turn,Center Front End,Center Front End,Left Front Quarter Panel,Right Front Quarter Panel,,N,,Reaction to Uninvolved Vehicle,Unspecified,BROOKLYN,11207.0,"(40.670933, -73.895615)",0.0,0.0,0,0,0,0,0,0,Sedan,Sedan,0
19527421,4284548,02/06/2020,19:25,11e81078-0a16-474d-88c9-544ed92d5be7,Station Wagon/Sport Utility Vehicle,FORD -CAR/SUV,2017.0,2.0,F,Licensed,Going Straight Ahead,Right Side Doors,No Damage,No Damage,No Damage,No Damage,N,,Unspecified,Unspecified,MANHATTAN,10031.0,"(40.82866, -73.94594)",0.0,0.0,0,0,0,0,0,0,Station Wagon/Sport Utility Vehicle,Station Wagon/Sport Utility Vehicle,0
19718093,4333289,07/28/2020,14:08,6add0cd1-9de8-43f2-8af4-738b0ed871e4,Bus,orion,2007.0,1.0,M,Licensed,Going Straight Ahead,Left Rear Bumper,Left Rear Bumper,,,,N,,Unspecified,Unspecified,QUEENS,11372.0,"(40.752945, -73.89248)",0.0,0.0,0,0,0,0,0,0,Bus,Station Wagon/Sport Utility Vehicle,0
19811652,4375724,12/06/2020,15:18,64ccbf63-720b-419b-924b-06b2ce7d7ea7,Station Wagon/Sport Utility Vehicle,TOYT -CAR/SUV,2004.0,1.0,M,Licensed,Going Straight Ahead,Center Front End,No Damage,No Damage,No Damage,No Damage,N,,Unspecified,Unspecified,BRONX,10472.0,"(40.828625, -73.878784)",0.0,0.0,0,0,0,0,0,0,Station Wagon/Sport Utility Vehicle,E-Bike,0
19789397,4365695,11/08/2020,18:47,315dc5dc-c1e4-4e13-8d49-cfef07250193,Station Wagon/Sport Utility Vehicle,HOND -CAR/SUV,2010.0,2.0,,,Making Left Turn,Right Front Bumper,Right Front Quarter Panel,Right Front Bumper,Right Front Quarter Panel,Center Front End,N,,Driver Inattention/Distraction,Driver Inattention/Distraction,,,"(40.897934, -73.857056)",3.0,0.0,0,0,0,0,3,0,Sedan,Station Wagon/Sport Utility Vehicle,1
19753730,4349531,09/19/2020,20:45,b9a9f2e3-c485-4766-b2c2-ca18a6faf06c,Sedan,CHRY -CAR/SUV,2001.0,1.0,M,Licensed,Going Straight Ahead,Center Back End,Center Back End,,,,Unspecified,,Unspecified,Unspecified,QUEENS,11101.0,"(40.740913, -73.95226)",0.0,0.0,0,0,0,0,0,0,Sedan,Station Wagon/Sport Utility Vehicle,0
19718140,4333540,07/09/2020,16:19,5d97b7f3-b468-462c-a45c-0dce686f739a,Sedan,INFI -CAR/SUV,2002.0,3.0,M,Licensed,Going Straight Ahead,Left Rear Bumper,Left Front Bumper,Center Front End,Right Front Bumper,,N,,Unspecified,Unspecified,,,"(40.80786, -73.93182)",3.0,0.0,0,0,0,0,3,0,Sedan,Bus,1
19728206,4338015,08/07/2020,12:05,b7ede92e-c640-47ff-8c3c-fce234bc5067,Station Wagon/Sport Utility Vehicle,GMC -CAR/SUV,2012.0,0.0,M,Licensed,Parked,Left Front Quarter Panel,Left Front Bumper,Center Front End,Right Front Bumper,,N,,Unspecified,Unspecified,BRONX,10475.0,"(40.88653, -73.82606)",0.0,0.0,0,0,0,0,0,0,Station Wagon/Sport Utility Vehicle,,0
19567358,4284373,02/05/2020,16:30,877de2e3-d327-4c35-ae3b-1f1e9c56aea8,Station Wagon/Sport Utility Vehicle,HOND -CAR/SUV,2013.0,1.0,F,Licensed,Going Straight Ahead,Left Front Quarter Panel,Left Front Bumper,No Damage,No Damage,No Damage,N,,Driver Inattention/Distraction,Unspecified,QUEENS,11385.0,"(40.712696, -73.900604)",0.0,0.0,0,0,0,0,0,0,Station Wagon/Sport Utility Vehicle,Station Wagon/Sport Utility Vehicle,0
19591896,4295146,02/29/2020,15:30,25d79bec-c520-4a3f-87b6-d872fd3baf14,Station Wagon/Sport Utility Vehicle,CHRY -CAR/SUV,2006.0,1.0,M,Licensed,Making Left Turn,Right Front Bumper,Right Front Bumper,,,,N,,Failure to Yield Right-of-Way,Unspecified,QUEENS,11419.0,"(40.682243, -73.82222)",0.0,0.0,0,0,0,0,0,0,Station Wagon/Sport Utility Vehicle,Station Wagon/Sport Utility Vehicle,0
19572439,4293655,02/25/2020,16:39,c3e2ea70-40c7-469d-bf6a-ec63bd042017,Sedan,NISS -CAR/SUV,2001.0,2.0,M,Licensed,Going Straight Ahead,Center Front End,Left Front Bumper,Center Front End,Right Front Bumper,,N,,Failure to Yield Right-of-Way,Unspecified,BROOKLYN,11234.0,"(40.62124, -73.929085)",2.0,0.0,0,0,0,0,2,0,Station Wagon/Sport Utility Vehicle,Sedan,1
19686881,4319436,06/11/2020,22:56,a4ea0ce2-6844-4f6c-a4d9-35b5e2adea74,Sedan,TOYT -CAR/SUV,2018.0,1.0,M,Licensed,Making U Turn,Right Front Quarter Panel,Right Front Quarter Panel,Right Side Doors,Right Side Doors,,N,,Turning Improperly,Unspecified,BRONX,10474.0,"(40.81943, -73.88972)",0.0,0.0,0,0,0,0,0,0,Pick-up Truck,Sedan,0
19725765,4336827,08/02/2020,12:31,1952bdd0-1aa1-4d81-be06-8cf909d9c47c,Station Wagon/Sport Utility Vehicle,HOND -CAR/SUV,2005.0,0.0,,,Parked,Left Front Bumper,Left Front Bumper,Left Side Doors,No Damage,No Damage,N,,Unspecified,Unspecified,,,"(40.692974, -73.90811)",1.0,0.0,0,0,0,0,1,0,Bus,Motorcycle,1
19542020,4289217,02/14/2020,08:54,c98688dd-a9a0-4c11-87ba-9fcd93c2df6d,Station Wagon/Sport Utility Vehicle,FORD -CAR/SUV,2005.0,1.0,M,Licensed,Starting from Parking,Left Front Quarter Panel,Left Side Doors,Left Rear Quarter Panel,No Damage,No Damage,N,,Unsafe Lane Changing,Driver Inattention/Distraction,BROOKLYN,11233.0,"(40.67903, -73.9246)",0.0,0.0,0,0,0,0,0,0,Station Wagon/Sport Utility Vehicle,Sedan,0
19605888,4294677,02/27/2020,08:17,15046ff3-8733-4129-b26d-3092c7c1b84b,Taxi,TOYT -CAR/SUV,2014.0,1.0,M,Licensed,Changing Lanes,Right Front Bumper,Right Front Bumper,,,,N,,Unspecified,Unspecified,BROOKLYN,11208.0,"(40.67809, -73.8842)",1.0,0.0,0,0,0,0,1,0,Station Wagon/Sport Utility Vehicle,Taxi,1
19758021,4350896,09/23/2020,12:16,5a00edb5-b674-40fc-a808-32a7c51a03f3,Station Wagon/Sport Utility Vehicle,NISS -CAR/SUV,2016.0,1.0,F,Licensed,Going Straight Ahead,Center Front End,Left Front Bumper,Right Front Bumper,Center Front End,Center Front End,N,,Driver Inattention/Distraction,Failure to Yield Right-of-Way,,,"(40.585266, -74.15045)",2.0,0.0,0,0,0,0,2,0,Station Wagon/Sport Utility Vehicle,Station Wagon/Sport Utility Vehicle,1
19716837,4333047,07/28/2020,14:00,b34f91f0-044f-46c4-bd42-64d64c2c93c0,Sedan,FORD -CAR/SUV,2019.0,0.0,,,Parked,Right Rear Quarter Panel,Right Rear Quarter Panel,Other,Other,Other,N,,Unspecified,Unspecified,BROOKLYN,11222.0,"(40.731842, -73.95978)",0.0,0.0,0,0,0,0,0,0,Sedan,Sedan,0
19754887,4350080,09/19/2020,16:30,b38adfcb-e2cc-42df-9420-e1c1fe271c89,Sedan,HOND -CAR/SUV,2009.0,1.0,F,Licensed,Making Left Turn,Center Front End,Center Front End,,,,N,,Driver Inattention/Distraction,Unspecified,MANHATTAN,10038.0,"(40.71207, -73.996956)",1.0,0.0,0,0,1,0,0,0,Sedan,Bike,1
19595751,4303743,03/23/2020,12:15,87677f99-a41f-4d8c-941e-e47d63cf3309,Pick-up Truck,GMC -CAR/SUV,1997.0,2.0,M,Licensed,Going Straight Ahead,Right Front Bumper,Right Front Bumper,Center Front End,Right Front Quarter Panel,,N,,Following Too Closely,Unspecified,,,"(40.58428, -73.92529)",0.0,0.0,0,0,0,0,0,0,Pick-up Truck,Station Wagon/Sport Utility Vehicle,0
19568300,4306435,03/09/2020,08:04,e66a811f-7e3b-4a63-9d5e-fc793c321750,Taxi,HOND -CAR/SUV,2015.0,2.0,M,,Going Straight Ahead,Right Side Doors,Right Side Doors,,,,N,,Unspecified,Unspecified,,,"(40.756565, -73.99028)",0.0,0.0,0,0,0,0,0,0,Pick-up Truck,Taxi,0
19548807,4279291,01/25/2020,12:07,9b6166ab-5e37-48eb-81b3-70358ff61c53,Sedan,TOYT -CAR/SUV,2003.0,1.0,M,Licensed,Going Straight Ahead,Left Rear Bumper,Left Rear Bumper,Right Front Bumper,Right Side Doors,,N,,Unspecified,Unspecified,,,"(40.78515, -73.94063)",0.0,0.0,0,0,0,0,0,0,Station Wagon/Sport Utility Vehicle,Sedan,0
19857531,4396242,03/04/2021,08:10,6dc1dff7-e939-4fad-b577-8e38c467aaf7,Station Wagon/Sport Utility Vehicle,ACUR -CAR/SUV,2017.0,0.0,,,Parked,Left Side Doors,Left Side Doors,Left Front Quarter Panel,,,N,,Unspecified,Unspecified,BRONX,10469.0,"(40.87645, -73.848175)",0.0,0.0,0,0,0,0,0,0,Station Wagon/Sport Utility Vehicle,,0
19984436,4407612,04/15/2021,16:10,eb17d768-b713-4d74-9b06-221aef4c82ae,Station Wagon/Sport Utility Vehicle,TOYT -CAR/SUV,2019.0,2.0,F,Licensed,Going Straight Ahead,Left Front Bumper,Center Front End,Right Front Bumper,,,N,,Unspecified,Unspecified,QUEENS,11412.0,"    (40.694294, -73.74868)",3.0,0.0,0,0,0,0,3,0,Station Wagon/Sport Utility Vehicle,Station Wagon/Sport Utility Vehicle,1
19970516,4431654,06/27/2021,20:30,ba69d62f-7871-4115-8032-3fc248018590,Station Wagon/Sport Utility Vehicle,DODG -CAR/SUV,2020.0,1.0,,,Going Straight Ahead,Right Front Bumper,Right Front Bumper,No Damage,No Damage,No Damage,N,,Driver Inattention/Distraction,Driver Inexperience,,,"    (40.825428, -73.93631)",0.0,0.0,0,0,0,0,0,0,Sedan,Station Wagon/Sport Utility Vehicle,0
20082521,4466356,10/11/2021,10:47,5aeb5cb4-5b73-493f-b233-c53da3b07aae,Sedan,VOLV -CAR/SUV,2020.0,4.0,F,,Making Right Turn,Right Side Doors,Right Side Doors,Right Front Quarter Panel,Right Rear Quarter Panel,No Damage,N,,Failure to Yield Right-of-Way,Driver Inattention/Distraction,,,"    (40.7360016, -74.010035)",0.0,0.0,0,0,0,0,0,0,Sedan,Sedan,0
20108134,4477913,11/14/2021,21:20,341a26ea-0357-4d95-b9a8-828909adf6dc,Station Wagon/Sport Utility Vehicle,MERZ -CAR/SUV,2019.0,2.0,M,Licensed,Going Straight Ahead,Center Back End,Center Back End,,,,N,,Unspecified,Unspecified,,,"    (40.738415, -73.84899)",2.0,0.0,0,0,0,0,2,0,Station Wagon/Sport Utility Vehicle,Sedan,1
20055993,4454691,08/30/2021,16:05,4477e42e-c0c4-424a-9c46-0b73185a0243,Sedan,CHEV -CAR/SUV,2020.0,1.0,M,Licensed,Slowing or Stopping,Center Front End,Center Front End,Right Front Bumper,,,N,,Following Too Closely,Unspecified,,,,0.0,0.0,0,0,0,0,0,0,Station Wagon/Sport Utility Vehicle,Sedan,0
19857591,4396392,03/05/2021,08:45,fec93e9f-01a9-40c6-bb5a-cd37a82dd187,Sedan,NISS -CAR/SUV,2014.0,1.0,M,Licensed,Parked,Left Front Bumper,Left Front Bumper,Center Front End,Right Front Bumper,,N,,Unspecified,Unspecified,,,"(40.79207, -73.97554)",0.0,0.0,0,0,0,0,0,0,Sedan,Box Truck,0
20004011,4428836,06/16/2021,04:00,36e1d472-d196-4ec2-bac2-16655acae4a4,Station Wagon/Sport Utility Vehicle,JEEP -CAR/SUV,,,,,Making Left Turn,Left Front Bumper,Left Front Bumper,Left Front Bumper,,,N,,Driver Inattention/Distraction,,,,"    (40.752975, -73.91024)",1.0,0.0,1,0,0,0,0,0,Station Wagon/Sport Utility Vehicle,,1
20140665,4492734,01/07/2021,20:10,3eb08d31-ba07-4a95-be92-740d06d21ec9,Sedan,NISS -CAR/SUV,2020.0,1.0,M,Unlicensed,Going Straight Ahead,Right Front Bumper,Right Front Bumper,Center Front End,Left Front Bumper,,N,,Unspecified,Unspecified,QUEENS,11004.0,"    (40.74052, -73.70259)",0.0,0.0,0,0,0,0,0,0,Sedan,Station Wagon/Sport Utility Vehicle,0
19969974,4412840,05/01/2021,21:25,5535befc-da74-4362-a472-1f7c447ac371,Station Wagon/Sport Utility Vehicle,HYUN -CAR/SUV,2020.0,3.0,M,Licensed,Stopped in Traffic,Right Rear Bumper,Center Back End,,,,Unspecified,,Unspecified,Unspecified,,,"    (40.575615, -74.16678)",1.0,0.0,0,0,0,0,1,0,Station Wagon/Sport Utility Vehicle,Station Wagon/Sport Utility Vehicle,1
19984214,4420388,05/25/2021,18:18,b6ad5218-2cf9-4f2e-9071-e804c2f30c18,Sedan,HOND -CAR/SUV,2017.0,1.0,M,Licensed,Making Left Turn,Left Front Quarter Panel,No Damage,No Damage,No Damage,No Damage,N,,Failure to Yield Right-of-Way,Glare,,,"    (40.61501, -73.99102)",0.0,0.0,0,0,0,0,0,0,Bike,Sedan,0
19967861,4404033,03/19/2021,15:37,1d726648-a83b-4d3a-bf8a-73a4aab6654f,Sedan,MERZ -CAR/SUV,2015.0,1.0,,,Going Straight Ahead,Center Front End,Center Front End,Left Front Quarter Panel,Right Front Quarter Panel,,N,,Unsafe Speed,Unspecified,,,"(40.666946, -73.79712)",1.0,0.0,1,0,0,0,0,0,Sedan,Sedan,1
20049258,4451625,08/22/2021,16:39,f467a1ff-8854-49ae-a390-684b32d30b0a,Sedan,LEXS -CAR/SUV,2018.0,1.0,F,Licensed,Changing Lanes,Right Rear Quarter Panel,Right Rear Quarter Panel,,,,N,,Driver Inattention/Distraction,Driver Inattention/Distraction,,,,0.0,0.0,0,0,0,0,0,0,Sedan,Sedan,0
20057031,4455188,09/08/2021,15:40,e1c008c9-4cb6-4547-be9c-8252ea1b398f,Sedan,TOYT -CAR/SUV,2015.0,1.0,M,Licensed,Going Straight Ahead,Right Front Bumper,Right Front Bumper,Center Front End,,,N,,Driver Inexperience,Unspecified,QUEENS,11419.0,"    (40.689953, -73.818)",1.0,0.0,0,0,0,0,1,0,Sedan,Station Wagon/Sport Utility Vehicle,1
19969456,4411075,04/17/2021,22:00,b631515e-adbe-4277-a1ea-121ff4b2b011,Station Wagon/Sport Utility Vehicle,FORD -CAR/SUV,2013.0,1.0,M,Licensed,Going Straight Ahead,Left Front Bumper,Left Front Bumper,No Damage,No Damage,No Damage,N,,Unspecified,Unspecified,QUEENS,11435.0,"    (40.694546, -73.80212)",0.0,0.0,0,0,0,0,0,0,Station Wagon/Sport Utility Vehicle,Station Wagon/Sport Utility Vehicle,0
20024293,4440003,07/24/2021,14:29,df385d47-6964-4a30-a5e8-d266fa61e275,Station Wagon/Sport Utility Vehicle,MERZ -CAR/SUV,2018.0,1.0,,,Backing,Center Back End,Center Back End,,,,N,,Backing Unsafely,,QUEENS,11356.0,"    (40.781662, -73.834435)",0.0,0.0,0,0,0,0,0,0,Sedan,Station Wagon/Sport Utility Vehicle,0
20135073,4490137,12/28/2021,00:15,0ff59c9c-ee98-4cb8-b073-0dc58de7d9f5,Station Wagon/Sport Utility Vehicle,GMC -CAR/SUV,2018.0,4.0,F,Licensed,Going Straight Ahead,Right Front Quarter Panel,Right Front Bumper,Center Front End,Left Front Bumper,No Damage,N,,Unspecified,Unspecified,BRONX,10468.0,"    (40.859306, -73.89885)",4.0,0.0,0,0,0,0,4,0,Station Wagon/Sport Utility Vehicle,Sedan,1
20121449,4483758,12/03/2021,16:54,9c1f98a7-9db4-420b-9d4a-18cfb5c07a19,Sedan,HOND -CAR/SUV,2018.0,1.0,F,Licensed,Going Straight Ahead,Center Front End,Center Front End,No Damage,No Damage,No Damage,N,,Failure to Yield Right-of-Way,Unspecified,BRONX,10466.0,,0.0,0.0,0,0,0,0,0,0,Sedan,Sedan,0