UNIQUE_ID,COLLISION_ID,CRASH_DATE,CRASH_TIME,VEHICLE_ID,VEHICLE_TYPE,VEHICLE_MAKE,VEHICLE_YEAR,VEHICLE_OCCUPANTS,DRIVER_SEX,DRIVER_LICENSE_STATUS,PRE_CRASH,POINT_OF_IMPACT,VEHICLE_DAMAGE,VEHICLE_DAMAGE_1,VEHICLE_DAMAGE_2,VEHICLE_DAMAGE_3,PUBLIC_PROPERTY_DAMAGE,PUBLIC_PROPERTY_DAMAGE_TYPE,CONTRIBUTING_FACTOR_1,CONTRIBUTING_FACTOR_2,BOROUGH,ZIP CODE,LOCATION,NUMBER OF PERSONS INJURED,NUMBER OF PERSONS KILLED,NUMBER OF PEDESTRIANS INJURED,NUMBER OF PEDESTRIANS KILLED,NUMBER OF CYCLIST INJURED,NUMBER OF CYCLIST KILLED,NUMBER OF MOTORIST INJURED,NUMBER OF MOTORIST KILLED,VEHICLE TYPE CODE 1,VEHICLE TYPE CODE 2,Severity
20037175,4446155,08/07/2021,22:48,ec2c82d9-6f7a-4c6e-8b4b-b0d55d24caed,Sedan,MERZ -CAR/SUV,,1.0,,,Going Straight Ahead,Right Front Bumper,No Damage,No Damage,No Damage,No Damage,N,,Failure to Yield Right-of-Way,Passing or Lane Usage Improper,,,"    (40.575428, -73.977875)",0.0,0.0,0,0,0,0,0,0,Station Wagon/Sport Utility Vehicle,Sedan,0
20136891,4491116,12/16/2021,22:26,8a00bd6b-3071-4b5c-84ef-d90e36a3b216,Station Wagon/Sport Utility Vehicle,LEXS -CAR/SUV,2014.0,1.0,M,Licensed,Making Left Turn,Center Front End,Center Front End,No Damage,No Damage,,N,,Driver Inattention/Distraction,Unspecified,QUEENS,11103.0,"    (40.759064, -73.91229)",1.0,0.0,0,0,0,0,1,0,Motorcycle,Station Wagon/Sport Utility Vehicle,1
19963690,4405093,04/05/2021,23:04,a8213851-bc67-4d55-8aec-537cbcadf7f8,Sedan,HOND -CAR/SUV,2018.0,0.0,,,Parked,Right Rear Quarter Panel,Right Rear Quarter Panel,,,,N,,Unspecified,Other Vehicular,BROOKLYN,11249.0,"(40.71348, -73.965515)",0.0,0.0,0,0,0,0,0,0,Station Wagon/Sport Utility Vehicle,Sedan,0
19850520,4393119,02/19/2021,23:00,d96ae0f3-afa8-40f5-99bc-b6c2b3754aac,Sedan,TOYT -CAR/SUV,2016.0,1.0,M,Licensed,Going Straight Ahead,Left Rear Bumper,Left Rear Bumper,No Damage,No Damage,No Damage,N,,Unspecified,Unspecified,BRONX,10468.0,"(40.864662, -73.90084)",1.0,0.0,0,0,1,0,0,0,Sedan,Sedan,1
19849232,4392518,02/15/2021,13:30,be0732c9-726c-41f4-bb8d-1985165ccd62,Station Wagon/Sport Utility Vehicle,TOYT -CAR/SUV,2021.0,3.0,M,Licensed,Going Straight Ahead,Right Side Doors,Right Side Doors,Right Front Quarter Panel,Right Rear Quarter Panel,,N,,Unspecified,Unspecified,BROOKLYN,11226.0,"(40.645016, -73.950874)",1.0,0.0,0,0,0,0,1,0,Station Wagon/Sport Utility Vehicle,PK,1
20022320,4439171,07/21/2021,12:42,4da1bdd7-94a7-44c4-973e-a5fa360a5180,Station Wagon/Sport Utility Vehicle,NISS -CAR/SUV,2018.0,,,,Starting from Parking,No Damage,No Damage,No Damage,No Damage,No Damage,N,,Driver Inattention/Distraction,Failure to Yield Right-of-Way,BRONX,10467.0,"    (40.88271, -73.881256)",1.0,0.0,0,0,0,0,1,0,Station Wagon/Sport Utility Vehicle,Station Wagon/Sport Utility Vehicle,1
19998482,4417530,05/12/2021,22:07,9fbda636-4764-4c42-b373-fc0527b9dee0,Sedan,BMW -CAR/SUV,2020.0,1.0,,,Going Straight Ahead,Left Front Bumper,Left Front Bumper,Left Front Quarter Panel,,,Unspecified,,Unspecified,Unspecified,BROOKLYN,11203.0,"    (40.64638, -73.9288)",1.0,0.0,0,0,0,0,1,0,Station Wagon/Sport Utility Vehicle,Sedan,1
19992059,4431708,06/19/2021,16:11,e9faebf7-3c83-4361-99d6-4b6f0a4163a8,Sedan,LINC -CAR/SUV,2016.0,1.0,M,Licensed,Going Straight Ahead,Center Front End,Center Front End,Left Front Bumper,Right Front Bumper,,N,,Following Too Closely,Unspecified,,,"    (40.61074, -74.09583)",1.0,0.0,0,0,0,0,1,0,Sedan,Sedan,1
20005664,4405728,04/06/2021,18:00,bdd69584-b6c7-4caa-a01a-b390552e7104,Station Wagon/Sport Utility Vehicle,NISS -CAR/SUV,2017.0,1.0,F,Licensed,Going Straight Ahead,Center Back End,Center Back End,Left Rear Bumper,Right Rear Bumper,No Damage,N,,Other Vehicular,Other Vehicular,,,"(40.65591, -73.89191)",0.0,0.0,0,0,0,0,0,0,Station Wagon/Sport Utility Vehicle,Station Wagon/Sport Utility Vehicle,0
20120587,4483335,12/03/2021,13:30,343698a4-5f6a-4ef0-b667-f589be476e31,Sedan,NISS -CAR/SUV,2020.0,1.0,F,Licensed,Going Straight Ahead,Right Front Quarter Panel,Right Front Quarter Panel,,,,N,,Unspecified,Unspecified,,,"    (40.625546, -73.93998)",0.0,0.0,0,0,0,0,0,0,Sedan,Bus,0
20109798,4478704,11/17/2021,06:40,1de30df8-35d7-4c83-882a-6a294bd4e74c,Sedan,MAZD -CAR/SUV,2018.0,1.0,F,Licensed,Making Right Turn,Left Front Bumper,Left Front Bumper,Center Front End,,,N,,Unspecified,Unspecified,BRONX,10472.0,"    (40.829754, -73.87374)",0.0,0.0,0,0,0,0,0,0,Station Wagon/Sport Utility Vehicle,Sedan,0
20028549,4441875,07/28/2021,11:00,3d6c4812-6fdc-44fc-90ba-964dc5ed43f7,Sedan,TOYT -CAR/SUV,2011.0,1.0,F,Licensed,Backing,Center Back End,Right Rear Bumper,Left Rear Bumper,No Damage,No Damage,N,,Driver Inattention/Distraction,Backing Unsafely,BROOKLYN,11203.0,"    (40.64166, -73.93705)",0.0,0.0,0,0,0,0,0,0,Sedan,Sedan,0
20104663,4476473,11/11/2021,17:34,12f88b4f-13b5-41c0-8b75-9e070b08036e,Station Wagon/Sport Utility Vehicle,TOYT -CAR/SUV,2016.0,2.0,F,Licensed,Parked,Left Rear Quarter Panel,Left Rear Quarter Panel,,,,N,,Unspecified,Unspecified,,,"    (40.83501, -73.91206)",0.0,0.0,0,0,0,0,0,0,Station Wagon/Sport Utility Vehicle,Pick-up Truck,0
20082858,4466639,10/12/2021,16:03,b37ec517-9061-4caf-81b4-0ab809244905,Station Wagon/Sport Utility Vehicle,HOND -CAR/SUV,2009.0,1.0,M,Licensed,Going Straight Ahead,Right Front Quarter Panel,Right Front Bumper,Center Front End,No Damage,No Damage,N,,Driver Inattention/Distraction,Unspecified,MANHATTAN,10021.0,"    (40.766868, -73.9597766)",1.0,0.0,0,0,0,0,1,0,Station Wagon/Sport Utility Vehicle,Station Wagon/Sport Utility Vehicle,1
20055131,4453927,09/03/2021,12:00,2cb3b4a9-b287-43b1-981d-7d14bab4cedf,Sedan,BMW -CAR/SUV,2003.0,0.0,,,Parked,Right Rear Quarter Panel,Right Rear Quarter Panel,Right Side Doors,,,N,,Unspecified,Unspecified,BRONX,10466.0,"    (40.888588, -73.84233)",0.0,0.0,0,0,0,0,0,0,Sedan,,0
19946088,4409745,02/10/2021,06:30,0ea99274-df9a-42f5-a2bd-c6f5d9302e22,Station Wagon/Sport Utility Vehicle,DODG -CAR/SUV,2011.0,0.0,,,Parked,Left Rear Bumper,Left Rear Bumper,Left Rear Quarter Panel,,,N,,Unspecified,Unspecified,QUEENS,11378.0,"    (40.723236, -73.912575)",0.0,0.0,0,0,0,0,0,0,Station Wagon/Sport Utility Vehicle,,0
20134519,4490032,12/27/2021,15:27,b0fc9485-49bd-41fb-a0a9-ad53c3768b80,Station Wagon/Sport Utility Vehicle,HOND -CAR/SUV,2019.0,2.0,F,Permit,Making Right Turn,Center Front End,Center Front End,No Damage,No Damage,No Damage,N,,Driver Inexperience,Unspecified,QUEENS,11364.0,"    (40.735023, -73.761444)",0.0,0.0,0,0,0,0,0,0,Station Wagon/Sport Utility Vehicle,,0
20079745,4464924,10/02/2021,08:50,ab8372cf-c7d8-4f0c-903e-53b4fcdc5517,Sedan,HOND -CAR/SUV,2015.0,1.0,M,Licensed,Making Right Turn,Right Rear Bumper,Right Rear Bumper,No Damage,No Damage,No Damage,N,,Unspecified,Unspecified,,,"    (40.82325, -73.88277)",0.0,0.0,0,0,0,0,0,0,Sedan,Box Truck,0
19971632,4412198,04/28/2021,13:00,c129dcf0-6b7a-4cd5-b172-51cc0d572021,Station Wagon/Sport Utility Vehicle,TOYT -CAR/SUV,2009.0,1.0,M,Licensed,Going Straight Ahead,Right Front Bumper,Right Front Bumper,Right Front Quarter Panel,No Damage,No Damage,N,,Unspecified,Unspecified,BROOKLYN,11214.0,"    (40.613396, -74.00063)",0.0,0.0,0,0,0,0,0,0,Sedan,Station Wagon/Sport Utility Vehicle,0
19859164,4394686,02/25/2021,20:25,4ff938bf-c942-400f-aa03-43aeccc3cd11,Sedan,ACUR -CAR/SUV,2006.0,1.0,,,Making U Turn,Right Front Bumper,Right Front Bumper,Center Front End,Left Front Bumper,Right Front Quarter Panel,N,,Turning Improperly,Passing or Lane Usage Improper,BROOKLYN,11207.0,"(40.67631, -73.891914)",1.0,0.0,0,0,0,0,1,0,Sedan,Sedan,1
20044679,4449245,08/18/2021,13:00,4ee0760d-bb29-406b-9a6d-3d8bc7201982,Sedan,TOYT -CAR/SUV,2021.0,1.0,F,Licensed,Going Straight Ahead,Left Front Quarter Panel,Left Front Quarter Panel,Left Side Doors,,,N,,Following Too Closely,Driver Inattention/Distraction,,,"    (40.700104, -73.94726)",1.0,0.0,0,0,0,0,1,0,Station Wagon/Sport Utility Vehicle,Sedan,1
20118969,4483109,12/02/2021,16:45,2eef0c89-a6cf-456a-945a-ac52a03713fe,Sedan,TOYT -CAR/SUV,2018.0,1.0,M,Unlicensed,Making U Turn,Left Side Doors,Left Side Doors,Left Front Quarter Panel,Left Rear Quarter Panel,No Damage,N,,Turning Improperly,Driver Inattention/Distraction,BRONX,10467.0,"    (40.863174, -73.86557)",1.0,0.0,0,0,0,0,1,0,Station Wagon/Sport Utility Vehicle,Sedan,1
19959163,4408619,04/19/2021,09:40,0253332b-da25-450f-8094-25f751b19bbc,Station Wagon/Sport Utility Vehicle,TOYT -CAR/SUV,2019.0,2.0,M,Licensed,Making U Turn,Center Front End,Center Front End,,,,N,,Driver Inattention/Distraction,Turning Improperly,,,"    (40.75826, -73.76829)",0.0,0.0,0,0,0,0,0,0,Sedan,Station Wagon/Sport Utility Vehicle,0
19974813,4414847,05/08/2021,16:31,2bf2e7d8-ffe0-411f-80cd-351517fbf726,Station Wagon/Sport Utility Vehicle,TOYT -CAR/SUV,,1.0,,,Backing,Left Front Bumper,Left Front Bumper,No Damage,No Damage,No Damage,N,,Driver Inattention/Distraction,Backing Unsafely,MANHATTAN,10028.0,"    (40.77602, -73.951454)",0.0,0.0,0,0,0,0,0,0,Station Wagon/Sport Utility Vehicle,Station Wagon/Sport Utility Vehicle,0
20134965,4490188,12/17/2021,13:38,7b9dccae-2d3e-41f7-92f1-e45e675f1f0c,Pick-up Truck,FORD -CAR/SUV,2017.0,3.0,M,Licensed,Going Straight Ahead,Left Rear Quarter Panel,Left Rear Quarter Panel,No Damage,No Damage,No Damage,N,,Driver Inattention/Distraction,Passing Too Closely,BROOKLYN,11205.0,"    (40.69133, -73.95177)",0.0,0.0,0,0,0,0,0,0,Pick-up Truck,Tractor Truck Gasoline,0
20037217,4446139,08/10/2021,12:35,8d640ec9-478b-4d1a-a5d3-b3759e32e445,Sedan,HYUN -CAR/SUV,,1.0,,,Going Straight Ahead,Center Front End,,,,,N,,Driver Inattention/Distraction,,BROOKLYN,11225.0,"    (40.661995, -73.94386)",1.0,0.0,0,0,1,0,0,0,Sedan,Bike,1
20065286,4458313,09/18/2021,01:14,05bad930-34af-4f64-aa09-aa1398062499,Taxi,HOND -CAR/SUV,2012.0,2.0,M,Licensed,Going Straight Ahead,Right Rear Quarter Panel,Right Rear Quarter Panel,Right Rear Bumper,Center Back End,Left Rear Bumper,N,,Failure to Yield Right-of-Way,Unspecified,QUEENS,11420.0,"    (40.68106, -73.82637)",2.0,0.0,0,0,0,0,2,0,Taxi,Sedan,1
20096352,4472873,10/28/2021,20:02,1d6aee7c-b180-4f95-a81c-4d9ce4b346ee,Station Wagon/Sport Utility Vehicle,LEXS -CAR/SUV,2009.0,0.0,,,Parked,Left Front Bumper,Left Front Bumper,Left Front Bumper,Left Front Quarter Panel,Left Front Quarter Panel,N,,Unspecified,Unspecified,BROOKLYN,11204.0,"    (40.614887, -73.979904)",0.0,0.0,0,0,0,0,0,0,Station Wagon/Sport Utility Vehicle,,0
19985112,4407945,04/16/2021,20:27,1a2353f6-39f2-4bd5-aba9-880be327cb32,Sedan,NISS -CAR/SUV,2011.0,0.0,,,Parked,Left Rear Bumper,Left Rear Bumper,Center Back End,Center Front End,,N,,Unspecified,Unspecified,,,"    (40.668507, -73.779625)",0.0,0.0,0,0,0,0,0,0,Sedan,,0
20101562,4474788,11/05/2021,15:30,2d2e07df-3cec-4ec9-adee-acfa80a10b00,Station Wagon/Sport Utility Vehicle,TOYT -CAR/SUV,2008.0,0.0,F,Licensed,Parked,Right Front Bumper,Right Front Bumper,,,Right Front Bumper,N,,Unspecified,Unspecified,BRONX,10473.0,"    (40.816936, -73.8643)",0.0,0.0,0,0,0,0,0,0,Station Wagon/Sport Utility Vehicle,,0
20085992,4467858,10/14/2021,19:50,394d68b1-8088-4b23-b6fa-fdac81e134a3,Station Wagon/Sport Utility Vehicle,NISS -CAR/SUV,2016.0,2.0,F,Licensed,Going Straight Ahead,Right Rear Bumper,Right Rear Bumper,No Damage,No Damage,No Damage,N,,Unspecified,Unspecified,,,"    (40.678723, -73.9529869)",0.0,0.0,0,0,0,0,0,0,Station Wagon/Sport Utility Vehicle,,0
19944757,4418570,05/19/2021,22:40,dd2bfb86-404b-4167-8e29-4620805f1ab6,E-Bike,NIU,2020.0,2.0,M,Licensed,Going Straight Ahead,Center Front End,Center Front End,No Damage,No Damage,No Damage,N,,Passing or Lane Usage Improper,Unspecified,MANHATTAN,10027.0,"    (40.811874, -73.95736)",2.0,0.0,0,0,0,0,0,0,E-Bike,,1
20134250,4489561,12/15/2021,18:45,c00cbf6d-2f54-42e6-988a-da5ba72eec6c,Sedan,NISS -CAR/SUV,2012.0,0.0,F,Licensed,Parked,Center Back End,Right Rear Bumper,Left Rear Bumper,Other,Other,N,,Unspecified,Unspecified,BROOKLYN,11203.0,"    (40.656097, -73.929855)",1.0,0.0,0,0,0,0,1,0,Sedan,Sedan,1
20103980,4476002,11/09/2021,14:00,1be1320c-8b29-46e6-8156-009b18ff8602,Sedan,NISS -CAR/SUV,2010.0,1.0,M,Licensed,Making Right Turn,Right Front Bumper,Right Front Quarter Panel,Right Front Bumper,Right Front Quarter Panel,Right Front Bumper,N,,Unsafe Speed,Driver Inexperience,QUEENS,11385.0,"    (40.70759, -73.89529)",0.0,0.0,0,0,0,0,0,0,Sedan,Sedan,0
19978202,4411031,04/26/2021,12:00,75e325bd-8ea0-419f-a3e2-e91fde109dc4,Sedan,HOND -CAR/SUV,2009.0,0.0,,,Parked,Left Front Bumper,Left Front Bumper,Center Front End,Left Front Quarter Panel,,N,,Unspecified,Unspecified,QUEENS,11435.0,"    (40.70571, -73.81289)",0.0,0.0,0,0,0,0,0,0,Sedan,,0
19986229,4431687,06/28/2021,04:25,e1b81edd-4444-4bdd-8067-d3d98aca40c0,Sedan,NISS -CAR/SUV,2004.0,0.0,,,Parked,Center Front End,Center Front End,Center Front End,Center Front End,Center Front End,Unspecified,,Unspecified,Unspecified,BRONX,10467.0,"    (40.859566, -73.86855)",0.0,0.0,0,0,0,0,0,0,Sedan,Sedan,0
20120945,4483744,12/04/2021,18:46,fe953933-7ffe-4fc3-8105-ed1a46e936c3,Station Wagon/Sport Utility Vehicle,GMC -CAR/SUV,2018.0,1.0,,,,Right Front Quarter Panel,Right Front Quarter Panel,,,,N,,Passing Too Closely,Driver Inexperience,,,"    (40.69969, -73.91557)",0.0,0.0,0,0,0,0,0,0,Station Wagon/Sport Utility Vehicle,Station Wagon/Sport Utility Vehicle,0
20068402,4459751,09/21/2021,13:50,82c6dfcf-215d-4a09-9fdb-29c6309011fd,Sedan,NISS -CAR/SUV,2008.0,0.0,,,Parked,Left Side Doors,Left Side Doors,Left Front Quarter Panel,Left Rear Quarter Panel,Right Front Quarter Panel,N,,Unspecified,Unspecified,BRONX,10457.0,"    (40.84987, -73.88991)",0.0,0.0,0,0,0,0,0,0,Sedan,Sedan,0
20009192,4432961,06/30/2021,22:00,cc987b52-f8b6-47e8-a970-ffa3ceead8ca,Sedan,ACUR -CAR/SUV,2005.0,1.0,M,Permit,Entering Parked Position,Right Front Bumper,Right Front Bumper,Right Front Quarter Panel,,,N,,Driver Inattention/Distraction,Driver Inexperience,BROOKLYN,11212.0,"    (40.65739, -73.92508)",0.0,0.0,0,0,0,0,0,0,Sedan,Sedan,0
19958196,4432518,06/29/2021,07:20,aa81d9ad-d597-4ea4-9ae4-5f5303a8521c,Box Truck,FRHT-TRUCK/BUS,2019.0,1.0,M,Licensed,Making Left Turn,Left Side Doors,Left Side Doors,,,,N,,Passing Too Closely,Unspecified,MANHATTAN,10001.0,"    (40.75414, -74.0059)",0.0,0.0,0,0,0,0,0,0,Box Truck,Station Wagon/Sport Utility Vehicle,0
19847216,4391929,02/14/2021,14:45,df9405bc-cc2e-49c8-8d22-a2ef6018b019,Station Wagon/Sport Utility Vehicle,SUBA -CAR/SUV,2017.0,0.0,M,Licensed,Parked,Center Front End,Center Front End,,,,Unspecified,,Unspecified,Unspecified,BRONX,10464.0,"(40.837658, -73.782936)",0.0,0.0,0,0,0,0,0,0,Sedan,Station Wagon/Sport Utility Vehicle,0
19974657,4402400,03/26/2021,11:05,eecf00a3-b985-416f-a15e-5b0fb8bf310b,Sedan,NISS -CAR/SUV,2002.0,0.0,,,Parked,Center Back End,Center Back End,No Damage,No Damage,No Damage,N,,Unspecified,Unspecified,BROOKLYN,11203.0,"(40.65559, -73.92676)",0.0,0.0,0,0,0,0,0,0,Sedan,Sedan,0
19964480,4411344,04/22/2021,17:30,f778fe22-0d9d-4299-8dd4-312bfff2cd71,Sedan,NISS -CAR/SUV,2011.0,1.0,,,Going Straight Ahead,Right Front Bumper,Right Front Bumper,Right Front Quarter Panel,No Damage,No Damage,N,,Following Too Closely,Driver Inattention/Distraction,,,"    (40.691624, -73.942665)",0.0,0.0,0,0,0,0,0,0,Sedan,Sedan,0
19981987,4423736,06/03/2021,21:00,0d09d0f2-7dfc-4306-8dd8-ec41d9e74700,Station Wagon/Sport Utility Vehicle,JEEP -CAR/SUV,2016.0,1.0,F,Licensed,Making Left Turn,Left Front Bumper,Left Front Bumper,,,,N,,Failure to Yield Right-of-Way,Driver Inattention/Distraction,BROOKLYN,11226.0,"    (40.65217, -73.96141)",1.0,0.0,1,0,0,0,0,0,Station Wagon/Sport Utility Vehicle,,1
20001162,4420324,05/18/2021,20:55,9a254dd4-2575-49e7-8bed-8a3a1f288f50,Sedan,NISS -CAR/SUV,,0.0,,,Passing,Right Front Quarter Panel,Right Front Quarter Panel,Right Side Doors,No Damage,No Damage,N,,Unspecified,Unspecified,BROOKLYN,11210.0,"    (40.634354, -73.94202)",0.0,0.0,0,0,0,0,0,0,Sedan,Sedan,0
20054740,4454128,09/03/2021,21:55,83668e0b-a5cc-415e-83f5-4e5d98c28f42,Bus,NEWFL,2019.0,1.0,M,Licensed,Parked,Left Front Bumper,Center Front End,Left Front Bumper,Center Front End,Left Front Bumper,N,,Unspecified,Unspecified,BRONX,10458.0,"    (40.86038, -73.88889)",0.0,0.0,0,0,0,0,0,0,Bus,Sedan,0
20013691,4435249,07/02/2021,09:30,1786be9f-9b0d-4a21-8f4c-efb189630c7f,Sedan,TOYT -CAR/SUV,2007.0,1.0,F,Licensed,Going Straight Ahead,Left Front Quarter Panel,Left Front Quarter Panel,,,,N,,Driver Inattention/Distraction,Unspecified,QUEENS,11435.0,"    (40.714996, -73.81022)",0.0,0.0,0,0,0,0,0,0,Sedan,Sedan,0
20066382,4458829,09/18/2021,23:35,8c59bc19-7b09-4c1b-8115-7904e0197dcb,Station Wagon/Sport Utility Vehicle,HOND -CAR/SUV,2016.0,3.0,F,Licensed,Going Straight Ahead,Center Front End,Center Front End,Right Front Bumper,Left Front Bumper,,N,,Following Too Closely,Unspecified,QUEENS,11357.0,"    (40.780354, -73.80233)",0.0,0.0,0,0,0,0,0,0,Station Wagon/Sport Utility Vehicle,Station Wagon/Sport Utility Vehicle,0
19996006,4418919,05/17/2021,03:00,95ab436b-c25a-4f0a-b677-5a725b9aca07,Sedan,HOND -CAR/SUV,2011.0,1.0,M,Permit,Going Straight Ahead,Center Back End,Center Back End,No Damage,No Damage,No Damage,N,,Outside Car Distraction,Unspecified,QUEENS,11378.0,,0.0,0.0,0,0,0,0,0,0,Sedan,,0
20098381,4473625,11/02/2021,08:30,d83e770e-17cd-4438-bbbe-e8b1665c4205,Van,GMC-TRUCK/BUS,2019.0,,,,,,,,,,Unspecified,,,,MANHATTAN,10001.0,"    (40.746235, -73.98905)",0.0,0.0,0,0,0,0,0,0,Box Truck,Van,0
19985587,4416066,05/13/2021,01:16,129483f3-582d-47d2-a35e-29c1585ba72b,Sedan,FORD -CAR/SUV,2020.0,1.0,F,Permit,Going Straight Ahead,Right Rear Quarter Panel,Right Rear Quarter Panel,Right Rear Bumper,Right Rear Quarter Panel,,N,,Unspecified,Unspecified,BROOKLYN,11233.0,"    (40.67538, -73.9082)",0.0,0.0,0,0,0,0,0,0,Sedan,Sedan,0
20102472,4475470,11/04/2021,18:43,3b3e7f23-67ce-4f66-9009-9f7e5b075165,Sedan,BMW -CAR/SUV,,,,,,Right Side Doors,,,,,N,,Failure to Yield Right-of-Way,,BROOKLYN,11203.0,"    (40.642384, -73.92539)",0.0,0.0,0,0,0,0,0,0,Station Wagon/Sport Utility Vehicle,Sedan,0
19859130,4396581,03/05/2021,00:30,01db1774-f5b4-41d8-b442-5c96a9a196a2,Sedan,MITS -CAR/SUV,2008.0,1.0,,,,Right Front Bumper,Right Front Bumper,Center Front End,Right Front Quarter Panel,,N,,Passing Too Closely,Unspecified,,,"(40.78169, -73.842316)",0.0,0.0,0,0,0,0,0,0,Sedan,Sedan,0
20098704,4473910,10/30/2021,20:39,5c86652d-e09a-472c-9114-e6208972b736,Taxi,TOYT -CAR/SUV,2016.0,1.0,M,Licensed,Changing Lanes,Right Side Doors,Right Side Doors,,,,N,,Unspecified,Unspecified,MANHATTAN,10075.0,"    (40.77579, -73.960396)",1.0,0.0,0,0,0,0,1,0,Taxi,Taxi,1
19847613,4391724,02/13/2021,00:50,628b47d3-4d2c-4e57-bb0e-ae8017524afd,Sedan,NISS -CAR/SUV,2019.0,2.0,M,Licensed,Going Straight Ahead,Right Rear Quarter Panel,Right Rear Quarter Panel,Right Rear Bumper,,,N,,Passing or Lane Usage Improper,Unspecified,,,"(40.65698, -73.92515)",0.0,0.0,0,0,0,0,0,0,Sedan,Sedan,0
20074092,4462473,09/29/2021,23:00,7b1e8c67-fe72-4750-ab8a-4d21e498796f,Sedan,HOND -CAR/SUV,2018.0,1.0,F,Licensed,Going Straight Ahead,Left Rear Quarter Panel,Left Rear Quarter Panel,No Damage,No Damage,No Damage,N,,Unspecified,Other Vehicular,,,"    (40.822834, -73.941925)",1.0,0.0,0,0,1,0,0,0,Sedan,Bike,1
20041417,4447799,08/16/2021,08:35,1f3a6a57-61bf-489a-9c05-63a6d8dbbdfb,Station Wagon/Sport Utility Vehicle,TOYT -CAR/SUV,2020.0,5.0,M,Licensed,Slowing or Stopping,Center Back End,Center Back End,,,,N,,Unspecified,Unspecified,,,,0.0,0.0,0,0,0,0,0,0,Station Wagon/Sport Utility Vehicle,Station Wagon/Sport Utility Vehicle,0
20112493,4479987,11/22/2021,08:15,0ef9408b-7735-4edc-b6fe-48d2e594b425,E-Bike,N7,,1.0,M,,Going Straight Ahead,Center Front End,Center Front End,Left Front Bumper,,,N,,Unspecified,Unspecified,QUEENS,11433.0,"    (40.6957, -73.7933)",0.0,0.0,0,0,0,0,0,0,E-Bike,Station Wagon/Sport Utility Vehicle,0
20070774,4461086,09/26/2021,06:05,467f1254-dd92-4182-a3f2-ce288d219e94,Station Wagon/Sport Utility Vehicle,SUBA -CAR/SUV,2015.0,0.0,,,Parked,Center Back End,Center Back End,Left Rear Bumper,Right Rear Bumper,Left Rear Quarter Panel,N,,Unspecified,Unspecified,,,"    (40.81286, -73.96341)",0.0,0.0,0,0,0,0,0,0,Station Wagon/Sport Utility Vehicle,Sedan,0
19960293,4404266,03/31/2021,18:00,062c9165-9add-4b85-9e12-d8751cf4587b,Sedan,TOYT -CAR/SUV,2005.0,1.0,M,Licensed,Going Straight Ahead,Right Front Quarter Panel,Right Side Doors,Right Rear Quarter Panel,,,N,,Unspecified,Unspecified,BROOKLYN,11218.0,"(40.640068, -73.9732)",1.0,0.0,0,0,0,0,1,0,Sedan,Sedan,1
20073177,4462028,09/23/2021,13:00,9698e84c-6789-442d-b306-08be1c459a9d,Station Wagon/Sport Utility Vehicle,NISS -CAR/SUV,2017.0,1.0,F,Licensed,Slowing or Stopping,Center Back End,Right Rear Bumper,,,,N,,Unspecified,Unspecified,QUEENS,11422.0,"    (40.665257, -73.739555)",0.0,0.0,0,0,0,0,0,0,Station Wagon/Sport Utility Vehicle,Station Wagon/Sport Utility Vehicle,0
19849268,4392526,02/17/2021,12:40,fc98c678-8caa-4f4e-a319-9a3849ca4728,Sedan,LEXS -CAR/SUV,2003.0,0.0,,,Parked,Left Side Doors,Left Front Quarter Panel,Left Front Bumper,,,N,,Unspecified,Unspecified,QUEENS,11412.0,"(40.69579, -73.759285)",0.0,0.0,0,0,0,0,0,0,Sedan,,0
19935316,4431290,06/14/2021,00:49,ed2a5c5c-1906-414b-bd90-7bf12df163d0,Sedan,AUDI -CAR/SUV,2008.0,1.0,M,Licensed,Passing,Left Front Bumper,Center Front End,Right Front Bumper,Right Front Quarter Panel,Left Front Quarter Panel,N,,Unsafe Speed,Unsafe Lane Changing,,,"    (40.68986, -73.95147)",2.0,0.0,0,0,0,0,2,0,Sedan,Sedan,1
20002273,4432464,06/29/2021,17:10,d548867b-0fb4-4f4e-ae92-85bb22d4d2d8,REFG,ISUZU,2007.0,1.0,M,Licensed,Stopped in Traffic,Center Front End,Center Front End,Center Back End,,,N,,Unspecified,Unspecified,,,"    (40.71445, -73.9306)",0.0,0.0,0,0,0,0,0,0,REFG,Station Wagon/Sport Utility Vehicle,0
20132083,4488840,12/18/2021,18:20,b30ae4a5-78a5-4c64-b750-3c89744057c3,Ambulance,FORD-TRUCK/BUS,2004.0,2.0,F,Licensed,Going Straight Ahead,No Damage,No Damage,No Damage,,,N,,Unspecified,Unspecified,QUEENS,11372.0,"    (40.751423, -73.88461)",0.0,0.0,0,0,0,0,0,0,Ambulance,Sedan,0
20073373,4462192,09/28/2021,08:20,b2a995ee-6735-41c8-a02e-607f8ae88e79,Sedan,TOYT -CAR/SUV,2007.0,1.0,M,Licensed,Going Straight Ahead,Center Front End,Center Front End,Left Front Bumper,Right Front Bumper,,N,,Following Too Closely,Unspecified,,,,1.0,0.0,0,0,0,0,1,0,Station Wagon/Sport Utility Vehicle,Sedan,1
19849288,4392597,02/17/2021,00:00,f16c4f21-d09b-49ed-b2ee-fc38cb8c5e4f,Sedan,MERZ -CAR/SUV,2016.0,0.0,,,Parked,Right Rear Quarter Panel,Right Rear Bumper,Right Side Doors,Center Back End,,N,,Unspecified,Unspecified,QUEENS,11411.0,"(40.695877, -73.742516)",0.0,0.0,0,0,0,0,0,0,Sedan,,0