UNIQUE_ID,COLLISION_ID,CRASH_DATE,CRASH_TIME,VEHICLE_ID,VEHICLE_TYPE,VEHICLE_MAKE,VEHICLE_YEAR,VEHICLE_OCCUPANTS,DRIVER_SEX,DRIVER_LICENSE_STATUS,PRE_CRASH,POINT_OF_IMPACT,VEHICLE_DAMAGE,VEHICLE_DAMAGE_1,VEHICLE_DAMAGE_2,VEHICLE_DAMAGE_3,PUBLIC_PROPERTY_DAMAGE,PUBLIC_PROPERTY_DAMAGE_TYPE,CONTRIBUTING_FACTOR_1,CONTRIBUTING_FACTOR_2,BOROUGH,ZIP CODE,LOCATION,NUMBER OF PERSONS INJURED,NUMBER OF PERSONS KILLED,NUMBER OF PEDESTRIANS INJURED,NUMBER OF PEDESTRIANS KILLED,NUMBER OF CYCLIST INJURED,NUMBER OF CYCLIST KILLED,NUMBER OF MOTORIST INJURED,NUMBER OF MOTORIST KILLED,VEHICLE TYPE CODE 1,VEHICLE TYPE CODE 2,Severity
20038769,4446560,08/11/2021,19:00,4fb99bf9-a5eb-4c7f-9c33-74d1a356aa19,Station Wagon/Sport Utility Vehicle,NISS -CAR/SUV,2020.0,3.0,F,Licensed,Parked,Left Front Quarter Panel,Left Front Quarter Panel,Left Front Bumper,,,N,,Unspecified,Unspecified,BRONX,10466.0,"    (40.88744, -73.85053)",0.0,0.0,0,0,0,0,0,0,Station Wagon/Sport Utility Vehicle,Sedan,0
19978778,4407583,04/15/2021,10:19,4108646a-21d7-42c5-a00e-06c1a2b6492a,Sedan,BMW -CAR/SUV,2016.0,0.0,M,Licensed,Going Straight Ahead,Center Front End,Right Front Bumper,Center Front End,Right Front Bumper,Center Front End,N,,Unspecified,Unspecified,QUEENS,11105.0,"    (40.769794, -73.90045)",0.0,0.0,0,0,0,0,0,0,Station Wagon/Sport Utility Vehicle,Station Wagon/Sport Utility Vehicle,0
20099364,4473732,11/03/2021,10:00,437fecca-c916-47dd-af33-c86ca794d11c,Station Wagon/Sport Utility Vehicle,FORD -CAR/SUV,2019.0,3.0,M,Licensed,Backing,Left Front Quarter Panel,Left Front Quarter Panel,No Damage,No Damage,No Damage,N,,Unspecified,Unspecified,BROOKLYN,11236.0,"    (40.64074, -73.89882)",0.0,0.0,0,0,0,0,0,0,Station Wagon/Sport Utility Vehicle,Sedan,0
20082224,4466282,10/11/2021,13:10,82cd59b3-0d1b-432d-9e09-0b61128b7ef7,Sedan,TOYT -CAR/SUV,2012.0,2.0,M,Licensed,Slowing or Stopping,Left Front Quarter Panel,Left Front Quarter Panel,Left Side Doors,Left Rear Quarter Panel,,Unspecified,,Driver Inattention/Distraction,Unspecified,MANHATTAN,10065.0,"    (40.7648401, -73.9704958)",0.0,0.0,0,0,0,0,0,0,Sedan,Station Wagon/Sport Utility Vehicle,0
20073471,4462354,09/29/2021,16:30,014dd5f8-a5e3-4c72-b8a3-7475d6db105f,Sedan,TOYT -CAR/SUV,2012.0,1.0,M,Licensed,Going Straight Ahead,Center Back End,Right Rear Bumper,,,,N,,Unspecified,Unspecified,QUEENS,11421.0,"    (40.69242, -73.85151)",0.0,0.0,0,0,0,0,0,0,Sedan,Sedan,0
20083440,4466710,10/12/2021,07:28,2a12a32e-435b-43c1-a979-a5b0adb33b32,Sedan,MITS -CAR/SUV,2010.0,,,,Going Straight Ahead,Right Front Bumper,Right Front Quarter Panel,,,,Unspecified,,Unsafe Speed,Following Too Closely,MANHATTAN,10035.0,"    (40.7976168, -73.932939)",0.0,0.0,0,0,0,0,0,0,Sedan,Sedan,0
20102752,4475613,11/09/2021,07:50,63f08668-34cc-4ced-96c7-01a434999965,Bus,BL/BI,2009.0,11.0,F,Licensed,Parked,Left Rear Quarter Panel,Left Rear Quarter Panel,No Damage,No Damage,No Damage,N,,Unspecified,Unspecified,BRONX,10456.0,"    (40.836823, -73.90706)",0.0,0.0,0,0,0,0,0,0,Bus,Ambulance,0
20048849,4451426,08/29/2021,00:10,cd774be4-3fb9-47fa-b421-a29984b34c61,Sedan,HOND -CAR/SUV,2014.0,0.0,,,Parked,Right Rear Bumper,Right Rear Bumper,Right Rear Quarter Panel,Center Front End,,N,,Unspecified,Unspecified,BROOKLYN,11228.0,"    (40.623688, -74.01467)",0.0,0.0,0,0,0,0,0,0,Sedan,Sedan,0
19989172,4429346,06/18/2021,08:25,b0db5bf0-7229-4516-a3b3-beadc5711bca,Sedan,CHEV -CAR/SUV,2014.0,0.0,,,Parked,Other,Other,,,Other,N,,Unspecified,Unspecified,,,"    (40.63272, -74.1617)",0.0,0.0,0,0,0,0,0,0,Sedan,,0
19965543,4403939,03/21/2021,11:43,50596a9d-8612-4f6b-a651-163728f9d65f,Sedan,TOYT -CAR/SUV,2007.0,0.0,,,Parked,Right Rear Quarter Panel,Right Rear Quarter Panel,No Damage,No Damage,No Damage,N,,Unspecified,Unspecified,,,"(40.84018, -73.92647)",0.0,0.0,0,0,0,0,0,0,Pick-up Truck,Sedan,0
20003200,4426142,06/11/2021,23:02,09b24bca-841b-4184-b4a4-d4cea8961c12,Station Wagon/Sport Utility Vehicle,FORD -CAR/SUV,2003.0,2.0,M,Licensed,Making Left Turn,Right Front Bumper,Right Front Bumper,,,,N,,Traffic Control Disregarded,Unspecified,QUEENS,11385.0,"    (40.703686, -73.90918)",1.0,0.0,0,0,0,0,1,0,Sedan,Station Wagon/Sport Utility Vehicle,1
20007875,4413721,05/04/2021,09:00,f0f67fec-c00c-47ab-bd8c-413fad103575,Sedan,MAZD -CAR/SUV,2018.0,0.0,M,Licensed,Going Straight Ahead,Right Front Bumper,Right Front Quarter Panel,,,,N,,Unspecified,Unspecified,QUEENS,11434.0,"    (40.65616, -73.76736)",1.0,0.0,0,0,0,0,1,0,Sedan,Sedan,1
20025721,4440606,07/25/2021,01:12,11621085-3c1c-4f92-8f5b-fb23a7eecbed,Sedan,MASE -CAR/SUV,2019.0,0.0,,,Parked,Left Rear Bumper,Left Rear Bumper,Left Rear Quarter Panel,Left Side Doors,Left Front Quarter Panel,N,,Unspecified,Unspecified,,,"    (40.62037, -74.15761)",0.0,0.0,0,0,0,0,0,0,Sedan,Station Wagon/Sport Utility Vehicle,0
19995391,4434658,07/06/2021,11:45,2096b6b7-bc2d-48d0-b398-f3c517c43e6f,Flat Bed,FORD-TRUCK/BUS,2015.0,1.0,M,Licensed,Entering Parked Position,Other,No Damage,No Damage,No Damage,No Damage,N,,Backing Unsafely,Unspecified,BROOKLYN,11220.0,"    (40.646675, -74.008705)",0.0,0.0,0,0,0,0,0,0,Sedan,Flat Bed,0
19859378,4397236,03/04/2021,22:30,fb45d12d-ca35-4af1-97ab-3d0fde05221e,Sedan,BMW -CAR/SUV,2010.0,1.0,M,Licensed,Going Straight Ahead,Right Side Doors,Right Side Doors,No Damage,No Damage,No Damage,N,,Following Too Closely,Unsafe Speed,,,,0.0,0.0,0,0,0,0,0,0,Sedan,Sedan,0
19946158,4406134,04/09/2021,16:20,9f77544d-f730-42c1-a6e7-85da8124207d,Bus,PREVO,2015.0,0.0,M,Licensed,Going Straight Ahead,Left Front Quarter Panel,Left Front Quarter Panel,,,,N,,Unspecified,Unspecified,,,"(40.73883, -73.983154)",0.0,0.0,0,0,0,0,0,0,Bus,Sedan,0
19944947,4399576,03/16/2021,09:46,1576bbea-c47a-498f-baa5-fdc5e48cec66,Van,ISU-TRUCK/BUS,2019.0,1.0,M,Licensed,Going Straight Ahead,Right Rear Quarter Panel,Right Rear Quarter Panel,,,,Unspecified,,Driver Inattention/Distraction,Passing Too Closely,,,"(40.80907, -73.94455)",0.0,0.0,0,0,0,0,0,0,Station Wagon/Sport Utility Vehicle,Van,0
19847964,4392018,02/12/2021,15:00,f1d2c0a3-aaed-4908-84d8-d2d434e98bdd,Station Wagon/Sport Utility Vehicle,MERZ -CAR/SUV,2014.0,0.0,M,Licensed,Parked,Left Front Bumper,Left Front Bumper,Center Front End,Left Front Quarter Panel,,N,,Unspecified,Unspecified,QUEENS,11423.0,"(40.70926, -73.764824)",1.0,0.0,0,0,0,0,1,0,Station Wagon/Sport Utility Vehicle,Sedan,1
20062240,4457226,09/13/2021,13:38,ab483022-7302-4a9d-9859-706ddb57ef32,Station Wagon/Sport Utility Vehicle,GMC -CAR/SUV,2019.0,2.0,M,Licensed,Going Straight Ahead,Left Front Quarter Panel,Left Front Quarter Panel,,,,N,,Unspecified,Unspecified,BROOKLYN,11215.0,"    (40.661972, -73.979065)",0.0,0.0,0,0,0,0,0,0,Station Wagon/Sport Utility Vehicle,Station Wagon/Sport Utility Vehicle,0
20043056,4448581,08/18/2021,16:35,b7d9d156-1517-40c4-9566-56cc498bec26,Van,FORD-TRUCK/BUS,,0.0,,,Parked,Left Side Doors,Left Front Quarter Panel,,,,N,,Unspecified,Unspecified,BROOKLYN,11218.0,"    (40.639725, -73.97201)",0.0,0.0,0,0,0,0,0,0,Van,Van,0
20020275,4438102,07/18/2021,13:49,48fa4ee6-dd7f-4dc9-84bd-eb67f48fbfc9,Station Wagon/Sport Utility Vehicle,HYUN -CAR/SUV,2017.0,1.0,M,Licensed,Making U Turn,Right Front Bumper,Right Front Bumper,No Damage,,,N,,Turning Improperly,Driver Inattention/Distraction,BRONX,10469.0,"    (40.876476, -73.84608)",2.0,0.0,0,0,0,0,2,0,Station Wagon/Sport Utility Vehicle,Station Wagon/Sport Utility Vehicle,1
19948996,4403523,03/31/2021,07:50,75b2a561-3c0e-46ce-aefd-31c2d78385e1,Van,CHEV-TRUCK/BUS,2013.0,2.0,M,Licensed,Stopped in Traffic,Left Front Bumper,Left Front Bumper,No Damage,No Damage,No Damage,N,,Unspecified,Unspecified,BRONX,10456.0,"(40.823814, -73.907745)",0.0,0.0,0,0,0,0,0,0,Station Wagon/Sport Utility Vehicle,Van,0
20038029,4446192,08/11/2021,14:35,0b31ddf5-aba9-43d1-a493-a254255b61be,Ambulance,FORD-TRUCK/BUS,2017.0,2.0,F,Licensed,Slowing or Stopping,Right Front Bumper,No Damage,No Damage,No Damage,No Damage,N,,Driver Inattention/Distraction,Unspecified,,,"    (40.856987, -73.90897)",2.0,0.0,0,0,0,0,2,0,Sedan,Ambulance,1
20053386,4453540,08/28/2021,17:44,8bf88a55-540b-4f5c-af31-3baef5d6b359,Sedan,VOLK -CAR/SUV,2019.0,3.0,,,Parked,Right Side Doors,No Damage,No Damage,No Damage,No Damage,N,,Unspecified,Unspecified,MANHATTAN,10012.0,"    (40.722523, -73.99925)",0.0,0.0,0,0,0,0,0,0,Sedan,Sedan,0
20022645,4439061,07/20/2021,17:00,b6dd5262-2085-4ce6-949b-603b3ae6796e,Station Wagon/Sport Utility Vehicle,BMW -CAR/SUV,2012.0,0.0,F,Licensed,Parked,Left Front Quarter Panel,Left Front Quarter Panel,Left Side Doors,,,N,,Unspecified,Unspecified,BROOKLYN,11207.0,"    (40.663776, -73.889915)",1.0,0.0,0,0,0,0,1,0,Sedan,Sedan,1
19954276,4420020,05/22/2021,10:45,529ce480-27dd-4217-8b94-f885f685360e,Sedan,HYUN -CAR/SUV,2020.0,1.0,F,Licensed,Changing Lanes,Right Front Quarter Panel,Right Front Quarter Panel,Right Side Doors,No Damage,No Damage,N,,Driver Inattention/Distraction,Reaction to Uninvolved Vehicle,,,"    (40.83863, -73.93348)",1.0,0.0,0,0,0,0,1,0,Moped,Sedan,1
20082612,4466601,10/12/2021,21:49,443c9186-b8f0-46b5-be76-0025ecdf09cb,Moped,VESP -MCL,2009.0,1.0,F,Licensed,Parked,Center Back End,No Damage,No Damage,No Damage,No Damage,N,,Unspecified,Unspecified,,,"    (40.737222, -73.9813911)",1.0,0.0,0,0,0,0,1,0,Moped,Station Wagon/Sport Utility Vehicle,1
20051481,4452627,08/31/2021,11:54,91b09d54-23fb-4154-a8a1-f797414f2c17,Station Wagon/Sport Utility Vehicle,HOND -CAR/SUV,2016.0,1.0,M,Licensed,Going Straight Ahead,Left Front Quarter Panel,Left Front Quarter Panel,,,,N,,Unspecified,Unspecified,,,"    (40.851807, -73.90683)",0.0,0.0,0,0,0,0,0,0,Station Wagon/Sport Utility Vehicle,Moped,0
20034633,4444669,08/06/2021,22:30,5ad89841-b373-4e2d-ae5a-d0137b67b098,Station Wagon/Sport Utility Vehicle,NISS -CAR/SUV,2018.0,0.0,,,Parked,Left Side Doors,Left Side Doors,No Damage,No Damage,No Damage,N,,Unspecified,Unspecified,BRONX,10459.0,"    (40.828907, -73.886986)",0.0,0.0,0,0,0,0,0,0,Station Wagon/Sport Utility Vehicle,,0
20127397,4486824,12/15/2021,23:43,90ffdb59-f5f2-4c6e-8256-111d178cb47c,Sedan,INFI -CAR/SUV,2014.0,1.0,M,Licensed,Going Straight Ahead,Center Front End,Center Front End,Left Front Bumper,Right Front Bumper,,N,,Unspecified,Unspecified,,,"    (40.76213, -73.7295)",1.0,0.0,0,0,0,0,1,0,Sedan,,1
19934826,4431029,06/25/2021,00:25,bd782ed8-d53c-4202-bb02-949be090d960,Sedan,INFI -CAR/SUV,2010.0,,,,Going Straight Ahead,Right Side Doors,Right Rear Quarter Panel,No Damage,No Damage,No Damage,N,,Unsafe Lane Changing,Unspecified,,,,0.0,0.0,0,0,0,0,0,0,Sedan,Sedan,0
19959456,4408036,04/16/2021,15:32,fe50c99f-4232-433a-a7da-2a1a1edab589,,LINC -CAR/SUV,,,,,Starting from Parking,,,,,,Unspecified,,Failure to Yield Right-of-Way,Unsafe Lane Changing,BROOKLYN,11210.0,"    (40.61924, -73.954124)",0.0,0.0,0,0,0,0,0,0,Station Wagon/Sport Utility Vehicle,,0
20016730,4436612,06/30/2021,17:00,63a1ed56-b74a-487f-8f3b-b3559ba91db4,Sedan,BMW -CAR/SUV,2018.0,1.0,M,Licensed,Going Straight Ahead,Center Front End,Center Front End,Left Front Bumper,Right Front Bumper,Left Rear Quarter Panel,N,,Passing or Lane Usage Improper,Unsafe Speed,BROOKLYN,11203.0,"    (40.65011, -73.930214)",2.0,0.0,0,0,0,0,2,0,Sedan,Sedan,1
20042672,4448306,08/18/2021,16:30,c6c793fc-7ded-43a3-97fc-94d3fa3acae5,Sedan,MERZ -CAR/SUV,2016.0,1.0,F,Licensed,Going Straight Ahead,Center Front End,Left Front Bumper,Right Front Bumper,,,Unspecified,,Following Too Closely,Driver Inattention/Distraction,,,"    (40.667236, -73.770004)",0.0,0.0,0,0,0,0,0,0,Sedan,Pick-up Truck,0
19968826,4410471,04/24/2021,23:20,88398392-eae6-4949-9646-dc458571481e,Station Wagon/Sport Utility Vehicle,CADI -CAR/SUV,2018.0,1.0,M,Licensed,Parked,Left Rear Quarter Panel,No Damage,,,,N,,Driver Inattention/Distraction,Unspecified,BROOKLYN,11219.0,"    (40.63837, -73.997665)",1.0,0.0,0,0,1,0,0,0,Station Wagon/Sport Utility Vehicle,Bike,1
20124473,4485517,12/11/2021,17:06,2d45fc14-8614-4c2f-a4df-d67ac7a5157c,Sedan,ACUR -CAR/SUV,2012.0,1.0,M,,Going Straight Ahead,Left Front Bumper,Left Front Bumper,Center Front End,Right Front Bumper,Other,N,,Unspecified,Unspecified,BROOKLYN,11236.0,"    (40.64366, -73.90067)",0.0,0.0,0,0,0,0,0,0,Sedan,Station Wagon/Sport Utility Vehicle,0
20096196,4472838,10/31/2021,03:15,1cddee83-4edf-44b1-8f73-5ee2d8bc1d08,Station Wagon/Sport Utility Vehicle,HOND -CAR/SUV,2010.0,0.0,,,Parked,Center Back End,Center Back End,Left Rear Bumper,Right Rear Bumper,,N,,Unspecified,Unspecified,QUEENS,11364.0,"    (40.75112, -73.763084)",0.0,0.0,0,0,0,0,0,0,Station Wagon/Sport Utility Vehicle,Station Wagon/Sport Utility Vehicle,0
20127885,4487148,12/16/2021,11:59,e5d83a48-e903-48f3-ae57-0f693b5db141,Ambulance,EMS Ambulance,,2.0,M,Licensed,Other*,Right Rear Quarter Panel,No Damage,,,,N,,Unspecified,Unspecified,MANHATTAN,10019.0,"    (40.76814, -73.98622)",1.0,0.0,0,0,1,0,0,0,Ambulance,E-Bike,1
20116893,4481903,11/28/2021,20:26,34e8f007-f63f-4ffe-ab82-29ea838644a6,Station Wagon/Sport Utility Vehicle,ACUR -CAR/SUV,2005.0,0.0,,,Parked,Left Rear Quarter Panel,Left Rear Bumper,Left Side Doors,Center Front End,Left Front Bumper,N,,Unspecified,Unspecified,QUEENS,11419.0,"    (40.69055, -73.83405)",0.0,0.0,0,0,0,0,0,0,Sedan,Station Wagon/Sport Utility Vehicle,0
20116222,4481798,11/26/2021,22:30,26c02b6a-0571-4a9c-9afe-5ebf91d9416f,Station Wagon/Sport Utility Vehicle,HOND -CAR/SUV,,,,,Going Straight Ahead,Center Front End,Center Front End,No Damage,No Damage,No Damage,N,,Driver Inattention/Distraction,Following Too Closely,,,"    (40.844734, -73.90757)",0.0,0.0,0,0,0,0,0,0,Sedan,Station Wagon/Sport Utility Vehicle,0
19959563,4406740,04/12/2021,21:07,34f9b4f0-6dbf-4f77-a179-8cf1aaef199f,Sedan,NISS -CAR/SUV,2014.0,2.0,M,Licensed,Going Straight Ahead,Center Front End,Center Front End,,,,N,,Unspecified,Unspecified,,,"(40.60459, -74.02212)",2.0,0.0,0,0,0,0,2,0,Sedan,Sedan,1
20125148,4485939,12/06/2021,12:00,ffcf0bfa-6d34-4812-8dcd-975a968f1eea,Sedan,NISS -CAR/SUV,1996.0,0.0,,,Parked,Center Back End,Center Back End,,,,N,,Unspecified,Unspecified,BRONX,10458.0,"    (40.856014, -73.8945)",0.0,0.0,0,0,0,0,0,0,Station Wagon/Sport Utility Vehicle,Sedan,0
19993911,4415811,05/11/2021,23:10,719cb71d-7739-4fa2-a47c-d4377fad9159,Sedan,HOND -CAR/SUV,1999.0,0.0,,,Parked,Center Front End,Center Front End,Left Front Bumper,Right Front Bumper,,N,,Unspecified,Unspecified,QUEENS,11385.0,"    (40.69832, -73.90011)",4.0,0.0,0,0,0,0,4,0,Sedan,Sedan,1
19977088,4410265,04/25/2021,09:15,b9f89ab6-c525-4a40-9177-21fb96f9b8ab,Sedan,HOND -CAR/SUV,2017.0,0.0,,,Parked,Right Side Doors,Right Side Doors,,,,N,,Unspecified,Unspecified,BROOKLYN,11212.0,"    (40.664448, -73.91524)",0.0,0.0,0,0,0,0,0,0,Sedan,,0
20029230,4442378,07/27/2021,18:58,a4b9a22f-cc89-4e0c-ae58-e5b06e258411,Motorbike,NIU,2020.0,,,,Going Straight Ahead,Center Front End,,,,,Unspecified,,Following Too Closely,Driver Inattention/Distraction,MANHATTAN,10011.0,,0.0,0.0,0,0,0,0,0,0,Taxi,Motorbike,0
20092411,4470939,10/21/2021,17:53,cda63c08-2bd2-4438-90f6-12b492f1f92c,Station Wagon/Sport Utility Vehicle,MITS -CAR/SUV,2020.0,1.0,,,Backing,Center Back End,No Damage,No Damage,No Damage,No Damage,N,,Backing Unsafely,Backing Unsafely,BROOKLYN,11235.0,,0.0,0.0,0,0,0,0,0,0,Station Wagon/Sport Utility Vehicle,,0
20136026,4490590,12/30/2021,05:48,32b43d86-afaf-488d-8b1a-53c926f70e31,pas,chevrolet,2009.0,1.0,M,Licensed,Going Straight Ahead,Right Front Bumper,Right Front Bumper,Right Front Quarter Panel,,,N,,Unspecified,Unspecified,,,"    (40.758255, -73.7772)",0.0,0.0,0,0,0,0,0,0,pas,Van,0
19957673,4416466,05/14/2021,14:25,fa80106e-ee78-45dc-8720-55349b93d5a1,Station Wagon/Sport Utility Vehicle,MERZ -CAR/SUV,2020.0,1.0,F,Licensed,Going Straight Ahead,Center Front End,Center Front End,,,,N,,Unspecified,Unspecified,QUEENS,11374.0,"    (40.732384, -73.86805)",0.0,0.0,0,0,0,0,0,0,Station Wagon/Sport Utility Vehicle,Station Wagon/Sport Utility Vehicle,0
20006479,4434820,07/04/2021,17:19,1c286b6c-6423-4111-b89e-0eaf9ab5260a,Station Wagon/Sport Utility Vehicle,DODG -CAR/SUV,2005.0,0.0,,,Parked,Left Front Bumper,Center Front End,Right Front Bumper,,,N,,Unspecified,Unspecified,,,"    (40.73532, -73.920265)",0.0,0.0,0,0,0,0,0,0,Sedan,Station Wagon/Sport Utility Vehicle,0
19987381,4416236,05/13/2021,11:30,175edeae-d05d-43e7-9fca-f09fc578e9a1,Station Wagon/Sport Utility Vehicle,CHEV -CAR/SUV,2015.0,1.0,F,Licensed,Going Straight Ahead,Right Front Bumper,Right Front Quarter Panel,Right Front Bumper,Right Front Bumper,Right Front Bumper,N,,Unspecified,Unspecified,,,"    (40.73366, -73.76652)",0.0,0.0,0,0,0,0,0,0,Station Wagon/Sport Utility Vehicle,Station Wagon/Sport Utility Vehicle,0
19975970,4416302,05/13/2021,07:00,d9aa54be-cec7-4b91-9ea6-2a6b6ba01b0c,Station Wagon/Sport Utility Vehicle,MAZD -CAR/SUV,2019.0,1.0,M,Licensed,Changing Lanes,Right Front Bumper,Right Front Quarter Panel,No Damage,No Damage,No Damage,N,,Reaction to Uninvolved Vehicle,Other Vehicular,MANHATTAN,10028.0,"    (40.777874, -73.95175)",1.0,0.0,0,0,0,0,1,0,Station Wagon/Sport Utility Vehicle,Sedan,1
19851711,4393832,02/21/2021,14:00,92ca0a52-4156-4a31-9116-207386d95392,Station Wagon/Sport Utility Vehicle,FORD -CAR/SUV,2016.0,0.0,,,Parked,Right Front Quarter Panel,Right Front Quarter Panel,,,,N,,Unspecified,Unspecified,,,"(40.702045, -73.9156)",0.0,0.0,0,0,0,0,0,0,Station Wagon/Sport Utility Vehicle,Box Truck,0
20109969,4469890,10/21/2021,21:07,7cc72353-4b8a-40c3-9aa0-bed2160930ff,Sedan,MERC -CAR/SUV,2008.0,1.0,F,Licensed,Making Left Turn,Left Front Bumper,Center Front End,Right Front Bumper,,,N,,Failure to Yield Right-of-Way,Unspecified,STATEN ISLAND,10309.0,,2.0,0.0,0,0,0,0,2,0,Sedan,Station Wagon/Sport Utility Vehicle,1
20043365,4448960,08/18/2021,11:15,2a8e7386-d7a2-4c64-9b5e-0d503713ca71,Sedan,HOND -CAR/SUV,2015.0,2.0,F,Licensed,Parked,Center Back End,Center Back End,No Damage,No Damage,No Damage,N,,Unspecified,Unspecified,MANHATTAN,10031.0,"    (40.8188, -73.956024)",0.0,0.0,0,0,0,0,0,0,Sedan,Sedan,0
20089150,4469239,10/18/2021,16:55,9997b46a-9c3e-4d09-9d37-b51d68c365e5,Sedan,FORD -CAR/SUV,2011.0,1.0,M,Unlicensed,Going Straight Ahead,Left Front Bumper,Left Front Bumper,Left Front Quarter Panel,No Damage,No Damage,N,,Driver Inexperience,Unspecified,BROOKLYN,11207.0,"    (40.6781627, -73.8974769)",0.0,0.0,0,0,0,0,0,0,Sedan,Sedan,0
20105642,4476945,11/14/2021,00:50,ef598cb4-062d-4800-825a-e5dc9ed21cca,Sedan,NISS -CAR/SUV,2013.0,0.0,,,Parked,Center Back End,Right Rear Bumper,Left Rear Bumper,,,N,,Unspecified,Unspecified,QUEENS,11433.0,"    (40.69635, -73.79667)",0.0,0.0,0,0,0,0,0,0,Pick-up Truck,Station Wagon/Sport Utility Vehicle,0
19970734,4420890,05/26/2021,21:25,6f8ee07e-20b5-4a3c-a8ba-13f71e662c36,Sedan,TOYT -CAR/SUV,2017.0,1.0,M,Licensed,Going Straight Ahead,Center Front End,Center Front End,Left Front Bumper,Right Front Bumper,No Damage,Unspecified,,Driver Inattention/Distraction,Unsafe Speed,MANHATTAN,10035.0,"    (40.802162, -73.939026)",1.0,0.0,0,0,0,0,1,0,Taxi,Sedan,1
19997518,4429188,06/20/2021,15:51,e23df90e-c74f-4ca3-8674-65c6bddd0a12,Station Wagon/Sport Utility Vehicle,ACUR -CAR/SUV,2008.0,4.0,F,Licensed,Parked,Left Rear Bumper,Left Rear Bumper,Left Rear Quarter Panel,Center Back End,,N,,Unspecified,Unspecified,BRONX,10468.0,"    (40.862717, -73.9023)",1.0,0.0,0,0,0,0,1,0,Station Wagon/Sport Utility Vehicle,Sedan,1
19845139,4390752,02/05/2021,18:00,4e1ad521-ecfb-42fe-8019-fbb50b9a6359,FORD VAN,FORD,2013.0,1.0,M,Licensed,Going Straight Ahead,Right Front Bumper,No Damage,,,,N,,Driver Inattention/Distraction,Unspecified,BROOKLYN,11234.0,"(40.6222, -73.9339)",0.0,0.0,0,0,0,0,0,0,FORD VAN,,0
19853923,4394817,02/25/2021,23:00,4145c4e5-d2d6-4abc-a328-0c15c90e5518,Sedan,LEXS -CAR/SUV,2019.0,1.0,M,Licensed,Making Left Turn,Left Rear Quarter Panel,Left Side Doors,Left Front Quarter Panel,Other,Other,N,,Failure to Yield Right-of-Way,Unspecified,STATEN ISLAND,10308.0,"(40.542423, -74.14592)",0.0,0.0,0,0,0,0,0,0,Station Wagon/Sport Utility Vehicle,Sedan,0
19969206,4402849,03/26/2021,19:20,b6a9f163-e9f5-4b43-b7df-348062ab92b2,Station Wagon/Sport Utility Vehicle,TOYT -CAR/SUV,2002.0,1.0,F,Licensed,Parked,Right Rear Bumper,No Damage,No Damage,No Damage,No Damage,N,,Unspecified,Unspecified,BRONX,10452.0,"(40.843204, -73.91196)",0.0,0.0,0,0,0,0,0,0,Station Wagon/Sport Utility Vehicle,Ambulance,0
19962402,4415041,05/10/2021,00:00,c1356392-9230-480d-93d8-856651e5ea4a,Sedan,HOND -CAR/SUV,2013.0,0.0,,,Parked,Center Back End,Center Back End,Left Rear Bumper,Center Front End,Left Front Bumper,N,,Unspecified,Unspecified,BRONX,10459.0,"    (40.823193, -73.90018)",0.0,0.0,0,0,0,0,0,0,Sedan,Station Wagon/Sport Utility Vehicle,0
20047600,4449584,08/22/2021,23:20,22ddb7d0-b5ec-4fd2-8f90-021f9a512080,Station Wagon/Sport Utility Vehicle,FORD -CAR/SUV,2018.0,0.0,,,Parked,Right Rear Quarter Panel,Right Rear Bumper,Right Side Doors,Left Rear Bumper,,N,,Unspecified,Unspecified,,,"    (40.722584, -73.8509)",0.0,0.0,0,0,0,0,0,0,Station Wagon/Sport Utility Vehicle,Station Wagon/Sport Utility Vehicle,0
19960193,4406061,04/10/2021,11:50,62c9e4d1-0431-4a6d-835e-322e11512f59,Sedan,ACUR -CAR/SUV,2004.0,1.0,M,Unlicensed,Going Straight Ahead,Left Front Bumper,Center Front End,Right Front Bumper,,,N,,Unspecified,Unspecified,BROOKLYN,11236.0,"(40.634106, -73.906715)",0.0,0.0,0,0,0,0,0,0,Sedan,Sedan,0
20052595,4452785,08/30/2021,19:43,719bb53c-3b57-46e1-9e41-e78dba3fd28d,Sedan,MERZ -CAR/SUV,,1.0,,,Going Straight Ahead,Right Front Bumper,,,,,N,,Unspecified,Unspecified,BROOKLYN,11207.0,"    (40.652767, -73.8863)",0.0,0.0,0,0,0,0,0,0,Sedan,Station Wagon/Sport Utility Vehicle,0
19974740,4420949,05/27/2021,02:43,64dd1f0b-d25e-4208-8907-5e2e32aa36c2,Sedan,KIA -CAR/SUV,2021.0,1.0,M,Licensed,Going Straight Ahead,Left Front Bumper,Left Front Bumper,Left Front Quarter Panel,Center Front End,No Damage,N,,Driver Inattention/Distraction,Fell Asleep,BRONX,10462.0,"    (40.84855, -73.85884)",0.0,0.0,0,0,0,0,0,0,Station Wagon/Sport Utility Vehicle,Sedan,0
19821945,4380790,01/01/2021,12:00,88b2421b-b36d-4899-8446-ddcbe6a0519a,Station Wagon/Sport Utility Vehicle,SUBA -CAR/SUV,2014.0,1.0,F,Licensed,Going Straight Ahead,Right Front Bumper,Right Front Quarter Panel,Center Front End,Left Front Bumper,Left Rear Quarter Panel,N,,Tire Failure/Inadequate,Unspecified,,,,0.0,0.0,0,0,0,0,0,0,Station Wagon/Sport Utility Vehicle,,0