UNIQUE_ID,COLLISION_ID,CRASH_DATE,CRASH_TIME,VEHICLE_ID,VEHICLE_TYPE,VEHICLE_MAKE,VEHICLE_YEAR,VEHICLE_OCCUPANTS,DRIVER_SEX,DRIVER_LICENSE_STATUS,PRE_CRASH,POINT_OF_IMPACT,VEHICLE_DAMAGE,VEHICLE_DAMAGE_1,VEHICLE_DAMAGE_2,VEHICLE_DAMAGE_3,PUBLIC_PROPERTY_DAMAGE,PUBLIC_PROPERTY_DAMAGE_TYPE,CONTRIBUTING_FACTOR_1,CONTRIBUTING_FACTOR_2,BOROUGH,ZIP CODE,LOCATION,NUMBER OF PERSONS INJURED,NUMBER OF PERSONS KILLED,NUMBER OF PEDESTRIANS INJURED,NUMBER OF PEDESTRIANS KILLED,NUMBER OF CYCLIST INJURED,NUMBER OF CYCLIST KILLED,NUMBER OF MOTORIST INJURED,NUMBER OF MOTORIST KILLED,VEHICLE TYPE CODE 1,VEHICLE TYPE CODE 2,Severity
20001835,4431999,06/26/2021,17:00,db069a2e-8aa9-4e5b-a2ed-eb7a5002d2c7,Station Wagon/Sport Utility Vehicle,HOND -CAR/SUV,2011.0,0.0,,,Parked,Left Rear Bumper,Left Rear Bumper,Left Rear Quarter Panel,Left Side Doors,Left Front Quarter Panel,N,,Unspecified,Unspecified,BROOKLYN,11211.0,"    (40.707973, -73.950645)",0.0,0.0,0,0,0,0,0,0,Station Wagon/Sport Utility Vehicle,,0
20081365,4465772,10/06/2021,12:47,15a3a453-1930-4536-a781-91ab5d439d92,Sedan,MNNI -CAR/SUV,2019.0,0.0,,,Parked,Right Rear Quarter Panel,Right Rear Quarter Panel,No Damage,No Damage,No Damage,N,,Unspecified,Unspecified,BROOKLYN,11216.0,"    (40.685463, -73.9506)",0.0,0.0,0,0,0,0,0,0,Tractor Truck Diesel,Station Wagon/Sport Utility Vehicle,0
19999774,4420199,05/24/2021,17:46,881769c5-5501-4b89-9437-87c1596d90fc,Sedan,GMC -CAR/SUV,2017.0,1.0,M,Licensed,Going Straight Ahead,Right Front Bumper,Right Front Bumper,,,,N,,Unspecified,Unspecified,,,,1.0,0.0,0,0,0,0,1,0,Sedan,Sedan,1
19954635,4421653,05/27/2021,21:21,825154ee-42d3-4a36-b10b-2764a2a6cf01,Bus,MCIN-TRUCK/BUS,2007.0,1.0,F,Licensed,Parked,Left Front Quarter Panel,Left Front Quarter Panel,,,,N,,Unspecified,Unspecified,MANHATTAN,10010.0,"    (40.73991, -73.9857)",1.0,0.0,0,0,0,0,1,0,Sedan,Bus,1
20034703,4444787,08/08/2021,06:05,2437ed87-6364-4a17-ba4c-dc7f625e8f75,Station Wagon/Sport Utility Vehicle,DODG -CAR/SUV,2018.0,0.0,,,Parked,Center Front End,Center Front End,Center Front End,Center Front End,Center Front End,N,,Fell Asleep,Fell Asleep,BRONX,10469.0,"    (40.86779, -73.841125)",1.0,0.0,0,0,0,0,1,0,Station Wagon/Sport Utility Vehicle,Station Wagon/Sport Utility Vehicle,1
19862471,4398510,03/13/2021,23:37,3cdc5b87-e510-4ee1-86c7-1ba9f05ad68d,Sedan,MERZ -CAR/SUV,2007.0,2.0,M,Licensed,Going Straight Ahead,Right Front Bumper,Right Front Bumper,Center Front End,Right Front Quarter Panel,Right Front Quarter Panel,N,,Passing or Lane Usage Improper,Other Vehicular,BRONX,10473.0,"(40.814728, -73.85919)",0.0,0.0,0,0,0,0,0,0,Sedan,Sedan,0
20002026,4425852,06/11/2021,16:49,490e9859-6502-4567-9b28-0149ac5ce382,Sedan,HOND -CAR/SUV,2018.0,0.0,,,Parked,Center Back End,Center Back End,Center Front End,,,N,,Unspecified,Unspecified,,,"    (40.67801, -73.8161)",3.0,0.0,0,0,0,0,3,0,Station Wagon/Sport Utility Vehicle,Sedan,1
20072143,4461601,09/26/2021,18:42,bd840120-2de2-43a0-a3f1-6494a558b52c,Motorcycle,KAWK -MCL,2007.0,0.0,,,Parked,Other,Other,,,,N,,Unspecified,Unspecified,MANHATTAN,10035.0,"    (40.80282, -73.944885)",0.0,0.0,0,0,0,0,0,0,Motorcycle,Station Wagon/Sport Utility Vehicle,0
20026901,4441156,07/27/2021,16:27,e736d268-c7e5-423f-bfa6-4a6b81304708,Station Wagon/Sport Utility Vehicle,JEEP -CAR/SUV,2021.0,1.0,F,Licensed,Going Straight Ahead,Center Front End,Center Front End,Right Front Bumper,Left Front Bumper,,N,,Reaction to Uninvolved Vehicle,Unspecified,QUEENS,11004.0,"    (40.740322, -73.703514)",0.0,0.0,0,0,0,0,0,0,Station Wagon/Sport Utility Vehicle,Station Wagon/Sport Utility Vehicle,0
20033720,4444308,07/27/2021,00:09,ceef7014-569b-48de-af02-55183723e98b,Sedan,LEXS -CAR/SUV,2021.0,0.0,,,Parked,Left Front Quarter Panel,Left Front Quarter Panel,,,,N,,Unspecified,Unspecified,QUEENS,11105.0,"    (40.768433, -73.90447)",0.0,0.0,0,0,0,0,0,0,Sedan,,0
19853127,4394262,02/24/2021,12:30,426253b3-5e76-48a5-ba1e-b71f4697f67b,Sedan,NISS -CAR/SUV,2011.0,1.0,F,Licensed,Stopped in Traffic,Right Rear Quarter Panel,Right Rear Quarter Panel,,,,N,,Unspecified,Unspecified,BROOKLYN,11207.0,"(40.669094, -73.89711)",0.0,0.0,0,0,0,0,0,0,Sedan,Beverage Truck,0
19969064,4408360,04/10/2021,13:45,f84710d0-8f8e-4c6d-9bc9-204b714c6ed3,Station Wagon/Sport Utility Vehicle,MAZD -CAR/SUV,2018.0,1.0,,,Making Right Turn,Right Rear Quarter Panel,Right Rear Quarter Panel,Right Side Doors,,,N,,Driver Inattention/Distraction,Passing Too Closely,BROOKLYN,11206.0,"    (40.708675, -73.93699)",0.0,0.0,0,0,0,0,0,0,Station Wagon/Sport Utility Vehicle,Station Wagon/Sport Utility Vehicle,0
19865738,4399951,03/18/2021,16:18,305c3a4f-f500-4ab8-a6a9-d99ca3df5884,Sedan,TOYT -CAR/SUV,2004.0,1.0,F,Licensed,Making Left Turn,Center Front End,Center Front End,,,,N,,Driver Inattention/Distraction,Driver Inattention/Distraction,,,,2.0,0.0,0,0,0,0,2,0,Station Wagon/Sport Utility Vehicle,Sedan,1
20076630,4463711,10/03/2021,16:18,af9608e3-8a6c-4078-86d5-371ea0c08b67,Sedan,BUIC -CAR/SUV,2017.0,2.0,F,Licensed,Entering Parked Position,Left Front Quarter Panel,Left Front Quarter Panel,Left Rear Quarter Panel,,,N,,Unspecified,Unspecified,BROOKLYN,11233.0,"    (40.676437, -73.91246)",0.0,0.0,0,0,0,0,0,0,Sedan,,0
20006939,4433372,07/01/2021,08:05,be7a5a50-3521-44b4-a7e2-274566327916,Sedan,VOLK -CAR/SUV,2016.0,1.0,F,Licensed,Parked,Left Front Quarter Panel,Left Front Quarter Panel,,,,N,,Unspecified,Unspecified,QUEENS,11379.0,"    (40.715355, -73.886154)",0.0,0.0,0,0,0,0,0,0,Station Wagon/Sport Utility Vehicle,Sedan,0
20131787,4488751,12/13/2021,15:40,83639d69-2e08-46f4-bdc2-f3b88d8c0b72,Sedan,TOYT -CAR/SUV,2020.0,1.0,M,Licensed,Making U Turn,Center Front End,Center Front End,,,,N,,Unspecified,Unspecified,STATEN ISLAND,10301.0,"    (40.63793, -74.079506)",1.0,0.0,0,0,0,0,1,0,Station Wagon/Sport Utility Vehicle,Sedan,1
20089993,4469812,10/13/2021,14:45,645e23d3-67b0-4553-bb05-71bed7531dea,Sedan,INFI -CAR/SUV,2015.0,1.0,M,Licensed,Entering Parked Position,Right Front Bumper,Right Front Quarter Panel,Right Front Bumper,Center Front End,,Y,,Driver Inattention/Distraction,Unspecified,,,"    (40.5520008, -74.1678936)",0.0,0.0,0,0,0,0,0,0,Sedan,,0
19823244,4381000,01/02/2021,18:20,57c77366-d79a-40b6-8cf1-d25ef99528a8,Sedan,HOND -CAR/SUV,2020.0,1.0,F,Licensed,Changing Lanes,Center Front End,Center Front End,,,,N,,Driver Inattention/Distraction,Driver Inattention/Distraction,,,"(40.733955, -73.92172)",1.0,0.0,0,0,0,0,1,0,Station Wagon/Sport Utility Vehicle,Sedan,1
20004208,4430181,06/21/2021,07:00,c2885d54-c892-4cd6-9f9b-d1e8579588c5,Station Wagon/Sport Utility Vehicle,NISS -CAR/SUV,,1.0,,,Making Right Turn,Center Front End,Center Front End,Left Front Bumper,Right Front Bumper,,Y,,Turning Improperly,Unsafe Speed,QUEENS,11417.0,"    (40.680305, -73.844536)",0.0,0.0,0,0,0,0,0,0,Station Wagon/Sport Utility Vehicle,,0
19979715,4405570,04/07/2021,22:55,5342bda6-137d-418f-ba8d-ded6961ea92c,Station Wagon/Sport Utility Vehicle,HOND -CAR/SUV,2015.0,2.0,M,Licensed,Going Straight Ahead,Center Front End,Center Front End,Left Front Bumper,Right Front Bumper,,N,,Unspecified,Unspecified,BRONX,10469.0,"(40.874737, -73.855255)",2.0,0.0,0,0,0,0,2,0,Station Wagon/Sport Utility Vehicle,Sedan,1
20098983,4473895,11/03/2021,18:00,9ecfa492-8d7f-4488-9661-623c3fb5b1ca,Sedan,SUBA -CAR/SUV,2021.0,0.0,,,Parked,Left Rear Quarter Panel,Center Back End,Left Rear Quarter Panel,,,Unspecified,,Unspecified,Unspecified,QUEENS,11105.0,"    (40.780735, -73.91462)",0.0,0.0,0,0,0,0,0,0,Sedan,Sedan,0
20080467,4465325,10/08/2021,12:32,327928c9-5c0d-4104-93c4-881e10831bde,Sedan,INFI -CAR/SUV,2013.0,1.0,F,Licensed,Going Straight Ahead,Center Front End,Center Front End,Left Front Bumper,Right Front Bumper,Left Front Quarter Panel,Y,,Unspecified,Unspecified,,,"    (40.667328, -73.77903)",1.0,0.0,0,0,0,0,1,0,Station Wagon/Sport Utility Vehicle,Sedan,1
19968188,4420462,05/22/2021,06:17,3cccd191-580a-4573-a87f-62409016166d,Taxi,TOYT -CAR/SUV,2014.0,1.0,M,Licensed,Stopped in Traffic,Center Back End,Center Back End,,,,N,,Unspecified,Unspecified,BRONX,10455.0,"    (40.813175, -73.89845)",0.0,0.0,0,0,0,0,0,0,Taxi,Chassis Cab,0
20116846,4463948,10/03/2021,06:00,b63d96cb-f7c1-4388-bfc7-a19833c7d18e,Station Wagon/Sport Utility Vehicle,TOYT -CAR/SUV,2017.0,0.0,,,Parked,Left Rear Quarter Panel,Center Back End,Left Rear Bumper,Left Rear Quarter Panel,Right Front Bumper,Y,,Unspecified,Unspecified,QUEENS,11435.0,"    (40.70024, -73.814926)",1.0,0.0,0,0,0,0,1,0,Station Wagon/Sport Utility Vehicle,Sedan,1
20053665,4453536,09/01/2021,20:02,023b45fb-9cf6-4dc1-86cf-966606c1ed9e,Station Wagon/Sport Utility Vehicle,CHEV -CAR/SUV,2019.0,1.0,F,Licensed,Going Straight Ahead,Center Front End,No Damage,,,,N,,Driver Inattention/Distraction,Unspecified,QUEENS,11373.0,"    (40.73321, -73.869484)",1.0,0.0,1,0,0,0,0,0,Station Wagon/Sport Utility Vehicle,,1
19961685,4406589,04/09/2021,08:30,40d3d0d9-08fb-4e7a-be78-9ca3b438a3d8,Station Wagon/Sport Utility Vehicle,TOYT -CAR/SUV,2011.0,1.0,F,Licensed,Making Left Turn,Right Front Quarter Panel,Right Front Quarter Panel,,,,N,,Unspecified,Unspecified,MANHATTAN,10022.0,"(40.7606, -73.96434)",0.0,0.0,0,0,0,0,0,0,Station Wagon/Sport Utility Vehicle,Station Wagon/Sport Utility Vehicle,0
20004019,4424422,06/06/2021,10:21,de70b50b-172e-4e27-916a-06d6e68c157e,Sedan,TOYT -CAR/SUV,2007.0,0.0,,,Parked,Right Side Doors,Right Side Doors,No Damage,No Damage,No Damage,N,,Unspecified,Unspecified,,,"    (40.898815, -73.86223)",0.0,0.0,0,0,0,0,0,0,Sedan,Sedan,0
20052739,4453285,09/01/2021,19:40,2e9fd38f-44e3-42fe-b28b-c4c5467bbcef,Station Wagon/Sport Utility Vehicle,HOND -CAR/SUV,2012.0,1.0,,,Starting from Parking,Left Front Bumper,Left Front Bumper,,,,N,,Failure to Yield Right-of-Way,Unspecified,BROOKLYN,11215.0,"    (40.661354, -73.980576)",0.0,0.0,0,0,0,0,0,0,Pick-up Truck,Station Wagon/Sport Utility Vehicle,0
19953696,4414478,05/08/2021,19:20,cf90f4bd-250a-49b3-b8ff-62c9867aa1db,Ambulance,FORD-TRUCK/BUS,2013.0,3.0,M,,Going Straight Ahead,Other,Other,,,,N,,Unspecified,Unspecified,BROOKLYN,11205.0,"    (40.69401, -73.9611)",0.0,0.0,0,0,0,0,0,0,Ambulance,,0
19956660,4407204,03/26/2021,09:30,9680d48c-4845-4537-80ad-22a03bc829a0,Sedan,JAGU -CAR/SUV,2012.0,0.0,,,Parked,Left Rear Quarter Panel,Left Rear Quarter Panel,,,,N,,Unspecified,Unspecified,BROOKLYN,11234.0,"(40.59657, -73.90794)",0.0,0.0,0,0,0,0,0,0,Sedan,,0
19975285,4416480,05/13/2021,15:55,aaa79380-3c4a-46a4-9cb0-4b2dd0a84702,Sedan,BMW -CAR/SUV,2018.0,1.0,F,Licensed,Going Straight Ahead,Center Back End,Center Back End,,,,N,,Unspecified,Unspecified,STATEN ISLAND,10306.0,"    (40.582195, -74.1103)",0.0,0.0,0,0,0,0,0,0,Sedan,Sedan,0
20030788,4442966,07/24/2021,22:00,917cc4b6-bb51-43df-b0dc-a6d3c198ce58,E-Scooter,Revel,,,,,Going Straight Ahead,Center Front End,,,,,Unspecified,,Unsafe Speed,Driver Inattention/Distraction,BROOKLYN,11206.0,"    (40.703373, -73.93764)",1.0,0.0,1,0,0,0,0,0,E-Scooter,,1
19848470,4392417,02/16/2021,09:30,feda74aa-7dc1-444c-a662-d7ce177a87c6,Station Wagon/Sport Utility Vehicle,FORD -CAR/SUV,2013.0,1.0,F,Licensed,Going Straight Ahead,Center Front End,Center Front End,,,,N,,Unspecified,Unspecified,BROOKLYN,11235.0,"(40.586784, -73.94415)",0.0,0.0,0,0,0,0,0,0,Station Wagon/Sport Utility Vehicle,Convertible,0
20015707,4436339,07/12/2021,10:30,3a5ddf77-d1b2-42ee-85e9-162406fdf994,Van,FORD-TRUCK/BUS,2009.0,0.0,,,Parked,Left Front Quarter Panel,Left Side Doors,,,,N,,Unspecified,Unspecified,BROOKLYN,11218.0,"    (40.642906, -73.9901)",0.0,0.0,0,0,0,0,0,0,Van,Box Truck,0
19982866,4426476,06/13/2021,11:37,c155e4a5-b2a4-428f-b429-6232cb56d7e1,Station Wagon/Sport Utility Vehicle,BMW -CAR/SUV,2011.0,3.0,M,Licensed,Going Straight Ahead,Right Rear Quarter Panel,Right Rear Quarter Panel,Right Rear Bumper,Center Back End,,N,,Unspecified,Unspecified,,,"    (40.760532, -73.753716)",4.0,0.0,0,0,0,0,4,0,Station Wagon/Sport Utility Vehicle,Station Wagon/Sport Utility Vehicle,1
20059430,4456357,09/12/2021,17:00,cd6b8af2-ef38-4ae6-ab19-badf838d7e89,Sedan,TOYT -CAR/SUV,2007.0,1.0,M,Licensed,Going Straight Ahead,Left Front Quarter Panel,Left Side Doors,Left Front Quarter Panel,No Damage,No Damage,N,,Unspecified,Unspecified,,,"    (40.744194, -73.97133)",0.0,0.0,0,0,0,0,0,0,Sedan,Sedan,0
20027024,4441335,07/23/2021,18:14,791bc4fa-bbaa-4a32-9e9d-8fc48c6f725d,Sedan,HOND -CAR/SUV,2020.0,1.0,M,Licensed,Going Straight Ahead,Left Side Doors,Left Side Doors,Left Rear Quarter Panel,Left Rear Quarter Panel,Left Rear Quarter Panel,N,,Unspecified,Unspecified,MANHATTAN,10022.0,"    (40.76093, -73.96914)",1.0,0.0,0,0,0,0,1,0,Sedan,Sedan,1
19962999,4414333,05/07/2021,04:33,6d80f060-9c7b-4a78-96ac-fa729a0c13db,Sedan,MERZ -CAR/SUV,2008.0,0.0,,,Parked,Center Front End,Center Front End,Left Front Bumper,Center Front End,Right Front Bumper,N,,Unspecified,Unspecified,MANHATTAN,10037.0,"    (40.81467, -73.93623)",0.0,0.0,0,0,0,0,0,0,Station Wagon/Sport Utility Vehicle,Sedan,0
20120128,4483768,12/04/2021,23:50,3272a895-11e9-47f2-a09c-59fc6d8fbed4,Sedan,FORD -CAR/SUV,2011.0,2.0,M,Licensed,Making Right Turn,Center Front End,Demolished,,,,N,,Unsafe Speed,Brakes Defective,,,"    (40.862495, -73.9342)",0.0,0.0,0,0,0,0,0,0,Sedan,,0
20091937,4470286,10/24/2021,05:43,20719868-1411-4755-acd5-9432fcd8d29c,Sedan,HOND -CAR/SUV,2000.0,2.0,M,Licensed,Going Straight Ahead,Right Side Doors,Right Side Doors,Center Front End,Right Front Bumper,Right Front Quarter Panel,Y,,Unspecified,Unspecified,,,"    (40.6517331, -73.930381)",4.0,0.0,0,0,0,0,4,0,Station Wagon/Sport Utility Vehicle,Sedan,1
19965068,4426065,06/10/2021,21:44,6992d238-5b0e-4bd3-91ae-1f34f7641f74,Taxi,ACUR -CAR/SUV,2016.0,1.0,M,Licensed,Changing Lanes,Right Front Bumper,Right Front Bumper,No Damage,No Damage,No Damage,N,,Driver Inattention/Distraction,Passing or Lane Usage Improper,,,,0.0,0.0,0,0,0,0,0,0,Taxi,Taxi,0
20112582,4480085,11/01/2021,08:35,83cdefef-da3b-4997-bbbc-3869a8d1630e,Station Wagon/Sport Utility Vehicle,HOND -CAR/SUV,2013.0,0.0,,,Parked,Left Rear Bumper,Left Rear Bumper,Left Rear Quarter Panel,Left Side Doors,,N,,Other Vehicular,Other Vehicular,BRONX,10455.0,"    (40.81698, -73.91625)",0.0,0.0,0,0,0,0,0,0,Station Wagon/Sport Utility Vehicle,,0
20046253,4450266,08/24/2021,18:20,7b24c478-8716-4900-869c-e3de730f978a,E-Bike,NNF NEW FASHION,,1.0,M,Unlicensed,Making Right Turn,Right Front Bumper,Center Front End,Center Back End,,,N,,Driver Inattention/Distraction,Unspecified,BROOKLYN,11229.0,"    (40.60223, -73.93427)",1.0,0.0,0,0,0,0,0,0,E-Bike,Station Wagon/Sport Utility Vehicle,1
20089613,4469383,10/20/2021,06:45,1845d879-6bd9-42b5-8519-6be429b6f8d1,Sedan,NISS -CAR/SUV,2016.0,1.0,,,Changing Lanes,Right Front Quarter Panel,Right Front Quarter Panel,Right Front Bumper,,,N,,Driver Inattention/Distraction,Passing Too Closely,,,"    (40.7716364, -73.8760984)",0.0,0.0,0,0,0,0,0,0,Sedan,Sedan,0
19971710,4422122,05/28/2021,06:18,43a3d181-24cb-46e3-bc17-da53d98d9ab7,Sedan,LEXS -CAR/SUV,2005.0,1.0,M,Licensed,Going Straight Ahead,Center Front End,Left Front Bumper,Center Front End,Left Front Quarter Panel,Other,N,,Alcohol Involvement,Unsafe Speed,MANHATTAN,10035.0,"    (40.79965, -73.93999)",0.0,0.0,0,0,0,0,0,0,Sedan,Sedan,0
20121391,4483658,12/04/2021,23:15,f8d97d4c-d962-435f-a0b4-4b6f4f95478e,Pick-up Truck,FORD -CAR/SUV,2018.0,0.0,,,Parked,Left Rear Quarter Panel,Left Rear Quarter Panel,Left Rear Bumper,,,N,,Unspecified,Unspecified,QUEENS,11378.0,"    (40.72968, -73.89695)",0.0,0.0,0,0,0,0,0,0,Sedan,Pick-up Truck,0
20083931,4466983,10/12/2021,00:17,b9fd27dd-cddc-45ee-bf5b-f4abee782d7d,Taxi,LINC -CAR/SUV,2017.0,3.0,M,Licensed,Going Straight Ahead,Center Back End,Center Back End,No Damage,No Damage,No Damage,N,,Unspecified,Unspecified,,,"    (40.8538839, -73.9404874)",2.0,0.0,0,0,0,0,2,0,Taxi,,1
19952632,4400388,03/20/2021,13:00,b7f4accf-c676-4b96-909d-6dd05eebdd76,Sedan,TOYT -CAR/SUV,2017.0,1.0,,,Making Left Turn,Left Front Bumper,Left Front Bumper,,,,N,,Unspecified,Unspecified,BRONX,10475.0,"(40.879948, -73.82339)",1.0,0.0,0,0,0,0,1,0,Station Wagon/Sport Utility Vehicle,Sedan,1
20120973,4483615,12/05/2021,05:20,f3adc0e5-afda-48b5-b10e-e3520b008a13,Sedan,TOYT -CAR/SUV,2015.0,1.0,M,Licensed,Going Straight Ahead,Right Front Bumper,Right Front Quarter Panel,,,,N,,Unspecified,Unspecified,BROOKLYN,11207.0,"    (40.684513, -73.909386)",0.0,0.0,0,0,0,0,0,0,Sedan,Sedan,0
19825303,4381958,01/04/2021,19:03,39e3f5d1-0805-4827-92db-28df9b079f8d,Station Wagon/Sport Utility Vehicle,FORD -CAR/SUV,2008.0,2.0,M,Licensed,Going Straight Ahead,Left Front Bumper,No Damage,No Damage,No Damage,No Damage,N,,Unspecified,Unspecified,BRONX,10471.0,"(40.906136, -73.90431)",1.0,0.0,1,0,0,0,0,0,Station Wagon/Sport Utility Vehicle,,1
20121616,4483722,12/05/2021,18:24,99687570-2a7a-41b6-a4f9-815a2e995c56,Station Wagon/Sport Utility Vehicle,NISS -CAR/SUV,2007.0,1.0,M,Licensed,Making U Turn,Left Front Bumper,Left Front Bumper,Center Front End,,,N,,Passing or Lane Usage Improper,Unspecified,QUEENS,11358.0,"    (40.758743, -73.804214)",1.0,0.0,0,0,0,0,1,0,Station Wagon/Sport Utility Vehicle,Station Wagon/Sport Utility Vehicle,1
19823795,4381289,01/04/2021,00:40,80c16243-e882-41c5-b612-f7c77a647cd6,Sedan,VOLK -CAR/SUV,2017.0,1.0,M,Licensed,Going Straight Ahead,Left Front Bumper,Left Front Bumper,Center Front End,,,N,,Driver Inattention/Distraction,Pavement Slippery,,,,0.0,0.0,0,0,0,0,0,0,Sedan,,0
19824733,4381820,01/04/2021,09:26,dc030411-2d36-4c07-8ae3-134cf0e56668,Van,FORD -CAR/SUV,2018.0,0.0,,,Parked,Left Side Doors,Left Side Doors,Left Front Quarter Panel,,,N,,Unspecified,Unspecified,MANHATTAN,10065.0,"(40.764618, -73.96025)",0.0,0.0,0,0,0,0,0,0,Van,,0
19845183,4390894,02/05/2021,07:55,f47d08ab-687f-429a-a83c-da22e3ab0c54,Bus,FRHT-TRUCK/BUS,2015.0,1.0,M,Licensed,Going Straight Ahead,Other,Other,,,,N,,Unspecified,Unspecified,BROOKLYN,11204.0,"(40.613403, -73.98071)",0.0,0.0,0,0,0,0,0,0,Bus,Station Wagon/Sport Utility Vehicle,0
19943080,4403335,03/29/2021,22:40,4b9f91c9-f9df-41af-b269-a5404ad4db2d,Sedan,NISS -CAR/SUV,2009.0,3.0,U,,Going Straight Ahead,Right Front Quarter Panel,Right Side Doors,Left Front Quarter Panel,Left Side Doors,Center Front End,N,,Unsafe Speed,Traffic Control Disregarded,MANHATTAN,10014.0,"(40.735302, -74.00994)",3.0,0.0,0,0,0,0,3,0,Sedan,Sedan,1
20028750,4442152,07/29/2021,11:05,4e7cf6ca-382a-4069-a0f6-9bd20746a9b4,Station Wagon/Sport Utility Vehicle,TOYT -CAR/SUV,2004.0,1.0,M,Licensed,Going Straight Ahead,Right Side Doors,Right Front Quarter Panel,Center Front End,Left Front Bumper,Center Front End,N,,Unspecified,Unspecified,BRONX,10467.0,"    (40.887444, -73.878006)",14.0,0.0,0,0,0,0,14,0,Station Wagon/Sport Utility Vehicle,Station Wagon/Sport Utility Vehicle,1
20048689,4451288,08/28/2021,03:06,cbe561c0-3985-48eb-bff5-cb593e579d38,Sedan,AUDI -CAR/SUV,2016.0,0.0,,,Parked,Left Side Doors,Left Side Doors,Left Front Quarter Panel,,,N,,Unspecified,Unspecified,,,"    (40.792244, -73.94629)",0.0,0.0,0,0,0,0,0,0,Sedan,Taxi,0
20030530,4443002,08/01/2021,17:23,86dc90b8-c4a9-4edd-98e8-1ba19d3fb1b9,Station Wagon/Sport Utility Vehicle,MERZ -CAR/SUV,2012.0,1.0,F,Licensed,Slowing or Stopping,Center Front End,Center Front End,,,,N,,Following Too Closely,Unspecified,,,"    (40.763245, -73.75806)",0.0,0.0,0,0,0,0,0,0,Station Wagon/Sport Utility Vehicle,Sedan,0
20045990,4449982,08/23/2021,23:40,88793bff-c19f-4d72-a3df-f7657a9acb1a,Sedan,TOYT -CAR/SUV,2017.0,,,,Going Straight Ahead,Left Front Bumper,Left Front Quarter Panel,Right Front Quarter Panel,Right Side Doors,Overturned,N,,Failure to Keep Right,Passing or Lane Usage Improper,QUEENS,11691.0,"    (40.60351, -73.76171)",0.0,0.0,0,0,0,0,0,0,Sedan,Sedan,0
19856165,4395855,03/02/2021,21:42,843c7e90-b8bb-4f23-ab58-d606533ff185,Station Wagon/Sport Utility Vehicle,NISS -CAR/SUV,2020.0,1.0,M,Licensed,Making Left Turn,Left Front Quarter Panel,Left Front Quarter Panel,Left Front Bumper,,,N,,Unspecified,Unspecified,BROOKLYN,11236.0,"(40.646324, -73.89215)",0.0,0.0,0,0,0,0,0,0,Station Wagon/Sport Utility Vehicle,Sedan,0
19972548,4404791,04/05/2021,20:30,41c917cf-9d8f-45b4-a8cd-25681bca8d29,Station Wagon/Sport Utility Vehicle,DODG -CAR/SUV,2018.0,1.0,F,Licensed,Going Straight Ahead,Right Side Doors,Right Side Doors,,,,N,,Unspecified,Unspecified,QUEENS,11420.0,"(40.672356, -73.82032)",0.0,0.0,0,0,0,0,0,0,Station Wagon/Sport Utility Vehicle,,0
19824738,4381770,01/05/2021,18:55,b80b7d81-5cde-4c1d-a991-a37cabd0a450,Station Wagon/Sport Utility Vehicle,MERZ -CAR/SUV,2018.0,1.0,M,Licensed,Going Straight Ahead,Center Front End,Center Front End,Left Front Bumper,Right Front Bumper,,N,,Following Too Closely,Unspecified,,,"(40.796738, -73.92925)",1.0,0.0,0,0,0,0,1,0,Station Wagon/Sport Utility Vehicle,Station Wagon/Sport Utility Vehicle,1
19994180,4433586,07/03/2021,15:25,18788e64-bb5e-4bee-9c91-05562893da3d,Station Wagon/Sport Utility Vehicle,HOND -CAR/SUV,2021.0,1.0,F,Licensed,Going Straight Ahead,Center Back End,Center Back End,Left Rear Bumper,Right Rear Bumper,,N,,Unspecified,Unspecified,,,,0.0,0.0,0,0,0,0,0,0,Sedan,Sedan,0
19847440,4391669,02/13/2021,14:39,e3b0c026-a26f-41ca-b0fd-7bd31867f6f4,Station Wagon/Sport Utility Vehicle,NISS -CAR/SUV,2009.0,1.0,M,Licensed,Going Straight Ahead,Right Front Quarter Panel,Right Front Quarter Panel,No Damage,No Damage,No Damage,N,,Unspecified,Unspecified,BROOKLYN,11233.0,"(40.6715, -73.91505)",0.0,0.0,0,0,0,0,0,0,Station Wagon/Sport Utility Vehicle,Sedan,0
20115609,4481385,11/27/2021,17:41,c58da37f-e7e0-4900-a6e6-a2d4fc7221b8,Sedan,HOND -CAR/SUV,2010.0,1.0,M,Licensed,Parked,Left Side Doors,Left Side Doors,No Damage,No Damage,No Damage,N,,Driver Inattention/Distraction,Other Vehicular,MANHATTAN,10032.0,"    (40.836838, -73.94284)",1.0,0.0,0,0,0,0,1,0,Sedan,Station Wagon/Sport Utility Vehicle,1
20027364,4441294,07/27/2021,13:44,f9633ece-bb80-4ce6-a54e-458de8c31645,Sedan,HOND -CAR/SUV,2006.0,1.0,M,Licensed,Going Straight Ahead,Right Front Bumper,Right Front Bumper,Right Front Quarter Panel,,,N,,Unspecified,Unspecified,QUEENS,11365.0,"    (40.738396, -73.79462)",1.0,0.0,0,0,0,0,1,0,Station Wagon/Sport Utility Vehicle,Sedan,1
20120382,4483387,12/04/2021,18:16,bed27a00-b8cf-432b-ad42-54d291f3f390,Sedan,MERZ -CAR/SUV,2017.0,3.0,M,Licensed,Starting from Parking,Center Front End,Center Front End,Right Front Bumper,Left Front Bumper,,N,,Failure to Yield Right-of-Way,Unspecified,BROOKLYN,11236.0,"    (40.639404, -73.90728)",0.0,0.0,0,0,0,0,0,0,Sedan,Sedan,0