UNIQUE_ID,COLLISION_ID,CRASH_DATE,CRASH_TIME,VEHICLE_ID,VEHICLE_TYPE,VEHICLE_MAKE,VEHICLE_YEAR,VEHICLE_OCCUPANTS,DRIVER_SEX,DRIVER_LICENSE_STATUS,PRE_CRASH,POINT_OF_IMPACT,VEHICLE_DAMAGE,VEHICLE_DAMAGE_1,VEHICLE_DAMAGE_2,VEHICLE_DAMAGE_3,PUBLIC_PROPERTY_DAMAGE,PUBLIC_PROPERTY_DAMAGE_TYPE,CONTRIBUTING_FACTOR_1,CONTRIBUTING_FACTOR_2,BOROUGH,ZIP CODE,LOCATION,NUMBER OF PERSONS INJURED,NUMBER OF PERSONS KILLED,NUMBER OF PEDESTRIANS INJURED,NUMBER OF PEDESTRIANS KILLED,NUMBER OF CYCLIST INJURED,NUMBER OF CYCLIST KILLED,NUMBER OF MOTORIST INJURED,NUMBER OF MOTORIST KILLED,VEHICLE TYPE CODE 1,VEHICLE TYPE CODE 2,Severity
20049185,4451420,08/28/2021,04:40,66c564e0-3346-4772-8bc3-0570d4600c3e,Sedan,FORD -CAR/SUV,2008.0,0.0,M,,Parked,Left Rear Quarter Panel,Left Rear Quarter Panel,,,,N,,Unspecified,Unspecified,BROOKLYN,11207.0,"    (40.664528, -73.89009)",0.0,0.0,0,0,0,0,0,0,Sedan,,0
19946980,4417005,05/12/2021,19:05,e9110f95-3aab-449f-935c-216b07dbd619,Sedan,HOND -CAR/SUV,2020.0,1.0,,,Going Straight Ahead,Center Front End,Center Front End,No Damage,No Damage,No Damage,N,,Driver Inattention/Distraction,Unspecified,MANHATTAN,10026.0,"    (40.798523, -73.94926)",0.0,0.0,0,0,0,0,0,0,Station Wagon/Sport Utility Vehicle,Sedan,0
20136260,4490807,12/23/2021,09:20,e27325c0-f895-43d5-a422-9e7ec323d992,Sedan,CHEV -CAR/SUV,2015.0,1.0,F,Licensed,Stopped in Traffic,Center Back End,Center Back End,No Damage,No Damage,Center Back End,N,,Unspecified,Unspecified,,,"    (40.804905, -73.91883)",1.0,0.0,0,0,0,0,1,0,Sedan,Pick-up Truck,1
20092014,4470466,10/24/2021,05:02,ae92be70-b1c6-4348-a841-181e680d78c5,Sedan,MAZD -CAR/SUV,2018.0,1.0,M,Licensed,Going Straight Ahead,Right Front Bumper,Right Front Quarter Panel,Right Side Doors,Right Rear Quarter Panel,Right Rear Bumper,N,,Unspecified,Unspecified,,,"    (40.6756691, -73.8643459)",1.0,0.0,0,0,0,0,1,0,Sedan,Sedan,1
20096487,4472676,10/31/2021,16:00,07638eb1-a822-4511-b904-9d51cbb6a431,Station Wagon/Sport Utility Vehicle,BMW -CAR/SUV,2012.0,,,,Starting from Parking,Center Back End,Center Back End,Center Back End,Center Back End,Center Back End,Unspecified,,Backing Unsafely,Driver Inattention/Distraction,QUEENS,11368.0,,0.0,0.0,0,0,0,0,0,0,Station Wagon/Sport Utility Vehicle,Station Wagon/Sport Utility Vehicle,0
19982388,4409288,04/19/2021,10:53,9841f094-bebe-4583-b78c-d933f4ed2f04,Sedan,MERZ -CAR/SUV,2007.0,0.0,,,Parked,Center Front End,Center Front End,Center Back End,,,N,,Unspecified,Unspecified,QUEENS,11378.0,"    (40.723835, -73.90634)",0.0,0.0,0,0,0,0,0,0,Flat Bed,Station Wagon/Sport Utility Vehicle,0
19981328,4421549,05/29/2021,13:30,95c2d8d2-bdd1-432f-b657-25597c35ada1,Station Wagon/Sport Utility Vehicle,CHRY -CAR/SUV,2019.0,1.0,M,Licensed,Stopped in Traffic,Center Back End,Center Back End,,,,N,,Unspecified,Unspecified,,,"    (40.62488, -74.01964)",0.0,0.0,0,0,0,0,0,0,Box Truck,Pick-up Truck,0
19866450,4400284,03/19/2021,14:49,bd5b6483-d5b3-41c1-9af8-f35b1d1b806d,Sedan,HOND -CAR/SUV,2019.0,1.0,M,Licensed,Changing Lanes,Left Side Doors,Left Rear Quarter Panel,,,,N,,Passing or Lane Usage Improper,Driver Inattention/Distraction,,,"(40.82802, -73.93122)",0.0,0.0,0,0,0,0,0,0,Bus,Sedan,0
20060183,4456095,09/11/2021,13:40,821b070b-dd88-44e7-8f59-87a6cd511708,Station Wagon/Sport Utility Vehicle,NISS -CAR/SUV,2003.0,2.0,M,Licensed,Changing Lanes,Right Front Bumper,No Damage,No Damage,No Damage,No Damage,N,,View Obstructed/Limited,Oversized Vehicle,QUEENS,11354.0,"    (40.76536, -73.82787)",1.0,0.0,0,0,0,0,1,0,Sedan,Station Wagon/Sport Utility Vehicle,1
20094778,4470549,10/24/2021,16:40,1fc5cc6a-8618-4b88-b594-796666bec230,Sedan,MERZ -CAR/SUV,2009.0,2.0,,,Going Straight Ahead,Left Front Bumper,Center Front End,,,,N,,Passing Too Closely,Failure to Yield Right-of-Way,QUEENS,11436.0,"    (40.6779424, -73.802291)",0.0,0.0,0,0,0,0,0,0,Sedan,Sedan,0
19847322,4391073,02/11/2021,04:00,2d7b9e34-2ac3-48b1-9606-1429745635bf,Pick-up Truck,MAZD -CAR/SUV,2010.0,0.0,,,Parked,Left Front Quarter Panel,Left Front Quarter Panel,Left Front Bumper,Right Front Quarter Panel,Right Front Bumper,N,,Unspecified,Unspecified,,,,0.0,0.0,0,0,0,0,0,0,Sedan,Pick-up Truck,0
20074039,4462767,09/30/2021,08:30,2ee0a90b-6551-4262-83a9-05984bdb95a6,Station Wagon/Sport Utility Vehicle,HOND -CAR/SUV,2012.0,1.0,M,Licensed,Going Straight Ahead,Right Side Doors,Right Side Doors,,,,N,,Unspecified,Unspecified,,,"    (40.59514, -73.754)",0.0,0.0,0,0,0,0,0,0,Station Wagon/Sport Utility Vehicle,Station Wagon/Sport Utility Vehicle,0
19968909,4401872,03/25/2021,23:57,8a2eb952-c38a-4f02-bff3-d958ae8e36fa,Sedan,BMW -CAR/SUV,2007.0,1.0,M,Licensed,Changing Lanes,Center Back End,Right Front Bumper,Left Front Bumper,Center Front End,,N,,Unsafe Lane Changing,Failure to Yield Right-of-Way,,,,1.0,0.0,0,0,0,0,1,0,Station Wagon/Sport Utility Vehicle,Sedan,1
19857184,4392616,02/17/2021,22:34,b9b46f1e-0a6f-4f28-b0d7-d4bcc3fa742f,Sedan,NISS -CAR/SUV,,0.0,,,Going Straight Ahead,Right Front Bumper,Right Front Quarter Panel,Right Front Bumper,Right Front Quarter Panel,,Unspecified,,Driver Inattention/Distraction,Unsafe Speed,BROOKLYN,11236.0,"(40.64837, -73.904396)",0.0,0.0,0,0,0,0,0,0,Sedan,Sedan,0
20115710,4481606,11/27/2021,05:00,fe751695-1ed0-42ff-9fec-68e23b185937,Sedan,DODG -CAR/SUV,2017.0,0.0,M,,Parked,Left Rear Bumper,Center Back End,Right Rear Bumper,,,N,,Unspecified,Unspecified,MANHATTAN,10033.0,"    (40.85231, -73.93343)",0.0,0.0,0,0,0,0,0,0,Sedan,Sedan,0
19944514,4403235,03/19/2021,14:45,aad5f83f-038c-4924-8323-418a5057d008,Station Wagon/Sport Utility Vehicle,TOYT -CAR/SUV,2018.0,3.0,M,Licensed,Making Left Turn,Right Front Bumper,Other,,,,N,,Failure to Yield Right-of-Way,Driver Inattention/Distraction,MANHATTAN,10012.0,"(40.72543, -73.99678)",1.0,0.0,1,0,0,0,0,0,Station Wagon/Sport Utility Vehicle,,1
20149133,4482050,11/29/2021,08:41,7d9c8315-18c2-4485-b4bb-5283a86d51b9,Sedan,HOND -CAR/SUV,2009.0,1.0,M,Licensed,Going Straight Ahead,Center Back End,Center Back End,No Damage,No Damage,No Damage,N,,Unspecified,Unspecified,,,"    (40.738194, -73.8492)",0.0,0.0,0,0,0,0,0,0,Station Wagon/Sport Utility Vehicle,Sedan,0
20013907,4435223,07/06/2021,21:30,e9ee2ba5-6f10-471d-9135-5cc73a097370,E-Bike,pirelli,,1.0,M,Unlicensed,Going Straight Ahead,Left Side Doors,Left Side Doors,Center Front End,Right Side Doors,Center Back End,N,,Other Vehicular,Unspecified,BROOKLYN,11208.0,"    (40.675297, -73.87268)",1.0,0.0,0,0,0,0,0,0,E-Bike,Sedan,1
20080819,4465595,10/09/2021,21:40,00df0641-2531-4675-a212-4648f44c1b25,Van,MERZ-TRUCK/BUS,2020.0,1.0,M,Licensed,Changing Lanes,No Damage,No Damage,No Damage,No Damage,No Damage,N,,Driver Inattention/Distraction,Unsafe Lane Changing,,,"    (40.596184, -74.00053)",0.0,0.0,0,0,0,0,0,0,Van,Station Wagon/Sport Utility Vehicle,0
20066387,4458830,09/19/2021,07:00,f4d4f1a8-a4c5-4915-bd76-4a470830b888,Sedan,LEXS -CAR/SUV,2011.0,0.0,,,Parked,Right Front Bumper,Right Front Quarter Panel,,,Other,Unspecified,,Unspecified,Unspecified,QUEENS,11355.0,"    (40.75451, -73.827156)",0.0,0.0,0,0,0,0,0,0,Sedan,Station Wagon/Sport Utility Vehicle,0
19985972,4410029,04/23/2021,22:30,f8b3cba2-38f7-40a5-a48f-1f6e7b462fe2,Taxi,TOYT -CAR/SUV,2016.0,1.0,M,Licensed,Going Straight Ahead,Left Front Quarter Panel,Left Front Quarter Panel,Left Front Bumper,,,N,,Unspecified,Unspecified,,,"    (40.825096, -73.87263)",0.0,0.0,0,0,0,0,0,0,Taxi,Sedan,0
19857464,4396291,03/01/2021,20:00,fcfd928c-342c-4dd2-8dbb-31e310a539a4,Sedan,TOYT -CAR/SUV,2003.0,0.0,,,Parked,Center Back End,Center Back End,,,,N,,Unspecified,Unspecified,,,"(40.752975, -73.91024)",0.0,0.0,0,0,0,0,0,0,Box Truck,Sedan,0
20078160,4464466,10/03/2021,06:10,1df55560-08ca-4704-a42d-edc51e2c718f,Sedan,NISS -CAR/SUV,,,,,Going Straight Ahead,Center Front End,Center Front End,Right Front Bumper,Right Front Quarter Panel,Left Front Bumper,N,,Driver Inattention/Distraction,Following Too Closely,,,"    (40.682507, -73.94375)",0.0,0.0,0,0,0,0,0,0,Station Wagon/Sport Utility Vehicle,Sedan,0
20085544,4467586,10/15/2021,15:55,df2549c5-6dd6-4525-963d-a1f266aae95c,Sedan,TOYT -CAR/SUV,2005.0,0.0,F,Licensed,Parked,Left Front Bumper,Left Front Bumper,No Damage,No Damage,Left Front Bumper,N,,Unspecified,Unspecified,QUEENS,11365.0,"    (40.7323251, -73.8107713)",0.0,0.0,0,0,0,0,0,0,Sedan,Sedan,0
19981291,4429723,06/20/2021,14:30,7d151f05-0af1-4b05-8368-ea7cf17e3dd5,Sedan,TOYT -CAR/SUV,,0.0,,,Parked,Left Front Bumper,Left Front Bumper,No Damage,No Damage,No Damage,N,,Unspecified,Unspecified,,,,0.0,0.0,0,0,0,0,0,0,Sedan,Sedan,0
20040424,4447631,08/16/2021,11:30,c3a38612-5b05-446e-a099-62836b574d37,Van,UD,2007.0,0.0,M,Licensed,Going Straight Ahead,Right Front Bumper,Right Front Bumper,No Damage,No Damage,No Damage,N,,Driverless/Runaway Vehicle,Unspecified,,,"    (40.792126, -73.97178)",0.0,0.0,0,0,0,0,0,0,Van,Sedan,0
19826343,4382348,01/07/2021,14:46,5d680058-a631-446b-8eab-e6c5bbeaa73b,Sedan,TOYT -CAR/SUV,2011.0,0.0,,,Parked,Left Side Doors,Left Side Doors,,,,N,,Unspecified,Unspecified,BRONX,10461.0,,0.0,0.0,0,0,0,0,0,0,Sedan,Sedan,0
20043023,4448718,08/20/2021,00:00,4f739fb5-df24-4b9c-969d-08a2dc59f8cf,Sedan,NISS -CAR/SUV,2013.0,3.0,F,Licensed,Going Straight Ahead,Left Rear Quarter Panel,Left Rear Quarter Panel,Left Front Bumper,Center Front End,Right Front Bumper,N,,Unspecified,Unspecified,,,"    (40.60485, -74.02559)",0.0,0.0,0,0,0,0,0,0,Station Wagon/Sport Utility Vehicle,Sedan,0
19850086,4393082,02/17/2021,20:52,9ff9dfe3-c742-4dda-9475-da9d4d2b33e4,Station Wagon/Sport Utility Vehicle,JEEP -CAR/SUV,2017.0,2.0,F,Licensed,Making Left Turn,Left Front Quarter Panel,Left Front Quarter Panel,No Damage,No Damage,No Damage,N,,Unspecified,Unspecified,BROOKLYN,11236.0,"(40.64031, -73.90984)",0.0,0.0,0,0,0,0,0,0,Station Wagon/Sport Utility Vehicle,Sedan,0
20116682,4481964,11/23/2021,22:55,25dc4406-8234-474c-ae1d-24798a2e1c95,Station Wagon/Sport Utility Vehicle,FORD -CAR/SUV,2016.0,2.0,M,Licensed,Going Straight Ahead,Right Side Doors,Right Side Doors,Right Rear Quarter Panel,,,N,,Unspecified,Unspecified,MANHATTAN,10013.0,"    (40.718853, -74.00485)",0.0,0.0,0,0,0,0,0,0,Station Wagon/Sport Utility Vehicle,Station Wagon/Sport Utility Vehicle,0
19856761,4396141,02/24/2021,17:00,90508062-ef08-416b-8d72-2c6290f8f2eb,Station Wagon/Sport Utility Vehicle,TOYT -CAR/SUV,2018.0,0.0,,,Parked,Left Rear Quarter Panel,Left Rear Quarter Panel,Left Rear Bumper,,,N,,Unspecified,Unspecified,,,"(40.58579, -74.15644)",0.0,0.0,0,0,0,0,0,0,Station Wagon/Sport Utility Vehicle,,0
19866799,4400702,03/22/2021,01:10,751df980-e9b6-46e5-8646-b2ec5101436e,Station Wagon/Sport Utility Vehicle,NISS -CAR/SUV,2005.0,0.0,,,Parked,Left Rear Quarter Panel,Left Rear Quarter Panel,Left Rear Bumper,Right Front Bumper,No Damage,N,,Unspecified,Unspecified,BROOKLYN,11226.0,"(40.64691, -73.96343)",0.0,0.0,0,0,0,0,0,0,Sedan,Sedan,0
19961303,4404971,04/05/2021,19:00,9fe71462-6cc9-4fea-b698-7d52d19b8729,Station Wagon/Sport Utility Vehicle,NISS -CAR/SUV,2016.0,1.0,F,Licensed,Going Straight Ahead,Right Front Bumper,Right Front Quarter Panel,Center Front End,,,N,,Unspecified,Unspecified,,,,0.0,0.0,0,0,0,0,0,0,Station Wagon/Sport Utility Vehicle,,0
20059675,4456123,09/11/2021,18:21,c7a49f7f-c7b4-45c6-8ecb-17163d071908,Sedan,NISS -CAR/SUV,2019.0,1.0,M,Licensed,Stopped in Traffic,Center Back End,Center Back End,Right Rear Bumper,Left Rear Bumper,,N,,Unspecified,Unspecified,,,,0.0,0.0,0,0,0,0,0,0,Sedan,Sedan,0
19826417,4382376,01/08/2021,11:30,ed990137-a075-45fc-b5ba-87d21d1419e8,Sedan,LEXS -CAR/SUV,2016.0,1.0,M,Licensed,Changing Lanes,Left Rear Quarter Panel,Left Rear Quarter Panel,No Damage,No Damage,No Damage,N,,Driver Inattention/Distraction,Reaction to Uninvolved Vehicle,BROOKLYN,11204.0,"(40.61913, -73.99019)",0.0,0.0,0,0,0,0,0,0,Station Wagon/Sport Utility Vehicle,Sedan,0
20009333,4411387,04/28/2021,07:00,56c10378-b8da-48fd-aea0-da7aa974e2df,Trailer,App,2018.0,0.0,,,Parked,Left Rear Bumper,Left Rear Bumper,,,,N,,Unspecified,Unspecified,BROOKLYN,11207.0,"    (40.652714, -73.8906)",0.0,0.0,0,0,0,0,0,0,Trailer,Sedan,0
20043327,4448570,08/18/2021,18:10,78025621-9036-4149-a382-43ec3da41a41,Sedan,HYUN -CAR/SUV,2017.0,0.0,M,Licensed,Parked,Left Rear Quarter Panel,Left Rear Quarter Panel,Left Side Doors,Left Front Quarter Panel,No Damage,N,,Unspecified,Unspecified,BROOKLYN,11208.0,"    (40.67831, -73.869804)",0.0,0.0,0,0,0,0,0,0,Sedan,,0
20039322,4447005,08/11/2021,22:43,de6fe75f-9553-4e26-ad3e-a8cc9227cd73,Station Wagon/Sport Utility Vehicle,JEEP -CAR/SUV,2008.0,0.0,M,Licensed,Going Straight Ahead,Right Side Doors,No Damage,No Damage,No Damage,No Damage,N,,Unspecified,Unspecified,MANHATTAN,10002.0,"    (40.718815, -73.97474)",0.0,0.0,0,0,0,0,0,0,Station Wagon/Sport Utility Vehicle,Station Wagon/Sport Utility Vehicle,0
19989961,4429889,06/22/2021,14:31,dee2aa20-f2f7-434c-99a3-58bc2005a7a4,Taxi,NISS -CAR/SUV,2016.0,1.0,M,Licensed,Parked,Left Front Quarter Panel,Left Front Quarter Panel,Left Front Quarter Panel,Left Front Bumper,,N,,Unspecified,Unspecified,BROOKLYN,11220.0,"    (40.634617, -74.02353)",0.0,0.0,0,0,0,0,0,0,Taxi,Box Truck,0
20068669,4459708,09/11/2021,06:13,7ad37877-52f4-4b39-916d-895e981d789d,Station Wagon/Sport Utility Vehicle,BMW -CAR/SUV,2020.0,1.0,M,Licensed,Going Straight Ahead,Right Side Doors,Right Side Doors,No Damage,No Damage,No Damage,N,,Unspecified,Unspecified,,,"    (40.82325, -73.88277)",0.0,0.0,0,0,0,0,0,0,Station Wagon/Sport Utility Vehicle,,0
19825891,4382282,01/07/2021,18:49,2c3c20f9-a208-4bea-ad16-8633a169c020,Sedan,TOYT -CAR/SUV,2000.0,1.0,F,Licensed,Going Straight Ahead,Left Front Quarter Panel,Left Front Quarter Panel,No Damage,No Damage,No Damage,N,,Unspecified,Unspecified,BROOKLYN,11225.0,"(40.663124, -73.96244)",1.0,0.0,0,0,1,0,0,0,Sedan,Bike,1
19853012,4394161,02/22/2021,09:35,3ec65f35-0a88-4a69-9214-45d7cc211082,PK,CHEV-TRUCK/BUS,2019.0,1.0,M,Licensed,Going Straight Ahead,Right Front Bumper,Right Front Bumper,No Damage,No Damage,No Damage,N,,Unspecified,Unspecified,,,"(40.834644, -73.865036)",0.0,0.0,0,0,0,0,0,0,PK,Station Wagon/Sport Utility Vehicle,0
19982715,4418391,05/19/2021,22:41,43af0055-37d0-4215-8b5a-8277fe8828a4,Station Wagon/Sport Utility Vehicle,TOYT -CAR/SUV,2021.0,1.0,M,Licensed,Going Straight Ahead,Center Front End,Center Front End,Left Front Bumper,Right Front Bumper,,N,,Unspecified,Unspecified,BRONX,10461.0,"    (40.84137, -73.826096)",0.0,0.0,0,0,0,0,0,0,Station Wagon/Sport Utility Vehicle,,0
20086128,4468130,10/17/2021,01:00,ae279638-76c4-43d0-a1e5-45836bf7afe8,Station Wagon/Sport Utility Vehicle,JEEP -CAR/SUV,,1.0,,,Making Right Turn,Left Front Bumper,Left Front Quarter Panel,Left Front Bumper,Left Front Quarter Panel,No Damage,N,,Driver Inattention/Distraction,Driver Inexperience,MANHATTAN,10028.0,"    (40.7771942, -73.9598482)",0.0,0.0,0,0,0,0,0,0,Sedan,Station Wagon/Sport Utility Vehicle,0
20095588,4472355,10/30/2021,13:00,6140d95d-0e04-4f5b-91bb-29d71e5db968,Station Wagon/Sport Utility Vehicle,BMW -CAR/SUV,2012.0,2.0,M,Licensed,Stopped in Traffic,Center Back End,Center Back End,Center Back End,Center Back End,Center Back End,N,,Unspecified,Unspecified,QUEENS,11433.0,"    (40.698055, -73.7877)",0.0,0.0,0,0,0,0,0,0,Station Wagon/Sport Utility Vehicle,Sedan,0
20021619,4438860,07/17/2021,00:47,f09c595f-2dcf-4a2c-8c1e-2a2399fb0bf6,Station Wagon/Sport Utility Vehicle,BMW -CAR/SUV,2021.0,1.0,M,Licensed,Going Straight Ahead,Left Front Bumper,Left Front Quarter Panel,Center Front End,Right Front Bumper,,N,,Alcohol Involvement,Driver Inexperience,STATEN ISLAND,10301.0,"    (40.602135, -74.114876)",0.0,0.0,0,0,0,0,0,0,Station Wagon/Sport Utility Vehicle,,0
20073537,4462378,09/28/2021,12:20,074b084b-0786-4630-bb34-951c38f89bda,Sedan,TESL -CAR/SUV,2021.0,1.0,F,Licensed,Slowing or Stopping,Left Rear Bumper,Left Rear Bumper,Left Rear Quarter Panel,No Damage,No Damage,N,,Unsafe Lane Changing,Unspecified,,,"    (40.78318, -73.94362)",1.0,0.0,0,0,0,0,1,0,Station Wagon/Sport Utility Vehicle,Station Wagon/Sport Utility Vehicle,1
20133829,4489556,12/21/2021,19:30,3af11137-f43b-4fad-a767-9990b33b0a77,Sedan,HOND -CAR/SUV,2019.0,0.0,M,Licensed,Going Straight Ahead,Left Rear Quarter Panel,Left Rear Quarter Panel,,,,N,,Unspecified,Unspecified,,,"    (40.634506, -73.949455)",1.0,0.0,0,0,0,0,1,0,Sedan,Box Truck,1
20058968,4455974,09/04/2021,02:02,f6841d92-65eb-4349-91ef-1f6bdde8bedd,Station Wagon/Sport Utility Vehicle,JEEP -CAR/SUV,2002.0,0.0,,,Making Left Turn,Right Front Bumper,Right Front Quarter Panel,Right Side Doors,Center Front End,,N,,Aggressive Driving/Road Rage,Unspecified,,,"    (40.606888, -73.99589)",0.0,0.0,0,0,0,0,0,0,Station Wagon/Sport Utility Vehicle,Sedan,0
20073241,4462262,09/28/2021,11:20,e11703ed-7821-412b-92e2-4651da024aee,Box Truck,HINO -TRUCK/BUS,2012.0,1.0,M,Licensed,Going Straight Ahead,Right Front Bumper,Right Front Bumper,Right Front Bumper,Right Front Bumper,Right Front Bumper,N,,Driver Inexperience,Driver Inattention/Distraction,,,"    (40.74017, -73.97615)",0.0,0.0,0,0,0,0,0,0,Box Truck,Sedan,0
20014524,4435741,07/05/2021,06:17,eceb0cd1-b435-4098-b17e-cd411d6499c2,Van,NISS-TRUCK/BUS,2017.0,0.0,,,Parked,Left Rear Bumper,Center Back End,Right Rear Bumper,,,N,,Unspecified,Unspecified,BROOKLYN,11221.0,"    (40.689354, -73.936325)",0.0,0.0,0,0,0,0,0,0,Sedan,Sedan,0
19997990,4430566,06/23/2021,18:20,ab6e3140-4e77-427c-bd7d-e6e92d7f5bb4,Sedan,ACUR -CAR/SUV,2002.0,1.0,M,Licensed,Going Straight Ahead,Center Front End,Center Front End,Left Front Bumper,Right Front Bumper,Roof,N,,Unspecified,Unspecified,QUEENS,11435.0,"    (40.693638, -73.80464)",1.0,0.0,1,0,0,0,0,0,Sedan,,1
20000039,4416961,05/16/2021,07:00,8c376ea5-3ce6-46fe-8049-5b6b28c61fc4,Sedan,CHEV -CAR/SUV,2020.0,0.0,,,Parked,Left Front Bumper,Left Front Bumper,Center Front End,Left Front Quarter Panel,,N,,Unspecified,Unspecified,BROOKLYN,11203.0,"    (40.639996, -73.94261)",0.0,0.0,0,0,0,0,0,0,Sedan,,0
20001207,4431370,06/24/2021,06:06,d62ae8bb-23e0-4594-a2de-0a79ceb93a26,Sedan,VOLK -CAR/SUV,2017.0,1.0,M,Licensed,Going Straight Ahead,Right Rear Quarter Panel,Right Rear Quarter Panel,,,,N,,Unspecified,Unspecified,BROOKLYN,11233.0,"    (40.668377, -73.92012)",1.0,0.0,0,0,0,0,1,0,Sedan,Station Wagon/Sport Utility Vehicle,1
19944673,4404381,04/02/2021,11:45,17cbef84-f70c-42e9-838c-1ff35bd55563,Sedan,SMRT -CAR/SUV,2016.0,1.0,M,Licensed,Going Straight Ahead,Right Front Quarter Panel,Right Front Quarter Panel,,,,N,,Unspecified,Unspecified,,,"(40.754314, -73.98687)",0.0,0.0,0,0,0,0,0,0,Sedan,Bike,0
20121841,4478294,11/12/2021,17:31,5ccce04f-28a4-4cf9-bbf0-a09757979977,,HOND -CAR/SUV,2018.0,1.0,,,Going Straight Ahead,Center Front End,Right Front Bumper,Left Front Bumper,,,N,,Unsafe Speed,Traffic Control Disregarded,,,"    (40.85431, -73.93009)",1.0,0.0,0,0,0,0,1,0,Taxi,,1
19962014,4406917,04/13/2021,02:00,72fe2884-cbe3-43e9-bf5c-46e93bf13b4f,Sedan,BMW -CAR/SUV,2008.0,0.0,,,Parked,Left Side Doors,Left Side Doors,Left Front Quarter Panel,Left Rear Quarter Panel,,N,,Unspecified,Unspecified,BRONX,10457.0,"(40.851192, -73.88638)",0.0,0.0,0,0,0,0,0,0,Sedan,Sedan,0
19989883,4427610,06/14/2021,19:34,24019a10-b785-4ef0-9796-943828bbb7e2,Sedan,TOYT -CAR/SUV,2018.0,0.0,,,Parked,Left Front Bumper,Left Front Quarter Panel,,,,N,,Unspecified,Unspecified,BROOKLYN,11218.0,"    (40.633617, -73.977715)",0.0,0.0,0,0,0,0,0,0,Sedan,Van,0
20123984,4485162,12/06/2021,00:30,808072a2-9d06-4eb8-a7da-cff679435eb2,Station Wagon/Sport Utility Vehicle,INFI -CAR/SUV,2008.0,2.0,M,Licensed,Going Straight Ahead,Right Rear Quarter Panel,Right Side Doors,,,,N,,Unspecified,Unspecified,,,"    (40.68892, -73.99915)",0.0,0.0,0,0,0,0,0,0,Station Wagon/Sport Utility Vehicle,Sedan,0
20056743,4454083,09/05/2021,19:23,6a15e193-ca37-4a3e-b578-6d6a02c0e828,Sedan,BMW -CAR/SUV,2021.0,1.0,M,Licensed,Parked,Center Front End,Center Front End,Right Front Bumper,No Damage,No Damage,N,,Unspecified,Unspecified,MANHATTAN,10025.0,"    (40.79259, -73.972916)",0.0,0.0,0,0,0,0,0,0,Station Wagon/Sport Utility Vehicle,Sedan,0
19851783,4393817,02/22/2021,15:41,470e11d6-76b8-473c-84b4-8d961861105c,Sedan,TOYT -CAR/SUV,2019.0,0.0,M,Licensed,Parked,Center Back End,Center Back End,Right Rear Quarter Panel,Right Rear Bumper,Left Rear Bumper,N,,Unspecified,Unspecified,BROOKLYN,11249.0,"(40.701656, -73.96062)",0.0,0.0,0,0,0,0,0,0,Sedan,,0
19970336,4410411,04/23/2021,19:58,58c44633-3990-440c-9adc-f5b55a643fca,Pick-up Truck,FORD -CAR/SUV,2015.0,1.0,M,Licensed,Going Straight Ahead,No Damage,No Damage,No Damage,No Damage,No Damage,N,,Unspecified,Unspecified,BROOKLYN,11234.0,"    (40.613194, -73.92631)",0.0,0.0,0,0,0,0,0,0,Pick-up Truck,Sedan,0
20025008,4439474,07/22/2021,14:30,fbc60229-09a8-4b35-bf9b-b79f045b1626,Bus,IC Corp,2011.0,1.0,M,Licensed,Backing,No Damage,No Damage,No Damage,No Damage,No Damage,N,,Unspecified,Unspecified,,,"    (40.732037, -73.814926)",0.0,0.0,0,0,0,0,0,0,Sedan,Bus,0
19999634,4415572,05/05/2021,16:27,cc22468e-4113-48ea-9ea9-834617508ca1,Station Wagon/Sport Utility Vehicle,TOYT -CAR/SUV,2020.0,0.0,,,Parked,Left Rear Quarter Panel,Left Rear Quarter Panel,,,,N,,Unspecified,Unspecified,,,"    (40.769188, -73.8009)",0.0,0.0,0,0,0,0,0,0,Station Wagon/Sport Utility Vehicle,Station Wagon/Sport Utility Vehicle,0
19827218,4382987,01/07/2021,08:30,6c921e7b-812a-417b-ac5b-4cb786871f4f,Sedan,INFI -CAR/SUV,2008.0,1.0,M,Licensed,Stopped in Traffic,Center Back End,Center Back End,Left Rear Bumper,Right Rear Bumper,,N,,Other Vehicular,Other Vehicular,,,"(40.63997, -73.99434)",0.0,0.0,0,0,0,0,0,0,Sedan,Sedan,0
20024604,4440525,07/13/2021,13:35,f8f6aabc-f7cd-404b-aabd-89018c15e02e,Station Wagon/Sport Utility Vehicle,CHEV -CAR/SUV,,1.0,,,Making Left Turn,Left Front Quarter Panel,,Left Front Bumper,,,N,,Failure to Yield Right-of-Way,Unspecified,QUEENS,11418.0,"    (40.699207, -73.823)",0.0,0.0,0,0,0,0,0,0,Station Wagon/Sport Utility Vehicle,Station Wagon/Sport Utility Vehicle,0
20045258,4449718,08/20/2021,02:00,8a8d85b9-c039-4db6-a861-55035f0b60c0,Sedan,LEXS -CAR/SUV,2014.0,0.0,,,Parked,Left Rear Bumper,Center Back End,Left Rear Quarter Panel,Left Front Quarter Panel,,N,,Unspecified,Unspecified,BRONX,10467.0,"    (40.880035, -73.86245)",0.0,0.0,0,0,0,0,0,0,Sedan,,0
19998979,4428275,06/18/2021,00:16,ddfd37b1-5cca-4acc-89a7-7fb0355e45bd,Sedan,ACUR -CAR/SUV,2006.0,0.0,,,Parked,Right Rear Quarter Panel,Right Rear Quarter Panel,Right Rear Bumper,Right Side Doors,,N,,Unspecified,Unspecified,QUEENS,11373.0,"    (40.743595, -73.8848)",0.0,0.0,0,0,0,0,0,0,Station Wagon/Sport Utility Vehicle,Sedan,0