UNIQUE_ID,COLLISION_ID,CRASH_DATE,CRASH_TIME,VEHICLE_ID,VEHICLE_TYPE,VEHICLE_MAKE,VEHICLE_YEAR,VEHICLE_OCCUPANTS,DRIVER_SEX,DRIVER_LICENSE_STATUS,PRE_CRASH,POINT_OF_IMPACT,VEHICLE_DAMAGE,VEHICLE_DAMAGE_1,VEHICLE_DAMAGE_2,VEHICLE_DAMAGE_3,PUBLIC_PROPERTY_DAMAGE,PUBLIC_PROPERTY_DAMAGE_TYPE,CONTRIBUTING_FACTOR_1,CONTRIBUTING_FACTOR_2,BOROUGH,ZIP CODE,LOCATION,NUMBER OF PERSONS INJURED,NUMBER OF PERSONS KILLED,NUMBER OF PEDESTRIANS INJURED,NUMBER OF PEDESTRIANS KILLED,NUMBER OF CYCLIST INJURED,NUMBER OF CYCLIST KILLED,NUMBER OF MOTORIST INJURED,NUMBER OF MOTORIST KILLED,VEHICLE TYPE CODE 1,VEHICLE TYPE CODE 2,Severity
19826500,4382461,01/08/2021,18:15,3d82b8e0-9269-4dbe-a4e3-ab08e08958d6,Station Wagon/Sport Utility Vehicle,HOND -CAR/SUV,2016.0,1.0,M,Licensed,Going Straight Ahead,Right Front Bumper,Right Front Bumper,Right Front Quarter Panel,,,N,,Traffic Control Disregarded,Unspecified,QUEENS,11357.0,"(40.782814, -73.79715)",0.0,0.0,0,0,0,0,0,0,Station Wagon/Sport Utility Vehicle,Station Wagon/Sport Utility Vehicle,0
20073350,4462086,09/28/2021,07:30,c5a9b466-9113-415b-bb3f-2a4f2369d3fc,Sedan,KIA -CAR/SUV,2011.0,2.0,F,Licensed,Going Straight Ahead,Left Side Doors,Left Front Quarter Panel,Left Rear Quarter Panel,No Damage,No Damage,N,,Following Too Closely,Unspecified,BRONX,10460.0,"    (40.83436, -73.889565)",0.0,0.0,0,0,0,0,0,0,Bus,Sedan,0
20041137,4447779,08/14/2021,01:53,25d77427-4f29-4dfc-85ef-a47deecda0f1,Sedan,BMW -CAR/SUV,2018.0,3.0,M,Licensed,Going Straight Ahead,Center Back End,Center Front End,Left Front Bumper,Center Front End,Center Back End,N,,Unspecified,Unspecified,,,,0.0,0.0,0,0,0,0,0,0,Sedan,Station Wagon/Sport Utility Vehicle,0
19979820,4419234,05/16/2021,07:30,2bd8d3e6-0396-4d1b-8439-277375bbe312,,NISS -CAR/SUV,,,,,,,,,,,Unspecified,,,,,,"    (40.607147, -74.01157)",0.0,0.0,0,0,0,0,0,0,Sedan,,0
19982713,4409461,04/16/2021,00:00,b5748396-d701-4ad8-af8d-7824fc64c76e,Station Wagon/Sport Utility Vehicle,TOYT -CAR/SUV,2003.0,0.0,,,Parked,Center Back End,Center Front End,Left Rear Quarter Panel,Left Side Doors,Left Front Bumper,Unspecified,,Unspecified,Unspecified,BRONX,10457.0,"    (40.843002, -73.90359)",0.0,0.0,0,0,0,0,0,0,Sedan,Station Wagon/Sport Utility Vehicle,0
19825301,4382022,01/06/2021,14:00,b84538a3-4b7b-4ecd-b363-eb1f85bfe37b,Sedan,MERZ -CAR/SUV,2006.0,1.0,M,Licensed,Stopped in Traffic,Center Back End,Center Back End,Left Rear Bumper,Right Rear Bumper,,N,,Unspecified,Unspecified,,,"(40.801125, -73.92988)",1.0,0.0,0,0,0,0,1,0,Sedan,Station Wagon/Sport Utility Vehicle,1
19959834,4428053,06/17/2021,07:45,03c39c14-9c6b-4b90-8261-f9710f9688a4,Box Truck,HINO -TRUCK/BUS,2020.0,1.0,M,Licensed,Starting from Parking,Right Front Bumper,No Damage,No Damage,No Damage,No Damage,N,,Driver Inattention/Distraction,Unspecified,MANHATTAN,10019.0,"    (40.760605, -73.98362)",0.0,0.0,0,0,0,0,0,0,Sedan,Box Truck,0
20078381,4464310,09/29/2021,11:15,f110552e-c656-4826-ad77-5db032dd6983,Station Wagon/Sport Utility Vehicle,HOND -CAR/SUV,2016.0,1.0,M,Licensed,Going Straight Ahead,Left Rear Quarter Panel,Left Rear Quarter Panel,Left Side Doors,,,N,,Unspecified,Unspecified,,,"    (0.0, 0.0)",1.0,0.0,0,0,0,0,1,0,Beverage Truck,Station Wagon/Sport Utility Vehicle,1
20001923,4421108,05/27/2021,11:21,123c7ff4-dedf-4763-9b01-aa6ee4e2b465,Sedan,BMW -CAR/SUV,,1.0,M,,Going Straight Ahead,Center Front End,Right Front Bumper,,,,N,,Unsafe Speed,Unspecified,,,"    (40.68315, -73.780304)",2.0,0.0,0,0,0,0,2,0,Sedan,Sedan,1
20095922,4472853,10/29/2021,09:03,0a5d1364-6a31-4a06-ba6e-3e58be6eeeba,Station Wagon/Sport Utility Vehicle,INFI -CAR/SUV,2019.0,,,,Going Straight Ahead,Right Front Bumper,,,,,N,,Aggressive Driving/Road Rage,Traffic Control Disregarded,MANHATTAN,10002.0,"    (40.712307, -73.99437)",0.0,0.0,0,0,0,0,0,0,Station Wagon/Sport Utility Vehicle,Bike,0
19827169,4383023,01/09/2021,16:55,25b83c35-4b51-45bf-bf02-986beff13336,Sedan,BMW -CAR/SUV,,1.0,,,Going Straight Ahead,Center Front End,Center Front End,No Damage,No Damage,No Damage,N,,Unspecified,Unspecified,BRONX,10462.0,"(40.838573, -73.850685)",1.0,0.0,0,0,1,0,0,0,Sedan,Bike,1
20054654,4454160,09/05/2021,05:00,e8eedc83-4c0f-46a7-af70-29ee10151e29,Taxi,INFI -CAR/SUV,2018.0,0.0,,,Parked,Center Front End,Center Front End,,,,N,,Unspecified,Unspecified,QUEENS,11419.0,"    (40.692192, -73.83459)",0.0,0.0,0,0,0,0,0,0,Taxi,Sedan,0
19984134,4408102,04/11/2021,09:20,705612e5-6a7a-48b4-a013-83269f427a26,Sedan,INFI -CAR/SUV,2020.0,1.0,F,Licensed,Going Straight Ahead,Right Front Quarter Panel,Right Side Doors,Right Rear Quarter Panel,No Damage,No Damage,N,,Unspecified,Unspecified,,,"    (40.663227, -73.93159)",1.0,0.0,0,0,0,0,1,0,Sedan,Sedan,1
19827840,4383055,01/08/2021,10:45,c3bea0bd-065e-48a9-8398-18d6fc7ff6be,Sedan,TOYT -CAR/SUV,1999.0,1.0,M,Licensed,Going Straight Ahead,Center Back End,No Damage,No Damage,No Damage,No Damage,N,,Unspecified,Unspecified,,,"(40.81207, -73.93603)",1.0,0.0,0,0,0,0,1,0,Sedan,Pick-up Truck,1
20062390,4457221,09/14/2021,09:15,0a7bd4a5-1ca0-4087-a9b2-733f3769ad40,Station Wagon/Sport Utility Vehicle,JEEP -CAR/SUV,2019.0,1.0,M,Licensed,Going Straight Ahead,Center Front End,Center Front End,Left Front Bumper,,,N,,Driver Inattention/Distraction,Unspecified,QUEENS,11361.0,"    (40.766552, -73.77255)",0.0,0.0,0,0,0,0,0,0,Station Wagon/Sport Utility Vehicle,Station Wagon/Sport Utility Vehicle,0
20048014,4450807,08/21/2021,04:58,49c9dd77-4c4c-433d-8f4b-df27fd10f122,Station Wagon/Sport Utility Vehicle,CHEV -CAR/SUV,2011.0,1.0,,,Going Straight Ahead,Center Front End,Center Front End,,,,N,,Passing Too Closely,Unsafe Speed,,,"    (40.836796, -73.91949)",0.0,0.0,0,0,0,0,0,0,Station Wagon/Sport Utility Vehicle,Station Wagon/Sport Utility Vehicle,0
19845396,4390776,02/09/2021,18:00,9e7380f8-7820-4fec-8458-a5fdb8758bc9,Station Wagon/Sport Utility Vehicle,FORD -CAR/SUV,2002.0,1.0,M,Licensed,Making Right Turn,Right Rear Quarter Panel,Right Rear Quarter Panel,Right Rear Bumper,,,N,,Driver Inattention/Distraction,Turning Improperly,BRONX,10454.0,,0.0,0.0,0,0,0,0,0,0,Station Wagon/Sport Utility Vehicle,Sedan,0
19826909,4382609,01/09/2021,21:00,e3364d3d-f1c4-41b6-8733-d67c98aa402d,Station Wagon/Sport Utility Vehicle,HOND -CAR/SUV,2015.0,0.0,,,Parked,Left Rear Quarter Panel,Left Rear Quarter Panel,Left Side Doors,No Damage,No Damage,N,,Other Vehicular,Unspecified,,,"(40.789593, -73.80031)",0.0,0.0,0,0,0,0,0,0,Station Wagon/Sport Utility Vehicle,,0
20015957,4436331,07/10/2021,22:52,deb76ad4-35e5-402f-9b19-940c2b0dd188,Station Wagon/Sport Utility Vehicle,ACUR -CAR/SUV,2008.0,1.0,M,Unlicensed,Making Left Turn,Left Front Quarter Panel,Left Front Quarter Panel,Left Front Bumper,,,Unspecified,,Alcohol Involvement,Lost Consciousness,QUEENS,11370.0,"    (40.771904, -73.895226)",1.0,0.0,0,0,0,0,1,0,Bus,Station Wagon/Sport Utility Vehicle,1
20137531,4491266,12/27/2021,01:00,a772841e-a312-4913-a1e8-1a85f6eee536,Sedan,INFI -CAR/SUV,2017.0,1.0,,,Making Left Turn,Left Front Bumper,Left Front Bumper,Center Front End,Right Front Bumper,No Damage,N,,Failure to Yield Right-of-Way,Unsafe Speed,BROOKLYN,11207.0,"    (40.661835, -73.893105)",2.0,0.0,0,0,0,0,2,0,Sedan,Sedan,1
20042425,4448369,08/18/2021,18:00,fd9de3d5-f06a-4799-8f69-0de5d970126c,Sedan,FORD -CAR/SUV,2018.0,0.0,F,Licensed,Parked,Left Front Quarter Panel,Left Front Quarter Panel,Left Side Doors,Left Front Bumper,Left Rear Quarter Panel,N,,Unspecified,Unspecified,BROOKLYN,11206.0,"    (40.701797, -73.94055)",0.0,0.0,0,0,0,0,0,0,Sedan,,0
19875147,4404537,04/02/2021,09:00,0a2d8fc1-8171-4cf4-8d58-f40f92842a04,Station Wagon/Sport Utility Vehicle,FORD -CAR/SUV,2018.0,0.0,,,Parked,Center Front End,Center Front End,,,,N,,Unspecified,Unspecified,,,"(40.54833, -74.19398)",0.0,0.0,0,0,0,0,0,0,Station Wagon/Sport Utility Vehicle,,0
20119296,4482921,11/28/2021,06:46,e64a7683-9662-43f3-ad9a-072ccdbd19a0,Sedan,VOLK -CAR/SUV,2003.0,1.0,M,Licensed,Going Straight Ahead,Center Front End,Center Front End,,,,N,,Unspecified,Unspecified,BROOKLYN,11203.0,"    (40.652462, -73.92285)",1.0,0.0,0,0,0,0,1,0,Sedan,Sedan,1
20078027,4462786,09/30/2021,17:35,4a5baf39-ba6f-4061-8c2c-587578a98508,Station Wagon/Sport Utility Vehicle,HOND -CAR/SUV,2004.0,0.0,F,,Parked,Center Back End,Center Back End,No Damage,No Damage,No Damage,N,,Unspecified,Unspecified,,,"    (40.82419, -73.91385)",0.0,0.0,0,0,0,0,0,0,Station Wagon/Sport Utility Vehicle,Sedan,0
20130471,4488168,12/20/2021,08:49,c5e331bf-7bd1-4bcb-9b2e-0f2cc671a4f1,Sedan,SUBA -CAR/SUV,2020.0,0.0,,,Parked,Right Front Bumper,Center Front End,Right Front Bumper,,,N,,Unspecified,Unspecified,,,"    (40.63582, -74.1712)",0.0,0.0,0,0,0,0,0,0,Dump,Sedan,0
20080541,4465591,10/09/2021,09:30,46b48c7c-15e8-42a4-9dc1-312b86779ddf,Sedan,KIA -CAR/SUV,2008.0,1.0,M,Licensed,Going Straight Ahead,Right Front Bumper,Right Front Bumper,Center Front End,Right Rear Quarter Panel,,Y,,Driver Inattention/Distraction,Failure to Yield Right-of-Way,BROOKLYN,11231.0,"    (40.677097, -74.01541)",1.0,0.0,0,0,0,0,1,0,Sedan,Sedan,1
19984611,4422976,06/02/2021,17:25,5c46b230-4dcc-4dcc-bda1-271aaab2da68,Sedan,CHEV -CAR/SUV,2021.0,0.0,M,Licensed,Parked,Left Side Doors,Left Front Bumper,Center Front End,,,N,,Unspecified,Unspecified,STATEN ISLAND,10312.0,"    (40.55959, -74.16958)",0.0,0.0,0,0,0,0,0,0,Sedan,,0
20090239,4469906,10/22/2021,09:45,63458cdd-5e46-42f7-b924-2cfe6bc338d7,Garbage or Refuse,MACK-TRUCK/BUS,2019.0,1.0,M,Licensed,Going Straight Ahead,Right Front Bumper,Right Front Bumper,,,,N,,Oversized Vehicle,Unspecified,BROOKLYN,11229.0,"    (40.5952245, -73.9324131)",0.0,0.0,0,0,0,0,0,0,Station Wagon/Sport Utility Vehicle,Garbage or Refuse,0
19844118,4390424,02/08/2021,11:20,89b77a9a-36cf-4cfa-a739-2d9396611d7b,Pickup with mounted Camper,FORD-TRUCK/BUS,2018.0,1.0,M,Licensed,Going Straight Ahead,Right Side Doors,No Damage,,,,N,,Unspecified,Unspecified,BRONX,10451.0,"(40.822433, -73.91979)",0.0,0.0,0,0,0,0,0,0,Station Wagon/Sport Utility Vehicle,Pickup with mounted Camper,0
19945308,4425629,06/04/2021,10:45,74438a40-c07b-4977-bee4-482f1a023a1b,Box Truck,ISU-TRUCK/BUS,2020.0,1.0,M,Licensed,Going Straight Ahead,Center Front End,Center Front End,,,,N,,Driver Inattention/Distraction,Cell Phone (hand-Held),MANHATTAN,10011.0,"    (40.733612, -73.999565)",1.0,0.0,0,0,0,0,1,0,Sedan,Box Truck,1
20052223,4452672,08/31/2021,12:20,17f85387-96b7-41c8-9f19-875196f2337c,Sedan,CHEV -CAR/SUV,2009.0,1.0,M,Licensed,Going Straight Ahead,Center Front End,No Damage,No Damage,No Damage,No Damage,N,,Following Too Closely,Unspecified,,,"    (40.83801, -73.87329)",1.0,0.0,0,0,0,0,1,0,Sedan,Sedan,1
20010366,4422377,05/31/2021,19:17,ff8721c4-3400-42a9-9689-08083aab7ffb,Station Wagon/Sport Utility Vehicle,HOND -CAR/SUV,2017.0,0.0,,,Parked,Left Rear Quarter Panel,Left Rear Quarter Panel,Left Rear Bumper,,,N,,Unspecified,Unspecified,,,,0.0,0.0,0,0,0,0,0,0,Station Wagon/Sport Utility Vehicle,,0
20126946,4486482,12/02/2021,17:03,7c1805bf-2645-4936-b1af-0a1ae58bce4d,Sedan,HOND -CAR/SUV,2012.0,0.0,,,Parked,Right Side Doors,Right Side Doors,No Damage,No Damage,No Damage,N,,Unspecified,Unspecified,QUEENS,11385.0,"    (40.703766, -73.875015)",0.0,0.0,0,0,0,0,0,0,Sedan,Sedan,0
19993480,4416631,05/14/2021,09:50,beb81b01-84eb-4828-b2fb-d6fadef90d93,Sedan,MAZD -CAR/SUV,2010.0,0.0,,,Parked,Left Front Bumper,Left Front Bumper,Left Front Quarter Panel,,,N,,Unspecified,Unspecified,BRONX,10455.0,"    (40.818954, -73.91404)",0.0,0.0,0,0,0,0,0,0,Sedan,Box Truck,0
20113362,4480205,11/23/2021,09:33,04c60ff8-8a34-4c22-8222-b0e78898b31b,Station Wagon/Sport Utility Vehicle,HOND -CAR/SUV,2011.0,1.0,M,Licensed,Going Straight Ahead,Center Front End,Center Front End,Center Front End,Center Front End,Center Front End,N,,Unspecified,Unspecified,BROOKLYN,11203.0,"    (40.655273, -73.93178)",1.0,0.0,0,0,0,0,1,0,Station Wagon/Sport Utility Vehicle,Station Wagon/Sport Utility Vehicle,1
19980383,4419638,05/23/2021,02:00,c601948d-a570-4baf-a16b-5dead4112890,Station Wagon/Sport Utility Vehicle,JEEP -CAR/SUV,2019.0,1.0,F,Licensed,Making Left Turn,Center Front End,Center Front End,Left Front Bumper,Right Front Bumper,Left Front Quarter Panel,Unspecified,,Driver Inattention/Distraction,Unspecified,,,"    (40.601734, -73.935036)",1.0,0.0,0,0,0,0,1,0,Station Wagon/Sport Utility Vehicle,,1
19988160,4429900,06/22/2021,03:22,2dbf1d76-a5fc-4d34-9d4f-4d7042499273,,DODG -CAR/SUV,,,,,,,,,,,Unspecified,,,,BROOKLYN,11236.0,"    (40.64366, -73.90067)",0.0,0.0,0,0,0,0,0,0,Station Wagon/Sport Utility Vehicle,,0
20017616,4437310,07/16/2021,05:21,441bb5ff-b891-4fa0-9665-64bf0dd83773,Station Wagon/Sport Utility Vehicle,FORD -CAR/SUV,2017.0,1.0,M,Licensed,Backing,Center Back End,No Damage,No Damage,No Damage,No Damage,N,,Unspecified,Unspecified,QUEENS,11692.0,"    (40.59545, -73.79644)",0.0,0.0,0,0,0,0,0,0,Station Wagon/Sport Utility Vehicle,Station Wagon/Sport Utility Vehicle,0
20047050,4450555,08/25/2021,04:50,632fe72f-9ad5-4b04-89f4-1d1cb9aa2d38,Sedan,FORD -CAR/SUV,2019.0,1.0,M,Licensed,Going Straight Ahead,Right Front Quarter Panel,Right Front Quarter Panel,Right Side Doors,Right Rear Quarter Panel,,N,,Tire Failure/Inadequate,Unspecified,,,"    (40.65161, -74.01062)",0.0,0.0,0,0,0,0,0,0,Sedan,Sedan,0
19982812,4416392,05/13/2021,18:30,1075a671-71a1-4824-b68e-fddeb151f2f1,Station Wagon/Sport Utility Vehicle,FORD -CAR/SUV,2014.0,2.0,M,Licensed,Going Straight Ahead,Right Front Bumper,Right Front Quarter Panel,,,,N,,Driver Inattention/Distraction,Passing Too Closely,BRONX,10467.0,"    (40.879337, -73.87429)",0.0,0.0,0,0,0,0,0,0,Sedan,,0
20130891,4488607,12/21/2021,21:50,562100e0-fd6a-4ce2-a4c2-92ce8774e2f4,Sedan,HOND -CAR/SUV,2015.0,2.0,M,Licensed,Going Straight Ahead,Center Front End,Center Front End,Right Front Bumper,Right Front Quarter Panel,,N,,Following Too Closely,Unspecified,,,,1.0,0.0,0,0,0,0,1,0,Station Wagon/Sport Utility Vehicle,Sedan,1
19971616,4402589,03/26/2021,12:50,8b027982-ab95-4472-9cd3-ab2c37533e26,Station Wagon/Sport Utility Vehicle,FORD -CAR/SUV,2019.0,2.0,M,Licensed,Going Straight Ahead,Center Front End,No Damage,No Damage,No Damage,No Damage,N,,Unspecified,Unspecified,BRONX,10475.0,"(40.881416, -73.838326)",0.0,0.0,0,0,0,0,0,0,Station Wagon/Sport Utility Vehicle,Sedan,0
20076805,4463362,10/03/2021,05:20,4d435e5e-0d4c-4b04-b98c-9999bbfb593b,Sedan,SUBA -CAR/SUV,2007.0,0.0,M,Licensed,Making Left Turn,Center Front End,Center Front End,Left Front Bumper,No Damage,No Damage,N,,Other Vehicular,Unspecified,BRONX,10457.0,"    (40.84263, -73.90597)",0.0,0.0,0,0,0,0,0,0,Sedan,Station Wagon/Sport Utility Vehicle,0
20106560,4477356,11/13/2021,02:52,7282d3c8-e61c-4f1a-bd26-d8c2c265b611,Sedan,VOLK -CAR/SUV,2011.0,1.0,M,Licensed,Slowing or Stopping,Right Rear Bumper,Center Back End,Left Rear Bumper,Right Rear Quarter Panel,Right Rear Quarter Panel,N,,Unspecified,Unspecified,,,,0.0,0.0,0,0,0,0,0,0,Sedan,Station Wagon/Sport Utility Vehicle,0
19970212,4401208,03/23/2021,12:33,598b254a-cc53-43bd-8f1f-a142fdc3abc1,Sedan,NISS -CAR/SUV,2012.0,1.0,M,Licensed,Going Straight Ahead,Left Rear Bumper,Center Back End,Center Front End,Left Front Bumper,Right Rear Bumper,N,,Unspecified,Unspecified,,,"(40.833813, -73.86275)",0.0,0.0,0,0,0,0,0,0,Station Wagon/Sport Utility Vehicle,Sedan,0
20083431,4466795,10/12/2021,19:00,59c21406-43a6-4886-b561-1b39791d99a8,Station Wagon/Sport Utility Vehicle,NISS -CAR/SUV,2010.0,0.0,M,Licensed,Parked,Right Side Doors,Right Side Doors,Right Front Quarter Panel,Right Rear Quarter Panel,,N,,Unspecified,Unspecified,BRONX,10474.0,"    (40.8129133, -73.8852376)",0.0,0.0,0,0,0,0,0,0,Station Wagon/Sport Utility Vehicle,Station Wagon/Sport Utility Vehicle,0
19827500,4383015,01/10/2021,17:00,b7b7c280-afe6-4234-8da7-41df71f3b86d,,CHEV -CAR/SUV,,1.0,,,Going Straight Ahead,Center Front End,No Damage,,,,Y,,Driver Inattention/Distraction,Unspecified,QUEENS,11373.0,"(40.735817, -73.86541)",0.0,0.0,0,0,0,0,0,0,,,0
19966519,4404922,03/25/2021,06:30,13624e59-8441-4118-b3e9-670e1bedfb83,Sedan,HOND -CAR/SUV,2011.0,1.0,M,Licensed,Going Straight Ahead,Center Front End,Center Front End,,,,N,,Traffic Control Disregarded,Unspecified,QUEENS,11385.0,"(40.69832, -73.90011)",0.0,0.0,0,0,0,0,0,0,Sedan,Sedan,0
19842171,4389519,02/05/2021,16:00,2754bbc9-3f68-46e1-b707-0a4be3a47c9b,Station Wagon/Sport Utility Vehicle,HYUN -CAR/SUV,2014.0,2.0,F,Licensed,Going Straight Ahead,Right Rear Bumper,Right Rear Bumper,,,,N,,Unspecified,Unspecified,,,"(40.63043, -73.88593)",2.0,0.0,0,0,0,0,2,0,Station Wagon/Sport Utility Vehicle,Sedan,1
19828754,4383315,01/11/2021,11:35,5cea819f-a330-4ad8-bb82-5c054d14399d,Sedan,TOYT -CAR/SUV,2017.0,1.0,M,Licensed,Stopped in Traffic,Center Back End,Center Back End,No Damage,No Damage,No Damage,N,,Unspecified,Unspecified,,,,1.0,0.0,0,0,0,0,1,0,Sedan,Station Wagon/Sport Utility Vehicle,1
19828414,4383409,01/11/2021,11:25,19eb135e-9da0-4a62-8c34-1a6e8b3e841e,Station Wagon/Sport Utility Vehicle,HYUN -CAR/SUV,2020.0,1.0,F,Licensed,Making Right Turn,Center Front End,Center Front End,Left Front Bumper,Right Front Bumper,Center Front End,N,,Passing Too Closely,Unspecified,BROOKLYN,11201.0,"(40.696033, -73.98453)",0.0,0.0,0,0,0,0,0,0,Station Wagon/Sport Utility Vehicle,Box Truck,0
20130276,4488032,12/14/2021,12:45,f848e8bc-12d6-4df6-9c5b-a12dd193bb7d,Sedan,HOND -CAR/SUV,2020.0,1.0,M,Licensed,Stopped in Traffic,Left Side Doors,Left Side Doors,No Damage,No Damage,No Damage,N,,Unspecified,Unspecified,BROOKLYN,11217.0,"    (40.68977, -73.977104)",0.0,0.0,0,0,0,0,0,0,Sedan,,0
19866080,4400073,03/19/2021,07:31,7734412c-2976-4303-a152-46d3eebce360,Sedan,HOND -CAR/SUV,2014.0,1.0,M,Licensed,Parked,Left Rear Bumper,Left Rear Bumper,Left Rear Quarter Panel,,,N,,Unspecified,Unspecified,QUEENS,11368.0,"(40.741173, -73.85171)",1.0,0.0,0,0,0,0,1,0,Sedan,Sedan,1
20011335,4429595,06/20/2021,18:58,611a3783-ae4a-4b96-9b10-311d34b81e99,Sedan,MERZ -CAR/SUV,2005.0,0.0,,,Parked,Left Front Bumper,Left Front Bumper,Left Front Bumper,Left Front Bumper,Left Front Bumper,N,,Unspecified,Unspecified,QUEENS,11428.0,"    (40.720394, -73.75033)",0.0,0.0,0,0,0,0,0,0,Sedan,Sedan,0
20117107,4482151,11/29/2021,10:38,401f9400-2ae9-455b-ab34-11e308031df2,Station Wagon/Sport Utility Vehicle,FORD -CAR/SUV,2017.0,0.0,,,Parked,Right Front Bumper,Right Front Quarter Panel,,,,N,,Unspecified,Unspecified,QUEENS,11368.0,"    (40.741405, -73.85777)",0.0,0.0,0,0,0,0,0,0,Station Wagon/Sport Utility Vehicle,,0
19827838,4383160,01/11/2021,17:25,cc69d68b-efb5-4fe3-90b5-3d74c855d693,Station Wagon/Sport Utility Vehicle,DODG -CAR/SUV,2017.0,1.0,F,Licensed,Stopped in Traffic,Center Back End,Center Back End,Right Rear Bumper,Left Rear Bumper,No Damage,N,,Unspecified,Unspecified,,,"(40.79485, -73.962364)",1.0,0.0,0,0,0,0,1,0,Station Wagon/Sport Utility Vehicle,Sedan,1
19847903,4391966,02/12/2021,17:55,9fba2c83-94d1-453f-9a40-5b903361cbed,Station Wagon/Sport Utility Vehicle,MAZD -CAR/SUV,2010.0,2.0,F,Licensed,Going Straight Ahead,Left Rear Bumper,Left Rear Quarter Panel,Center Back End,No Damage,No Damage,N,,Unspecified,Unspecified,,,,0.0,0.0,0,0,0,0,0,0,Station Wagon/Sport Utility Vehicle,,0
20000243,4430091,06/23/2021,05:30,83e04343-ea13-4472-a1b0-023b039f8951,Station Wagon/Sport Utility Vehicle,SUBA -CAR/SUV,2015.0,1.0,M,Licensed,Going Straight Ahead,Right Rear Quarter Panel,Right Rear Quarter Panel,No Damage,No Damage,No Damage,N,,Unspecified,Unspecified,,,,0.0,0.0,0,0,0,0,0,0,Sedan,Station Wagon/Sport Utility Vehicle,0
20131169,4488631,12/21/2021,17:50,010bf20e-b3bf-460c-9168-26908c4df329,Sedan,INFI -CAR/SUV,2018.0,1.0,F,Licensed,Stopped in Traffic,Center Back End,Center Back End,Right Rear Bumper,Left Rear Bumper,No Damage,N,,Unspecified,Unspecified,BROOKLYN,11223.0,"    (40.59609, -73.98129)",0.0,0.0,0,0,0,0,0,0,Sedan,Sedan,0
20003376,4428171,06/12/2021,08:16,6274f41a-1ed7-4129-b6ae-6dec57ce6756,Station Wagon/Sport Utility Vehicle,TOYT -CAR/SUV,2015.0,1.0,M,Licensed,Stopped in Traffic,Center Back End,Center Back End,,,,N,,Unspecified,Unspecified,QUEENS,11385.0,"    (40.694107, -73.89737)",0.0,0.0,0,0,0,0,0,0,Station Wagon/Sport Utility Vehicle,,0
20105781,4476920,11/12/2021,08:40,8103bee1-f551-44db-9826-f123f0842e8d,Station Wagon/Sport Utility Vehicle,HOND -CAR/SUV,2014.0,1.0,F,Licensed,Going Straight Ahead,Center Front End,Center Front End,Right Front Bumper,Left Front Bumper,,N,,Following Too Closely,Unspecified,QUEENS,11357.0,"    (40.785324, -73.80568)",1.0,0.0,0,0,0,0,1,0,Pick-up Truck,Station Wagon/Sport Utility Vehicle,1
20118904,4482891,11/24/2021,13:00,63d9fa14-db39-4873-ba50-409954160aeb,Sedan,MITS -CAR/SUV,2002.0,0.0,U,Licensed,Going Straight Ahead,Left Front Bumper,Left Front Bumper,Center Front End,No Damage,No Damage,N,,Unspecified,Unspecified,STATEN ISLAND,10304.0,"    (40.629734, -74.08457)",0.0,0.0,0,0,0,0,0,0,Sedan,Sedan,0
20016071,4436148,07/12/2021,10:00,f3b3ee2c-9da5-4691-8a4e-571994603798,Sedan,NISS -CAR/SUV,2020.0,0.0,,,Parked,Left Rear Quarter Panel,Left Rear Quarter Panel,Left Rear Bumper,No Damage,No Damage,N,,Unspecified,Unspecified,QUEENS,11428.0,"    (40.71753, -73.7389)",0.0,0.0,0,0,0,0,0,0,Station Wagon/Sport Utility Vehicle,Sedan,0
20076190,4463624,10/03/2021,19:26,cf76bcf2-17d4-4524-b6a9-93fc1efc99b6,Sedan,FORD -CAR/SUV,2016.0,1.0,,,Going Straight Ahead,Left Front Bumper,Left Front Bumper,,,,N,,Driver Inattention/Distraction,Passing or Lane Usage Improper,BROOKLYN,11225.0,"    (40.65723, -73.96025)",0.0,0.0,0,0,0,0,0,0,Station Wagon/Sport Utility Vehicle,Sedan,0
20102566,4475336,11/07/2021,08:50,e193bcbc-6cca-4064-ac48-2d03bfca7460,Bus,FORD-TRUCK/BUS,2002.0,1.0,M,Licensed,Backing,Right Rear Quarter Panel,Right Rear Quarter Panel,,,,N,,Following Too Closely,Unspecified,BROOKLYN,11207.0,"    (40.66655, -73.885956)",0.0,0.0,0,0,0,0,0,0,Bus,Sedan,0
19989137,4433127,06/27/2021,07:02,fccc7cd0-f640-4d26-87b5-92a6c323dc84,Sedan,HYUN -CAR/SUV,2013.0,1.0,M,Licensed,Stopped in Traffic,Center Back End,Center Back End,,,,N,,Unspecified,Unspecified,,,"    (40.678238, -73.94415)",0.0,0.0,0,0,0,0,0,0,Sedan,Sedan,0
20048464,4451036,08/26/2021,16:03,f1c82460-69d7-4382-9cbe-2c818486cbbb,Pick-up Truck,DODG -CAR/SUV,2018.0,1.0,,,Going Straight Ahead,Right Front Quarter Panel,No Damage,No Damage,No Damage,No Damage,N,,Passing or Lane Usage Improper,Unspecified,BRONX,10453.0,"    (40.861862, -73.91275)",0.0,0.0,0,0,0,0,0,0,Sedan,Pick-up Truck,0