UNIQUE_ID,COLLISION_ID,CRASH_DATE,CRASH_TIME,VEHICLE_ID,VEHICLE_TYPE,VEHICLE_MAKE,VEHICLE_YEAR,VEHICLE_OCCUPANTS,DRIVER_SEX,DRIVER_LICENSE_STATUS,PRE_CRASH,POINT_OF_IMPACT,VEHICLE_DAMAGE,VEHICLE_DAMAGE_1,VEHICLE_DAMAGE_2,VEHICLE_DAMAGE_3,PUBLIC_PROPERTY_DAMAGE,PUBLIC_PROPERTY_DAMAGE_TYPE,CONTRIBUTING_FACTOR_1,CONTRIBUTING_FACTOR_2,BOROUGH,ZIP CODE,LOCATION,NUMBER OF PERSONS INJURED,NUMBER OF PERSONS KILLED,NUMBER OF PEDESTRIANS INJURED,NUMBER OF PEDESTRIANS KILLED,NUMBER OF CYCLIST INJURED,NUMBER OF CYCLIST KILLED,NUMBER OF MOTORIST INJURED,NUMBER OF MOTORIST KILLED,VEHICLE TYPE CODE 1,VEHICLE TYPE CODE 2,Severity
20071221,4461189,09/24/2021,06:40,44f040be-b365-4c07-85db-3c527eddcef2,Pick-up Truck,DODG -CAR/SUV,2003.0,0.0,,,Parked,Center Back End,Right Rear Bumper,Left Rear Bumper,Center Back End,Center Back End,N,,Unspecified,Unspecified,,,"    (40.68773, -73.95699)",0.0,0.0,0,0,0,0,0,0,Station Wagon/Sport Utility Vehicle,Sedan,0
20091707,4470622,10/24/2021,02:57,62083bd9-720b-4e5e-9b4c-daf2609de66e,Station Wagon/Sport Utility Vehicle,FORD -CAR/SUV,2005.0,1.0,M,Licensed,Going Straight Ahead,Right Front Quarter Panel,Right Front Quarter Panel,Right Front Bumper,,,N,,Driver Inattention/Distraction,Unspecified,BRONX,10454.0,"    (40.8061229, -73.9179524)",0.0,0.0,0,0,0,0,0,0,Station Wagon/Sport Utility Vehicle,Station Wagon/Sport Utility Vehicle,0
19998900,4420432,05/25/2021,19:05,6f43c2ea-453f-477e-8f9e-41ccb4c1139d,Sedan,TOYT -CAR/SUV,2019.0,1.0,M,Licensed,Going Straight Ahead,Left Rear Bumper,Left Rear Bumper,,,,N,,Unspecified,Unspecified,BRONX,10454.0,"    (40.806774, -73.92332)",0.0,0.0,0,0,0,0,0,0,Sedan,Sedan,0
19829365,4383606,01/12/2021,21:30,5bd2a1cd-74cd-4c21-af02-308463aed3fc,Sedan,HOND -CAR/SUV,2017.0,1.0,M,Licensed,Going Straight Ahead,Left Rear Bumper,Left Rear Bumper,Left Rear Quarter Panel,,,N,,Unspecified,Unspecified,,,"(40.711033, -73.7281)",1.0,0.0,0,0,0,0,1,0,Sedan,,1
19990504,4411362,04/28/2021,01:49,26fa61d5-2ab1-40f6-8558-6a01d55c3acb,Sedan,TOYT -CAR/SUV,2017.0,1.0,M,Licensed,Going Straight Ahead,Center Front End,Center Front End,Left Front Bumper,Right Front Bumper,Left Front Quarter Panel,N,,Driver Inattention/Distraction,Unspecified,BRONX,10469.0,"    (40.876953, -73.83816)",1.0,0.0,0,0,0,0,1,0,Sedan,Station Wagon/Sport Utility Vehicle,1
19863715,4398991,03/12/2021,00:47,e943f123-a16d-4857-bdaa-36bc9d5783f1,Sedan,LEXS -CAR/SUV,2015.0,1.0,M,Licensed,Changing Lanes,Right Rear Quarter Panel,Right Rear Quarter Panel,Right Side Doors,Right Front Quarter Panel,Left Front Quarter Panel,N,,Unspecified,Unspecified,,,"(40.707153, -73.8189)",0.0,0.0,0,0,0,0,0,0,Sedan,Sedan,0
20119022,4478024,11/16/2021,00:57,d11d58a6-c982-4aa5-bac1-25e0eb944df1,Station Wagon/Sport Utility Vehicle,FORD -CAR/SUV,2018.0,2.0,M,Licensed,Making Right Turn,Center Back End,Center Back End,No Damage,No Damage,No Damage,N,,Unspecified,Unspecified,BRONX,10453.0,"    (40.849453, -73.906006)",0.0,0.0,0,0,0,0,0,0,Station Wagon/Sport Utility Vehicle,Sedan,0
19944902,4419476,05/22/2021,14:47,d962990b-400c-45be-99ac-bf3f55de7c92,Sedan,HOND -CAR/SUV,,1.0,,,,,,,,,Unspecified,,,,,,"    (40.813377, -73.96542)",0.0,0.0,0,0,0,0,0,0,Station Wagon/Sport Utility Vehicle,Sedan,0
20076187,4463623,10/03/2021,11:05,275707b1-4454-43cc-84b1-623a0c00436d,Station Wagon/Sport Utility Vehicle,FORD -CAR/SUV,2021.0,2.0,M,Licensed,Going Straight Ahead,Left Side Doors,Left Side Doors,Left Front Quarter Panel,,Left Rear Quarter Panel,N,,Driver Inattention/Distraction,Driver Inattention/Distraction,,,"    (40.663605, -73.934395)",1.0,0.0,0,0,0,0,1,0,Station Wagon/Sport Utility Vehicle,Station Wagon/Sport Utility Vehicle,1
19974367,4423716,06/05/2021,02:02,24323e43-6be4-4143-8bad-2e8633ea1111,Station Wagon/Sport Utility Vehicle,ACUR -CAR/SUV,2009.0,1.0,,,Going Straight Ahead,Left Front Bumper,Center Front End,Right Front Bumper,,,Y,,Driver Inattention/Distraction,Unsafe Speed,,,"    (40.660202, -73.96063)",0.0,0.0,0,0,0,0,0,0,Station Wagon/Sport Utility Vehicle,Sedan,0
20103538,4476130,11/10/2021,09:38,a5260d6c-b7ee-46f9-b1c1-8c2c0caa5975,Bus,FRHT-TRUCK/BUS,2013.0,10.0,M,Licensed,Making Right Turn,Right Rear Quarter Panel,Right Rear Quarter Panel,Right Side Doors,No Damage,No Damage,N,,Oversized Vehicle,Other Vehicular,BRONX,10474.0,"    (40.812305, -73.89637)",0.0,0.0,0,0,0,0,0,0,Van,Bus,0
20111450,4479811,11/20/2021,17:14,eb741313-fc13-40ed-ab17-f34ef0733c2b,Station Wagon/Sport Utility Vehicle,MERZ -CAR/SUV,2017.0,3.0,M,Licensed,Going Straight Ahead,Right Front Bumper,Right Front Bumper,No Damage,No Damage,No Damage,N,,Driver Inattention/Distraction,Unspecified,BRONX,10460.0,"    (40.83919, -73.87793)",2.0,0.0,0,0,0,0,2,0,Taxi,Station Wagon/Sport Utility Vehicle,1
20064424,4458227,09/15/2021,22:08,a3d143b7-9ed5-4ff0-aa42-0e5b7f34600f,Sedan,TOYT -CAR/SUV,2015.0,2.0,M,Licensed,Parked,Right Side Doors,Right Side Doors,No Damage,No Damage,No Damage,N,,Pedestrian/Bicyclist/Other Pedestrian Error/Confusion,Unspecified,,,"    (40.814632, -73.9442)",1.0,0.0,0,0,1,0,0,0,Sedan,Bike,1
19965599,4401216,03/23/2021,11:15,74671a50-1d0e-4721-9ed0-c1259402fed4,Station Wagon/Sport Utility Vehicle,NISS -CAR/SUV,2008.0,0.0,,,Parked,Right Side Doors,Right Side Doors,Right Front Quarter Panel,Right Rear Quarter Panel,,N,,Unspecified,Unspecified,QUEENS,11385.0,"(40.708782, -73.9123)",0.0,0.0,0,0,0,0,0,0,Station Wagon/Sport Utility Vehicle,Station Wagon/Sport Utility Vehicle,0
20076226,4430100,06/21/2021,09:00,1af27ad9-1d6c-4628-8939-2c025f13496c,Sedan,ACUR -CAR/SUV,2012.0,2.0,M,Licensed,Slowing or Stopping,Center Back End,Center Back End,Center Back End,Center Back End,Center Back End,N,,Unspecified,Unspecified,QUEENS,11101.0,"    (40.757423, -73.92247)",1.0,0.0,0,0,0,0,1,0,Sedan,Sedan,1
19996641,4428037,06/15/2021,07:00,edd7bf09-6bf9-4203-b699-bedb3493b8a3,Dump,MACK-TRUCK/BUS,2012.0,2.0,M,Licensed,Stopped in Traffic,Center Back End,Center Back End,,,,N,,Unspecified,Unspecified,QUEENS,11372.0,"    (40.74945, -73.88711)",0.0,0.0,0,0,0,0,0,0,Dump,,0
19987511,4408116,04/17/2021,08:05,1033dc59-ed46-406e-b3be-a56ae249dccf,Sedan,LINC -CAR/SUV,2000.0,1.0,M,Licensed,Going Straight Ahead,Right Front Bumper,Right Front Quarter Panel,Left Front Quarter Panel,Left Side Doors,,N,,Aggressive Driving/Road Rage,Unsafe Speed,BROOKLYN,11203.0,"    (40.650375, -73.92607)",0.0,0.0,0,0,0,0,0,0,Sedan,Sedan,0
19957158,4425078,06/08/2021,11:40,fd13171f-7d0f-430f-ad64-75479daab85c,Sedan,TOYT -CAR/SUV,2005.0,1.0,F,Unlicensed,Backing,Center Back End,No Damage,No Damage,,,N,,Backing Unsafely,Unspecified,QUEENS,11691.0,"    (40.606224, -73.754)",0.0,0.0,0,0,0,0,0,0,Sedan,Station Wagon/Sport Utility Vehicle,0
20071711,4461104,09/25/2021,10:55,d826d22f-848a-463b-91a8-a44398506cbb,Station Wagon/Sport Utility Vehicle,JEEP -CAR/SUV,2015.0,1.0,,,Going Straight Ahead,Center Front End,Center Front End,Left Front Bumper,Right Front Bumper,No Damage,N,,Unsafe Speed,Traffic Control Disregarded,BRONX,10467.0,"    (40.87384, -73.86286)",5.0,0.0,0,0,0,0,5,0,Sedan,Station Wagon/Sport Utility Vehicle,1
19974184,4411448,04/28/2021,16:00,99d18dfa-5d11-4b5b-a06b-0c6b62570021,Sedan,DODG -CAR/SUV,2016.0,1.0,F,Licensed,Making Left Turn,Right Side Doors,Right Side Doors,Right Front Quarter Panel,Right Rear Quarter Panel,No Damage,N,,Failure to Yield Right-of-Way,Unspecified,,,"    (40.701237, -73.79465)",0.0,0.0,0,0,0,0,0,0,Bus,Sedan,0
19945341,4409625,04/22/2021,16:22,3a6f743e-7033-4f18-b143-1ef30e42d357,Sedan,CADI -CAR/SUV,2017.0,2.0,F,Licensed,Stopped in Traffic,Center Back End,Center Back End,No Damage,No Damage,No Damage,N,,Driver Inattention/Distraction,Backing Unsafely,BROOKLYN,11231.0,"    (40.678486, -74.006195)",0.0,0.0,0,0,0,0,0,0,Station Wagon/Sport Utility Vehicle,Sedan,0
20016398,4434319,07/05/2021,19:00,ef827aeb-9cdc-4c24-b478-8a28dc6b73e6,Station Wagon/Sport Utility Vehicle,PORS -CAR/SUV,2019.0,2.0,M,Licensed,Going Straight Ahead,Center Front End,Center Front End,No Damage,No Damage,No Damage,N,,Following Too Closely,Driver Inexperience,BROOKLYN,11220.0,,0.0,0.0,0,0,0,0,0,0,Sedan,Station Wagon/Sport Utility Vehicle,0
20024222,4439959,07/18/2021,12:00,31c73088-358c-4a79-97fc-3758c7020d6c,Sedan,TOYT -CAR/SUV,2004.0,0.0,,,Parked,Right Rear Bumper,Center Back End,Left Rear Bumper,Left Rear Quarter Panel,Left Side Doors,Unspecified,,Unspecified,Unspecified,BROOKLYN,11203.0,"    (40.655655, -73.93372)",3.0,0.0,1,0,0,0,2,0,Sedan,Sedan,1
20131276,4488488,12/20/2021,18:49,3e207cc7-ffda-4ff7-98db-4e57c5c3214e,Sedan,KIA -CAR/SUV,2019.0,1.0,M,Licensed,Changing Lanes,Left Front Quarter Panel,Left Side Doors,Left Rear Quarter Panel,,,N,,Reaction to Uninvolved Vehicle,Failure to Yield Right-of-Way,,,,0.0,0.0,0,0,0,0,0,0,Sedan,,0
20104014,4475982,11/10/2021,13:00,bac8a88c-a14c-4bac-9674-d6a590adf439,Sedan,NISS -CAR/SUV,2015.0,1.0,M,Licensed,Passing,Right Front Bumper,Right Front Bumper,Right Front Quarter Panel,,,N,,Passing or Lane Usage Improper,Driver Inattention/Distraction,QUEENS,11101.0,"    (40.757595, -73.94603)",1.0,0.0,0,0,0,0,1,0,Sedan,Sedan,1
20039070,4446860,08/12/2021,14:55,b8af9ae5-0aeb-4170-b4e3-db1f218c6d72,Sedan,ACUR -CAR/SUV,2006.0,1.0,F,Licensed,Making Left Turn,Center Front End,Center Front End,No Damage,No Damage,No Damage,N,,Failure to Yield Right-of-Way,Unspecified,QUEENS,11420.0,"    (40.67236, -73.82032)",2.0,0.0,0,0,0,0,2,0,Taxi,Sedan,1
19830238,4384113,01/15/2021,09:05,728cc606-560a-42c4-bd4e-f5c8b9a6e5cd,Station Wagon/Sport Utility Vehicle,CHEV -CAR/SUV,2018.0,1.0,F,Licensed,Parked,Left Side Doors,Left Side Doors,Left Side Doors,Left Side Doors,Left Side Doors,N,,Unspecified,Unspecified,BRONX,10463.0,"(40.88525, -73.907715)",0.0,0.0,0,0,0,0,0,0,Station Wagon/Sport Utility Vehicle,,0
20127799,4486948,12/14/2021,02:50,01217367-ca42-4272-8867-8b370c848043,Station Wagon/Sport Utility Vehicle,INFI -CAR/SUV,2019.0,1.0,,,Going Straight Ahead,Right Front Bumper,No Damage,No Damage,No Damage,No Damage,N,,Driver Inattention/Distraction,Passing Too Closely,MANHATTAN,10026.0,"    (40.803486, -73.94714)",0.0,0.0,0,0,0,0,0,0,Station Wagon/Sport Utility Vehicle,Station Wagon/Sport Utility Vehicle,0
20002036,4424217,06/06/2021,03:15,a264a6fc-7330-4320-9f7c-c700387c7210,Station Wagon/Sport Utility Vehicle,FORD -CAR/SUV,2017.0,2.0,F,Licensed,Going Straight Ahead,Center Front End,Center Front End,Right Front Bumper,Left Front Bumper,Right Front Quarter Panel,N,,Unspecified,Unspecified,BRONX,10455.0,"    (40.814266, -73.912964)",4.0,0.0,0,0,0,0,4,0,Station Wagon/Sport Utility Vehicle,Sedan,1
20128289,4486978,12/16/2021,08:58,ff3011ed-f64c-44e3-910d-f43c05721627,Station Wagon/Sport Utility Vehicle,JEEP -CAR/SUV,2021.0,0.0,F,Licensed,Parked,Left Front Bumper,Left Front Bumper,Left Front Quarter Panel,,,N,,Unspecified,Unspecified,QUEENS,11436.0,"    (40.6767, -73.795)",1.0,0.0,0,0,0,0,1,0,Sedan,Station Wagon/Sport Utility Vehicle,1
20031685,4443527,08/03/2021,17:06,1b81f6aa-26f1-439f-b05d-92c51cfe562f,Station Wagon/Sport Utility Vehicle,FORD -CAR/SUV,2017.0,1.0,F,Licensed,Going Straight Ahead,Center Back End,Right Front Bumper,Right Front Quarter Panel,Right Side Doors,Right Rear Quarter Panel,N,,Unspecified,Unspecified,,,"    (40.82802, -73.93122)",0.0,0.0,0,0,0,0,0,0,Sedan,Station Wagon/Sport Utility Vehicle,0
20021524,4438704,07/19/2021,20:40,8746d269-68c7-460b-bc83-215dfca5a567,Station Wagon/Sport Utility Vehicle,SUBA -CAR/SUV,2008.0,1.0,M,Licensed,Starting from Parking,Left Front Bumper,Center Front End,,,,N,,Failure to Yield Right-of-Way,Driver Inattention/Distraction,BROOKLYN,11210.0,"    (40.632885, -73.94771)",0.0,0.0,0,0,0,0,0,0,Station Wagon/Sport Utility Vehicle,Station Wagon/Sport Utility Vehicle,0
20053035,4453139,09/01/2021,14:15,5a03bc75-53c5-4139-882e-64b8ea218067,Station Wagon/Sport Utility Vehicle,NISS -CAR/SUV,2018.0,1.0,M,Licensed,Other*,Left Front Bumper,Left Front Quarter Panel,,,,N,,Unspecified,Unspecified,BRONX,10461.0,"    (40.836052, -73.83345)",1.0,0.0,0,0,0,0,1,0,Station Wagon/Sport Utility Vehicle,Station Wagon/Sport Utility Vehicle,1
19947470,4420046,05/24/2021,16:08,b3907ebb-d40a-40ef-9d6d-4f748197d01c,Sedan,TOYT -CAR/SUV,2005.0,3.0,M,Licensed,Other*,Center Front End,Center Front End,Left Front Quarter Panel,Left Side Doors,Right Rear Bumper,Y,,Driver Inattention/Distraction,Unspecified,MANHATTAN,10002.0,"    (40.715797, -73.99144)",0.0,0.0,0,0,0,0,0,0,Sedan,,0
20006887,4429420,06/20/2021,16:56,63309487-eef5-4a66-a7bb-bafb167fccde,Sedan,DODG -CAR/SUV,2017.0,2.0,M,Licensed,Going Straight Ahead,Center Front End,Center Front End,Left Front Bumper,Right Front Bumper,Left Front Quarter Panel,N,,Unsafe Speed,Unspecified,BRONX,10473.0,"    (40.8193, -73.84596)",1.0,0.0,0,0,0,0,1,0,Sedan,Sedan,1
19829305,4383612,01/13/2021,10:07,eb8b8af6-bb24-40f5-b797-7f9ad2ace798,Station Wagon/Sport Utility Vehicle,HOND -CAR/SUV,2019.0,0.0,,,Parked,Left Side Doors,Left Side Doors,Left Front Quarter Panel,No Damage,No Damage,N,,Unspecified,Unspecified,QUEENS,11101.0,"(40.757217, -73.93935)",0.0,0.0,0,0,0,0,0,0,Station Wagon/Sport Utility Vehicle,Sedan,0
20088620,4469262,10/18/2021,15:28,bf4585bc-53ce-4e10-ab5b-1ddb0870b840,Sedan,CHEV -CAR/SUV,2020.0,2.0,M,Licensed,Changing Lanes,Right Rear Bumper,Right Rear Bumper,Right Rear Quarter Panel,Center Back End,Right Front Bumper,N,,Unsafe Lane Changing,Driver Inattention/Distraction,STATEN ISLAND,10305.0,"    (40.606886, -74.0780932)",0.0,0.0,0,0,0,0,0,0,Sedan,Sedan,0
19945338,4393877,02/20/2021,11:25,d9b13f37-75ac-4f26-a0f1-b6922b25b0b3,Sedan,SUBA -CAR/SUV,2021.0,2.0,F,Licensed,Going Straight Ahead,Right Side Doors,Right Side Doors,Right Front Bumper,Right Rear Quarter Panel,No Damage,N,,Unspecified,Unspecified,,,"(40.88671, -73.81529)",2.0,0.0,0,0,0,0,2,0,Sedan,Sedan,1
20004903,4430295,06/23/2021,09:05,1627cbfd-b034-44a8-a9f5-73af37c926c8,,BMW -CAR/SUV,,,,,,Right Front Bumper,Right Front Bumper,Right Front Quarter Panel,No Damage,No Damage,Unspecified,,,,BRONX,10454.0,"    (40.808273, -73.92095)",0.0,0.0,0,0,0,0,0,0,Sedan,,0
20111845,4479515,11/19/2021,12:50,6d00bf32-8da8-43b6-9a51-74100e65b506,Sedan,SMRT -CAR/SUV,2016.0,1.0,F,Licensed,Slowing or Stopping,Center Front End,Center Front End,,,,N,,Following Too Closely,Unspecified,QUEENS,11385.0,"    (40.705616, -73.88346)",0.0,0.0,0,0,0,0,0,0,Sedan,Sedan,0
19998427,4431668,06/26/2021,14:42,2f7d87af-f01c-4c6d-a36f-b6b5b9805343,Sedan,FORD -CAR/SUV,2017.0,1.0,M,Licensed,Parked,Left Rear Bumper,Left Rear Quarter Panel,Left Rear Bumper,Left Side Doors,No Damage,N,,Unspecified,Unspecified,BRONX,10461.0,"    (40.841824, -73.843735)",0.0,0.0,0,0,0,0,0,0,Sedan,,0
20018561,4437530,07/16/2021,21:10,28645970-ecc5-4cd6-9425-bea3364b01bf,Sedan,NISS -CAR/SUV,1998.0,1.0,M,Licensed,Parked,Center Front End,Right Front Bumper,Center Front End,No Damage,No Damage,N,,Unspecified,Unspecified,,,"    (40.700123, -73.91632)",0.0,0.0,0,0,0,0,0,0,Sedan,Sedan,0
20067113,4459351,09/20/2021,16:55,f6a386d9-9738-43d3-970b-0087a2ccc17a,Sedan,HYUN -CAR/SUV,2014.0,2.0,F,Licensed,Going Straight Ahead,Center Back End,Center Back End,No Damage,No Damage,No Damage,N,,Unspecified,Unspecified,BRONX,10454.0,"    (40.812893, -73.92013)",1.0,0.0,0,0,0,0,1,0,Sedan,Sedan,1
20027731,4441580,07/29/2021,08:10,8d48950c-ca6b-469b-a1a3-49a2d7e2dd89,Sedan,HOND -CAR/SUV,2017.0,1.0,F,Licensed,Going Straight Ahead,Right Front Bumper,Center Front End,Right Front Bumper,Right Front Quarter Panel,,N,,Unspecified,Unspecified,,,"    (40.712162, -73.83495)",0.0,0.0,0,0,0,0,0,0,Sedan,Sedan,0
19975748,4406239,04/11/2021,05:30,96f45e0b-f8a7-4dae-8da9-812e7954275a,Station Wagon/Sport Utility Vehicle,DODG -CAR/SUV,2005.0,0.0,,,Parked,Left Front Bumper,Left Front Bumper,,,,N,,Unspecified,Unspecified,QUEENS,11417.0,"(40.67917, -73.85315)",0.0,0.0,0,0,0,0,0,0,Sedan,Station Wagon/Sport Utility Vehicle,0
19831425,4384378,01/13/2021,09:30,842f3779-4bfa-4074-b793-5bc1cf945678,Sedan,BMW -CAR/SUV,2019.0,0.0,,,Parked,Right Side Doors,Right Side Doors,,,,N,,Unspecified,Unspecified,,,"(40.766064, -73.93089)",0.0,0.0,0,0,0,0,0,0,Sedan,Sedan,0
20127730,4485238,12/09/2021,21:30,159d946a-db7f-40aa-8683-3cb9dbdd5961,Station Wagon/Sport Utility Vehicle,NISS -CAR/SUV,2008.0,0.0,,,Parked,Left Rear Bumper,Left Rear Bumper,Left Rear Quarter Panel,Left Side Doors,Center Back End,N,,Outside Car Distraction,Shoulders Defective/Improper,,,"    (40.667313, -73.73926)",0.0,0.0,0,0,0,0,0,0,Station Wagon/Sport Utility Vehicle,Station Wagon/Sport Utility Vehicle,0
20100946,4475089,11/06/2021,22:08,e88f6f9d-d520-4f65-b25d-206d7114402a,Sedan,HOND -CAR/SUV,2016.0,1.0,M,,Going Straight Ahead,Left Side Doors,Left Side Doors,No Damage,No Damage,No Damage,N,,Unspecified,Unspecified,MANHATTAN,10030.0,"    (40.815304, -73.94371)",0.0,0.0,0,0,0,0,0,0,Sedan,,0
20137838,4491526,12/31/2021,11:00,070dd252-625f-4362-9389-a29c715a48d7,Sedan,BMW -CAR/SUV,2020.0,0.0,,,Parked,Left Front Bumper,Left Side Doors,Left Side Doors,Left Front Bumper,Left Side Doors,N,,Unspecified,Unspecified,BROOKLYN,11231.0,"    (40.68005, -73.99598)",0.0,0.0,0,0,0,0,0,0,Sedan,Sedan,0
20129951,4487870,12/19/2021,14:00,2939478e-6268-4100-b14d-3bd095e83311,Moped,NIU,2021.0,0.0,,,Parked,Right Front Quarter Panel,Right Front Quarter Panel,Right Side Doors,Right Rear Quarter Panel,Right Rear Bumper,N,,Unspecified,Unspecified,QUEENS,11378.0,"    (40.72621, -73.920525)",0.0,0.0,0,0,0,0,0,0,Sedan,Moped,0
20019852,4438301,07/17/2021,12:00,f754f14e-ff55-4f9f-8eb0-41f5e2f0809d,Sedan,CHEV -CAR/SUV,2008.0,2.0,F,Permit,Going Straight Ahead,Center Front End,Center Front End,Left Front Bumper,Right Front Bumper,No Damage,N,,Unsafe Speed,Unspecified,QUEENS,11435.0,"    (40.698692, -73.8057)",3.0,0.0,0,0,0,0,3,0,Sedan,Sedan,1
19945046,4408443,04/16/2021,21:30,75da4466-c649-4cfa-a343-3e289669a9b7,Station Wagon/Sport Utility Vehicle,FORD -CAR/SUV,2016.0,1.0,M,Licensed,Going Straight Ahead,Center Front End,Center Front End,Left Front Bumper,Right Front Bumper,,N,,Driver Inattention/Distraction,Following Too Closely,MANHATTAN,10011.0,"    (40.744747, -73.99717)",0.0,0.0,0,0,0,0,0,0,Station Wagon/Sport Utility Vehicle,Station Wagon/Sport Utility Vehicle,0
19975061,4424546,04/30/2021,14:00,629b8295-def7-4ad4-a7a8-b2aa48615855,Station Wagon/Sport Utility Vehicle,HOND -CAR/SUV,2018.0,1.0,M,Licensed,Going Straight Ahead,Center Front End,Left Front Bumper,No Damage,No Damage,No Damage,N,,Unspecified,Unspecified,,,,0.0,0.0,0,0,0,0,0,0,Sedan,Station Wagon/Sport Utility Vehicle,0
20054586,4454209,09/05/2021,21:20,8cac36cb-71e7-4020-b59e-3211056053f0,Station Wagon/Sport Utility Vehicle,FORD -CAR/SUV,2009.0,1.0,M,Licensed,Backing,Center Back End,No Damage,No Damage,No Damage,No Damage,N,,Backing Unsafely,Unspecified,,,,0.0,0.0,0,0,0,0,0,0,Station Wagon/Sport Utility Vehicle,Sedan,0
19848143,4391990,02/14/2021,00:40,8fb97e66-e78f-4e12-9008-16c468c65257,Station Wagon/Sport Utility Vehicle,FORD -CAR/SUV,2016.0,1.0,M,Licensed,Going Straight Ahead,Center Front End,Center Front End,Left Front Bumper,Undercarriage,,N,,Obstruction/Debris,Unspecified,BRONX,10462.0,"(40.839115, -73.86117)",0.0,0.0,0,0,0,0,0,0,Station Wagon/Sport Utility Vehicle,,0
20064232,4458001,09/16/2021,15:35,e69ecd2a-84f3-46f6-986a-451600239f1e,Station Wagon/Sport Utility Vehicle,JEEP -CAR/SUV,2016.0,0.0,,,Parked,Right Rear Bumper,Right Rear Bumper,Right Rear Quarter Panel,Center Back End,No Damage,N,,Unspecified,Unspecified,BRONX,10455.0,,0.0,0.0,0,0,0,0,0,0,Station Wagon/Sport Utility Vehicle,Box Truck,0
19987361,4417467,05/17/2021,09:30,2deae618-9437-439b-a55e-981b256dd6fb,Tow Truck / Wrecker,FORD-TRUCK/BUS,2017.0,1.0,M,Licensed,Backing,No Damage,No Damage,No Damage,No Damage,No Damage,N,,Unspecified,Unspecified,BROOKLYN,11233.0,"    (40.67502, -73.91579)",0.0,0.0,0,0,0,0,0,0,Tow Truck / Wrecker,Sedan,0
20039150,4446742,08/14/2021,05:08,de9bc86f-9612-4ec2-803a-063ca0272a1f,Sedan,ACUR -CAR/SUV,2019.0,0.0,,,Parked,Left Front Bumper,Left Front Bumper,,,,N,,Unspecified,Unspecified,QUEENS,11428.0,"    (40.72144, -73.74433)",0.0,0.0,0,0,0,0,0,0,Sedan,Sedan,0
20126516,4486385,12/12/2021,18:45,68a29fd4-3ea1-4a62-8859-a4942d2be6f5,Sedan,ACUR -CAR/SUV,1996.0,1.0,M,Licensed,Changing Lanes,Left Rear Bumper,Left Rear Bumper,Center Back End,Left Rear Quarter Panel,Right Rear Bumper,N,,Unsafe Lane Changing,Unspecified,,,"    (40.52599, -74.22536)",0.0,0.0,0,0,0,0,0,0,Tractor Truck Diesel,Sedan,0
20121252,4483860,12/03/2021,23:45,977999d3-51d3-459e-adde-582232606889,Sedan,LEXS -CAR/SUV,2000.0,0.0,,,Parked,Left Front Quarter Panel,Left Front Quarter Panel,Left Side Doors,Left Rear Quarter Panel,No Damage,N,,Unspecified,Unspecified,QUEENS,11420.0,"    (40.674477, -73.8074)",0.0,0.0,0,0,0,0,0,0,Sedan,,0
19852554,4394372,02/25/2021,01:00,987beb85-f0e6-401c-bbf9-a16d64c0ca87,Sedan,NISS -CAR/SUV,2019.0,0.0,M,Licensed,Parked,Center Front End,Center Front End,No Damage,No Damage,No Damage,N,,Unspecified,Unspecified,MANHATTAN,10005.0,"(40.707695, -74.01021)",0.0,0.0,0,0,0,0,0,0,Sedan,,0
20116778,4467598,10/15/2021,21:30,d86bbedc-1679-43f7-8fea-5c0bc85ba609,Box Truck,FRHT-TRUCK/BUS,2009.0,1.0,M,Licensed,Going Straight Ahead,Left Rear Quarter Panel,No Damage,No Damage,No Damage,No Damage,N,,Unspecified,Unspecified,,,,0.0,0.0,0,0,0,0,0,0,Sedan,Box Truck,0
19981310,4427638,06/15/2021,16:35,81b543ac-7eca-466d-9d01-512cfb63961d,Station Wagon/Sport Utility Vehicle,JEEP -CAR/SUV,2012.0,1.0,F,Licensed,Going Straight Ahead,Right Front Bumper,Right Front Bumper,Center Front End,Left Front Bumper,No Damage,Unspecified,,Unsafe Speed,Unspecified,BRONX,10469.0,"    (40.859097, -73.83813)",0.0,0.0,0,0,0,0,0,0,Station Wagon/Sport Utility Vehicle,Sedan,0
19962484,4413934,05/05/2021,23:00,a5f138c0-0591-4d14-9481-011b9257c45b,Sedan,NISS -CAR/SUV,2020.0,1.0,F,Licensed,Parked,Right Rear Quarter Panel,Right Rear Quarter Panel,Right Rear Bumper,No Damage,No Damage,N,,Unspecified,Unspecified,,,"    (40.798622, -73.94163)",0.0,0.0,0,0,0,0,0,0,Sedan,Bike,0
20107531,4477541,11/14/2021,09:07,308e3ac8-8ae5-4540-bfc7-5a718bb33cdd,Sedan,TOYT -CAR/SUV,2012.0,2.0,M,Licensed,Going Straight Ahead,Center Front End,Right Front Quarter Panel,,,,N,,Following Too Closely,Driver Inattention/Distraction,,,"    (40.849403, -73.871445)",2.0,0.0,0,0,0,0,2,0,Sedan,Sedan,1
20066407,4458598,09/17/2021,11:58,4ff6b8ca-e931-44f1-a10e-fd4a517bd6c7,Bus,NEW FLYER,2019.0,0.0,M,Licensed,Going Straight Ahead,Center Front End,Right Front Bumper,No Damage,No Damage,No Damage,N,,Unspecified,Unspecified,QUEENS,11434.0,"    (40.66675, -73.779945)",2.0,0.0,0,0,0,0,2,0,Bus,Sedan,1