UNIQUE_ID,COLLISION_ID,CRASH_DATE,CRASH_TIME,VEHICLE_ID,VEHICLE_TYPE,VEHICLE_MAKE,VEHICLE_YEAR,VEHICLE_OCCUPANTS,DRIVER_SEX,DRIVER_LICENSE_STATUS,PRE_CRASH,POINT_OF_IMPACT,VEHICLE_DAMAGE,VEHICLE_DAMAGE_1,VEHICLE_DAMAGE_2,VEHICLE_DAMAGE_3,PUBLIC_PROPERTY_DAMAGE,PUBLIC_PROPERTY_DAMAGE_TYPE,CONTRIBUTING_FACTOR_1,CONTRIBUTING_FACTOR_2,BOROUGH,ZIP CODE,LOCATION,NUMBER OF PERSONS INJURED,NUMBER OF PERSONS KILLED,NUMBER OF PEDESTRIANS INJURED,NUMBER OF PEDESTRIANS KILLED,NUMBER OF CYCLIST INJURED,NUMBER OF CYCLIST KILLED,NUMBER OF MOTORIST INJURED,NUMBER OF MOTORIST KILLED,VEHICLE TYPE CODE 1,VEHICLE TYPE CODE 2,Severity
20104785,4476312,11/08/2021,19:20,ea6082cb-2ece-4dd1-9741-f834ae14c386,Station Wagon/Sport Utility Vehicle,LEXS -CAR/SUV,2021.0,1.0,M,Licensed,Stopped in Traffic,Left Rear Bumper,Left Rear Bumper,,,,N,,Unspecified,Unspecified,BROOKLYN,11207.0,"    (40.679535, -73.900475)",0.0,0.0,0,0,0,0,0,0,Station Wagon/Sport Utility Vehicle,,0
19977329,4428124,06/16/2021,22:47,e47a1425-2a0f-4b6b-94c8-3fb80ba55a46,Station Wagon/Sport Utility Vehicle,TOYT -CAR/SUV,2015.0,1.0,M,Licensed,Making U Turn,Left Front Quarter Panel,Left Side Doors,,,,N,,Unspecified,Unspecified,BRONX,10474.0,"    (40.819267, -73.884865)",1.0,0.0,0,0,0,0,0,0,Station Wagon/Sport Utility Vehicle,E-Scooter,1
19970540,4426057,06/07/2021,15:51,1eb63c13-55e1-4130-8128-9894fa419ad4,Sedan,CHEV -CAR/SUV,2015.0,1.0,M,Licensed,Going Straight Ahead,Right Front Quarter Panel,Right Front Quarter Panel,Right Front Quarter Panel,,,N,,Driver Inattention/Distraction,Unspecified,BRONX,10463.0,"    (40.883766, -73.907814)",1.0,0.0,0,0,0,0,1,0,Sedan,Sedan,1
19830575,4384265,01/12/2021,10:00,8fba6052-a233-4550-8ba5-93b11fea16f3,Station Wagon/Sport Utility Vehicle,FORD -CAR/SUV,2013.0,1.0,M,Licensed,Going Straight Ahead,Left Rear Quarter Panel,Left Front Quarter Panel,Left Side Doors,Left Front Bumper,Center Front End,N,,Unspecified,Unspecified,,,"(40.692345, -73.88179)",1.0,0.0,0,0,0,0,1,0,Station Wagon/Sport Utility Vehicle,Sedan,1
20046879,4450106,08/21/2021,16:30,05fefe69-1482-4959-9a16-776a8743803c,Sedan,BMW -CAR/SUV,2016.0,0.0,,,Parked,Left Front Quarter Panel,Left Front Bumper,Center Front End,Left Front Quarter Panel,Left Side Doors,N,,Unspecified,Unspecified,BROOKLYN,11213.0,"    (40.665688, -73.939766)",0.0,0.0,0,0,0,0,0,0,Sedan,,0
19960246,4434890,07/04/2021,23:00,57477dec-9801-4c4a-9eee-10404ee6d397,Sedan,AUDI -CAR/SUV,2013.0,1.0,M,Licensed,Going Straight Ahead,Left Front Quarter Panel,Left Front Bumper,Center Front End,Right Front Bumper,Right Front Quarter Panel,N,,Failure to Yield Right-of-Way,Unspecified,MANHATTAN,10002.0,"    (40.716972, -73.99446)",0.0,0.0,0,0,0,0,0,0,Sedan,Sedan,0
19854899,4395167,02/28/2021,00:22,c04595eb-ce7a-4150-bed3-0617a3824471,Station Wagon/Sport Utility Vehicle,HOND -CAR/SUV,2013.0,0.0,F,Licensed,Parked,Center Front End,Right Front Bumper,Center Front End,No Damage,No Damage,N,,Unspecified,Unspecified,BROOKLYN,11211.0,"(40.70744, -73.96114)",0.0,0.0,0,0,0,0,0,0,Station Wagon/Sport Utility Vehicle,Station Wagon/Sport Utility Vehicle,0
19965244,4407330,04/14/2021,15:30,5d4d76be-6233-4594-be74-40d3c78d28ad,Sedan,KIA -CAR/SUV,2019.0,4.0,F,Licensed,Stopped in Traffic,Left Rear Quarter Panel,Left Rear Quarter Panel,Left Rear Bumper,Center Back End,,N,,Unspecified,Unspecified,,,"    (40.824932, -73.82431)",0.0,0.0,0,0,0,0,0,0,Sedan,Tractor Truck Diesel,0
20108338,4478085,11/14/2021,10:40,bb50bea1-f046-4241-a965-d2b0fe0f3caf,Station Wagon/Sport Utility Vehicle,FORD -CAR/SUV,2020.0,4.0,F,Licensed,Stopped in Traffic,Center Back End,Right Rear Bumper,Left Rear Bumper,,,N,,Unspecified,Unspecified,,,,0.0,0.0,0,0,0,0,0,0,Station Wagon/Sport Utility Vehicle,Pick-up Truck,0
20047885,4450910,08/25/2021,23:15,52ee4b51-2d25-40bb-9565-b4e501b6d31b,Sedan,NISS -CAR/SUV,2019.0,1.0,,,Going Straight Ahead,Center Front End,Center Front End,,,,N,,Driver Inattention/Distraction,Driver Inattention/Distraction,QUEENS,11372.0,"    (40.74763, -73.88394)",0.0,0.0,0,0,0,0,0,0,Station Wagon/Sport Utility Vehicle,Sedan,0
20129615,4487805,12/19/2021,12:54,8ab24fd7-679a-4b07-9025-f2316c6bc7fb,Station Wagon/Sport Utility Vehicle,BMW -CAR/SUV,2019.0,2.0,,,Going Straight Ahead,Center Front End,No Damage,No Damage,,,N,,Unspecified,Unspecified,,,"    (40.63552, -74.0167)",1.0,0.0,0,0,1,0,0,0,Station Wagon/Sport Utility Vehicle,Bike,1
20110579,4478077,11/16/2021,15:25,69cc12cd-abbb-4d78-9ea2-46358f20015b,Sedan,TOYT -CAR/SUV,2015.0,4.0,M,Licensed,Going Straight Ahead,Left Front Quarter Panel,Left Front Quarter Panel,Left Front Quarter Panel,Left Rear Quarter Panel,,N,,Driver Inattention/Distraction,Unspecified,QUEENS,11434.0,"    (40.65616, -73.76736)",1.0,0.0,0,0,0,0,1,0,Sedan,Sedan,1
20060414,4456886,09/13/2021,12:24,e193c5ba-d654-4a4c-ad47-7b4d0e0f9a63,Sedan,FORD -CAR/SUV,2019.0,0.0,,,Parked,Left Rear Bumper,Left Rear Bumper,Left Rear Quarter Panel,,,N,,Passing or Lane Usage Improper,Unspecified,,,"    (40.785973, -73.96886)",0.0,0.0,0,0,0,0,0,0,Sedan,,0
19862281,4398439,03/13/2021,06:15,aeba5b6a-3aa6-4dc9-90ae-07be88c4604e,Convertible,BMW -CAR/SUV,2016.0,1.0,M,Licensed,Making Right Turn,Right Front Bumper,Right Front Bumper,Center Front End,,,N,,Alcohol Involvement,Alcohol Involvement,BROOKLYN,11209.0,"(40.61312, -74.03086)",0.0,0.0,0,0,0,0,0,0,Convertible,Sedan,0
20046328,4450004,08/20/2021,15:40,b74c5327-156b-4212-9dc7-f5355ce2dac2,Sedan,INFI -CAR/SUV,2020.0,1.0,M,Licensed,Stopped in Traffic,Center Back End,Center Back End,,,,N,,Unspecified,Unspecified,,,,0.0,0.0,0,0,0,0,0,0,Sedan,Sedan,0
20103677,4476084,11/11/2021,00:50,9334ddfe-3f59-4ed6-93ed-52c3f6cf0291,Taxi,HOND -CAR/SUV,2016.0,1.0,M,Licensed,Backing,Center Back End,Center Back End,,,,N,,Driver Inattention/Distraction,Backing Unsafely,QUEENS,11418.0,"    (40.701218, -73.81622)",0.0,0.0,0,0,0,0,0,0,Taxi,Sedan,0
20096793,4472665,10/31/2021,10:54,b26b117a-3dc8-4cc7-95c5-f12919129f80,Station Wagon/Sport Utility Vehicle,TOYT -CAR/SUV,2007.0,1.0,M,Licensed,Parked,Right Rear Quarter Panel,Right Rear Quarter Panel,,,,Unspecified,,Unspecified,Unspecified,QUEENS,11411.0,"    (40.696217, -73.7436)",0.0,0.0,0,0,0,0,0,0,Station Wagon/Sport Utility Vehicle,Station Wagon/Sport Utility Vehicle,0
20081714,4465790,10/08/2021,15:40,3251b14e-4626-4493-a864-254f8005928e,Station Wagon/Sport Utility Vehicle,CHRY -CAR/SUV,2006.0,3.0,F,Permit,Going Straight Ahead,Center Front End,Left Front Bumper,Right Front Bumper,,,N,,Following Too Closely,Unspecified,QUEENS,11385.0,"    (40.692314, -73.88268)",0.0,0.0,0,0,0,0,0,0,Station Wagon/Sport Utility Vehicle,Station Wagon/Sport Utility Vehicle,0
20016203,4436580,07/11/2021,02:25,c023c290-7c28-48fd-afed-d67b65c34929,Taxi,HOND -CAR/SUV,2015.0,2.0,M,Licensed,Going Straight Ahead,Center Front End,Center Front End,Center Front End,Center Front End,Center Front End,N,,Driver Inattention/Distraction,Traffic Control Disregarded,,,"    (40.677715, -73.93587)",2.0,0.0,0,0,0,0,2,0,Taxi,Sedan,1
19998353,4427343,06/12/2021,23:48,968ea4d4-32f1-41b0-a8a6-4aaceb492b18,Station Wagon/Sport Utility Vehicle,HOND -CAR/SUV,2007.0,1.0,M,,Going Straight Ahead,Right Front Quarter Panel,Right Front Quarter Panel,Right Front Quarter Panel,Right Front Bumper,,N,,Driver Inattention/Distraction,Unspecified,,,"    (40.71604, -73.80504)",0.0,0.0,0,0,0,0,0,0,Station Wagon/Sport Utility Vehicle,Sedan,0
19978857,4406588,04/12/2021,09:35,8e3ef12a-9376-45c2-89b1-373e9d80bb32,,BMW -CAR/SUV,2009.0,,,,,,,,,,Unspecified,,,,QUEENS,11377.0,"(40.739956, -73.89421)",0.0,0.0,0,0,0,0,0,0,Station Wagon/Sport Utility Vehicle,,0
19831670,4384714,01/16/2021,12:40,99235bcf-8422-451c-ae32-0f33d1d76d29,Bus,NEW FLYER,2017.0,1.0,M,Licensed,Starting from Parking,Left Front Quarter Panel,Left Front Quarter Panel,Left Front Quarter Panel,Left Front Quarter Panel,,N,,Unspecified,Unspecified,BROOKLYN,11225.0,"(40.663876, -73.95161)",0.0,0.0,0,0,0,0,0,0,Sedan,Bus,0
20070792,4461299,09/23/2021,12:28,d8774a61-2148-4922-abfd-5cecc7e179ed,Ambulance,FORD-TRUCK/BUS,2016.0,2.0,M,Licensed,Going Straight Ahead,Right Front Quarter Panel,Right Front Quarter Panel,,,,N,,Driver Inattention/Distraction,Driver Inattention/Distraction,MANHATTAN,10009.0,"    (40.72375, -73.97806)",0.0,0.0,0,0,0,0,0,0,Pick-up Truck,Ambulance,0
20032497,4443782,08/04/2021,21:53,b733fe49-8753-43ba-8094-a877f4ec2ced,Sedan,BMW -CAR/SUV,2008.0,1.0,M,Licensed,Making Right Turn,Center Front End,Left Front Bumper,Right Front Bumper,,,Y,,Unsafe Speed,Traffic Control Disregarded,QUEENS,11434.0,"    (40.674744, -73.76368)",1.0,0.0,0,0,0,0,1,0,Sedan,,1
20124876,4485737,12/08/2021,01:27,c8067b0c-6747-4dc3-934a-df6df34fab1f,Sedan,HOND -CAR/SUV,2017.0,1.0,F,Licensed,Making Left Turn,Right Rear Bumper,Right Rear Bumper,Left Front Bumper,,,N,,Other Vehicular,Unspecified,,,"    (40.86369, -73.91707)",1.0,0.0,0,0,0,0,1,0,Sedan,,1
20136263,4490669,12/28/2021,10:00,2d9fe57d-6483-4eca-86d8-b00c6e37d59d,Station Wagon/Sport Utility Vehicle,FORD -CAR/SUV,2005.0,,,,Going Straight Ahead,Left Front Bumper,Left Front Bumper,No Damage,No Damage,No Damage,Unspecified,,Driver Inattention/Distraction,Unsafe Speed,BRONX,10454.0,"    (40.810177, -73.91397)",0.0,0.0,0,0,0,0,0,0,Sedan,Station Wagon/Sport Utility Vehicle,0
19831522,4381280,01/03/2021,15:05,e83f518a-516e-4be3-ad4a-25e788a3cdd8,Station Wagon/Sport Utility Vehicle,HYUN -CAR/SUV,2007.0,1.0,M,Licensed,Parked,Other,Other,,,,N,,Unspecified,Unspecified,,,"(40.73283, -73.97415)",0.0,0.0,0,0,0,0,0,0,Station Wagon/Sport Utility Vehicle,Station Wagon/Sport Utility Vehicle,0
19862571,4398715,03/13/2021,09:15,db1e7c96-03f1-4b80-a3bc-4f0f692b7251,Pick-up Truck,FORD -CAR/SUV,2015.0,1.0,M,Licensed,Going Straight Ahead,Right Front Quarter Panel,Right Front Quarter Panel,No Damage,No Damage,No Damage,N,,Driver Inattention/Distraction,Unspecified,MANHATTAN,10003.0,"(40.734776, -73.99065)",0.0,0.0,0,0,0,0,0,0,Pick-up Truck,,0
20054814,4454039,09/01/2021,15:20,7f1fcef8-334b-4ada-b020-5735969c798d,Sedan,HOND -CAR/SUV,2000.0,1.0,M,Licensed,Going Straight Ahead,Left Front Bumper,Center Front End,Right Front Bumper,,,N,,Unspecified,Unspecified,BROOKLYN,11204.0,,1.0,0.0,0,0,0,0,1,0,Station Wagon/Sport Utility Vehicle,Sedan,1
20114647,4481120,11/26/2021,17:06,741c7a07-2458-4fe6-b6f2-b948e5b2f04d,Sedan,HYUN -CAR/SUV,2020.0,2.0,F,Licensed,Going Straight Ahead,Center Front End,Left Front Bumper,Left Front Quarter Panel,,,N,,Unspecified,Unspecified,BRONX,10467.0,"    (40.8655, -73.86417)",0.0,0.0,0,0,0,0,0,0,Sedan,Sedan,0
19997501,4418984,05/22/2021,05:35,3f311eda-778b-4fe1-8b86-86a7c26c7685,Station Wagon/Sport Utility Vehicle,HOND -CAR/SUV,2002.0,2.0,M,Licensed,Going Straight Ahead,Right Front Quarter Panel,Right Front Quarter Panel,Right Side Doors,Right Side Doors,No Damage,N,,Alcohol Involvement,Alcohol Involvement,,,"    (40.76963, -73.915855)",0.0,0.0,0,0,0,0,0,0,Station Wagon/Sport Utility Vehicle,Sedan,0
19973643,4412465,04/30/2021,06:00,b3c28754-ba8d-4e62-bb17-b607e2ddea48,Sedan,NISS -CAR/SUV,2009.0,1.0,M,Licensed,Going Straight Ahead,Right Front Bumper,Center Front End,Left Front Bumper,,,N,,Driver Inattention/Distraction,Outside Car Distraction,BROOKLYN,11234.0,"    (40.61051, -73.923294)",1.0,0.0,0,0,0,0,1,0,Bus,Sedan,1
19972364,4414215,05/06/2021,21:52,8a88ddb8-5f80-4b0a-8c58-d56deec2c449,Station Wagon/Sport Utility Vehicle,FORD -CAR/SUV,2018.0,2.0,M,Licensed,Going Straight Ahead,Center Front End,Center Front End,Right Front Bumper,Left Front Bumper,,N,,Unspecified,Unspecified,,,"    (40.629036, -74.16538)",0.0,0.0,0,0,0,0,0,0,Station Wagon/Sport Utility Vehicle,Sedan,0
20130442,4488198,12/20/2021,14:30,ea2ae5fa-4878-4761-a88f-c47624f4d1ea,Station Wagon/Sport Utility Vehicle,CHEV -CAR/SUV,2011.0,1.0,M,Licensed,Making Right Turn,Left Rear Bumper,Left Rear Bumper,,,,N,,Failure to Yield Right-of-Way,Unspecified,,,"    (40.601734, -73.935036)",0.0,0.0,0,0,0,0,0,0,Station Wagon/Sport Utility Vehicle,Station Wagon/Sport Utility Vehicle,0
20029833,4442700,08/01/2021,20:38,7f7a8cb0-0e51-4702-a0ce-3c8c13b37b8d,Moped,NIU,2020.0,0.0,,,Parked,Right Front Quarter Panel,Center Front End,Center Back End,Right Rear Quarter Panel,,N,,Unspecified,Other Vehicular,BROOKLYN,11211.0,"    (40.715122, -73.9599)",0.0,0.0,0,0,0,0,0,0,Station Wagon/Sport Utility Vehicle,Station Wagon/Sport Utility Vehicle,0
20027645,4441778,07/28/2021,08:50,0d30248b-ec64-4076-9c19-1a5415751bd8,Station Wagon/Sport Utility Vehicle,CHEV -CAR/SUV,2011.0,2.0,F,Licensed,Changing Lanes,Left Front Quarter Panel,Left Front Quarter Panel,Left Side Doors,,No Damage,N,,Passing or Lane Usage Improper,Unspecified,BROOKLYN,11201.0,"    (40.70066, -73.98775)",0.0,0.0,0,0,0,0,0,0,Station Wagon/Sport Utility Vehicle,Station Wagon/Sport Utility Vehicle,0
20127917,4484241,12/06/2021,09:00,f8c3f413-d5fb-4c2e-a560-386bd2478ce2,Station Wagon/Sport Utility Vehicle,BMW -CAR/SUV,2021.0,1.0,M,Licensed,Going Straight Ahead,Center Front End,Center Front End,Left Front Bumper,Right Front Bumper,Left Front Quarter Panel,N,,Driver Inattention/Distraction,Unspecified,,,,1.0,0.0,0,0,0,0,1,0,Station Wagon/Sport Utility Vehicle,Sedan,1
20130592,4488139,12/20/2021,08:25,6fe379db-690e-46bb-869b-39673b45d3d0,Station Wagon/Sport Utility Vehicle,TOYT -CAR/SUV,2007.0,0.0,,,Parked,Left Front Bumper,Center Front End,Left Front Bumper,Left Front Quarter Panel,No Damage,N,,Unspecified,Unspecified,QUEENS,11367.0,"    (40.719604, -73.81323)",0.0,0.0,0,0,0,0,0,0,Station Wagon/Sport Utility Vehicle,,0
20086500,4467969,10/16/2021,03:32,d8d5729a-0378-4159-bd26-6e43faec647b,Station Wagon/Sport Utility Vehicle,TOYT -CAR/SUV,2020.0,0.0,,,Parked,Left Side Doors,Left Rear Quarter Panel,Left Rear Bumper,Right Side Doors,,N,,Unspecified,Unspecified,QUEENS,11378.0,"    (40.7281388, -73.8876287)",0.0,0.0,0,0,0,0,0,0,Station Wagon/Sport Utility Vehicle,Station Wagon/Sport Utility Vehicle,0
19955296,4429355,05/26/2021,11:25,91503777-761b-4669-a70f-448715fc5bae,Sedan,TOYT -CAR/SUV,2016.0,1.0,,,Going Straight Ahead,Left Front Bumper,No Damage,No Damage,No Damage,No Damage,N,,Aggressive Driving/Road Rage,Unspecified,MANHATTAN,10029.0,"    (40.786358, -73.94419)",1.0,0.0,0,0,0,0,0,0,Sedan,E-Scooter,1
20065160,4458324,09/18/2021,03:30,c617dbb4-0218-48bb-b2ef-13b831ec0baf,Pick-up Truck,FORD -CAR/SUV,2010.0,0.0,,,Parked,Left Side Doors,Left Side Doors,Left Front Quarter Panel,No Damage,No Damage,N,,Unspecified,Unspecified,,,"    (40.631283, -74.13131)",0.0,0.0,0,0,0,0,0,0,Pick-up Truck,,0
19865714,4399991,03/18/2021,19:00,31aef56f-1c27-4851-b073-e59c7032d179,Sedan,NISS -CAR/SUV,2008.0,0.0,,,Parked,Left Rear Quarter Panel,Center Back End,Left Front Bumper,Left Rear Bumper,,N,,Unspecified,Unspecified,QUEENS,11417.0,,0.0,0.0,0,0,0,0,0,0,ambulance,Sedan,0
19860177,4397602,03/09/2021,19:00,48e7886a-55b5-439c-9e49-342fa952f322,Station Wagon/Sport Utility Vehicle,TOYT -CAR/SUV,2019.0,1.0,F,Licensed,Going Straight Ahead,Center Back End,Center Back End,,,,N,,Unspecified,Unspecified,,,"(40.7466, -73.76503)",1.0,0.0,0,0,0,0,1,0,Station Wagon/Sport Utility Vehicle,Station Wagon/Sport Utility Vehicle,1
20134065,4489757,12/26/2021,07:40,14a9ccdd-ad67-4e1f-b81b-3821416c5a11,Station Wagon/Sport Utility Vehicle,HOND -CAR/SUV,2008.0,2.0,M,Licensed,Going Straight Ahead,Left Front Bumper,Center Front End,Right Front Bumper,No Damage,No Damage,N,,Following Too Closely,Unspecified,BROOKLYN,11205.0,"    (40.698036, -73.962845)",1.0,0.0,0,0,0,0,1,0,Station Wagon/Sport Utility Vehicle,Sedan,1
19831323,4384491,01/17/2021,15:31,970c28cd-42b2-4acf-8fed-ada927b90056,Station Wagon/Sport Utility Vehicle,TOYT -CAR/SUV,2013.0,1.0,M,Licensed,Entering Parked Position,Right Rear Quarter Panel,Right Rear Quarter Panel,,,,N,,Driver Inattention/Distraction,Driver Inexperience,BROOKLYN,11249.0,"(40.714222, -73.96259)",0.0,0.0,0,0,0,0,0,0,Station Wagon/Sport Utility Vehicle,Sedan,0
20042327,4448313,08/18/2021,15:00,2d9da92d-1267-48c0-a09b-708f68bf395e,Sedan,ACUR -CAR/SUV,2021.0,1.0,M,Licensed,Going Straight Ahead,Center Front End,Right Front Bumper,Center Front End,Left Front Bumper,,N,,Driver Inattention/Distraction,Unspecified,,,,0.0,0.0,0,0,0,0,0,0,Station Wagon/Sport Utility Vehicle,Sedan,0
19830623,4384306,01/17/2021,00:22,28b47938-0cc3-4228-991a-f300edf2e350,Sedan,KIA -CAR/SUV,2020.0,1.0,M,Licensed,Changing Lanes,Center Front End,Center Front End,Left Front Bumper,Right Front Bumper,No Damage,N,,Fell Asleep,Following Too Closely,,,"(40.757927, -73.72041)",0.0,0.0,0,0,0,0,0,0,Sedan,Sedan,0
19831687,4384757,01/17/2021,23:39,d64234cc-585a-4799-a71d-4c4d54e976e0,Station Wagon/Sport Utility Vehicle,NISS -CAR/SUV,2014.0,1.0,M,Licensed,Going Straight Ahead,Right Front Bumper,Right Front Bumper,Right Front Quarter Panel,Center Front End,Right Side Doors,N,,Other Vehicular,Unspecified,,,"(40.796738, -73.92925)",0.0,0.0,0,0,0,0,0,0,Station Wagon/Sport Utility Vehicle,Sedan,0
20074445,4462460,09/27/2021,15:48,fe3d4bec-e273-4d08-a78a-2a0133d6f001,Sedan,FORD -CAR/SUV,,,,,Going Straight Ahead,Center Front End,,,,,N,,Driver Inattention/Distraction,Passing or Lane Usage Improper,BROOKLYN,11207.0,"    (40.680504, -73.90629)",0.0,0.0,0,0,0,0,0,0,Sedan,Sedan,0
20018794,4437800,07/16/2021,01:03,63a7debd-e925-49ce-b4f8-c4e8418054e6,Sedan,BMW -CAR/SUV,2019.0,1.0,M,Licensed,Making Left Turn,Left Rear Quarter Panel,Left Rear Quarter Panel,No Damage,No Damage,No Damage,N,,Passing or Lane Usage Improper,Unspecified,MANHATTAN,10014.0,"    (40.739033, -74.00315)",0.0,0.0,0,0,0,0,0,0,Ambulance,Sedan,0
20136709,4491000,12/31/2021,13:38,029544d1-ec75-4357-9d36-0e76fa98b3f1,Station Wagon/Sport Utility Vehicle,BMW -CAR/SUV,2021.0,0.0,M,Licensed,Parked,Right Rear Quarter Panel,Right Rear Bumper,,,,N,,Unspecified,Unspecified,BROOKLYN,11235.0,"    (40.585747, -73.948845)",0.0,0.0,0,0,0,0,0,0,Station Wagon/Sport Utility Vehicle,Station Wagon/Sport Utility Vehicle,0
20068819,4449184,08/21/2021,00:00,b7ecea44-f009-49c0-9c3c-811ebda1cfa6,Station Wagon/Sport Utility Vehicle,JEEP -CAR/SUV,2018.0,1.0,M,Licensed,Slowing or Stopping,Center Back End,Center Back End,Center Front End,No Damage,No Damage,N,,Unspecified,Unspecified,,,,2.0,0.0,0,0,0,0,2,0,Station Wagon/Sport Utility Vehicle,Station Wagon/Sport Utility Vehicle,1
20125874,4486081,12/11/2021,05:21,c6e29f6e-f0a0-4b8c-a8d0-660b77b75854,Sedan,NISS -CAR/SUV,2020.0,1.0,F,Unlicensed,Other*,Right Rear Quarter Panel,Right Rear Quarter Panel,Right Rear Bumper,,,N,,Backing Unsafely,Unspecified,STATEN ISLAND,10304.0,"    (40.625603, -74.075035)",0.0,0.0,0,0,0,0,0,0,Sedan,Sedan,0
19830919,4384532,01/17/2021,04:10,71fe681b-c80b-4dd2-bf1a-13d287c71f5f,Sedan,HOND -CAR/SUV,2017.0,1.0,M,Licensed,Making Left Turn,Center Front End,Left Front Bumper,Right Front Bumper,,,N,,Driver Inattention/Distraction,Unspecified,MANHATTAN,10033.0,"(40.848118, -73.93089)",0.0,0.0,0,0,0,0,0,0,Station Wagon/Sport Utility Vehicle,Sedan,0
19955338,4402833,03/28/2021,19:54,e7347c76-edb4-4b21-9884-9d7067024ed7,Station Wagon/Sport Utility Vehicle,TOYT -CAR/SUV,,0.0,,,Parked,Demolished,Right Front Quarter Panel,Demolished,Roof,,Unspecified,,Unspecified,Unspecified,BROOKLYN,11220.0,"(40.64185, -74.023186)",0.0,0.0,0,0,0,0,0,0,Station Wagon/Sport Utility Vehicle,Sedan,0
20008235,4429898,06/22/2021,19:49,7a31ffb6-0729-4db1-9fe6-75d34a18cbaf,Station Wagon/Sport Utility Vehicle,TOYT -CAR/SUV,2015.0,1.0,M,Licensed,Making Right Turn,Center Front End,No Damage,No Damage,,,N,,Driver Inattention/Distraction,Unspecified,BROOKLYN,11210.0,"    (40.63459, -73.93825)",1.0,0.0,1,0,0,0,0,0,Station Wagon/Sport Utility Vehicle,,1
19832189,4384711,01/17/2021,03:05,ee610e59-bf40-40ef-a04e-17558482034d,Sedan,CADI -CAR/SUV,2008.0,0.0,,,Parked,Left Rear Bumper,Left Rear Quarter Panel,Left Rear Bumper,Left Side Doors,,N,,Unspecified,Unspecified,,,"(40.67098, -73.884384)",0.0,0.0,0,0,0,0,0,0,Sedan,Sedan,0
20030010,4442454,07/29/2021,08:41,d836c30d-7383-43d2-982e-3b675048deed,Sedan,HOND -CAR/SUV,1998.0,1.0,M,Licensed,Parked,Center Front End,Center Front End,No Damage,No Damage,No Damage,N,,Brakes Defective,Unspecified,,,,0.0,0.0,0,0,0,0,0,0,Sedan,,0
20144414,4491366,12/26/2021,02:20,299d102d-9563-4c26-be3c-93dfa5eeebbf,Sedan,VOLK -CAR/SUV,2013.0,0.0,,,Parked,Center Front End,Center Front End,Left Front Bumper,Right Front Bumper,,N,,Unspecified,Unspecified,QUEENS,11419.0,"    (40.689186, -73.8207)",1.0,0.0,0,0,0,0,1,0,Sedan,Sedan,1
19959499,4401809,03/25/2021,16:30,3af3231e-b295-4ed8-9f3e-2cf681a2ca02,Sedan,BMW -CAR/SUV,2008.0,1.0,M,Licensed,Going Straight Ahead,Left Front Quarter Panel,Left Front Quarter Panel,,,,N,,Unspecified,Unspecified,QUEENS,11368.0,"(0.0, 0.0)",1.0,0.0,0,0,1,0,0,0,Sedan,Bike,1
19945813,4422626,06/01/2021,15:00,bdc6cc56-8ed7-406e-aa95-b95ee42a61f6,Sedan,HOND -CAR/SUV,2017.0,1.0,F,Licensed,Going Straight Ahead,Left Rear Bumper,Left Rear Bumper,,,,N,,Unspecified,Unspecified,,,"    (40.813374, -73.956276)",1.0,0.0,0,0,0,0,1,0,Sedan,Sedan,1
20033932,4444628,08/07/2021,21:29,9e76f049-c334-41cc-961e-ccb871ddbca1,Sedan,BMW -CAR/SUV,2022.0,2.0,M,,Going Straight Ahead,Right Front Bumper,Right Front Bumper,Right Front Quarter Panel,Center Front End,No Damage,N,,Unspecified,Unspecified,,,"    (40.69593, -73.96548)",1.0,0.0,0,0,0,0,1,0,Station Wagon/Sport Utility Vehicle,Sedan,1
20122180,4484245,12/05/2021,20:49,bbc47008-2d62-4ac6-bbe4-f9b8a2466417,Station Wagon/Sport Utility Vehicle,TOYT -CAR/SUV,2018.0,1.0,M,Licensed,Making Left Turn,Left Front Bumper,Left Front Bumper,,,,N,,Unspecified,Unspecified,BROOKLYN,11218.0,"    (40.636406, -73.9703)",1.0,0.0,1,0,0,0,0,0,Station Wagon/Sport Utility Vehicle,,1
20008277,4433805,07/01/2021,16:00,47233470-96c5-4dbe-8475-d1b88bc3ba2c,Station Wagon/Sport Utility Vehicle,ACUR -CAR/SUV,2014.0,1.0,F,Licensed,Parked,Left Side Doors,Left Side Doors,,,,N,,Unspecified,Unspecified,BRONX,10466.0,"    (40.889725, -73.85872)",0.0,0.0,0,0,0,0,0,0,Station Wagon/Sport Utility Vehicle,,0
19969091,4416958,05/14/2021,15:46,e23259d8-baee-448d-94a7-7240d776df65,Sedan,FORD -CAR/SUV,2002.0,2.0,M,Licensed,Making Left Turn,Center Front End,Center Front End,Left Front Bumper,Left Front Bumper,Left Front Bumper,N,,Failure to Yield Right-of-Way,Unspecified,STATEN ISLAND,10301.0,"    (40.61978, -74.10793)",1.0,0.0,0,0,1,0,0,0,Sedan,Bike,1