UNIQUE_ID,COLLISION_ID,CRASH_DATE,CRASH_TIME,VEHICLE_ID,VEHICLE_TYPE,VEHICLE_MAKE,VEHICLE_YEAR,VEHICLE_OCCUPANTS,DRIVER_SEX,DRIVER_LICENSE_STATUS,PRE_CRASH,POINT_OF_IMPACT,VEHICLE_DAMAGE,VEHICLE_DAMAGE_1,VEHICLE_DAMAGE_2,VEHICLE_DAMAGE_3,PUBLIC_PROPERTY_DAMAGE,PUBLIC_PROPERTY_DAMAGE_TYPE,CONTRIBUTING_FACTOR_1,CONTRIBUTING_FACTOR_2,BOROUGH,ZIP CODE,LOCATION,NUMBER OF PERSONS INJURED,NUMBER OF PERSONS KILLED,NUMBER OF PEDESTRIANS INJURED,NUMBER OF PEDESTRIANS KILLED,NUMBER OF CYCLIST INJURED,NUMBER OF CYCLIST KILLED,NUMBER OF MOTORIST INJURED,NUMBER OF MOTORIST KILLED,VEHICLE TYPE CODE 1,VEHICLE TYPE CODE 2,Severity
20124981,4485706,12/10/2021,01:10,75c7a2a6-9caf-4271-856e-182a65e91b6f,Station Wagon/Sport Utility Vehicle,INFI -CAR/SUV,2022.0,1.0,F,Licensed,Going Straight Ahead,Left Rear Quarter Panel,Left Rear Quarter Panel,Left Side Doors,,,N,,Unspecified,Unspecified,,,"    (40.662575, -73.93448)",0.0,0.0,0,0,0,0,0,0,Station Wagon/Sport Utility Vehicle,Sedan,0
19844055,4390453,02/08/2021,22:10,0295334a-2e6a-46c1-a26e-8bef6ad7ef7e,Box Truck,FORD-TRUCK/BUS,2015.0,0.0,M,Licensed,Going Straight Ahead,Right Rear Quarter Panel,No Damage,No Damage,No Damage,No Damage,N,,Passing Too Closely,Unspecified,BRONX,10458.0,"(40.870968, -73.88087)",0.0,0.0,0,0,0,0,0,0,Box Truck,Sedan,0
19928206,4426150,06/11/2021,15:10,d704a6e6-5379-4a82-8914-a146a9eb32fc,Sedan,TOYT -CAR/SUV,2010.0,1.0,M,,Backing,Right Rear Bumper,Right Rear Bumper,Right Rear Quarter Panel,,,N,,Brakes Defective,Unspecified,QUEENS,11412.0,"    (40.690918, -73.7623)",0.0,0.0,0,0,0,0,0,0,Sedan,,0
20103520,4469937,10/22/2021,22:20,d1fcf73a-9c67-4bf7-9d70-ca9681c90fac,Sedan,FORD -CAR/SUV,2017.0,2.0,M,Licensed,Backing,Center Back End,No Damage,,,,N,,Outside Car Distraction,Unspecified,,,,0.0,0.0,0,0,0,0,0,0,Sedan,Sedan,0
19864414,4399403,03/16/2021,10:34,8b4c161a-5a56-4b87-a366-631708506099,post offic,GRUMMAN LLV,,1.0,M,Licensed,Backing,No Damage,No Damage,No Damage,No Damage,No Damage,N,,Backing Unsafely,Backing Unsafely,MANHATTAN,10075.0,"(40.77328, -73.958984)",0.0,0.0,0,0,0,0,0,0,post offic,Motorcycle,0
20092386,4470875,10/22/2021,17:30,69d04489-57a3-4010-9ca7-eb881ef9af8f,Station Wagon/Sport Utility Vehicle,LEXS -CAR/SUV,2011.0,1.0,M,Licensed,Going Straight Ahead,Left Front Bumper,No Damage,No Damage,No Damage,No Damage,N,,Unspecified,Unspecified,BROOKLYN,11226.0,"    (40.6548824, -73.9618804)",0.0,0.0,0,0,0,0,0,0,Station Wagon/Sport Utility Vehicle,Station Wagon/Sport Utility Vehicle,0
19833209,4385425,01/18/2021,08:40,61a75a0e-a81c-4214-b854-bce648e1ee49,Sedan,HYUN -CAR/SUV,2009.0,1.0,F,Licensed,Going Straight Ahead,Center Front End,Center Front End,Right Front Bumper,No Damage,No Damage,N,,Unspecified,Unspecified,BRONX,10462.0,"(40.832752, -73.844925)",2.0,0.0,0,0,0,0,2,0,Sedan,Station Wagon/Sport Utility Vehicle,1
19832807,4385262,01/04/2021,16:42,96ff4d2d-51ca-45ce-a40c-66ce3a36d212,Sedan,VOLV -CAR/SUV,2016.0,1.0,F,Licensed,Going Straight Ahead,No Damage,No Damage,No Damage,No Damage,No Damage,N,,Reaction to Uninvolved Vehicle,Unspecified,,,"(40.877068, -73.906105)",1.0,0.0,0,0,0,0,1,0,Sedan,Sedan,1
20002935,4428176,06/11/2021,01:05,42736389-e571-41a6-a7d2-df54af4efe64,Station Wagon/Sport Utility Vehicle,HOND -CAR/SUV,,1.0,,,Making Right Turn,Right Front Bumper,Right Front Bumper,Right Front Quarter Panel,Center Front End,,Unspecified,,Passing or Lane Usage Improper,Turning Improperly,QUEENS,11385.0,"    (40.694107, -73.89737)",0.0,0.0,0,0,0,0,0,0,Taxi,Station Wagon/Sport Utility Vehicle,0
20126132,4486286,12/13/2021,10:00,ab48a105-4d34-4a88-b996-93bea8b73a1b,Sedan,LEXS -CAR/SUV,2018.0,1.0,M,Licensed,Stopped in Traffic,Center Back End,Center Back End,Left Rear Bumper,Right Rear Bumper,,N,,Unspecified,Unspecified,BROOKLYN,11233.0,"    (40.677673, -73.91359)",2.0,0.0,0,0,0,0,2,0,Sedan,Pick-up Truck,1
20042127,4448304,08/08/2021,08:00,c9d7a4d2-e398-4a7f-ae6c-34b11ef13015,Sedan,JEEP -CAR/SUV,2012.0,0.0,,,Parked,Left Side Doors,Left Side Doors,,,,Unspecified,,Unspecified,Unspecified,BRONX,10460.0,"    (40.842377, -73.871635)",0.0,0.0,0,0,0,0,0,0,Sedan,Sedan,0
20068101,4459729,09/21/2021,12:32,d47db8a3-7b51-4930-a502-d34691bb611d,Sedan,HOND -CAR/SUV,2013.0,1.0,M,Licensed,Going Straight Ahead,Center Front End,Center Front End,Left Front Bumper,Right Front Bumper,,N,,Following Too Closely,Unspecified,MANHATTAN,10032.0,"    (40.83155, -73.94115)",1.0,0.0,0,0,0,0,1,0,Station Wagon/Sport Utility Vehicle,Sedan,1
20057157,4454967,09/01/2021,18:10,8e4af018-72a3-4003-991e-b97507431f14,Sedan,HOND -CAR/SUV,2016.0,0.0,,,Parked,Left Front Quarter Panel,Left Front Quarter Panel,No Damage,No Damage,No Damage,N,,Unspecified,Unspecified,BRONX,10467.0,"    (40.88131, -73.88141)",0.0,0.0,0,0,0,0,0,0,Sedan,Sedan,0
19985701,4423616,05/15/2021,11:00,bf1334db-8f30-4300-ad5f-fcde37f3921f,Bus,ORION,2006.0,3.0,M,Licensed,Going Straight Ahead,Center Back End,Left Front Bumper,Center Back End,,,N,,Other Vehicular,Unspecified,QUEENS,11372.0,"    (40.749744, -73.884315)",1.0,0.0,0,0,0,0,1,0,Bus,,1
19851630,4393679,02/21/2021,18:10,a0a778b8-e5cd-493b-8ce5-84152bb6236c,Station Wagon/Sport Utility Vehicle,NISS -CAR/SUV,2020.0,1.0,,,Going Straight Ahead,Right Front Quarter Panel,Left Front Quarter Panel,Left Side Doors,Right Front Bumper,Left Rear Quarter Panel,N,,Unspecified,Unspecified,BRONX,10453.0,"(40.855137, -73.90836)",1.0,0.0,0,0,0,0,1,0,Sedan,Sedan,1
19833089,4385265,01/13/2021,21:39,c1d5729d-3b5d-42a7-bcad-bd8ba245c140,Sedan,CHEV -CAR/SUV,2021.0,2.0,M,Licensed,Going Straight Ahead,Center Front End,Center Front End,Left Front Bumper,Right Front Bumper,,N,,Driver Inattention/Distraction,Unspecified,BRONX,10469.0,"(40.881634, -73.854126)",0.0,0.0,0,0,0,0,0,0,Sedan,,0
20008748,4431496,06/27/2021,03:20,45e46ee4-1c66-47ac-b1e5-7863e0de6076,Station Wagon/Sport Utility Vehicle,BMW -CAR/SUV,2009.0,0.0,,,Parked,Left Rear Bumper,Left Rear Bumper,Center Back End,Left Rear Quarter Panel,Right Rear Bumper,N,,Unspecified,Unspecified,BROOKLYN,11236.0,"    (40.650116, -73.91539)",0.0,0.0,0,0,0,0,0,0,Sedan,Station Wagon/Sport Utility Vehicle,0
20004067,4425623,06/07/2021,19:00,d502a9e0-de28-47b0-8687-0a2e80cdd001,Sedan,CHEV -CAR/SUV,2021.0,1.0,M,Licensed,Going Straight Ahead,Left Rear Quarter Panel,Left Rear Quarter Panel,Left Rear Bumper,No Damage,No Damage,N,,Unspecified,Unspecified,BRONX,10473.0,"    (40.819016, -73.84804)",0.0,0.0,0,0,0,0,0,0,Sedan,Sedan,0
20130844,4488354,12/06/2021,07:00,999dc103-78ba-4b14-9c98-03b535018673,Sedan,JEEP -CAR/SUV,2002.0,3.0,F,Unlicensed,Going Straight Ahead,Right Front Bumper,Right Front Bumper,Right Front Quarter Panel,,,N,,Unspecified,Unspecified,,,"    (40.58833, -73.80431)",1.0,0.0,0,0,0,0,1,0,Sedan,Sedan,1
19947290,4401979,03/26/2021,15:20,436cb233-4df6-46a6-a70c-7b56e4d9a9b0,Sedan,NISS -CAR/SUV,2012.0,1.0,F,Licensed,Going Straight Ahead,Left Rear Bumper,Left Rear Bumper,,,,Unspecified,,Unspecified,Unspecified,QUEENS,11375.0,"(40.72145, -73.84399)",0.0,0.0,0,0,0,0,0,0,Sedan,Sedan,0
19997610,4434041,07/04/2021,05:25,b5478547-ccbd-4f85-8ae6-41302bf9f29a,Sedan,ACUR -CAR/SUV,2016.0,2.0,M,Permit,Making Right Turn,Left Front Bumper,Center Front End,Left Front Bumper,Right Front Bumper,Right Front Quarter Panel,N,,Unspecified,Unspecified,BRONX,10453.0,"    (40.85592, -73.9172)",2.0,0.0,0,0,0,0,2,0,Sedan,Sedan,1
19861706,4398285,03/01/2021,00:45,524d459b-812b-4245-b85c-3835c61feb6d,Sedan,LEXS -CAR/SUV,2017.0,0.0,,,Parked,Left Front Quarter Panel,Left Front Quarter Panel,Left Side Doors,,,N,,Unspecified,Unspecified,STATEN ISLAND,10307.0,"(40.50307, -74.250336)",0.0,0.0,0,0,0,0,0,0,Sedan,Sedan,0
20000084,4402650,03/17/2021,11:15,600e1f7c-3968-4c02-8a92-3321d79d3a03,Sedan,SUBA -CAR/SUV,2010.0,1.0,M,Licensed,Other*,Left Rear Quarter Panel,Left Rear Quarter Panel,Left Side Doors,Left Front Quarter Panel,Left Front Quarter Panel,N,,Unspecified,Unspecified,BROOKLYN,11208.0,"(0.0, 0.0)",0.0,0.0,0,0,0,0,0,0,Sedan,Tractor Truck Diesel,0
20015932,4436325,07/12/2021,15:45,5c9bf871-dd38-4700-9e52-d7db2941a551,Station Wagon/Sport Utility Vehicle,DODG -CAR/SUV,2018.0,2.0,,,Parked,Center Back End,Center Back End,Left Rear Bumper,Right Rear Bumper,,N,,Unspecified,Unspecified,QUEENS,11377.0,"    (40.73965, -73.89258)",1.0,0.0,0,0,1,0,0,0,Bike,Station Wagon/Sport Utility Vehicle,1
19993497,4431634,06/25/2021,22:32,fd392dea-ea42-46ec-8531-f14969212eee,Sedan,HYUN -CAR/SUV,2015.0,1.0,F,Licensed,Going Straight Ahead,Center Front End,Center Back End,,,,N,,Following Too Closely,Unspecified,BRONX,10458.0,"    (40.861107, -73.89028)",1.0,0.0,0,0,0,0,1,0,Van,Sedan,1
20118307,4482736,12/02/2021,01:20,4d675f81-5554-4d55-b5c3-f1277ffd850e,Sedan,HOND -CAR/SUV,2018.0,0.0,,,Parked,Center Back End,Center Back End,Right Side Doors,Right Side Doors,No Damage,N,,Unspecified,Unspecified,BROOKLYN,11209.0,"    (40.6338, -74.028206)",0.0,0.0,0,0,0,0,0,0,Station Wagon/Sport Utility Vehicle,Sedan,0
20039506,4447085,08/13/2021,16:15,261e08a5-abb7-4a10-b6cb-5c291c713fe2,Sedan,TOYT -CAR/SUV,2017.0,1.0,M,Licensed,Changing Lanes,Left Front Bumper,Left Front Bumper,Center Front End,Right Front Bumper,,N,,Unspecified,Unspecified,,,"    (40.614597, -74.102104)",0.0,0.0,0,0,0,0,0,0,Sedan,Station Wagon/Sport Utility Vehicle,0
20049757,4451909,08/28/2021,09:34,863cb370-ea64-4744-b70b-7ff3af1443db,Station Wagon/Sport Utility Vehicle,NISS -CAR/SUV,2019.0,0.0,,,Parked,Left Rear Bumper,Left Rear Bumper,Left Rear Quarter Panel,Center Front End,Center Back End,N,,Unspecified,Unspecified,BRONX,10465.0,"    (40.83094, -73.82879)",0.0,0.0,0,0,0,0,0,0,Station Wagon/Sport Utility Vehicle,Station Wagon/Sport Utility Vehicle,0
20100277,4474343,11/03/2021,16:12,69fcad6b-ecf7-4473-9efb-b887885ac3a8,Sedan,HOND -CAR/SUV,2018.0,1.0,F,Licensed,Going Straight Ahead,Left Front Quarter Panel,Left Side Doors,,,,N,,Other Vehicular,Other Vehicular,QUEENS,11412.0,"    (40.702053, -73.75261)",1.0,0.0,0,0,0,0,1,0,Sedan,Station Wagon/Sport Utility Vehicle,1
20096955,4473091,10/31/2021,18:40,aa36b14a-797e-44bf-aa36-47d044a89056,Sedan,HYUN -CAR/SUV,2018.0,,,,Making Left Turn,Right Front Quarter Panel,,,,,N,,Passing or Lane Usage Improper,Unspecified,MANHATTAN,10018.0,"    (40.759525, -73.99925)",0.0,0.0,0,0,0,0,0,0,Sedan,Sedan,0
20109602,4478609,11/08/2021,10:09,f595c790-24ac-4ead-8923-f858827e4864,Station Wagon/Sport Utility Vehicle,NISS -CAR/SUV,2010.0,1.0,,,Parked,Left Front Bumper,Left Front Bumper,Left Front Quarter Panel,,,N,,Unspecified,Unspecified,BROOKLYN,11212.0,"    (40.6592, -73.91645)",0.0,0.0,0,0,0,0,0,0,Station Wagon/Sport Utility Vehicle,Station Wagon/Sport Utility Vehicle,0
19986245,4427540,06/15/2021,19:30,502af09d-19dd-42a2-bf5a-2f549cb8b147,Sedan,HOND -CAR/SUV,2010.0,2.0,M,Licensed,Starting in Traffic,Center Back End,Center Back End,Right Rear Bumper,Left Rear Bumper,No Damage,N,,Unspecified,Unspecified,,,"    (40.628567, -73.888794)",1.0,0.0,0,0,0,0,1,0,Sedan,Station Wagon/Sport Utility Vehicle,1
19964382,4425907,06/11/2021,06:00,af8cd479-c905-4d5f-a955-ab8f69e63388,Sedan,HOND -CAR/SUV,2019.0,1.0,M,Licensed,Going Straight Ahead,Center Front End,Center Front End,Left Front Bumper,Right Front Bumper,Right Front Quarter Panel,Y,,Unspecified,Unspecified,BROOKLYN,11238.0,"    (40.6808, -73.96289)",0.0,0.0,0,0,0,0,0,0,Sedan,,0
20114048,4480852,11/25/2021,06:15,0760ae08-403b-4d0f-bc8d-4b3ae2e7e137,Station Wagon/Sport Utility Vehicle,ACUR -CAR/SUV,2018.0,1.0,M,Permit,Going Straight Ahead,Center Front End,Right Front Bumper,Right Front Quarter Panel,,,N,,Driver Inexperience,Following Too Closely,,,"    (40.792435, -73.934265)",0.0,0.0,0,0,0,0,0,0,Station Wagon/Sport Utility Vehicle,Sedan,0
20105830,4476832,11/13/2021,11:10,35d87d51-1ca5-473c-89a7-a7d791ad8d1a,Station Wagon/Sport Utility Vehicle,JEEP -CAR/SUV,2006.0,1.0,F,Licensed,Going Straight Ahead,Left Front Bumper,Center Front End,Center Front End,Right Front Bumper,,N,,Failure to Yield Right-of-Way,Unspecified,QUEENS,11428.0,"    (40.719097, -73.73997)",1.0,0.0,0,0,0,0,1,0,Sedan,Station Wagon/Sport Utility Vehicle,1
20033485,4444303,08/05/2021,19:30,6ec1cf65-87bd-4fab-b0b6-f07b35b39bdc,Sedan,TOYT -CAR/SUV,2016.0,1.0,M,Licensed,Slowing or Stopping,Left Front Quarter Panel,Left Front Quarter Panel,,,,N,,Unspecified,Unspecified,,,"    (40.72831, -73.959015)",0.0,0.0,0,0,0,0,0,0,Sedan,Sedan,0
19947885,4406727,04/12/2021,15:11,000e72e5-4137-4cfd-92fe-2ef91f27de7c,Sedan,KIA -CAR/SUV,2019.0,1.0,M,Licensed,Changing Lanes,Left Side Doors,Left Side Doors,Left Front Bumper,Left Front Quarter Panel,,N,,Unsafe Lane Changing,Unsafe Lane Changing,,,"(40.681126, -73.96446)",0.0,0.0,0,0,0,0,0,0,Station Wagon/Sport Utility Vehicle,Sedan,0
19854780,4395298,02/28/2021,15:15,5064c705-022b-41b1-aa91-ee8585db187d,Sedan,HOND -CAR/SUV,2012.0,2.0,M,Licensed,Going Straight Ahead,Right Front Quarter Panel,Right Front Quarter Panel,Right Side Doors,,,N,,Unspecified,Unspecified,BRONX,10465.0,"(40.829685, -73.81989)",0.0,0.0,0,0,0,0,0,0,Sedan,Sedan,0
20073088,4461956,09/27/2021,12:31,ccbe133b-8515-4cf0-b177-3a3adc93d159,Sedan,HOND -CAR/SUV,2018.0,0.0,,,Parked,Left Side Doors,Left Side Doors,,,,N,,Unspecified,Unspecified,QUEENS,11385.0,"    (40.710987, -73.86457)",0.0,0.0,0,0,0,0,0,0,Sedan,Flat Bed,0
20079023,4464649,09/25/2021,16:40,1abdcff3-411f-4b69-a43b-149527c4b6af,Sedan,NISS -CAR/SUV,2014.0,1.0,M,Licensed,Making U Turn,Left Front Bumper,Left Front Bumper,,,,N,,Turning Improperly,Unspecified,BRONX,10468.0,"    (40.867313, -73.90752)",0.0,0.0,0,0,0,0,0,0,Sedan,Taxi,0
20012109,4434717,07/06/2021,16:30,2c73667d-3e99-44d8-8f3c-28a975930085,Station Wagon/Sport Utility Vehicle,LNDR -CAR/SUV,2020.0,0.0,,,Parked,Left Rear Quarter Panel,Left Side Doors,Left Front Quarter Panel,,,N,,Unspecified,Unspecified,QUEENS,11040.0,"    (40.749317, -73.70764)",0.0,0.0,0,0,0,0,0,0,Station Wagon/Sport Utility Vehicle,,0
19951555,4424450,06/02/2021,15:15,27354e0d-8006-46cd-ae2b-d0ec666a658e,Pick-up Truck,DODG -CAR/SUV,2021.0,2.0,M,Licensed,Going Straight Ahead,Right Front Bumper,Right Front Bumper,No Damage,No Damage,No Damage,N,,Other Vehicular,Unspecified,,,"    (40.742863, -74.003975)",0.0,0.0,0,0,0,0,0,0,Sedan,Pick-up Truck,0
19998019,4430971,06/25/2021,21:35,a23ed232-fce4-4a18-8623-941ba0965609,Pick-up Truck,GMC -CAR/SUV,2020.0,1.0,M,Licensed,Going Straight Ahead,Center Back End,No Damage,,,,N,,Unspecified,Unspecified,,,"    (40.832767, -73.82932)",1.0,0.0,0,0,0,0,1,0,Sedan,Pick-up Truck,1
20129955,4487873,12/19/2021,18:50,23c10260-89e4-43fc-b0c6-63976c4c5fd7,Sedan,TOYT -CAR/SUV,2004.0,3.0,M,Licensed,Going Straight Ahead,Right Front Bumper,Right Front Bumper,Right Front Quarter Panel,,,N,,View Obstructed/Limited,Driver Inattention/Distraction,QUEENS,11101.0,"    (40.739674, -73.934586)",0.0,0.0,0,0,0,0,0,0,Sedan,Sedan,0
19847965,4392036,02/13/2021,19:00,96299495-489c-49e0-a189-d6e59980bad2,Station Wagon/Sport Utility Vehicle,SUBA -CAR/SUV,2013.0,1.0,,,Parked,Left Rear Bumper,Left Rear Bumper,Left Rear Quarter Panel,No Damage,No Damage,N,,Unspecified,Unspecified,,,"(40.620483, -74.00008)",0.0,0.0,0,0,0,0,0,0,Station Wagon/Sport Utility Vehicle,Station Wagon/Sport Utility Vehicle,0
19863798,4399109,03/15/2021,13:15,cc3b810a-98ab-4278-9493-df583fb36f0e,Lift Boom,DODG-TRUCK/BUS,2011.0,1.0,M,Licensed,Going Straight Ahead,Right Rear Bumper,No Damage,No Damage,No Damage,No Damage,N,,Unspecified,Unspecified,MANHATTAN,10065.0,"(40.76531, -73.96385)",0.0,0.0,0,0,0,0,0,0,Lift Boom,Station Wagon/Sport Utility Vehicle,0
19995268,4431763,06/26/2021,14:17,5fc52927-bc27-4050-8baf-e140e6569c43,Station Wagon/Sport Utility Vehicle,TOYT -CAR/SUV,2014.0,1.0,F,Licensed,Going Straight Ahead,Left Side Doors,Left Side Doors,,,,N,,Unspecified,Unspecified,BROOKLYN,11234.0,"    (40.621483, -73.9252)",2.0,0.0,0,0,0,0,2,0,Station Wagon/Sport Utility Vehicle,Sedan,1
20137408,4491203,12/30/2021,13:45,3f834cb8-e264-4e26-b16c-e5a68eb1941b,Station Wagon/Sport Utility Vehicle,MERZ -CAR/SUV,2013.0,1.0,F,Licensed,Changing Lanes,Right Side Doors,Center Front End,Center Front End,Right Side Doors,Right Front Bumper,N,,Unsafe Lane Changing,Unspecified,,,"    (40.725727, -73.90037)",1.0,0.0,0,0,0,0,1,0,Box Truck,Station Wagon/Sport Utility Vehicle,1
19902965,4416778,05/14/2021,23:29,21b6c6e5-a392-47da-a863-fa03956c130a,Motorcycle,SUZI -MCL,2002.0,1.0,M,Licensed,Passing,Center Front End,Right Side Doors,Right Rear Quarter Panel,Right Front Quarter Panel,No Damage,N,,Unsafe Lane Changing,Unsafe Speed,BRONX,10468.0,"    (40.86248, -73.90958)",1.0,0.0,0,0,0,0,1,0,Station Wagon/Sport Utility Vehicle,Motorcycle,1
20022236,4439268,07/21/2021,19:00,a9bb38b2-8057-4489-8734-763f2f6672a1,Station Wagon/Sport Utility Vehicle,VOLK -CAR/SUV,2019.0,0.0,,,Parked,Left Front Quarter Panel,Left Side Doors,Left Rear Quarter Panel,,,N,,Unspecified,Unspecified,BROOKLYN,11235.0,"    (40.58183, -73.95284)",0.0,0.0,0,0,0,0,0,0,Sedan,Station Wagon/Sport Utility Vehicle,0
19951740,4406008,04/09/2021,09:45,2e742d89-8a56-4118-b00f-386fa06919c3,Sedan,KIA -CAR/SUV,2017.0,1.0,F,Licensed,Going Straight Ahead,Right Front Bumper,Left Front Bumper,Left Front Quarter Panel,Center Front End,Right Front Quarter Panel,N,,Reaction to Uninvolved Vehicle,Unspecified,BROOKLYN,11226.0,"(40.655674, -73.95009)",3.0,0.0,1,0,0,0,2,0,Sedan,Sedan,1
19985974,4409453,04/21/2021,20:50,ab05ab9b-a867-42c4-8b15-3dc5a0b426d4,Sedan,TOYT -CAR/SUV,2016.0,1.0,M,Licensed,Going Straight Ahead,Left Front Bumper,Left Front Bumper,Undercarriage,,,N,,Driver Inattention/Distraction,Unspecified,BRONX,10451.0,"    (40.82416, -73.922775)",0.0,0.0,0,0,0,0,0,0,Sedan,,0
20118254,4482808,12/01/2021,19:20,67d17fab-4d6c-432e-aee4-760ce57b33b4,Station Wagon/Sport Utility Vehicle,ACUR -CAR/SUV,2018.0,1.0,M,Licensed,Going Straight Ahead,Right Front Quarter Panel,Right Front Quarter Panel,,,,N,,Other Vehicular,Unspecified,,,"    (40.69986, -73.98458)",0.0,0.0,0,0,0,0,0,0,Station Wagon/Sport Utility Vehicle,Sedan,0
20053273,4453301,09/02/2021,20:37,1386d179-4cf2-4bd2-9be8-b5271d189334,Sedan,NISS -CAR/SUV,2009.0,1.0,,,Going Straight Ahead,Left Front Bumper,Left Front Bumper,Center Front End,Right Front Bumper,,N,,Unsafe Speed,Unsafe Lane Changing,,,"    (40.683094, -73.80576)",0.0,0.0,0,0,0,0,0,0,Sedan,Sedan,0
20076222,4463876,10/01/2021,12:52,0a6bb27a-9543-42f5-b738-263d639a71bd,Box Truck,STERLING TRUCK,2005.0,1.0,M,Licensed,Merging,Right Rear Bumper,No Damage,,,,N,,View Obstructed/Limited,Oversized Vehicle,BROOKLYN,11222.0,"    (40.7226, -73.93711)",0.0,0.0,0,0,0,0,0,0,Box Truck,Sedan,0
20003035,4427760,06/15/2021,11:50,5a5df879-5263-48bf-afd2-5a8c45f7df1e,Station Wagon/Sport Utility Vehicle,TOYT -CAR/SUV,2014.0,4.0,M,Licensed,Going Straight Ahead,Center Front End,Right Front Bumper,Left Front Bumper,,,N,,Passing Too Closely,Unspecified,,,"    (40.668266, -73.84214)",0.0,0.0,0,0,0,0,0,0,Station Wagon/Sport Utility Vehicle,,0
20043667,4448994,08/15/2021,22:47,59a6fe85-7550-44e6-84a8-6e323b35cf36,,HYUN -CAR/SUV,2006.0,1.0,,,Going Straight Ahead,Center Front End,Center Front End,Center Front End,,,N,,Unspecified,Unspecified,QUEENS,11423.0,"    (40.71619, -73.77412)",0.0,0.0,0,0,0,0,0,0,Sedan,,0
19987070,4430561,06/24/2021,16:04,c1bad6f2-3341-431f-b944-6c105bd475c6,Sedan,KIA -CAR/SUV,2021.0,1.0,M,Licensed,Going Straight Ahead,Left Front Bumper,Left Front Bumper,Center Front End,Left Front Quarter Panel,,N,,Unspecified,Unspecified,QUEENS,11361.0,"    (40.75904, -73.77423)",0.0,0.0,0,0,0,0,0,0,Pick-up Truck,Sedan,0
19984008,4407345,04/14/2021,13:35,ed7bd9a5-5d13-49c7-b942-71e0ca3b00ee,Sedan,HOND -CAR/SUV,2017.0,1.0,M,Licensed,Stopped in Traffic,Center Back End,Center Back End,Center Front End,Center Front End,,N,,Unspecified,Unspecified,,,"    (40.666306, -73.79171)",1.0,0.0,0,0,0,0,1,0,Station Wagon/Sport Utility Vehicle,Sedan,1
20066373,4458738,09/15/2021,20:48,291441f5-73cb-43b4-9d73-4f149bf188cb,Sedan,HOND -CAR/SUV,2017.0,4.0,M,Licensed,Going Straight Ahead,Left Side Doors,Left Side Doors,Left Rear Quarter Panel,,,N,,Unspecified,Unspecified,BROOKLYN,11226.0,"    (40.64253, -73.95159)",3.0,0.0,0,0,0,0,3,0,Sedan,Sedan,1
19972461,4418204,05/18/2021,19:54,c1e87a9b-8b03-4c1d-935c-315123c84aa1,Station Wagon/Sport Utility Vehicle,TOYT -CAR/SUV,2018.0,1.0,,,Parked,Center Front End,Center Front End,,,,N,,Unspecified,Unspecified,QUEENS,11364.0,"    (0.0, 0.0)",0.0,0.0,0,0,0,0,0,0,Sedan,Station Wagon/Sport Utility Vehicle,0
19991232,4431047,06/26/2021,08:20,31ebf339-a3b0-498f-a073-da3518921065,Station Wagon/Sport Utility Vehicle,HYUN -CAR/SUV,2017.0,0.0,,,Parked,Left Rear Bumper,Left Rear Bumper,No Damage,No Damage,No Damage,Unspecified,,Unspecified,Unspecified,BROOKLYN,11228.0,"    (40.616047, -74.025734)",0.0,0.0,0,0,0,0,0,0,Station Wagon/Sport Utility Vehicle,Station Wagon/Sport Utility Vehicle,0
20004778,4430288,06/23/2021,22:30,e185f09b-ae28-4460-ba3b-b32118377032,Van,RAM,2018.0,1.0,M,Licensed,Going Straight Ahead,Center Front End,Center Front End,Left Front Bumper,Right Front Bumper,Right Front Quarter Panel,N,,Driver Inattention/Distraction,Unsafe Speed,QUEENS,11378.0,"    (40.729584, -73.92257)",2.0,0.0,0,0,0,0,2,0,Tractor Truck Diesel,Van,1
20071851,4461375,09/26/2021,11:00,a23a3daf-4be4-4ee0-affd-955ded9fccd6,Station Wagon/Sport Utility Vehicle,HOND -CAR/SUV,2019.0,2.0,F,Licensed,Going Straight Ahead,Center Back End,Center Back End,,,,N,,Unspecified,Unspecified,QUEENS,11428.0,"    (40.720303, -73.732346)",2.0,0.0,0,0,0,0,2,0,Sedan,Station Wagon/Sport Utility Vehicle,1
20067398,4459522,09/14/2021,10:15,ac48c83a-46ba-46d9-b915-a64bb08b3986,Sedan,TOYT -CAR/SUV,2021.0,2.0,F,Licensed,Making Right Turn,Right Side Doors,Right Side Doors,Right Front Quarter Panel,,,N,,Unspecified,Unspecified,BROOKLYN,11201.0,"    (40.70066, -73.98775)",0.0,0.0,0,0,0,0,0,0,Sedan,,0
20056450,4454801,09/07/2021,20:19,7996e17b-044a-491a-b00f-3c4a5a57e195,Sedan,CHRY -CAR/SUV,2007.0,0.0,M,Licensed,Parked,Right Side Doors,Right Side Doors,Right Front Quarter Panel,Right Rear Quarter Panel,,N,,Unspecified,Unspecified,BROOKLYN,11249.0,"    (40.710934, -73.96514)",0.0,0.0,0,0,0,0,0,0,Sedan,,0
20111379,4479211,11/20/2021,06:25,1f8fad62-80e9-437e-9eaf-e9f1ebfd48fa,Station Wagon/Sport Utility Vehicle,GMC -CAR/SUV,2008.0,1.0,M,Licensed,Going Straight Ahead,Center Front End,Center Front End,Left Front Bumper,Right Front Bumper,,N,,Following Too Closely,Unsafe Speed,,,,0.0,0.0,0,0,0,0,0,0,Sedan,Sedan,0