UNIQUE_ID,COLLISION_ID,CRASH_DATE,CRASH_TIME,VEHICLE_ID,VEHICLE_TYPE,VEHICLE_MAKE,VEHICLE_YEAR,VEHICLE_OCCUPANTS,DRIVER_SEX,DRIVER_LICENSE_STATUS,PRE_CRASH,POINT_OF_IMPACT,VEHICLE_DAMAGE,VEHICLE_DAMAGE_1,VEHICLE_DAMAGE_2,VEHICLE_DAMAGE_3,PUBLIC_PROPERTY_DAMAGE,PUBLIC_PROPERTY_DAMAGE_TYPE,CONTRIBUTING_FACTOR_1,CONTRIBUTING_FACTOR_2,BOROUGH,ZIP CODE,LOCATION,NUMBER OF PERSONS INJURED,NUMBER OF PERSONS KILLED,NUMBER OF PEDESTRIANS INJURED,NUMBER OF PEDESTRIANS KILLED,NUMBER OF CYCLIST INJURED,NUMBER OF CYCLIST KILLED,NUMBER OF MOTORIST INJURED,NUMBER OF MOTORIST KILLED,VEHICLE TYPE CODE 1,VEHICLE TYPE CODE 2,Severity
20052502,4452747,08/31/2021,14:30,b6f1df76-db5d-4ec6-a3c5-5bbb8bd29196,Station Wagon/Sport Utility Vehicle,DODG -CAR/SUV,2019.0,1.0,M,Licensed,Going Straight Ahead,Left Side Doors,Left Side Doors,Left Front Quarter Panel,Left Rear Quarter Panel,,N,,Failure to Yield Right-of-Way,Unspecified,QUEENS,11356.0,"    (40.78485, -73.846794)",0.0,0.0,0,0,0,0,0,0,Station Wagon/Sport Utility Vehicle,Station Wagon/Sport Utility Vehicle,0
20124644,4485360,12/03/2021,01:29,48f61bf7-0f51-47ee-b90f-bc2cb7a7c9d1,Sedan,TOYT -CAR/SUV,2007.0,0.0,,,Parked,Center Front End,Center Front End,Center Back End,,,Unspecified,,Unspecified,Unspecified,QUEENS,11106.0,"    (40.75967, -73.92725)",2.0,0.0,0,0,0,0,2,0,Sedan,Sedan,1
20011186,4422240,05/28/2021,21:21,88cae3c3-bac3-4286-9e2e-b54ce1857c26,Sedan,DODG -CAR/SUV,2018.0,1.0,F,Licensed,Making Left Turn,Center Front End,No Damage,No Damage,No Damage,No Damage,N,,Pavement Slippery,Pedestrian/Bicyclist/Other Pedestrian Error/Confusion,BROOKLYN,11239.0,"    (40.655075, -73.86772)",1.0,0.0,1,0,0,0,0,0,Sedan,,1
19833674,4385758,01/21/2021,20:30,e9cf27e7-7a64-4359-9286-d8e13e81de47,Station Wagon/Sport Utility Vehicle,SUBA -CAR/SUV,2017.0,4.0,M,Licensed,Going Straight Ahead,Center Front End,Right Front Bumper,Left Front Bumper,Center Front End,Center Front End,N,,Unspecified,Unspecified,,,"(40.608852, -74.15334)",0.0,0.0,0,0,0,0,0,0,Station Wagon/Sport Utility Vehicle,Station Wagon/Sport Utility Vehicle,0
19985556,4421199,05/27/2021,18:13,b49f87cb-78ad-4362-8735-916b535f9b95,Station Wagon/Sport Utility Vehicle,ACUR -CAR/SUV,2017.0,1.0,M,Licensed,Slowing or Stopping,Center Back End,Center Back End,,,,N,,Unspecified,Unspecified,BRONX,10453.0,"    (40.84768, -73.91237)",0.0,0.0,0,0,0,0,0,0,Station Wagon/Sport Utility Vehicle,Station Wagon/Sport Utility Vehicle,0
19951675,4411564,04/28/2021,22:15,1301e5dd-ab9c-4861-8a4d-2b84a1fd3914,Taxi,TOYT -CAR/SUV,2015.0,2.0,M,Licensed,Going Straight Ahead,Right Front Quarter Panel,Right Front Quarter Panel,Right Side Doors,Right Rear Quarter Panel,No Damage,N,,Passing or Lane Usage Improper,Passing or Lane Usage Improper,,,,2.0,0.0,0,0,0,0,2,0,Taxi,Taxi,1
20077094,4463792,10/03/2021,04:17,bc9973ec-32a8-4174-85d2-0a43136b6ec3,Sedan,MERZ -CAR/SUV,2011.0,1.0,M,Licensed,Stopped in Traffic,Left Rear Bumper,Left Rear Quarter Panel,Center Back End,Left Rear Bumper,,N,,Other Vehicular,Other Vehicular,,,"    (40.67636, -73.86643)",1.0,0.0,0,0,0,0,1,0,Sedan,Sedan,1
19965871,4408575,04/19/2021,10:00,9c1239a7-cdce-4ab4-9a52-3298dd5bcb80,Carry All,FRHT-TRUCK/BUS,2009.0,1.0,M,Licensed,Parked,Right Front Bumper,Right Front Quarter Panel,,,,N,,Unspecified,Unspecified,BROOKLYN,11218.0,"    (40.638733, -73.98468)",0.0,0.0,0,0,0,0,0,0,Sedan,Carry All,0
19853902,4394792,02/26/2021,17:20,a7d12370-77f4-49d7-bf0d-b23e6e0612fc,Station Wagon/Sport Utility Vehicle,MERZ -CAR/SUV,2021.0,1.0,M,Licensed,Stopped in Traffic,Right Rear Bumper,Right Rear Bumper,Center Back End,No Damage,No Damage,N,,Unspecified,Unspecified,BROOKLYN,11207.0,"(40.650024, -73.89126)",0.0,0.0,0,0,0,0,0,0,Station Wagon/Sport Utility Vehicle,Sedan,0
20126084,4486074,12/08/2021,16:40,51e30985-7677-4386-b78f-09e1fec6bacf,Sedan,TOYT -CAR/SUV,2010.0,1.0,M,Licensed,Going Straight Ahead,Right Front Quarter Panel,Right Front Quarter Panel,Right Side Doors,,,N,,Unspecified,Unspecified,,,"    (40.83863, -73.84938)",0.0,0.0,0,0,0,0,0,0,Sedan,,0
19832950,4385383,01/20/2021,10:06,7ae669b5-be3d-4dfa-a8b8-066fafd91b59,Station Wagon/Sport Utility Vehicle,TOYT -CAR/SUV,2006.0,1.0,M,Licensed,Going Straight Ahead,Center Front End,Center Front End,Right Front Quarter Panel,Right Rear Quarter Panel,,N,,Passing or Lane Usage Improper,Unsafe Lane Changing,,,"(40.730934, -73.873825)",0.0,0.0,0,0,0,0,0,0,Station Wagon/Sport Utility Vehicle,Bus,0
19849712,4392681,02/16/2021,13:30,73a46dd6-c50a-4bce-86f6-ff9edb6e9bc2,Sedan,HOND -CAR/SUV,2020.0,1.0,M,Licensed,Going Straight Ahead,Left Rear Quarter Panel,Left Rear Quarter Panel,Left Side Doors,,,N,,Unspecified,Unspecified,BROOKLYN,11211.0,,0.0,0.0,0,0,0,0,0,0,Sedan,Box Truck,0
19833117,4385392,01/20/2021,09:36,ec1039b7-fcf0-4adc-8494-4878e1402233,Box Truck,ISU-TRUCK/BUS,2021.0,1.0,M,Licensed,Going Straight Ahead,Center Front End,Center Front End,,,,N,,Driver Inattention/Distraction,Unspecified,BROOKLYN,11223.0,"(40.59931, -73.985756)",0.0,0.0,0,0,0,0,0,0,Station Wagon/Sport Utility Vehicle,Box Truck,0
20009755,4413460,05/03/2021,18:30,f8cca76f-c9ac-4bed-bca4-c50b9ff38a31,Taxi,TOYT -CAR/SUV,2017.0,4.0,M,,Going Straight Ahead,Center Front End,Center Front End,Right Front Bumper,Right Front Quarter Panel,Left Front Bumper,N,,Driver Inattention/Distraction,Failure to Yield Right-of-Way,BROOKLYN,11207.0,"    (40.679478, -73.893936)",3.0,0.0,0,0,0,0,3,0,Taxi,Sedan,1
19958817,4403305,03/30/2021,18:35,8c8ebae2-a33e-4ef5-9706-58e0d67c6a6a,Sedan,MITS -CAR/SUV,2009.0,0.0,,,Parked,Center Back End,Center Back End,Right Rear Bumper,Left Rear Bumper,Center Front End,N,,Unspecified,Unspecified,BROOKLYN,11234.0,"(40.62595, -73.925674)",1.0,0.0,0,0,0,0,1,0,Station Wagon/Sport Utility Vehicle,Station Wagon/Sport Utility Vehicle,1
19964369,4424854,06/08/2021,10:41,35582659-afc7-4402-8cb9-929f3e98ad44,Tractor Truck Diesel,FRHT-TRUCK/BUS,2019.0,1.0,M,Licensed,Going Straight Ahead,Center Front End,Center Front End,,,,N,,Following Too Closely,Following Too Closely,BROOKLYN,11217.0,"    (40.68156, -73.975655)",0.0,0.0,0,0,0,0,0,0,Tractor Truck Diesel,Sedan,0
20122556,4484412,12/06/2021,17:10,77290c6b-275b-468f-8e78-e2a570211a3d,Sedan,TOYT -CAR/SUV,2010.0,0.0,,,Parked,Right Front Quarter Panel,Right Front Quarter Panel,,,,N,,Unspecified,Unspecified,BROOKLYN,11208.0,"    (40.68414, -73.88186)",1.0,0.0,0,0,0,0,1,0,Sedan,Station Wagon/Sport Utility Vehicle,1
20031436,4443581,08/03/2021,23:40,13233512-ccaf-4d45-8176-048840b72bb7,Tractor Truck Diesel,FRHT-TRUCK/BUS,2021.0,1.0,M,Licensed,Going Straight Ahead,Right Front Quarter Panel,Right Front Quarter Panel,,,,N,,Unspecified,Unspecified,,,,0.0,0.0,0,0,0,0,0,0,Tractor Truck Diesel,Sedan,0
20127612,4486870,12/14/2021,07:30,92fd112c-3f9b-4089-9311-d2a6eceef637,Sedan,MERZ -CAR/SUV,2009.0,4.0,,,Going Straight Ahead,Center Front End,Center Front End,Right Front Bumper,Left Front Bumper,,N,,Unspecified,Unspecified,BRONX,10454.0,"    (40.802364, -73.91899)",0.0,0.0,0,0,0,0,0,0,Flat Bed,Sedan,0
19984128,4420386,05/25/2021,16:40,c3841148-9c6c-4fc0-9fc2-39111e8197c6,Station Wagon/Sport Utility Vehicle,GMC -CAR/SUV,2007.0,0.0,M,,Parked,Left Side Doors,Left Side Doors,,,,N,,Unspecified,Unspecified,BROOKLYN,11223.0,"    (40.598907, -73.98567)",1.0,0.0,0,0,1,0,0,0,Station Wagon/Sport Utility Vehicle,Bike,1
19981398,4419882,05/18/2021,16:14,dcb31085-e533-474f-a4ee-cd40ec1cdb5b,Sedan,NISS -CAR/SUV,2018.0,3.0,F,Licensed,Going Straight Ahead,Left Side Doors,Left Side Doors,Left Rear Quarter Panel,No Damage,No Damage,N,,Unspecified,Unspecified,,,,1.0,0.0,0,0,0,0,1,0,Sedan,Sedan,1
19993741,4414784,05/06/2021,15:25,a8a418af-249d-4f40-a208-35b4b8884ed4,Bus,IC,2015.0,6.0,M,Licensed,Passing,Right Front Bumper,No Damage,,,,N,,Passing or Lane Usage Improper,Unspecified,,,"    (40.83772, -73.92763)",0.0,0.0,0,0,0,0,0,0,Sedan,Bus,0
20133390,4474097,11/03/2021,13:20,c2016c97-64fa-499d-b263-6f084eef4acf,Sedan,LEXS -CAR/SUV,2017.0,1.0,F,Licensed,Making Left Turn,Right Front Bumper,Right Front Bumper,Center Front End,,,N,,Unspecified,Unspecified,BROOKLYN,11223.0,"    (40.609985, -73.96239)",0.0,0.0,0,0,0,0,0,0,Van,Sedan,0
20040868,4447565,08/14/2021,18:30,9084492f-7bbe-43e8-8b20-66b40b2729bc,Station Wagon/Sport Utility Vehicle,HYUN -CAR/SUV,2008.0,0.0,F,Licensed,Going Straight Ahead,Center Front End,Center Front End,No Damage,No Damage,No Damage,N,,Unspecified,Unspecified,,,"    (40.844578, -73.902695)",1.0,0.0,0,0,0,0,1,0,Station Wagon/Sport Utility Vehicle,Station Wagon/Sport Utility Vehicle,1
19946717,4400326,03/19/2021,13:30,46544bb3-866a-470e-9291-283b4c962a03,Station Wagon/Sport Utility Vehicle,NISS -CAR/SUV,2014.0,1.0,F,Licensed,Going Straight Ahead,Right Front Quarter Panel,Right Side Doors,No Damage,No Damage,No Damage,N,,Driver Inattention/Distraction,Unspecified,BRONX,10460.0,"(0.0, 0.0)",1.0,0.0,0,0,0,0,1,0,Station Wagon/Sport Utility Vehicle,Station Wagon/Sport Utility Vehicle,1
19833303,4385450,01/20/2021,11:45,878d9faf-1e14-496d-b111-b67453f90728,Sedan,HOND -CAR/SUV,2015.0,1.0,F,Licensed,Changing Lanes,Left Rear Bumper,Left Rear Quarter Panel,Left Side Doors,Left Front Quarter Panel,Center Front End,N,,Unspecified,Unspecified,,,"(40.825165, -73.86699)",0.0,0.0,0,0,0,0,0,0,Sedan,,0
20077520,4464129,10/04/2021,05:00,b82bc390-2692-446e-aa4e-65f71b17c8a3,Sedan,TOYT -CAR/SUV,2019.0,1.0,M,Licensed,Parked,Left Side Doors,Left Side Doors,Left Rear Quarter Panel,,,N,,Unspecified,Unspecified,BROOKLYN,11214.0,"    (40.606544, -73.98906)",0.0,0.0,0,0,0,0,0,0,Sedan,Sedan,0
20112880,4480426,11/23/2021,18:16,0092e683-183a-461c-8e81-01037ca90728,Sedan,HOND -CAR/SUV,2004.0,1.0,,,Going Straight Ahead,,,,,,N,,Unspecified,Unspecified,,,,0.0,0.0,0,0,0,0,0,0,Sedan,Sedan,0
20041765,4447901,08/15/2021,06:40,d66056cb-69a9-4df6-881d-774a9b2f6495,Station Wagon/Sport Utility Vehicle,TOYT -CAR/SUV,2016.0,0.0,,,Parked,Right Rear Bumper,Center Back End,Right Front Bumper,Center Front End,Right Rear Quarter Panel,Unspecified,,Unspecified,Unspecified,QUEENS,11385.0,"    (40.70604, -73.90765)",0.0,0.0,0,0,0,0,0,0,Station Wagon/Sport Utility Vehicle,Station Wagon/Sport Utility Vehicle,0
20019932,4438008,07/13/2021,07:50,b06d4229-f13c-4ca8-8631-7b9d5ab638de,Station Wagon/Sport Utility Vehicle,TOYT -CAR/SUV,2008.0,1.0,M,Licensed,Going Straight Ahead,Left Front Bumper,Left Front Bumper,,,,N,,Unsafe Lane Changing,Unspecified,,,"    (40.730476, -73.87904)",1.0,0.0,0,0,0,0,1,0,Sedan,Station Wagon/Sport Utility Vehicle,1
19833944,4385773,01/22/2021,06:15,76428dfe-8344-4e88-8dbd-8d29379b2326,Sedan,NISS -CAR/SUV,2013.0,1.0,F,Licensed,Going Straight Ahead,Center Front End,Center Front End,Left Front Bumper,Right Front Bumper,,N,,Unspecified,Unspecified,,,"(40.672688, -73.73544)",0.0,0.0,0,0,0,0,0,0,Sedan,Sedan,0
20101500,4474750,11/05/2021,11:30,cf3f0cf3-c270-482c-9c83-29a1b804e57b,Sedan,HYUN -CAR/SUV,2019.0,2.0,F,Licensed,Making Right Turn,Right Front Bumper,No Damage,No Damage,No Damage,No Damage,N,,Failure to Yield Right-of-Way,Glare,BRONX,10452.0,"    (40.838158, -73.92324)",1.0,0.0,1,0,0,0,0,0,Sedan,,1
19833405,4385441,01/20/2021,16:00,44050777-c4cf-496c-9feb-29665f0eafad,Station Wagon/Sport Utility Vehicle,GMC -CAR/SUV,2015.0,2.0,M,Licensed,Going Straight Ahead,Left Side Doors,Left Side Doors,Left Rear Quarter Panel,Left Front Quarter Panel,,N,,Unspecified,Unspecified,BROOKLYN,11207.0,"(40.6638, -73.882675)",0.0,0.0,0,0,0,0,0,0,Station Wagon/Sport Utility Vehicle,,0
20124964,4485838,12/11/2021,16:55,a976beec-5f88-412b-9057-d347efc737b9,E-Bike,JIAJ,,1.0,M,Unlicensed,Parked,Left Rear Quarter Panel,Left Rear Quarter Panel,Center Front End,Center Back End,No Damage,N,,Unspecified,Unspecified,,,"    (40.687992, -73.98962)",1.0,0.0,0,0,0,0,0,0,E-Bike,Station Wagon/Sport Utility Vehicle,1
20002588,4419108,05/20/2021,11:03,8d1e5c2f-4b17-4d05-845b-dae8d63b70a2,Station Wagon/Sport Utility Vehicle,FORD -CAR/SUV,2010.0,1.0,M,Licensed,Backing,Center Back End,No Damage,,,,N,,Backing Unsafely,Unspecified,,,"    (40.769188, -73.837296)",0.0,0.0,0,0,0,0,0,0,Station Wagon/Sport Utility Vehicle,Sedan,0
20031531,4443177,07/30/2021,08:00,b9aca774-a7be-4cca-8c5d-c92b1f643b3d,Tractor Truck Diesel,KW-TRUCK/BUS,2015.0,1.0,M,Licensed,Making Left Turn,Right Rear Bumper,No Damage,,,,N,,Other Vehicular,Unspecified,QUEENS,11435.0,"    (40.70028, -73.80354)",0.0,0.0,0,0,0,0,0,0,Tractor Truck Diesel,Sedan,0
20055238,4453938,09/04/2021,19:00,c298d48b-7c96-45ab-8653-1974dfdaec1d,Station Wagon/Sport Utility Vehicle,NISS -CAR/SUV,2019.0,1.0,F,Licensed,Going Straight Ahead,Right Side Doors,Right Side Doors,,,,N,,Unspecified,Unspecified,BROOKLYN,11210.0,"    (40.636387, -73.94611)",2.0,0.0,0,0,0,0,2,0,Station Wagon/Sport Utility Vehicle,Station Wagon/Sport Utility Vehicle,1
20041840,4448045,08/16/2021,11:40,2e80cec0-f50b-4da5-a5c5-d47f7b609008,Station Wagon/Sport Utility Vehicle,CHRY -CAR/SUV,2016.0,1.0,M,Licensed,Going Straight Ahead,Center Front End,Center Front End,Left Front Bumper,,,Unspecified,,Unspecified,Unspecified,QUEENS,11428.0,"    (40.719746, -73.75031)",1.0,0.0,0,0,0,0,1,0,Station Wagon/Sport Utility Vehicle,Station Wagon/Sport Utility Vehicle,1
20055641,4454274,09/05/2021,02:45,40b1d697-5dc6-4795-8709-9bc5fc7a80a8,Station Wagon/Sport Utility Vehicle,HYUN -CAR/SUV,2015.0,1.0,M,Licensed,Going Straight Ahead,Right Front Bumper,Right Front Bumper,Right Front Bumper,Right Front Bumper,,N,,Fatigued/Drowsy,Fatigued/Drowsy,BRONX,10463.0,"    (40.871567, -73.90647)",0.0,0.0,0,0,0,0,0,0,Station Wagon/Sport Utility Vehicle,Station Wagon/Sport Utility Vehicle,0
19949864,4413028,05/03/2021,13:43,2e501ff0-6601-4b1e-91ed-b974963a5116,Sedan,INFI -CAR/SUV,2019.0,1.0,M,Licensed,Making Left Turn,Center Front End,Center Front End,Left Front Bumper,Right Front Bumper,,N,,Driver Inattention/Distraction,Unspecified,,,"    (40.593388, -73.77881)",2.0,0.0,0,0,0,0,2,0,Sedan,Station Wagon/Sport Utility Vehicle,1
19972004,4403091,03/30/2021,22:00,a28a070e-7abc-4ca1-b3e8-37e2787130a0,Sedan,TOYT -CAR/SUV,2016.0,1.0,M,Licensed,Making Left Turn,Right Rear Bumper,Right Rear Bumper,,,,N,,Unspecified,Unspecified,,,"(40.74972, -73.89858)",0.0,0.0,0,0,0,0,0,0,Sedan,Sedan,0
20037107,4445996,08/09/2021,07:30,28bee702-7ba9-491c-ac5f-40662ce05c15,Pick-up Truck,DODG -CAR/SUV,1997.0,1.0,M,Licensed,Stopped in Traffic,Left Front Bumper,Left Front Bumper,Left Front Quarter Panel,No Damage,No Damage,N,,Lane Marking Improper/Inadequate,Passing or Lane Usage Improper,QUEENS,11691.0,"    (40.602192, -73.75523)",0.0,0.0,0,0,0,0,0,0,Pick-up Truck,Sedan,0
19950473,4409426,04/21/2021,16:10,32eac4ab-788d-4f62-a84d-5c6703a64b73,Station Wagon/Sport Utility Vehicle,TOYT -CAR/SUV,2007.0,0.0,M,Licensed,Parked,Left Rear Bumper,Left Rear Bumper,Left Rear Quarter Panel,Left Side Doors,,N,,Unspecified,Unspecified,BROOKLYN,11215.0,"    (40.675426, -73.98208)",0.0,0.0,0,0,0,0,0,0,Station Wagon/Sport Utility Vehicle,Box Truck,0
20126608,4486501,12/11/2021,21:00,53b3317d-fb76-4019-a299-15ef9229abdc,Station Wagon/Sport Utility Vehicle,JEEP -CAR/SUV,2021.0,0.0,,,Parked,Right Front Bumper,Right Front Quarter Panel,Center Front End,,,Unspecified,,Unspecified,Unspecified,,,"    (40.901726, -73.90604)",0.0,0.0,0,0,0,0,0,0,Station Wagon/Sport Utility Vehicle,,0
20078704,4463097,10/02/2021,07:40,6aac5fca-7628-4ad3-bbc0-a985efa77895,Pick-up Truck,FORD -CAR/SUV,2011.0,1.0,M,Licensed,Going Straight Ahead,Right Front Quarter Panel,No Damage,No Damage,No Damage,No Damage,N,,Passing or Lane Usage Improper,Passing Too Closely,,,"    (40.718864, -73.97483)",0.0,0.0,0,0,0,0,0,0,Pick-up Truck,Station Wagon/Sport Utility Vehicle,0
20078364,4464256,09/28/2021,15:34,70d5df78-a2e9-4172-a20e-e11bd59034d5,Bus,IC,2014.0,1.0,M,Licensed,Going Straight Ahead,Right Front Bumper,Right Front Bumper,,,,Unspecified,,Passing Too Closely,Unspecified,,,"    (40.68727, -73.9102)",0.0,0.0,0,0,0,0,0,0,Station Wagon/Sport Utility Vehicle,Bus,0
19834262,4385939,01/23/2021,00:48,4e95b14a-dbb9-4db0-97ab-33467f44d2fa,Sedan,KIA -CAR/SUV,2015.0,1.0,M,Licensed,Other*,Left Rear Quarter Panel,Left Rear Quarter Panel,,,,N,,Unspecified,Unspecified,BROOKLYN,11228.0,"(40.621815, -74.00228)",0.0,0.0,0,0,0,0,0,0,Station Wagon/Sport Utility Vehicle,Sedan,0
20065262,4458404,09/17/2021,22:50,ba2e3b31-4574-4d20-9fb0-a604b971b2f8,Sedan,NISS -CAR/SUV,2011.0,2.0,M,Licensed,Changing Lanes,Left Side Doors,Left Side Doors,,,,N,,Unsafe Lane Changing,Unspecified,,,"    (40.732822, -73.8684)",1.0,0.0,0,0,0,0,1,0,Flat Bed,Sedan,1
20041454,4447863,08/16/2021,12:30,a85f0ff5-2803-464c-abac-c1272cfc2b59,Box Truck,FRHT-TRUCK/BUS,2021.0,1.0,M,Licensed,Starting from Parking,Center Back End,Center Back End,,,,Unspecified,,Passing or Lane Usage Improper,Driver Inattention/Distraction,BROOKLYN,11219.0,"    (40.644756, -73.9916)",0.0,0.0,0,0,0,0,0,0,Box Truck,Sedan,0
20127155,4486694,12/13/2021,09:30,b9d72e14-c1af-48b3-a2c1-14a1b26cf87b,Sedan,LEXS -CAR/SUV,2018.0,1.0,F,Licensed,Entering Parked Position,Right Front Quarter Panel,Right Side Doors,,,,N,,Lost Consciousness,Unspecified,STATEN ISLAND,10309.0,"    (40.52272, -74.23926)",1.0,0.0,0,0,0,0,1,0,Sedan,Sedan,1
20050901,4452142,08/22/2021,07:49,414abf69-58d1-40c2-96dd-3ea097c4bcc6,Station Wagon/Sport Utility Vehicle,HOND -CAR/SUV,2015.0,1.0,M,Licensed,Going Straight Ahead,Left Front Bumper,Left Front Quarter Panel,No Damage,No Damage,No Damage,N,,Driver Inattention/Distraction,Pavement Slippery,BROOKLYN,11226.0,"    (40.644424, -73.9489)",1.0,0.0,0,0,0,0,1,0,Station Wagon/Sport Utility Vehicle,Station Wagon/Sport Utility Vehicle,1
20068389,4459678,09/20/2021,12:20,21a0d51c-b4b4-4667-9d8a-05d72d44b2d1,Sedan,TOYT -CAR/SUV,2009.0,0.0,,,Parked,Left Front Quarter Panel,Right Front Quarter Panel,No Damage,No Damage,No Damage,N,,Unspecified,Unspecified,BRONX,10460.0,"    (40.845875, -73.88619)",0.0,0.0,0,0,0,0,0,0,Station Wagon/Sport Utility Vehicle,Sedan,0
20073764,4462176,09/22/2021,15:00,44882c40-be03-49fe-a62c-90976eb720e7,Sedan,HOND -CAR/SUV,2018.0,1.0,M,Licensed,Going Straight Ahead,Left Side Doors,Left Side Doors,Left Front Quarter Panel,,,N,,Unspecified,Unspecified,QUEENS,11101.0,,0.0,0.0,0,0,0,0,0,0,Sedan,Tractor Truck Diesel,0
19855936,4395452,02/28/2021,02:08,58651a44-844c-4e09-a247-d1430b1cd002,Sedan,HYUN -CAR/SUV,2019.0,1.0,M,Unlicensed,Making Right Turn,Left Front Bumper,Center Front End,Right Front Bumper,,,N,,Traffic Control Disregarded,Failure to Yield Right-of-Way,MANHATTAN,10033.0,"(40.84984, -73.934975)",0.0,0.0,0,0,0,0,0,0,Sedan,Sedan,0
20040658,4447451,08/13/2021,07:10,ade1dd42-2947-499f-9598-c5e767eeb083,Station Wagon/Sport Utility Vehicle,FORD -CAR/SUV,2020.0,1.0,M,Licensed,Going Straight Ahead,Left Rear Bumper,Left Rear Bumper,Left Rear Quarter Panel,No Damage,No Damage,N,,Unspecified,Unspecified,,,"    (40.80119, -73.93003)",0.0,0.0,0,0,0,0,0,0,Station Wagon/Sport Utility Vehicle,Motorcycle,0
19951553,4433749,06/26/2021,18:40,f3cd4419-1640-499d-8f72-09cafabdec62,Station Wagon/Sport Utility Vehicle,GMC -CAR/SUV,2007.0,1.0,M,Licensed,Going Straight Ahead,Left Side Doors,Left Side Doors,No Damage,No Damage,No Damage,N,,Driver Inattention/Distraction,Unsafe Lane Changing,MANHATTAN,10003.0,"    (40.731018, -73.985916)",0.0,0.0,0,0,0,0,0,0,Sedan,Station Wagon/Sport Utility Vehicle,0
20006846,4429418,06/20/2021,15:40,75497f51-32df-4526-aaaf-27ddcb94286a,Sedan,HOND -CAR/SUV,2007.0,0.0,M,Licensed,Parked,Left Rear Bumper,Left Rear Bumper,No Damage,No Damage,No Damage,N,,Unspecified,Unspecified,BRONX,10462.0,"    (40.836018, -73.85524)",0.0,0.0,0,0,0,0,0,0,Sedan,,0
20023583,4439772,07/22/2021,22:45,6f22e519-1217-467d-be08-d5a094a638f6,Sedan,VOLK -CAR/SUV,2021.0,4.0,,,Going Straight Ahead,Right Front Bumper,Right Front Bumper,,,,N,,Driver Inattention/Distraction,Unsafe Speed,QUEENS,11433.0,"    (40.701557, -73.790276)",0.0,0.0,0,0,0,0,0,0,Sedan,Sedan,0
20036846,4445537,05/14/2021,06:28,24fbea9c-a9ce-4c58-ad8c-91ceb83d318b,Sedan,NISS -CAR/SUV,2020.0,1.0,M,Licensed,Slowing or Stopping,Center Front End,Center Front End,Left Front Bumper,Right Front Bumper,Left Front Quarter Panel,N,,Following Too Closely,Unspecified,,,,0.0,0.0,0,0,0,0,0,0,Station Wagon/Sport Utility Vehicle,Sedan,0
19866055,4400071,03/19/2021,09:37,589468eb-6544-4dec-885b-69406d0819d1,Station Wagon/Sport Utility Vehicle,FORD -CAR/SUV,2017.0,2.0,M,Licensed,Going Straight Ahead,Right Front Quarter Panel,Right Side Doors,,,,N,,Unspecified,Unspecified,BROOKLYN,11237.0,"(40.702232, -73.918945)",0.0,0.0,0,0,0,0,0,0,Station Wagon/Sport Utility Vehicle,,0
20028118,4441766,07/30/2021,00:08,e0287e14-6199-4cc5-ad07-47095613865c,Sedan,FORD -CAR/SUV,2020.0,2.0,M,Licensed,Going Straight Ahead,Right Front Bumper,Right Front Bumper,Right Front Quarter Panel,,,N,,Unspecified,Unspecified,BROOKLYN,11208.0,"    (40.674255, -73.87989)",0.0,0.0,0,0,0,0,0,0,Sedan,Sedan,0
20132153,4488724,12/21/2021,21:00,f88cd2ec-5b1d-4f93-bf47-a1ef2a43d70e,Sedan,TOYT -CAR/SUV,2017.0,1.0,M,,Going Straight Ahead,Center Front End,Center Front End,,,,N,,Failure to Yield Right-of-Way,Unspecified,,,"    (40.71161, -73.95754)",1.0,0.0,0,0,0,0,1,0,Sedan,Motorscooter,1
19977165,4415571,05/11/2021,15:10,88a01dfc-0119-4ac3-bea5-19c8c56d021a,Station Wagon/Sport Utility Vehicle,INFI -CAR/SUV,2017.0,0.0,,,Parked,Center Back End,Center Back End,Right Rear Bumper,Left Rear Bumper,Left Rear Bumper,N,,Unspecified,Unspecified,,,"    (40.62368, -73.99772)",0.0,0.0,0,0,0,0,0,0,Station Wagon/Sport Utility Vehicle,Station Wagon/Sport Utility Vehicle,0
20048386,4450607,08/25/2021,19:02,aebcd9e0-dac0-4f12-aa8b-8e9660356b68,Taxi,NISS -CAR/SUV,2017.0,2.0,M,Licensed,Stopped in Traffic,Center Back End,Center Back End,,,,N,,Unspecified,Unspecified,MANHATTAN,10075.0,"    (40.777004, -73.96374)",1.0,0.0,0,0,0,0,1,0,Taxi,Taxi,1
19976078,4427434,06/13/2021,17:44,efee6ae5-3813-4faf-9154-9b0f9962f38b,Sedan,TOYT -CAR/SUV,2017.0,1.0,M,Licensed,Going Straight Ahead,Left Front Quarter Panel,Left Front Quarter Panel,No Damage,No Damage,,N,,Unspecified,Unspecified,,,,0.0,0.0,0,0,0,0,0,0,Sedan,Sedan,0
19943207,4409827,04/02/2021,21:05,2b3c1d8b-713d-4675-ac16-a32ec5fe265c,Sedan,HOND -CAR/SUV,2011.0,0.0,,,Parked,Left Front Bumper,Left Front Bumper,No Damage,No Damage,,Unspecified,,Unspecified,Unspecified,MANHATTAN,10023.0,"    (40.768562, -73.981575)",0.0,0.0,0,0,0,0,0,0,Van,Sedan,0
20025538,4440750,07/26/2021,14:52,974a62a2-d539-4ec2-8eb6-76f321b28986,Sedan,BMW -CAR/SUV,2019.0,3.0,F,Licensed,Making Right Turn,Center Back End,No Damage,No Damage,No Damage,No Damage,N,,Unspecified,Unspecified,,,"    (40.582726, -73.97321)",0.0,0.0,0,0,0,0,0,0,Sedan,Sedan,0