UNIQUE_ID,COLLISION_ID,CRASH_DATE,CRASH_TIME,VEHICLE_ID,VEHICLE_TYPE,VEHICLE_MAKE,VEHICLE_YEAR,VEHICLE_OCCUPANTS,DRIVER_SEX,DRIVER_LICENSE_STATUS,PRE_CRASH,POINT_OF_IMPACT,VEHICLE_DAMAGE,VEHICLE_DAMAGE_1,VEHICLE_DAMAGE_2,VEHICLE_DAMAGE_3,PUBLIC_PROPERTY_DAMAGE,PUBLIC_PROPERTY_DAMAGE_TYPE,CONTRIBUTING_FACTOR_1,CONTRIBUTING_FACTOR_2,BOROUGH,ZIP CODE,LOCATION,NUMBER OF PERSONS INJURED,NUMBER OF PERSONS KILLED,NUMBER OF PEDESTRIANS INJURED,NUMBER OF PEDESTRIANS KILLED,NUMBER OF CYCLIST INJURED,NUMBER OF CYCLIST KILLED,NUMBER OF MOTORIST INJURED,NUMBER OF MOTORIST KILLED,VEHICLE TYPE CODE 1,VEHICLE TYPE CODE 2,Severity
20055517,4454254,09/03/2021,19:11,8a57406b-7ce7-4ff7-833d-4ad4179e07df,Station Wagon/Sport Utility Vehicle,NISS -CAR/SUV,2006.0,7.0,F,Licensed,Stopped in Traffic,Center Back End,Center Back End,,,,N,,Unspecified,Unspecified,BROOKLYN,11235.0,"    (40.59328, -73.94538)",0.0,0.0,0,0,0,0,0,0,Station Wagon/Sport Utility Vehicle,Sedan,0
19865671,4399987,03/17/2021,16:58,77429011-39f2-4749-a59e-fafbc29c7314,Sedan,HOND -CAR/SUV,2017.0,1.0,M,Licensed,Slowing or Stopping,Center Front End,Center Front End,Left Front Bumper,Right Front Bumper,,N,,Following Too Closely,Unspecified,,,"(40.738464, -73.808624)",2.0,0.0,0,0,0,0,2,0,Sedan,Station Wagon/Sport Utility Vehicle,1
19971054,4428924,06/18/2021,13:04,ad3d9b0b-7e49-4adf-a7d3-da97932e17a6,Sedan,PORS -CAR/SUV,2016.0,0.0,,,Parked,Left Front Bumper,Left Front Bumper,Center Front End,Center Front End,Right Front Quarter Panel,N,,Unspecified,Unspecified,,,"    (40.855133, -73.93688)",0.0,0.0,0,0,0,0,0,0,Sedan,Sedan,0
20095820,4472407,10/28/2021,03:10,40180925-264b-405b-9bb2-defc8d2ab35d,Station Wagon/Sport Utility Vehicle,NISS -CAR/SUV,2018.0,2.0,M,Licensed,Going Straight Ahead,Left Side Doors,Left Side Doors,,,,N,,Unspecified,Unspecified,QUEENS,11434.0,"    (40.66696, -73.77078)",0.0,0.0,0,0,0,0,0,0,Station Wagon/Sport Utility Vehicle,,0
19961676,4432985,06/28/2021,17:00,e320da91-72d9-4de8-81ef-4083ce50beba,Sedan,INFI -CAR/SUV,2012.0,0.0,,,Parked,Right Rear Quarter Panel,Right Side Doors,Right Front Quarter Panel,Right Rear Quarter Panel,Right Side Doors,N,,Unspecified,Unspecified,MANHATTAN,10010.0,"    (40.739925, -73.9818)",0.0,0.0,0,0,0,0,0,0,Sedan,,0
20057251,4454173,09/04/2021,20:27,35035429-ce4d-483b-92e1-519fb2e5ea7d,Station Wagon/Sport Utility Vehicle,LEXS -CAR/SUV,2017.0,2.0,M,Licensed,Going Straight Ahead,Right Side Doors,Right Side Doors,Right Front Quarter Panel,Right Rear Quarter Panel,,N,,Other Vehicular,Driver Inattention/Distraction,QUEENS,11420.0,"    (40.68329, -73.81153)",1.0,0.0,0,0,0,0,1,0,Station Wagon/Sport Utility Vehicle,Sedan,1
20033123,4443974,08/02/2021,20:03,f62ff9b3-329d-4cea-b7b5-fab269c93206,Station Wagon/Sport Utility Vehicle,TOYT -CAR/SUV,2011.0,1.0,M,Licensed,Parked,Center Front End,Center Front End,Right Front Bumper,Left Front Bumper,,N,,Unspecified,Unspecified,BROOKLYN,11233.0,"    (40.67413, -73.913925)",1.0,0.0,0,0,0,0,1,0,Station Wagon/Sport Utility Vehicle,Station Wagon/Sport Utility Vehicle,1
19978609,4430515,06/21/2021,12:05,fe231334-02c8-4d37-b5a3-7fe9e13bf5b3,Sedan,NISS -CAR/SUV,2015.0,0.0,M,Licensed,Parked,Left Front Bumper,Center Front End,Right Front Bumper,No Damage,No Damage,N,,Unspecified,Unspecified,BRONX,10459.0,"    (40.82319, -73.889496)",0.0,0.0,0,0,0,0,0,0,Sedan,,0
19865889,4400080,03/18/2021,15:12,447e68ae-eb44-46ea-a3bc-bea50477587e,Sedan,TOYT -CAR/SUV,2014.0,1.0,F,Licensed,Parked,Left Rear Quarter Panel,Left Rear Quarter Panel,No Damage,No Damage,No Damage,N,,Unspecified,Unspecified,BRONX,10459.0,"(40.823086, -73.89143)",0.0,0.0,0,0,0,0,0,0,Sedan,3-Door,0
20115105,4481364,11/25/2021,19:45,a2e1a9e4-d04d-4869-b8cf-711ea027071f,Station Wagon/Sport Utility Vehicle,TOYT -CAR/SUV,2017.0,2.0,F,Licensed,Going Straight Ahead,Center Front End,Left Front Bumper,Right Front Bumper,,,N,,Unspecified,Unspecified,,,"    (40.64333, -73.95973)",1.0,0.0,0,0,0,0,1,0,Sedan,Station Wagon/Sport Utility Vehicle,1
19980477,4426610,06/12/2021,18:52,753b0c36-2cf7-4cd2-892e-1d56f6905d52,Sedan,CHRY -CAR/SUV,2006.0,1.0,M,Licensed,Going Straight Ahead,Left Front Bumper,Center Front End,Right Front Bumper,No Damage,,N,,Failure to Yield Right-of-Way,Other Vehicular,BRONX,10462.0,"    (40.848545, -73.86161)",1.0,0.0,0,0,0,0,1,0,Sedan,Sedan,1
20066411,4458601,09/18/2021,07:00,b691309e-854e-435f-a984-d1de74140992,Station Wagon/Sport Utility Vehicle,TOYT -CAR/SUV,2011.0,1.0,F,Licensed,Stopped in Traffic,Left Front Bumper,Left Front Bumper,,,,N,,Unspecified,Unspecified,QUEENS,11422.0,"    (40.668186, -73.74111)",0.0,0.0,0,0,0,0,0,0,Station Wagon/Sport Utility Vehicle,,0
20004353,4403827,04/02/2021,13:48,0ed4dafb-bbda-4940-ab6a-f7a6d8860f0f,Sedan,NISS -CAR/SUV,2008.0,1.0,M,Licensed,Parked,Left Side Doors,Left Side Doors,Left Front Quarter Panel,,,N,,Unspecified,Unspecified,BROOKLYN,11208.0,"(40.67394, -73.882126)",1.0,0.0,0,0,1,0,0,0,Sedan,E-Bike,1
19986973,4434796,07/06/2021,19:46,bf590f5e-a302-46e2-a38d-ffeda625dedb,E-Bike,Arrow,,1.0,M,,Going Straight Ahead,Center Front End,Center Front End,,,,N,,Traffic Control Disregarded,Traffic Control Disregarded,BROOKLYN,11211.0,"    (40.715702, -73.95579)",0.0,0.0,0,0,0,0,0,0,Station Wagon/Sport Utility Vehicle,E-Bike,0
20057483,4455384,09/04/2021,17:00,d228800f-ef63-4e75-ad8b-5c2f1ebfabda,Sedan,DODG -CAR/SUV,2014.0,0.0,,,Parked,Left Rear Quarter Panel,Left Rear Quarter Panel,,,,N,,Unspecified,Unspecified,BROOKLYN,11231.0,"    (40.679943, -73.98956)",0.0,0.0,0,0,0,0,0,0,Sedan,Bike,0
20015777,4436298,07/09/2021,22:30,18bd443b-156f-40eb-b889-55c433261634,Station Wagon/Sport Utility Vehicle,JEEP -CAR/SUV,2010.0,4.0,F,Licensed,Going Straight Ahead,Right Front Bumper,Right Front Bumper,Right Front Quarter Panel,No Damage,No Damage,N,,Unspecified,Unspecified,,,"    (40.70722, -73.78957)",2.0,0.0,0,0,0,0,2,0,Station Wagon/Sport Utility Vehicle,,1
20138014,4491528,12/30/2021,13:00,6bc9c568-0e47-4a4d-9749-ef0c641e2395,Station Wagon/Sport Utility Vehicle,FORD -CAR/SUV,2018.0,4.0,F,Licensed,Going Straight Ahead,Center Front End,Center Front End,Left Front Bumper,Right Front Bumper,No Damage,N,,Alcohol Involvement,Unsafe Speed,,,"    (40.682537, -73.95002)",4.0,0.0,0,0,0,0,4,0,Station Wagon/Sport Utility Vehicle,Sedan,1
19835986,4386585,01/25/2021,06:00,b75a9fba-0c1e-4195-a6e5-9a8ffa6ca01d,Sedan,AUDI -CAR/SUV,,,,,,Center Front End,,,,,N,,Other Vehicular,Unspecified,BROOKLYN,11212.0,,0.0,0.0,0,0,0,0,0,0,Sedan,Sedan,0
19836960,4386097,01/21/2021,06:45,b8a40f9b-df9c-4d3b-a4c6-ac924e0dd86c,Station Wagon/Sport Utility Vehicle,INFI -CAR/SUV,2020.0,1.0,M,Licensed,Going Straight Ahead,Center Front End,Center Front End,Right Front Bumper,Left Front Bumper,,N,,Driver Inattention/Distraction,Following Too Closely,,,"(40.633038, -74.039314)",1.0,0.0,0,0,0,0,1,0,Station Wagon/Sport Utility Vehicle,Sedan,1
20090351,4469780,10/21/2021,18:49,1148aa19-849c-4dee-abe6-6fbd521a7cc9,Sedan,TESL -CAR/SUV,2020.0,2.0,M,Licensed,Going Straight Ahead,Center Front End,Center Front End,No Damage,No Damage,No Damage,N,,Following Too Closely,Driver Inattention/Distraction,,,"    (40.7020459, -73.9155992)",1.0,0.0,0,0,0,0,1,0,Sedan,Sedan,1
19953621,4399350,03/12/2021,23:55,adc42b1b-4937-4ae2-9cff-e7914a900c16,Taxi,TOYT -CAR/SUV,2017.0,1.0,M,Licensed,Going Straight Ahead,Right Side Doors,Right Side Doors,Right Front Quarter Panel,Right Rear Quarter Panel,Center Front End,N,,Unspecified,Unspecified,QUEENS,11369.0,"(40.75807, -73.88204)",4.0,0.0,0,0,0,0,4,0,Taxi,Sedan,1
19995844,4420184,05/17/2021,21:30,3c44fe5a-e288-4347-941b-94c4af9fec64,Station Wagon/Sport Utility Vehicle,LNDR -CAR/SUV,2020.0,0.0,,,Parked,Right Front Quarter Panel,Right Front Quarter Panel,Left Side Doors,No Damage,No Damage,N,,Unspecified,Unspecified,QUEENS,11103.0,"    (40.759365, -73.914276)",0.0,0.0,0,0,0,0,0,0,Convertible,Sedan,0
19970440,4417787,04/23/2021,19:25,932bf74c-1504-4fe5-b010-1bf9524d747e,Station Wagon/Sport Utility Vehicle,FORD -CAR/SUV,2019.0,2.0,M,Licensed,Going Straight Ahead,Right Rear Quarter Panel,Right Rear Quarter Panel,Other,,,N,,Unspecified,Unspecified,BROOKLYN,11234.0,"    (40.622658, -73.93641)",0.0,0.0,0,0,0,0,0,0,Station Wagon/Sport Utility Vehicle,Sedan,0
20132465,4487111,12/15/2021,14:38,4cdf62a2-d3b4-46cd-81da-ddf94f358b1a,Station Wagon/Sport Utility Vehicle,FORD -CAR/SUV,2006.0,1.0,M,Licensed,Going Straight Ahead,Center Front End,No Damage,,,,N,,Following Too Closely,Driver Inattention/Distraction,,,"    (40.684814, -73.98353)",1.0,0.0,0,0,0,0,1,0,Sedan,VAn,1
19851861,4392083,02/15/2021,14:20,3d48bf2a-f3c9-44fc-9ec0-cd1a0b81cea6,Sedan,FORD -CAR/SUV,2015.0,0.0,,,Parked,Left Rear Bumper,Left Rear Bumper,Center Back End,Right Rear Bumper,,N,,Unspecified,Unspecified,QUEENS,11412.0,"(40.702286, -73.751724)",1.0,0.0,0,0,0,0,1,0,Sedan,Station Wagon/Sport Utility Vehicle,1
19854125,4394687,02/25/2021,23:45,aa67b0f6-a5c7-495b-a66b-faebe4deaa72,Station Wagon/Sport Utility Vehicle,GMC -CAR/SUV,2019.0,0.0,,,Parked,Right Rear Quarter Panel,Right Rear Quarter Panel,Center Back End,Right Rear Bumper,,N,,Unspecified,Unspecified,BROOKLYN,11207.0,"(40.660217, -73.89675)",0.0,0.0,0,0,0,0,0,0,Station Wagon/Sport Utility Vehicle,Sedan,0
19836149,4386705,01/25/2021,23:00,e85cf55f-a1be-45b9-80e0-e90426cb8126,Sedan,HOND -CAR/SUV,2018.0,2.0,F,Licensed,Going Straight Ahead,Right Rear Quarter Panel,Right Rear Quarter Panel,Center Front End,Right Rear Bumper,,Y,,Failure to Yield Right-of-Way,Unspecified,QUEENS,11429.0,"(40.71082, -73.73179)",0.0,0.0,0,0,0,0,0,0,Sedan,Sedan,0
20129440,4487603,12/18/2021,13:19,8ed267d6-b0de-4015-bfec-31ac7a014d05,Moped,JIANGSU BAODIAO LOCOMOTIVE CO LTD,2021.0,1.0,M,Unlicensed,Parked,Left Side Doors,Demolished,No Damage,No Damage,No Damage,N,,Unspecified,Unspecified,BROOKLYN,11215.0,"    (40.668644, -73.9852)",1.0,0.0,0,0,0,0,1,0,Station Wagon/Sport Utility Vehicle,Moped,1
20097170,4473199,11/02/2021,00:47,f097596f-5ba2-4c1b-97db-e04fc3e84abd,Station Wagon/Sport Utility Vehicle,TOYT -CAR/SUV,2015.0,2.0,M,Licensed,Going Straight Ahead,Right Front Bumper,Right Front Bumper,Right Front Quarter Panel,Center Front End,,N,,Outside Car Distraction,Animals Action,BROOKLYN,11228.0,"    (40.627136, -74.01448)",1.0,0.0,0,0,0,0,1,0,Station Wagon/Sport Utility Vehicle,Station Wagon/Sport Utility Vehicle,1
20125994,4486272,12/13/2021,21:32,f12fb5f8-030f-4cd9-a4fa-8b1192ca15f7,Sedan,MERZ -CAR/SUV,2017.0,1.0,M,Licensed,Going Straight Ahead,Right Front Bumper,Right Front Bumper,No Damage,No Damage,No Damage,N,,Unsafe Lane Changing,Passing or Lane Usage Improper,BROOKLYN,11210.0,"    (40.629505, -73.94416)",0.0,0.0,0,0,0,0,0,0,Bus,Sedan,0
20104122,4476443,11/12/2021,00:36,453d918b-e25b-4bd6-a0fc-735f8523e761,Sedan,TOYT -CAR/SUV,2019.0,2.0,M,Licensed,Going Straight Ahead,Center Front End,Center Front End,Right Front Bumper,Left Front Bumper,,N,,Failure to Yield Right-of-Way,Driver Inattention/Distraction,MANHATTAN,10002.0,"    (40.71431, -73.987175)",3.0,0.0,0,0,0,0,3,0,Sedan,Sedan,1
20040937,4447673,08/16/2021,18:20,00538cea-6b25-42b6-86f9-9e3438a5f9e4,Station Wagon/Sport Utility Vehicle,FORD -CAR/SUV,2007.0,1.0,,,Going Straight Ahead,Center Front End,Center Front End,Left Front Bumper,Right Front Bumper,No Damage,N,,Unspecified,Unspecified,QUEENS,11435.0,"    (40.70462, -73.80916)",1.0,0.0,0,0,0,0,1,0,Sedan,Station Wagon/Sport Utility Vehicle,1
19863415,4399146,03/11/2021,15:00,5d3a5d2c-426c-4c3d-b9ed-8a64ef30e251,Sedan,TOYT -CAR/SUV,2014.0,0.0,F,,Parked,Right Front Bumper,Right Front Bumper,,,,N,,Unspecified,Unspecified,MANHATTAN,10031.0,"(40.8256, -73.94642)",0.0,0.0,0,0,0,0,0,0,Sedan,,0
20080214,4465274,10/06/2021,08:00,dc681aa7-a32e-403c-8a72-115215bd6ac7,Sedan,VOLK -CAR/SUV,2016.0,1.0,M,Licensed,Going Straight Ahead,Left Front Bumper,Left Front Bumper,Center Front End,Right Front Bumper,Left Front Quarter Panel,N,,Driver Inattention/Distraction,Aggressive Driving/Road Rage,QUEENS,11435.0,"    (40.689945, -73.80508)",4.0,0.0,0,0,0,0,4,0,Station Wagon/Sport Utility Vehicle,Sedan,1
19988300,4423490,06/04/2021,12:45,2d376667-de1b-424e-b60c-89cadcc76608,Station Wagon/Sport Utility Vehicle,JEEP -CAR/SUV,2013.0,1.0,F,Licensed,Going Straight Ahead,Center Front End,Right Front Bumper,Left Front Bumper,,,N,,Following Too Closely,Driver Inattention/Distraction,,,"    (40.594593, -73.99551)",2.0,0.0,0,0,0,0,2,0,Sedan,Station Wagon/Sport Utility Vehicle,1
20056964,4455056,09/08/2021,16:30,c80cc835-cc24-488c-a30d-df5c45de89ae,Station Wagon/Sport Utility Vehicle,INFI -CAR/SUV,2017.0,1.0,,,Making Right Turn,Right Front Bumper,Other,,,,N,,Failure to Yield Right-of-Way,Turning Improperly,,,"    (40.659016, -73.95673)",1.0,0.0,0,0,1,0,0,0,Station Wagon/Sport Utility Vehicle,Bike,1
20005673,4422908,06/01/2021,18:00,0a077619-5a16-4196-acf1-adc7ebdfbf1a,Station Wagon/Sport Utility Vehicle,LEXS -CAR/SUV,2021.0,3.0,F,Licensed,Making Left Turn,Center Front End,Center Front End,Left Front Bumper,Right Front Bumper,,N,,Failure to Yield Right-of-Way,Unspecified,QUEENS,11355.0,"    (40.743855, -73.82221)",1.0,0.0,0,0,0,0,1,0,Station Wagon/Sport Utility Vehicle,Station Wagon/Sport Utility Vehicle,1
19848298,4390373,02/08/2021,06:30,fdf8677f-8b11-43ff-b64d-16168d189b7f,Sedan,ACUR -CAR/SUV,2018.0,1.0,M,Licensed,Stopped in Traffic,Center Back End,Center Back End,,,,N,,Unspecified,Unspecified,,,"(40.89989, -73.89553)",2.0,0.0,0,0,0,0,2,0,Station Wagon/Sport Utility Vehicle,Sedan,1
20021038,4438569,07/18/2021,06:21,bc0c572e-eef1-4c8c-9db8-4d26d9611511,Sedan,BMW -CAR/SUV,2021.0,3.0,M,Licensed,Going Straight Ahead,Right Front Bumper,Right Front Bumper,Right Front Quarter Panel,Center Front End,No Damage,N,,Obstruction/Debris,Unspecified,BROOKLYN,11212.0,"    (40.65421, -73.9153)",0.0,0.0,0,0,0,0,0,0,Sedan,Sedan,0
19944005,4414494,05/08/2021,13:19,d17e2146-8592-409d-be76-75a749711b28,Station Wagon/Sport Utility Vehicle,NISS -CAR/SUV,2018.0,0.0,,,Parked,Left Front Quarter Panel,Left Front Quarter Panel,No Damage,No Damage,No Damage,N,,Unspecified,Unspecified,QUEENS,11692.0,"    (40.59534, -73.80139)",0.0,0.0,0,0,0,0,0,0,Box Truck,Station Wagon/Sport Utility Vehicle,0
19995883,4425334,06/09/2021,16:00,17e81f18-e337-4a8b-aeb8-0e5cd72d5dac,Tractor Truck Diesel,FREIG,2014.0,0.0,M,Licensed,Making Left Turn,Left Rear Quarter Panel,Undercarriage,Left Rear Quarter Panel,,No Damage,N,,Passing Too Closely,Unspecified,BROOKLYN,11211.0,"    (40.71472, -73.92961)",0.0,0.0,0,0,0,0,0,0,Tractor Truck Diesel,Tractor Truck Diesel,0
19866785,4400694,03/21/2021,15:20,b7664824-3172-4eae-b90a-3b636333aafd,Sedan,NISS -CAR/SUV,,1.0,,,Going Straight Ahead,Left Rear Quarter Panel,No Damage,No Damage,No Damage,No Damage,N,,Unsafe Lane Changing,Unspecified,BROOKLYN,11226.0,"(0.0, 0.0)",1.0,0.0,0,0,1,0,0,0,Sedan,Bike,1
20090337,4469796,10/19/2021,18:20,095190a4-87e1-4a08-8e02-40424c71b8f0,Station Wagon/Sport Utility Vehicle,HOND -CAR/SUV,2018.0,1.0,F,Licensed,Going Straight Ahead,Left Front Bumper,Left Front Bumper,No Damage,No Damage,No Damage,N,,Unspecified,Unspecified,BROOKLYN,11237.0,"    (40.694886, -73.908381)",0.0,0.0,0,0,0,0,0,0,Station Wagon/Sport Utility Vehicle,,0
20091195,4470418,10/24/2021,14:55,7487c497-a3ce-4e94-88a2-73d0b3858c95,Station Wagon/Sport Utility Vehicle,TOYT -CAR/SUV,2017.0,3.0,F,Licensed,Going Straight Ahead,Left Side Doors,Left Side Doors,No Damage,No Damage,No Damage,N,,Failure to Yield Right-of-Way,Unspecified,MANHATTAN,10017.0,"    (40.7536248, -73.9694324)",0.0,0.0,0,0,0,0,0,0,Station Wagon/Sport Utility Vehicle,Station Wagon/Sport Utility Vehicle,0
20121385,4483647,12/04/2021,14:45,d0bf97e1-1bee-4558-a773-ad3ecd38595e,Sedan,JEEP -CAR/SUV,2020.0,1.0,M,Licensed,Going Straight Ahead,Center Back End,Center Back End,,,,N,,Unspecified,Unspecified,,,"    (40.69286, -73.87801)",0.0,0.0,0,0,0,0,0,0,Sedan,Sedan,0
19847020,4391877,02/14/2021,00:38,127afb90-5fc6-4dd1-993f-38ef0474595f,Snow Plow,MACK-TRUCK/BUS,2019.0,1.0,M,Licensed,Making Left Turn,Center Front End,No Damage,,,,N,,Unspecified,Unspecified,MANHATTAN,10030.0,"(40.823257, -73.94293)",0.0,0.0,0,0,0,0,0,0,Snow Plow,Sedan,0
19837337,4387213,01/26/2021,23:50,27211f2a-c866-48f6-9e97-6d0f90520390,Sedan,ACUR -CAR/SUV,2012.0,1.0,M,Licensed,Going Straight Ahead,Left Rear Bumper,Left Rear Bumper,Other,Undercarriage,,N,,Unspecified,Pavement Slippery,,,"(40.73886, -73.73974)",2.0,0.0,0,0,0,0,2,0,Sedan,Sedan,1
20127117,4486673,12/09/2021,15:00,8b096736-7512-431f-8fef-f817134dfee4,Sedan,MAZD -CAR/SUV,2016.0,,,,Passing,Left Front Quarter Panel,,,,,N,,Passing Too Closely,Passing or Lane Usage Improper,MANHATTAN,10027.0,"    (40.80777, -73.94549)",2.0,0.0,0,0,2,0,0,0,Bike,Sedan,1
19844011,4390420,02/08/2021,11:00,069beb99-8abc-486b-911a-d650f0b7326c,Station Wagon/Sport Utility Vehicle,JEEP -CAR/SUV,2021.0,0.0,,,Parked,Right Rear Bumper,Right Rear Bumper,Right Rear Quarter Panel,No Damage,No Damage,N,,Unspecified,Unspecified,MANHATTAN,10021.0,"(40.771694, -73.95919)",0.0,0.0,0,0,0,0,0,0,Box Truck,Station Wagon/Sport Utility Vehicle,0
20058808,4455865,09/10/2021,12:00,a86a1e99-9853-48f4-8644-6e3d2d48535c,Sedan,HOND -CAR/SUV,2020.0,0.0,F,Licensed,Parked,Center Front End,Center Front End,Left Front Bumper,,,N,,Unspecified,Unspecified,BROOKLYN,11215.0,"    (40.670708, -73.98599)",0.0,0.0,0,0,0,0,0,0,Sedan,,0
20112984,4480438,11/22/2021,06:10,981408cd-5e18-41d9-8ade-0b4ac652f1d8,Box Truck,FRHT-TRUCK/BUS,2016.0,2.0,M,Licensed,Going Straight Ahead,Roof,Roof,,,,Y,,Traffic Control Disregarded,Oversized Vehicle,,,"    (40.584557, -73.950874)",0.0,0.0,0,0,0,0,0,0,Box Truck,,0
20123896,4485128,12/09/2021,00:00,7a3c2a80-730a-4786-9ecd-170b6a80c477,Box Truck,FRHT-TRUCK/BUS,2013.0,0.0,,,Parked,Left Front Quarter Panel,Left Front Quarter Panel,,,,N,,Unspecified,Unspecified,,,,1.0,0.0,0,0,0,0,1,0,Station Wagon/Sport Utility Vehicle,Station Wagon/Sport Utility Vehicle,1
20122763,4484624,12/04/2021,04:33,29906e17-4433-4cae-9ec6-df4d394ee537,Sedan,CHEV -CAR/SUV,2010.0,1.0,M,Licensed,Stopped in Traffic,Left Rear Quarter Panel,No Damage,No Damage,No Damage,No Damage,N,,Unspecified,Unspecified,STATEN ISLAND,10310.0,"    (40.63173, -74.1249)",2.0,0.0,0,0,0,0,2,0,Sedan,Sedan,1
20086691,4467824,10/15/2021,18:30,d3969850-00de-4991-9dec-fc577e5edd88,Sedan,TOYT -CAR/SUV,2017.0,2.0,M,Licensed,Going Straight Ahead,Right Front Bumper,Right Front Bumper,Right Front Quarter Panel,Center Front End,,N,,Unspecified,Unspecified,,,"    (40.654313, -73.9175769)",2.0,0.0,0,0,0,0,2,0,Sedan,Sedan,1
20048946,4451343,08/27/2021,12:20,ac2d5127-1f2b-48eb-84f5-bf032fcdf9f7,Station Wagon/Sport Utility Vehicle,HOND -CAR/SUV,2003.0,1.0,M,Licensed,Making Right Turn,Left Front Bumper,Center Front End,Roof,Left Front Quarter Panel,Left Side Doors,N,,Driver Inattention/Distraction,Unsafe Speed,,,"    (40.85512, -73.872215)",0.0,0.0,0,0,0,0,0,0,Station Wagon/Sport Utility Vehicle,,0
20086147,4468079,10/16/2021,20:32,10b468bc-129e-4e06-b66d-a4e239773980,Sedan,ACUR -CAR/SUV,2008.0,1.0,M,Licensed,Going Straight Ahead,Center Back End,Center Back End,Center Back End,Center Back End,No Damage,N,,Driver Inattention/Distraction,Following Too Closely,BROOKLYN,11232.0,"    (40.665887, -73.996399)",1.0,0.0,0,0,0,0,1,0,Sedan,Sedan,1
20050602,4451956,08/28/2021,09:10,86cd1673-b6ad-41de-b000-72483de4e805,Station Wagon/Sport Utility Vehicle,LEXS -CAR/SUV,2013.0,2.0,F,Licensed,Going Straight Ahead,Center Front End,Left Front Bumper,Right Front Bumper,No Damage,No Damage,N,,Driver Inattention/Distraction,Driver Inattention/Distraction,,,"    (40.5726, -74.16669)",2.0,0.0,0,0,0,0,2,0,Sedan,Station Wagon/Sport Utility Vehicle,1
20072052,4461757,09/27/2021,00:25,8dc4d214-ec08-4642-bfc8-4b328311826d,Sedan,HOND -CAR/SUV,,1.0,,,Going Straight Ahead,Right Front Bumper,No Damage,,,,Unspecified,,Unspecified,Unspecified,,,"    (40.723305, -74.00299)",0.0,0.0,0,0,0,0,0,0,Bike,Sedan,0
20063817,4455697,09/10/2021,17:10,3c8c06eb-2cd9-4e89-902a-3ab21aa1264e,Sedan,CHEV -CAR/SUV,2015.0,1.0,M,Licensed,Going Straight Ahead,Center Back End,Center Back End,No Damage,No Damage,No Damage,N,,Unspecified,Unspecified,,,"    (40.69611, -73.96406)",0.0,0.0,0,0,0,0,0,0,Sedan,Sedan,0
20102259,4475425,11/07/2021,18:00,3490f74d-d890-4bee-9c64-44d8c53b9b8f,Station Wagon/Sport Utility Vehicle,CHEV -CAR/SUV,,1.0,,,Making Right Turn,Right Front Bumper,Right Front Bumper,,,,N,,Turning Improperly,Unspecified,BROOKLYN,11219.0,"    (40.61971, -73.99729)",0.0,0.0,0,0,0,0,0,0,Station Wagon/Sport Utility Vehicle,Station Wagon/Sport Utility Vehicle,0
19837794,4387515,01/28/2021,16:00,446d0af2-e440-485b-b9f9-e15f682f25e1,Station Wagon/Sport Utility Vehicle,NISS -CAR/SUV,2014.0,1.0,F,Licensed,Going Straight Ahead,Right Front Bumper,Right Front Bumper,Center Front End,Left Front Bumper,Right Front Quarter Panel,N,,Unspecified,Unspecified,QUEENS,11420.0,"(40.66609, -73.82809)",1.0,0.0,0,0,0,0,1,0,Station Wagon/Sport Utility Vehicle,Sedan,1
19997937,4419495,05/23/2021,13:23,2d30e93a-227f-488e-8b90-1d3aa684089f,Sedan,MERZ -CAR/SUV,2009.0,0.0,,,Parked,Left Front Bumper,Left Front Bumper,Left Front Quarter Panel,No Damage,No Damage,N,,Unspecified,Unspecified,QUEENS,11379.0,"    (40.71626, -73.88151)",0.0,0.0,0,0,0,0,0,0,Sedan,,0
19992032,4424912,06/06/2021,07:17,310211c1-0051-4157-9fe1-82fc20426761,Sedan,TOYT -CAR/SUV,2015.0,1.0,M,Licensed,Making Left Turn,Center Front End,Left Front Quarter Panel,Left Side Doors,Left Front Bumper,No Damage,Y,,Steering Failure,Driver Inattention/Distraction,QUEENS,11412.0,"    (40.707176, -73.76443)",0.0,0.0,0,0,0,0,0,0,Sedan,Sedan,0
19976355,4422520,05/31/2021,14:30,1ed01e2b-4183-4ba0-a34d-1b78c716840e,Pick-up Truck,CHEV -CAR/SUV,1986.0,1.0,M,Licensed,Stopped in Traffic,Center Front End,Center Front End,Left Front Bumper,Right Front Bumper,Left Front Quarter Panel,N,,Brakes Defective,Unspecified,STATEN ISLAND,10301.0,"    (40.634533, -74.0867)",3.0,0.0,0,0,0,0,3,0,Pick-up Truck,Taxi,1
20127524,4486687,12/14/2021,14:34,18602ac7-e611-4f24-a55a-797604ed0c54,Station Wagon/Sport Utility Vehicle,TOYT -CAR/SUV,2006.0,2.0,F,Licensed,Going Straight Ahead,Center Front End,No Damage,No Damage,No Damage,No Damage,N,,Pedestrian/Bicyclist/Other Pedestrian Error/Confusion,Unspecified,BRONX,10468.0,"    (40.86135, -73.9062)",1.0,0.0,1,0,0,0,0,0,Station Wagon/Sport Utility Vehicle,,1