UNIQUE_ID,COLLISION_ID,CRASH_DATE,CRASH_TIME,VEHICLE_ID,VEHICLE_TYPE,VEHICLE_MAKE,VEHICLE_YEAR,VEHICLE_OCCUPANTS,DRIVER_SEX,DRIVER_LICENSE_STATUS,PRE_CRASH,POINT_OF_IMPACT,VEHICLE_DAMAGE,VEHICLE_DAMAGE_1,VEHICLE_DAMAGE_2,VEHICLE_DAMAGE_3,PUBLIC_PROPERTY_DAMAGE,PUBLIC_PROPERTY_DAMAGE_TYPE,CONTRIBUTING_FACTOR_1,CONTRIBUTING_FACTOR_2,BOROUGH,ZIP CODE,LOCATION,NUMBER OF PERSONS INJURED,NUMBER OF PERSONS KILLED,NUMBER OF PEDESTRIANS INJURED,NUMBER OF PEDESTRIANS KILLED,NUMBER OF CYCLIST INJURED,NUMBER OF CYCLIST KILLED,NUMBER OF MOTORIST INJURED,NUMBER OF MOTORIST KILLED,VEHICLE TYPE CODE 1,VEHICLE TYPE CODE 2,Severity
20056405,4454835,09/07/2021,18:19,b453384b-2a7c-4d99-a6b3-9938c00bec11,Station Wagon/Sport Utility Vehicle,KIA -CAR/SUV,2022.0,1.0,F,Licensed,Going Straight Ahead,Right Front Quarter Panel,Right Front Quarter Panel,Right Side Doors,Right Rear Quarter Panel,,N,,Unspecified,Unspecified,BRONX,10465.0,"    (40.8262, -73.821686)",0.0,0.0,0,0,0,0,0,0,Station Wagon/Sport Utility Vehicle,Station Wagon/Sport Utility Vehicle,0
20127921,4487002,12/15/2021,15:10,ee09afc0-e98e-40c3-826b-8c7bde71bbe1,Station Wagon/Sport Utility Vehicle,LINC -CAR/SUV,2019.0,0.0,,,Parked,Left Front Bumper,Left Front Bumper,Left Front Quarter Panel,No Damage,No Damage,N,,Unspecified,Unspecified,STATEN ISLAND,10310.0,"    (40.6287, -74.11615)",0.0,0.0,0,0,0,0,0,0,Station Wagon/Sport Utility Vehicle,,0
19976376,4404923,04/05/2021,02:30,68063eae-0a0f-439c-bcef-b261450822c2,E-Scooter,YAMA,,2.0,,,Going Straight Ahead,No Damage,No Damage,No Damage,,,N,,Unspecified,Unspecified,,,"    (40.83609, -73.87039)",7.0,0.0,0,0,0,0,0,0,E-Scooter,E-Scooter,1
20112627,4479921,11/21/2021,20:08,1438b156-ee61-42e5-8d57-e85d2d3af9f7,Sedan,FORD -CAR/SUV,2002.0,1.0,M,Licensed,Going Straight Ahead,Left Front Bumper,Center Front End,Right Front Bumper,Left Front Bumper,,N,,Unspecified,Unspecified,,,"    (40.744167, -73.91248)",1.0,0.0,0,0,0,0,1,0,Sedan,Sedan,1
19986852,4432545,06/29/2021,12:10,20f5fab6-63e7-471f-bde9-2a0295d12d9d,Sedan,KIA -CAR/SUV,2020.0,1.0,M,Licensed,Going Straight Ahead,Center Front End,Left Front Bumper,Center Front End,Right Front Bumper,,N,,Unspecified,Unspecified,STATEN ISLAND,10310.0,"    (40.632675, -74.116844)",1.0,0.0,0,0,0,0,0,0,Sedan,E-Scooter,1
19867101,4400554,03/20/2021,16:06,4e797a6a-089c-4734-ba21-70348d9a31af,Station Wagon/Sport Utility Vehicle,LEXS -CAR/SUV,2017.0,1.0,F,Licensed,Going Straight Ahead,Center Back End,Center Back End,,,,N,,Unspecified,Unspecified,,,"(40.74132, -73.78478)",5.0,0.0,0,0,0,0,5,0,Sedan,Sedan,1
20051641,4452612,08/31/2021,23:17,9fd47d43-edec-4e8e-b771-ed30f7d0f524,Bus,WSC,2018.0,1.0,M,Licensed,Entering Parked Position,Right Rear Quarter Panel,No Damage,No Damage,No Damage,No Damage,N,,Unspecified,Unspecified,BRONX,10455.0,"    (40.816463, -73.919235)",1.0,0.0,0,0,0,0,1,0,Station Wagon/Sport Utility Vehicle,Bus,1
20116450,4472590,10/30/2021,22:31,bba54ebd-5308-4294-9d32-f5f7e2acbdd3,Sedan,ACUR -CAR/SUV,2005.0,1.0,M,,Going Straight Ahead,Right Front Bumper,Left Front Bumper,Center Front End,Right Front Quarter Panel,Left Front Quarter Panel,N,,Unsafe Speed,Driver Inattention/Distraction,BROOKLYN,11208.0,"    (40.685116, -73.870514)",1.0,0.0,0,0,0,0,1,0,Sedan,Station Wagon/Sport Utility Vehicle,1
20122036,4484341,12/07/2021,09:20,0da8e5da-f79b-43b8-bb45-2dfc306047c1,Station Wagon/Sport Utility Vehicle,FORD -CAR/SUV,2014.0,2.0,M,Licensed,Making Left Turn,Left Front Bumper,Left Front Bumper,,,,N,,Failure to Yield Right-of-Way,Turning Improperly,,,"    (40.701405, -73.82392)",1.0,0.0,1,0,0,0,0,0,Station Wagon/Sport Utility Vehicle,,1
19852367,4394053,02/23/2021,18:25,7cb95653-494f-4151-957a-27a5ae508f4a,Station Wagon/Sport Utility Vehicle,ISU -CAR/SUV,2008.0,1.0,,,Going Straight Ahead,Right Front Bumper,No Damage,,,,N,,Driver Inattention/Distraction,Failure to Yield Right-of-Way,QUEENS,11368.0,"(40.739056, -73.86287)",1.0,0.0,1,0,0,0,0,0,Station Wagon/Sport Utility Vehicle,,1
20069784,4460432,09/23/2021,09:18,0e3150cd-cf0f-4398-a5fa-86584347360a,Sedan,TOYT -CAR/SUV,2019.0,1.0,F,Licensed,Making Left Turn,Right Front Bumper,Right Front Bumper,,,,N,,Unspecified,Unspecified,BROOKLYN,11225.0,"    (40.66536, -73.956985)",2.0,0.0,0,0,1,0,1,0,Sedan,E-Bike,1
20019784,4438237,07/17/2021,01:10,8b293608-1b12-40d3-8560-eea8d57f322c,Station Wagon/Sport Utility Vehicle,JEEP -CAR/SUV,2011.0,0.0,,,Parked,Left Rear Quarter Panel,Left Rear Quarter Panel,,,,N,,Unspecified,Unspecified,BRONX,10453.0,"    (40.85381, -73.91386)",0.0,0.0,0,0,0,0,0,0,Station Wagon/Sport Utility Vehicle,,0
20114254,4480891,11/21/2021,13:50,16b3d901-185d-4b25-a8e7-75bac6461f71,Sedan,BMW -CAR/SUV,2019.0,1.0,F,Licensed,Slowing or Stopping,Center Front End,Center Front End,,,,N,,Unspecified,Unspecified,BROOKLYN,11223.0,"    (40.60988, -73.96338)",1.0,0.0,0,0,0,0,1,0,Sedan,Sedan,1
19845971,4391254,02/11/2021,17:37,add88362-5efc-447a-ba91-db27c9b3948b,Sedan,TOYT -CAR/SUV,2019.0,0.0,,,Parked,Left Front Quarter Panel,Left Front Quarter Panel,Left Side Doors,No Damage,No Damage,N,,Unspecified,Unspecified,BROOKLYN,11232.0,"(40.66357, -73.99562)",0.0,0.0,0,0,0,0,0,0,Sedan,,0
19963681,4405116,04/06/2021,09:06,a0f7790f-bc79-48ee-a1d3-b0431475ef02,Station Wagon/Sport Utility Vehicle,JEEP -CAR/SUV,2020.0,0.0,,,Parked,Right Front Quarter Panel,Right Front Quarter Panel,,,,N,,Unspecified,Unspecified,,,"(40.70499, -73.91736)",0.0,0.0,0,0,0,0,0,0,Station Wagon/Sport Utility Vehicle,,0
20001720,4418615,05/20/2021,17:45,442205c2-cf70-4c17-b711-e9150ee0ce40,Station Wagon/Sport Utility Vehicle,TOYT -CAR/SUV,2020.0,2.0,M,Licensed,Going Straight Ahead,Right Side Doors,Right Front Quarter Panel,Right Rear Quarter Panel,,,N,,Unspecified,Unspecified,BROOKLYN,11212.0,"    (40.664375, -73.92376)",0.0,0.0,0,0,0,0,0,0,Station Wagon/Sport Utility Vehicle,Sedan,0
19839147,4388242,01/26/2021,19:00,ab100190-29af-422a-a554-66f7d9e4716c,Bus,NE/ FL,2018.0,1.0,M,Licensed,Making Right Turn,Right Side Doors,Right Side Doors,No Damage,No Damage,No Damage,N,,Driver Inattention/Distraction,Unspecified,MANHATTAN,10065.0,"(40.764286, -73.95562)",0.0,0.0,0,0,0,0,0,0,Station Wagon/Sport Utility Vehicle,Bus,0
20075543,4463233,10/02/2021,18:39,8b56d209-a329-4e87-b5a5-ea24998d7e21,Open Body,SUZI -ATV,,1.0,,,Going Straight Ahead,Center Front End,No Damage,No Damage,No Damage,,N,,Aggressive Driving/Road Rage,Driver Inattention/Distraction,QUEENS,11416.0,"    (40.68815, -73.84884)",0.0,0.0,0,0,0,0,0,0,Sedan,Open Body,0
19839380,4388291,01/29/2021,20:06,c41113e5-a794-4cba-a9b5-5a1b690c430d,Station Wagon/Sport Utility Vehicle,GMC -CAR/SUV,1996.0,1.0,M,Licensed,Parked,Right Front Quarter Panel,Other,,,,N,,Unspecified,Unspecified,BROOKLYN,11233.0,"(40.67435, -73.91778)",0.0,0.0,0,0,0,0,0,0,Station Wagon/Sport Utility Vehicle,Station Wagon/Sport Utility Vehicle,0
19839546,4388167,01/29/2021,21:20,ed1a0232-28b1-469f-9013-98bdb542bab8,Sedan,NISS -CAR/SUV,2012.0,0.0,,,Parked,Left Rear Bumper,Left Rear Bumper,Center Back End,Left Rear Quarter Panel,,N,,Unspecified,Unspecified,BROOKLYN,11203.0,"(40.64354, -73.94397)",1.0,0.0,0,0,0,0,1,0,Station Wagon/Sport Utility Vehicle,Sedan,1
20012832,4435029,07/03/2021,08:20,2223bfe0-ffb7-4937-8de5-ea382bfed8b8,Sedan,JEEP -CAR/SUV,2011.0,0.0,F,Licensed,Parked,Right Front Bumper,Right Front Bumper,Center Front End,Left Front Bumper,Right Front Bumper,N,,Unspecified,Unspecified,MANHATTAN,10027.0,"    (40.811626, -73.95253)",0.0,0.0,0,0,0,0,0,0,Box Truck,Sedan,0
20086242,4467870,10/16/2021,23:10,4b0957de-bb56-499d-8288-595215b57ef1,Station Wagon/Sport Utility Vehicle,ACUR -CAR/SUV,2015.0,0.0,,,Parked,Left Rear Bumper,Left Rear Bumper,Center Back End,Left Rear Quarter Panel,,N,,Unspecified,Unspecified,QUEENS,11369.0,"    (40.7587675, -73.8767075)",0.0,0.0,0,0,0,0,0,0,Station Wagon/Sport Utility Vehicle,Sedan,0
19861626,4397961,03/09/2021,19:03,33840f00-00ad-4b5e-8f10-b9b11b1b9618,Station Wagon/Sport Utility Vehicle,TOYT -CAR/SUV,2019.0,0.0,,,Parked,Left Front Quarter Panel,Left Front Quarter Panel,No Damage,No Damage,No Damage,N,,Unspecified,Unspecified,BROOKLYN,11208.0,"(40.660156, -73.87752)",0.0,0.0,0,0,0,0,0,0,Station Wagon/Sport Utility Vehicle,,0
20054158,4453719,09/03/2021,08:40,9659a2b5-6fe4-472b-b11e-9c61ee9b7d15,Flat Bed,Big Tex Trailer,2022.0,1.0,,,Making Left Turn,No Damage,No Damage,,,,Unspecified,,Driver Inattention/Distraction,Unspecified,QUEENS,11101.0,"    (40.749336, -73.94036)",0.0,0.0,0,0,0,0,0,0,Sedan,Flat Bed,0
20008569,4429616,06/21/2021,04:00,019807ca-7c77-4e25-8599-f78fd3ed3ed7,Station Wagon/Sport Utility Vehicle,LEXS -CAR/SUV,2016.0,1.0,F,Licensed,Parked,Left Rear Quarter Panel,Left Rear Quarter Panel,Left Side Doors,Left Front Quarter Panel,,N,,Failure to Keep Right,Unspecified,QUEENS,11355.0,"    (40.755764, -73.834595)",0.0,0.0,0,0,0,0,0,0,Station Wagon/Sport Utility Vehicle,Station Wagon/Sport Utility Vehicle,0
20093638,4471460,10/26/2021,11:10,86409a4d-3434-490d-9734-a7d2a573273d,Sedan,SUBA -CAR/SUV,2016.0,1.0,M,Licensed,Parked,Left Front Quarter Panel,Left Side Doors,No Damage,No Damage,No Damage,N,,Unspecified,Unspecified,BROOKLYN,11238.0,"    (40.687305, -73.96061)",0.0,0.0,0,0,0,0,0,0,Sedan,Box Truck,0
20122469,4478545,11/18/2021,03:30,6ecb9119-67c2-427d-9322-bb3262986c68,Sedan,HOND -CAR/SUV,2007.0,0.0,,,Parked,Left Front Quarter Panel,Left Front Quarter Panel,,,,N,,Unspecified,Unspecified,BROOKLYN,11208.0,"    (40.67854, -73.86505)",0.0,0.0,0,0,0,0,0,0,Sedan,Sedan,0
19947245,4431835,06/28/2021,12:30,bb4e6a90-eea1-46df-b950-26bac4567556,Box Truck,INTL-TRUCK/BUS,2021.0,2.0,M,Licensed,Going Straight Ahead,Left Front Quarter Panel,Left Front Quarter Panel,No Damage,No Damage,No Damage,N,,Passing Too Closely,Driver Inexperience,MANHATTAN,10014.0,"    (40.734577, -74.00522)",0.0,0.0,0,0,0,0,0,0,Station Wagon/Sport Utility Vehicle,Box Truck,0
20051637,4452611,09/01/2021,00:11,75bd0251-2b76-47d9-b348-6ff3d6239a83,Station Wagon/Sport Utility Vehicle,ACUR -CAR/SUV,2009.0,0.0,,,Parked,Left Rear Bumper,Left Rear Quarter Panel,Left Side Doors,Center Back End,,N,,Unspecified,Unspecified,BRONX,10454.0,"    (40.807056, -73.92208)",0.0,0.0,0,0,0,0,0,0,Station Wagon/Sport Utility Vehicle,Sedan,0
20117998,4482218,11/29/2021,20:00,c01a9de5-ba93-4762-988f-89ea0cf75545,Station Wagon/Sport Utility Vehicle,DODG -CAR/SUV,2012.0,1.0,M,Licensed,Going Straight Ahead,Left Front Quarter Panel,Left Front Quarter Panel,Left Side Doors,Center Front End,Demolished,N,,Unspecified,Unspecified,QUEENS,11412.0,"    (40.70017, -73.76937)",2.0,0.0,0,0,0,0,2,0,Station Wagon/Sport Utility Vehicle,Station Wagon/Sport Utility Vehicle,1
20086605,4468303,10/18/2021,00:05,f797a8f2-c128-47bc-891d-0ca405143e6c,Sedan,NISS -CAR/SUV,2020.0,1.0,,,Parked,Center Front End,Center Front End,,,,N,,Unspecified,Unspecified,BRONX,10470.0,"    (40.9024848, -73.8525061)",0.0,0.0,0,0,0,0,0,0,Sedan,Sedan,0
20035870,4445289,08/08/2021,23:45,23462d53-972d-4630-aa8e-1a2f50c35ac8,Station Wagon/Sport Utility Vehicle,HOND -CAR/SUV,2019.0,5.0,M,Licensed,Going Straight Ahead,Left Rear Bumper,Left Rear Bumper,Left Rear Quarter Panel,Center Back End,No Damage,N,,Unspecified,Unspecified,,,"    (40.702614, -73.96058)",5.0,0.0,0,0,0,0,5,0,Station Wagon/Sport Utility Vehicle,Station Wagon/Sport Utility Vehicle,1
19960354,4423023,06/02/2021,16:51,c2a67b37-e828-4c8a-9be4-322ccdac1f58,Station Wagon/Sport Utility Vehicle,freig,2007.0,2.0,M,Licensed,Going Straight Ahead,Left Front Bumper,No Damage,No Damage,No Damage,No Damage,N,,Passing Too Closely,Unspecified,MANHATTAN,10016.0,"    (40.748363, -73.98041)",0.0,0.0,0,0,0,0,0,0,Station Wagon/Sport Utility Vehicle,Convertible,0
19837539,4387357,01/27/2021,15:25,992491bf-3059-4309-916f-207e404e4c4b,Sedan,CHEV -CAR/SUV,2012.0,1.0,F,Licensed,Stopped in Traffic,Center Back End,Center Back End,Right Rear Bumper,Left Rear Bumper,,N,,Unspecified,Unspecified,,,,0.0,0.0,0,0,0,0,0,0,Sedan,Sedan,0
20062310,4457292,09/14/2021,22:15,8d832fa0-9171-48f3-9b8c-065f5cfe7055,Sedan,TOYT -CAR/SUV,2013.0,2.0,M,Licensed,Slowing or Stopping,Center Back End,Right Rear Bumper,Center Back End,No Damage,No Damage,N,,Driver Inattention/Distraction,Driver Inexperience,BROOKLYN,11225.0,"    (40.666435, -73.95341)",1.0,0.0,0,0,0,0,1,0,Sedan,Sedan,1
19839378,4388138,01/29/2021,11:50,e904323f-ecfc-4fb0-9a26-0c4008a664c5,Station Wagon/Sport Utility Vehicle,AUDI -CAR/SUV,2016.0,0.0,,,Parked,Right Front Bumper,Right Front Bumper,Center Front End,,,Unspecified,,Unspecified,Unspecified,BROOKLYN,11249.0,"(40.705765, -73.96684)",0.0,0.0,0,0,0,0,0,0,Station Wagon/Sport Utility Vehicle,Station Wagon/Sport Utility Vehicle,0
19839537,4388047,01/28/2021,21:48,b7cf2e32-7f2e-4cd3-b37f-3555c85e0c71,Sedan,NISS -CAR/SUV,2011.0,0.0,,,Parked,Left Front Bumper,Left Rear Quarter Panel,No Damage,No Damage,No Damage,N,,Unspecified,Unspecified,BROOKLYN,11203.0,"(40.653862, -73.9296)",0.0,0.0,0,0,0,0,0,0,Sedan,,0
20032979,4443975,08/04/2021,16:00,2d0d2d9e-02a6-4bc9-99cb-153bf7beab57,Station Wagon/Sport Utility Vehicle,HOND -CAR/SUV,2021.0,1.0,F,Licensed,Going Straight Ahead,Other,Other,No Damage,No Damage,No Damage,N,,Obstruction/Debris,Unspecified,,,"    (40.84519, -73.9112)",0.0,0.0,0,0,0,0,0,0,Station Wagon/Sport Utility Vehicle,,0
20034549,4445031,08/04/2021,00:00,739c9a26-80bb-4115-93d8-9562aee5bf9d,Tractor Truck Diesel,FRHT-TRUCK/BUS,2018.0,1.0,M,Licensed,,Other,No Damage,No Damage,,,N,,Passing Too Closely,Unspecified,BROOKLYN,11215.0,"    (40.670074, -73.98638)",0.0,0.0,0,0,0,0,0,0,Tractor Truck Diesel,Sedan,0
20136805,4491043,12/31/2021,21:30,a9941c09-d081-48a0-b4a0-095bde229710,Sedan,INFI -CAR/SUV,2017.0,1.0,M,Licensed,Going Straight Ahead,Left Front Quarter Panel,Left Front Quarter Panel,Left Rear Quarter Panel,Left Side Doors,No Damage,N,,Illnes,Lost Consciousness,,,,1.0,0.0,0,0,0,0,1,0,Sedan,,1
20030169,4442344,07/27/2021,13:22,f3a0eb38-5350-44c0-8f3b-7a0396b143a8,Taxi,TOYT -CAR/SUV,2017.0,3.0,M,Licensed,Slowing or Stopping,Center Back End,Center Back End,Left Rear Bumper,Right Rear Bumper,Left Rear Quarter Panel,N,,Unspecified,Unspecified,,,,2.0,0.0,0,0,0,0,2,0,Taxi,Sedan,1
20064385,4457735,09/15/2021,08:25,c907e707-263d-4e0b-bc11-4d54a64a5891,Sedan,TOYT -CAR/SUV,2020.0,1.0,F,Licensed,Going Straight Ahead,Center Front End,Center Front End,Left Front Bumper,Right Front Bumper,,N,,Unspecified,Unspecified,QUEENS,11691.0,"    (40.59955, -73.76129)",1.0,0.0,0,0,0,0,1,0,Sedan,,1
20089820,4469561,10/21/2021,09:48,7d49d421-00ef-4cd6-bc7a-20a7ee517825,Sedan,TOYT -CAR/SUV,2016.0,1.0,M,Licensed,Going Straight Ahead,Center Back End,Center Back End,No Damage,No Damage,No Damage,N,,Unspecified,Unspecified,BRONX,10469.0,"    (40.8733019, -73.8536375)",1.0,0.0,0,0,0,0,1,0,Sedan,Station Wagon/Sport Utility Vehicle,1
19953073,4407105,04/12/2021,15:34,77172d38-fdc9-4d7e-b69f-660e612f19a4,Sedan,KIA -CAR/SUV,2007.0,1.0,,,Going Straight Ahead,Center Front End,Center Front End,,,,N,,Following Too Closely,Driver Inexperience,BRONX,10459.0,"(40.820984, -73.891624)",0.0,0.0,0,0,0,0,0,0,Sedan,Sedan,0
20046887,4450399,08/24/2021,14:08,43d4bf9c-b3b6-4a8c-9e8e-ef0fefd51917,Station Wagon/Sport Utility Vehicle,TOYT -CAR/SUV,2021.0,1.0,M,Licensed,Going Straight Ahead,Right Front Bumper,Right Front Bumper,,,,N,,Unspecified,Unspecified,MANHATTAN,10035.0,"    (40.803425, -73.93309)",0.0,0.0,0,0,0,0,0,0,Station Wagon/Sport Utility Vehicle,Sedan,0
20069495,4460183,09/23/2021,10:25,56bc8de2-aba6-4c4b-939d-22e60a730bbd,Sedan,NISS -CAR/SUV,,1.0,,,Backing,No Damage,No Damage,,,,N,,Unspecified,Unspecified,QUEENS,11106.0,"    (40.760662, -73.93879)",0.0,0.0,0,0,0,0,0,0,Sedan,Sedan,0
20016567,4435253,07/05/2021,00:05,9a7fd7c7-fb39-4b1d-81e7-1b31bb07cac3,Sedan,HYUN -CAR/SUV,2018.0,2.0,M,,Going Straight Ahead,Center Front End,Center Front End,Right Front Bumper,Left Front Bumper,Center Back End,N,,Driver Inattention/Distraction,Unspecified,,,"    (40.716133, -73.8185)",2.0,0.0,0,0,0,0,2,0,Station Wagon/Sport Utility Vehicle,Sedan,1
20088118,4468958,10/19/2021,08:13,849faba7-a238-469e-8c03-e2b915fe924f,Station Wagon/Sport Utility Vehicle,TOYT -CAR/SUV,2019.0,0.0,,,Parked,Left Front Quarter Panel,Left Front Quarter Panel,,,,Unspecified,,Unspecified,Unspecified,BROOKLYN,11206.0,"    (40.7041489, -73.9463747)",0.0,0.0,0,0,0,0,0,0,Station Wagon/Sport Utility Vehicle,,0
20071840,4461298,09/25/2021,16:21,4fa71f46-8711-482d-a3d6-91bc35151ecb,Sedan,TOYT -CAR/SUV,2011.0,1.0,M,Licensed,Making Right Turn,Left Front Quarter Panel,Left Front Quarter Panel,Left Side Doors,,,N,,Unspecified,Unspecified,QUEENS,11413.0,"    (40.666405, -73.74538)",2.0,0.0,0,0,0,0,2,0,Sedan,Sedan,1
20089727,4469417,10/21/2021,08:00,937289ff-ad10-41f2-aa46-e528c92b1b48,Sedan,HYUN -CAR/SUV,2011.0,0.0,,,Parked,Left Rear Bumper,Left Rear Bumper,Left Rear Quarter Panel,,,N,,Unspecified,Unspecified,QUEENS,11420.0,"    (40.6750028, -73.8243414)",0.0,0.0,0,0,0,0,0,0,Sedan,Sedan,0
19950608,4399082,03/14/2021,14:05,2750f207-e506-4df0-b0ce-9caa8f2b0020,Station Wagon/Sport Utility Vehicle,ACUR -CAR/SUV,2014.0,1.0,M,Licensed,Making Left Turn,Right Rear Quarter Panel,Right Rear Quarter Panel,,,,N,,Unspecified,Unspecified,BRONX,10458.0,"(40.86226, -73.89589)",0.0,0.0,0,0,0,0,0,0,Station Wagon/Sport Utility Vehicle,Sedan,0
20098217,4473298,11/01/2021,10:15,2ae802cc-b59b-4099-9e25-5474447a05f4,Sedan,NISS -CAR/SUV,1993.0,1.0,M,Licensed,Going Straight Ahead,Left Front Bumper,Left Front Bumper,,,,N,,Traffic Control Disregarded,Unsafe Speed,BROOKLYN,11210.0,"    (40.636627, -73.94226)",0.0,0.0,0,0,0,0,0,0,Sedan,Sedan,0
20046060,4450095,08/24/2021,10:35,7e924292-3c62-4b1d-a1c9-56c3acd6d313,Sedan,BMW -CAR/SUV,2020.0,0.0,,,Parked,Left Rear Quarter Panel,Left Rear Quarter Panel,Center Front End,,,Unspecified,,Unspecified,Unspecified,BROOKLYN,11235.0,"    (40.57936, -73.96505)",1.0,0.0,0,0,0,0,1,0,Station Wagon/Sport Utility Vehicle,Station Wagon/Sport Utility Vehicle,1
20079067,4464653,10/04/2021,19:14,e95599be-365f-424a-8ebe-c10520796931,Sedan,BMW -CAR/SUV,2019.0,0.0,M,Licensed,Parked,Left Front Quarter Panel,Left Front Quarter Panel,Left Front Bumper,No Damage,No Damage,N,,Unspecified,Unspecified,BRONX,10453.0,"    (40.85937, -73.9068)",0.0,0.0,0,0,0,0,0,0,Sedan,,0
20077415,4463927,10/02/2021,14:30,26796100-9907-4c3a-972b-cb01a6c396e9,Station Wagon/Sport Utility Vehicle,JEEP -CAR/SUV,2020.0,1.0,,,Going Straight Ahead,Center Front End,,,,,N,,Following Too Closely,Unsafe Speed,QUEENS,11416.0,"    (40.685463, -73.84747)",1.0,0.0,0,0,0,0,1,0,Sedan,Station Wagon/Sport Utility Vehicle,1
19976678,4404881,04/05/2021,12:54,04b2df71-bbae-4490-8bb2-de35fbf1ec37,Sedan,HOND -CAR/SUV,2020.0,2.0,M,Licensed,Going Straight Ahead,Center Back End,Center Back End,Left Front Quarter Panel,No Damage,No Damage,N,,Unspecified,Unspecified,,,"(40.826298, -73.85742)",0.0,0.0,0,0,0,0,0,0,Sedan,Sedan,0
19945975,4402426,03/25/2021,09:37,be525b41-7c36-4bb0-8eb3-bf40535ca683,Sedan,ACUR -CAR/SUV,,,,,Going Straight Ahead,No Damage,No Damage,No Damage,No Damage,No Damage,Y,,Following Too Closely,,BROOKLYN,11233.0,"(0.0, 0.0)",0.0,0.0,0,0,0,0,0,0,Sedan,,0
20082932,4459742,09/21/2021,14:30,7ebe1fc7-db01-4263-8999-0de2d768187d,Sedan,CHRY -CAR/SUV,2002.0,1.0,,,Parked,Center Front End,Center Front End,Right Front Bumper,Left Front Bumper,Left Front Quarter Panel,N,,Unspecified,Unspecified,BRONX,10475.0,"    (40.875133, -73.8333395)",6.0,0.0,6,0,0,0,0,0,Station Wagon/Sport Utility Vehicle,Sedan,1
19992568,4421431,05/29/2021,01:50,02a60552-5dde-4571-829e-0439ec9f3508,Sedan,FORD -CAR/SUV,2015.0,2.0,F,Licensed,Going Straight Ahead,Right Front Bumper,Right Front Bumper,Right Front Quarter Panel,No Damage,No Damage,N,,View Obstructed/Limited,Unspecified,BROOKLYN,11212.0,"    (40.66827, -73.90263)",0.0,0.0,0,0,0,0,0,0,Sedan,Station Wagon/Sport Utility Vehicle,0
20080417,4465221,09/24/2021,07:00,3f924648-192d-401d-801d-c518eb5fa483,Sedan,HOND -CAR/SUV,2012.0,,,,,Right Rear Quarter Panel,No Damage,,,,N,,Aggressive Driving/Road Rage,,BRONX,10473.0,"    (40.82153, -73.87863)",0.0,0.0,0,0,0,0,0,0,Sedan,,0
20010763,4425337,06/09/2021,21:27,f4c9ab88-2416-4a65-951d-5775c88e5e56,Sedan,SUBA -CAR/SUV,2010.0,0.0,M,Licensed,Parked,Left Front Bumper,Left Front Quarter Panel,Left Rear Quarter Panel,Left Rear Bumper,,N,,Unspecified,Unspecified,QUEENS,11434.0,"    (40.66212, -73.770164)",0.0,0.0,0,0,0,0,0,0,Sedan,,0
20028061,4441750,07/26/2021,10:31,91eb2a66-68db-4198-8069-92d1b2b0d4c9,Station Wagon/Sport Utility Vehicle,HOND -CAR/SUV,2007.0,1.0,M,Licensed,Going Straight Ahead,Right Front Quarter Panel,Right Front Quarter Panel,Right Front Quarter Panel,Right Front Quarter Panel,Right Front Quarter Panel,N,,Lost Consciousness,Unspecified,,,"    (40.681488, -73.77233)",1.0,0.0,0,0,0,0,1,0,Station Wagon/Sport Utility Vehicle,Sedan,1
20125966,4486047,12/11/2021,21:14,b2a2c9c5-f487-42cb-a574-b90d444c965b,Sedan,MERZ -CAR/SUV,,0.0,,,Parked,Center Back End,Left Front Bumper,Center Back End,Left Rear Bumper,Left Front Bumper,N,,Unspecified,Unspecified,,,"    (40.59654, -73.93538)",0.0,0.0,0,0,0,0,0,0,Station Wagon/Sport Utility Vehicle,Sedan,0
20030436,4443063,08/02/2021,16:35,4fa4d2fe-9795-4b8f-a493-bb8255c18719,Convertible,AUDI -CAR/SUV,2010.0,1.0,M,Licensed,Parked,Center Back End,Center Back End,,,,N,,Unspecified,Unspecified,BROOKLYN,11201.0,"    (40.69421, -73.99492)",0.0,0.0,0,0,0,0,0,0,Convertible,Station Wagon/Sport Utility Vehicle,0
19955979,4401852,03/25/2021,20:04,b1215c34-5416-4224-b95e-3144fcb9afee,Sedan,HOND -CAR/SUV,2007.0,1.0,F,Licensed,Going Straight Ahead,Center Back End,Center Back End,,,,N,,Unspecified,Unspecified,,,"(40.586098, -73.93237)",0.0,0.0,0,0,0,0,0,0,Sedan,Station Wagon/Sport Utility Vehicle,0
20003324,4424311,06/05/2021,08:55,e26e309b-1897-4192-9f58-06bf5365d211,Sedan,TOYT -CAR/SUV,2011.0,1.0,M,Licensed,Going Straight Ahead,Right Front Bumper,Right Front Bumper,Center Front End,Center Front End,Left Front Bumper,N,,Unspecified,Unspecified,,,"    (40.81662, -73.86571)",0.0,0.0,0,0,0,0,0,0,Sedan,Sedan,0
20133093,4489405,12/25/2021,02:08,1d2d5800-9547-42c5-bbf2-1f286c842a53,Sedan,INFI -CAR/SUV,2009.0,1.0,M,Licensed,Going Straight Ahead,Left Front Bumper,Center Front End,Center Back End,Right Front Bumper,Left Front Quarter Panel,N,,Pavement Slippery,Unspecified,,,"    (40.763344, -73.75791)",0.0,0.0,0,0,0,0,0,0,Sedan,,0