UNIQUE_ID,COLLISION_ID,CRASH_DATE,CRASH_TIME,VEHICLE_ID,VEHICLE_TYPE,VEHICLE_MAKE,VEHICLE_YEAR,VEHICLE_OCCUPANTS,DRIVER_SEX,DRIVER_LICENSE_STATUS,PRE_CRASH,POINT_OF_IMPACT,VEHICLE_DAMAGE,VEHICLE_DAMAGE_1,VEHICLE_DAMAGE_2,VEHICLE_DAMAGE_3,PUBLIC_PROPERTY_DAMAGE,PUBLIC_PROPERTY_DAMAGE_TYPE,CONTRIBUTING_FACTOR_1,CONTRIBUTING_FACTOR_2,BOROUGH,ZIP CODE,LOCATION,NUMBER OF PERSONS INJURED,NUMBER OF PERSONS KILLED,NUMBER OF PEDESTRIANS INJURED,NUMBER OF PEDESTRIANS KILLED,NUMBER OF CYCLIST INJURED,NUMBER OF CYCLIST KILLED,NUMBER OF MOTORIST INJURED,NUMBER OF MOTORIST KILLED,VEHICLE TYPE CODE 1,VEHICLE TYPE CODE 2,Severity
20058202,4455587,08/15/2021,09:50,f1a8efee-e36a-4ad3-8233-b015e904c896,Sedan,CHEV -CAR/SUV,2015.0,1.0,,,Making Left Turn,Left Front Bumper,Left Front Bumper,Center Front End,Left Front Quarter Panel,,N,,Failure to Yield Right-of-Way,Driver Inattention/Distraction,,,"    (40.76177, -73.979065)",1.0,0.0,0,0,1,0,0,0,Sedan,Bike,1
19839768,4388343,01/29/2021,09:52,dbbdb843-43ca-475b-83a6-e2f6ffecc3c2,Sedan,HOND -CAR/SUV,2017.0,1.0,F,Licensed,Other*,Left Rear Quarter Panel,Left Rear Quarter Panel,Left Side Doors,,,N,,Unspecified,Unspecified,,,"(40.808857, -73.93627)",0.0,0.0,0,0,0,0,0,0,Sedan,Tanker,0
20057959,4455469,09/04/2021,01:20,6a412a38-3784-42e4-802a-45b52f47056e,Sedan,AUDI -CAR/SUV,2015.0,2.0,M,Licensed,Going Straight Ahead,Left Front Bumper,Center Front End,Right Front Bumper,Left Front Bumper,Left Front Quarter Panel,N,,Unsafe Speed,Passing or Lane Usage Improper,,,"    (40.728363, -73.88449)",2.0,0.0,0,0,0,0,2,0,Sedan,Pick-up Truck,1
20037090,4445911,08/09/2021,07:39,89a11c5c-5ede-4536-ab8d-6ba61cb06cae,Sedan,NISS -CAR/SUV,2015.0,1.0,F,Licensed,Going Straight Ahead,Left Front Quarter Panel,Left Front Quarter Panel,,,,N,,Unspecified,Unspecified,MANHATTAN,10013.0,"    (40.71843, -74.000534)",0.0,0.0,0,0,0,0,0,0,Van,Sedan,0
19838475,4387776,01/30/2021,12:00,86873393-2116-4565-991e-7d8b7c1daa0f,Sedan,ACUR -CAR/SUV,2005.0,1.0,,,Backing,Right Rear Bumper,Right Rear Bumper,,,,N,,Backing Unsafely,Unspecified,BROOKLYN,11201.0,"(40.69212, -73.98435)",0.0,0.0,0,0,0,0,0,0,Station Wagon/Sport Utility Vehicle,Sedan,0
20063602,4457450,09/13/2021,15:05,7129a9f3-fa89-4ae6-a95f-a99b5d44b39a,Sedan,HOND -CAR/SUV,2004.0,1.0,F,Licensed,Stopped in Traffic,Right Front Quarter Panel,Right Front Quarter Panel,Right Side Doors,Right Front Bumper,No Damage,N,,Unspecified,Unspecified,BROOKLYN,11208.0,"    (40.66647, -73.882515)",0.0,0.0,0,0,0,0,0,0,Station Wagon/Sport Utility Vehicle,Sedan,0
20021007,4438545,07/18/2021,11:14,5bb2d67f-99bf-4dfc-b786-a06859694b35,Station Wagon/Sport Utility Vehicle,NISS -CAR/SUV,2020.0,2.0,M,Licensed,Going Straight Ahead,Right Front Quarter Panel,Right Front Quarter Panel,,,,N,,Unspecified,Unspecified,,,"    (40.828133, -73.84518)",0.0,0.0,0,0,0,0,0,0,Station Wagon/Sport Utility Vehicle,,0
20010481,4422999,06/02/2021,18:25,8cb69e08-b29b-44e4-9aae-7ee031aaf8b3,Sedan,MERZ -CAR/SUV,2006.0,1.0,F,Licensed,Going Straight Ahead,Right Side Doors,Right Side Doors,,,,Unspecified,,Driver Inexperience,Failure to Yield Right-of-Way,QUEENS,11413.0,"    (40.667137, -73.752754)",0.0,0.0,0,0,0,0,0,0,Sedan,Sedan,0
20032841,4444122,08/02/2021,13:29,98f7d356-c3c3-4331-b146-a56d9f2d143d,Sedan,BMW -CAR/SUV,2016.0,1.0,M,Licensed,Going Straight Ahead,Right Front Bumper,Right Front Bumper,Right Front Bumper,,,N,,Unspecified,Unspecified,,,"    (40.668507, -73.92561)",1.0,0.0,0,0,0,0,1,0,Sedan,Station Wagon/Sport Utility Vehicle,1
19992456,4421833,05/29/2021,11:00,e6562f98-ba71-48d7-86b2-b192c3e9335a,Station Wagon/Sport Utility Vehicle,LNDR -CAR/SUV,2019.0,3.0,M,Licensed,Stopped in Traffic,Center Back End,Center Back End,,,,N,,Unspecified,Unspecified,QUEENS,11372.0,"    (40.74785, -73.88183)",0.0,0.0,0,0,0,0,0,0,Sedan,Station Wagon/Sport Utility Vehicle,0
19840618,4388810,01/28/2021,13:15,973d6c74-a8ba-4edf-80f1-42d2b0853dff,Sedan,TOYT -CAR/SUV,2015.0,1.0,F,Licensed,Parked,Right Rear Bumper,Right Rear Bumper,Right Rear Quarter Panel,Right Side Doors,Center Back End,N,,Unspecified,Unspecified,BRONX,10457.0,"(40.84391, -73.90583)",1.0,0.0,0,0,0,0,1,0,Sedan,,1
19999065,4429271,06/17/2021,23:35,766efc13-583f-44e5-b78b-56785df4a821,Pick-up Truck,TOYT -CAR/SUV,2010.0,0.0,M,Licensed,Parked,Left Side Doors,Left Side Doors,Left Front Quarter Panel,,,N,,Unspecified,Unspecified,QUEENS,11368.0,"    (40.74884, -73.86296)",0.0,0.0,0,0,0,0,0,0,Pick-up Truck,Pick-up Truck,0
20087435,4468627,10/14/2021,15:40,24d66a00-e8d9-48e6-8d41-48814d913694,Sedan,CHEV -CAR/SUV,2018.0,1.0,F,Licensed,Going Straight Ahead,Right Front Quarter Panel,Right Front Quarter Panel,Right Front Bumper,,,N,,Unspecified,Unspecified,BRONX,10456.0,"    (40.8309273, -73.9151934)",0.0,0.0,0,0,0,0,0,0,Sedan,Station Wagon/Sport Utility Vehicle,0
20012654,4433028,06/30/2021,18:09,0ef8a36d-e90f-475e-a5ca-3473cd712817,Sedan,MERZ -CAR/SUV,2006.0,2.0,F,Licensed,Going Straight Ahead,Right Front Quarter Panel,Right Front Bumper,,,,N,,Other Vehicular,Unspecified,BROOKLYN,11208.0,"    (40.665474, -73.86752)",0.0,0.0,0,0,0,0,0,0,Sedan,Station Wagon/Sport Utility Vehicle,0
19996812,4426262,06/10/2021,08:59,7beaae00-4601-401f-8b07-0e2583512dc8,Sedan,HOND -CAR/SUV,2003.0,2.0,M,Licensed,Going Straight Ahead,Right Rear Quarter Panel,Right Rear Quarter Panel,No Damage,No Damage,No Damage,N,,Unspecified,Unspecified,QUEENS,11355.0,,0.0,1.0,0,0,0,0,0,1,Motorcycle,Sedan,2
19993705,4422851,06/02/2021,03:00,eea97e74-e53f-4e92-950a-85d5052422b7,Station Wagon/Sport Utility Vehicle,DODG -CAR/SUV,2007.0,0.0,,,Parked,Left Rear Bumper,Left Rear Bumper,Left Rear Quarter Panel,,,N,,Unspecified,Unspecified,BROOKLYN,11233.0,"    (40.675346, -73.92198)",0.0,0.0,0,0,0,0,0,0,Sedan,Station Wagon/Sport Utility Vehicle,0
20136641,4490890,12/23/2021,21:43,7c24b266-0d98-4d60-a8c7-13ae360307a1,Sedan,BMW -CAR/SUV,2015.0,1.0,,,Changing Lanes,Right Front Bumper,Right Front Quarter Panel,No Damage,No Damage,No Damage,N,,Failure to Yield Right-of-Way,Unspecified,,,"    (40.685764, -73.9415)",0.0,0.0,0,0,0,0,0,0,Sedan,Sedan,0
19840640,4387118,01/26/2021,09:00,fed578a6-7386-46b1-9209-5d864c2a2b5e,Sedan,NISS -CAR/SUV,2014.0,1.0,M,Licensed,Parked,Center Front End,Left Front Bumper,Right Front Bumper,,,N,,Unspecified,Unspecified,QUEENS,11355.0,"(40.752003, -73.836006)",0.0,0.0,0,0,0,0,0,0,Sedan,TRACTOR TR,0
20036236,4445712,08/06/2021,18:30,a7611c23-7b1a-449a-85cb-5d27a20adf8d,Bus,no/bu,2012.0,1.0,F,Licensed,Going Straight Ahead,No Damage,No Damage,,,,N,,Passing or Lane Usage Improper,Unspecified,,,"    (40.795403, -73.94188)",1.0,0.0,0,0,0,0,1,0,Sedan,Bus,1
20012514,4432063,06/26/2021,00:00,d284b0a4-13aa-4c96-b1d6-59ef780b13d9,Sedan,HOND -CAR/SUV,2015.0,1.0,M,Licensed,Going Straight Ahead,Center Back End,Center Back End,Center Front End,,,N,,Unspecified,Unspecified,,,"    (40.677834, -73.88509)",1.0,0.0,0,0,0,0,1,0,Station Wagon/Sport Utility Vehicle,Sedan,1
20010486,4423466,06/02/2021,07:00,527cb520-e533-4a68-a6c7-56811ed59258,Sedan,HOND -CAR/SUV,2009.0,0.0,,,Parked,Left Side Doors,Left Side Doors,,,,Unspecified,,Unspecified,Unspecified,QUEENS,11434.0,"    (40.660988, -73.77241)",0.0,0.0,0,0,0,0,0,0,Sedan,,0
20102487,4475372,11/08/2021,06:30,8e998338-3f24-4f78-9314-d671a7ad7494,Sedan,HOND -CAR/SUV,2014.0,1.0,M,Licensed,Making Right Turn,Right Front Bumper,No Damage,No Damage,No Damage,No Damage,N,,Driver Inattention/Distraction,Failure to Yield Right-of-Way,,,"    (40.782993, -73.79934)",1.0,0.0,1,0,0,0,0,0,Sedan,,1
19983114,4432425,06/26/2021,22:40,62d3e5bd-4428-4521-b86c-673a222f6181,Sedan,TOYT -CAR/SUV,2016.0,1.0,M,Licensed,Merging,Right Front Bumper,Right Front Bumper,,,,N,,Unspecified,Unspecified,BROOKLYN,11222.0,"    (40.733986, -73.95226)",0.0,0.0,0,0,0,0,0,0,Sedan,Station Wagon/Sport Utility Vehicle,0
20000253,4420371,05/25/2021,15:12,072e16a5-b116-4abe-a8b8-febbe7cb541c,Sedan,CHEV -CAR/SUV,2015.0,1.0,M,Licensed,Going Straight Ahead,Center Front End,Center Front End,Left Front Bumper,Right Front Bumper,,N,,Unspecified,Unspecified,,,,4.0,0.0,0,0,0,0,4,0,Sedan,Sedan,1
20141974,4489749,12/24/2021,15:19,346932a0-d331-4d91-908f-30876b36ba44,Sedan,KIA -CAR/SUV,2020.0,1.0,M,Licensed,Going Straight Ahead,Center Front End,Center Front End,Left Front Bumper,Right Front Bumper,,N,,Following Too Closely,Passing Too Closely,,,"    (40.710243, -73.9584)",0.0,0.0,0,0,0,0,0,0,Station Wagon/Sport Utility Vehicle,Station Wagon/Sport Utility Vehicle,0
20017372,4436987,07/13/2021,17:30,edb20a2c-2051-4df2-9168-885d3fc75d76,Sedan,TOYT -CAR/SUV,2004.0,2.0,M,Licensed,Going Straight Ahead,Left Front Quarter Panel,Left Front Quarter Panel,Left Front Bumper,Left Front Bumper,No Damage,N,,Unspecified,Unspecified,,,"    (40.7266, -73.789116)",0.0,0.0,0,0,0,0,0,0,Sedan,Station Wagon/Sport Utility Vehicle,0
19990548,4409018,04/20/2021,17:50,25e6930e-b729-4975-ac67-d7102a6649a5,Station Wagon/Sport Utility Vehicle,BMW -CAR/SUV,2019.0,1.0,F,Licensed,Going Straight Ahead,Right Side Doors,Right Side Doors,,,,N,,Unspecified,Unspecified,QUEENS,11355.0,"    (40.746143, -73.82718)",0.0,0.0,0,0,0,0,0,0,Station Wagon/Sport Utility Vehicle,Sedan,0
19971768,4433387,06/29/2021,13:30,6facd95b-1f8a-4e4c-aad5-85dd0c00b9fd,Carry All,FORD-TRUCK/BUS,2012.0,1.0,M,Licensed,Going Straight Ahead,Left Front Quarter Panel,No Damage,,,,N,,Oversized Vehicle,Passing Too Closely,BROOKLYN,11238.0,"    (40.67783, -73.97223)",0.0,0.0,0,0,0,0,0,0,Carry All,Convertible,0
20122539,4484419,12/06/2021,01:19,903d787c-4aac-42ad-b450-cb86c9211bfb,Sedan,TOYT -CAR/SUV,2015.0,1.0,M,Licensed,Going Straight Ahead,Right Front Bumper,Right Front Bumper,Center Front End,Right Front Quarter Panel,,Unspecified,,Failure to Yield Right-of-Way,Unspecified,,,"    (40.675354, -73.89006)",0.0,0.0,0,0,0,0,0,0,Sedan,Sedan,0
20087677,4468722,10/16/2021,23:30,1792a767-2b11-4406-89a2-a75c93be2a33,Station Wagon/Sport Utility Vehicle,CHEV -CAR/SUV,2013.0,1.0,M,Licensed,Going Straight Ahead,Left Rear Bumper,Center Back End,No Damage,No Damage,No Damage,N,,Passing or Lane Usage Improper,Unspecified,MANHATTAN,10029.0,"    (40.789169, -73.9527428)",0.0,0.0,0,0,0,0,0,0,Station Wagon/Sport Utility Vehicle,Sedan,0
20089612,4469383,10/20/2021,06:45,dd7ad42b-0c8b-4040-9f44-3510e050e74c,Sedan,LEXS -CAR/SUV,2019.0,1.0,M,Licensed,Going Straight Ahead,Left Front Quarter Panel,Left Front Quarter Panel,,,,N,,Unspecified,Unspecified,,,"    (40.7716364, -73.8760984)",0.0,0.0,0,0,0,0,0,0,Sedan,Sedan,0
19860264,4397457,03/09/2021,08:35,4358660f-e334-48e2-9074-a7bd57739be5,Station Wagon/Sport Utility Vehicle,HOND -CAR/SUV,2005.0,0.0,,,Parked,Left Rear Quarter Panel,Left Rear Quarter Panel,Left Side Doors,,,N,,Unspecified,Unspecified,BROOKLYN,11237.0,"(40.6967, -73.91031)",0.0,0.0,0,0,0,0,0,0,Station Wagon/Sport Utility Vehicle,Station Wagon/Sport Utility Vehicle,0
20033800,4444400,08/05/2021,03:15,ae23e090-3649-40ac-8bd1-ac358d924dfc,Station Wagon/Sport Utility Vehicle,TOYT -CAR/SUV,2021.0,0.0,,,Parked,Left Rear Quarter Panel,Left Rear Quarter Panel,Left Side Doors,Right Rear Quarter Panel,Left Front Quarter Panel,N,,Unspecified,Unspecified,QUEENS,11001.0,"    (40.732197, -73.71031)",0.0,0.0,0,0,0,0,0,0,Sedan,Station Wagon/Sport Utility Vehicle,0
19949199,4407699,04/15/2021,16:20,9b0d6728-0717-47dc-8739-3ee230900341,Sedan,TOYT -CAR/SUV,2004.0,0.0,M,Licensed,Slowing or Stopping,Center Front End,No Damage,No Damage,No Damage,No Damage,N,,Following Too Closely,Pavement Slippery,BROOKLYN,11217.0,"    (40.681335, -73.97667)",1.0,0.0,0,0,0,0,1,0,Sedan,Sedan,1
20066986,4459107,09/04/2021,00:20,bbcece00-abbf-40cc-8acb-cefdf4831d59,Sedan,HOND -CAR/SUV,2019.0,,,,Going Straight Ahead,,,,,,Unspecified,,,,,,"    (40.72804, -73.83171)",1.0,0.0,0,0,0,0,1,0,Station Wagon/Sport Utility Vehicle,Sedan,1
20093210,4471163,10/26/2021,00:47,9252f880-3fb9-4c99-9cda-d94d26c5488e,Station Wagon/Sport Utility Vehicle,JEEP -CAR/SUV,2005.0,2.0,M,Licensed,Going Straight Ahead,Left Front Bumper,Left Front Bumper,Left Front Quarter Panel,,,N,,Following Too Closely,Passing or Lane Usage Improper,QUEENS,11369.0,"    (40.760136, -73.85987)",2.0,0.0,0,0,0,0,2,0,Station Wagon/Sport Utility Vehicle,Tractor Truck Diesel,1
20055564,4454351,09/05/2021,21:45,860d9e49-490c-49fd-9b5c-395f549016ec,Station Wagon/Sport Utility Vehicle,CHEV -CAR/SUV,2019.0,0.0,,,Parked,Left Side Doors,Left Side Doors,,,,N,,Unspecified,Unspecified,BROOKLYN,11219.0,"    (40.633244, -74.00278)",0.0,0.0,0,0,0,0,0,0,Station Wagon/Sport Utility Vehicle,Station Wagon/Sport Utility Vehicle,0
19988377,4423504,06/04/2021,15:36,002d9522-1de9-4280-8757-d3b843b34737,Bus,IC,2009.0,1.0,M,Licensed,Going Straight Ahead,Other,No Damage,,,,N,,Unspecified,Unspecified,BROOKLYN,11234.0,"    (40.62636, -73.91901)",0.0,0.0,0,0,0,0,0,0,Bus,Sedan,0
20107756,4478163,11/17/2021,02:05,5c45949c-c34a-4978-973a-06da408a5145,Pick-up Truck,FORD -CAR/SUV,2019.0,2.0,M,Licensed,Stopped in Traffic,Center Back End,Center Back End,No Damage,No Damage,No Damage,N,,Unspecified,Unspecified,MANHATTAN,10026.0,"    (40.805096, -73.95488)",0.0,0.0,0,0,0,0,0,0,Pick-up Truck,Station Wagon/Sport Utility Vehicle,0
20133676,4489677,12/24/2021,12:25,012333a7-9c77-4b92-8045-58df78254dfe,Sedan,CHRY -CAR/SUV,2008.0,1.0,M,Licensed,Going Straight Ahead,Right Front Bumper,Right Front Bumper,Right Front Bumper,Right Front Bumper,Right Front Bumper,N,,Alcohol Involvement,Unspecified,,,"    (40.586002, -73.97221)",0.0,0.0,0,0,0,0,0,0,Sedan,Sedan,0
19840370,4388765,02/01/2021,17:00,2a30aa1d-6a07-4818-9e82-4b5ecd7345e8,Sedan,NISS -CAR/SUV,2012.0,0.0,,,Parked,Center Back End,Center Back End,Other,,,N,,Unspecified,Unspecified,BROOKLYN,11205.0,"(40.695847, -73.97156)",0.0,0.0,0,0,0,0,0,0,Sedan,,0
19867842,4400950,03/22/2021,17:30,d65309d8-f463-4249-8032-df3dffc9e3cc,Sedan,TOYT -CAR/SUV,2021.0,0.0,,,Parked,Left Rear Bumper,Left Rear Quarter Panel,Center Back End,,,N,,Unspecified,Unspecified,BROOKLYN,11223.0,"(40.6055, -73.97443)",0.0,0.0,0,0,0,0,0,0,Sedan,,0
20053802,4453410,08/29/2021,23:00,1f827c0b-1439-4aff-817f-56b9b30064b1,Sedan,FORD -CAR/SUV,2005.0,1.0,F,Licensed,Parked,Left Rear Quarter Panel,Left Side Doors,Left Front Quarter Panel,,,N,,Unspecified,Unspecified,QUEENS,11413.0,"    (40.66589, -73.76276)",0.0,0.0,0,0,0,0,0,0,Sedan,Station Wagon/Sport Utility Vehicle,0
20065644,4458816,09/17/2021,08:55,022a75b4-2ff5-4dce-8ece-e40767fe7adc,Pick-up Truck,CHRY -CAR/SUV,2007.0,1.0,M,Licensed,Going Straight Ahead,Left Front Bumper,Left Front Bumper,Center Front End,Right Front Bumper,No Damage,N,,Traffic Control Disregarded,Unspecified,BROOKLYN,11233.0,"    (0.0, 0.0)",2.0,0.0,0,0,0,0,2,0,Sedan,Pick-up Truck,1
19954956,4401058,03/22/2021,01:10,d4e435d0-6661-47c6-a89a-121153385c50,Sedan,KIA -CAR/SUV,2019.0,0.0,,,Parked,Center Back End,Center Back End,Right Rear Bumper,Left Rear Bumper,Center Back End,N,,Unspecified,Unspecified,BROOKLYN,11234.0,,0.0,0.0,0,0,0,0,0,0,Sedan,Station Wagon/Sport Utility Vehicle,0
20130660,4488041,12/17/2021,10:55,18960e10-b985-44cd-995c-c3d607346654,Box Truck,HINO -TRUCK/BUS,2020.0,1.0,M,Licensed,Going Straight Ahead,Left Front Quarter Panel,Left Front Quarter Panel,,,,N,,Unspecified,Unspecified,,,"    (40.740532, -73.94451)",0.0,0.0,0,0,0,0,0,0,Box Truck,Taxi,0
19840968,4389092,01/31/2021,23:30,957b087c-b71e-4638-b13a-924dfd694e86,Sedan,HOND -CAR/SUV,2020.0,1.0,M,Licensed,Making Left Turn,Right Front Bumper,Right Front Bumper,Center Front End,Right Front Bumper,,N,,Pavement Slippery,Unspecified,BRONX,10471.0,"(40.90672, -73.90026)",0.0,0.0,0,0,0,0,0,0,Station Wagon/Sport Utility Vehicle,Sedan,0
20101347,4474729,11/05/2021,13:30,d9094cd8-acbc-4861-8ff4-504e5542dff8,Station Wagon/Sport Utility Vehicle,UNK,,1.0,,,Making Left Turn,Right Front Bumper,Right Front Bumper,No Damage,,,N,,Passing or Lane Usage Improper,Driver Inattention/Distraction,,,"    (40.737907, -73.877174)",0.0,0.0,0,0,0,0,0,0,Station Wagon/Sport Utility Vehicle,Station Wagon/Sport Utility Vehicle,0
20088277,4469010,10/11/2021,18:30,a3f05a4c-c89f-4352-a5ca-8ae009809902,Sedan,TOYT -CAR/SUV,2017.0,0.0,,,Parked,Left Rear Bumper,Center Back End,Center Back End,Center Back End,,N,,Unspecified,Unspecified,QUEENS,11429.0,"    (40.7073058, -73.7512138)",0.0,0.0,0,0,0,0,0,0,Sedan,Station Wagon/Sport Utility Vehicle,0
20054040,4453573,09/03/2021,15:20,6762c024-7440-4f35-a666-f4bfd6e39650,Station Wagon/Sport Utility Vehicle,HOND -CAR/SUV,2006.0,0.0,M,Licensed,Parked,Right Front Quarter Panel,Right Front Quarter Panel,Right Side Doors,Right Side Doors,,N,,Unspecified,Unspecified,QUEENS,11369.0,"    (40.76052, -73.87379)",2.0,0.0,0,0,0,0,2,0,Station Wagon/Sport Utility Vehicle,Sedan,1
20031758,4443319,08/02/2021,22:38,982a4ad9-e36f-460f-ae5a-9c969d12a6fd,Sedan,NISS -CAR/SUV,2016.0,3.0,M,Licensed,Going Straight Ahead,Left Rear Quarter Panel,Left Rear Quarter Panel,,,,N,,Unspecified,Unspecified,QUEENS,11434.0,"    (40.683098, -73.78432)",0.0,0.0,0,0,0,0,0,0,Sedan,,0
20044658,4449684,08/20/2021,20:30,02061ea7-bdec-475c-959c-3e793ce89093,Station Wagon/Sport Utility Vehicle,GMC -CAR/SUV,2002.0,0.0,M,Licensed,Parked,Left Side Doors,Left Side Doors,Left Front Quarter Panel,,,N,,Unspecified,Unspecified,BROOKLYN,11226.0,"    (40.65371, -73.95714)",0.0,0.0,0,0,0,0,0,0,Station Wagon/Sport Utility Vehicle,,0
19994084,4430106,06/22/2021,19:39,e037f257-ae36-44a8-9ff4-b4a81fb8a7ad,Station Wagon/Sport Utility Vehicle,NISS -CAR/SUV,2008.0,1.0,M,Licensed,Making U Turn,Left Front Bumper,Left Front Bumper,,,,N,,Turning Improperly,Failure to Yield Right-of-Way,BROOKLYN,11234.0,"    (40.635426, -73.92474)",0.0,0.0,0,0,0,0,0,0,Sedan,Station Wagon/Sport Utility Vehicle,0
19841164,4389007,01/31/2021,18:55,2860b8b4-2132-4bb7-b321-d3a39160b957,Station Wagon/Sport Utility Vehicle,JEEP -CAR/SUV,2016.0,0.0,,,Parked,Left Front Bumper,Left Front Bumper,Center Front End,Left Front Quarter Panel,Left Side Doors,N,,Unspecified,Unspecified,QUEENS,11385.0,"(40.70608, -73.86882)",0.0,0.0,0,0,0,0,0,0,Station Wagon/Sport Utility Vehicle,Sedan,0
20006556,4434789,07/06/2021,21:30,8c69a988-b2c0-46c9-bb00-812faf70fee0,Carry All,FRHT-TRUCK/BUS,2014.0,1.0,M,Licensed,Parked,Left Front Bumper,Left Front Bumper,No Damage,No Damage,No Damage,N,,Unspecified,Unspecified,QUEENS,11420.0,"    (40.67224, -73.805176)",0.0,0.0,0,0,0,0,0,0,Carry All,Station Wagon/Sport Utility Vehicle,0
19960805,4405519,04/03/2021,23:10,0cd9ddd4-206f-42b9-ae8b-3fb13afa7db1,Sedan,BMW -CAR/SUV,2010.0,1.0,M,Licensed,Going Straight Ahead,Demolished,Demolished,,,,N,,Unspecified,Unspecified,BROOKLYN,11230.0,"(40.62179, -73.970024)",2.0,0.0,0,0,0,0,2,0,Sedan,Station Wagon/Sport Utility Vehicle,1
19959103,4404584,04/04/2021,17:16,4ae1ff95-b8eb-4516-9f50-b7f6178cd1b9,Sedan,NISS -CAR/SUV,2014.0,1.0,M,Licensed,Making Left Turn,Right Front Bumper,Right Front Bumper,Center Front End,Center Front End,No Damage,N,,Turning Improperly,Unspecified,BRONX,10468.0,"(40.859303, -73.89884)",1.0,0.0,0,0,0,0,1,0,Sedan,Sedan,1
20065593,4458630,09/15/2021,16:34,d91dee1e-469e-4a1d-9f04-e47ae3818ec7,Box Truck,GMC-TRUCK/BUS,2013.0,1.0,M,Licensed,Going Straight Ahead,Right Side Doors,Right Side Doors,Right Rear Quarter Panel,,,N,,Driver Inexperience,Passing Too Closely,MANHATTAN,10029.0,"    (40.790997, -73.94931)",0.0,0.0,0,0,0,0,0,0,Box Truck,Sedan,0
19863019,4398628,03/12/2021,11:40,c01dfdb5-1f1f-43cc-a47c-796efa3113a1,Station Wagon/Sport Utility Vehicle,AUDI -CAR/SUV,2011.0,2.0,M,Unlicensed,Making Left Turn,Right Side Doors,Right Side Doors,Right Front Quarter Panel,Right Rear Quarter Panel,,N,,Other Vehicular,Unspecified,BROOKLYN,11233.0,"(40.676495, -73.913704)",1.0,0.0,0,0,0,0,1,0,Sedan,Station Wagon/Sport Utility Vehicle,1
19985953,4417631,05/15/2021,18:00,79c6ca27-fdc2-4455-be74-ae12ae35c34b,Sedan,NISS -CAR/SUV,2013.0,1.0,M,Licensed,Slowing or Stopping,Center Front End,Center Front End,,,,N,,Driver Inattention/Distraction,Following Too Closely,,,"    (40.74197, -73.84116)",0.0,0.0,0,0,0,0,0,0,Station Wagon/Sport Utility Vehicle,Sedan,0
19964551,4413590,05/04/2021,11:10,a9d443aa-1200-4a2a-a71c-528e0bccfb12,Station Wagon/Sport Utility Vehicle,HOND -CAR/SUV,2016.0,0.0,,,Parked,Left Front Quarter Panel,Left Side Doors,Left Rear Quarter Panel,,,N,,Unspecified,Unspecified,BRONX,10462.0,"    (40.84797, -73.85836)",0.0,0.0,0,0,0,0,0,0,Station Wagon/Sport Utility Vehicle,,0
20041732,4447895,08/09/2021,08:57,e6918242-eb9b-4405-a7b3-ea2fd9a1ef15,Sedan,NISS -CAR/SUV,2020.0,0.0,M,Licensed,Going Straight Ahead,Left Side Doors,Center Back End,Left Rear Quarter Panel,,,N,,Unspecified,Unspecified,QUEENS,11379.0,"    (40.713963, -73.8851)",0.0,0.0,0,0,0,0,0,0,Station Wagon/Sport Utility Vehicle,Sedan,0
20001526,4431992,06/26/2021,00:00,73ce39de-c342-45b9-af2a-271c11ab255d,Sedan,TOYT -CAR/SUV,2016.0,0.0,M,Licensed,Going Straight Ahead,Left Front Quarter Panel,Left Front Quarter Panel,Left Side Doors,Left Rear Quarter Panel,No Damage,N,,Unspecified,Unspecified,BROOKLYN,11237.0,"    (40.705482, -73.92826)",0.0,0.0,0,0,0,0,0,0,Sedan,Sedan,0
19953176,4413126,04/21/2021,04:15,4da9fcd3-c71f-4527-8b5d-49dd066f71e8,Box Truck,INTL-TRUCK/BUS,2021.0,1.0,M,Licensed,Going Straight Ahead,Center Front End,Left Front Bumper,Right Front Bumper,Center Front End,,N,,Fell Asleep,Unspecified,BROOKLYN,11238.0,"    (40.682114, -73.96926)",0.0,0.0,0,0,0,0,0,0,Sedan,Sedan,0
19845084,4390766,02/03/2021,14:38,04bfb81a-c830-4037-a88c-e7092dce2bec,Sedan,KIA -CAR/SUV,2014.0,3.0,M,Licensed,Stopped in Traffic,Center Back End,Right Rear Bumper,Left Rear Bumper,No Damage,,N,,Unspecified,Unspecified,BRONX,10475.0,"(40.869495, -73.82619)",0.0,0.0,0,0,0,0,0,0,Sedan,Sedan,0
20016154,4418871,05/20/2021,23:39,db9c7e16-4c45-4a92-a8de-a580aebb6a71,Station Wagon/Sport Utility Vehicle,DODG -CAR/SUV,2017.0,0.0,F,Licensed,Making Left Turn,Left Front Bumper,Center Front End,Right Front Bumper,Right Rear Quarter Panel,Left Rear Quarter Panel,Y,,Reaction to Uninvolved Vehicle,Unspecified,BROOKLYN,11201.0,"    (40.702564, -73.99175)",1.0,0.0,0,0,0,0,1,0,Station Wagon/Sport Utility Vehicle,,1
19840982,4389049,02/02/2021,14:45,b4a229e4-026e-468c-bbda-f640d687cbc6,Station Wagon/Sport Utility Vehicle,MERZ -CAR/SUV,2019.0,1.0,M,Licensed,Going Straight Ahead,Right Rear Bumper,Right Rear Bumper,Center Back End,Right Rear Quarter Panel,,N,,Pavement Slippery,Unspecified,,,"(40.820503, -73.81273)",0.0,0.0,0,0,0,0,0,0,Station Wagon/Sport Utility Vehicle,Taxi,0