UNIQUE_ID,COLLISION_ID,CRASH_DATE,CRASH_TIME,VEHICLE_ID,VEHICLE_TYPE,VEHICLE_MAKE,VEHICLE_YEAR,VEHICLE_OCCUPANTS,DRIVER_SEX,DRIVER_LICENSE_STATUS,PRE_CRASH,POINT_OF_IMPACT,VEHICLE_DAMAGE,VEHICLE_DAMAGE_1,VEHICLE_DAMAGE_2,VEHICLE_DAMAGE_3,PUBLIC_PROPERTY_DAMAGE,PUBLIC_PROPERTY_DAMAGE_TYPE,CONTRIBUTING_FACTOR_1,CONTRIBUTING_FACTOR_2,BOROUGH,ZIP CODE,LOCATION,NUMBER OF PERSONS INJURED,NUMBER OF PERSONS KILLED,NUMBER OF PEDESTRIANS INJURED,NUMBER OF PEDESTRIANS KILLED,NUMBER OF CYCLIST INJURED,NUMBER OF CYCLIST KILLED,NUMBER OF MOTORIST INJURED,NUMBER OF MOTORIST KILLED,VEHICLE TYPE CODE 1,VEHICLE TYPE CODE 2,Severity
19968547,4413007,05/03/2021,04:44,7f35f9e7-5579-49bf-bba5-87de53da45b9,Station Wagon/Sport Utility Vehicle,COOP -CAR/SUV,2016.0,0.0,,,Parked,Center Front End,Left Rear Bumper,Center Back End,Right Rear Bumper,,N,,Unspecified,Unspecified,,,"    (40.690907, -73.95542)",3.0,0.0,0,0,0,0,3,0,Sedan,Station Wagon/Sport Utility Vehicle,1
20083974,4466963,10/13/2021,07:51,2095747b-efef-4bfe-bb2e-36fc30ced503,Station Wagon/Sport Utility Vehicle,KIA -CAR/SUV,2005.0,2.0,M,Licensed,Going Straight Ahead,Center Front End,Center Front End,Left Front Bumper,Right Front Bumper,,N,,Traffic Control Disregarded,Unspecified,MANHATTAN,10035.0,"    (40.7999787, -73.9427338)",3.0,0.0,0,0,0,0,3,0,Station Wagon/Sport Utility Vehicle,Station Wagon/Sport Utility Vehicle,1
19843703,4390432,02/08/2021,11:15,91971f00-089d-49d8-bd99-330335f4a9f6,Box Truck,ISU-TRUCK/BUS,2015.0,1.0,M,Licensed,Going Straight Ahead,Right Rear Bumper,No Damage,,,,N,,Unspecified,Unspecified,MANHATTAN,10038.0,"(40.70571, -74.00541)",0.0,0.0,0,0,0,0,0,0,Box Truck,Sedan,0
20066932,4459220,09/20/2021,16:30,637fe30d-1f65-44a0-974a-ab21f555f55a,PK,FORD-TRUCK/BUS,2021.0,1.0,,,Making Right Turn,Right Rear Quarter Panel,No Damage,No Damage,No Damage,No Damage,N,,Passing Too Closely,Turning Improperly,STATEN ISLAND,10306.0,"    (40.57296, -74.1065)",0.0,0.0,0,0,0,0,0,0,Sedan,PK,0
19966507,4429048,06/18/2021,14:15,4c803b7f-ba60-49ce-8f17-3213f6d5a31c,Sedan,MERZ -CAR/SUV,2019.0,2.0,M,Licensed,Merging,Left Rear Quarter Panel,Left Rear Quarter Panel,Right Side Doors,Right Rear Quarter Panel,Right Front Quarter Panel,N,,Unspecified,Unspecified,BROOKLYN,11217.0,"    (40.68792, -73.98025)",2.0,0.0,0,0,0,0,2,0,Dump,Sedan,1
20033416,4444383,08/06/2021,17:10,7546c29d-3f13-4b52-8dc1-031aed61694f,Pick-up Truck,DODG -CAR/SUV,2014.0,1.0,M,Licensed,Going Straight Ahead,Left Front Quarter Panel,Left Front Quarter Panel,Left Side Doors,Left Rear Quarter Panel,No Damage,N,,Passing or Lane Usage Improper,Unspecified,,,"    (40.72277, -73.83625)",1.0,0.0,0,0,0,0,1,0,Pick-up Truck,Station Wagon/Sport Utility Vehicle,1
20113756,4480660,11/21/2021,03:18,439a1362-e9d0-4075-9a60-d1119d130f54,Box Truck,FORD-TRUCK/BUS,2021.0,1.0,M,Licensed,Going Straight Ahead,Left Side Doors,Left Rear Quarter Panel,,,,N,,Unspecified,Unspecified,,,"    (40.624912, -74.146706)",0.0,0.0,0,0,0,0,0,0,Box Truck,Sedan,0
20021177,4438380,07/16/2021,20:25,17326818-95fa-4f6c-8785-c6d85b1464f8,Station Wagon/Sport Utility Vehicle,GMC -CAR/SUV,2011.0,3.0,,,Going Straight Ahead,Left Front Bumper,Left Front Bumper,No Damage,No Damage,No Damage,N,,Driver Inattention/Distraction,Unspecified,BROOKLYN,11207.0,"    (40.67249, -73.90064)",1.0,0.0,0,0,0,0,1,0,Station Wagon/Sport Utility Vehicle,Sedan,1
20039349,4446990,08/11/2021,01:11,81b868ad-5bc0-4084-858a-29d88c549659,Sedan,NISS -CAR/SUV,2019.0,1.0,M,Licensed,Making Right Turn,Right Front Bumper,Right Front Bumper,Right Front Bumper,Right Front Bumper,,N,,Failure to Yield Right-of-Way,Unspecified,MANHATTAN,10029.0,"    (40.794247, -73.939804)",1.0,0.0,1,0,0,0,0,0,Sedan,,1
20013505,4435269,07/07/2021,14:34,5a549373-0ec8-4083-ad9a-92d9d848aaff,Sedan,NISS -CAR/SUV,2004.0,1.0,,,Going Straight Ahead,Left Front Bumper,,,,,N,,Following Too Closely,Driver Inattention/Distraction,,,"    (40.763245, -73.75806)",0.0,0.0,0,0,0,0,0,0,Station Wagon/Sport Utility Vehicle,Sedan,0
20176912,4485946,12/12/2021,13:30,3642a178-62a0-44f7-8095-5d313f96240c,Sedan,HYUN -CAR/SUV,2006.0,0.0,,,Parked,Left Front Bumper,Right Front Bumper,Right Front Quarter Panel,Right Side Doors,Center Front End,N,,Unspecified,Unspecified,BRONX,10458.0,"    (0.0, 0.0)",1.0,0.0,0,0,0,0,1,0,Sedan,Sedan,1
20031406,4443554,08/03/2021,08:00,681d3fe6-c546-489a-89f3-73df47e92cf6,Sedan,NISS -CAR/SUV,2020.0,0.0,,,Parked,Left Front Quarter Panel,Left Front Quarter Panel,Left Front Bumper,,,N,,Unspecified,Unspecified,,,"    (40.622894, -73.96002)",0.0,0.0,0,0,0,0,0,0,Sedan,,0
19982617,4408393,04/14/2021,09:30,1e178d46-01cb-4000-879a-fa6f9f1b0a4c,Sedan,CHEV -CAR/SUV,,1.0,,,Going Straight Ahead,Left Front Bumper,Left Front Bumper,Left Front Quarter Panel,Center Front End,No Damage,N,,Unsafe Speed,Driver Inattention/Distraction,BRONX,10467.0,"    (40.876095, -73.868126)",0.0,0.0,0,0,0,0,0,0,Sedan,Sedan,0
20022052,4439296,07/22/2021,01:35,daf44213-c0e7-449f-9690-f295193a0fde,Station Wagon/Sport Utility Vehicle,NISS -CAR/SUV,2020.0,1.0,M,Licensed,Parked,Left Rear Bumper,Left Rear Bumper,,,,N,,Unspecified,Unspecified,BRONX,10459.0,"    (40.830906, -73.89801)",0.0,0.0,0,0,0,0,0,0,Station Wagon/Sport Utility Vehicle,Sedan,0
19989164,4432736,06/30/2021,06:40,757ab18d-7cea-4896-b5a1-7fd72998659b,Station Wagon/Sport Utility Vehicle,FORD -CAR/SUV,2019.0,1.0,M,Licensed,Going Straight Ahead,Center Front End,Center Front End,,,,N,,Following Too Closely,Driver Inattention/Distraction,,,"    (40.742012, -73.78278)",0.0,0.0,0,0,0,0,0,0,Station Wagon/Sport Utility Vehicle,Station Wagon/Sport Utility Vehicle,0
20149864,4496527,12/23/2021,00:20,7d04833d-dd96-462d-8f01-8d35f03dab05,Sedan,DODG -CAR/SUV,2008.0,0.0,,,Going Straight Ahead,Left Front Bumper,Overturned,Center Front End,Right Side Doors,,Unspecified,,Driver Inattention/Distraction,Unspecified,BROOKLYN,11206.0,"    (40.69468, -73.93739)",0.0,0.0,0,0,0,0,0,0,Sedan,Sedan,0
19956373,4401715,03/24/2021,11:30,2655046d-f096-4132-890a-aea5093f3a6f,Sedan,VOLV -CAR/SUV,2018.0,1.0,M,Licensed,Going Straight Ahead,Right Front Bumper,Right Front Bumper,,,,Unspecified,,Unspecified,Unspecified,BROOKLYN,11204.0,"(40.6131, -73.97858)",0.0,0.0,0,0,0,0,0,0,Sedan,Sedan,0
20017563,4436507,07/13/2021,12:30,4e2f1b7e-396e-4670-a30b-353096570574,Sedan,ACUR -CAR/SUV,2017.0,1.0,M,Licensed,Parked,Left Front Bumper,Left Front Bumper,Left Front Quarter Panel,,,N,,Unspecified,Unspecified,QUEENS,11422.0,"    (40.65781, -73.74507)",0.0,0.0,0,0,0,0,0,0,Dump,Sedan,0
19945354,4406760,04/09/2021,16:10,a8101434-6c79-4a86-8b56-a5414837373a,Station Wagon/Sport Utility Vehicle,JEEP -CAR/SUV,2019.0,1.0,F,Licensed,Backing,Right Front Quarter Panel,Right Front Quarter Panel,Right Front Bumper,Center Back End,Right Rear Bumper,N,,Driver Inattention/Distraction,Unspecified,MANHATTAN,10002.0,"(40.722668, -73.99254)",1.0,0.0,0,0,0,0,1,0,Station Wagon/Sport Utility Vehicle,Sedan,1
20119829,4483779,12/05/2021,05:16,e535918c-16cd-4cd7-93fb-e7d486ccaeeb,Station Wagon/Sport Utility Vehicle,BMW -CAR/SUV,2022.0,0.0,,,Parked,Left Rear Quarter Panel,Left Front Quarter Panel,Left Side Doors,Right Front Quarter Panel,Right Front Bumper,N,,Unspecified,Unspecified,BROOKLYN,11201.0,"    (40.689064, -74.00076)",0.0,0.0,0,0,0,0,0,0,Sedan,Station Wagon/Sport Utility Vehicle,0
20054589,4453789,09/05/2021,06:00,9347641d-74de-4834-8568-b06fefce8503,Sedan,TOYT -CAR/SUV,2012.0,1.0,M,Licensed,Going Straight Ahead,Center Back End,Center Back End,Right Rear Bumper,Left Rear Bumper,,N,,Unsafe Speed,Unspecified,,,"    (40.721523, -73.941795)",0.0,0.0,0,0,0,0,0,0,Station Wagon/Sport Utility Vehicle,Sedan,0
19991877,4431947,06/28/2021,11:20,9574869e-61f0-41d6-b773-f1c5e2c17dd7,Station Wagon/Sport Utility Vehicle,NISS -CAR/SUV,2016.0,2.0,M,Licensed,Entering Parked Position,Left Side Doors,No Damage,,,,N,,Unspecified,Unspecified,BROOKLYN,11209.0,"    (40.628353, -74.02908)",1.0,0.0,0,0,1,0,0,0,Bike,Station Wagon/Sport Utility Vehicle,1
19952649,4404301,04/04/2021,03:15,b4f3d6e3-6ed0-41f0-84d2-920e4eb55084,Sedan,CHRY -CAR/SUV,2015.0,1.0,M,Licensed,Going Straight Ahead,Right Front Bumper,Right Front Bumper,Right Front Quarter Panel,Center Front End,,N,,Obstruction/Debris,Unspecified,,,"(40.668797, -73.93113)",0.0,0.0,0,0,0,0,0,0,Sedan,Sedan,0
20076148,4463618,09/30/2021,08:48,1fed2327-9038-47b6-9fd8-a6a55f8dec98,Sedan,LINC -CAR/SUV,1989.0,1.0,M,Licensed,Going Straight Ahead,Left Rear Quarter Panel,Left Side Doors,,,,N,,Unspecified,Unspecified,BRONX,10455.0,"    (40.812897, -73.90145)",0.0,0.0,0,0,0,0,0,0,Sedan,,0
20121197,4483397,12/04/2021,04:00,066f1125-caa6-42bf-b3db-9d5e43f1cb45,Sedan,MERZ -CAR/SUV,2018.0,1.0,M,Permit,Going Straight Ahead,Right Front Bumper,Right Front Bumper,,,,N,,Unspecified,Unspecified,,,,2.0,0.0,0,0,0,0,2,0,Sedan,Sedan,1
20121172,4484138,12/06/2021,18:35,9906de7a-c9a1-4856-a46e-59d46a961396,Taxi,MITS -CAR/SUV,2020.0,1.0,M,Licensed,Making U Turn,Left Front Bumper,Left Front Bumper,,,,N,,Turning Improperly,Driver Inattention/Distraction,BROOKLYN,11211.0,"    (40.711693, -73.95124)",1.0,0.0,0,0,1,0,0,0,Taxi,Bike,1
20008756,4432835,06/30/2021,06:50,ad86ca3f-9906-4317-b774-2c1e5e5e92a0,Sedan,BMW -CAR/SUV,2018.0,1.0,M,Licensed,Parked,Left Front Quarter Panel,Left Front Quarter Panel,,,,N,,Unspecified,Unspecified,QUEENS,11433.0,"    (40.69447, -73.78147)",0.0,0.0,0,0,0,0,0,0,Sedan,Bus,0
20061366,4456511,09/10/2021,10:55,ecd2e632-b51b-45ce-ae7a-3de75873f4f1,Sedan,CHEV -CAR/SUV,,1.0,,,Backing,Center Back End,No Damage,,,,N,,Backing Unsafely,Driver Inattention/Distraction,MANHATTAN,10028.0,"    (40.779602, -73.95553)",0.0,0.0,0,0,0,0,0,0,Sedan,,0
20097242,4472959,10/31/2021,23:39,0639e580-eaeb-48a3-93cd-4a1bdaa6aeb9,Station Wagon/Sport Utility Vehicle,FORD -CAR/SUV,2012.0,1.0,M,Licensed,Going Straight Ahead,Right Front Bumper,Right Front Bumper,Overturned,,,N,,Driver Inattention/Distraction,Cell Phone (hands-free),,,"    (40.63004, -74.141525)",0.0,0.0,0,0,0,0,0,0,Station Wagon/Sport Utility Vehicle,Station Wagon/Sport Utility Vehicle,0
19990008,4411878,04/28/2021,20:16,3a9488d5-3ffe-4545-bd40-dfa2c3b8d2c4,Sedan,DODG -CAR/SUV,2006.0,2.0,M,Licensed,Going Straight Ahead,Right Front Bumper,Right Front Bumper,Center Front End,Left Front Bumper,,N,,Reaction to Uninvolved Vehicle,Unspecified,,,"    (40.82113, -73.92565)",0.0,0.0,0,0,0,0,0,0,Sedan,Station Wagon/Sport Utility Vehicle,0
19970069,4415968,05/13/2021,02:37,5ccb1083-d200-410a-8c57-017c25e107fa,Sedan,FORD -CAR/SUV,2016.0,1.0,M,Licensed,Going Straight Ahead,Left Front Bumper,Left Front Bumper,,,,N,,Pavement Defective,Unspecified,,,"    (40.754986, -73.74535)",0.0,0.0,0,0,0,0,0,0,Sedan,,0
20143228,4478659,11/18/2021,11:40,dcc5db77-cacc-4641-9a5e-10febbd596d2,Sedan,MERZ -CAR/SUV,2019.0,0.0,,,Parked,Right Rear Quarter Panel,Right Rear Bumper,Right Rear Bumper,,,Unspecified,,Unspecified,Unspecified,MANHATTAN,10281.0,"    (40.714527, -74.015686)",0.0,0.0,0,0,0,0,0,0,Sedan,Sedan,0
19985818,4424178,06/06/2021,18:10,a9e901d2-16f1-47e9-b7b3-b9c4e15985b6,Sedan,NISS -CAR/SUV,2012.0,2.0,F,Licensed,Going Straight Ahead,Center Front End,Center Front End,Left Front Bumper,Right Front Bumper,,N,,Unspecified,Unspecified,BROOKLYN,11229.0,"    (40.600426, -73.941895)",2.0,0.0,0,0,0,0,2,0,Sedan,Sedan,1
20092094,4470828,10/23/2021,22:00,6b63dc1e-3bcb-4e0f-8a9b-3cb87e2fa23f,Station Wagon/Sport Utility Vehicle,BMW -CAR/SUV,2018.0,0.0,,,Going Straight Ahead,Right Front Bumper,Right Front Quarter Panel,Right Side Doors,,,N,,Passing or Lane Usage Improper,Unsafe Speed,MANHATTAN,10001.0,"    (40.7453835, -73.9947093)",1.0,0.0,0,0,0,0,1,0,Taxi,Station Wagon/Sport Utility Vehicle,1
20106558,4477344,11/13/2021,02:00,7d6a9762-f342-477e-95e6-dd5d8945fce9,Sedan,TOYT -CAR/SUV,2010.0,0.0,,,Parked,Left Rear Quarter Panel,Left Rear Quarter Panel,Left Rear Bumper,No Damage,No Damage,N,,Unspecified,Unspecified,BROOKLYN,11206.0,"    (40.699863, -73.9559)",2.0,0.0,0,0,0,0,2,0,Sedan,Sedan,1
19981688,4406323,04/11/2021,19:30,1c666027-4db7-4d68-96ab-28cbef47e35f,Sedan,HOND -CAR/SUV,2013.0,1.0,M,Licensed,Going Straight Ahead,Left Rear Quarter Panel,Left Side Doors,Left Rear Quarter Panel,Left Side Doors,Left Front Quarter Panel,N,,Unspecified,Unspecified,BRONX,10469.0,"(40.87548, -73.85758)",0.0,0.0,0,0,0,0,0,0,Sedan,Sedan,0
19967360,4425498,06/05/2021,15:42,2143f133-edd3-424a-bf0c-c32e38777d0b,Sedan,ACUR -CAR/SUV,2012.0,0.0,,,Parked,Left Rear Quarter Panel,Left Rear Quarter Panel,,,,N,,Unspecified,Unspecified,,,"    (40.848694, -73.93047)",0.0,0.0,0,0,0,0,0,0,Sedan,Station Wagon/Sport Utility Vehicle,0
20121388,4483660,12/04/2021,15:45,a792068f-4465-4cbc-9da4-b04d7e174100,Sedan,MITS -CAR/SUV,2014.0,2.0,M,Licensed,Going Straight Ahead,Left Front Bumper,Left Front Bumper,Left Front Quarter Panel,,,N,,Unspecified,Unspecified,QUEENS,11385.0,"    (40.712788, -73.90294)",0.0,0.0,0,0,0,0,0,0,Sedan,E-Scooter,0
20048108,4450862,08/23/2021,12:10,0e671456-7741-4ca1-9171-eff3426cefe8,Sedan,TOYT -CAR/SUV,2007.0,1.0,M,Licensed,Going Straight Ahead,Center Front End,Right Front Bumper,Right Front Quarter Panel,Right Side Doors,Right Rear Quarter Panel,N,,Unspecified,Unspecified,BROOKLYN,11203.0,"    (40.642498, -73.92358)",2.0,0.0,0,0,0,0,2,0,Sedan,Sedan,1
19997360,4429177,06/20/2021,12:19,86ca5ac8-505a-4a13-9892-a484ebe09fc1,,JEEP -CAR/SUV,2017.0,1.0,,,Going Straight Ahead,Center Front End,Center Front End,Right Front Bumper,Left Front Bumper,,N,,Unsafe Speed,Driver Inattention/Distraction,,,"    (40.866726, -73.89799)",1.0,0.0,0,0,0,0,1,0,Sedan,,1
20122736,4484618,11/10/2021,16:45,b85b8c02-4a26-4a3c-a99c-949b1285a854,Station Wagon/Sport Utility Vehicle,INFI -CAR/SUV,2015.0,0.0,,,Parked,Left Rear Bumper,Left Rear Bumper,Left Rear Quarter Panel,,,N,,Unspecified,Unspecified,STATEN ISLAND,10310.0,"    (40.62637, -74.1304)",0.0,0.0,0,0,0,0,0,0,Station Wagon/Sport Utility Vehicle,,0
19986305,4409222,04/20/2021,17:00,6d035fe7-401a-4c0a-99f4-f85ba5ce7380,Sedan,HOND -CAR/SUV,2014.0,1.0,F,Licensed,Going Straight Ahead,Center Front End,Center Front End,,,,N,,Traffic Control Disregarded,Traffic Control Disregarded,BRONX,10466.0,"    (40.894207, -73.848946)",0.0,0.0,0,0,0,0,0,0,Station Wagon/Sport Utility Vehicle,Sedan,0
19853139,4394514,02/17/2021,12:00,12c8a7bf-c88f-4556-a846-e8cb91aab562,Sedan,VOLK -CAR/SUV,2019.0,0.0,,,Parked,Center Front End,Center Front End,Right Front Quarter Panel,No Damage,No Damage,N,,Unspecified,Unspecified,MANHATTAN,10027.0,"(40.808113, -73.94633)",1.0,0.0,0,0,0,0,1,0,Sedan,Sedan,1
20101080,4474806,10/30/2021,01:12,bd848cb0-77dd-46d0-8a50-b5ac8ba9839f,Sedan,HOND -CAR/SUV,2021.0,0.0,,,,Right Front Bumper,Right Front Bumper,Right Front Quarter Panel,Center Front End,No Damage,N,,Unspecified,Unspecified,,,"    (40.676872, -73.94985)",0.0,0.0,0,0,0,0,0,0,Sedan,Sedan,0
19947183,4401830,03/25/2021,22:40,60c9b806-b27c-4c04-8941-77c545b5726f,Station Wagon/Sport Utility Vehicle,HOND -CAR/SUV,2003.0,1.0,M,Licensed,Changing Lanes,Left Front Bumper,Left Front Bumper,Center Front End,,,N,,Unsafe Lane Changing,Unspecified,QUEENS,11374.0,"(40.73091, -73.86084)",0.0,0.0,0,0,0,0,0,0,Station Wagon/Sport Utility Vehicle,Station Wagon/Sport Utility Vehicle,0
20003300,4433611,07/03/2021,16:45,89ecfad1-c7a5-4770-926c-b420b98d623e,,FRHT-TRUCK/BUS,2018.0,,,,,Center Front End,Left Front Bumper,,,,Unspecified,,,,BROOKLYN,11233.0,"    (40.676014, -73.903465)",0.0,0.0,0,0,0,0,0,0,Station Wagon/Sport Utility Vehicle,,0
19964980,4428550,06/12/2021,06:00,387cb93e-eb14-47da-b11f-0509e52e6e3b,Sedan,NISS -CAR/SUV,2019.0,1.0,F,Licensed,Going Straight Ahead,Left Front Bumper,Left Front Bumper,Center Front End,Left Side Doors,Right Front Quarter Panel,N,,Fell Asleep,Unspecified,BROOKLYN,11238.0,"    (40.68157, -73.96452)",0.0,0.0,0,0,0,0,0,0,Sedan,Sedan,0
19993326,4431581,06/27/2021,17:10,480d7061-a0c6-4584-ae2e-18a8701a1a73,Sedan,NISS -CAR/SUV,2012.0,0.0,,,Parked,Right Front Quarter Panel,Right Front Quarter Panel,Right Rear Quarter Panel,Right Side Doors,,N,,Unspecified,Unspecified,BROOKLYN,11220.0,"    (40.641186, -74.014404)",1.0,0.0,0,0,0,0,1,0,Station Wagon/Sport Utility Vehicle,Sedan,1
19935905,4431273,06/26/2021,15:26,02b97546-0851-4335-be6f-dd90b21226a3,Sedan,BMW -CAR/SUV,2010.0,1.0,M,Licensed,Going Straight Ahead,Right Rear Bumper,Right Rear Bumper,Right Rear Bumper,Right Rear Bumper,Right Rear Bumper,N,,Unspecified,Unspecified,QUEENS,11106.0,"    (40.76282, -73.92029)",0.0,0.0,0,0,0,0,0,0,Sedan,Motorcycle,0
19948613,4404027,04/01/2021,11:30,fc727adb-4177-4c24-87a9-738c0db8faf1,Bus,NE/F,2013.0,1.0,M,Licensed,Going Straight Ahead,Right Side Doors,Right Side Doors,,,,N,,Unspecified,Unspecified,BROOKLYN,11224.0,"(40.579803, -73.97184)",0.0,0.0,0,0,0,0,0,0,Station Wagon/Sport Utility Vehicle,Bus,0
19994169,4415842,05/12/2021,10:15,fccfd339-f1cb-43c5-ac4f-99cb2f6931bb,Station Wagon/Sport Utility Vehicle,ISU -CAR/SUV,2014.0,1.0,M,Licensed,Going Straight Ahead,Right Rear Quarter Panel,Right Rear Quarter Panel,,,,N,,Driver Inattention/Distraction,Driver Inattention/Distraction,QUEENS,11101.0,"    (40.749676, -73.94372)",0.0,0.0,0,0,0,0,0,0,Station Wagon/Sport Utility Vehicle,Station Wagon/Sport Utility Vehicle,0
20032513,4443745,08/02/2021,18:15,b3037db8-f909-4e7d-9c5e-be1f608e2c49,Station Wagon/Sport Utility Vehicle,CADI -CAR/SUV,2003.0,0.0,,,Backing,Center Back End,Center Back End,No Damage,No Damage,No Damage,N,,Backing Unsafely,,BROOKLYN,11226.0,"    (40.64527, -73.94682)",0.0,0.0,0,0,0,0,0,0,Station Wagon/Sport Utility Vehicle,Station Wagon/Sport Utility Vehicle,0
20051286,4452520,08/31/2021,08:50,5a15398a-e6d5-40e7-bf65-4d7d4e4066cf,Sedan,NISS -CAR/SUV,2015.0,1.0,M,Licensed,Backing,Right Side Doors,Right Side Doors,,,,N,,Driver Inexperience,Passing Too Closely,BROOKLYN,11225.0,"    (40.664112, -73.94777)",0.0,0.0,0,0,0,0,0,0,Station Wagon/Sport Utility Vehicle,Sedan,0
20065405,4458378,09/17/2021,23:45,0fdd5c81-3438-4861-8993-fd885e6d2531,Sedan,TOYT -CAR/SUV,2016.0,0.0,,,Parked,Center Back End,Center Back End,Right Rear Bumper,Left Rear Bumper,,N,,Unspecified,Unspecified,,,"    (40.765266, -73.81517)",1.0,0.0,0,0,0,0,1,0,Station Wagon/Sport Utility Vehicle,Sedan,1
20111931,4479571,11/19/2021,22:50,644e878c-7f27-4b74-b407-ad399844b7b8,Station Wagon/Sport Utility Vehicle,FORD -CAR/SUV,2018.0,4.0,M,Licensed,Stopped in Traffic,Right Rear Bumper,Right Rear Bumper,Right Rear Quarter Panel,Right Front Quarter Panel,,N,,Unspecified,Unspecified,BRONX,10470.0,"    (40.895374, -73.86356)",1.0,0.0,0,0,0,0,1,0,Station Wagon/Sport Utility Vehicle,Sedan,1
19962053,4415928,05/12/2021,11:08,7bab8caf-a70b-4cd9-a709-d2a4f589d2f9,Sedan,HOND -CAR/SUV,2009.0,1.0,,,Parked,Right Rear Bumper,Right Rear Bumper,,,,N,,Backing Unsafely,Other Vehicular,BROOKLYN,11201.0,"    (40.692696, -73.99198)",0.0,0.0,0,0,0,0,0,0,Sedan,Sedan,0
19841747,4389296,02/04/2021,17:39,b4934ec0-2344-4080-a2fc-2ca3c5d855b5,Bus,nova,2015.0,1.0,M,Licensed,Making Left Turn,No Damage,No Damage,,,,N,,Turning Improperly,Unspecified,BRONX,10467.0,"(40.881073, -73.878494)",0.0,0.0,0,0,0,0,0,0,Sedan,Bus,0
20229587,4532808,05/31/2022,05:30,ebaa8e67-eef2-4301-9842-aba0abb862de,Sedan,MERZ -CAR/SUV,2007.0,1.0,M,Licensed,Going Straight Ahead,Left Rear Quarter Panel,Left Rear Quarter Panel,Left Side Doors,Left Front Quarter Panel,Left Front Bumper,N,,Unspecified,Unspecified,,,"    (40.644, -73.87584)",0.0,0.0,0,0,0,0,0,0,Sedan,Station Wagon/Sport Utility Vehicle,0
20326827,4577232,10/28/2022,08:25,5bdb331a-ce1a-4ac3-bba9-3fd5d45cba81,Sedan,TOYT -CAR/SUV,2012.0,1.0,F,Licensed,Changing Lanes,Left Rear Bumper,Left Rear Bumper,No Damage,No Damage,No Damage,N,,Unspecified,Unspecified,BROOKLYN,11223.0,"    (40.58406, -73.96901)",0.0,0.0,0,0,0,0,0,0,Sedan,Station Wagon/Sport Utility Vehicle,0
20241616,4538503,06/17/2022,14:32,a26275ea-4ce6-4266-a577-496137a5f217,Sedan,TOYT -CAR/SUV,2003.0,1.0,F,Licensed,Making Right Turn,Center Front End,Center Front End,,,,Unspecified,,Driver Inattention/Distraction,Driver Inattention/Distraction,BROOKLYN,11212.0,"    (40.661663, -73.923615)",1.0,0.0,1,0,0,0,0,0,Sedan,,1
20231480,4533927,06/01/2022,16:40,41309552-dc56-4e28-9fb8-145f09660c8c,Sedan,BMW -CAR/SUV,2017.0,1.0,,,Changing Lanes,Right Front Bumper,Right Front Bumper,Right Side Doors,Right Front Quarter Panel,Right Rear Quarter Panel,Y,,Other Vehicular,Aggressive Driving/Road Rage,,,"    (40.83301, -73.95027)",0.0,0.0,0,0,0,0,0,0,Sedan,,0
20286680,4559159,08/28/2022,19:27,1c56a4a5-aba7-4301-8941-b82f43f1a251,Station Wagon/Sport Utility Vehicle,HOND -CAR/SUV,1998.0,0.0,,,Parked,Left Rear Quarter Panel,Left Side Doors,,,,Unspecified,,Unspecified,Unspecified,,,,0.0,0.0,0,0,0,0,0,0,Station Wagon/Sport Utility Vehicle,,0
20333368,4580384,11/09/2022,19:27,55e713ae-a5a8-49d8-a646-ce63b59ba7fb,Sedan,TOYT -CAR/SUV,2017.0,2.0,M,Licensed,Going Straight Ahead,Center Back End,Center Back End,Left Rear Bumper,,,N,,Unspecified,Unspecified,,,"    (40.811264, -73.95782)",1.0,0.0,0,0,0,0,1,0,Sedan,Station Wagon/Sport Utility Vehicle,1
20186687,4513591,03/26/2022,18:00,92b1f89e-65b6-4fb2-93f9-a384a803e861,Sedan,CHEV -CAR/SUV,2011.0,1.0,,,Going Straight Ahead,Center Front End,Center Front End,,,,N,,Unspecified,Unspecified,QUEENS,11361.0,"    (40.76532, -73.771904)",0.0,0.0,0,0,0,0,0,0,Sedan,Sedan,0
20275351,4553924,07/26/2022,05:28,29e473f6-f04e-4b79-bd45-5aa3d288a39f,Pick-up Truck,NISS -CAR/SUV,2005.0,1.0,M,Licensed,Going Straight Ahead,Left Front Bumper,Left Front Bumper,Left Front Quarter Panel,Left Side Doors,Left Rear Quarter Panel,Unspecified,,Obstruction/Debris,Unspecified,,,,0.0,0.0,0,0,0,0,0,0,Sedan,Pick-up Truck,0
20154821,4498554,01/30/2022,20:00,af0d0b72-0ae2-46d0-8894-6bcde1aecdf1,Station Wagon/Sport Utility Vehicle,HOND -CAR/SUV,2021.0,,,,Changing Lanes,Left Rear Quarter Panel,Left Rear Quarter Panel,,,,N,,Passing or Lane Usage Improper,Failure to Keep Right,,,"    (40.66858, -73.84223)",0.0,0.0,0,0,0,0,0,0,Station Wagon/Sport Utility Vehicle,Station Wagon/Sport Utility Vehicle,0
20272404,4552450,08/05/2022,14:30,4a3d2fad-f0a3-4b1d-98c7-1de63e297886,Van,FORD-TRUCK/BUS,2015.0,1.0,M,Licensed,Backing,Left Rear Bumper,Left Rear Bumper,Left Rear Bumper,Left Rear Bumper,Left Rear Bumper,N,,Backing Unsafely,Backing Unsafely,BROOKLYN,11217.0,"    (40.682114, -73.97327)",0.0,0.0,0,0,0,0,0,0,Van,,0
20240360,4537809,06/10/2022,23:00,84ef38f7-656f-4a2b-9114-58ece7ef86e6,Sedan,LEXS -CAR/SUV,2020.0,1.0,M,Licensed,Parked,Left Rear Bumper,Left Rear Bumper,Left Rear Quarter Panel,Center Back End,,N,,Unspecified,Unspecified,,,"    (40.608078, -73.979706)",0.0,0.0,0,0,0,0,0,0,Sedan,,0