UNIQUE_ID,COLLISION_ID,CRASH_DATE,CRASH_TIME,VEHICLE_ID,VEHICLE_TYPE,VEHICLE_MAKE,VEHICLE_YEAR,VEHICLE_OCCUPANTS,DRIVER_SEX,DRIVER_LICENSE_STATUS,PRE_CRASH,POINT_OF_IMPACT,VEHICLE_DAMAGE,VEHICLE_DAMAGE_1,VEHICLE_DAMAGE_2,VEHICLE_DAMAGE_3,PUBLIC_PROPERTY_DAMAGE,PUBLIC_PROPERTY_DAMAGE_TYPE,CONTRIBUTING_FACTOR_1,CONTRIBUTING_FACTOR_2,BOROUGH,ZIP CODE,LOCATION,NUMBER OF PERSONS INJURED,NUMBER OF PERSONS KILLED,NUMBER OF PEDESTRIANS INJURED,NUMBER OF PEDESTRIANS KILLED,NUMBER OF CYCLIST INJURED,NUMBER OF CYCLIST KILLED,NUMBER OF MOTORIST INJURED,NUMBER OF MOTORIST KILLED,VEHICLE TYPE CODE 1,VEHICLE TYPE CODE 2,Severity
20165121,4503837,02/18/2022,18:55,88b94d3e-de1a-4f28-af89-18db6695ee5c,Station Wagon/Sport Utility Vehicle,HOND -CAR/SUV,2016.0,1.0,F,Licensed,Parked,Left Front Bumper,Left Front Bumper,No Damage,No Damage,No Damage,N,,Unspecified,Unspecified,,,"    (40.75663, -73.875145)",0.0,0.0,0,0,0,0,0,0,Station Wagon/Sport Utility Vehicle,Bus,0
20226656,4531773,05/27/2022,18:45,e6d3b4cf-f07c-4e60-9fa8-40b881fe25cb,Sedan,TOYT -CAR/SUV,2016.0,1.0,M,Licensed,Making Left Turn,Left Rear Bumper,Left Rear Bumper,,,,N,,Unspecified,Unspecified,QUEENS,11378.0,"    (40.72471, -73.89762)",0.0,0.0,0,0,0,0,0,0,Sedan,Station Wagon/Sport Utility Vehicle,0
20306612,4567977,09/27/2022,18:30,fda7432b-ca2e-45bb-ad9f-a893e758086e,E-Bike,Z BEST 10,,1.0,M,Licensed,Going Straight Ahead,Left Front Bumper,Center Front End,Right Front Bumper,Right Front Quarter Panel,,N,,Following Too Closely,Traffic Control Disregarded,BROOKLYN,11228.0,"    (40.626293, -74.01572)",1.0,0.0,0,0,0,0,0,0,Sedan,E-Bike,1
20230575,4533442,06/01/2022,18:39,149e3e65-7f3c-4457-9052-7d05ddea4cf2,Sedan,TOYT -CAR/SUV,2019.0,1.0,M,Licensed,Going Straight Ahead,Right Front Bumper,Right Front Bumper,No Damage,No Damage,No Damage,N,,Unspecified,Unspecified,,,,1.0,0.0,0,0,1,0,0,0,Sedan,Bike,1
20190777,4515570,04/01/2022,08:55,0cb239cb-55b5-41ca-951c-a4d027ab9194,Bus,orion,2009.0,1.0,M,Licensed,Parked,Left Front Bumper,No Damage,No Damage,No Damage,No Damage,N,,Other Vehicular,Unspecified,MANHATTAN,10018.0,"    (40.74946, -73.98383)",1.0,0.0,0,0,1,0,0,0,Bus,Bike,1
20145572,4495056,01/15/2022,14:11,eece6419-d643-407d-8108-0d8e375685c8,Station Wagon/Sport Utility Vehicle,NISS -CAR/SUV,2010.0,1.0,M,Licensed,Going Straight Ahead,Left Front Quarter Panel,Left Front Quarter Panel,Left Front Bumper,No Damage,No Damage,N,,Unspecified,Unspecified,,,"    (40.69733, -73.78456)",0.0,0.0,0,0,0,0,0,0,Station Wagon/Sport Utility Vehicle,Sedan,0
20219770,4528633,05/08/2022,13:30,26ef581d-76cf-4fd0-862c-77fe606bb27e,Sedan,VOLK -CAR/SUV,2018.0,1.0,M,Licensed,Making Left Turn,Right Front Bumper,Right Front Quarter Panel,,,,N,,Following Too Closely,Unspecified,QUEENS,11364.0,"    (40.747704, -73.75447)",0.0,0.0,0,0,0,0,0,0,Sedan,Sedan,0
20233307,4534862,06/06/2022,07:00,cf85ae19-5dc6-4757-a094-b6ba65aa357f,Sedan,SUBA -CAR/SUV,2017.0,1.0,M,Licensed,Going Straight Ahead,Left Front Bumper,Left Front Bumper,No Damage,No Damage,No Damage,N,,Unspecified,Unspecified,BROOKLYN,11235.0,,0.0,0.0,0,0,0,0,0,0,Sedan,,0
20324203,4576153,10/21/2022,18:10,da9b8134-36ce-43cd-99a8-d9aba1c4f2fa,Station Wagon/Sport Utility Vehicle,CHEV -CAR/SUV,2018.0,0.0,F,Licensed,Parked,Left Front Quarter Panel,Left Front Quarter Panel,Right Front Bumper,Right Front Quarter Panel,,N,,Unspecified,Unspecified,BROOKLYN,11233.0,"    (40.682755, -73.921936)",0.0,0.0,0,0,0,0,0,0,Station Wagon/Sport Utility Vehicle,Station Wagon/Sport Utility Vehicle,0
20257738,4545573,07/11/2022,15:30,5c0a4b3f-de87-4a3d-9505-a5ed809063f3,Pick-up Truck,GMC -CAR/SUV,2021.0,1.0,M,Licensed,Going Straight Ahead,Center Front End,Center Front End,,,,N,,Following Too Closely,Unspecified,,,"    (40.666405, -73.802635)",2.0,0.0,0,0,0,0,2,0,Pick-up Truck,Station Wagon/Sport Utility Vehicle,1
20206171,4522511,03/04/2022,10:00,2feeb04a-4cfe-488c-8458-ffdb2e179641,Sedan,CHEV -CAR/SUV,2018.0,1.0,M,Licensed,Changing Lanes,Right Front Bumper,Right Front Bumper,Right Front Quarter Panel,No Damage,No Damage,N,,Unspecified,Unspecified,BROOKLYN,11233.0,"    (40.676506, -73.90807)",2.0,0.0,0,0,0,0,2,0,Sedan,Sedan,1
20264798,4548758,07/23/2022,00:17,d0fa736d-bca6-4d47-ba0b-4d62e18e749f,Sedan,TOYT -CAR/SUV,2017.0,1.0,M,Licensed,Going Straight Ahead,Right Front Quarter Panel,Right Front Quarter Panel,,,,N,,Unspecified,Unspecified,,,,0.0,0.0,0,0,0,0,0,0,Sedan,Sedan,0
20277383,4554461,08/12/2022,04:50,3b31d482-a6ef-40de-a9fa-55eb98ce2e2b,Sedan,CHEV -CAR/SUV,2018.0,0.0,M,Licensed,Going Straight Ahead,Left Front Bumper,Left Front Bumper,Left Front Quarter Panel,No Damage,No Damage,N,,Unspecified,Unspecified,,,,0.0,0.0,0,0,0,0,0,0,Sedan,Sedan,0
20328394,4577934,10/31/2022,17:45,2b4d51de-4bbe-438f-b0d8-71daefba5979,Open Body,YAMA -ATV,1987.0,1.0,M,Unlicensed,Going Straight Ahead,Center Front End,No Damage,No Damage,No Damage,No Damage,N,,Traffic Control Disregarded,Failure to Yield Right-of-Way,MANHATTAN,10035.0,"    (40.79993, -73.940674)",0.0,0.0,0,0,0,0,0,0,Open Body,,0
20301857,4565679,09/19/2022,23:30,85a4caf9-c933-4a85-9848-7f2bf5db9627,Sedan,NISS -CAR/SUV,2015.0,2.0,M,Licensed,Changing Lanes,Left Rear Quarter Panel,Left Rear Quarter Panel,Left Side Doors,,,Unspecified,,Failure to Yield Right-of-Way,Passing or Lane Usage Improper,QUEENS,11370.0,"    (40.764507, -73.88416)",1.0,0.0,0,0,0,0,1,0,Pick-up Truck,Sedan,1
20250363,4542571,06/30/2022,00:30,6e39cfa1-b9cf-4169-be31-431b1f33f0b8,Garbage or Refuse,MACK-TRUCK/BUS,2016.0,2.0,M,Licensed,Parked,Left Front Bumper,Left Front Bumper,,,,N,,Unspecified,Unspecified,BROOKLYN,11215.0,"    (40.67143, -73.98784)",0.0,0.0,0,0,0,0,0,0,Garbage or Refuse,Sedan,0
20187580,4514116,03/28/2022,04:20,f86bd66e-555e-418d-baf5-3986b764df35,Sedan,UNKNOWN,,0.0,,,Other*,Other,Other,Other,Other,Other,N,,Unspecified,Unspecified,,,"    (40.843002, -73.90359)",0.0,0.0,0,0,0,0,0,0,Sedan,Station Wagon/Sport Utility Vehicle,0
20348237,4587015,12/02/2022,00:00,0a9d2ae0-eb36-48ef-823b-6276b698c9cc,Sedan,TOYT -CAR/SUV,2020.0,2.0,M,Licensed,Going Straight Ahead,Left Front Bumper,Left Front Bumper,Center Front End,,,N,,Traffic Control Disregarded,Driver Inattention/Distraction,BRONX,10454.0,"    (40.80549, -73.91031)",1.0,0.0,0,0,0,0,1,0,Station Wagon/Sport Utility Vehicle,Sedan,1
20254050,4544033,07/06/2022,22:30,aad16d4b-dfdd-475a-8a07-e658de896914,Station Wagon/Sport Utility Vehicle,CHEV -CAR/SUV,2008.0,1.0,M,Licensed,Stopped in Traffic,Center Back End,Center Back End,Right Rear Bumper,Left Rear Bumper,Left Front Bumper,N,,Tire Failure/Inadequate,Unspecified,,,"    (40.66484, -73.82229)",1.0,0.0,0,0,0,0,1,0,Station Wagon/Sport Utility Vehicle,Station Wagon/Sport Utility Vehicle,1
20215881,4526926,05/09/2022,00:30,f2c5cf46-25ec-49be-bf8d-61f2c39ee5e8,Dump,FORD-TRUCK/BUS,2017.0,1.0,M,Licensed,Going Straight Ahead,Center Back End,Center Back End,Left Side Doors,Left Rear Quarter Panel,Left Front Quarter Panel,N,,Unspecified,Unspecified,,,"    (40.627827, -73.89021)",4.0,1.0,0,0,0,0,4,1,Sedan,Dump,2
20359430,4591981,12/21/2022,01:29,14ce4f33-0838-4052-9983-e6f4d294209a,Station Wagon/Sport Utility Vehicle,TOYT -CAR/SUV,2019.0,2.0,M,Licensed,Going Straight Ahead,Right Side Doors,Right Side Doors,,,,N,,Driver Inattention/Distraction,Failure to Yield Right-of-Way,QUEENS,11101.0,"    (40.754066, -73.915276)",1.0,0.0,0,0,0,0,1,0,Sedan,Station Wagon/Sport Utility Vehicle,1
20230652,4533673,06/02/2022,11:39,dc04fcb2-a48b-41b5-a09c-963cbb4905db,Pick-up Truck,CADI -CAR/SUV,2022.0,1.0,M,Licensed,Going Straight Ahead,Left Front Bumper,Left Front Bumper,Left Front Quarter Panel,,,Unspecified,,Passing or Lane Usage Improper,Turning Improperly,,,"    (40.635498, -74.00197)",1.0,0.0,0,0,0,0,1,0,Sedan,Pick-up Truck,1
20221777,4529533,05/20/2022,16:45,25cb947e-62d8-438d-917b-7eebe0d61c70,Station Wagon/Sport Utility Vehicle,JEEP -CAR/SUV,2012.0,1.0,M,Licensed,Making Left Turn,Center Front End,Center Front End,,,,N,,Failure to Yield Right-of-Way,Unspecified,QUEENS,11361.0,"    (40.760532, -73.77345)",1.0,0.0,0,0,0,0,1,0,Station Wagon/Sport Utility Vehicle,Station Wagon/Sport Utility Vehicle,1
20283547,4557341,08/22/2022,08:41,d1dc27f3-4339-4814-8942-81668229604d,Bus,MTA BUS,2013.0,1.0,M,Licensed,Going Straight Ahead,Right Rear Quarter Panel,Right Rear Quarter Panel,Right Side Doors,,,N,,Driver Inattention/Distraction,Passing Too Closely,BROOKLYN,11209.0,"    (40.620274, -74.024216)",0.0,0.0,0,0,0,0,0,0,Bus,Station Wagon/Sport Utility Vehicle,0
20186328,4513471,03/25/2022,20:46,2baeea83-db86-45ba-8bf7-b2e15e00766b,Sedan,NISS -CAR/SUV,2019.0,2.0,F,Licensed,Going Straight Ahead,Center Back End,Center Back End,Center Back End,,,Unspecified,,Unspecified,Unspecified,,,"    (40.702858, -73.863625)",2.0,0.0,0,0,0,0,2,0,Sedan,Station Wagon/Sport Utility Vehicle,1
20333187,4580084,10/28/2022,12:46,b00f63ea-22c4-4ce3-ab0d-23baab87133e,Station Wagon/Sport Utility Vehicle,NISS -CAR/SUV,2016.0,5.0,F,Licensed,Going Straight Ahead,Center Front End,Center Back End,Center Back End,Center Back End,Center Front End,N,,Following Too Closely,Following Too Closely,,,"    (40.66942, -73.78251)",2.0,0.0,0,0,0,0,2,0,Station Wagon/Sport Utility Vehicle,Station Wagon/Sport Utility Vehicle,1
20317873,4573002,10/13/2022,03:25,74686363-b72b-4109-b07b-4d1e5c1e856c,Sedan,TOYT -CAR/SUV,1997.0,1.0,M,Licensed,Going Straight Ahead,Right Front Bumper,Right Front Bumper,Left Front Bumper,Left Front Quarter Panel,,N,,Driver Inattention/Distraction,Drugs (illegal),,,"    (40.749607, -73.89687)",1.0,0.0,0,0,0,0,1,0,Sedan,,1
20343499,4585201,11/23/2022,11:17,8621862c-d8b9-4edb-9eaf-c0eaaae392db,Sedan,TOYT -CAR/SUV,2020.0,0.0,,,Parked,Left Rear Quarter Panel,Left Rear Quarter Panel,Left Rear Quarter Panel,Left Side Doors,Left Front Quarter Panel,N,,Unspecified,Unspecified,QUEENS,11374.0,"    (40.725124, -73.85764)",0.0,0.0,0,0,0,0,0,0,Bus,Sedan,0
20272170,4552149,08/02/2022,11:50,c493a43b-2d7b-41dc-9758-5945ae7f70e8,Station Wagon/Sport Utility Vehicle,TOYT -CAR/SUV,2019.0,0.0,,,Parked,Right Rear Quarter Panel,Right Rear Quarter Panel,,,,N,,Unspecified,Unspecified,BROOKLYN,11221.0,"    (40.69554, -73.91261)",1.0,0.0,0,0,0,0,1,0,Station Wagon/Sport Utility Vehicle,Station Wagon/Sport Utility Vehicle,1
20208496,4523622,04/30/2022,23:45,163ab67b-c11e-477f-8640-112cb2285b64,Sedan,BMW -CAR/SUV,2020.0,1.0,M,,Going Straight Ahead,Center Front End,Center Front End,Right Front Bumper,Left Front Bumper,Right Front Quarter Panel,N,,Driver Inattention/Distraction,Traffic Control Disregarded,MANHATTAN,10002.0,"    (40.71738, -73.99131)",0.0,0.0,0,0,0,0,0,0,Sedan,Sedan,0
20271342,4551994,08/03/2022,00:15,071471dc-1019-4b64-8616-dfe7fd55463f,Motorcycle,KAWK -MCL,2017.0,1.0,M,Licensed,Changing Lanes,Overturned,Overturned,,,,N,,Driver Inattention/Distraction,Unsafe Lane Changing,,,"    (40.5832, -73.97304)",1.0,0.0,0,0,0,0,1,0,Sedan,Motorcycle,1
20284235,4557738,08/23/2022,03:35,98cccc1d-0e14-44e1-96cd-bd0731a5265c,Convertible,BMW -CAR/SUV,2016.0,1.0,F,Licensed,Going Straight Ahead,Left Front Bumper,Left Front Bumper,Center Front End,Undercarriage,,N,,Driver Inattention/Distraction,Unsafe Speed,QUEENS,11412.0,"    (40.707737, -73.7632)",1.0,0.0,0,0,0,0,1,0,Convertible,Station Wagon/Sport Utility Vehicle,1
20323850,4575860,10/24/2022,10:00,2a4af59f-085e-4dbc-b76c-94a2f3a3e58b,Station Wagon/Sport Utility Vehicle,HOND -CAR/SUV,2005.0,1.0,M,Licensed,Changing Lanes,Right Front Quarter Panel,Overturned,Roof,,,N,,Passing or Lane Usage Improper,Unsafe Lane Changing,,,,1.0,0.0,0,0,0,0,1,0,Station Wagon/Sport Utility Vehicle,Station Wagon/Sport Utility Vehicle,1
20319814,4573929,10/15/2022,22:41,45751aca-37a9-4911-aaed-60f12f21b970,Sedan,FORD -CAR/SUV,2017.0,0.0,,,Parked,Right Rear Bumper,Center Back End,,Left Front Bumper,Right Front Bumper,N,,Unspecified,Unspecified,BRONX,10465.0,"    (40.822445, -73.83717)",0.0,0.0,0,0,0,0,0,0,Sedan,Sedan,0
20239607,4537443,06/12/2022,08:30,cc98ba1f-6142-43c9-be7e-a15866b06493,Bus,INTL-TRUCK/BUS,2022.0,1.0,M,Licensed,Going Straight Ahead,Center Back End,Center Back End,,,,N,,Unspecified,Unspecified,BROOKLYN,11229.0,"    (40.611477, -73.94883)",1.0,0.0,0,0,0,0,1,0,Bus,Sedan,1
20151048,4497301,01/24/2022,09:15,c503adba-91b1-4529-964e-6de0ba2252e6,Dump,MACK-TRUCK/BUS,2013.0,2.0,M,Licensed,Going Straight Ahead,Left Front Bumper,No Damage,,,,N,,Driver Inexperience,Driver Inattention/Distraction,BRONX,10466.0,"    (40.87987, -73.842026)",0.0,0.0,0,0,0,0,0,0,Dump,Station Wagon/Sport Utility Vehicle,0
20312392,4559408,08/27/2022,11:26,bc0e9862-cf3a-4e62-8836-98f07c452a78,Sedan,MERZ -CAR/SUV,2018.0,1.0,M,Licensed,Stopped in Traffic,Right Front Bumper,Right Front Bumper,No Damage,No Damage,No Damage,N,,Following Too Closely,Unspecified,MANHATTAN,10000.0,"    (40.777225, -73.964165)",0.0,0.0,0,0,0,0,0,0,Bus,Sedan,0
20221127,4529123,05/06/2022,13:55,19442366-59a8-4c9b-bb92-4d5669054eda,Sedan,HOND -CAR/SUV,2017.0,2.0,F,Licensed,Going Straight Ahead,No Damage,No Damage,No Damage,No Damage,No Damage,N,,View Obstructed/Limited,Unspecified,STATEN ISLAND,10301.0,"    (40.637615, -74.08002)",0.0,0.0,0,0,0,0,0,0,Sedan,,0
20263163,4548016,07/03/2022,23:48,0353ef2c-42ae-4571-b42f-ce3bae7e27dc,Station Wagon/Sport Utility Vehicle,HUMM -CAR/SUV,2006.0,1.0,M,Licensed,Stopped in Traffic,Center Front End,Center Front End,No Damage,No Damage,No Damage,N,,Unspecified,Unspecified,,,"    (40.752136, -73.92564)",0.0,0.0,0,0,0,0,0,0,Station Wagon/Sport Utility Vehicle,Sedan,0
20292398,4561473,09/03/2022,08:20,ed0e57b5-d608-4603-8d3c-a3e58d71b776,Station Wagon/Sport Utility Vehicle,MERZ -CAR/SUV,2021.0,12.0,M,Licensed,Going Straight Ahead,Left Rear Quarter Panel,Left Side Doors,,,,N,,Unspecified,Unspecified,,,"    (40.88473, -73.81571)",0.0,0.0,0,0,0,0,0,0,Station Wagon/Sport Utility Vehicle,Station Wagon/Sport Utility Vehicle,0
20329532,4578431,10/31/2022,15:20,f85d83b6-17c4-4c08-9607-f292fbc5eb88,Sedan,ACUR -CAR/SUV,2005.0,1.0,,,Making Left Turn,Left Front Bumper,No Damage,,,,N,,Driver Inexperience,Failure to Yield Right-of-Way,BROOKLYN,11211.0,"    (40.712215, -73.945724)",1.0,0.0,0,0,1,0,0,0,Bike,Sedan,1
20260271,4546700,07/14/2022,07:36,88efae39-320a-4736-a49d-9b672eaf8edb,Sedan,NISS -CAR/SUV,2014.0,1.0,F,Licensed,Making Right Turn,Left Front Bumper,Left Front Bumper,,,,Unspecified,,Other Vehicular,Unspecified,QUEENS,11379.0,"    (40.71864, -73.87634)",0.0,0.0,0,0,0,0,0,0,Box Truck,Sedan,0
20363826,4594151,12/30/2022,19:19,380b5e8c-dfab-4c07-8f77-05609925c0ce,Sedan,INFI -CAR/SUV,2011.0,0.0,,,Parked,Center Back End,Center Back End,Left Front Quarter Panel,,,N,,Passing or Lane Usage Improper,Unspecified,,,"    (40.837303, -73.90785)",0.0,0.0,0,0,0,0,0,0,Sedan,Sedan,0
20206733,4522695,04/23/2022,03:05,1c35736a-30b5-4927-b0ac-885258cf244d,Sedan,HOND -CAR/SUV,2009.0,0.0,,,Parked,Left Front Quarter Panel,Left Front Quarter Panel,,,,N,,Unspecified,Unspecified,QUEENS,11377.0,"    (0.0, 0.0)",0.0,0.0,0,0,0,0,0,0,Sedan,Station Wagon/Sport Utility Vehicle,0
20336039,4581359,11/11/2022,15:55,b47464d1-65dc-4fec-bef4-988a48f8c0e0,Station Wagon/Sport Utility Vehicle,NISS -CAR/SUV,2022.0,1.0,F,Licensed,Making Left Turn,Left Side Doors,Left Side Doors,Left Front Quarter Panel,,,N,,Unspecified,Unspecified,QUEENS,11385.0,"    (40.691433, -73.89063)",1.0,0.0,0,0,0,0,1,0,Station Wagon/Sport Utility Vehicle,,1
20326957,4577553,10/28/2022,12:31,ffedeceb-efb2-488e-be63-1a98fb3956ad,,Ford,2019.0,,,,Going Straight Ahead,No Damage,No Damage,,,,Unspecified,,Driver Inattention/Distraction,Following Too Closely,BROOKLYN,11204.0,"    (40.624947, -73.97712)",0.0,0.0,0,0,0,0,0,0,Van,,0
20272428,4552440,08/05/2022,06:44,85040849-120d-4f73-bb80-e739007595e3,Station Wagon/Sport Utility Vehicle,NISS -CAR/SUV,2015.0,0.0,,,Parked,Left Front Quarter Panel,Left Front Quarter Panel,,,,N,,Unspecified,Unspecified,BROOKLYN,11236.0,"    (40.64731, -73.89701)",0.0,0.0,0,0,0,0,0,0,Station Wagon/Sport Utility Vehicle,,0
20310563,4569799,10/02/2022,18:38,86db5952-6ad5-4b3c-9c6d-6b067c5fc05a,Sedan,JEEP -CAR/SUV,2020.0,1.0,F,Licensed,Stopped in Traffic,Center Back End,Center Back End,,,,N,,Unspecified,Unspecified,,,,2.0,0.0,0,0,0,0,2,0,Sedan,Sedan,1
20206163,4522600,04/27/2022,11:20,6bd05721-796a-444e-ad9b-7d68cd293df5,Taxi,TOYT -CAR/SUV,2016.0,1.0,M,Licensed,Going Straight Ahead,Right Front Bumper,Right Front Bumper,No Damage,No Damage,No Damage,N,,Unspecified,Passing Too Closely,MANHATTAN,10029.0,"    (40.79157, -73.94678)",0.0,0.0,0,0,0,0,0,0,Sedan,Taxi,0
20244627,4539660,06/20/2022,18:37,401d4241-49d1-4332-ba06-a81948978976,Sedan,NISS -CAR/SUV,2022.0,1.0,M,Licensed,Making Left Turn,Right Front Quarter Panel,Right Rear Quarter Panel,Right Side Doors,No Damage,No Damage,Unspecified,,Failure to Yield Right-of-Way,Unspecified,QUEENS,11416.0,"    (40.68815, -73.84884)",0.0,0.0,0,0,0,0,0,0,Sedan,Sedan,0
20183176,4511816,03/18/2022,19:30,2fc7b28e-a6eb-4ea8-8eb0-a3eaa83b52a7,Pick-up Truck,GMC -CAR/SUV,2021.0,0.0,M,Licensed,Parked,Left Rear Bumper,Left Rear Quarter Panel,Left Side Doors,Left Front Quarter Panel,Left Front Bumper,N,,Unspecified,Unspecified,BROOKLYN,11208.0,"    (40.68211, -73.867004)",0.0,0.0,0,0,0,0,0,0,Box Truck,Station Wagon/Sport Utility Vehicle,0
20221452,4529377,05/20/2022,00:20,06b74737-0f15-438c-97ad-96eb9254fd16,Sedan,TOYT -CAR/SUV,2009.0,1.0,F,Licensed,Going Straight Ahead,Left Front Bumper,Left Front Bumper,Left Front Quarter Panel,,,N,,Unsafe Speed,Unsafe Speed,QUEENS,11378.0,"    (40.727863, -73.892105)",0.0,0.0,0,0,0,0,0,0,Sedan,,0
20341436,4584005,11/20/2022,10:25,11cce21c-d0ae-49d4-82ca-bcd239b80396,Station Wagon/Sport Utility Vehicle,HOND -CAR/SUV,2011.0,1.0,M,Licensed,Changing Lanes,Right Side Doors,Right Side Doors,Left Front Bumper,,,N,,Unspecified,Unspecified,,,,0.0,0.0,0,0,0,0,0,0,Station Wagon/Sport Utility Vehicle,,0
20261764,4547401,07/16/2022,08:50,2d4af3a8-4ca4-4538-bff7-c8b561bdebc8,Station Wagon/Sport Utility Vehicle,AUDI -CAR/SUV,2014.0,1.0,F,Licensed,Going Straight Ahead,Center Front End,Center Front End,Left Front Bumper,Right Front Bumper,No Damage,N,,Following Too Closely,Driver Inattention/Distraction,,,"    (40.836845, -73.930534)",2.0,0.0,0,0,0,0,2,0,Sedan,Station Wagon/Sport Utility Vehicle,1
20339375,4582916,11/19/2022,08:30,8977317f-78e1-4ee1-9e71-2474177ffad5,Sedan,JEEP -CAR/SUV,2022.0,4.0,M,Licensed,Going Straight Ahead,Right Front Bumper,Right Front Bumper,Center Front End,Left Front Bumper,,N,,Unspecified,Unspecified,,,"    (40.826523, -73.93116)",0.0,0.0,0,0,0,0,0,0,Sedan,Sedan,0
20151151,4497560,01/18/2022,11:26,ab6c9ebf-f73a-4b03-9f1b-4d31b5275b85,Station Wagon/Sport Utility Vehicle,FORD -CAR/SUV,2016.0,1.0,M,Licensed,Parked,Left Rear Quarter Panel,Left Side Doors,Left Front Quarter Panel,,No Damage,N,,Other Vehicular,Unspecified,MANHATTAN,10027.0,"    (40.813885, -73.95211)",0.0,0.0,0,0,0,0,0,0,Station Wagon/Sport Utility Vehicle,Sedan,0
20209851,4524269,05/02/2022,12:18,0c0203b3-3abb-4ff8-93ba-4b521eb9a8e0,Station Wagon/Sport Utility Vehicle,HOND -CAR/SUV,2003.0,3.0,M,Licensed,Parked,Right Side Doors,Right Rear Quarter Panel,Right Side Doors,Right Rear Quarter Panel,Right Rear Quarter Panel,N,,Unspecified,Unspecified,BRONX,10454.0,"    (40.81211, -73.91591)",2.0,0.0,0,0,0,0,2,0,Station Wagon/Sport Utility Vehicle,Sedan,1
20269881,4551001,07/29/2022,19:30,d22d14be-4da5-4c6c-9fd2-ddcc549f05fb,Tractor Truck Diesel,UTI,2004.0,1.0,M,Licensed,Making Left Turn,Trailer,No Damage,No Damage,No Damage,No Damage,N,,Unspecified,Unspecified,BROOKLYN,11208.0,"    (40.666706, -73.871826)",0.0,0.0,0,0,0,0,0,0,Station Wagon/Sport Utility Vehicle,Tractor Truck Diesel,0
20238025,4536944,06/13/2022,13:05,46226dbf-c117-42cf-90da-8f86b7111868,Taxi,TOYT -CAR/SUV,2016.0,3.0,M,Licensed,Going Straight Ahead,Center Front End,Center Front End,Left Front Bumper,Right Front Bumper,,N,,Driver Inattention/Distraction,Following Too Closely,,,"    (40.80119, -73.93003)",3.0,0.0,0,0,0,0,3,0,Sedan,Taxi,1
20317119,4572476,10/10/2022,17:46,e9bb1211-6b50-42ba-a527-55658b8a5b67,Station Wagon/Sport Utility Vehicle,JEEP -CAR/SUV,2014.0,1.0,F,Licensed,Making Left Turn,Right Front Quarter Panel,Right Front Quarter Panel,Right Side Doors,,,N,,Failure to Yield Right-of-Way,Unspecified,BROOKLYN,11208.0,,3.0,0.0,0,0,0,0,3,0,Station Wagon/Sport Utility Vehicle,Motorcycle,1
20175761,4508679,03/05/2022,20:28,7c7dec74-7903-44c6-b5aa-2abd1918578c,Convertible,BENTLEY,2010.0,1.0,M,Licensed,Going Straight Ahead,Right Rear Quarter Panel,Right Rear Quarter Panel,,,,N,,Driver Inattention/Distraction,Traffic Control Disregarded,,,"    (40.581745, -73.960945)",0.0,0.0,0,0,0,0,0,0,Sedan,Convertible,0
20247634,4541113,06/24/2022,07:15,9bba2d84-6160-4f88-8c5f-1027f9de557a,Station Wagon/Sport Utility Vehicle,HYUN -CAR/SUV,2020.0,1.0,M,Licensed,Merging,Right Front Quarter Panel,Right Front Quarter Panel,No Damage,No Damage,No Damage,N,,Unspecified,Unspecified,MANHATTAN,10035.0,"    (40.80275, -73.93358)",0.0,0.0,0,0,0,0,0,0,Station Wagon/Sport Utility Vehicle,,0
20201004,4520153,04/17/2022,00:50,303dcea1-cc50-4c7c-8a03-22dacc6d0a5e,Station Wagon/Sport Utility Vehicle,LEXS -CAR/SUV,2019.0,0.0,,,Parked,Left Side Doors,Left Front Bumper,Left Side Doors,Left Front Quarter Panel,,N,,Unspecified,Unspecified,STATEN ISLAND,10312.0,"    (40.557346, -74.16622)",0.0,0.0,0,0,0,0,0,0,Pick-up Truck,Sedan,0
20248942,4541808,06/28/2022,06:25,4b6b2416-75d6-43c2-86e4-946aea57929e,Sedan,NISS -CAR/SUV,2017.0,0.0,M,Licensed,Parked,Center Front End,Center Front End,Left Front Bumper,Right Front Bumper,,N,,Unspecified,Unspecified,,,"    (40.82652, -73.90276)",0.0,0.0,0,0,0,0,0,0,Sedan,,0
20328767,4577879,10/26/2022,17:05,6652bfbc-ccbc-4c7b-b0b9-751c74de2c4a,Sedan,NISS -CAR/SUV,2019.0,2.0,F,Licensed,Parked,Left Side Doors,Left Side Doors,,,,N,,Unspecified,Unspecified,BROOKLYN,11207.0,"    (40.65414, -73.88732)",0.0,0.0,0,0,0,0,0,0,Bus,Sedan,0
20229940,4533408,06/01/2022,00:00,d4513783-51d3-4b26-8874-744c4e2942fb,Station Wagon/Sport Utility Vehicle,CHEV -CAR/SUV,2018.0,1.0,M,Licensed,Backing,Center Back End,Center Back End,Right Rear Bumper,,,N,,Backing Unsafely,Driver Inattention/Distraction,BROOKLYN,11218.0,"    (40.632534, -73.97442)",1.0,0.0,0,0,0,0,1,0,Station Wagon/Sport Utility Vehicle,Station Wagon/Sport Utility Vehicle,1