UNIQUE_ID,COLLISION_ID,CRASH_DATE,CRASH_TIME,VEHICLE_ID,VEHICLE_TYPE,VEHICLE_MAKE,VEHICLE_YEAR,VEHICLE_OCCUPANTS,DRIVER_SEX,DRIVER_LICENSE_STATUS,PRE_CRASH,POINT_OF_IMPACT,VEHICLE_DAMAGE,VEHICLE_DAMAGE_1,VEHICLE_DAMAGE_2,VEHICLE_DAMAGE_3,PUBLIC_PROPERTY_DAMAGE,PUBLIC_PROPERTY_DAMAGE_TYPE,CONTRIBUTING_FACTOR_1,CONTRIBUTING_FACTOR_2,BOROUGH,ZIP CODE,LOCATION,NUMBER OF PERSONS INJURED,NUMBER OF PERSONS KILLED,NUMBER OF PEDESTRIANS INJURED,NUMBER OF PEDESTRIANS KILLED,NUMBER OF CYCLIST INJURED,NUMBER OF CYCLIST KILLED,NUMBER OF MOTORIST INJURED,NUMBER OF MOTORIST KILLED,VEHICLE TYPE CODE 1,VEHICLE TYPE CODE 2,Severity
20206156,4522455,04/12/2022,17:02,33ebf0cf-122a-49dc-bd7b-422e46d3f927,Tractor Truck Diesel,FRHT-TRUCK/BUS,2018.0,1.0,M,Licensed,Making Right Turn,Other,No Damage,,,,N,,Unspecified,Unspecified,,,,1.0,0.0,0,0,0,0,1,0,Tractor Truck Diesel,Moped,1
20222302,4529622,05/06/2022,03:25,1dbd9eec-8b81-4449-809c-e7b19ffd2243,,JEEP -CAR/SUV,,,,,Going Straight Ahead,Center Front End,,,,,N,,Traffic Control Disregarded,Passing Too Closely,QUEENS,11101.0,"    (40.75608, -73.94042)",3.0,0.0,0,0,0,0,3,0,Station Wagon/Sport Utility Vehicle,,1
20251469,4542924,07/02/2022,23:54,fbeb6c5a-b803-4893-8a12-7977f7b354bb,Sedan,HOND -CAR/SUV,2012.0,0.0,M,Licensed,Going Straight Ahead,Center Front End,Center Front End,,,,N,,Unspecified,Unspecified,BROOKLYN,11236.0,"    (40.648266, -73.90581)",1.0,0.0,1,0,0,0,0,0,Sedan,,1
20167523,4504977,02/21/2022,03:00,44e05511-bc89-4e58-af56-d4cb5f63322c,Sedan,BMW -CAR/SUV,2022.0,0.0,,,Parked,Left Rear Bumper,Left Front Bumper,,,,N,,Unspecified,Unspecified,MANHATTAN,10001.0,"    (40.751953, -74.00267)",0.0,0.0,0,0,0,0,0,0,Sedan,Sedan,0
20173557,4507776,03/01/2022,13:43,2c20cf02-a75e-4cae-9875-a582db11effb,Taxi,TOYT -CAR/SUV,2014.0,1.0,M,Licensed,Parked,Left Front Quarter Panel,Left Side Doors,Left Side Doors,,,N,,Driver Inattention/Distraction,Unspecified,MANHATTAN,10003.0,"    (40.736378, -73.98494)",1.0,0.0,0,0,1,0,0,0,Taxi,Bike,1
20237508,4536419,06/11/2022,04:00,a28055d7-d672-47e4-b464-5386f1e2162e,Station Wagon/Sport Utility Vehicle,BMW -CAR/SUV,,1.0,,,Making Left Turn,Center Front End,,,,,N,,Traffic Control Disregarded,Turning Improperly,BRONX,10452.0,"    (40.844234, -73.92363)",1.0,0.0,0,0,0,0,1,0,Taxi,Station Wagon/Sport Utility Vehicle,1
20354207,4589909,12/14/2022,20:57,e6705820-9cb3-4545-8f52-77fb32b3bcdd,Station Wagon/Sport Utility Vehicle,JEEP -CAR/SUV,2015.0,2.0,F,Licensed,Going Straight Ahead,Center Front End,Left Front Bumper,Left Front Bumper,,,N,,Following Too Closely,Driver Inattention/Distraction,,,"    (40.68821, -73.96583)",0.0,0.0,0,0,0,0,0,0,Sedan,Station Wagon/Sport Utility Vehicle,0
20330991,4579033,11/04/2022,09:25,6b9e1866-4014-40a1-a06f-4a5025b96c23,Station Wagon/Sport Utility Vehicle,ACUR -CAR/SUV,2020.0,1.0,,,Passing,Right Side Doors,Right Side Doors,Right Side Doors,Right Side Doors,Right Side Doors,N,,Passing or Lane Usage Improper,Aggressive Driving/Road Rage,,,"    (40.852673, -73.919106)",0.0,0.0,0,0,0,0,0,0,Sedan,Station Wagon/Sport Utility Vehicle,0
20239349,4537543,06/14/2022,10:01,9e1de7da-2444-44ec-86d6-caf02c53ef3b,Station Wagon/Sport Utility Vehicle,KIA -CAR/SUV,2010.0,1.0,M,Licensed,Slowing or Stopping,Center Back End,Center Front End,Center Back End,No Damage,No Damage,N,,Reaction to Uninvolved Vehicle,Unspecified,QUEENS,11374.0,"    (40.71884, -73.86413)",1.0,0.0,0,0,0,0,1,0,Sedan,Station Wagon/Sport Utility Vehicle,1
20239981,4538021,06/10/2022,17:17,35ea4a03-1fa5-4c9a-91ae-ac0384f0a44f,Station Wagon/Sport Utility Vehicle,NISS -CAR/SUV,2001.0,1.0,M,Licensed,Going Straight Ahead,Center Front End,Left Front Bumper,Center Front End,Right Front Bumper,Left Front Bumper,N,,Alcohol Involvement,Unspecified,,,"    (40.509296, -74.24606)",1.0,0.0,0,0,0,0,1,0,Station Wagon/Sport Utility Vehicle,,1
20212179,4525330,05/06/2022,16:03,91745786-5bc1-4d45-9be7-5f4f664163c2,Van,CHEV-TRUCK/BUS,2014.0,2.0,F,Licensed,Going Straight Ahead,Right Front Bumper,Right Front Bumper,,,,N,,Driver Inattention/Distraction,Driver Inattention/Distraction,MANHATTAN,10013.0,"    (40.71729, -74.001595)",0.0,0.0,0,0,0,0,0,0,Van,Sedan,0
20364481,4594525,12/30/2022,21:30,2a0d5819-5bda-4b53-a307-ee1295ee65ff,Sedan,DODG -CAR/SUV,2015.0,1.0,M,Licensed,Going Straight Ahead,Left Front Quarter Panel,Left Front Quarter Panel,Left Front Bumper,Left Side Doors,,N,,Alcohol Involvement,Aggressive Driving/Road Rage,,,"    (40.69985, -73.80974)",0.0,0.0,0,0,0,0,0,0,PK,Sedan,0
20265779,4549405,07/22/2022,10:00,3c2294c1-96ae-4a4d-9cc6-f4cf30d098d8,Station Wagon/Sport Utility Vehicle,MERZ -CAR/SUV,2015.0,0.0,,,Parked,Left Front Quarter Panel,Left Front Quarter Panel,Left Side Doors,Left Side Doors,,N,,Unspecified,Unspecified,BROOKLYN,11211.0,"    (40.71142, -73.95313)",0.0,0.0,0,0,0,0,0,0,Station Wagon/Sport Utility Vehicle,,0
20169873,4505837,02/27/2022,02:32,c8dd012c-64a4-4ab2-9ae7-cda25c31fd6d,Sedan,NISS -CAR/SUV,2010.0,1.0,M,Licensed,Going Straight Ahead,Center Front End,Left Front Bumper,Right Front Bumper,Center Front End,Center Front End,N,,Traffic Control Disregarded,Traffic Control Disregarded,,,"    (40.659477, -73.908134)",2.0,0.0,0,0,0,0,2,0,Station Wagon/Sport Utility Vehicle,Sedan,1
20227276,4532309,05/25/2022,15:30,512ac652-b6d6-4702-857a-e8d1e0d1ede1,Station Wagon/Sport Utility Vehicle,MERZ -CAR/SUV,2020.0,1.0,F,Licensed,Going Straight Ahead,Left Side Doors,Left Side Doors,Left Rear Quarter Panel,,,N,,Unspecified,Unspecified,,,"    (40.79653, -73.97597)",0.0,0.0,0,0,0,0,0,0,Station Wagon/Sport Utility Vehicle,Sedan,0
20364558,4594549,12/31/2022,16:04,941b3e82-e60c-4436-9b0b-a82f8accd01b,Sedan,VOLV -CAR/SUV,2012.0,1.0,M,Licensed,Slowing or Stopping,Right Front Bumper,Center Front End,No Damage,No Damage,No Damage,N,,Following Too Closely,Unspecified,,,"    (40.832123, -73.83794)",4.0,0.0,0,0,0,0,4,0,Station Wagon/Sport Utility Vehicle,Station Wagon/Sport Utility Vehicle,1
20285486,4558345,08/25/2022,13:00,3d86f865-24cb-42cb-9de3-ae71b790d53d,Station Wagon/Sport Utility Vehicle,BMW -CAR/SUV,2019.0,1.0,F,Licensed,Going Straight Ahead,Right Front Bumper,Right Front Bumper,Right Front Quarter Panel,,,N,,Driver Inattention/Distraction,Unspecified,QUEENS,11373.0,"    (40.737892, -73.8813)",0.0,0.0,0,0,0,0,0,0,Station Wagon/Sport Utility Vehicle,Station Wagon/Sport Utility Vehicle,0
20265144,4548780,07/24/2022,12:10,2e99eb8a-cacb-4383-ad66-8e6a38c2482f,Station Wagon/Sport Utility Vehicle,KIA -CAR/SUV,2021.0,2.0,M,Licensed,Going Straight Ahead,Left Front Bumper,Left Front Bumper,Left Front Quarter Panel,,,N,,Unspecified,Unspecified,QUEENS,11358.0,"    (40.751785, -73.80705)",1.0,0.0,0,0,0,0,1,0,Station Wagon/Sport Utility Vehicle,Station Wagon/Sport Utility Vehicle,1
20249043,4541914,06/25/2022,14:15,eb0849bf-4454-48aa-9b56-e32003d23ad9,Sedan,NISS -CAR/SUV,2011.0,2.0,M,Licensed,Stopped in Traffic,Left Rear Quarter Panel,Left Side Doors,Left Rear Quarter Panel,Left Side Doors,Left Rear Quarter Panel,N,,Unspecified,Unspecified,BRONX,10474.0,"    (40.814594, -73.88588)",0.0,0.0,0,0,0,0,0,0,Sedan,3-Door,0
20290492,4560695,09/03/2022,14:40,a5c8d727-20cd-42d4-9e07-b8e4346d9f36,Sedan,MITS -CAR/SUV,2018.0,1.0,F,Licensed,Going Straight Ahead,Center Front End,Center Front End,Left Front Bumper,,,N,,Unsafe Speed,Unspecified,BROOKLYN,11228.0,"    (40.614666, -74.0133)",0.0,0.0,0,0,0,0,0,0,Sedan,Sedan,0
20193442,4516780,03/29/2022,01:05,d8d01cf2-8f7c-41d4-abaf-a7d151ed3ab0,Taxi,MERZ -CAR/SUV,2020.0,1.0,M,Licensed,Going Straight Ahead,Left Front Bumper,Left Front Bumper,Left Front Quarter Panel,Left Front Quarter Panel,Center Front End,N,,Unspecified,Unspecified,,,"    (40.80964, -73.947845)",0.0,0.0,0,0,0,0,0,0,Sedan,Taxi,0
20359318,4592137,12/13/2022,16:18,3e1f9aad-b1b7-4781-8c54-0809f20c350b,Station Wagon/Sport Utility Vehicle,HOND -CAR/SUV,2014.0,1.0,F,Licensed,Passing,Center Front End,Right Front Bumper,,,,N,,View Obstructed/Limited,Obstruction/Debris,QUEENS,11368.0,"    (40.75062, -73.870285)",1.0,0.0,1,0,0,0,0,0,Station Wagon/Sport Utility Vehicle,,1
20227535,4532068,05/24/2022,23:30,eb607cff-3d30-4f23-9145-44e43792b3b6,Station Wagon/Sport Utility Vehicle,HOND -CAR/SUV,2009.0,0.0,,,Parked,Center Front End,Right Front Bumper,Left Front Bumper,Center Back End,Left Rear Bumper,N,,Unspecified,Unspecified,BROOKLYN,11205.0,"    (40.690594, -73.95162)",0.0,0.0,0,0,0,0,0,0,Station Wagon/Sport Utility Vehicle,Station Wagon/Sport Utility Vehicle,0
20261673,4547429,07/09/2022,09:10,1320059c-05da-484d-9412-a0b3858fc11f,Station Wagon/Sport Utility Vehicle,HOND -CAR/SUV,2016.0,2.0,,,Going Straight Ahead,Right Front Quarter Panel,Right Front Quarter Panel,Right Front Quarter Panel,Right Front Quarter Panel,Right Front Quarter Panel,N,,Unspecified,Unspecified,QUEENS,11370.0,"    (40.760822, -73.88727)",0.0,0.0,0,0,0,0,0,0,Station Wagon/Sport Utility Vehicle,Station Wagon/Sport Utility Vehicle,0
20276285,4554119,08/10/2022,11:22,b7dd5f4c-75cf-416b-9788-44887366ca5d,Sedan,TOYT -CAR/SUV,2007.0,1.0,F,Licensed,Making Left Turn,Right Front Quarter Panel,Right Front Quarter Panel,Right Front Bumper,No Damage,No Damage,Unspecified,,Unspecified,Unspecified,BRONX,10472.0,"    (40.8283, -73.88296)",2.0,0.0,0,0,1,0,1,0,Sedan,Bike,1
20329050,4578206,10/26/2022,20:28,ab719d05-de6a-43a7-b74a-fa329ddbed50,Station Wagon/Sport Utility Vehicle,HOND -CAR/SUV,2016.0,1.0,M,Licensed,Going Straight Ahead,Right Rear Bumper,Right Front Bumper,Right Rear Bumper,Center Front End,,N,,Unspecified,Unspecified,,,"    (40.822533, -73.88509)",0.0,0.0,0,0,0,0,0,0,Station Wagon/Sport Utility Vehicle,Sedan,0
20257672,4545527,07/11/2022,18:30,0dd0a956-d461-487f-a9d5-55350adc65b6,Station Wagon/Sport Utility Vehicle,JEEP -CAR/SUV,2003.0,1.0,,,,Center Front End,Right Front Bumper,Left Front Bumper,Center Back End,Left Rear Bumper,Unspecified,,Driver Inattention/Distraction,Passing or Lane Usage Improper,QUEENS,11367.0,"    (40.726074, -73.830124)",1.0,0.0,0,0,0,0,1,0,Station Wagon/Sport Utility Vehicle,Station Wagon/Sport Utility Vehicle,1
20189619,4492660,01/07/2022,05:20,d0d17121-e844-48c2-9b4b-359bc96df5cd,Station Wagon/Sport Utility Vehicle,NISS -CAR/SUV,2016.0,1.0,M,Licensed,Going Straight Ahead,Center Back End,No Damage,No Damage,No Damage,No Damage,N,,Unspecified,Unspecified,,,"    (40.683342, -73.80433)",0.0,0.0,0,0,0,0,0,0,Station Wagon/Sport Utility Vehicle,Station Wagon/Sport Utility Vehicle,0
20189268,4514718,03/27/2022,15:30,d5c27bf6-a43b-4d92-bef2-d7219e44eb62,Sedan,MERZ -CAR/SUV,2011.0,1.0,M,Licensed,Changing Lanes,Left Front Bumper,Left Front Quarter Panel,Left Front Bumper,,,N,,Following Too Closely,Unsafe Lane Changing,,,"    (40.61847, -73.89746)",0.0,0.0,0,0,0,0,0,0,Sedan,Sedan,0
20177878,4509615,03/13/2022,07:45,5a9e2111-3bae-47b0-8389-9ec10672f254,Sedan,HOND -CAR/SUV,2020.0,1.0,M,Licensed,Parked,Center Back End,Center Front End,Center Back End,,,N,,Unspecified,Unspecified,,,"    (40.859444, -73.915985)",3.0,0.0,0,0,0,0,3,0,Station Wagon/Sport Utility Vehicle,Station Wagon/Sport Utility Vehicle,1
20207791,4523213,04/28/2022,18:15,396d41c4-1277-4844-9450-97c20cd092d6,Sedan,NISS -CAR/SUV,,1.0,,,Going Straight Ahead,Center Front End,Center Front End,,,,N,,Traffic Control Disregarded,Driver Inattention/Distraction,QUEENS,11432.0,"    (40.70576, -73.80167)",0.0,0.0,0,0,0,0,0,0,Sedan,Sedan,0
20381023,4586243,11/24/2022,09:00,6dbdd675-5c7c-44e7-a1cc-e9d9b43ad3c5,Station Wagon/Sport Utility Vehicle,FORD -CAR/SUV,2021.0,0.0,F,Licensed,Stopped in Traffic,Center Back End,Center Back End,Right Rear Bumper,Left Rear Bumper,No Damage,N,,Unspecified,Driver Inattention/Distraction,,,,0.0,0.0,0,0,0,0,0,0,Station Wagon/Sport Utility Vehicle,Station Wagon/Sport Utility Vehicle,0
20145848,4494868,01/16/2022,04:43,325b4502-b0e2-44cd-ae57-281330eb958b,Sedan,HOND -CAR/SUV,2017.0,4.0,M,Licensed,Making Left Turn,Left Rear Quarter Panel,Left Rear Quarter Panel,,,,Unspecified,,Passing or Lane Usage Improper,Turning Improperly,QUEENS,11377.0,"    (40.753902, -73.90122)",0.0,0.0,0,0,0,0,0,0,Sedan,Sedan,0
20291652,4561245,09/01/2022,18:37,c9eaaca0-a0a4-450f-b410-a697cb1e2943,Sedan,HOND -CAR/SUV,2021.0,0.0,F,Licensed,Parked,Left Front Bumper,Left Front Bumper,No Damage,No Damage,No Damage,Unspecified,,Unspecified,Unspecified,BRONX,10463.0,"    (40.87384, -73.90892)",0.0,0.0,0,0,0,0,0,0,Sedan,,0
20292588,4561622,09/06/2022,14:10,0a1acf97-c964-46f0-9c55-5b47b8b2eb62,Sedan,HOND -CAR/SUV,2021.0,0.0,M,Licensed,Going Straight Ahead,Left Front Bumper,Left Front Bumper,Left Front Quarter Panel,No Damage,No Damage,N,,Failure to Yield Right-of-Way,Traffic Control Disregarded,,,"    (40.693123, -73.752914)",1.0,0.0,0,0,0,0,1,0,Station Wagon/Sport Utility Vehicle,Sedan,1
20160404,4501561,02/10/2022,11:45,98c6678c-966d-45a7-8b5f-9de94bac8438,Station Wagon/Sport Utility Vehicle,RAM,2019.0,1.0,M,Licensed,Making Right Turn,Right Front Quarter Panel,No Damage,,,,N,,Failure to Yield Right-of-Way,Unspecified,,,"    (40.82325, -73.88277)",1.0,0.0,1,0,0,0,0,0,Station Wagon/Sport Utility Vehicle,,1
20310858,4569571,10/01/2022,22:08,e5dde0ef-3676-4223-8e19-89fde632fab2,Sedan,HOND -CAR/SUV,2018.0,0.0,M,Licensed,Going Straight Ahead,Left Front Bumper,Left Front Bumper,,,,N,,Failure to Yield Right-of-Way,Failure to Yield Right-of-Way,BROOKLYN,11207.0,"    (40.67175, -73.89685)",0.0,0.0,0,0,0,0,0,0,Sedan,Sedan,0
20202598,4520846,04/18/2022,12:20,b0811353-c08c-4466-a207-499a73bc874b,Sedan,TOYT -CAR/SUV,1999.0,1.0,M,Licensed,Going Straight Ahead,Right Front Quarter Panel,Right Front Quarter Panel,Right Side Doors,,,N,,Unspecified,Unspecified,QUEENS,11375.0,"    (40.712635, -73.83462)",0.0,0.0,0,0,0,0,0,0,Sedan,Box Truck,0
20155200,4499326,02/01/2022,15:02,cd7c888b-965b-4b12-a203-e7e7e5d18328,Station Wagon/Sport Utility Vehicle,NISS -CAR/SUV,2020.0,1.0,F,Licensed,Going Straight Ahead,Left Side Doors,Left Front Quarter Panel,Left Rear Quarter Panel,Left Rear Quarter Panel,,N,,Unspecified,Unspecified,,,,2.0,0.0,0,0,0,0,2,0,Station Wagon/Sport Utility Vehicle,Sedan,1
20255441,4544690,07/09/2022,03:45,06024398-eb45-4b3c-95f2-e2b6e385c7c1,Sedan,FORD -CAR/SUV,2021.0,,,,Going Straight Ahead,Right Front Bumper,Right Front Bumper,Right Side Doors,,,N,,Traffic Control Disregarded,Unsafe Speed,BROOKLYN,11207.0,"    (40.65993, -73.891655)",2.0,0.0,0,0,0,0,2,0,Sedan,Sedan,1
20178785,4510108,03/13/2022,09:30,c9d95cb8-22d3-4859-9912-3ae255e48e22,Station Wagon/Sport Utility Vehicle,NISS -CAR/SUV,2009.0,1.0,M,Licensed,Going Straight Ahead,Center Front End,Center Front End,Left Front Bumper,Right Front Bumper,,N,,Pavement Slippery,Driver Inattention/Distraction,,,"    (40.64058, -74.18406)",0.0,0.0,0,0,0,0,0,0,Station Wagon/Sport Utility Vehicle,,0
20214714,4526054,05/08/2022,04:40,ccf697b5-47fd-4256-8cc0-399718d97e83,Sedan,ACUR -CAR/SUV,2005.0,1.0,M,Licensed,Going Straight Ahead,Center Front End,Center Front End,Right Front Bumper,Left Front Bumper,,N,,Pavement Slippery,Pavement Slippery,,,"    (40.674778, -73.765625)",0.0,0.0,0,0,0,0,0,0,Sedan,Station Wagon/Sport Utility Vehicle,0
20283220,4557575,07/05/2022,06:02,1c1ec90e-bd48-4725-bea7-9c77a03c26de,Sedan,INFI -CAR/SUV,2007.0,1.0,M,Licensed,Going Straight Ahead,Center Front End,Center Front End,Left Rear Quarter Panel,,,N,,Driver Inattention/Distraction,Unspecified,,,,0.0,0.0,0,0,0,0,0,0,Sedan,Station Wagon/Sport Utility Vehicle,0
20325086,4576505,10/19/2022,09:30,11bc93b7-71da-426b-bb92-86e77d799aa0,Sedan,SUBA -CAR/SUV,2017.0,0.0,,,Parked,Left Front Bumper,Left Front Bumper,No Damage,No Damage,No Damage,N,,Unspecified,Unspecified,BROOKLYN,11214.0,"    (40.592323, -73.9953)",0.0,0.0,0,0,0,0,0,0,Sedan,,0
20239815,4537468,06/09/2022,09:05,8a2e2fac-3371-4af7-bdac-2401aad21c05,Motorcycle,YAMA -MCL,2004.0,0.0,,,Parked,Left Front Quarter Panel,Other,Other,Other,Other,N,,Unspecified,Unspecified,QUEENS,11434.0,"    (40.677956, -73.7737)",0.0,0.0,0,0,0,0,0,0,Sedan,Motorcycle,0
20216217,4526986,05/11/2022,14:07,c38d3d45-9684-47e3-89b1-0550b1aaa610,Sedan,NISS -CAR/SUV,2016.0,1.0,M,Licensed,Making Right Turn,Center Front End,No Damage,No Damage,No Damage,,N,,Failure to Yield Right-of-Way,Unspecified,QUEENS,11434.0,"    (40.683388, -73.79259)",2.0,0.0,2,0,0,0,0,0,Sedan,,1
20267983,4550299,07/26/2022,20:30,c7d67b0e-4378-44c4-a779-389af4d059ce,Box Truck,ISU-TRUCK/BUS,2018.0,1.0,M,Licensed,Going Straight Ahead,Right Front Quarter Panel,Center Front End,Right Front Bumper,Right Side Doors,No Damage,N,,Alcohol Involvement,Following Too Closely,BROOKLYN,11207.0,"    (40.673267, -73.88654)",0.0,0.0,0,0,0,0,0,0,Station Wagon/Sport Utility Vehicle,Box Truck,0
20252257,4543338,06/29/2022,00:00,241c5497-6fbf-45e0-9ac0-e5cd35d61b7a,Station Wagon/Sport Utility Vehicle,TOYT -CAR/SUV,2018.0,1.0,F,Licensed,Making Right Turn,Center Back End,Center Back End,Right Rear Bumper,No Damage,No Damage,N,,Unspecified,Unspecified,BROOKLYN,11225.0,"    (40.663906, -73.95098)",0.0,0.0,0,0,0,0,0,0,Station Wagon/Sport Utility Vehicle,Sedan,0
20250071,4542296,06/30/2022,17:55,36b51932-9e2f-482f-b1ea-f2f8840d6824,Sedan,TOYT -CAR/SUV,2010.0,1.0,F,Licensed,Going Straight Ahead,Right Front Bumper,Right Front Bumper,Center Front End,,,N,,Unspecified,Unspecified,QUEENS,11373.0,"    (40.733498, -73.87038)",0.0,0.0,0,0,0,0,0,0,Sedan,E-Bike,0
20225597,4531193,05/23/2022,17:34,31be432d-a5dd-40be-901b-9fa3315443f7,Sedan,FORD -CAR/SUV,2017.0,0.0,,,Parked,Right Rear Quarter Panel,Right Rear Quarter Panel,,,,N,,Unspecified,Unspecified,QUEENS,11101.0,"    (40.74733, -73.95505)",0.0,0.0,0,0,0,0,0,0,Motorcycle,Sedan,0
20360659,4592981,12/16/2022,22:40,71ed2c43-f2dc-4498-bd56-bd3d9db814d7,Sedan,CHEV -CAR/SUV,2018.0,1.0,M,Licensed,Going Straight Ahead,Right Side Doors,Right Side Doors,No Damage,No Damage,No Damage,N,,Unspecified,Unspecified,MANHATTAN,10011.0,"    (40.733612, -73.999565)",0.0,0.0,0,0,0,0,0,0,Sedan,Station Wagon/Sport Utility Vehicle,0
20303985,4566565,09/22/2022,23:45,d44d1328-9677-4bc7-b3af-8c9a8b9f485a,Sedan,FORD -CAR/SUV,2019.0,1.0,M,Licensed,Entering Parked Position,Left Front Quarter Panel,Left Front Quarter Panel,Left Front Quarter Panel,,,N,,Reaction to Uninvolved Vehicle,Unspecified,QUEENS,11435.0,"    (40.701675, -73.807915)",0.0,0.0,0,0,0,0,0,0,Sedan,,0
20261835,4547527,07/18/2022,08:36,19bcdca9-67ca-440c-8666-62c7a7bc2d7b,Sedan,HOND -CAR/SUV,2018.0,0.0,,,Parked,Left Front Bumper,Left Front Bumper,Left Front Bumper,,,N,,Unspecified,Unspecified,QUEENS,11377.0,"    (40.74441, -73.90572)",0.0,0.0,0,0,0,0,0,0,Sedan,,0
20147446,4495146,01/14/2022,07:31,cc2d2d41-efc1-4ea2-919a-c607aa09686f,Sedan,CHEV -CAR/SUV,2018.0,1.0,F,Licensed,Making Left Turn,Left Front Bumper,Center Front End,Right Front Bumper,,,N,,Unspecified,Unspecified,BRONX,10462.0,"    (40.83954, -73.85067)",0.0,0.0,0,0,0,0,0,0,Sedan,Sedan,0
20354310,4587457,12/04/2022,00:30,6b0d708a-6ad9-4989-8296-9e27d764beca,Sedan,HYUN -CAR/SUV,2009.0,1.0,M,Licensed,Going Straight Ahead,Left Front Bumper,Left Front Bumper,Right Front Bumper,Right Front Quarter Panel,,N,,Alcohol Involvement,Alcohol Involvement,STATEN ISLAND,10310.0,"    (40.623844, -74.11056)",1.0,0.0,0,0,0,0,1,0,Sedan,Pick-up Truck,1
20348866,4587269,12/05/2022,08:00,ce06357d-b14a-4cb2-90cb-0a7a93658025,Station Wagon/Sport Utility Vehicle,HOND -CAR/SUV,2019.0,1.0,F,Licensed,Going Straight Ahead,Right Front Bumper,Right Front Bumper,Right Front Quarter Panel,Right Side Doors,Right Rear Quarter Panel,N,,Unspecified,Unspecified,,,"    (40.592392, -74.1596)",0.0,0.0,0,0,0,0,0,0,Station Wagon/Sport Utility Vehicle,Sedan,0
20287963,4559255,08/28/2022,17:04,62f9bcde-ac21-4b46-abae-9fb1dfe3b9ed,Station Wagon/Sport Utility Vehicle,CHEV -CAR/SUV,2002.0,1.0,M,Licensed,Going Straight Ahead,Center Back End,No Damage,No Damage,No Damage,No Damage,N,,Unspecified,Unspecified,BROOKLYN,11207.0,"    (40.658577, -73.89063)",1.0,0.0,0,0,1,0,0,0,Station Wagon/Sport Utility Vehicle,Bike,1
20213862,4525761,05/06/2022,03:20,8460b128-8fef-4b7a-9f6f-8b4fc189e3d9,Sedan,FORD -CAR/SUV,2006.0,1.0,M,Permit,Going Straight Ahead,Left Front Bumper,Left Front Bumper,Center Front End,Center Back End,Right Rear Bumper,N,,Alcohol Involvement,Driver Inattention/Distraction,QUEENS,11373.0,"    (0.0, 0.0)",1.0,0.0,0,0,0,0,1,0,Sedan,Sedan,1
20354520,4589781,12/14/2022,08:30,18e7469a-42cf-476c-a914-8cc162e2c6cb,Tanker,E1,2012.0,2.0,M,Licensed,Making Right Turn,Right Rear Quarter Panel,Right Rear Quarter Panel,Right Rear Bumper,,,N,,Unspecified,Unspecified,,,"    (40.822697, -73.87001)",0.0,0.0,0,0,0,0,0,0,Tanker,Station Wagon/Sport Utility Vehicle,0
20332685,4579937,11/07/2022,09:07,057c35fb-4e53-47c7-9977-4c41639c7408,Sedan,MAZD -CAR/SUV,2008.0,1.0,F,Licensed,Going Straight Ahead,Right Front Quarter Panel,Right Front Bumper,Right Side Doors,,,N,,Failure to Yield Right-of-Way,Unspecified,BROOKLYN,11208.0,"    (40.659744, -73.87428)",2.0,0.0,0,0,0,0,2,0,Station Wagon/Sport Utility Vehicle,Sedan,1
20272802,4552532,07/29/2022,14:15,98963d98-bd2d-4279-8027-8cc161ad624a,Sedan,FORD -CAR/SUV,2015.0,4.0,F,Licensed,Going Straight Ahead,Left Side Doors,Left Side Doors,No Damage,No Damage,No Damage,N,,Unspecified,Unspecified,BROOKLYN,11207.0,"    (40.65444, -73.89081)",1.0,0.0,0,0,0,0,1,0,Sedan,Station Wagon/Sport Utility Vehicle,1
20319419,4573860,10/18/2022,10:40,77efaa61-73dc-4ee7-8e32-b92db8ff072b,Station Wagon/Sport Utility Vehicle,HYUN -CAR/SUV,2020.0,1.0,F,Licensed,Going Straight Ahead,Right Front Bumper,Right Front Bumper,No Damage,No Damage,No Damage,N,,Unspecified,Unspecified,MANHATTAN,10022.0,"    (40.757698, -73.9694)",0.0,0.0,0,0,0,0,0,0,Station Wagon/Sport Utility Vehicle,Box Truck,0
20260409,4546792,07/15/2022,23:00,a7f8945e-be83-484f-b95f-1fa42fe99e4e,Station Wagon/Sport Utility Vehicle,LINC -CAR/SUV,2003.0,1.0,M,Licensed,Backing,Center Back End,Center Back End,No Damage,No Damage,No Damage,N,,Backing Unsafely,Driver Inattention/Distraction,BROOKLYN,11226.0,"    (40.639713, -73.95301)",0.0,0.0,0,0,0,0,0,0,Station Wagon/Sport Utility Vehicle,Sedan,0
20170333,4506394,02/23/2022,11:20,19806158-f634-40a5-91e2-12f694b6ebbb,Station Wagon/Sport Utility Vehicle,TOYT -CAR/SUV,2015.0,0.0,,,Parked,Left Rear Quarter Panel,Left Rear Quarter Panel,No Damage,No Damage,No Damage,N,,Unspecified,Unspecified,MANHATTAN,10027.0,"    (40.805313, -73.945694)",0.0,0.0,0,0,0,0,0,0,Ambulance,Station Wagon/Sport Utility Vehicle,0