UNIQUE_ID,COLLISION_ID,CRASH_DATE,CRASH_TIME,VEHICLE_ID,VEHICLE_TYPE,VEHICLE_MAKE,VEHICLE_YEAR,VEHICLE_OCCUPANTS,DRIVER_SEX,DRIVER_LICENSE_STATUS,PRE_CRASH,POINT_OF_IMPACT,VEHICLE_DAMAGE,VEHICLE_DAMAGE_1,VEHICLE_DAMAGE_2,VEHICLE_DAMAGE_3,PUBLIC_PROPERTY_DAMAGE,PUBLIC_PROPERTY_DAMAGE_TYPE,CONTRIBUTING_FACTOR_1,CONTRIBUTING_FACTOR_2,BOROUGH,ZIP CODE,LOCATION,NUMBER OF PERSONS INJURED,NUMBER OF PERSONS KILLED,NUMBER OF PEDESTRIANS INJURED,NUMBER OF PEDESTRIANS KILLED,NUMBER OF CYCLIST INJURED,NUMBER OF CYCLIST KILLED,NUMBER OF MOTORIST INJURED,NUMBER OF MOTORIST KILLED,VEHICLE TYPE CODE 1,VEHICLE TYPE CODE 2,Severity
20252552,4543225,07/01/2022,14:00,c95a1f5e-678b-4f11-bccc-a53ff993bcbd,Concrete Mixer,MACK-TRUCK/BUS,2007.0,1.0,M,Licensed,Going Straight Ahead,Right Front Bumper,Right Front Bumper,,,,N,,Passing or Lane Usage Improper,Unspecified,BROOKLYN,11206.0,"    (40.700493, -73.9439)",4.0,0.0,0,0,0,0,4,0,Sedan,Concrete Mixer,1
20313211,4570936,09/29/2022,18:08,3a109479-662b-4e7b-9e1f-23449229adca,Station Wagon/Sport Utility Vehicle,TOYT -CAR/SUV,2007.0,1.0,M,Licensed,Going Straight Ahead,Left Rear Quarter Panel,Left Rear Quarter Panel,Left Side Doors,,,N,,Failure to Yield Right-of-Way,Traffic Control Disregarded,BRONX,10454.0,"    (40.80826, -73.918816)",2.0,0.0,0,0,0,0,2,0,Station Wagon/Sport Utility Vehicle,Station Wagon/Sport Utility Vehicle,1
20297731,4561833,09/07/2022,18:20,27e462bd-1a77-412c-86cd-c6bc784cd82b,Station Wagon/Sport Utility Vehicle,NISS -CAR/SUV,2018.0,1.0,M,Licensed,Going Straight Ahead,Center Front End,Center Front End,Right Front Bumper,Left Front Bumper,Left Front Quarter Panel,Unspecified,,Unspecified,Unspecified,,,"    (40.53842, -74.23742)",0.0,0.0,0,0,0,0,0,0,Station Wagon/Sport Utility Vehicle,Station Wagon/Sport Utility Vehicle,0
20150057,4497064,01/24/2022,16:10,e03657a5-3b8c-46ac-9400-4851bcad4a3d,Station Wagon/Sport Utility Vehicle,NISS -CAR/SUV,2006.0,1.0,M,Licensed,Going Straight Ahead,Left Front Bumper,Center Front End,Right Front Bumper,,,N,,Unspecified,Unspecified,BRONX,10459.0,"    (40.82389, -73.89585)",0.0,0.0,0,0,0,0,0,0,Station Wagon/Sport Utility Vehicle,Station Wagon/Sport Utility Vehicle,0
20300811,4565421,09/18/2022,15:51,a4548e50-9316-47aa-9d87-604aab4483f3,Station Wagon/Sport Utility Vehicle,SUBA -CAR/SUV,2011.0,2.0,F,Licensed,Going Straight Ahead,Right Side Doors,Left Front Bumper,Center Front End,Right Front Bumper,Left Front Quarter Panel,Unspecified,,Unspecified,Unspecified,,,,0.0,0.0,0,0,0,0,0,0,Station Wagon/Sport Utility Vehicle,Station Wagon/Sport Utility Vehicle,0
20221132,4529119,05/18/2022,15:30,3fd3678c-359c-45f8-9fdb-77d63bbf9bdd,Sedan,STRN -CAR/SUV,2008.0,0.0,F,Licensed,Going Straight Ahead,Center Front End,Center Front End,Left Front Bumper,Right Front Bumper,No Damage,N,,Unspecified,Unspecified,STATEN ISLAND,10301.0,"    (40.62156, -74.1115)",0.0,0.0,0,0,0,0,0,0,Sedan,Sedan,0
20350708,4588259,12/04/2022,09:50,7410d542-6025-4a06-b916-3bea0daf8d48,Sedan,CHEV -CAR/SUV,2020.0,1.0,M,Licensed,Going Straight Ahead,Left Front Bumper,Left Front Bumper,Center Front End,Right Front Bumper,Left Front Quarter Panel,N,,Unspecified,Unspecified,BROOKLYN,11233.0,"    (40.668606, -73.92208)",0.0,0.0,0,0,0,0,0,0,Sedan,Box Truck,0
20203176,4521115,04/21/2022,04:53,72162720-3360-44ad-963c-0de8be49dfaa,Sedan,HOND -CAR/SUV,2019.0,0.0,,,Parked,Right Rear Bumper,Right Rear Bumper,,,,N,,Unspecified,Unspecified,MANHATTAN,10019.0,"    (40.763012, -73.98004)",0.0,0.0,0,0,0,0,0,0,Sedan,Pick-up Truck,0
20203344,4521158,04/14/2022,17:55,7d4f0ae3-a8ba-485a-b077-d6e14a4a52c5,Station Wagon/Sport Utility Vehicle,HOND -CAR/SUV,2016.0,1.0,F,Licensed,Going Straight Ahead,Center Back End,Center Back End,No Damage,No Damage,No Damage,N,,Unspecified,Unspecified,,,"    (40.76294, -73.86067)",0.0,0.0,0,0,0,0,0,0,Station Wagon/Sport Utility Vehicle,Sedan,0
20311848,4570299,09/30/2022,12:40,d133e195-38f9-4e74-ab80-59e736763735,Pick-up Truck,CHEV -CAR/SUV,,2.0,M,Licensed,Making Right Turn,Left Front Bumper,Left Front Bumper,,,,N,,Driver Inattention/Distraction,Unspecified,MANHATTAN,10017.0,"    (40.756653, -73.97858)",3.0,0.0,0,0,0,0,3,0,Pick-up Truck,Pick-up Truck,1
20189246,4514730,03/28/2022,14:41,6b9279fa-29b3-4fae-b9d3-aeeaff627bd2,Station Wagon/Sport Utility Vehicle,FORD -CAR/SUV,2018.0,1.0,M,Licensed,Going Straight Ahead,Center Back End,Center Back End,,,,N,,Unspecified,Unspecified,BRONX,10455.0,"    (40.815754, -73.89529)",0.0,0.0,0,0,0,0,0,0,Station Wagon/Sport Utility Vehicle,Sedan,0
20184720,4512817,03/23/2022,01:10,4971c414-68de-4498-8b9c-a80d14dfbbaa,Sedan,HOND -CAR/SUV,2015.0,1.0,M,Licensed,Going Straight Ahead,Center Front End,Center Front End,No Damage,No Damage,No Damage,N,,Unspecified,Unspecified,MANHATTAN,10001.0,"    (40.75045, -73.9873)",0.0,0.0,0,0,0,0,0,0,Sedan,Box Truck,0
20143199,4493837,01/11/2022,19:44,fd49baf6-0f9d-4e4a-9215-40cdb4b93474,Station Wagon/Sport Utility Vehicle,SUBA -CAR/SUV,2008.0,1.0,M,Licensed,Going Straight Ahead,Center Front End,Center Front End,Left Front Bumper,Right Front Bumper,,N,,Unspecified,Unspecified,,,"    (40.667236, -73.770004)",0.0,0.0,0,0,0,0,0,0,Station Wagon/Sport Utility Vehicle,Sedan,0
20326419,4577006,10/29/2022,06:50,4ee23dc9-c032-4f8f-a129-6d8f89358c32,Sedan,FORD -CAR/SUV,2014.0,0.0,,,Parked,Right Rear Quarter Panel,Right Rear Quarter Panel,,,,N,,Unspecified,Unspecified,BROOKLYN,11236.0,"    (40.645546, -73.90566)",0.0,0.0,0,0,0,0,0,0,Sedan,Sedan,0
20220460,4528948,05/14/2022,21:17,d8cc0a3c-e3d3-4016-96ee-7adb3287c8e5,Sedan,TOYT -CAR/SUV,2015.0,1.0,M,Licensed,Making Left Turn,Left Front Bumper,Left Front Bumper,No Damage,No Damage,No Damage,N,,Unspecified,Unspecified,BRONX,10468.0,"    (40.87004, -73.8997)",1.0,0.0,0,0,0,0,1,0,Motorcycle,Sedan,1
20293986,4562326,09/08/2022,08:30,a371e32e-436a-41ca-a5e2-7471ac7f838e,Sedan,NISS -CAR/SUV,2013.0,0.0,M,Licensed,Parked,Left Rear Quarter Panel,Left Rear Quarter Panel,Center Front End,,,N,,Unspecified,Unspecified,BROOKLYN,11211.0,"    (40.711674, -73.95383)",0.0,0.0,0,0,0,0,0,0,Sedan,Sedan,0
20259417,4546438,07/15/2022,13:06,8e2e0880-c548-42f7-888a-b510211ea7a3,Station Wagon/Sport Utility Vehicle,VOLK -CAR/SUV,2011.0,1.0,F,Licensed,Going Straight Ahead,Center Front End,Center Front End,,,,N,,Traffic Control Disregarded,Unspecified,BROOKLYN,11234.0,"    (40.626457, -73.918)",1.0,0.0,0,0,0,0,1,0,Sedan,Station Wagon/Sport Utility Vehicle,1
20291994,4561625,09/04/2022,23:47,79874a91-b626-483d-8b9c-be3bdaf65771,Sedan,HOND -CAR/SUV,2018.0,0.0,M,Licensed,Parked,Right Side Doors,Right Side Doors,,,,N,,Passing or Lane Usage Improper,Unspecified,BROOKLYN,11217.0,"    (40.68065, -73.97693)",0.0,0.0,0,0,0,0,0,0,Sedan,,0
20335319,4581420,11/10/2022,13:25,387c90ac-69ef-45f9-8835-215e8711198e,Bus,NOVA BUS,2021.0,1.0,M,Licensed,Entering Parked Position,Right Rear Bumper,Right Rear Bumper,,,,N,,Driver Inattention/Distraction,Unspecified,,,"    (40.778793, -73.98206)",0.0,0.0,0,0,0,0,0,0,Bus,Sedan,0
20167372,4504725,02/18/2022,19:35,78aef77e-7bf1-43dc-bc7a-0a2beacedc29,Sedan,AUDI -CAR/SUV,2014.0,2.0,F,Licensed,Stopped in Traffic,Center Back End,Center Back End,,,,N,,Unspecified,Unspecified,BRONX,10469.0,"    (40.87617, -73.84904)",0.0,0.0,0,0,0,0,0,0,Sedan,Station Wagon/Sport Utility Vehicle,0
20152968,4498467,01/28/2022,12:14,1e335b4e-e42d-4530-9e0b-170d63a9aaab,Sedan,HOND -CAR/SUV,2005.0,1.0,M,Licensed,Going Straight Ahead,Left Side Doors,Left Side Doors,Left Front Quarter Panel,Left Front Bumper,Left Rear Quarter Panel,N,,Unspecified,Unspecified,,,"    (40.850166, -73.93576)",0.0,0.0,0,0,0,0,0,0,Sedan,,0
20163118,4503098,02/15/2022,16:16,f3564ff9-0846-44e2-9d00-5a0ce9a3edc7,Station Wagon/Sport Utility Vehicle,NISS -CAR/SUV,2015.0,1.0,F,Licensed,Going Straight Ahead,Center Back End,Center Back End,Right Side Doors,Right Side Doors,,N,,Unspecified,Unspecified,BROOKLYN,11211.0,"    (40.71578, -73.95886)",0.0,0.0,0,0,0,0,0,0,Station Wagon/Sport Utility Vehicle,Station Wagon/Sport Utility Vehicle,0
20297727,4563978,09/05/2022,13:31,fde7b17a-a000-4fe3-8f39-3c97230d6928,Pick-up Truck,TOYT -CAR/SUV,2022.0,2.0,M,Licensed,Going Straight Ahead,Right Front Bumper,Right Front Bumper,Center Front End,Right Front Quarter Panel,,N,,Unspecified,Unspecified,STATEN ISLAND,10309.0,"    (40.530262, -74.2111)",1.0,0.0,0,0,0,0,1,0,Sedan,Pick-up Truck,1
20206226,4522649,04/17/2022,07:00,9aa61583-1e3a-4ae3-b7db-02abee2a52ee,Sedan,TOYT -CAR/SUV,2016.0,0.0,,,Parked,Center Back End,Center Back End,Center Back End,Center Back End,Center Back End,N,,Unspecified,Unspecified,,,"    (40.5778, -73.96057)",0.0,0.0,0,0,0,0,0,0,Sedan,Station Wagon/Sport Utility Vehicle,0
20268782,4550773,07/29/2022,00:38,d5f1d4aa-5337-43b3-a3c9-56d4de30e804,Station Wagon/Sport Utility Vehicle,MERZ -CAR/SUV,2016.0,1.0,M,Licensed,Making Left Turn,Right Front Quarter Panel,Right Front Quarter Panel,,,,N,,Driver Inattention/Distraction,Unspecified,BRONX,10462.0,"    (40.834576, -73.861145)",0.0,0.0,0,0,0,0,0,0,Station Wagon/Sport Utility Vehicle,Sedan,0
20295568,4562935,09/06/2022,18:30,6ab29078-38d0-4bff-8386-90900a090831,Sedan,BMW -CAR/SUV,2016.0,1.0,F,Licensed,Making Left Turn,Left Front Bumper,Left Front Bumper,,,,N,,Unspecified,Unspecified,,,"    (40.601128, -73.997086)",0.0,0.0,0,0,0,0,0,0,Station Wagon/Sport Utility Vehicle,Pick-up Truck,0
20189475,4514907,03/30/2022,18:31,74b2cb57-2cac-4f86-9d4a-f3197fa80982,Station Wagon/Sport Utility Vehicle,FORD -CAR/SUV,2014.0,1.0,M,Licensed,Going Straight Ahead,Center Back End,Center Back End,,,,N,,Unspecified,Unspecified,QUEENS,11414.0,"    (40.670403, -73.85629)",0.0,0.0,0,0,0,0,0,0,Sedan,Sedan,0
20212565,4525394,05/03/2022,09:11,8a01c793-1366-42d2-88a4-41590c42fea0,Sedan,CHRY -CAR/SUV,2000.0,1.0,F,Licensed,Making Left Turn,Right Front Quarter Panel,Right Front Bumper,Center Front End,,Right Front Bumper,N,,Traffic Control Disregarded,Unspecified,QUEENS,11378.0,"    (40.72616, -73.90012)",1.0,0.0,0,0,0,0,1,0,Station Wagon/Sport Utility Vehicle,Sedan,1
20331208,4579269,11/05/2022,08:06,20fdecc2-5317-43ef-a159-268f0c8489e0,Sedan,HYUN -CAR/SUV,2013.0,1.0,F,Licensed,Making Left Turn,Right Front Quarter Panel,Right Front Quarter Panel,,,,N,,Unspecified,Unspecified,,,"    (40.758377, -73.994385)",0.0,0.0,0,0,0,0,0,0,Sedan,Sedan,0
20221334,4529334,04/20/2022,14:45,ef27598b-456e-4a69-b3dd-a339323bb7eb,Sedan,NISS -CAR/SUV,2019.0,2.0,F,Licensed,Stopped in Traffic,Center Back End,Center Back End,No Damage,No Damage,No Damage,N,,Unspecified,Unspecified,,,"    (40.680477, -73.7921)",2.0,0.0,0,0,0,0,2,0,Sedan,Sedan,1
20161560,4502394,02/13/2022,15:30,ffb09240-b96b-43dc-8a41-af8700a94aa3,Station Wagon/Sport Utility Vehicle,FORD -CAR/SUV,2018.0,1.0,M,Licensed,Going Straight Ahead,Right Side Doors,Right Side Doors,No Damage,No Damage,No Damage,N,,Unspecified,Unspecified,BROOKLYN,11236.0,"    (40.63787, -73.90963)",3.0,0.0,0,0,0,0,3,0,Station Wagon/Sport Utility Vehicle,Sedan,1
20195275,4517386,04/09/2022,02:55,380bd9df-f01e-4930-ab00-4118ef9a44f9,Station Wagon/Sport Utility Vehicle,NISS -CAR/SUV,2013.0,0.0,,,Parked,Left Rear Quarter Panel,Left Rear Quarter Panel,Left Rear Bumper,Center Back End,Left Side Doors,N,,Unspecified,Unspecified,QUEENS,11436.0,"    (40.67794, -73.8023)",0.0,0.0,0,0,0,0,0,0,Sedan,Station Wagon/Sport Utility Vehicle,0
20261455,4547506,07/15/2022,19:10,88a86d05-688a-4af0-bca2-7c4fc58ab9fd,E-Scooter,NINEBOT,,1.0,F,Unlicensed,Going Straight Ahead,Center Front End,Center Front End,No Damage,No Damage,No Damage,N,,Driver Inattention/Distraction,Unspecified,,,"    (40.668648, -73.92835)",2.0,0.0,0,0,1,0,0,0,Bike,E-Scooter,1
20339681,4583068,11/18/2022,15:00,3bfdda52-9c57-44d2-8075-23d60b328908,Taxi,TOYT -CAR/SUV,2020.0,2.0,M,Licensed,Stopped in Traffic,Center Back End,Center Back End,,,,N,,Unspecified,Unspecified,BROOKLYN,11213.0,"    (40.668648, -73.92835)",1.0,0.0,0,0,0,0,1,0,Taxi,Station Wagon/Sport Utility Vehicle,1
20337985,4582114,11/16/2022,07:53,ea9263d1-beab-4932-b2f8-822609645614,,Isuzu,2016.0,1.0,M,Licensed,Making Left Turn,Right Rear Bumper,No Damage,,,,N,,Driver Inattention/Distraction,Unspecified,QUEENS,11411.0,"    (40.697777, -73.745865)",0.0,0.0,0,0,0,0,0,0,Station Wagon/Sport Utility Vehicle,,0
20309826,4569243,09/29/2022,17:20,6d2acd52-72cf-4a5a-ac69-93df3b4728fd,Station Wagon/Sport Utility Vehicle,JEEP -CAR/SUV,2015.0,1.0,F,Licensed,Merging,Left Front Bumper,Left Front Bumper,Left Front Quarter Panel,,,N,,Unspecified,Unspecified,,,"    (40.856037, -73.83284)",0.0,0.0,0,0,0,0,0,0,Station Wagon/Sport Utility Vehicle,Sedan,0
20227323,4532015,05/29/2022,03:07,2c3ac498-6dca-4aeb-a505-71c7dae5684e,Sedan,LINC -CAR/SUV,2011.0,1.0,M,Licensed,Going Straight Ahead,Center Front End,Center Front End,Center Back End,Left Front Quarter Panel,Left Front Bumper,N,,Other Vehicular,Unspecified,,,"    (40.683544, -74.00176)",1.0,0.0,0,0,0,0,1,0,Sedan,,1
20258491,4546106,07/14/2022,10:00,f5bd33a0-3f46-44fe-a5fb-4c1bfd3ce486,Station Wagon/Sport Utility Vehicle,FORD -CAR/SUV,2018.0,2.0,M,Licensed,Making Left Turn,Left Front Quarter Panel,Left Front Quarter Panel,,,,N,,Driver Inattention/Distraction,Passing or Lane Usage Improper,,,,0.0,0.0,0,0,0,0,0,0,Sedan,Station Wagon/Sport Utility Vehicle,0
20336855,4581729,11/14/2022,00:01,4b0abb08-a878-4339-bbb5-2e40edc4adfc,Sedan,FORD -CAR/SUV,2017.0,1.0,F,,Going Straight Ahead,Left Rear Quarter Panel,Left Rear Quarter Panel,Center Back End,,,N,,Other Vehicular,Unspecified,,,"    (40.666233, -73.761)",3.0,0.0,0,0,0,0,3,0,Sedan,Pick-up Truck,1
20142882,4493856,01/09/2022,22:40,8867f3f1-0632-4698-ae86-8281e56bda72,Sedan,NISS -CAR/SUV,2019.0,0.0,,,Parked,Left Rear Bumper,Left Rear Quarter Panel,,,,N,,Unspecified,Unspecified,STATEN ISLAND,10305.0,"    (40.612415, -74.07365)",0.0,0.0,0,0,0,0,0,0,Sedan,,0
20342822,4584438,11/21/2022,07:55,10ae3202-225f-47d0-be1f-082a3d802192,Sedan,TOYT -CAR/SUV,2015.0,2.0,F,Licensed,Going Straight Ahead,Left Rear Bumper,Left Rear Bumper,Left Rear Quarter Panel,Left Side Doors,,N,,Unspecified,Unspecified,,,"    (40.828518, -73.84119)",0.0,0.0,0,0,0,0,0,0,Sedan,Dump,0
20224429,4530750,05/23/2022,17:19,314d73ba-b363-4b60-8e0e-5f5dddc6a3e6,Sedan,TOYT -CAR/SUV,2014.0,1.0,F,Licensed,Backing,Left Front Bumper,Center Front End,Right Front Bumper,,,N,,Driver Inattention/Distraction,Unspecified,BROOKLYN,11234.0,"    (40.620834, -73.92029)",1.0,0.0,0,0,0,0,1,0,Sedan,Sedan,1
20562223,4533047,05/31/2022,15:00,6e55c6c5-0d29-4e0d-afb4-5f777d31ca09,Sedan,HOND -CAR/SUV,2020.0,1.0,F,Licensed,Going Straight Ahead,Left Front Bumper,Left Front Bumper,Center Front End,Left Front Quarter Panel,Right Front Bumper,N,,Driver Inattention/Distraction,Failure to Yield Right-of-Way,,,"    (40.70854, -73.927414)",2.0,0.0,0,0,0,0,2,0,Sedan,Station Wagon/Sport Utility Vehicle,1
20302375,4566039,09/11/2022,04:41,99cb61d1-0f6c-43d2-a351-d9756fe03b30,Sedan,HOND -CAR/SUV,2003.0,0.0,,,Parked,Left Side Doors,Left Side Doors,Left Front Quarter Panel,Left Rear Quarter Panel,Right Rear Quarter Panel,N,,Other Vehicular,Unspecified,,,"    (40.862392, -73.91802)",1.0,0.0,0,0,0,0,1,0,Sedan,Sedan,1
20343541,4585016,11/24/2022,13:40,f394de8f-6918-4e0c-bec2-8369c3701a95,,FREIG - MTA GARBAGE TRUCK,2018.0,1.0,M,Licensed,Backing,Left Front Quarter Panel,Left Front Quarter Panel,No Damage,No Damage,No Damage,N,,Oversized Vehicle,Unspecified,BROOKLYN,11224.0,"    (40.57698, -73.981575)",0.0,0.0,0,0,0,0,0,0,,,0
20261918,4547552,07/19/2022,17:02,d8d27469-e27f-4f16-b496-8e5785d5e45a,Sedan,TOYT -CAR/SUV,1997.0,1.0,,,Going Straight Ahead,Left Front Bumper,Center Back End,Right Rear Bumper,Left Rear Bumper,Left Side Doors,N,,Unsafe Speed,Following Too Closely,,,"    (40.666187, -73.79176)",0.0,0.0,0,0,0,0,0,0,Station Wagon/Sport Utility Vehicle,Sedan,0
20271161,4551744,08/01/2022,23:48,2fde73f1-bcc1-4a23-8eb5-251afbe7ba9a,Sedan,NISS -CAR/SUV,2010.0,1.0,,,Going Straight Ahead,Left Front Bumper,Left Front Quarter Panel,,,,N,,Driver Inattention/Distraction,Driver Inattention/Distraction,BRONX,10467.0,"    (40.876434, -73.868095)",0.0,0.0,0,0,0,0,0,0,Station Wagon/Sport Utility Vehicle,Station Wagon/Sport Utility Vehicle,0
20149541,4496788,01/23/2022,21:33,ed86a246-f591-4d27-b34a-b36cdd6f64ca,Station Wagon/Sport Utility Vehicle,HOND -CAR/SUV,2020.0,1.0,F,Licensed,Parked,Center Back End,Center Back End,No Damage,No Damage,No Damage,Y,,Driver Inattention/Distraction,Driverless/Runaway Vehicle,MANHATTAN,10065.0,"    (40.76415, -73.95526)",0.0,0.0,0,0,0,0,0,0,Station Wagon/Sport Utility Vehicle,,0
20359943,4592471,12/24/2022,04:00,21173b01-2c26-4434-8c7e-144d883388fa,Station Wagon/Sport Utility Vehicle,HOND -CAR/SUV,2015.0,1.0,F,Licensed,Going Straight Ahead,Right Side Doors,Right Side Doors,Right Front Quarter Panel,Right Rear Quarter Panel,,N,,Unspecified,Unspecified,BROOKLYN,11234.0,"    (40.634483, -73.91886)",1.0,0.0,0,0,0,0,1,0,Station Wagon/Sport Utility Vehicle,Sedan,1
20214534,4526179,05/05/2022,17:55,e7da90ec-9e10-491d-ad1c-c61b5a3bdc6d,Multi-Wheeled Vehicle,CANAM,2022.0,1.0,M,Licensed,Going Straight Ahead,Center Front End,Left Front Bumper,No Damage,No Damage,No Damage,N,,Unspecified,Unspecified,,,"    (40.861412, -73.90497)",0.0,0.0,0,0,0,0,0,0,Station Wagon/Sport Utility Vehicle,Multi-Wheeled Vehicle,0
20328704,4577922,10/30/2022,23:00,7ec0fc01-7304-4193-ba1e-bb020dbec6c1,Sedan,NISS -CAR/SUV,2003.0,1.0,M,Licensed,Going Straight Ahead,Center Back End,Center Back End,Left Rear Quarter Panel,Left Rear Quarter Panel,Right Rear Bumper,N,,Unspecified,Unspecified,BROOKLYN,11226.0,"    (40.640827, -73.950424)",0.0,0.0,0,0,0,0,0,0,Sedan,,0
20299512,4564872,09/15/2022,20:10,4bba8e2c-0721-401f-a18b-d6ef8d2c6db2,Sedan,BMW -CAR/SUV,,,,,,,,,,,Unspecified,,Passing or Lane Usage Improper,,MANHATTAN,10001.0,"    (40.749786, -73.98778)",0.0,0.0,0,0,0,0,0,0,Sedan,Sedan,0
20292692,4561809,09/07/2022,13:05,13812b14-466e-4ef6-940e-92cdab0127de,Sedan,HYUN -CAR/SUV,2017.0,0.0,F,Licensed,Going Straight Ahead,Center Front End,Center Front End,Center Front End,Center Front End,Center Front End,N,,Driver Inattention/Distraction,Driver Inattention/Distraction,,,"    (40.681995, -74.002625)",1.0,0.0,0,0,0,0,1,0,Sedan,Sedan,1
20310627,4569599,10/02/2022,21:19,8ebba887-f7df-4d65-91ce-2e3a2230e3c3,Taxi,TOYT -CAR/SUV,2019.0,1.0,M,Licensed,Going Straight Ahead,Center Back End,Center Back End,Right Rear Bumper,No Damage,No Damage,N,,Unspecified,Unspecified,BRONX,10467.0,"    (40.877686, -73.87191)",1.0,0.0,0,0,0,0,1,0,Taxi,Station Wagon/Sport Utility Vehicle,1
20210131,4523963,04/29/2022,15:30,097b1e80-ecdb-47fb-89b6-4d9771afc122,Station Wagon/Sport Utility Vehicle,TOYT -CAR/SUV,2019.0,1.0,F,Licensed,Making Left Turn,Right Rear Quarter Panel,Right Rear Quarter Panel,No Damage,No Damage,No Damage,N,,Unspecified,Unspecified,,,"    (40.651863, -73.86536)",0.0,0.0,0,0,0,0,0,0,Station Wagon/Sport Utility Vehicle,Sedan,0
20151562,4497713,01/26/2022,18:20,62ef9460-9072-48f3-ba9b-5196bb9015ae,Pick-up Truck,DODG -CAR/SUV,2021.0,1.0,,,Going Straight Ahead,Center Front End,Center Front End,,,,N,,Following Too Closely,Unspecified,BROOKLYN,11204.0,"    (40.62051, -73.99248)",0.0,0.0,0,0,0,0,0,0,Sedan,Pick-up Truck,0
20230974,4533551,06/01/2022,18:35,a07ff147-68e0-4bca-ac57-57956186b84f,Station Wagon/Sport Utility Vehicle,ACUR -CAR/SUV,2003.0,1.0,M,Licensed,Stopped in Traffic,Left Rear Quarter Panel,Left Rear Quarter Panel,Left Rear Bumper,,,N,,Unspecified,Unspecified,BRONX,10475.0,"    (40.884827, -73.8261)",0.0,0.0,0,0,0,0,0,0,Station Wagon/Sport Utility Vehicle,Station Wagon/Sport Utility Vehicle,0
20196605,4518115,04/11/2022,13:20,bb8b0ca6-1d21-4ac6-ba6f-f934c1db6026,Sedan,CHEV -CAR/SUV,2017.0,2.0,F,Licensed,Going Straight Ahead,Left Rear Quarter Panel,Left Rear Quarter Panel,Left Rear Bumper,,,N,,Unspecified,Unspecified,STATEN ISLAND,10305.0,"    (40.59351, -74.08392)",1.0,0.0,0,0,0,0,1,0,Sedan,Sedan,1
20172529,4507056,02/27/2022,17:31,87cb7bd3-eba3-442e-b474-c96233948a7a,Station Wagon/Sport Utility Vehicle,BMW -CAR/SUV,2021.0,0.0,,,Parked,Right Side Doors,Right Rear Quarter Panel,,,,N,,Unspecified,Unspecified,BRONX,10467.0,"    (40.86995, -73.87054)",0.0,0.0,0,0,0,0,0,0,Station Wagon/Sport Utility Vehicle,Station Wagon/Sport Utility Vehicle,0
20170265,4506034,02/26/2022,20:50,50bf82c2-33a1-4133-998e-66914ee72d71,Station Wagon/Sport Utility Vehicle,JEEP -CAR/SUV,2018.0,1.0,M,Licensed,Going Straight Ahead,Center Back End,Center Back End,,,,N,,Unspecified,Unspecified,BROOKLYN,11208.0,"    (40.67782, -73.88512)",0.0,0.0,0,0,0,0,0,0,Station Wagon/Sport Utility Vehicle,,0
20318441,4573334,10/16/2022,02:20,dd365b87-b29b-4f91-8e60-a0b27476c11c,Sedan,PORS -CAR/SUV,2018.0,1.0,M,Licensed,Parked,Right Front Quarter Panel,Right Front Quarter Panel,Right Side Doors,,,N,,Unspecified,Unspecified,QUEENS,11423.0,"    (40.72409, -73.76574)",0.0,0.0,0,0,0,0,0,0,Sedan,,0
20305899,4567634,09/25/2022,14:52,4b823f88-c0f4-47f1-a126-557b56bc8c22,Station Wagon/Sport Utility Vehicle,TOYT -CAR/SUV,2008.0,0.0,,,Going Straight Ahead,Right Front Bumper,Right Front Bumper,No Damage,No Damage,No Damage,N,,Driver Inattention/Distraction,Unspecified,MANHATTAN,10128.0,"    (40.78106, -73.94943)",0.0,0.0,0,0,0,0,0,0,Sedan,Station Wagon/Sport Utility Vehicle,0
20270039,4551499,07/31/2022,08:15,0b5c2554-a01a-4909-95ec-4fe9cb004772,Station Wagon/Sport Utility Vehicle,VOLV -CAR/SUV,2013.0,1.0,M,Licensed,Going Straight Ahead,Left Rear Quarter Panel,Left Rear Quarter Panel,No Damage,No Damage,No Damage,N,,Other Vehicular,Other Vehicular,MANHATTAN,10014.0,"    (40.728848, -74.00799)",0.0,0.0,0,0,0,0,0,0,Convertible,Station Wagon/Sport Utility Vehicle,0
20224274,4530810,05/21/2022,15:20,f60dcb34-7283-489f-a84f-fe30c009e24f,Sedan,DODG -CAR/SUV,2021.0,1.0,M,Permit,Making Left Turn,Center Front End,Right Front Bumper,Left Front Bumper,Right Side Doors,No Damage,N,,Unsafe Speed,Aggressive Driving/Road Rage,MANHATTAN,10033.0,"    (40.850227, -73.931244)",1.0,0.0,1,0,0,0,0,0,Station Wagon/Sport Utility Vehicle,Sedan,1
20295049,4562665,09/09/2022,08:11,7dddd721-a5f1-4e92-9066-508018680927,Station Wagon/Sport Utility Vehicle,FORD -CAR/SUV,2018.0,2.0,F,Licensed,Going Straight Ahead,Center Front End,Left Front Bumper,,,,N,,Failure to Yield Right-of-Way,Unspecified,QUEENS,11355.0,"    (40.741943, -73.818855)",1.0,0.0,0,0,0,0,1,0,Station Wagon/Sport Utility Vehicle,Sedan,1