UNIQUE_ID,COLLISION_ID,CRASH_DATE,CRASH_TIME,VEHICLE_ID,VEHICLE_TYPE,VEHICLE_MAKE,VEHICLE_YEAR,VEHICLE_OCCUPANTS,DRIVER_SEX,DRIVER_LICENSE_STATUS,PRE_CRASH,POINT_OF_IMPACT,VEHICLE_DAMAGE,VEHICLE_DAMAGE_1,VEHICLE_DAMAGE_2,VEHICLE_DAMAGE_3,PUBLIC_PROPERTY_DAMAGE,PUBLIC_PROPERTY_DAMAGE_TYPE,CONTRIBUTING_FACTOR_1,CONTRIBUTING_FACTOR_2,BOROUGH,ZIP CODE,LOCATION,NUMBER OF PERSONS INJURED,NUMBER OF PERSONS KILLED,NUMBER OF PEDESTRIANS INJURED,NUMBER OF PEDESTRIANS KILLED,NUMBER OF CYCLIST INJURED,NUMBER OF CYCLIST KILLED,NUMBER OF MOTORIST INJURED,NUMBER OF MOTORIST KILLED,VEHICLE TYPE CODE 1,VEHICLE TYPE CODE 2,Severity
20254336,4544205,06/21/2022,22:54,40f40f09-2840-419b-a88d-14473dfc25be,Taxi,TOYT -CAR/SUV,2011.0,0.0,,,Parked,Left Front Bumper,Left Front Bumper,Left Front Quarter Panel,Left Side Doors,,N,,Unspecified,Unspecified,,,"    (40.68064, -73.95338)",0.0,0.0,0,0,0,0,0,0,Taxi,Sedan,0
20353479,4589438,12/06/2022,03:15,018e97ac-c6bf-4b7b-8e87-6b63d4d53334,Station Wagon/Sport Utility Vehicle,HOND -CAR/SUV,,2.0,,,Backing,Left Rear Bumper,,,,,Unspecified,,Backing Unsafely,Driver Inattention/Distraction,BROOKLYN,11236.0,"    (40.640812, -73.90793)",0.0,0.0,0,0,0,0,0,0,Sedan,Station Wagon/Sport Utility Vehicle,0
20310736,4569819,10/03/2022,09:39,19149076-714f-49df-b51d-6281aca9375d,Flat Bed,FRU,1990.0,,,,Going Straight Ahead,Left Side Doors,No Damage,,,,N,,Unspecified,Unspecified,,,,0.0,0.0,0,0,0,0,0,0,Station Wagon/Sport Utility Vehicle,Flat Bed,0
20203436,4521223,04/20/2022,00:15,e8a729a5-48e2-467c-b812-e2d531b46d4d,Sedan,MNNI -CAR/SUV,2011.0,0.0,,,Going Straight Ahead,Center Front End,Center Front End,Left Front Bumper,Right Front Bumper,,N,,Unspecified,Unspecified,BRONX,10475.0,"    (40.880535, -73.83212)",0.0,0.0,0,0,0,0,0,0,Sedan,,0
20214188,4526110,05/07/2022,19:05,58cf5452-2d0f-4c70-8264-06417b679c04,Station Wagon/Sport Utility Vehicle,BMW -CAR/SUV,2008.0,2.0,M,Licensed,Parked,Right Side Doors,Right Side Doors,No Damage,No Damage,No Damage,N,,Pedestrian/Bicyclist/Other Pedestrian Error/Confusion,Unspecified,MANHATTAN,10024.0,"    (40.787003, -73.97552)",1.0,0.0,0,0,0,0,0,0,Station Wagon/Sport Utility Vehicle,E-Bike,1
20255386,4544491,07/05/2022,13:42,d0b009bb-6c14-493a-8650-84f21b9a4d63,Station Wagon/Sport Utility Vehicle,CHEV -CAR/SUV,2014.0,1.0,M,Licensed,Changing Lanes,Center Front End,Center Front End,Left Front Bumper,Right Front Bumper,,N,,Driver Inattention/Distraction,Following Too Closely,QUEENS,11106.0,"    (40.762653, -73.922646)",0.0,0.0,0,0,0,0,0,0,Station Wagon/Sport Utility Vehicle,Station Wagon/Sport Utility Vehicle,0
20139854,4492469,01/02/2022,20:45,daaeff58-1896-4d78-adb6-720a328cc15e,Station Wagon/Sport Utility Vehicle,TOYT -CAR/SUV,2007.0,1.0,M,Licensed,Going Straight Ahead,Center Front End,Center Front End,Left Front Bumper,Right Front Bumper,No Damage,N,,Unspecified,Unspecified,,,"    (40.835484, -73.9494)",0.0,0.0,0,0,0,0,0,0,Station Wagon/Sport Utility Vehicle,Station Wagon/Sport Utility Vehicle,0
20246560,4532638,05/29/2022,23:46,111ea54a-641e-4ab1-a858-98f3760b43c6,Sedan,MERZ -CAR/SUV,2013.0,0.0,,,Parked,Left Side Doors,Left Side Doors,Left Front Quarter Panel,No Damage,No Damage,N,,Other Vehicular,Unspecified,BRONX,10469.0,"    (40.86769, -73.84887)",0.0,0.0,0,0,0,0,0,0,Sedan,,0
20175258,4508421,03/01/2022,15:00,92a9b240-e609-4fde-8ec5-d5a39ed4959a,Station Wagon/Sport Utility Vehicle,TOYT -CAR/SUV,2021.0,1.0,F,Licensed,Going Straight Ahead,Left Front Bumper,Left Front Bumper,,,,N,,Unspecified,Unspecified,BROOKLYN,11230.0,"    (40.617905, -73.960976)",0.0,0.0,0,0,0,0,0,0,Station Wagon/Sport Utility Vehicle,E-Scooter,0
20336966,4582025,11/02/2022,22:07,f07dec49-0ee9-4a5f-b9b8-7f279bd9f4a7,Taxi,TOYT -CAR/SUV,2022.0,2.0,M,Licensed,Going Straight Ahead,Left Front Bumper,Left Front Bumper,No Damage,No Damage,No Damage,N,,Driver Inattention/Distraction,Driver Inexperience,,,"    (40.749485, -73.97539)",1.0,0.0,0,0,0,0,1,0,Sedan,Taxi,1
20358479,4591389,12/20/2022,11:40,2d652364-7784-4800-888e-46ce1540c676,Sedan,FORD -CAR/SUV,2019.0,2.0,M,Licensed,Going Straight Ahead,Right Front Quarter Panel,Right Front Quarter Panel,Right Side Doors,,,N,,Passing Too Closely,Unspecified,,,"    (40.605427, -74.0762)",0.0,0.0,0,0,0,0,0,0,Sedan,Sedan,0
20257699,4545731,07/12/2022,12:20,d4f886df-a638-4509-a5ba-50a587eb6b3a,Station Wagon/Sport Utility Vehicle,MAZD -CAR/SUV,2020.0,1.0,M,Licensed,Going Straight Ahead,Right Side Doors,Right Rear Bumper,,,,N,,Driver Inattention/Distraction,Unspecified,QUEENS,11417.0,"    (40.679283, -73.83263)",3.0,0.0,0,0,0,0,3,0,Sedan,Station Wagon/Sport Utility Vehicle,1
20216636,4527108,05/09/2022,11:10,b568d92a-d165-4809-a052-706456fb575d,Station Wagon/Sport Utility Vehicle,JEEP -CAR/SUV,2022.0,1.0,F,Licensed,Stopped in Traffic,Center Front End,Center Front End,Left Front Bumper,Right Front Bumper,,N,,Driver Inattention/Distraction,Following Too Closely,,,"    (40.640224, -74.13667)",0.0,0.0,0,0,0,0,0,0,PK,Station Wagon/Sport Utility Vehicle,0
20250430,4542491,06/24/2022,10:00,e953ebfb-36bf-420e-a0db-9ca17c2b1ec2,Sedan,NISS -CAR/SUV,2008.0,0.0,,,Parked,Left Front Bumper,Left Front Bumper,No Damage,No Damage,No Damage,N,,Unspecified,Unspecified,BROOKLYN,11232.0,"    (40.661568, -73.9953)",0.0,0.0,0,0,0,0,0,0,Bus,Sedan,0
20297659,4563609,09/08/2022,15:50,98634063-99ba-432b-81e4-9be963c767e7,Station Wagon/Sport Utility Vehicle,CHEV -CAR/SUV,2002.0,0.0,,,Parked,Left Front Quarter Panel,Left Front Quarter Panel,No Damage,No Damage,No Damage,N,,Unspecified,Unspecified,BROOKLYN,11207.0,"    (40.672314, -73.893036)",2.0,0.0,0,0,0,0,2,0,Station Wagon/Sport Utility Vehicle,Station Wagon/Sport Utility Vehicle,1
20228359,4532499,05/28/2022,23:45,f3f1d85a-d1cc-4f2e-966c-79667fe497a1,Sedan,LEXS -CAR/SUV,2010.0,1.0,M,Licensed,Going Straight Ahead,Right Front Bumper,Center Front End,Left Front Bumper,,,N,,Unspecified,Unspecified,,,"    (40.668648, -73.92835)",2.0,0.0,0,0,0,0,2,0,Sedan,Sedan,1
20249550,4542199,06/27/2022,06:54,0fbacf3a-398c-418c-9776-2c6a643bb97e,Sedan,AUDI -CAR/SUV,2021.0,1.0,F,Licensed,Slowing or Stopping,Left Front Bumper,Center Front End,,,,N,,Unspecified,Unspecified,,,,1.0,0.0,0,0,0,0,1,0,Sedan,Sedan,1
20254581,4542642,06/25/2022,23:30,97427bcd-9805-426c-8f93-ed277c458a21,Sedan,HOND -CAR/SUV,2014.0,1.0,M,Licensed,Going Straight Ahead,Center Back End,Center Back End,No Damage,No Damage,No Damage,N,,Unspecified,Unspecified,QUEENS,11385.0,"    (40.703537, -73.90339)",0.0,0.0,0,0,0,0,0,0,Sedan,Sedan,0
20269981,4551471,07/30/2022,16:00,a09fe2cb-c280-4a4e-94d3-fc731c89dd95,Station Wagon/Sport Utility Vehicle,FORD -CAR/SUV,2022.0,0.0,,,Parked,Left Side Doors,Left Side Doors,No Damage,No Damage,No Damage,N,,Unspecified,Unspecified,BROOKLYN,11231.0,"    (40.685158, -74.00263)",0.0,0.0,0,0,0,0,0,0,Station Wagon/Sport Utility Vehicle,,0
20222863,4529808,05/21/2022,14:15,446a8699-55b1-432a-a938-4f8286c317f7,Station Wagon/Sport Utility Vehicle,FORD -CAR/SUV,2021.0,3.0,M,Licensed,Going Straight Ahead,Center Back End,Left Rear Bumper,Left Rear Quarter Panel,Center Back End,,N,,Unspecified,Unspecified,,,"    (40.748413, -73.738075)",0.0,0.0,0,0,0,0,0,0,Sedan,Station Wagon/Sport Utility Vehicle,0
20264137,4548606,07/23/2022,09:50,4025b472-6fe6-46cb-806e-48f6bf42b8a9,Sedan,CHEV -CAR/SUV,2002.0,1.0,F,Licensed,Going Straight Ahead,Center Front End,Center Front End,Left Front Bumper,Right Front Bumper,,N,,Unspecified,Unspecified,,,"    (40.71122, -73.72827)",2.0,0.0,0,0,0,0,2,0,Station Wagon/Sport Utility Vehicle,Sedan,1
20327378,4577530,10/29/2022,22:46,e5245366-1f5a-48fc-b420-0ce6fefe39a0,Station Wagon/Sport Utility Vehicle,MERZ -CAR/SUV,2020.0,2.0,M,Licensed,Going Straight Ahead,Left Rear Bumper,Left Rear Bumper,Left Rear Quarter Panel,No Damage,No Damage,N,,Unspecified,Unspecified,,,"    (40.666405, -73.802635)",0.0,0.0,0,0,0,0,0,0,Station Wagon/Sport Utility Vehicle,Sedan,0
20274894,4553528,08/08/2022,23:23,85d36df7-0855-4df1-9045-d9ce34b66761,Sedan,TOYT -CAR/SUV,2022.0,1.0,F,Licensed,Going Straight Ahead,Left Rear Quarter Panel,Left Rear Quarter Panel,,,,N,,Unspecified,Unspecified,QUEENS,11355.0,"    (40.75563, -73.834854)",0.0,0.0,0,0,0,0,0,0,Sedan,Bike,0
20294899,4562718,09/11/2022,01:15,02004d0c-fd0f-44be-85a2-d4f7731d478f,Station Wagon/Sport Utility Vehicle,FORD -CAR/SUV,2009.0,1.0,M,Licensed,Going Straight Ahead,Right Front Quarter Panel,Left Front Bumper,Left Front Quarter Panel,,,N,,Unspecified,Alcohol Involvement,,,"    (40.603584, -74.01842)",1.0,0.0,0,0,0,0,1,0,Station Wagon/Sport Utility Vehicle,Station Wagon/Sport Utility Vehicle,1
20219207,4528297,05/15/2022,21:30,9ae184d5-eff4-4688-8e12-28ff2b726e2d,Sedan,HOND -CAR/SUV,2003.0,0.0,,,Parked,Roof,Roof,Right Rear Quarter Panel,Right Side Doors,Right Front Quarter Panel,N,,Unspecified,Unspecified,,,,0.0,0.0,0,0,0,0,0,0,Sedan,,0
20268072,4550522,07/17/2022,01:25,17e17627-1ca3-466e-8302-6233acd31b98,Sedan,HOND -CAR/SUV,2020.0,2.0,U,,Going Straight Ahead,Left Rear Quarter Panel,Left Front Quarter Panel,Left Front Bumper,Left Rear Bumper,,N,,Unspecified,Unspecified,,,"    (40.716557, -73.82869)",0.0,0.0,0,0,0,0,0,0,Sedan,Sedan,0
20280066,4555948,08/16/2022,18:01,314e0324-3d1d-4b51-b3a5-148604a40d34,Sedan,HYUN -CAR/SUV,2015.0,1.0,M,Licensed,Going Straight Ahead,Center Back End,Center Back End,Left Rear Bumper,Right Rear Bumper,,N,,Driver Inattention/Distraction,Unspecified,,,"    (40.750965, -73.94027)",1.0,0.0,0,0,0,0,1,0,Sedan,Station Wagon/Sport Utility Vehicle,1
20208191,4523440,04/29/2022,15:23,53b09c8b-75d4-4e79-982a-81ef44d39d5c,Sedan,TOYT -CAR/SUV,2014.0,1.0,M,Licensed,Going Straight Ahead,Left Rear Bumper,Left Rear Bumper,Center Back End,Center Back End,Center Back End,N,,Unspecified,Unspecified,,,,0.0,0.0,0,0,0,0,0,0,Sedan,Sedan,0
20317392,4572868,10/14/2022,11:19,6bd19b33-4e26-4d6b-bcee-8dfae98e6720,Sedan,HOND -CAR/SUV,2018.0,1.0,F,Licensed,Making Right Turn,Right Front Bumper,Right Front Bumper,Center Front End,Left Front Bumper,Right Front Quarter Panel,N,,Other Vehicular,Unspecified,STATEN ISLAND,10306.0,"    (40.560394, -74.120056)",2.0,0.0,0,0,0,0,2,0,Pick-up Truck,Sedan,1
20258532,4545102,07/05/2022,17:32,92e8bb70-4ccf-44fa-9a2b-b5acf04d1bf6,Sedan,HOND -CAR/SUV,2013.0,0.0,,,Parked,Left Rear Bumper,Left Rear Bumper,Left Side Doors,,Left Front Quarter Panel,N,,Unspecified,Unspecified,BROOKLYN,11234.0,"    (40.615337, -73.91247)",0.0,0.0,0,0,0,0,0,0,Sedan,Sedan,0
20147697,4495784,01/18/2022,08:10,b63f7c22-1c6a-4679-ac70-e6d6b86c9fd2,Station Wagon/Sport Utility Vehicle,HOND -CAR/SUV,2021.0,1.0,M,Licensed,Going Straight Ahead,Right Side Doors,Right Side Doors,No Damage,No Damage,No Damage,N,,Unspecified,Unspecified,BROOKLYN,11210.0,"    (40.633575, -73.941925)",0.0,0.0,0,0,0,0,0,0,Station Wagon/Sport Utility Vehicle,Station Wagon/Sport Utility Vehicle,0
20183240,4512220,03/15/2022,07:32,c34adf6f-a0ac-4f46-8f5c-e1b46192d7d4,Sedan,MERZ -CAR/SUV,2019.0,1.0,M,Licensed,Going Straight Ahead,Left Front Quarter Panel,Left Front Quarter Panel,Left Front Bumper,Right Front Quarter Panel,Right Rear Quarter Panel,N,,Unspecified,Unspecified,,,"    (40.803143, -73.97256)",0.0,0.0,0,0,0,0,0,0,Sedan,Sedan,0
20285400,4558304,08/25/2022,13:41,6c72a4ba-00fd-46ec-bb0d-2b85c8ab79f7,Sedan,TOYT -CAR/SUV,2002.0,1.0,M,Licensed,Going Straight Ahead,Center Front End,Right Front Bumper,Left Front Bumper,Left Front Bumper,,N,,Failure to Yield Right-of-Way,Driver Inattention/Distraction,BRONX,10458.0,"    (40.87637, -73.88286)",0.0,0.0,0,0,0,0,0,0,Station Wagon/Sport Utility Vehicle,Sedan,0
20170725,4506410,02/28/2022,05:27,466c8c1a-9789-42cc-9f06-10aeb2a63d6a,Sedan,HOND -CAR/SUV,2016.0,1.0,M,Licensed,Making Right Turn,Left Rear Quarter Panel,Left Rear Quarter Panel,Left Side Doors,Left Front Quarter Panel,Right Side Doors,Unspecified,,Driver Inattention/Distraction,Passing or Lane Usage Improper,BROOKLYN,11237.0,"    (40.709393, -73.9219)",0.0,0.0,0,0,0,0,0,0,Box Truck,Sedan,0
20300148,4564967,09/04/2022,23:45,d39d3080-e81c-4663-acf0-64db6effa79c,Sedan,TOYT -CAR/SUV,2002.0,0.0,,,Parked,Right Rear Quarter Panel,Right Rear Quarter Panel,Center Front End,Center Front End,Center Front End,Unspecified,,Unspecified,Unspecified,BROOKLYN,11233.0,"    (40.675022, -73.916115)",0.0,0.0,0,0,0,0,0,0,Sedan,Sedan,0
20144505,4494604,01/14/2022,15:00,af998007-808b-4f01-b71c-e0689e1f1945,Box Truck,FRHT-TRUCK/BUS,2016.0,0.0,M,Licensed,Parked,Right Front Quarter Panel,Right Front Quarter Panel,,,,N,,Unspecified,Unspecified,BROOKLYN,11217.0,"    (40.687023, -73.97621)",0.0,0.0,0,0,0,0,0,0,Box Truck,Box Truck,0
20221107,4529279,05/19/2022,15:17,b94f7c4e-4ce4-4811-be7d-f0b992a57643,Station Wagon/Sport Utility Vehicle,HOND -CAR/SUV,2007.0,1.0,M,Licensed,Starting from Parking,Right Front Quarter Panel,Right Side Doors,Right Rear Quarter Panel,,,N,,Unspecified,Unspecified,BROOKLYN,11236.0,"    (40.632786, -73.89638)",1.0,0.0,0,0,0,0,1,0,Sedan,Station Wagon/Sport Utility Vehicle,1
20343305,4584762,11/25/2022,09:55,5fe8cfa9-6a62-442b-9dad-e376e1a39077,Station Wagon/Sport Utility Vehicle,ACUR -CAR/SUV,2018.0,1.0,M,Licensed,Going Straight Ahead,Right Front Quarter Panel,Right Front Quarter Panel,Right Side Doors,Right Front Bumper,,N,,Tire Failure/Inadequate,Unspecified,,,,0.0,0.0,0,0,0,0,0,0,Station Wagon/Sport Utility Vehicle,Station Wagon/Sport Utility Vehicle,0
20303366,4566322,09/21/2022,19:33,56177910-188f-46c0-b4f4-ae4092b62a11,Station Wagon/Sport Utility Vehicle,CADI -CAR/SUV,2011.0,1.0,M,Licensed,Going Straight Ahead,Right Front Quarter Panel,Right Front Quarter Panel,Right Side Doors,Right Rear Quarter Panel,No Damage,N,,Tire Failure/Inadequate,Unspecified,QUEENS,11416.0,"    (40.684574, -73.844925)",0.0,0.0,0,0,0,0,0,0,Station Wagon/Sport Utility Vehicle,Station Wagon/Sport Utility Vehicle,0
20250593,4540490,06/25/2022,05:41,b7a47102-03ac-4c12-9b01-5edc77330d00,Sedan,BMW -CAR/SUV,2014.0,0.0,M,Unlicensed,Passing,Right Front Bumper,Right Front Bumper,No Damage,No Damage,No Damage,N,,Passing Too Closely,Unsafe Speed,,,"    (40.84065, -73.91902)",0.0,0.0,0,0,0,0,0,0,Station Wagon/Sport Utility Vehicle,Station Wagon/Sport Utility Vehicle,0
20259823,4546861,07/14/2022,19:20,6e225959-2996-4618-ab76-b45e4d6f1005,Sedan,CHEV -CAR/SUV,2014.0,1.0,F,Licensed,Making Right Turn,Right Front Bumper,Right Front Bumper,No Damage,No Damage,No Damage,N,,Unspecified,Unspecified,BROOKLYN,11224.0,"    (40.57788, -73.99477)",0.0,0.0,0,0,0,0,0,0,Sedan,Sedan,0
20289528,4560292,09/01/2022,15:00,384ec87f-3880-4674-9f3d-bd37900e02dd,Motorcycle,HOND -MCL,2021.0,1.0,M,Licensed,Going Straight Ahead,Left Side Doors,Left Rear Quarter Panel,,,,N,,Unspecified,Unspecified,,,"    (40.74947, -73.7564)",1.0,0.0,0,0,0,0,1,0,Motorcycle,,1
20363313,4594102,12/31/2022,00:40,7ddac1c6-3ccd-48f3-8043-10b51ed325a4,Sedan,TOYT -CAR/SUV,2009.0,1.0,F,Licensed,Going Straight Ahead,Center Back End,Center Back End,Right Rear Quarter Panel,Right Rear Bumper,Left Rear Bumper,N,,Unspecified,Unspecified,,,"    (40.58584, -73.93788)",0.0,0.0,0,0,0,0,0,0,Sedan,Sedan,0
20252575,4543373,07/04/2022,21:58,b7ebbd5a-ccbc-491d-857d-8513ca5fa2e0,Sedan,MAZD -CAR/SUV,2010.0,1.0,F,Licensed,Going Straight Ahead,Center Front End,Center Front End,No Damage,No Damage,No Damage,N,,Unspecified,Unspecified,BRONX,10473.0,"    (40.82054, -73.84838)",1.0,0.0,1,0,0,0,0,0,Sedan,,1
20264514,4549060,07/23/2022,13:15,90e5b222-128a-488c-b4cc-25fa26590d23,Sedan,MERZ -CAR/SUV,2019.0,1.0,F,Licensed,Stopped in Traffic,Right Side Doors,Right Side Doors,Right Rear Quarter Panel,Right Rear Quarter Panel,,N,,Unspecified,Unspecified,BROOKLYN,11222.0,"    (40.724636, -73.948166)",0.0,0.0,0,0,0,0,0,0,Station Wagon/Sport Utility Vehicle,Sedan,0
20378312,4600865,11/01/2022,23:50,c552811b-fd75-466c-a682-fed6beb564ed,Station Wagon/Sport Utility Vehicle,TOYT -CAR/SUV,2015.0,3.0,F,Licensed,Going Straight Ahead,Left Front Bumper,Left Front Bumper,,,,N,,Unspecified,Unspecified,,,,0.0,0.0,0,0,0,0,0,0,Station Wagon/Sport Utility Vehicle,Pick-up Truck,0
20185666,4510392,03/14/2022,23:00,01d93848-1e8f-46e8-bc6c-eff7e0138c32,Tractor Truck Diesel,VOLV -TRUCK/BUS,2013.0,1.0,M,Licensed,Slowing or Stopping,Center Back End,Center Back End,No Damage,No Damage,No Damage,N,,Unspecified,Unspecified,,,"    (40.833813, -73.86275)",6.0,0.0,0,0,0,0,6,0,Sedan,Station Wagon/Sport Utility Vehicle,1
20316016,4572415,10/12/2022,17:20,aa86edb7-c3d4-431f-863c-38e6940af9d2,Sedan,HOND -CAR/SUV,2017.0,4.0,M,Licensed,Going Straight Ahead,Right Side Doors,Right Side Doors,Right Front Quarter Panel,,,N,,Unspecified,Unspecified,BRONX,10461.0,"    (40.850468, -73.844765)",0.0,0.0,0,0,0,0,0,0,Sedan,Sedan,0
20150581,4497151,01/18/2022,13:15,40bf149b-ff7e-47e3-a53f-5dc05651c477,Station Wagon/Sport Utility Vehicle,HOND -CAR/SUV,2016.0,0.0,,,Parked,Right Rear Quarter Panel,Right Rear Bumper,Right Rear Quarter Panel,Center Back End,No Damage,N,,Unspecified,Unspecified,,,"    (40.689102, -73.94507)",0.0,0.0,0,0,0,0,0,0,Station Wagon/Sport Utility Vehicle,Sedan,0
20247736,4538172,06/16/2022,11:00,6e073f49-2e67-467d-8cc5-6bff6ee2e955,Taxi,TOYT -CAR/SUV,2020.0,2.0,M,Licensed,Going Straight Ahead,Center Front End,Center Front End,,,,N,,Unspecified,Unspecified,QUEENS,11421.0,"    (40.68766, -73.85057)",1.0,0.0,0,0,0,0,1,0,Taxi,Motorcycle,1
20280303,4556101,08/16/2022,09:00,de5b22b7-ced8-4fe2-b6e1-9c671aec1e64,Station Wagon/Sport Utility Vehicle,CHRY -CAR/SUV,2022.0,1.0,M,Licensed,Going Straight Ahead,Center Front End,Center Front End,,,,N,,Following Too Closely,Unspecified,MANHATTAN,10006.0,"    (40.709835, -74.014885)",0.0,0.0,0,0,0,0,0,0,Station Wagon/Sport Utility Vehicle,,0
20313641,4571064,10/07/2022,22:09,466d43c1-4596-44a3-8f4d-75650d412ef8,Sedan,BMW -CAR/SUV,2022.0,0.0,M,Licensed,Going Straight Ahead,Center Back End,Center Back End,,,,N,,Unspecified,Unspecified,,,"    (40.741447, -73.84603)",0.0,0.0,0,0,0,0,0,0,Sedan,Sedan,0
20362330,4593612,12/28/2022,15:30,2506bff0-5193-48e2-9f30-2657a4847376,Station Wagon/Sport Utility Vehicle,ACUR -CAR/SUV,2013.0,1.0,F,Licensed,Going Straight Ahead,Center Front End,Center Front End,Left Front Bumper,Right Front Bumper,No Damage,N,,Driver Inattention/Distraction,Following Too Closely,,,"    (40.722343, -73.77717)",0.0,0.0,0,0,0,0,0,0,Station Wagon/Sport Utility Vehicle,Station Wagon/Sport Utility Vehicle,0
20338870,4582798,11/17/2022,17:15,6a43359e-0cae-4818-aaee-80f3c0281646,Pick-up Truck,CHEV -CAR/SUV,2006.0,1.0,M,Licensed,Making Right Turn,Center Back End,Center Back End,Right Rear Bumper,,,N,,Unspecified,Unspecified,,,"    (40.632717, -74.14643)",0.0,0.0,0,0,0,0,0,0,Pick-up Truck,Sedan,0
20341915,4584148,11/21/2022,10:00,8fdd8d94-ce55-4631-bbb7-8dd8b5d3ad6d,Sedan,TOYT -CAR/SUV,2022.0,1.0,,,Going Straight Ahead,Left Front Quarter Panel,,,,,N,,Driver Inattention/Distraction,Passing or Lane Usage Improper,,,"    (40.67187, -73.95464)",0.0,0.0,0,0,0,0,0,0,Sedan,Sedan,0
20191234,4515875,04/03/2022,03:57,1ff2cf9f-c999-4c16-b4cd-e2f73676901f,Pick-up Truck,FORD -CAR/SUV,2016.0,0.0,,,Parked,Right Front Quarter Panel,Right Front Quarter Panel,,,,N,,Unspecified,Unspecified,,,"    (40.73367, -73.85766)",1.0,0.0,0,0,0,0,1,0,Station Wagon/Sport Utility Vehicle,Sedan,1
20167106,4504896,02/22/2022,09:55,328c2f0a-9e29-4753-8acf-19eb63d1724a,Station Wagon/Sport Utility Vehicle,HOND -CAR/SUV,2021.0,1.0,M,Licensed,Going Straight Ahead,Center Front End,Center Front End,,Center Front End,,N,,Unspecified,Unspecified,BROOKLYN,11222.0,"    (40.72127, -73.93937)",0.0,0.0,0,0,0,0,0,0,Station Wagon/Sport Utility Vehicle,Tractor Truck Diesel,0
20150134,4496990,01/18/2022,14:02,c314ca89-18c9-4a70-aecb-fea2ab990b69,Station Wagon/Sport Utility Vehicle,CHRY -CAR/SUV,2014.0,0.0,,,Parked,Left Rear Bumper,Left Rear Bumper,No Damage,No Damage,No Damage,N,,Unspecified,Unspecified,BROOKLYN,11204.0,"    (40.617233, -73.99212)",0.0,0.0,0,0,0,0,0,0,Station Wagon/Sport Utility Vehicle,,0
20323919,4575891,10/21/2022,09:55,3cc1a80e-a0b8-4d64-9bbe-6eccc44d8435,Sedan,HOND -CAR/SUV,2021.0,1.0,M,Licensed,Stopped in Traffic,Center Back End,Center Back End,,,,N,,Unspecified,Unspecified,BROOKLYN,11249.0,"    (40.701942, -73.961754)",0.0,0.0,0,0,0,0,0,0,Sedan,Sedan,0
20163643,4503300,02/16/2022,18:45,14b036f1-e10f-4032-948b-ff3ef546e42a,Sedan,FORD -CAR/SUV,2017.0,3.0,M,Licensed,Backing,Center Back End,Center Back End,,,,N,,Unspecified,Unspecified,BROOKLYN,11221.0,"    (40.689453, -73.924034)",0.0,0.0,0,0,0,0,0,0,Sedan,Station Wagon/Sport Utility Vehicle,0
20320398,4574308,10/19/2022,14:15,6d85e3c4-c058-4479-95e6-277d05e6e5fd,Station Wagon/Sport Utility Vehicle,TOYT -CAR/SUV,2014.0,2.0,M,Licensed,Going Straight Ahead,Center Front End,Center Front End,Left Front Bumper,Right Front Bumper,,N,,Following Too Closely,Driver Inattention/Distraction,,,"    (40.75548, -73.74173)",1.0,0.0,0,0,0,0,1,0,Station Wagon/Sport Utility Vehicle,Station Wagon/Sport Utility Vehicle,1
20161734,4502213,02/04/2022,16:28,c1bdbd18-1dab-4d8a-8347-d3bcd00b599b,Sedan,LEXS -CAR/SUV,2019.0,1.0,M,Licensed,Going Straight Ahead,Right Front Bumper,Right Front Quarter Panel,No Damage,No Damage,No Damage,N,,Unspecified,Unspecified,,,"    (40.61334, -74.01109)",1.0,0.0,0,0,0,0,1,0,Sedan,Station Wagon/Sport Utility Vehicle,1
20233551,4534804,06/06/2022,18:06,272a8c75-dc1f-48fb-bd3e-a31badc91fca,Sedan,TOYT -CAR/SUV,2014.0,1.0,M,Licensed,Stopped in Traffic,Right Front Bumper,Right Front Bumper,Right Front Quarter Panel,,,N,,Driver Inexperience,Unspecified,QUEENS,11104.0,"    (40.742508, -73.91788)",1.0,0.0,0,0,0,0,1,0,Sedan,Moped,1
20207194,4522979,04/26/2022,13:30,71a171ea-960d-45ef-b67c-3d06b8caf623,Van,Ford,2006.0,1.0,M,Licensed,Going Straight Ahead,Left Side Doors,Left Front Quarter Panel,Left Rear Quarter Panel,Left Front Bumper,,N,,Unspecified,Unspecified,BROOKLYN,11220.0,"    (40.64204, -74.0204)",2.0,0.0,0,0,0,0,2,0,Van,Station Wagon/Sport Utility Vehicle,1
20198963,4515282,03/29/2022,13:50,c924ad11-aa62-4eda-a01b-1b5cf89a2c0c,Sedan,HOND -CAR/SUV,2018.0,2.0,F,Licensed,Making Right Turn,Left Front Bumper,Left Front Quarter Panel,No Damage,No Damage,No Damage,N,,Unspecified,Unspecified,BRONX,10460.0,"    (40.839622, -73.870285)",2.0,0.0,0,0,0,0,2,0,Sedan,Tractor Truck Gasoline,1
20218498,4528200,05/15/2022,04:43,0d6cc7ea-1914-4055-ac4e-bff3f44379fd,Station Wagon/Sport Utility Vehicle,CADI -CAR/SUV,2022.0,0.0,,,Parked,Left Side Doors,Left Side Doors,Left Front Quarter Panel,Center Front End,Left Front Bumper,N,,Unspecified,Unspecified,,,"    (40.68795, -73.82502)",0.0,0.0,0,0,0,0,0,0,Sedan,Station Wagon/Sport Utility Vehicle,0