UNIQUE_ID,COLLISION_ID,CRASH_DATE,CRASH_TIME,VEHICLE_ID,VEHICLE_TYPE,VEHICLE_MAKE,VEHICLE_YEAR,VEHICLE_OCCUPANTS,DRIVER_SEX,DRIVER_LICENSE_STATUS,PRE_CRASH,POINT_OF_IMPACT,VEHICLE_DAMAGE,VEHICLE_DAMAGE_1,VEHICLE_DAMAGE_2,VEHICLE_DAMAGE_3,PUBLIC_PROPERTY_DAMAGE,PUBLIC_PROPERTY_DAMAGE_TYPE,CONTRIBUTING_FACTOR_1,CONTRIBUTING_FACTOR_2,BOROUGH,ZIP CODE,LOCATION,NUMBER OF PERSONS INJURED,NUMBER OF PERSONS KILLED,NUMBER OF PEDESTRIANS INJURED,NUMBER OF PEDESTRIANS KILLED,NUMBER OF CYCLIST INJURED,NUMBER OF CYCLIST KILLED,NUMBER OF MOTORIST INJURED,NUMBER OF MOTORIST KILLED,VEHICLE TYPE CODE 1,VEHICLE TYPE CODE 2,Severity
20254831,4544239,07/01/2022,10:48,263fc90b-d7c5-4676-9a8e-03d1bb23bd5d,Sedan,CHEV -CAR/SUV,2012.0,1.0,M,Licensed,Going Straight Ahead,Center Front End,Left Rear Quarter Panel,,,,N,,Unspecified,Unspecified,,,"    (40.678234, -73.89753)",1.0,0.0,0,0,0,0,1,0,Station Wagon/Sport Utility Vehicle,Station Wagon/Sport Utility Vehicle,1
20272797,4552405,08/05/2022,17:54,b2fdf376-82e7-496c-8755-74e69a758af8,Sedan,DODG -CAR/SUV,2015.0,1.0,F,Licensed,Going Straight Ahead,Center Front End,Center Front End,,,,N,,Backing Unsafely,Backing Unsafely,QUEENS,11422.0,"    (40.66521, -73.73288)",1.0,0.0,0,0,0,0,1,0,Sedan,Sedan,1
20356642,4590983,12/18/2022,06:18,6f1750b1-c170-41fa-8942-49a9010dc3b2,Station Wagon/Sport Utility Vehicle,AUDI -CAR/SUV,2020.0,1.0,,,Changing Lanes,Right Front Bumper,Right Front Bumper,,,,N,,Passing Too Closely,Unsafe Lane Changing,,,"    (40.84487, -73.92068)",1.0,0.0,0,0,0,0,1,0,Sedan,Station Wagon/Sport Utility Vehicle,1
20171188,4506672,03/01/2022,15:49,98ec97ab-4083-4920-9a0d-572776dd79dd,Bus,BLUI-TRUCK/BUS,2009.0,0.0,M,Licensed,Making Left Turn,Right Rear Quarter Panel,Right Rear Quarter Panel,,,,Unspecified,,Turning Improperly,Unspecified,BRONX,10458.0,"    (40.868546, -73.88832)",0.0,0.0,0,0,0,0,0,0,Station Wagon/Sport Utility Vehicle,Bus,0
20147628,4495750,01/14/2022,15:30,b4ac0c18-94a9-4524-9bd7-1e0eea760001,Station Wagon/Sport Utility Vehicle,HOND -CAR/SUV,2013.0,0.0,,,Parked,Left Rear Bumper,Left Rear Bumper,Left Rear Quarter Panel,,,N,,Unspecified,Unspecified,,,,0.0,0.0,0,0,0,0,0,0,Station Wagon/Sport Utility Vehicle,,0
20318979,4573697,10/17/2022,16:00,46c50324-0f46-46f7-8f48-5f10a93287d8,Station Wagon/Sport Utility Vehicle,HOND -CAR/SUV,2019.0,1.0,M,Licensed,Going Straight Ahead,Right Front Bumper,Right Front Quarter Panel,Center Front End,No Damage,No Damage,N,,Unspecified,Unspecified,,,"    (40.607643, -74.16561)",0.0,0.0,0,0,0,0,0,0,Station Wagon/Sport Utility Vehicle,Sedan,0
20172599,4492668,01/05/2022,05:48,98618fb5-4764-43ca-9c46-eb7914da7e29,Station Wagon/Sport Utility Vehicle,TOYT -CAR/SUV,2021.0,1.0,F,Licensed,Going Straight Ahead,Center Back End,Left Rear Bumper,Right Rear Bumper,Center Back End,Left Rear Quarter Panel,N,,Pavement Slippery,Pavement Slippery,STATEN ISLAND,10312.0,"    (40.56345, -74.169754)",1.0,0.0,0,0,0,0,1,0,Sedan,Station Wagon/Sport Utility Vehicle,1
20226986,4531786,05/28/2022,08:15,996da0cf-c283-42a0-bdbd-119abda1cbd4,Sedan,TOYT -CAR/SUV,2012.0,1.0,M,Licensed,Backing,Left Front Quarter Panel,Left Front Quarter Panel,Right Rear Bumper,Center Back End,,N,,Backing Unsafely,Unsafe Speed,QUEENS,11364.0,"    (40.742683, -73.76424)",0.0,0.0,0,0,0,0,0,0,Sedan,Sedan,0
20340038,4583219,11/18/2022,16:40,103b0592-528c-4e65-b1ae-e07b053bd2d3,Moped,ZHEJIANG,2020.0,1.0,M,Unlicensed,Going Straight Ahead,No Damage,No Damage,No Damage,No Damage,No Damage,N,,Other Vehicular,Driver Inattention/Distraction,BRONX,10470.0,"    (40.899055, -73.87373)",0.0,0.0,0,0,0,0,0,0,Sedan,Moped,0
20365661,4595036,12/07/2022,02:26,1577f461-d3bf-47b1-8af0-260d6f22015a,Sedan,BMW -CAR/SUV,,,,,Making Left Turn,Left Front Bumper,Center Front End,Left Front Quarter Panel,,,N,,Driver Inattention/Distraction,Driver Inexperience,MANHATTAN,10034.0,"    (40.860527, -73.91939)",1.0,0.0,0,0,0,0,1,0,Station Wagon/Sport Utility Vehicle,Sedan,1
20301036,4565542,09/19/2022,22:16,184abe46-0d3a-4155-95b5-c84e846cf846,Station Wagon/Sport Utility Vehicle,KIA -CAR/SUV,2021.0,1.0,M,Licensed,Stopped in Traffic,Center Back End,Center Back End,,,,Unspecified,,Unspecified,Unspecified,BRONX,10468.0,"    (40.873383, -73.88938)",1.0,0.0,0,0,0,0,1,0,Station Wagon/Sport Utility Vehicle,Station Wagon/Sport Utility Vehicle,1
20231232,4533725,06/03/2022,07:45,fe528780-6913-4600-9914-eac8bf3e2ef1,Flat Bed,PTRB-TRUCK/BUS,2020.0,1.0,M,Licensed,Backing,Left Rear Quarter Panel,No Damage,No Damage,No Damage,No Damage,N,,Backing Unsafely,View Obstructed/Limited,QUEENS,11412.0,"    (40.705086, -73.774185)",0.0,0.0,0,0,0,0,0,0,Station Wagon/Sport Utility Vehicle,Flat Bed,0
20172524,4507170,03/02/2022,19:00,001e257c-364e-48e6-ac61-9076d40a903d,Sedan,TOYT -CAR/SUV,2011.0,0.0,,,Parked,Left Side Doors,Left Front Quarter Panel,Left Side Doors,Left Front Quarter Panel,Left Front Bumper,N,,Unspecified,Unspecified,QUEENS,11102.0,"    (40.765602, -73.923546)",0.0,0.0,0,0,0,0,0,0,Sedan,,0
20262180,4547658,07/20/2022,08:15,3bb0faa1-74d9-4315-9c92-833a2cf0c4d2,Sedan,HOND -CAR/SUV,2019.0,1.0,M,Licensed,Stopped in Traffic,Center Back End,Center Back End,,,,N,,Unspecified,Unspecified,,,"    (40.579052, -73.98415)",0.0,0.0,0,0,0,0,0,0,Sedan,Station Wagon/Sport Utility Vehicle,0
20175133,4508371,03/07/2022,08:52,a627d9f0-6959-4213-85ec-51e7ab1bd1f3,Station Wagon/Sport Utility Vehicle,FORD -CAR/SUV,2021.0,0.0,,,Parked,Left Front Quarter Panel,Left Front Quarter Panel,No Damage,No Damage,No Damage,Unspecified,,Unspecified,Unspecified,BROOKLYN,11236.0,"    (40.62897, -73.906586)",0.0,0.0,0,0,0,0,0,0,Sedan,Sedan,0
20206344,4522426,04/27/2022,00:35,190435e7-d8d4-49d7-a858-2a37e536ef3b,Sedan,TOYT -CAR/SUV,2003.0,1.0,M,Unlicensed,Going Straight Ahead,Left Front Bumper,Left Front Bumper,Left Front Quarter Panel,Right Rear Quarter Panel,Right Rear Bumper,N,,Brakes Defective,Unspecified,,,"    (40.7968, -73.929375)",0.0,0.0,0,0,0,0,0,0,Station Wagon/Sport Utility Vehicle,Sedan,0
20295491,4562982,09/10/2022,22:45,130342fe-9c52-4884-866b-08bc83d19ec3,Sedan,MERZ -CAR/SUV,2017.0,0.0,,,Parked,Left Side Doors,Left Side Doors,No Damage,No Damage,No Damage,N,,Unspecified,Unspecified,,,"    (40.61504, -74.06685)",0.0,0.0,0,0,0,0,0,0,Sedan,Sedan,0
20178089,4509572,03/11/2022,09:30,19b6ae57-89f6-4ecc-ac94-819c4137e3ff,Sedan,GMC -CAR/SUV,,3.0,M,Licensed,Going Straight Ahead,Right Rear Quarter Panel,Right Rear Quarter Panel,,,,N,,Passing Too Closely,Unspecified,,,"    (40.844833, -73.909386)",0.0,0.0,0,0,0,0,0,0,Sedan,Sedan,0
20318790,4573591,10/13/2022,11:35,5e6fa375-5f0d-4937-9004-c34e62a84440,Sedan,HOND -CAR/SUV,2021.0,1.0,M,Licensed,Going Straight Ahead,Left Front Bumper,No Damage,No Damage,No Damage,No Damage,N,,Failure to Yield Right-of-Way,Unspecified,MANHATTAN,10001.0,"    (40.75176, -73.99453)",1.0,0.0,1,0,0,0,0,0,Sedan,,1
20358033,4591506,12/20/2022,09:30,22307d17-ca59-4df3-bf78-25df3c2c04ba,Station Wagon/Sport Utility Vehicle,DODG -CAR/SUV,2018.0,1.0,F,Licensed,Making Left Turn,Center Front End,Center Front End,,,,N,,Driver Inattention/Distraction,Unspecified,QUEENS,11377.0,"    (40.74466, -73.906815)",1.0,0.0,1,0,0,0,0,0,Station Wagon/Sport Utility Vehicle,,1
20261626,4547628,07/19/2022,18:36,9b1a310f-1429-4435-84b1-a4bd9ade7b6f,Sedan,MNNI -CAR/SUV,2007.0,2.0,F,Licensed,Going Straight Ahead,Right Side Doors,Right Side Doors,Right Side Doors,,,N,,Unspecified,Unspecified,BROOKLYN,11232.0,"    (40.657665, -74.00093)",1.0,0.0,0,0,0,0,0,0,Sedan,E-Scooter,1
20192534,4516208,04/04/2022,18:29,39d7111a-667a-4813-992e-ab976626a135,Station Wagon/Sport Utility Vehicle,TOYT -CAR/SUV,2021.0,1.0,M,Licensed,Making Right Turn,Right Rear Quarter Panel,Right Rear Quarter Panel,,,,N,,Passing or Lane Usage Improper,Turning Improperly,QUEENS,11354.0,"    (40.77223, -73.829575)",0.0,0.0,0,0,0,0,0,0,Station Wagon/Sport Utility Vehicle,Station Wagon/Sport Utility Vehicle,0
20191995,4516032,04/03/2022,13:50,4466a66c-2fe0-4d5d-971b-041db2ed7d06,Station Wagon/Sport Utility Vehicle,FORD -CAR/SUV,2019.0,1.0,M,Licensed,Making Left Turn,Left Side Doors,Left Rear Quarter Panel,No Damage,No Damage,No Damage,N,,Following Too Closely,Unspecified,MANHATTAN,10001.0,"    (40.750988, -73.99063)",0.0,0.0,0,0,0,0,0,0,Sedan,Station Wagon/Sport Utility Vehicle,0
20256974,4545267,07/08/2022,01:20,0a1a80e2-f866-4d77-a9ab-ae245e48709f,Station Wagon/Sport Utility Vehicle,HOND -CAR/SUV,2018.0,0.0,,,Parked,Center Back End,Left Rear Quarter Panel,,,,N,,Unspecified,Unspecified,QUEENS,11418.0,"    (40.69518, -73.84456)",0.0,0.0,0,0,0,0,0,0,Station Wagon/Sport Utility Vehicle,Station Wagon/Sport Utility Vehicle,0
20148588,4496201,01/20/2022,07:00,31f0c88b-6a6b-4460-b935-79a06d4f034f,,DODG -CAR/SUV,,,,,Merging,,,,,,N,,Driver Inattention/Distraction,Unsafe Lane Changing,,,"    (40.844917, -73.926384)",0.0,0.0,0,0,0,0,0,0,Tractor Truck Diesel,,0
20308201,4568677,09/29/2022,13:28,656f6719-1702-4b5e-bcc8-583e5a844ca2,PK,TOYT-TRUCK/BUS,2015.0,1.0,M,Licensed,Making Right Turn,Left Front Bumper,Left Front Bumper,,,,N,,Unspecified,Unspecified,MANHATTAN,10028.0,"    (40.772705, -73.949486)",0.0,0.0,0,0,0,0,0,0,Sedan,PK,0
20177728,4509648,03/10/2022,04:15,fe1785fc-593c-4953-baf5-4d2e18eca768,Station Wagon/Sport Utility Vehicle,HOND -CAR/SUV,2013.0,0.0,,,Parked,Center Back End,Left Rear Bumper,Center Front End,Left Front Bumper,Right Front Bumper,N,,Unspecified,Unspecified,BROOKLYN,11222.0,"    (40.725906, -73.94891)",0.0,0.0,0,0,0,0,0,0,Station Wagon/Sport Utility Vehicle,Station Wagon/Sport Utility Vehicle,0
20263274,4548102,07/20/2022,20:46,9960b4d7-615c-4e08-b4f1-024aabcfe34a,Sedan,TOYT -CAR/SUV,2021.0,1.0,M,Licensed,Going Straight Ahead,Center Front End,Center Front End,,,,N,,Unspecified,Unspecified,QUEENS,11101.0,"    (40.75443, -73.916084)",1.0,0.0,0,0,1,0,0,0,Sedan,E-Bike,1
20236653,4536124,06/11/2022,02:20,a6198998-511e-4f4d-9ed8-705f0f944745,Station Wagon/Sport Utility Vehicle,HOND -CAR/SUV,2019.0,1.0,M,Licensed,Going Straight Ahead,Right Side Doors,Right Side Doors,,,,N,,Unspecified,Unspecified,,,"    (40.82054, -73.930786)",0.0,0.0,0,0,0,0,0,0,Station Wagon/Sport Utility Vehicle,Station Wagon/Sport Utility Vehicle,0
20191983,4516019,03/27/2022,01:45,830e83fe-0e83-4c40-ab13-6f7e0e06e551,Sedan,ACUR -CAR/SUV,2010.0,1.0,,,Going Straight Ahead,Center Front End,Left Front Bumper,Center Front End,Right Front Bumper,,N,,Unsafe Speed,Following Too Closely,,,,0.0,0.0,0,0,0,0,0,0,Sedan,Sedan,0
20246466,4540655,06/25/2022,17:50,1183da8b-d345-42c0-8515-2acd3a633b79,Station Wagon/Sport Utility Vehicle,HOND -CAR/SUV,2004.0,1.0,,,Passing,Left Side Doors,Left Side Doors,No Damage,No Damage,No Damage,Unspecified,,Passing or Lane Usage Improper,Aggressive Driving/Road Rage,MANHATTAN,10036.0,"    (40.754253, -73.98275)",0.0,0.0,0,0,0,0,0,0,Sedan,Station Wagon/Sport Utility Vehicle,0
20167225,4504807,02/22/2022,14:58,f779167a-a703-4709-bad9-e6c429ebe2f4,Station Wagon/Sport Utility Vehicle,SUBA -CAR/SUV,2019.0,1.0,M,Licensed,Making Left Turn,Center Front End,No Damage,,,,N,,Failure to Yield Right-of-Way,Unspecified,BROOKLYN,11232.0,"    (40.649094, -74.01694)",1.0,0.0,0,0,0,0,0,0,E-Scooter,Station Wagon/Sport Utility Vehicle,1
20264510,4548807,07/21/2022,15:40,fdaea11f-0c1e-4668-80f6-2ff020a1082d,Sedan,MAZD -CAR/SUV,2021.0,1.0,F,Licensed,Making Left Turn,Right Rear Quarter Panel,Right Rear Quarter Panel,Right Side Doors,Right Front Quarter Panel,,N,,Unspecified,Unspecified,,,"    (40.632236, -74.120445)",0.0,0.0,0,0,0,0,0,0,Sedan,Pick-up Truck,0
20251670,4542885,07/03/2022,10:00,83d4e608-23cc-4ebd-8ee1-0372c1385a75,Sedan,HYUN -CAR/SUV,2006.0,1.0,M,Licensed,Going Straight Ahead,Center Front End,Center Front End,Left Front Bumper,Right Front Bumper,Right Front Quarter Panel,N,,Driver Inattention/Distraction,Driver Inattention/Distraction,,,"    (40.617413, -74.15609)",1.0,0.0,0,0,0,0,1,0,Sedan,,1
20346138,4584650,11/24/2022,17:39,ed8cca81-1d49-4be1-bb7e-63fd62bc764c,Sedan,NISS -CAR/SUV,2017.0,1.0,M,Licensed,Going Straight Ahead,Left Front Quarter Panel,Left Side Doors,Left Front Bumper,Left Rear Quarter Panel,,N,,Unspecified,Unspecified,,,"    (40.719135, -73.78949)",0.0,0.0,0,0,0,0,0,0,Sedan,Pick-up Truck,0
20163337,4502918,02/07/2022,12:00,ca4cb414-d3e8-4d19-8200-d0c0de3d7441,Station Wagon/Sport Utility Vehicle,FORD -CAR/SUV,2020.0,0.0,,,Parked,Right Rear Bumper,Right Rear Bumper,Other,Other,,N,,Unspecified,Unspecified,BRONX,10465.0,"    (40.831, -73.82652)",0.0,0.0,0,0,0,0,0,0,Station Wagon/Sport Utility Vehicle,,0
20182833,4511955,03/20/2022,14:05,d6906ace-f8a2-49e2-bcce-243cabe7056f,Station Wagon/Sport Utility Vehicle,HOND -CAR/SUV,2012.0,2.0,F,Unlicensed,Making Right Turn,Left Front Bumper,Left Front Bumper,Right Side Doors,,,N,,Driver Inattention/Distraction,Unspecified,QUEENS,11432.0,"    (40.71146, -73.79647)",0.0,0.0,0,0,0,0,0,0,Station Wagon/Sport Utility Vehicle,Station Wagon/Sport Utility Vehicle,0
20218470,4528142,05/12/2022,12:50,4cb567a2-f7b0-4bb0-80f5-a8ccb23c59c8,Station Wagon/Sport Utility Vehicle,JEEP -CAR/SUV,,,,,Making Right Turn,Right Rear Quarter Panel,Right Rear Quarter Panel,No Damage,No Damage,No Damage,N,,Driver Inattention/Distraction,Turning Improperly,QUEENS,11432.0,"    (40.7082, -73.80109)",1.0,0.0,1,0,0,0,0,0,Station Wagon/Sport Utility Vehicle,,1
20237474,4536720,06/10/2022,06:30,b60e940b-7718-4cb9-bb57-a9b6eaafbf8d,Sedan,LINC -CAR/SUV,2013.0,1.0,,,Going Straight Ahead,Right Side Doors,Right Front Quarter Panel,Left Side Doors,Left Front Quarter Panel,Right Rear Quarter Panel,N,,Unsafe Speed,Aggressive Driving/Road Rage,BROOKLYN,11211.0,"    (40.708675, -73.956314)",2.0,0.0,0,0,0,0,2,0,Station Wagon/Sport Utility Vehicle,Sedan,1
20284731,4557995,08/23/2022,23:55,22867f70-868a-4c22-be58-c2ba19e0b503,Sedan,TESL -CAR/SUV,2022.0,1.0,M,Licensed,Making Right Turn,Left Front Quarter Panel,Left Front Bumper,,,,N,,Unspecified,Unspecified,,,"    (40.585934, -73.9519)",0.0,0.0,0,0,0,0,0,0,Sedan,Station Wagon/Sport Utility Vehicle,0
20167735,4504927,02/22/2022,17:48,a7e6370b-555e-471e-9497-a8ac0fc23307,Station Wagon/Sport Utility Vehicle,FORD -CAR/SUV,2006.0,1.0,M,Licensed,Making Left Turn,Left Front Bumper,No Damage,No Damage,No Damage,No Damage,N,,Failure to Yield Right-of-Way,Driver Inattention/Distraction,BROOKLYN,11210.0,"    (40.631706, -73.94649)",1.0,0.0,1,0,0,0,0,0,Station Wagon/Sport Utility Vehicle,,1
20315460,4572081,10/08/2022,23:40,43bc346f-95fa-4e36-8c33-96f9078971cf,Sedan,CHEV -CAR/SUV,2013.0,,,,Changing Lanes,Left Front Bumper,No Damage,,,,N,,Unsafe Lane Changing,Passing Too Closely,BRONX,10459.0,"    (40.81903, -73.8919)",1.0,0.0,0,0,0,0,1,0,Sedan,Sedan,1
20269392,4550878,07/30/2022,00:20,3f5e48d0-fbc9-4206-a756-8b73e0f473eb,Station Wagon/Sport Utility Vehicle,JEEP -CAR/SUV,2006.0,1.0,M,Licensed,Parked,Left Rear Bumper,Center Back End,,,,N,,Unspecified,Unspecified,STATEN ISLAND,10308.0,"    (40.549145, -74.15362)",0.0,0.0,0,0,0,0,0,0,Sedan,Station Wagon/Sport Utility Vehicle,0
20139553,4492221,01/05/2022,06:00,ad3a5ca5-4048-465a-921d-0b027413855b,Sedan,FORD -CAR/SUV,2017.0,1.0,M,Licensed,Making Right Turn,Center Front End,Center Front End,Right Front Bumper,,,N,,Pavement Slippery,Unspecified,BRONX,10470.0,"    (40.898273, -73.867325)",0.0,0.0,0,0,0,0,0,0,Sedan,Station Wagon/Sport Utility Vehicle,0
20340765,4583368,11/15/2022,16:20,0d629f04-ab4b-438a-828f-6ea71c6b3a78,Sedan,HOND -CAR/SUV,2006.0,1.0,M,Licensed,Going Straight Ahead,Center Back End,Right Rear Bumper,Left Rear Bumper,,,N,,Unspecified,Unspecified,,,,1.0,0.0,0,0,0,0,1,0,Sedan,Station Wagon/Sport Utility Vehicle,1
20259471,4546487,07/16/2022,13:50,4239da0b-7571-47bb-b865-0d2ebacdd0c1,Sedan,JEEP -CAR/SUV,2019.0,1.0,F,Licensed,Going Straight Ahead,Center Front End,Center Front End,,,,N,,Driver Inattention/Distraction,Driver Inattention/Distraction,STATEN ISLAND,10305.0,"    (40.593655, -74.0809)",0.0,0.0,0,0,0,0,0,0,Station Wagon/Sport Utility Vehicle,Sedan,0
20251723,4543085,07/02/2022,18:54,8af44893-64ee-4b03-a4ad-299a212b39e8,Motorcycle,HOND -MCL,2022.0,1.0,M,,Going Straight Ahead,Center Front End,Center Front End,No Damage,No Damage,No Damage,N,,Driver Inattention/Distraction,Unspecified,MANHATTAN,10128.0,"    (40.785866, -73.950935)",1.0,0.0,0,0,0,0,1,0,Sedan,Motorcycle,1
20193510,4516757,04/06/2022,00:00,11ef7495-9715-46f0-93d2-c1376c067b1b,Taxi,NISS -CAR/SUV,2016.0,1.0,M,Licensed,Passing,Right Rear Quarter Panel,No Damage,,,,N,,Passing Too Closely,Unspecified,MANHATTAN,10016.0,"    (40.742363, -73.98268)",1.0,0.0,0,0,0,0,1,0,Taxi,Sedan,1
20355569,4590319,12/07/2022,14:55,a018cbcc-a584-4ae1-b08d-46dc123031f8,Sedan,HOND -CAR/SUV,2012.0,3.0,M,,Going Straight Ahead,Left Front Bumper,Center Front End,Right Front Bumper,Left Front Quarter Panel,No Damage,N,,Driver Inattention/Distraction,Driver Inattention/Distraction,BRONX,10472.0,"    (40.826527, -73.874886)",1.0,0.0,0,0,0,0,1,0,Sedan,Sedan,1
20154960,4499035,01/31/2022,15:55,a7528b75-b777-4a0e-a3ea-ff9959dd1253,Station Wagon/Sport Utility Vehicle,HOND -CAR/SUV,2021.0,4.0,M,Licensed,Going Straight Ahead,Center Back End,Center Back End,Right Rear Bumper,Left Rear Bumper,,N,,Unspecified,Unspecified,BRONX,10472.0,"    (40.826897, -73.88263)",1.0,0.0,0,0,0,0,1,0,Station Wagon/Sport Utility Vehicle,Station Wagon/Sport Utility Vehicle,1
20202460,4520722,04/20/2022,19:57,064287d9-0fd7-4d22-ab2c-04b800305ff3,Sedan,MAZD -CAR/SUV,2021.0,1.0,F,Licensed,Going Straight Ahead,Center Front End,Center Front End,Left Front Bumper,No Damage,No Damage,N,,Unspecified,Unspecified,QUEENS,11355.0,"    (40.740707, -73.813095)",1.0,0.0,0,0,0,0,0,0,Sedan,E-Bike,1
20264698,4549023,07/22/2022,14:00,751b7253-2248-487a-94e7-97ad7d4c86a0,Sedan,TOYT -CAR/SUV,2004.0,1.0,M,Licensed,Going Straight Ahead,Left Side Doors,Left Rear Quarter Panel,No Damage,No Damage,No Damage,N,,Driver Inattention/Distraction,Unspecified,MANHATTAN,10065.0,"    (40.764706, -73.95825)",0.0,0.0,0,0,0,0,0,0,Sedan,Dump,0
20244718,4539682,06/17/2022,01:40,91304912-eb96-497e-942e-bcda5f9766f0,Sedan,HYUN -CAR/SUV,2011.0,1.0,M,Unlicensed,Going Straight Ahead,Center Front End,Center Front End,,,,N,,Driver Inattention/Distraction,Unspecified,QUEENS,11385.0,"    (40.703686, -73.90918)",0.0,0.0,0,0,0,0,0,0,Sedan,Sedan,0
20292311,4561444,09/06/2022,05:45,bab3e98e-91a5-4ff8-88e2-2bc7cb79beb4,Station Wagon/Sport Utility Vehicle,CHEV -CAR/SUV,2017.0,0.0,,,Parked,Center Back End,Center Back End,No Damage,No Damage,No Damage,N,,Unspecified,Unspecified,BROOKLYN,11218.0,"    (40.651062, -73.981)",0.0,0.0,0,0,0,0,0,0,Sedan,Station Wagon/Sport Utility Vehicle,0
20242140,4538905,06/19/2022,23:30,9d60ce21-70a1-486e-91c5-ad286a8ec89f,Sedan,HOND -CAR/SUV,2006.0,2.0,F,Licensed,Going Straight Ahead,Center Back End,Center Back End,,,,N,,Unspecified,Unspecified,,,"    (40.641808, -73.99429)",0.0,0.0,0,0,0,0,0,0,Sedan,,0
20216861,4527272,05/12/2022,16:11,f2684e69-987a-4755-82f8-ad0a602c0149,Sedan,BMW -CAR/SUV,2011.0,1.0,F,Licensed,Going Straight Ahead,Left Front Bumper,Left Front Bumper,Center Front End,,,N,,Unsafe Speed,Unspecified,,,"    (40.676487, -73.82133)",1.0,0.0,0,0,0,0,1,0,Sedan,Sedan,1
20227537,4532065,05/26/2022,11:00,b90a5f49-3d47-40bb-a216-fd4770bb7946,Moped,NIU,2020.0,1.0,F,Licensed,Passing,Other,Other,Other,Other,Other,N,,Passing or Lane Usage Improper,Other Vehicular,,,"    (40.69299, -73.95583)",1.0,0.0,0,0,0,0,1,0,Sedan,Moped,1
20166615,4504528,02/19/2022,03:38,ad885821-3d67-4a7f-9c71-11199074876c,Station Wagon/Sport Utility Vehicle,HYUN -CAR/SUV,2021.0,0.0,,,Parked,Left Rear Bumper,Left Rear Quarter Panel,Left Front Bumper,Center Front End,Right Front Quarter Panel,N,,Unspecified,Unspecified,,,"    (40.77039, -73.954124)",0.0,0.0,0,0,0,0,0,0,Station Wagon/Sport Utility Vehicle,Sedan,0
20247612,4541168,06/25/2022,06:36,475c5ad1-998b-40df-8ccf-f7da3eb66e74,Station Wagon/Sport Utility Vehicle,LEXS -CAR/SUV,2010.0,0.0,,,Parked,Left Front Bumper,Center Front End,Center Front End,Right Front Quarter Panel,Right Side Doors,N,,Unspecified,Unspecified,STATEN ISLAND,10305.0,"    (40.61538, -74.06362)",0.0,0.0,0,0,0,0,0,0,Station Wagon/Sport Utility Vehicle,,0
20251312,4542969,07/01/2022,15:47,10d34320-48cd-4891-a311-e9a0d99f9ce2,Sedan,LEXS -CAR/SUV,2021.0,1.0,F,Licensed,Going Straight Ahead,Center Front End,Center Front End,No Damage,No Damage,No Damage,N,,Passenger Distraction,Unspecified,,,"    (40.738503, -73.973526)",0.0,0.0,0,0,0,0,0,0,Sedan,,0
20225709,4531342,05/23/2022,01:40,265f4f51-662e-4943-bc59-0bb83d7277b7,,NISS -CAR/SUV,2019.0,,,,,,,,,,N,,Driver Inattention/Distraction,Driver Inexperience,,,"    (40.709095, -73.99622)",0.0,0.0,0,0,0,0,0,0,Sedan,,0
20282654,4556977,08/19/2022,08:10,6a22f1da-9e79-4f13-971a-c172e4412d17,Sedan,NISS -CAR/SUV,2006.0,4.0,F,Licensed,Going Straight Ahead,Left Front Quarter Panel,Left Front Quarter Panel,,,,N,,Unspecified,Unspecified,BROOKLYN,11219.0,"    (40.63837, -73.997665)",2.0,0.0,0,0,0,0,2,0,Station Wagon/Sport Utility Vehicle,Sedan,1
20161337,4502339,01/05/2022,15:15,f4c3f492-7a00-4cde-a51d-e1008cf37c0c,Sedan,HYUN -CAR/SUV,2020.0,1.0,,,Making Right Turn,Right Front Bumper,Right Front Bumper,Center Front End,,,N,,Unsafe Speed,Turning Improperly,,,"    (40.61091, -74.0674)",0.0,0.0,0,0,0,0,0,0,Sedan,Sedan,0
20151045,4497176,01/25/2022,06:15,3bd01dc0-cea7-4a98-b134-8526cd2b3664,Sedan,MERZ -CAR/SUV,2021.0,1.0,M,Licensed,Merging,Right Front Bumper,Right Front Bumper,Right Front Quarter Panel,Right Side Doors,No Damage,N,,Passing or Lane Usage Improper,Driver Inattention/Distraction,QUEENS,11370.0,"    (40.770916, -73.889046)",0.0,0.0,0,0,0,0,0,0,Station Wagon/Sport Utility Vehicle,Sedan,0
20298573,4564359,09/14/2022,16:55,f3050182-4dcc-45eb-93bc-2c3ae6260fe4,Sedan,HOND -CAR/SUV,2018.0,0.0,M,Licensed,Slowing or Stopping,Center Front End,Center Front End,No Damage,No Damage,No Damage,N,,Driverless/Runaway Vehicle,Driver Inexperience,BROOKLYN,11213.0,"    (40.668507, -73.92561)",0.0,0.0,0,0,0,0,0,0,Sedan,Sedan,0
20157550,4500517,02/05/2022,18:50,01d03c7c-94a7-4899-8e04-ac25e4ec7209,Station Wagon/Sport Utility Vehicle,VOLK -CAR/SUV,2011.0,1.0,M,Licensed,Going Straight Ahead,Center Back End,Center Back End,Left Rear Bumper,Right Rear Bumper,,N,,Unspecified,Unspecified,,,"    (40.711945, -73.82303)",0.0,0.0,0,0,0,0,0,0,Station Wagon/Sport Utility Vehicle,Sedan,0