UNIQUE_ID,COLLISION_ID,CRASH_DATE,CRASH_TIME,VEHICLE_ID,VEHICLE_TYPE,VEHICLE_MAKE,VEHICLE_YEAR,VEHICLE_OCCUPANTS,DRIVER_SEX,DRIVER_LICENSE_STATUS,PRE_CRASH,POINT_OF_IMPACT,VEHICLE_DAMAGE,VEHICLE_DAMAGE_1,VEHICLE_DAMAGE_2,VEHICLE_DAMAGE_3,PUBLIC_PROPERTY_DAMAGE,PUBLIC_PROPERTY_DAMAGE_TYPE,CONTRIBUTING_FACTOR_1,CONTRIBUTING_FACTOR_2,BOROUGH,ZIP CODE,LOCATION,NUMBER OF PERSONS INJURED,NUMBER OF PERSONS KILLED,NUMBER OF PEDESTRIANS INJURED,NUMBER OF PEDESTRIANS KILLED,NUMBER OF CYCLIST INJURED,NUMBER OF CYCLIST KILLED,NUMBER OF MOTORIST INJURED,NUMBER OF MOTORIST KILLED,VEHICLE TYPE CODE 1,VEHICLE TYPE CODE 2,Severity
20189132,4513715,03/27/2022,06:53,ec036f9d-0a64-4fc2-8b15-35b1a64b1a32,Sedan,FORD -CAR/SUV,2017.0,1.0,M,Licensed,Going Straight Ahead,Center Front End,No Damage,,,,N,,Unspecified,Unspecified,MANHATTAN,10032.0,"    (40.841393, -73.936844)",0.0,0.0,0,0,0,0,0,0,Sedan,Sedan,0
20211554,4524860,05/04/2022,15:12,ce666bc1-157c-497a-83f9-1a94bdf5ab75,Sedan,FORD -CAR/SUV,2001.0,1.0,M,Licensed,Going Straight Ahead,Center Front End,Center Front End,Center Front End,,,N,,Driver Inattention/Distraction,Driver Inattention/Distraction,,,"    (40.78739, -73.938225)",0.0,0.0,0,0,0,0,0,0,Sedan,Sedan,0
20280387,4556085,08/15/2022,09:00,267b3672-f2cc-4e1a-b5d1-aa0292181b82,Sedan,HOND -CAR/SUV,2016.0,0.0,,,Parked,Center Back End,Center Back End,,,,N,,Unspecified,Unspecified,BRONX,10460.0,"    (40.844795, -73.88482)",0.0,0.0,0,0,0,0,0,0,Station Wagon/Sport Utility Vehicle,Sedan,0
20299717,4564738,09/17/2022,03:10,057be291-9c58-49fb-ae17-c855424bcc96,Station Wagon/Sport Utility Vehicle,TOYT -CAR/SUV,2017.0,1.0,F,Licensed,Changing Lanes,Right Side Doors,Right Rear Quarter Panel,Right Front Quarter Panel,Left Front Quarter Panel,,N,,Driver Inattention/Distraction,Unsafe Lane Changing,,,"    (40.741394, -73.82303)",1.0,0.0,0,0,0,0,1,0,Station Wagon/Sport Utility Vehicle,Taxi,1
20262219,4547640,07/19/2022,13:45,31bcd29e-08c8-4b8e-bf8f-01c6cb550165,Station Wagon/Sport Utility Vehicle,DODG -CAR/SUV,2017.0,1.0,M,,Going Straight Ahead,Right Rear Quarter Panel,Right Rear Quarter Panel,Right Side Doors,Right Side Doors,No Damage,N,,Unspecified,Unspecified,BRONX,10458.0,"    (40.85885, -73.885956)",1.0,0.0,0,0,0,0,0,0,Station Wagon/Sport Utility Vehicle,E-Scooter,1
20152818,4498304,01/23/2022,22:30,dd745ffa-9648-4670-8971-19481a3a8286,Station Wagon/Sport Utility Vehicle,LNDR -CAR/SUV,2016.0,1.0,M,Licensed,Going Straight Ahead,Left Front Bumper,Left Front Quarter Panel,Left Side Doors,Left Rear Quarter Panel,Undercarriage,Unspecified,,Lost Consciousness,Unspecified,,,,3.0,0.0,0,0,0,0,3,0,Station Wagon/Sport Utility Vehicle,Station Wagon/Sport Utility Vehicle,1
20153198,4498358,01/26/2022,16:55,eabb9d4f-cbc9-4c8a-9799-d430edd202fe,Van,CHEV-TRUCK/BUS,2019.0,1.0,M,Licensed,Going Straight Ahead,Left Front Bumper,Left Front Bumper,,,,N,,Passing or Lane Usage Improper,Unspecified,,,"    (40.694576, -73.95615)",0.0,0.0,0,0,0,0,0,0,Bus,Van,0
20342516,4584310,11/21/2022,11:15,17e3362c-280d-43ee-9929-c15cea411acc,Station Wagon/Sport Utility Vehicle,HOND -CAR/SUV,2013.0,2.0,F,Licensed,Going Straight Ahead,Center Front End,Center Front End,Left Front Bumper,Right Front Bumper,,N,,Driver Inattention/Distraction,Unspecified,QUEENS,11377.0,"    (40.74016, -73.89525)",1.0,0.0,0,0,0,0,1,0,Sedan,Station Wagon/Sport Utility Vehicle,1
20297021,4563865,08/31/2022,01:53,88520507-11f8-4221-ab76-33667a29ab0a,Sedan,HOND -CAR/SUV,2019.0,0.0,,,Parked,Right Front Bumper,Right Front Bumper,Right Front Quarter Panel,,,N,,Unspecified,Unspecified,BROOKLYN,11225.0,"    (40.658924, -73.95828)",1.0,0.0,0,0,1,0,0,0,E-Bike,Sedan,1
20260066,4546866,07/11/2022,01:24,9919d740-107b-4b64-ae37-6e644a88ad30,Sedan,HOND -CAR/SUV,2005.0,1.0,M,Licensed,Going Straight Ahead,Right Front Bumper,Right Front Bumper,Center Front End,,,N,,Driver Inattention/Distraction,Driver Inattention/Distraction,QUEENS,11423.0,"    (40.71162, -73.77431)",1.0,0.0,0,0,0,0,0,0,Sedan,E-Bike,1
20180327,4510818,03/16/2022,18:39,7d24c702-2f94-4f56-b906-2a8601ef957a,Sedan,NISS -CAR/SUV,2019.0,,,,Other*,,,,,,N,,Unspecified,Unspecified,QUEENS,11363.0,"    (40.77755, -73.7545)",0.0,0.0,0,0,0,0,0,0,Station Wagon/Sport Utility Vehicle,Sedan,0
20184689,4512761,03/22/2022,23:39,ab8bcd37-ef81-4b60-82d8-aacd01b2fb74,Sedan,HOND -CAR/SUV,2018.0,1.0,M,Licensed,Backing,Right Rear Bumper,Right Rear Bumper,,,,N,,Driver Inattention/Distraction,Backing Unsafely,MANHATTAN,10012.0,"    (40.725708, -73.99656)",0.0,0.0,0,0,0,0,0,0,Sedan,Station Wagon/Sport Utility Vehicle,0
20242604,4538742,06/18/2022,17:35,d0cb7d0b-11ee-41ee-bcbd-2e867c03dc4f,Sedan,HOND -CAR/SUV,2019.0,3.0,F,Licensed,Stopped in Traffic,Center Back End,Center Back End,Right Rear Bumper,Left Rear Bumper,,N,,Unspecified,Unspecified,BRONX,10470.0,"    (40.9046, -73.852936)",2.0,0.0,0,0,0,0,2,0,Sedan,,1
20268282,4550471,07/22/2022,10:30,7b1626a2-c42f-4e20-896a-39bd00e8efea,Sedan,KIA -CAR/SUV,2016.0,1.0,M,Licensed,Going Straight Ahead,Right Front Quarter Panel,Right Front Quarter Panel,Right Front Bumper,,,N,,Other Vehicular,Unspecified,,,,1.0,0.0,0,0,0,0,1,0,Sedan,,1
20147419,4495698,01/13/2022,16:55,5b06a4f6-51bb-450d-bf49-4676b9852504,Sedan,BMW -CAR/SUV,2011.0,2.0,M,Licensed,Going Straight Ahead,Center Front End,Center Front End,Right Front Bumper,Left Front Bumper,Left Front Quarter Panel,N,,Traffic Control Disregarded,Aggressive Driving/Road Rage,BROOKLYN,11228.0,"    (40.606422, -74.0147)",1.0,0.0,0,0,0,0,1,0,Station Wagon/Sport Utility Vehicle,Sedan,1
20362420,4593664,12/28/2022,18:30,0ccd09ac-0264-4482-95f1-13ae8d9ee340,Station Wagon/Sport Utility Vehicle,HOND -CAR/SUV,2021.0,1.0,M,Licensed,Going Straight Ahead,Center Front End,Center Front End,,,,N,,Driver Inattention/Distraction,Failure to Yield Right-of-Way,BROOKLYN,11206.0,"    (40.70158, -73.95028)",0.0,0.0,0,0,0,0,0,0,Station Wagon/Sport Utility Vehicle,Carry All,0
20301267,4565314,09/16/2022,19:40,deff2a37-b63e-4a87-849f-c740bd5f3f23,Sedan,ACUR -CAR/SUV,2015.0,1.0,M,Licensed,Backing,Center Back End,No Damage,,,,N,,Unspecified,Unspecified,BROOKLYN,11212.0,"    (40.664738, -73.923225)",1.0,0.0,1,0,0,0,0,0,Sedan,,1
20308134,4568451,09/02/2022,00:00,99fd46ff-f9ea-45ee-b259-1084662b421c,Sedan,FORD -CAR/SUV,2018.0,2.0,M,Licensed,Going Straight Ahead,Center Front End,Left Front Quarter Panel,No Damage,No Damage,No Damage,N,,Unspecified,Unspecified,QUEENS,11423.0,"    (40.713375, -73.76266)",0.0,0.0,0,0,0,0,0,0,Sedan,Station Wagon/Sport Utility Vehicle,0
20211238,4524707,05/04/2022,15:33,1b29b59e-55f3-469d-ac59-e41f93b10bd4,Bus,MIRCO BUS,2010.0,3.0,M,Licensed,Making Left Turn,Left Front Bumper,Left Front Bumper,,,,N,,Driver Inattention/Distraction,Failure to Yield Right-of-Way,,,"    (40.636784, -74.018974)",1.0,0.0,0,0,1,0,0,0,Bus,Bike,1
20325136,4576484,10/27/2022,01:56,a03e20e1-7e12-4940-b865-faead8baef15,DELIVERY T,IHC,2022.0,1.0,M,Licensed,Going Straight Ahead,Center Front End,Center Front End,Right Front Bumper,Left Front Bumper,,N,,Driver Inexperience,Drugs (illegal),MANHATTAN,10028.0,"    (40.776875, -73.94938)",0.0,0.0,0,0,0,0,0,0,DELIVERY T,DELIVERY T,0
20303203,4566372,09/19/2022,22:00,9e1c105d-7314-4e0e-8e22-e41fbd1bea48,Sedan,ACUR -CAR/SUV,2006.0,0.0,,,Parked,Left Front Bumper,Left Front Bumper,Left Front Bumper,Left Front Bumper,Left Front Bumper,N,,Unspecified,Unspecified,BRONX,10451.0,"    (40.824474, -73.91255)",0.0,0.0,0,0,0,0,0,0,Sedan,,0
20369681,4596834,12/14/2022,07:05,29cf59f9-655f-4356-a039-75c7cfd73ea4,Sedan,TOYT -CAR/SUV,2008.0,1.0,M,Licensed,Going Straight Ahead,Right Front Quarter Panel,Right Front Bumper,Right Front Quarter Panel,,,N,,Unspecified,Unspecified,QUEENS,11355.0,"    (0.0, 0.0)",0.0,0.0,0,0,0,0,0,0,Station Wagon/Sport Utility Vehicle,Sedan,0
20327958,4577685,10/24/2022,06:30,b419af2b-e1eb-4b33-94c6-a481f9128708,Box Truck,INTL-TRUCK/BUS,2022.0,1.0,M,Licensed,Going Straight Ahead,Right Front Quarter Panel,Right Front Quarter Panel,,,,N,,Oversized Vehicle,Pavement Slippery,,,"    (40.606182, -74.07613)",0.0,0.0,0,0,0,0,0,0,Box Truck,Sedan,0
20251698,4542971,07/02/2022,19:06,c976b68e-db21-40c6-a9ea-458f3260c1ac,Station Wagon/Sport Utility Vehicle,PORS -CAR/SUV,2006.0,0.0,,,Parked,Center Back End,Center Back End,Center Front End,,,N,,Unspecified,Unspecified,STATEN ISLAND,10305.0,"    (40.595848, -74.0624)",0.0,0.0,0,0,0,0,0,0,Sedan,Station Wagon/Sport Utility Vehicle,0
20162875,4493344,01/09/2022,23:25,e81aae56-533a-4518-8d95-8a91c9b2b488,Sedan,CHEV -CAR/SUV,2020.0,1.0,,,,Right Front Bumper,,,,,N,,Aggressive Driving/Road Rage,,,,"    (40.828407, -73.93125)",0.0,0.0,0,0,0,0,0,0,Sedan,Sedan,0
20233469,4534829,06/06/2022,18:56,afab73f9-e210-4f9b-9d18-6332d153c90f,Sedan,FORD -CAR/SUV,2018.0,0.0,,,Parked,Left Rear Bumper,Center Back End,Center Front End,Right Front Bumper,Right Front Bumper,N,,Unspecified,Unspecified,QUEENS,11414.0,"    (40.659977, -73.841095)",0.0,0.0,0,0,0,0,0,0,Sedan,Sedan,0
20337911,4582208,11/13/2022,12:00,1f2f764a-936e-4f1c-9fb0-dd9094069433,Station Wagon/Sport Utility Vehicle,SUBA -CAR/SUV,2021.0,0.0,,,Parked,Right Front Quarter Panel,Right Front Quarter Panel,,,,N,,Unspecified,Unspecified,BRONX,10466.0,"    (40.89083, -73.85435)",0.0,0.0,0,0,0,0,0,0,Station Wagon/Sport Utility Vehicle,,0
20300220,4565188,09/17/2022,09:58,68bae0e1-6cd1-4775-84be-8202f9a5fd86,Station Wagon/Sport Utility Vehicle,FORD -CAR/SUV,2006.0,1.0,F,Licensed,Going Straight Ahead,Left Front Bumper,Left Front Bumper,No Damage,No Damage,No Damage,N,,Failure to Yield Right-of-Way,Unspecified,,,"    (40.863476, -73.89017)",1.0,0.0,0,0,0,0,1,0,Sedan,Station Wagon/Sport Utility Vehicle,1
20367453,4594416,12/31/2022,23:20,df2736d6-2505-46c7-a04e-83548747be87,Station Wagon/Sport Utility Vehicle,TOYT -CAR/SUV,2004.0,1.0,M,Unlicensed,Going Straight Ahead,Center Front End,Left Front Bumper,Right Front Bumper,,,N,,Alcohol Involvement,Traffic Control Disregarded,QUEENS,11369.0,"    (40.760098, -73.8593)",2.0,0.0,0,0,0,0,2,0,Station Wagon/Sport Utility Vehicle,Station Wagon/Sport Utility Vehicle,1
20215615,4526012,05/08/2022,08:53,7c790ebd-4789-48a6-8a90-5bd58a4abc54,Sedan,NISS -CAR/SUV,2019.0,2.0,F,Licensed,Going Straight Ahead,Center Front End,Center Front End,Right Front Bumper,Left Front Bumper,Right Front Quarter Panel,N,,Unspecified,Unspecified,,,"    (40.675354, -73.89006)",1.0,0.0,0,0,0,0,1,0,Sedan,Sedan,1
20289979,4560559,09/02/2022,08:59,c178b7cd-7271-4609-893e-fdf04419be02,Sedan,HOND -CAR/SUV,2010.0,0.0,,,Parked,Center Back End,Center Back End,,,,N,,Unspecified,Unspecified,BROOKLYN,11236.0,"    (40.63203, -73.89169)",0.0,0.0,0,0,0,0,0,0,Sedan,Sedan,0
20195889,4517852,04/10/2022,11:20,7a1638ac-af6e-42c0-ac6b-7d278a651a5f,Station Wagon/Sport Utility Vehicle,TOYT -CAR/SUV,2011.0,0.0,,,Parked,Right Front Quarter Panel,Right Side Doors,Right Rear Quarter Panel,,,N,,Unspecified,Unspecified,BROOKLYN,11229.0,"    (40.59352, -73.957306)",0.0,0.0,0,0,0,0,0,0,Station Wagon/Sport Utility Vehicle,Station Wagon/Sport Utility Vehicle,0
20208818,4523492,04/29/2022,11:06,40912469-5fb5-420c-9eff-463a3309d034,Station Wagon/Sport Utility Vehicle,MERC -CAR/SUV,2009.0,1.0,F,Licensed,Going Straight Ahead,Right Front Bumper,Center Front End,Left Front Bumper,,,N,,Unspecified,Unspecified,BROOKLYN,11218.0,"    (40.63936, -73.97194)",0.0,0.0,0,0,0,0,0,0,Station Wagon/Sport Utility Vehicle,Station Wagon/Sport Utility Vehicle,0
20337892,4582182,11/16/2022,12:00,46981eca-7e18-4960-b7e0-8c9f55b732c6,Station Wagon/Sport Utility Vehicle,HYUN -CAR/SUV,2021.0,1.0,M,Licensed,Going Straight Ahead,Center Front End,Center Front End,Left Rear Quarter Panel,,,N,,Unspecified,Unspecified,,,,1.0,0.0,0,0,0,0,1,0,Station Wagon/Sport Utility Vehicle,Station Wagon/Sport Utility Vehicle,1
20320801,4574133,10/13/2022,00:15,d9d5d488-d8c2-4f85-bf20-4656580b5a3e,Sedan,FORD -CAR/SUV,2013.0,0.0,M,Licensed,Other*,Left Rear Bumper,Left Rear Bumper,No Damage,No Damage,No Damage,N,,Unspecified,Unspecified,MANHATTAN,10011.0,"    (40.749302, -74.00807)",0.0,0.0,0,0,0,0,0,0,Sedan,,0
20255849,4544736,07/08/2022,16:35,cd7f3ab6-2c82-4f70-8f60-8183acf376da,Station Wagon/Sport Utility Vehicle,CHEV -CAR/SUV,2019.0,1.0,,,Going Straight Ahead,Center Front End,No Damage,No Damage,No Damage,No Damage,N,,Driver Inattention/Distraction,Failure to Yield Right-of-Way,BROOKLYN,11207.0,"    (40.662533, -73.8983)",1.0,0.0,1,0,0,0,0,0,Station Wagon/Sport Utility Vehicle,,1
20266872,4549962,07/25/2022,13:44,8506217c-3467-4eaa-b00c-b313a417b413,Station Wagon/Sport Utility Vehicle,LNDR -CAR/SUV,2020.0,2.0,F,Licensed,Slowing or Stopping,Right Rear Quarter Panel,Right Rear Bumper,,,,Unspecified,,Unspecified,Unspecified,STATEN ISLAND,10306.0,"    (40.572037, -74.144196)",1.0,0.0,0,0,0,0,1,0,Station Wagon/Sport Utility Vehicle,Sedan,1
20309369,4569483,10/01/2022,23:40,80c56c17-d53c-4f6e-9945-8d1308f277e0,Station Wagon/Sport Utility Vehicle,DODG -CAR/SUV,2008.0,0.0,M,Unlicensed,Going Straight Ahead,Left Front Bumper,Left Front Bumper,Center Front End,Left Front Quarter Panel,Right Front Bumper,N,,Fell Asleep,Unspecified,,,"    (40.593056, -73.77532)",0.0,0.0,0,0,0,0,0,0,Station Wagon/Sport Utility Vehicle,,0
20204631,4521563,04/20/2022,21:20,23c89efc-b61f-492c-9439-285c2a575b7d,Sedan,ACUR -CAR/SUV,2018.0,1.0,M,Licensed,Going Straight Ahead,Right Rear Quarter Panel,Right Rear Bumper,No Damage,No Damage,No Damage,N,,Driver Inattention/Distraction,Following Too Closely,,,"    (40.892956, -73.86382)",1.0,0.0,0,0,0,0,1,0,Sedan,Sedan,1
20298413,4564482,09/15/2022,16:05,3c78acbf-e8a6-4a57-963e-45d276226f4b,Station Wagon/Sport Utility Vehicle,JEEP -CAR/SUV,2021.0,1.0,F,Licensed,Making Left Turn,Right Front Quarter Panel,Right Side Doors,Right Rear Bumper,Right Rear Quarter Panel,,N,,Unspecified,Unspecified,STATEN ISLAND,10312.0,"    (40.55836, -74.16975)",1.0,0.0,0,0,0,0,1,0,Sedan,Station Wagon/Sport Utility Vehicle,1
20259798,4546571,06/23/2022,00:00,f024192f-669a-4292-a5df-9605bea7c3d5,Station Wagon/Sport Utility Vehicle,CHEV -CAR/SUV,2012.0,1.0,M,Licensed,Going Straight Ahead,Right Front Quarter Panel,Right Front Quarter Panel,No Damage,No Damage,No Damage,N,,Unspecified,Unspecified,BROOKLYN,11215.0,"    (40.67297, -73.97162)",0.0,0.0,0,0,0,0,0,0,Station Wagon/Sport Utility Vehicle,,0
20295283,4563009,09/10/2022,12:50,856f830e-79ca-4a23-95cd-43212851570f,Taxi,NISS -CAR/SUV,2015.0,1.0,M,Licensed,Making Left Turn,Center Front End,No Damage,No Damage,No Damage,,N,,Failure to Yield Right-of-Way,Failure to Yield Right-of-Way,BRONX,10456.0,"    (40.826256, -73.90166)",0.0,0.0,0,0,0,0,0,0,Taxi,,0
20195554,4517872,04/08/2022,22:00,54aa3187-742e-44db-b813-dbddd239b436,Station Wagon/Sport Utility Vehicle,TOYT -CAR/SUV,2006.0,0.0,,,Parked,Left Front Quarter Panel,Left Front Quarter Panel,Left Side Doors,Left Rear Quarter Panel,Right Front Quarter Panel,N,,Unspecified,Unspecified,BRONX,10456.0,"    (40.831097, -73.89963)",0.0,0.0,0,0,0,0,0,0,Station Wagon/Sport Utility Vehicle,,0
20183554,4512160,03/20/2022,13:00,7688127c-a1f4-4636-a843-e859555de6cf,Station Wagon/Sport Utility Vehicle,JEEP -CAR/SUV,2020.0,3.0,M,Licensed,Stopped in Traffic,Center Back End,Center Back End,Right Rear Bumper,Left Rear Bumper,,N,,Unspecified,Unspecified,QUEENS,11418.0,,1.0,0.0,0,0,0,0,1,0,Station Wagon/Sport Utility Vehicle,Station Wagon/Sport Utility Vehicle,1
20173602,4507720,03/05/2022,15:20,e6b1438b-50cd-4a0b-a18d-bd71ed86f968,Station Wagon/Sport Utility Vehicle,FORD -CAR/SUV,2017.0,0.0,,,Parked,Left Side Doors,Left Side Doors,No Damage,No Damage,No Damage,N,,Unspecified,Unspecified,MANHATTAN,10036.0,"    (40.759403, -73.98511)",0.0,0.0,0,0,0,0,0,0,Box Truck,Station Wagon/Sport Utility Vehicle,0
20185313,4513168,03/24/2022,01:50,20cde75f-58f9-4209-a7b7-1a070998cb0d,Sedan,TOYT -CAR/SUV,2022.0,0.0,M,Licensed,Parked,Right Rear Quarter Panel,Right Rear Quarter Panel,No Damage,No Damage,No Damage,N,,Driver Inexperience,Unspecified,,,"    (40.713634, -73.98707)",0.0,0.0,0,0,0,0,0,0,Sedan,Dump,0
20188131,4514338,03/28/2022,16:45,a20542b8-89ac-439f-b84f-ce6d3a1822e6,Sedan,HOND -CAR/SUV,2014.0,2.0,,,,Right Front Bumper,Center Front End,,,,N,,Following Too Closely,Driver Inexperience,,,"    (40.709827, -73.83983)",0.0,0.0,0,0,0,0,0,0,Sedan,Sedan,0
20362076,4584640,11/22/2022,18:25,c6f20fe3-e375-4660-8b31-3c2bfdd2a677,Sedan,HYUN -CAR/SUV,2016.0,0.0,,,Parked,Left Front Bumper,Center Front End,Left Front Bumper,No Damage,No Damage,N,,Unspecified,Unspecified,BROOKLYN,11213.0,"    (40.669483, -73.94385)",0.0,0.0,0,0,0,0,0,0,Flat Rack,Sedan,0
20239005,4537339,06/14/2022,11:40,c0bd05de-149c-4f35-9488-f15d90be2368,Sedan,HOND -CAR/SUV,2013.0,1.0,F,Licensed,Going Straight Ahead,Center Back End,Center Back End,Left Rear Bumper,Right Rear Bumper,,N,,Unspecified,Unspecified,,,"    (40.66484, -73.82229)",0.0,0.0,0,0,0,0,0,0,Sedan,Sedan,0
20336455,4577251,10/27/2022,14:38,300a4d00-64c5-4291-87ef-bae9b1a76daa,Station Wagon/Sport Utility Vehicle,TOYT -CAR/SUV,2007.0,1.0,F,Licensed,Going Straight Ahead,Center Back End,Center Back End,Center Front End,,,N,,Unspecified,Unspecified,BROOKLYN,11226.0,"    (40.650845, -73.96116)",1.0,0.0,0,0,0,0,1,0,Box Truck,Station Wagon/Sport Utility Vehicle,1
20364463,4594379,10/17/2022,21:05,c3ebc3c2-be6a-4786-a864-2231736fba06,Station Wagon/Sport Utility Vehicle,HYUN -CAR/SUV,2011.0,1.0,F,Licensed,Making Left Turn,Center Front End,No Damage,,,,N,,Unspecified,Unspecified,QUEENS,11412.0,"    (40.697052, -73.75734)",1.0,0.0,0,0,1,0,0,0,Station Wagon/Sport Utility Vehicle,E-Bike,1
20151747,4497449,01/24/2022,00:54,43c32e01-6f55-40fe-adeb-6c0ffb95791f,Station Wagon/Sport Utility Vehicle,LNDR -CAR/SUV,2011.0,0.0,,,Parked,Center Back End,Center Back End,Right Rear Bumper,Left Rear Bumper,,N,,Unspecified,Unspecified,BROOKLYN,11208.0,"    (40.6647, -73.87364)",0.0,0.0,0,0,0,0,0,0,Sedan,Sedan,0
20140414,4492727,01/06/2022,23:00,87ce9ccb-da46-48bc-b5cd-bc4d5720ac90,Sedan,TOYT -CAR/SUV,2017.0,2.0,M,Licensed,Going Straight Ahead,Center Back End,Center Back End,Right Front Quarter Panel,,,N,,Unspecified,Unspecified,,,"    (40.840836, -73.87258)",0.0,0.0,0,0,0,0,0,0,Sedan,Station Wagon/Sport Utility Vehicle,0
20269430,4551091,07/31/2022,02:45,3a0afd62-420d-46c7-9015-0dfeab943804,Station Wagon/Sport Utility Vehicle,NISS -CAR/SUV,2014.0,0.0,,,Parked,Left Side Doors,Left Side Doors,Left Front Quarter Panel,Left Rear Quarter Panel,,N,,Unspecified,Unspecified,QUEENS,11415.0,"    (40.706142, -73.83177)",0.0,0.0,0,0,0,0,0,0,Sedan,Station Wagon/Sport Utility Vehicle,0
20275335,4553714,08/08/2022,17:15,31646cb8-3b95-4b0c-9d4d-54ffbb1b13bb,Pick-up Truck,GMC -CAR/SUV,2021.0,1.0,M,Licensed,Going Straight Ahead,Center Back End,Center Back End,Center Front End,Right Front Bumper,Left Front Bumper,N,,Unspecified,Unspecified,,,"    (40.74457, -73.731575)",0.0,0.0,0,0,0,0,0,0,Sedan,Pick-up Truck,0
20336255,4581390,11/13/2022,17:48,a857a58d-6c1c-4a58-958a-4cdfd57513e5,Sedan,NISS -CAR/SUV,2019.0,1.0,F,Licensed,Going Straight Ahead,Left Front Bumper,Left Front Bumper,,,,N,,Unspecified,Unspecified,BROOKLYN,11207.0,"    (40.65993, -73.891655)",0.0,0.0,0,0,0,0,0,0,Sedan,Station Wagon/Sport Utility Vehicle,0
20165270,4503950,02/11/2022,09:00,9377e47a-915e-41b7-b69d-60f010d6adf0,Station Wagon/Sport Utility Vehicle,SUBA -CAR/SUV,2021.0,1.0,F,Licensed,Going Straight Ahead,Center Back End,Center Back End,Left Rear Bumper,Right Rear Bumper,Other,N,,Unspecified,Unspecified,,,"    (40.832695, -73.94972)",0.0,0.0,0,0,0,0,0,0,Station Wagon/Sport Utility Vehicle,,0
20263003,4548037,07/20/2022,10:40,0e8334ef-eafd-44a1-8f51-543eeea8fcd9,Box Truck,Ultimaster,2015.0,1.0,M,Licensed,Making Left Turn,Left Rear Quarter Panel,Left Rear Quarter Panel,No Damage,No Damage,No Damage,N,,Driver Inattention/Distraction,Unspecified,BROOKLYN,11204.0,"    (40.61785, -73.988075)",0.0,0.0,0,0,0,0,0,0,Box Truck,Station Wagon/Sport Utility Vehicle,0
20144785,4494600,01/14/2022,20:50,9663a6bb-64fd-4e92-83e3-d8f90b8fb803,Bus,MCIN-TRUCK/BUS,2007.0,1.0,M,Licensed,Going Straight Ahead,Left Front Bumper,Left Front Bumper,Left Front Bumper,,,N,,Unspecified,Unspecified,QUEENS,11435.0,"    (40.716118, -73.82299)",0.0,0.0,0,0,0,0,0,0,Station Wagon/Sport Utility Vehicle,Bus,0
20231018,4533881,05/29/2022,20:45,7f70bf2b-b478-4f2e-b2c7-d1de9f149ace,Sedan,KIA -CAR/SUV,2020.0,2.0,M,Licensed,Going Straight Ahead,Center Back End,Center Back End,Center Front End,,,N,,Unspecified,Unspecified,QUEENS,11692.0,"    (40.592907, -73.79516)",2.0,0.0,0,0,0,0,2,0,Sedan,Sedan,1
20156079,4499624,02/03/2022,07:28,b7ac33e2-23fc-4cc9-abec-b171308232ed,Station Wagon/Sport Utility Vehicle,HOND -CAR/SUV,2004.0,1.0,F,Licensed,Changing Lanes,Left Front Bumper,Left Front Bumper,Left Front Quarter Panel,Right Front Quarter Panel,Right Side Doors,N,,Unspecified,Unspecified,BRONX,10467.0,"    (40.878643, -73.871605)",0.0,0.0,0,0,0,0,0,0,Station Wagon/Sport Utility Vehicle,Station Wagon/Sport Utility Vehicle,0
20336138,4581394,11/12/2022,12:00,e65e1408-85f3-42d2-adae-a6a75205eeed,Station Wagon/Sport Utility Vehicle,GMC -CAR/SUV,2017.0,0.0,,,Parked,Right Rear Quarter Panel,Right Rear Bumper,Right Side Doors,,,N,,Unspecified,Unspecified,BRONX,10467.0,"    (40.882946, -73.85978)",0.0,0.0,0,0,0,0,0,0,Station Wagon/Sport Utility Vehicle,,0
20348502,4587029,12/04/2022,07:00,a459e5f5-f628-4c6d-8ed4-640630c9d6d4,Sedan,MAZD -CAR/SUV,2017.0,0.0,,,Parked,Left Front Bumper,Center Front End,Left Front Bumper,Left Front Bumper,Left Front Bumper,N,,Unspecified,Unspecified,,,"    (40.792526, -73.810234)",0.0,0.0,0,0,0,0,0,0,Sedan,,0
20219279,4528426,05/12/2022,13:00,e4437f5f-275b-4f0d-abf7-7eb1a1b0ab81,Station Wagon/Sport Utility Vehicle,DODG -CAR/SUV,2020.0,2.0,M,Licensed,Going Straight Ahead,Center Front End,Left Front Bumper,Center Front End,Right Front Bumper,,N,,Driver Inattention/Distraction,Unspecified,BRONX,10458.0,,0.0,0.0,0,0,0,0,0,0,Taxi,Station Wagon/Sport Utility Vehicle,0
20254926,4544673,07/09/2022,00:20,d2eb39e6-136a-4b34-b2c7-312f675e9fa3,Sedan,DODG -CAR/SUV,2014.0,0.0,,,Parked,Right Front Bumper,Right Front Bumper,Right Front Quarter Panel,Center Front End,No Damage,N,,Unspecified,Unspecified,BROOKLYN,11201.0,"    (40.698246, -73.98055)",0.0,0.0,0,0,0,0,0,0,Sedan,Sedan,0