UNIQUE_ID,COLLISION_ID,CRASH_DATE,CRASH_TIME,VEHICLE_ID,VEHICLE_TYPE,VEHICLE_MAKE,VEHICLE_YEAR,VEHICLE_OCCUPANTS,DRIVER_SEX,DRIVER_LICENSE_STATUS,PRE_CRASH,POINT_OF_IMPACT,VEHICLE_DAMAGE,VEHICLE_DAMAGE_1,VEHICLE_DAMAGE_2,VEHICLE_DAMAGE_3,PUBLIC_PROPERTY_DAMAGE,PUBLIC_PROPERTY_DAMAGE_TYPE,CONTRIBUTING_FACTOR_1,CONTRIBUTING_FACTOR_2,BOROUGH,ZIP CODE,LOCATION,NUMBER OF PERSONS INJURED,NUMBER OF PERSONS KILLED,NUMBER OF PEDESTRIANS INJURED,NUMBER OF PEDESTRIANS KILLED,NUMBER OF CYCLIST INJURED,NUMBER OF CYCLIST KILLED,NUMBER OF MOTORIST INJURED,NUMBER OF MOTORIST KILLED,VEHICLE TYPE CODE 1,VEHICLE TYPE CODE 2,Severity
20298131,4563913,09/10/2022,14:00,f501e808-764f-40bf-ab53-ef3cb7a7e6cd,Station Wagon/Sport Utility Vehicle,DODG -CAR/SUV,2021.0,1.0,M,Licensed,Going Straight Ahead,Left Side Doors,Left Side Doors,Left Front Quarter Panel,Left Rear Quarter Panel,No Damage,N,,Passing Too Closely,Unspecified,BRONX,10454.0,"    (40.806065, -73.90905)",0.0,0.0,0,0,0,0,0,0,Sedan,Station Wagon/Sport Utility Vehicle,0
20309313,4568959,10/01/2022,03:38,29d8420c-dcbd-433b-b650-913430f44be9,Sedan,AUDI -CAR/SUV,2014.0,2.0,F,Licensed,Going Straight Ahead,Center Front End,Undercarriage,,,,N,,Unspecified,Unspecified,QUEENS,11413.0,"    (40.665634, -73.75817)",0.0,0.0,0,0,0,0,0,0,Sedan,,0
20323129,4575381,10/09/2022,07:10,ca16f26b-0e6f-49a9-bb9f-6f3e5e67b5d3,Sedan,TOYT -CAR/SUV,2015.0,1.0,M,Licensed,Parked,Right Front Bumper,Right Front Bumper,,,,N,,Unspecified,Unspecified,,,"    (40.753593, -73.92338)",0.0,0.0,0,0,0,0,0,0,Sedan,Sedan,0
20362519,4593520,12/22/2022,07:32,1298f720-0231-46ad-a47d-570740fc5341,Sedan,NISS -CAR/SUV,2019.0,1.0,F,,Parked,No Damage,No Damage,No Damage,No Damage,No Damage,N,,Unspecified,Unspecified,BROOKLYN,11207.0,"    (40.665993, -73.8858)",0.0,0.0,0,0,0,0,0,0,Sedan,Bus,0
20230742,4533414,05/15/2022,18:43,be464315-4815-4943-8c38-8d59dd4f667f,Station Wagon/Sport Utility Vehicle,ACUR -CAR/SUV,2010.0,,,,Going Straight Ahead,Left Front Bumper,Center Front End,Right Front Bumper,,,N,,Unspecified,Unspecified,,,"    (40.81005, -73.92515)",0.0,0.0,0,0,0,0,0,0,Station Wagon/Sport Utility Vehicle,Station Wagon/Sport Utility Vehicle,0
20286374,4558113,08/25/2022,00:00,c7012e21-65dc-420f-b7ef-0da607413972,Station Wagon/Sport Utility Vehicle,HOND -CAR/SUV,2016.0,3.0,,,Making Left Turn,Left Front Quarter Panel,Left Front Quarter Panel,Center Front End,,,N,,Passing or Lane Usage Improper,Driver Inexperience,,,"    (40.718987, -73.892136)",2.0,0.0,0,0,0,0,2,0,Station Wagon/Sport Utility Vehicle,Station Wagon/Sport Utility Vehicle,1
20170665,4506441,02/28/2022,19:40,45f07eed-9678-47fc-8ea8-7b5a35d06e91,Tractor Truck Diesel,PTRB-TRUCK/BUS,2020.0,1.0,M,Licensed,Going Straight Ahead,Right Front Quarter Panel,No Damage,No Damage,No Damage,No Damage,N,,Oversized Vehicle,Following Too Closely,BRONX,10453.0,"    (40.861862, -73.91275)",0.0,0.0,0,0,0,0,0,0,Station Wagon/Sport Utility Vehicle,Tractor Truck Diesel,0
20202167,4520527,04/18/2022,21:00,bb04bdef-74a5-4e02-9c2c-9a4d6ba554b4,Station Wagon/Sport Utility Vehicle,AUDI -CAR/SUV,2020.0,1.0,F,Licensed,Going Straight Ahead,Left Rear Bumper,Left Rear Bumper,Left Rear Quarter Panel,No Damage,No Damage,N,,Unspecified,Unspecified,,,"    (40.654984, -74.00711)",1.0,0.0,0,0,0,0,1,0,Station Wagon/Sport Utility Vehicle,Box Truck,1
20211659,4524857,05/04/2022,15:00,2f303d88-d96e-46b1-8a1c-d3cfece6e649,Bus,CHEV-TRUCK/BUS,2008.0,3.0,M,Licensed,Going Straight Ahead,Left Side Doors,No Damage,,,,N,,Passing Too Closely,Unspecified,,,"    (40.85179, -73.90279)",0.0,0.0,0,0,0,0,0,0,Sedan,Bus,0
20322505,4575374,10/22/2022,23:25,5012f4b4-d0d3-4733-9602-b6836facb6fa,Station Wagon/Sport Utility Vehicle,NISS -CAR/SUV,2018.0,,,,Making Left Turn,,,,,,N,,Failure to Yield Right-of-Way,Turning Improperly,,,"    (40.681118, -73.96443)",1.0,0.0,1,0,0,0,0,0,Station Wagon/Sport Utility Vehicle,,1
20178976,4510226,03/14/2022,16:00,2b346ad8-a209-4c69-943e-6f77efe1a81d,Station Wagon/Sport Utility Vehicle,HOND -CAR/SUV,2013.0,3.0,M,Licensed,Slowing or Stopping,Center Back End,Center Back End,,,,N,,Unspecified,Unspecified,,,"    (40.67957, -73.83679)",4.0,0.0,0,0,0,0,4,0,Station Wagon/Sport Utility Vehicle,Station Wagon/Sport Utility Vehicle,1
20312490,4570680,10/04/2022,20:23,a87f25bb-d9a0-4e99-a314-c2d02939754a,Station Wagon/Sport Utility Vehicle,NISS -CAR/SUV,2017.0,2.0,M,Unlicensed,Going Straight Ahead,Left Front Bumper,Left Front Bumper,,,,N,,Driver Inattention/Distraction,Traffic Control Disregarded,,,"    (40.725727, -73.84809)",3.0,0.0,0,0,0,0,3,0,Station Wagon/Sport Utility Vehicle,Sedan,1
20213670,4525895,05/04/2022,14:00,f171c494-24ca-4fae-9657-2ce2ccbe038f,Sedan,TESL -CAR/SUV,2022.0,1.0,M,Licensed,Going Straight Ahead,Right Front Quarter Panel,Right Front Quarter Panel,Right Side Doors,Right Rear Quarter Panel,No Damage,N,,Unspecified,Unspecified,BROOKLYN,11204.0,"    (40.61368, -73.98882)",1.0,0.0,0,0,0,0,0,0,Sedan,E-Scooter,1
20176970,4509266,03/07/2022,14:25,659534a0-671c-4689-afe3-cb6d8fce89e0,Sedan,TOYT -CAR/SUV,2007.0,0.0,,,Parked,Right Side Doors,Right Side Doors,Right Front Quarter Panel,No Damage,No Damage,N,,Unspecified,Unspecified,BRONX,10459.0,"    (40.831947, -73.89683)",0.0,0.0,0,0,0,0,0,0,Bus,Sedan,0
20339780,4583313,11/20/2022,10:20,d8b0df59-7d63-4b56-8346-54b344bd4403,Sedan,TOYT -CAR/SUV,2017.0,1.0,M,Licensed,Going Straight Ahead,Center Front End,Left Front Bumper,Right Front Bumper,,,N,,Unspecified,Unspecified,BROOKLYN,11219.0,"    (40.641655, -73.99278)",1.0,0.0,0,0,0,0,1,0,Station Wagon/Sport Utility Vehicle,Sedan,1
20200679,4520054,04/17/2022,14:58,1bd9b867-4b21-45ed-b050-f5a353841377,Sedan,SUBA -CAR/SUV,2021.0,1.0,M,Licensed,Going Straight Ahead,Center Back End,Center Back End,,,,N,,Unspecified,Unspecified,,,"    (40.58425, -73.9638)",0.0,0.0,0,0,0,0,0,0,Sedan,Sedan,0
20164962,4503731,02/16/2022,14:45,c3f4ed3b-f4d3-4cdc-80d8-3e7c85d25464,Bus,INTL-TRUCK/BUS,2005.0,18.0,F,Licensed,Making Left Turn,Left Front Quarter Panel,Left Front Bumper,Left Front Quarter Panel,Left Front Bumper,Left Front Quarter Panel,N,,Unspecified,Unspecified,STATEN ISLAND,10304.0,"    (40.608727, -74.08839)",0.0,0.0,0,0,0,0,0,0,Station Wagon/Sport Utility Vehicle,Bus,0
20264444,4548940,07/21/2022,18:36,08ae8ba7-35f9-45df-b45b-d85aeb8201dc,Station Wagon/Sport Utility Vehicle,TOYT -CAR/SUV,2010.0,1.0,F,Licensed,Going Straight Ahead,Center Front End,Center Front End,No Damage,No Damage,No Damage,N,,Driver Inattention/Distraction,Following Too Closely,BROOKLYN,11225.0,"    (40.662174, -73.953705)",1.0,0.0,0,0,0,0,1,0,Station Wagon/Sport Utility Vehicle,Station Wagon/Sport Utility Vehicle,1
20282526,4556930,08/18/2022,19:38,30586e88-9a08-4873-89f5-5d48f333072f,Station Wagon/Sport Utility Vehicle,ACUR -CAR/SUV,2008.0,1.0,M,Licensed,Making Right Turn,Right Front Bumper,Right Front Quarter Panel,No Damage,No Damage,No Damage,N,,Driver Inattention/Distraction,Failure to Yield Right-of-Way,,,"    (40.59355, -73.98465)",1.0,0.0,1,0,0,0,0,0,Station Wagon/Sport Utility Vehicle,,1
20336109,4581443,11/13/2022,10:52,4d1a5fa6-f06a-4cf2-af80-ce8c5964b6d9,Sedan,NISS -CAR/SUV,2022.0,1.0,M,Licensed,Going Straight Ahead,Right Front Bumper,Right Front Bumper,,,,N,,Unspecified,Unspecified,,,"    (40.703915, -73.9409)",1.0,0.0,0,0,0,0,1,0,Sedan,Moped,1
20353269,4587244,12/02/2022,18:15,511769d2-0233-40ec-b03d-d0f35f1695cd,Station Wagon/Sport Utility Vehicle,INFI -CAR/SUV,2018.0,3.0,F,Licensed,Other*,Left Front Bumper,Center Front End,Right Front Bumper,Center Front End,Left Front Quarter Panel,N,,Unspecified,Unspecified,,,"    (40.532402, -74.22489)",1.0,0.0,0,0,0,0,1,0,Station Wagon/Sport Utility Vehicle,Station Wagon/Sport Utility Vehicle,1
20342733,4584513,10/14/2022,16:58,00089d30-a389-423d-a3da-473c6c9b6c53,Sedan,HOND -CAR/SUV,2015.0,1.0,M,Licensed,Going Straight Ahead,Left Front Quarter Panel,Left Front Quarter Panel,No Damage,No Damage,No Damage,N,,View Obstructed/Limited,Unspecified,,,"    (40.812622, -73.92934)",0.0,0.0,0,0,0,0,0,0,Sedan,Station Wagon/Sport Utility Vehicle,0
20231627,4533989,06/04/2022,07:50,3841c67c-a47e-4acc-b7f0-491905e01982,Sedan,VOLK -CAR/SUV,2012.0,1.0,M,Licensed,Going Straight Ahead,Left Rear Quarter Panel,Left Rear Quarter Panel,Left Rear Bumper,No Damage,No Damage,N,,Unspecified,Unspecified,BRONX,10455.0,"    (40.813095, -73.89827)",0.0,0.0,0,0,0,0,0,0,Sedan,Station Wagon/Sport Utility Vehicle,0
20255352,4544655,07/08/2022,18:05,ebfa003e-5efd-4664-9f98-3373100f70bd,Sedan,TOYT -CAR/SUV,2007.0,2.0,F,Licensed,Going Straight Ahead,Left Rear Bumper,Left Rear Bumper,Center Back End,No Damage,No Damage,N,,Unspecified,Unspecified,BRONX,10472.0,"    (40.83076, -73.86421)",0.0,0.0,0,0,0,0,0,0,Sedan,Sedan,0
20284101,4557703,08/23/2022,12:40,3db84a7b-65db-4eb9-9300-d654270d9844,Sedan,NISS -CAR/SUV,2009.0,1.0,F,Licensed,Making Right Turn,Right Rear Bumper,Right Rear Quarter Panel,Right Front Quarter Panel,Right Side Doors,Right Front Bumper,N,,Passing or Lane Usage Improper,Unspecified,BROOKLYN,11218.0,"    (40.64412, -73.98907)",0.0,0.0,0,0,0,0,0,0,Sedan,Sedan,0
20328900,4578337,11/02/2022,13:20,9de042a3-3aca-43d5-8c2c-695e428986e3,Sedan,TOYT -CAR/SUV,2015.0,1.0,M,Licensed,Parked,Left Front Bumper,Left Front Bumper,No Damage,No Damage,No Damage,N,,Unspecified,Unspecified,MANHATTAN,10018.0,"    (40.75624, -73.99145)",0.0,0.0,0,0,0,0,0,0,Bus,Sedan,0
20278646,4554958,08/13/2022,18:50,4ac65da6-651f-44d9-84cc-b1089c544271,Sedan,MERZ -CAR/SUV,2019.0,1.0,,,Making Right Turn,Center Front End,Right Front Bumper,No Damage,No Damage,No Damage,N,,Driver Inattention/Distraction,Failure to Yield Right-of-Way,QUEENS,11104.0,"    (40.74689, -73.92081)",2.0,0.0,2,0,0,0,0,0,Sedan,,1
20285369,4558409,08/25/2022,12:30,d4c1dd65-27df-4905-80d2-23fb4038fc9d,Station Wagon/Sport Utility Vehicle,HOND -CAR/SUV,2016.0,1.0,M,Licensed,Slowing or Stopping,Center Front End,Center Front End,Right Front Bumper,Left Front Bumper,,N,,Following Too Closely,Unspecified,,,,0.0,0.0,0,0,0,0,0,0,Station Wagon/Sport Utility Vehicle,Station Wagon/Sport Utility Vehicle,0
20213529,4525726,05/06/2022,13:00,b771c4b5-cf49-45a6-9409-40d1f2ce28ec,Sedan,TOYT -CAR/SUV,2016.0,1.0,M,Licensed,Going Straight Ahead,Left Rear Quarter Panel,Left Rear Quarter Panel,Left Rear Bumper,No Damage,No Damage,N,,Unspecified,Unspecified,,,"    (40.722576, -73.94049)",0.0,0.0,0,0,0,0,0,0,Sedan,Box Truck,0
20194556,4517024,04/07/2022,08:52,e5067963-70cd-4e92-ad6b-d3b23dcd75b3,Station Wagon/Sport Utility Vehicle,MAZD -CAR/SUV,2006.0,1.0,F,Licensed,Going Straight Ahead,Right Front Bumper,Right Front Bumper,Right Front Quarter Panel,Center Front End,No Damage,N,,Driver Inattention/Distraction,Unspecified,BROOKLYN,11203.0,"    (40.65063, -73.94664)",1.0,0.0,0,0,0,0,1,0,Sedan,Station Wagon/Sport Utility Vehicle,1
20262087,4547837,07/15/2022,04:15,ac3c8886-cfa9-42f0-b8dc-1bf71fd20f3d,Sedan,NISS -CAR/SUV,2019.0,4.0,M,Licensed,Parked,Left Side Doors,Left Side Doors,,,,N,,Unspecified,Unspecified,MANHATTAN,10034.0,"    (40.864014, -73.91927)",0.0,0.0,0,0,0,0,0,0,Bus,Sedan,0
20206887,4522800,04/09/2022,05:36,54c4edc4-49d1-450e-bbe3-cda1c2766761,Taxi,TOYT -CAR/SUV,2918.0,1.0,M,Licensed,Going Straight Ahead,Center Back End,No Damage,No Damage,No Damage,No Damage,Unspecified,,Unspecified,Unspecified,,,"    (40.579704, -73.85016)",1.0,0.0,0,0,0,0,1,0,Taxi,Sedan,1
20213721,4526032,05/08/2022,15:50,735cc79f-2a36-4e28-9126-5fc1597987af,Bus,NE/FL,2011.0,1.0,M,Licensed,Going Straight Ahead,Right Rear Quarter Panel,Right Rear Quarter Panel,,,,N,,Following Too Closely,Unspecified,BROOKLYN,11223.0,"    (40.598236, -73.96191)",0.0,0.0,0,0,0,0,0,0,Bus,Station Wagon/Sport Utility Vehicle,0
20217677,4527632,05/14/2022,02:39,354077e7-1cd3-4370-9cec-2a86d2040993,Station Wagon/Sport Utility Vehicle,TOYT -CAR/SUV,2013.0,1.0,M,Licensed,Going Straight Ahead,Right Front Quarter Panel,Right Front Quarter Panel,Right Side Doors,,,N,,Unspecified,Unspecified,,,"    (40.704494, -73.81743)",0.0,0.0,0,0,0,0,0,0,Station Wagon/Sport Utility Vehicle,Station Wagon/Sport Utility Vehicle,0
20158124,4500820,02/01/2022,19:30,64e9e18a-3724-4bd7-85fd-b92e51bf0522,,CHEV -CAR/SUV,2019.0,,,,,Other,Other,Other,,,Unspecified,,Failure to Yield Right-of-Way,Driver Inattention/Distraction,BROOKLYN,11235.0,"    (40.57957, -73.96221)",0.0,0.0,0,0,0,0,0,0,Station Wagon/Sport Utility Vehicle,,0
20202424,4520526,04/18/2022,05:50,80b0bbbc-17a1-43cb-8370-c7dbec7f3132,Sedan,HOND -CAR/SUV,2014.0,1.0,M,Licensed,Going Straight Ahead,Right Front Bumper,Right Front Bumper,Center Front End,,,N,,Failure to Yield Right-of-Way,Unspecified,BRONX,10466.0,"    (40.895912, -73.84863)",0.0,0.0,0,0,0,0,0,0,Sedan,Station Wagon/Sport Utility Vehicle,0
20216035,4526978,05/11/2022,15:20,4b12a945-a6f2-4c70-a77c-b550bf87d8c9,Station Wagon/Sport Utility Vehicle,PORS -CAR/SUV,2015.0,1.0,M,Licensed,Going Straight Ahead,Left Front Bumper,Left Front Bumper,,,,N,,Passing or Lane Usage Improper,Unspecified,,,"    (40.6131, -73.97858)",0.0,0.0,0,0,0,0,0,0,Sedan,Station Wagon/Sport Utility Vehicle,0
20263836,4548619,07/04/2022,17:05,c84ef966-29ab-442c-95fd-1822bb6565de,Sedan,AUDI -CAR/SUV,2007.0,1.0,F,Licensed,Entering Parked Position,Center Back End,No Damage,No Damage,No Damage,No Damage,N,,Outside Car Distraction,Unspecified,BROOKLYN,11233.0,"    (40.68369, -73.92701)",0.0,0.0,0,0,0,0,0,0,Sedan,,0
20178735,4510244,03/13/2022,00:00,8b07948c-5dd1-44fc-9d7f-93ae3a3e6980,Station Wagon/Sport Utility Vehicle,HOND -CAR/SUV,1999.0,2.0,M,Licensed,Stopped in Traffic,Center Back End,Center Back End,Center Front End,,,N,,Unspecified,Unspecified,BROOKLYN,11218.0,"    (40.644913, -73.97443)",2.0,0.0,0,0,0,0,2,0,Taxi,Station Wagon/Sport Utility Vehicle,1
20221226,4529153,05/17/2022,08:00,9a328bcc-d4f2-442b-b9b5-1f06b3b151c4,Station Wagon/Sport Utility Vehicle,HOND -CAR/SUV,2021.0,1.0,M,Licensed,Going Straight Ahead,Center Front End,Center Front End,Left Side Doors,Left Front Quarter Panel,,N,,Unspecified,Unspecified,BROOKLYN,11219.0,"    (40.632015, -73.99167)",1.0,0.0,0,0,1,0,0,0,Station Wagon/Sport Utility Vehicle,Bike,1
20256529,4545156,07/06/2022,00:40,29e992ca-e352-43c1-b4c0-2c21f28110a2,Sedan,NISS -CAR/SUV,2005.0,0.0,,,Parked,Right Rear Quarter Panel,Right Side Doors,Right Front Quarter Panel,,,N,,Unspecified,Unspecified,QUEENS,11103.0,"    (40.75635, -73.914505)",0.0,0.0,0,0,0,0,0,0,Sedan,Sedan,0
20297289,4563620,09/10/2022,18:48,cd928b5f-9be3-41f2-be72-c29742c04515,Station Wagon/Sport Utility Vehicle,TESL -CAR/SUV,2022.0,1.0,M,Unlicensed,Going Straight Ahead,Center Front End,Center Front End,Right Front Quarter Panel,Right Side Doors,Left Front Quarter Panel,N,,Driver Inexperience,Driver Inexperience,,,,1.0,0.0,0,0,0,0,1,0,Station Wagon/Sport Utility Vehicle,,1
20352246,4588937,12/10/2022,23:55,f5730679-c7e9-44a4-8b99-1572f40afa64,Sedan,MERZ -CAR/SUV,2019.0,2.0,M,Licensed,Going Straight Ahead,Left Front Quarter Panel,Left Side Doors,,,,N,,Unsafe Lane Changing,Unspecified,,,"    (40.706554, -73.95832)",0.0,0.0,0,0,0,0,0,0,Tractor Truck Diesel,Sedan,0
20317009,4572462,10/11/2022,15:00,bdb6ca0b-e55c-457d-8976-1b0aeb93d052,Station Wagon/Sport Utility Vehicle,HOND -CAR/SUV,2022.0,1.0,M,Licensed,Stopped in Traffic,Right Rear Bumper,Right Rear Bumper,Right Rear Quarter Panel,,,N,,Unspecified,Unspecified,,,"    (40.834515, -73.91771)",0.0,0.0,0,0,0,0,0,0,Station Wagon/Sport Utility Vehicle,Pick-up Truck,0
20326891,4577162,10/29/2022,04:00,ca3d2105-4a12-4117-904d-34827614aac1,Sedan,HOND -CAR/SUV,2008.0,1.0,,,Going Straight Ahead,Center Front End,Center Front End,Left Front Bumper,Right Front Bumper,No Damage,Unspecified,,Driver Inattention/Distraction,Traffic Control Disregarded,,,"    (40.69529, -73.94339)",1.0,0.0,0,0,0,0,1,0,Station Wagon/Sport Utility Vehicle,Sedan,1
20242769,4539052,06/18/2022,13:25,cc3a5e6a-4ba4-4492-94c0-6d1c2cde917c,Sedan,JEEP -CAR/SUV,2019.0,0.0,,,Parked,Left Rear Quarter Panel,Left Rear Quarter Panel,Left Rear Bumper,,,N,,Unspecified,Unspecified,,,"    (40.602295, -73.752174)",0.0,0.0,0,0,0,0,0,0,Sedan,,0
20334842,4580818,11/10/2022,13:00,2ab38936-e7bc-4af5-bb90-f38a26084c3a,Sedan,HOND -CAR/SUV,2021.0,1.0,F,Licensed,Going Straight Ahead,Center Back End,No Damage,No Damage,No Damage,No Damage,N,,Unspecified,Unspecified,QUEENS,11378.0,"    (40.724186, -73.898605)",1.0,0.0,0,0,1,0,0,0,Sedan,Bike,1
20233198,4534701,06/02/2022,06:30,a78bedab-14c2-4ed7-b878-cfdf8fd75b9d,Station Wagon/Sport Utility Vehicle,JEEP -CAR/SUV,2019.0,0.0,M,Licensed,Changing Lanes,Left Front Bumper,Left Front Bumper,Center Front End,Center Front End,Center Front End,N,,Alcohol Involvement,Unspecified,,,"    (40.6082, -73.920715)",0.0,0.0,0,0,0,0,0,0,Station Wagon/Sport Utility Vehicle,Station Wagon/Sport Utility Vehicle,0
20248341,4541611,06/28/2022,18:40,56a58582-cc50-4765-9f53-bf642e5d64a5,Sedan,MERZ -CAR/SUV,2022.0,2.0,F,Licensed,Going Straight Ahead,Right Front Quarter Panel,Right Front Quarter Panel,Right Front Bumper,,,N,,Outside Car Distraction,Unspecified,,,"    (40.68668, -73.97937)",2.0,0.0,0,0,0,0,2,0,Sedan,Sedan,1
20387035,4604883,02/10/2022,05:14,9db9d83d-9d7e-4a77-a010-ea5aaf76bd7d,Station Wagon/Sport Utility Vehicle,CADI -CAR/SUV,2007.0,0.0,M,Licensed,Going Straight Ahead,Left Front Bumper,Left Front Bumper,,,,N,,Alcohol Involvement,Alcohol Involvement,,,"    (40.624165, -73.917755)",0.0,0.0,0,0,0,0,0,0,Station Wagon/Sport Utility Vehicle,,0
20206555,4522467,04/26/2022,08:35,a16e2c68-6fc7-4147-86af-a4a8dd300f01,Motorcycle,YAMA -MCL,2014.0,1.0,M,Unlicensed,Going Straight Ahead,Center Front End,Left Front Quarter Panel,No Damage,No Damage,No Damage,Y,,Passenger Distraction,Driver Inexperience,,,"    (40.782887, -73.9439)",1.0,0.0,0,0,0,0,1,0,Motorcycle,,1
20176427,4508926,03/10/2022,05:50,80c5cec0-4851-417d-90fd-2178c4a0f717,Station Wagon/Sport Utility Vehicle,HOND -CAR/SUV,2003.0,1.0,M,Licensed,Making Right Turn,Center Front End,Center Front End,Left Front Bumper,Right Front Bumper,,N,,Driver Inattention/Distraction,Unspecified,,,"    (40.713055, -74.00723)",0.0,0.0,0,0,0,0,0,0,Station Wagon/Sport Utility Vehicle,Pick-up Truck,0
20335236,4581058,11/12/2022,15:34,7cef9aca-e983-4b99-b8e4-0747184a78fa,Station Wagon/Sport Utility Vehicle,NISS -CAR/SUV,2008.0,0.0,M,Licensed,Parked,Center Back End,Center Back End,Right Rear Bumper,,,N,,Unspecified,Alcohol Involvement,,,"    (40.79276, -73.848434)",0.0,0.0,0,0,0,0,0,0,Station Wagon/Sport Utility Vehicle,Station Wagon/Sport Utility Vehicle,0
20204589,4521491,04/22/2022,22:30,acf0f3a4-3887-4903-b2dc-3bf1137cce82,Taxi,TOYT -CAR/SUV,2018.0,1.0,M,Licensed,Going Straight Ahead,Right Front Bumper,Right Front Bumper,,,,N,,Pedestrian/Bicyclist/Other Pedestrian Error/Confusion,Unspecified,BRONX,10457.0,"    (40.844177, -73.90292)",1.0,0.0,0,0,1,0,0,0,Taxi,E-Bike,1
20186048,4513473,03/24/2022,23:10,cbb4976f-ba60-463f-aa56-3717b9556091,Sedan,MERZ -CAR/SUV,2015.0,1.0,M,Licensed,Going Straight Ahead,Center Back End,Center Back End,No Damage,No Damage,No Damage,N,,Unspecified,Unspecified,,,"    (40.69632, -73.960625)",1.0,0.0,0,0,0,0,1,0,Sedan,Station Wagon/Sport Utility Vehicle,1
20194185,4516815,04/04/2022,08:00,6b84a778-9453-40c2-9f6f-cc4536410aab,Station Wagon/Sport Utility Vehicle,TOYT -CAR/SUV,2004.0,,,,,,,,,,Unspecified,,Failure to Yield Right-of-Way,Driver Inattention/Distraction,,,"    (40.82186, -73.88834)",0.0,0.0,0,0,0,0,0,0,Pick-up Truck,,0
20321400,4574748,10/15/2022,11:25,a1641c36-6699-47fe-bc0a-70b2ef6b88ca,Van,CHEVROLET,2017.0,1.0,M,Licensed,Making Right Turn,Right Front Quarter Panel,No Damage,No Damage,No Damage,No Damage,N,,Unspecified,Unspecified,,,,0.0,0.0,0,0,0,0,0,0,Van,Bike,0
20213748,4525721,05/05/2022,21:48,ca1b2c9c-efce-4b1d-96ed-cd9a3ec69922,Sedan,HOND -CAR/SUV,2019.0,1.0,M,Licensed,Going Straight Ahead,Right Front Bumper,Right Front Bumper,Right Front Quarter Panel,No Damage,No Damage,N,,Unspecified,Unspecified,BRONX,10468.0,"    (0.0, 0.0)",0.0,0.0,0,0,0,0,0,0,Sedan,Sedan,0
20362940,4593883,12/29/2022,16:50,bb681cd2-e1cb-4dad-9480-9275cbf16574,Sedan,ACUR -CAR/SUV,2017.0,1.0,M,Licensed,Parked,Left Side Doors,Left Side Doors,,,,N,,Unspecified,Unspecified,BRONX,10467.0,"    (40.871834, -73.8775)",0.0,0.0,0,0,0,0,0,0,Sedan,Box Truck,0
20277854,4554861,08/14/2022,05:40,9e81835c-8b96-4c56-bf64-a7d12fcee1ac,Station Wagon/Sport Utility Vehicle,ACUR -CAR/SUV,2017.0,2.0,M,Licensed,Going Straight Ahead,Right Front Quarter Panel,Right Front Quarter Panel,Right Front Bumper,,,N,,Following Too Closely,Unspecified,QUEENS,11426.0,"    (40.724037, -73.72568)",0.0,0.0,0,0,0,0,0,0,Station Wagon/Sport Utility Vehicle,,0
20337957,4575440,10/22/2022,23:30,2bb3e6da-cbf2-46b2-8283-1f336b28c938,Sedan,TOYT -CAR/SUV,,,,,Passing,Right Rear Quarter Panel,Right Rear Quarter Panel,Right Rear Quarter Panel,Right Rear Quarter Panel,Right Rear Quarter Panel,Unspecified,,Passing or Lane Usage Improper,Driver Inattention/Distraction,QUEENS,11434.0,"    (40.65965, -73.773834)",0.0,0.0,0,0,0,0,0,0,Sedan,Sedan,0
20292592,4561569,09/03/2022,23:15,0124ff49-ac48-48bb-ae1e-eb1da8e80e63,Station Wagon/Sport Utility Vehicle,JAGU -CAR/SUV,2021.0,3.0,F,Licensed,Stopped in Traffic,Right Rear Quarter Panel,Right Rear Quarter Panel,No Damage,No Damage,No Damage,N,,Unspecified,Unspecified,BROOKLYN,11211.0,"    (40.713123, -73.95351)",0.0,0.0,0,0,0,0,0,0,Sedan,Station Wagon/Sport Utility Vehicle,0
20228960,4533038,05/28/2022,16:23,b982345d-ad47-49ad-a190-2c9b039427e2,Sedan,NISS -CAR/SUV,2012.0,1.0,F,Licensed,Parked,Left Side Doors,Left Side Doors,Left Front Quarter Panel,Left Rear Quarter Panel,Left Front Bumper,N,,Driver Inattention/Distraction,Unspecified,,,"    (40.719437, -73.94063)",2.0,0.0,0,0,0,0,2,0,Sedan,Sedan,1
20210123,4523933,04/29/2022,09:00,1b114bc4-b2c4-430e-a66e-05e48022d797,Sedan,CHEV -CAR/SUV,2016.0,1.0,M,Licensed,Parked,Right Front Bumper,Right Front Bumper,,,,N,,Unspecified,Unspecified,BROOKLYN,11207.0,"    (40.663345, -73.89754)",0.0,0.0,0,0,0,0,0,0,Sedan,Pick-up Truck,0
20264336,4548849,07/23/2022,12:15,376af5c2-0502-435c-a61e-0e9bbd966520,Sedan,NISS -CAR/SUV,2022.0,0.0,,,Parked,Left Rear Quarter Panel,Left Rear Quarter Panel,,,,N,,Unspecified,Unspecified,BROOKLYN,11201.0,"    (40.689003, -73.98813)",0.0,0.0,0,0,0,0,0,0,Sedan,,0
20293232,4561648,09/03/2022,14:08,66b788bc-4dc4-4c3a-8c6f-42f11369a49a,Sedan,CHEV -CAR/SUV,2012.0,1.0,M,Licensed,Going Straight Ahead,Right Rear Bumper,Center Back End,Left Rear Bumper,Center Back End,No Damage,N,,Unspecified,Unspecified,QUEENS,11379.0,"    (40.71509, -73.90018)",0.0,0.0,0,0,0,0,0,0,Sedan,Sedan,0