UNIQUE_ID,COLLISION_ID,CRASH_DATE,CRASH_TIME,VEHICLE_ID,VEHICLE_TYPE,VEHICLE_MAKE,VEHICLE_YEAR,VEHICLE_OCCUPANTS,DRIVER_SEX,DRIVER_LICENSE_STATUS,PRE_CRASH,POINT_OF_IMPACT,VEHICLE_DAMAGE,VEHICLE_DAMAGE_1,VEHICLE_DAMAGE_2,VEHICLE_DAMAGE_3,PUBLIC_PROPERTY_DAMAGE,PUBLIC_PROPERTY_DAMAGE_TYPE,CONTRIBUTING_FACTOR_1,CONTRIBUTING_FACTOR_2,BOROUGH,ZIP CODE,LOCATION,NUMBER OF PERSONS INJURED,NUMBER OF PERSONS KILLED,NUMBER OF PEDESTRIANS INJURED,NUMBER OF PEDESTRIANS KILLED,NUMBER OF CYCLIST INJURED,NUMBER OF CYCLIST KILLED,NUMBER OF MOTORIST INJURED,NUMBER OF MOTORIST KILLED,VEHICLE TYPE CODE 1,VEHICLE TYPE CODE 2,Severity
20198372,4519120,04/13/2022,16:30,b5c45192-73bf-4422-9327-c01e79cb67ff,Station Wagon/Sport Utility Vehicle,TOYT -CAR/SUV,2021.0,3.0,M,Licensed,Going Straight Ahead,Center Front End,Center Front End,No Damage,No Damage,No Damage,N,,Unspecified,Unspecified,MANHATTAN,10013.0,"    (40.726143, -74.0057)",0.0,0.0,0,0,0,0,0,0,Station Wagon/Sport Utility Vehicle,,0
20249645,4542172,06/26/2022,17:30,05fa3a71-4875-4e21-acaa-c1d80dd72412,Sedan,ACUR -CAR/SUV,2013.0,0.0,,,Parked,Right Rear Quarter Panel,Right Rear Quarter Panel,Right Rear Bumper,No Damage,No Damage,N,,Unspecified,Unspecified,STATEN ISLAND,10314.0,"    (40.614483, -74.12157)",0.0,0.0,0,0,0,0,0,0,Sedan,,0
20280460,4556241,08/13/2022,00:46,95026fa1-1aa0-4612-bc81-b7b3aaf3e88c,Sedan,BMW -CAR/SUV,2019.0,1.0,M,Licensed,Merging,Left Front Quarter Panel,Left Front Bumper,Left Side Doors,Right Front Quarter Panel,Right Side Doors,N,,Unsafe Lane Changing,Unspecified,,,"    (40.748226, -73.75979)",0.0,0.0,0,0,0,0,0,0,Sedan,Tractor Truck Diesel,0
20226008,4531543,05/26/2022,09:37,e913918a-4465-4bb2-b534-ad3dc0f03582,Sedan,INFI -CAR/SUV,2008.0,1.0,,,Going Straight Ahead,Left Front Bumper,Center Front End,Center Back End,Right Front Bumper,,N,,Traffic Control Disregarded,,QUEENS,11419.0,,0.0,0.0,0,0,0,0,0,0,Sedan,Sedan,0
20272373,4552351,07/29/2022,17:45,a31f9ebc-399b-4afa-9d07-e6ac888c7b26,Sedan,MERZ -CAR/SUV,2015.0,1.0,M,Licensed,Stopped in Traffic,Left Side Doors,Left Side Doors,,,,N,,Pedestrian/Bicyclist/Other Pedestrian Error/Confusion,Unspecified,BROOKLYN,11217.0,"    (40.68033, -73.97262)",1.0,0.0,0,0,1,0,0,0,Sedan,Bike,1
20352571,4589144,12/07/2022,16:40,47810287-3855-4be1-840c-1d0f6a53bcf2,Ambulance,FORD-TRUCK/BUS,2022.0,3.0,M,Licensed,Making Right Turn,Right Side Doors,Right Side Doors,Right Rear Bumper,,,N,,Unspecified,Unspecified,,,"    (40.740185, -73.986374)",0.0,0.0,0,0,0,0,0,0,Station Wagon/Sport Utility Vehicle,Ambulance,0
20282315,4556777,08/19/2022,13:30,707797c1-dd44-4f90-a2fc-7bda7aa6147d,Sedan,TOYT -CAR/SUV,2015.0,3.0,M,Licensed,Merging,Left Side Doors,Left Rear Quarter Panel,,,,N,,Failure to Yield Right-of-Way,Unspecified,QUEENS,11434.0,"    (40.6592, -73.77306)",2.0,0.0,0,0,0,0,2,0,Sedan,Station Wagon/Sport Utility Vehicle,1
20198906,4519258,04/14/2022,15:35,6db4a666-00c5-4a98-b759-9f3c6ed04a76,Station Wagon/Sport Utility Vehicle,GMC -CAR/SUV,2020.0,1.0,M,Licensed,Going Straight Ahead,Left Front Quarter Panel,Left Front Quarter Panel,Left Side Doors,Left Rear Quarter Panel,,Unspecified,,Passing or Lane Usage Improper,Unsafe Lane Changing,,,"    (40.720623, -73.99498)",0.0,0.0,0,0,0,0,0,0,Station Wagon/Sport Utility Vehicle,Tractor Truck Diesel,0
20256451,4545033,07/10/2022,12:25,945618bd-bd2b-4053-a653-2359609ab697,Concrete Mixer,MACK-TRUCK/BUS,2007.0,1.0,,,Going Straight Ahead,Right Rear Quarter Panel,No Damage,,,,N,,Passing or Lane Usage Improper,Unspecified,BROOKLYN,11249.0,"    (40.71286, -73.96579)",0.0,0.0,0,0,0,0,0,0,Sedan,Concrete Mixer,0
20222250,4529683,05/20/2022,09:36,1b4d87f7-69bd-4933-bb54-35eff215f314,Sedan,HOND -CAR/SUV,2013.0,1.0,F,Licensed,Going Straight Ahead,Center Front End,Center Front End,Left Front Bumper,Right Front Bumper,Center Front End,N,,Unspecified,Unspecified,,,"    (40.87093, -73.90706)",1.0,0.0,0,0,0,0,1,0,Sedan,,1
20170349,4506353,02/28/2022,10:50,244e5fa8-c5ce-4eaa-aff3-b0bc233dd407,Sedan,HOND -CAR/SUV,2008.0,0.0,,,Parked,Center Back End,Center Back End,Left Rear Bumper,Right Rear Bumper,,N,,Unspecified,Unspecified,BROOKLYN,11238.0,,1.0,0.0,0,0,0,0,1,0,Station Wagon/Sport Utility Vehicle,Station Wagon/Sport Utility Vehicle,1
20263545,4548373,05/17/2022,14:00,3c6382c9-d440-41ed-a2ff-c62911d8363d,Sedan,HYUN -CAR/SUV,2011.0,0.0,,,Parked,Left Rear Quarter Panel,Left Rear Quarter Panel,Left Rear Bumper,Left Rear Bumper,Left Rear Bumper,N,,Unspecified,Unspecified,,,"    (40.609142, -74.13319)",0.0,0.0,0,0,0,0,0,0,Sedan,,0
20326615,4576997,10/29/2022,01:45,c51c9241-cbf3-4ab0-81e8-609cc079a1e4,Station Wagon/Sport Utility Vehicle,JEEP -CAR/SUV,2021.0,1.0,M,Licensed,Going Straight Ahead,Center Back End,Center Back End,,,,N,,Unspecified,Unspecified,,,"    (40.757065, -73.83863)",0.0,0.0,0,0,0,0,0,0,Station Wagon/Sport Utility Vehicle,,0
20222821,4529816,05/21/2022,16:53,1380e3a0-b27c-460c-a0ea-d266c218256d,Sedan,MERZ -CAR/SUV,2010.0,1.0,M,Licensed,Going Straight Ahead,Center Front End,Center Front End,Center Front End,Center Front End,Center Front End,N,,Unspecified,Unspecified,BROOKLYN,11218.0,"    (40.644913, -73.97443)",2.0,0.0,0,0,0,0,2,0,Sedan,Sedan,1
20276543,4554267,07/24/2022,07:03,cd53cddd-965a-487d-aec8-d47d14d814d3,Sedan,HOND -CAR/SUV,2007.0,0.0,,,Parked,Left Rear Quarter Panel,Left Rear Quarter Panel,Left Rear Bumper,Center Back End,,N,,Unspecified,Unspecified,,,"    (40.694557, -73.94325)",0.0,0.0,0,0,0,0,0,0,Sedan,Sedan,0
20193342,4516473,04/03/2022,00:36,82dd729e-5a61-499f-9321-8b8b2d8486d9,Sedan,CHEV -CAR/SUV,2016.0,1.0,M,Licensed,Going Straight Ahead,Left Rear Quarter Panel,Left Rear Quarter Panel,Left Rear Quarter Panel,,,N,,Unspecified,Unspecified,,,,1.0,0.0,0,0,0,0,1,0,Sedan,Sedan,1
20288625,4559986,05/26/2022,17:30,90a89adf-97ac-4b45-8432-64949441e2c7,Sedan,UNK,2022.0,,,,Going Straight Ahead,No Damage,No Damage,Other,No Damage,No Damage,N,,Unspecified,Unspecified,BROOKLYN,11212.0,"    (40.661484, -73.9053)",0.0,0.0,0,0,0,0,0,0,Sedan,Sedan,0
20171072,4499857,02/04/2022,08:25,0e5442ab-0385-4e73-b532-b6ec0a74b74d,Station Wagon/Sport Utility Vehicle,NISS -CAR/SUV,2011.0,1.0,F,Licensed,Making Left Turn,Left Front Bumper,Left Front Bumper,,,,N,,Failure to Yield Right-of-Way,Driver Inattention/Distraction,,,"    (40.753677, -73.914474)",1.0,0.0,1,0,0,0,0,0,Station Wagon/Sport Utility Vehicle,,1
20266699,4549896,07/09/2022,20:05,d74640a0-f912-41d5-985f-8ae001a52bea,Sedan,NISS -CAR/SUV,2013.0,1.0,,,Going Straight Ahead,Left Front Quarter Panel,No Damage,,,,N,,Passing or Lane Usage Improper,Unsafe Lane Changing,,,"    (40.66319, -73.93727)",0.0,0.0,0,0,0,0,0,0,Sedan,Sedan,0
20182712,4512062,03/03/2022,05:34,7eed14b1-6d54-43c2-8035-3fcc874399c6,Tractor Truck Gasoline,HYUN-TRUCK/BUS,2017.0,1.0,M,Licensed,Going Straight Ahead,Left Front Bumper,Left Front Bumper,Center Front End,Center Front End,,N,,Pavement Slippery,Pavement Slippery,,,,1.0,0.0,0,0,0,0,1,0,Sedan,Tractor Truck Gasoline,1
20349859,4587911,12/06/2022,23:30,8cf22037-4f5b-4dd7-b1a8-1f45c038a2b1,PK,KW-TRUCK/BUS,2020.0,1.0,M,Licensed,Going Straight Ahead,Left Side Doors,Left Rear Quarter Panel,Left Rear Bumper,,,N,,Oversized Vehicle,Unspecified,,,"    (40.70075, -73.98599)",0.0,0.0,0,0,0,0,0,0,PK,Sedan,0
20290780,4560926,08/28/2022,00:00,149c8d2d-5fc7-47e2-9f03-6c11d8ee074b,Sedan,INFI -CAR/SUV,2007.0,0.0,,,Parked,Right Rear Quarter Panel,Right Side Doors,Right Front Quarter Panel,Right Front Bumper,Center Front End,N,,Unspecified,Unspecified,MANHATTAN,10032.0,"    (40.838467, -73.94375)",0.0,0.0,0,0,0,0,0,0,Sedan,Sedan,0
20266010,4549450,07/23/2022,00:00,f25273f1-21b9-4a6d-b634-98dd6f531de9,Sedan,FORD -CAR/SUV,2019.0,0.0,M,Licensed,Parked,Left Front Bumper,Left Front Bumper,No Damage,No Damage,No Damage,N,,Unspecified,Unspecified,MANHATTAN,10036.0,"    (40.76102, -73.988914)",0.0,0.0,0,0,0,0,0,0,Sedan,,0
20262474,4547810,07/18/2022,09:49,25d40cd4-a1c2-4136-8679-8d4e72221b12,Sedan,HOND -CAR/SUV,2020.0,0.0,,,Parked,Left Rear Bumper,Left Rear Bumper,Left Rear Quarter Panel,No Damage,No Damage,N,,Unspecified,Unspecified,BRONX,10461.0,"    (40.842186, -73.829895)",0.0,0.0,0,0,0,0,0,0,Sedan,,0
20386392,4587925,12/07/2022,09:30,01ff6c22-2369-4f81-b1bf-e9f4bf1985a8,Sedan,CHEV -CAR/SUV,2013.0,3.0,M,Licensed,Going Straight Ahead,Center Front End,Center Front End,No Damage,No Damage,No Damage,N,,Following Too Closely,Unspecified,BROOKLYN,11217.0,"    (40.68654, -73.97503)",2.0,0.0,0,0,0,0,2,0,Sedan,Van,1
20255247,4544532,07/01/2022,11:27,22f7d903-322c-4854-9253-aefb8ca83fd6,Station Wagon/Sport Utility Vehicle,JEEP -CAR/SUV,2005.0,1.0,M,Licensed,Going Straight Ahead,Right Front Quarter Panel,Right Front Quarter Panel,,,,N,,Unspecified,Unspecified,QUEENS,11367.0,"    (40.741753, -73.82504)",0.0,0.0,0,0,0,0,0,0,Station Wagon/Sport Utility Vehicle,Sedan,0
20265947,4548560,07/23/2022,03:25,a9b62f81-c372-4511-a79d-2a8dab52ea95,Sedan,TOYT -CAR/SUV,2022.0,1.0,M,Unlicensed,Going Straight Ahead,Center Front End,Center Front End,Center Front End,,,Unspecified,,Driver Inexperience,Unspecified,MANHATTAN,10032.0,"    (40.84218, -73.940506)",1.0,0.0,0,0,0,0,1,0,Sedan,Station Wagon/Sport Utility Vehicle,1
20335292,4581482,11/06/2022,16:09,47c25b82-3a4c-452b-a68b-a9b97104c633,Sedan,HOND -CAR/SUV,2013.0,3.0,M,,Going Straight Ahead,Left Front Bumper,Left Front Bumper,Left Front Quarter Panel,No Damage,No Damage,N,,Unsafe Lane Changing,Failure to Yield Right-of-Way,,,"    (40.79021, -73.97503)",0.0,0.0,0,0,0,0,0,0,Sedan,Station Wagon/Sport Utility Vehicle,0
20323465,4575612,10/22/2022,20:30,f9a26857-029e-4bea-862a-2677b10b6985,Station Wagon/Sport Utility Vehicle,GMC -CAR/SUV,2007.0,1.0,M,Licensed,Going Straight Ahead,Center Front End,Center Front End,,,,N,,Unspecified,Unspecified,,,,3.0,0.0,0,0,0,0,3,0,Station Wagon/Sport Utility Vehicle,Station Wagon/Sport Utility Vehicle,1
20314692,4571878,10/09/2022,16:55,58de3e66-caa2-48a8-93f9-d0e0f38e8635,Sedan,FORD -CAR/SUV,2014.0,4.0,F,Licensed,Going Straight Ahead,Center Back End,Center Back End,,,,Unspecified,,Unspecified,Unspecified,,,,1.0,0.0,0,0,0,0,1,0,Moped,Sedan,1
20148501,4496240,01/21/2022,12:10,273eeb27-3204-4442-bad2-0e22b437a84c,Tractor Truck Diesel,FRHT-TRUCK/BUS,2008.0,0.0,M,Licensed,Making Left Turn on Red,Right Rear Quarter Panel,No Damage,No Damage,No Damage,No Damage,N,,Turning Improperly,Driver Inattention/Distraction,,,"    (40.701103, -73.92239)",0.0,0.0,0,0,0,0,0,0,Tractor Truck Diesel,Sedan,0
20218765,4528026,05/08/2022,16:45,481ca00c-5698-49f1-bbdd-7657b6c7de89,Station Wagon/Sport Utility Vehicle,DODG -CAR/SUV,2003.0,,,,Going Straight Ahead,Center Front End,,,,,N,,Following Too Closely,Unspecified,BRONX,10475.0,"    (40.86832, -73.83317)",1.0,0.0,0,0,0,0,1,0,Station Wagon/Sport Utility Vehicle,Station Wagon/Sport Utility Vehicle,1
20238323,4532105,05/28/2022,13:15,a2e1563d-73f8-44ff-a1fa-76a6f5206804,Pick-up Truck,RAMB -CAR/SUV,2014.0,3.0,M,Licensed,Going Straight Ahead,Left Rear Bumper,Left Rear Bumper,Center Front End,,,N,,Following Too Closely,Unspecified,,,,0.0,0.0,0,0,0,0,0,0,Sedan,Pick-up Truck,0
20147630,4495881,01/20/2022,00:30,4ec98e64-e14f-4a51-b36b-baa06647beba,Sedan,NISS -CAR/SUV,2014.0,2.0,M,Licensed,Making Left Turn,Center Front End,Center Front End,Left Front Bumper,Right Front Bumper,Left Rear Quarter Panel,Y,,Reaction to Uninvolved Vehicle,Unspecified,QUEENS,11420.0,"    (40.68275, -73.81342)",0.0,0.0,0,0,0,0,0,0,Sedan,Sedan,0
20202866,4520914,04/19/2022,12:06,08564ba0-7b9e-4c27-8679-19ab4bdf4024,Station Wagon/Sport Utility Vehicle,FORD -CAR/SUV,2011.0,0.0,,,Passing,Left Front Quarter Panel,Left Front Quarter Panel,Left Side Doors,No Damage,No Damage,N,,Driver Inexperience,Driver Inattention/Distraction,BROOKLYN,11237.0,"    (40.70239, -73.924644)",0.0,0.0,0,0,0,0,0,0,Sedan,Sedan,0
20531574,4565414,09/05/2022,20:30,45aa1810-2892-45d4-b77b-cce39bd47764,Taxi,TOYT -CAR/SUV,2013.0,1.0,M,Licensed,Going Straight Ahead,Left Front Quarter Panel,Left Front Quarter Panel,,,,N,,View Obstructed/Limited,Unsafe Speed,MANHATTAN,10033.0,"    (40.851257, -73.935196)",0.0,0.0,0,0,0,0,0,0,Taxi,Station Wagon/Sport Utility Vehicle,0
20336875,4581714,11/04/2022,09:48,38f2b20a-fb95-4056-a62e-b83094becb35,Van,FORD-TRUCK/BUS,,1.0,,,Going Straight Ahead,Center Front End,Center Front End,,,,Unspecified,,Driver Inattention/Distraction,Driver Inattention/Distraction,BROOKLYN,11208.0,"    (40.676327, -73.86547)",0.0,0.0,0,0,0,0,0,0,Station Wagon/Sport Utility Vehicle,Van,0
20235989,4535878,06/09/2022,06:55,00c9b242-9df6-448f-a540-18a216dd16a8,Sedan,NISS -CAR/SUV,2018.0,1.0,M,Licensed,Passing,Right Front Quarter Panel,Right Front Quarter Panel,Right Side Doors,,,N,,Unsafe Lane Changing,Following Too Closely,,,"    (0.0, 0.0)",0.0,0.0,0,0,0,0,0,0,Sedan,Sedan,0
20280512,4556097,08/14/2022,21:04,067138c6-710a-4483-b847-2ff0a65c1419,Sedan,MERZ -CAR/SUV,2006.0,4.0,F,Licensed,Slowing or Stopping,Center Back End,Center Back End,,,,N,,Unspecified,Unspecified,,,,3.0,0.0,0,0,0,0,3,0,Sedan,Sedan,1
20270740,4551659,08/01/2022,23:52,3da56b46-4272-4a08-ac3a-22729ce6e092,Pick-up Truck,FORD -CAR/SUV,2018.0,1.0,M,Licensed,Parked,Left Rear Bumper,Left Rear Bumper,,,,N,,Unspecified,Unspecified,,,,1.0,0.0,0,0,0,0,1,0,Tractor Truck Diesel,Station Wagon/Sport Utility Vehicle,1
20325910,4576539,10/26/2022,10:38,01c17f5c-c39a-41cb-a06e-6ee8215fc57d,Station Wagon/Sport Utility Vehicle,KIA -CAR/SUV,2022.0,0.0,,,Parked,Left Front Bumper,Left Front Bumper,,,,N,,Unspecified,Unspecified,BROOKLYN,11207.0,"    (40.6642, -73.897064)",1.0,0.0,0,0,0,0,1,0,Station Wagon/Sport Utility Vehicle,Carry All,1
20326397,4577143,10/30/2022,02:26,01cb243e-6374-4ec5-b998-3f65f765154b,Station Wagon/Sport Utility Vehicle,NISS -CAR/SUV,2011.0,1.0,F,Licensed,Slowing or Stopping,Center Front End,No Damage,No Damage,No Damage,No Damage,N,,Driver Inattention/Distraction,Unspecified,QUEENS,11373.0,"    (40.731182, -73.871605)",2.0,0.0,0,0,0,0,2,0,Station Wagon/Sport Utility Vehicle,Station Wagon/Sport Utility Vehicle,1
20195537,4517592,04/08/2022,19:10,d0713ff3-ecb5-46cb-b2d4-1b36c1ad68ee,Sedan,NISS -CAR/SUV,2010.0,0.0,M,Licensed,Going Straight Ahead,Center Front End,Center Front End,,,,N,,Using On Board Navigation Device,Unspecified,MANHATTAN,10006.0,"    (40.711033, -74.01454)",0.0,0.0,0,0,0,0,0,0,Sedan,,0
20150875,4497258,01/22/2022,13:35,44c5cfc4-7756-43a2-b4a4-808db027c72a,Station Wagon/Sport Utility Vehicle,SUBA -CAR/SUV,,,,,,,,,,,Unspecified,,,,STATEN ISLAND,10306.0,"    (40.566666, -74.11358)",0.0,0.0,0,0,0,0,0,0,Sedan,Station Wagon/Sport Utility Vehicle,0
20167356,4504877,02/15/2022,18:25,a15dbe6e-8a39-4d83-9ace-64237b609619,Sedan,BMW -CAR/SUV,2018.0,0.0,,,Parked,Left Front Bumper,Left Front Bumper,,,,N,,Unspecified,Unspecified,BRONX,10466.0,"    (40.88885, -73.85857)",0.0,0.0,0,0,0,0,0,0,Sedan,Station Wagon/Sport Utility Vehicle,0
20271469,4552069,07/28/2022,10:50,6681bcb6-72f6-49c1-9099-f9f191ac91e3,Bus,NOVA,2019.0,1.0,M,Licensed,Going Straight Ahead,Left Front Bumper,Left Front Bumper,,,,N,,Unspecified,Unspecified,,,"    (40.58657, -74.09206)",0.0,0.0,0,0,0,0,0,0,Bus,Sedan,0
20144175,4493345,01/10/2022,06:00,f5a2c939-d0e2-4184-b8df-c882c333ac2f,Sedan,FORD -CAR/SUV,2012.0,0.0,,,Parked,Left Front Quarter Panel,Left Side Doors,Left Side Doors,,,N,,Unspecified,Unspecified,QUEENS,11385.0,"    (40.703957, -73.8957)",0.0,0.0,0,0,0,0,0,0,Sedan,Sedan,0
20185599,4513247,03/19/2022,11:25,72c87b60-47e7-4c32-b0c6-703bd930b6a1,Sedan,MAZD -CAR/SUV,2018.0,0.0,,,Parked,Center Front End,Center Front End,Left Front Bumper,Right Front Bumper,,N,,Unspecified,Unspecified,BRONX,10475.0,"    (40.87621, -73.83011)",0.0,0.0,0,0,0,0,0,0,Sedan,,0
20347797,4583658,11/21/2022,17:30,aa3b64d1-9e17-4632-b4e5-a8e9b0de68ed,Station Wagon/Sport Utility Vehicle,VOLK -CAR/SUV,2012.0,2.0,F,Licensed,Going Straight Ahead,Left Front Quarter Panel,Left Front Quarter Panel,Left Side Doors,No Damage,No Damage,N,,Driver Inattention/Distraction,Unsafe Lane Changing,QUEENS,11415.0,"    (40.71164, -73.83591)",0.0,0.0,0,0,0,0,0,0,Station Wagon/Sport Utility Vehicle,Station Wagon/Sport Utility Vehicle,0
20173802,4507887,03/03/2022,21:07,29f6b7da-13d5-436d-8373-82a9779adb25,Sedan,SUBA -CAR/SUV,2018.0,1.0,F,Licensed,Going Straight Ahead,Right Front Bumper,Center Front End,Left Front Bumper,Right Front Quarter Panel,Left Front Quarter Panel,Unspecified,,Driver Inattention/Distraction,Unspecified,,,"    (40.599606, -74.1401)",0.0,0.0,0,0,0,0,0,0,Sedan,Station Wagon/Sport Utility Vehicle,0
20268162,4550566,07/27/2022,00:00,9a3b157d-7675-4b73-8aa3-210d954e5ed3,Sedan,TOYT -CAR/SUV,2020.0,2.0,M,Licensed,Going Straight Ahead,Center Back End,Left Rear Bumper,Left Rear Bumper,Right Rear Bumper,,N,,Unspecified,Unspecified,,,"    (40.63082, -73.88636)",2.0,0.0,0,0,0,0,2,0,Sedan,Sedan,1
20299571,4564840,09/15/2022,15:44,45b982f8-5170-4619-a0db-8959e9106a61,Sedan,TOYT -CAR/SUV,2022.0,1.0,M,Licensed,Making U Turn,Right Rear Quarter Panel,Right Rear Quarter Panel,,,,N,,View Obstructed/Limited,Unspecified,BROOKLYN,11215.0,"    (40.67216, -73.98721)",1.0,0.0,0,0,0,0,1,0,Motorcycle,Sedan,1
20170900,4506519,02/25/2022,16:50,1bec6909-b6a2-4b67-95bb-2ac641c046b7,Station Wagon/Sport Utility Vehicle,TOYT -CAR/SUV,2011.0,1.0,,,Backing,Center Back End,No Damage,No Damage,No Damage,No Damage,N,,Turning Improperly,,QUEENS,11692.0,"    (40.595333, -73.801506)",0.0,0.0,0,0,0,0,0,0,Station Wagon/Sport Utility Vehicle,,0
20202611,4520913,04/05/2022,07:22,b03aa577-e736-43bf-b8a7-bdac6f3aa46e,Sedan,CADI -CAR/SUV,2012.0,2.0,M,Licensed,Going Straight Ahead,Left Side Doors,Left Side Doors,Left Front Quarter Panel,Left Rear Quarter Panel,,N,,Unspecified,Unspecified,BROOKLYN,11216.0,"    (40.6709, -73.95319)",2.0,0.0,0,0,0,0,2,0,Sedan,Station Wagon/Sport Utility Vehicle,1
20150964,4497112,01/23/2022,00:34,3c31757f-e8b6-4806-b73d-d90e6f8b23c7,Sedan,TOYT -CAR/SUV,2018.0,1.0,M,Licensed,Going Straight Ahead,Right Rear Bumper,No Damage,,,,N,,Driver Inattention/Distraction,Unspecified,QUEENS,11385.0,"    (40.70247, -73.88783)",1.0,0.0,1,0,0,0,0,0,Sedan,,1
20240786,4538215,06/16/2022,10:45,8f9607cf-87fb-4095-bb24-c6f05d77b641,Station Wagon/Sport Utility Vehicle,INFI -CAR/SUV,2022.0,1.0,,,Backing,Left Rear Quarter Panel,Left Rear Quarter Panel,Left Rear Bumper,No Damage,No Damage,Unspecified,,Backing Unsafely,Driver Inexperience,STATEN ISLAND,10309.0,"    (40.521057, -74.236015)",0.0,0.0,0,0,0,0,0,0,Station Wagon/Sport Utility Vehicle,Station Wagon/Sport Utility Vehicle,0
20174895,4508135,02/04/2022,09:30,1602213b-b67f-4bc5-a149-e21690d1c7f0,Box Truck,FRHT-TRUCK/BUS,,1.0,,,Making Left Turn,Right Rear Bumper,Right Rear Bumper,No Damage,No Damage,No Damage,N,,Other Vehicular,Driver Inexperience,BRONX,10451.0,"    (40.827824, -73.91934)",0.0,0.0,0,0,0,0,0,0,Taxi,Box Truck,0
20329984,4578714,11/03/2022,08:45,3bc784ca-890c-4920-8edb-07ff748b2c7f,Station Wagon/Sport Utility Vehicle,FORD -CAR/SUV,2019.0,1.0,F,Licensed,Changing Lanes,Right Front Bumper,Right Front Bumper,Right Front Quarter Panel,No Damage,No Damage,N,,Driver Inattention/Distraction,Driver Inattention/Distraction,,,"    (40.608433, -74.15544)",1.0,0.0,0,0,0,0,1,0,Station Wagon/Sport Utility Vehicle,Station Wagon/Sport Utility Vehicle,1
20339803,4579245,11/05/2022,11:30,bdd29348-1efb-4b79-a2bc-76399541863d,Sedan,JEEP -CAR/SUV,2020.0,3.0,M,Licensed,Going Straight Ahead,Center Back End,Center Back End,Left Rear Bumper,Right Rear Bumper,,N,,Unspecified,Unspecified,,,"    (40.764267, -73.722946)",1.0,0.0,0,0,0,0,1,0,Tractor Truck Diesel,Sedan,1
20196422,4518111,04/09/2022,18:00,a64851ab-fbd9-4cb4-9e1f-d9c9f6c32cfb,Sedan,TOYT -CAR/SUV,2018.0,1.0,M,Licensed,Going Straight Ahead,Left Rear Quarter Panel,Left Rear Quarter Panel,No Damage,No Damage,No Damage,N,,Unspecified,Unspecified,BRONX,10458.0,"    (40.86038, -73.88889)",0.0,0.0,0,0,0,0,0,0,Sedan,Station Wagon/Sport Utility Vehicle,0
20207297,4523050,04/23/2022,01:45,e92b9cfe-ac64-4a91-aae6-8ee619da4cdc,Sedan,BMW -CAR/SUV,2012.0,1.0,F,Licensed,Other*,Undercarriage,Undercarriage,Undercarriage,Undercarriage,Other,N,,Traffic Control Disregarded,Pavement Defective,,,"    (40.680946, -73.90703)",1.0,0.0,0,0,0,0,1,0,Sedan,,1
20275518,4553753,03/02/2022,15:02,0bb7f9c4-debc-42ff-83da-5e506f2b6330,Sedan,HOND -CAR/SUV,2002.0,1.0,M,Licensed,Starting from Parking,Left Front Quarter Panel,Left Front Quarter Panel,Left Front Bumper,Left Side Doors,Right Front Quarter Panel,N,,Failure to Yield Right-of-Way,Driver Inattention/Distraction,BRONX,10452.0,"    (40.843296, -73.917816)",1.0,0.0,0,0,0,0,1,0,Sedan,Sedan,1
20141385,4493183,01/07/2022,17:55,f2130e20-db7d-4031-8aae-c44dc8bb7573,Sedan,TOYT -CAR/SUV,2007.0,1.0,M,Licensed,Going Straight Ahead,Left Rear Bumper,Left Rear Bumper,Center Back End,No Damage,No Damage,N,,Unspecified,Unspecified,STATEN ISLAND,10301.0,"    (40.634533, -74.0867)",1.0,0.0,0,0,0,0,1,0,Sedan,Sedan,1
20148701,4496245,01/20/2022,15:00,1adf79a6-5b44-4d19-8b94-796ac8c972b0,Sedan,HOND -CAR/SUV,2003.0,1.0,M,Licensed,Making Left Turn,Right Side Doors,Right Side Doors,,,,N,,Driver Inexperience,Unspecified,QUEENS,11412.0,"    (40.70564, -73.75048)",0.0,0.0,0,0,0,0,0,0,Station Wagon/Sport Utility Vehicle,Sedan,0
20152692,4498750,01/29/2022,01:39,0d0e815d-86cd-4143-89dd-1a97e5f308b6,Sedan,CHEV -CAR/SUV,2013.0,0.0,,,Parked,Left Front Bumper,Left Front Bumper,Right Front Quarter Panel,Right Rear Bumper,No Damage,N,,Unspecified,Unspecified,MANHATTAN,10039.0,"    (40.832413, -73.93544)",0.0,0.0,0,0,0,0,0,0,Sedan,Sedan,0
20246341,4540603,06/24/2022,18:23,10c6bdd0-2a4a-4e78-a57b-c9aab5a726b8,Sedan,HOND -CAR/SUV,2004.0,1.0,M,Licensed,Going Straight Ahead,Right Front Quarter Panel,Right Front Quarter Panel,Left Front Quarter Panel,,,N,,Following Too Closely,Unspecified,,,"    (40.738773, -73.80846)",0.0,0.0,0,0,0,0,0,0,Station Wagon/Sport Utility Vehicle,Station Wagon/Sport Utility Vehicle,0
20350435,4588087,12/08/2022,00:02,d486f18c-5a9a-4c76-a38a-2ff7d2119646,Sedan,FORD -CAR/SUV,2020.0,0.0,M,,Parked,Left Side Doors,Left Side Doors,No Damage,No Damage,No Damage,N,,Driver Inattention/Distraction,Unspecified,BROOKLYN,11201.0,"    (40.695854, -73.98198)",0.0,0.0,0,0,0,0,0,0,Taxi,Sedan,0
20362041,4593646,12/22/2022,18:23,3a9c20e0-5817-4cb2-b458-b8bbcecaa8ae,Station Wagon/Sport Utility Vehicle,JEEP -CAR/SUV,2018.0,1.0,M,Licensed,Going Straight Ahead,Right Rear Bumper,Right Rear Bumper,,,,Unspecified,,Unspecified,Unspecified,,,"    (40.83406, -73.944885)",0.0,0.0,0,0,0,0,0,0,Sedan,Station Wagon/Sport Utility Vehicle,0