UNIQUE_ID,COLLISION_ID,CRASH_DATE,CRASH_TIME,VEHICLE_ID,VEHICLE_TYPE,VEHICLE_MAKE,VEHICLE_YEAR,VEHICLE_OCCUPANTS,DRIVER_SEX,DRIVER_LICENSE_STATUS,PRE_CRASH,POINT_OF_IMPACT,VEHICLE_DAMAGE,VEHICLE_DAMAGE_1,VEHICLE_DAMAGE_2,VEHICLE_DAMAGE_3,PUBLIC_PROPERTY_DAMAGE,PUBLIC_PROPERTY_DAMAGE_TYPE,CONTRIBUTING_FACTOR_1,CONTRIBUTING_FACTOR_2,BOROUGH,ZIP CODE,LOCATION,NUMBER OF PERSONS INJURED,NUMBER OF PERSONS KILLED,NUMBER OF PEDESTRIANS INJURED,NUMBER OF PEDESTRIANS KILLED,NUMBER OF CYCLIST INJURED,NUMBER OF CYCLIST KILLED,NUMBER OF MOTORIST INJURED,NUMBER OF MOTORIST KILLED,VEHICLE TYPE CODE 1,VEHICLE TYPE CODE 2,Severity
20233362,4533057,05/29/2022,02:35,95da2df0-dfb1-420f-98ae-a720611795b1,Sedan,HOND -CAR/SUV,2014.0,1.0,F,Licensed,Parked,Left Rear Quarter Panel,Left Rear Quarter Panel,Left Rear Quarter Panel,Left Rear Quarter Panel,Left Rear Quarter Panel,N,,Unspecified,Unspecified,BROOKLYN,11207.0,"    (40.68704, -73.90575)",0.0,0.0,0,0,0,0,0,0,Sedan,Station Wagon/Sport Utility Vehicle,0
20309170,4569088,10/01/2022,00:30,7d7281db-aeb2-4bd3-b63b-121c77052af5,Sedan,INFI -CAR/SUV,2015.0,1.0,M,Licensed,Going Straight Ahead,Center Front End,Center Front End,Right Front Bumper,,,N,,Driver Inattention/Distraction,Failure to Yield Right-of-Way,QUEENS,11420.0,"    (40.683323, -73.80755)",2.0,0.0,0,0,0,0,2,0,Sedan,Sedan,1
20205440,4522235,03/12/2022,10:40,2cb913b0-73e0-4c62-8668-75b518eca709,Taxi,TOYT -CAR/SUV,2014.0,1.0,M,Licensed,Stopped in Traffic,Left Side Doors,Left Front Quarter Panel,Left Side Doors,Left Front Quarter Panel,Left Side Doors,Y,,Other Vehicular,Other Vehicular,,,"    (40.801155, -73.959656)",0.0,0.0,0,0,0,0,0,0,Taxi,Sedan,0
20233454,4534740,05/31/2022,21:00,2a8f34c1-a6a6-4479-9e4e-d6b3f89011da,Station Wagon/Sport Utility Vehicle,CHEV -CAR/SUV,2019.0,0.0,,,Parked,Right Front Quarter Panel,Right Front Quarter Panel,Center Front End,Left Front Bumper,Right Front Bumper,N,,Unspecified,Unspecified,BRONX,10462.0,"    (40.832775, -73.85019)",0.0,0.0,0,0,0,0,0,0,Station Wagon/Sport Utility Vehicle,,0
20272892,4552658,08/06/2022,13:53,d9b885c7-6e93-43cb-916f-bb25043125e4,Sedan,NISS -CAR/SUV,2022.0,2.0,M,Licensed,Making Right Turn,Left Front Bumper,Left Front Quarter Panel,Center Front End,Left Front Bumper,Left Front Bumper,N,,Pedestrian/Bicyclist/Other Pedestrian Error/Confusion,Passing or Lane Usage Improper,,,"    (40.74701, -73.977196)",0.0,0.0,0,0,0,0,0,0,Sedan,Station Wagon/Sport Utility Vehicle,0
20229149,4532941,05/31/2022,18:30,8a5b1a3d-fb51-4d0e-b643-9368a662b363,Pick-up Truck,DODG -CAR/SUV,2007.0,1.0,,,Going Straight Ahead,Center Front End,Center Front End,,,,N,,Following Too Closely,Driver Inattention/Distraction,BROOKLYN,11220.0,"    (40.637794, -74.0251)",0.0,0.0,0,0,0,0,0,0,Sedan,Pick-up Truck,0
20397698,4584326,09/19/2022,10:30,b7c8ff55-7693-4029-9186-dec23b1ef53d,Dump,MACK-TRUCK/BUS,2019.0,1.0,M,Licensed,Going Straight Ahead,Left Front Bumper,No Damage,,,,N,,Unspecified,Unspecified,BRONX,10451.0,,0.0,0.0,0,0,0,0,0,0,Dump,Taxi,0
20337303,4572051,10/10/2022,13:14,cb4949b8-7aea-4aa0-8be5-85f792935e29,Sedan,NISS -CAR/SUV,2007.0,1.0,M,Licensed,Going Straight Ahead,Left Front Quarter Panel,Left Front Quarter Panel,Left Front Bumper,Center Front End,,N,,Unspecified,Unspecified,QUEENS,11101.0,"    (40.756058, -73.94283)",0.0,1.0,0,0,0,0,0,1,Motorcycle,Sedan,2
20319531,4574037,10/16/2022,09:45,2394cb07-b5b7-4fd2-8963-29f50b8427e4,Station Wagon/Sport Utility Vehicle,HOND -CAR/SUV,2022.0,0.0,,,Parked,Center Front End,Center Front End,Right Front Bumper,No Damage,No Damage,N,,Unspecified,Unspecified,BROOKLYN,11213.0,"    (40.666985, -73.930885)",0.0,0.0,0,0,0,0,0,0,Station Wagon/Sport Utility Vehicle,,0
20351440,4588579,11/27/2022,18:49,faf0d9ca-9efc-4480-a1a3-e6d2012a8059,Sedan,NISS -CAR/SUV,2014.0,3.0,F,Licensed,Going Straight Ahead,Center Front End,Right Front Quarter Panel,,,,N,,Unspecified,Unspecified,BROOKLYN,11215.0,"    (40.67285, -73.97339)",0.0,0.0,0,0,0,0,0,0,Sedan,Station Wagon/Sport Utility Vehicle,0
20231485,4534022,04/14/2022,20:00,7326b1b8-5f01-44f5-a824-d86969013893,Sedan,HYUN -CAR/SUV,2019.0,2.0,F,Licensed,Going Straight Ahead,Right Rear Quarter Panel,Right Rear Quarter Panel,No Damage,No Damage,No Damage,N,,Driver Inattention/Distraction,Driver Inexperience,MANHATTAN,10026.0,,1.0,0.0,0,0,0,0,1,0,Sedan,Taxi,1
20332924,4580054,11/03/2022,11:37,d4e41276-be82-4303-b773-eceacaed708f,Station Wagon/Sport Utility Vehicle,BMW -CAR/SUV,,1.0,,,Going Straight Ahead,Right Front Bumper,Right Front Bumper,Right Front Quarter Panel,,,Unspecified,,Unsafe Speed,Aggressive Driving/Road Rage,STATEN ISLAND,10301.0,"    (40.637833, -74.08193)",0.0,0.0,0,0,0,0,0,0,Station Wagon/Sport Utility Vehicle,Station Wagon/Sport Utility Vehicle,0
20326277,4576818,10/27/2022,07:59,d441d0fa-c543-4419-a6d8-a345347dd4d5,Sedan,HYUN -CAR/SUV,2018.0,1.0,M,Licensed,Making Right Turn,Left Front Bumper,Left Front Bumper,,,,N,,Failure to Yield Right-of-Way,Unspecified,QUEENS,11360.0,"    (40.781704, -73.777855)",0.0,0.0,0,0,0,0,0,0,Sedan,Sedan,0
20273260,4552802,07/30/2022,19:15,2ae2c5f6-60bf-4d01-8b6e-9de1013f33e6,Sedan,AUDI -CAR/SUV,,,,,Going Straight Ahead,Right Front Bumper,Right Front Bumper,,,,N,,Driver Inattention/Distraction,Driver Inattention/Distraction,,,"    (40.757935, -73.95332)",0.0,0.0,0,0,0,0,0,0,Sedan,Sedan,0
20158748,4501178,02/05/2022,14:20,2964b934-a9f3-4e26-9ef6-e3360c4464be,Sedan,CHEV -CAR/SUV,2011.0,2.0,F,Licensed,Making Left Turn,Right Front Quarter Panel,Right Front Bumper,,,,N,,Failure to Yield Right-of-Way,Unspecified,QUEENS,11691.0,"    (40.609535, -73.75372)",1.0,0.0,0,0,0,0,1,0,Station Wagon/Sport Utility Vehicle,Sedan,1
20188559,4514590,03/28/2022,14:15,333acaec-916a-4f97-a792-d60f980055ce,Sedan,INFI -CAR/SUV,2019.0,1.0,M,Licensed,Going Straight Ahead,Left Front Bumper,Left Front Bumper,Center Front End,Right Front Bumper,No Damage,N,,Unspecified,Unspecified,BROOKLYN,11235.0,"    (40.5774, -73.95404)",0.0,0.0,0,0,0,0,0,0,Sedan,Station Wagon/Sport Utility Vehicle,0
20240664,4538050,06/16/2022,17:50,f63e18fd-7891-42fe-8aa8-17eb2b53bc5f,,Freight,2019.0,1.0,M,Licensed,Going Straight Ahead,Left Rear Quarter Panel,Left Rear Quarter Panel,,,,N,,Unspecified,Unspecified,QUEENS,11377.0,"    (40.74013, -73.89976)",0.0,0.0,0,0,0,0,0,0,Station Wagon/Sport Utility Vehicle,,0
20142816,4493720,01/11/2022,08:30,5df53621-8ac6-409d-9222-a71a39bfb89d,Tractor Truck Diesel,PTRB-TRUCK/BUS,2005.0,1.0,M,Licensed,Going Straight Ahead,Left Rear Bumper,Left Rear Bumper,,,,N,,Passing or Lane Usage Improper,Unspecified,,,,0.0,0.0,0,0,0,0,0,0,Station Wagon/Sport Utility Vehicle,Tractor Truck Diesel,0
20315181,4571692,10/03/2022,21:00,be34b5a8-71e6-4cb2-ab07-e4cc8933de0c,Sedan,AUDI -CAR/SUV,2006.0,0.0,,,Parked,Left Rear Bumper,Left Side Doors,Left Rear Quarter Panel,No Damage,No Damage,N,,Unspecified,Unspecified,QUEENS,11379.0,"    (40.723946, -73.875885)",0.0,0.0,0,0,0,0,0,0,Sedan,,0
20316106,4572298,09/17/2022,11:16,d54897a4-bddd-492a-91be-9c73aca124c6,Station Wagon/Sport Utility Vehicle,FORD -CAR/SUV,2011.0,1.0,M,Licensed,Making Left Turn,Center Front End,No Damage,,,,N,,Failure to Yield Right-of-Way,Driver Inattention/Distraction,QUEENS,11368.0,"    (40.751526, -73.859184)",1.0,0.0,0,0,0,0,0,0,Station Wagon/Sport Utility Vehicle,E-Bike,1
20359450,4592181,12/22/2022,18:00,173447ae-e4f2-4740-84e5-72beae54c823,Sedan,HOND -CAR/SUV,2022.0,1.0,F,Licensed,Going Straight Ahead,Right Rear Bumper,Right Rear Quarter Panel,,,,N,,Unspecified,Unspecified,,,"    (40.69382, -73.72694)",0.0,0.0,0,0,0,0,0,0,Sedan,Sedan,0
20359434,4591939,12/21/2022,16:45,80119d6b-a5b2-431c-89e0-73423ce2edb1,Sedan,TOYT -CAR/SUV,2011.0,0.0,M,Licensed,Going Straight Ahead,Right Front Bumper,Right Front Bumper,No Damage,No Damage,No Damage,N,,Driver Inattention/Distraction,Unspecified,,,"    (40.77077, -73.91727)",0.0,0.0,0,0,0,0,0,0,Station Wagon/Sport Utility Vehicle,Sedan,0
20204263,4521644,04/24/2022,20:40,d2d6e731-5b9a-4cb3-8da1-7d9a5494c333,Station Wagon/Sport Utility Vehicle,TOYT -CAR/SUV,2016.0,0.0,,,Parked,Left Rear Bumper,Left Rear Bumper,Center Back End,Left Rear Quarter Panel,Right Rear Bumper,Unspecified,,Unspecified,Unspecified,,,"    (40.746536, -73.78636)",0.0,0.0,0,0,0,0,0,0,Sedan,Station Wagon/Sport Utility Vehicle,0
20204795,4521977,04/09/2022,15:51,3e72ec45-a9ab-40d2-9f81-393dffdf1550,Station Wagon/Sport Utility Vehicle,SUBA -CAR/SUV,2017.0,1.0,F,Licensed,Merging,Right Side Doors,Right Side Doors,No Damage,No Damage,,Unspecified,,Unspecified,Unspecified,,,"    (40.781757, -73.98307)",0.0,0.0,0,0,0,0,0,0,Station Wagon/Sport Utility Vehicle,Sedan,0
20272862,4552611,08/05/2022,17:40,049b6e8f-21cc-4e20-b28e-88ed9aa68f5e,Pick-up Truck,FORD -CAR/SUV,2015.0,1.0,M,Licensed,Going Straight Ahead,Center Front End,Center Front End,,,,N,,Unspecified,Unspecified,STATEN ISLAND,10307.0,"    (40.510815, -74.24199)",0.0,0.0,0,0,0,0,0,0,Sedan,Pick-up Truck,0
20307186,4568259,09/27/2022,00:59,d914c9b7-b8ff-4682-8ce7-ae5dea536bf2,Taxi,TOYT -CAR/SUV,2017.0,1.0,M,Licensed,Going Straight Ahead,Right Front Bumper,Right Front Bumper,Right Front Quarter Panel,,,N,,Following Too Closely,Unspecified,BROOKLYN,11201.0,"    (40.69902, -73.986916)",0.0,0.0,0,0,0,0,0,0,Sedan,Taxi,0
20241706,4538631,06/17/2022,18:08,ae4fadfe-2d32-4804-a09b-fa23a10811a3,Sedan,TESLA,2021.0,0.0,,,Parked,Left Rear Quarter Panel,Left Rear Bumper,No Damage,No Damage,No Damage,N,,Unspecified,Unspecified,MANHATTAN,10014.0,"    (40.732296, -74.0087)",1.0,0.0,0,0,0,0,1,0,Station Wagon/Sport Utility Vehicle,Sedan,1
20281275,4556439,08/17/2022,10:45,fda4231d-847e-4432-8a0b-8c1f0f00c8be,PK,FORD-TRUCK/BUS,2011.0,0.0,,,Parked,Left Side Doors,Left Side Doors,No Damage,No Damage,No Damage,N,,Unspecified,Unspecified,,,"    (40.636864, -74.15287)",0.0,0.0,0,0,0,0,0,0,PK,Station Wagon/Sport Utility Vehicle,0
20149150,4493934,01/11/2022,21:24,c4f8db09-e4f3-4e48-8f0e-54406987ca1b,Sedan,HOND -CAR/SUV,2021.0,1.0,M,Licensed,Parked,Left Rear Quarter Panel,Left Side Doors,Left Side Doors,Left Side Doors,Left Rear Quarter Panel,N,,Unspecified,Unspecified,MANHATTAN,10012.0,"    (40.722034, -73.99651)",0.0,0.0,0,0,0,0,0,0,Bus,Sedan,0
20194538,4517107,04/06/2022,15:40,a6dca4a1-29ff-4d37-b79e-60a8f7f2ee64,Van,FORD-TRUCK/BUS,2012.0,1.0,M,Licensed,Going Straight Ahead,Right Side Doors,Right Side Doors,Right Rear Quarter Panel,,,N,,Driver Inattention/Distraction,Unspecified,,,"    (40.732887, -73.920586)",0.0,0.0,0,0,0,0,0,0,Van,Station Wagon/Sport Utility Vehicle,0
20351151,4588330,12/02/2022,13:00,0715239d-84b2-4fe0-9744-2d2d1912eb80,Sedan,DODG -CAR/SUV,2018.0,1.0,M,Licensed,Going Straight Ahead,Center Back End,Center Back End,,,,N,,Unspecified,Unspecified,,,"    (40.78515, -73.94063)",0.0,0.0,0,0,0,0,0,0,Sedan,Sedan,0
20186504,4513611,03/25/2022,23:47,6aa82279-812a-4727-9a7a-c79210fb7410,Sedan,HOND -CAR/SUV,2018.0,0.0,M,Licensed,Making Left Turn,Right Front Bumper,Right Front Bumper,,,,N,,Unspecified,Unspecified,,,"    (40.679565, -73.93436)",0.0,0.0,0,0,0,0,0,0,Sedan,,0
20203539,4518808,04/13/2022,16:00,eb13808f-edfb-4314-840a-8a55025e6fcf,Sedan,AUDI -CAR/SUV,2014.0,0.0,,,Parked,Right Rear Bumper,Right Rear Bumper,,,,N,,Unspecified,Unspecified,BRONX,10456.0,"    (40.828865, -73.906815)",1.0,0.0,1,0,0,0,0,0,Sedan,Sedan,1
20261694,4547430,07/18/2022,00:00,f65cb4eb-9179-4519-a0fb-258098eb88bf,Station Wagon/Sport Utility Vehicle,ACUR -CAR/SUV,2019.0,1.0,M,Licensed,Parked,Left Rear Quarter Panel,Left Rear Quarter Panel,,,,N,,Unspecified,Unspecified,,,"    (40.747135, -73.89242)",0.0,0.0,0,0,0,0,0,0,Station Wagon/Sport Utility Vehicle,Station Wagon/Sport Utility Vehicle,0
20382653,4583964,11/22/2022,16:00,50b89496-e312-4368-84af-5c68aa362f63,Station Wagon/Sport Utility Vehicle,DODG -CAR/SUV,2016.0,1.0,F,Licensed,Going Straight Ahead,Right Front Bumper,Right Front Bumper,Right Front Quarter Panel,,,N,,Driver Inattention/Distraction,Unspecified,,,"    (40.721676, -73.835976)",0.0,0.0,0,0,0,0,0,0,Station Wagon/Sport Utility Vehicle,Sedan,0
20184422,4512695,03/22/2022,14:25,a3be5a32-d419-42aa-b194-2b1d8397d3cd,Station Wagon/Sport Utility Vehicle,CHEV -CAR/SUV,2021.0,1.0,F,Licensed,Parked,Right Rear Bumper,Right Rear Bumper,,,,N,,Unspecified,Unspecified,MANHATTAN,10065.0,"    (40.768543, -73.9657)",1.0,0.0,0,0,1,0,0,0,Station Wagon/Sport Utility Vehicle,Bike,1
20238382,4536840,06/13/2022,08:50,b9fac8bb-6a70-4d1d-b260-8ee0cd7f9681,Station Wagon/Sport Utility Vehicle,SUBA -CAR/SUV,2017.0,3.0,F,Licensed,Going Straight Ahead,Right Front Bumper,Right Front Bumper,,,,N,,Unspecified,Alcohol Involvement,,,,1.0,0.0,0,0,0,0,1,0,Sedan,Station Wagon/Sport Utility Vehicle,1
20314349,4571596,10/08/2022,13:10,15b2b428-484d-4c24-bb77-d24594e9b5cd,Station Wagon/Sport Utility Vehicle,ACUR -CAR/SUV,2022.0,2.0,F,Licensed,Going Straight Ahead,Right Front Quarter Panel,Right Side Doors,Right Front Quarter Panel,,,N,,Unspecified,Unspecified,,,"    (40.708485, -73.92211)",0.0,0.0,0,0,0,0,0,0,Station Wagon/Sport Utility Vehicle,Station Wagon/Sport Utility Vehicle,0
20442192,4629703,10/23/2022,06:00,a9807b96-b46d-472e-9c4a-71ae70307252,Sedan,HYUN -CAR/SUV,2021.0,0.0,,,Parked,Center Back End,Center Back End,No Damage,No Damage,No Damage,N,,Unspecified,Unspecified,BROOKLYN,11203.0,"    (40.663136, -73.938)",0.0,0.0,0,0,0,0,0,0,Sedan,,0
20221496,4529340,05/18/2022,22:12,24b19fd1-b726-4487-9680-12940b67b2a8,Sedan,MERZ -CAR/SUV,2013.0,0.0,,,Parked,Center Front End,Center Front End,Left Front Bumper,Right Front Bumper,,N,,Unspecified,Unspecified,QUEENS,11434.0,"    (40.685673, -73.76338)",0.0,0.0,0,0,0,0,0,0,Sedan,,0
20259067,4546302,07/13/2022,15:25,619b6b9c-d4cc-408b-a5b1-f68e7545a6c7,,FORD -CAR/SUV,2008.0,,,,,,,,,,N,,,,BROOKLYN,11218.0,"    (40.654766, -73.975815)",0.0,0.0,0,0,0,0,0,0,Bus,,0
20241360,4532991,05/30/2022,19:58,16459840-f635-44bd-a203-8d72eaffebde,Sedan,MERZ -CAR/SUV,2018.0,1.0,M,Licensed,Backing,Left Side Doors,Left Side Doors,,,,N,,Unspecified,Unspecified,BROOKLYN,11234.0,"    (40.60495, -73.91117)",0.0,0.0,0,0,0,0,0,0,Sedan,Sedan,0
20256107,4544921,07/04/2022,10:35,38c5d6e2-946f-4a5e-95c2-27da77c679a4,Station Wagon/Sport Utility Vehicle,FORD -CAR/SUV,2010.0,2.0,M,Licensed,Going Straight Ahead,Right Front Quarter Panel,Right Front Quarter Panel,No Damage,No Damage,No Damage,N,,Traffic Control Disregarded,Driver Inattention/Distraction,,,"    (40.69309, -73.94296)",1.0,0.0,0,0,0,0,1,0,Station Wagon/Sport Utility Vehicle,Station Wagon/Sport Utility Vehicle,1
20186864,4513734,03/26/2022,01:42,069ddaec-2f68-47c2-8780-a247569445d8,Sedan,LEXS -CAR/SUV,2021.0,2.0,F,Licensed,Making Right Turn,Left Front Bumper,Left Front Bumper,Left Front Bumper,Left Front Bumper,Left Front Bumper,N,,Unspecified,Unspecified,MANHATTAN,10011.0,"    (40.73736, -73.99685)",0.0,0.0,0,0,0,0,0,0,Sedan,Pick-up Truck,0
20246290,4540463,06/19/2022,18:18,ac41191f-2779-4bf8-81d0-b406c29eb594,Sedan,TOYT -CAR/SUV,2012.0,1.0,M,Licensed,Going Straight Ahead,Right Rear Quarter Panel,Right Rear Quarter Panel,Right Side Doors,Right Rear Bumper,,N,,Unspecified,Unspecified,,,"    (40.666306, -73.79171)",3.0,0.0,0,0,0,0,3,0,Sedan,Sedan,1
20357165,4591127,12/19/2022,07:45,b323ad17-124d-4825-8c83-85bd2f73a39c,Station Wagon/Sport Utility Vehicle,BMW -CAR/SUV,2018.0,3.0,M,Licensed,Going Straight Ahead,Right Rear Quarter Panel,Right Rear Bumper,Center Back End,,,N,,Unspecified,Unspecified,,,"    (40.75455, -73.74317)",1.0,0.0,0,0,0,0,1,0,Pick-up Truck,Station Wagon/Sport Utility Vehicle,1
20205211,4521830,04/24/2022,00:00,a73a6160-7918-4b96-b684-83c79143932d,Sedan,CHEV -CAR/SUV,2014.0,0.0,,,Parked,Center Back End,Left Rear Bumper,Left Rear Bumper,Left Rear Bumper,Left Rear Bumper,N,,Unspecified,Unspecified,BROOKLYN,11206.0,"    (40.697117, -73.93401)",0.0,0.0,0,0,0,0,0,0,Station Wagon/Sport Utility Vehicle,Sedan,0
20207125,4522932,04/28/2022,09:47,69fc3cb8-8be4-45a7-94f9-dfb1e8d2bc68,Station Wagon/Sport Utility Vehicle,LEXS -CAR/SUV,2021.0,2.0,M,Licensed,Going Straight Ahead,Left Front Quarter Panel,Left Front Quarter Panel,,,,Unspecified,,Unspecified,Unspecified,,,,0.0,0.0,0,0,0,0,0,0,Station Wagon/Sport Utility Vehicle,,0
20268995,4550976,07/28/2022,15:35,7f9fc91e-b950-4194-9852-02e6484cc85c,Sedan,SUBA -CAR/SUV,2012.0,1.0,F,Licensed,Entering Parked Position,Left Front Quarter Panel,Left Front Quarter Panel,Left Front Bumper,,,Unspecified,,Backing Unsafely,Unspecified,BROOKLYN,11221.0,"    (40.689816, -73.92744)",0.0,0.0,0,0,0,0,0,0,Sedan,Motorscooter,0
20166585,4504441,02/18/2022,10:00,bf0c822d-4839-40ab-98bc-30250907dcbf,Sedan,VOLK -CAR/SUV,2000.0,0.0,M,Licensed,Parked,Left Front Bumper,Center Front End,Right Front Bumper,,,N,,Unspecified,Unspecified,BROOKLYN,11233.0,"    (40.67853, -73.91533)",1.0,0.0,0,0,0,0,1,0,Sedan,Sedan,1
20141397,4493099,01/07/2022,16:00,17c7dd43-0f4f-46e5-a6bf-fa894dc39eef,Sedan,MERZ -CAR/SUV,2010.0,1.0,F,Licensed,Going Straight Ahead,Left Front Quarter Panel,Left Front Bumper,,,,N,,Unspecified,Unspecified,,,,1.0,0.0,0,0,0,0,1,0,Sedan,Station Wagon/Sport Utility Vehicle,1
20304133,4566752,09/09/2022,11:58,3898bee3-c916-438b-8e3b-1fbfb2edf3bc,Sedan,NISS -CAR/SUV,2016.0,0.0,F,Licensed,Parked,Left Rear Quarter Panel,Left Rear Quarter Panel,Left Rear Quarter Panel,Left Rear Bumper,Left Rear Quarter Panel,N,,Unspecified,Unspecified,MANHATTAN,10002.0,"    (40.718376, -73.97959)",0.0,0.0,0,0,0,0,0,0,Sedan,,0
20216138,4526943,05/11/2022,09:10,981a9dbf-a50c-4291-848e-a00b6582c1e7,Station Wagon/Sport Utility Vehicle,NISS -CAR/SUV,2021.0,1.0,F,Licensed,Going Straight Ahead,Left Rear Quarter Panel,Left Rear Quarter Panel,No Damage,No Damage,No Damage,N,,Unspecified,Unspecified,QUEENS,11367.0,"    (40.731632, -73.81496)",0.0,0.0,0,0,0,0,0,0,Station Wagon/Sport Utility Vehicle,,0
20182943,4511974,03/19/2022,23:40,4e976b97-d39f-4ad2-a497-0ea129144d4a,Sedan,TOYT -CAR/SUV,2016.0,1.0,,,Changing Lanes,Right Front Quarter Panel,,,,,N,,Passing or Lane Usage Improper,Failure to Yield Right-of-Way,,,"    (40.66929, -73.842445)",0.0,0.0,0,0,0,0,0,0,Station Wagon/Sport Utility Vehicle,Sedan,0
20270979,4551821,08/01/2022,07:30,6ca3a7fd-6b3f-40f2-80e3-fea0bf71343d,Station Wagon/Sport Utility Vehicle,AUDI -CAR/SUV,2021.0,0.0,M,Licensed,Parked,Left Front Bumper,Left Front Bumper,No Damage,No Damage,No Damage,N,,Unspecified,Unspecified,QUEENS,11423.0,,0.0,0.0,0,0,0,0,0,0,Station Wagon/Sport Utility Vehicle,Sedan,0
20170165,4505996,02/24/2022,16:45,70991dc9-c8a6-4416-824c-dcc2aa430725,Sedan,HOND -CAR/SUV,2020.0,0.0,,,Parked,Left Front Bumper,Left Front Quarter Panel,,,,N,,Unspecified,Unspecified,BRONX,10470.0,"    (40.899372, -73.863495)",0.0,0.0,0,0,0,0,0,0,Sedan,,0
20229667,4531940,05/28/2022,11:11,e62fb507-e1e1-41fd-b237-34daf63186de,Station Wagon/Sport Utility Vehicle,FORD -CAR/SUV,2015.0,2.0,F,Licensed,Going Straight Ahead,Left Front Quarter Panel,Left Front Quarter Panel,No Damage,No Damage,No Damage,N,,Unspecified,Unspecified,MANHATTAN,10001.0,"    (40.753525, -73.994545)",0.0,0.0,0,0,0,0,0,0,Station Wagon/Sport Utility Vehicle,,0
20146987,4495444,01/17/2022,03:30,b25102a7-46db-4f34-b7ad-80cb89f1a4d8,Flat Bed,KAUFM,2020.0,0.0,,,Parked,No Damage,No Damage,,,,N,,Unspecified,Unspecified,BROOKLYN,11230.0,"    (40.620872, -73.964455)",0.0,0.0,0,0,0,0,0,0,Station Wagon/Sport Utility Vehicle,Flat Bed,0
20272360,4552346,07/30/2022,15:00,7ab68379-066a-4fb6-a889-7b687e173c2b,Station Wagon/Sport Utility Vehicle,JEEP -CAR/SUV,2015.0,0.0,,,Parked,Right Front Quarter Panel,Right Front Quarter Panel,Right Front Bumper,,,N,,Unspecified,Unspecified,MANHATTAN,10012.0,"    (40.724052, -74.00088)",0.0,0.0,0,0,0,0,0,0,Station Wagon/Sport Utility Vehicle,Station Wagon/Sport Utility Vehicle,0
20198085,4518795,04/12/2022,00:00,de92dd3d-c00b-4f97-be94-f8749c279f73,Sedan,HOND -CAR/SUV,2005.0,1.0,,,Going Straight Ahead,Left Front Bumper,Left Side Doors,,,,N,,Passing or Lane Usage Improper,Following Too Closely,QUEENS,11420.0,"    (40.67054, -73.820885)",0.0,0.0,0,0,0,0,0,0,Station Wagon/Sport Utility Vehicle,Sedan,0
20203220,4521222,04/22/2022,20:40,4f48c2de-3db2-410d-a6b2-238f0c503c35,Sedan,LINC -CAR/SUV,2018.0,2.0,M,Licensed,Going Straight Ahead,Left Front Bumper,Left Front Bumper,No Damage,No Damage,No Damage,N,,Driver Inattention/Distraction,Following Too Closely,,,"    (0.0, 0.0)",0.0,0.0,0,0,0,0,0,0,Sedan,Sedan,0
20264921,4549071,07/23/2022,21:15,5d42a4e3-b9ae-4d71-8f8a-db0b151728da,Sedan,INFI -CAR/SUV,2010.0,1.0,M,Licensed,Entering Parked Position,Right Front Bumper,Right Front Bumper,Right Front Bumper,Right Front Bumper,Right Front Bumper,N,,Driver Inattention/Distraction,Driver Inattention/Distraction,QUEENS,11373.0,"    (40.746616, -73.88566)",0.0,0.0,0,0,0,0,0,0,Station Wagon/Sport Utility Vehicle,Sedan,0
20256494,4545131,07/09/2022,19:20,9a2fb1fc-76f0-425a-84a7-76d09a1ee1f5,E-Bike,Fly E-bike,,1.0,M,Unlicensed,Making Left Turn,Other,No Damage,,,,N,,Unspecified,Unspecified,QUEENS,11104.0,"    (40.746353, -73.91617)",0.0,0.0,0,0,0,0,0,0,Station Wagon/Sport Utility Vehicle,E-Bike,0
20169612,4506176,02/27/2022,23:30,b99da0ce-4163-4397-aae4-7d4cb41a3ff2,Ambulance,FORD-TRUCK/BUS,2017.0,1.0,M,Licensed,Going Straight Ahead,Right Rear Quarter Panel,Right Rear Quarter Panel,,,,N,,Unspecified,Unspecified,BRONX,10458.0,"    (40.85819, -73.88435)",0.0,0.0,0,0,0,0,0,0,Sedan,Ambulance,0
20238701,4537419,06/14/2022,17:34,d996d13a-275d-4e4e-997b-48b044118cfe,Sedan,TOYT -CAR/SUV,2019.0,1.0,F,Licensed,Merging,Left Front Bumper,Left Front Bumper,No Damage,No Damage,No Damage,N,,Turning Improperly,Unspecified,BRONX,10468.0,"    (40.862755, -73.901085)",0.0,0.0,0,0,0,0,0,0,Sedan,Sedan,0
20199487,4519527,04/15/2022,18:05,d2ffa215-1c18-4eb4-9495-973e9c31dced,Sedan,ACUR -CAR/SUV,1997.0,2.0,M,Licensed,Going Straight Ahead,Left Front Bumper,Center Front End,Left Front Bumper,,,N,,Unspecified,Unspecified,BROOKLYN,11233.0,"    (40.669476, -73.919975)",2.0,0.0,0,0,0,0,2,0,Station Wagon/Sport Utility Vehicle,Sedan,1
20256631,4545494,07/07/2022,17:50,b739b716-f3d9-4902-8444-a288a472e7be,Box Truck,FORD-TRUCK/BUS,1986.0,1.0,M,Licensed,Making U Turn,Left Front Bumper,No Damage,No Damage,No Damage,No Damage,N,,Driver Inexperience,Turning Improperly,,,"    (40.826427, -73.950455)",1.0,0.0,0,0,0,0,0,0,E-Scooter,Box Truck,1