UNIQUE_ID,COLLISION_ID,CRASH_DATE,CRASH_TIME,VEHICLE_ID,VEHICLE_TYPE,VEHICLE_MAKE,VEHICLE_YEAR,VEHICLE_OCCUPANTS,DRIVER_SEX,DRIVER_LICENSE_STATUS,PRE_CRASH,POINT_OF_IMPACT,VEHICLE_DAMAGE,VEHICLE_DAMAGE_1,VEHICLE_DAMAGE_2,VEHICLE_DAMAGE_3,PUBLIC_PROPERTY_DAMAGE,PUBLIC_PROPERTY_DAMAGE_TYPE,CONTRIBUTING_FACTOR_1,CONTRIBUTING_FACTOR_2,BOROUGH,ZIP CODE,LOCATION,NUMBER OF PERSONS INJURED,NUMBER OF PERSONS KILLED,NUMBER OF PEDESTRIANS INJURED,NUMBER OF PEDESTRIANS KILLED,NUMBER OF CYCLIST INJURED,NUMBER OF CYCLIST KILLED,NUMBER OF MOTORIST INJURED,NUMBER OF MOTORIST KILLED,VEHICLE TYPE CODE 1,VEHICLE TYPE CODE 2,Severity
20341022,4584026,11/19/2022,04:00,e9034bb7-5957-4d98-abf6-f7885fcaf877,Station Wagon/Sport Utility Vehicle,CADI -CAR/SUV,2022.0,1.0,M,Licensed,Making Right Turn,Right Front Bumper,Right Front Bumper,Center Front End,Center Front End,,N,,Unspecified,Unspecified,,,"    (40.728424, -73.99969)",1.0,0.0,0,0,0,0,1,0,Station Wagon/Sport Utility Vehicle,Sedan,1
20260580,4547199,07/08/2022,11:29,0998a39e-15d3-4f09-85cf-81c04fe338ef,Sedan,CHEV -CAR/SUV,2022.0,1.0,,,Changing Lanes,Right Front Quarter Panel,,,,,N,,Aggressive Driving/Road Rage,Driver Inattention/Distraction,MANHATTAN,10003.0,"    (40.73426, -73.98356)",0.0,0.0,0,0,0,0,0,0,Sedan,Sedan,0
20223227,4530199,05/22/2022,11:30,73e87b1e-67b6-4880-9e07-f3fa4db8988d,Sedan,NISS -CAR/SUV,2019.0,1.0,F,Licensed,Starting from Parking,Left Side Doors,Left Side Doors,Left Front Quarter Panel,Left Rear Quarter Panel,,N,,Unspecified,Unspecified,QUEENS,11436.0,"    (40.668335, -73.78917)",0.0,0.0,0,0,0,0,0,0,Sedan,Sedan,0
20332646,4574481,10/19/2022,22:20,b6534f42-0e77-43d9-b03c-ab83aa87bd1f,Tractor Truck Diesel,FRHT-TRUCK/BUS,2012.0,1.0,M,Licensed,Stopped in Traffic,Left Rear Bumper,Center Back End,Left Rear Bumper,,,N,,Unspecified,Unspecified,QUEENS,11423.0,"    (40.713875, -73.75405)",3.0,0.0,0,0,0,0,3,0,Station Wagon/Sport Utility Vehicle,Tractor Truck Diesel,1
20221713,4529540,05/20/2022,13:40,915432c9-0f87-458d-85ab-0a19c8a96e3f,Pick-up Truck,FORD -CAR/SUV,2017.0,,,,Backing,Center Back End,Other,,,No Damage,N,,Backing Unsafely,Backing Unsafely,BROOKLYN,11236.0,"    (40.639896, -73.90652)",0.0,0.0,0,0,0,0,0,0,Sedan,Pick-up Truck,0
20351400,4588633,11/12/2022,22:45,b33e4137-be4f-471c-8606-b762c102db24,Taxi,TOYT -CAR/SUV,2018.0,1.0,M,Licensed,Changing Lanes,Right Side Doors,Right Side Doors,No Damage,No Damage,No Damage,N,,Unsafe Lane Changing,Unspecified,MANHATTAN,10168.0,"    (40.751442, -73.97606)",1.0,0.0,0,0,0,0,1,0,Sedan,Taxi,1
20327621,4550016,07/27/2022,11:59,32da64e5-af9f-4ddf-9a45-4a1a7b0756fa,Sedan,HOND -CAR/SUV,2018.0,2.0,F,Licensed,Going Straight Ahead,Center Front End,Center Front End,No Damage,No Damage,No Damage,N,,Unspecified,Unspecified,BRONX,10457.0,"    (40.839676, -73.90011)",0.0,0.0,0,0,0,0,0,0,Sedan,Sedan,0
20228966,4532879,05/30/2022,17:09,8d6b2544-f247-4e52-8d2f-14e986bee566,Sedan,LNDR -CAR/SUV,2022.0,0.0,,,Parked,Left Front Quarter Panel,Left Front Quarter Panel,,,,N,,Unspecified,Unspecified,BROOKLYN,11236.0,"    (40.631207, -73.89819)",0.0,0.0,0,0,0,0,0,0,Sedan,,0
20153840,4498134,01/29/2022,12:09,ec6a026b-fa87-4bb2-bbeb-3a3c2ba22bcd,Station Wagon/Sport Utility Vehicle,ACUR -CAR/SUV,2022.0,2.0,M,Licensed,Going Straight Ahead,Right Front Bumper,Right Front Bumper,Right Front Quarter Panel,No Damage,No Damage,N,,Pavement Slippery,Unspecified,BRONX,10469.0,"    (40.862873, -73.84917)",0.0,0.0,0,0,0,0,0,0,Station Wagon/Sport Utility Vehicle,Garbage or Refuse,0
20292135,4561399,08/31/2022,15:20,5842d6bf-ddd0-4639-8aec-564cb2c229c8,Sedan,HOND -CAR/SUV,2003.0,0.0,,,Parked,Center Front End,Right Front Bumper,Right Front Bumper,Center Front End,No Damage,N,,Unspecified,Unspecified,STATEN ISLAND,10301.0,"    (40.642715, -74.09536)",1.0,0.0,0,0,0,0,1,0,Sedan,Sedan,1
20206200,4522577,04/24/2022,23:40,a2541f70-ba2a-4ea9-821c-a001a3e1f480,Sedan,HOND -CAR/SUV,2003.0,0.0,,,Parked,Left Front Quarter Panel,Left Front Quarter Panel,Left Front Quarter Panel,Left Front Quarter Panel,Left Front Quarter Panel,N,,Unspecified,Unspecified,BROOKLYN,11233.0,"    (40.681572, -73.92579)",1.0,0.0,0,0,0,0,1,0,Sedan,Station Wagon/Sport Utility Vehicle,1
20366975,4595528,12/28/2022,15:00,ca8b68f0-fee7-4373-828b-0001c0462bd3,Sedan,TOYT -CAR/SUV,2020.0,5.0,M,Licensed,Going Straight Ahead,Center Front End,Center Front End,Center Back End,Left Front Bumper,Right Front Bumper,N,,Unspecified,Unspecified,,,"    (40.668648, -73.92835)",7.0,0.0,0,0,0,0,7,0,Sedan,Sedan,1
20256886,4541337,06/23/2022,04:30,fc2f3b08-a35b-4f80-8cea-4dd080d8a073,Sedan,NISS -CAR/SUV,2015.0,0.0,,,Parked,Left Front Bumper,Center Front End,Right Front Bumper,Right Rear Bumper,Center Back End,N,,Unspecified,Unspecified,BROOKLYN,11214.0,,0.0,0.0,0,0,0,0,0,0,Sedan,Sedan,0
20363825,4594151,12/30/2022,19:19,1f9a4561-5f8f-4996-8920-ea28dbcae2de,Sedan,LNDR -CAR/SUV,2016.0,0.0,,,Parked,Left Rear Quarter Panel,Left Rear Quarter Panel,Center Front End,,,N,,Passing or Lane Usage Improper,Unspecified,,,"    (40.837303, -73.90785)",0.0,0.0,0,0,0,0,0,0,Sedan,Sedan,0
20249110,4541865,06/28/2022,20:17,ed0fbb84-c98f-4999-994e-a1e4185d2c8f,Station Wagon/Sport Utility Vehicle,FORD -CAR/SUV,2020.0,0.0,,,Going Straight Ahead,Right Front Bumper,Right Front Bumper,Right Front Quarter Panel,,,N,,Driver Inattention/Distraction,Driver Inexperience,BROOKLYN,11234.0,"    (40.60962, -73.92722)",0.0,0.0,0,0,0,0,0,0,Station Wagon/Sport Utility Vehicle,Station Wagon/Sport Utility Vehicle,0
20317533,4572876,10/13/2022,19:10,2a4048f0-4072-480d-ba35-10eacaf9e6c9,Station Wagon/Sport Utility Vehicle,MERZ -CAR/SUV,2022.0,1.0,M,Licensed,Going Straight Ahead,Center Back End,Center Back End,,,,N,,Unspecified,Unspecified,,,"    (40.640015, -73.92575)",0.0,0.0,0,0,0,0,0,0,Station Wagon/Sport Utility Vehicle,Sedan,0
20149771,4496652,01/22/2022,17:15,ea29a97a-6b81-4c71-9878-8ab5ed32a4ce,Sedan,HOND -CAR/SUV,2010.0,2.0,M,Licensed,Making Left Turn,Right Front Bumper,Right Front Bumper,Right Front Quarter Panel,,,Unspecified,,Unspecified,Unspecified,QUEENS,11378.0,"    (40.72428, -73.898445)",0.0,0.0,0,0,0,0,0,0,Sedan,Sedan,0
20249651,4542100,06/30/2022,04:06,455c6228-c098-4d98-a7a8-bf8dd59093b5,Station Wagon/Sport Utility Vehicle,MERZ -CAR/SUV,2015.0,0.0,,,Parked,Left Front Bumper,Left Rear Quarter Panel,Left Front Quarter Panel,Left Side Doors,Left Rear Bumper,N,,Unspecified,Unspecified,BRONX,10458.0,"    (40.85551, -73.89289)",0.0,0.0,0,0,0,0,0,0,Station Wagon/Sport Utility Vehicle,Station Wagon/Sport Utility Vehicle,0
20217830,4527684,05/13/2022,21:00,796cf449-e1e6-4c79-a9e4-7540702646b6,Sedan,BMW -CAR/SUV,2006.0,1.0,M,Licensed,Going Straight Ahead,Right Front Quarter Panel,Right Front Quarter Panel,Right Front Bumper,,,N,,Driver Inattention/Distraction,Driver Inattention/Distraction,QUEENS,11101.0,"    (40.75747, -73.93911)",1.0,0.0,0,0,0,0,1,0,Taxi,Sedan,1
20266902,4549921,07/05/2022,11:27,14163989-fb10-4101-b01b-b8b39ccccc47,Station Wagon/Sport Utility Vehicle,GMC -CAR/SUV,2022.0,0.0,,,Parked,Left Front Quarter Panel,Left Front Quarter Panel,Left Side Doors,Left Front Bumper,Left Rear Quarter Panel,N,,Unspecified,Unspecified,QUEENS,11370.0,"    (40.758595, -73.89217)",0.0,0.0,0,0,0,0,0,0,Station Wagon/Sport Utility Vehicle,,0
20199335,4519468,04/12/2022,11:20,8d9b99f4-9419-45cf-99f7-cdc8c1dc1abb,Station Wagon/Sport Utility Vehicle,TOYT -CAR/SUV,2006.0,1.0,F,Unlicensed,Other*,Center Front End,Center Front End,No Damage,No Damage,No Damage,N,,Driver Inattention/Distraction,Following Too Closely,BRONX,10456.0,"    (40.82581, -73.907036)",0.0,0.0,0,0,0,0,0,0,Station Wagon/Sport Utility Vehicle,Station Wagon/Sport Utility Vehicle,0
20152337,4497840,01/26/2022,08:15,87e43f34-3f60-457f-935e-40b9ec40a4b8,Convertible,TOYT -CAR/SUV,2009.0,1.0,M,Licensed,Making Left Turn,No Damage,No Damage,No Damage,No Damage,No Damage,N,,Unspecified,Unspecified,BROOKLYN,11203.0,"    (40.646854, -73.92119)",2.0,0.0,2,0,0,0,0,0,Convertible,,1
20178779,4509882,03/14/2022,04:52,ee3c5a65-a679-4e9f-9aee-81c1c3c1abc5,Station Wagon/Sport Utility Vehicle,KIA -CAR/SUV,2021.0,1.0,M,Licensed,Making Left Turn,Left Front Bumper,Left Front Bumper,Center Front End,Left Front Quarter Panel,,N,,Driver Inexperience,Failure to Yield Right-of-Way,,,"    (40.68865, -73.84711)",0.0,0.0,0,0,0,0,0,0,Station Wagon/Sport Utility Vehicle,Station Wagon/Sport Utility Vehicle,0
20347581,4586623,12/02/2022,15:37,b65bdeb1-66f8-483e-ac62-5407ccff9254,Station Wagon/Sport Utility Vehicle,NISS -CAR/SUV,2018.0,1.0,,,Going Straight Ahead,Center Front End,Center Front End,,,,N,,Unspecified,Unspecified,QUEENS,11413.0,"    (40.68139, -73.753555)",1.0,0.0,1,0,0,0,0,0,Station Wagon/Sport Utility Vehicle,,1
20243953,4539230,06/20/2022,09:30,410d54b6-2b2b-4800-a301-776cedb73064,Sedan,BUIC -CAR/SUV,2006.0,1.0,M,Licensed,Going Straight Ahead,Center Front End,Right Front Bumper,Right Front Quarter Panel,Left Front Bumper,Left Front Quarter Panel,N,,Following Too Closely,Driver Inattention/Distraction,,,"    (40.60862, -74.14824)",4.0,0.0,0,0,0,0,4,0,Station Wagon/Sport Utility Vehicle,Station Wagon/Sport Utility Vehicle,1
20221352,4529184,05/18/2022,18:00,ad8d6399-22aa-491f-9b56-d8e3b9858cbc,Sedan,FORD -CAR/SUV,2011.0,3.0,M,Licensed,Passing,Right Side Doors,Right Side Doors,Right Rear Quarter Panel,Right Rear Quarter Panel,Right Rear Bumper,N,,Unspecified,Unspecified,BRONX,10461.0,"    (40.840164, -73.84262)",0.0,0.0,0,0,0,0,0,0,Sedan,Station Wagon/Sport Utility Vehicle,0
20182944,4511833,03/18/2022,08:40,d0942e11-49a4-47c5-9511-e3de4e5533fc,Sedan,CHRY -CAR/SUV,2010.0,1.0,M,Licensed,Entering Parked Position,Right Front Bumper,Center Front End,Left Front Bumper,Center Back End,,N,,Backing Unsafely,Unsafe Speed,,,"    (40.74006, -73.87864)",0.0,0.0,0,0,0,0,0,0,Sedan,Taxi,0
20225570,4531024,05/20/2022,10:23,d96099c3-67a0-4d93-b0b5-05da706dac0f,Sedan,TOYT -CAR/SUV,2016.0,0.0,,,Parked,Right Front Quarter Panel,Right Front Quarter Panel,No Damage,No Damage,No Damage,N,,Unspecified,Unspecified,,,"    (40.838108, -73.914246)",0.0,0.0,0,0,0,0,0,0,Sedan,,0
20182367,4511675,03/18/2022,08:10,3c1d5dd5-0b90-43b5-a1c9-a1a1235d21b2,Sedan,CHEV -CAR/SUV,2020.0,1.0,,,Going Straight Ahead,Center Front End,Center Front End,No Damage,No Damage,No Damage,N,,Driver Inattention/Distraction,Unspecified,MANHATTAN,10032.0,"    (40.83417, -73.94837)",0.0,0.0,0,0,0,0,0,0,Station Wagon/Sport Utility Vehicle,Sedan,0
20317656,4573096,10/13/2022,19:00,3ffde9f6-3480-49d5-810b-3e6861c43897,Sedan,FORD -CAR/SUV,2015.0,1.0,M,Licensed,Making Left Turn,Center Front End,Left Front Bumper,No Damage,No Damage,No Damage,N,,Driver Inattention/Distraction,Turning Improperly,BROOKLYN,11217.0,"    (40.680733, -73.97451)",1.0,0.0,0,0,0,0,0,0,Sedan,E-Bike,1
20215718,4526947,05/10/2022,07:35,39adb6b5-eca7-4f7b-9452-4b6cffd7b77e,Sedan,HOND -CAR/SUV,2021.0,3.0,M,Licensed,Going Straight Ahead,Center Front End,Center Front End,Left Front Bumper,Right Front Bumper,,N,,Unspecified,Unspecified,BROOKLYN,11231.0,"    (40.67639, -73.99075)",1.0,0.0,0,0,0,0,1,0,Pick-up Truck,Sedan,1
20275854,4554094,07/29/2022,23:45,252743a9-f4b3-40a9-94ce-20a70604960d,Sedan,HOND -CAR/SUV,2019.0,0.0,,,Parked,Left Rear Bumper,Left Rear Quarter Panel,No Damage,No Damage,No Damage,N,,Unspecified,Unspecified,BROOKLYN,11224.0,"    (40.575645, -73.99002)",0.0,0.0,0,0,0,0,0,0,Sedan,Sedan,0
20267781,4550158,07/19/2022,12:00,7090c635-c151-4cb3-ac2f-ee1fa84ba0b5,Station Wagon/Sport Utility Vehicle,AUDI -CAR/SUV,2022.0,1.0,F,Licensed,Going Straight Ahead,Left Front Bumper,Center Front End,,,,N,,Failure to Yield Right-of-Way,Unspecified,QUEENS,11385.0,"    (40.694107, -73.89737)",2.0,0.0,0,0,0,0,2,0,Station Wagon/Sport Utility Vehicle,Station Wagon/Sport Utility Vehicle,1
20172119,4507080,03/02/2022,17:27,b1542624-61c3-497b-9c2b-aa480b81c772,Station Wagon/Sport Utility Vehicle,LNDR -CAR/SUV,2019.0,1.0,F,Licensed,Stopped in Traffic,Center Back End,Center Back End,Left Rear Bumper,,,N,,Unspecified,Unspecified,BROOKLYN,11236.0,"    (40.637196, -73.89759)",1.0,0.0,0,0,0,0,1,0,Sedan,Sedan,1
20149854,4496756,01/23/2022,20:40,3d330753-5fa8-44ac-b767-899b5407f83b,Station Wagon/Sport Utility Vehicle,MERC -CAR/SUV,2002.0,2.0,F,Licensed,Making Right Turn,Center Back End,Center Back End,,,,N,,Unspecified,Unspecified,QUEENS,11411.0,"    (40.69314, -73.74486)",0.0,0.0,0,0,0,0,0,0,Station Wagon/Sport Utility Vehicle,,0
20234563,4521760,04/23/2022,02:50,48e8b328-3f2b-4381-9aa6-eda43a750682,Sedan,FORD -CAR/SUV,2018.0,1.0,M,Licensed,Going Straight Ahead,Center Back End,Left Front Quarter Panel,Right Rear Bumper,Left Front Bumper,Left Front Bumper,N,,Unspecified,Unspecified,,,,0.0,0.0,0,0,0,0,0,0,Sedan,Sedan,0
20277271,4554586,08/11/2022,16:07,58cdbfb7-4405-45d6-932b-09275f7c8dee,Sedan,INFI -CAR/SUV,2019.0,2.0,M,Licensed,Going Straight Ahead,Right Front Quarter Panel,Right Front Bumper,Center Front End,Left Front Bumper,Left Front Quarter Panel,N,,Unsafe Speed,Passing Too Closely,BRONX,10462.0,"    (40.838055, -73.85159)",1.0,0.0,0,0,0,0,1,0,Sedan,Station Wagon/Sport Utility Vehicle,1
20326375,4577149,10/30/2022,00:50,f549b04b-6d26-4d79-9d26-609dce091be9,Sedan,VOLK -CAR/SUV,2020.0,0.0,,,Parked,Center Back End,Center Back End,,,,N,,Unspecified,Unspecified,BROOKLYN,11231.0,"    (40.680786, -74.003746)",0.0,0.0,0,0,0,0,0,0,Sedan,Sedan,0
20210986,4524682,05/04/2022,09:30,0cee3792-fb2c-4a05-bd11-8d22d26b6889,Station Wagon/Sport Utility Vehicle,CHEV -CAR/SUV,2014.0,1.0,M,Licensed,Going Straight Ahead,Right Side Doors,Right Side Doors,,,,N,,Unspecified,Unspecified,,,"    (40.67812, -74.00316)",0.0,0.0,0,0,0,0,0,0,Station Wagon/Sport Utility Vehicle,Station Wagon/Sport Utility Vehicle,0
20320665,4574256,10/19/2022,08:40,d83373f0-5632-4743-9303-45c2b7ec9ad4,Station Wagon/Sport Utility Vehicle,NISS -CAR/SUV,2003.0,2.0,F,Licensed,Going Straight Ahead,Center Front End,Center Front End,Right Front Bumper,Left Front Bumper,,N,,Brakes Defective,Unspecified,,,"    (40.781647, -73.8367)",2.0,0.0,0,0,0,0,2,0,Station Wagon/Sport Utility Vehicle,Bus,1
20291511,4561201,09/05/2022,16:56,76bfe74c-6fc5-4bf9-9aba-33c62d42731d,Motorcycle,YAMA -MCL,2016.0,1.0,M,Unlicensed,Going Straight Ahead,Center Front End,Center Front End,,,,Unspecified,,Traffic Control Disregarded,Failure to Yield Right-of-Way,,,"    (40.817196, -73.895325)",1.0,0.0,0,0,0,0,1,0,Station Wagon/Sport Utility Vehicle,Motorcycle,1
20272902,4552652,08/02/2022,11:05,00da5d4e-b832-452b-bb20-d664ad7a73d1,Station Wagon/Sport Utility Vehicle,LEXS -CAR/SUV,2015.0,1.0,M,Licensed,Going Straight Ahead,Left Front Bumper,Left Front Quarter Panel,Left Side Doors,No Damage,No Damage,N,,Driver Inattention/Distraction,Unspecified,QUEENS,11374.0,"    (40.726173, -73.86489)",1.0,0.0,0,0,0,0,1,0,Station Wagon/Sport Utility Vehicle,Sedan,1
20247298,4541050,06/26/2022,05:10,15dbe263-140e-4320-a21c-f5f9a2d66348,Sedan,HOND -CAR/SUV,2010.0,2.0,F,Licensed,Going Straight Ahead,Right Front Bumper,Right Front Bumper,,,,N,,Unspecified,Unspecified,,,"    (40.678844, -73.86609)",0.0,0.0,0,0,0,0,0,0,Sedan,Pick-up Truck,0
20169110,4505658,02/25/2022,02:30,a144c161-16d6-4457-a712-d5dff7655110,Sedan,KIA -CAR/SUV,,1.0,U,,Going Straight Ahead,Center Front End,Center Front End,,,,N,,Following Too Closely,Unsafe Speed,,,"    (40.59976, -73.903336)",0.0,0.0,0,0,0,0,0,0,Station Wagon/Sport Utility Vehicle,Sedan,0
20293253,4561685,09/07/2022,04:00,dde4523c-f30e-423d-b662-8d4492875333,Sedan,NISS -CAR/SUV,2013.0,1.0,M,Licensed,Going Straight Ahead,Center Front End,Center Front End,,,,N,,Driver Inattention/Distraction,Driver Inexperience,QUEENS,11368.0,,1.0,0.0,0,0,0,0,1,0,Sedan,Sedan,1
20336879,4581712,11/11/2022,08:30,b06bb537-ae27-4ce1-b93b-0e86b7a5cefa,Sedan,VOLK -CAR/SUV,2012.0,1.0,F,Licensed,Going Straight Ahead,Center Front End,Center Front End,Right Front Bumper,Left Front Bumper,,N,,Driver Inattention/Distraction,Failure to Yield Right-of-Way,,,"    (40.68619, -73.87622)",0.0,0.0,0,0,0,0,0,0,Taxi,Sedan,0
20229046,4532704,05/30/2022,19:50,1e1308aa-f38d-41ce-ac94-0c9baa3da7b0,Station Wagon/Sport Utility Vehicle,NISS -CAR/SUV,2012.0,1.0,M,Licensed,Making Right Turn,Left Front Bumper,Left Front Quarter Panel,Left Front Bumper,Left Side Doors,Left Rear Quarter Panel,N,,Unspecified,Unspecified,,,"    (40.812073, -73.93604)",1.0,0.0,0,0,0,0,0,0,Station Wagon/Sport Utility Vehicle,E-Bike,1
20180428,4510788,03/16/2022,15:20,4aa777ed-ef7d-4b4a-82b4-619d58d563e9,Sedan,BMW -CAR/SUV,2015.0,2.0,M,Licensed,Making Left Turn,Left Rear Bumper,Left Rear Bumper,Left Rear Quarter Panel,Center Back End,,N,,Unsafe Lane Changing,Unspecified,QUEENS,11369.0,"    (40.760098, -73.8593)",2.0,0.0,0,0,0,0,2,0,Sedan,Dump,1
20287745,4559460,08/28/2022,05:00,8bd8b9f1-31dc-47e5-9920-52c2de4c0e79,,NISS -CAR/SUV,,2.0,,,Going Straight Ahead,Other,Other,Other,Other,Other,N,,Unspecified,Unspecified,BROOKLYN,11212.0,"    (40.665188, -73.92128)",0.0,0.0,0,0,0,0,0,0,Sedan,,0
20260319,4546936,07/15/2022,17:20,214447ee-0eb0-44d1-8a9e-2671533ee86a,Trailer,Haulm,2005.0,1.0,M,Licensed,Stopped in Traffic,Right Rear Bumper,Right Rear Bumper,,,,N,,Unspecified,Unspecified,,,"    (40.68161, -73.77221)",1.0,0.0,0,0,0,0,1,0,Trailer,Sedan,1
20348728,4587290,12/04/2022,01:30,78fd4306-cbcf-446c-ba60-7ee8447c3ab2,Sedan,CHEV -CAR/SUV,2022.0,1.0,M,Licensed,Stopped in Traffic,Right Rear Bumper,Right Rear Bumper,,,,N,,Unspecified,Unspecified,BRONX,10458.0,"    (40.856743, -73.89527)",1.0,0.0,0,0,0,0,1,0,Sedan,Station Wagon/Sport Utility Vehicle,1
20358627,4591937,12/19/2022,06:00,c9f83cac-d59b-4142-a722-8d8c9a775d9d,E-Scooter,BIRD,,1.0,M,,Going Straight Ahead,Center Front End,Center Front End,,,,N,,Other Vehicular,Driver Inattention/Distraction,QUEENS,11101.0,"    (40.753994, -73.94244)",1.0,0.0,0,0,0,0,0,0,Taxi,E-Scooter,1
20161525,4502143,02/10/2022,00:00,cbb26dd8-ec76-4514-9559-f2051335aff9,Sedan,CHRY -CAR/SUV,,,,,Going Straight Ahead,Right Rear Quarter Panel,No Damage,No Damage,No Damage,No Damage,Unspecified,,Driver Inattention/Distraction,Unspecified,BRONX,10458.0,"    (0.0, 0.0)",0.0,0.0,0,0,0,0,0,0,Sedan,Sedan,0
20197406,4518280,04/09/2022,18:00,7ec6092a-a3db-48a2-b7f5-2c0510b9c222,Station Wagon/Sport Utility Vehicle,HOND -CAR/SUV,2011.0,0.0,F,Licensed,Parked,Left Side Doors,Left Side Doors,,,,N,,Unspecified,Unspecified,BRONX,10473.0,"    (40.816795, -73.86578)",0.0,0.0,0,0,0,0,0,0,Station Wagon/Sport Utility Vehicle,Sedan,0
20287242,4559207,08/20/2022,22:41,13dca645-a542-4ed7-ae20-91eb8e04226f,Sedan,TOYT -CAR/SUV,2017.0,1.0,M,Licensed,Going Straight Ahead,Left Front Bumper,Left Front Bumper,,,,N,,Unspecified,Unspecified,BROOKLYN,11203.0,"    (40.65416, -73.92483)",0.0,0.0,0,0,0,0,0,0,Sedan,Sedan,0
20280616,4556270,08/14/2022,21:50,8bfefbb2-2a9e-4209-a41e-bf6f4c3ccc27,Sedan,TOYT -CAR/SUV,2004.0,1.0,M,Licensed,Going Straight Ahead,Left Front Quarter Panel,Left Front Quarter Panel,Left Side Doors,Left Rear Quarter Panel,No Damage,N,,Driver Inattention/Distraction,Unspecified,QUEENS,11423.0,"    (40.712727, -73.77666)",1.0,0.0,0,0,0,0,1,0,Sedan,Sedan,1
20139042,4492288,01/03/2022,16:00,878e4fe8-29a8-4927-b35b-989a5cf8ac98,Station Wagon/Sport Utility Vehicle,TOYT -CAR/SUV,2016.0,1.0,M,Licensed,Making Right Turn,Left Side Doors,Left Side Doors,No Damage,No Damage,No Damage,N,,Driver Inattention/Distraction,Driver Inexperience,MANHATTAN,10016.0,"    (40.748436, -73.984566)",0.0,0.0,0,0,0,0,0,0,Bus,Station Wagon/Sport Utility Vehicle,0
20289555,4560310,09/01/2022,14:40,e6c583c8-66ce-467b-9131-7c8666365cc6,Sedan,BMW -CAR/SUV,2021.0,1.0,F,Licensed,Slowing or Stopping,Left Front Quarter Panel,Other,,,,N,,Unspecified,Unspecified,,,"    (40.623123, -74.1676)",0.0,0.0,0,0,0,0,0,0,Sedan,,0
20299017,4564674,09/14/2022,11:15,0b69233c-f11c-4c91-876a-9ee4ea69306d,Station Wagon/Sport Utility Vehicle,CHEV -CAR/SUV,2006.0,1.0,M,Licensed,Going Straight Ahead,Left Side Doors,Left Front Quarter Panel,Left Front Bumper,,,N,,Unspecified,Unspecified,BROOKLYN,11201.0,"    (40.689857, -73.99842)",1.0,0.0,0,0,0,0,1,0,Station Wagon/Sport Utility Vehicle,Box Truck,1
20342502,4584419,11/24/2022,21:50,429d63b7-3eca-41da-95b6-61e5836f960c,Sedan,HOND -CAR/SUV,2018.0,1.0,M,Licensed,Going Straight Ahead,Center Front End,Center Front End,,,,N,,Following Too Closely,Unspecified,,,"    (40.742657, -73.846214)",0.0,0.0,0,0,0,0,0,0,Station Wagon/Sport Utility Vehicle,Sedan,0
20237185,4536402,06/12/2022,03:38,1d3fd25f-f6c3-4dc2-af7a-276fd4bf4019,Station Wagon/Sport Utility Vehicle,BMW -CAR/SUV,2001.0,1.0,M,Licensed,Going Straight Ahead,Center Back End,Center Back End,Right Rear Bumper,Right Rear Quarter Panel,No Damage,N,,Driver Inattention/Distraction,Following Too Closely,,,,2.0,0.0,0,0,0,0,2,0,Sedan,Station Wagon/Sport Utility Vehicle,1
20164935,4503882,02/18/2022,20:08,3c484fab-d4b8-419c-8845-3e487c99fdde,Station Wagon/Sport Utility Vehicle,LEXS -CAR/SUV,2020.0,1.0,M,Licensed,Merging,Left Side Doors,No Damage,,,,N,,Passing Too Closely,Unspecified,QUEENS,11374.0,"    (40.729572, -73.86083)",0.0,0.0,0,0,0,0,0,0,Bike,Station Wagon/Sport Utility Vehicle,0
20368380,4596084,12/29/2022,14:10,6d627884-878d-4aa1-8600-052296db8a07,Station Wagon/Sport Utility Vehicle,TOYT -CAR/SUV,2007.0,1.0,,,Making Left Turn,Center Front End,No Damage,,,,N,,Turning Improperly,Unspecified,BROOKLYN,11236.0,,1.0,0.0,1,0,0,0,0,0,Station Wagon/Sport Utility Vehicle,,1
20205252,4521880,04/18/2022,13:00,f0f701a8-6056-44eb-bfc0-1d48726a1227,Station Wagon/Sport Utility Vehicle,HOND -CAR/SUV,2016.0,1.0,F,Licensed,Stopped in Traffic,Center Back End,Right Rear Bumper,,,,N,,Unspecified,Unspecified,,,"    (40.820297, -73.854645)",1.0,0.0,0,0,0,0,1,0,Station Wagon/Sport Utility Vehicle,Sedan,1
20260483,4546922,07/17/2022,00:15,026b9e56-c052-442f-991c-2ccdbe092654,Sedan,HYUN -CAR/SUV,2022.0,1.0,M,,Merging,Right Side Doors,Center Front End,Left Rear Quarter Panel,Center Back End,Roof,N,,Unspecified,Unspecified,,,"    (40.69382, -73.72694)",1.0,0.0,0,0,0,0,1,0,Sedan,Sedan,1
20313128,4570846,10/07/2022,09:45,2d1a267f-eda1-470c-949e-84e10da1276e,Sedan,NISS -CAR/SUV,2020.0,1.0,M,Licensed,Entering Parked Position,Center Back End,No Damage,,,,N,,Unspecified,Unspecified,BROOKLYN,11235.0,"    (0.0, 0.0)",0.0,0.0,0,0,0,0,0,0,Sedan,Convertible,0
20176287,4508959,02/28/2022,21:21,14d37c39-7698-4829-b75b-15cd35901001,Sedan,HOND -CAR/SUV,2019.0,1.0,F,Licensed,Going Straight Ahead,Left Front Quarter Panel,Left Front Quarter Panel,Left Rear Quarter Panel,Left Rear Bumper,,N,,Unspecified,Unspecified,,,"    (40.823257, -73.94293)",1.0,0.0,0,0,1,0,0,0,Sedan,Bike,1