UNIQUE_ID,COLLISION_ID,CRASH_DATE,CRASH_TIME,VEHICLE_ID,VEHICLE_TYPE,VEHICLE_MAKE,VEHICLE_YEAR,VEHICLE_OCCUPANTS,DRIVER_SEX,DRIVER_LICENSE_STATUS,PRE_CRASH,POINT_OF_IMPACT,VEHICLE_DAMAGE,VEHICLE_DAMAGE_1,VEHICLE_DAMAGE_2,VEHICLE_DAMAGE_3,PUBLIC_PROPERTY_DAMAGE,PUBLIC_PROPERTY_DAMAGE_TYPE,CONTRIBUTING_FACTOR_1,CONTRIBUTING_FACTOR_2,BOROUGH,ZIP CODE,LOCATION,NUMBER OF PERSONS INJURED,NUMBER OF PERSONS KILLED,NUMBER OF PEDESTRIANS INJURED,NUMBER OF PEDESTRIANS KILLED,NUMBER OF CYCLIST INJURED,NUMBER OF CYCLIST KILLED,NUMBER OF MOTORIST INJURED,NUMBER OF MOTORIST KILLED,VEHICLE TYPE CODE 1,VEHICLE TYPE CODE 2,Severity
20141524,4493282,01/09/2022,20:30,a3127a0b-c8d3-4d8a-a9fd-bcb8d808f49f,Sedan,CHEV -CAR/SUV,1981.0,1.0,M,Licensed,Starting from Parking,Left Front Bumper,Left Front Quarter Panel,Left Front Bumper,Left Front Quarter Panel,Left Front Bumper,N,,Driver Inattention/Distraction,Unspecified,BROOKLYN,11229.0,"    (40.61088, -73.95415)",1.0,0.0,0,0,0,0,1,0,Sedan,MOPED,1
20298849,4564471,09/15/2022,08:55,b1c7e428-7936-4354-9cbe-613bb9486f95,Station Wagon/Sport Utility Vehicle,HOND -CAR/SUV,2013.0,0.0,,,Parked,Left Side Doors,Left Side Doors,Left Front Bumper,,,N,,Unspecified,Unspecified,QUEENS,11373.0,"    (40.733337, -73.87761)",1.0,0.0,0,0,0,0,1,0,Station Wagon/Sport Utility Vehicle,Station Wagon/Sport Utility Vehicle,1
20153987,4498376,01/28/2022,17:10,805b1cd3-c3f6-4d42-9cb8-2c5a8590d105,Sedan,NISS -CAR/SUV,2013.0,1.0,F,Licensed,Parked,Left Side Doors,Left Side Doors,No Damage,No Damage,No Damage,N,,Unspecified,Unspecified,BRONX,10454.0,"    (40.80684, -73.9275)",0.0,0.0,0,0,0,0,0,0,Sedan,PK,0
20218099,4527935,05/13/2022,00:16,6c97de62-6d96-429f-ae9c-d4f8929cb6c2,Sedan,MERZ -CAR/SUV,2013.0,1.0,M,Licensed,Going Straight Ahead,Center Front End,Center Front End,Right Side Doors,Right Side Doors,,N,,Driver Inattention/Distraction,Unspecified,,,"    (40.685024, -73.98612)",2.0,0.0,0,0,0,0,2,0,Sedan,Sedan,1
20320432,4574304,10/19/2022,21:20,d90a6e4d-6e86-4924-ac68-41d0c0cd2b1b,Station Wagon/Sport Utility Vehicle,JEEP -CAR/SUV,2002.0,1.0,F,Licensed,Going Straight Ahead,Right Front Bumper,Right Front Bumper,Center Front End,,,N,,Driver Inattention/Distraction,Steering Failure,BROOKLYN,11209.0,"    (40.624805, -74.02955)",0.0,0.0,0,0,0,0,0,0,Station Wagon/Sport Utility Vehicle,Station Wagon/Sport Utility Vehicle,0
20236052,4535924,06/08/2022,20:05,9c11860e-6930-4bd6-9c27-adf5980aa22f,Sedan,FORD -CAR/SUV,2021.0,0.0,M,,Going Straight Ahead,No Damage,No Damage,No Damage,No Damage,No Damage,N,,Unspecified,Unspecified,BROOKLYN,11220.0,"    (40.645973, -74.01631)",1.0,0.0,1,0,0,0,0,0,Sedan,,1
20258184,4545983,07/12/2022,23:50,10d6ea8f-5d45-45d5-9bfd-ac9eeda8800e,Station Wagon/Sport Utility Vehicle,HOND -CAR/SUV,2009.0,3.0,M,Licensed,Going Straight Ahead,Left Front Quarter Panel,Left Front Quarter Panel,Left Front Bumper,No Damage,No Damage,N,,Unspecified,Unspecified,BRONX,10454.0,"    (40.806065, -73.90905)",2.0,0.0,0,0,0,0,2,0,Station Wagon/Sport Utility Vehicle,Carry All,1
20294438,4562454,09/06/2022,11:40,93adf491-9bdf-405b-b2de-9636c9b12ee7,Station Wagon/Sport Utility Vehicle,MERZ -CAR/SUV,2021.0,1.0,F,Licensed,Stopped in Traffic,Center Back End,Center Back End,Right Rear Bumper,Left Rear Bumper,Center Front End,N,,Unspecified,Unspecified,,,"    (40.626713, -74.16214)",1.0,0.0,0,0,0,0,1,0,Station Wagon/Sport Utility Vehicle,Station Wagon/Sport Utility Vehicle,1
20220807,4528911,05/18/2022,11:05,b28e402d-dab8-4791-a7ef-fd7b03276852,Station Wagon/Sport Utility Vehicle,ACUR -CAR/SUV,2017.0,1.0,M,Licensed,Going Straight Ahead,Left Front Quarter Panel,Left Front Quarter Panel,Right Front Quarter Panel,,,N,,Other Vehicular,Unspecified,,,"    (40.789577, -73.78414)",0.0,0.0,0,0,0,0,0,0,Station Wagon/Sport Utility Vehicle,Station Wagon/Sport Utility Vehicle,0
20297819,4564127,09/08/2022,09:21,91aeacb2-68de-403d-a349-a59d0a2aade1,Dump,VOLV -TRUCK/BUS,2014.0,,,,Going Straight Ahead,Right Rear Quarter Panel,No Damage,,,,N,,Driver Inattention/Distraction,Unspecified,,,"    (40.69832, -73.962265)",0.0,0.0,0,0,0,0,0,0,Bus,Dump,0
20284854,4558002,08/24/2022,08:20,654b1dbf-2df3-4dbc-9afb-33619b754cac,Station Wagon/Sport Utility Vehicle,HOND -CAR/SUV,2014.0,1.0,F,Licensed,Parked,Left Rear Quarter Panel,Left Rear Bumper,Left Rear Quarter Panel,Left Rear Bumper,Left Side Doors,N,,Unspecified,Unspecified,BRONX,10458.0,,0.0,0.0,0,0,0,0,0,0,Station Wagon/Sport Utility Vehicle,Sedan,0
20170341,4506399,02/28/2022,15:50,95e6287c-5c91-4645-bac5-ad980375a10e,Ambulance,FORD-TRUCK/BUS,2017.0,1.0,M,Licensed,Going Straight Ahead,Right Rear Quarter Panel,Right Rear Quarter Panel,No Damage,No Damage,No Damage,N,,Passing Too Closely,Driver Inattention/Distraction,MANHATTAN,10026.0,"    (40.797886, -73.94974)",0.0,0.0,0,0,0,0,0,0,Station Wagon/Sport Utility Vehicle,Ambulance,0
20297650,4563795,09/13/2022,20:11,76ee3945-d4ef-436f-a042-97cf68266be6,Motorcycle,YAMA -MCL,2022.0,1.0,M,Licensed,Going Straight Ahead,Center Front End,Right Front Bumper,,,,N,,Unspecified,Unspecified,,,"    (40.666348, -73.76093)",1.0,0.0,0,0,0,0,1,0,Motorcycle,,1
20219172,4528253,05/13/2022,20:50,55f0a9a4-f310-4e4a-8cc6-66ad28fcdb17,Station Wagon/Sport Utility Vehicle,BUIC -CAR/SUV,2017.0,0.0,F,Licensed,Making Left Turn,Center Back End,Center Back End,Left Rear Bumper,Right Rear Bumper,No Damage,N,,Unspecified,Unspecified,MANHATTAN,10029.0,"    (40.796005, -73.93542)",1.0,0.0,0,0,1,0,0,0,Station Wagon/Sport Utility Vehicle,Bike,1
20156121,4499800,02/03/2022,18:42,f1dd204e-ee4c-4b62-a8fd-3a8ef939940a,Station Wagon/Sport Utility Vehicle,TOYT -CAR/SUV,2021.0,1.0,F,Licensed,Stopped in Traffic,Center Back End,Center Back End,,,,N,,Unspecified,Unspecified,,,"    (40.726444, -73.76579)",0.0,0.0,0,0,0,0,0,0,Station Wagon/Sport Utility Vehicle,,0
20140198,4492505,01/06/2022,12:45,ee10e7f2-ff61-431e-acb8-fc77dafdd286,Station Wagon/Sport Utility Vehicle,NISS -CAR/SUV,2017.0,1.0,M,Licensed,Going Straight Ahead,Right Front Bumper,Right Front Bumper,Center Front End,Right Front Quarter Panel,,N,,Unspecified,Unspecified,,,"    (40.71122, -73.72827)",2.0,0.0,0,0,0,0,2,0,Station Wagon/Sport Utility Vehicle,Sedan,1
20300788,4565289,09/17/2022,09:20,5b4cfc21-18b7-43fa-8925-6dc740d05e60,Pick-up Truck,DODG -CAR/SUV,2017.0,0.0,M,Licensed,Going Straight Ahead,Right Rear Bumper,Right Rear Bumper,,,,N,,Unspecified,Unspecified,,,"    (40.8452, -73.916885)",0.0,0.0,0,0,0,0,0,0,Pick-up Truck,Sedan,0
20365625,4594958,12/30/2022,19:30,1bffd5f5-cb35-4615-ae7c-524b670afb0e,Taxi,TOYT -CAR/SUV,2018.0,1.0,M,,Going Straight Ahead,Right Side Doors,Right Side Doors,,,,N,,Unspecified,Unspecified,MANHATTAN,10011.0,"    (40.741165, -74.00376)",0.0,0.0,0,0,0,0,0,0,Taxi,Station Wagon/Sport Utility Vehicle,0
20255467,4544862,07/07/2022,15:00,99197c12-6dc4-4a83-a063-539693b19aa3,Station Wagon/Sport Utility Vehicle,HOND -CAR/SUV,2014.0,3.0,M,Licensed,Changing Lanes,Right Front Quarter Panel,Right Front Quarter Panel,,,,N,,Passing or Lane Usage Improper,Unspecified,MANHATTAN,10016.0,"    (40.747078, -73.981346)",0.0,0.0,0,0,0,0,0,0,Station Wagon/Sport Utility Vehicle,Station Wagon/Sport Utility Vehicle,0
20241665,4538413,06/18/2022,14:30,b6727b33-e64a-45a3-b336-4fcdaf2a95f7,Sedan,HOND -CAR/SUV,2019.0,3.0,M,Licensed,Going Straight Ahead,Left Rear Quarter Panel,Left Rear Quarter Panel,,,,N,,Unspecified,Unspecified,,,"    (40.78015, -73.84241)",3.0,0.0,0,0,0,0,3,0,Sedan,Station Wagon/Sport Utility Vehicle,1
20212379,4525224,05/06/2022,10:10,06783b14-063c-4664-b99b-b1be0628cb00,Tractor Truck Diesel,INTL-TRUCK/BUS,1998.0,1.0,,,Making Left Turn,Left Front Quarter Panel,No Damage,No Damage,No Damage,No Damage,N,,Driver Inattention/Distraction,Unspecified,BROOKLYN,11220.0,"    (0.0, 0.0)",0.0,0.0,0,0,0,0,0,0,Sedan,Tractor Truck Diesel,0
20199287,4519476,04/16/2022,20:09,380ed765-c0ea-466b-81ac-a1bb17d3688b,Station Wagon/Sport Utility Vehicle,FORD -CAR/SUV,2018.0,1.0,F,Licensed,Stopped in Traffic,Center Back End,Center Back End,Left Rear Bumper,Right Rear Bumper,Left Rear Quarter Panel,N,,Unspecified,Unspecified,,,"    (40.831623, -73.95072)",1.0,0.0,0,0,0,0,1,0,Station Wagon/Sport Utility Vehicle,Sedan,1
20252840,4543714,06/19/2022,00:05,4ae4a7ef-a97e-4ccd-9883-670a5787f16a,,BMW -CAR/SUV,,,,,,,,,,,Unspecified,,Driver Inattention/Distraction,,BROOKLYN,11214.0,"    (40.582687, -73.98627)",0.0,0.0,0,0,0,0,0,0,Sedan,,0
20229446,4532715,05/30/2022,19:15,6b0185b2-1043-4037-a440-08c4382b065f,Sedan,HYUN -CAR/SUV,2020.0,1.0,F,Licensed,Stopped in Traffic,Left Rear Bumper,Left Rear Bumper,No Damage,No Damage,No Damage,N,,Unspecified,Unspecified,,,"    (40.679855, -73.79554)",1.0,0.0,0,0,0,0,1,0,Sedan,Station Wagon/Sport Utility Vehicle,1
20238877,4537393,06/14/2022,23:55,185d4172-d74b-4ee5-8c5c-63a4c6f7978e,Station Wagon/Sport Utility Vehicle,ACUR -CAR/SUV,2003.0,0.0,,,Parked,Left Rear Quarter Panel,Left Rear Quarter Panel,Left Rear Bumper,,,N,,Unspecified,Unspecified,QUEENS,11421.0,"    (40.697693, -73.84905)",0.0,0.0,0,0,0,0,0,0,Station Wagon/Sport Utility Vehicle,Station Wagon/Sport Utility Vehicle,0
20351656,4588858,12/09/2022,03:30,443c8ce6-7dc8-4384-86d6-ec5674bd66d2,Sedan,TOYT -CAR/SUV,2017.0,1.0,,,Making Left Turn,Left Rear Quarter Panel,Left Rear Quarter Panel,,,,N,,Driver Inexperience,Unspecified,MANHATTAN,10027.0,"    (40.81059, -73.954575)",0.0,0.0,0,0,0,0,0,0,Sedan,Sedan,0
20147794,4495930,01/19/2022,08:30,8689b274-5621-4251-8fa8-894db403ea12,Sedan,HYUN -CAR/SUV,2011.0,2.0,F,Permit,Making Right Turn,Roof,Left Front Quarter Panel,,,,N,,Failure to Yield Right-of-Way,Unspecified,MANHATTAN,10011.0,"    (40.741646, -74.00487)",0.0,0.0,0,0,0,0,0,0,Tractor Truck Diesel,Sedan,0
20241698,4538786,06/12/2022,03:10,d8a8ff18-3639-4503-9ec9-391451e61dfc,Sedan,HOND -CAR/SUV,,,,,Changing Lanes,Right Front Bumper,,,,,N,,Unsafe Lane Changing,Unspecified,,,"    (40.81801, -73.96149)",0.0,0.0,0,0,0,0,0,0,Sedan,Sedan,0
20207675,4523105,04/25/2022,09:36,3e2d127b-8011-4e18-9e50-50e615c8734b,Pick-up Truck,JEEP -CAR/SUV,2014.0,2.0,M,Licensed,Going Straight Ahead,Right Front Bumper,Right Front Bumper,No Damage,No Damage,No Damage,N,,Unspecified,Unspecified,BROOKLYN,11217.0,"    (0.0, 0.0)",1.0,0.0,0,0,0,0,1,0,Pick-up Truck,Pick-up Truck,1
20303543,4566442,09/22/2022,22:00,820baefd-0ad5-4c47-8189-4c0c39c0b60a,Pick-up Truck,hino,2020.0,1.0,M,Licensed,Going Straight Ahead,Right Front Bumper,No Damage,,,,N,,Driver Inattention/Distraction,Unspecified,,,"    (40.736145, -73.92651)",0.0,0.0,0,0,0,0,0,0,Station Wagon/Sport Utility Vehicle,Pick-up Truck,0
20232984,4534843,06/05/2022,15:10,e6f93f40-daef-4cfe-a4b2-986ad92f51b1,Sedan,DODG -CAR/SUV,2017.0,0.0,,,Parked,Center Front End,Left Front Bumper,Center Front End,Right Front Bumper,No Damage,N,,Unspecified,Unspecified,MANHATTAN,10023.0,"    (40.781193, -73.97975)",0.0,0.0,0,0,0,0,0,0,Sedan,Station Wagon/Sport Utility Vehicle,0
20183171,4511811,03/18/2022,00:00,dcdf9096-d33e-4e37-b312-967c1ab8c191,Station Wagon/Sport Utility Vehicle,HOND -CAR/SUV,2010.0,1.0,,,Backing,Center Back End,Other,Other,Other,Other,N,,Backing Unsafely,Unspecified,BROOKLYN,11239.0,"    (40.652683, -73.87684)",0.0,0.0,0,0,0,0,0,0,Sedan,Station Wagon/Sport Utility Vehicle,0
20228328,4532524,05/30/2022,14:10,b441253d-2dba-48fd-89d2-1597bbbb7c96,Station Wagon/Sport Utility Vehicle,GMC -CAR/SUV,2015.0,1.0,M,Licensed,Making Right Turn,Right Front Bumper,No Damage,,,,N,,Unspecified,Unspecified,BROOKLYN,11236.0,"    (40.6338, -73.8897)",1.0,0.0,1,0,0,0,0,0,Station Wagon/Sport Utility Vehicle,,1
20270489,4551320,08/01/2022,05:40,bce84177-71b7-49f1-88fe-5ea47de7b73b,Taxi,TOYT -CAR/SUV,2022.0,2.0,M,Licensed,Going Straight Ahead,Right Rear Bumper,Right Rear Bumper,Right Rear Bumper,Right Rear Bumper,No Damage,N,,Unspecified,Unspecified,BROOKLYN,11211.0,"    (40.710682, -73.9597)",2.0,0.0,0,0,0,0,2,0,Taxi,Taxi,1
20293540,4562188,09/08/2022,13:00,5c7407ac-367d-4c1e-9aaa-e13cc1ec74bf,Station Wagon/Sport Utility Vehicle,KIA -CAR/SUV,2019.0,0.0,,,Parked,Left Front Bumper,Left Front Bumper,Left Rear Quarter Panel,,,N,,Unspecified,Unspecified,BRONX,10463.0,"    (40.887314, -73.90715)",2.0,0.0,0,0,0,0,2,0,Sedan,Station Wagon/Sport Utility Vehicle,1
20352645,4589348,12/10/2022,21:30,e3bb6382-edd1-44b5-a432-fccf613ed914,Sedan,LEXS -CAR/SUV,2022.0,0.0,,,Parked,Left Rear Quarter Panel,Left Rear Quarter Panel,Left Rear Bumper,No Damage,No Damage,N,,Unspecified,Unspecified,MANHATTAN,10019.0,"    (40.763542, -73.9852)",0.0,0.0,0,0,0,0,0,0,Sedan,Bus,0
20232807,4534380,06/05/2022,19:38,d5159639-7d4c-4a59-8f14-d165c732ce7f,Station Wagon/Sport Utility Vehicle,NISS -CAR/SUV,2021.0,1.0,M,Licensed,Going Straight Ahead,Center Front End,Right Front Bumper,Left Front Bumper,,,N,,Reaction to Uninvolved Vehicle,Reaction to Uninvolved Vehicle,,,"    (40.898006, -73.861115)",0.0,0.0,0,0,0,0,0,0,Sedan,Station Wagon/Sport Utility Vehicle,0
20139263,4492320,01/04/2022,15:59,af38008b-0ff1-4cba-9601-66bcb9664cee,Sedan,AUDI -CAR/SUV,2017.0,2.0,M,Licensed,Going Straight Ahead,Center Front End,Left Front Bumper,Right Front Bumper,,,N,,Physical Disability,Unspecified,BROOKLYN,11230.0,"    (40.61462, -73.968666)",4.0,0.0,0,0,0,0,4,0,Sedan,Sedan,1
20306844,4567841,09/26/2022,07:16,0c98897c-5c4b-46cb-a30c-ca1591dad6a7,Station Wagon/Sport Utility Vehicle,NISS -CAR/SUV,2011.0,1.0,M,Licensed,Going Straight Ahead,Center Front End,Right Front Bumper,Right Front Bumper,Right Front Quarter Panel,No Damage,N,,Following Too Closely,Unspecified,,,"    (40.836155, -73.87179)",0.0,0.0,0,0,0,0,0,0,Sedan,Station Wagon/Sport Utility Vehicle,0
20150293,4496968,01/24/2022,12:35,163bde9b-b745-4fb0-923a-e0b050ad5699,Station Wagon/Sport Utility Vehicle,HOND -CAR/SUV,2020.0,1.0,M,Licensed,Going Straight Ahead,Center Front End,Center Front End,Right Front Bumper,Left Front Bumper,,N,,Unspecified,Unspecified,BRONX,10465.0,"    (40.817368, -73.81049)",0.0,0.0,0,0,0,0,0,0,Station Wagon/Sport Utility Vehicle,Van,0
20268490,4550647,07/07/2022,05:53,05357f8e-632b-4315-97eb-6199542328eb,Sedan,HOND -CAR/SUV,2017.0,0.0,,,Parked,Center Back End,Left Side Doors,Left Side Doors,,,N,,Unspecified,Unspecified,MANHATTAN,10039.0,"    (40.829735, -73.938644)",0.0,0.0,0,0,0,0,0,0,Sedan,Station Wagon/Sport Utility Vehicle,0
20150739,4497298,01/24/2022,22:30,601e9f50-142d-4891-a326-35fe5fee2167,Sedan,TOYT -CAR/SUV,2016.0,1.0,M,Licensed,Going Straight Ahead,Left Front Bumper,Right Front Bumper,Center Front End,Right Side Doors,,N,,Driver Inattention/Distraction,Unspecified,,,"    (40.756134, -73.74047)",1.0,0.0,0,0,0,0,1,0,M2,Sedan,1
20354522,4589888,12/15/2022,01:50,dba4f240-d770-41b0-827c-b1bd7c613813,Sedan,HOND -CAR/SUV,2018.0,1.0,M,Licensed,Going Straight Ahead,Right Front Bumper,Right Front Bumper,No Damage,No Damage,No Damage,N,,Unspecified,Unspecified,QUEENS,11368.0,"    (40.749172, -73.86922)",0.0,0.0,0,0,0,0,0,0,Sedan,,0
20199422,4519424,04/07/2022,20:40,d5a95d39-a2dd-4d4f-afe3-0dde4d518322,Sedan,BMW -CAR/SUV,2022.0,1.0,M,,Going Straight Ahead,Center Front End,Center Front End,Center Back End,Center Back End,,N,,Reaction to Uninvolved Vehicle,Unspecified,,,,1.0,0.0,0,0,0,0,1,0,Station Wagon/Sport Utility Vehicle,Sedan,1
20277204,4554621,08/12/2022,16:00,2cfaf3f5-2c78-47c5-9c00-ab7c62c35d7e,E-Bike,FLYWING,,1.0,M,Licensed,Going Straight Ahead,Center Front End,Center Front End,,,,N,,Driver Inattention/Distraction,Failure to Yield Right-of-Way,BROOKLYN,11219.0,"    (40.629646, -74.010704)",1.0,0.0,0,0,0,0,0,0,Sedan,E-Bike,1
20342992,4584636,11/25/2022,11:25,180f9b13-97bd-471e-827b-397a24d59aff,Box Truck,VOLV -TRUCK/BUS,2018.0,1.0,M,Licensed,Going Straight Ahead,No Damage,No Damage,No Damage,No Damage,No Damage,N,,Unspecified,Unspecified,BROOKLYN,11217.0,"    (40.68715, -73.97969)",0.0,0.0,0,0,0,0,0,0,Box Truck,Sedan,0
20230916,4533443,05/30/2022,06:50,3ed16d00-d0b2-4834-b883-3acf27986cce,Sedan,HOND -CAR/SUV,2010.0,1.0,M,Licensed,Parked,Center Back End,Center Back End,Right Rear Bumper,Right Rear Bumper,Left Front Quarter Panel,N,,Passing or Lane Usage Improper,Unspecified,BRONX,10456.0,"    (40.830837, -73.9166)",1.0,0.0,0,0,0,0,1,0,Sedan,Sedan,1
20276219,4554103,08/03/2022,20:19,fe5bf05b-7e9a-4947-b378-d9e1d88d6fd4,Sedan,TOYT -CAR/SUV,2006.0,1.0,M,Licensed,Making Left Turn,No Damage,No Damage,No Damage,No Damage,No Damage,N,,Unspecified,Unspecified,BRONX,10462.0,"    (40.833557, -73.85774)",1.0,0.0,1,0,0,0,0,0,Sedan,,1
20331907,4579438,11/03/2022,15:09,1693a096-1d8d-4677-b736-ed96cd973c14,Sedan,NISS -CAR/SUV,2020.0,2.0,F,Licensed,Parked,Left Side Doors,Left Side Doors,,,,N,,Other Vehicular,Other Vehicular,BROOKLYN,11208.0,"    (0.0, 0.0)",0.0,0.0,0,0,0,0,0,0,Sedan,E-Scooter,0
20177519,4509420,03/12/2022,00:35,47ebb23d-377f-476d-8299-2766bcb411d1,Station Wagon/Sport Utility Vehicle,FORD -CAR/SUV,,1.0,,,Backing,Center Back End,Center Back End,No Damage,No Damage,No Damage,N,,Backing Unsafely,Unspecified,QUEENS,11435.0,"    (40.709118, -73.81822)",0.0,0.0,0,0,0,0,0,0,Sedan,Station Wagon/Sport Utility Vehicle,0
20205275,4521697,04/24/2022,17:30,8f1096b0-e877-48fd-850d-a503e7afe693,Station Wagon/Sport Utility Vehicle,LEXS -CAR/SUV,2019.0,1.0,M,Licensed,Going Straight Ahead,Center Front End,Center Front End,Right Front Bumper,Left Front Bumper,,N,,Driver Inattention/Distraction,Following Too Closely,,,"    (40.685806, -73.80728)",0.0,0.0,0,0,0,0,0,0,Station Wagon/Sport Utility Vehicle,Station Wagon/Sport Utility Vehicle,0
20362885,4593753,11/15/2022,19:00,a8dd3eb9-da21-4970-af4e-743219f3c57b,Station Wagon/Sport Utility Vehicle,GMC -CAR/SUV,2012.0,0.0,,,Parked,Center Front End,Center Front End,Left Front Bumper,Right Front Bumper,,N,,Unspecified,Unspecified,BRONX,10454.0,"    (40.804264, -73.91546)",0.0,0.0,0,0,0,0,0,0,Station Wagon/Sport Utility Vehicle,,0
20192509,4516203,04/02/2022,00:00,c3fc209f-7953-47a3-b254-f24658e2f6be,Sedan,ACUR -CAR/SUV,2005.0,1.0,M,Permit,Going Straight Ahead,Center Front End,Center Front End,Right Front Bumper,Left Front Bumper,Right Front Quarter Panel,N,,Unsafe Speed,Unspecified,BRONX,10467.0,"    (40.873806, -73.86929)",0.0,0.0,0,0,0,0,0,0,Sedan,Station Wagon/Sport Utility Vehicle,0
20332840,4579975,11/08/2022,07:25,058e80fa-255e-4692-af05-95e485c2ac93,Sedan,ACUR -CAR/SUV,2019.0,0.0,,,Parked,Left Rear Bumper,Left Rear Bumper,,,,N,,Unspecified,Unspecified,BROOKLYN,11236.0,"    (40.636208, -73.91663)",0.0,0.0,0,0,0,0,0,0,Sedan,Sedan,0
20192423,4515946,04/03/2022,05:15,1a507853-936b-4f66-9303-36912cfdd08b,Station Wagon/Sport Utility Vehicle,TOYT -CAR/SUV,2021.0,1.0,M,Licensed,Going Straight Ahead,Center Front End,Left Front Bumper,Right Front Bumper,,,N,,Traffic Control Disregarded,Unspecified,QUEENS,11420.0,"    (40.681004, -73.81257)",1.0,0.0,0,0,0,0,1,0,Station Wagon/Sport Utility Vehicle,Sedan,1
20297572,4563745,09/09/2022,23:12,d91e4fff-3b7c-4003-94eb-43c003fe23a2,Sedan,MERC -CAR/SUV,2007.0,1.0,M,Licensed,Going Straight Ahead,Left Front Bumper,Left Front Bumper,Center Front End,,,N,,Unspecified,Unspecified,BROOKLYN,11212.0,"    (40.657333, -73.925026)",0.0,0.0,0,0,0,0,0,0,Sedan,Station Wagon/Sport Utility Vehicle,0
20355230,4590091,11/29/2022,19:30,fee4de59-2ec7-4b30-b2d8-c902c867666c,Ambulance,Ford,2020.0,2.0,M,Licensed,Going Straight Ahead,Center Front End,Center Front End,,,,N,,Unspecified,Unspecified,,,,1.0,0.0,0,0,0,0,1,0,Ambulance,Sedan,1
20272365,4552350,07/22/2022,22:30,fe6a6a20-7977-4a65-b7f2-8b080b7f091a,Sedan,TOYT -CAR/SUV,2009.0,0.0,,,Parked,Left Rear Quarter Panel,Left Rear Quarter Panel,No Damage,No Damage,No Damage,N,,Unspecified,Unspecified,BROOKLYN,11225.0,"    (40.665726, -73.96425)",0.0,0.0,0,0,0,0,0,0,Sedan,,0
20251002,4542805,07/01/2022,13:50,76f8e54e-fc4f-408e-a4d1-487534aca59c,Motorcycle,KAWK -MCL,2020.0,1.0,M,Licensed,Going Straight Ahead,Left Front Bumper,Left Front Bumper,Left Front Quarter Panel,Left Side Doors,Left Rear Quarter Panel,N,,Unspecified,Unspecified,,,"    (40.637196, -74.14953)",1.0,0.0,0,0,0,0,1,0,Motorcycle,,1
20266430,4549745,07/10/2022,13:00,4ecefcda-cd59-420e-807a-a2149ed58ea2,Sedan,TOYT -CAR/SUV,2018.0,1.0,M,,Backing,Center Back End,No Damage,No Damage,No Damage,No Damage,N,,Driver Inattention/Distraction,Unspecified,BRONX,10472.0,"    (40.829586, -73.851875)",0.0,0.0,0,0,0,0,0,0,Sedan,,0
20209336,4523604,05/01/2022,10:40,0aea4829-f246-41a1-a247-3d95f827b391,Sedan,HOND -CAR/SUV,2018.0,1.0,M,Licensed,Going Straight Ahead,Left Front Bumper,Left Front Bumper,Left Front Quarter Panel,,,N,,Unsafe Speed,Unspecified,,,"    (40.69382, -73.72694)",0.0,0.0,0,0,0,0,0,0,Sedan,Sedan,0
20215775,4526817,05/08/2022,20:19,f05ed495-c911-4392-805d-74c859940513,,AUDI -CAR/SUV,2022.0,1.0,,,,Left Side Doors,Left Side Doors,No Damage,No Damage,No Damage,N,,Unspecified,Unspecified,MANHATTAN,10033.0,"    (40.850227, -73.93982)",0.0,0.0,0,0,0,0,0,0,Sedan,,0
20198451,4519090,04/14/2022,17:57,38b6d430-a2c4-4c30-9e79-17541bbbfff0,Station Wagon/Sport Utility Vehicle,HOND -CAR/SUV,2006.0,1.0,M,Licensed,Going Straight Ahead,Center Front End,Center Front End,Right Front Bumper,Left Front Bumper,,N,,Following Too Closely,Unspecified,,,,0.0,0.0,0,0,0,0,0,0,Station Wagon/Sport Utility Vehicle,Sedan,0
20240035,4537763,06/08/2022,09:30,7f6d9774-1bf1-454f-a2c9-85ad482d9e28,Sedan,CHEV -CAR/SUV,2008.0,0.0,,,Parked,Left Side Doors,Left Side Doors,,,,N,,Unspecified,Unspecified,MANHATTAN,10009.0,"    (40.7345, -73.97896)",0.0,0.0,0,0,0,0,0,0,Sedan,Sedan,0
20331330,4579548,10/24/2022,23:23,0974999a-e8e9-4a13-a638-076fcf055459,Station Wagon/Sport Utility Vehicle,TOYT -CAR/SUV,2016.0,2.0,F,Licensed,Merging,Left Rear Bumper,Left Rear Bumper,Center Back End,No Damage,No Damage,N,,Unsafe Lane Changing,Driver Inattention/Distraction,BRONX,10460.0,"    (40.838238, -73.876686)",1.0,0.0,0,0,0,0,1,0,Sedan,Station Wagon/Sport Utility Vehicle,1
20261864,4547462,07/16/2022,23:37,0388ec77-0119-4b7c-926f-f9ac2ea200f1,Sedan,MERZ -CAR/SUV,1991.0,1.0,F,Licensed,Going Straight Ahead,Right Front Bumper,Right Front Quarter Panel,,,,Unspecified,,Driver Inexperience,Unspecified,,,,0.0,0.0,0,0,0,0,0,0,Sedan,Sedan,0
20216599,4527032,05/11/2022,19:20,4c6cc3df-8621-4cc3-b168-27c475fd8f19,Sedan,LINC -CAR/SUV,2002.0,2.0,M,Licensed,Making Right Turn,Left Front Quarter Panel,Left Front Quarter Panel,,,,N,,Unspecified,Unspecified,BROOKLYN,11218.0,"    (40.645912, -73.97073)",1.0,0.0,0,0,0,0,1,0,Motorcycle,Sedan,1