UNIQUE_ID,COLLISION_ID,CRASH_DATE,CRASH_TIME,VEHICLE_ID,VEHICLE_TYPE,VEHICLE_MAKE,VEHICLE_YEAR,VEHICLE_OCCUPANTS,DRIVER_SEX,DRIVER_LICENSE_STATUS,PRE_CRASH,POINT_OF_IMPACT,VEHICLE_DAMAGE,VEHICLE_DAMAGE_1,VEHICLE_DAMAGE_2,VEHICLE_DAMAGE_3,PUBLIC_PROPERTY_DAMAGE,PUBLIC_PROPERTY_DAMAGE_TYPE,CONTRIBUTING_FACTOR_1,CONTRIBUTING_FACTOR_2,BOROUGH,ZIP CODE,LOCATION,NUMBER OF PERSONS INJURED,NUMBER OF PERSONS KILLED,NUMBER OF PEDESTRIANS INJURED,NUMBER OF PEDESTRIANS KILLED,NUMBER OF CYCLIST INJURED,NUMBER OF CYCLIST KILLED,NUMBER OF MOTORIST INJURED,NUMBER OF MOTORIST KILLED,VEHICLE TYPE CODE 1,VEHICLE TYPE CODE 2,Severity
20174108,4507767,02/25/2022,20:00,b9abb8f3-de8c-4263-ab13-c8ea52f4d561,Station Wagon/Sport Utility Vehicle,CADI -CAR/SUV,2008.0,1.0,M,Licensed,Going Straight Ahead,Right Front Bumper,Right Front Bumper,,,,N,,Driver Inattention/Distraction,Passing Too Closely,BRONX,10470.0,"    (40.903786, -73.85011)",0.0,0.0,0,0,0,0,0,0,Station Wagon/Sport Utility Vehicle,Station Wagon/Sport Utility Vehicle,0
20153529,4498411,01/20/2022,18:30,eae291d1-3590-4e67-be21-0df4e4494b2d,Station Wagon/Sport Utility Vehicle,INFI -CAR/SUV,2017.0,1.0,M,Licensed,Going Straight Ahead,Center Front End,Center Front End,Right Front Bumper,Left Front Bumper,,N,,Driver Inattention/Distraction,Driver Inattention/Distraction,,,,1.0,0.0,0,0,0,0,1,0,Sedan,Sedan,1
20342236,4584309,11/23/2022,08:51,f3dda9d6-6b40-4c57-a64c-9e70e660ef04,Sedan,ACUR -CAR/SUV,2015.0,2.0,F,Licensed,Going Straight Ahead,Right Rear Quarter Panel,Right Rear Quarter Panel,No Damage,No Damage,No Damage,N,,Passing Too Closely,Unspecified,,,,2.0,0.0,0,0,0,0,2,0,Box Truck,Sedan,1
20287152,4558868,08/26/2022,06:39,3e81e9f8-207a-48c2-8b9d-f024c6e6b4d4,Station Wagon/Sport Utility Vehicle,INFI -CAR/SUV,2011.0,1.0,M,Licensed,Slowing or Stopping,Center Front End,Center Front End,,,,N,,Following Too Closely,Unspecified,,,"    (40.737682, -73.85206)",0.0,0.0,0,0,0,0,0,0,Station Wagon/Sport Utility Vehicle,Station Wagon/Sport Utility Vehicle,0
20287444,4559349,08/10/2022,23:20,38d4f4de-a2b9-4aaa-ae96-c15183509631,Station Wagon/Sport Utility Vehicle,KIA -CAR/SUV,2017.0,3.0,F,Licensed,Going Straight Ahead,Right Front Bumper,Right Front Quarter Panel,Right Side Doors,Right Rear Quarter Panel,Right Front Bumper,Unspecified,,Alcohol Involvement,Driver Inattention/Distraction,BROOKLYN,11233.0,"    (40.681236, -73.928734)",4.0,0.0,0,0,0,0,4,0,Sedan,Station Wagon/Sport Utility Vehicle,1
20278634,4555069,08/12/2022,21:50,1fbd575e-1228-4177-913d-331467d057d0,Sedan,HOND -CAR/SUV,2016.0,0.0,,,Parked,Left Side Doors,Left Side Doors,,,,N,,Unspecified,Unspecified,BROOKLYN,11206.0,"    (40.701077, -73.94043)",0.0,0.0,0,0,0,0,0,0,Station Wagon/Sport Utility Vehicle,Station Wagon/Sport Utility Vehicle,0
20277360,4554531,08/07/2022,00:10,4cd65ca2-f25c-4d7e-99c7-a962fe6a857e,Sedan,VOLV -CAR/SUV,2019.0,1.0,M,Licensed,Going Straight Ahead,Center Front End,Center Front End,Right Front Quarter Panel,Left Front Quarter Panel,Center Back End,N,,Fell Asleep,Driver Inattention/Distraction,,,"    (40.753677, -73.914474)",1.0,0.0,0,0,0,0,1,0,Sedan,,1
20156454,4499886,02/04/2022,13:13,93f7871d-2fab-4c26-888a-18458fc8e040,Box Truck,FORD-TRUCK/BUS,2017.0,1.0,M,Licensed,Making Right Turn,Right Front Quarter Panel,No Damage,No Damage,No Damage,No Damage,N,,Unspecified,Unspecified,MANHATTAN,10016.0,"    (40.743782, -73.97352)",0.0,0.0,0,0,0,0,0,0,Taxi,Box Truck,0
20328074,4577636,10/31/2022,08:30,b59f67f9-5bde-490a-9cf2-9b5f0ab6388d,Sedan,TOYT -CAR/SUV,2017.0,2.0,F,Permit,Going Straight Ahead,Left Front Bumper,Left Front Bumper,,,,N,,Unspecified,Unspecified,,,"    (40.82325, -73.88277)",0.0,0.0,0,0,0,0,0,0,Station Wagon/Sport Utility Vehicle,Sedan,0
20221874,4529499,05/12/2022,07:07,b7a66626-6579-4e47-b426-d41fcab0aa54,Bus,FORD-TRUCK/BUS,2018.0,4.0,F,Licensed,Making Left Turn,Right Rear Bumper,Right Rear Bumper,,,,N,,Unspecified,Unspecified,BRONX,10472.0,"    (40.833965, -73.8629)",0.0,0.0,0,0,0,0,0,0,Bus,Station Wagon/Sport Utility Vehicle,0
20223489,4530502,03/18/2022,00:30,91f938bb-c6dd-4b5d-8380-94a6ab0038f2,Sedan,BMW -CAR/SUV,2006.0,3.0,M,Licensed,Going Straight Ahead,Center Front End,Center Front End,Right Front Bumper,Left Front Bumper,,Y,,Driver Inexperience,Driver Inexperience,,,"    (40.66392, -73.99045)",3.0,0.0,0,0,0,0,3,0,Sedan,,1
20230433,4533580,05/30/2022,05:15,65c20ddc-13f7-4fd6-a58b-8bf0a3d71ddd,Station Wagon/Sport Utility Vehicle,HOND -CAR/SUV,2011.0,1.0,M,Licensed,Going Straight Ahead,Left Side Doors,Center Front End,,,,Y,,Failure to Yield Right-of-Way,Unspecified,MANHATTAN,10011.0,"    (40.742863, -74.003975)",0.0,0.0,0,0,0,0,0,0,Station Wagon/Sport Utility Vehicle,Ambulance,0
20212009,4525084,05/06/2022,01:00,516e989c-be42-4e55-8ae0-954bad9454e1,Taxi,TOYT -CAR/SUV,2016.0,1.0,M,Licensed,Going Straight Ahead,Left Front Bumper,Left Front Bumper,Left Front Quarter Panel,Center Front End,Right Front Bumper,N,,Unspecified,Unspecified,,,"    (40.70839, -73.939964)",0.0,0.0,0,0,0,0,0,0,Taxi,Sedan,0
20347220,4586540,11/23/2022,00:05,0734f2a5-3905-4177-b4da-71c79fa47e79,Station Wagon/Sport Utility Vehicle,CHEV -CAR/SUV,2017.0,0.0,,,Parked,Right Rear Bumper,Right Rear Quarter Panel,Right Side Doors,,,N,,Unspecified,Unspecified,,,"    (40.76615, -73.919785)",1.0,0.0,0,0,0,0,1,0,Sedan,Station Wagon/Sport Utility Vehicle,1
20163506,4502903,02/13/2022,07:00,3b455711-6537-4367-8e23-e9188b0c2a91,Station Wagon/Sport Utility Vehicle,HOND -CAR/SUV,2008.0,0.0,,,Parked,Left Front Bumper,Center Front End,Right Front Bumper,,,N,,Unspecified,Unspecified,BRONX,10470.0,"    (40.897846, -73.864845)",0.0,0.0,0,0,0,0,0,0,Station Wagon/Sport Utility Vehicle,,0
20356124,4590606,12/17/2022,16:50,05536c68-77b3-471b-a160-022ced77c2bc,Sedan,HOND -CAR/SUV,2017.0,2.0,F,Licensed,Going Straight Ahead,Center Front End,Center Front End,Right Front Bumper,Left Front Bumper,,N,,Unspecified,Unspecified,QUEENS,11413.0,"    (40.66462, -73.75292)",3.0,0.0,0,0,0,0,3,0,Sedan,Station Wagon/Sport Utility Vehicle,1
20189907,4515224,03/30/2022,13:25,fe1bb6ea-6dd2-406b-bdc1-1675c4ecac5a,Box Truck,INTL-TRUCK/BUS,2022.0,1.0,M,Licensed,Going Straight Ahead,Other,Other,,,,N,,Unspecified,Unspecified,,,,0.0,0.0,0,0,0,0,0,0,Box Truck,Sedan,0
20190221,4515091,03/25/2022,07:11,5a3558f8-7c69-4c26-9cf1-b753768f90d5,Sedan,KIA -CAR/SUV,2021.0,1.0,M,Licensed,Making Left Turn,Center Back End,Center Back End,,,,N,,Unspecified,Unspecified,QUEENS,11101.0,"    (40.75372, -73.931885)",1.0,0.0,0,0,0,0,1,0,Station Wagon/Sport Utility Vehicle,Sedan,1
20206840,4522663,04/27/2022,20:00,b4f3a330-8059-4806-b910-2f72b2e95cb2,Sedan,KIA -CAR/SUV,2015.0,1.0,,,Going Straight Ahead,Right Front Quarter Panel,Right Side Doors,Right Rear Quarter Panel,No Damage,No Damage,N,,Passing or Lane Usage Improper,Passing Too Closely,QUEENS,11358.0,"    (0.0, 0.0)",0.0,0.0,0,0,0,0,0,0,Sedan,Sedan,0
20366360,4595365,12/11/2022,21:38,1cb942cc-45f7-467a-8e25-6df19fdff53f,Sedan,TOYT -CAR/SUV,1995.0,0.0,M,Licensed,Going Straight Ahead,Left Front Bumper,Left Front Bumper,Center Front End,Left Front Quarter Panel,,N,,Unspecified,Unspecified,BRONX,10463.0,"    (40.88014, -73.90716)",0.0,0.0,0,0,0,0,0,0,Sedan,,0
20240078,4537954,06/15/2022,20:38,f2ae97d6-5479-4335-a6e1-98d1985c6a56,Sedan,SUBA -CAR/SUV,2018.0,1.0,M,Licensed,Going Straight Ahead,Left Front Quarter Panel,Left Side Doors,,,,N,,Failure to Yield Right-of-Way,Passing or Lane Usage Improper,MANHATTAN,10034.0,"    (40.86769, -73.92122)",0.0,0.0,0,0,0,0,0,0,Pick-up Truck,Sedan,0
20289790,4560248,08/28/2022,08:40,84540f09-1ba0-46d5-abba-9f2ae233d024,Station Wagon/Sport Utility Vehicle,MERZ -CAR/SUV,2022.0,0.0,,,Parked,Right Rear Quarter Panel,Right Rear Bumper,,,,N,,Unspecified,Unspecified,BROOKLYN,11203.0,"    (40.6444, -73.9431)",0.0,0.0,0,0,0,0,0,0,Station Wagon/Sport Utility Vehicle,Sedan,0
20157483,4500471,01/28/2022,18:53,e2c9fe7c-773e-46dc-8324-713a84335c5b,Sedan,HOND -CAR/SUV,2015.0,1.0,F,Licensed,Making Left Turn,Left Front Bumper,Left Front Bumper,Center Front End,,,N,,Turning Improperly,Pavement Slippery,QUEENS,11414.0,"    (40.664192, -73.841125)",1.0,0.0,0,0,0,0,1,0,Sedan,,1
20146280,4495247,01/14/2022,20:35,7f36441a-27a5-427c-bc9d-d58ba99a4aec,Station Wagon/Sport Utility Vehicle,HOND -CAR/SUV,2021.0,2.0,F,Licensed,Going Straight Ahead,Right Front Bumper,Right Front Bumper,Right Front Quarter Panel,Center Front End,Left Front Bumper,N,,Unspecified,Unspecified,BRONX,10455.0,"    (40.81231, -73.91648)",5.0,0.0,0,0,0,0,5,0,Station Wagon/Sport Utility Vehicle,Station Wagon/Sport Utility Vehicle,1
20355836,4590479,12/16/2022,14:14,9e2b43cc-6cf2-4b45-ab25-6ceaed4ded03,Station Wagon/Sport Utility Vehicle,GMC -CAR/SUV,2015.0,2.0,F,Licensed,Going Straight Ahead,Center Front End,Left Front Quarter Panel,Right Front Quarter Panel,Right Side Doors,Left Side Doors,N,,Driver Inattention/Distraction,Unspecified,BRONX,10460.0,"    (40.839676, -73.871216)",2.0,0.0,0,0,0,0,2,0,Station Wagon/Sport Utility Vehicle,,1
20316890,4572623,10/13/2022,03:27,a631d586-572a-4337-a625-8ebbb02d6c3f,Station Wagon/Sport Utility Vehicle,HYUN -CAR/SUV,2005.0,0.0,,,Parked,Center Back End,Left Rear Bumper,,,,N,,Other Vehicular,Unspecified,BROOKLYN,11212.0,"    (40.66255, -73.90893)",2.0,0.0,1,0,0,0,1,0,Station Wagon/Sport Utility Vehicle,Station Wagon/Sport Utility Vehicle,1
20203816,4521429,04/11/2022,08:00,8f14985d-041f-4a7e-9679-e18385725747,Sedan,HOND -CAR/SUV,2008.0,0.0,,,,Right Front Bumper,Right Front Quarter Panel,,,,N,,Unspecified,Unspecified,,,"    (40.81339, -73.95627)",0.0,0.0,0,0,0,0,0,0,Sedan,Sedan,0
20253237,4543730,06/27/2022,14:50,24e65588-7a66-4da5-b601-32a1b64369c4,Sedan,TOYT -CAR/SUV,2022.0,3.0,M,,Going Straight Ahead,No Damage,No Damage,No Damage,No Damage,No Damage,N,,Driver Inattention/Distraction,Driver Inattention/Distraction,QUEENS,11378.0,"    (40.726246, -73.89481)",2.0,0.0,1,0,0,0,1,0,Sedan,,1
20277258,4554583,08/10/2022,16:45,2515f0d4-ec3c-40a3-b1fb-b7f7aa2915ec,Station Wagon/Sport Utility Vehicle,NISS -CAR/SUV,2019.0,5.0,M,Licensed,Making Left Turn,Right Front Bumper,Right Front Bumper,Right Front Quarter Panel,Roof,,N,,Unspecified,Unspecified,,,"    (40.81108, -73.9273)",5.0,0.0,0,0,1,0,4,0,Station Wagon/Sport Utility Vehicle,E-Bike,1
20346891,4586462,12/01/2022,08:10,9a2e05d3-5dba-4691-a745-ee253e8ebd4c,Box Truck,HINO -TRUCK/BUS,2012.0,1.0,M,Permit,Making Right Turn,Right Side Doors,Right Side Doors,,,,N,,Unspecified,Unspecified,MANHATTAN,10029.0,"    (40.78795, -73.94943)",1.0,0.0,0,0,0,0,1,0,Bus,Box Truck,1
20360783,4593096,12/25/2022,02:17,ab0af7d6-fb86-45df-b02a-f2a9d2d09659,Station Wagon/Sport Utility Vehicle,TOYT -CAR/SUV,2016.0,0.0,,,Parked,Center Back End,Center Back End,No Damage,No Damage,No Damage,N,,Unspecified,Unspecified,MANHATTAN,10019.0,"    (40.771397, -73.99187)",0.0,0.0,0,0,0,0,0,0,Sedan,Station Wagon/Sport Utility Vehicle,0
20232463,4534411,06/05/2022,23:24,79081eec-ed3f-48d3-81dc-26995cb45bbc,Station Wagon/Sport Utility Vehicle,TOYT -CAR/SUV,2021.0,1.0,M,Licensed,Going Straight Ahead,Right Front Bumper,Right Front Bumper,Center Front End,,,N,,Driver Inattention/Distraction,Driver Inexperience,BROOKLYN,11204.0,"    (40.620644, -73.99109)",0.0,0.0,0,0,0,0,0,0,Station Wagon/Sport Utility Vehicle,Sedan,0
20181912,4511603,03/11/2022,08:40,2b615aed-9947-4a0e-8330-b228c1d4c8e1,Sedan,HOND -CAR/SUV,2015.0,0.0,,,Parked,Left Front Bumper,Left Front Quarter Panel,Left Side Doors,Left Rear Bumper,,N,,Unspecified,Unspecified,,,"    (40.675793, -73.94438)",0.0,0.0,0,0,0,0,0,0,Sedan,,0
20324055,4575917,10/23/2022,15:27,d550abe8-7600-41dc-b086-49b196e0fce5,Sedan,AUDI -CAR/SUV,2010.0,1.0,M,Licensed,Slowing or Stopping,Center Front End,Right Front Bumper,Left Front Bumper,,,N,,Following Too Closely,Unspecified,,,,0.0,0.0,0,0,0,0,0,0,Station Wagon/Sport Utility Vehicle,Sedan,0
20260584,4547339,07/18/2022,10:56,2ca129f9-f7c1-4d48-af28-7b84121ee779,Box Truck,ISU,2021.0,1.0,M,Licensed,Going Straight Ahead,Center Back End,Center Back End,,,,N,,Unspecified,Unspecified,,,,0.0,0.0,0,0,0,0,0,0,Box Truck,,0
20190502,4515417,04/01/2022,13:45,8ea61c89-b9a4-48b0-a6a4-7b649ea747bf,Carry All,FRHT-TRUCK/BUS,2022.0,1.0,M,Licensed,Making Left Turn,Left Side Doors,Left Rear Quarter Panel,No Damage,No Damage,No Damage,N,,Other Vehicular,Unspecified,,,,0.0,0.0,0,0,0,0,0,0,Pick-up Truck,Carry All,0
20184607,4512584,03/22/2022,10:11,1ab04ceb-e21b-430c-be0a-3b87d2f0b0b7,Sedan,FORD -CAR/SUV,2011.0,1.0,F,Licensed,Going Straight Ahead,Right Front Bumper,Right Front Quarter Panel,Right Side Doors,Center Front End,,N,,Failure to Yield Right-of-Way,Unspecified,BRONX,10469.0,"    (40.879055, -73.851875)",0.0,0.0,0,0,0,0,0,0,Sedan,Sedan,0
20160968,4501827,02/11/2022,08:30,0c71bb75-88a9-4e46-99d7-c634d3ac6fbf,Sedan,TOYT -CAR/SUV,2020.0,1.0,F,Licensed,Going Straight Ahead,Left Rear Bumper,Left Rear Quarter Panel,,,,N,,Unspecified,Unspecified,,,,0.0,0.0,0,0,0,0,0,0,Sedan,Sedan,0
20178460,4509955,03/13/2022,23:22,dc388fd8-78ac-4a70-8edb-a831bfa84e08,Sedan,FORD -CAR/SUV,2008.0,1.0,M,Licensed,Going Straight Ahead,Left Front Bumper,Left Front Bumper,,,,N,,Driver Inattention/Distraction,Unspecified,QUEENS,11374.0,"    (40.732582, -73.86806)",3.0,0.0,0,0,0,0,3,0,Sedan,Station Wagon/Sport Utility Vehicle,1
20336698,4581718,11/14/2022,12:00,ebf12240-85cd-4de8-b455-826d3ea3ab3e,Sedan,KIA -CAR/SUV,2013.0,0.0,,,Parked,Left Side Doors,Left Side Doors,Left Rear Quarter Panel,No Damage,No Damage,N,,Unspecified,Unspecified,,,"    (40.690266, -73.91546)",0.0,0.0,0,0,0,0,0,0,Sedan,,0
20358453,4591878,12/19/2022,14:35,62c82b53-5f16-49ac-8c16-530ab75c73a0,Station Wagon/Sport Utility Vehicle,FORD -CAR/SUV,,,,,,,,,,,Unspecified,,Passing or Lane Usage Improper,,QUEENS,11435.0,"    (40.70058, -73.80775)",0.0,0.0,0,0,0,0,0,0,Station Wagon/Sport Utility Vehicle,Station Wagon/Sport Utility Vehicle,0
20215814,4526876,05/10/2022,22:39,44948e65-ec13-4fa0-b557-d9039fbfe76a,Garbage or Refuse,MACK-TRUCK/BUS,2017.0,1.0,M,Licensed,Going Straight Ahead,Center Front End,Center Front End,,,,N,,Unspecified,Unspecified,MANHATTAN,10019.0,"    (40.767185, -73.98997)",5.0,0.0,0,0,0,0,5,0,Station Wagon/Sport Utility Vehicle,Garbage or Refuse,1
20201553,4520271,04/18/2022,13:10,b1ab9c6d-aee4-44fe-9f7f-82a93e429a14,Station Wagon/Sport Utility Vehicle,NISS -CAR/SUV,2021.0,3.0,M,Licensed,Going Straight Ahead,Right Front Quarter Panel,Right Front Quarter Panel,Right Side Doors,Right Rear Quarter Panel,No Damage,Unspecified,,Unspecified,Unspecified,BRONX,10458.0,"    (40.87134, -73.886925)",3.0,0.0,0,0,0,0,3,0,Van,Station Wagon/Sport Utility Vehicle,1
20260929,4547341,07/18/2022,23:30,a2dcce22-42c2-4174-9267-675b8b1b40b0,PK,FORD-TRUCK/BUS,2020.0,0.0,,,Parked,Left Rear Bumper,Left Rear Bumper,Center Back End,Center Front End,,Unspecified,,Unspecified,Unspecified,,,"    (40.630127, -73.99005)",1.0,0.0,0,0,0,0,1,0,Station Wagon/Sport Utility Vehicle,Sedan,1
20201684,4519231,04/09/2022,21:30,3912c2c2-4bda-4591-b6bc-78403abdbdcf,Sedan,HOND -CAR/SUV,2018.0,3.0,F,Licensed,Other*,Left Front Quarter Panel,Left Side Doors,Left Front Quarter Panel,,,N,,Other Vehicular,Other Vehicular,BROOKLYN,11203.0,"    (40.658478, -73.92818)",3.0,0.0,0,0,0,0,3,0,Sedan,Sedan,1
20145590,4494745,01/16/2022,02:29,c006e924-1649-44f3-9d93-c526764a6cdc,Station Wagon/Sport Utility Vehicle,AUDI -CAR/SUV,2021.0,0.0,,,Parked,Center Back End,Center Back End,Left Rear Bumper,Right Rear Bumper,,N,,Unspecified,Unspecified,QUEENS,11423.0,"    (40.72023, -73.776054)",0.0,0.0,0,0,0,0,0,0,Sedan,Station Wagon/Sport Utility Vehicle,0
20211032,4524721,04/28/2022,14:15,35a51e34-4ca7-4232-bd2e-c9ba98ba18e5,Station Wagon/Sport Utility Vehicle,INFI -CAR/SUV,2017.0,0.0,,,Parked,Left Front Bumper,No Damage,No Damage,No Damage,No Damage,N,,Unspecified,Unspecified,,,"    (0.0, 0.0)",0.0,0.0,0,0,0,0,0,0,Sedan,Station Wagon/Sport Utility Vehicle,0
20221036,4529393,05/19/2022,19:00,5d05d49d-fc8d-448d-9554-568b18e31c0e,Station Wagon/Sport Utility Vehicle,FORD -CAR/SUV,2011.0,1.0,M,Unlicensed,Going Straight Ahead,Center Back End,Center Back End,,,,N,,Unspecified,Unspecified,,,"    (40.726814, -73.83846)",0.0,0.0,0,0,0,0,0,0,Pick-up Truck,Station Wagon/Sport Utility Vehicle,0
20139260,4492147,01/04/2022,03:15,aedbb656-2f92-4c75-8d38-df3ea0436781,Station Wagon/Sport Utility Vehicle,HOND -CAR/SUV,2021.0,1.0,,,Going Straight Ahead,Overturned,Overturned,Overturned,Overturned,Overturned,Y,,Alcohol Involvement,Unsafe Speed,,,"    (40.862442, -73.89715)",0.0,0.0,0,0,0,0,0,0,Station Wagon/Sport Utility Vehicle,,0
20247500,4541295,06/27/2022,13:30,7c98cbe6-3890-4001-b0c6-5c296492de03,Station Wagon/Sport Utility Vehicle,HOND -CAR/SUV,2022.0,0.0,,,Parked,Left Rear Bumper,Left Rear Bumper,Center Back End,Left Rear Quarter Panel,,N,,Unspecified,Unspecified,BROOKLYN,11224.0,"    (40.57997, -73.97466)",0.0,0.0,0,0,0,0,0,0,Station Wagon/Sport Utility Vehicle,,0
20191228,4515718,03/20/2022,23:22,57d3a9b7-c057-41d8-8a0d-36b2578c179e,Sedan,HOND -CAR/SUV,,3.0,,,,Center Back End,,,,,N,,Backing Unsafely,Driver Inattention/Distraction,,,"    (40.676094, -73.94992)",2.0,0.0,0,0,0,0,2,0,Station Wagon/Sport Utility Vehicle,Sedan,1
20333052,4580022,11/07/2022,18:00,598f0e3b-1025-4c18-bbfd-3e75fc73a8f2,Station Wagon/Sport Utility Vehicle,CADI -CAR/SUV,2019.0,0.0,,,Parked,Left Rear Quarter Panel,Left Rear Quarter Panel,Left Rear Bumper,,,N,,Unspecified,Unspecified,,,"    (40.590008, -74.16463)",0.0,0.0,0,0,0,0,0,0,Station Wagon/Sport Utility Vehicle,Station Wagon/Sport Utility Vehicle,0
20177381,4509479,03/12/2022,19:06,d4334680-b65a-4f7b-8dbe-1962ba27db69,Sedan,TOYT -CAR/SUV,2020.0,2.0,M,Licensed,Going Straight Ahead,Left Front Quarter Panel,Left Front Quarter Panel,,,,N,,Unspecified,Unspecified,BROOKLYN,11234.0,"    (40.635063, -73.930405)",1.0,0.0,0,0,0,0,1,0,Sedan,Station Wagon/Sport Utility Vehicle,1
20274189,4553078,08/06/2022,20:56,fe6719a4-34dd-4220-a81b-88a858e22894,Sedan,TOYT -CAR/SUV,2007.0,2.0,F,Licensed,Going Straight Ahead,Right Front Bumper,Right Front Bumper,Right Front Quarter Panel,,,N,,Unspecified,Unspecified,QUEENS,11354.0,"    (40.76536, -73.82787)",0.0,0.0,0,0,0,0,0,0,Sedan,,0
20249819,4542193,06/17/2022,16:54,31a88bf2-cac8-41ad-a74a-c81b97eff6dd,Station Wagon/Sport Utility Vehicle,HOND -CAR/SUV,2021.0,2.0,M,Licensed,Going Straight Ahead,Right Front Quarter Panel,Right Front Quarter Panel,Right Side Doors,Right Rear Quarter Panel,,N,,Unspecified,Unspecified,BRONX,10462.0,"    (40.835636, -73.84807)",2.0,0.0,0,0,0,0,2,0,Station Wagon/Sport Utility Vehicle,Station Wagon/Sport Utility Vehicle,1
20275115,4553790,08/08/2022,20:50,094b256d-810c-4e88-9ce1-71419f57dbcb,Station Wagon/Sport Utility Vehicle,HOND -CAR/SUV,2007.0,0.0,F,Licensed,Making Left Turn,Right Front Quarter Panel,Right Front Quarter Panel,Right Side Doors,Right Rear Quarter Panel,No Damage,N,,Failure to Yield Right-of-Way,Driver Inattention/Distraction,BROOKLYN,11235.0,"    (40.58038, -73.967606)",0.0,0.0,0,0,0,0,0,0,Station Wagon/Sport Utility Vehicle,Station Wagon/Sport Utility Vehicle,0
20173210,4507468,03/04/2022,16:06,96c76c8b-3387-4e14-b06d-4dbfe8e4025e,Sedan,ACUR -CAR/SUV,2017.0,0.0,M,Licensed,Parked,Left Front Bumper,Left Front Bumper,No Damage,No Damage,,N,,Other Vehicular,Unspecified,BRONX,10460.0,"    (40.844555, -73.868614)",0.0,0.0,0,0,0,0,0,0,Sedan,,0
20335775,4581121,11/13/2022,03:15,f4df2e9c-50a1-4365-b055-fa7cb7cb6f4f,Station Wagon/Sport Utility Vehicle,HOND -CAR/SUV,2019.0,1.0,M,Licensed,Going Straight Ahead,Left Front Bumper,Left Front Bumper,Left Front Quarter Panel,Left Side Doors,Left Rear Quarter Panel,N,,Unspecified,Unspecified,BRONX,10461.0,"    (40.854557, -73.8547)",1.0,0.0,0,0,0,0,1,0,Sedan,Station Wagon/Sport Utility Vehicle,1
20146167,4495200,01/13/2022,15:51,16bdd6ac-55b9-49f7-9d09-15aca7befa85,Station Wagon/Sport Utility Vehicle,TOYT -CAR/SUV,2014.0,1.0,M,Licensed,Going Straight Ahead,Left Front Bumper,Center Front End,Right Front Quarter Panel,,,N,,Unspecified,Unspecified,,,"    (40.583656, -73.98656)",2.0,0.0,0,0,0,0,2,0,Station Wagon/Sport Utility Vehicle,Station Wagon/Sport Utility Vehicle,1
20274199,4553051,08/07/2022,00:00,dafd7f38-00c2-42d6-9f1b-61a3a18ce540,Sedan,NISS -CAR/SUV,2009.0,1.0,M,Licensed,Changing Lanes,Left Front Bumper,Left Front Bumper,Left Front Quarter Panel,Center Front End,Right Front Bumper,N,,Unsafe Speed,Passing Too Closely,,,"    (40.7597, -73.80031)",1.0,0.0,0,0,0,0,1,0,Sedan,Station Wagon/Sport Utility Vehicle,1
20157109,4500183,01/28/2022,03:35,294b26fd-7bab-4338-9040-034f7d5d5086,Station Wagon/Sport Utility Vehicle,MAZD -CAR/SUV,2006.0,0.0,,,Parked,Right Rear Bumper,Right Rear Bumper,,,,N,,Unspecified,Unspecified,MANHATTAN,10002.0,"    (40.722523, -73.99211)",0.0,0.0,0,0,0,0,0,0,Sedan,Station Wagon/Sport Utility Vehicle,0
20282927,4557066,08/19/2022,16:46,a2e24739-d7b0-413c-b4b3-38f237c9a76c,Sedan,TESL -CAR/SUV,2022.0,0.0,,,Parked,Left Front Bumper,Left Front Bumper,Center Front End,,,N,,Unspecified,Unspecified,BRONX,10456.0,"    (40.83283, -73.91129)",0.0,0.0,0,0,0,0,0,0,Sedan,Sedan,0
20266777,4549920,07/26/2022,05:41,08f927a8-4a68-4060-a820-29d47990f0c5,Sedan,HYUN -CAR/SUV,2011.0,1.0,M,Licensed,Going Straight Ahead,Right Front Bumper,Left Rear Bumper,Left Rear Quarter Panel,,,N,,Driver Inattention/Distraction,Fatigued/Drowsy,STATEN ISLAND,10304.0,,0.0,0.0,0,0,0,0,0,0,Sedan,Sedan,0
20348663,4587234,12/01/2022,17:13,4cdf68f4-6e8f-430c-bd67-c59844fcd143,Station Wagon/Sport Utility Vehicle,TOYT -CAR/SUV,2017.0,0.0,M,Licensed,Making Right Turn,Right Front Bumper,Right Front Bumper,,,,N,,Driver Inattention/Distraction,Unspecified,MANHATTAN,10280.0,"    (40.71008, -74.01639)",1.0,0.0,1,0,0,0,0,0,Station Wagon/Sport Utility Vehicle,,1
20356007,4590511,12/16/2022,08:20,467deb22-d2c9-46bb-afbe-06e04aafda64,Box Truck,KW-TRUCK/BUS,2016.0,1.0,M,Licensed,Going Straight Ahead,Center Front End,Center Front End,,,,N,,Following Too Closely,Driver Inattention/Distraction,,,"    (40.845104, -73.91494)",0.0,0.0,0,0,0,0,0,0,Station Wagon/Sport Utility Vehicle,Box Truck,0
20150380,4497039,01/24/2022,11:17,048118ff-e0a2-4b3b-8d76-5c5e3df16e2c,Sedan,NISS -CAR/SUV,2014.0,1.0,,,,,,,,,N,,Unspecified,Unspecified,QUEENS,11367.0,"    (40.73963, -73.82482)",0.0,0.0,0,0,0,0,0,0,Station Wagon/Sport Utility Vehicle,Sedan,0