UNIQUE_ID,COLLISION_ID,CRASH_DATE,CRASH_TIME,VEHICLE_ID,VEHICLE_TYPE,VEHICLE_MAKE,VEHICLE_YEAR,VEHICLE_OCCUPANTS,DRIVER_SEX,DRIVER_LICENSE_STATUS,PRE_CRASH,POINT_OF_IMPACT,VEHICLE_DAMAGE,VEHICLE_DAMAGE_1,VEHICLE_DAMAGE_2,VEHICLE_DAMAGE_3,PUBLIC_PROPERTY_DAMAGE,PUBLIC_PROPERTY_DAMAGE_TYPE,CONTRIBUTING_FACTOR_1,CONTRIBUTING_FACTOR_2,BOROUGH,ZIP CODE,LOCATION,NUMBER OF PERSONS INJURED,NUMBER OF PERSONS KILLED,NUMBER OF PEDESTRIANS INJURED,NUMBER OF PEDESTRIANS KILLED,NUMBER OF CYCLIST INJURED,NUMBER OF CYCLIST KILLED,NUMBER OF MOTORIST INJURED,NUMBER OF MOTORIST KILLED,VEHICLE TYPE CODE 1,VEHICLE TYPE CODE 2,Severity
20374871,4599248,12/09/2022,13:50,597212ae-6d88-4329-9c21-2e8f4cc36d7d,Station Wagon/Sport Utility Vehicle,TOYT -CAR/SUV,2019.0,1.0,F,Licensed,Stopped in Traffic,Center Back End,Center Back End,No Damage,No Damage,No Damage,N,,Unspecified,Unspecified,BROOKLYN,11214.0,"    (40.59683, -73.999115)",0.0,0.0,0,0,0,0,0,0,Station Wagon/Sport Utility Vehicle,Sedan,0
20230017,4533304,05/31/2022,20:00,906383b6-cfb9-4e8e-9ed8-43f1822f0146,Sedan,MITS -CAR/SUV,2020.0,1.0,M,Licensed,Going Straight Ahead,Overturned,Overturned,Overturned,Overturned,Overturned,N,,Tire Failure/Inadequate,Unspecified,BROOKLYN,11228.0,"    (40.610588, -74.01274)",0.0,0.0,0,0,0,0,0,0,Sedan,Sedan,0
20198829,4519099,04/14/2022,13:30,857d2ad9-4784-4ccd-8ee9-8092619751d0,Sedan,TOYT -CAR/SUV,2004.0,1.0,F,Licensed,Going Straight Ahead,Center Back End,Center Back End,No Damage,No Damage,No Damage,N,,Unspecified,Unspecified,,,"    (40.788555, -73.7787)",0.0,0.0,0,0,0,0,0,0,Sedan,Sedan,0
20297162,4563568,09/06/2022,10:00,d84baf45-b4a4-438b-a39e-49d64b4cd3c1,Sedan,KIA -CAR/SUV,2011.0,1.0,F,Licensed,Making Left Turn,Left Front Quarter Panel,Left Front Quarter Panel,Left Side Doors,Left Rear Quarter Panel,,N,,Passing or Lane Usage Improper,Unspecified,,,"    (40.609104, -74.091515)",1.0,0.0,0,0,0,0,1,0,Sedan,Sedan,1
20179713,4510585,03/16/2022,01:00,bc715c3d-d780-4902-b8f7-5bb2fb6c52fb,Station Wagon/Sport Utility Vehicle,TOYT -CAR/SUV,2017.0,1.0,M,Licensed,Parked,Left Rear Bumper,Left Rear Bumper,Left Rear Quarter Panel,Left Side Doors,Left Front Quarter Panel,N,,Unspecified,Unspecified,,,"    (40.819317, -73.93032)",0.0,0.0,0,0,0,0,0,0,Station Wagon/Sport Utility Vehicle,Sedan,0
20283431,4557354,08/18/2022,20:39,86048f99-d0be-4f5e-b7cc-0d6fbf8ad914,Sedan,AUDI -CAR/SUV,2017.0,0.0,M,Licensed,Going Straight Ahead,Right Front Bumper,Right Front Bumper,No Damage,No Damage,No Damage,N,,Driver Inattention/Distraction,Unspecified,STATEN ISLAND,10310.0,"    (40.634735, -74.11023)",1.0,0.0,0,0,0,0,1,0,Sedan,Sedan,1
20207067,4522921,04/27/2022,20:03,a1d90932-3d1a-42ee-b256-d995cd7998ea,Station Wagon/Sport Utility Vehicle,KIA -CAR/SUV,2016.0,1.0,M,Licensed,Making Left Turn,Right Front Bumper,Center Front End,,,,N,,Driver Inexperience,Unspecified,STATEN ISLAND,10314.0,,1.0,0.0,0,0,1,0,0,0,Station Wagon/Sport Utility Vehicle,E-Bike,1
20192191,4516184,03/26/2022,21:29,8764c73a-b9b1-42b3-82c0-72bfcb9d6155,Sedan,INFI -CAR/SUV,2010.0,1.0,F,Licensed,Stopped in Traffic,Center Back End,Left Rear Bumper,Right Rear Bumper,No Damage,No Damage,Unspecified,,Unspecified,Unspecified,,,"    (40.669113, -73.95336)",0.0,0.0,0,0,0,0,0,0,Sedan,Sedan,0
20206747,4522525,04/22/2022,23:35,ae4e7b27-8e70-4f5d-bcf1-ff0c93d7db0c,Station Wagon/Sport Utility Vehicle,NISS -CAR/SUV,2008.0,0.0,,,Parked,Center Front End,Center Front End,,,,N,,Unspecified,Unspecified,BROOKLYN,11236.0,,0.0,0.0,0,0,0,0,0,0,Pick-up Truck,Station Wagon/Sport Utility Vehicle,0
20244061,4539619,06/21/2022,19:25,cf8829b5-53b3-4c50-93ea-f6d96210d4c6,Sedan,HYUN -CAR/SUV,2008.0,1.0,F,,Going Straight Ahead,Center Back End,Center Back End,,,,N,,Reaction to Uninvolved Vehicle,Unspecified,,,"    (40.66858, -73.84223)",0.0,0.0,0,0,0,0,0,0,Sedan,Sedan,0
20211101,4524690,05/04/2022,13:00,f0569ec7-4987-4cf5-814b-874cfaa6c69c,Sedan,FORD -CAR/SUV,2013.0,2.0,M,Licensed,Going Straight Ahead,Center Back End,Center Back End,,,,N,,Unspecified,Unspecified,,,"    (40.73425, -73.86336)",0.0,0.0,0,0,0,0,0,0,Sedan,Sedan,0
20362216,4593619,12/19/2022,09:45,e55d24e0-9c55-48a1-bcad-64d3e457af0a,Sedan,BMW -CAR/SUV,2015.0,1.0,F,Licensed,Going Straight Ahead,Left Rear Quarter Panel,Left Rear Quarter Panel,,,,N,,Failure to Yield Right-of-Way,Unspecified,,,"    (40.75577, -73.78827)",1.0,0.0,0,0,0,0,1,0,Sedan,Sedan,1
20244001,4534418,06/04/2022,21:00,29c957dc-f2a9-43d6-88a0-dd4a35c08591,Sedan,MERZ -CAR/SUV,2018.0,2.0,F,Licensed,Going Straight Ahead,Right Front Bumper,Center Front End,Right Front Bumper,Left Front Bumper,,N,,Passing or Lane Usage Improper,Passing Too Closely,QUEENS,11420.0,"    (40.66549, -73.819534)",7.0,0.0,0,0,0,0,7,0,Sedan,Sedan,1
20197322,4518306,04/11/2022,19:45,3d644531-b6fc-41e4-ae18-66908a172235,Sedan,TOYT -CAR/SUV,2014.0,1.0,M,Licensed,Going Straight Ahead,Left Rear Bumper,Left Rear Bumper,Left Rear Quarter Panel,,,N,,Unspecified,Unspecified,QUEENS,11372.0,"    (40.755363, -73.88723)",0.0,0.0,0,0,0,0,0,0,Sedan,Station Wagon/Sport Utility Vehicle,0
20263255,4548020,07/19/2022,09:40,1397a3bd-8af0-48b1-b7f7-36f5e34921cd,Motorcycle,HD -MCL,1970.0,1.0,M,Licensed,Going Straight Ahead,Center Front End,Center Front End,Right Front Quarter Panel,No Damage,No Damage,N,,Unspecified,Unspecified,,,"    (40.77392, -73.89809)",1.0,0.0,0,0,0,0,1,0,Motorcycle,Pick-up Truck,1
20154005,4498538,01/30/2022,16:30,4eef867f-8375-4b03-ad2e-ac95a64322f4,Sedan,NISS -CAR/SUV,2020.0,0.0,,,Parked,Left Rear Bumper,Left Rear Bumper,Left Rear Quarter Panel,,,N,,Unspecified,Unspecified,QUEENS,11418.0,"    (40.705044, -73.83689)",0.0,0.0,0,0,0,0,0,0,Sedan,,0
20205657,4522380,04/26/2022,17:50,7541785f-b874-40e8-b2b9-aa27b350eb8d,Station Wagon/Sport Utility Vehicle,JEEP -CAR/SUV,2013.0,0.0,,,Parked,Left Front Quarter Panel,Left Front Quarter Panel,,,,N,,Unspecified,Unspecified,BROOKLYN,11222.0,"    (40.72466, -73.951294)",0.0,0.0,0,0,0,0,0,0,Station Wagon/Sport Utility Vehicle,,0
20278339,4554994,08/13/2022,04:13,79434e6c-60df-431a-a857-80a4c0d4314e,Sedan,FORD -CAR/SUV,2017.0,2.0,M,Licensed,Making Left Turn,Center Front End,Center Front End,Left Front Bumper,Right Front Bumper,,N,,Unspecified,Unspecified,,,"    (40.633343, -74.13655)",2.0,0.0,0,0,0,0,2,0,Sedan,Sedan,1
20309150,4569085,10/01/2022,21:40,ca290f79-ac99-44e4-a92b-45e3f8acc0b1,Station Wagon/Sport Utility Vehicle,FORD -CAR/SUV,2018.0,1.0,M,Licensed,Going Straight Ahead,Left Side Doors,Left Side Doors,Left Rear Quarter Panel,,,N,,Unspecified,Unspecified,,,"    (40.707714, -73.802795)",0.0,0.0,0,0,0,0,0,0,Station Wagon/Sport Utility Vehicle,Station Wagon/Sport Utility Vehicle,0
20194656,4517297,04/08/2022,13:40,0981cd0b-3ad8-4c0f-b342-9a94980880a8,Bus,Prevo,2016.0,1.0,M,Licensed,Other*,Right Side Doors,Right Rear Quarter Panel,,,,N,,Other Vehicular,Unspecified,STATEN ISLAND,10309.0,"    (40.552807, -74.21822)",0.0,0.0,0,0,0,0,0,0,Sedan,Bus,0
20159745,4501442,02/09/2022,17:51,9eaca432-f56d-460d-b13b-f6324a0e80ca,Box Truck,FORD-TRUCK/BUS,2001.0,0.0,,,Parked,Right Rear Bumper,Right Rear Bumper,,,,N,,Unspecified,Unspecified,BRONX,10455.0,"    (40.815533, -73.91861)",0.0,0.0,0,0,0,0,0,0,Box Truck,Sedan,0
20341696,4583803,11/19/2022,14:00,524335c8-685a-4051-8559-745648b259be,Sedan,TOYT -CAR/SUV,2007.0,1.0,,,Going Straight Ahead,Center Front End,Center Front End,,,,N,,Driver Inattention/Distraction,Driver Inattention/Distraction,QUEENS,11103.0,"    (40.77056, -73.91751)",0.0,0.0,0,0,0,0,0,0,Sedan,Sedan,0
20147502,4495842,01/19/2022,19:00,7fabcf4a-677b-4f14-8c45-2489bca69118,Sedan,VOLK -CAR/SUV,2005.0,2.0,M,Licensed,Going Straight Ahead,Center Front End,Center Front End,,,,N,,Unspecified,Unspecified,BROOKLYN,11235.0,"    (40.58331, -73.95202)",1.0,0.0,0,0,0,0,1,0,Sedan,Sedan,1
20322638,4575183,10/13/2022,20:30,c524188a-8355-4b8b-a2c5-3f5b195558d0,Convertible,FORD -CAR/SUV,2019.0,0.0,M,Licensed,Parked,Left Side Doors,Left Side Doors,Left Front Quarter Panel,Left Front Quarter Panel,Left Side Doors,N,,Unspecified,Unspecified,BROOKLYN,11230.0,"    (40.629932, -73.966194)",0.0,0.0,0,0,0,0,0,0,Convertible,Station Wagon/Sport Utility Vehicle,0
20184950,4512823,03/23/2022,06:30,f54e6525-96ff-4bde-8882-ccd2e0955739,Sedan,TOYT -CAR/SUV,2006.0,1.0,M,Licensed,Going Straight Ahead,Right Front Quarter Panel,Right Front Quarter Panel,Right Side Doors,,,N,,Unspecified,Unspecified,BROOKLYN,11209.0,"    (40.619274, -74.03572)",1.0,0.0,0,0,0,0,1,0,Sedan,Sedan,1
20310321,4569767,10/03/2022,18:58,9f3ed079-1b50-4f73-b3e8-5ba3fe6d8f99,Station Wagon/Sport Utility Vehicle,HOND -CAR/SUV,2012.0,2.0,F,Licensed,Going Straight Ahead,Right Rear Bumper,Right Rear Bumper,Right Rear Quarter Panel,,,N,,Unspecified,Unspecified,,,,0.0,0.0,0,0,0,0,0,0,Station Wagon/Sport Utility Vehicle,Station Wagon/Sport Utility Vehicle,0
20347361,4586679,12/02/2022,19:10,9e763baa-4afd-4ac1-8249-348bfd67587c,Station Wagon/Sport Utility Vehicle,FORD -CAR/SUV,2020.0,1.0,M,Licensed,Going Straight Ahead,Other,Other,No Damage,No Damage,No Damage,N,,Unspecified,Unspecified,MANHATTAN,10017.0,"    (40.757507, -73.97669)",1.0,0.0,0,0,0,0,1,0,Station Wagon/Sport Utility Vehicle,Station Wagon/Sport Utility Vehicle,1
20235092,4535384,06/03/2022,04:22,58ce96a6-f981-45ca-94b5-dd72033fda2f,Station Wagon/Sport Utility Vehicle,HOND -CAR/SUV,2011.0,0.0,,,Parked,Left Rear Bumper,Left Rear Quarter Panel,Left Side Doors,Right Side Doors,Right Front Quarter Panel,N,,Unspecified,Unspecified,BROOKLYN,11207.0,"    (40.67162, -73.885414)",0.0,0.0,0,0,0,0,0,0,Station Wagon/Sport Utility Vehicle,Station Wagon/Sport Utility Vehicle,0
20158011,4500778,02/06/2022,15:20,349a6965-97a0-4cd0-9b5e-4e9587570a39,Sedan,HOND -CAR/SUV,2013.0,1.0,M,Licensed,Going Straight Ahead,Center Front End,Center Front End,Left Front Bumper,Center Front End,,N,,Following Too Closely,Unspecified,MANHATTAN,10018.0,"    (40.75587, -73.99822)",0.0,0.0,0,0,0,0,0,0,Sedan,Sedan,0
20317117,4571502,10/04/2022,22:16,6525b53a-3410-441e-b2cc-a62caa66dd9b,Sedan,ACUR -CAR/SUV,2012.0,2.0,M,Licensed,Other*,Left Side Doors,Left Side Doors,,,,Unspecified,,Unspecified,Unspecified,BROOKLYN,11208.0,"    (40.674232, -73.86177)",0.0,0.0,0,0,0,0,0,0,Sedan,Sedan,0
20151972,4497877,01/20/2022,10:30,827bfddc-08c3-4df5-905d-f4931397c051,Sedan,LEXS -CAR/SUV,1999.0,1.0,M,Licensed,Going Straight Ahead,Right Front Bumper,Right Front Bumper,Right Front Quarter Panel,,,N,,Unspecified,Unspecified,,,"    (40.669586, -73.92827)",0.0,0.0,0,0,0,0,0,0,Sedan,Sedan,0
20257814,4544967,07/07/2022,17:05,0829a5a2-9af6-4f60-8598-ebb0b4c3fa0f,Sedan,SUBA -CAR/SUV,2013.0,0.0,F,,Stopped in Traffic,Center Back End,Center Back End,Left Rear Bumper,No Damage,No Damage,N,,Unspecified,Unspecified,,,"    (40.800602, -73.97426)",3.0,0.0,0,0,0,0,3,0,Station Wagon/Sport Utility Vehicle,Station Wagon/Sport Utility Vehicle,1
20211640,4524850,05/05/2022,03:26,abb30e5e-ed33-41a7-a69a-5e9da7b37df3,Stake or Rack,INTL-TRUCK/BUS,2010.0,1.0,M,Licensed,Going Straight Ahead,Right Rear Quarter Panel,No Damage,,,,N,,Unspecified,Unspecified,BROOKLYN,11222.0,"    (40.72674, -73.94936)",0.0,0.0,0,0,0,0,0,0,Stake or Rack,Sedan,0
20423823,4621560,04/18/2023,05:00,1e8395bc-51d5-4a47-b907-7c68b66cb00a,Station Wagon/Sport Utility Vehicle,CHEV -CAR/SUV,2018.0,0.0,M,Licensed,Parked,Right Front Bumper,Right Front Bumper,Right Front Quarter Panel,Right Front Quarter Panel,,Unspecified,,Unspecified,Unspecified,QUEENS,11433.0,"    (40.70716, -73.78644)",0.0,0.0,0,0,0,0,0,0,Station Wagon/Sport Utility Vehicle,Station Wagon/Sport Utility Vehicle,0
20374220,4599010,01/15/2023,03:15,b986bca6-1e23-4205-95bb-51ddac329e81,Sedan,HOND -CAR/SUV,2015.0,1.0,M,Licensed,Going Straight Ahead,Right Rear Bumper,Right Rear Bumper,Center Back End,No Damage,No Damage,N,,Unspecified,Unspecified,,,"    (40.836758, -73.930725)",0.0,0.0,0,0,0,0,0,0,Sedan,Sedan,0
20375939,4599801,01/21/2023,05:30,0afbcd6d-874d-410a-8b98-a6b3deb822a2,Sedan,INFI -CAR/SUV,2008.0,0.0,,,Parked,Left Rear Bumper,Left Front Quarter Panel,Left Rear Quarter Panel,Left Side Doors,Center Back End,N,,Other Vehicular,Other Vehicular,BRONX,10453.0,"    (40.8479, -73.919685)",0.0,0.0,0,0,0,0,0,0,Sedan,Sedan,0
20376450,4599986,01/23/2023,12:30,5d610772-2389-40e7-924c-3fac9fe50dec,Sedan,TOYT -CAR/SUV,2016.0,2.0,,,Going Straight Ahead,Left Front Quarter Panel,Left Front Quarter Panel,Left Side Doors,,,N,,Failure to Yield Right-of-Way,Traffic Control Disregarded,,,"    (40.684956, -73.86761)",0.0,0.0,0,0,0,0,0,0,Pick-up Truck,Sedan,0
20548174,4678080,11/10/2023,15:20,ecf0eeaa-3169-40d7-9e0a-b54dcef62792,Sedan,TOYT -CAR/SUV,2014.0,2.0,F,Licensed,Making Right Turn,Right Front Quarter Panel,Right Front Quarter Panel,Right Side Doors,No Damage,No Damage,N,,Other Vehicular,Driver Inattention/Distraction,,,,2.0,0.0,0,0,0,0,2,0,Sedan,Sedan,1
20562079,4684554,12/04/2023,17:40,bdf620b7-00d6-4003-ab54-462f6cae5897,Sedan,TOYT -CAR/SUV,2019.0,1.0,M,Licensed,Making Left Turn,Left Front Bumper,No Damage,,,,N,,Failure to Yield Right-of-Way,Unsafe Speed,QUEENS,11356.0,"    (40.780853, -73.84599)",1.0,0.0,1,0,0,0,0,0,Sedan,,1
20535071,4672122,10/19/2023,13:30,4483fa81-7534-48f8-be39-a2e2f3a41224,Sedan,TESL -CAR/SUV,2023.0,0.0,M,Licensed,Parked,Center Front End,Left Front Quarter Panel,Left Side Doors,No Damage,No Damage,N,,Unspecified,Unspecified,BROOKLYN,11203.0,"    (40.663116, -73.93833)",0.0,0.0,0,0,0,0,0,0,Sedan,,0
20495617,4654083,08/13/2023,21:11,d1d4a1ee-b5b3-450f-9c77-f7038a4236cd,Sedan,CADI -CAR/SUV,2023.0,1.0,M,,Making Left Turn,Right Front Bumper,No Damage,No Damage,No Damage,No Damage,N,,Unspecified,Unspecified,BROOKLYN,11235.0,"    (40.585762, -73.9518)",1.0,0.0,1,0,0,0,0,0,Sedan,,1
20439251,4628813,05/14/2023,00:00,16ec1eeb-fb42-4902-9b2b-f4a1975c3b46,Station Wagon/Sport Utility Vehicle,NISS -CAR/SUV,2013.0,1.0,M,Licensed,Going Straight Ahead,Other,Other,Other,,,N,,Unspecified,Unspecified,BRONX,10459.0,,0.0,0.0,0,0,0,0,0,0,Station Wagon/Sport Utility Vehicle,Bike,0
20541593,4675118,10/28/2023,12:25,57c32d3b-00e9-4d35-aa26-8beadfd71365,Sedan,TOYT -CAR/SUV,2023.0,2.0,F,Licensed,Going Straight Ahead,Left Front Bumper,Left Front Bumper,Center Front End,Right Front Bumper,Left Front Quarter Panel,N,,Turning Improperly,Unspecified,BRONX,10469.0,"    (40.879986, -73.84182)",1.0,0.0,0,0,0,0,1,0,Sedan,Sedan,1
20409523,4614917,03/22/2023,20:08,2af2261c-f419-479d-9266-cdc0ecb25b14,Sedan,FORD -CAR/SUV,,1.0,,,Going Straight Ahead,Center Front End,Center Front End,Left Front Bumper,Right Front Bumper,No Damage,Y,,Unsafe Speed,Unspecified,BROOKLYN,11208.0,"    (40.683002, -73.883514)",0.0,0.0,0,0,0,0,0,0,Sedan,Sedan,0
20422204,4621034,04/13/2023,19:33,23782a0b-7f92-4875-9b68-a0ad8c63cfd1,Sedan,HOND -CAR/SUV,2017.0,2.0,F,Licensed,Going Straight Ahead,Center Front End,Center Front End,,,,Y,,Unsafe Speed,Following Too Closely,BRONX,10462.0,"    (40.84773, -73.85709)",1.0,0.0,0,0,0,0,1,0,Sedan,,1
20430580,4624655,04/30/2023,11:47,ce44d05c-89ee-4d73-beab-83fc6e922145,Sedan,NISS -CAR/SUV,2017.0,1.0,M,Licensed,Going Straight Ahead,Center Back End,Center Back End,Right Rear Bumper,Left Rear Bumper,,N,,Reaction to Uninvolved Vehicle,Unspecified,BROOKLYN,11213.0,"    (40.67117, -73.92534)",1.0,0.0,0,0,0,0,1,0,Sedan,Station Wagon/Sport Utility Vehicle,1
20433399,4626011,05/02/2023,07:58,7f0e0fcd-4ea9-4879-bce6-28388256125b,Station Wagon/Sport Utility Vehicle,ALFA -CAR/SUV,2022.0,1.0,F,Licensed,Slowing or Stopping,Left Rear Bumper,Left Rear Bumper,,,,N,,Unspecified,Unspecified,BROOKLYN,11201.0,"    (40.68978, -73.98139)",0.0,0.0,0,0,0,0,0,0,Station Wagon/Sport Utility Vehicle,Sedan,0
20475395,4644815,06/29/2023,18:53,f60a3474-4dc0-4510-be5b-4484e42bb14c,Sedan,HOND -CAR/SUV,2023.0,1.0,M,Licensed,Going Straight Ahead,Left Front Quarter Panel,Left Front Quarter Panel,Left Side Doors,,,N,,Unspecified,Unspecified,,,"    (40.74515, -73.73432)",0.0,0.0,0,0,0,0,0,0,Sedan,,0
20416908,4618283,04/01/2023,18:31,34d7659b-2578-4153-b5a4-ffc14511e412,,CHEV -CAR/SUV,,,,,,,,,,,Unspecified,,,,,,"    (40.757355, -73.73887)",0.0,0.0,0,0,0,0,0,0,Sedan,,0
20412248,4616394,03/14/2023,13:00,7daba89a-8030-4e95-bb44-8c6f0e31d53a,Sedan,TOYT -CAR/SUV,2018.0,1.0,M,Licensed,Merging,Left Front Quarter Panel,Demolished,,,,Unspecified,,Lost Consciousness,Pavement Slippery,,,"    (40.826538, -73.8727)",1.0,0.0,0,0,0,0,1,0,Sedan,,1
20491466,4652140,08/07/2023,12:29,db8694e7-292b-41ef-8b7d-605fe39fd5fc,E-Bike,N7,2015.0,2.0,M,Licensed,Going Straight Ahead,Center Front End,Center Front End,,,,N,,Driver Inattention/Distraction,Driver Inattention/Distraction,BROOKLYN,11220.0,"    (40.633484, -74.01395)",1.0,0.0,0,0,0,0,0,0,Sedan,E-Bike,1
20505426,4658488,08/25/2023,06:00,0aaa440f-5221-431f-8d87-c330f7111750,Sedan,NISS -CAR/SUV,2015.0,0.0,,,Parked,Center Front End,Center Front End,,,,N,,Unspecified,Unspecified,BROOKLYN,11236.0,"    (40.633717, -73.907326)",0.0,0.0,0,0,0,0,0,0,Sedan,,0
20439212,4628473,05/12/2023,16:50,8321db57-efbc-4d1e-bc02-3fda317e5b0b,Sedan,HYUN -CAR/SUV,2023.0,1.0,M,Licensed,Making Left Turn,Right Front Bumper,Right Front Bumper,No Damage,No Damage,No Damage,N,,Unspecified,Unspecified,,,"    (40.574894, -73.98662)",0.0,0.0,0,0,0,0,0,0,Sedan,Bus,0
20413463,4616838,03/27/2023,12:00,b8b16b56-4497-4d33-a4d5-facd7aa4ae83,Sedan,LEXS -CAR/SUV,2019.0,1.0,F,Licensed,Parked,Left Rear Quarter Panel,Left Rear Quarter Panel,,,,N,,Unspecified,Unspecified,BROOKLYN,11212.0,"    (40.65466, -73.90748)",0.0,0.0,0,0,0,0,0,0,Station Wagon/Sport Utility Vehicle,Sedan,0
20395167,4608391,02/26/2023,14:20,1780e5b6-5b1b-419f-99aa-5f2da6ff400f,Sedan,HOND -CAR/SUV,2012.0,1.0,M,Licensed,Slowing or Stopping,Left Front Bumper,Left Front Bumper,Center Front End,Right Front Bumper,,N,,Reaction to Uninvolved Vehicle,Unspecified,,,"    (40.717014, -73.7994)",1.0,0.0,0,0,0,0,1,0,Sedan,Sedan,1
20577769,4691797,12/24/2023,12:41,5e6e4e64-3dd0-4a2b-9912-40f5177fac3d,Motorcycle,Zhilong,2023.0,1.0,M,,Going Straight Ahead,Center Front End,Center Front End,Left Front Bumper,Center Front End,Left Front Bumper,N,,Failure to Yield Right-of-Way,Traffic Control Disregarded,,,,1.0,0.0,0,0,0,0,1,0,Motorcycle,Station Wagon/Sport Utility Vehicle,1
20565722,4686194,12/11/2023,07:50,9fd7669e-4b58-43ae-b412-d5afda0a635b,Sedan,BMW -CAR/SUV,2018.0,0.0,,,Going Straight Ahead,Left Front Bumper,Center Front End,Right Front Bumper,Right Rear Quarter Panel,Left Rear Quarter Panel,Unspecified,,Unsafe Speed,Other Vehicular,QUEENS,11416.0,"    (40.68815, -73.84884)",0.0,0.0,0,0,0,0,0,0,Sedan,Sedan,0
20440301,4628952,05/15/2023,08:00,0f032c7e-8e4b-4b8d-aa2f-05c6f03a5c2f,Box Truck,FRHT-TRUCK/BUS,2022.0,1.0,M,Licensed,Making Left Turn,No Damage,No Damage,No Damage,No Damage,No Damage,N,,Driver Inexperience,Unspecified,,,"    (40.686203, -73.950745)",0.0,0.0,0,0,0,0,0,0,Box Truck,Sedan,0
20553867,4680655,11/15/2023,14:45,9331531b-1919-4cd1-b5ee-e32a4933be7b,Sedan,HOND -CAR/SUV,2015.0,0.0,,,Parked,Center Front End,Center Front End,Left Front Bumper,Right Front Bumper,,N,,Unspecified,Unspecified,QUEENS,11357.0,"    (40.783825, -73.81008)",0.0,0.0,0,0,0,0,0,0,Sedan,,0
20410100,4615394,03/24/2023,19:31,4b8aad8a-cda0-4db4-9793-cfa1de5cfea8,Sedan,HYUN -CAR/SUV,2014.0,4.0,M,Licensed,Going Straight Ahead,Right Rear Quarter Panel,Right Rear Quarter Panel,Right Side Doors,Right Front Quarter Panel,Right Rear Quarter Panel,N,,Unspecified,Unspecified,BROOKLYN,11218.0,"    (40.640625, -73.9863)",0.0,0.0,0,0,0,0,0,0,Bus,Sedan,0
20549618,4677712,11/06/2023,11:50,bb26a88e-a4cf-4ad1-aadb-228d8521b621,Station Wagon/Sport Utility Vehicle,LEXS -CAR/SUV,2004.0,2.0,M,Licensed,Making Left Turn,Left Front Bumper,No Damage,No Damage,No Damage,No Damage,N,,Driver Inattention/Distraction,Pedestrian/Bicyclist/Other Pedestrian Error/Confusion,MANHATTAN,10026.0,"    (40.804737, -73.951416)",1.0,0.0,1,0,0,0,0,0,Station Wagon/Sport Utility Vehicle,,1
20375589,4599550,01/12/2023,09:05,75a67d0c-418b-4dae-be2c-d189b95bed61,Sedan,FORD -CAR/SUV,2014.0,1.0,M,Licensed,Making Left Turn,Left Front Quarter Panel,Left Front Quarter Panel,Left Side Doors,Left Front Bumper,,N,,Unspecified,Unspecified,,,"    (40.874714, -73.84512)",1.0,0.0,0,0,0,0,1,0,Moped,Sedan,1
20501938,4656987,08/24/2023,15:15,b2b3a874-af5d-49f9-bb3e-5a0954150657,Sedan,FORD -CAR/SUV,2016.0,0.0,M,Licensed,Parked,Left Front Quarter Panel,Left Front Quarter Panel,Left Front Bumper,Left Side Doors,No Damage,N,,Unspecified,Unspecified,MANHATTAN,10025.0,"    (40.805984, -73.96318)",0.0,0.0,0,0,0,0,0,0,Sedan,Sedan,0
20539553,4674197,10/26/2023,17:27,b9884652-7fbd-40a8-ba73-a9f065966c43,Station Wagon/Sport Utility Vehicle,LNDR -CAR/SUV,2018.0,2.0,M,Licensed,Going Straight Ahead,Left Rear Quarter Panel,Left Rear Quarter Panel,No Damage,No Damage,No Damage,Unspecified,,Other Vehicular,Unspecified,MANHATTAN,10022.0,"    (40.757637, -73.96342)",0.0,0.0,0,0,0,0,0,0,Carry All,Station Wagon/Sport Utility Vehicle,0
20537503,4673199,10/22/2023,17:35,37dfd3a4-6766-4cd8-8d57-3061cd3e4609,Carry All,Seagrave,2021.0,1.0,M,Licensed,Going Straight Ahead,Right Side Doors,No Damage,No Damage,No Damage,No Damage,N,,Unspecified,Unspecified,MANHATTAN,10003.0,"    (40.736095, -73.98937)",0.0,0.0,0,0,0,0,0,0,Carry All,Taxi,0
20501357,4656516,08/22/2023,19:30,edd5ae1a-6aff-47ec-b356-d05735f63a9d,Station Wagon/Sport Utility Vehicle,HOND -CAR/SUV,2007.0,0.0,M,Licensed,Parked,Left Side Doors,Left Front Quarter Panel,Left Front Quarter Panel,Left Front Quarter Panel,Left Front Bumper,N,,Unspecified,Unspecified,BRONX,10474.0,"    (40.813625, -73.88723)",0.0,0.0,0,0,0,0,0,0,Station Wagon/Sport Utility Vehicle,FORKLIFT,0
20473940,4639847,06/10/2023,16:16,9d237eff-9553-4767-8f96-36130ab04a1c,Sedan,NISS -CAR/SUV,2018.0,3.0,M,Licensed,Other*,Right Rear Bumper,Right Rear Bumper,,,,N,,Unspecified,Unspecified,BRONX,10475.0,"    (40.8695, -73.82619)",2.0,0.0,0,0,0,0,2,0,Sedan,,1
20398260,4610044,03/05/2023,00:22,fc5ebe11-2d59-4c82-b40e-143c8ca4fb14,PK,TOYT-TRUCK/BUS,2022.0,0.0,,,Parked,Right Front Bumper,Right Front Bumper,Right Front Quarter Panel,,,N,,Unspecified,Unspecified,BROOKLYN,11201.0,"    (40.703037, -73.99256)",0.0,0.0,0,0,0,0,0,0,Station Wagon/Sport Utility Vehicle,PK,0
20373708,4598821,01/18/2023,03:11,dd496c58-5fe1-461a-9087-d4047ab9da9c,Station Wagon/Sport Utility Vehicle,FORD -CAR/SUV,2018.0,2.0,M,Licensed,Slowing or Stopping,Right Front Quarter Panel,Right Front Quarter Panel,No Damage,No Damage,No Damage,N,,Unspecified,Unspecified,QUEENS,11421.0,"    (40.68766, -73.85057)",0.0,0.0,0,0,0,0,0,0,Station Wagon/Sport Utility Vehicle,Station Wagon/Sport Utility Vehicle,0