UNIQUE_ID,COLLISION_ID,CRASH_DATE,CRASH_TIME,VEHICLE_ID,VEHICLE_TYPE,VEHICLE_MAKE,VEHICLE_YEAR,VEHICLE_OCCUPANTS,DRIVER_SEX,DRIVER_LICENSE_STATUS,PRE_CRASH,POINT_OF_IMPACT,VEHICLE_DAMAGE,VEHICLE_DAMAGE_1,VEHICLE_DAMAGE_2,VEHICLE_DAMAGE_3,PUBLIC_PROPERTY_DAMAGE,PUBLIC_PROPERTY_DAMAGE_TYPE,CONTRIBUTING_FACTOR_1,CONTRIBUTING_FACTOR_2,BOROUGH,ZIP CODE,LOCATION,NUMBER OF PERSONS INJURED,NUMBER OF PERSONS KILLED,NUMBER OF PEDESTRIANS INJURED,NUMBER OF PEDESTRIANS KILLED,NUMBER OF CYCLIST INJURED,NUMBER OF CYCLIST KILLED,NUMBER OF MOTORIST INJURED,NUMBER OF MOTORIST KILLED,VEHICLE TYPE CODE 1,VEHICLE TYPE CODE 2,Severity
20438102,4627905,05/03/2023,11:00,9f95e4de-9974-49d8-9cb6-48a1e4812929,Moped,YAMA -MCL,2018.0,0.0,,,Parked,Right Side Doors,Right Front Quarter Panel,Left Front Quarter Panel,Left Side Doors,,N,,Unspecified,Unspecified,QUEENS,11101.0,"    (40.747746, -73.94062)",0.0,0.0,0,0,0,0,0,0,Moped,Station Wagon/Sport Utility Vehicle,0
20506449,4658928,09/02/2023,09:34,67be7b6a-81f0-45fa-b53a-0575d739194b,Sedan,TOYT -CAR/SUV,2019.0,1.0,,,Going Straight Ahead,Center Front End,Center Front End,,,,N,,Driver Inattention/Distraction,Unspecified,QUEENS,11377.0,"    (40.740273, -73.89586)",1.0,0.0,0,0,1,0,0,0,Bike,Sedan,1
20406783,4613955,03/19/2023,14:15,cab5f6a9-6cb1-421a-b5eb-60aecf0ba60d,Station Wagon/Sport Utility Vehicle,NISS -CAR/SUV,2013.0,0.0,,,Parked,Left Rear Quarter Panel,Left Rear Quarter Panel,,,,N,,Unspecified,Unspecified,BROOKLYN,11234.0,"    (40.633217, -73.92235)",0.0,0.0,0,0,0,0,0,0,Station Wagon/Sport Utility Vehicle,Bus,0
20463307,4639188,06/19/2023,18:18,3809c788-b291-4bdb-9718-776f8bd1246f,Sedan,HOND -CAR/SUV,2019.0,0.0,M,Licensed,Parked,Right Front Bumper,Right Front Bumper,Right Front Quarter Panel,Center Front End,,N,,Unspecified,Unspecified,BROOKLYN,11207.0,"    (40.668472, -73.89603)",0.0,0.0,0,0,0,0,0,0,Sedan,Sedan,0
20574378,4690201,12/26/2023,03:57,c5c556eb-0917-42d6-870f-d74bff5125bb,Station Wagon/Sport Utility Vehicle,HOND -CAR/SUV,2004.0,1.0,F,Licensed,Making Left Turn,Left Front Bumper,No Damage,,,,N,,Unspecified,Unspecified,QUEENS,11368.0,"    (40.744022, -73.8585)",1.0,0.0,0,0,1,0,0,0,Station Wagon/Sport Utility Vehicle,Bike,1
20479682,4646901,07/17/2023,19:42,821a6786-2ea3-4382-8a01-42ba9aef6242,Station Wagon/Sport Utility Vehicle,FORD -CAR/SUV,2012.0,1.0,M,Licensed,Making Left Turn,Left Front Quarter Panel,Left Front Quarter Panel,No Damage,No Damage,No Damage,N,,Unspecified,Unspecified,,,"    (40.82154, -73.94287)",1.0,0.0,0,0,0,0,0,0,E-Bike,Station Wagon/Sport Utility Vehicle,1
20568067,4687421,11/23/2023,11:19,041a730d-b46d-4f4e-b1ff-99610c4b07e9,Sedan,KIA -CAR/SUV,2021.0,0.0,M,Licensed,Parked,Right Rear Bumper,Center Back End,Left Rear Bumper,Left Rear Quarter Panel,Right Rear Quarter Panel,N,,Unspecified,Unspecified,BRONX,10459.0,"    (40.8276, -73.894356)",0.0,0.0,0,0,0,0,0,0,Sedan,,0
20403314,4612337,03/10/2023,15:00,49b89709-0f65-4cd3-b8c9-08f2c3a3a32c,Sedan,TOYT -CAR/SUV,2017.0,1.0,M,Licensed,Making U Turn,Right Front Bumper,Right Front Bumper,,,,N,,Traffic Control Disregarded,Turning Improperly,,,"    (40.740185, -73.986374)",0.0,0.0,0,0,0,0,0,0,Pick-up Truck,Sedan,0
20444810,4630951,05/19/2023,06:30,9841ac6c-9168-450f-a7f1-7f12981daf86,Sedan,TOYT -CAR/SUV,1997.0,1.0,M,Licensed,Going Straight Ahead,Left Front Quarter Panel,Left Front Quarter Panel,Left Front Bumper,,,N,,Unspecified,Unspecified,,,"    (40.583057, -73.973114)",2.0,0.0,0,0,0,0,2,0,Station Wagon/Sport Utility Vehicle,Sedan,1
20516592,4663667,09/20/2023,05:35,d046c9a2-2d4f-4176-9396-a7660aa86edf,Sedan,NISS -CAR/SUV,2012.0,1.0,F,Licensed,Going Straight Ahead,Center Front End,Center Front End,,,,N,,Unspecified,Unspecified,BROOKLYN,11204.0,"    (40.62395, -73.98889)",1.0,0.0,0,0,0,0,1,0,Sedan,Sedan,1
20545947,4676680,11/04/2023,21:00,95f78bc3-7002-41ae-98eb-605676a77175,Station Wagon/Sport Utility Vehicle,FORD -CAR/SUV,2014.0,1.0,,,Going Straight Ahead,Left Front Bumper,Left Front Bumper,Left Front Bumper,Left Front Bumper,Left Front Bumper,Unspecified,,Driver Inattention/Distraction,Driver Inattention/Distraction,,,"    (40.857418, -73.89996)",1.0,0.0,0,0,0,0,1,0,Sedan,Station Wagon/Sport Utility Vehicle,1
20548403,4678307,11/12/2023,12:55,57552a4b-0add-4af6-b716-3209e85fa99e,Sedan,TESL -CAR/SUV,2023.0,1.0,M,Licensed,Going Straight Ahead,Center Back End,Center Back End,No Damage,No Damage,No Damage,N,,Unspecified,Unspecified,,,,2.0,0.0,0,0,0,0,2,0,Sedan,Sedan,1
20438724,4628241,05/12/2023,22:00,75222426-235e-4304-95cc-4fc97628a705,Sedan,JEEP -CAR/SUV,2017.0,1.0,M,Unlicensed,Making Left Turn,Left Front Bumper,Left Front Bumper,,,,N,,Unspecified,Unspecified,QUEENS,11413.0,"    (40.67735, -73.74972)",0.0,0.0,0,0,0,0,0,0,Sedan,Sedan,0
20371237,4597643,01/13/2023,23:40,a57623b1-e2ad-4338-a331-40126b0d4023,Station Wagon/Sport Utility Vehicle,FORD -CAR/SUV,2017.0,2.0,M,Licensed,Other*,Center Front End,Center Front End,No Damage,No Damage,No Damage,N,,Other Vehicular,Unspecified,,,"    (40.68416, -73.96907)",0.0,0.0,0,0,0,0,0,0,Station Wagon/Sport Utility Vehicle,Sedan,0
20528365,4669140,10/08/2023,20:23,7ec64eb6-90b6-4d42-b76e-961e4f4e0438,Taxi,TOYT -CAR/SUV,2023.0,1.0,M,Licensed,Going Straight Ahead,Left Front Bumper,Left Front Bumper,,,,N,,Unspecified,Unspecified,MANHATTAN,10003.0,"    (40.73059, -73.99242)",0.0,0.0,0,0,0,0,0,0,Taxi,Station Wagon/Sport Utility Vehicle,0
20477521,4646000,07/12/2023,13:20,51d82659-3dc2-4266-aa90-44256fba5d38,Sedan,CHEV -CAR/SUV,2020.0,1.0,M,Licensed,Stopped in Traffic,Center Back End,Center Back End,Left Rear Bumper,Right Rear Bumper,Right Rear Quarter Panel,N,,Unspecified,Unspecified,,,"    (40.69832, -73.962265)",0.0,0.0,0,0,0,0,0,0,Sedan,Flat Rack,0
20468582,4641619,06/21/2023,17:20,697fd498-6a7e-44fd-83b4-07a78b017ffa,Station Wagon/Sport Utility Vehicle,JEEP -CAR/SUV,2018.0,1.0,F,Licensed,Going Straight Ahead,Overturned,Overturned,Right Front Quarter Panel,Right Side Doors,Right Rear Quarter Panel,N,,Unspecified,Unspecified,,,"    (40.667313, -73.73926)",4.0,0.0,0,0,0,0,4,0,Station Wagon/Sport Utility Vehicle,Sedan,1
20470098,4642498,07/03/2023,18:30,cc60f607-d767-4dfa-b626-f4b37d2a8507,Sedan,VOLK -CAR/SUV,2012.0,0.0,F,Licensed,Parked,Left Front Quarter Panel,Left Front Quarter Panel,Left Side Doors,Left Front Bumper,,N,,Unspecified,Unspecified,BROOKLYN,11228.0,"    (40.620823, -74.0099)",0.0,0.0,0,0,0,0,0,0,Sedan,TRAILER,0
20397829,4609737,02/21/2023,15:53,2715272c-8486-4a27-a710-6ca9aafae59f,Sedan,HOND -CAR/SUV,2017.0,2.0,F,Licensed,Starting in Traffic,Left Front Bumper,Left Front Bumper,Center Front End,Center Front End,No Damage,Unspecified,,Unspecified,Unspecified,,,"    (40.848736, -73.93234)",0.0,0.0,0,0,0,0,0,0,Sedan,,0
20528274,4668355,10/06/2023,23:30,567cb006-9193-4ed6-8eaa-4f56a1166247,Station Wagon/Sport Utility Vehicle,HOND -CAR/SUV,2007.0,2.0,M,Licensed,Going Straight Ahead,Overturned,Demolished,,,,N,,Unspecified,Unspecified,,,"    (40.66552, -73.74467)",0.0,0.0,0,0,0,0,0,0,Station Wagon/Sport Utility Vehicle,,0
20375442,4599685,01/19/2023,20:30,9a79cfd8-55cd-495a-a2c2-88408f58e869,Sedan,ACUR -CAR/SUV,2015.0,1.0,F,Licensed,Going Straight Ahead,Center Back End,Center Back End,No Damage,No Damage,No Damage,N,,Unspecified,Unspecified,BROOKLYN,11214.0,"    (40.602455, -73.99929)",1.0,0.0,0,0,0,0,1,0,Sedan,,1
20432494,4625300,05/02/2023,09:02,5bac0d0a-c0a9-4d50-900d-2e60974284e2,Station Wagon/Sport Utility Vehicle,TESL -CAR/SUV,2021.0,1.0,M,Licensed,Stopped in Traffic,Left Rear Bumper,Left Rear Bumper,,,,N,,Unspecified,Unspecified,QUEENS,11378.0,"    (40.72861, -73.88721)",0.0,0.0,0,0,0,0,0,0,Sedan,Station Wagon/Sport Utility Vehicle,0
20421690,4620564,04/14/2023,19:32,cce58f80-8994-452c-aa6f-40ea12fbe36e,Sedan,TOYT -CAR/SUV,2012.0,0.0,,,Going Straight Ahead,Left Front Bumper,Left Front Bumper,Right Front Quarter Panel,Right Side Doors,,N,,Driver Inattention/Distraction,Unspecified,QUEENS,11429.0,"    (40.702354, -73.730415)",1.0,0.0,0,0,0,0,1,0,Station Wagon/Sport Utility Vehicle,Sedan,1
20464082,4639738,06/21/2023,23:30,1b1fe97c-b1bd-4673-82b8-3d7689288f19,Ambulance,FORD-TRUCK/BUS,2022.0,2.0,F,,Backing,Left Side Doors,Left Side Doors,,,,Unspecified,,Passing Too Closely,Unspecified,MANHATTAN,10039.0,"    (40.83044, -73.936356)",0.0,0.0,0,0,0,0,0,0,Ambulance,,0
20402475,4611854,03/11/2023,20:30,98a37cc2-c63a-4c41-8187-d4306862c51b,Station Wagon/Sport Utility Vehicle,HOND -CAR/SUV,2019.0,2.0,M,Licensed,Going Straight Ahead,Left Front Quarter Panel,Left Front Quarter Panel,Left Front Bumper,Left Side Doors,,N,,Unspecified,Unspecified,QUEENS,11427.0,"    (40.72469, -73.7541)",0.0,0.0,0,0,0,0,0,0,Station Wagon/Sport Utility Vehicle,Sedan,0
20430475,4624802,04/17/2023,21:10,fada6c67-28fb-414d-b16b-44da78e8beae,Sedan,KIA -CAR/SUV,2017.0,2.0,M,Licensed,Making Right Turn,Left Front Bumper,Left Front Bumper,Left Front Quarter Panel,,,N,,Unspecified,Unspecified,BROOKLYN,11222.0,"    (40.723774, -73.93754)",0.0,0.0,0,0,0,0,0,0,Sedan,Dump,0
20462392,4633877,05/15/2023,16:20,6f713f33-2027-49d9-8224-1eb26eb6d4ec,Sedan,KIA -CAR/SUV,2015.0,1.0,,,Making U Turn,Left Rear Quarter Panel,Left Rear Quarter Panel,Left Rear Quarter Panel,Left Rear Quarter Panel,,Unspecified,,Unsafe Lane Changing,Unsafe Lane Changing,QUEENS,11368.0,"    (40.758305, -73.85561)",0.0,0.0,0,0,0,0,0,0,Sedan,Sedan,0
20442280,4629927,04/14/2023,01:05,945856b9-8c87-4bb7-bb81-6e3ba0f58f68,Sedan,NISS -CAR/SUV,2020.0,1.0,M,Licensed,Making Left Turn,Left Front Bumper,Left Front Bumper,Left Front Quarter Panel,No Damage,No Damage,N,,Unspecified,Unspecified,,,"    (40.824757, -73.94052)",0.0,0.0,0,0,0,0,0,0,Sedan,Sedan,0
20525822,4667916,10/04/2023,19:12,6e1a0e66-4a9e-4d60-af3c-0eadfc1667f3,Sedan,LEXS -CAR/SUV,2010.0,1.0,F,Licensed,Starting from Parking,Left Front Quarter Panel,Left Front Quarter Panel,Left Front Bumper,No Damage,No Damage,N,,Unspecified,Unspecified,BROOKLYN,11229.0,"    (40.609623, -73.95634)",0.0,0.0,0,0,0,0,0,0,Sedan,Sedan,0
20401669,4611372,03/08/2023,07:55,0a800424-ab8f-4685-a164-a4b80821a81f,Sedan,MERZ -CAR/SUV,2014.0,2.0,M,Licensed,Going Straight Ahead,Center Back End,Right Rear Bumper,Right Rear Bumper,,Right Rear Bumper,N,,Unspecified,Unspecified,,,"    (40.717014, -73.7994)",0.0,0.0,0,0,0,0,0,0,Sedan,Convertible,0
20488547,4650948,07/30/2023,20:30,86b1b840-3183-4178-b981-0ff95657fbd2,Sedan,BMW -CAR/SUV,2018.0,1.0,M,Licensed,Going Straight Ahead,Left Rear Quarter Panel,Left Rear Bumper,,,,N,,Unspecified,Unspecified,,,"    (40.62764, -73.89022)",1.0,0.0,0,0,0,0,1,0,Pick-up Truck,Sedan,1
20390775,4606758,02/16/2023,17:12,c321efc0-afab-4811-ab77-84b4a2951e2b,Station Wagon/Sport Utility Vehicle,LINC -CAR/SUV,2022.0,1.0,M,Licensed,Going Straight Ahead,Center Front End,Center Front End,Center Front End,Left Front Bumper,Right Front Bumper,N,,Unspecified,Unspecified,MANHATTAN,10014.0,"    (40.734814, -74.008446)",1.0,0.0,0,0,0,0,1,0,Sedan,Station Wagon/Sport Utility Vehicle,1
20508618,4659983,09/04/2023,21:52,8b87e144-1d6d-42ed-ae0b-85a50f1dbea2,Sedan,CHEV -CAR/SUV,2022.0,2.0,M,Licensed,Going Straight Ahead,Right Front Quarter Panel,Right Front Bumper,,,,N,,Unspecified,Unspecified,BRONX,10460.0,"    (40.835808, -73.89083)",2.0,0.0,0,0,0,0,2,0,Sedan,Sedan,1
20458967,4637441,06/13/2023,18:07,d733c2dc-7672-4461-9c78-5b59e72b43b4,AMBULANCE,FORD,2018.0,2.0,M,Licensed,Going Straight Ahead,Center Front End,Center Front End,No Damage,No Damage,No Damage,N,,Unspecified,Unspecified,BROOKLYN,11209.0,"    (40.624535, -74.039444)",0.0,0.0,0,0,0,0,0,0,Sedan,AMBULANCE,0
20386788,4605050,02/08/2023,08:00,fdde799c-edb2-4a01-8e10-96d3ad30a6e7,Taxi,TOYT -CAR/SUV,2016.0,2.0,M,Licensed,Going Straight Ahead,Center Back End,Center Back End,No Damage,No Damage,No Damage,Unspecified,,Unspecified,Unspecified,,,,0.0,0.0,0,0,0,0,0,0,Taxi,Sedan,0
20493894,4653203,08/10/2023,10:10,7d31b41b-da21-4d6a-b088-a186a242057b,Station Wagon/Sport Utility Vehicle,HOND -CAR/SUV,2009.0,1.0,F,Licensed,Going Straight Ahead,Right Rear Bumper,Right Rear Bumper,No Damage,No Damage,No Damage,N,,Driver Inattention/Distraction,Driver Inexperience,,,,0.0,0.0,0,0,0,0,0,0,Station Wagon/Sport Utility Vehicle,Station Wagon/Sport Utility Vehicle,0
20378847,4601235,01/27/2023,12:53,bc2cbef6-00b9-418c-b2c9-b154f5dc10b2,Sedan,NISS -CAR/SUV,2019.0,1.0,M,Licensed,Going Straight Ahead,Left Front Bumper,Center Front End,Left Front Bumper,,Center Front End,N,,Unspecified,Unspecified,BROOKLYN,11218.0,"    (40.644802, -73.97769)",1.0,0.0,0,0,0,0,1,0,Sedan,Sedan,1
20459477,4637763,06/13/2023,22:00,23a0617c-2d05-4a5e-947b-32638b9e24d1,Station Wagon/Sport Utility Vehicle,TOYT -CAR/SUV,2021.0,1.0,M,Licensed,Parked,Center Back End,Center Back End,No Damage,No Damage,No Damage,N,,Unspecified,Unspecified,BROOKLYN,11229.0,"    (40.595604, -73.95484)",0.0,0.0,0,0,0,0,0,0,Station Wagon/Sport Utility Vehicle,,0
20543939,4676170,11/03/2023,13:12,af74aa38-d710-4c2a-9d6c-8190e994afac,Station Wagon/Sport Utility Vehicle,HOND -CAR/SUV,2005.0,2.0,,,Going Straight Ahead,Center Front End,No Damage,No Damage,No Damage,No Damage,N,,Traffic Control Disregarded,Unspecified,,,"    (40.646626, -73.90399)",1.0,0.0,1,0,0,0,0,0,Station Wagon/Sport Utility Vehicle,,1
20380714,4602038,01/26/2023,11:04,336bf59a-7649-4f53-b315-ad592ed03a45,Sedan,JEEP -CAR/SUV,2011.0,1.0,M,Licensed,Going Straight Ahead,Center Front End,Center Front End,Center Back End,Left Side Doors,Right Side Doors,N,,Backing Unsafely,Accelerator Defective,,,"    (40.851925, -73.829315)",3.0,0.0,0,0,0,0,3,0,Sedan,Sedan,1
20574575,4690195,12/22/2023,21:00,8a9d0fff-9211-4e1c-a9e6-5df9b3717383,Sedan,CHRY -CAR/SUV,2018.0,0.0,,,Parked,Right Front Bumper,Right Front Bumper,Right Front Quarter Panel,,,N,,Unspecified,Unspecified,BROOKLYN,11207.0,"    (40.658527, -73.89492)",0.0,0.0,0,0,0,0,0,0,Sedan,Pick-up Truck,0
20431524,4625062,04/29/2023,00:00,83e2a644-df90-4812-b3b5-ccd643543e9a,Station Wagon/Sport Utility Vehicle,VOLK -CAR/SUV,2019.0,0.0,,,Parked,Center Back End,Center Back End,,,,N,,Unspecified,Unspecified,BRONX,10475.0,"    (40.868748, -73.83172)",0.0,0.0,0,0,0,0,0,0,Station Wagon/Sport Utility Vehicle,,0
20517230,4663838,09/20/2023,13:41,edcd8517-bc7b-4764-b39d-9b1e1c004d46,Sedan,FORD -CAR/SUV,2013.0,0.0,M,Licensed,Going Straight Ahead,Right Rear Quarter Panel,Right Rear Quarter Panel,,,,N,,Driver Inexperience,Driver Inattention/Distraction,MANHATTAN,10065.0,"    (40.76416, -73.968895)",0.0,0.0,0,0,0,0,0,0,Sedan,Sedan,0
20528898,4669365,10/01/2023,14:30,a614b485-36b1-4989-bc49-13701795dc73,Station Wagon/Sport Utility Vehicle,HOND -CAR/SUV,2020.0,1.0,M,Licensed,Going Straight Ahead,Right Front Quarter Panel,Right Front Quarter Panel,No Damage,No Damage,No Damage,N,,Unspecified,Unspecified,MANHATTAN,10032.0,"    (40.841393, -73.936844)",0.0,0.0,0,0,0,0,0,0,Station Wagon/Sport Utility Vehicle,Bike,0
20495428,4654109,08/04/2023,23:30,4526b7e4-83c0-4995-8a72-3db3263aceb5,Station Wagon/Sport Utility Vehicle,FORD -CAR/SUV,2015.0,1.0,,,Going Straight Ahead,Left Front Quarter Panel,Center Front End,Left Front Bumper,,,N,,Following Too Closely,Passing or Lane Usage Improper,,,"    (40.85535, -73.91836)",0.0,0.0,0,0,0,0,0,0,Sedan,Station Wagon/Sport Utility Vehicle,0
20442806,4630060,05/17/2023,08:06,82458722-320f-4c74-8947-f0e65c2c285e,Station Wagon/Sport Utility Vehicle,HYUN -CAR/SUV,2017.0,1.0,M,Licensed,Going Straight Ahead,Right Front Quarter Panel,Right Front Quarter Panel,Right Front Bumper,,,N,,Passenger Distraction,Unspecified,QUEENS,11385.0,"    (40.701046, -73.89153)",1.0,0.0,0,0,1,0,0,0,Station Wagon/Sport Utility Vehicle,Bike,1
20420344,4620081,04/12/2023,12:00,00d2049c-13b1-4f58-ae54-047d44b3ad72,Station Wagon/Sport Utility Vehicle,CHEV -CAR/SUV,2017.0,2.0,F,Licensed,Making Right Turn,Right Side Doors,Right Rear Quarter Panel,Right Side Doors,Right Rear Quarter Panel,,N,,Driver Inattention/Distraction,Unspecified,,,,0.0,0.0,0,0,0,0,0,0,Station Wagon/Sport Utility Vehicle,,0
20506339,4658918,08/31/2023,14:50,4b51096a-2fc7-46f2-933e-d1de51085182,Station Wagon/Sport Utility Vehicle,CHRY -CAR/SUV,2023.0,1.0,,,Going Straight Ahead,Right Front Bumper,Right Front Bumper,,,,N,,Unsafe Lane Changing,Passing Too Closely,BROOKLYN,11229.0,"    (40.6006, -73.93376)",0.0,0.0,0,0,0,0,0,0,Station Wagon/Sport Utility Vehicle,Station Wagon/Sport Utility Vehicle,0
20554683,4680893,11/19/2023,04:35,96e97531-0620-4b90-991b-67ab087f2014,Sedan,TOYT -CAR/SUV,2022.0,1.0,M,Licensed,Going Straight Ahead,Right Rear Quarter Panel,Right Rear Quarter Panel,Right Rear Bumper,Right Rear Quarter Panel,No Damage,N,,Unspecified,Unspecified,QUEENS,11411.0,"    (40.694042, -73.73665)",0.0,0.0,0,0,0,0,0,0,Sedan,,0
20466413,4640605,06/24/2023,02:36,db8c7a1e-90f3-4066-a225-979b197ea18d,Pick-up Truck,FORD -CAR/SUV,2011.0,1.0,M,Licensed,Going Straight Ahead,Left Front Bumper,Left Front Bumper,Left Front Quarter Panel,,,N,,Passing or Lane Usage Improper,Reaction to Uninvolved Vehicle,,,"    (40.69405, -73.82802)",1.0,0.0,0,0,0,0,1,0,Taxi,Pick-up Truck,1
20486035,4650020,07/27/2023,17:10,60d80655-4393-412e-b542-46ef93624c92,Pick-up Truck,FORD -CAR/SUV,2022.0,1.0,,,Parked,Left Rear Quarter Panel,Left Rear Quarter Panel,,,,N,,Unspecified,Unspecified,MANHATTAN,10010.0,,0.0,0.0,0,0,0,0,0,0,Pick-up Truck,,0
20562840,4684976,12/04/2023,19:27,40364d86-ecba-4410-8321-5e2bf8f1178f,Sedan,DODG -CAR/SUV,2019.0,1.0,M,Licensed,Parked,Center Back End,Center Back End,No Damage,No Damage,No Damage,N,,Unspecified,Unspecified,BROOKLYN,11221.0,"    (40.69628, -73.93403)",2.0,0.0,0,0,1,0,1,0,Sedan,E-Bike,1
20475103,4644693,07/08/2023,17:55,6e25370e-2739-4d36-86dd-ac56fde8cf69,Sedan,HOND -CAR/SUV,2019.0,1.0,M,Licensed,Stopped in Traffic,Left Rear Bumper,Left Rear Bumper,,,,N,,Unspecified,Unspecified,,,"    (40.63146, -74.15808)",1.0,0.0,0,0,0,0,0,0,Sedan,E-Scooter,1
20502094,4657023,08/24/2023,10:15,3872cf99-3dde-4696-848a-3944a31d8cdf,Station Wagon/Sport Utility Vehicle,HOND -CAR/SUV,2021.0,0.0,,,Parked,Left Rear Bumper,Left Side Doors,Right Rear Quarter Panel,Left Rear Bumper,No Damage,N,,Unspecified,Unspecified,BRONX,10463.0,"    (40.885334, -73.90727)",0.0,0.0,0,0,0,0,0,0,Station Wagon/Sport Utility Vehicle,,0
20463493,4639448,06/17/2023,19:30,155f2b1b-b28d-4cb7-b68d-e7a80b746f43,Sedan,NISS -CAR/SUV,2011.0,1.0,M,Licensed,Going Straight Ahead,Center Front End,Right Front Bumper,Center Front End,,,N,,Driver Inattention/Distraction,Unsafe Speed,BROOKLYN,11238.0,"    (40.68085, -73.97112)",1.0,0.0,0,0,0,0,1,0,Station Wagon/Sport Utility Vehicle,Sedan,1
20535599,4672337,10/14/2023,03:15,b4ef0abc-9a2c-4e20-83ef-989fc9cfc3bd,Station Wagon/Sport Utility Vehicle,GMC -CAR/SUV,2020.0,0.0,M,Licensed,Going Straight Ahead,Center Front End,Center Front End,Left Front Bumper,Right Front Bumper,,N,,Unspecified,Unspecified,,,"    (40.860535, -73.914345)",0.0,0.0,0,0,0,0,0,0,Station Wagon/Sport Utility Vehicle,,0
20550078,4678997,11/05/2023,19:48,e5a71475-0760-4263-8f2d-3df776a548f5,Sedan,NISS -CAR/SUV,2023.0,1.0,M,Licensed,Slowing or Stopping,Demolished,Center Back End,Center Front End,,,N,,Unspecified,Unspecified,,,,5.0,0.0,0,0,0,0,5,0,Sedan,Sedan,1
20554306,4680856,11/20/2023,16:19,bf68bb2f-0600-46e0-86b5-c3b1707e4731,Sedan,HOND -CAR/SUV,2011.0,2.0,M,,Backing,Center Back End,Center Back End,No Damage,No Damage,No Damage,N,,Unspecified,Unspecified,BROOKLYN,11218.0,"    (40.643574, -73.97166)",0.0,0.0,0,0,0,0,0,0,Sedan,Sedan,0
20547138,4677759,11/07/2023,23:25,f42a14fb-7b08-4d49-9eb0-861c2c62e5b4,Station Wagon/Sport Utility Vehicle,DODG -CAR/SUV,2019.0,0.0,U,,Parked,Right Front Quarter Panel,Center Front End,Right Front Bumper,Right Front Quarter Panel,No Damage,N,,Unspecified,Unspecified,MANHATTAN,10018.0,"    (40.758266, -73.998184)",0.0,0.0,0,0,0,0,0,0,Sedan,Station Wagon/Sport Utility Vehicle,0
20549965,4678885,11/13/2023,17:40,b328b1f0-3650-4c9c-853d-bc93be54b6df,Station Wagon/Sport Utility Vehicle,LEXS -CAR/SUV,2021.0,1.0,F,Licensed,Going Straight Ahead,Left Front Bumper,Left Front Bumper,Center Front End,,,N,,Unspecified,Unspecified,BRONX,10468.0,"    (40.861633, -73.90194)",4.0,0.0,0,0,0,0,4,0,Station Wagon/Sport Utility Vehicle,Station Wagon/Sport Utility Vehicle,1
20567693,4687084,12/13/2023,19:48,60c6a290-b69d-41da-91a1-379dc146dc42,Station Wagon/Sport Utility Vehicle,JEEP -CAR/SUV,2015.0,1.0,M,Licensed,Going Straight Ahead,Center Front End,Center Front End,Left Front Bumper,Right Front Bumper,,N,,Alcohol Involvement,Following Too Closely,,,"    (40.68366, -73.90788)",0.0,0.0,0,0,0,0,0,0,Sedan,Station Wagon/Sport Utility Vehicle,0
20457539,4636870,06/11/2023,15:31,617297ab-c1a4-49ed-bfad-ffa6cb2f8185,Sedan,NISS -CAR/SUV,2012.0,2.0,M,Licensed,Parked,Left Rear Bumper,Center Back End,Center Back End,,,N,,Unspecified,Unspecified,QUEENS,11368.0,"    (40.750156, -73.857925)",1.0,0.0,0,0,0,0,1,0,Sedan,Sedan,1
20397685,4609619,03/02/2023,11:00,2fcd1766-4527-4136-81aa-815a6f11dea1,Moped,SOLANA,,1.0,M,Unlicensed,Going Straight Ahead,Center Front End,Center Front End,Left Front Bumper,,,N,,Traffic Control Disregarded,Unspecified,BROOKLYN,11207.0,"    (40.674397, -73.896515)",0.0,0.0,0,0,0,0,0,0,Station Wagon/Sport Utility Vehicle,Moped,0
20419810,4619767,02/18/2023,20:25,a623a037-c617-4d80-9c7d-fede4c78b503,Bus,NEW FLYER,2021.0,2.0,M,Licensed,Going Straight Ahead,Left Front Quarter Panel,Left Front Quarter Panel,,,,N,,Passing or Lane Usage Improper,Unspecified,BRONX,10451.0,"    (40.818558, -73.92732)",1.0,0.0,0,0,0,0,1,0,Bus,Station Wagon/Sport Utility Vehicle,1
20486140,4649716,07/28/2023,11:48,7e242b49-0334-4c93-9249-a93b70299e6e,Sedan,LEXS -CAR/SUV,2008.0,2.0,M,Licensed,Going Straight Ahead,Center Front End,Center Front End,No Damage,No Damage,No Damage,N,,Passing or Lane Usage Improper,Unspecified,BRONX,10456.0,"    (40.83321, -73.90643)",0.0,0.0,0,0,0,0,0,0,Sedan,Sedan,0
20533797,4671537,10/17/2023,17:16,6d494c9f-15c0-4488-a379-93b71e9fd1fc,Station Wagon/Sport Utility Vehicle,MAZD -CAR/SUV,2023.0,1.0,M,Licensed,Going Straight Ahead,Right Rear Quarter Panel,Right Rear Quarter Panel,Right Rear Bumper,No Damage,No Damage,N,,Unspecified,Unspecified,,,,0.0,0.0,0,0,0,0,0,0,Station Wagon/Sport Utility Vehicle,,0