UNIQUE_ID,COLLISION_ID,CRASH_DATE,CRASH_TIME,VEHICLE_ID,VEHICLE_TYPE,VEHICLE_MAKE,VEHICLE_YEAR,VEHICLE_OCCUPANTS,DRIVER_SEX,DRIVER_LICENSE_STATUS,PRE_CRASH,POINT_OF_IMPACT,VEHICLE_DAMAGE,VEHICLE_DAMAGE_1,VEHICLE_DAMAGE_2,VEHICLE_DAMAGE_3,PUBLIC_PROPERTY_DAMAGE,PUBLIC_PROPERTY_DAMAGE_TYPE,CONTRIBUTING_FACTOR_1,CONTRIBUTING_FACTOR_2,BOROUGH,ZIP CODE,LOCATION,NUMBER OF PERSONS INJURED,NUMBER OF PERSONS KILLED,NUMBER OF PEDESTRIANS INJURED,NUMBER OF PEDESTRIANS KILLED,NUMBER OF CYCLIST INJURED,NUMBER OF CYCLIST KILLED,NUMBER OF MOTORIST INJURED,NUMBER OF MOTORIST KILLED,VEHICLE TYPE CODE 1,VEHICLE TYPE CODE 2,Severity
20409613,4615260,03/23/2023,16:15,38343962-3b0b-4aae-a3cd-40d0359c07cb,Station Wagon/Sport Utility Vehicle,NISS -CAR/SUV,,1.0,,,Going Straight Ahead,Center Front End,Center Front End,No Damage,No Damage,No Damage,Unspecified,,Following Too Closely,Unspecified,,,"    (40.708763, -73.998116)",1.0,0.0,0,0,0,0,1,0,Station Wagon/Sport Utility Vehicle,Station Wagon/Sport Utility Vehicle,1
20545702,4676857,11/06/2023,17:56,d4a943a9-566b-47fa-8c59-5ac2adf3279f,Station Wagon/Sport Utility Vehicle,CHEV -CAR/SUV,2017.0,1.0,M,Licensed,Stopped in Traffic,Left Rear Bumper,Left Rear Bumper,Left Rear Quarter Panel,Center Back End,,N,,Unspecified,Unspecified,,,"    (40.712727, -73.72899)",0.0,0.0,0,0,0,0,0,0,Station Wagon/Sport Utility Vehicle,Station Wagon/Sport Utility Vehicle,0
20370958,4597524,01/12/2023,12:40,81cb2dbf-b3e4-4522-9454-17863f9d4815,Station Wagon/Sport Utility Vehicle,CHEV -CAR/SUV,2009.0,7.0,M,Licensed,Slowing or Stopping,Left Front Bumper,Left Front Quarter Panel,Center Front End,,,N,,Unspecified,Unspecified,BRONX,10462.0,"    (40.83389, -73.85466)",1.0,0.0,0,0,0,0,1,0,Station Wagon/Sport Utility Vehicle,Station Wagon/Sport Utility Vehicle,1
20538119,4673480,10/24/2023,06:30,c5e4cdcc-a774-4a75-ba00-b07cfeed96be,Station Wagon/Sport Utility Vehicle,LINC -CAR/SUV,2014.0,1.0,M,Licensed,Going Straight Ahead,Center Front End,Center Front End,Right Front Bumper,,,N,,Driver Inattention/Distraction,Reaction to Uninvolved Vehicle,QUEENS,11364.0,"    (40.731777, -73.77012)",1.0,0.0,0,0,0,0,1,0,Station Wagon/Sport Utility Vehicle,Sedan,1
20464687,4640053,06/23/2023,08:45,d541eff2-2ddd-4b0b-a240-afa47c72b7be,Box Truck,INTL-TRUCK/BUS,2006.0,1.0,M,Licensed,Backing,Right Rear Bumper,Right Rear Bumper,Right Rear Bumper,,,N,,View Obstructed/Limited,Oversized Vehicle,MANHATTAN,10036.0,"    (40.757366, -73.9841)",0.0,0.0,0,0,0,0,0,0,Box Truck,,0
20502846,4657409,07/30/2023,15:26,6d0fdb2f-adb1-47f8-b199-b5eab7941a17,Box Truck,ISU-TRUCK/BUS,2007.0,1.0,M,Licensed,Making Left Turn,Left Front Bumper,Left Front Bumper,No Damage,No Damage,No Damage,N,,Unspecified,Unspecified,,,"    (40.848938, -73.93708)",0.0,0.0,0,0,0,0,0,0,Sedan,Box Truck,0
20446963,4632055,05/25/2023,15:15,d8221521-5eee-4773-bfa2-7f1dd7b92820,Sedan,MAZD -CAR/SUV,2011.0,0.0,M,Licensed,Going Straight Ahead,Left Front Bumper,Left Front Bumper,Center Front End,,,N,,Unspecified,Unspecified,BROOKLYN,11201.0,"    (40.69365, -73.98333)",0.0,0.0,0,0,0,0,0,0,Sedan,Bike,0
20567709,4687071,12/13/2023,14:10,95ec8174-7893-47bc-ba00-492c1b27a3fa,Sedan,TOYT -CAR/SUV,2000.0,1.0,M,Licensed,Going Straight Ahead,Center Front End,Center Front End,Left Front Bumper,Right Front Bumper,,N,,Following Too Closely,Unspecified,,,"    (40.584644, -73.94899)",1.0,0.0,0,0,0,0,1,0,Station Wagon/Sport Utility Vehicle,Sedan,1
20439944,4628589,05/14/2023,19:47,2cdded76-c52b-4e6b-8e0b-2afc1ff8d3d2,Sedan,HOND -CAR/SUV,2010.0,2.0,M,Licensed,Going Straight Ahead,Right Side Doors,Right Side Doors,Right Front Quarter Panel,Right Front Bumper,,N,,Unspecified,Unspecified,BROOKLYN,11208.0,"    (40.662247, -73.86671)",2.0,0.0,0,0,0,0,2,0,Sedan,Sedan,1
20511414,4661220,09/05/2023,04:53,32fc4dc5-c347-4df5-b2c3-97b4b5a488cd,Sedan,TESL -CAR/SUV,2020.0,0.0,,,Parked,Left Front Bumper,Left Front Bumper,Left Front Quarter Panel,,,N,,Unspecified,Unspecified,BROOKLYN,11206.0,"    (40.702164, -73.936)",0.0,0.0,0,0,0,0,0,0,Sedan,,0
20558742,4683223,11/27/2023,12:40,f6107eed-7f22-4493-ac98-c4bf71b358cd,KME,FDNY FIRETRUCK,2016.0,1.0,M,,Making Right Turn,Right Rear Quarter Panel,Right Rear Quarter Panel,,,,N,,Unspecified,Unspecified,MANHATTAN,10003.0,"    (40.7326, -73.987686)",0.0,0.0,0,0,0,0,0,0,Station Wagon/Sport Utility Vehicle,KME,0
20556005,4681865,11/20/2023,11:00,84dcfab1-4aea-4e14-a5aa-3997ddf80424,Station Wagon/Sport Utility Vehicle,CADI -CAR/SUV,2019.0,0.0,,,Parked,Left Front Bumper,Left Front Bumper,Center Front End,,,N,,Unspecified,Unspecified,QUEENS,11692.0,"    (40.597244, -73.784775)",0.0,0.0,0,0,0,0,0,0,Station Wagon/Sport Utility Vehicle,,0
20463739,4639645,06/21/2023,05:00,48f60761-9659-43e3-a9ec-3ffeb1c15f1e,Sedan,CHEV -CAR/SUV,2019.0,1.0,M,Licensed,Going Straight Ahead,Left Front Bumper,Left Front Bumper,,,,N,,Passing or Lane Usage Improper,Unsafe Speed,,,"    (40.749283, -73.756645)",1.0,0.0,0,0,0,0,1,0,Sedan,Sedan,1
20527698,4668576,10/07/2023,08:38,338e4fe0-543d-46fc-a9d1-d931d05e3a7d,Station Wagon/Sport Utility Vehicle,JEEP -CAR/SUV,2021.0,0.0,F,Licensed,Parked,Left Rear Bumper,Left Rear Quarter Panel,,,,N,,Unspecified,Unspecified,BROOKLYN,11219.0,"    (40.631794, -74.00499)",0.0,0.0,0,0,0,0,0,0,Station Wagon/Sport Utility Vehicle,,0
20458411,4637014,06/11/2023,18:20,eb0f0fcc-6537-462d-a490-139b234173fb,Sedan,LEXS -CAR/SUV,2020.0,3.0,F,Licensed,Making Right Turn,Left Rear Quarter Panel,Left Rear Quarter Panel,,,,N,,Driver Inattention/Distraction,Unsafe Lane Changing,BROOKLYN,11203.0,"    (40.642384, -73.92539)",3.0,0.0,0,0,0,0,3,0,Sedan,Sedan,1
20508501,4659977,09/05/2023,08:40,58381d52-f7a6-415f-9cb1-26dbc8885cba,Sedan,VOLK -CAR/SUV,2007.0,0.0,,,Parked,Center Front End,Left Front Bumper,Right Front Bumper,Left Front Bumper,No Damage,N,,Unspecified,Unspecified,,,"    (40.828922, -73.9504)",0.0,0.0,0,0,0,0,0,0,Box Truck,Sedan,0
20366055,4595512,01/04/2023,14:57,1aa35840-f6d2-46fd-acbc-7b881e3a55e6,Station Wagon/Sport Utility Vehicle,CHRY -CAR/SUV,2019.0,1.0,M,Licensed,Parked,Right Front Quarter Panel,Right Front Quarter Panel,Right Front Quarter Panel,Right Front Quarter Panel,Right Front Quarter Panel,N,,Unspecified,Unspecified,MANHATTAN,10019.0,"    (40.764713, -73.99384)",0.0,0.0,0,0,0,0,0,0,Station Wagon/Sport Utility Vehicle,Box Truck,0
20491951,4652390,07/20/2023,16:20,a2d7dbd6-f08a-4302-9fe3-db2505209088,Tractor Truck Diesel,FRHT-TRUCK/BUS,2016.0,1.0,M,Licensed,Going Straight Ahead,Left Side Doors,Left Side Doors,,,,N,,Unspecified,Unspecified,,,,0.0,0.0,0,0,0,0,0,0,Tractor Truck Diesel,,0
20420172,4619910,04/11/2023,17:15,7f681898-aa78-447b-b43c-62104712847b,Sedan,HOND -CAR/SUV,,1.0,,,Changing Lanes,Right Front Quarter Panel,Right Front Quarter Panel,Right Side Doors,,,Unspecified,,Driver Inattention/Distraction,Driver Inexperience,QUEENS,11423.0,,0.0,0.0,0,0,0,0,0,0,Sedan,Sedan,0
20417969,4619020,04/07/2023,19:30,d043cfe2-d86a-4bd8-836e-72a381131472,Sedan,MERZ -CAR/SUV,2020.0,2.0,M,Licensed,Other*,Right Front Bumper,Right Front Bumper,No Damage,No Damage,No Damage,N,,Unspecified,Failure to Yield Right-of-Way,MANHATTAN,10019.0,"    (40.75997, -73.98408)",0.0,0.0,0,0,0,0,0,0,Sedan,Sedan,0
20457622,4636856,06/09/2023,20:15,a15cca1e-e3c2-4364-89d5-8ea365401a70,Station Wagon/Sport Utility Vehicle,HOND -CAR/SUV,2016.0,2.0,M,,Other*,Right Front Quarter Panel,Right Front Quarter Panel,,,,N,,Reaction to Uninvolved Vehicle,Unspecified,,,,1.0,0.0,0,0,0,0,1,0,Sedan,Station Wagon/Sport Utility Vehicle,1
20560830,4684288,12/02/2023,09:23,ea68aca4-5aaf-4855-8808-6b0cf8e5f7e2,Station Wagon/Sport Utility Vehicle,TESL -CAR/SUV,2021.0,0.0,M,Licensed,Going Straight Ahead,Left Front Bumper,No Damage,No Damage,No Damage,No Damage,N,,Unspecified,Unspecified,MANHATTAN,10035.0,"    (40.80482, -73.93848)",1.0,0.0,0,0,1,0,0,0,Station Wagon/Sport Utility Vehicle,Bike,1
20499426,4652300,08/08/2023,08:45,2149d923-ecbe-4b91-8811-44f5c811f31d,Sedan,NISS -CAR/SUV,2006.0,1.0,M,Licensed,Going Straight Ahead,Center Front End,Center Front End,Center Front End,Center Front End,Center Front End,N,,Unspecified,Unspecified,QUEENS,11428.0,"    (40.718513, -73.756386)",0.0,0.0,0,0,0,0,0,0,Sedan,Sedan,0
20518261,4664268,09/21/2023,12:50,3442babe-3c30-4395-98c0-b539d42a5a39,Sedan,HOND -CAR/SUV,2013.0,1.0,F,Licensed,Going Straight Ahead,Right Front Bumper,Right Front Bumper,Right Front Quarter Panel,,,N,,Unspecified,Unspecified,BROOKLYN,11208.0,"    (40.690113, -73.86998)",1.0,0.0,0,0,1,0,0,0,Sedan,Station Wagon/Sport Utility Vehicle,1
20397550,4607600,02/18/2023,20:52,ca28094c-e5e0-482b-aefc-0817bdb551df,Sedan,HOND -CAR/SUV,2009.0,1.0,,,Going Straight Ahead,Left Front Bumper,Center Front End,Right Front Bumper,Right Front Bumper,,N,,Unsafe Speed,Driver Inattention/Distraction,BROOKLYN,11203.0,"    (40.647034, -73.94529)",1.0,0.0,0,0,0,0,1,0,Station Wagon/Sport Utility Vehicle,Sedan,1
20454548,4635447,05/31/2023,15:00,ca5bd75d-df0e-4202-bcac-0a6e7648e0c2,Sedan,KIA -CAR/SUV,2019.0,1.0,,,Parked,Center Front End,Center Front End,Left Front Bumper,Right Front Bumper,,N,,Unspecified,Unspecified,,,"    (40.6913, -73.9455)",1.0,0.0,0,0,0,0,1,0,Sedan,Van,1
20415585,4617710,03/27/2023,21:40,e6d5ed6a-188b-4fbd-8c3d-b0a312bcc8e2,Tractor Truck Diesel,VOLV -TRUCK/BUS,2019.0,1.0,M,Licensed,Going Straight Ahead,Left Front Bumper,Left Front Quarter Panel,No Damage,No Damage,No Damage,N,,Unspecified,Unspecified,,,"    (40.84506, -73.916855)",1.0,0.0,0,0,0,0,1,0,Box Truck,Tractor Truck Diesel,1
20452747,4634540,05/03/2023,14:30,50b3f2ae-21fa-4b61-b464-0891433995ef,Station Wagon/Sport Utility Vehicle,DODG -CAR/SUV,2021.0,1.0,,,Going Straight Ahead,Left Front Bumper,Left Front Bumper,No Damage,No Damage,No Damage,N,,Driver Inattention/Distraction,Unspecified,BROOKLYN,11226.0,"    (40.6555, -73.95301)",1.0,0.0,0,0,0,0,1,0,Station Wagon/Sport Utility Vehicle,Station Wagon/Sport Utility Vehicle,1
20470031,4642361,06/26/2023,16:00,466aa8a7-cc8c-44ee-ac26-4fd0c4cc32b0,Station Wagon/Sport Utility Vehicle,HOND -CAR/SUV,2007.0,1.0,F,Licensed,Going Straight Ahead,Left Front Quarter Panel,Left Side Doors,Left Rear Quarter Panel,No Damage,No Damage,N,,Driver Inattention/Distraction,Driver Inattention/Distraction,BROOKLYN,11235.0,"    (40.58581, -73.952995)",0.0,0.0,0,0,0,0,0,0,Sedan,Station Wagon/Sport Utility Vehicle,0
20468446,4641719,06/24/2023,11:15,7f084bef-7c12-4a88-a57b-dd83072f73be,Sedan,NISS -CAR/SUV,2021.0,1.0,M,Licensed,Slowing or Stopping,Right Front Bumper,Center Front End,Right Front Quarter Panel,Left Front Bumper,,N,,Following Too Closely,Unspecified,,,,2.0,0.0,0,0,0,0,2,0,Station Wagon/Sport Utility Vehicle,Station Wagon/Sport Utility Vehicle,1
20403250,4612427,03/07/2023,06:56,6ec9cae8-fc0c-43ab-88cb-ae4ba49275a0,Station Wagon/Sport Utility Vehicle,TOYT -CAR/SUV,2012.0,2.0,F,Licensed,Going Straight Ahead,Center Front End,Center Front End,Left Front Bumper,Right Front Bumper,No Damage,N,,Pavement Slippery,Unspecified,,,"    (40.55275, -74.17709)",3.0,0.0,0,0,0,0,3,0,Station Wagon/Sport Utility Vehicle,Station Wagon/Sport Utility Vehicle,1
20476450,4645359,07/12/2023,16:45,d371cb56-9e80-4230-a634-03589bc4e6b7,Station Wagon/Sport Utility Vehicle,HOND -CAR/SUV,2009.0,,,,Backing,Center Back End,,,,,N,,Backing Unsafely,,QUEENS,11697.0,"    (40.560776, -73.91166)",0.0,0.0,0,0,0,0,0,0,Station Wagon/Sport Utility Vehicle,Station Wagon/Sport Utility Vehicle,0
20427486,4623134,04/23/2023,00:00,abaab45c-d190-4d5b-82d3-34d40e5e5f40,Sedan,LEXS -CAR/SUV,1998.0,1.0,F,Licensed,Making Right Turn,Left Front Bumper,Left Front Bumper,Center Front End,Right Front Bumper,,N,,Unspecified,Unspecified,,,,1.0,0.0,0,0,0,0,1,0,Sedan,,1
20470652,4642364,07/03/2023,10:00,b533c715-40fd-491c-854c-a542fc3a5478,Sedan,FORD -CAR/SUV,2020.0,0.0,,,Parked,Left Rear Bumper,Left Rear Bumper,,,,N,,Unspecified,Unspecified,BROOKLYN,11220.0,"    (40.645336, -74.02287)",0.0,0.0,0,0,0,0,0,0,Sedan,,0
20383291,4603158,02/02/2023,12:28,999713f2-e606-49e7-857a-30a358e360de,Station Wagon/Sport Utility Vehicle,HOND -CAR/SUV,2022.0,1.0,F,Licensed,Going Straight Ahead,Right Front Bumper,Right Front Bumper,No Damage,No Damage,No Damage,N,,Unspecified,Unspecified,,,"    (40.680187, -73.967964)",0.0,0.0,0,0,0,0,0,0,Station Wagon/Sport Utility Vehicle,Box Truck,0
20486037,4650013,07/28/2023,12:10,c84d3a9f-18a3-444b-b550-1b7c07dd4c19,Sedan,HOND -CAR/SUV,2023.0,2.0,F,Licensed,Parked,Left Front Quarter Panel,Left Front Quarter Panel,,,,N,,Driver Inexperience,Unspecified,MANHATTAN,10003.0,"    (40.734592, -73.98332)",0.0,0.0,0,0,0,0,0,0,Sedan,Bus,0
20524207,4667106,10/02/2023,11:16,0f99f342-824a-4213-92a8-ae5a99060371,Sedan,JEEP -CAR/SUV,2023.0,0.0,F,Licensed,Going Straight Ahead,Center Back End,Center Back End,Center Front End,,,N,,Unspecified,Unspecified,STATEN ISLAND,10309.0,"    (40.524612, -74.230446)",0.0,0.0,0,0,0,0,0,0,Station Wagon/Sport Utility Vehicle,Sedan,0
20391951,4607116,02/14/2023,13:00,391ffc29-b11d-4041-94e1-b10e86e07a43,Sedan,TOYT -CAR/SUV,2020.0,2.0,M,Licensed,Making U Turn,Center Front End,Center Front End,,,,N,,Driver Inattention/Distraction,Failure to Yield Right-of-Way,BRONX,10466.0,"    (40.89481, -73.86183)",1.0,0.0,0,0,0,0,1,0,Station Wagon/Sport Utility Vehicle,Sedan,1
20478965,4646775,07/17/2023,11:13,319595be-4c16-4d3c-975c-2a8a4a349d59,Station Wagon/Sport Utility Vehicle,HOND -CAR/SUV,2020.0,1.0,F,Licensed,Making Left Turn,Left Rear Bumper,Left Rear Quarter Panel,,,,N,,Unspecified,Unspecified,BRONX,10459.0,"    (40.829502, -73.88806)",2.0,0.0,0,0,0,0,2,0,Station Wagon/Sport Utility Vehicle,Sedan,1
20388753,4605686,02/02/2023,22:14,a7b424f8-60a1-4e0b-a893-90b4d9f0cb90,Taxi,TOYT -CAR/SUV,2017.0,2.0,M,,Parked,Right Rear Quarter Panel,No Damage,No Damage,No Damage,No Damage,N,,Pedestrian/Bicyclist/Other Pedestrian Error/Confusion,Pedestrian/Bicyclist/Other Pedestrian Error/Confusion,MANHATTAN,10003.0,"    (40.72352, -73.987)",1.0,0.0,0,0,1,0,0,0,Bike,Taxi,1
20476354,4645288,07/13/2023,16:18,03661c74-99e1-46c3-a116-e0f0e66e3f9e,Station Wagon/Sport Utility Vehicle,HOND -CAR/SUV,2021.0,1.0,F,Licensed,Going Straight Ahead,Center Front End,No Damage,,,,Unspecified,,Driver Inattention/Distraction,Failure to Yield Right-of-Way,MANHATTAN,10065.0,"    (40.76118, -73.95791)",1.0,0.0,1,0,0,0,0,0,Station Wagon/Sport Utility Vehicle,,1
20390137,4606380,02/11/2023,07:19,ee24abac-f58f-4ff2-be9b-7a49a39dacd3,Station Wagon/Sport Utility Vehicle,FORD -CAR/SUV,2013.0,0.0,,,Parked,Center Back End,Center Back End,,,,N,,Unspecified,Unspecified,BROOKLYN,11214.0,"    (40.595688, -73.99075)",1.0,0.0,0,0,0,0,1,0,Sedan,Sedan,1
20444071,4630720,05/18/2023,14:30,d240ca52-abe7-48ef-9946-a73a47134b10,Station Wagon/Sport Utility Vehicle,CADI -CAR/SUV,2020.0,1.0,M,Licensed,Entering Parked Position,Right Front Quarter Panel,Right Front Quarter Panel,,,,N,,Unspecified,Unspecified,BRONX,10461.0,,0.0,0.0,0,0,0,0,0,0,Sedan,Bus,0
20373082,4598419,01/16/2023,01:30,ae219bf3-3404-4dcd-ba39-53730e62920e,Sedan,HOND -CAR/SUV,2020.0,1.0,M,Licensed,Going Straight Ahead,Left Side Doors,Left Side Doors,,,,N,,Unspecified,Unspecified,BRONX,10454.0,"    (40.80808, -73.92838)",0.0,0.0,0,0,0,0,0,0,Sedan,Sedan,0
20572870,4689767,12/20/2023,15:20,5f8f34ae-8682-4d0c-a513-5f7f61cb2985,Sedan,BUIC -CAR/SUV,2018.0,1.0,M,Licensed,Going Straight Ahead,Center Front End,Center Front End,,Left Front Bumper,Right Front Bumper,N,,Driver Inattention/Distraction,Driver Inattention/Distraction,MANHATTAN,10025.0,"    (40.798973, -73.96305)",0.0,0.0,0,0,0,0,0,0,Sedan,Sedan,0
20495320,4653059,08/10/2023,12:15,136b4e68-01ca-4c5d-8cbc-244003ce4d6c,Station Wagon/Sport Utility Vehicle,HOND -CAR/SUV,2021.0,1.0,F,Licensed,Going Straight Ahead,Left Side Doors,Left Side Doors,No Damage,No Damage,No Damage,N,,Unspecified,Unspecified,,,"    (40.750492, -73.97172)",0.0,0.0,0,0,0,0,0,0,Station Wagon/Sport Utility Vehicle,Station Wagon/Sport Utility Vehicle,0
20509514,4659945,09/04/2023,12:51,6e552190-ba44-4698-9287-ffa2a54ee202,Taxi,TOYT -CAR/SUV,2018.0,1.0,M,Licensed,Slowing or Stopping,Center Front End,Center Front End,No Damage,No Damage,No Damage,N,,Unspecified,Unspecified,BRONX,10456.0,"    (40.832607, -73.91762)",0.0,0.0,0,0,0,0,0,0,Station Wagon/Sport Utility Vehicle,Taxi,0
20557272,4682227,11/25/2023,13:34,43dd86bf-6f08-46ef-89f2-0e4a1fc93deb,Station Wagon/Sport Utility Vehicle,TOYT -CAR/SUV,2023.0,1.0,M,Licensed,Making U Turn,Left Side Doors,Left Side Doors,Left Rear Quarter Panel,Left Rear Quarter Panel,,N,,Unspecified,Unspecified,,,"    (40.654133, -73.91234)",1.0,0.0,0,0,0,0,1,0,Station Wagon/Sport Utility Vehicle,Sedan,1
20536341,4672781,10/22/2023,02:40,1b437fe0-d1b8-4a3a-8be5-e0c60d921983,Station Wagon/Sport Utility Vehicle,JEEP -CAR/SUV,,1.0,M,Licensed,Going Straight Ahead,Right Front Bumper,Right Front Bumper,Right Front Quarter Panel,No Damage,No Damage,N,,Unspecified,Unspecified,BROOKLYN,11235.0,"    (40.57927, -73.95335)",0.0,0.0,0,0,0,0,0,0,Station Wagon/Sport Utility Vehicle,Sedan,0
20531082,4670128,10/11/2023,23:00,eb3806c8-b1a3-4045-a400-4b0902c64cad,Station Wagon/Sport Utility Vehicle,GMC -CAR/SUV,2010.0,2.0,M,Licensed,Other*,Center Back End,Center Back End,,,,N,,Unspecified,Unspecified,STATEN ISLAND,10308.0,"    (40.549374, -74.152664)",2.0,0.0,0,0,0,0,2,0,Pick-up Truck,Station Wagon/Sport Utility Vehicle,1
20458103,4637128,06/12/2023,09:00,e746110b-6572-4644-9e12-9f3d301a485a,Tractor Truck Diesel,VOLV -TRUCK/BUS,2014.0,1.0,M,Licensed,Going Straight Ahead,Center Front End,Center Front End,Center Front End,Right Front Bumper,Center Front End,N,,Driver Inattention/Distraction,Following Too Closely,,,"    (40.72375, -73.82852)",3.0,0.0,0,0,0,0,3,0,Sedan,Tractor Truck Diesel,1
20454958,4635833,06/07/2023,13:25,bc6591a4-ed7f-46cf-b57f-744cfa9bca46,Sedan,FORD -CAR/SUV,2014.0,0.0,,,Parked,Left Front Bumper,Left Front Bumper,Center Front End,Left Front Bumper,Left Front Bumper,N,,Other Vehicular,Unspecified,MANHATTAN,10003.0,"    (40.733524, -73.989876)",0.0,0.0,0,0,0,0,0,0,Sedan,Box Truck,0
20442586,4629984,05/17/2023,08:30,0bb3fc57-00cb-4ad6-94dc-afc3137af6c1,Station Wagon/Sport Utility Vehicle,TOYT -CAR/SUV,2019.0,1.0,M,,Going Straight Ahead,Center Front End,Center Back End,Left Rear Bumper,Center Back End,Center Front End,N,,Unspecified,Unspecified,,,"    (40.86227, -73.8722)",2.0,0.0,0,0,0,0,2,0,Station Wagon/Sport Utility Vehicle,Station Wagon/Sport Utility Vehicle,1
20531254,4670310,10/13/2023,15:00,2e8bce1b-b80b-4f44-8300-e720a8071992,Sedan,TOYT -CAR/SUV,2009.0,1.0,M,Licensed,Backing,Center Back End,Left Rear Bumper,Center Back End,,,N,,Backing Unsafely,Unspecified,STATEN ISLAND,10301.0,"    (40.645054, -74.07912)",0.0,0.0,0,0,0,0,0,0,Sedan,Sedan,0
20417096,4618515,04/04/2023,13:20,293a990b-db14-4db3-bff7-f36e72dd5350,Sedan,LEXS -CAR/SUV,2010.0,0.0,M,Licensed,Parked,Center Back End,Right Rear Bumper,Left Rear Bumper,,,N,,Unspecified,Unspecified,BROOKLYN,11218.0,"    (40.65332, -73.97842)",0.0,0.0,0,0,0,0,0,0,Sedan,Sedan,0
20381091,4598555,01/11/2023,14:10,eb52f327-7b01-4876-8aa6-dfce12550b39,Sedan,PORS -CAR/SUV,2006.0,1.0,F,Licensed,Other*,Center Back End,Center Back End,Other,No Damage,No Damage,N,,Unspecified,Unspecified,BRONX,10463.0,"    (40.87508, -73.90919)",0.0,0.0,0,0,0,0,0,0,Sedan,Sedan,0
20408960,4614775,03/21/2023,10:30,52561200-2f60-4658-88d6-7d27adc99059,Station Wagon/Sport Utility Vehicle,VOLK -CAR/SUV,2018.0,1.0,F,Licensed,Going Straight Ahead,Center Front End,Center Front End,No Damage,No Damage,No Damage,N,,Unspecified,Unspecified,BROOKLYN,11207.0,"    (40.66545, -73.88939)",1.0,0.0,0,0,0,0,1,0,Station Wagon/Sport Utility Vehicle,Tractor Truck Gasoline,1
20482976,4648187,07/23/2023,19:00,4518d791-a6bc-45b3-8e2c-9c9ed69dc762,Station Wagon/Sport Utility Vehicle,HOND -CAR/SUV,2009.0,0.0,,,Parked,Center Front End,Left Front Bumper,Left Front Bumper,Right Front Bumper,,N,,Unspecified,Unspecified,BRONX,10473.0,"    (40.816345, -73.865654)",0.0,0.0,0,0,0,0,0,0,Sedan,Station Wagon/Sport Utility Vehicle,0
20401911,4611612,03/09/2023,16:05,8a53cab2-990b-4dd5-87b2-773f2ed303bb,Bus,INTL-TRUCK/BUS,2014.0,10.0,M,Licensed,Parked,Left Rear Bumper,Left Rear Bumper,No Damage,No Damage,No Damage,N,,Unspecified,Unspecified,BRONX,10462.0,"    (40.856464, -73.86946)",0.0,0.0,0,0,0,0,0,0,Pick-up Truck,Bus,0
20529206,4669413,10/10/2023,13:00,ba0fc83d-3e13-4ebb-b767-f7d398591f7b,Sedan,FORD -CAR/SUV,2014.0,0.0,,,Parked,Left Rear Bumper,Left Rear Quarter Panel,Center Back End,Left Rear Bumper,,N,,Unspecified,Unspecified,BROOKLYN,11209.0,"    (40.62351, -74.022156)",0.0,0.0,0,0,0,0,0,0,Sedan,E-Scooter,0
20535481,4672295,10/20/2023,19:06,d5cbe307-5958-4935-882d-b0d32d54bbd9,Ambulance,FORD-TRUCK/BUS,,1.0,F,Licensed,Parked,Left Side Doors,Left Side Doors,,,,N,,Unspecified,Unspecified,BRONX,10457.0,"    (40.84869, -73.90329)",0.0,0.0,0,0,0,0,0,0,Ambulance,Sedan,0
20526364,4668171,10/05/2023,19:20,0845e810-7e97-4813-9c78-1cbe0bd628aa,Station Wagon/Sport Utility Vehicle,TOYT -CAR/SUV,2013.0,5.0,F,Licensed,Going Straight Ahead,Center Front End,Center Front End,Left Front Bumper,,,N,,Unspecified,Unspecified,BROOKLYN,11219.0,"    (40.62764, -73.99657)",0.0,0.0,0,0,0,0,0,0,Station Wagon/Sport Utility Vehicle,Bike,0
20457679,4636568,06/10/2023,21:18,66492adb-7a3c-427d-a355-09e7ee0f0923,Station Wagon/Sport Utility Vehicle,ACUR -CAR/SUV,2018.0,2.0,F,Licensed,Going Straight Ahead,Left Front Bumper,Left Front Bumper,Center Front End,Left Front Quarter Panel,,N,,Unspecified,Unspecified,BRONX,10472.0,"    (40.8311, -73.85716)",0.0,0.0,0,0,0,0,0,0,Station Wagon/Sport Utility Vehicle,,0
20495573,4653965,08/14/2023,09:30,fb3c21f5-f37b-4e99-b804-fddcf3d8f6db,Sedan,HOND -CAR/SUV,2007.0,0.0,F,Licensed,Parked,Left Front Bumper,Left Front Bumper,Center Front End,Center Front End,Other,N,,Passing or Lane Usage Improper,Unspecified,BRONX,10458.0,"    (40.865025, -73.88859)",0.0,0.0,0,0,0,0,0,0,Sedan,,0
20517589,4664244,09/14/2023,09:50,f6ff8dec-2920-4a29-8993-077d05129d82,Sedan,DODG -CAR/SUV,2011.0,1.0,,,Making Right Turn,Left Side Doors,No Damage,,,,N,,Following Too Closely,Passing or Lane Usage Improper,MANHATTAN,10025.0,"    (40.79856, -73.96336)",0.0,0.0,0,0,0,0,0,0,Sedan,Sedan,0
20443571,4630510,05/19/2023,17:38,1411275d-d1fe-4d28-a5fc-879c798de00b,Station Wagon/Sport Utility Vehicle,NISS -CAR/SUV,2023.0,1.0,M,Licensed,Making Right Turn,Right Rear Quarter Panel,Right Rear Quarter Panel,,,,N,,Unspecified,Unspecified,BROOKLYN,11235.0,"    (40.58828, -73.9515)",1.0,0.0,0,0,1,0,0,0,Station Wagon/Sport Utility Vehicle,Bike,1