UNIQUE_ID,COLLISION_ID,CRASH_DATE,CRASH_TIME,VEHICLE_ID,VEHICLE_TYPE,VEHICLE_MAKE,VEHICLE_YEAR,VEHICLE_OCCUPANTS,DRIVER_SEX,DRIVER_LICENSE_STATUS,PRE_CRASH,POINT_OF_IMPACT,VEHICLE_DAMAGE,VEHICLE_DAMAGE_1,VEHICLE_DAMAGE_2,VEHICLE_DAMAGE_3,PUBLIC_PROPERTY_DAMAGE,PUBLIC_PROPERTY_DAMAGE_TYPE,CONTRIBUTING_FACTOR_1,CONTRIBUTING_FACTOR_2,BOROUGH,ZIP CODE,LOCATION,NUMBER OF PERSONS INJURED,NUMBER OF PERSONS KILLED,NUMBER OF PEDESTRIANS INJURED,NUMBER OF PEDESTRIANS KILLED,NUMBER OF CYCLIST INJURED,NUMBER OF CYCLIST KILLED,NUMBER OF MOTORIST INJURED,NUMBER OF MOTORIST KILLED,VEHICLE TYPE CODE 1,VEHICLE TYPE CODE 2,Severity
20557596,4682691,11/25/2023,07:54,2dba818d-78a2-453c-b176-8053d32258fb,Taxi,TOYT -CAR/SUV,2013.0,1.0,M,Licensed,Changing Lanes,Center Back End,Left Rear Bumper,Right Rear Bumper,,,Unspecified,,Driver Inattention/Distraction,Unspecified,,,"    (40.81782, -73.89264)",2.0,0.0,0,0,0,0,2,0,Taxi,Sedan,1
20393957,4608093,02/21/2023,15:37,a31f72ce-4840-48e8-b0d3-1d5632313f8f,Sedan,LEXS -CAR/SUV,2011.0,1.0,F,Licensed,Going Straight Ahead,Center Front End,Center Front End,Right Front Bumper,Left Front Bumper,No Damage,N,,Following Too Closely,Illnes,,,"    (40.752888, -73.96374)",2.0,0.0,0,0,0,0,2,0,Taxi,Sedan,1
20548794,4678568,11/11/2023,02:48,44ac360b-bf68-44ee-bf96-52604bf4c698,Station Wagon/Sport Utility Vehicle,AUDI -CAR/SUV,2023.0,0.0,,,Parked,Center Back End,Left Rear Bumper,Right Rear Bumper,,,N,,Other Vehicular,Unspecified,BROOKLYN,11235.0,"    (40.583866, -73.93942)",0.0,0.0,0,0,0,0,0,0,Sedan,Station Wagon/Sport Utility Vehicle,0
20401207,4609884,03/03/2023,11:50,2e9ee204-27a4-48c7-a5e4-e9f36bd27c84,Station Wagon/Sport Utility Vehicle,CHEV -CAR/SUV,2004.0,1.0,,,Starting in Traffic,Right Front Bumper,No Damage,,,,N,,Aggressive Driving/Road Rage,Unspecified,BROOKLYN,11205.0,"    (40.687527, -73.97173)",0.0,0.0,0,0,0,0,0,0,Station Wagon/Sport Utility Vehicle,Station Wagon/Sport Utility Vehicle,0
20452964,4634868,06/02/2023,17:54,5dd9c330-4afa-430a-a647-6310a2e81472,Sedan,HOND -CAR/SUV,2013.0,1.0,M,Licensed,Going Straight Ahead,Left Rear Bumper,Left Rear Quarter Panel,Left Rear Bumper,Left Rear Quarter Panel,Left Rear Bumper,N,,Unspecified,Unspecified,,,"    (40.583725, -73.89372)",1.0,0.0,0,0,0,0,1,0,Sedan,Moped,1
20483257,4648629,07/25/2023,18:02,172e71a2-cfbb-4bdb-896b-363018714995,Station Wagon/Sport Utility Vehicle,AUDI -CAR/SUV,2019.0,2.0,M,Licensed,Going Straight Ahead,Right Front Quarter Panel,Right Front Quarter Panel,,,,N,,Driver Inattention/Distraction,Unspecified,MANHATTAN,10013.0,"    (40.715176, -73.99876)",0.0,0.0,0,0,0,0,0,0,Station Wagon/Sport Utility Vehicle,Station Wagon/Sport Utility Vehicle,0
20498635,4655319,08/19/2023,18:15,8e7e55b9-3cf7-4c1c-84c4-a96943c859e9,Station Wagon/Sport Utility Vehicle,MERZ -CAR/SUV,2008.0,2.0,F,Licensed,Going Straight Ahead,Center Front End,Center Front End,Right Front Bumper,,,N,,Unspecified,Unspecified,QUEENS,11413.0,"    (40.679897, -73.74757)",1.0,0.0,0,0,0,0,1,0,Station Wagon/Sport Utility Vehicle,Station Wagon/Sport Utility Vehicle,1
20489384,4651257,08/03/2023,21:00,782f0828-5b0b-4eb3-80b9-af2255035f1c,Sedan,TOYT -CAR/SUV,2019.0,3.0,M,Licensed,Going Straight Ahead,Center Front End,Center Front End,,,,N,,Driver Inattention/Distraction,Unspecified,MANHATTAN,10019.0,"    (40.76428, -73.97302)",3.0,0.0,0,0,0,0,3,0,Sedan,Sedan,1
20451410,4633824,05/30/2023,08:40,b383eec2-60e4-444f-b7b4-09644e44c1ae,Flat Bed,KW-TRUCK/BUS,2023.0,1.0,M,Licensed,Going Straight Ahead,Center Front End,Center Front End,,,,N,,Following Too Closely,Driver Inattention/Distraction,,,"    (40.60915, -74.14987)",0.0,0.0,0,0,0,0,0,0,Station Wagon/Sport Utility Vehicle,Flat Bed,0
20512834,4661620,09/12/2023,08:10,30ddd2ed-55ec-4075-b500-697c2c014e0a,Sedan,HOND -CAR/SUV,2024.0,1.0,,,Passing,Right Rear Quarter Panel,Right Rear Quarter Panel,No Damage,No Damage,No Damage,N,,Passing or Lane Usage Improper,Unspecified,QUEENS,11422.0,"    (40.665092, -73.72988)",0.0,0.0,0,0,0,0,0,0,Sedan,Sedan,0
20448707,4632620,05/19/2023,08:55,6b5f21b2-747d-48bc-82b7-2cfaa332040b,Sedan,NISS -CAR/SUV,2021.0,1.0,M,Licensed,Going Straight Ahead,Center Back End,Center Back End,No Damage,No Damage,No Damage,N,,Unspecified,Unspecified,,,"    (40.75892, -73.92566)",0.0,0.0,0,0,0,0,0,0,Sedan,Sedan,0
20580029,4692554,12/28/2023,17:48,6441da31-5b97-4a01-9bb1-2918183128b2,Sedan,NISS -CAR/SUV,2013.0,0.0,,,Going Straight Ahead,Center Front End,Center Front End,,,,N,,Following Too Closely,Driver Inattention/Distraction,QUEENS,11372.0,"    (40.748295, -73.87756)",1.0,0.0,0,0,1,0,0,0,Bike,Sedan,1
20505325,4658410,08/24/2023,12:10,33485929-3c70-494b-9182-1eb9749f50f8,Sedan,MERZ -CAR/SUV,2019.0,0.0,,,Parked,Left Rear Quarter Panel,Left Rear Quarter Panel,,,,N,,Unspecified,Unspecified,MANHATTAN,10012.0,"    (40.7226, -73.99601)",0.0,0.0,0,0,0,0,0,0,Sedan,,0
20569942,4688229,12/18/2023,08:00,03a9baec-9222-485b-a83a-e4145f6dbb61,Station Wagon/Sport Utility Vehicle,JEEP -CAR/SUV,2014.0,0.0,,,Parked,Roof,Roof,,,,N,,Unspecified,Unspecified,BROOKLYN,11216.0,"    (40.68304, -73.94569)",0.0,0.0,0,0,0,0,0,0,Station Wagon/Sport Utility Vehicle,,0
20372954,4598556,01/11/2023,16:02,566a2dd1-6da0-4715-8d4c-373e1ab1de3f,Bus,CHEV-TRUCK/BUS,2017.0,1.0,F,Licensed,Going Straight Ahead,Right Side Doors,Right Side Doors,No Damage,No Damage,No Damage,N,,Unspecified,Unspecified,BRONX,10463.0,"    (40.87466, -73.911095)",0.0,0.0,0,0,0,0,0,0,Bus,Sedan,0
20517790,4664037,09/20/2023,18:43,1f295527-ab46-45dc-9c64-59ec085f731f,Sedan,HOND -CAR/SUV,2017.0,,,,Parked,Left Front Bumper,Left Front Bumper,Left Front Bumper,Left Front Bumper,Left Front Bumper,N,,Unspecified,Unspecified,BRONX,10467.0,"    (40.865486, -73.86491)",0.0,0.0,0,0,0,0,0,0,Station Wagon/Sport Utility Vehicle,Sedan,0
20549205,4678339,11/11/2023,17:55,b4f2c8c8-ade7-4627-a6f0-4ea1545bb453,Sedan,MITS -CAR/SUV,2021.0,1.0,M,,Going Straight Ahead,Right Front Quarter Panel,Right Front Quarter Panel,,,,N,,Driver Inattention/Distraction,Tinted Windows,BROOKLYN,11207.0,"    (40.670937, -73.9023)",1.0,0.0,0,0,1,0,0,0,Sedan,E-Bike,1
20463348,4639646,06/20/2023,13:50,51b8dd05-3556-4b94-9b0e-ee33022d302f,Sedan,TOYT -CAR/SUV,2021.0,3.0,M,Licensed,Parked,Right Side Doors,Right Side Doors,No Damage,No Damage,No Damage,N,,Unspecified,Unspecified,MANHATTAN,10023.0,"    (40.77242, -73.97873)",0.0,0.0,0,0,0,0,0,0,Sedan,Bike,0
20555304,4681318,11/17/2023,10:30,4a2ee732-d028-4811-92e1-ec6f853bc007,Station Wagon/Sport Utility Vehicle,KIA -CAR/SUV,2019.0,4.0,F,Licensed,Going Straight Ahead,Right Front Bumper,Right Front Bumper,No Damage,No Damage,No Damage,N,,Unspecified,Unspecified,BROOKLYN,11207.0,"    (40.677208, -73.89723)",1.0,0.0,0,0,0,0,1,0,Station Wagon/Sport Utility Vehicle,Sedan,1
20459323,4637597,06/08/2023,18:15,8a831fa6-6565-41df-a301-a56ae3cb9b29,Station Wagon/Sport Utility Vehicle,CHEV -CAR/SUV,2021.0,1.0,M,Licensed,Going Straight Ahead,Right Front Bumper,Right Front Bumper,Right Front Quarter Panel,,,N,,Passing Too Closely,Driver Inattention/Distraction,,,"    (40.69689, -73.95564)",1.0,0.0,0,0,0,0,1,0,Sedan,Station Wagon/Sport Utility Vehicle,1
20484048,4648891,07/26/2023,14:50,cc4d4d76-2fd5-4be6-8740-c72e4b208417,Station Wagon/Sport Utility Vehicle,ACUR -CAR/SUV,2003.0,2.0,F,Licensed,Going Straight Ahead,Center Front End,Center Front End,Left Front Bumper,Right Front Bumper,,N,,Following Too Closely,Driver Inattention/Distraction,,,"    (40.630577, -73.88591)",4.0,0.0,0,0,0,0,4,0,Sedan,Station Wagon/Sport Utility Vehicle,1
20414323,4617272,03/24/2023,16:52,cde203b4-0a75-4bb9-8846-06702428f09c,Sedan,TOYT -CAR/SUV,2021.0,1.0,M,Licensed,Starting from Parking,Left Front Bumper,Left Front Bumper,Center Front End,Left Front Quarter Panel,,N,,Unspecified,Unspecified,BRONX,10455.0,"    (40.81536, -73.915955)",1.0,0.0,0,0,0,0,1,0,Sedan,Taxi,1
20453828,4635161,06/05/2023,07:28,7402c61d-dd5c-46a2-b61b-1f2bd1c27813,Sedan,TOYT -CAR/SUV,2019.0,3.0,F,Licensed,Going Straight Ahead,Center Front End,Center Front End,,,,N,,Driver Inattention/Distraction,Driver Inattention/Distraction,,,"    (40.863632, -73.87168)",2.0,0.0,0,0,0,0,2,0,Sedan,Sedan,1
20425012,4622015,04/16/2023,12:00,3404dd3c-8794-4fd5-93ef-7840137f0137,Station Wagon/Sport Utility Vehicle,CHEV -CAR/SUV,2020.0,2.0,M,Licensed,Going Straight Ahead,Center Back End,Center Back End,Center Back End,Right Rear Quarter Panel,,N,,Unspecified,Unspecified,,,"    (40.60267, -74.1841)",0.0,0.0,0,0,0,0,0,0,Station Wagon/Sport Utility Vehicle,Station Wagon/Sport Utility Vehicle,0
20391836,4605846,02/10/2023,17:05,c65e9785-9d8c-4f31-ac3b-0618c185c200,Sedan,HYUN -CAR/SUV,2023.0,2.0,F,Licensed,Going Straight Ahead,Center Back End,Center Back End,No Damage,No Damage,No Damage,N,,Unspecified,Unspecified,QUEENS,11421.0,"    (40.694782, -73.85258)",1.0,0.0,0,0,0,0,1,0,Sedan,Sedan,1
20520265,4665350,09/23/2023,13:05,d457f304-bf2c-49df-845e-ebc71c685222,Sedan,ACUR -CAR/SUV,2007.0,3.0,M,Licensed,Slowing or Stopping,Center Front End,Center Front End,Right Front Bumper,Left Front Bumper,,N,,Following Too Closely,Unspecified,,,,0.0,0.0,0,0,0,0,0,0,Sedan,Sedan,0
20487229,4650216,07/31/2023,08:54,b2da6d52-dc14-4ef2-93b2-0d095aa7a49c,Station Wagon/Sport Utility Vehicle,KIA -CAR/SUV,2020.0,0.0,,,Parked,Center Back End,Center Back End,Right Rear Bumper,Left Rear Bumper,,N,,Unspecified,Unspecified,QUEENS,11358.0,"    (40.761055, -73.78987)",0.0,0.0,0,0,0,0,0,0,Station Wagon/Sport Utility Vehicle,Sedan,0
20411401,4615826,03/27/2023,08:37,0c44d6bf-95a2-41b3-9971-cd40b862dea8,Bus,INTL-TRUCK/BUS,2019.0,1.0,M,Licensed,Making Right Turn,Right Front Bumper,No Damage,,,,N,,Driver Inattention/Distraction,Driver Inattention/Distraction,,,"    (40.63179, -73.98073)",2.0,0.0,2,0,0,0,0,0,Bus,,1
20534210,4671389,10/16/2023,07:36,d8b475c3-9a8b-4d9a-8514-3c00cc99f787,Station Wagon/Sport Utility Vehicle,MERZ -CAR/SUV,2021.0,2.0,M,Licensed,Stopped in Traffic,Right Side Doors,No Damage,No Damage,No Damage,No Damage,N,,Passenger Distraction,Unspecified,,,"    (40.746174, -73.82473)",1.0,0.0,0,0,1,0,0,0,Station Wagon/Sport Utility Vehicle,Bike,1
20510702,4661271,09/08/2023,12:20,a19b198a-eff1-43d6-8560-ed0dcaa152c2,Station Wagon/Sport Utility Vehicle,CADI -CAR/SUV,2007.0,1.0,M,Licensed,Going Straight Ahead,Right Front Bumper,Right Front Bumper,Right Front Quarter Panel,Right Side Doors,,N,,Reaction to Uninvolved Vehicle,Driver Inattention/Distraction,,,"    (40.54886, -74.20017)",0.0,0.0,0,0,0,0,0,0,Sedan,Station Wagon/Sport Utility Vehicle,0
20558945,4683185,11/26/2023,19:20,cc3d6d25-71f8-4cc9-8415-801149dd6f4e,Station Wagon/Sport Utility Vehicle,SUBN,2021.0,1.0,M,Licensed,Going Straight Ahead,Right Front Bumper,Right Front Bumper,Center Front End,Right Front Quarter Panel,,Unspecified,,Unsafe Speed,Unspecified,,,,1.0,0.0,0,0,0,0,1,0,Station Wagon/Sport Utility Vehicle,,1
20569263,4687783,12/16/2023,18:27,d6732b94-a91e-4998-8ae5-e14407f1fcdc,Sedan,FORD -CAR/SUV,,2.0,M,Licensed,Stopped in Traffic,Center Back End,Center Back End,Right Rear Bumper,Center Front End,,N,,Unspecified,Unspecified,,,,0.0,0.0,0,0,0,0,0,0,Sedan,Sedan,0
20416337,4618123,04/02/2023,10:00,08d7a758-8837-4c2d-9984-3c83b56ba7d1,Station Wagon/Sport Utility Vehicle,GMC -CAR/SUV,2012.0,1.0,F,Licensed,Going Straight Ahead,Center Front End,Center Front End,Left Front Bumper,No Damage,No Damage,N,,Driver Inattention/Distraction,Unspecified,BRONX,10472.0,"    (40.835857, -73.87213)",1.0,0.0,0,0,0,0,1,0,Station Wagon/Sport Utility Vehicle,Taxi,1
20537552,4673496,10/23/2023,14:00,6ee2f8e0-405a-4a6c-ab92-49babbef1ad6,Station Wagon/Sport Utility Vehicle,HOND -CAR/SUV,2013.0,0.0,,,Parked,Left Front Bumper,Left Front Bumper,Right Front Bumper,Center Front End,No Damage,N,,Unspecified,Unspecified,,,"    (40.866062, -73.92251)",0.0,0.0,0,0,0,0,0,0,Station Wagon/Sport Utility Vehicle,,0
20574999,4690636,12/10/2023,20:30,268bb9e4-eb9e-40bd-b492-b2ccb6933ae2,Sedan,NISS -CAR/SUV,2016.0,1.0,F,,Going Straight Ahead,Center Front End,Center Front End,Left Front Bumper,Right Front Bumper,Center Front End,N,,Following Too Closely,Driver Inattention/Distraction,,,"    (40.722095, -73.77772)",2.0,0.0,0,0,0,0,2,0,Station Wagon/Sport Utility Vehicle,Sedan,1
20451119,4634007,05/27/2023,17:25,15c1c3e4-bb9b-44bf-907e-504c99fcbba4,Bus,VAN HOOL,2000.0,1.0,,,Making Right Turn,Left Rear Quarter Panel,Left Rear Quarter Panel,Left Rear Quarter Panel,Left Rear Bumper,,N,,Driver Inexperience,Driver Inattention/Distraction,MANHATTAN,10013.0,"    (40.717453, -73.99596)",0.0,0.0,0,0,0,0,0,0,Sedan,Bus,0
20471492,4642993,06/27/2023,08:30,9ec20be6-01f3-4f0e-b4d1-f3ca486fde82,Station Wagon/Sport Utility Vehicle,TOYT -CAR/SUV,2023.0,0.0,,,Parked,Left Rear Quarter Panel,Left Rear Quarter Panel,Left Side Doors,Left Front Quarter Panel,No Damage,N,,Unspecified,Unspecified,,,"    (40.667976, -73.93399)",0.0,0.0,0,0,0,0,0,0,Station Wagon/Sport Utility Vehicle,,0
20445609,4631234,05/23/2023,06:01,dbc83a10-e9ce-4201-91c2-60a54809e9c6,Station Wagon/Sport Utility Vehicle,AUDI -CAR/SUV,2023.0,1.0,M,Licensed,Going Straight Ahead,Right Front Bumper,Right Front Bumper,Center Front End,Left Front Bumper,Undercarriage,N,,Illnes,Illnes,BROOKLYN,11234.0,,1.0,0.0,0,0,0,0,1,0,Station Wagon/Sport Utility Vehicle,,1
20373262,4598600,01/17/2023,16:22,9cc9603f-b557-4567-80f8-c979a7fab507,Sedan,MERZ -CAR/SUV,2013.0,1.0,M,Licensed,Going Straight Ahead,Center Front End,Center Front End,,,,N,,Following Too Closely,Unspecified,BROOKLYN,11205.0,"    (40.698036, -73.962845)",1.0,0.0,0,0,0,0,1,0,Station Wagon/Sport Utility Vehicle,Sedan,1
20457576,4636699,06/10/2023,07:00,0850555a-bb6c-44cc-9f70-4fa22a519eb5,Station Wagon/Sport Utility Vehicle,DODG -CAR/SUV,2019.0,1.0,M,Licensed,Going Straight Ahead,Right Front Bumper,Right Front Bumper,Center Front End,Left Front Bumper,,N,,Unspecified,Unspecified,BRONX,10466.0,"    (40.896896, -73.84418)",0.0,0.0,0,0,0,0,0,0,Station Wagon/Sport Utility Vehicle,,0
20537636,4671633,10/16/2023,14:03,6d6541a4-5847-4fcb-8d8b-98876b4d51d3,Station Wagon/Sport Utility Vehicle,NISS -CAR/SUV,2020.0,1.0,F,Licensed,Slowing or Stopping,Center Back End,Center Back End,,,,N,,Unspecified,Unspecified,,,"    (40.668648, -73.92835)",2.0,0.0,0,0,0,0,2,0,Station Wagon/Sport Utility Vehicle,Station Wagon/Sport Utility Vehicle,1
20514612,4662486,09/12/2023,06:30,d72aab5c-0176-4ed8-a763-207331d2f21a,Box Truck,INTL-TRUCK/BUS,2022.0,1.0,M,Licensed,Going Straight Ahead,Right Front Quarter Panel,Right Front Quarter Panel,,,,N,,Passing or Lane Usage Improper,Unspecified,QUEENS,11436.0,"    (40.66985, -73.80064)",1.0,0.0,0,0,0,0,1,0,Box Truck,Sedan,1
20485120,4649044,07/27/2023,06:00,eb226efc-2e44-41a0-80cc-f5e85c3ed770,Station Wagon/Sport Utility Vehicle,MAZD -CAR/SUV,2021.0,0.0,M,Licensed,Parked,Left Front Bumper,Left Rear Quarter Panel,Left Side Doors,Left Front Quarter Panel,,N,,Unspecified,Unspecified,QUEENS,11377.0,"    (40.75056, -73.89644)",0.0,0.0,0,0,0,0,0,0,Pick-up Truck,Station Wagon/Sport Utility Vehicle,0
20416588,4618571,03/05/2023,11:49,a56e3bef-f3ea-433f-b1bd-ac434ec353f6,Sedan,TOYT -CAR/SUV,2000.0,1.0,M,Licensed,Backing,Right Rear Bumper,Right Rear Bumper,Center Back End,No Damage,No Damage,N,,Unspecified,Unspecified,BRONX,10471.0,"    (40.90799, -73.90381)",0.0,0.0,0,0,0,0,0,0,Sedan,Station Wagon/Sport Utility Vehicle,0
20458278,4637015,06/12/2023,09:00,521e8b8a-4353-4a6d-b694-038a525702fc,Flat Bed,MACK-TRUCK/BUS,2019.0,1.0,M,Licensed,Going Straight Ahead,Right Front Bumper,Right Front Bumper,No Damage,No Damage,No Damage,N,,Unspecified,Unspecified,,,"    (40.845104, -73.91494)",0.0,0.0,0,0,0,0,0,0,Flat Bed,Sedan,0
20532525,4670852,10/14/2023,13:35,87660bae-686e-4630-b09c-24b83a3e5c2e,Station Wagon/Sport Utility Vehicle,NISS -CAR/SUV,2012.0,0.0,,,Parked,Left Rear Quarter Panel,Left Rear Quarter Panel,No Damage,No Damage,No Damage,N,,Unspecified,Unspecified,MANHATTAN,10037.0,"    (40.809166, -73.93814)",3.0,0.0,0,0,0,0,3,0,Station Wagon/Sport Utility Vehicle,Station Wagon/Sport Utility Vehicle,1
20429221,4623896,04/26/2023,08:50,7a3c3e02-3cce-4f8d-993c-a89ffe54df7c,Bus,FRHT-TRUCK/BUS,2020.0,1.0,M,Licensed,Going Straight Ahead,Left Front Bumper,Left Front Bumper,Center Front End,,,N,,Aggressive Driving/Road Rage,Unspecified,BROOKLYN,11212.0,"    (40.673027, -73.90576)",1.0,0.0,0,0,0,0,1,0,Bus,Station Wagon/Sport Utility Vehicle,1
20493347,4652838,08/04/2023,17:00,91b1a19b-f572-497c-98f0-aac755a8addd,Station Wagon/Sport Utility Vehicle,AUDI -CAR/SUV,2015.0,0.0,,,Parked,Left Rear Bumper,Left Rear Bumper,Left Rear Quarter Panel,,,N,,Unspecified,Unspecified,BRONX,10472.0,"    (40.82572, -73.86406)",0.0,0.0,0,0,0,0,0,0,Station Wagon/Sport Utility Vehicle,,0
20432581,4625278,05/02/2023,08:31,3b927068-ea05-4e3a-ba46-69df82f580f8,Station Wagon/Sport Utility Vehicle,CHEV -CAR/SUV,2019.0,0.0,,,Parked,Center Front End,Center Front End,Right Front Bumper,Left Front Bumper,No Damage,N,,Unspecified,Unspecified,QUEENS,11428.0,"    (40.72726, -73.740776)",0.0,0.0,0,0,0,0,0,0,Station Wagon/Sport Utility Vehicle,Station Wagon/Sport Utility Vehicle,0
20427709,4615128,03/14/2023,19:58,9273db4e-f53a-43ef-bd04-9bc5915c72d9,Sedan,HOND -CAR/SUV,2009.0,1.0,F,Licensed,Going Straight Ahead,Right Front Bumper,Right Front Bumper,Center Front End,Left Front Bumper,Roof,Unspecified,,Unspecified,Unspecified,,,,1.0,0.0,0,0,0,0,1,0,Sedan,Sedan,1
20566060,4686085,12/10/2023,04:00,b9f19a5b-a6f9-4576-866b-c134bad9b66f,Sedan,MERZ -CAR/SUV,2013.0,1.0,M,Unlicensed,Going Straight Ahead,Left Front Bumper,Left Front Bumper,Center Front End,Left Front Quarter Panel,Right Front Bumper,N,,Traffic Control Disregarded,Driver Inattention/Distraction,,,,1.0,0.0,0,0,0,0,1,0,Taxi,Sedan,1
20541436,4674944,10/28/2023,12:50,d900c4e6-9dd7-4b30-8383-1d678f0e9df5,Sedan,SUBA -CAR/SUV,2007.0,0.0,,,Parked,Center Back End,No Damage,No Damage,No Damage,No Damage,N,,Unspecified,Unspecified,BROOKLYN,11230.0,"    (40.630196, -73.970215)",1.0,0.0,1,0,0,0,0,0,Sedan,Sedan,1
20512283,4661806,09/13/2023,05:35,2e76648b-62c8-4ddb-9d91-e5f47a7e4874,Pick-up Truck,TOYT -CAR/SUV,2022.0,1.0,M,Licensed,Going Straight Ahead,Right Rear Bumper,Right Rear Bumper,No Damage,No Damage,No Damage,N,,Unspecified,Unspecified,MANHATTAN,10002.0,"    (40.71997, -73.992905)",0.0,0.0,0,0,0,0,0,0,Pick-up Truck,Sedan,0
20385190,4604124,02/08/2023,08:37,61186f5e-cda2-4334-ae26-3caa484c223e,Station Wagon/Sport Utility Vehicle,ACUR -CAR/SUV,2023.0,0.0,M,Licensed,Parked,Left Side Doors,Left Rear Quarter Panel,,,,N,,Unspecified,Unspecified,,,"    (40.636646, -74.14016)",0.0,0.0,0,0,0,0,0,0,Station Wagon/Sport Utility Vehicle,,0
20380949,4601967,01/30/2023,10:20,1f84aa96-7758-4989-a725-6f367335df89,Sedan,TOYT -CAR/SUV,2013.0,0.0,F,Licensed,Making Left Turn,Left Front Quarter Panel,Left Front Quarter Panel,Left Front Bumper,,,N,,Unspecified,Unspecified,,,"    (40.64981, -73.93503)",0.0,0.0,0,0,0,0,0,0,Sedan,Sedan,0
20493427,4651116,08/03/2023,07:45,08708167-abcf-45b5-9916-4ff822a32182,Station Wagon/Sport Utility Vehicle,TOYT -CAR/SUV,2022.0,4.0,M,Licensed,Going Straight Ahead,Left Rear Quarter Panel,Left Rear Quarter Panel,Left Side Doors,Left Rear Bumper,,N,,Unspecified,Unspecified,QUEENS,11434.0,"    (40.679337, -73.78212)",3.0,0.0,0,0,0,0,3,0,Station Wagon/Sport Utility Vehicle,Station Wagon/Sport Utility Vehicle,1
20558953,4683099,11/22/2023,16:25,44a4393f-86cd-405c-9ddd-d64fff226854,Station Wagon/Sport Utility Vehicle,CHEV -CAR/SUV,2022.0,2.0,,,,Right Front Bumper,Right Front Bumper,Right Front Bumper,Right Front Quarter Panel,,N,,Driver Inattention/Distraction,Driver Inexperience,BROOKLYN,11205.0,"    (40.690174, -73.95527)",0.0,0.0,0,0,0,0,0,0,Pick-up Truck,Station Wagon/Sport Utility Vehicle,0
20475799,4645004,07/11/2023,06:00,173c4a04-66f4-433f-93a3-fb4b0fe5ee79,Tractor Truck Diesel,FRHT-TRUCK/BUS,2022.0,1.0,M,Licensed,Going Straight Ahead,Trailer,Trailer,,,,Y,,Traffic Control Disregarded,Driver Inexperience,,,"    (40.788303, -73.81699)",0.0,0.0,0,0,0,0,0,0,Tractor Truck Diesel,,0
20540025,4674334,10/24/2023,17:30,56de2fbe-e563-4ae9-9f9f-b618798b5768,Sedan,DODG -CAR/SUV,2016.0,2.0,M,Permit,Going Straight Ahead,Center Front End,Center Front End,Left Front Bumper,Right Front Bumper,,N,,Failure to Yield Right-of-Way,Driver Inexperience,STATEN ISLAND,10306.0,"    (40.56035, -74.1277)",0.0,0.0,0,0,0,0,0,0,Sedan,Sedan,0
20564326,4685537,12/07/2023,23:00,269acfe8-a719-49fe-b4b1-053d31f7843d,Sedan,LINC -CAR/SUV,2023.0,2.0,M,Permit,Going Straight Ahead,Right Rear Bumper,Right Rear Bumper,,,,N,,Unspecified,Unspecified,,,"    (40.71122, -73.72827)",4.0,0.0,0,0,0,0,4,0,Sedan,Sedan,1
20409390,4615038,03/19/2023,09:01,3a7161c8-9d8b-4b38-94c0-af985e85e001,Station Wagon/Sport Utility Vehicle,NISS -CAR/SUV,2019.0,1.0,M,Licensed,Making Left Turn,Right Front Quarter Panel,Right Front Quarter Panel,,,,N,,Unspecified,Unspecified,,,"    (40.701275, -73.88887)",0.0,0.0,0,0,0,0,0,0,FDNY Ambul,Station Wagon/Sport Utility Vehicle,0
20500543,4656257,08/22/2023,08:10,6abfa918-350a-4963-b607-b3773091ec99,Station Wagon/Sport Utility Vehicle,FORD -CAR/SUV,2022.0,,,,Making Right Turn,No Damage,No Damage,,,,N,,Failure to Yield Right-of-Way,Unspecified,MANHATTAN,10001.0,"    (40.75383, -74.00715)",1.0,0.0,1,0,0,0,0,0,Station Wagon/Sport Utility Vehicle,,1
20477758,4646074,07/11/2023,16:30,fea086fe-57bb-4e41-a765-cf1340373f7d,Bus,Colli,2021.0,1.0,M,Licensed,Stopped in Traffic,Center Back End,No Damage,,,,N,,Unspecified,Unspecified,,,"    (40.669098, -73.93666)",0.0,0.0,0,0,0,0,0,0,Bus,Station Wagon/Sport Utility Vehicle,0
20487216,4650256,07/30/2023,17:17,5aa491b0-86ab-4e7e-b724-c9a4ce7f9b60,Sedan,HOND -CAR/SUV,2015.0,2.0,F,Licensed,Making Right Turn,Right Front Quarter Panel,Right Side Doors,No Damage,No Damage,No Damage,N,,Driver Inattention/Distraction,Unspecified,,,"    (40.865383, -73.89348)",2.0,0.0,0,0,0,0,2,0,Sedan,Station Wagon/Sport Utility Vehicle,1
20537993,4673328,10/24/2023,18:51,7d016940-fca5-4b28-a0ca-9b80ba98cb2e,E-Scooter,ARWIBON,,1.0,M,Licensed,Going Straight Ahead,Center Front End,Center Front End,No Damage,No Damage,No Damage,N,,Unsafe Speed,Brakes Defective,BROOKLYN,11220.0,"    (40.649822, -74.009094)",1.0,0.0,0,0,0,0,0,0,Sedan,E-Scooter,1