UNIQUE_ID,COLLISION_ID,CRASH_DATE,CRASH_TIME,VEHICLE_ID,VEHICLE_TYPE,VEHICLE_MAKE,VEHICLE_YEAR,VEHICLE_OCCUPANTS,DRIVER_SEX,DRIVER_LICENSE_STATUS,PRE_CRASH,POINT_OF_IMPACT,VEHICLE_DAMAGE,VEHICLE_DAMAGE_1,VEHICLE_DAMAGE_2,VEHICLE_DAMAGE_3,PUBLIC_PROPERTY_DAMAGE,PUBLIC_PROPERTY_DAMAGE_TYPE,CONTRIBUTING_FACTOR_1,CONTRIBUTING_FACTOR_2,BOROUGH,ZIP CODE,LOCATION,NUMBER OF PERSONS INJURED,NUMBER OF PERSONS KILLED,NUMBER OF PEDESTRIANS INJURED,NUMBER OF PEDESTRIANS KILLED,NUMBER OF CYCLIST INJURED,NUMBER OF CYCLIST KILLED,NUMBER OF MOTORIST INJURED,NUMBER OF MOTORIST KILLED,VEHICLE TYPE CODE 1,VEHICLE TYPE CODE 2,Severity
20456450,4636181,06/08/2023,08:00,391726fc-3d73-4869-a672-74dc9c083173,Station Wagon/Sport Utility Vehicle,LNDR -CAR/SUV,2015.0,0.0,,,Parked,Right Rear Bumper,Right Rear Bumper,Right Rear Quarter Panel,No Damage,No Damage,N,,Unspecified,Unspecified,BRONX,10452.0,"    (40.833916, -73.92702)",0.0,0.0,0,0,0,0,0,0,Station Wagon/Sport Utility Vehicle,,0
20430767,4624828,04/30/2023,22:00,3cdbe27a-b053-4375-89d9-9088cd8f1504,Station Wagon/Sport Utility Vehicle,HOND -CAR/SUV,2020.0,0.0,,,Parked,Roof,Roof,,,,N,,Unspecified,Unspecified,BROOKLYN,11214.0,"    (40.60365, -73.99204)",0.0,0.0,0,0,0,0,0,0,Station Wagon/Sport Utility Vehicle,,0
20411889,4616400,03/28/2023,13:56,74119946-a699-4530-b94f-3b745390c560,Taxi,SUBA -CAR/SUV,2021.0,1.0,M,Licensed,Entering Parked Position,Right Side Doors,No Damage,No Damage,,,N,,Driver Inattention/Distraction,Unspecified,MANHATTAN,10029.0,"    (40.791557, -73.93866)",1.0,0.0,1,0,0,0,0,0,Taxi,,1
20533714,4671601,10/11/2023,02:08,8334521a-e117-4e88-b4c7-a3fb180127b3,Sedan,INFI -CAR/SUV,2011.0,1.0,,,Parked,Center Front End,Right Front Bumper,Left Front Bumper,No Damage,No Damage,N,,Driverless/Runaway Vehicle,Unsafe Speed,BROOKLYN,11203.0,"    (40.660233, -73.93712)",0.0,0.0,0,0,0,0,0,0,Sedan,,0
20508909,4659889,08/31/2023,16:30,b02a1014-9c89-42f8-947a-f551dd0bf2a5,Motorcycle,HD -MCL,2022.0,1.0,M,Licensed,Going Straight Ahead,Center Front End,Center Front End,Center Front End,Center Front End,Center Front End,N,,Unspecified,Unspecified,,,,1.0,0.0,0,0,0,0,1,0,Motorcycle,,1
20385564,4603423,02/05/2023,05:45,d0346bb1-9c9c-4962-832a-d142cd269355,Sedan,HYUN -CAR/SUV,2016.0,1.0,F,,Going Straight Ahead,Left Front Bumper,Center Front End,Right Front Bumper,Right Front Quarter Panel,No Damage,Unspecified,,Driver Inattention/Distraction,Unspecified,STATEN ISLAND,10304.0,"    (40.61021, -74.08932)",1.0,0.0,0,0,0,0,1,0,Sedan,Sedan,1
20450543,4633554,05/27/2023,04:50,6ea3ac21-ccfe-4c6d-af20-dcb9c1f95875,Sedan,FORD -CAR/SUV,2009.0,0.0,,,Parked,Left Rear Bumper,Left Rear Quarter Panel,Left Side Doors,No Damage,No Damage,N,,Unspecified,Unspecified,,,,0.0,0.0,0,0,0,0,0,0,Sedan,Sedan,0
20579235,4690257,12/24/2023,13:15,66fca1be-e1f2-4ac4-8da6-9719458b002a,Sedan,BMW -CAR/SUV,2023.0,2.0,M,Licensed,Going Straight Ahead,Center Front End,Right Front Bumper,Left Front Bumper,,,N,,Unsafe Speed,Unspecified,QUEENS,11365.0,"    (40.745667, -73.792496)",2.0,1.0,0,0,0,0,2,1,Sedan,Station Wagon/Sport Utility Vehicle,2
20459629,4637673,06/14/2023,07:55,ec8a8ff0-69d5-4b1b-a780-58fadf8e2595,Sedan,CHRY -CAR/SUV,2019.0,1.0,F,Licensed,Going Straight Ahead,Left Side Doors,Left Side Doors,Left Side Doors,Left Side Doors,Left Side Doors,N,,Unspecified,Unspecified,,,"    (40.705837, -73.902466)",1.0,0.0,1,0,0,0,0,0,Sedan,,1
20427249,4623013,04/21/2023,22:03,356d37f5-94a5-482d-8d7b-a1b8b82d4165,Pick-up Truck,FORD -CAR/SUV,2016.0,2.0,,,Going Straight Ahead,Center Front End,,,,,N,,Driver Inattention/Distraction,Following Too Closely,,,"    (40.69168, -73.999344)",0.0,0.0,0,0,0,0,0,0,Sedan,Pick-up Truck,0
20368901,4596531,01/08/2023,22:15,4a86e055-0f37-4ba3-985f-8b184f743127,Sedan,FORD -CAR/SUV,2018.0,1.0,M,Licensed,Making Right Turn,Center Front End,Center Front End,Left Front Bumper,Right Front Bumper,,N,,Steering Failure,Unspecified,QUEENS,11429.0,"    (40.709892, -73.74385)",0.0,0.0,0,0,0,0,0,0,Sedan,,0
20448344,4632493,05/24/2023,17:00,e0561bfa-0ef7-4af2-af96-d98bdb04098c,Sedan,INFI -CAR/SUV,2020.0,1.0,,,Starting from Parking,Right Front Bumper,Right Front Bumper,,,,N,,Unspecified,Unspecified,,,"    (40.639854, -73.983505)",0.0,0.0,0,0,0,0,0,0,Station Wagon/Sport Utility Vehicle,Sedan,0
20466255,4640661,06/23/2023,12:32,64e780de-acba-4806-9e30-3216c6ade9ba,Ambulance,FORD-TRUCK/BUS,2021.0,2.0,F,Licensed,Going Straight Ahead,Right Rear Quarter Panel,No Damage,,,,N,,Unspecified,Unspecified,MANHATTAN,10035.0,"    (40.80332, -73.94094)",0.0,0.0,0,0,0,0,0,0,Ambulance,Sedan,0
20393022,4607574,02/18/2023,20:50,4b397459-9d14-4f29-93ec-3e69632629e1,Station Wagon/Sport Utility Vehicle,BMW -CAR/SUV,2021.0,2.0,M,Permit,Going Straight Ahead,Left Rear Bumper,Left Rear Bumper,No Damage,No Damage,No Damage,Unspecified,,Unspecified,Unspecified,,,"    (40.749336, -73.85015)",1.0,0.0,0,0,0,0,1,0,Station Wagon/Sport Utility Vehicle,Sedan,1
20428154,4623492,04/25/2023,06:40,cb1a612a-8e17-4b40-a454-817b4272a6b0,Sedan,NISS -CAR/SUV,2017.0,1.0,F,Licensed,Going Straight Ahead,Left Side Doors,Left Side Doors,Left Rear Quarter Panel,,,N,,Unspecified,Unspecified,,,"    (40.666435, -73.83478)",0.0,0.0,0,0,0,0,0,0,Sedan,,0
20534477,4671955,10/19/2023,15:40,5dc4ac16-9048-456a-adcc-15dde3484ee7,Sedan,SUBA -CAR/SUV,2002.0,1.0,F,Licensed,Going Straight Ahead,Left Front Quarter Panel,Left Front Quarter Panel,Left Rear Quarter Panel,Left Side Doors,,N,,Unspecified,Unspecified,,,"    (40.67043, -73.928185)",0.0,0.0,0,0,0,0,0,0,Sedan,Station Wagon/Sport Utility Vehicle,0
20414218,4617271,03/25/2023,16:45,8ec6e99c-c32b-48d0-8029-3774c6ed9d18,Sedan,HOND -CAR/SUV,2013.0,1.0,F,Licensed,Going Straight Ahead,Right Front Bumper,Right Front Quarter Panel,No Damage,No Damage,No Damage,N,,Other Vehicular,Other Vehicular,,,"    (40.814102, -73.940865)",1.0,0.0,0,0,1,0,0,0,Sedan,Bike,1
20539272,4673983,10/20/2023,16:37,e5a28f7d-0e02-4a51-b027-c322c022539c,Bus,IVEC-TRUCK/BUS,2015.0,1.0,M,Licensed,Going Straight Ahead,Left Rear Quarter Panel,Left Front Quarter Panel,Left Side Doors,Left Rear Bumper,Left Front Bumper,N,,Unspecified,Unspecified,,,,0.0,0.0,0,0,0,0,0,0,Sedan,Sedan,0
20541015,4674512,10/24/2023,10:00,de7f5cbe-64e5-4f05-999a-f9320005f4fb,Sedan,TOYT -CAR/SUV,2011.0,1.0,M,Licensed,Parked,Right Side Doors,Right Side Doors,,,,N,,Unspecified,Unspecified,,,"    (40.752037, -73.942726)",0.0,0.0,0,0,0,0,0,0,Sedan,,0
20532233,4670602,10/13/2023,16:15,3e329fe1-2f0d-44f3-b1a4-2768d9eda2d8,Station Wagon/Sport Utility Vehicle,CHEV -CAR/SUV,2016.0,1.0,F,Licensed,Going Straight Ahead,Right Side Doors,Right Side Doors,Right Front Quarter Panel,Right Rear Quarter Panel,No Damage,N,,Unspecified,Unspecified,BROOKLYN,11239.0,"    (40.65289, -73.866745)",1.0,0.0,0,0,0,0,1,0,Station Wagon/Sport Utility Vehicle,Sedan,1
20375767,4599738,01/11/2023,14:03,267598b9-297a-4ba9-83c8-f1e191bc011b,Box Truck,ISU-TRUCK/BUS,2005.0,1.0,,,Going Straight Ahead,Other,No Damage,No Damage,No Damage,No Damage,N,,Passing or Lane Usage Improper,Reaction to Uninvolved Vehicle,BROOKLYN,11215.0,"    (40.674465, -73.97547)",0.0,0.0,0,0,0,0,0,0,Station Wagon/Sport Utility Vehicle,Box Truck,0
20395463,4608804,02/27/2023,14:15,71c239c8-4849-4a41-b5c7-ee5efa1bf353,Tractor Truck Diesel,KW-TRUCK/BUS,2017.0,1.0,M,Licensed,Making Left Turn,Right Rear Bumper,No Damage,,,,N,,Driver Inexperience,Passing Too Closely,BROOKLYN,11231.0,"    (40.67786, -74.012314)",0.0,0.0,0,0,0,0,0,0,Tractor Truck Diesel,Sedan,0
20437090,4627545,05/09/2023,18:31,07fda158-8c56-4628-9c38-3a461715562d,Sedan,CHEV -CAR/SUV,2012.0,0.0,,,Parked,Left Rear Bumper,Left Rear Bumper,Left Rear Bumper,Left Rear Bumper,,N,,Unspecified,Unspecified,BRONX,10460.0,"    (40.849075, -73.88289)",0.0,0.0,0,0,0,0,0,0,Sedan,Station Wagon/Sport Utility Vehicle,0
20488391,4650882,07/31/2023,14:00,04e08304-b077-4e44-8e3c-e2d3fa904eed,Station Wagon/Sport Utility Vehicle,INFI -CAR/SUV,2020.0,1.0,M,Licensed,Making U Turn,Left Front Bumper,Left Front Bumper,Center Front End,Left Front Quarter Panel,No Damage,N,,Passing or Lane Usage Improper,Failure to Yield Right-of-Way,QUEENS,11691.0,"    (40.596207, -73.768745)",2.0,0.0,0,0,0,0,2,0,Station Wagon/Sport Utility Vehicle,Station Wagon/Sport Utility Vehicle,1
20446223,4631857,05/23/2023,14:46,e889420a-a673-4e3e-bad0-287ba5f4eb9b,Flat Bed,MACK-TRUCK/BUS,2023.0,1.0,M,Licensed,Going Straight Ahead,Center Front End,No Damage,No Damage,No Damage,No Damage,N,,Following Too Closely,Unspecified,BROOKLYN,11215.0,"    (40.677406, -73.983055)",2.0,0.0,0,0,0,0,2,0,Station Wagon/Sport Utility Vehicle,Flat Bed,1
20453313,4634487,05/18/2023,05:20,cfbfc460-6ee9-4693-807d-9f4a4d119dfb,Station Wagon/Sport Utility Vehicle,JEEP -CAR/SUV,2015.0,3.0,,,Going Straight Ahead,Left Front Bumper,Left Front Bumper,Left Rear Bumper,Left Rear Quarter Panel,,N,,Traffic Control Disregarded,Unspecified,QUEENS,11103.0,"    (40.756718, -73.91422)",0.0,0.0,0,0,0,0,0,0,Station Wagon/Sport Utility Vehicle,Armored Truck,0
20550832,4679326,11/15/2023,08:00,d06db28d-fdff-4946-b38d-407af8ccc0f6,Bus,Starc,2019.0,1.0,F,Licensed,Parked,Left Front Quarter Panel,Left Front Quarter Panel,,,,N,,Unspecified,Unspecified,QUEENS,11423.0,"    (40.7122, -73.768486)",0.0,0.0,0,0,0,0,0,0,Station Wagon/Sport Utility Vehicle,Bus,0
20412628,4616743,03/29/2023,16:23,111ac874-61fc-45c2-94e8-25d1d4558cdd,Sedan,HYUN -CAR/SUV,2017.0,1.0,M,Licensed,Parked,Left Front Bumper,Left Front Bumper,Left Front Quarter Panel,,,N,,Unspecified,Unspecified,MANHATTAN,10032.0,"    (40.8414, -73.94257)",0.0,0.0,0,0,0,0,0,0,Sedan,,0
20547999,4678057,11/09/2023,05:45,9ca04ded-e719-40d7-82f6-d878b3842e6e,Sedan,NISS -CAR/SUV,2020.0,1.0,M,Licensed,Going Straight Ahead,Left Rear Quarter Panel,Left Rear Quarter Panel,Left Rear Bumper,,,N,,Unspecified,Unspecified,QUEENS,11106.0,"    (40.753693, -73.92879)",1.0,0.0,0,0,0,0,1,0,Sedan,Box Truck,1
20372394,4598168,01/14/2023,13:00,ff87914b-4b91-48a0-9482-598e117d46c8,Station Wagon/Sport Utility Vehicle,FORD -CAR/SUV,2012.0,,,,,,,,,,Unspecified,,,,QUEENS,11362.0,"    (40.77007, -73.73598)",0.0,0.0,0,0,0,0,0,0,Sedan,Station Wagon/Sport Utility Vehicle,0
20572290,4689313,12/05/2023,12:50,b8fbb95d-dced-43bc-bd2b-41b157c45c25,,TOYT -CAR/SUV,,0.0,,,,,,,,,N,,,,BRONX,10458.0,"    (40.867218, -73.88841)",2.0,0.0,0,0,0,0,2,0,Sedan,,1
20393561,4607956,02/23/2023,20:57,4e32367f-caca-4fd0-8f3d-a880f2a07e8c,Sedan,TOYT -CAR/SUV,2017.0,2.0,M,Licensed,Going Straight Ahead,Center Back End,Center Back End,Right Rear Bumper,No Damage,No Damage,N,,Unspecified,Unspecified,,,"    (40.698414, -73.984)",0.0,0.0,0,0,0,0,0,0,Sedan,Sedan,0
20527117,4668395,10/07/2023,00:15,b8ada7a2-716b-413f-9b1d-903acd50a32c,Taxi,TOYT -CAR/SUV,2015.0,2.0,M,Licensed,Making Right Turn,Center Back End,Left Rear Bumper,Right Rear Bumper,,,N,,Reaction to Uninvolved Vehicle,Unspecified,MANHATTAN,10019.0,"    (40.77146, -73.994354)",1.0,0.0,0,0,0,0,1,0,Taxi,Sedan,1
20379147,4601445,01/29/2023,19:50,266ae893-a822-4a88-8322-f597e47bd2cd,Station Wagon/Sport Utility Vehicle,CADI -CAR/SUV,2022.0,2.0,,,Making Left Turn,Center Front End,Center Front End,No Damage,No Damage,No Damage,Unspecified,,Traffic Control Disregarded,Unspecified,MANHATTAN,10002.0,"    (40.719204, -73.99037)",0.0,0.0,0,0,0,0,0,0,Station Wagon/Sport Utility Vehicle,Station Wagon/Sport Utility Vehicle,0
20370228,4597379,01/11/2023,15:04,cf33a55d-3a17-475d-af7f-199ec9e1d43c,LIMO,TOYT -CAR/SUV,2018.0,1.0,,,Going Straight Ahead,Center Front End,Center Front End,,,,Unspecified,,Driver Inexperience,Traffic Control Disregarded,,,"    (40.72881, -73.99507)",1.0,0.0,0,0,1,0,0,0,LIMO,Bike,1
20448711,4631656,05/20/2023,05:15,ea523ffc-7f50-4259-bf9e-ab19fdbffe07,Sedan,HOND -CAR/SUV,2021.0,0.0,M,Licensed,Going Straight Ahead,Left Front Quarter Panel,Left Side Doors,,,,N,,Unspecified,Unspecified,,,"    (40.77247, -73.91959)",0.0,0.0,0,0,0,0,0,0,Sedan,,0
20400275,4610764,03/05/2023,04:00,65e27c9c-ff9b-407a-ac7c-17621e2020a9,Station Wagon/Sport Utility Vehicle,JEEP -CAR/SUV,,1.0,M,Licensed,Going Straight Ahead,Left Front Bumper,Left Front Bumper,Center Front End,Left Front Quarter Panel,,N,,Unspecified,Unspecified,,,"    (40.68865, -73.84711)",0.0,0.0,0,0,0,0,0,0,Station Wagon/Sport Utility Vehicle,,0
20536911,4673158,10/22/2023,17:50,e0696218-8853-4ae9-98df-03915c57ead8,Sedan,NISS -CAR/SUV,,,,,Making Right Turn,,,,,,N,,Turning Improperly,Unspecified,BRONX,10458.0,"    (40.85931, -73.89208)",0.0,0.0,0,0,0,0,0,0,Sedan,Sedan,0
20573353,4689644,12/24/2023,02:39,b2a0b70c-4eb0-43e6-985b-4b949e179b24,Station Wagon/Sport Utility Vehicle,VOLK -CAR/SUV,2022.0,0.0,M,Licensed,Going Straight Ahead,Left Front Bumper,Left Front Bumper,Center Front End,Right Front Bumper,Left Front Quarter Panel,N,,Pavement Slippery,Unspecified,,,,2.0,0.0,0,0,0,0,2,0,Sedan,Station Wagon/Sport Utility Vehicle,1
20451991,4634292,05/28/2023,06:19,97d69a93-ec83-493e-83f1-bcb3352a3cda,Station Wagon/Sport Utility Vehicle,SUBA -CAR/SUV,2018.0,0.0,M,Licensed,Parked,Right Front Bumper,Right Side Doors,,,,N,,Unspecified,Unspecified,QUEENS,11373.0,"    (40.748207, -73.8729)",0.0,0.0,0,0,0,0,0,0,Station Wagon/Sport Utility Vehicle,Station Wagon/Sport Utility Vehicle,0
20537757,4673462,10/05/2023,13:00,0e3e57b3-4a45-4f18-a353-cd7066d4c317,Station Wagon/Sport Utility Vehicle,DODG -CAR/SUV,2019.0,2.0,M,Licensed,Parked,Right Side Doors,Right Side Doors,Right Front Quarter Panel,Right Rear Quarter Panel,No Damage,N,,Unspecified,Unspecified,BROOKLYN,11233.0,"    (40.6717, -73.91854)",0.0,0.0,0,0,0,0,0,0,Station Wagon/Sport Utility Vehicle,,0
20389732,4606100,02/16/2023,08:00,609baf7d-6849-4f3b-bf68-9a914442ff6e,Sedan,HOND -CAR/SUV,2018.0,1.0,M,Licensed,Making U Turn,Left Front Bumper,Right Front Bumper,No Damage,No Damage,No Damage,N,,Driver Inattention/Distraction,Passing or Lane Usage Improper,,,"    (40.576405, -74.127075)",1.0,0.0,0,0,0,0,1,0,Sedan,Sedan,1
20483446,4648693,06/26/2023,16:32,ceb32fd7-a6fb-4863-9894-1c1d392722b5,Sedan,KIA -CAR/SUV,2019.0,0.0,,,Going Straight Ahead,Right Front Bumper,Right Front Bumper,No Damage,No Damage,No Damage,N,,Passing or Lane Usage Improper,Traffic Control Disregarded,BROOKLYN,11223.0,"    (40.60536, -73.96174)",1.0,0.0,0,0,0,0,1,0,Station Wagon/Sport Utility Vehicle,Sedan,1
20391008,4606867,02/19/2023,17:35,76fb840b-a521-423b-941d-b2013ab38250,Sedan,NISS -CAR/SUV,2015.0,4.0,M,,Going Straight Ahead,Center Back End,Center Back End,Right Rear Bumper,Left Rear Bumper,No Damage,N,,Unspecified,Unspecified,,,,4.0,0.0,0,0,0,0,4,0,Sedan,,1
20539466,4674274,10/27/2023,11:22,758b003a-8806-4de3-83be-01dbb60e1361,Pick-up Truck,TOYT -CAR/SUV,2018.0,0.0,,,Parked,Left Rear Quarter Panel,Left Rear Quarter Panel,Left Side Doors,Left Front Quarter Panel,No Damage,N,,Unspecified,Unspecified,MANHATTAN,10024.0,"    (40.783184, -73.97234)",0.0,0.0,0,0,0,0,0,0,Pick-up Truck,,0
20367290,4595852,01/06/2023,04:30,90a68484-05ea-4fe6-b478-f45e61ddbd06,Sedan,BMW -CAR/SUV,2012.0,4.0,M,Licensed,Going Straight Ahead,Center Back End,Center Back End,,,,N,,Unspecified,Unspecified,QUEENS,11372.0,"    (40.749653, -73.88525)",0.0,0.0,0,0,0,0,0,0,Sedan,,0
20554916,4681348,11/13/2023,08:10,e313d181-8200-4004-b6cb-98acd2cd616f,Sedan,HOND -CAR/SUV,2016.0,2.0,M,Licensed,Other*,Right Rear Bumper,Right Rear Bumper,No Damage,No Damage,No Damage,N,,Unspecified,Unspecified,,,"    (40.674145, -73.93062)",2.0,0.0,0,0,0,0,2,0,Sedan,Dump,1
20381304,4602222,01/24/2023,17:21,3d090ec9-ad2f-4fc9-8a85-3d7248e7ef97,Sedan,AUDI -CAR/SUV,2017.0,1.0,M,Licensed,Parked,Left Side Doors,Left Side Doors,Left Side Doors,Left Rear Quarter Panel,,N,,Passing or Lane Usage Improper,Unspecified,,,"    (40.843372, -73.904945)",1.0,0.0,1,0,0,0,0,0,Sedan,Sedan,1
20405769,4613358,03/15/2023,14:18,e1f4906a-851e-47c2-b421-5e2b98e1a438,Sedan,CHEV -CAR/SUV,2008.0,1.0,M,Licensed,Making Right Turn,Center Front End,Center Front End,No Damage,No Damage,No Damage,N,,Unspecified,Unspecified,BRONX,10473.0,"    (40.823536, -73.868416)",0.0,0.0,0,0,0,0,0,0,Sedan,Sedan,0
20503195,4657558,08/27/2023,00:42,815e5f25-f52a-486b-beb7-5514a1dadb6b,Station Wagon/Sport Utility Vehicle,BMW -CAR/SUV,2018.0,1.0,M,Licensed,Making Right Turn,Center Front End,Center Front End,Left Front Bumper,Right Front Bumper,No Damage,N,,Unspecified,Unspecified,QUEENS,11423.0,"    (40.708927, -73.77733)",1.0,0.0,0,0,0,0,1,0,Station Wagon/Sport Utility Vehicle,Station Wagon/Sport Utility Vehicle,1
20404201,4612688,03/11/2023,13:24,314cb20e-0d93-415f-94ae-19b2cd85312e,Station Wagon/Sport Utility Vehicle,BMW -CAR/SUV,2016.0,2.0,M,Licensed,Going Straight Ahead,Right Rear Bumper,Right Rear Bumper,Center Back End,Left Rear Bumper,Left Rear Bumper,N,,Traffic Control Disregarded,Other Vehicular,BROOKLYN,11206.0,"    (40.694557, -73.94325)",2.0,0.0,0,0,0,0,2,0,Pick-up Truck,Station Wagon/Sport Utility Vehicle,1
20485157,4649088,07/26/2023,17:00,f55b4994-d59d-42ab-b7f8-393a47acb84f,,HOND -CAR/SUV,2015.0,,,,Making Left Turn,Left Front Bumper,Left Front Bumper,,,,N,,Turning Improperly,Turning Improperly,QUEENS,11385.0,"    (40.700497, -73.90021)",0.0,0.0,0,0,0,0,0,0,Station Wagon/Sport Utility Vehicle,,0
20434677,4626371,05/05/2023,06:25,5832587b-52c9-4391-8f1e-aa572e5d06cb,Sedan,NISS -CAR/SUV,2013.0,1.0,F,Licensed,Going Straight Ahead,Center Front End,Center Front End,Center Front End,Center Front End,Center Front End,Y,,Fell Asleep,Unspecified,QUEENS,11354.0,"    (40.762745, -73.83329)",0.0,0.0,0,0,0,0,0,0,Sedan,,0
20557128,4682448,11/26/2023,16:00,16b00415-f7ca-48fe-a11e-ab0e786e59de,Sedan,VOLK -CAR/SUV,,0.0,,,Parked,Left Front Bumper,Left Front Bumper,Center Front End,Right Front Bumper,,Unspecified,,Unspecified,Unspecified,QUEENS,11373.0,"    (40.747368, -73.86917)",0.0,0.0,0,0,0,0,0,0,Sedan,,0
20426084,4622522,04/22/2023,00:51,8395fb87-54c5-49a3-ac3a-39226b38a9c0,Pick-up Truck,FORD -CAR/SUV,2003.0,1.0,M,Licensed,Going Straight Ahead,Left Front Bumper,Right Front Bumper,Right Front Quarter Panel,Left Front Quarter Panel,Left Front Bumper,N,,Fell Asleep,Unspecified,,,"    (40.786854, -73.82236)",0.0,0.0,0,0,0,0,0,0,Pick-up Truck,Sedan,0
20446479,4630538,05/21/2023,03:50,65f8478c-a566-4222-85ce-6b9b35cde9fa,Sedan,ACUR -CAR/SUV,2011.0,1.0,,,Going Straight Ahead,Center Front End,Left Front Bumper,Right Front Bumper,,,Unspecified,,Driver Inattention/Distraction,Unspecified,QUEENS,11373.0,"    (40.731377, -73.88084)",0.0,0.0,0,0,0,0,0,0,Sedan,Station Wagon/Sport Utility Vehicle,0
20449595,4633230,05/24/2023,06:20,f3f8165b-9c9c-406f-a044-dab25999d932,Box Truck,US MAIL TRUCK,2023.0,1.0,M,Licensed,Making Right Turn,Center Front End,Center Front End,Right Front Bumper,Right Front Bumper,Right Front Quarter Panel,N,,Passing Too Closely,Driver Inattention/Distraction,MANHATTAN,10001.0,"    (40.752056, -74.00099)",0.0,0.0,0,0,0,0,0,0,Station Wagon/Sport Utility Vehicle,Box Truck,0
20364127,4594640,01/01/2023,02:50,2ebb1de4-1522-47c3-b681-97bedf1a414b,Station Wagon/Sport Utility Vehicle,TOYT -CAR/SUV,2012.0,0.0,,,Parked,Left Front Bumper,Left Front Bumper,Left Front Quarter Panel,Center Front End,,Unspecified,,Unspecified,Unspecified,,,"    (40.671326, -73.798225)",0.0,0.0,0,0,0,0,0,0,Station Wagon/Sport Utility Vehicle,Sedan,0
20477932,4646234,07/05/2023,18:40,ec00da40-d7bd-4901-8018-90c0bca28c47,Moped,LIEFA,2023.0,1.0,M,Permit,Going Straight Ahead,Right Front Bumper,Right Front Bumper,,,,Unspecified,,Unspecified,Unspecified,BRONX,10454.0,"    (40.812878, -73.918175)",1.0,0.0,0,0,0,0,1,0,Moped,Sedan,1
20531754,4670718,10/14/2023,21:25,00ca0c0d-6121-4f71-9f99-d3b3a995bbac,Sedan,BMW -CAR/SUV,2009.0,0.0,,,Parked,Left Front Bumper,Left Front Bumper,Left Front Quarter Panel,,,N,,Unspecified,Unspecified,,,"    (40.66989, -73.93381)",0.0,0.0,0,0,0,0,0,0,Station Wagon/Sport Utility Vehicle,Sedan,0
20476498,4645379,07/12/2023,00:37,48cc5417-f2f7-4102-9802-e80940f8e5c2,Sedan,HOND -CAR/SUV,2018.0,1.0,,,Starting from Parking,Left Front Quarter Panel,Left Front Quarter Panel,Left Side Doors,No Damage,No Damage,N,,Driver Inattention/Distraction,Unspecified,BROOKLYN,11203.0,"    (40.65961, -73.935814)",0.0,0.0,0,0,0,0,0,0,Station Wagon/Sport Utility Vehicle,Sedan,0
20540068,4674364,10/27/2023,23:00,983873ba-b246-4452-b9ff-cf0382fb0c36,Station Wagon/Sport Utility Vehicle,LNDR -CAR/SUV,2018.0,3.0,F,Licensed,Going Straight Ahead,Right Side Doors,Right Front Quarter Panel,Right Front Bumper,,,N,,Unspecified,Unspecified,,,"    (40.744644, -73.77041)",3.0,0.0,0,0,0,0,3,0,Station Wagon/Sport Utility Vehicle,,1
20485527,4649404,07/28/2023,01:11,4904efa8-d0bc-446b-8013-2af0e5bcbd8a,Sedan,HYUN -CAR/SUV,2011.0,0.0,,,Parked,Left Front Bumper,Left Front Bumper,Left Front Quarter Panel,,,N,,Unspecified,Unspecified,QUEENS,11418.0,"    (40.700954, -73.825676)",2.0,0.0,0,0,0,0,2,0,Pick-up Truck,Sedan,1
20602921,4691089,12/29/2023,20:58,14d27fdf-9606-4bc7-a381-5b51ad50c2f7,Sedan,NISS -CAR/SUV,2015.0,1.0,M,Licensed,Going Straight Ahead,Center Front End,Center Front End,Center Back End,Center Back End,No Damage,N,,Other Vehicular,Unspecified,,,"    (40.694035, -73.72679)",2.0,0.0,0,0,0,0,2,0,Sedan,Sedan,1
20484362,4649359,07/23/2023,22:05,3948e8f5-e50f-46b0-bd42-60772d43a765,Station Wagon/Sport Utility Vehicle,HOND -CAR/SUV,2019.0,5.0,F,Licensed,Making Right Turn,Center Front End,No Damage,No Damage,No Damage,No Damage,N,,Passing Too Closely,Unspecified,,,"    (40.79611, -73.96145)",0.0,0.0,0,0,0,0,0,0,Station Wagon/Sport Utility Vehicle,Sedan,0
20452123,4634457,06/01/2023,08:50,465d66d0-b979-4330-bb5c-9b014fe4b2ea,Sedan,HOND -CAR/SUV,2022.0,0.0,,,Parked,Left Front Quarter Panel,Left Front Quarter Panel,No Damage,No Damage,No Damage,N,,Unspecified,Unspecified,MANHATTAN,10003.0,"    (40.729626, -73.984634)",0.0,0.0,0,0,0,0,0,0,Sedan,,0
20400872,4611083,03/07/2023,12:37,65f62bff-c317-43a2-b190-9afb93e843f1,Sedan,NISS -CAR/SUV,2018.0,1.0,F,Licensed,Stopped in Traffic,Left Rear Quarter Panel,Left Rear Quarter Panel,No Damage,No Damage,No Damage,N,,Unspecified,Unspecified,BROOKLYN,11221.0,"    (40.70029, -73.92904)",0.0,0.0,0,0,0,0,0,0,Sedan,,0
20488985,4649076,07/21/2023,22:00,0a1869f3-d37d-419b-8e74-58b165043069,Sedan,LEXS -CAR/SUV,2023.0,1.0,M,Licensed,Making Left Turn,Center Front End,Center Front End,,,,N,,Traffic Control Disregarded,Unspecified,BROOKLYN,11207.0,"    (40.678326, -73.89808)",2.0,0.0,0,0,0,0,2,0,Sedan,Sedan,1