UNIQUE_ID,COLLISION_ID,CRASH_DATE,CRASH_TIME,VEHICLE_ID,VEHICLE_TYPE,VEHICLE_MAKE,VEHICLE_YEAR,VEHICLE_OCCUPANTS,DRIVER_SEX,DRIVER_LICENSE_STATUS,PRE_CRASH,POINT_OF_IMPACT,VEHICLE_DAMAGE,VEHICLE_DAMAGE_1,VEHICLE_DAMAGE_2,VEHICLE_DAMAGE_3,PUBLIC_PROPERTY_DAMAGE,PUBLIC_PROPERTY_DAMAGE_TYPE,CONTRIBUTING_FACTOR_1,CONTRIBUTING_FACTOR_2,BOROUGH,ZIP CODE,LOCATION,NUMBER OF PERSONS INJURED,NUMBER OF PERSONS KILLED,NUMBER OF PEDESTRIANS INJURED,NUMBER OF PEDESTRIANS KILLED,NUMBER OF CYCLIST INJURED,NUMBER OF CYCLIST KILLED,NUMBER OF MOTORIST INJURED,NUMBER OF MOTORIST KILLED,VEHICLE TYPE CODE 1,VEHICLE TYPE CODE 2,Severity
20563915,4685155,12/05/2023,17:00,2d301b2e-d3ec-4dc1-8d98-9bf99f8e9f85,Sedan,MERZ -CAR/SUV,2017.0,1.0,,,Passing,Right Rear Quarter Panel,No Damage,,,,N,,Passing or Lane Usage Improper,Aggressive Driving/Road Rage,QUEENS,11422.0,"    (40.666416, -73.738495)",0.0,0.0,0,0,0,0,0,0,Pick-up Truck,Sedan,0
20521092,4665794,09/26/2023,11:35,aacfa24e-97c5-4dcc-8af2-30717913f109,Station Wagon/Sport Utility Vehicle,FORD -CAR/SUV,2020.0,1.0,,,Making Left Turn,Center Front End,No Damage,No Damage,No Damage,No Damage,N,,Fatigued/Drowsy,Aggressive Driving/Road Rage,,,"    (40.818733, -73.96109)",0.0,0.0,0,0,0,0,0,0,Sedan,Station Wagon/Sport Utility Vehicle,0
20432610,4625769,04/27/2023,12:16,81417a49-faf8-44df-b73f-dc102c51c6a5,Sedan,BMW -CAR/SUV,2019.0,1.0,M,Licensed,Starting in Traffic,Left Front Quarter Panel,Left Front Quarter Panel,No Damage,No Damage,No Damage,N,,Unspecified,Unspecified,MANHATTAN,10024.0,"    (40.785534, -73.98401)",0.0,0.0,0,0,0,0,0,0,Bus,Sedan,0
20414228,4617252,03/28/2023,10:15,6aaf41c2-1a56-48b1-8f96-c9f0dee84455,Station Wagon/Sport Utility Vehicle,MAZD -CAR/SUV,2006.0,1.0,,,Changing Lanes,Right Side Doors,No Damage,No Damage,No Damage,No Damage,N,,Driver Inattention/Distraction,Unspecified,,,"    (40.819046, -73.944695)",1.0,0.0,0,0,0,0,0,0,E-Bike,Station Wagon/Sport Utility Vehicle,1
20495745,4653947,08/12/2023,05:02,9b5e3e00-3239-4489-9a07-7c68e34851fb,Sedan,TOYT -CAR/SUV,2020.0,2.0,M,Licensed,Stopped in Traffic,Left Rear Bumper,Center Back End,Right Rear Bumper,Right Rear Quarter Panel,,Unspecified,,Unspecified,Unspecified,STATEN ISLAND,10305.0,"    (40.587067, -74.09162)",0.0,0.0,0,0,0,0,0,0,Sedan,Sedan,0
20479913,4646918,07/11/2023,18:51,e25eb3ab-f0d6-415d-b17f-21a4192da791,Sedan,NISS -CAR/SUV,2019.0,1.0,F,Licensed,Going Straight Ahead,Left Side Doors,Left Side Doors,Left Rear Quarter Panel,Left Front Quarter Panel,No Damage,N,,Unspecified,Unspecified,BROOKLYN,11233.0,"    (40.676132, -73.921906)",0.0,0.0,0,0,0,0,0,0,Sedan,,0
20451475,4634052,06/01/2023,16:15,02070789-5994-464b-830c-bb2c01ccbff1,Station Wagon/Sport Utility Vehicle,FORD -CAR/SUV,2017.0,3.0,F,,Going Straight Ahead,Right Side Doors,Right Side Doors,Right Front Quarter Panel,,,N,,Unspecified,Unspecified,,,"    (40.75218, -73.85201)",0.0,0.0,0,0,0,0,0,0,Station Wagon/Sport Utility Vehicle,Pick-up Truck,0
20530341,4669311,10/07/2023,12:05,a8be4d21-e9c0-45b9-99ed-b702a498f601,Sedan,HOND -CAR/SUV,2004.0,2.0,M,Licensed,Parked,Right Side Doors,Right Side Doors,,,,N,,Passenger Distraction,Unspecified,BRONX,10458.0,"    (40.85903, -73.88692)",0.0,0.0,0,0,0,0,0,0,Station Wagon/Sport Utility Vehicle,Sedan,0
20557512,4682611,11/23/2023,01:22,60557bbd-2faa-4077-95b0-6fad518c6fb4,Sedan,TOYT -CAR/SUV,2015.0,0.0,M,Licensed,Parked,Left Rear Quarter Panel,Left Rear Quarter Panel,,,,N,,Unspecified,Unspecified,MANHATTAN,10030.0,"    (40.82119, -73.94009)",0.0,0.0,0,0,0,0,0,0,Sedan,Fdny fire,0
20454524,4635411,05/27/2023,22:00,6f9d4aa3-a04a-4304-b3c1-26bc39e6a135,Sedan,BMW -CAR/SUV,2018.0,2.0,M,Licensed,Going Straight Ahead,Left Front Bumper,Left Front Bumper,Left Front Quarter Panel,Center Front End,No Damage,N,,Following Too Closely,Driver Inattention/Distraction,,,"    (40.699375, -73.94711)",0.0,0.0,0,0,0,0,0,0,Sedan,Sedan,0
20545064,4676972,11/06/2023,12:18,1909910c-7bdd-448c-a81e-ff1024bd8a53,Concrete Mixer,VOLV -TRUCK/BUS,2011.0,1.0,M,Licensed,Going Straight Ahead,Center Front End,Center Front End,Left Front Bumper,Right Front Bumper,,N,,Unspecified,Unspecified,,,"    (40.682194, -74.00239)",2.0,0.0,0,0,0,0,2,0,Station Wagon/Sport Utility Vehicle,Concrete Mixer,1
20379991,4601670,01/29/2023,09:36,277c6767-80f7-44ca-9583-203ce8d51a63,Sedan,NISS -CAR/SUV,2019.0,2.0,F,Licensed,Starting from Parking,Left Front Quarter Panel,Center Front End,Left Front Bumper,Right Front Bumper,Left Front Quarter Panel,N,,Unspecified,Unspecified,BRONX,10456.0,"    (40.8291, -73.90554)",0.0,0.0,0,0,0,0,0,0,Sedan,,0
20539109,4674053,10/18/2023,09:10,61b42d4e-2afc-4e93-bbf2-c72a1c2658c5,Sedan,MAZD -CAR/SUV,2011.0,1.0,,,Going Straight Ahead,Right Front Quarter Panel,Right Front Quarter Panel,,,,N,,Passing or Lane Usage Improper,Unspecified,,,"    (40.66813, -73.93675)",0.0,0.0,0,0,0,0,0,0,Sedan,Sedan,0
20368882,4596430,01/07/2023,23:38,f3143b68-e2e3-4b5a-85bf-439724044b54,Sedan,BMW -CAR/SUV,2023.0,1.0,,,Going Straight Ahead,Right Front Bumper,Right Front Bumper,Right Front Bumper,Right Front Bumper,Right Front Bumper,N,,Alcohol Involvement,Alcohol Involvement,,,"    (40.761597, -73.9246)",1.0,0.0,0,0,0,0,1,0,Station Wagon/Sport Utility Vehicle,Sedan,1
20424109,4621845,04/19/2023,01:17,021cb80a-b945-4a7c-9490-65792b76f0ce,Motorscooter,JIAJ,2021.0,1.0,M,Unlicensed,Going Straight Ahead,Left Front Bumper,Left Front Bumper,No Damage,No Damage,No Damage,N,,Other Vehicular,Driver Inattention/Distraction,,,"    (40.82034, -73.940025)",1.0,0.0,0,0,0,0,1,0,Station Wagon/Sport Utility Vehicle,Motorscooter,1
20426041,4622459,04/21/2023,12:57,52e0a752-03db-4f55-b8b1-535125e5ab09,Motorcycle,Zhilong,2023.0,1.0,M,Unlicensed,Making U Turn,Left Front Bumper,Left Front Quarter Panel,Left Front Quarter Panel,,,N,,Driver Inattention/Distraction,Driver Inattention/Distraction,QUEENS,11101.0,"    (40.74359, -73.92717)",1.0,0.0,0,0,0,0,1,0,Sedan,Motorcycle,1
20576988,4691457,12/24/2023,19:49,e27ffedf-4f07-45ca-a54f-e1c35bb8d2bf,Station Wagon/Sport Utility Vehicle,MERZ -CAR/SUV,2010.0,2.0,M,Licensed,Going Straight Ahead,Center Front End,Center Front End,Right Front Bumper,Left Front Bumper,,N,,Following Too Closely,Unspecified,QUEENS,11416.0,"    (40.6828, -73.853065)",2.0,0.0,0,0,0,0,2,0,Station Wagon/Sport Utility Vehicle,Station Wagon/Sport Utility Vehicle,1
20507772,4659499,09/04/2023,22:12,2e4e7339-55ff-4c5e-a7ea-a75830dd735c,Sedan,BMW -CAR/SUV,2007.0,0.0,,,Parked,Center Back End,Center Back End,,,,N,,Unspecified,Unspecified,BROOKLYN,11212.0,"    (40.66467, -73.92547)",0.0,0.0,0,0,0,0,0,0,Ambulance,Sedan,0
20521794,4663855,09/13/2023,18:25,ae116953-9c8a-43e3-b7f8-8b65dec7c101,Sedan,HOND -CAR/SUV,2014.0,1.0,M,Licensed,Stopped in Traffic,Center Back End,Center Back End,Left Rear Quarter Panel,Left Side Doors,Left Front Bumper,N,,Unspecified,Unspecified,,,"    (40.678596, -73.882416)",3.0,0.0,1,0,0,0,2,0,Sedan,Sedan,1
20563719,4685186,12/06/2023,21:20,05f05d07-bc95-4186-831a-a8a48369d1e6,Station Wagon/Sport Utility Vehicle,HOND -CAR/SUV,2014.0,1.0,,,Going Straight Ahead,Right Front Bumper,Right Front Bumper,,,,N,,Unspecified,Unspecified,BRONX,10472.0,"    (40.825516, -73.873695)",0.0,0.0,0,0,0,0,0,0,Station Wagon/Sport Utility Vehicle,Sedan,0
20445425,4631534,05/06/2023,22:22,f885b0bf-1fe2-4d34-9602-55d504e972e2,Sedan,MAZD -CAR/SUV,2020.0,3.0,F,Licensed,Going Straight Ahead,Center Back End,Right Rear Bumper,,,,N,,Unspecified,Unspecified,,,"    (40.88867, -73.89092)",0.0,0.0,0,0,0,0,0,0,Sedan,Station Wagon/Sport Utility Vehicle,0
20512600,4661633,09/10/2023,12:26,3187c75d-fe74-4510-9e38-5f99cb272fd2,Station Wagon/Sport Utility Vehicle,HOND -CAR/SUV,2023.0,2.0,M,Licensed,Going Straight Ahead,Roof,Left Front Bumper,Center Front End,Right Front Bumper,,N,,Obstruction/Debris,Unspecified,,,"    (40.70904, -73.84146)",1.0,0.0,0,0,0,0,1,0,Station Wagon/Sport Utility Vehicle,Station Wagon/Sport Utility Vehicle,1
20481507,4647759,07/22/2023,05:53,2505c023-3c46-454b-86ee-9b1260c344ca,Station Wagon/Sport Utility Vehicle,HOND -CAR/SUV,2023.0,2.0,M,Licensed,Passing,Left Front Bumper,Left Front Quarter Panel,Left Side Doors,Left Rear Quarter Panel,Left Rear Bumper,N,,Reaction to Uninvolved Vehicle,Unspecified,,,"    (40.67973, -73.9374)",1.0,0.0,0,0,0,0,1,0,Station Wagon/Sport Utility Vehicle,Station Wagon/Sport Utility Vehicle,1
20570702,4688606,12/17/2023,04:30,fd2e4f5d-682c-4d72-87eb-c8aafe895c2e,Sedan,BMW -CAR/SUV,2004.0,0.0,,,Parked,Left Rear Quarter Panel,Left Rear Quarter Panel,Left Rear Bumper,Right Rear Quarter Panel,Right Rear Bumper,N,,Unspecified,Unspecified,QUEENS,11370.0,"    (40.76024, -73.8957)",0.0,0.0,0,0,0,0,0,0,Sedan,Sedan,0
20518442,4664484,09/22/2023,13:00,364dac28-d1a9-4856-8829-543818c0d7d7,Sedan,TOYT -CAR/SUV,2022.0,0.0,,,Parked,Left Rear Bumper,Left Rear Bumper,Left Rear Quarter Panel,Center Back End,,N,,Unspecified,Unspecified,QUEENS,11358.0,"    (40.763428, -73.78662)",2.0,0.0,0,0,0,0,2,0,Station Wagon/Sport Utility Vehicle,Sedan,1
20505875,4658667,08/31/2023,20:18,22224525-0fef-4650-b891-e8caa591a846,Sedan,VOLK -CAR/SUV,2023.0,1.0,M,Licensed,Going Straight Ahead,Left Side Doors,Left Side Doors,Left Front Quarter Panel,Left Rear Quarter Panel,,N,,Unspecified,Unspecified,,,"    (40.822643, -73.88606)",0.0,0.0,0,0,0,0,0,0,Sedan,Station Wagon/Sport Utility Vehicle,0
20427754,4623535,04/20/2023,12:02,e3e956f4-adcd-41fa-9d3c-3a98b4467c40,Sedan,HOND -CAR/SUV,2012.0,1.0,M,Licensed,Stopped in Traffic,Center Back End,Center Back End,No Damage,No Damage,,N,,Unspecified,Unspecified,BROOKLYN,11217.0,"    (40.680267, -73.9747)",0.0,0.0,0,0,0,0,0,0,Sedan,Station Wagon/Sport Utility Vehicle,0
20537032,4672978,10/23/2023,08:55,44331b0b-89f1-4332-b199-8d10046cb346,Box Truck,FRHT-TRUCK/BUS,2008.0,1.0,M,Licensed,Merging,Right Rear Quarter Panel,Right Rear Quarter Panel,,,,N,,Unspecified,Unspecified,BROOKLYN,11218.0,"    (40.643066, -73.99067)",0.0,0.0,0,0,0,0,0,0,Box Truck,Station Wagon/Sport Utility Vehicle,0
20413972,4617099,03/30/2023,22:28,1eeb2e19-2d02-45e6-8ec1-b2ec03a80f39,Sedan,NISS -CAR/SUV,2019.0,1.0,M,Licensed,Going Straight Ahead,Center Back End,Center Back End,Undercarriage,Left Rear Bumper,Right Rear Bumper,N,,Unspecified,Unspecified,BROOKLYN,11236.0,"    (40.641727, -73.907646)",1.0,0.0,0,0,0,0,1,0,Sedan,Station Wagon/Sport Utility Vehicle,1
20524671,4667243,09/27/2023,23:20,9686f479-26de-4215-80c5-355345194191,Station Wagon/Sport Utility Vehicle,TOYT -CAR/SUV,2019.0,0.0,,,Parked,Right Rear Quarter Panel,Right Rear Bumper,,,,N,,Unspecified,Unspecified,QUEENS,11237.0,"    (40.701923, -73.91217)",0.0,0.0,0,0,0,0,0,0,Station Wagon/Sport Utility Vehicle,Station Wagon/Sport Utility Vehicle,0
20387310,4605008,02/12/2023,15:30,a102fcc9-23da-4192-9d77-356c70438acc,Sedan,TOYT -CAR/SUV,2022.0,1.0,M,Licensed,Making Right Turn,Right Front Quarter Panel,Right Front Quarter Panel,,,,N,,Failure to Yield Right-of-Way,Failure to Yield Right-of-Way,,,"    (40.752136, -73.92564)",1.0,0.0,0,0,1,0,0,0,Sedan,E-Bike,1
20483884,4648608,07/25/2023,13:55,1e74af17-a4dd-45a1-a1ed-1c57c79dd056,TRUCK,EAST,2023.0,1.0,M,Licensed,Going Straight Ahead,Right Front Bumper,Right Front Bumper,,,,N,,Unspecified,Unspecified,QUEENS,11429.0,"    (40.71226, -73.7318)",1.0,0.0,0,0,0,0,1,0,Sedan,TRUCK,1
20442552,4629882,05/13/2023,23:29,e2d6ef3b-c429-4016-b58c-db0af755396d,Sedan,HOND -CAR/SUV,2022.0,2.0,M,Unlicensed,Going Straight Ahead,Center Front End,Center Front End,Left Front Bumper,Right Front Bumper,Left Front Quarter Panel,N,,Driver Inexperience,Driver Inattention/Distraction,BRONX,10461.0,"    (40.843105, -73.82643)",0.0,0.0,0,0,0,0,0,0,Sedan,Pick-up Truck,0
20426142,4622906,04/23/2023,20:40,468b2cfd-296b-4c74-9d4e-623d2735b86a,Sedan,VOLK -CAR/SUV,2010.0,1.0,F,Licensed,Going Straight Ahead,Center Back End,Left Side Doors,Left Front Quarter Panel,Left Side Doors,No Damage,N,,Unspecified,Unspecified,,,"    (40.79653, -73.97597)",0.0,0.0,0,0,0,0,0,0,Station Wagon/Sport Utility Vehicle,Sedan,0
20471475,4641849,06/29/2023,22:58,d2f0296e-5e9c-4407-a27d-ab0390febad9,Sedan,HYUN -CAR/SUV,2020.0,1.0,M,Licensed,Making Left Turn,Right Rear Bumper,Center Back End,Left Rear Bumper,Left Front Quarter Panel,Left Front Bumper,N,,Unspecified,Unspecified,STATEN ISLAND,10310.0,"    (40.641624, -74.108)",1.0,0.0,0,0,0,0,1,0,Sedan,Sedan,1
20524315,4667180,10/01/2023,21:10,ab8e48f7-c050-4e7a-88d8-3d98d08952ff,Sedan,HYUN -CAR/SUV,,2.0,F,,Parked,Left Front Quarter Panel,Left Front Quarter Panel,Left Front Quarter Panel,Left Front Quarter Panel,Left Front Quarter Panel,N,,Other Vehicular,Other Vehicular,BRONX,10460.0,"    (40.849075, -73.88289)",0.0,0.0,0,0,0,0,0,0,Station Wagon/Sport Utility Vehicle,Sedan,0
20493005,4652936,08/10/2023,09:12,1d3200d9-0d5e-49bf-a3d9-ccba269399b3,Garbage or Refuse,KW-TRUCK/BUS,2018.0,1.0,M,Licensed,Going Straight Ahead,Center Front End,Center Front End,No Damage,No Damage,No Damage,Unspecified,,Failure to Yield Right-of-Way,Driver Inattention/Distraction,BROOKLYN,11238.0,"    (40.68206, -73.9676)",0.0,0.0,0,0,0,0,0,0,LIMO,Garbage or Refuse,0
20547159,4676057,11/03/2023,08:27,79769891-d1e7-4046-811d-618cb9d4fff9,Sedan,TOYT -CAR/SUV,2017.0,1.0,F,Licensed,Parked,Other,Other,,,,N,,Unspecified,Unspecified,BROOKLYN,11233.0,"    (40.68561, -73.92326)",0.0,0.0,0,0,0,0,0,0,Sedan,Sedan,0
20479741,4646930,07/18/2023,13:20,6ae93de3-46ce-45f4-ad7e-73a231dd9a41,Sedan,HOND -CAR/SUV,2019.0,1.0,M,Licensed,Going Straight Ahead,Left Front Bumper,Left Front Bumper,No Damage,No Damage,No Damage,Unspecified,,Driver Inattention/Distraction,Unspecified,,,"    (40.693413, -73.940125)",1.0,0.0,0,0,0,0,0,0,Sedan,E-Scooter,1
20382567,4602775,02/01/2023,19:35,a57a3ea9-a74d-4138-924b-b38457682ec8,Tractor Truck Diesel,VOLV -TRUCK/BUS,2016.0,2.0,M,Licensed,Changing Lanes,Right Front Bumper,No Damage,No Damage,No Damage,No Damage,N,,Reaction to Uninvolved Vehicle,Unsafe Lane Changing,,,"    (40.831017, -73.85226)",0.0,0.0,0,0,0,0,0,0,Tractor Truck Diesel,Station Wagon/Sport Utility Vehicle,0
20480298,4647043,07/12/2023,20:24,64536b27-af2a-4d01-83fe-a8e5a4435805,Sedan,NISS -CAR/SUV,2014.0,1.0,F,Licensed,Going Straight Ahead,Left Front Bumper,Left Front Bumper,Center Front End,,,N,,Unspecified,Unspecified,,,"    (40.663605, -73.934395)",1.0,0.0,0,0,0,0,1,0,Sedan,Sedan,1
20367800,4596067,01/02/2023,01:00,d792ac33-b0dc-4993-aed9-fc1e8749c456,Station Wagon/Sport Utility Vehicle,TOYT -CAR/SUV,2014.0,1.0,M,Licensed,Going Straight Ahead,Center Front End,Center Front End,Left Front Bumper,Right Front Bumper,,N,,Outside Car Distraction,Obstruction/Debris,BROOKLYN,11203.0,"    (40.651733, -73.93039)",2.0,0.0,0,0,0,0,2,0,Station Wagon/Sport Utility Vehicle,Sedan,1
20389430,4606069,01/18/2023,21:00,bda3f05e-1488-4e11-b403-c9fb3426d523,Sedan,FORD -CAR/SUV,2017.0,2.0,F,Licensed,Making Right Turn,Right Front Bumper,Right Front Bumper,No Damage,No Damage,No Damage,N,,Unspecified,Unspecified,,,"    (40.753925, -73.99761)",0.0,0.0,0,0,0,0,0,0,Station Wagon/Sport Utility Vehicle,Sedan,0
20380395,4601850,01/27/2023,18:50,c9807778-ea61-4d43-8791-850ad4aff5b2,Sedan,NISS -CAR/SUV,2020.0,1.0,,,Going Straight Ahead,Center Front End,Center Front End,,,,Unspecified,,Driver Inattention/Distraction,Following Too Closely,,,"    (40.728287, -73.72342)",0.0,0.0,0,0,0,0,0,0,Station Wagon/Sport Utility Vehicle,Sedan,0
20481671,4647990,07/22/2023,00:40,c6346b65-fc0b-4812-952d-534f5ddd9625,Station Wagon/Sport Utility Vehicle,CHEV -CAR/SUV,2020.0,3.0,F,Licensed,Going Straight Ahead,Right Front Bumper,Right Front Quarter Panel,,,,N,,Passing or Lane Usage Improper,Unsafe Speed,BRONX,10462.0,"    (40.845695, -73.86629)",0.0,0.0,0,0,0,0,0,0,Sedan,Station Wagon/Sport Utility Vehicle,0
20410752,4615441,03/22/2023,16:46,43decca5-01d5-4a5d-a9df-6028bb81f207,Station Wagon/Sport Utility Vehicle,JEEP -CAR/SUV,2019.0,1.0,M,Licensed,Going Straight Ahead,Left Front Bumper,Left Front Quarter Panel,Left Front Quarter Panel,,,N,,Passing Too Closely,Unspecified,,,"    (40.82325, -73.88277)",0.0,0.0,0,0,0,0,0,0,Bus,Station Wagon/Sport Utility Vehicle,0
20491056,4651758,08/04/2023,08:45,ec5e25df-ea83-4881-809a-784dffa0d50a,Sedan,MERZ -CAR/SUV,2023.0,0.0,,,Parked,Center Back End,Center Back End,Right Rear Bumper,Left Rear Bumper,Center Front End,N,,Unspecified,Unspecified,BROOKLYN,11208.0,"    (40.682312, -73.87178)",0.0,0.0,0,0,0,0,0,0,Sedan,Station Wagon/Sport Utility Vehicle,0
20480780,4647393,07/21/2023,13:20,a949f61e-ae19-4ed6-bfba-3dfd4683a505,Pick-up Truck,CHEV -CAR/SUV,2019.0,1.0,M,Licensed,Going Straight Ahead,Left Front Bumper,No Damage,No Damage,No Damage,No Damage,N,,Following Too Closely,Following Too Closely,MANHATTAN,10019.0,"    (40.759842, -73.984184)",0.0,0.0,0,0,0,0,0,0,Station Wagon/Sport Utility Vehicle,Pick-up Truck,0
20552318,4680052,11/18/2023,04:13,077dc820-aec7-4a2f-b60b-5bb5a2e94125,Sedan,TOYT -CAR/SUV,2017.0,1.0,M,Licensed,Going Straight Ahead,Center Back End,Center Back End,Right Rear Bumper,Left Rear Bumper,Right Rear Quarter Panel,Unspecified,,Unspecified,Unspecified,BROOKLYN,11221.0,"    (40.69116, -73.93369)",0.0,0.0,0,0,0,0,0,0,Sedan,,0
20471977,4643127,06/20/2023,11:59,8945c44a-618a-4ed7-9bb9-17ec96dc751e,Box Truck,HINO -TRUCK/BUS,2006.0,1.0,M,Licensed,Going Straight Ahead,Center Front End,Center Front End,,,,N,,Driver Inattention/Distraction,Following Too Closely,,,"    (40.69993, -73.96188)",0.0,0.0,0,0,0,0,0,0,Station Wagon/Sport Utility Vehicle,Box Truck,0
20462532,4638991,06/17/2023,13:45,65b9f490-2622-4245-9907-b642b2dea8fc,Station Wagon/Sport Utility Vehicle,AUDI -CAR/SUV,2016.0,1.0,M,,Going Straight Ahead,Left Front Bumper,Right Front Bumper,Center Front End,Left Front Bumper,Right Front Quarter Panel,N,,Failure to Yield Right-of-Way,Unspecified,STATEN ISLAND,10306.0,"    (40.570816, -74.092705)",0.0,0.0,0,0,0,0,0,0,Sedan,Station Wagon/Sport Utility Vehicle,0
20394904,4608306,02/22/2023,20:12,d5b9454e-a09c-4248-bb11-f59ba7f13e12,Sedan,TOYT -CAR/SUV,1994.0,1.0,M,Licensed,Going Straight Ahead,Left Front Bumper,Left Front Bumper,No Damage,No Damage,No Damage,Unspecified,,Driver Inattention/Distraction,Unspecified,BROOKLYN,11233.0,"    (40.669476, -73.919975)",0.0,0.0,0,0,0,0,0,0,Sedan,Sedan,0
20536176,4672678,10/22/2023,14:26,c2775249-b6b4-4282-b599-9417f3071cf6,Sedan,HOND -CAR/SUV,2012.0,0.0,M,Licensed,Going Straight Ahead,Left Front Bumper,Left Front Bumper,Center Front End,,,N,,Traffic Control Disregarded,Unspecified,BROOKLYN,11210.0,"    (40.622307, -73.94312)",1.0,0.0,0,0,0,0,1,0,Sedan,Station Wagon/Sport Utility Vehicle,1
20396809,4609338,02/28/2023,20:21,0e01f05a-47c8-48fc-a128-d461402b4eb0,Sedan,TOYT -CAR/SUV,2015.0,1.0,M,Licensed,Going Straight Ahead,Center Back End,Center Back End,,,,N,,Unspecified,Unspecified,,,"    (40.693798, -73.81156)",0.0,0.0,0,0,0,0,0,0,Sedan,Sedan,0
20422331,4620997,04/12/2023,21:30,ed01bf33-fb72-445b-923e-a13df8493091,Sedan,HOND -CAR/SUV,2020.0,0.0,,,Parked,Right Side Doors,Right Side Doors,No Damage,No Damage,No Damage,N,,Unspecified,Unspecified,MANHATTAN,10028.0,"    (40.77788, -73.9539)",0.0,0.0,0,0,0,0,0,0,Sedan,Sedan,0
20466670,4640602,06/25/2023,12:34,97df4594-780c-44c3-acf4-9763c43ac569,Sedan,VOLK -CAR/SUV,2020.0,4.0,M,Licensed,Going Straight Ahead,Left Front Quarter Panel,Left Front Quarter Panel,,,,N,,Passing Too Closely,Unspecified,,,,0.0,0.0,0,0,0,0,0,0,Sedan,Sedan,0
20545426,4676825,10/28/2023,04:40,c869329b-ad36-4304-b3a8-87b612cd9200,Sedan,BMW -CAR/SUV,2016.0,1.0,M,Licensed,Making Left Turn,Left Front Bumper,Center Front End,Right Front Bumper,Right Front Bumper,Center Front End,N,,Unspecified,Unspecified,,,"    (40.59181, -74.16014)",0.0,0.0,0,0,0,0,0,0,Sedan,Sedan,0
20507025,4659023,09/02/2023,08:14,e612547f-cd59-4a0d-8bcf-2c815a3a9e5d,Station Wagon/Sport Utility Vehicle,RAMPROMASTER,2022.0,1.0,M,Licensed,Going Straight Ahead,Right Front Bumper,Right Front Bumper,,,,N,,Unspecified,Unspecified,,,"    (40.6952, -73.92844)",0.0,0.0,0,0,0,0,0,0,Sedan,Station Wagon/Sport Utility Vehicle,0
20483141,4648483,07/22/2023,21:18,e2e8a0e3-f3ba-46a1-bfa6-a2f524ef409b,Sedan,JEEP -CAR/SUV,2018.0,2.0,F,Licensed,Making Left Turn,Right Front Bumper,Right Front Bumper,Center Front End,Center Front End,Center Front End,N,,Unspecified,Unspecified,QUEENS,11694.0,"    (40.58172, -73.83937)",2.0,0.0,0,0,0,0,2,0,Sedan,Sedan,1
20515262,4663140,09/17/2023,17:33,254fc37b-8b2f-4084-8a69-63b652c827ab,Station Wagon/Sport Utility Vehicle,LINC -CAR/SUV,2004.0,1.0,F,Licensed,Starting from Parking,Left Front Bumper,Left Front Bumper,Center Front End,Left Front Quarter Panel,Left Front Bumper,N,,Driver Inattention/Distraction,Failure to Yield Right-of-Way,BRONX,10462.0,"    (40.845394, -73.858734)",0.0,0.0,0,0,0,0,0,0,Station Wagon/Sport Utility Vehicle,Station Wagon/Sport Utility Vehicle,0
20576415,4691169,12/30/2023,06:38,8773556e-3c20-477b-9443-e5d736921774,Sedan,TOYT -CAR/SUV,2012.0,0.0,,,Parked,Center Front End,Left Rear Bumper,Left Rear Quarter Panel,Left Side Doors,Left Front Quarter Panel,N,,Unspecified,Unspecified,BROOKLYN,11228.0,"    (40.622574, -74.01583)",0.0,0.0,0,0,0,0,0,0,Sedan,Sedan,0
20461842,4638731,06/16/2023,12:15,506e9ed5-ebc4-457f-bec0-a657988b07da,Station Wagon/Sport Utility Vehicle,MERZ -CAR/SUV,2017.0,1.0,F,Licensed,Slowing or Stopping,Center Back End,Center Back End,,,,N,,Unspecified,Unspecified,QUEENS,11434.0,"    (40.680294, -73.76282)",1.0,0.0,0,0,0,0,1,0,Sedan,Sedan,1
20492232,4652425,08/08/2023,09:35,13ac316d-371d-4d08-a6f4-13ad7f60f00f,Sedan,MERZ -CAR/SUV,2017.0,0.0,,,Parked,Left Front Bumper,Left Side Doors,,,,N,,Unspecified,Unspecified,QUEENS,11360.0,"    (40.779907, -73.77534)",0.0,0.0,0,0,0,0,0,0,Sedan,Sedan,0
20369226,4596789,01/09/2023,11:38,b585f210-ddcd-4263-a499-8d23fe181d7c,Station Wagon/Sport Utility Vehicle,INFI -CAR/SUV,,1.0,,,Backing,Center Back End,,,,,N,,Backing Unsafely,Driver Inattention/Distraction,,,,0.0,0.0,0,0,0,0,0,0,Station Wagon/Sport Utility Vehicle,Station Wagon/Sport Utility Vehicle,0
20517677,4664084,09/20/2023,19:42,b51a8a6c-a463-4cae-8997-983e976c23d3,Station Wagon/Sport Utility Vehicle,TESL -CAR/SUV,2023.0,2.0,M,Licensed,Stopped in Traffic,Right Side Doors,Right Side Doors,No Damage,No Damage,No Damage,N,,Passenger Distraction,Unspecified,BROOKLYN,11238.0,"    (40.6826, -73.96468)",1.0,0.0,0,0,1,0,0,0,Station Wagon/Sport Utility Vehicle,Bike,1
20410513,4615665,03/24/2023,13:15,f518eb54-9fc9-4e19-a414-6cf7d3d0e0b5,Station Wagon/Sport Utility Vehicle,JEEP -CAR/SUV,2004.0,,,,Backing,Right Rear Bumper,,,,,Unspecified,,Backing Unsafely,,BROOKLYN,11216.0,"    (40.672253, -73.950294)",0.0,0.0,0,0,0,0,0,0,Sedan,Station Wagon/Sport Utility Vehicle,0