UNIQUE_ID,COLLISION_ID,CRASH_DATE,CRASH_TIME,VEHICLE_ID,VEHICLE_TYPE,VEHICLE_MAKE,VEHICLE_YEAR,VEHICLE_OCCUPANTS,DRIVER_SEX,DRIVER_LICENSE_STATUS,PRE_CRASH,POINT_OF_IMPACT,VEHICLE_DAMAGE,VEHICLE_DAMAGE_1,VEHICLE_DAMAGE_2,VEHICLE_DAMAGE_3,PUBLIC_PROPERTY_DAMAGE,PUBLIC_PROPERTY_DAMAGE_TYPE,CONTRIBUTING_FACTOR_1,CONTRIBUTING_FACTOR_2,BOROUGH,ZIP CODE,LOCATION,NUMBER OF PERSONS INJURED,NUMBER OF PERSONS KILLED,NUMBER OF PEDESTRIANS INJURED,NUMBER OF PEDESTRIANS KILLED,NUMBER OF CYCLIST INJURED,NUMBER OF CYCLIST KILLED,NUMBER OF MOTORIST INJURED,NUMBER OF MOTORIST KILLED,VEHICLE TYPE CODE 1,VEHICLE TYPE CODE 2,Severity
20367631,4596008,01/07/2023,20:30,797e6fc9-b8bd-4212-9f34-bcbcfcd509c8,Sedan,HOND -CAR/SUV,2012.0,1.0,F,Licensed,Going Straight Ahead,Left Rear Bumper,Left Rear Bumper,Left Rear Quarter Panel,Center Back End,,N,,Unspecified,Unspecified,,,"    (40.74121, -73.84277)",0.0,0.0,0,0,0,0,0,0,Sedan,Sedan,0
20533817,4671498,10/18/2023,07:30,17b1c8e5-c8bd-4f46-b408-554d3730bbc3,Bus,Icbus,2022.0,1.0,M,Licensed,Going Straight Ahead,Right Rear Quarter Panel,No Damage,No Damage,No Damage,No Damage,N,,Unspecified,Unspecified,BROOKLYN,11218.0,,0.0,0.0,0,0,0,0,0,0,Bus,Bus,0
20562991,4684884,12/04/2023,16:15,3c8aec9b-ff29-4e66-b13b-364f4dd8bddf,Station Wagon/Sport Utility Vehicle,TOYT -CAR/SUV,2019.0,2.0,M,Licensed,Going Straight Ahead,Right Side Doors,Right Side Doors,Right Rear Quarter Panel,Right Rear Bumper,,N,,Unspecified,Unspecified,QUEENS,11416.0,"    (40.682808, -73.851135)",1.0,0.0,0,0,0,0,1,0,Station Wagon/Sport Utility Vehicle,Sedan,1
20472075,4643394,07/04/2023,09:40,bcd1d66c-1453-4a86-88c8-046a5581e829,Bus,NO/BU,2012.0,1.0,M,Licensed,Going Straight Ahead,Right Front Bumper,Right Front Bumper,No Damage,No Damage,No Damage,N,,Driver Inattention/Distraction,Unspecified,MANHATTAN,10027.0,"    (40.80777, -73.94549)",1.0,0.0,0,0,0,0,1,0,Bus,Station Wagon/Sport Utility Vehicle,1
20371768,4598078,01/14/2023,02:21,aa265325-6e52-494d-bda4-d00deec1aea4,Station Wagon/Sport Utility Vehicle,MERZ -CAR/SUV,2022.0,2.0,M,Licensed,Going Straight Ahead,Right Front Bumper,Right Front Bumper,Right Front Quarter Panel,,,N,,Passing or Lane Usage Improper,Unspecified,,,"    (40.72545, -73.837776)",1.0,0.0,0,0,0,0,1,0,Station Wagon/Sport Utility Vehicle,Sedan,1
20438470,4628079,05/11/2023,18:40,ee87a561-a32c-4a4c-8602-4d17c014750c,Station Wagon/Sport Utility Vehicle,FORD -CAR/SUV,2016.0,2.0,M,Licensed,Going Straight Ahead,Right Front Quarter Panel,Right Front Quarter Panel,,,,N,,Unspecified,Unspecified,BRONX,10456.0,"    (40.834187, -73.909584)",0.0,0.0,0,0,0,0,0,0,Sedan,Sedan,0
20406386,4613671,03/18/2023,17:17,6399de83-8094-45a3-8815-d70a52e166cd,Sedan,HOND -CAR/SUV,2019.0,1.0,M,Licensed,Going Straight Ahead,Center Back End,Center Back End,No Damage,No Damage,No Damage,N,,Other Vehicular,Unspecified,,,,1.0,0.0,0,0,0,0,1,0,Sedan,Sedan,1
20485094,4649073,07/25/2023,08:30,82af4424-b13f-48cb-af70-a32c28163c91,Sedan,KIA -CAR/SUV,2023.0,1.0,F,Licensed,Going Straight Ahead,Right Rear Bumper,No Damage,Center Back End,No Damage,No Damage,N,,Unspecified,Unspecified,STATEN ISLAND,10312.0,"    (40.560474, -74.16689)",1.0,0.0,0,0,0,0,1,0,Sedan,Sedan,1
20476770,4645631,07/13/2023,18:19,2dad4ff4-fc1f-48fd-aa14-89c995d4f552,Station Wagon/Sport Utility Vehicle,JEEP -CAR/SUV,2021.0,1.0,F,Licensed,Going Straight Ahead,Left Front Bumper,Left Front Bumper,,,,N,,Driver Inattention/Distraction,Unspecified,BROOKLYN,11238.0,"    (40.674862, -73.96008)",1.0,0.0,0,0,0,0,1,0,Sedan,Station Wagon/Sport Utility Vehicle,1
20564509,4685612,12/02/2023,14:30,09d5d0ed-67a4-4f3d-8de0-5fb2b82bf629,Station Wagon/Sport Utility Vehicle,GMC -CAR/SUV,2025.0,1.0,M,,Going Straight Ahead,Right Front Bumper,Right Front Bumper,Right Front Quarter Panel,Right Side Doors,Right Rear Quarter Panel,N,,Fell Asleep,Driver Inattention/Distraction,,,"    (40.620598, -74.14183)",1.0,0.0,0,0,0,0,1,0,Station Wagon/Sport Utility Vehicle,Sedan,1
20379494,4601547,01/26/2023,15:16,a4aa37a0-235a-4253-9e26-ec2df6dd4fd2,Taxi,TOYT -CAR/SUV,2019.0,1.0,M,Licensed,Going Straight Ahead,Right Front Bumper,Right Front Bumper,,,,N,,Unspecified,Unspecified,MANHATTAN,10128.0,"    (40.785866, -73.950935)",0.0,0.0,0,0,0,0,0,0,Taxi,Station Wagon/Sport Utility Vehicle,0
20471566,4643074,07/05/2023,17:31,1d744103-d0fe-4764-9546-3528b0c0ec7e,Sedan,VOLV -CAR/SUV,2002.0,1.0,M,Licensed,Going Straight Ahead,Center Front End,Center Front End,Left Front Bumper,Right Front Bumper,,N,,Unspecified,Unspecified,BROOKLYN,11226.0,"    (40.63836, -73.96098)",2.0,0.0,0,0,0,0,2,0,Sedan,Sedan,1
20527982,4668685,10/07/2023,15:30,4eecda5d-9add-4ed5-b4c8-5dfd1cd2714a,Sedan,INFI -CAR/SUV,2018.0,1.0,M,Licensed,Making Left Turn,Right Rear Quarter Panel,Right Rear Quarter Panel,Right Rear Bumper,,,N,,Turning Improperly,Driver Inattention/Distraction,BRONX,10470.0,"    (40.9046, -73.852936)",3.0,0.0,0,0,0,0,3,0,Station Wagon/Sport Utility Vehicle,Sedan,1
20504759,4658235,08/27/2023,20:30,1b3b5f60-2e76-4ac8-8339-44211d99bc2f,Station Wagon/Sport Utility Vehicle,BMW -CAR/SUV,2011.0,0.0,,,Parked,Left Side Doors,Left Rear Quarter Panel,Left Side Doors,Left Front Quarter Panel,,Unspecified,,Unspecified,Unspecified,,,"    (40.895447, -73.88002)",0.0,0.0,0,0,0,0,0,0,Station Wagon/Sport Utility Vehicle,,0
20487833,4650529,07/31/2023,00:00,dd326929-809f-4ed2-8df7-ee0190a5867c,Station Wagon/Sport Utility Vehicle,JEEP -CAR/SUV,2005.0,1.0,,,Backing,Center Back End,Center Back End,Center Back End,Center Back End,Center Back End,N,,Backing Unsafely,Backing Unsafely,STATEN ISLAND,10310.0,"    (40.63806, -74.11766)",1.0,0.0,0,0,0,0,1,0,Station Wagon/Sport Utility Vehicle,Station Wagon/Sport Utility Vehicle,1
20524568,4664410,09/20/2023,20:19,e581c5cc-0702-43cb-9947-16bd97ca2999,Station Wagon/Sport Utility Vehicle,FORD -CAR/SUV,2017.0,3.0,M,Licensed,Going Straight Ahead,Center Front End,Center Front End,Right Front Bumper,Left Front Bumper,No Damage,N,,Unspecified,Unspecified,BRONX,10459.0,,6.0,0.0,0,0,0,0,6,0,Station Wagon/Sport Utility Vehicle,Station Wagon/Sport Utility Vehicle,1
20446608,4631818,05/24/2023,21:30,b1f03442-91f3-4eac-a33c-b2732f137db8,Station Wagon/Sport Utility Vehicle,MAZD -CAR/SUV,2021.0,1.0,F,Licensed,Going Straight Ahead,Center Back End,Center Back End,No Damage,No Damage,No Damage,N,,Unspecified,Unspecified,QUEENS,11101.0,"    (40.748913, -73.9374)",1.0,0.0,0,0,0,0,1,0,Station Wagon/Sport Utility Vehicle,Sedan,1
20402833,4612075,03/11/2023,22:15,81210645-04d3-4d4e-ba2c-204f644644a6,Sedan,NISS -CAR/SUV,2013.0,4.0,M,Licensed,Going Straight Ahead,Center Front End,Overturned,Overturned,Overturned,Overturned,Y,,Driver Inattention/Distraction,Driver Inexperience,,,"    (40.58375, -73.92345)",0.0,0.0,0,0,0,0,0,0,Sedan,,0
20543752,4676048,11/01/2023,22:11,81ca1c1f-ec50-443a-ad4a-74ee19a954f6,Station Wagon/Sport Utility Vehicle,PONT -CAR/SUV,2006.0,1.0,M,Licensed,Making Left Turn,Right Front Bumper,Center Front End,Center Front End,Left Front Bumper,Center Front End,Unspecified,,Driver Inattention/Distraction,Unspecified,BRONX,10473.0,"    (40.82101, -73.86575)",0.0,0.0,0,0,0,0,0,0,Station Wagon/Sport Utility Vehicle,Station Wagon/Sport Utility Vehicle,0
20576652,4691385,12/25/2023,11:30,e6856af6-a021-456e-80dd-fc9fd40fd15d,Station Wagon/Sport Utility Vehicle,SUBA -CAR/SUV,2019.0,0.0,,,Parked,Left Rear Quarter Panel,Left Rear Quarter Panel,Left Side Doors,Left Front Quarter Panel,No Damage,N,,Unspecified,Unspecified,MANHATTAN,10069.0,"    (40.777843, -73.98775)",0.0,0.0,0,0,0,0,0,0,Station Wagon/Sport Utility Vehicle,Station Wagon/Sport Utility Vehicle,0
20546900,4677387,11/06/2023,16:10,47be6688-0c1f-429a-a65b-46537578f37a,Station Wagon/Sport Utility Vehicle,BMW -CAR/SUV,2016.0,1.0,M,Licensed,Making Left Turn,Center Front End,Center Front End,Left Front Bumper,Right Front Bumper,No Damage,N,,Following Too Closely,Driver Inexperience,STATEN ISLAND,10308.0,"    (40.560776, -74.16273)",1.0,0.0,0,0,0,0,1,0,Station Wagon/Sport Utility Vehicle,Station Wagon/Sport Utility Vehicle,1
20383854,4603523,02/03/2023,12:51,81ea0e69-180e-4b60-a9ca-2d3c7612921a,Sedan,TOYT -CAR/SUV,,,,,Making Right Turn,No Damage,No Damage,No Damage,No Damage,No Damage,N,,Driver Inattention/Distraction,Driver Inexperience,BROOKLYN,11210.0,"    (40.631706, -73.94649)",1.0,0.0,1,0,0,0,0,0,Sedan,,1
20441916,4629637,05/14/2023,14:04,71319b86-e4fb-4752-a72d-f70919c521d0,Station Wagon/Sport Utility Vehicle,LEXS -CAR/SUV,2014.0,1.0,F,Permit,Making Left Turn,Center Back End,Left Rear Bumper,No Damage,No Damage,No Damage,N,,Unspecified,Unspecified,MANHATTAN,10022.0,"    (40.764214, -73.97096)",0.0,0.0,0,0,0,0,0,0,Station Wagon/Sport Utility Vehicle,Station Wagon/Sport Utility Vehicle,0
20509821,4660603,09/08/2023,01:10,f668e243-65f5-49ea-8d58-c4dee758677f,Pick-up Truck,NISS -CAR/SUV,2021.0,1.0,M,Licensed,Parked,Left Rear Quarter Panel,Left Rear Quarter Panel,,,,N,,Unspecified,Unspecified,MANHATTAN,10002.0,"    (40.72098, -73.98696)",0.0,0.0,0,0,0,0,0,0,Pick-up Truck,,0
20491351,4652036,07/31/2023,18:57,12e6436c-418b-4ffd-8b50-c24d236e53c1,Taxi,TOYT -CAR/SUV,2021.0,1.0,M,Licensed,Going Straight Ahead,Left Front Bumper,Left Front Bumper,No Damage,No Damage,No Damage,N,,Unspecified,Unspecified,BROOKLYN,11212.0,"    (40.661118, -73.91861)",3.0,0.0,0,0,0,0,3,0,Taxi,Sedan,1
20499736,4655974,08/20/2023,20:35,c098829c-b5bb-4bdb-85c4-3863e006cf84,Station Wagon/Sport Utility Vehicle,JEEP -CAR/SUV,2023.0,1.0,F,Licensed,Going Straight Ahead,Center Front End,Center Front End,Left Front Bumper,Right Front Bumper,,Unspecified,,Reaction to Uninvolved Vehicle,Unspecified,,,,0.0,0.0,0,0,0,0,0,0,Station Wagon/Sport Utility Vehicle,Station Wagon/Sport Utility Vehicle,0
20422058,4620830,04/06/2023,11:40,f07a0fc8-f930-4c46-a78f-3f25b6aa519e,E-Bike,JIATSU,2020.0,1.0,M,,Going Straight Ahead,Center Front End,Center Front End,Other,Other,Other,N,,Traffic Control Disregarded,Driver Inattention/Distraction,BROOKLYN,11205.0,"    (40.690346, -73.9603)",1.0,0.0,0,0,0,0,0,0,Station Wagon/Sport Utility Vehicle,E-Bike,1
20511574,4660876,09/07/2023,22:00,1b547a3f-6a74-405c-8599-70f34ef25291,Sedan,BMW -CAR/SUV,2019.0,0.0,,,Parked,Left Front Quarter Panel,Left Front Quarter Panel,Left Side Doors,Left Rear Quarter Panel,,N,,Unspecified,Unspecified,BROOKLYN,11208.0,"    (40.674255, -73.87989)",0.0,0.0,0,0,0,0,0,0,Tractor Truck Gasoline,Sedan,0
20414741,4617506,03/30/2023,08:15,e1425465-d6e2-4e65-861a-3c2e3920469f,Station Wagon/Sport Utility Vehicle,FORD -CAR/SUV,2020.0,0.0,,,Parked,Left Rear Quarter Panel,Left Rear Quarter Panel,,,,N,,Unspecified,Unspecified,,,"    (40.674145, -73.93062)",0.0,0.0,0,0,0,0,0,0,Station Wagon/Sport Utility Vehicle,Station Wagon/Sport Utility Vehicle,0
20425584,4621309,04/17/2023,10:30,74481fff-a913-4d0c-9f3b-94e83b261691,Sedan,TOYT -CAR/SUV,2020.0,1.0,M,Licensed,Going Straight Ahead,Center Front End,Center Front End,Left Front Bumper,Right Front Bumper,,N,,Failure to Yield Right-of-Way,Unspecified,QUEENS,11420.0,"    (40.682537, -73.80716)",2.0,0.0,0,0,0,0,2,0,Sedan,Station Wagon/Sport Utility Vehicle,1
20396189,4609151,02/28/2023,16:31,3cbe13cc-3c6a-430f-88ef-9f1af5da2222,Ambulance,FORD-TRUCK/BUS,2017.0,2.0,F,Licensed,Going Straight Ahead,Right Front Quarter Panel,Right Front Quarter Panel,,,,N,,Unspecified,Unspecified,BROOKLYN,11219.0,"    (40.638275, -73.99783)",0.0,0.0,0,0,0,0,0,0,Ambulance,Sedan,0
20448509,4632100,05/24/2023,11:00,4fcea6ad-b9f5-4ece-b137-b2bb3eaba452,Sedan,NISS -CAR/SUV,2017.0,1.0,F,Licensed,Going Straight Ahead,Right Rear Bumper,Right Rear Bumper,Center Back End,Left Rear Bumper,Right Rear Quarter Panel,N,,Unspecified,Unspecified,,,"    (40.616173, -74.040184)",1.0,0.0,0,0,0,0,1,0,Sedan,Sedan,1
20374511,4598928,01/18/2023,04:54,405b54cc-bcbd-422e-b2ab-ac621d259ab7,Sedan,NISS -CAR/SUV,2021.0,1.0,M,Licensed,Going Straight Ahead,Right Front Bumper,Right Front Bumper,Right Front Quarter Panel,No Damage,No Damage,N,,Following Too Closely,Unspecified,BROOKLYN,11249.0,"    (40.703373, -73.96405)",1.0,0.0,0,0,0,0,1,0,Sedan,Sedan,1
20408883,4614801,03/20/2023,07:30,8077d43a-75b6-4ed1-aeb8-5b080e1f0e69,Station Wagon/Sport Utility Vehicle,TOYT -CAR/SUV,2022.0,1.0,M,Licensed,Going Straight Ahead,Right Front Bumper,Right Front Bumper,No Damage,No Damage,,N,,Driver Inattention/Distraction,Unsafe Lane Changing,,,"    (40.73448, -73.92243)",0.0,0.0,0,0,0,0,0,0,Tow Truck / Wrecker,Station Wagon/Sport Utility Vehicle,0
20429033,4624018,04/26/2023,19:45,9068fef6-709d-4d55-993e-6d76c6db8872,Station Wagon/Sport Utility Vehicle,TOYT -CAR/SUV,2007.0,1.0,M,Licensed,Going Straight Ahead,Center Front End,No Damage,No Damage,No Damage,No Damage,N,,Unspecified,Unspecified,,,"    (40.723698, -74.00792)",1.0,0.0,0,0,1,0,0,0,Station Wagon/Sport Utility Vehicle,Bike,1
20511594,4660978,09/09/2023,23:30,34647c44-68ae-44a3-b6fd-25d8d0ce82df,Station Wagon/Sport Utility Vehicle,HOND -CAR/SUV,2018.0,0.0,,,Parked,Right Side Doors,Right Side Doors,Right Rear Quarter Panel,,,N,,Unspecified,Unspecified,BROOKLYN,11207.0,"    (40.66712, -73.88339)",0.0,0.0,0,0,0,0,0,0,Station Wagon/Sport Utility Vehicle,Sedan,0
20486307,4649916,07/24/2023,19:16,322b2e29-7848-4b33-96d5-14b496287398,Station Wagon/Sport Utility Vehicle,FORD -CAR/SUV,2022.0,0.0,M,Licensed,Going Straight Ahead,Center Front End,Center Front End,Left Side Doors,,,N,,Unspecified,Unspecified,,,,2.0,0.0,0,0,0,0,2,0,Station Wagon/Sport Utility Vehicle,Sedan,1
20506644,4659319,09/02/2023,22:52,9e8e22fb-b03d-4225-83f5-bd22d4ede5d8,Taxi,HOND -CAR/SUV,2017.0,1.0,M,Licensed,Making Right Turn,Left Front Bumper,Left Front Bumper,Left Front Bumper,Center Front End,Right Front Bumper,N,,Other Vehicular,Unspecified,MANHATTAN,10030.0,"    (40.8165, -73.946556)",1.0,0.0,0,0,0,0,1,0,Taxi,Ambulance,1
20431321,4624881,04/28/2023,06:10,aa87b0be-fd8a-42b1-9ce5-84a28f688073,Station Wagon/Sport Utility Vehicle,FORD -CAR/SUV,1998.0,0.0,,,Parked,Left Front Bumper,Left Front Bumper,Center Front End,,,Unspecified,,Unspecified,Unspecified,BRONX,10460.0,"    (40.83315, -73.8871)",0.0,0.0,0,0,0,0,0,0,Sedan,Sedan,0
20486742,4649836,07/29/2023,19:53,ab9983a8-16fd-4026-a3a2-b9ea33d7fd7a,Station Wagon/Sport Utility Vehicle,CADI -CAR/SUV,2022.0,0.0,,,Parked,Center Front End,Center Front End,No Damage,No Damage,No Damage,Unspecified,,Unspecified,Unspecified,QUEENS,11429.0,"    (40.70547, -73.735794)",0.0,0.0,0,0,0,0,0,0,Station Wagon/Sport Utility Vehicle,,0
20402908,4612108,03/11/2023,01:20,2e8a3446-3737-486c-a441-34e0d73891a9,Sedan,DODG -CAR/SUV,2022.0,1.0,F,Licensed,Going Straight Ahead,Right Front Bumper,Right Front Bumper,Center Front End,Left Front Bumper,Right Front Quarter Panel,N,,Pavement Slippery,Unspecified,QUEENS,11434.0,"    (40.674744, -73.76368)",0.0,0.0,0,0,0,0,0,0,Sedan,,0
20452962,4634872,06/01/2023,08:20,efb4f0d6-db08-4cf8-ace0-53bc8f6ef348,Station Wagon/Sport Utility Vehicle,MERZ -CAR/SUV,2011.0,1.0,F,Licensed,Stopped in Traffic,Center Back End,Center Back End,Left Rear Bumper,Right Rear Bumper,,N,,Unspecified,Unspecified,BROOKLYN,11234.0,"    (40.635365, -73.92571)",1.0,0.0,0,0,0,0,1,0,Station Wagon/Sport Utility Vehicle,Sedan,1
20548324,4678183,11/03/2023,18:30,a09cea84-e5d7-4d46-981b-c2baf01268a8,Station Wagon/Sport Utility Vehicle,MERZ -CAR/SUV,2023.0,0.0,,,Parked,Right Front Quarter Panel,Right Front Quarter Panel,Right Side Doors,,,N,,Unspecified,Unspecified,,,"    (40.768684, -73.90562)",0.0,0.0,0,0,0,0,0,0,Station Wagon/Sport Utility Vehicle,,0
20425744,4622421,04/18/2023,20:00,a7b16e50-00fa-4f5a-9dce-cb7da15a55cc,Station Wagon/Sport Utility Vehicle,SUBA -CAR/SUV,2019.0,0.0,F,Licensed,Parked,Left Front Bumper,Left Front Bumper,No Damage,No Damage,No Damage,N,,Unspecified,Unspecified,MANHATTAN,10031.0,"    (40.823814, -73.95022)",0.0,0.0,0,0,0,0,0,0,Station Wagon/Sport Utility Vehicle,Station Wagon/Sport Utility Vehicle,0
20552705,4680109,11/18/2023,08:25,79c02f15-9974-4812-b8ff-4beb706f90b5,Station Wagon/Sport Utility Vehicle,JEEP -CAR/SUV,2015.0,0.0,,,Parked,Center Back End,Center Back End,No Damage,No Damage,No Damage,N,,Unspecified,Unspecified,QUEENS,11373.0,"    (40.737434, -73.87331)",0.0,0.0,0,0,0,0,0,0,Station Wagon/Sport Utility Vehicle,Sedan,0
20394888,4608367,02/19/2023,05:43,694d2ee1-e6d1-4dcb-9ef3-c74448f5d8ed,Station Wagon/Sport Utility Vehicle,CHEV -CAR/SUV,2022.0,0.0,,,Parked,Left Side Doors,Left Front Quarter Panel,,,,N,,Unspecified,Unspecified,BROOKLYN,11204.0,"    (40.61347, -73.98546)",0.0,0.0,0,0,0,0,0,0,Station Wagon/Sport Utility Vehicle,Station Wagon/Sport Utility Vehicle,0
20513473,4662140,09/12/2023,18:46,1fded0f4-d427-4b29-985c-f7a2b8a497b0,Station Wagon/Sport Utility Vehicle,TOYT -CAR/SUV,2007.0,0.0,,,Parked,Center Front End,No Damage,,,,Unspecified,,Unspecified,Unspecified,QUEENS,11419.0,"    (40.690693, -73.81393)",1.0,0.0,1,0,0,0,0,0,Sedan,Station Wagon/Sport Utility Vehicle,1
20471198,4643261,07/01/2023,18:50,e78493df-4281-426d-a83b-3566db153a91,Station Wagon/Sport Utility Vehicle,DODG -CAR/SUV,2010.0,1.0,M,Licensed,Making Right Turn,Center Front End,Center Front End,Right Front Bumper,Left Front Bumper,,N,,Following Too Closely,Unspecified,,,"    (40.595127, -73.75933)",2.0,0.0,0,0,0,0,2,0,Sedan,Station Wagon/Sport Utility Vehicle,1
20392625,4607463,02/21/2023,18:05,519bf508-a2a1-455b-8fb1-4b8da1e3d279,Sedan,NISS -CAR/SUV,2000.0,1.0,F,Licensed,Going Straight Ahead,Center Front End,Center Front End,,,,Unspecified,,Driver Inattention/Distraction,Unspecified,,,"    (40.769703, -73.914)",1.0,0.0,0,0,0,0,1,0,Sedan,Sedan,1
20394405,4608206,02/10/2023,18:45,60903f5e-553e-4559-98eb-51bc1bcb380b,Sedan,HOND -CAR/SUV,2017.0,0.0,F,Licensed,Parked,Left Rear Bumper,Left Rear Bumper,,,,N,,Unspecified,Unspecified,QUEENS,11428.0,"    (40.7165, -73.74755)",0.0,0.0,0,0,0,0,0,0,Sedan,,0
20397119,4609645,03/02/2023,16:40,1506b5d2-0da0-4659-ba71-5310e9ca252d,Sedan,GMC -CAR/SUV,2022.0,1.0,M,Licensed,Stopped in Traffic,Right Rear Bumper,Right Rear Bumper,No Damage,No Damage,No Damage,N,,Unspecified,Unspecified,MANHATTAN,10002.0,"    (40.719337, -73.985916)",0.0,0.0,0,0,0,0,0,0,Pick-up Truck,Sedan,0
20581455,4693374,12/30/2023,12:50,9b77b58f-353d-4da2-a226-8adea0f818cb,Box Truck,FORD-TRUCK/BUS,2016.0,3.0,M,Licensed,Making Right Turn,Right Rear Quarter Panel,Right Rear Quarter Panel,No Damage,No Damage,No Damage,N,,Turning Improperly,Passing or Lane Usage Improper,MANHATTAN,10022.0,"    (40.762177, -73.96613)",0.0,0.0,0,0,0,0,0,0,Sedan,Box Truck,0
20530304,4669894,10/06/2023,12:54,fcaa715e-7b72-48de-84c2-5c191a46a66f,Bus,NE/FL,2021.0,2.0,M,Licensed,Going Straight Ahead,Right Rear Quarter Panel,Right Rear Quarter Panel,,,,N,,Unspecified,Unspecified,BROOKLYN,11238.0,"    (40.68595, -73.972404)",0.0,0.0,0,0,0,0,0,0,Sedan,Bus,0
20403812,4612486,03/13/2023,11:34,80843718-5027-49ea-9e2e-3f8e54f901a4,Station Wagon/Sport Utility Vehicle,HOND -CAR/SUV,2009.0,0.0,,,Parked,Left Front Quarter Panel,Left Front Quarter Panel,,,,N,,Unspecified,Unspecified,,,"    (40.778713, -73.81235)",0.0,0.0,0,0,0,0,0,0,Pick-up Truck,Station Wagon/Sport Utility Vehicle,0
20464955,4640112,06/22/2023,15:35,3a01896e-3e63-444b-b06c-7a0303c59ddb,Sedan,CHEV -CAR/SUV,2023.0,1.0,M,Licensed,Going Straight Ahead,Left Side Doors,Left Side Doors,Left Side Doors,Left Side Doors,,N,,Unspecified,Unspecified,QUEENS,11106.0,"    (40.75412, -73.92955)",1.0,0.0,0,0,1,0,0,0,Sedan,Bike,1
20568344,4687346,12/12/2023,12:10,4c0d5f5a-dd89-41cf-b822-1909245f0d55,PK,CHEV-TRUCK/BUS,2007.0,0.0,M,Licensed,Parked,Center Front End,Center Front End,,,,N,,Unspecified,Unspecified,BRONX,10472.0,"    (40.835167, -73.87104)",1.0,0.0,0,0,0,0,1,0,Sedan,PK,1
20540212,4674312,10/28/2023,01:15,ba0f5326-f3a0-489b-8838-b2daa84af772,Sedan,INFI -CAR/SUV,2016.0,1.0,M,Licensed,Going Straight Ahead,Left Front Bumper,Left Front Bumper,Center Front End,Center Front End,Left Front Quarter Panel,N,,Driver Inattention/Distraction,Unspecified,BROOKLYN,11207.0,"    (40.671616, -73.89775)",0.0,0.0,0,0,0,0,0,0,Sedan,Sedan,0
20401222,4611500,03/09/2023,15:13,5fc52267-9608-4610-b12d-82d3816109df,Box Truck,ISU-TRUCK/BUS,2018.0,1.0,M,Licensed,Going Straight Ahead,Right Front Quarter Panel,Right Side Doors,Right Rear Quarter Panel,,,N,,Passing or Lane Usage Improper,Driver Inattention/Distraction,,,"    (40.67251, -73.99905)",0.0,0.0,0,0,0,0,0,0,Station Wagon/Sport Utility Vehicle,Box Truck,0
20467258,4641021,06/24/2023,21:30,45d1f41f-af5d-4af7-9c52-4628db3bb801,Station Wagon/Sport Utility Vehicle,NISS -CAR/SUV,2009.0,1.0,M,Licensed,Going Straight Ahead,Left Front Quarter Panel,Left Side Doors,Left Side Doors,,,N,,Unspecified,Unspecified,QUEENS,11368.0,"    (40.754955, -73.85384)",0.0,0.0,0,0,0,0,0,0,Station Wagon/Sport Utility Vehicle,Station Wagon/Sport Utility Vehicle,0
20436790,4627241,05/09/2023,10:10,f3463680-4a39-48cc-8a94-ff798df5e0ca,Station Wagon/Sport Utility Vehicle,HOND -CAR/SUV,2014.0,1.0,F,Licensed,Going Straight Ahead,Center Back End,Center Back End,,,,N,,Backing Unsafely,Aggressive Driving/Road Rage,,,,0.0,0.0,0,0,0,0,0,0,Station Wagon/Sport Utility Vehicle,Van,0
20481887,4647686,07/21/2023,22:41,c0de3f1a-1188-408f-a6e5-9abc4d71092c,Sedan,AUDI -CAR/SUV,2019.0,1.0,M,Licensed,Making Left Turn,Right Front Bumper,Right Front Bumper,Center Front End,,,Unspecified,,Driver Inattention/Distraction,Unspecified,BROOKLYN,11235.0,"    (40.586163, -73.949905)",2.0,0.0,0,0,0,0,2,0,Sedan,Sedan,1
20543322,4675819,11/01/2023,11:56,26547dcf-7dda-4371-942c-a2774363cc13,Sedan,NISS -CAR/SUV,2009.0,2.0,M,Licensed,Making U Turn,Left Front Quarter Panel,Left Front Quarter Panel,,,,N,,Passing or Lane Usage Improper,Unspecified,BROOKLYN,11214.0,"    (40.60451, -74.00554)",0.0,0.0,0,0,0,0,0,0,Station Wagon/Sport Utility Vehicle,Sedan,0
20487234,4650297,07/31/2023,18:35,d27fb185-4a6b-4fb3-aac5-c6d243febcd6,Van,CHEV-TRUCK/BUS,2011.0,1.0,M,Licensed,Going Straight Ahead,Right Side Doors,Right Side Doors,,,,N,,Driver Inattention/Distraction,Unspecified,,,,0.0,0.0,0,0,0,0,0,0,Van,Station Wagon/Sport Utility Vehicle,0
20515355,4662835,09/09/2023,20:17,10cdb87c-3e6c-4798-9dd7-320e3ace3225,Station Wagon/Sport Utility Vehicle,JEEP -CAR/SUV,2019.0,1.0,M,Licensed,Making Left Turn,Left Front Bumper,No Damage,No Damage,No Damage,No Damage,N,,Failure to Yield Right-of-Way,Unspecified,BRONX,10451.0,"    (40.825413, -73.923485)",1.0,0.0,0,0,0,0,1,0,Station Wagon/Sport Utility Vehicle,,1