UNIQUE_ID,COLLISION_ID,CRASH_DATE,CRASH_TIME,VEHICLE_ID,VEHICLE_TYPE,VEHICLE_MAKE,VEHICLE_YEAR,VEHICLE_OCCUPANTS,DRIVER_SEX,DRIVER_LICENSE_STATUS,PRE_CRASH,POINT_OF_IMPACT,VEHICLE_DAMAGE,VEHICLE_DAMAGE_1,VEHICLE_DAMAGE_2,VEHICLE_DAMAGE_3,PUBLIC_PROPERTY_DAMAGE,PUBLIC_PROPERTY_DAMAGE_TYPE,CONTRIBUTING_FACTOR_1,CONTRIBUTING_FACTOR_2,BOROUGH,ZIP CODE,LOCATION,NUMBER OF PERSONS INJURED,NUMBER OF PERSONS KILLED,NUMBER OF PEDESTRIANS INJURED,NUMBER OF PEDESTRIANS KILLED,NUMBER OF CYCLIST INJURED,NUMBER OF CYCLIST KILLED,NUMBER OF MOTORIST INJURED,NUMBER OF MOTORIST KILLED,VEHICLE TYPE CODE 1,VEHICLE TYPE CODE 2,Severity
20426771,4622835,04/23/2023,09:52,28a84381-861e-4dd9-b139-201c9e63ba0d,Sedan,NISS -CAR/SUV,2021.0,1.0,M,Licensed,Merging,Right Front Bumper,Center Front End,,,,N,,Unspecified,Unspecified,QUEENS,11385.0,"    (40.693665, -73.89658)",1.0,0.0,0,0,0,0,1,0,Sedan,Sedan,1
20480312,4647235,07/20/2023,18:20,08cccd4b-90fa-430d-87ad-0574f712d94d,Station Wagon/Sport Utility Vehicle,HOND -CAR/SUV,2022.0,0.0,,,Parked,Left Rear Bumper,Left Rear Bumper,No Damage,No Damage,No Damage,N,,Unspecified,Unspecified,BROOKLYN,11236.0,"    (40.63914, -73.91934)",2.0,0.0,0,0,0,0,2,0,Sedan,Station Wagon/Sport Utility Vehicle,1
20486545,4650014,07/28/2023,17:55,a3bd0764-4770-484d-b89b-d6eda48f48ed,Station Wagon/Sport Utility Vehicle,MAZD -CAR/SUV,2017.0,1.0,M,Licensed,Going Straight Ahead,Right Front Bumper,Right Front Bumper,Center Front End,,,N,,Driver Inattention/Distraction,Unspecified,,,"    (40.719177, -73.79223)",0.0,0.0,0,0,0,0,0,0,Station Wagon/Sport Utility Vehicle,Station Wagon/Sport Utility Vehicle,0
20452353,4634302,06/01/2023,17:20,22663443-0664-4604-b78e-d470149f3a89,Station Wagon/Sport Utility Vehicle,FORD -CAR/SUV,2017.0,0.0,,,Parked,Right Rear Quarter Panel,Right Rear Bumper,No Damage,No Damage,No Damage,N,,Unspecified,Unspecified,,,"    (40.77444, -73.92232)",0.0,0.0,0,0,0,0,0,0,Station Wagon/Sport Utility Vehicle,,0
20547542,4677799,10/31/2023,21:00,6b452b40-1c40-44dc-944e-a6086102a66d,Station Wagon/Sport Utility Vehicle,HOND -CAR/SUV,2015.0,1.0,M,Licensed,Going Straight Ahead,Center Back End,Center Back End,Center Front End,Left Rear Bumper,Left Front Bumper,N,,Following Too Closely,Driver Inattention/Distraction,,,"    (40.729736, -73.833725)",0.0,0.0,0,0,0,0,0,0,Sedan,Station Wagon/Sport Utility Vehicle,0
20380454,4602055,01/30/2023,09:00,78ff0f30-3dcf-49e0-89db-a4c11506944c,Sedan,NISS -CAR/SUV,2014.0,1.0,F,Licensed,Going Straight Ahead,Center Front End,No Damage,No Damage,,,N,,Unspecified,Unspecified,MANHATTAN,10027.0,"    (40.810093, -73.95309)",1.0,0.0,1,0,0,0,0,0,Sedan,,1
20432223,4625222,05/02/2023,00:00,5b3c94ae-3000-4b0e-ae31-a9e6954dfaa7,Sedan,TOYT -CAR/SUV,2022.0,2.0,M,Licensed,Stopped in Traffic,Center Back End,Center Back End,No Damage,No Damage,No Damage,N,,Unspecified,Unspecified,BROOKLYN,11230.0,"    (40.62237, -73.96473)",2.0,0.0,0,0,0,0,2,0,Sedan,Station Wagon/Sport Utility Vehicle,1
20565977,4686398,12/11/2023,17:15,d04bd20c-b047-4521-8d7c-4041967e9cd2,Sedan,HYUN -CAR/SUV,2013.0,1.0,M,Licensed,Making Right Turn,Right Front Bumper,Right Front Bumper,,,,Unspecified,,Failure to Yield Right-of-Way,Turning Improperly,QUEENS,11370.0,"    (40.75884, -73.889755)",1.0,0.0,1,0,0,0,0,0,Sedan,,1
20560087,4683560,11/27/2023,08:45,d460fd63-b987-4040-8a7f-70b9cc027ad4,Station Wagon/Sport Utility Vehicle,NISS -CAR/SUV,2017.0,0.0,,,Parked,Right Front Quarter Panel,Right Side Doors,,,,N,,Unspecified,Unspecified,BRONX,10451.0,"    (40.826515, -73.917946)",0.0,0.0,0,0,0,0,0,0,Station Wagon/Sport Utility Vehicle,Sedan,0
20400984,4611024,03/06/2023,21:30,229647b4-0ce6-4e33-af4e-ae3108ae27ad,Sedan,BMW -CAR/SUV,2014.0,0.0,,,Parked,Right Front Quarter Panel,Right Front Quarter Panel,,,,N,,Unspecified,Unspecified,QUEENS,11385.0,"    (40.69469, -73.90252)",0.0,0.0,0,0,0,0,0,0,Sedan,,0
20494049,4653337,08/11/2023,15:54,58ecc156-5265-4fe3-9651-b5e9fad55f1d,Sedan,HOND -CAR/SUV,2020.0,1.0,F,Licensed,Going Straight Ahead,Center Front End,Center Front End,Center Front End,Center Front End,Center Front End,N,,Unspecified,Unspecified,BROOKLYN,11211.0,"    (40.71738, -73.95217)",0.0,0.0,0,0,0,0,0,0,Sedan,Motorcycle,0
20417553,4618863,03/24/2023,10:57,ad978704-a20b-4289-b062-a970810d89fc,Van,FORD-TRUCK/BUS,2020.0,2.0,M,Licensed,Parked,Left Side Doors,Left Side Doors,Left Rear Quarter Panel,Left Rear Quarter Panel,,N,,Driver Inattention/Distraction,Unspecified,,,,0.0,0.0,0,0,0,0,0,0,Van,Box Truck,0
20562309,4683628,11/30/2023,22:30,39597516-bde0-497b-ae7f-099b1fac69d6,Station Wagon/Sport Utility Vehicle,CHEV -CAR/SUV,2016.0,6.0,M,Licensed,Backing,Left Rear Bumper,Left Rear Bumper,Center Back End,No Damage,No Damage,N,,View Obstructed/Limited,Unspecified,MANHATTAN,10022.0,"    (40.75906, -73.97262)",0.0,0.0,0,0,0,0,0,0,Taxi,Station Wagon/Sport Utility Vehicle,0
20436378,4627287,05/09/2023,12:57,dd71909b-7470-44eb-b777-f6d9220d8d1a,Sedan,HYUN -CAR/SUV,2014.0,1.0,M,Licensed,Going Straight Ahead,Center Front End,Center Front End,Right Front Bumper,Center Front End,Center Front End,Y,,Driver Inattention/Distraction,Unspecified,BRONX,10462.0,"    (40.84529, -73.853004)",2.0,0.0,0,0,0,0,2,0,Sedan,Sedan,1
20461593,4638581,06/18/2023,17:20,2c75b818-349d-4e62-90c8-2b74593b9743,Sedan,CHEV -CAR/SUV,2022.0,1.0,,,Going Straight Ahead,Left Front Bumper,Center Front End,,,,Unspecified,,Following Too Closely,Following Too Closely,QUEENS,11418.0,"    (40.701218, -73.81622)",0.0,0.0,0,0,0,0,0,0,Sedan,Sedan,0
20438561,4628177,05/08/2023,13:40,ac83df8e-db53-4823-8687-3d690c4122b8,Station Wagon/Sport Utility Vehicle,PORS -CAR/SUV,2020.0,1.0,F,Licensed,Making Left Turn,Right Front Quarter Panel,Right Front Quarter Panel,No Damage,No Damage,No Damage,N,,Unspecified,Unspecified,,,,0.0,0.0,0,0,0,0,0,0,Station Wagon/Sport Utility Vehicle,FDNY SP200,0
20506367,4658891,08/27/2023,13:00,16aa6e1f-74a6-4411-83f2-0fab9b67904f,Sedan,MAZD -CAR/SUV,2014.0,0.0,,,Parked,Left Front Bumper,Left Front Bumper,,,,N,,Unspecified,Unspecified,BRONX,10470.0,"    (40.896587, -73.872475)",0.0,0.0,0,0,0,0,0,0,Sedan,Pick-up Truck,0
20574937,4690401,12/20/2023,17:00,05f31eec-24a0-41ba-b5d2-e00d11af49e4,Station Wagon/Sport Utility Vehicle,JEEP -CAR/SUV,2014.0,2.0,M,Licensed,Parked,Left Front Bumper,Left Front Bumper,,,,N,,Unspecified,Unspecified,QUEENS,11373.0,"    (40.73653, -73.87734)",0.0,0.0,0,0,0,0,0,0,Station Wagon/Sport Utility Vehicle,,0
20430450,4624811,04/28/2023,20:19,c9b8def0-497c-4a39-b059-6b057483a7d9,Station Wagon/Sport Utility Vehicle,DODG -CAR/SUV,2018.0,1.0,,,Making Right Turn,Right Front Bumper,No Damage,,,,N,,Failure to Yield Right-of-Way,,BROOKLYN,11215.0,"    (40.67592, -73.983345)",1.0,0.0,1,0,0,0,0,0,Station Wagon/Sport Utility Vehicle,,1
20430024,4624411,04/15/2023,02:30,b26edb8b-a039-4bea-b4b7-90f1efc58425,Sedan,HOND -CAR/SUV,2022.0,1.0,,,Passing,,,,,,Unspecified,,Driver Inattention/Distraction,Driver Inattention/Distraction,BRONX,10463.0,"    (40.88718, -73.904625)",0.0,0.0,0,0,0,0,0,0,Sedan,Sedan,0
20391146,4606885,02/17/2023,13:10,f3f08c80-6245-4933-94c1-a906cc0b3ff6,Sedan,DODG -CAR/SUV,,1.0,M,Licensed,Going Straight Ahead,Center Front End,Center Front End,No Damage,No Damage,No Damage,N,,Unspecified,Unspecified,BROOKLYN,11230.0,"    (40.626568, -73.970924)",1.0,0.0,0,0,0,0,1,0,Sedan,Sedan,1
20446398,4625119,05/01/2023,19:01,48224a42-ca74-4b43-a70f-23914800f2fb,Station Wagon/Sport Utility Vehicle,CHEV -CAR/SUV,2016.0,0.0,,,Parked,Right Rear Quarter Panel,Right Rear Quarter Panel,Right Rear Bumper,Right Rear Bumper,,N,,Unspecified,Unspecified,QUEENS,11368.0,"    (40.74571, -73.86533)",0.0,0.0,0,0,0,0,0,0,Station Wagon/Sport Utility Vehicle,Bus,0
20582046,4689552,12/22/2023,14:30,7620fe93-55de-4d5c-af04-a8dd7d6a8eb8,Sedan,TOYT -CAR/SUV,2024.0,6.0,,,Parked,Center Back End,Center Back End,No Damage,No Damage,No Damage,N,,Unspecified,Unspecified,BRONX,10472.0,"    (40.825516, -73.873695)",0.0,0.0,0,0,0,0,0,0,Sedan,,0
20469258,4642047,06/18/2023,08:20,31de6153-7a05-4cbe-9e14-e624d14e8bda,Sedan,HOND -CAR/SUV,2019.0,0.0,F,Licensed,Going Straight Ahead,Left Front Bumper,Center Front End,No Damage,No Damage,No Damage,N,,Unspecified,Unspecified,BROOKLYN,11234.0,"    (40.618786, -73.92007)",0.0,0.0,0,0,0,0,0,0,Sedan,Station Wagon/Sport Utility Vehicle,0
20555964,4681855,11/17/2023,10:09,30f2f2a7-6abf-4995-b9e4-5b363085fb9e,Sedan,MERZ -CAR/SUV,2022.0,0.0,F,Licensed,,Center Back End,Center Back End,Center Back End,Center Back End,No Damage,N,,Unspecified,Unspecified,MANHATTAN,10031.0,"    (40.82831, -73.94315)",0.0,0.0,0,0,0,0,0,0,Sedan,,0
20552220,4679995,11/14/2023,08:40,a37e2d1f-f99e-42c1-9726-d9713411f34c,Sedan,TOYT -CAR/SUV,2009.0,,,,Backing,Center Back End,Center Back End,,,,Unspecified,,Driver Inattention/Distraction,Unspecified,QUEENS,11436.0,"    (40.673573, -73.79258)",0.0,0.0,0,0,0,0,0,0,Sedan,Sedan,0
20374381,4598956,01/17/2023,12:00,b94df6ec-53a7-4035-9c74-e5a93f511961,Sedan,HYUN -CAR/SUV,2008.0,0.0,,,Parked,Right Front Bumper,Right Front Bumper,Right Front Quarter Panel,,,N,,Unspecified,Unspecified,QUEENS,11432.0,"    (40.710888, -73.79725)",0.0,0.0,0,0,0,0,0,0,Sedan,,0
20377814,4600912,01/10/2023,09:30,80ee9cfd-0c67-41a3-a7d0-645408ca37bf,STAK,FORD -CAR/SUV,2013.0,2.0,M,Licensed,Stopped in Traffic,Left Side Doors,Left Side Doors,,,,N,,Unspecified,Unspecified,MANHATTAN,10028.0,"    (40.777874, -73.95175)",0.0,0.0,0,0,0,0,0,0,STAK,Van,0
20468147,4641648,06/29/2023,00:00,b7e0c658-0ac0-4491-ac52-8ba7c30c3d99,Station Wagon/Sport Utility Vehicle,ACUR -CAR/SUV,2010.0,0.0,F,Licensed,Parked,Left Side Doors,Left Side Doors,Left Front Quarter Panel,Left Rear Quarter Panel,,N,,Unspecified,Unspecified,MANHATTAN,10002.0,"    (40.71695, -73.98717)",0.0,0.0,0,0,0,0,0,0,Station Wagon/Sport Utility Vehicle,,0
20525081,4667605,09/27/2023,19:47,d3db83ba-2feb-48c8-bfc7-f4039e207c8f,Station Wagon/Sport Utility Vehicle,TOYT -CAR/SUV,2016.0,2.0,M,Licensed,Parked,Right Rear Quarter Panel,Right Rear Quarter Panel,Other,,,N,,Unspecified,Unspecified,BROOKLYN,11210.0,"    (40.63459, -73.94956)",2.0,0.0,1,0,0,0,1,0,Tractor Truck Diesel,Station Wagon/Sport Utility Vehicle,1
20402224,4611864,03/11/2023,20:17,0c3a515e-4863-45bd-8029-c74821282b40,Sedan,HYUN -CAR/SUV,2013.0,2.0,M,,Going Straight Ahead,Right Front Bumper,Right Front Bumper,,,,Unspecified,,Aggressive Driving/Road Rage,Unsafe Speed,MANHATTAN,10032.0,"    (40.843433, -73.94164)",1.0,0.0,0,0,0,0,1,0,Taxi,Sedan,1
20503630,4657761,08/27/2023,17:30,81ea770e-8621-4d4e-ac38-28acadef1a5b,Sedan,FORD -CAR/SUV,2012.0,1.0,M,Licensed,Going Straight Ahead,Right Front Quarter Panel,Right Front Quarter Panel,,,,N,,Unspecified,Unspecified,BRONX,10463.0,"    (40.885437, -73.90876)",0.0,0.0,0,0,0,0,0,0,Sedan,Sedan,0
20457043,4636925,06/10/2023,11:00,9d62704f-b37a-4914-9635-b4370458fb7d,Station Wagon/Sport Utility Vehicle,JEEP -CAR/SUV,,,,,Going Straight Ahead,Center Front End,Center Front End,,,,N,,Driver Inattention/Distraction,Following Too Closely,,,"    (40.55554, -74.17562)",0.0,0.0,0,0,0,0,0,0,Sedan,Station Wagon/Sport Utility Vehicle,0
20433061,4625747,05/02/2023,09:25,4cc94a2c-6f42-4cf5-b46e-93e22a7be465,Sedan,HOND -CAR/SUV,2022.0,1.0,F,Licensed,Slowing or Stopping,Center Back End,Center Back End,Right Rear Bumper,Left Rear Bumper,Left Front Quarter Panel,N,,Following Too Closely,Unspecified,,,,0.0,0.0,0,0,0,0,0,0,Sedan,Sedan,0
20379258,4601357,01/26/2023,11:03,c50da1ea-a411-4819-b53c-fd091490d54d,Sedan,HOND -CAR/SUV,2016.0,1.0,F,Licensed,Changing Lanes,Left Side Doors,Left Side Doors,Left Rear Quarter Panel,Left Rear Bumper,Center Back End,N,,Other Vehicular,Passing Too Closely,,,"    (40.843678, -73.89426)",1.0,0.0,0,0,0,0,1,0,Sedan,Tractor Truck Diesel,1
20555712,4681791,11/22/2023,15:33,2b74c7a7-5d7b-482b-bf2f-8d1ba5735cfb,Station Wagon/Sport Utility Vehicle,CHEV -CAR/SUV,1997.0,0.0,,,,Center Front End,Center Front End,,,,N,,Brakes Defective,Unspecified,STATEN ISLAND,10305.0,"    (40.61139, -74.07145)",0.0,0.0,0,0,0,0,0,0,Station Wagon/Sport Utility Vehicle,,0
20564744,4685911,12/06/2023,20:17,733bd08c-372f-425c-9c7e-dd4c805dae94,Station Wagon/Sport Utility Vehicle,HOND -CAR/SUV,2023.0,1.0,M,Licensed,Starting in Traffic,Right Front Quarter Panel,No Damage,No Damage,No Damage,No Damage,N,,Driver Inattention/Distraction,Driver Inexperience,BROOKLYN,11206.0,"    (40.69946, -73.944214)",1.0,0.0,1,0,0,0,0,0,Station Wagon/Sport Utility Vehicle,,1
20577262,4691389,12/31/2023,04:16,5b2946b1-7904-4ff1-936d-b9feb6b3b142,Sedan,BMW -CAR/SUV,2009.0,1.0,M,Licensed,Going Straight Ahead,Center Front End,Center Front End,,,,N,,Driver Inattention/Distraction,Following Too Closely,BROOKLYN,11237.0,"    (40.70854, -73.927414)",0.0,0.0,0,0,0,0,0,0,Sedan,Sedan,0
20488604,4650860,08/02/2023,02:55,4461c928-d644-4a98-b78d-806318ddb41b,Station Wagon/Sport Utility Vehicle,TOYT -CAR/SUV,2021.0,1.0,M,Licensed,Going Straight Ahead,Center Front End,No Damage,,,,N,,Unspecified,Unspecified,BROOKLYN,11233.0,"    (40.677822, -73.91636)",1.0,0.0,1,0,0,0,0,0,Station Wagon/Sport Utility Vehicle,,1
20534246,4671324,10/17/2023,14:30,3cd877f3-0889-4ded-b0e2-2b2865f8a34c,Station Wagon/Sport Utility Vehicle,TOYT -CAR/SUV,2009.0,3.0,F,Licensed,Making Left Turn,Left Front Bumper,Left Front Bumper,Left Front Bumper,,,N,,Unspecified,Unspecified,QUEENS,11434.0,"    (40.65965, -73.773834)",2.0,0.0,0,0,0,0,2,0,Station Wagon/Sport Utility Vehicle,Station Wagon/Sport Utility Vehicle,1
20530520,4669835,10/09/2023,20:03,7164b396-b48f-4097-ac08-945e058fdb4f,Sedan,HOND -CAR/SUV,2016.0,1.0,M,Licensed,Stopped in Traffic,Center Back End,Center Front End,Center Back End,,,N,,Unspecified,Unspecified,BRONX,10475.0,"    (40.882538, -73.82697)",0.0,0.0,0,0,0,0,0,0,Bus,Station Wagon/Sport Utility Vehicle,0
20380664,4602066,01/31/2023,13:00,692339bf-148f-4673-a58b-33be5ccb4703,Sedan,HYUN -CAR/SUV,2019.0,1.0,M,Licensed,Going Straight Ahead,Right Front Bumper,Right Front Bumper,Center Front End,,,N,,Driver Inattention/Distraction,Unspecified,BROOKLYN,11201.0,"    (40.69613, -73.987114)",0.0,0.0,0,0,0,0,0,0,Sedan,Station Wagon/Sport Utility Vehicle,0
20376954,4600321,01/24/2023,19:40,7ae82c6a-909d-4f8d-99d7-acbde19183f2,Station Wagon/Sport Utility Vehicle,TOYT -CAR/SUV,2021.0,0.0,M,Licensed,Parked,Left Side Doors,Left Front Quarter Panel,Left Front Bumper,No Damage,No Damage,N,,Unspecified,Unspecified,BRONX,10467.0,"    (40.876553, -73.87255)",0.0,0.0,0,0,0,0,0,0,Station Wagon/Sport Utility Vehicle,,0
20375264,4599560,01/19/2023,18:51,41a3bed5-415e-4f9a-bfc1-6317522e39dd,Station Wagon/Sport Utility Vehicle,TOYT -CAR/SUV,2008.0,1.0,F,Licensed,Going Straight Ahead,Center Back End,Center Back End,Right Rear Bumper,Left Rear Bumper,Left Rear Quarter Panel,N,,Other Vehicular,Pavement Slippery,,,"    (40.58038, -73.967606)",0.0,0.0,0,0,0,0,0,0,Station Wagon/Sport Utility Vehicle,,0
20483482,4637562,06/08/2023,15:53,58aa2401-bbf1-4c08-a87b-e53e813b3539,Pick-up Truck,CHEV -CAR/SUV,2010.0,1.0,M,Licensed,Going Straight Ahead,Right Front Quarter Panel,Right Front Quarter Panel,Right Front Quarter Panel,Right Side Doors,Right Front Quarter Panel,N,,Unspecified,Unspecified,QUEENS,11412.0,"    (40.69345, -73.76506)",0.0,0.0,0,0,0,0,0,0,Station Wagon/Sport Utility Vehicle,Pick-up Truck,0
20456308,4636330,06/07/2023,12:44,02f5541c-72dd-40bc-9b58-3e421e118daa,Station Wagon/Sport Utility Vehicle,HOND -CAR/SUV,2019.0,1.0,F,Licensed,Parked,Right Rear Bumper,Right Rear Bumper,No Damage,No Damage,No Damage,N,,Unspecified,Unspecified,BROOKLYN,11221.0,"    (40.69316, -73.93409)",0.0,0.0,0,0,0,0,0,0,Station Wagon/Sport Utility Vehicle,Station Wagon/Sport Utility Vehicle,0
20549690,4678968,11/13/2023,17:19,6edc2614-d968-403f-b8c9-9f6d5babeb6c,Sedan,VOLK -CAR/SUV,2021.0,1.0,M,,Going Straight Ahead,Left Front Quarter Panel,Left Side Doors,Left Rear Quarter Panel,,,N,,Passing Too Closely,Unspecified,MANHATTAN,10029.0,"    (40.79428, -73.94902)",0.0,0.0,0,0,0,0,0,0,Sedan,Station Wagon/Sport Utility Vehicle,0
20487901,4650732,07/30/2023,20:50,7c83af0b-5844-4d66-8f61-5c0e0753566d,Station Wagon/Sport Utility Vehicle,JEEP -CAR/SUV,,,,,Making Right Turn,Center Front End,Center Front End,No Damage,No Damage,No Damage,N,,Driver Inattention/Distraction,Turning Improperly,BRONX,10468.0,"    (40.868282, -73.90108)",1.0,0.0,0,0,1,0,0,0,Station Wagon/Sport Utility Vehicle,Bike,1
20464458,4639969,06/23/2023,01:06,ecc2631b-9103-4ca4-b5e4-6a0aca662c03,Station Wagon/Sport Utility Vehicle,BMW -CAR/SUV,2015.0,2.0,M,Licensed,Going Straight Ahead,Left Rear Quarter Panel,Left Rear Quarter Panel,Left Side Doors,Left Front Quarter Panel,Right Front Quarter Panel,N,,Unspecified,Unspecified,,,,1.0,0.0,0,0,0,0,1,0,Station Wagon/Sport Utility Vehicle,Station Wagon/Sport Utility Vehicle,1
20516122,4663315,09/16/2023,08:30,eaa26f24-e199-4ede-ae1e-1426ed6ccf30,Sedan,ACUR -CAR/SUV,2018.0,0.0,,,Parked,Left Rear Quarter Panel,Left Rear Quarter Panel,Left Side Doors,,,N,,Unspecified,Unspecified,QUEENS,11368.0,"    (40.75552, -73.86791)",0.0,0.0,0,0,0,0,0,0,Sedan,Sedan,0
20484760,4639367,06/18/2023,02:46,4af5e3e8-65e5-4834-989b-c9e3938b79f9,E-Bike,Flywing,2022.0,2.0,,,Going Straight Ahead,Center Front End,Center Front End,No Damage,No Damage,No Damage,N,,Unspecified,Unspecified,BROOKLYN,11220.0,"    (40.641422, -74.01058)",2.0,0.0,0,0,0,0,0,0,Sedan,E-Bike,1
20575614,4690705,12/26/2023,12:00,e7f33412-4c99-400d-aca1-71077d9dde1c,Sedan,NISS -CAR/SUV,1995.0,0.0,,,Parked,Left Rear Bumper,Left Rear Bumper,Left Rear Quarter Panel,Center Back End,,N,,Unspecified,Unspecified,QUEENS,11369.0,"    (40.75866, -73.876465)",0.0,0.0,0,0,0,0,0,0,Sedan,,0
20392548,4607240,02/21/2023,06:40,a22e1111-22ea-4efe-9476-11627273b475,Pick-up Truck,FORD -CAR/SUV,2003.0,1.0,M,Licensed,Going Straight Ahead,Right Front Bumper,Center Front End,Left Front Bumper,,,N,,Unspecified,Unspecified,,,"    (40.713993, -73.831924)",0.0,0.0,0,0,0,0,0,0,Pick-up Truck,Pick-up Truck,0
20490206,4650250,07/23/2023,20:10,3f120630-4a6d-4b9a-ac6f-827d3d3df8de,Sedan,HOND -CAR/SUV,2022.0,1.0,F,Licensed,Going Straight Ahead,Left Front Bumper,Center Front End,Right Front Bumper,,,N,,Unspecified,Unspecified,QUEENS,11423.0,"    (40.716656, -73.76915)",1.0,0.0,0,0,1,0,0,0,Sedan,E-Bike,1
20531144,4670115,10/12/2023,13:05,cfbff9f1-f591-4099-a164-26a11b4a84ba,Motorcycle,jiaj,2021.0,1.0,M,Licensed,Going Straight Ahead,Center Front End,Center Front End,Left Side Doors,Left Front Quarter Panel,No Damage,N,,Following Too Closely,Unspecified,BROOKLYN,11207.0,"    (40.66645, -73.882706)",1.0,0.0,0,0,0,0,1,0,Motorcycle,Sedan,1
20482366,4648199,07/23/2023,19:59,70e6a4f9-6b9f-4984-bac2-028e9b2678bc,Taxi,TOYT -CAR/SUV,2018.0,1.0,M,Licensed,Making Left Turn,Right Rear Bumper,Right Rear Bumper,Right Rear Quarter Panel,,,N,,Driver Inattention/Distraction,Driver Inattention/Distraction,MANHATTAN,10024.0,"    (40.788315, -73.9765)",0.0,0.0,0,0,0,0,0,0,Bus,Taxi,0
20472025,4643009,07/01/2023,00:00,159090bc-4a21-42dd-a864-c6fba1e80136,Sedan,FORD -CAR/SUV,2015.0,1.0,M,Permit,Going Straight Ahead,Center Front End,Center Front End,,,,Unspecified,,Fell Asleep,Driver Inattention/Distraction,BROOKLYN,11233.0,,0.0,0.0,0,0,0,0,0,0,Sedan,Sedan,0
20410811,4615700,03/26/2023,18:45,2d331b01-b5fa-47ed-a388-c27ca9ffd77c,Station Wagon/Sport Utility Vehicle,AUDI -CAR/SUV,2023.0,0.0,,,Parked,Right Rear Quarter Panel,Right Rear Quarter Panel,,,,N,,Unspecified,Unspecified,QUEENS,11435.0,"    (40.7136, -73.82261)",0.0,0.0,0,0,0,0,0,0,Station Wagon/Sport Utility Vehicle,,0
20533995,4671380,10/17/2023,21:44,a83a307c-7b14-479e-a20f-20726158be14,Station Wagon/Sport Utility Vehicle,JEEP -CAR/SUV,2021.0,1.0,M,Licensed,Going Straight Ahead,Center Front End,No Damage,No Damage,No Damage,No Damage,N,,Unspecified,Unspecified,QUEENS,11373.0,"    (40.73725, -73.866104)",1.0,0.0,1,0,0,0,0,0,Station Wagon/Sport Utility Vehicle,,1
20498791,4640002,06/22/2023,23:52,37c6650d-6720-4032-9eb2-3061bf264f34,Sedan,CHEV -CAR/SUV,2016.0,0.0,,,Parked,Other,Other,Other,Other,Other,N,,Fell Asleep,Fell Asleep,,,"    (40.869522, -73.8899)",0.0,0.0,0,0,0,0,0,0,Sedan,Sedan,0
20546723,4677413,11/08/2023,08:00,9162f8c4-7c23-46d9-942a-9c3a900bfe76,Sedan,JEEP -CAR/SUV,2014.0,0.0,,,Parked,Center Back End,Center Back End,Center Back End,,,N,,Unspecified,Unspecified,STATEN ISLAND,10310.0,"    (40.63373, -74.127785)",0.0,0.0,0,0,0,0,0,0,Sedan,Sedan,0
20542966,4675581,10/28/2023,14:25,69c6b79c-0976-43f9-add4-b3823091063d,Sedan,TOYT -CAR/SUV,2022.0,1.0,M,Licensed,Making Left Turn,Left Front Bumper,Left Front Bumper,Center Front End,Center Front End,Left Front Bumper,N,,Unspecified,Unspecified,BROOKLYN,11207.0,"    (40.67562, -73.88826)",2.0,0.0,0,0,0,0,2,0,Sedan,Sedan,1
20412531,4616351,03/28/2023,17:50,31ee4764-df27-4024-bcab-1c17ffc6828b,Station Wagon/Sport Utility Vehicle,CADI -CAR/SUV,2010.0,1.0,M,Licensed,Going Straight Ahead,Center Front End,Center Front End,,,,N,,Driver Inattention/Distraction,Following Too Closely,,,"    (40.78849, -73.78973)",1.0,0.0,0,0,0,0,1,0,Station Wagon/Sport Utility Vehicle,Station Wagon/Sport Utility Vehicle,1
20517655,4664078,09/17/2023,11:00,cda89af1-6bc9-4b55-a351-d42c4a4485d6,Sedan,HYUN -CAR/SUV,2010.0,0.0,,,Parked,Center Front End,Center Front End,Left Front Bumper,Left Front Quarter Panel,No Damage,N,,Unspecified,Unspecified,BROOKLYN,11205.0,"    (40.69022, -73.96625)",0.0,0.0,0,0,0,0,0,0,Sedan,,0
20528184,4668826,10/04/2023,13:15,9166cd31-9b9d-4b53-968c-d21d9ca1f63a,Station Wagon/Sport Utility Vehicle,HYUN -CAR/SUV,2022.0,0.0,F,Licensed,Parked,Left Front Bumper,Left Front Bumper,Center Front End,Right Front Bumper,,N,,Unspecified,Unspecified,QUEENS,11106.0,"    (40.7554, -73.9285)",0.0,0.0,0,0,0,0,0,0,Station Wagon/Sport Utility Vehicle,Pick-up Truck,0
20564268,4685586,12/07/2023,22:42,ddb87ea4-76db-4f68-8b28-0d4a947798f4,Sedan,TOYT -CAR/SUV,2023.0,1.0,M,Licensed,Going Straight Ahead,Left Front Bumper,Left Front Bumper,,,,N,,Unspecified,Unspecified,QUEENS,11385.0,"    (40.711155, -73.918205)",3.0,0.0,0,0,0,0,3,0,Sedan,Station Wagon/Sport Utility Vehicle,1
20450808,4632980,05/28/2023,17:28,8d6aedb4-e4b0-4efd-a2ee-03ee9380774f,Sedan,HYUN -CAR/SUV,2013.0,0.0,,,Parked,Left Rear Quarter Panel,Left Rear Quarter Panel,,,,N,,Unspecified,Unspecified,BRONX,10466.0,"    (40.889294, -73.849495)",1.0,0.0,0,0,0,0,1,0,Sedan,van,1