UNIQUE_ID,COLLISION_ID,CRASH_DATE,CRASH_TIME,VEHICLE_ID,VEHICLE_TYPE,VEHICLE_MAKE,VEHICLE_YEAR,VEHICLE_OCCUPANTS,DRIVER_SEX,DRIVER_LICENSE_STATUS,PRE_CRASH,POINT_OF_IMPACT,VEHICLE_DAMAGE,VEHICLE_DAMAGE_1,VEHICLE_DAMAGE_2,VEHICLE_DAMAGE_3,PUBLIC_PROPERTY_DAMAGE,PUBLIC_PROPERTY_DAMAGE_TYPE,CONTRIBUTING_FACTOR_1,CONTRIBUTING_FACTOR_2,BOROUGH,ZIP CODE,LOCATION,NUMBER OF PERSONS INJURED,NUMBER OF PERSONS KILLED,NUMBER OF PEDESTRIANS INJURED,NUMBER OF PEDESTRIANS KILLED,NUMBER OF CYCLIST INJURED,NUMBER OF CYCLIST KILLED,NUMBER OF MOTORIST INJURED,NUMBER OF MOTORIST KILLED,VEHICLE TYPE CODE 1,VEHICLE TYPE CODE 2,Severity
20392031,4606798,02/19/2023,17:03,4b2ed6dd-8fb5-4bdb-af78-8fac0ea1b34d,Sedan,NISS -CAR/SUV,2008.0,2.0,,,Passing,Left Front Bumper,Left Front Bumper,Left Front Quarter Panel,,,N,,Aggressive Driving/Road Rage,Passing Too Closely,QUEENS,11416.0,"    (40.689945, -73.84252)",0.0,0.0,0,0,0,0,0,0,Sedan,Sedan,0
20408355,4614438,03/21/2023,11:00,b870ea67-31a6-47d3-959f-f253cb11d9f2,Sedan,HYUN -CAR/SUV,2013.0,1.0,M,Licensed,Going Straight Ahead,Right Front Bumper,Right Front Bumper,Right Front Quarter Panel,,,N,,Driver Inattention/Distraction,Driver Inexperience,,,"    (40.781662, -73.818985)",2.0,0.0,0,0,0,0,2,0,Sedan,Sedan,1
20416142,4618243,04/03/2023,19:40,19cc51d8-f684-419f-a66b-bf93174ccb05,Sedan,CHEV -CAR/SUV,2023.0,1.0,M,Licensed,Going Straight Ahead,Center Front End,Center Front End,Center Front End,Center Front End,Center Front End,N,,Unspecified,Unspecified,,,"    (40.669918, -73.91889)",0.0,0.0,0,0,0,0,0,0,Sedan,Sedan,0
20408926,4613723,03/19/2023,00:00,dc66a132-3944-4dd9-9927-964e129aa8e4,Station Wagon/Sport Utility Vehicle,HOND -CAR/SUV,2018.0,2.0,F,Licensed,Changing Lanes,Left Rear Quarter Panel,Left Rear Quarter Panel,Left Side Doors,Left Rear Bumper,,N,,Driver Inattention/Distraction,Unspecified,,,"    (40.667236, -73.770004)",3.0,0.0,0,0,0,0,3,0,Station Wagon/Sport Utility Vehicle,Station Wagon/Sport Utility Vehicle,1
20405176,4613120,03/15/2023,20:02,7c2aba90-7dcf-407d-8ccb-ef1fe04f585a,Sedan,NISS -CAR/SUV,2020.0,1.0,M,Licensed,Going Straight Ahead,Left Front Bumper,Left Front Bumper,Left Front Quarter Panel,No Damage,No Damage,N,,Unspecified,Unspecified,,,"    (40.74273, -73.77943)",0.0,0.0,0,0,0,0,0,0,Sedan,Tractor Truck Gasoline,0
20474793,4644820,07/11/2023,13:15,c4a47364-33b8-4b7c-89ad-8e858cb637ec,Taxi,HOND -CAR/SUV,2015.0,2.0,M,Licensed,Parked,Left Rear Bumper,Left Rear Bumper,No Damage,No Damage,No Damage,N,,Unspecified,Unspecified,MANHATTAN,10029.0,"    (40.795586, -73.950165)",1.0,0.0,0,0,0,0,1,0,Taxi,,1
20514884,4662736,09/16/2023,17:18,44dc43d1-0974-4980-95cb-ea479070df87,Sedan,KIA -CAR/SUV,2023.0,0.0,M,Licensed,Going Straight Ahead,Center Front End,No Damage,,,,N,,Unspecified,Unspecified,QUEENS,11435.0,"    (40.706978, -73.813065)",1.0,0.0,0,0,0,0,0,0,Sedan,E-Scooter,1
20383139,4603302,02/05/2023,22:03,01f02b51-878b-4dcc-96b8-dad496d4a0df,Motorcycle,IND -MCL,2022.0,2.0,M,Licensed,Going Straight Ahead,Left Front Bumper,Left Front Bumper,,,,N,,Alcohol Involvement,Unspecified,MANHATTAN,10011.0,"    (40.738686, -73.99588)",2.0,0.0,0,0,0,0,2,0,Station Wagon/Sport Utility Vehicle,Motorcycle,1
20412276,4616405,03/24/2023,23:13,e14d5ca9-2825-4f63-9810-52c9b2a7fe2b,Station Wagon/Sport Utility Vehicle,TESL -CAR/SUV,2023.0,0.0,,,Parked,Center Back End,Center Back End,No Damage,No Damage,No Damage,N,,Unspecified,Unspecified,BROOKLYN,11220.0,"    (40.639996, -74.00488)",0.0,0.0,0,0,0,0,0,0,Station Wagon/Sport Utility Vehicle,,0
20395549,4608886,02/27/2023,07:36,4ac0ff0f-6dca-4a0b-beaf-ff7e79ee31d3,Station Wagon/Sport Utility Vehicle,ACUR -CAR/SUV,2007.0,0.0,,,Parked,Right Rear Quarter Panel,Right Rear Quarter Panel,,,,Unspecified,,Unspecified,Unspecified,BROOKLYN,11222.0,"    (40.729153, -73.94224)",1.0,0.0,0,0,0,0,1,0,Station Wagon/Sport Utility Vehicle,Station Wagon/Sport Utility Vehicle,1
20423760,4620805,04/14/2023,17:50,dd715853-c9ae-4528-a591-4e4861d5ebf4,Station Wagon/Sport Utility Vehicle,INFI -CAR/SUV,2012.0,3.0,M,Licensed,Going Straight Ahead,Left Rear Quarter Panel,Left Rear Quarter Panel,Left Rear Bumper,,,N,,Failure to Yield Right-of-Way,Unspecified,QUEENS,11420.0,"    (40.67851, -73.81435)",1.0,0.0,0,0,0,0,1,0,Station Wagon/Sport Utility Vehicle,Sedan,1
20546305,4677306,11/07/2023,22:15,d196133f-df2e-432b-a5cc-df8c55cb25dd,Station Wagon/Sport Utility Vehicle,FORD -CAR/SUV,2022.0,1.0,M,Licensed,Going Straight Ahead,Right Side Doors,Right Side Doors,,,,N,,Passing or Lane Usage Improper,Unspecified,,,,1.0,0.0,0,0,0,0,1,0,4 dr sedan,Station Wagon/Sport Utility Vehicle,1
20460262,4637950,06/15/2023,15:00,c888a2c7-3133-41f4-8f16-d9bd9b6d7aea,Sedan,HOND -CAR/SUV,2014.0,1.0,M,Licensed,Parked,Left Front Quarter Panel,Left Front Quarter Panel,,,,N,,Unspecified,Unspecified,QUEENS,11435.0,"    (40.694313, -73.806755)",0.0,0.0,0,0,0,0,0,0,Sedan,Bus,0
20390758,4606590,02/17/2023,14:50,621d92c5-4bff-4a84-8ef4-d6bff25d429f,Bus,Nova,2017.0,1.0,M,Licensed,Making Right Turn,Right Side Doors,Right Side Doors,No Damage,No Damage,No Damage,Y,,Unspecified,Unspecified,MANHATTAN,10009.0,"    (40.725876, -73.97754)",0.0,0.0,0,0,0,0,0,0,Bus,,0
20389034,4605866,02/11/2023,01:57,f28c5cb4-660b-4887-b5f0-bc10c05b24b9,Station Wagon/Sport Utility Vehicle,VOLV -CAR/SUV,2022.0,0.0,,,Parked,Left Front Quarter Panel,Left Rear Quarter Panel,Left Side Doors,,,N,,Unspecified,Unspecified,BRONX,10461.0,"    (40.840294, -73.82857)",0.0,0.0,0,0,0,0,0,0,Station Wagon/Sport Utility Vehicle,,0
20503353,4649857,07/27/2023,11:20,51212c01-124e-471d-97c9-6bd3d93eed7e,Sedan,BMW -CAR/SUV,2020.0,1.0,F,Licensed,Stopped in Traffic,Left Rear Bumper,Left Rear Bumper,Left Rear Quarter Panel,Center Back End,,N,,Unspecified,Unspecified,BROOKLYN,11203.0,"    (40.64461, -73.9267)",1.0,0.0,0,0,0,0,1,0,Ambulance,Sedan,1
20517956,4664300,09/21/2023,05:30,1e20f435-1404-4318-af17-49b5ea056e24,Station Wagon/Sport Utility Vehicle,NISS -CAR/SUV,2016.0,0.0,,,Parked,Center Front End,Center Front End,Right Front Bumper,Left Front Bumper,No Damage,N,,Unspecified,Unspecified,BROOKLYN,11204.0,"    (40.618965, -73.99037)",0.0,0.0,0,0,0,0,0,0,Station Wagon/Sport Utility Vehicle,Station Wagon/Sport Utility Vehicle,0
20566205,4686350,12/09/2023,20:30,eb34219c-929b-438e-bffc-cfda5543e654,Sedan,LEXS -CAR/SUV,2015.0,1.0,M,Licensed,Making Left Turn,Center Front End,Center Front End,,,,N,,Unspecified,Unspecified,BROOKLYN,11208.0,"    (40.67818, -73.870705)",1.0,0.0,0,0,1,0,0,0,Sedan,Bike,1
20421721,4620628,04/14/2023,21:51,4f479e15-4390-4227-9a8b-7c07cbb3635f,Sedan,TOYT -CAR/SUV,2020.0,1.0,M,Licensed,Going Straight Ahead,Center Front End,Center Front End,No Damage,No Damage,No Damage,N,,Unspecified,Unspecified,MANHATTAN,10002.0,"    (40.712463, -73.99241)",1.0,0.0,1,0,0,0,0,0,Sedan,,1
20454000,4635284,06/05/2023,08:50,8c6531f1-f710-4d8d-9f74-ad20abdae16c,Sedan,TOYT -CAR/SUV,2019.0,1.0,,,Making U Turn,Center Front End,No Damage,,,,N,,Driver Inattention/Distraction,Turning Improperly,MANHATTAN,10021.0,"    (40.765545, -73.95471)",1.0,0.0,1,0,0,0,0,0,Sedan,,1
20514740,4662693,09/12/2023,14:30,6214d5c4-dae9-48ff-97da-f2f739fe4d81,Tractor Truck Diesel,ALL OWNED,,1.0,M,,Going Straight Ahead,No Damage,No Damage,No Damage,No Damage,No Damage,N,,Passing or Lane Usage Improper,Unspecified,BROOKLYN,11216.0,"    (40.678722, -73.952995)",0.0,0.0,0,0,0,0,0,0,Sedan,Tractor Truck Diesel,0
20543786,4676066,11/03/2023,08:10,41297386-135a-4a18-af73-6ead22fd1697,Tractor Truck Diesel,PTRB-TRUCK/BUS,2018.0,1.0,M,Licensed,Going Straight Ahead,Center Front End,No Damage,,,,N,,Unspecified,Unspecified,,,"    (40.731083, -73.83442)",3.0,0.0,0,0,0,0,3,0,Tractor Truck Diesel,Station Wagon/Sport Utility Vehicle,1
20575426,4690814,11/03/2023,07:45,e1cbfd3b-56de-4a44-bac0-8617d89a52b7,Station Wagon/Sport Utility Vehicle,HOND -CAR/SUV,2023.0,1.0,F,Licensed,Going Straight Ahead,Right Front Quarter Panel,Right Front Quarter Panel,Right Front Bumper,,,Unspecified,,Unspecified,Unspecified,BROOKLYN,11233.0,"    (40.67538, -73.9082)",0.0,0.0,0,0,0,0,0,0,Station Wagon/Sport Utility Vehicle,Station Wagon/Sport Utility Vehicle,0
20551006,4679180,11/14/2023,16:00,058476af-59c5-420c-8d97-1c5c2a25e96c,Station Wagon/Sport Utility Vehicle,ACUR -CAR/SUV,,,,,Going Straight Ahead,,,,,,Unspecified,,,,BROOKLYN,11208.0,"    (40.682575, -73.86619)",0.0,0.0,0,0,0,0,0,0,Station Wagon/Sport Utility Vehicle,Station Wagon/Sport Utility Vehicle,0
20571601,4689088,12/16/2023,12:42,f016ba95-f886-44f5-b776-a29eb6f62a9a,Station Wagon/Sport Utility Vehicle,MERZ -CAR/SUV,2021.0,1.0,F,Licensed,Making U Turn,Left Side Doors,Left Side Doors,No Damage,No Damage,No Damage,N,,Turning Improperly,Passing or Lane Usage Improper,MANHATTAN,10027.0,"    (40.808125, -73.94634)",1.0,0.0,0,0,1,0,0,0,Station Wagon/Sport Utility Vehicle,Bike,1
20481157,4647458,07/20/2023,03:15,46382839-9ee8-44a3-9f63-bccdbe669fbb,Sedan,STRN -CAR/SUV,1993.0,0.0,,,Parked,Left Rear Bumper,Left Rear Quarter Panel,Center Back End,,,N,,Unspecified,Unspecified,STATEN ISLAND,10304.0,"    (40.615368, -74.08275)",0.0,0.0,0,0,0,0,0,0,Sedan,Sedan,0
20396431,4608980,02/25/2023,11:29,efc64d25-36ff-47e5-bb74-57d2c5340b03,Station Wagon/Sport Utility Vehicle,TOYT -CAR/SUV,2002.0,3.0,F,Licensed,Slowing or Stopping,Right Front Bumper,Right Front Bumper,Center Back End,,,N,,Following Too Closely,Unspecified,,,,0.0,0.0,0,0,0,0,0,0,Station Wagon/Sport Utility Vehicle,Station Wagon/Sport Utility Vehicle,0
20525316,4667536,10/03/2023,15:32,2922755a-a809-4766-b886-a0af0bd1b871,Sedan,TOYT -CAR/SUV,2018.0,2.0,M,Licensed,Going Straight Ahead,Center Front End,Center Front End,Left Front Bumper,Right Front Bumper,,N,,Unspecified,Unspecified,QUEENS,11432.0,"    (40.71302, -73.79141)",0.0,0.0,0,0,0,0,0,0,Sedan,Sedan,0
20436017,4626805,05/04/2023,08:10,ee75ee81-9e83-4861-9af8-207f6caa0fd6,Bus,INTL-TRUCK/BUS,2008.0,39.0,M,Licensed,Going Straight Ahead,Left Front Bumper,Left Front Bumper,Center Front End,Right Front Bumper,Left Front Quarter Panel,N,,Reaction to Uninvolved Vehicle,Unspecified,,,"    (40.722095, -73.77772)",3.0,0.0,0,0,0,0,3,0,Bus,Station Wagon/Sport Utility Vehicle,1
20532921,4671118,10/12/2023,12:40,c0eae796-90c7-4b00-b99d-34c41ec625d2,Sedan,UNKNOWN,2020.0,0.0,,,Going Straight Ahead,No Damage,No Damage,,,,N,,Unspecified,Unspecified,MANHATTAN,10012.0,"    (40.729168, -74.0012)",0.0,0.0,0,0,0,0,0,0,Sedan,Sedan,0
20451128,4634091,06/02/2023,01:30,b5c02ef0-f197-4f99-9ab9-ec40e9485047,Sedan,TOYT -CAR/SUV,2016.0,0.0,M,Licensed,Making Right Turn,Left Front Bumper,Left Front Bumper,Left Front Quarter Panel,,,N,,Unspecified,Unspecified,,,,1.0,0.0,0,0,0,0,1,0,Sedan,Sedan,1
20481866,4647680,07/19/2023,18:07,cf3b5932-6860-4c35-8f1d-9212fa8afd11,Sedan,FLEET,2022.0,1.0,M,Licensed,Going Straight Ahead,Right Front Bumper,Right Front Bumper,Right Front Quarter Panel,,,N,,Unspecified,Unspecified,BROOKLYN,11229.0,"    (40.604343, -73.9494)",2.0,0.0,0,0,0,0,2,0,Sedan,Sedan,1
20527334,4666124,09/28/2023,06:13,83b65678-cacd-4f20-90a6-4f25acb245f6,van,Ford,2017.0,1.0,M,Licensed,Going Straight Ahead,Left Front Bumper,Center Front End,Right Front Bumper,,,N,,Reaction to Uninvolved Vehicle,Reaction to Uninvolved Vehicle,QUEENS,11434.0,"    (40.66684, -73.78941)",0.0,0.0,0,0,0,0,0,0,Omnibus,van,0
20455186,4635645,05/30/2023,14:00,f4a95b4b-6ab5-4595-a6d3-c43deda70baa,Sedan,HOND -CAR/SUV,2016.0,2.0,M,Licensed,Going Straight Ahead,Left Rear Bumper,Center Front End,Right Front Quarter Panel,Left Front Quarter Panel,Left Rear Quarter Panel,Y,,Unspecified,Unspecified,,,"    (40.837646, -73.85101)",2.0,0.0,0,0,0,0,2,0,Sedan,Sedan,1
20499021,4655581,08/19/2023,22:27,b3cb6263-798b-4582-860c-26bda7adcc1f,Station Wagon/Sport Utility Vehicle,TOYT -CAR/SUV,2021.0,1.0,M,Licensed,Going Straight Ahead,Left Front Bumper,Left Front Bumper,Center Front End,,,N,,Unspecified,Unspecified,BRONX,10454.0,"    (40.803272, -73.918884)",0.0,0.0,0,0,0,0,0,0,Station Wagon/Sport Utility Vehicle,,0
20494423,4653473,08/11/2023,23:20,1db25739-f339-41af-ab5b-c592af0ded80,Ambulance,FORD-TRUCK/BUS,2017.0,2.0,M,Licensed,Going Straight Ahead,Left Side Doors,Left Side Doors,Left Side Doors,Left Side Doors,Left Side Doors,N,,Unspecified,Unspecified,MANHATTAN,10016.0,"    (40.739494, -73.97663)",0.0,0.0,0,0,0,0,0,0,Ambulance,Bus,0
20387759,4605358,02/10/2023,06:15,83786154-e9e1-4007-aab5-6224bfcd30b3,Station Wagon/Sport Utility Vehicle,CHEV -CAR/SUV,2003.0,1.0,M,Licensed,Going Straight Ahead,Center Front End,Right Front Bumper,Left Front Bumper,,,N,,Unspecified,Unspecified,BROOKLYN,11232.0,"    (40.654953, -74.00703)",1.0,0.0,0,0,0,0,1,0,Station Wagon/Sport Utility Vehicle,,1
20417555,4618767,03/16/2023,07:50,703a5b70-10bb-4d71-9489-b95dfe97f467,Station Wagon/Sport Utility Vehicle,STARC,2014.0,5.0,M,Licensed,Going Straight Ahead,Center Back End,Center Back End,Left Rear Bumper,,,N,,Unspecified,Unspecified,BRONX,10466.0,"    (40.896687, -73.84511)",1.0,0.0,0,0,0,0,1,0,Station Wagon/Sport Utility Vehicle,Sedan,1
20582035,4693600,12/28/2023,16:00,5b268813-d0df-4261-9773-33afb0650ac8,Sedan,DODG -CAR/SUV,2014.0,2.0,M,Licensed,Making Right Turn,Right Side Doors,Right Side Doors,,,,N,,Passing Too Closely,Passing or Lane Usage Improper,,,"    (0.0, 0.0)",0.0,0.0,0,0,0,0,0,0,Sedan,Station Wagon/Sport Utility Vehicle,0
20442923,4630067,05/18/2023,18:49,fafcf367-d0a2-4c7b-95d6-f40e30fed269,Station Wagon/Sport Utility Vehicle,TOYT -CAR/SUV,2015.0,1.0,M,Licensed,Making Left Turn,Left Side Doors,Left Side Doors,Left Front Quarter Panel,,,N,,Driver Inattention/Distraction,Driver Inattention/Distraction,QUEENS,11378.0,"    (40.724407, -73.91451)",0.0,0.0,0,0,0,0,0,0,Station Wagon/Sport Utility Vehicle,Station Wagon/Sport Utility Vehicle,0
20537239,4673114,10/22/2023,18:01,6ba6e2b1-91a7-4db5-8d2a-82f02db5fab0,Sedan,MAZD -CAR/SUV,2018.0,1.0,F,,Going Straight Ahead,Right Front Quarter Panel,Right Front Quarter Panel,Center Front End,Right Front Bumper,Left Front Bumper,N,,Unsafe Speed,Aggressive Driving/Road Rage,BRONX,10466.0,,0.0,0.0,0,0,0,0,0,0,Sedan,Sedan,0
20390235,4606272,02/16/2023,07:43,f50485d6-4d80-49af-99d6-4636c7411e2c,Sedan,FORD -CAR/SUV,2017.0,1.0,M,Licensed,Slowing or Stopping,Left Front Bumper,Left Front Bumper,,,,N,,Following Too Closely,Unspecified,,,"    (40.610508, -74.09576)",2.0,0.0,0,0,0,0,2,0,Station Wagon/Sport Utility Vehicle,Sedan,1
20371934,4598069,01/15/2023,03:52,76417819-ec8d-48bb-b4b0-7febd6fd5451,Sedan,HOND -CAR/SUV,2010.0,0.0,,,Parked,Left Front Bumper,Left Front Bumper,Center Front End,Right Front Bumper,No Damage,N,,Other Vehicular,Unspecified,BRONX,10469.0,"    (40.861973, -73.84449)",1.0,0.0,0,0,0,0,1,0,Sedan,Station Wagon/Sport Utility Vehicle,1
20511482,4661191,09/03/2023,18:50,b802e693-132e-4201-b229-2c3969cc5168,Sedan,NISS -CAR/SUV,,,,,Going Straight Ahead,Center Front End,Center Front End,,,,Unspecified,,Following Too Closely,Unspecified,,,"    (40.76874, -73.90881)",0.0,0.0,0,0,0,0,0,0,Sedan,Sedan,0
20576430,4691197,12/29/2023,18:55,e7579e63-d271-4c90-b82c-f015fb393bc8,Sedan,AUDI -CAR/SUV,2007.0,1.0,F,Licensed,Going Straight Ahead,Right Front Bumper,No Damage,No Damage,,,N,,Unspecified,Unspecified,BROOKLYN,11215.0,"    (40.66551, -73.992775)",1.0,0.0,1,0,0,0,0,0,Sedan,,1
20452493,4634473,06/04/2023,03:35,aa52b3c9-c393-4767-943e-abea1b1fc7ba,LIMO,LINC -CAR/SUV,2019.0,1.0,M,Licensed,Going Straight Ahead,Left Front Bumper,Left Front Bumper,Center Front End,Left Front Bumper,Center Front End,N,,Unspecified,Unspecified,MANHATTAN,10012.0,"    (40.727287, -73.993645)",1.0,0.0,0,0,0,0,1,0,LIMO,Moped,1
20408431,4614685,03/19/2023,10:45,9bd829ca-959d-40ae-b544-6a8e60c28b4e,Sedan,FERR -CAR/SUV,2017.0,1.0,M,Licensed,Making Left Turn,Center Front End,Center Front End,No Damage,No Damage,No Damage,N,,Following Too Closely,Unspecified,MANHATTAN,10029.0,"    (40.789165, -73.94305)",0.0,0.0,0,0,0,0,0,0,Sedan,Sedan,0
20498129,4655120,08/18/2023,09:40,4534dbcb-0365-40bd-98d8-7f134704ab5b,Station Wagon/Sport Utility Vehicle,TOYT -CAR/SUV,2016.0,0.0,,,Parked,Left Rear Quarter Panel,Left Rear Quarter Panel,,,,N,,Unspecified,Unspecified,,,"    (40.644688, -74.003586)",0.0,0.0,0,0,0,0,0,0,Station Wagon/Sport Utility Vehicle,,0
20401162,4607159,02/19/2023,15:48,2d8ca3db-4925-40a5-a005-82d7c4eabf01,Station Wagon/Sport Utility Vehicle,JEEP -CAR/SUV,2020.0,3.0,M,Licensed,Going Straight Ahead,Center Front End,Left Front Bumper,Left Front Bumper,Center Front End,Right Front Bumper,N,,Unspecified,Unspecified,,,"    (40.782887, -73.9439)",7.0,0.0,0,0,0,0,7,0,Station Wagon/Sport Utility Vehicle,Sedan,1
20479917,4639966,06/21/2023,17:24,7f1b9511-080b-4203-89bb-a48380c1aa72,Sedan,TOYT -CAR/SUV,2011.0,1.0,,,Making Left Turn,Left Front Quarter Panel,No Damage,No Damage,No Damage,No Damage,N,,Failure to Yield Right-of-Way,Passing Too Closely,BRONX,10451.0,"    (40.829144, -73.9287)",1.0,0.0,1,0,0,0,0,0,Sedan,,1
20556946,4682212,11/25/2023,17:50,36b0fc6a-a27b-44a6-b4a7-2c67a45b18b2,Station Wagon/Sport Utility Vehicle,CADI -CAR/SUV,2014.0,4.0,M,Licensed,Stopped in Traffic,Right Rear Bumper,Right Rear Bumper,No Damage,No Damage,No Damage,N,,Unspecified,Unspecified,,,"    (40.698536, -73.91788)",0.0,0.0,0,0,0,0,0,0,Station Wagon/Sport Utility Vehicle,Station Wagon/Sport Utility Vehicle,0
20528651,4668968,10/08/2023,13:50,a9f4c3f3-c4f0-445c-a584-555700061520,Tractor Truck Diesel,PTRB-TRUCK/BUS,2013.0,1.0,M,Licensed,Going Straight Ahead,Right Front Bumper,Right Front Bumper,Right Front Bumper,Right Front Bumper,Right Front Bumper,N,,Other Vehicular,Other Vehicular,,,"    (40.830975, -73.93209)",1.0,0.0,0,0,0,0,1,0,Tractor Truck Diesel,Sedan,1
20515781,4663390,09/10/2023,16:28,b8b81161-5b12-4950-8a4d-cfff7c722f85,Sedan,MERZ -CAR/SUV,2019.0,1.0,F,Licensed,Parked,No Damage,No Damage,No Damage,No Damage,No Damage,N,,Unspecified,Unspecified,MANHATTAN,10011.0,"    (40.739178, -73.991325)",0.0,0.0,0,0,0,0,0,0,Sedan,Sedan,0
20576020,4689362,12/21/2023,13:53,c02355bc-6fa9-48cd-bbf2-c95dfa8e69f3,Station Wagon/Sport Utility Vehicle,CHRY -CAR/SUV,2017.0,2.0,F,Licensed,Going Straight Ahead,Center Front End,Center Front End,Left Front Bumper,Right Front Bumper,Other,N,,Following Too Closely,Alcohol Involvement,,,,4.0,0.0,0,0,0,0,4,0,Station Wagon/Sport Utility Vehicle,Sedan,1
20364163,4594462,01/01/2023,06:45,35eec7d3-75e2-4f18-943b-eb8a1ddb6596,Sedan,HYUN -CAR/SUV,2022.0,1.0,,,Making Right Turn,Right Front Quarter Panel,Right Front Bumper,,,,N,,Driver Inattention/Distraction,Unsafe Lane Changing,QUEENS,11368.0,"    (40.73928, -73.85053)",1.0,0.0,0,0,0,0,1,0,Sedan,Sedan,1
20519319,4664869,09/18/2023,23:43,411aa0f4-7a2d-4343-8fa2-870788a94bbb,Moped,TANK III,2023.0,1.0,F,Unlicensed,Going Straight Ahead,Center Front End,Center Front End,,,,N,,Traffic Control Disregarded,Driver Inattention/Distraction,,,"    (40.68986, -73.95147)",1.0,0.0,0,0,0,0,1,0,Taxi,Moped,1
20491612,4652198,08/06/2023,17:01,1f45548a-b14b-41ad-a35a-50a83b7d7418,Sedan,CHEV -CAR/SUV,,2.0,M,Licensed,Changing Lanes,Right Rear Bumper,Right Rear Bumper,,,,N,,Passing or Lane Usage Improper,Unspecified,,,"    (40.722095, -73.77772)",0.0,0.0,0,0,0,0,0,0,Station Wagon/Sport Utility Vehicle,Sedan,0
20379070,4601294,01/17/2023,12:15,99fdcba0-8843-48c9-82c8-85ed737f1fe3,Station Wagon/Sport Utility Vehicle,TOYT -CAR/SUV,2005.0,0.0,,,Parked,Right Side Doors,Right Side Doors,Right Front Quarter Panel,,,N,,Unspecified,Unspecified,BRONX,10460.0,"    (40.840427, -73.886734)",2.0,0.0,0,0,0,0,2,0,Station Wagon/Sport Utility Vehicle,Sedan,1
20442290,4630104,05/18/2023,16:23,60ac6b83-9124-4905-9775-fca69c1566b1,Bus,IC,2006.0,9.0,M,Licensed,Going Straight Ahead,Center Back End,Center Back End,No Damage,No Damage,No Damage,N,,Unspecified,Unspecified,,,,0.0,0.0,0,0,0,0,0,0,Bus,Sedan,0
20489127,4651176,07/30/2023,22:10,71795176-97b6-48c2-a468-63e8e66c7ba6,Sedan,HOND -CAR/SUV,2005.0,1.0,M,Licensed,Going Straight Ahead,Left Side Doors,Left Rear Quarter Panel,,,,N,,Unspecified,Unspecified,BRONX,10460.0,"    (40.83928, -73.886604)",2.0,0.0,0,0,2,0,0,0,Sedan,E-Bike,1
20526970,4668235,09/27/2023,12:35,f3e2d8bb-8ddf-438c-8b0c-2cf26f044017,Sedan,FORD -CAR/SUV,2004.0,0.0,,,Parked,Left Rear Bumper,Left Rear Bumper,,,,N,,Unspecified,Unspecified,QUEENS,11385.0,,0.0,0.0,0,0,0,0,0,0,Sedan,Sedan,0
20380681,4602106,01/26/2023,20:00,1dc590cd-eece-4cbe-9810-c7084986ba0f,Sedan,TOYT -CAR/SUV,2021.0,1.0,M,Licensed,Going Straight Ahead,Left Front Bumper,Left Front Bumper,,,,N,,Unspecified,Unspecified,,,"    (40.766552, -73.77255)",0.0,0.0,0,0,0,0,0,0,Multi-Wheeled Vehicle,Sedan,0
20435870,4627020,05/06/2023,18:00,711de08b-b8c5-4e29-8eb4-436add16d534,Station Wagon/Sport Utility Vehicle,KIA -CAR/SUV,2014.0,1.0,F,Licensed,Going Straight Ahead,Center Back End,Center Back End,No Damage,No Damage,No Damage,N,,Unspecified,Unspecified,,,"    (40.764435, -73.72269)",0.0,0.0,0,0,0,0,0,0,Station Wagon/Sport Utility Vehicle,,0
20525026,4667482,10/03/2023,07:07,a6dadc2d-ccab-4922-9998-b625740f1e6b,Sedan,LEXS -CAR/SUV,2006.0,1.0,F,Licensed,Going Straight Ahead,Center Front End,Center Front End,,,Center Front End,N,,Unspecified,Unspecified,BROOKLYN,11236.0,"    (40.636044, -73.91644)",0.0,0.0,0,0,0,0,0,0,Sedan,Sedan,0
20506699,4659079,08/30/2023,21:47,a615dc27-9204-44a2-864d-49cdaf65e02f,Moped,JIAJUE TRANSPRO 150,2023.0,1.0,M,Licensed,Going Straight Ahead,Left Front Quarter Panel,Left Front Quarter Panel,,,,N,,Passing or Lane Usage Improper,Unspecified,MANHATTAN,10001.0,"    (40.749786, -73.98778)",1.0,0.0,0,0,0,0,1,0,Moped,Station Wagon/Sport Utility Vehicle,1
20470072,4642249,06/19/2023,20:50,df08570c-5c16-4eef-871c-affa3c33ecf4,Station Wagon/Sport Utility Vehicle,HOND -CAR/SUV,2016.0,1.0,M,Licensed,Making Right Turn,Center Front End,No Damage,No Damage,No Damage,No Damage,N,,Failure to Yield Right-of-Way,Driver Inattention/Distraction,QUEENS,11423.0,"    (40.71426, -73.77713)",1.0,0.0,1,0,0,0,0,0,Station Wagon/Sport Utility Vehicle,,1
20545824,4677208,11/02/2023,10:00,d27864f3-c87a-41ec-b249-c7788208c14a,Station Wagon/Sport Utility Vehicle,TOYT -CAR/SUV,2019.0,1.0,,,Going Straight Ahead,Left Front Quarter Panel,No Damage,No Damage,No Damage,No Damage,N,,Driver Inattention/Distraction,Unsafe Speed,MANHATTAN,10017.0,"    (40.753944, -73.972145)",1.0,0.0,1,0,0,0,0,0,Station Wagon/Sport Utility Vehicle,,1