UNIQUE_ID,COLLISION_ID,CRASH_DATE,CRASH_TIME,VEHICLE_ID,VEHICLE_TYPE,VEHICLE_MAKE,VEHICLE_YEAR,VEHICLE_OCCUPANTS,DRIVER_SEX,DRIVER_LICENSE_STATUS,PRE_CRASH,POINT_OF_IMPACT,VEHICLE_DAMAGE,VEHICLE_DAMAGE_1,VEHICLE_DAMAGE_2,VEHICLE_DAMAGE_3,PUBLIC_PROPERTY_DAMAGE,PUBLIC_PROPERTY_DAMAGE_TYPE,CONTRIBUTING_FACTOR_1,CONTRIBUTING_FACTOR_2,BOROUGH,ZIP CODE,LOCATION,NUMBER OF PERSONS INJURED,NUMBER OF PERSONS KILLED,NUMBER OF PEDESTRIANS INJURED,NUMBER OF PEDESTRIANS KILLED,NUMBER OF CYCLIST INJURED,NUMBER OF CYCLIST KILLED,NUMBER OF MOTORIST INJURED,NUMBER OF MOTORIST KILLED,VEHICLE TYPE CODE 1,VEHICLE TYPE CODE 2,Severity
20553135,4680462,11/06/2023,16:13,0ef43ed3-cdbe-49f2-adb5-400cf53e95c9,Station Wagon/Sport Utility Vehicle,JEEP -CAR/SUV,2019.0,1.0,M,Licensed,Making Left Turn,Left Front Bumper,No Damage,No Damage,No Damage,No Damage,N,,View Obstructed/Limited,Other Vehicular,BRONX,10468.0,,2.0,0.0,2,0,0,0,0,0,Station Wagon/Sport Utility Vehicle,,1
20391815,4607139,02/10/2023,17:20,cff562dd-c4e1-4321-98f3-c288758f8ed9,Sedan,INFI -CAR/SUV,2008.0,1.0,M,Licensed,Going Straight Ahead,Left Front Bumper,Left Front Bumper,Center Front End,Left Front Quarter Panel,,N,,Driver Inattention/Distraction,Unspecified,QUEENS,11432.0,"    (40.707714, -73.802795)",0.0,0.0,0,0,0,0,0,0,Sedan,Sedan,0
20578587,4691508,12/21/2023,15:00,cd55a273-2826-4879-bce7-7bb240b4a394,Sedan,VOLK -CAR/SUV,2011.0,0.0,,,Parked,Left Rear Bumper,Left Rear Bumper,,,,Unspecified,,Unspecified,Unspecified,QUEENS,11421.0,"    (40.692387, -73.86035)",1.0,0.0,0,0,0,0,1,0,Sedan,,1
20513026,4662115,09/13/2023,10:16,4e99c134-e8f3-4614-b5ba-2f83d7644983,Sedan,TOYT -CAR/SUV,2010.0,1.0,,,Going Straight Ahead,Right Front Bumper,Right Front Bumper,,,,N,,Tire Failure/Inadequate,Unspecified,,,,0.0,0.0,0,0,0,0,0,0,Sedan,Sedan,0
20559523,4683471,09/29/2023,13:00,12036138-4503-4b26-9b1a-e1018f3f3643,Sedan,INFI -CAR/SUV,2008.0,1.0,F,Licensed,Stopped in Traffic,Left Front Bumper,Center Front End,Left Front Quarter Panel,,,N,,Unspecified,Unspecified,,,"    (40.639706, -74.13909)",0.0,0.0,0,0,0,0,0,0,Sedan,FDNY FIRE,0
20536950,4672901,10/13/2023,16:35,8c72499f-8abd-4d30-a338-601a16e29f03,Station Wagon/Sport Utility Vehicle,FORD -CAR/SUV,2017.0,2.0,M,,Going Straight Ahead,Left Side Doors,Left Side Doors,No Damage,No Damage,No Damage,N,,Unspecified,Unspecified,MANHATTAN,10035.0,"    (40.804596, -73.937965)",0.0,0.0,0,0,0,0,0,0,Station Wagon/Sport Utility Vehicle,Box Truck,0
20561871,4684477,11/29/2023,16:45,589eac0c-fe37-482c-ba4d-043be17dda06,Sedan,MERZ -CAR/SUV,2005.0,1.0,F,Licensed,Stopped in Traffic,Right Rear Quarter Panel,Right Side Doors,Right Front Quarter Panel,,,N,,Unspecified,Unspecified,BRONX,10470.0,"    (40.9046, -73.852936)",1.0,0.0,0,0,0,0,1,0,Sedan,Station Wagon/Sport Utility Vehicle,1
20370208,4597213,01/02/2023,22:40,6ffae84a-0156-425c-9a95-2c1a79eb46a5,Station Wagon/Sport Utility Vehicle,MERZ -CAR/SUV,2011.0,1.0,M,Licensed,Going Straight Ahead,Left Front Bumper,Center Front End,Right Front Bumper,Center Back End,Right Rear Bumper,N,,Unspecified,Unspecified,,,"    (40.7106, -73.98469)",1.0,0.0,0,0,0,0,1,0,PK,Station Wagon/Sport Utility Vehicle,1
20574001,4690142,12/24/2023,20:17,45d0fe3f-42ae-4091-b18a-25d987032a12,Station Wagon/Sport Utility Vehicle,LEXS -CAR/SUV,2005.0,1.0,F,Licensed,Making Left Turn,Left Rear Bumper,Left Rear Bumper,No Damage,No Damage,No Damage,N,,Unspecified,Unspecified,MANHATTAN,10001.0,"    (40.75326, -74.00383)",0.0,0.0,0,0,0,0,0,0,Station Wagon/Sport Utility Vehicle,,0
20452446,4634361,06/02/2023,23:55,5ef81c30-0dcf-41b9-bcea-0c3074c0eace,Station Wagon/Sport Utility Vehicle,TOYT -CAR/SUV,2012.0,1.0,,,Going Straight Ahead,Left Front Bumper,Left Front Bumper,No Damage,No Damage,No Damage,N,,Driver Inattention/Distraction,,BROOKLYN,11208.0,"    (40.671597, -73.88018)",0.0,0.0,0,0,0,0,0,0,Station Wagon/Sport Utility Vehicle,Station Wagon/Sport Utility Vehicle,0
20555945,4681776,11/22/2023,19:20,ec89a7ab-8a01-4e90-9006-7405c97bd52e,Pick-up Truck,DODG -CAR/SUV,2011.0,1.0,,,Going Straight Ahead,Left Front Bumper,Other,,,,N,,Passing Too Closely,Unspecified,,,"    (40.770824, -73.9032)",0.0,0.0,0,0,0,0,0,0,Sedan,Pick-up Truck,0
20573856,4690022,12/21/2023,18:00,e302c0a2-f485-48a0-8f08-b8f02f41bf24,,CADI -CAR/SUV,2008.0,,,,,,,,,,Unspecified,,Failure to Yield Right-of-Way,Unspecified,,,"    (40.705837, -73.902466)",0.0,0.0,0,0,0,0,0,0,Sedan,,0
20471259,4643255,07/04/2023,07:32,d8872974-272a-4225-a4a8-01b6138ce13f,Sedan,BMW -CAR/SUV,2014.0,1.0,M,,Parked,Left Front Quarter Panel,Left Front Quarter Panel,Left Rear Quarter Panel,,,N,,Unspecified,Unspecified,MANHATTAN,10032.0,"    (40.834114, -73.941124)",0.0,0.0,0,0,0,0,0,0,Sedan,Bus,0
20470417,4642539,07/03/2023,21:03,dc0e4c0f-4eb7-408a-b3d3-ed35a10fd018,Sedan,TOYT -CAR/SUV,2019.0,2.0,M,Licensed,Starting from Parking,Left Front Quarter Panel,Left Front Quarter Panel,Left Front Bumper,Left Side Doors,Left Front Quarter Panel,N,,Driver Inattention/Distraction,Unspecified,BROOKLYN,11226.0,"    (40.650875, -73.94831)",1.0,0.0,0,0,0,0,1,0,Sedan,Station Wagon/Sport Utility Vehicle,1
20535166,4672232,10/21/2023,04:02,32f0844f-039a-46e5-a9a4-54a7be604e34,Station Wagon/Sport Utility Vehicle,TOYT -CAR/SUV,2023.0,1.0,M,Licensed,Going Straight Ahead,Left Rear Bumper,Left Rear Bumper,Left Rear Bumper,Center Back End,Right Rear Bumper,N,,Unspecified,Unspecified,,,"    (40.75426, -73.74334)",0.0,0.0,0,0,0,0,0,0,Sedan,Station Wagon/Sport Utility Vehicle,0
20404798,4612949,03/06/2023,12:42,0f5c1f15-4eef-43db-8c6f-23f80b7bb545,Station Wagon/Sport Utility Vehicle,HOND -CAR/SUV,2017.0,2.0,M,Licensed,Stopped in Traffic,Center Back End,Right Rear Bumper,Right Rear Quarter Panel,Center Back End,,N,,Unspecified,Unspecified,BRONX,10458.0,"    (40.855793, -73.88738)",0.0,0.0,0,0,0,0,0,0,Station Wagon/Sport Utility Vehicle,Sedan,0
20389645,4606141,02/04/2023,18:50,18f1db50-b0f2-4248-8e36-f03c32989354,Bus,VANHO,2013.0,0.0,,,Parked,Left Side Doors,Left Side Doors,No Damage,No Damage,No Damage,N,,Oversized Vehicle,Other Vehicular,BROOKLYN,11237.0,"    (40.712532, -73.92342)",0.0,0.0,0,0,0,0,0,0,Ambulance,Bus,0
20509433,4660398,08/31/2023,19:05,6648ed87-05e5-4a67-a541-574b3bad4cea,Sedan,HOND -CAR/SUV,2013.0,2.0,F,Licensed,Going Straight Ahead,Right Front Bumper,Right Front Bumper,Center Front End,Center Front End,Left Front Bumper,N,,Unspecified,Unspecified,BRONX,10454.0,"    (40.803555, -73.92182)",1.0,0.0,0,0,0,0,1,0,Motorcycle,Sedan,1
20474016,4644067,07/03/2023,17:28,8ce6b5d9-aff1-4eaa-a9ba-6af763c14077,Station Wagon/Sport Utility Vehicle,TOYT -CAR/SUV,2011.0,2.0,F,Licensed,Making Right Turn,Left Front Bumper,No Damage,,,,Unspecified,,Unspecified,Unspecified,BROOKLYN,11230.0,"    (40.626568, -73.970924)",1.0,0.0,0,0,1,0,0,0,Station Wagon/Sport Utility Vehicle,Bike,1
20455046,4635702,06/06/2023,16:25,792fee5b-92b1-408e-8999-aaf6d1b6b7fa,Motorcycle,YAMA -MCL,2020.0,0.0,M,Licensed,Parked,Center Front End,Center Front End,Right Front Bumper,No Damage,No Damage,N,,Unspecified,Unspecified,MANHATTAN,10017.0,"    (40.754787, -73.97028)",0.0,0.0,0,0,0,0,0,0,Motorcycle,Van,0
20385844,4604411,02/09/2023,18:50,8e573922-3475-43f1-922a-2e108e27d0d7,Sedan,SUBA -CAR/SUV,2005.0,1.0,M,Licensed,Changing Lanes,Left Front Bumper,Center Front End,Right Front Bumper,,,N,,Unspecified,Unspecified,,,"    (40.732613, -73.925156)",0.0,0.0,0,0,0,0,0,0,Sedan,,0
20384397,4603678,02/06/2023,09:35,97554ae9-7257-488e-878f-44ca7af11c3a,Sedan,HYUN -CAR/SUV,2019.0,2.0,M,Licensed,Going Straight Ahead,Left Rear Quarter Panel,Left Rear Quarter Panel,Left Rear Quarter Panel,Left Rear Quarter Panel,Left Rear Quarter Panel,N,,Unspecified,Unspecified,,,"    (40.676937, -73.92183)",1.0,0.0,0,0,0,0,1,0,Sedan,,1
20499075,4655491,08/19/2023,00:08,6cd1b854-0f44-47ad-9db1-94e1e84ed4a7,Sedan,HOND -CAR/SUV,2022.0,1.0,F,Licensed,Going Straight Ahead,Left Rear Bumper,Left Rear Bumper,Left Rear Quarter Panel,Center Back End,,N,,Unspecified,Unspecified,QUEENS,11421.0,"    (40.688046, -73.8564)",0.0,0.0,0,0,0,0,0,0,Sedan,Sedan,0
20567232,4685143,12/06/2023,17:30,1f6eff31-080b-475f-9493-fe85f74cf297,Sedan,MNNI -CAR/SUV,2005.0,1.0,F,Licensed,Making Left Turn,Center Front End,Left Front Bumper,Right Front Bumper,Left Front Quarter Panel,Left Side Doors,N,,Failure to Yield Right-of-Way,Driver Inattention/Distraction,BROOKLYN,11215.0,"    (40.65668, -73.97818)",0.0,0.0,0,0,0,0,0,0,Sedan,Sedan,0
20504818,4658132,08/27/2023,23:40,992733b0-0677-42b2-83aa-cbfbd23eff64,,PREVOST,2006.0,1.0,,,,Right Front Quarter Panel,Right Side Doors,,,,N,,Passing or Lane Usage Improper,Aggressive Driving/Road Rage,BROOKLYN,11249.0,"    (40.69819, -73.96191)",0.0,0.0,0,0,0,0,0,0,Station Wagon/Sport Utility Vehicle,,0
20416117,4612968,03/15/2023,00:40,13097cf3-c207-4e1d-9564-2dfa6011591c,Sedan,NISS -CAR/SUV,2015.0,1.0,M,Licensed,Stopped in Traffic,Center Back End,Center Back End,No Damage,No Damage,No Damage,N,,Unspecified,Unspecified,BRONX,10467.0,"    (40.87739, -73.8665)",2.0,0.0,0,0,0,0,2,0,Sedan,Station Wagon/Sport Utility Vehicle,1
20575457,4690717,12/27/2023,12:30,eb53c5ac-870b-4408-b1fc-08c024087895,Sedan,LEXS -CAR/SUV,2020.0,1.0,M,Licensed,Making U Turn,Left Front Bumper,Left Front Bumper,Left Front Quarter Panel,No Damage,No Damage,N,,Driver Inattention/Distraction,Failure to Yield Right-of-Way,STATEN ISLAND,10301.0,"    (40.614597, -74.102104)",0.0,0.0,0,0,0,0,0,0,Station Wagon/Sport Utility Vehicle,Sedan,0
20378172,4599948,01/23/2023,21:45,486c68bc-29d7-417e-8c33-d000996ec45d,Station Wagon/Sport Utility Vehicle,JEEP -CAR/SUV,2004.0,1.0,F,Licensed,Making Left Turn,Left Front Bumper,Center Front End,Left Front Quarter Panel,Right Front Bumper,,N,,Unspecified,Unspecified,QUEENS,11434.0,"    (40.683655, -73.78266)",0.0,0.0,0,0,0,0,0,0,Station Wagon/Sport Utility Vehicle,Station Wagon/Sport Utility Vehicle,0
20574798,4690500,12/27/2023,09:01,3c4270a9-9621-4076-a6a2-9f888f2409a2,Station Wagon/Sport Utility Vehicle,HOND -CAR/SUV,2020.0,2.0,M,Licensed,Going Straight Ahead,Center Back End,Center Back End,Right Rear Bumper,Left Rear Bumper,,N,,Unspecified,Unspecified,BROOKLYN,11234.0,"    (40.621563, -73.939125)",2.0,0.0,0,0,0,0,2,0,Station Wagon/Sport Utility Vehicle,PK,1
20529800,4669698,10/10/2023,19:32,57d3f618-de20-40eb-a70a-6a03f6d908e9,Station Wagon/Sport Utility Vehicle,TOYT -CAR/SUV,2020.0,3.0,M,Licensed,Going Straight Ahead,Left Rear Quarter Panel,Left Rear Quarter Panel,Left Side Doors,,,N,,Unspecified,Unspecified,BROOKLYN,11204.0,"    (40.624287, -73.99103)",4.0,0.0,0,0,0,0,4,0,Station Wagon/Sport Utility Vehicle,Station Wagon/Sport Utility Vehicle,1
20388918,4605742,02/06/2023,15:20,f3c1ca7f-42de-4c02-8127-cd3c76d50954,Station Wagon/Sport Utility Vehicle,MITS -CAR/SUV,2022.0,1.0,F,Licensed,Slowing or Stopping,Center Back End,Center Back End,,,,N,,Unspecified,Unspecified,,,"    (40.700104, -73.94726)",1.0,0.0,0,0,0,0,1,0,Station Wagon/Sport Utility Vehicle,Station Wagon/Sport Utility Vehicle,1
20555417,4681499,11/16/2023,15:34,70f977ba-7d88-4414-b296-0c8ad50bc29c,Station Wagon/Sport Utility Vehicle,NISS -CAR/SUV,2019.0,2.0,F,,Going Straight Ahead,Right Front Quarter Panel,Right Front Quarter Panel,No Damage,No Damage,No Damage,N,,Unspecified,Unspecified,BROOKLYN,11226.0,"    (0.0, 0.0)",1.0,0.0,0,0,1,0,0,0,Station Wagon/Sport Utility Vehicle,Bike,1
20469807,4641337,06/26/2023,18:00,4e204d1d-c8dd-447b-8b7e-316c8580b95f,Station Wagon/Sport Utility Vehicle,KIA -CAR/SUV,2005.0,0.0,,,Parked,Right Front Bumper,Right Front Bumper,Right Front Quarter Panel,Right Front Bumper,,N,,Unspecified,Unspecified,BRONX,10458.0,"    (40.85191, -73.88363)",0.0,0.0,0,0,0,0,0,0,Station Wagon/Sport Utility Vehicle,Station Wagon/Sport Utility Vehicle,0
20449008,4633123,05/04/2023,13:40,121590e7-9b6b-42a3-af44-74557adf23d0,Sedan,MERZ -CAR/SUV,2016.0,1.0,M,Licensed,Slowing or Stopping,Center Front End,Center Front End,Left Front Bumper,Right Front Bumper,,N,,Following Too Closely,Unspecified,,,,0.0,0.0,0,0,0,0,0,0,Sedan,Sedan,0
20452173,4634256,06/01/2023,19:30,fd8a7174-23fb-4914-a8b9-20843bf81107,Station Wagon/Sport Utility Vehicle,FORD -CAR/SUV,2017.0,1.0,M,Licensed,Going Straight Ahead,Left Front Bumper,Left Front Bumper,No Damage,No Damage,No Damage,N,,Driver Inattention/Distraction,Unspecified,BRONX,10459.0,"    (40.81614, -73.894875)",0.0,0.0,0,0,0,0,0,0,Sedan,Station Wagon/Sport Utility Vehicle,0
20403794,4612414,03/12/2023,21:38,1ba5b7b2-48c1-4da3-81a6-cb15ed8f292c,Sedan,BUIC -CAR/SUV,2014.0,2.0,M,Licensed,Going Straight Ahead,Right Rear Quarter Panel,Right Rear Quarter Panel,,,,N,,Unspecified,Unspecified,,,"    (40.774, -73.83001)",2.0,0.0,0,0,0,0,2,0,Station Wagon/Sport Utility Vehicle,Sedan,1
20501576,4656617,08/16/2023,07:20,6c3cdfb7-dc25-4a51-964d-eaa1296bd57e,Station Wagon/Sport Utility Vehicle,TOYT -CAR/SUV,2012.0,1.0,F,Licensed,Going Straight Ahead,Center Front End,Center Front End,,,,N,,Unspecified,Unspecified,,,"    (40.870777, -73.81923)",0.0,0.0,0,0,0,0,0,0,Station Wagon/Sport Utility Vehicle,Station Wagon/Sport Utility Vehicle,0
20456833,4636501,06/11/2023,00:05,2715256b-c642-45cb-a89d-5435ce57577e,Station Wagon/Sport Utility Vehicle,CHEV -CAR/SUV,2017.0,1.0,M,Licensed,Going Straight Ahead,Left Front Quarter Panel,Left Front Quarter Panel,,Left Side Doors,Left Rear Quarter Panel,N,,Unspecified,Unspecified,QUEENS,11434.0,"    (40.6707, -73.77366)",0.0,0.0,0,0,0,0,0,0,Station Wagon/Sport Utility Vehicle,Flat Rack,0
20503939,4657708,08/26/2023,06:00,5ab15e1b-eec2-4ea9-8a74-2534ab4304ab,Sedan,INFI -CAR/SUV,2018.0,0.0,,,Parked,Left Front Bumper,Left Front Bumper,Center Front End,,,N,,Unspecified,Unspecified,BRONX,10462.0,"    (40.83967, -73.858116)",0.0,0.0,0,0,0,0,0,0,Sedan,,0
20420872,4620274,03/29/2023,14:30,4b45e448-fef7-4a3b-aa4f-19495c7be4c4,Sedan,JEEP -CAR/SUV,2021.0,1.0,F,Licensed,Going Straight Ahead,Left Front Bumper,Left Front Bumper,Left Front Bumper,Left Front Bumper,Left Front Bumper,N,,Unspecified,Unspecified,,,"    (40.84771, -73.93798)",0.0,0.0,0,0,0,0,0,0,Sedan,Sedan,0
20496262,4654224,08/14/2023,10:20,f6752e21-c1a1-4489-8778-9510024ec1cc,Station Wagon/Sport Utility Vehicle,TOYT -CAR/SUV,2021.0,1.0,F,Licensed,Going Straight Ahead,Center Front End,Center Front End,Right Front Bumper,Left Front Bumper,Undercarriage,N,,Unspecified,Unspecified,BRONX,10462.0,"    (40.843143, -73.85575)",1.0,0.0,0,0,0,0,1,0,Station Wagon/Sport Utility Vehicle,Station Wagon/Sport Utility Vehicle,1
20539232,4673914,10/26/2023,08:13,eb040120-7f2c-468c-b1ef-ec54664b7814,Station Wagon/Sport Utility Vehicle,NISS -CAR/SUV,2014.0,1.0,F,Licensed,Making Left Turn,Right Front Bumper,Right Front Bumper,Center Front End,No Damage,No Damage,N,,Failure to Yield Right-of-Way,Unspecified,QUEENS,11362.0,"    (40.76169, -73.73283)",0.0,0.0,0,0,0,0,0,0,Station Wagon/Sport Utility Vehicle,Station Wagon/Sport Utility Vehicle,0
20383893,4603528,02/05/2023,11:25,19f85c91-5345-4d7e-b50f-664a140c0a20,Station Wagon/Sport Utility Vehicle,JEEP -CAR/SUV,2014.0,1.0,M,Licensed,Going Straight Ahead,Left Front Quarter Panel,Left Front Quarter Panel,Left Rear Quarter Panel,Left Rear Quarter Panel,Left Side Doors,N,,Driver Inattention/Distraction,Unspecified,BRONX,10469.0,"    (40.861115, -73.85491)",2.0,0.0,0,0,0,0,2,0,Sedan,Station Wagon/Sport Utility Vehicle,1
20375517,4599467,01/17/2023,16:45,355d8f84-765e-495b-aa54-29062f87908b,Flat Bed,TOYT-TRUCK/BUS,2016.0,1.0,M,Licensed,Slowing or Stopping,Right Rear Bumper,Right Rear Bumper,,,,N,,Unspecified,Unspecified,,,,1.0,0.0,0,0,0,0,1,0,Flat Bed,Sedan,1
20452495,4634591,06/03/2023,08:20,855460a0-0932-4d49-977b-d659a067f187,Sedan,HOND -CAR/SUV,2019.0,1.0,F,Licensed,Entering Parked Position,Right Front Quarter Panel,Right Side Doors,Right Front Quarter Panel,Right Rear Quarter Panel,No Damage,N,,Driver Inattention/Distraction,Driver Inexperience,MANHATTAN,10014.0,"    (40.734562, -74.00543)",0.0,0.0,0,0,0,0,0,0,Sedan,Station Wagon/Sport Utility Vehicle,0
20478448,4645892,06/30/2023,10:55,b101c34f-090c-42b2-9c56-3f963c512136,Station Wagon/Sport Utility Vehicle,JEEP -CAR/SUV,2022.0,2.0,M,Licensed,Stopped in Traffic,Center Back End,Center Back End,Center Back End,Center Back End,Center Back End,N,,Unspecified,Unspecified,QUEENS,11433.0,"    (40.69297, -73.78024)",0.0,0.0,0,0,0,0,0,0,Station Wagon/Sport Utility Vehicle,,0
20415259,4617588,04/02/2023,13:00,983579bd-4fe9-4fc1-be0e-400b69c44925,Sedan,HYUN -CAR/SUV,2017.0,1.0,F,Licensed,Going Straight Ahead,Left Front Bumper,Left Front Bumper,,,,N,,Unspecified,Unspecified,BROOKLYN,11208.0,"    (40.680653, -73.86575)",0.0,0.0,0,0,0,0,0,0,Sedan,,0
20405958,4613544,03/12/2023,14:07,97c8fdbe-9660-4f3f-8f2f-2d6f54123958,Station Wagon/Sport Utility Vehicle,FORD -CAR/SUV,2019.0,2.0,M,Licensed,Making Left Turn,Left Front Bumper,Left Front Bumper,Left Front Bumper,Left Front Bumper,Left Front Bumper,N,,Driver Inattention/Distraction,Turning Improperly,MANHATTAN,10035.0,"    (40.788982, -73.93039)",1.0,0.0,0,0,0,0,1,0,Motorcycle,Station Wagon/Sport Utility Vehicle,1
20550700,4679248,10/26/2023,19:03,bbb53301-136e-4065-a370-8bddd67cc1d0,Sedan,HOND -CAR/SUV,2009.0,3.0,F,Licensed,Going Straight Ahead,Left Front Bumper,Left Front Bumper,Left Front Quarter Panel,No Damage,No Damage,N,,Driver Inattention/Distraction,Driver Inexperience,BRONX,10461.0,"    (40.84354, -73.843285)",1.0,0.0,0,0,0,0,1,0,Sedan,Station Wagon/Sport Utility Vehicle,1
20478784,4646015,07/09/2023,18:05,4a09d2b8-197d-4978-afc3-5ff3c1713ea3,Station Wagon/Sport Utility Vehicle,TOYT -CAR/SUV,2018.0,0.0,,,Parked,Left Front Quarter Panel,Left Side Doors,,,,N,,Unspecified,Unspecified,QUEENS,11429.0,"    (40.71256, -73.732994)",1.0,0.0,0,0,0,0,1,0,Station Wagon/Sport Utility Vehicle,Sedan,1
20456920,4636365,06/09/2023,23:40,9642dfed-c68b-400a-b263-c6157676abd4,Station Wagon/Sport Utility Vehicle,ALFA -CAR/SUV,2021.0,0.0,,,Parked,Left Rear Quarter Panel,Left Side Doors,Left Rear Quarter Panel,Left Front Quarter Panel,Left Rear Bumper,N,,Unspecified,Unspecified,QUEENS,11357.0,"    (40.789783, -73.81419)",0.0,0.0,0,0,0,0,0,0,Station Wagon/Sport Utility Vehicle,,0
20425122,4622071,04/20/2023,06:47,fe255397-85d5-47f9-b7e1-eb2e2c1ab70f,Station Wagon/Sport Utility Vehicle,HOND -CAR/SUV,2002.0,1.0,M,Licensed,Making Left Turn,Left Front Quarter Panel,No Damage,,,,N,,Failure to Yield Right-of-Way,Driver Inattention/Distraction,BRONX,10469.0,"    (40.87954, -73.85534)",1.0,0.0,1,0,0,0,0,0,Station Wagon/Sport Utility Vehicle,,1
20567483,4687062,12/13/2023,08:37,3596e300-ab53-442a-a545-0af6525b8afe,Station Wagon/Sport Utility Vehicle,BMW -CAR/SUV,2022.0,2.0,F,,Going Straight Ahead,Right Rear Bumper,Right Rear Bumper,,,,N,,Unspecified,Unspecified,BROOKLYN,11217.0,"    (40.67804, -73.98263)",0.0,0.0,0,0,0,0,0,0,Station Wagon/Sport Utility Vehicle,Station Wagon/Sport Utility Vehicle,0
20547753,4678012,11/10/2023,16:00,e46c9e95-74d9-497e-b8f5-972e10079c73,Sedan,TOYT -CAR/SUV,2013.0,2.0,F,Licensed,Going Straight Ahead,Right Rear Bumper,Right Rear Bumper,Center Back End,,,Unspecified,,Unspecified,Unspecified,BROOKLYN,11234.0,"    (40.634483, -73.91886)",2.0,0.0,0,0,0,0,2,0,Sedan,,1
20559287,4683154,11/29/2023,05:50,2aa9bf8d-c669-459c-98d8-c8fe21219f30,Tractor Truck Diesel,FRHT-TRUCK/BUS,2004.0,1.0,M,Licensed,Making Right Turn,Right Front Quarter Panel,Right Front Bumper,Right Front Quarter Panel,,,N,,Passing Too Closely,Turning Improperly,QUEENS,11356.0,"    (40.781647, -73.8367)",0.0,0.0,0,0,0,0,0,0,Station Wagon/Sport Utility Vehicle,Tractor Truck Diesel,0
20491593,4652099,08/06/2023,01:45,0f9b499a-e71e-4927-a533-e5310802cb8f,Station Wagon/Sport Utility Vehicle,TOYT -CAR/SUV,2014.0,3.0,M,Licensed,Going Straight Ahead,Center Front End,Center Front End,Left Front Bumper,Right Front Bumper,No Damage,N,,Unspecified,Unspecified,QUEENS,11370.0,"    (40.756897, -73.893196)",2.0,0.0,0,0,0,0,2,0,Station Wagon/Sport Utility Vehicle,Sedan,1
20518592,4664407,09/21/2023,20:12,c665ae5f-fe5b-4c39-a2c9-6bfc086e9999,Sedan,AUDI -CAR/SUV,2024.0,1.0,M,Licensed,Parked,Center Back End,Right Rear Bumper,Left Rear Bumper,Undercarriage,No Damage,N,,Obstruction/Debris,Unspecified,BRONX,10472.0,"    (40.82989, -73.873276)",6.0,0.0,0,0,0,0,6,0,Sedan,Station Wagon/Sport Utility Vehicle,1
20426103,4622434,04/22/2023,10:30,3cdfd844-6aa8-4779-a828-0b9891f46611,Station Wagon/Sport Utility Vehicle,FORD -CAR/SUV,2003.0,2.0,M,Licensed,Parked,Left Side Doors,Left Side Doors,,,,N,,Unspecified,Unspecified,QUEENS,11428.0,"    (40.71493, -73.7502)",1.0,0.0,0,0,0,0,1,0,Motorcycle,Sedan,1
20573348,4689643,12/24/2023,04:30,28572d28-74f3-4eb2-8c99-6394b5a4f76d,Sedan,TOYT -CAR/SUV,2002.0,1.0,M,Licensed,Going Straight Ahead,Center Front End,Center Front End,Right Front Bumper,Right Rear Quarter Panel,,N,,Unspecified,Unspecified,,,"    (40.711033, -73.7281)",1.0,0.0,0,0,0,0,1,0,Sedan,Sedan,1
20407922,4614391,03/17/2023,09:30,65704e7a-9948-4915-be75-5ebb5f6c542d,Station Wagon/Sport Utility Vehicle,CHRY -CAR/SUV,2013.0,0.0,M,Licensed,Parked,Left Front Quarter Panel,Left Front Quarter Panel,Left Side Doors,Left Rear Quarter Panel,Left Side Doors,N,,Unspecified,Unspecified,BROOKLYN,11235.0,"    (40.58115, -73.96376)",0.0,0.0,0,0,0,0,0,0,Station Wagon/Sport Utility Vehicle,Station Wagon/Sport Utility Vehicle,0
20546055,4677280,11/07/2023,22:30,4c70efbc-0176-4e17-bbf1-da82a09c3a14,Station Wagon/Sport Utility Vehicle,HOND -CAR/SUV,2007.0,0.0,F,Licensed,Making Right Turn,Right Rear Quarter Panel,Right Rear Quarter Panel,Right Rear Bumper,Right Side Doors,Right Front Quarter Panel,N,,Unspecified,Driver Inexperience,BRONX,10468.0,"    (40.873363, -73.88709)",0.0,0.0,0,0,0,0,0,0,Station Wagon/Sport Utility Vehicle,,0
20513500,4661936,09/12/2023,13:37,0e00f7bc-b6b6-45b8-9f80-58f757e3ce12,Station Wagon/Sport Utility Vehicle,HOND -CAR/SUV,2021.0,1.0,F,Licensed,Going Straight Ahead,Center Front End,Center Front End,,,,N,,Driver Inattention/Distraction,Passenger Distraction,BRONX,10462.0,"    (40.83419, -73.84525)",1.0,0.0,0,0,0,0,1,0,Sedan,Station Wagon/Sport Utility Vehicle,1
20513819,4662421,09/14/2023,09:07,14d4ae67-1d28-4b68-ba16-11340178ba7b,Station Wagon/Sport Utility Vehicle,JEEP -CAR/SUV,2015.0,2.0,F,Licensed,Going Straight Ahead,Center Front End,Center Front End,Left Front Bumper,Right Front Bumper,,N,,Unspecified,Unspecified,QUEENS,11375.0,"    (40.71958, -73.83978)",2.0,0.0,0,0,0,0,2,0,Sedan,Station Wagon/Sport Utility Vehicle,1