UNIQUE_ID,COLLISION_ID,CRASH_DATE,CRASH_TIME,VEHICLE_ID,VEHICLE_TYPE,VEHICLE_MAKE,VEHICLE_YEAR,VEHICLE_OCCUPANTS,DRIVER_SEX,DRIVER_LICENSE_STATUS,PRE_CRASH,POINT_OF_IMPACT,VEHICLE_DAMAGE,VEHICLE_DAMAGE_1,VEHICLE_DAMAGE_2,VEHICLE_DAMAGE_3,PUBLIC_PROPERTY_DAMAGE,PUBLIC_PROPERTY_DAMAGE_TYPE,CONTRIBUTING_FACTOR_1,CONTRIBUTING_FACTOR_2,BOROUGH,ZIP CODE,LOCATION,NUMBER OF PERSONS INJURED,NUMBER OF PERSONS KILLED,NUMBER OF PEDESTRIANS INJURED,NUMBER OF PEDESTRIANS KILLED,NUMBER OF CYCLIST INJURED,NUMBER OF CYCLIST KILLED,NUMBER OF MOTORIST INJURED,NUMBER OF MOTORIST KILLED,VEHICLE TYPE CODE 1,VEHICLE TYPE CODE 2,Severity
20555291,4681209,11/21/2023,20:14,c2dd3954-1a92-48e2-961d-bbc4bcd069e4,Sedan,TOYT -CAR/SUV,2021.0,1.0,F,Licensed,Going Straight Ahead,Left Side Doors,Left Side Doors,Left Front Quarter Panel,No Damage,No Damage,N,,Unspecified,Unspecified,,,"    (40.753765, -73.80489)",0.0,0.0,0,0,0,0,0,0,Sedan,,0
20536808,4672991,10/17/2023,20:00,4597a037-a6ac-4cbd-be41-197f682862da,Sedan,HOND -CAR/SUV,2009.0,3.0,M,Licensed,Going Straight Ahead,Right Front Quarter Panel,Right Front Quarter Panel,No Damage,No Damage,No Damage,N,,Unspecified,Unspecified,,,"    (40.723698, -74.00792)",0.0,0.0,0,0,0,0,0,0,Sedan,Sedan,0
20441532,4629562,04/13/2023,00:15,a59c373c-87f7-4fa1-ada8-b075e31b7658,Sedan,CHEV -CAR/SUV,2013.0,1.0,M,Licensed,Parked,Center Front End,Center Front End,,,,N,,Following Too Closely,Unspecified,,,"    (40.588997, -73.81629)",0.0,0.0,0,0,0,0,0,0,Sedan,Pick-up Truck,0
20497322,4654910,08/15/2023,21:50,33b169ea-5f15-4595-ba41-ee6c8fc30d52,Sedan,FORD -CAR/SUV,2014.0,1.0,M,Licensed,Going Straight Ahead,Right Side Doors,Right Side Doors,,,,N,,Unspecified,Unspecified,,,"    (40.862312, -73.929436)",1.0,0.0,0,0,1,0,0,0,Sedan,Bike,1
20487275,4650322,07/31/2023,06:43,9e9c2fc4-53e9-4b48-a28d-b434701f3677,Station Wagon/Sport Utility Vehicle,NISS -CAR/SUV,2006.0,1.0,M,Licensed,Going Straight Ahead,Center Front End,Left Front Bumper,Right Front Bumper,No Damage,No Damage,N,,Driver Inattention/Distraction,Unspecified,BROOKLYN,11229.0,"    (40.599907, -73.94664)",0.0,0.0,0,0,0,0,0,0,Station Wagon/Sport Utility Vehicle,Bus,0
20484067,4648870,07/17/2023,15:20,f014d53a-fb8e-40e8-a8f6-140d76879149,Sedan,AUDI -CAR/SUV,1997.0,1.0,F,Licensed,Going Straight Ahead,Left Front Bumper,No Damage,No Damage,No Damage,No Damage,N,,Unspecified,Unspecified,BROOKLYN,11234.0,"    (40.628876, -73.925026)",1.0,0.0,1,0,0,0,0,0,Sedan,,1
20525722,4667946,10/04/2023,15:15,7eb69f29-2596-4d31-8f84-89eb875c75ab,Station Wagon/Sport Utility Vehicle,TOYT -CAR/SUV,2023.0,1.0,M,Licensed,Going Straight Ahead,Center Front End,Center Front End,,,,N,,Unspecified,Unspecified,BROOKLYN,11218.0,"    (40.634735, -73.97386)",1.0,0.0,1,0,0,0,0,0,Station Wagon/Sport Utility Vehicle,,1
20559572,4683551,11/28/2023,06:15,126cda19-3be6-4488-b9f2-f1d12bc33287,Sedan,BUIC -CAR/SUV,2001.0,1.0,M,Licensed,Parked,Center Front End,No Damage,No Damage,No Damage,No Damage,N,,Failure to Yield Right-of-Way,Unspecified,,,"    (40.881073, -73.878494)",1.0,0.0,1,0,0,0,0,0,Sedan,,1
20406626,4613962,03/11/2023,09:45,69dc2ba0-c7fb-49c1-b5c2-342b2e203d0f,Sedan,TOYT -CAR/SUV,2021.0,0.0,M,Licensed,Going Straight Ahead,Center Back End,Center Back End,Center Back End,,,N,,Unspecified,Unspecified,BROOKLYN,11211.0,"    (40.717575, -73.93865)",0.0,0.0,0,0,0,0,0,0,Sedan,Sedan,0
20495224,4653628,08/12/2023,11:30,d68f1d43-a473-46c4-b077-ecb933b9f185,E-Scooter,FENGYUAN,2023.0,1.0,M,Unlicensed,Going Straight Ahead,Center Front End,No Damage,,,,N,,Unspecified,Unspecified,BROOKLYN,11208.0,"    (40.666706, -73.871826)",1.0,0.0,0,0,0,0,0,0,E-Scooter,Sedan,1
20454088,4635136,06/05/2023,07:43,449eb980-daec-4484-889d-bc17da66a807,Bus,FORD-TRUCK/BUS,2019.0,4.0,M,Licensed,Going Straight Ahead,Left Front Quarter Panel,Left Front Quarter Panel,Left Side Doors,,,N,,Unspecified,Unspecified,STATEN ISLAND,10306.0,"    (40.567627, -74.11262)",0.0,0.0,0,0,0,0,0,0,Bus,Station Wagon/Sport Utility Vehicle,0
20460353,4637833,06/14/2023,07:45,ec9e1bab-bba5-49ca-9a98-c6ed5126236b,Motorcycle,SUZI -MCL,2007.0,0.0,,,Parked,Center Front End,Center Front End,Right Front Quarter Panel,Left Front Quarter Panel,,N,,Unspecified,Unspecified,,,"    (40.838676, -73.86059)",0.0,0.0,0,0,0,0,0,0,Motorcycle,,0
20548388,4678225,11/12/2023,06:34,00433bd8-e18b-41cb-82e5-fa0a95a30c20,Sedan,LEXS -CAR/SUV,2008.0,1.0,M,Licensed,Going Straight Ahead,Center Front End,Center Front End,Center Front End,Right Front Bumper,Left Front Bumper,N,,Unspecified,Unspecified,MANHATTAN,10002.0,"    (40.72293, -73.98865)",1.0,0.0,0,0,0,0,1,0,Sedan,Sedan,1
20381097,4602372,01/26/2023,09:15,7c5e78db-7018-4537-9931-f9edea96783d,Sedan,NISS -CAR/SUV,2015.0,0.0,,,Parked,Left Side Doors,Left Rear Bumper,Left Front Quarter Panel,Left Side Doors,Other,N,,Unspecified,Unspecified,MANHATTAN,10032.0,"    (40.83027, -73.94393)",0.0,0.0,0,0,0,0,0,0,Sedan,,0
20413060,4616728,03/25/2023,14:40,aa8e27aa-aada-44be-98ee-f436c54580fd,Sedan,NISS -CAR/SUV,2007.0,2.0,,,Making Right Turn,Center Front End,Center Front End,Right Front Bumper,Right Front Quarter Panel,,N,,Failure to Yield Right-of-Way,Traffic Control Disregarded,,,"    (40.697166, -73.893364)",0.0,0.0,0,0,0,0,0,0,Station Wagon/Sport Utility Vehicle,Station Wagon/Sport Utility Vehicle,0
20529844,4669509,10/05/2023,21:22,08a0d250-42c4-44e6-a772-e4474855aaa7,Station Wagon/Sport Utility Vehicle,MERZ -CAR/SUV,2014.0,0.0,,,Parked,Center Back End,Right Rear Bumper,Center Front End,,,N,,Unspecified,Unspecified,BRONX,10461.0,"    (40.841682, -73.85042)",4.0,0.0,0,0,0,0,4,0,Station Wagon/Sport Utility Vehicle,Sedan,1
20410158,4615309,03/24/2023,00:40,97dcb00c-248e-4dc5-8c3e-4ff2b15f87ee,Sedan,TOYT -CAR/SUV,2015.0,1.0,M,Licensed,Going Straight Ahead,Center Back End,Center Back End,Right Side Doors,,,N,,Unspecified,Unspecified,,,"    (40.6678, -73.801414)",1.0,0.0,0,0,0,0,1,0,Sedan,Sedan,1
20485149,4649166,07/27/2023,09:18,fb18b9f3-6f63-4152-a773-3633364fc7de,Station Wagon/Sport Utility Vehicle,KIA -CAR/SUV,2021.0,1.0,F,Licensed,Passing,Left Front Quarter Panel,Left Front Quarter Panel,No Damage,No Damage,No Damage,N,,Unspecified,Unspecified,BRONX,10472.0,"    (40.826027, -73.878586)",1.0,0.0,0,0,0,0,1,0,Station Wagon/Sport Utility Vehicle,Motorcycle,1
20563192,4684924,12/06/2023,09:00,dbee0fc7-d180-4ca7-9551-b0fadb43c23f,Sedan,NISS -CAR/SUV,2014.0,0.0,,,Parked,Left Front Bumper,Left Front Bumper,,,,N,,Unspecified,Unspecified,QUEENS,11106.0,"    (40.7632, -73.92109)",0.0,0.0,0,0,0,0,0,0,Sedan,Sedan,0
20505183,4658357,08/06/2023,17:54,4bc24310-2a30-4149-94bf-3464c4e954e3,Sedan,MERZ -CAR/SUV,2020.0,1.0,M,Licensed,Going Straight Ahead,Right Front Quarter Panel,Right Front Quarter Panel,Right Front Bumper,Center Front End,,N,,Unspecified,Unspecified,QUEENS,11106.0,"    (40.757393, -73.93547)",0.0,0.0,0,0,0,0,0,0,Sedan,E-Scooter,0
20566279,4686674,12/11/2023,06:50,dba22857-c305-470d-8241-23a6f40db85b,Station Wagon/Sport Utility Vehicle,FORD -CAR/SUV,2004.0,1.0,M,Licensed,Making Left Turn,Left Front Bumper,Left Front Bumper,No Damage,No Damage,No Damage,N,,Failure to Yield Right-of-Way,Unspecified,,,"    (40.60583, -73.75779)",1.0,0.0,1,0,0,0,0,0,Station Wagon/Sport Utility Vehicle,,1
20485159,4643794,07/04/2023,23:50,8aa771a8-d446-4c6c-ba55-4e87eb11663a,Station Wagon/Sport Utility Vehicle,TOYT -CAR/SUV,2021.0,1.0,F,Licensed,Going Straight Ahead,Center Front End,Center Front End,Center Front End,No Damage,No Damage,N,,Unspecified,Unspecified,QUEENS,11101.0,"    (40.746914, -73.94532)",1.0,0.0,0,0,0,0,1,0,Station Wagon/Sport Utility Vehicle,Station Wagon/Sport Utility Vehicle,1
20524144,4666894,10/01/2023,22:10,fb8e55d6-cfb0-45df-beb5-28b732040cd0,Station Wagon/Sport Utility Vehicle,FORD -CAR/SUV,2019.0,2.0,F,Licensed,Going Straight Ahead,Center Front End,Center Front End,,,,N,,Following Too Closely,Unspecified,,,"    (40.66045, -73.86719)",0.0,0.0,0,0,0,0,0,0,Pick-up Truck,Station Wagon/Sport Utility Vehicle,0
20426055,4622512,04/15/2023,03:51,4b7b4cfc-cadb-4423-ab66-972c7eb3f762,Sedan,HOND -CAR/SUV,2010.0,1.0,M,Licensed,Backing,Left Rear Bumper,Left Rear Bumper,Right Rear Bumper,,,N,,Alcohol Involvement,Unspecified,QUEENS,11357.0,"    (40.784706, -73.81199)",0.0,0.0,0,0,0,0,0,0,Sedan,Station Wagon/Sport Utility Vehicle,0
20548468,4678289,11/11/2023,13:30,ebac8515-8524-48a3-8534-0bf7dc8449c2,Sedan,NISS -CAR/SUV,2020.0,1.0,M,Licensed,Going Straight Ahead,Right Rear Bumper,Right Rear Bumper,No Damage,No Damage,No Damage,N,,Unspecified,Unspecified,,,"    (40.711906, -74.00604)",0.0,0.0,0,0,0,0,0,0,Box Truck,Sedan,0
20472759,4643651,07/09/2023,00:30,da5d5c9c-b520-45da-914c-e7f777f5894f,Sedan,CADI -CAR/SUV,2020.0,0.0,F,Licensed,Going Straight Ahead,Left Rear Quarter Panel,Left Rear Quarter Panel,Left Side Doors,,,N,,Unspecified,Unspecified,,,,1.0,0.0,0,0,0,0,1,0,Sedan,Sedan,1
20439955,4629163,05/06/2023,08:30,71b907bd-1745-4f52-814f-82f687ce4f13,Station Wagon/Sport Utility Vehicle,TOYT -CAR/SUV,2007.0,1.0,M,Permit,Going Straight Ahead,Center Back End,Center Back End,Center Back End,Center Back End,Center Back End,N,,Unspecified,Unspecified,,,"    (40.820568, -73.959305)",0.0,0.0,0,0,0,0,0,0,Station Wagon/Sport Utility Vehicle,Station Wagon/Sport Utility Vehicle,0
20535449,4672423,10/21/2023,22:40,0f66d377-be81-4935-a6aa-2e8fd851e04a,Sedan,NISS -CAR/SUV,2018.0,2.0,M,Licensed,Going Straight Ahead,Right Side Doors,Right Side Doors,,,,N,,Unspecified,Unspecified,BROOKLYN,11215.0,"    (40.66617, -73.988815)",0.0,0.0,0,0,0,0,0,0,Sedan,Bike,0
20422249,4620969,04/16/2023,13:25,d368dcbf-3044-4597-8706-deb88b61231c,Station Wagon/Sport Utility Vehicle,CHEV -CAR/SUV,2016.0,4.0,M,Unlicensed,Going Straight Ahead,Center Front End,Center Front End,,,,N,,Traffic Control Disregarded,Failure to Yield Right-of-Way,,,"    (40.660233, -73.93712)",1.0,0.0,0,0,0,0,1,0,Station Wagon/Sport Utility Vehicle,Station Wagon/Sport Utility Vehicle,1
20496662,4654597,08/13/2023,22:50,abb9810a-ea4e-4d6a-9d39-e5299255b6e1,Sedan,DODG -CAR/SUV,2020.0,3.0,M,Licensed,Police Pursuit,Left Front Bumper,Left Front Quarter Panel,No Damage,No Damage,No Damage,N,,Obstruction/Debris,Unspecified,MANHATTAN,10037.0,"    (40.820435, -73.93623)",0.0,0.0,0,0,0,0,0,0,Sedan,Station Wagon/Sport Utility Vehicle,0
20537320,4672965,10/12/2023,02:47,518e44a1-47a1-4dac-8dae-1e7a0493f32c,Sedan,HYUN -CAR/SUV,2023.0,1.0,M,Licensed,Making Right Turn,Right Front Bumper,Right Front Bumper,Right Front Quarter Panel,,,N,,Passing or Lane Usage Improper,Unspecified,QUEENS,11355.0,"    (40.757515, -73.81857)",0.0,0.0,0,0,0,0,0,0,Sedan,Sedan,0
20559202,4683203,11/26/2023,04:30,7f3769dc-c61a-4a19-aadd-22deba63b905,Sedan,HOND -CAR/SUV,2020.0,0.0,,,Parked,Left Rear Bumper,Left Rear Bumper,Center Front End,,,N,,Unspecified,Unspecified,,,"    (40.679096, -73.79822)",1.0,0.0,0,0,0,0,1,0,Station Wagon/Sport Utility Vehicle,Sedan,1
20510510,4660633,09/08/2023,12:10,43fc442a-f06b-4a2d-a6cb-34771d136441,Sedan,HYUN -CAR/SUV,2023.0,0.0,,,Parked,Right Front Bumper,Right Front Quarter Panel,Left Front Quarter Panel,Center Front End,Left Front Bumper,N,,Unspecified,Unspecified,BROOKLYN,11223.0,"    (40.590714, -73.968636)",0.0,0.0,0,0,0,0,0,0,Sedan,,0
20564531,4685717,12/09/2023,10:25,53beabe2-6937-4b8f-8471-aa3da9d00125,Pick-up Truck,TOYT -CAR/SUV,2016.0,0.0,M,Licensed,Parked,Right Front Quarter Panel,Right Front Quarter Panel,Right Side Doors,,,N,,Passing or Lane Usage Improper,Driverless/Runaway Vehicle,QUEENS,11373.0,"    (40.74559, -73.88341)",0.0,0.0,0,0,0,0,0,0,AMBULANCE,Pick-up Truck,0
20552413,4680375,11/18/2023,23:45,87911fda-0cb0-4c7c-842e-98f1fc794aec,Sedan,GMC -CAR/SUV,2003.0,0.0,F,Licensed,Stopped in Traffic,Center Front End,Center Front End,No Damage,No Damage,No Damage,N,,Unspecified,Unspecified,BRONX,10460.0,"    (40.840866, -73.87281)",0.0,0.0,0,0,0,0,0,0,Sedan,,0
20539148,4674049,10/25/2023,08:35,1ca91dec-9530-4aef-b908-32b93631adf7,Station Wagon/Sport Utility Vehicle,LEXS -CAR/SUV,2012.0,1.0,F,Licensed,Going Straight Ahead,Center Front End,Center Front End,,,,N,,Following Too Closely,Unspecified,BROOKLYN,11236.0,"    (40.63778, -73.91201)",0.0,0.0,0,0,0,0,0,0,Station Wagon/Sport Utility Vehicle,Station Wagon/Sport Utility Vehicle,0
20431060,4624474,04/27/2023,22:00,49a82423-ceec-4fa1-aad6-403cef37c2ba,Sedan,AUDI -CAR/SUV,2016.0,1.0,M,Licensed,Going Straight Ahead,Center Front End,Center Front End,Left Front Bumper,Center Front End,Right Front Bumper,N,,Unspecified,Unspecified,,,"    (40.740078, -73.89969)",0.0,0.0,0,0,0,0,0,0,Sedan,Station Wagon/Sport Utility Vehicle,0
20409490,4614881,03/17/2023,18:06,c0b1e667-f8da-44e2-876d-7fa201ac5385,Sedan,TOYT -CAR/SUV,2019.0,1.0,F,,Going Straight Ahead,Right Side Doors,Right Side Doors,Right Rear Quarter Panel,Right Rear Quarter Panel,,N,,Failure to Yield Right-of-Way,Unspecified,QUEENS,11357.0,"    (40.78484, -73.81372)",1.0,0.0,0,0,0,0,1,0,Station Wagon/Sport Utility Vehicle,Sedan,1
20372724,4598235,01/14/2023,11:50,a9d993ca-bbfa-453f-b00a-13b5614d31ae,Sedan,INFI -CAR/SUV,2007.0,1.0,M,Licensed,Going Straight Ahead,Center Front End,Center Front End,Right Front Bumper,Left Front Bumper,,N,,Unspecified,Unspecified,BROOKLYN,11207.0,"    (40.67509, -73.89187)",0.0,0.0,0,0,0,0,0,0,Sedan,Sedan,0
20418369,4619097,04/02/2023,17:45,cedd4e96-e7db-441f-963e-da64989060fb,Sedan,FORD -CAR/SUV,2014.0,0.0,,,Parked,Center Front End,Center Front End,No Damage,No Damage,No Damage,N,,Unspecified,Unspecified,BROOKLYN,11205.0,"    (40.69068, -73.96734)",0.0,0.0,0,0,0,0,0,0,Sedan,Sedan,0
20438055,4627948,05/09/2023,22:40,120dd82d-b8b9-4d9d-a52d-29c787933c0e,Flat Bed,INTL-TRUCK/BUS,2005.0,0.0,,,Parked,Center Back End,Center Back End,Center Back End,Center Back End,Center Back End,N,,Unspecified,Unspecified,,,"    (40.697166, -73.893364)",1.0,0.0,0,0,0,0,1,0,Moped,Flat Bed,1
20445688,4631550,05/23/2023,06:15,8252b3e1-4591-462a-9dd7-510034ce1e44,Taxi,LINC -CAR/SUV,2012.0,1.0,M,Licensed,Making Left Turn,Left Front Bumper,Left Front Bumper,No Damage,No Damage,No Damage,N,,Driver Inattention/Distraction,Unspecified,MANHATTAN,10022.0,,1.0,0.0,1,0,0,0,0,0,Taxi,,1
20392405,4607265,02/20/2023,12:10,7514cfa6-7fb8-412d-885f-a7d97d51b377,Sedan,HOND -CAR/SUV,2022.0,2.0,M,Licensed,Making Left Turn,Left Front Bumper,Left Front Bumper,Left Front Quarter Panel,,,N,,Unspecified,Unspecified,BROOKLYN,11218.0,"    (40.643166, -73.9905)",1.0,0.0,0,0,0,0,1,0,Sedan,Station Wagon/Sport Utility Vehicle,1
20494162,4653420,08/09/2023,21:00,c12709a5-8471-4b2c-ac9d-71bd71df4888,Station Wagon/Sport Utility Vehicle,JEEP -CAR/SUV,,,,,Going Straight Ahead,Center Front End,Right Front Bumper,Left Front Bumper,Center Front End,Center Front End,Unspecified,,Driver Inattention/Distraction,Following Too Closely,,,"    (40.63212, -74.132835)",1.0,0.0,0,0,0,0,1,0,Sedan,Station Wagon/Sport Utility Vehicle,1
20391737,4607228,02/20/2023,16:15,86b1473a-2582-420c-9279-fba50ab4be57,Station Wagon/Sport Utility Vehicle,HOND -CAR/SUV,2017.0,0.0,,,Parked,Left Front Bumper,Left Front Bumper,,,,N,,Unspecified,Unspecified,QUEENS,11375.0,"    (40.718983, -73.83729)",0.0,0.0,0,0,0,0,0,0,Station Wagon/Sport Utility Vehicle,,0
20412984,4616532,03/28/2023,07:31,75e84302-ac31-4c51-af06-99f093eca06c,Box Truck,HINO -TRUCK/BUS,2020.0,1.0,M,Licensed,Going Straight Ahead,Left Front Bumper,Left Front Bumper,No Damage,No Damage,No Damage,N,,Oversized Vehicle,Unspecified,,,"    (40.829422, -73.9319)",0.0,0.0,0,0,0,0,0,0,Box Truck,Station Wagon/Sport Utility Vehicle,0
20436732,4627206,04/28/2023,22:53,4f31717d-e5c8-48c6-a5e5-abaf78f37102,Station Wagon/Sport Utility Vehicle,NISS -CAR/SUV,2023.0,0.0,,,Parked,Center Back End,Right Side Doors,Left Side Doors,Right Rear Bumper,Left Rear Bumper,N,,Unspecified,Unspecified,BROOKLYN,11226.0,"    (40.65264, -73.949776)",2.0,0.0,0,0,0,0,2,0,Sedan,Sedan,1
20461214,4638551,06/01/2023,01:30,c1b748ea-89b7-4d03-9eff-5535a0221a10,Station Wagon/Sport Utility Vehicle,HOND -CAR/SUV,2013.0,0.0,F,Licensed,Parked,Right Front Quarter Panel,Right Front Quarter Panel,,,,N,,Unspecified,Unspecified,BROOKLYN,11233.0,"    (40.680164, -73.93151)",0.0,0.0,0,0,0,0,0,0,Station Wagon/Sport Utility Vehicle,,0
20427090,4623143,04/14/2023,09:00,37cd127e-2888-4e07-b9ec-2237aaeeb067,Bus,IC,2019.0,0.0,,,Going Straight Ahead,Right Front Bumper,Right Front Bumper,,,,Unspecified,,Unspecified,Driver Inexperience,,,"    (40.696686, -73.9378)",0.0,0.0,0,0,0,0,0,0,Pick-up Truck,Bus,0
20424319,4621807,04/17/2023,17:44,23d1a158-57c1-4ad8-86a8-2e1503e10a30,Bus,star,2012.0,1.0,F,Licensed,Going Straight Ahead,No Damage,Left Front Quarter Panel,Left Front Bumper,,,N,,Unspecified,Unspecified,BRONX,10461.0,"    (40.84386, -73.844246)",0.0,0.0,0,0,0,0,0,0,Bus,Tow Truck / Wrecker,0
20558198,4681546,11/23/2023,14:00,c67242db-0f05-412e-ab68-94dbe16b66ed,Motorbike,Znen,2022.0,0.0,M,,Making Left Turn,No Damage,No Damage,No Damage,No Damage,No Damage,N,,Following Too Closely,Unspecified,BRONX,10469.0,"    (40.86755, -73.86151)",1.0,0.0,0,0,0,0,1,0,Sedan,Motorbike,1
20498329,4648627,07/20/2023,20:30,256559c5-3d98-446f-b8f2-cbbd390cb927,Sedan,HOND -CAR/SUV,2013.0,1.0,F,Licensed,Making Left Turn,Right Front Bumper,Left Front Bumper,No Damage,No Damage,No Damage,N,,Unspecified,Unspecified,BROOKLYN,11210.0,"    (40.619083, -73.950264)",0.0,0.0,0,0,0,0,0,0,Sedan,Sedan,0
20503837,4657661,08/24/2023,17:15,d1c25113-632d-4e27-a79f-b6af48bf7768,,HOND -CAR/SUV,,,,,,,,,,,Unspecified,,,,,,,1.0,0.0,0,0,0,0,1,0,Station Wagon/Sport Utility Vehicle,Station Wagon/Sport Utility Vehicle,1
20462119,4638904,06/15/2023,23:39,91b3fbe4-54da-4dc6-ad87-3f68762c1557,Sedan,BMW -CAR/SUV,2009.0,2.0,,,Going Straight Ahead,Center Front End,Center Front End,Left Front Quarter Panel,Left Rear Quarter Panel,Left Side Doors,N,,Driver Inattention/Distraction,Driver Inattention/Distraction,,,"    (40.552948, -74.168106)",1.0,0.0,0,0,0,0,1,0,Bus,Sedan,1
20512470,4661679,09/06/2023,14:28,49fe5b9a-0cc0-44ec-aae5-a21bfc310984,Motorcycle,JIAJU,2023.0,1.0,M,Permit,Going Straight Ahead,Left Rear Quarter Panel,Left Rear Quarter Panel,Left Rear Bumper,No Damage,No Damage,N,,Driver Inexperience,Unspecified,STATEN ISLAND,10304.0,"    (40.6258, -74.0775)",1.0,0.0,0,0,0,0,1,0,Motorcycle,Sedan,1
20364797,4594871,01/02/2023,00:00,95a61061-eb1c-4b21-8afd-00c3581e7120,Van,CHEV-TRUCK/BUS,2013.0,1.0,M,Licensed,Parked,Left Side Doors,Left Side Doors,,,,N,,Unspecified,Unspecified,MANHATTAN,10027.0,"    (40.810093, -73.95309)",0.0,0.0,0,0,0,0,0,0,Van,Sedan,0
20404789,4613159,03/14/2023,10:50,a80c89d6-3345-4c54-b605-fe80ff519a4c,Sedan,FORD -CAR/SUV,2010.0,1.0,M,Licensed,Going Straight Ahead,Right Front Bumper,Right Front Bumper,Center Front End,,,N,,Driver Inattention/Distraction,Driver Inattention/Distraction,BROOKLYN,11215.0,"    (40.668404, -73.9847)",0.0,0.0,0,0,0,0,0,0,Sedan,Station Wagon/Sport Utility Vehicle,0
20442846,4630142,05/13/2023,19:10,41ba643f-78e6-4ac0-b45b-7a2544ce806e,Pick-up Truck,CHEV -CAR/SUV,2018.0,1.0,,,Going Straight Ahead,Left Rear Quarter Panel,Left Rear Quarter Panel,,,,N,,Turning Improperly,Unspecified,,,"    (40.686302, -73.793915)",0.0,0.0,0,0,0,0,0,0,Sedan,Pick-up Truck,0
20477035,4643869,07/08/2023,19:20,119f26ae-ceff-44f9-8948-c6cdbcfd67a3,PK,FORD-TRUCK/BUS,2019.0,1.0,M,Licensed,Going Straight Ahead,Right Side Doors,No Damage,No Damage,No Damage,No Damage,N,,Unspecified,Unspecified,STATEN ISLAND,10306.0,"    (40.572063, -74.09265)",0.0,0.0,0,0,0,0,0,0,PK,Sedan,0
20526499,4668149,10/05/2023,22:30,9007d17e-a9c3-4b3f-be19-66538714204b,Sedan,SUBA -CAR/SUV,2013.0,1.0,M,Licensed,Going Straight Ahead,Right Rear Quarter Panel,Right Rear Quarter Panel,Right Side Doors,Right Front Quarter Panel,,N,,Unspecified,Unspecified,QUEENS,11430.0,"    (40.66615, -73.80575)",0.0,0.0,0,0,0,0,0,0,Sedan,,0
20379292,4601524,01/29/2023,23:00,89bbfa4f-6c44-48aa-8f18-a8c4031b3b8a,Sedan,TOYT -CAR/SUV,2016.0,1.0,M,Licensed,Going Straight Ahead,Left Rear Bumper,Left Rear Bumper,,,,N,,Unspecified,Unspecified,BROOKLYN,11201.0,"    (40.69595, -73.9824)",0.0,0.0,0,0,0,0,0,0,Sedan,Sedan,0
20570044,4688357,12/18/2023,17:30,9120b411-68d5-482f-a894-643f617e2bae,Sedan,MITS -CAR/SUV,2016.0,3.0,F,Licensed,Going Straight Ahead,Center Front End,Center Front End,,,,N,,Driver Inattention/Distraction,Driver Inexperience,,,"    (40.609806, -74.16041)",1.0,0.0,0,0,0,0,1,0,Sedan,Sedan,1
20490068,4651616,08/04/2023,00:15,715c4425-1da2-42fd-8673-3219ef49f024,Sedan,SUBA -CAR/SUV,2016.0,1.0,M,Unlicensed,Going Straight Ahead,Center Front End,Center Front End,Left Front Bumper,,,Y,,Alcohol Involvement,Unsafe Speed,MANHATTAN,10013.0,"    (40.723057, -74.00247)",1.0,0.0,0,0,0,0,1,0,Sedan,,1
20567448,4687082,12/14/2023,02:50,755c903d-d713-4443-8402-5451a5ae2bf5,Lift Boom,FORD-TRUCK/BUS,2015.0,3.0,F,Licensed,Changing Lanes,Left Front Quarter Panel,No Damage,No Damage,No Damage,No Damage,N,,Unspecified,Unspecified,MANHATTAN,10029.0,"    (40.794807, -73.94441)",0.0,0.0,0,0,0,0,0,0,Taxi,Lift Boom,0
20526415,4667986,10/04/2023,15:12,2ab41d65-d7b8-42d4-bb15-8e354ef52c13,Sedan,BMW -CAR/SUV,2019.0,0.0,,,Parked,Center Front End,Center Front End,Left Front Bumper,,,N,,Other Vehicular,Other Vehicular,QUEENS,11415.0,"    (40.70494, -73.827515)",0.0,0.0,0,0,0,0,0,0,Sedan,,0
20526987,4668257,09/24/2023,09:24,ed298150-c403-472b-a65c-e908ba3ddd0d,Sedan,BMW -CAR/SUV,1998.0,0.0,,,Parked,Left Rear Quarter Panel,Left Rear Quarter Panel,Left Side Doors,,,N,,Unspecified,Unspecified,QUEENS,11434.0,"    (40.68936, -73.7848)",0.0,0.0,0,0,0,0,0,0,Sedan,Sedan,0
20464567,4638238,06/16/2023,15:30,025ba916-b8c0-4936-a68d-61656fc812fd,Sedan,DODG -CAR/SUV,2019.0,2.0,M,Licensed,Going Straight Ahead,Left Front Bumper,Left Front Bumper,Center Front End,Right Front Bumper,No Damage,N,,View Obstructed/Limited,Reaction to Uninvolved Vehicle,QUEENS,11378.0,"    (40.72878, -73.926155)",0.0,0.0,0,0,0,0,0,0,Sedan,Station Wagon/Sport Utility Vehicle,0
20392793,4607727,02/09/2023,18:00,76420975-f1c9-4cec-bb3d-fc3045171356,Sedan,TOYT -CAR/SUV,2003.0,0.0,F,Licensed,Making Left Turn,Left Side Doors,Left Side Doors,No Damage,,,N,,Unspecified,Unspecified,BROOKLYN,11222.0,"    (40.720795, -73.94496)",1.0,0.0,0,0,0,0,1,0,Sedan,Concrete Mixer,1
20483335,4648522,07/24/2023,11:18,821427e9-a0a3-4de1-8742-6b3082fd8ddf,Station Wagon/Sport Utility Vehicle,FORD -CAR/SUV,2013.0,1.0,M,Licensed,Going Straight Ahead,Right Front Quarter Panel,Right Front Quarter Panel,,,,N,,Driver Inattention/Distraction,Outside Car Distraction,BROOKLYN,11215.0,"    (40.670544, -73.97191)",0.0,0.0,0,0,0,0,0,0,Station Wagon/Sport Utility Vehicle,Station Wagon/Sport Utility Vehicle,0