UNIQUE_ID,COLLISION_ID,CRASH_DATE,CRASH_TIME,VEHICLE_ID,VEHICLE_TYPE,VEHICLE_MAKE,VEHICLE_YEAR,VEHICLE_OCCUPANTS,DRIVER_SEX,DRIVER_LICENSE_STATUS,PRE_CRASH,POINT_OF_IMPACT,VEHICLE_DAMAGE,VEHICLE_DAMAGE_1,VEHICLE_DAMAGE_2,VEHICLE_DAMAGE_3,PUBLIC_PROPERTY_DAMAGE,PUBLIC_PROPERTY_DAMAGE_TYPE,CONTRIBUTING_FACTOR_1,CONTRIBUTING_FACTOR_2,BOROUGH,ZIP CODE,LOCATION,NUMBER OF PERSONS INJURED,NUMBER OF PERSONS KILLED,NUMBER OF PEDESTRIANS INJURED,NUMBER OF PEDESTRIANS KILLED,NUMBER OF CYCLIST INJURED,NUMBER OF CYCLIST KILLED,NUMBER OF MOTORIST INJURED,NUMBER OF MOTORIST KILLED,VEHICLE TYPE CODE 1,VEHICLE TYPE CODE 2,Severity
20442426,4629899,05/17/2023,11:50,0bb19d55-4ef1-40be-8244-69a9612a4736,Taxi,TOYT -CAR/SUV,2012.0,1.0,M,Licensed,Going Straight Ahead,Right Front Bumper,Right Front Quarter Panel,,,,N,,Unspecified,Unspecified,MANHATTAN,10029.0,"    (40.798965, -73.943504)",0.0,0.0,0,0,0,0,0,0,Taxi,Station Wagon/Sport Utility Vehicle,0
20445352,4631489,05/15/2023,00:03,8bff3029-9aed-4634-980a-9a85d04ed4c8,Station Wagon/Sport Utility Vehicle,JEEP -CAR/SUV,2023.0,3.0,F,Licensed,Going Straight Ahead,Center Front End,Center Front End,Right Front Bumper,,,N,,Unspecified,Unspecified,BROOKLYN,11233.0,"    (40.68316, -73.93809)",2.0,0.0,0,0,0,0,2,0,Station Wagon/Sport Utility Vehicle,Sedan,1
20567257,4686833,12/12/2023,18:30,10564d29-e9f3-4946-b004-4dbba1fea673,Sedan,VOLV -CAR/SUV,2024.0,1.0,M,Licensed,Going Straight Ahead,Center Back End,Center Back End,Center Back End,Center Back End,Center Back End,N,,Unspecified,Unspecified,,,"    (40.660034, -73.98709)",2.0,0.0,0,0,0,0,2,0,Sedan,Sedan,1
20526340,4668132,10/05/2023,19:50,a0ed155c-5ae6-447b-b965-10b55b3c5022,Sedan,BMW -CAR/SUV,2018.0,3.0,M,Licensed,Going Straight Ahead,Center Back End,Center Back End,Right Rear Bumper,Left Rear Bumper,,N,,Reaction to Uninvolved Vehicle,Unspecified,,,"    (40.84935, -73.8712)",3.0,0.0,0,0,0,0,3,0,Sedan,Sedan,1
20455002,4630805,05/21/2023,21:40,b29c4b9c-560e-4aff-9373-01e53559b9b1,Sedan,HOND -CAR/SUV,2018.0,,,,Going Straight Ahead,Left Front Bumper,Left Front Bumper,,,,N,,Unspecified,Unspecified,MANHATTAN,10036.0,"    (40.756035, -73.98695)",0.0,0.0,0,0,0,0,0,0,Sedan,Sedan,0
20561362,4684185,12/02/2023,16:30,5b1c1309-b342-4158-9c34-f8d0af0d5d19,Station Wagon/Sport Utility Vehicle,FORD -CAR/SUV,2008.0,0.0,M,Licensed,Parked,Left Rear Bumper,Left Rear Bumper,Left Rear Quarter Panel,,,N,,Unspecified,Unspecified,BROOKLYN,11236.0,"    (40.64963, -73.91236)",0.0,0.0,0,0,0,0,0,0,Station Wagon/Sport Utility Vehicle,Station Wagon/Sport Utility Vehicle,0
20544666,4676453,10/29/2023,19:21,23f82d9b-c50b-4e77-8e37-bdf4c791a29b,Bus,City BUS,2011.0,1.0,M,,Going Straight Ahead,Right Front Bumper,Right Front Bumper,Left Front Bumper,Left Front Bumper,Left Front Bumper,N,,Passing Too Closely,Passing Too Closely,BROOKLYN,11220.0,"    (40.646675, -74.008705)",0.0,0.0,0,0,0,0,0,0,Box Truck,Bus,0
20412039,4616213,03/27/2023,00:23,7ffa2ccd-e567-4aa8-87d3-3c056cacfecf,Sedan,HOND -CAR/SUV,2015.0,0.0,F,Licensed,Parked,Left Front Quarter Panel,Left Front Quarter Panel,No Damage,No Damage,No Damage,N,,Unspecified,Unspecified,BRONX,10468.0,"    (40.871273, -73.90249)",0.0,0.0,0,0,0,0,0,0,Sedan,Sedan,0
20434518,4626280,05/04/2023,13:34,a2db7d4c-8bef-495b-ab05-3e4c61ff8f15,Sedan,DODG -CAR/SUV,2020.0,1.0,M,Licensed,Parked,Left Rear Quarter Panel,Left Rear Quarter Panel,Left Front Quarter Panel,No Damage,No Damage,N,,Unspecified,Unspecified,BROOKLYN,11214.0,"    (40.598103, -73.997795)",0.0,0.0,0,0,0,0,0,0,Sedan,,0
20452734,4634584,06/02/2023,15:30,4cd14f25-99a5-48c7-a1fb-3addc471dd0e,Sedan,TOYT -CAR/SUV,2011.0,1.0,M,Licensed,Making Right Turn,Center Front End,Center Front End,No Damage,No Damage,No Damage,N,,Unspecified,Unspecified,,,"    (40.574867, -74.00069)",1.0,0.0,0,0,1,0,0,0,Sedan,Bike,1
20473888,4644439,07/10/2023,00:00,5bd80762-b343-49c7-834b-f3e44e11b29b,Sedan,HYUN -CAR/SUV,2008.0,2.0,F,Licensed,Going Straight Ahead,Right Front Bumper,Right Front Bumper,,,,N,,Unspecified,Unspecified,BROOKLYN,11236.0,"    (40.64891, -73.89256)",1.0,0.0,0,0,1,0,0,0,Sedan,Bike,1
20567275,4687013,12/13/2023,07:20,5061db08-0cd9-46f0-af2b-638e1b5b4092,Sedan,TOYT -CAR/SUV,2013.0,0.0,,,Parked,Left Rear Bumper,Left Rear Bumper,,,,N,,Unspecified,Unspecified,QUEENS,11414.0,"    (40.661716, -73.85614)",0.0,0.0,0,0,0,0,0,0,Sedan,Sedan,0
20378949,4601209,01/27/2023,19:25,aa058a92-c2a1-4942-9b3d-f885e3b78d95,Sedan,GMC -CAR/SUV,2013.0,2.0,M,Licensed,Going Straight Ahead,Left Rear Bumper,Center Back End,Right Rear Bumper,,,N,,Passing Too Closely,Unspecified,QUEENS,11103.0,"    (40.76502, -73.9174)",0.0,0.0,0,0,0,0,0,0,Bus,Sedan,0
20514698,4662786,09/16/2023,19:40,2027edbb-c6f7-4a6c-9947-563273184b8d,Station Wagon/Sport Utility Vehicle,DODG -CAR/SUV,2019.0,1.0,M,Licensed,Going Straight Ahead,Center Front End,Center Front End,Right Front Bumper,,,N,,Driver Inattention/Distraction,Unspecified,,,,1.0,0.0,0,0,0,0,1,0,Station Wagon/Sport Utility Vehicle,Station Wagon/Sport Utility Vehicle,1
20555317,4681317,11/22/2023,06:43,52c76e55-8b4f-4beb-a67d-3a1ea4f108f3,Bus,COLLINS BUS,2020.0,1.0,M,Licensed,Making Left Turn,Left Front Bumper,No Damage,,,,N,,Failure to Yield Right-of-Way,Unspecified,BROOKLYN,11207.0,"    (40.67274, -73.899)",1.0,0.0,1,0,0,0,0,0,Bus,,1
20571054,4680908,11/20/2023,10:45,aa66450c-992e-438b-b407-1aedc4e2ec8b,Tanker,INTL-TRUCK/BUS,2008.0,1.0,M,Licensed,Going Straight Ahead,Left Front Bumper,Center Front End,Left Front Bumper,,,N,,Unspecified,Unspecified,BRONX,10462.0,"    (40.848545, -73.86161)",0.0,0.0,0,0,0,0,0,0,Pick-up Truck,Tanker,0
20480684,4647052,07/18/2023,18:20,fa9c5e33-40e2-48ab-a078-3b927b771f37,Refrigerated Van,HINO -TRUCK/BUS,2016.0,1.0,,,Backing,Center Back End,Center Back End,,,,N,,Backing Unsafely,Driver Inattention/Distraction,BROOKLYN,11237.0,"    (40.70942, -73.93304)",0.0,0.0,0,0,0,0,0,0,Station Wagon/Sport Utility Vehicle,Refrigerated Van,0
20522976,4666323,09/29/2023,06:34,fa8d6ec3-2bfb-4e97-9495-a87ab27db237,Bus,STARC,2022.0,3.0,F,Licensed,Going Straight Ahead,Right Front Bumper,No Damage,No Damage,No Damage,No Damage,N,,Failure to Yield Right-of-Way,View Obstructed/Limited,,,"    (40.66447, -73.89593)",1.0,0.0,1,0,0,0,0,0,Bus,,1
20379204,4601439,01/29/2023,03:23,de70cba9-d008-4582-ac5b-c867d8edbbce,Taxi,TOYT -CAR/SUV,2013.0,1.0,M,Licensed,Going Straight Ahead,Left Front Bumper,Center Front End,Right Front Bumper,Left Front Bumper,Left Front Quarter Panel,N,,Unspecified,Unspecified,BROOKLYN,11221.0,"    (40.686703, -73.92683)",0.0,0.0,0,0,0,0,0,0,Taxi,,0
20440886,4629410,05/16/2023,18:00,c6d7b8f8-15e9-4705-8a57-a8c70eb329ec,Sedan,MAZD -CAR/SUV,2019.0,1.0,M,Licensed,Going Straight Ahead,Left Front Bumper,Left Front Bumper,No Damage,No Damage,No Damage,N,,Unspecified,Unspecified,MANHATTAN,10013.0,"    (40.720627, -74.00522)",1.0,0.0,0,0,0,0,1,0,Sedan,Refrigerated Van,1
20376993,4600159,01/21/2023,00:45,38e7050a-0504-4719-a50c-889fe71d6f1b,Sedan,HOND -CAR/SUV,2016.0,0.0,,,Parked,Left Front Quarter Panel,Left Front Bumper,Left Rear Quarter Panel,Left Rear Bumper,Left Front Quarter Panel,N,,Unspecified,Unspecified,BROOKLYN,11206.0,"    (40.70753, -73.9489)",0.0,0.0,0,0,0,0,0,0,Station Wagon/Sport Utility Vehicle,Sedan,0
20393944,4608027,02/20/2023,13:15,6da552e0-0d01-47b8-9ae6-b82ee726a652,Sedan,HOND -CAR/SUV,2008.0,0.0,,,Parked,Left Rear Quarter Panel,Left Rear Quarter Panel,,,,N,,Unspecified,Unspecified,BROOKLYN,11221.0,"    (40.69242, -73.92913)",1.0,0.0,0,0,0,0,1,0,Sedan,Sedan,1
20555938,4681785,11/22/2023,15:30,dba613b2-f45a-4911-b7b0-f3dd9ca23334,Station Wagon/Sport Utility Vehicle,AUDI -CAR/SUV,2018.0,1.0,M,Licensed,Making Left Turn,Right Side Doors,Right Side Doors,Right Front Quarter Panel,,,N,,Unspecified,Unspecified,QUEENS,11103.0,"    (40.760185, -73.9147)",0.0,0.0,0,0,0,0,0,0,Station Wagon/Sport Utility Vehicle,,0
20525210,4667453,10/01/2023,19:02,c4cb9f6f-4727-4e46-85a6-cb525e304387,Sedan,FORD -CAR/SUV,2013.0,4.0,F,Licensed,Going Straight Ahead,Right Front Bumper,Right Front Bumper,Center Front End,Right Front Quarter Panel,Left Front Quarter Panel,N,,Following Too Closely,Unspecified,,,,1.0,0.0,0,0,0,0,1,0,Sedan,Sedan,1
20414985,4617475,04/02/2023,13:00,e7ff6de8-dad9-4a4f-89bc-37fd23cf6566,Sedan,VOLK -CAR/SUV,2017.0,0.0,,,Parked,Left Front Quarter Panel,Left Front Quarter Panel,Left Side Doors,,,N,,Unspecified,Unspecified,BROOKLYN,11228.0,"    (40.617332, -74.02338)",0.0,0.0,0,0,0,0,0,0,Sedan,,0
20577846,4691683,12/27/2023,12:18,8af3c098-7781-46cd-87a5-6368776e2536,Station Wagon/Sport Utility Vehicle,LINC -CAR/SUV,2007.0,1.0,M,Licensed,Making Left Turn,Overturned,Overturned,,,,Y,,Unspecified,Unspecified,BRONX,10461.0,"    (40.842175, -73.83004)",0.0,0.0,0,0,0,0,0,0,Station Wagon/Sport Utility Vehicle,,0
20415706,4617760,04/01/2023,03:35,4126e655-6e68-4035-bd5b-ecf0755f14d1,,HOND -CAR/SUV,,,,,Backing,Center Back End,Center Back End,No Damage,No Damage,No Damage,Unspecified,,Backing Unsafely,Unspecified,QUEENS,11372.0,"    (40.755783, -73.8833)",0.0,0.0,0,0,0,0,0,0,Station Wagon/Sport Utility Vehicle,,0
20536643,4672609,10/21/2023,17:45,1728ea14-6de1-4dfa-9dca-57293c656422,Sedan,KIA -CAR/SUV,2023.0,1.0,M,Licensed,Going Straight Ahead,Left Front Bumper,Left Front Bumper,Left Side Doors,,,N,,View Obstructed/Limited,Unspecified,QUEENS,11354.0,"    (40.765873, -73.8089)",0.0,0.0,0,0,0,0,0,0,Sedan,Sedan,0
20576310,4691119,12/29/2023,10:20,2bf3c88a-24a6-4d33-b3c2-95c89cd8b570,Sedan,KIA -CAR/SUV,2018.0,,,,Going Straight Ahead,Right Front Bumper,Right Front Bumper,,,,N,,Passing or Lane Usage Improper,Traffic Control Disregarded,,,"    (40.84822, -73.883125)",0.0,0.0,0,0,0,0,0,0,Station Wagon/Sport Utility Vehicle,Sedan,0
20521592,4665903,09/26/2023,11:36,8c3f99ba-d2cb-4166-b260-42d32e4bad3b,Box Truck,FRHT-TRUCK/BUS,,,,,,,,,,,N,,,,BROOKLYN,11220.0,"    (40.64499, -74.02119)",0.0,0.0,0,0,0,0,0,0,Sedan,Box Truck,0
20562082,4684559,12/02/2023,22:56,40495222-5ebd-4bb7-b0f1-5d4c946323ff,Station Wagon/Sport Utility Vehicle,TOYT -CAR/SUV,2018.0,2.0,F,Licensed,Other*,Right Front Bumper,Left Front Bumper,Center Front End,Right Front Bumper,Right Front Quarter Panel,N,,Reaction to Uninvolved Vehicle,Unspecified,,,,0.0,0.0,0,0,0,0,0,0,Station Wagon/Sport Utility Vehicle,,0
20374719,4599211,01/20/2023,09:40,f2453dbc-4c89-400a-8600-d75367213780,Pick-up Truck,US POSTAL TRUCK,2005.0,1.0,M,Licensed,Passing,Right Front Quarter Panel,Right Front Quarter Panel,,,,N,,Following Too Closely,Unspecified,,,,0.0,0.0,0,0,0,0,0,0,Pick-up Truck,PK,0
20426445,4622692,04/20/2023,13:45,98f8fc46-987f-41c0-a09e-1b0a65823773,Station Wagon/Sport Utility Vehicle,LEXS -CAR/SUV,2019.0,1.0,M,Licensed,Going Straight Ahead,Left Rear Bumper,Left Rear Bumper,Left Rear Quarter Panel,Other,,N,,Unspecified,Unspecified,,,"    (40.78029, -73.94386)",2.0,0.0,0,0,0,0,2,0,Station Wagon/Sport Utility Vehicle,Station Wagon/Sport Utility Vehicle,1
20540418,4674494,10/28/2023,01:00,f9662923-0e2a-4f00-a57c-3369e090546f,Sedan,TESL -CAR/SUV,2022.0,1.0,M,Licensed,Making Left Turn,Right Front Quarter Panel,Right Front Quarter Panel,Center Front End,No Damage,No Damage,N,,Driver Inattention/Distraction,Unspecified,MANHATTAN,10016.0,"    (40.747078, -73.981346)",0.0,0.0,0,0,0,0,0,0,Sedan,Sedan,0
20399562,4610516,03/05/2023,08:00,3e2f3176-5c95-4bf6-9066-2198b117f571,Sedan,AUDI -CAR/SUV,2019.0,0.0,,,Parked,Left Rear Bumper,Left Rear Bumper,Right Rear Quarter Panel,No Damage,No Damage,N,,Unspecified,Unspecified,,,"    (40.67238, -73.94749)",0.0,0.0,0,0,0,0,0,0,Sedan,,0
20420293,4619935,04/09/2023,07:20,a2b06520-2744-4ac2-aa03-00cd11b68214,Sedan,MNNI -CAR/SUV,2022.0,0.0,,,Parked,Center Back End,Center Back End,,,,N,,Unspecified,Unspecified,QUEENS,11101.0,"    (40.74667, -73.947845)",0.0,0.0,0,0,0,0,0,0,Station Wagon/Sport Utility Vehicle,Station Wagon/Sport Utility Vehicle,0
20386262,4604561,02/06/2023,08:24,31518991-92f3-4ce8-96f5-dcdfe861e5e5,Station Wagon/Sport Utility Vehicle,TOYT -CAR/SUV,2020.0,1.0,F,Licensed,Stopped in Traffic,Center Back End,Center Back End,Right Rear Bumper,Left Rear Bumper,,N,,Unspecified,Unspecified,,,,0.0,0.0,0,0,0,0,0,0,Station Wagon/Sport Utility Vehicle,Station Wagon/Sport Utility Vehicle,0
20463912,4639478,06/20/2023,19:28,3e674fd0-4b67-4609-ae33-b322b2d1bbe6,Station Wagon/Sport Utility Vehicle,TOYT -CAR/SUV,2019.0,1.0,F,Licensed,Going Straight Ahead,Left Side Doors,No Damage,,,,N,,Pedestrian/Bicyclist/Other Pedestrian Error/Confusion,Pedestrian/Bicyclist/Other Pedestrian Error/Confusion,BRONX,10473.0,,1.0,0.0,1,0,0,0,0,0,Station Wagon/Sport Utility Vehicle,,1
20477920,4646226,07/05/2023,13:55,79e701aa-9c16-4a64-b900-093edf9ed296,Motorcycle,HD -MCL,2015.0,1.0,M,Licensed,Going Straight Ahead,Center Front End,Center Front End,Left Front Bumper,Right Front Quarter Panel,Left Front Quarter Panel,N,,Unspecified,Unspecified,BROOKLYN,11233.0,"    (40.684338, -73.914764)",2.0,0.0,0,0,0,0,2,0,Station Wagon/Sport Utility Vehicle,Motorcycle,1
20458576,4630727,05/19/2023,15:30,78d8e1de-0333-4967-a196-9696ac7cf0c6,Station Wagon/Sport Utility Vehicle,FORD -CAR/SUV,2012.0,,,,,,,,,,N,,Driver Inattention/Distraction,Passing or Lane Usage Improper,MANHATTAN,10018.0,"    (40.754692, -73.99353)",0.0,0.0,0,0,0,0,0,0,Sedan,Station Wagon/Sport Utility Vehicle,0
20382452,4602875,02/03/2023,00:00,8cc3b314-ac82-4db5-bb93-1346e9537a19,Sedan,AUDI -CAR/SUV,2022.0,1.0,M,Licensed,Going Straight Ahead,Left Front Bumper,Left Front Bumper,Left Front Quarter Panel,,,N,,Failure to Yield Right-of-Way,Unspecified,QUEENS,11358.0,"    (40.750134, -73.78625)",1.0,0.0,0,0,0,0,1,0,Sedan,Sedan,1
20438291,4628168,05/12/2023,14:20,ed6ccba3-1c05-4e0a-8128-fb918d45545b,Sedan,FORD -CAR/SUV,2019.0,2.0,M,Licensed,Going Straight Ahead,Right Front Quarter Panel,Right Rear Quarter Panel,Right Side Doors,Right Front Quarter Panel,,N,,Passing Too Closely,Unspecified,,,"    (40.693863, -73.92971)",0.0,0.0,0,0,0,0,0,0,Sedan,Station Wagon/Sport Utility Vehicle,0
20393088,4607734,02/23/2023,03:30,7ce7d336-928f-4ace-894e-efd418b55977,Station Wagon/Sport Utility Vehicle,TOYT -CAR/SUV,2017.0,0.0,,,Parked,Left Side Doors,Left Side Doors,Left Front Quarter Panel,Left Rear Quarter Panel,,N,,Unspecified,Unspecified,QUEENS,11368.0,"    (40.74865, -73.86913)",0.0,0.0,0,0,0,0,0,0,Station Wagon/Sport Utility Vehicle,,0
20561548,4684336,11/27/2023,17:05,38377069-f76f-464d-b338-4ea25e221e1e,Bus,IC CORP,2016.0,9.0,F,Licensed,Entering Parked Position,Right Rear Bumper,Right Rear Bumper,,,,Unspecified,,Unspecified,Unspecified,MANHATTAN,10039.0,"    (40.828823, -73.93752)",0.0,0.0,0,0,0,0,0,0,Sedan,Bus,0
20382935,4603050,02/02/2023,23:45,09ec3e1c-1e1d-417b-90a4-2d05222ee10e,Station Wagon/Sport Utility Vehicle,NISS -CAR/SUV,2011.0,0.0,,,Parked,Right Rear Quarter Panel,Right Rear Quarter Panel,Right Rear Bumper,Right Side Doors,,N,,Unspecified,Unspecified,QUEENS,11105.0,"    (40.77593, -73.90763)",0.0,0.0,0,0,0,0,0,0,Sedan,Station Wagon/Sport Utility Vehicle,0
20435656,4627075,04/22/2023,00:44,a1179c26-4783-4a06-bd10-4dd057820b20,Station Wagon/Sport Utility Vehicle,TOYT -CAR/SUV,2023.0,2.0,M,Licensed,Parked,Left Rear Bumper,Left Rear Bumper,Left Rear Quarter Panel,No Damage,No Damage,N,,Driver Inattention/Distraction,Unspecified,BROOKLYN,11225.0,"    (40.654087, -73.96175)",3.0,0.0,0,0,0,0,3,0,Station Wagon/Sport Utility Vehicle,Station Wagon/Sport Utility Vehicle,1
20544618,4676585,11/04/2023,18:40,31066777-f559-4fb8-820a-9185e88d32ec,Station Wagon/Sport Utility Vehicle,TOYT -CAR/SUV,2010.0,1.0,F,Licensed,Backing,Center Back End,No Damage,,,,N,,Driver Inattention/Distraction,Failure to Yield Right-of-Way,BROOKLYN,11209.0,"    (40.634197, -74.02669)",2.0,0.0,2,0,0,0,0,0,Station Wagon/Sport Utility Vehicle,,1
20558386,4680603,11/20/2023,07:39,bbc7f5c8-a2f7-4e9b-9f7f-2d4166b438f7,Station Wagon/Sport Utility Vehicle,SUBA -CAR/SUV,2018.0,0.0,M,Licensed,Parked,Center Back End,Center Back End,,,,N,,Unspecified,Unspecified,BROOKLYN,11229.0,"    (40.595604, -73.94389)",0.0,0.0,0,0,0,0,0,0,Station Wagon/Sport Utility Vehicle,Station Wagon/Sport Utility Vehicle,0
20430069,4624408,04/29/2023,06:13,73b8182f-ccc0-4580-96b6-dccf7f1d1864,Station Wagon/Sport Utility Vehicle,MERZ -CAR/SUV,2017.0,1.0,F,Licensed,Going Straight Ahead,Center Front End,Center Front End,Left Front Bumper,Right Front Bumper,Left Front Quarter Panel,Unspecified,,Pavement Slippery,Unspecified,,,"    (40.873737, -73.90593)",1.0,0.0,0,0,0,0,1,0,Station Wagon/Sport Utility Vehicle,,1
20398748,4610276,03/05/2023,17:30,c5eb0491-ab87-43c6-a600-7e1aa0cf3fd2,Station Wagon/Sport Utility Vehicle,TOYT -CAR/SUV,2008.0,4.0,M,Licensed,Going Straight Ahead,Left Front Bumper,Right Front Bumper,Left Side Doors,Left Front Quarter Panel,Center Front End,N,,Unspecified,Unspecified,,,"    (40.74457, -73.731575)",0.0,0.0,0,0,0,0,0,0,Station Wagon/Sport Utility Vehicle,Station Wagon/Sport Utility Vehicle,0
20506871,4659200,08/30/2023,14:10,23f6cbf5-37b5-4e0f-8448-a6623df7aad7,Station Wagon/Sport Utility Vehicle,CHRY -CAR/SUV,2021.0,1.0,M,Licensed,Going Straight Ahead,Left Front Bumper,Left Front Bumper,,,,N,,Unspecified,Unspecified,BRONX,10469.0,"    (40.867584, -73.861496)",1.0,0.0,0,0,0,0,1,0,Sedan,Station Wagon/Sport Utility Vehicle,1
20522936,4666486,09/29/2023,07:35,aba558bf-1bc0-4ab9-ab41-e26d85183d33,Pick-up Truck,FORD -CAR/SUV,2004.0,1.0,,,Making Right Turn,Right Rear Quarter Panel,Right Rear Quarter Panel,No Damage,No Damage,No Damage,N,,Turning Improperly,Unspecified,QUEENS,11101.0,"    (40.751408, -73.93757)",0.0,0.0,0,0,0,0,0,0,Sedan,Pick-up Truck,0
20412170,4616371,03/26/2023,11:00,08aa82c4-21d7-4e3b-83d7-6c2780dd1137,Sedan,HOND -CAR/SUV,2022.0,1.0,,,Going Straight Ahead,Center Front End,,,,,N,,Unspecified,Unspecified,BROOKLYN,11218.0,"    (40.642925, -73.9788)",0.0,0.0,0,0,0,0,0,0,Sedan,Sedan,0
20795401,4777401,12/09/2024,08:46,4efc81e0-d09b-4049-96ef-29992e0e5627,Sedan,NISS -CAR/SUV,2019.0,1.0,M,Licensed,Backing,Center Back End,Center Back End,,,,N,,Backing Unsafely,Driver Inattention/Distraction,BROOKLYN,11236.0,"    (40.64165, -73.90377)",1.0,0.0,0,0,0,0,1,0,Sedan,Taxi,1
20655471,4726843,05/22/2024,07:43,a02b05fa-3b91-452d-b6f7-6cb3288556f5,Station Wagon/Sport Utility Vehicle,FORD -CAR/SUV,2012.0,0.0,,,Parked,Right Rear Quarter Panel,Right Rear Quarter Panel,,,,N,,Unspecified,Unspecified,BROOKLYN,11214.0,"    (40.606823, -74.00193)",0.0,0.0,0,0,0,0,0,0,Bus,Station Wagon/Sport Utility Vehicle,0
20604024,4703663,02/16/2024,14:42,cff8e81c-0994-455d-bd1c-ee459a6e5a74,Station Wagon/Sport Utility Vehicle,CHEV -CAR/SUV,2019.0,1.0,M,Licensed,Stopped in Traffic,Center Back End,Center Back End,Right Rear Bumper,Left Rear Bumper,No Damage,N,,Reaction to Uninvolved Vehicle,Unspecified,,,"    (40.84525, -73.91499)",1.0,0.0,0,0,0,0,1,0,Station Wagon/Sport Utility Vehicle,Bus,1
20743939,4752189,08/28/2024,10:34,39fc373e-30c8-42d6-871d-a689a3481631,Station Wagon/Sport Utility Vehicle,MAZD -CAR/SUV,2021.0,1.0,F,Licensed,Going Straight Ahead,Left Rear Quarter Panel,Left Rear Quarter Panel,Left Side Doors,,,N,,Driver Inattention/Distraction,Unspecified,QUEENS,11374.0,"    (40.72379, -73.864044)",0.0,0.0,0,0,0,0,0,0,Station Wagon/Sport Utility Vehicle,Station Wagon/Sport Utility Vehicle,0
20777974,4769181,11/03/2024,07:38,0056ee4d-69f1-4e88-838a-c74e82da70e9,Sedan,TOYT -CAR/SUV,2022.0,1.0,M,Licensed,Going Straight Ahead,Right Side Doors,Right Rear Quarter Panel,Right Front Bumper,Right Rear Quarter Panel,Right Rear Bumper,N,,Unspecified,Unspecified,BROOKLYN,11203.0,"    (40.64922, -73.94458)",1.0,0.0,0,0,0,0,1,0,Sedan,Sedan,1
20645504,4722491,05/06/2024,01:55,74795492-6ddb-42cb-8f35-f57ec9cc46c4,Convertible,HYUN -CAR/SUV,2020.0,1.0,M,Licensed,Making U Turn,Right Front Bumper,Right Front Bumper,Other,Other,Other,N,,Driver Inattention/Distraction,Unspecified,QUEENS,11373.0,"    (40.74664, -73.891396)",0.0,0.0,0,0,0,0,0,0,Convertible,Convertible,0
20630292,4715378,04/05/2024,11:35,9c2a6007-3489-4f07-8b3b-2cca16bf783d,Pick-up Truck,CHEV -CAR/SUV,2007.0,1.0,M,Licensed,Going Straight Ahead,Left Rear Bumper,Left Rear Bumper,,,,N,,Unspecified,Unspecified,QUEENS,11357.0,"    (40.789368, -73.81153)",0.0,0.0,0,0,0,0,0,0,Ambulance,Pick-up Truck,0
20692564,4743754,07/27/2024,19:00,d8fbe73b-89ea-4fdd-a02b-ffffe66855a4,Bus,NE/FL,2011.0,1.0,M,Licensed,Going Straight Ahead,Right Rear Quarter Panel,Right Rear Quarter Panel,No Damage,No Damage,No Damage,N,,Unspecified,Unspecified,,,,0.0,0.0,0,0,0,0,0,0,Station Wagon/Sport Utility Vehicle,Bus,0
20811675,4782442,12/29/2024,14:43,d064477c-33c4-4813-9d1e-c55a114ed38c,Sedan,NISS -CAR/SUV,2018.0,1.0,M,Licensed,Going Straight Ahead,No Damage,No Damage,No Damage,No Damage,No Damage,Unspecified,,Unspecified,Unspecified,,,"    (40.744526, -73.77161)",2.0,0.0,0,0,0,0,2,0,Sedan,Sedan,1
20680148,4738189,07/05/2024,14:30,efe3ad93-11b9-48b5-913e-65bc3c4a9c2d,Station Wagon/Sport Utility Vehicle,LEXS -CAR/SUV,2021.0,1.0,F,Licensed,Stopped in Traffic,Right Side Doors,Right Side Doors,Right Rear Quarter Panel,,,N,,Unspecified,Unspecified,STATEN ISLAND,10306.0,"    (40.577946, -74.102325)",0.0,0.0,0,0,0,0,0,0,Station Wagon/Sport Utility Vehicle,Bike,0
20785388,4772665,11/19/2024,09:25,1a5a250f-b4e3-4a0f-ae81-8b4e7da9da6c,Sedan,JEEP -CAR/SUV,2021.0,1.0,M,Licensed,Going Straight Ahead,Center Back End,Center Back End,,,,N,,Unspecified,Unspecified,,,"    (40.83801, -73.87329)",1.0,0.0,0,0,0,0,1,0,Sedan,,1
20682783,4739448,07/10/2024,20:46,00b85548-5362-4328-a88f-1a7f9fe2025f,Sedan,HOND -CAR/SUV,2019.0,1.0,M,Licensed,Making Left Turn,Center Front End,Center Front End,No Damage,No Damage,No Damage,N,,Driver Inexperience,Unspecified,BROOKLYN,11222.0,"    (40.7263, -73.95736)",1.0,0.0,0,0,1,0,0,0,Sedan,Bike,1
20611819,4701120,01/31/2024,21:26,5893e0e1-23a1-4eda-ad7b-0d84112dd62c,Sedan,CADI -CAR/SUV,2023.0,1.0,M,Licensed,Slowing or Stopping,Left Rear Bumper,Left Rear Bumper,,,,N,,Unspecified,Unspecified,BROOKLYN,11236.0,"    (40.632435, -73.88818)",0.0,0.0,0,0,0,0,0,0,Sedan,Sedan,0
20612013,4707400,03/05/2024,09:00,ea1abddd-7c05-499f-8c6c-90a01fcad858,Convertible,BMW -CAR/SUV,2012.0,0.0,,,Parked,Right Front Bumper,Right Front Bumper,,,,N,,Unspecified,Unspecified,,,"    (40.68438, -73.94702)",0.0,0.0,0,0,0,0,0,0,Convertible,,0