UNIQUE_ID,COLLISION_ID,CRASH_DATE,CRASH_TIME,VEHICLE_ID,VEHICLE_TYPE,VEHICLE_MAKE,VEHICLE_YEAR,VEHICLE_OCCUPANTS,DRIVER_SEX,DRIVER_LICENSE_STATUS,PRE_CRASH,POINT_OF_IMPACT,VEHICLE_DAMAGE,VEHICLE_DAMAGE_1,VEHICLE_DAMAGE_2,VEHICLE_DAMAGE_3,PUBLIC_PROPERTY_DAMAGE,PUBLIC_PROPERTY_DAMAGE_TYPE,CONTRIBUTING_FACTOR_1,CONTRIBUTING_FACTOR_2,BOROUGH,ZIP CODE,LOCATION,NUMBER OF PERSONS INJURED,NUMBER OF PERSONS KILLED,NUMBER OF PEDESTRIANS INJURED,NUMBER OF PEDESTRIANS KILLED,NUMBER OF CYCLIST INJURED,NUMBER OF CYCLIST KILLED,NUMBER OF MOTORIST INJURED,NUMBER OF MOTORIST KILLED,VEHICLE TYPE CODE 1,VEHICLE TYPE CODE 2,Severity
20630127,4715223,04/07/2024,04:27,e71fed3f-cc44-499a-a865-7483f1e7caf2,Station Wagon/Sport Utility Vehicle,NISS -CAR/SUV,2022.0,1.0,,,Going Straight Ahead,,,,,,Unspecified,,Driver Inattention/Distraction,,,,"    (40.745907, -73.86964)",0.0,0.0,0,0,0,0,0,0,Sedan,Station Wagon/Sport Utility Vehicle,0
20744460,4750604,08/25/2024,17:15,e05cc6c8-69f7-4fe9-a102-d4eb0ebb57c8,Sedan,ACUR -CAR/SUV,2021.0,2.0,F,Licensed,Going Straight Ahead,Left Front Bumper,Left Front Bumper,Left Front Quarter Panel,Center Front End,Left Side Doors,N,,Unspecified,Unspecified,,,,1.0,1.0,0,0,0,0,1,1,Station Wagon/Sport Utility Vehicle,Station Wagon/Sport Utility Vehicle,2
20756654,4730326,06/05/2024,07:45,6a6fd6da-a396-44fc-b7b0-4ecb9b6bec4d,Station Wagon/Sport Utility Vehicle,ACUR -CAR/SUV,2024.0,1.0,F,Licensed,Going Straight Ahead,Right Front Bumper,Right Front Quarter Panel,Right Side Doors,Right Front Bumper,Right Rear Quarter Panel,N,,Unspecified,Unspecified,QUEENS,11413.0,"    (40.666286, -73.76354)",0.0,0.0,0,0,0,0,0,0,Station Wagon/Sport Utility Vehicle,,0
20665047,4729682,06/02/2024,23:50,5650a584-1082-4cf7-9f5f-2555f140c2fb,Sedan,HOND -CAR/SUV,2021.0,0.0,,,Parked,Left Front Bumper,Left Front Bumper,Center Front End,Right Front Bumper,Right Front Quarter Panel,N,,Unspecified,Unspecified,BROOKLYN,11208.0,"    (40.65867, -73.875656)",1.0,0.0,0,0,0,0,1,0,Sedan,Station Wagon/Sport Utility Vehicle,1
20751049,4750908,08/26/2024,17:05,16a10ca3-c91e-48f5-921d-3551d86e7484,Station Wagon/Sport Utility Vehicle,INFI -CAR/SUV,2024.0,1.0,M,Licensed,Backing,Center Back End,No Damage,No Damage,No Damage,No Damage,N,,Failure to Yield Right-of-Way,Unspecified,BROOKLYN,11223.0,"    (40.60783, -73.97386)",1.0,0.0,0,0,1,0,0,0,Station Wagon/Sport Utility Vehicle,Bike,1
20789740,4774797,11/26/2024,22:29,60a9146a-036b-4758-bace-661037cea2f6,Sedan,TOYT -CAR/SUV,2008.0,1.0,M,Licensed,Going Straight Ahead,Left Rear Quarter Panel,Left Rear Quarter Panel,,,,N,,Driver Inattention/Distraction,Unsafe Lane Changing,BROOKLYN,11223.0,"    (40.593323, -73.96464)",0.0,0.0,0,0,0,0,0,0,Sedan,Ambulance,0
20622276,4712042,03/23/2024,06:11,646866a3-b8b9-4096-a2e2-792662ad7c2c,Station Wagon/Sport Utility Vehicle,CHEV -CAR/SUV,1992.0,0.0,,,Parked,Right Rear Quarter Panel,Right Side Doors,Right Front Quarter Panel,No Damage,No Damage,Unspecified,,Unspecified,Unspecified,BROOKLYN,11221.0,"    (40.692226, -73.930916)",0.0,0.0,0,0,0,0,0,0,Station Wagon/Sport Utility Vehicle,Station Wagon/Sport Utility Vehicle,0
20609866,4706371,03/01/2024,22:05,48d62031-1889-41d9-be8b-10efa276d574,Station Wagon/Sport Utility Vehicle,NISS -CAR/SUV,2008.0,1.0,M,Licensed,Going Straight Ahead,Left Front Bumper,Left Front Bumper,Left Front Bumper,Left Front Bumper,Left Front Bumper,N,,Failure to Yield Right-of-Way,Driver Inattention/Distraction,BROOKLYN,11236.0,"    (40.63038, -73.90379)",3.0,0.0,0,0,0,0,3,0,Sedan,Station Wagon/Sport Utility Vehicle,1
20677475,4737178,07/01/2024,16:36,84f17e28-1df8-4e0b-9823-27fa54a1bb3e,Bus,CHEV-TRUCK/BUS,2015.0,2.0,F,Licensed,Going Straight Ahead,No Damage,No Damage,No Damage,No Damage,No Damage,Unspecified,,Pedestrian/Bicyclist/Other Pedestrian Error/Confusion,Pedestrian/Bicyclist/Other Pedestrian Error/Confusion,MANHATTAN,10002.0,"    (40.71988, -73.98172)",0.0,0.0,0,0,0,0,0,0,Bus,Sedan,0
20610761,4706484,03/03/2024,06:30,14515703-0076-4e12-b78f-a83fd5a3b4c4,Station Wagon/Sport Utility Vehicle,TOYT -CAR/SUV,2021.0,1.0,M,Licensed,Going Straight Ahead,Right Front Quarter Panel,Right Front Quarter Panel,No Damage,No Damage,No Damage,N,,Unspecified,Unspecified,BROOKLYN,11230.0,"    (40.620815, -73.956696)",1.0,0.0,0,0,0,0,0,0,Station Wagon/Sport Utility Vehicle,E-Scooter,1
20604821,4703845,02/19/2024,15:00,597c9d0c-c725-4c05-bcbf-b29d00b4df7d,Station Wagon/Sport Utility Vehicle,CHEV -CAR/SUV,2018.0,1.0,M,Licensed,Going Straight Ahead,Center Back End,Left Rear Bumper,Left Rear Quarter Panel,Left Front Quarter Panel,Center Front End,N,,Unspecified,Unspecified,,,"    (40.836555, -73.87135)",0.0,0.0,0,0,0,0,0,0,Van,Station Wagon/Sport Utility Vehicle,0
20631993,4716411,03/28/2024,08:50,69a81583-833a-465c-b33b-768daeb524b1,Dump,FRHT-TRUCK/BUS,2013.0,1.0,M,Licensed,Parked,Right Side Doors,Right Side Doors,No Damage,No Damage,No Damage,N,,Passing Too Closely,Unspecified,,,"    (40.787163, -73.97169)",0.0,0.0,0,0,0,0,0,0,Sedan,Dump,0
20806221,4782543,12/29/2024,14:33,d6f6ddba-0c92-4f81-9a13-0f9347469ddc,Station Wagon/Sport Utility Vehicle,FORD -CAR/SUV,2022.0,0.0,M,Licensed,Going Straight Ahead,Center Front End,Center Front End,Left Front Bumper,Right Front Bumper,Left Front Quarter Panel,N,,Unspecified,Unspecified,MANHATTAN,10013.0,"    (40.716015, -74.00883)",0.0,0.0,0,0,0,0,0,0,Station Wagon/Sport Utility Vehicle,Station Wagon/Sport Utility Vehicle,0
20614450,4708314,03/05/2024,18:40,bc542d23-1848-455e-ab74-a7c1b1629279,Station Wagon/Sport Utility Vehicle,NISS -CAR/SUV,2017.0,1.0,F,Licensed,Stopped in Traffic,Left Rear Bumper,Left Rear Bumper,No Damage,No Damage,No Damage,N,,Unspecified,Unspecified,,,"    (40.68039, -73.94956)",0.0,0.0,0,0,0,0,0,0,Station Wagon/Sport Utility Vehicle,Moped,0
20789456,4774525,11/21/2024,15:03,26d6377e-33a9-452d-8021-056ba5828ba6,Station Wagon/Sport Utility Vehicle,JEEP -CAR/SUV,2018.0,1.0,F,Licensed,Going Straight Ahead,Left Front Bumper,Left Front Bumper,,,,N,,Unspecified,Unspecified,QUEENS,11385.0,"    (40.70197, -73.88049)",0.0,0.0,0,0,0,0,0,0,Station Wagon/Sport Utility Vehicle,Sedan,0
20809350,4781253,12/23/2024,16:23,0d03fad3-c149-424e-a7ba-d7b1de3f94e2,Sedan,CHEV -CAR/SUV,2013.0,1.0,F,Licensed,Making Left Turn,Left Front Bumper,No Damage,No Damage,No Damage,No Damage,N,,Failure to Yield Right-of-Way,Unspecified,QUEENS,11379.0,"    (40.714622, -73.90116)",1.0,0.0,1,0,0,0,0,0,Sedan,,1
20650372,4724513,05/12/2024,03:33,df78257f-9689-4285-a30d-2e486a3af1b8,Sedan,NISS -CAR/SUV,,0.0,,,Parked,Left Rear Bumper,Left Rear Bumper,Left Rear Quarter Panel,No Damage,No Damage,Unspecified,,Unspecified,Unspecified,BROOKLYN,11207.0,"    (40.66931, -73.888535)",0.0,0.0,0,0,0,0,0,0,Sedan,Station Wagon/Sport Utility Vehicle,0
20754470,4754072,09/01/2024,04:55,58fc1b0f-df14-4b80-9d1d-0f3fd7adf1b8,Station Wagon/Sport Utility Vehicle,HOND -CAR/SUV,2020.0,1.0,M,,Going Straight Ahead,Left Front Bumper,Left Front Quarter Panel,Right Front Bumper,No Damage,No Damage,N,,Lost Consciousness,Fatigued/Drowsy,QUEENS,11435.0,"    (40.694183, -73.80544)",1.0,0.0,0,0,0,0,1,0,Station Wagon/Sport Utility Vehicle,Sedan,1
20771477,4766465,10/19/2024,11:00,c887ee44-4062-4e74-abff-d84e064fbecc,Pick-up Truck,CHEV -CAR/SUV,2015.0,1.0,M,Licensed,Going Straight Ahead,Left Front Bumper,Left Front Bumper,Left Front Quarter Panel,No Damage,No Damage,N,,Unspecified,Unspecified,MANHATTAN,10023.0,"    (40.774734, -73.98818)",0.0,0.0,0,0,0,0,0,0,Pick-up Truck,,0
20660500,4729195,05/31/2024,22:30,4deeb747-77f8-440f-ad29-538ae8b3fb0f,Sedan,INFI -CAR/SUV,2009.0,4.0,M,Licensed,Going Straight Ahead,Right Front Bumper,Demolished,,,,N,,Tire Failure/Inadequate,Unspecified,,,"    (40.609917, -73.89746)",1.0,0.0,0,0,0,0,1,0,Sedan,,1
20737051,4736176,05/20/2024,15:30,28b2389a-8c1e-43ae-a40f-78b7dfa76492,Bus,CHEV-TRUCK/BUS,2015.0,1.0,F,Licensed,Going Straight Ahead,Left Rear Quarter Panel,Left Rear Quarter Panel,No Damage,No Damage,No Damage,N,,Unspecified,Unspecified,MANHATTAN,10018.0,"    (40.760777, -74.00219)",0.0,0.0,0,0,0,0,0,0,Bus,Bus,0
20691765,4741759,07/20/2024,21:31,a1707ada-98f0-4d2a-938c-0514ee14e7ad,Station Wagon/Sport Utility Vehicle,AUDI -CAR/SUV,2015.0,1.0,M,Licensed,Changing Lanes,Left Rear Quarter Panel,Left Rear Quarter Panel,No Damage,No Damage,No Damage,N,,Driver Inattention/Distraction,Unspecified,MANHATTAN,10065.0,"    (40.76468, -73.9643)",1.0,0.0,0,0,0,0,1,0,Taxi,Station Wagon/Sport Utility Vehicle,1
20649820,4724462,05/14/2024,09:05,0023693c-9937-48a5-abd6-132b3b73145b,Station Wagon/Sport Utility Vehicle,VOLK -CAR/SUV,2021.0,1.0,M,Licensed,Parked,Right Front Bumper,No Damage,No Damage,No Damage,No Damage,N,,Unspecified,Unspecified,MANHATTAN,10013.0,"    (40.719456, -73.99441)",0.0,0.0,0,0,0,0,0,0,Station Wagon/Sport Utility Vehicle,Box Truck,0
20599732,4701741,02/06/2024,14:36,a1aa9676-1d52-4939-ab7e-91c700b1cbe8,Pick-up Truck,FORD -CAR/SUV,2015.0,0.0,M,Licensed,Going Straight Ahead,Right Front Bumper,No Damage,,,,N,,Driver Inattention/Distraction,Driver Inattention/Distraction,,,"    (40.68777, -73.98701)",1.0,0.0,0,0,0,0,1,0,Pick-up Truck,Sedan,1
20613829,4708137,03/08/2024,17:50,ec02ec3c-1e39-4599-b72a-ec651d836bbe,Taxi,HOND -CAR/SUV,2017.0,2.0,M,Licensed,Making Right Turn,Left Front Bumper,Left Front Bumper,,,,N,,Unspecified,Unspecified,,,"    (40.845177, -73.91417)",0.0,0.0,0,0,0,0,0,0,Flat Bed,Taxi,0
20640706,4716954,04/08/2024,08:44,ddaa77f5-fb89-4a8c-af78-c12a597bf621,Station Wagon/Sport Utility Vehicle,MASE -CAR/SUV,2017.0,0.0,,,Parked,Right Side Doors,Right Side Doors,Right Front Quarter Panel,No Damage,No Damage,N,,Other Vehicular,Unspecified,MANHATTAN,10013.0,"    (40.72004, -74.009544)",0.0,0.0,0,0,0,0,0,0,Station Wagon/Sport Utility Vehicle,,0
20749426,4751983,08/31/2024,03:10,10589918-1085-4e5a-aa79-6d587a3c60b3,Station Wagon/Sport Utility Vehicle,TESL -CAR/SUV,2024.0,0.0,,,Parked,Left Rear Bumper,Left Rear Quarter Panel,Left Side Doors,Left Front Quarter Panel,Left Front Bumper,N,,Unspecified,Unspecified,BROOKLYN,11210.0,"    (40.63808, -73.95326)",1.0,0.0,0,0,0,0,1,0,Station Wagon/Sport Utility Vehicle,Station Wagon/Sport Utility Vehicle,1
20661953,4729920,06/01/2024,21:46,01fea5d0-9697-4b37-807c-bf90068a670b,Station Wagon/Sport Utility Vehicle,JEEP -CAR/SUV,2012.0,1.0,F,Licensed,Making Right Turn,Center Front End,Center Front End,Left Front Bumper,Right Front Bumper,Left Front Quarter Panel,N,,Other Vehicular,Other Vehicular,BROOKLYN,11225.0,"    (40.663303, -73.960625)",0.0,0.0,0,0,0,0,0,0,Sedan,Station Wagon/Sport Utility Vehicle,0
20739331,4733924,06/18/2024,23:05,9691c2b9-46f2-4c36-95c8-c434fcbc48f2,Station Wagon/Sport Utility Vehicle,NISS -CAR/SUV,2008.0,1.0,M,Licensed,Parked,Left Rear Bumper,Left Rear Bumper,Left Front Quarter Panel,Center Front End,,N,,Unspecified,Unspecified,BROOKLYN,11236.0,"    (40.64315, -73.905464)",1.0,0.0,0,0,0,0,1,0,Station Wagon/Sport Utility Vehicle,Station Wagon/Sport Utility Vehicle,1
20799805,4779568,12/17/2024,23:56,d9e46e47-8fa0-487e-89d2-6ae6f5c74579,Sedan,MAZD -CAR/SUV,2024.0,0.0,,,Parked,Left Rear Quarter Panel,Left Rear Bumper,Left Side Doors,Center Back End,,N,,Unspecified,Unspecified,STATEN ISLAND,10305.0,"    (40.59322, -74.06657)",0.0,0.0,0,0,0,0,0,0,Sedan,Sedan,0
20717986,4700981,02/07/2024,19:01,c8f36740-d224-4887-9ea0-f6e45116cb10,Motorcycle,HD -MCL,2020.0,1.0,M,Licensed,Passing,Other,Other,No Damage,No Damage,No Damage,N,,Passing or Lane Usage Improper,Unspecified,,,"    (40.735424, -73.974754)",0.0,0.0,0,0,0,0,0,0,Motorcycle,Sedan,0
20797242,4778154,12/11/2024,11:50,8f4ac6c4-56f6-41c5-bfd7-fbecd9b8094f,Box Truck,HINO -TRUCK/BUS,2014.0,1.0,M,Licensed,Stopped in Traffic,Right Rear Bumper,Right Rear Bumper,Right Rear Bumper,No Damage,No Damage,N,,Unspecified,Unspecified,QUEENS,11101.0,"    (40.752403, -73.924416)",0.0,0.0,0,0,0,0,0,0,Station Wagon/Sport Utility Vehicle,Box Truck,0
20611855,4707303,03/03/2024,03:32,e2bb47bb-4fe0-4190-a50a-08893194b556,Sedan,HYUN -CAR/SUV,2020.0,1.0,F,Licensed,Going Straight Ahead,Left Front Bumper,Left Front Bumper,Left Front Quarter Panel,,,N,,Unspecified,Unspecified,BROOKLYN,11217.0,"    (40.684925, -73.97415)",2.0,0.0,0,0,0,0,2,0,Taxi,Sedan,1
20613169,4707740,03/06/2024,17:00,930a4c7d-4c82-4798-9e19-b01cc8124779,Sedan,NISS -CAR/SUV,2013.0,1.0,M,Unlicensed,Going Straight Ahead,Left Front Bumper,Left Front Bumper,No Damage,No Damage,No Damage,N,,Unspecified,Unspecified,MANHATTAN,10035.0,"    (40.805058, -73.93904)",0.0,0.0,0,0,0,0,0,0,Sedan,Sedan,0
20775935,4768348,11/02/2024,14:25,d74b9f6a-f9b1-4368-a9ec-3fa0cc940890,Taxi,TOYT -CAR/SUV,2023.0,1.0,M,Licensed,Going Straight Ahead,Right Front Bumper,Right Front Bumper,Right Front Quarter Panel,Right Front Quarter Panel,Right Front Quarter Panel,N,,Passing or Lane Usage Improper,Unspecified,BROOKLYN,11201.0,"    (40.696033, -73.98453)",0.0,0.0,0,0,0,0,0,0,Taxi,Box Truck,0
20779104,4769913,11/09/2024,16:45,ca3596cc-fd5a-4b9f-b297-3b3b3546ff89,Box Truck,HINO -TRUCK/BUS,2020.0,1.0,M,Licensed,Parked,Left Side Doors,No Damage,,,,N,,Unspecified,Unspecified,BROOKLYN,11215.0,"    (40.67219, -73.98379)",1.0,0.0,0,0,1,0,0,0,Box Truck,Bike,1
20668497,4732903,06/13/2024,15:50,76f5439e-0415-4d41-a53f-25e486f24677,Sedan,TOYT -CAR/SUV,2012.0,0.0,,,Parked,Left Rear Bumper,Left Rear Bumper,,,,N,,Unspecified,Unspecified,BROOKLYN,11207.0,"    (40.664413, -73.89636)",0.0,0.0,0,0,0,0,0,0,Sedan,Box Truck,0
20791407,4775294,11/27/2024,07:49,a2e534bf-dce1-4252-a71e-1944b68d8f02,Box Truck,MITS-TRUCK/BUS,2006.0,1.0,M,Licensed,Going Straight Ahead,Right Front Bumper,No Damage,,,,N,,Unspecified,Unspecified,,,"    (40.677982, -73.87211)",0.0,0.0,0,0,0,0,0,0,Box Truck,Sedan,0
20642421,4720929,04/29/2024,18:41,72d11f3a-c554-4f68-9c72-7162bb576940,,KIA -CAR/SUV,,,,,Going Straight Ahead,Center Front End,Center Front End,Center Front End,Center Front End,,Unspecified,,Unspecified,Unspecified,BROOKLYN,11226.0,"    (40.64352, -73.95459)",1.0,0.0,0,0,1,0,0,0,Bike,,1
20664454,4731404,06/06/2024,16:40,35e0a8b4-81f2-480e-981d-83916cbdc443,Station Wagon/Sport Utility Vehicle,HOND -CAR/SUV,2024.0,1.0,M,Licensed,Going Straight Ahead,Left Rear Bumper,Left Rear Quarter Panel,,,,N,,Unspecified,Unspecified,BRONX,10462.0,"    (40.84232, -73.85472)",1.0,0.0,0,0,0,0,1,0,Station Wagon/Sport Utility Vehicle,,1
20608169,4705613,02/20/2024,08:00,d730e768-ccf6-45fb-84dc-0645c854554b,Sedan,SUBA -CAR/SUV,2015.0,1.0,M,Licensed,Going Straight Ahead,Center Front End,Center Front End,,,,N,,Unspecified,Unspecified,BRONX,10474.0,"    (40.815, -73.89402)",0.0,0.0,0,0,0,0,0,0,Sedan,Sedan,0
20685404,4740610,07/11/2024,23:40,ac88fffb-ef6d-4fb4-b29c-82f1091ef7f6,Station Wagon/Sport Utility Vehicle,TOYT -CAR/SUV,2006.0,1.0,F,,Going Straight Ahead,Right Front Bumper,Overturned,Overturned,,,N,,Fatigued/Drowsy,Driver Inattention/Distraction,QUEENS,11001.0,"    (40.73097, -73.7109)",0.0,0.0,0,0,0,0,0,0,Station Wagon/Sport Utility Vehicle,Station Wagon/Sport Utility Vehicle,0
20656978,4727443,05/26/2024,06:50,35835f6a-df22-40f6-9672-16f388b25ab3,Sedan,STRN -CAR/SUV,1999.0,1.0,M,Licensed,Going Straight Ahead,Left Rear Quarter Panel,Left Side Doors,Left Rear Bumper,No Damage,No Damage,N,,Unspecified,Unspecified,BRONX,10473.0,"    (40.819878, -73.85777)",0.0,0.0,0,0,0,0,0,0,Sedan,Sedan,0
20783930,4771959,11/15/2024,09:57,1f56a21b-aafa-46c1-8194-a6b333efe02c,Station Wagon/Sport Utility Vehicle,CHEV -CAR/SUV,2016.0,1.0,M,,Going Straight Ahead,Left Front Bumper,Left Front Bumper,No Damage,No Damage,No Damage,N,,Unspecified,Unspecified,QUEENS,11385.0,"    (40.712696, -73.9006)",0.0,0.0,0,0,0,0,0,0,Station Wagon/Sport Utility Vehicle,Station Wagon/Sport Utility Vehicle,0
20772010,4766572,09/21/2024,08:00,2d0b19b0-41e0-4fef-9d69-221e2b3fc091,Sedan,NISS -CAR/SUV,2020.0,2.0,M,Licensed,Going Straight Ahead,Center Front End,Center Front End,,,,N,,Traffic Control Disregarded,Traffic Control Disregarded,BROOKLYN,11224.0,,3.0,0.0,0,0,0,0,3,0,Sedan,Sedan,1
20750123,4744785,07/27/2024,12:00,0fa672b2-3ce8-49ac-95bf-2da7985d96f9,Taxi,TOYT -CAR/SUV,2021.0,2.0,M,Licensed,Stopped in Traffic,Center Back End,No Damage,No Damage,No Damage,No Damage,N,,Unspecified,Unspecified,QUEENS,11433.0,"    (40.70439, -73.796875)",1.0,0.0,0,0,0,0,1,0,Taxi,Station Wagon/Sport Utility Vehicle,1
20633077,4716863,04/13/2024,18:25,9aadbeef-7924-4a07-9b29-a8aac9fa7b0b,Station Wagon/Sport Utility Vehicle,FORD -CAR/SUV,2018.0,1.0,M,Licensed,Parked,Right Front Quarter Panel,Right Front Quarter Panel,No Damage,No Damage,No Damage,N,,Unspecified,Unspecified,,,"    (40.797916, -73.96385)",0.0,0.0,0,0,0,0,0,0,Sedan,Station Wagon/Sport Utility Vehicle,0
20603685,4703459,02/09/2024,15:50,36d91e48-c8d5-4277-ac67-60f88737818c,Station Wagon/Sport Utility Vehicle,TOYT -CAR/SUV,2021.0,1.0,,,Going Straight Ahead,Right Front Bumper,Right Front Quarter Panel,,,,N,,Other Vehicular,Aggressive Driving/Road Rage,BRONX,10466.0,"    (40.89304, -73.85627)",3.0,0.0,0,0,0,0,3,0,Sedan,Station Wagon/Sport Utility Vehicle,1
20750505,4749085,08/16/2024,15:37,e80a2c31-1fea-4e34-91a0-3a9276984fa8,Station Wagon/Sport Utility Vehicle,FORD -CAR/SUV,2021.0,0.0,,,Parked,Right Rear Bumper,Right Rear Bumper,,,,N,,Unspecified,Alcohol Involvement,BROOKLYN,11221.0,"    (40.68607, -73.91605)",0.0,0.0,0,0,0,0,0,0,Station Wagon/Sport Utility Vehicle,Box Truck,0
20786197,4773082,11/20/2024,12:50,10bfced4-59ae-40ae-a612-5c7974d1e05c,Station Wagon/Sport Utility Vehicle,LEXS -CAR/SUV,2000.0,1.0,M,Licensed,Parked,Left Rear Quarter Panel,Left Rear Quarter Panel,,,,N,,Unspecified,Unspecified,BROOKLYN,11220.0,"    (40.636055, -74.01016)",0.0,0.0,0,0,0,0,0,0,Station Wagon/Sport Utility Vehicle,,0
20761318,4758589,09/24/2024,18:50,9d6943d4-3359-460c-bc1e-cbc647dbf03c,Station Wagon/Sport Utility Vehicle,HOND -CAR/SUV,2024.0,1.0,,,Going Straight Ahead,Center Front End,Center Front End,,,,N,,Following Too Closely,Unspecified,QUEENS,11377.0,"    (40.74467, -73.8951)",2.0,0.0,0,0,0,0,2,0,Sedan,Station Wagon/Sport Utility Vehicle,1
20666064,4731858,06/11/2024,12:10,2c6ca433-d409-468c-87e0-35a7dea6f597,Station Wagon/Sport Utility Vehicle,JEEP -CAR/SUV,2018.0,1.0,M,Licensed,Making Left Turn,Right Front Bumper,No Damage,,,,N,,Turning Improperly,Failure to Yield Right-of-Way,BRONX,10456.0,"    (40.830738, -73.9105)",1.0,0.0,1,0,0,0,0,0,Station Wagon/Sport Utility Vehicle,,1
20620486,4711036,03/19/2024,08:57,7349ef69-7046-4267-a9cc-08e18d4310b4,Sedan,VOLK -CAR/SUV,2019.0,1.0,M,Licensed,Going Straight Ahead,Left Front Quarter Panel,Left Front Quarter Panel,Left Side Doors,No Damage,No Damage,N,,Unspecified,Unspecified,BROOKLYN,11213.0,"    (40.669098, -73.93666)",1.0,0.0,0,0,0,0,0,0,Sedan,E-Bike,1
20768546,4765016,10/11/2024,20:05,8348ec30-9498-4fa4-a8db-9f5024dbcfd7,Station Wagon/Sport Utility Vehicle,LEXS -CAR/SUV,2013.0,1.0,F,Licensed,Slowing or Stopping,Left Front Bumper,No Damage,No Damage,No Damage,No Damage,N,,Unspecified,Unspecified,QUEENS,11377.0,"    (40.740894, -73.89961)",0.0,0.0,0,0,0,0,0,0,Station Wagon/Sport Utility Vehicle,Moped,0
20664025,4730894,06/07/2024,15:50,767efeff-444b-4f7e-995e-0249ba90b78e,Station Wagon/Sport Utility Vehicle,FORD -CAR/SUV,2017.0,1.0,M,Licensed,Making Right Turn,Right Front Quarter Panel,Right Front Quarter Panel,Right Front Bumper,,,N,,Driver Inattention/Distraction,Failure to Yield Right-of-Way,MANHATTAN,10065.0,"    (40.76624, -73.960236)",1.0,0.0,1,0,0,0,0,0,Station Wagon/Sport Utility Vehicle,,1
20695750,4745138,08/03/2024,05:28,4a5a81f9-a1da-4a12-98dc-bfa996276439,Sedan,FORD -CAR/SUV,2014.0,0.0,,,Parked,Left Rear Bumper,Center Back End,Left Rear Quarter Panel,Right Front Bumper,Center Front End,N,,Unspecified,Unspecified,,,,0.0,0.0,0,0,0,0,0,0,Sedan,Sedan,0
20617259,4709545,03/12/2024,18:49,c96de3a2-f8e2-4a76-90d3-d954872ea610,Station Wagon/Sport Utility Vehicle,FORD -CAR/SUV,2007.0,1.0,F,Licensed,Parked,Left Front Quarter Panel,Left Front Bumper,,,,N,,Unspecified,Unspecified,BROOKLYN,11226.0,"    (40.652927, -73.959335)",0.0,0.0,0,0,0,0,0,0,Sedan,Station Wagon/Sport Utility Vehicle,0
20643960,4721802,05/04/2024,07:10,ac400d94-e607-41c3-94ce-730047de67c2,Station Wagon/Sport Utility Vehicle,FORD -CAR/SUV,2019.0,2.0,M,Licensed,Making U Turn,Left Rear Quarter Panel,Left Rear Quarter Panel,,,,N,,Driver Inattention/Distraction,Unspecified,,,"    (40.788506, -73.98107)",0.0,0.0,0,0,0,0,0,0,Station Wagon/Sport Utility Vehicle,Station Wagon/Sport Utility Vehicle,0
20614993,4708570,03/03/2024,11:30,05c7c1b8-0d15-4ace-8b40-80a15c6526b1,Station Wagon/Sport Utility Vehicle,NISS -CAR/SUV,,,,,Backing,Right Rear Quarter Panel,,,,,N,,Backing Unsafely,,QUEENS,11103.0,"    (40.755978, -73.913704)",0.0,0.0,0,0,0,0,0,0,Sedan,Station Wagon/Sport Utility Vehicle,0
20776206,4768397,10/26/2024,00:00,996bba55-cd01-4b80-95fb-8edb5271374d,Sedan,TOYT -CAR/SUV,2024.0,1.0,M,Licensed,Going Straight Ahead,Center Back End,Center Back End,Center Back End,No Damage,No Damage,N,,Unspecified,Unspecified,BROOKLYN,11237.0,"    (40.712124, -73.93426)",0.0,0.0,0,0,0,0,0,0,Sedan,Pick-up Truck,0
20809801,4782545,12/29/2024,16:48,c4e8befe-a33b-43f5-a9dd-a2bcdb3a479e,Van,CHEV-TRUCK/BUS,2017.0,2.0,M,Licensed,Going Straight Ahead,Left Front Bumper,Left Front Bumper,No Damage,No Damage,No Damage,N,,Reaction to Uninvolved Vehicle,Unspecified,BRONX,10475.0,"    (40.866962, -73.82495)",0.0,0.0,0,0,0,0,0,0,Sedan,Van,0
20728201,4760301,10/01/2024,16:00,25b9df2a-5c0c-402f-893b-07e0064f489a,Sedan,FORD -CAR/SUV,2018.0,3.0,M,Licensed,Making Left Turn,Right Front Quarter Panel,Right Front Bumper,,,,N,,Animals Action,Animals Action,BROOKLYN,11238.0,,0.0,0.0,0,0,0,0,0,0,Sedan,,0
20603674,4703460,02/17/2024,09:25,4cb140c3-dabe-4bc2-9ece-1712e29a34a2,Station Wagon/Sport Utility Vehicle,TOYT -CAR/SUV,2024.0,1.0,F,Licensed,Slowing or Stopping,Center Back End,Center Back End,Right Rear Bumper,Left Rear Bumper,No Damage,N,,Unspecified,Unspecified,,,"    (40.87683, -73.86472)",1.0,0.0,0,0,0,0,1,0,Sedan,Station Wagon/Sport Utility Vehicle,1
20646397,4722869,05/07/2024,10:30,0f65ffb7-9634-450a-bdeb-09055d7dc144,Concrete Mixer,Kenwo,2018.0,1.0,M,Licensed,Parked,Left Front Bumper,Center Front End,No Damage,No Damage,No Damage,N,,Unspecified,Unspecified,MANHATTAN,10035.0,"    (40.80467, -73.93219)",0.0,0.0,0,0,0,0,0,0,Concrete Mixer,,0