UNIQUE_ID,COLLISION_ID,CRASH_DATE,CRASH_TIME,VEHICLE_ID,VEHICLE_TYPE,VEHICLE_MAKE,VEHICLE_YEAR,VEHICLE_OCCUPANTS,DRIVER_SEX,DRIVER_LICENSE_STATUS,PRE_CRASH,POINT_OF_IMPACT,VEHICLE_DAMAGE,VEHICLE_DAMAGE_1,VEHICLE_DAMAGE_2,VEHICLE_DAMAGE_3,PUBLIC_PROPERTY_DAMAGE,PUBLIC_PROPERTY_DAMAGE_TYPE,CONTRIBUTING_FACTOR_1,CONTRIBUTING_FACTOR_2,BOROUGH,ZIP CODE,LOCATION,NUMBER OF PERSONS INJURED,NUMBER OF PERSONS KILLED,NUMBER OF PEDESTRIANS INJURED,NUMBER OF PEDESTRIANS KILLED,NUMBER OF CYCLIST INJURED,NUMBER OF CYCLIST KILLED,NUMBER OF MOTORIST INJURED,NUMBER OF MOTORIST KILLED,VEHICLE TYPE CODE 1,VEHICLE TYPE CODE 2,Severity
20636444,4718211,04/17/2024,20:45,5070fb31-4557-4c9f-8329-c4770029ee71,Sedan,HOND -CAR/SUV,2005.0,3.0,M,Licensed,Parked,Left Front Bumper,Left Front Bumper,Center Front End,Right Front Bumper,,N,,Unspecified,Unspecified,BRONX,10462.0,"    (40.83989, -73.86213)",1.0,0.0,0,0,0,0,1,0,Sedan,Station Wagon/Sport Utility Vehicle,1
20772636,4766872,10/19/2024,13:50,b3313145-816d-4980-83d8-e71fbd933ac8,Convertible,MERZ -CAR/SUV,2020.0,3.0,F,Licensed,Parked,Right Rear Quarter Panel,Left Side Doors,Right Side Doors,Left Rear Quarter Panel,Right Rear Bumper,N,,Unspecified,Unspecified,BROOKLYN,11225.0,"    (40.65699, -73.95181)",2.0,0.0,0,0,0,0,2,0,Convertible,Sedan,1
20676821,4737000,06/30/2024,20:00,47644c65-3d89-4f5f-8896-64bdffb80a6b,Sedan,DODG -CAR/SUV,2015.0,0.0,,,Parked,Right Rear Bumper,Right Rear Bumper,,,,N,,Unspecified,Unspecified,,,"    (40.685028, -73.94135)",0.0,0.0,0,0,0,0,0,0,Sedan,Sedan,0
20780789,4770614,11/04/2024,14:00,bc782828-1735-41f5-9c82-5ebf15c7ac16,Sedan,JEEP -CAR/SUV,2004.0,0.0,,,Going Straight Ahead,Left Front Quarter Panel,Left Front Quarter Panel,Left Front Bumper,Left Rear Quarter Panel,,N,,Aggressive Driving/Road Rage,Unspecified,QUEENS,11102.0,"    (40.77001, -73.9332)",0.0,0.0,0,0,0,0,0,0,Sedan,Sedan,0
20648436,4723781,05/10/2024,22:40,6b089fc3-7259-4018-87d2-74b19ddd9912,LIMO,TOYT -CAR/SUV,2021.0,0.0,M,Licensed,Going Straight Ahead,Right Front Bumper,Right Front Bumper,,,,N,,Unspecified,Unspecified,MANHATTAN,10016.0,"    (40.74036, -73.97318)",1.0,0.0,0,0,0,0,1,0,LIMO,Sedan,1
20790809,4775546,11/26/2024,07:32,1e34a6d2-88b6-4d52-9f4f-924ef6166142,Sedan,TOYT -CAR/SUV,2018.0,1.0,,,Backing,Right Rear Bumper,No Damage,,,,N,,Backing Unsafely,Driver Inattention/Distraction,MANHATTAN,10065.0,"    (40.765244, -73.95787)",1.0,0.0,1,0,0,0,0,0,Sedan,,1
20689303,4742502,07/20/2024,22:10,bdfa14df-b678-49bd-bff9-54d0bb84d4e9,Station Wagon/Sport Utility Vehicle,DODG -CAR/SUV,2018.0,1.0,,,Going Straight Ahead,Center Front End,No Damage,No Damage,No Damage,No Damage,N,,Aggressive Driving/Road Rage,Unspecified,BROOKLYN,11211.0,"    (40.7145, -73.957565)",0.0,0.0,0,0,0,0,0,0,Motorcycle,Station Wagon/Sport Utility Vehicle,0
20657599,4727776,05/26/2024,05:07,c873608a-ae78-4507-b164-869655e48154,Sedan,NISS -CAR/SUV,2015.0,0.0,,,Parked,Left Rear Bumper,Left Rear Quarter Panel,Left Side Doors,Center Back End,Right Rear Bumper,N,,Unspecified,Unspecified,BROOKLYN,11226.0,"    (40.65505, -73.95631)",1.0,0.0,0,0,0,0,1,0,Sedan,Sedan,1
20631732,4716154,04/04/2024,14:45,24fd7cff-5ed3-426a-b21a-89f783b06b2c,Motorcycle,ZHEJANG,2023.0,1.0,M,,Going Straight Ahead,Center Back End,Center Back End,Center Back End,Center Back End,,Unspecified,,Driver Inexperience,Driver Inexperience,QUEENS,11435.0,"    (40.688656, -73.79562)",1.0,0.0,0,0,0,0,1,0,Sedan,Motorcycle,1
20651213,4725159,05/16/2024,18:30,63560b8e-5d42-408f-9b8b-f235c12a6856,Station Wagon/Sport Utility Vehicle,TOYT -CAR/SUV,2023.0,1.0,M,Licensed,Going Straight Ahead,Right Front Quarter Panel,Right Front Quarter Panel,Right Front Quarter Panel,Right Front Quarter Panel,Right Front Quarter Panel,N,,Unspecified,Unspecified,,,"    (40.88643, -73.895805)",0.0,0.0,0,0,0,0,0,0,Station Wagon/Sport Utility Vehicle,Sedan,0
20799794,4779465,12/16/2024,14:45,ff81f339-4987-4591-ab88-a72356413a80,Station Wagon/Sport Utility Vehicle,ACUR -CAR/SUV,2011.0,0.0,M,Licensed,Parked,Left Rear Bumper,Left Rear Bumper,,,,N,,Obstruction/Debris,Unspecified,STATEN ISLAND,10306.0,"    (40.55495, -74.13803)",0.0,0.0,0,0,0,0,0,0,Station Wagon/Sport Utility Vehicle,,0
20602334,4702441,02/13/2024,10:00,844da072-8560-413e-a5ca-66ca28c22e88,Station Wagon/Sport Utility Vehicle,FORD -CAR/SUV,2012.0,3.0,M,Licensed,Slowing or Stopping,Center Back End,Center Back End,Left Rear Bumper,Right Rear Bumper,,N,,Aggressive Driving/Road Rage,Passing or Lane Usage Improper,,,"    (40.73594, -73.85887)",2.0,0.0,0,0,0,0,2,0,Station Wagon/Sport Utility Vehicle,Carry All,1
20797761,4778621,12/11/2024,18:55,60ecbf90-4c98-4560-beb6-3ab3edef0481,Station Wagon/Sport Utility Vehicle,ACUR -CAR/SUV,2022.0,1.0,F,Licensed,Making Left Turn,Center Front End,Right Front Bumper,Right Front Bumper,No Damage,No Damage,Unspecified,,Traffic Control Disregarded,Turning Improperly,STATEN ISLAND,10312.0,"    (40.56025, -74.16974)",1.0,0.0,1,0,0,0,0,0,Station Wagon/Sport Utility Vehicle,,1
20755902,4751644,08/29/2024,19:24,108ad455-b70c-47c8-9adf-a2ad77271a6b,Sedan,MAZD -CAR/SUV,2022.0,0.0,,,Parked,Left Front Bumper,Left Front Quarter Panel,Left Front Bumper,,,N,,Unspecified,Unspecified,STATEN ISLAND,10306.0,"    (40.570354, -74.10986)",0.0,0.0,0,0,0,0,0,0,Sedan,,0
20755682,4756919,09/18/2024,18:45,b0afa374-62a2-4058-9479-1a599cf22376,Sedan,CHRY -CAR/SUV,2022.0,0.0,M,Licensed,Going Straight Ahead,Left Front Bumper,Left Front Bumper,Left Front Quarter Panel,Other,No Damage,N,,Unspecified,Unspecified,BROOKLYN,11230.0,"    (40.625072, -73.97301)",0.0,0.0,0,0,0,0,0,0,Sedan,Sedan,0
20801093,4780067,12/16/2024,21:53,2a9058cc-72ee-486f-bb4c-6942f34de3ec,Station Wagon/Sport Utility Vehicle,FORD -CAR/SUV,2013.0,1.0,M,Licensed,Making Right Turn,Left Front Bumper,No Damage,No Damage,,,N,,Failure to Yield Right-of-Way,Pedestrian/Bicyclist/Other Pedestrian Error/Confusion,BROOKLYN,11207.0,"    (40.677208, -73.897224)",1.0,0.0,1,0,0,0,0,0,Station Wagon/Sport Utility Vehicle,,1
20680972,4738516,07/07/2024,13:20,b964de38-3cb9-420d-bdc9-646b44af10f7,Sedan,NISS -CAR/SUV,2014.0,1.0,F,,Going Straight Ahead,Center Front End,Center Front End,,,,N,,Unspecified,Unspecified,BROOKLYN,11208.0,"    (40.66647, -73.882515)",0.0,0.0,0,0,0,0,0,0,Sedan,,0
20653150,4725530,05/17/2024,01:38,aa149a90-c888-4275-b8b6-903e0bae6245,Station Wagon/Sport Utility Vehicle,TOYT -CAR/SUV,2023.0,0.0,,,Parked,Center Front End,Center Front End,,,,N,,Unspecified,Unspecified,BROOKLYN,11208.0,"    (40.672855, -73.87131)",0.0,0.0,0,0,0,0,0,0,Station Wagon/Sport Utility Vehicle,Station Wagon/Sport Utility Vehicle,0
20772300,4766730,10/25/2024,03:36,607d75a5-f742-48ae-98a0-972c4bce75e6,Sedan,HYUN -CAR/SUV,2021.0,1.0,M,Licensed,Parked,Left Front Bumper,Left Front Quarter Panel,Left Front Quarter Panel,Left Front Bumper,Left Front Bumper,N,,Driver Inattention/Distraction,Unsafe Speed,,,,1.0,0.0,0,0,0,0,1,0,Sedan,,1
20628265,4714590,04/03/2024,00:20,80d4872c-3190-49e2-ae3e-401f23c7b60d,Station Wagon/Sport Utility Vehicle,CADI -CAR/SUV,2010.0,0.0,,,Parked,Left Front Quarter Panel,Left Front Quarter Panel,Left Side Doors,Left Front Bumper,Left Side Doors,N,,Unspecified,Unspecified,QUEENS,11372.0,"    (40.75386, -73.8839)",0.0,0.0,0,0,0,0,0,0,Station Wagon/Sport Utility Vehicle,Sedan,0
20788343,4774195,11/24/2024,22:21,681dde8e-c413-4967-9564-a0026a51ce77,Box Truck,HYTR,2023.0,1.0,,,Going Straight Ahead,Left Front Bumper,Left Front Quarter Panel,,,,N,,Passing or Lane Usage Improper,Passing Too Closely,QUEENS,11421.0,"    (40.70014, -73.85361)",0.0,0.0,0,0,0,0,0,0,Sedan,Box Truck,0
20655402,4726953,05/21/2024,19:39,68b91581-bc9f-4f2f-b00d-9424c55f2ef5,Station Wagon/Sport Utility Vehicle,TOYT -CAR/SUV,2022.0,1.0,M,Licensed,Going Straight Ahead,Left Front Bumper,Left Front Bumper,No Damage,No Damage,No Damage,N,,Unspecified,Unspecified,BROOKLYN,11233.0,"    (40.675213, -73.919395)",1.0,0.0,0,0,0,0,1,0,Station Wagon/Sport Utility Vehicle,Station Wagon/Sport Utility Vehicle,1
20633990,4717056,04/12/2024,04:15,f3682a22-067c-4348-bf32-dcc23bb559e2,Sedan,BMW -CAR/SUV,,1.0,,,,Left Front Bumper,,,,,N,,,,,,"    (40.665836, -73.75739)",1.0,0.0,0,0,0,0,1,0,Sedan,Sedan,1
20766762,4764269,10/15/2024,21:05,a6984d46-9b47-42c5-b6d7-7b508aa0978e,Sedan,HYUN -CAR/SUV,2023.0,1.0,M,Licensed,Starting in Traffic,Center Back End,Center Back End,Right Rear Bumper,Left Rear Bumper,No Damage,N,,Unspecified,Unspecified,BRONX,10452.0,"    (40.832626, -73.925385)",0.0,0.0,0,0,0,0,0,0,Sedan,Sedan,0
20646589,4722909,05/08/2024,07:50,c8531c0f-60c9-44aa-86e5-bf45c9ce1230,Station Wagon/Sport Utility Vehicle,NISS -CAR/SUV,2011.0,1.0,,,Going Straight Ahead,Left Front Bumper,Left Front Bumper,,,,N,,Driver Inattention/Distraction,Failure to Yield Right-of-Way,BRONX,10466.0,"    (40.884953, -73.84053)",1.0,0.0,1,0,0,0,0,0,Station Wagon/Sport Utility Vehicle,,1
20618625,4708473,03/10/2024,13:25,2c74f6f6-7328-4508-af44-5ffa4c308901,Sedan,BMW -CAR/SUV,2013.0,3.0,M,Licensed,Going Straight Ahead,Center Back End,Center Back End,Right Rear Bumper,Left Rear Bumper,,N,,Unspecified,Unspecified,QUEENS,11385.0,"    (40.70763, -73.91585)",2.0,0.0,0,0,0,0,2,0,Sedan,Sedan,1
20697065,4746049,08/05/2024,17:00,2f2f0062-cac2-4f3c-ab53-41ca968650c4,Station Wagon/Sport Utility Vehicle,AUDI -CAR/SUV,2021.0,0.0,,,Parked,Left Front Bumper,Left Front Bumper,Center Front End,Left Front Quarter Panel,No Damage,N,,Unspecified,Unspecified,,,,0.0,0.0,0,0,0,0,0,0,Station Wagon/Sport Utility Vehicle,,0
20729599,4760709,09/29/2024,14:50,d5d02c61-8ee3-4cdf-924f-c2d7c0a0bfb9,Sedan,TOYT -CAR/SUV,2011.0,1.0,M,Licensed,Starting from Parking,Left Front Bumper,Left Front Bumper,,,,N,,Driver Inattention/Distraction,Unspecified,,,,0.0,0.0,0,0,0,0,0,0,Sedan,Sedan,0
20764549,4745697,08/05/2024,18:30,42e44460-a69a-4b35-8897-3b3596fee1c5,Station Wagon/Sport Utility Vehicle,DODG -CAR/SUV,2023.0,1.0,M,Licensed,Starting from Parking,Right Front Bumper,Right Front Bumper,Right Front Quarter Panel,No Damage,No Damage,N,,Unspecified,Unspecified,BROOKLYN,11207.0,"    (40.66602, -73.896324)",0.0,0.0,0,0,0,0,0,0,Station Wagon/Sport Utility Vehicle,Sedan,0
20763520,4757901,09/20/2024,10:00,e2c2291f-4728-414f-a152-d06b3959b17b,E-Scooter,Apollo,,1.0,M,Permit,Going Straight Ahead,Right Side Doors,Right Side Doors,,,,N,,Unspecified,Unspecified,QUEENS,11101.0,"    (40.756874, -73.94436)",1.0,0.0,0,0,0,0,0,0,Van,E-Scooter,1
20780063,4770443,11/09/2024,14:18,5010f4b3-0347-4c48-a153-31f0b2958634,Sedan,FORD -CAR/SUV,2018.0,0.0,,,Parked,Center Back End,Right Rear Bumper,Right Rear Bumper,Right Rear Quarter Panel,,N,,Unspecified,Unspecified,,,"    (40.634834, -74.1437)",0.0,0.0,0,0,0,0,0,0,Sedan,Minicycle,0
20731164,4761109,10/05/2024,10:56,2093f5aa-4aea-4e78-8f39-1c199d9a1eaf,Sedan,TOYT -CAR/SUV,2024.0,1.0,M,Licensed,Going Straight Ahead,Left Rear Bumper,Left Rear Bumper,,,,N,,Failure to Yield Right-of-Way,Failure to Yield Right-of-Way,,,,1.0,0.0,0,0,0,0,1,0,Sedan,Sedan,1
20761869,4761368,10/06/2024,16:50,dc59dcf2-8518-44f9-b741-c2856516632d,Station Wagon/Sport Utility Vehicle,MAZD -CAR/SUV,2023.0,1.0,M,Licensed,Going Straight Ahead,Left Front Bumper,Left Front Quarter Panel,Center Front End,,,N,,Unspecified,Unspecified,QUEENS,11101.0,"    (40.746754, -73.94882)",0.0,0.0,0,0,0,0,0,0,Station Wagon/Sport Utility Vehicle,3-Door,0
20611605,4706693,03/02/2024,08:30,3ce54256-abb6-48c3-9da8-2b6bb5c0fe9e,Station Wagon/Sport Utility Vehicle,TESL -CAR/SUV,2023.0,1.0,M,Licensed,Merging,Left Front Bumper,Left Front Bumper,,,,N,,Unspecified,Unspecified,QUEENS,11385.0,"    (40.69231, -73.88147)",3.0,0.0,0,0,0,0,3,0,Sedan,Station Wagon/Sport Utility Vehicle,1
20711626,4752363,09/01/2024,03:40,669006e1-81d3-45ec-aaee-c684840d1094,Station Wagon/Sport Utility Vehicle,TOYT -CAR/SUV,2015.0,1.0,F,Licensed,Making Left Turn,Right Front Quarter Panel,Right Front Quarter Panel,Right Front Bumper,,,N,,Unspecified,Unspecified,BRONX,10451.0,,0.0,0.0,0,0,0,0,0,0,Station Wagon/Sport Utility Vehicle,Tractor Truck Diesel,0
20614698,4708616,03/09/2024,22:15,3bd4c59b-6e92-4069-b604-013cb0e4fbaa,Sedan,BMW -CAR/SUV,2024.0,1.0,M,Licensed,Going Straight Ahead,Right Front Bumper,Right Front Bumper,Center Front End,,,N,,Unspecified,Unspecified,QUEENS,11434.0,"    (40.66743, -73.76676)",2.0,0.0,0,0,0,0,2,0,Sedan,Sedan,1
20792211,4775935,11/27/2024,16:50,00868d26-1dd1-496c-b257-dacd866ac365,Station Wagon/Sport Utility Vehicle,AUDI -CAR/SUV,2019.0,1.0,M,Licensed,Going Straight Ahead,Left Front Bumper,Left Front Bumper,Center Front End,,,N,,Unspecified,Unspecified,,,"    (40.598904, -74.00712)",5.0,0.0,0,0,0,0,5,0,Sedan,Sedan,1
20736852,4758252,09/22/2024,23:15,819d94ec-ebf7-4759-b172-ea76373ecaed,Box Truck,GMC-TRUCK/BUS,2023.0,1.0,F,Licensed,,No Damage,No Damage,No Damage,No Damage,No Damage,N,,Unspecified,Unspecified,MANHATTAN,10027.0,"    (40.81059, -73.954575)",0.0,0.0,0,0,0,0,0,0,Box Truck,,0
20809795,4762095,10/08/2024,21:53,f876a2a4-6169-4b83-970d-59d8f2f76fdc,Sedan,MITS -CAR/SUV,2024.0,1.0,M,Unlicensed,Going Straight Ahead,Center Front End,Other,,,,Unspecified,,Unspecified,Unspecified,BRONX,10472.0,"    (40.831875, -73.86636)",1.0,0.0,1,0,0,0,0,0,Sedan,,1
20644084,4721780,04/29/2024,16:29,9cf653ad-b59c-4b1a-a24d-8da5aaab1330,,CHRY -CAR/SUV,2015.0,1.0,,,,Center Back End,,,,,N,,Backing Unsafely,,STATEN ISLAND,10302.0,"    (40.63423, -74.12907)",0.0,0.0,0,0,0,0,0,0,Station Wagon/Sport Utility Vehicle,,0
20749146,4751977,08/30/2024,01:00,04c83f77-95ac-4500-9839-c69d6f43e0c9,Station Wagon/Sport Utility Vehicle,TOYT -CAR/SUV,2021.0,1.0,M,Licensed,Going Straight Ahead,Left Front Bumper,Left Front Quarter Panel,No Damage,No Damage,No Damage,N,,Unspecified,Unspecified,BROOKLYN,11226.0,"    (40.644966, -73.958984)",0.0,0.0,0,0,0,0,0,0,Station Wagon/Sport Utility Vehicle,Station Wagon/Sport Utility Vehicle,0
20758145,4745296,08/03/2024,00:05,730336a1-1679-4246-82d1-9288f0553885,Sedan,INFI -CAR/SUV,2018.0,3.0,M,Licensed,Going Straight Ahead,Left Front Bumper,Left Front Bumper,No Damage,No Damage,No Damage,N,,Aggressive Driving/Road Rage,Passing Too Closely,QUEENS,11432.0,"    (40.71652, -73.774254)",0.0,0.0,0,0,0,0,0,0,Sedan,Sedan,0
20672561,4717202,04/08/2024,15:00,e99c9d67-cf9e-44d6-bd7a-0af67b6e1239,Sedan,VOLK -CAR/SUV,2015.0,1.0,M,Licensed,Going Straight Ahead,Center Back End,Center Back End,Right Rear Bumper,Right Rear Bumper,Center Back End,N,,Passing or Lane Usage Improper,Unspecified,QUEENS,11420.0,"    (40.677654, -73.82866)",0.0,0.0,0,0,0,0,0,0,Sedan,,0
20738532,4750709,08/21/2024,08:45,f269425d-6d16-4634-8933-d61063503cd7,Taxi,TOYT -CAR/SUV,2023.0,1.0,F,Licensed,Parked,Left Side Doors,Left Rear Quarter Panel,Left Side Doors,No Damage,Left Front Bumper,N,,Pedestrian/Bicyclist/Other Pedestrian Error/Confusion,Unspecified,MANHATTAN,10001.0,"    (40.75578, -74.00199)",0.0,0.0,0,0,0,0,0,0,Taxi,Bike,0
20687791,4741769,07/20/2024,13:50,3dcd5d65-bc1b-4f48-86f2-d08c2ac010e6,Sedan,BMW -CAR/SUV,2021.0,2.0,M,Licensed,Stopped in Traffic,Center Back End,Center Back End,,,,N,,Unspecified,Unspecified,,,,1.0,0.0,0,0,0,0,1,0,Sedan,Sedan,1
20668258,4732837,06/11/2024,08:30,925ae152-739a-425d-9206-9cd194dc9589,Sedan,BMW -CAR/SUV,2021.0,0.0,,,Parked,Center Front End,Center Front End,No Damage,No Damage,No Damage,N,,Unspecified,Unspecified,BROOKLYN,11236.0,"    (40.656292, -73.89894)",0.0,0.0,0,0,0,0,0,0,Sedan,,0
20744002,4746772,08/08/2024,21:45,9987d223-38f0-475c-93b9-1bc3103b9f39,Station Wagon/Sport Utility Vehicle,NISS -CAR/SUV,2016.0,1.0,M,Licensed,Stopped in Traffic,No Damage,No Damage,No Damage,No Damage,No Damage,N,,Unspecified,Unspecified,STATEN ISLAND,10301.0,"    (40.630695, -74.104706)",0.0,0.0,0,0,0,0,0,0,Station Wagon/Sport Utility Vehicle,Station Wagon/Sport Utility Vehicle,0
20749442,4759539,09/29/2024,21:48,4e862236-0c41-444c-801e-7cab68774d5a,Moped,ZHILO,2023.0,1.0,M,Licensed,Going Straight Ahead,Left Front Quarter Panel,Left Front Quarter Panel,Left Front Quarter Panel,Left Front Bumper,,N,,Reaction to Uninvolved Vehicle,Driver Inattention/Distraction,BRONX,10457.0,"    (40.85071, -73.89408)",1.0,0.0,0,0,0,0,1,0,Station Wagon/Sport Utility Vehicle,Moped,1
20673150,4734806,06/17/2024,15:00,e684c662-5561-4e1f-951d-32626f92bfb4,Station Wagon/Sport Utility Vehicle,DODG -CAR/SUV,2017.0,1.0,,,,,,,,,N,,Driver Inattention/Distraction,,,,"    (40.657482, -73.92141)",1.0,0.0,0,0,1,0,0,0,Bike,Station Wagon/Sport Utility Vehicle,1
20636940,4718563,04/19/2024,19:15,f1f9777e-a2f2-4466-9ae2-7cadf5bc3abe,Sedan,NISS -CAR/SUV,2013.0,3.0,F,Licensed,Merging,Right Front Bumper,Right Front Quarter Panel,,,,N,,Driver Inattention/Distraction,Unspecified,,,"    (40.667313, -73.73926)",3.0,0.0,0,0,0,0,3,0,Sedan,Sedan,1
20600326,4701892,02/09/2024,06:40,2cf01280-ace9-4cf5-9d24-bac256205c44,Station Wagon/Sport Utility Vehicle,JEEP -CAR/SUV,2000.0,1.0,M,Licensed,Parked,Left Rear Bumper,Left Rear Bumper,Left Rear Quarter Panel,,,N,,Other Vehicular,Unspecified,,,,0.0,0.0,0,0,0,0,0,0,Station Wagon/Sport Utility Vehicle,Station Wagon/Sport Utility Vehicle,0
20676854,4736736,06/29/2024,09:45,eef8c189-b526-4f01-ad49-7fcdbd72a48b,Sedan,NISS -CAR/SUV,2020.0,1.0,F,Licensed,Making Right Turn,Left Front Bumper,Left Front Bumper,,,,N,,Driver Inattention/Distraction,Unspecified,MANHATTAN,10022.0,"    (40.762177, -73.96613)",0.0,0.0,0,0,0,0,0,0,Sedan,,0
20673666,4735192,06/23/2024,09:18,8edd29af-eab5-4f0e-916e-3de8a4876d39,Sedan,HOND -CAR/SUV,2011.0,1.0,M,Unlicensed,Going Straight Ahead,Left Front Bumper,Left Front Bumper,Center Front End,No Damage,Left Front Bumper,N,,Driver Inattention/Distraction,Passing Too Closely,BRONX,10468.0,"    (40.859222, -73.90413)",0.0,0.0,0,0,0,0,0,0,Sedan,Sedan,0
20704025,4749132,08/18/2024,02:02,8ba212da-4090-4458-b659-8dbc76b0e0fd,Station Wagon/Sport Utility Vehicle,TOYT -CAR/SUV,2017.0,0.0,,,Parked,Left Rear Quarter Panel,Left Rear Bumper,,,,Unspecified,,Unspecified,Unspecified,,,,0.0,0.0,0,0,0,0,0,0,Sedan,Station Wagon/Sport Utility Vehicle,0
20775266,4768004,11/01/2024,10:50,f0ee3c17-1401-4de8-9e8b-dceb37bdf215,Station Wagon/Sport Utility Vehicle,HOND -CAR/SUV,2013.0,1.0,F,Licensed,Parked,Left Front Bumper,Left Front Bumper,,,,N,,Unspecified,Unspecified,QUEENS,11104.0,"    (40.747215, -73.923584)",0.0,0.0,0,0,0,0,0,0,Station Wagon/Sport Utility Vehicle,Sedan,0
20767779,4764802,10/19/2024,20:25,3052040b-057e-44d6-8002-3a5340382fc4,Sedan,MNNI -CAR/SUV,2005.0,1.0,M,Licensed,Going Straight Ahead,Right Front Bumper,Right Front Bumper,Right Front Quarter Panel,,,N,,Driver Inattention/Distraction,Unspecified,QUEENS,11691.0,"    (40.609196, -73.75137)",1.0,0.0,0,0,0,0,1,0,Station Wagon/Sport Utility Vehicle,Sedan,1
20685905,4740915,07/13/2024,15:00,7a1330c5-1cf1-45ba-8467-41261702f5d4,Sedan,NISS -CAR/SUV,2021.0,0.0,,,Parked,Left Rear Bumper,Center Back End,,,,N,,Unspecified,Unspecified,BROOKLYN,11237.0,"    (40.708546, -73.92287)",0.0,0.0,0,0,0,0,0,0,Sedan,,0
20686566,4740995,07/17/2024,02:49,12b1db90-1141-409a-80b3-94aae1aac1ff,Bus,Nova,2019.0,2.0,M,Licensed,Stopped in Traffic,Center Back End,Center Back End,,,,N,,Unspecified,Unspecified,,,"    (40.61024, -74.18355)",1.0,0.0,0,0,0,0,1,0,Box Truck,Bus,1
20766639,4764044,10/16/2024,07:15,a92b1ffc-1b66-4634-af59-62d85bc1bfbb,Sedan,AUDI -CAR/SUV,2010.0,1.0,,,Making Right Turn,Center Front End,Center Front End,No Damage,No Damage,No Damage,Unspecified,,Driver Inattention/Distraction,Failure to Yield Right-of-Way,,,"    (40.76118, -73.95791)",1.0,0.0,1,0,0,0,0,0,Sedan,,1
20626357,4713841,03/31/2024,09:00,adef3232-19c8-4fda-823c-c11952a6fbaa,Sedan,LEXS -CAR/SUV,2017.0,1.0,M,Unlicensed,Making Left Turn,Right Rear Quarter Panel,Right Rear Quarter Panel,Right Rear Bumper,Right Side Doors,No Damage,N,,Alcohol Involvement,Turning Improperly,,,"    (40.895374, -73.86356)",0.0,0.0,0,0,0,0,0,0,Station Wagon/Sport Utility Vehicle,Sedan,0
20659878,4729096,05/30/2024,14:39,cce72476-638d-469b-91d8-71231bc6e913,Station Wagon/Sport Utility Vehicle,TOYT -CAR/SUV,2015.0,1.0,M,Licensed,Going Straight Ahead,Left Front Bumper,Left Front Bumper,,,,N,,Unspecified,Unspecified,BROOKLYN,11218.0,"    (40.638523, -73.97319)",0.0,0.0,0,0,0,0,0,0,Station Wagon/Sport Utility Vehicle,Station Wagon/Sport Utility Vehicle,0
20610453,4706692,02/17/2024,20:15,c37ea16f-8866-4da2-b90b-f2dee894a917,Tractor Truck Diesel,FRHT-TRUCK/BUS,2023.0,,,,,,,,,,N,,,,,,"    (40.88415, -73.82607)",2.0,0.0,0,0,0,0,2,0,Sedan,Tractor Truck Diesel,1
20672258,4734715,06/21/2024,14:52,ff158fed-e570-4e78-9dc5-d9b9052cb118,Sedan,KIA -CAR/SUV,2016.0,1.0,M,Licensed,Stopped in Traffic,Left Rear Quarter Panel,Left Rear Quarter Panel,Left Rear Bumper,Center Back End,,N,,Unspecified,Unspecified,,,,0.0,0.0,0,0,0,0,0,0,Sedan,Pick-up Truck,0
20615640,4708804,03/10/2024,03:15,43e1af34-f0a4-4bc4-9a75-bb8462908f3d,Station Wagon/Sport Utility Vehicle,NISS -CAR/SUV,2020.0,0.0,M,Licensed,Making Right Turn,Right Side Doors,Right Rear Quarter Panel,No Damage,No Damage,No Damage,N,,Unspecified,Unspecified,BROOKLYN,11208.0,"    (40.682037, -73.87788)",0.0,0.0,0,0,0,0,0,0,Station Wagon/Sport Utility Vehicle,,0
20601168,4702434,01/28/2024,00:43,325a3b40-cb15-4a6a-966c-0002f9b62bb0,Station Wagon/Sport Utility Vehicle,HOND -CAR/SUV,2003.0,1.0,F,Licensed,Making Left Turn,Right Front Quarter Panel,Right Front Quarter Panel,Right Front Bumper,No Damage,No Damage,N,,Driver Inattention/Distraction,Failure to Yield Right-of-Way,,,"    (40.70722, -73.78957)",1.0,0.0,0,0,0,0,0,0,Station Wagon/Sport Utility Vehicle,E-Bike,1
20761256,4746570,08/05/2024,07:50,64287887-baf0-4aea-9222-914a4110acc1,Sedan,NISS -CAR/SUV,2015.0,0.0,,,Parked,Right Rear Quarter Panel,Right Rear Quarter Panel,Right Side Doors,,,N,,Unspecified,Unspecified,QUEENS,11101.0,"    (40.759132, -73.94023)",0.0,0.0,0,0,0,0,0,0,Pick-up Truck,Sedan,0
20801150,4780343,12/20/2024,17:35,c4389b3d-7dfa-4b7b-b0e7-664bb2470abb,Sedan,TOYT -CAR/SUV,2006.0,2.0,F,Licensed,Starting from Parking,Right Front Bumper,Right Front Bumper,,,,N,,Unspecified,Unspecified,MANHATTAN,10029.0,"    (40.79436, -73.94163)",0.0,0.0,0,0,0,0,0,0,Sedan,Station Wagon/Sport Utility Vehicle,0
20615948,4709063,03/07/2024,16:00,e27acf50-93be-4c43-9078-ac960913c25d,Sedan,INFI -CAR/SUV,2013.0,0.0,,,Parked,Right Front Bumper,Right Front Quarter Panel,Right Side Doors,Right Rear Quarter Panel,Right Rear Bumper,N,,Unspecified,Unspecified,BROOKLYN,11221.0,"    (40.696014, -73.92153)",0.0,0.0,0,0,0,0,0,0,Sedan,,0