UNIQUE_ID,COLLISION_ID,CRASH_DATE,CRASH_TIME,VEHICLE_ID,VEHICLE_TYPE,VEHICLE_MAKE,VEHICLE_YEAR,VEHICLE_OCCUPANTS,DRIVER_SEX,DRIVER_LICENSE_STATUS,PRE_CRASH,POINT_OF_IMPACT,VEHICLE_DAMAGE,VEHICLE_DAMAGE_1,VEHICLE_DAMAGE_2,VEHICLE_DAMAGE_3,PUBLIC_PROPERTY_DAMAGE,PUBLIC_PROPERTY_DAMAGE_TYPE,CONTRIBUTING_FACTOR_1,CONTRIBUTING_FACTOR_2,BOROUGH,ZIP CODE,LOCATION,NUMBER OF PERSONS INJURED,NUMBER OF PERSONS KILLED,NUMBER OF PEDESTRIANS INJURED,NUMBER OF PEDESTRIANS KILLED,NUMBER OF CYCLIST INJURED,NUMBER OF CYCLIST KILLED,NUMBER OF MOTORIST INJURED,NUMBER OF MOTORIST KILLED,VEHICLE TYPE CODE 1,VEHICLE TYPE CODE 2,Severity
20635034,4717801,04/15/2024,15:30,054ba23c-35f4-45a1-8152-0e00b020b85c,,HOND -CAR/SUV,,1.0,,,Going Straight Ahead,Center Front End,No Damage,No Damage,No Damage,No Damage,N,,Unsafe Speed,Unspecified,BROOKLYN,11236.0,"    (40.636734, -73.89831)",1.0,0.0,0,0,0,0,1,0,Sedan,,1
20788359,4774065,11/06/2024,15:53,658f4677-a166-4014-8a9d-01aac67a1e08,Station Wagon/Sport Utility Vehicle,FORD -CAR/SUV,2020.0,1.0,F,Licensed,Going Straight Ahead,Center Back End,Center Back End,No Damage,No Damage,No Damage,N,,Unspecified,Unspecified,BRONX,10472.0,"    (40.8266, -73.85728)",3.0,0.0,0,0,0,0,3,0,Station Wagon/Sport Utility Vehicle,Station Wagon/Sport Utility Vehicle,1
20632759,4716755,04/10/2024,13:50,9a16a9b0-1db6-41e8-bced-c65c3dce1ea8,Sedan,NISS -CAR/SUV,2013.0,2.0,M,Licensed,Going Straight Ahead,Left Front Quarter Panel,Left Front Quarter Panel,Left Front Bumper,,,N,,Passing or Lane Usage Improper,Unspecified,,,"    (40.630577, -73.88591)",3.0,0.0,0,0,0,0,3,0,Sedan,Station Wagon/Sport Utility Vehicle,1
20623174,4712258,03/24/2024,20:17,adcb8094-2d12-4978-9b53-c6ffb1cca2f5,Sedan,TOYT -CAR/SUV,2013.0,1.0,M,Licensed,Going Straight Ahead,Left Rear Bumper,Left Rear Bumper,Left Rear Quarter Panel,,,N,,Unspecified,Unspecified,,,,0.0,0.0,0,0,0,0,0,0,Sedan,Station Wagon/Sport Utility Vehicle,0
20632766,4716614,04/04/2024,17:20,96ecc68a-a18c-40b8-be37-236b983be7e5,E-Scooter,UNK,,1.0,M,Unlicensed,Going Straight Ahead,Left Side Doors,Left Side Doors,,,,N,,Unspecified,Unspecified,BRONX,10465.0,"    (40.829685, -73.8253)",1.0,0.0,0,0,0,0,0,0,E-Scooter,Sedan,1
20653996,4726344,05/20/2024,13:40,48dece49-9723-4548-8e89-2b2086eac1bd,Sedan,TOYT -CAR/SUV,2002.0,1.0,F,Licensed,Making Left Turn,Left Front Bumper,Left Front Bumper,,,,N,,Failure to Yield Right-of-Way,Unspecified,BROOKLYN,11210.0,"    (40.622726, -73.93934)",1.0,0.0,1,0,0,0,0,0,Sedan,,1
20723042,4758017,09/20/2024,16:40,b0e8e9e9-e35a-4620-9610-3133b6b318cc,Station Wagon/Sport Utility Vehicle,NISS -CAR/SUV,2024.0,0.0,,,Parked,Center Front End,Center Front End,No Damage,No Damage,No Damage,N,,Unspecified,Unspecified,,,,0.0,0.0,0,0,0,0,0,0,Station Wagon/Sport Utility Vehicle,Pick-up Truck,0
20681077,4738732,07/05/2024,08:30,a83e5ea2-a99a-42ae-81c8-48f56debc4b1,Station Wagon/Sport Utility Vehicle,HOND -CAR/SUV,2000.0,0.0,,,Parked,Left Front Quarter Panel,Left Side Doors,No Damage,No Damage,No Damage,Unspecified,,Unspecified,Unspecified,MANHATTAN,10033.0,"    (40.848038, -73.93285)",0.0,0.0,0,0,0,0,0,0,Station Wagon/Sport Utility Vehicle,Station Wagon/Sport Utility Vehicle,0
20793191,4776444,12/03/2024,04:17,54f40753-e5dd-47fa-af88-4898781f40f8,Station Wagon/Sport Utility Vehicle,NISS -CAR/SUV,2014.0,1.0,M,Licensed,Going Straight Ahead,Right Front Bumper,Right Front Bumper,Center Front End,Center Front End,No Damage,N,,Driver Inattention/Distraction,Cell Phone (hand-Held),MANHATTAN,10017.0,"    (40.7501, -73.97494)",1.0,0.0,0,0,0,0,1,0,Tractor Truck Gasoline,Station Wagon/Sport Utility Vehicle,1
20782313,4771324,11/10/2024,17:41,31fabc8c-2e83-438e-bc4d-64c2d1aebe82,Sedan,HOND -CAR/SUV,2021.0,0.0,F,Licensed,Parked,Left Front Quarter Panel,Left Front Quarter Panel,,,,N,,Unspecified,Unspecified,BRONX,10475.0,"    (0.0, 0.0)",0.0,0.0,0,0,0,0,0,0,Sedan,,0
20619710,4710857,03/15/2024,16:55,6e4fce25-ed07-45a7-9bd3-b7e2ea789e98,Sedan,BMW -CAR/SUV,2017.0,1.0,,,Backing,Center Back End,Center Back End,Center Back End,Right Rear Bumper,Left Rear Bumper,N,,Backing Unsafely,Unsafe Speed,MANHATTAN,10002.0,"    (40.718143, -73.993835)",2.0,0.0,2,0,0,0,0,0,Sedan,,1
20764051,4752742,09/01/2024,14:05,91705abe-3fb9-4c73-8516-b557def437d8,Sedan,FORD -CAR/SUV,2015.0,1.0,M,,Going Straight Ahead,Left Rear Quarter Panel,Left Rear Bumper,Center Back End,Right Rear Bumper,Left Side Doors,N,,Unspecified,Unspecified,,,"    (40.69078, -73.72728)",1.0,0.0,0,0,0,0,1,0,Sedan,Sedan,1
20642522,4721249,05/01/2024,09:20,756c4b16-dd2c-43cb-b5bd-b592f8932d16,Sedan,BMW -CAR/SUV,2022.0,1.0,F,Licensed,Going Straight Ahead,Center Back End,Center Back End,,,,N,,Unspecified,Unspecified,,,,1.0,0.0,0,0,0,0,1,0,Sedan,Concrete Mixer,1
20618536,4708263,03/07/2024,19:00,c9a60d98-b697-47d2-91a3-4329d1ec8fbb,Station Wagon/Sport Utility Vehicle,FORD -CAR/SUV,2011.0,2.0,M,Licensed,Going Straight Ahead,Center Front End,Center Front End,No Damage,No Damage,Center Front End,N,,Unspecified,Unspecified,BROOKLYN,11230.0,"    (40.629654, -73.96509)",1.0,0.0,1,0,0,0,0,0,Station Wagon/Sport Utility Vehicle,,1
20676742,4736713,05/23/2024,12:50,bd5e900d-7bef-42aa-9472-e56a6700a8b9,Sedan,CHEV -CAR/SUV,2016.0,1.0,M,Licensed,Going Straight Ahead,Center Front End,Center Back End,Center Front End,Center Back End,,N,,Following Too Closely,Unsafe Speed,,,,0.0,0.0,0,0,0,0,0,0,Sedan,Sedan,0
20579583,4692732,01/04/2024,14:20,ac0ed67b-e52a-4535-bf1c-38150beced64,Station Wagon/Sport Utility Vehicle,LNDR -CAR/SUV,2015.0,1.0,M,Licensed,Going Straight Ahead,Center Back End,Center Back End,Center Front End,No Damage,No Damage,N,,Unspecified,Unspecified,,,"    (40.76635, -73.95103)",2.0,0.0,0,0,0,0,2,0,Station Wagon/Sport Utility Vehicle,Station Wagon/Sport Utility Vehicle,1
20659521,4728996,05/31/2024,19:20,bee59f5a-536d-4fee-99bf-5f6923e42ef9,Station Wagon/Sport Utility Vehicle,TOYT -CAR/SUV,2017.0,0.0,M,Licensed,Going Straight Ahead,Right Rear Quarter Panel,Right Rear Bumper,No Damage,No Damage,No Damage,N,,Unspecified,Unspecified,,,"    (40.67251, -73.99905)",1.0,0.0,0,0,0,0,1,0,Station Wagon/Sport Utility Vehicle,Station Wagon/Sport Utility Vehicle,1
20623716,4712518,03/20/2024,11:20,6d01bf7e-9859-4e64-a2af-39d6401edd3c,Ambulance,ford,2017.0,2.0,M,Licensed,Parked,Left Front Bumper,Left Front Bumper,Left Front Bumper,Left Front Bumper,No Damage,Unspecified,,Passing Too Closely,Unspecified,BRONX,10457.0,"    (40.85311, -73.8928)",0.0,0.0,0,0,0,0,0,0,Ambulance,Sedan,0
20684992,4740517,07/02/2024,17:50,3eafcaca-dd1a-45e2-baad-ca90ddf8b0eb,Sedan,MERZ -CAR/SUV,2014.0,1.0,,,Going Straight Ahead,Right Front Quarter Panel,No Damage,,,,N,,Traffic Control Disregarded,Passing Too Closely,BRONX,10462.0,"    (40.838573, -73.850685)",1.0,0.0,1,0,0,0,0,0,Sedan,,1
20687192,4739742,07/12/2024,02:20,d599033e-5dc1-4a8f-b040-ad9a60f70b08,Sedan,HOND -CAR/SUV,1998.0,1.0,M,Licensed,Going Straight Ahead,Right Front Bumper,Roof,Center Front End,No Damage,No Damage,N,,Alcohol Involvement,Unspecified,QUEENS,11369.0,"    (40.75788, -73.87726)",0.0,0.0,0,0,0,0,0,0,Sedan,Sedan,0
20785807,4772675,11/18/2024,17:30,8b772dda-58ed-4dc3-a5ee-02814d60f500,Station Wagon/Sport Utility Vehicle,MERZ -CAR/SUV,2021.0,2.0,,,Going Straight Ahead,Center Front End,Center Front End,No Damage,No Damage,No Damage,N,,Driver Inattention/Distraction,Aggressive Driving/Road Rage,BROOKLYN,11207.0,"    (40.652767, -73.88629)",2.0,0.0,0,0,0,0,2,0,Station Wagon/Sport Utility Vehicle,Station Wagon/Sport Utility Vehicle,1
20589165,4696647,01/19/2024,08:40,616898de-8db6-4573-9eb9-02a630762504,Van,FORD-TRUCK/BUS,2011.0,1.0,M,Licensed,Going Straight Ahead,Left Front Bumper,Center Front End,Right Front Bumper,,,N,,Following Too Closely,Driver Inexperience,BROOKLYN,11208.0,"    (40.668144, -73.88197)",2.0,0.0,0,0,0,0,2,0,Sedan,Van,1
20577397,4691659,01/01/2024,00:40,1ce12c50-5c15-41e2-a6d0-7ee4cbfcc544,Station Wagon/Sport Utility Vehicle,FORD -CAR/SUV,2018.0,2.0,M,Licensed,Making Left Turn,Left Front Bumper,Left Front Bumper,No Damage,No Damage,No Damage,N,,Unspecified,Unspecified,MANHATTAN,10022.0,"    (40.75645, -73.97032)",1.0,0.0,0,0,1,0,0,0,Station Wagon/Sport Utility Vehicle,Bike,1
20602140,4702793,02/10/2024,03:00,884f9e6a-cfc1-472f-af8c-89dd1a288105,Taxi,ACUR -CAR/SUV,2022.0,4.0,M,Licensed,Going Straight Ahead,Center Front End,Center Front End,Right Front Bumper,Left Front Bumper,,N,,Driver Inattention/Distraction,Passing Too Closely,BROOKLYN,11216.0,"    (40.682537, -73.95002)",2.0,0.0,0,0,0,0,2,0,Taxi,Station Wagon/Sport Utility Vehicle,1
20818468,4788010,12/24/2024,12:49,522f550b-b6a0-42c7-af73-50c12c309c1d,Sedan,HOND -CAR/SUV,2021.0,1.0,M,Licensed,Stopped in Traffic,Center Back End,Center Back End,Right Rear Bumper,Left Rear Bumper,,N,,Unspecified,Unspecified,,,"    (40.80398, -73.831085)",0.0,0.0,0,0,0,0,0,0,Sedan,Sedan,0
20585722,4695389,01/15/2024,00:00,3ebbd08c-ced7-4b57-b932-61745fcfcb0e,Sedan,TOYT -CAR/SUV,2020.0,0.0,,,Parked,Left Front Quarter Panel,Left Front Quarter Panel,No Damage,No Damage,No Damage,N,,Unspecified,Unspecified,BRONX,10468.0,"    (40.87447, -73.88888)",0.0,0.0,0,0,0,0,0,0,Sedan,Station Wagon/Sport Utility Vehicle,0
20624262,4710019,03/16/2024,09:50,03e2fa5f-8a3f-4e0a-8297-7dcdc6d3a001,Bus,FRHT-TRUCK/BUS,2018.0,2.0,M,Licensed,Going Straight Ahead,Right Rear Quarter Panel,Right Rear Quarter Panel,Right Rear Quarter Panel,No Damage,No Damage,N,,Passing or Lane Usage Improper,Unspecified,MANHATTAN,10036.0,"    (40.76145, -73.99581)",0.0,0.0,0,0,0,0,0,0,Sedan,Bus,0
20603315,4703553,02/01/2024,05:00,1e05bb69-5c83-4598-9e6b-ac5e5cb9f98b,Sedan,HOND -CAR/SUV,,1.0,,,Going Straight Ahead,Right Front Quarter Panel,Right Side Doors,,,,N,,Traffic Control Disregarded,Unsafe Speed,QUEENS,11412.0,"    (40.6957, -73.75674)",0.0,0.0,0,0,0,0,0,0,Station Wagon/Sport Utility Vehicle,Sedan,0
20678910,4737694,06/21/2024,15:00,b10ca20c-a6ce-4878-b299-0aef40009b6c,Sedan,GMC -CAR/SUV,1995.0,1.0,M,Unlicensed,Changing Lanes,Right Front Bumper,No Damage,,,,N,,Failure to Yield Right-of-Way,Unspecified,BRONX,10470.0,"    (40.89552, -73.86402)",0.0,0.0,0,0,0,0,0,0,Sedan,Sedan,0
20678292,4737506,07/01/2024,19:51,f95ee76a-7909-4c89-95c3-8461dc3e0354,Ambulance,FORD-TRUCK/BUS,2020.0,2.0,M,Licensed,Starting from Parking,Left Side Doors,Left Side Doors,No Damage,No Damage,No Damage,N,,Unspecified,Unspecified,BRONX,10467.0,"    (40.879883, -73.880486)",0.0,0.0,0,0,0,0,0,0,Ambulance,Ambulance,0
20741832,4758521,09/24/2024,00:00,cfe2c28e-2bd5-4c8a-b376-51b214048d26,Sedan,TESL -CAR/SUV,2021.0,1.0,M,Licensed,Making Left Turn,Left Front Bumper,No Damage,No Damage,No Damage,No Damage,N,,Unspecified,Unspecified,MANHATTAN,10016.0,"    (40.74854, -73.97315)",1.0,0.0,0,0,1,0,0,0,Sedan,Bike,1
20584016,4694492,01/12/2024,12:00,a7181d8a-aaa9-4102-92f4-a49c5283c4ca,Station Wagon/Sport Utility Vehicle,CHEV -CAR/SUV,2009.0,1.0,M,Licensed,Going Straight Ahead,Left Front Bumper,Left Front Bumper,,,,N,,Unspecified,Unspecified,QUEENS,11373.0,"    (40.745323, -73.871605)",0.0,0.0,0,0,0,0,0,0,Sedan,Station Wagon/Sport Utility Vehicle,0
20782782,4771577,11/15/2024,16:10,94a943d1-7a2d-4bf6-9876-431d594e9668,Station Wagon/Sport Utility Vehicle,MERZ -CAR/SUV,2015.0,1.0,M,Unlicensed,Slowing or Stopping,Center Front End,Center Front End,,,,N,,Following Too Closely,Unspecified,QUEENS,11434.0,"    (40.679653, -73.77723)",0.0,0.0,0,0,0,0,0,0,Pick-up Truck,Station Wagon/Sport Utility Vehicle,0
20785797,4772671,11/18/2024,08:25,0dbabf49-ab4b-4c0e-8523-84edb2726810,Sedan,TOYT -CAR/SUV,,1.0,,,Going Straight Ahead,Right Front Bumper,Center Front End,No Damage,No Damage,No Damage,N,,Driver Inattention/Distraction,Turning Improperly,BROOKLYN,11207.0,"    (40.66678, -73.88431)",0.0,0.0,0,0,0,0,0,0,Sedan,Sedan,0
20748248,4758663,09/24/2024,14:00,8f2ac843-ed0e-4740-9eeb-fac75e3d31c8,Sedan,FORD -CAR/SUV,2022.0,3.0,M,Licensed,Parked,Left Side Doors,Left Side Doors,Left Rear Quarter Panel,Left Front Quarter Panel,,N,,Passenger Distraction,Passing or Lane Usage Improper,MANHATTAN,10035.0,"    (40.788982, -73.93039)",0.0,0.0,0,0,0,0,0,0,Sedan,Sedan,0
20680871,4738384,07/05/2024,13:00,84295fcc-b47a-4cd2-a4c3-b9819b247734,Sedan,NISS -CAR/SUV,2010.0,0.0,,,Parked,Left Rear Quarter Panel,Left Front Quarter Panel,Left Side Doors,Left Rear Quarter Panel,,N,,Unspecified,Unspecified,QUEENS,11356.0,"    (40.78801, -73.844734)",0.0,0.0,0,0,0,0,0,0,Sedan,,0
20665667,4731658,06/04/2024,01:20,9ded1b82-886d-4b00-880f-51f9854b6257,Sedan,NISS -CAR/SUV,2020.0,1.0,F,Licensed,Making Left Turn,Right Front Bumper,Center Front End,,,,N,,Using On Board Navigation Device,Cell Phone (hand-Held),QUEENS,11422.0,"    (40.65926, -73.72995)",0.0,0.0,0,0,0,0,0,0,Sedan,Sedan,0
20649667,4724200,05/03/2024,00:00,32d48be3-92b3-40ca-b576-d081337b1460,Flat Bed,WSTR-TRUCK/BUS,2020.0,1.0,,,Going Straight Ahead,Right Front Quarter Panel,Right Front Quarter Panel,,,,Unspecified,,Passing or Lane Usage Improper,Following Too Closely,,,,0.0,0.0,0,0,0,0,0,0,Station Wagon/Sport Utility Vehicle,Flat Bed,0
20803712,4781325,12/25/2024,01:04,5e028267-78e3-4421-8abd-524c49e48dc5,Station Wagon/Sport Utility Vehicle,JEEP -CAR/SUV,2022.0,0.0,,,Parked,Right Front Bumper,Right Front Bumper,,,,N,,Unspecified,Unspecified,BROOKLYN,11213.0,"    (40.664593, -73.93389)",0.0,0.0,0,0,0,0,0,0,Station Wagon/Sport Utility Vehicle,Station Wagon/Sport Utility Vehicle,0
20608184,4705503,02/27/2024,10:00,d83021b4-73b8-465c-b8f7-03d0d91ef1d0,Sedan,HOND -CAR/SUV,2003.0,1.0,M,Licensed,Going Straight Ahead,Center Front End,Center Front End,,,,N,,Unspecified,Unspecified,MANHATTAN,10013.0,"    (40.720375, -74.003265)",2.0,0.0,0,0,0,0,2,0,Sedan,Sedan,1
20598069,4696741,01/21/2024,20:03,dab63be7-104e-46d3-ae24-49dbbfbaf326,Sedan,HOND -CAR/SUV,2023.0,5.0,M,Licensed,Backing,Right Side Doors,Right Side Doors,Right Rear Quarter Panel,Right Front Bumper,Center Back End,N,,Backing Unsafely,Unspecified,QUEENS,11379.0,"    (40.708317, -73.87218)",5.0,0.0,0,0,0,0,5,0,Station Wagon/Sport Utility Vehicle,Sedan,1
20649814,4724487,05/10/2024,17:22,7c6f6e17-86f1-4812-904c-12809c68954d,Sedan,TOYT -CAR/SUV,2017.0,2.0,M,Licensed,Going Straight Ahead,Center Front End,Center Front End,,,,N,,Failure to Yield Right-of-Way,Unspecified,BROOKLYN,11221.0,"    (40.686455, -73.923416)",1.0,0.0,0,0,0,0,1,0,Sedan,Sedan,1
20795996,4777711,12/10/2024,06:45,a8a54711-1d52-4c65-be48-379783d8ec47,Sedan,TOYT -CAR/SUV,2014.0,0.0,M,Licensed,Parked,Left Side Doors,Left Side Doors,Left Side Doors,Left Side Doors,Left Side Doors,N,,Unspecified,Unspecified,BROOKLYN,11230.0,"    (40.630405, -73.972176)",0.0,0.0,0,0,0,0,0,0,Sedan,Station Wagon/Sport Utility Vehicle,0
20645247,4722435,05/06/2024,02:30,ffab4fce-2e16-48ae-bebe-1e1d3cca72a7,Sedan,VOLK -CAR/SUV,2019.0,1.0,M,Permit,Going Straight Ahead,Right Front Bumper,Right Front Bumper,Center Front End,,,N,,Traffic Control Disregarded,Traffic Control Disregarded,BROOKLYN,11236.0,"    (40.63947, -73.902756)",0.0,0.0,0,0,0,0,0,0,Station Wagon/Sport Utility Vehicle,Sedan,0
20640583,4720162,04/23/2024,19:45,4315f517-8499-469e-ae9d-aada2da08509,Sedan,TOYT -CAR/SUV,2002.0,2.0,F,Licensed,Going Straight Ahead,Center Back End,Center Back End,Right Rear Bumper,Left Rear Bumper,Center Back End,N,,Unspecified,Unspecified,STATEN ISLAND,10306.0,"    (40.56958, -74.12605)",1.0,0.0,0,0,0,0,1,0,Sedan,Sedan,1
20803281,4781271,12/08/2024,04:16,6e78798a-5aa5-4125-a4ed-49d196d35777,Station Wagon/Sport Utility Vehicle,MERZ -CAR/SUV,2011.0,0.0,,,Parked,Right Side Doors,Right Side Doors,Right Front Quarter Panel,Right Rear Quarter Panel,No Damage,N,,Unspecified,Unspecified,MANHATTAN,10019.0,"    (40.764584, -73.99379)",0.0,0.0,0,0,0,0,0,0,Station Wagon/Sport Utility Vehicle,Station Wagon/Sport Utility Vehicle,0
20658468,4728556,05/24/2024,07:30,869758dc-2351-4554-9ece-f857b6fafdb6,Station Wagon/Sport Utility Vehicle,CHEV -CAR/SUV,2016.0,1.0,F,Licensed,Merging,Right Front Quarter Panel,Right Rear Quarter Panel,Right Side Doors,,,N,,Failure to Yield Right-of-Way,Unspecified,MANHATTAN,10022.0,"    (40.7606, -73.964325)",2.0,0.0,0,0,0,0,2,0,Station Wagon/Sport Utility Vehicle,Station Wagon/Sport Utility Vehicle,1
20671178,4734134,06/17/2024,17:26,ab12d95c-4036-4c51-959f-818fad4c357d,Sedan,NISS -CAR/SUV,2015.0,1.0,M,Licensed,Going Straight Ahead,Center Front End,Center Front End,,,,N,,Driver Inattention/Distraction,Unspecified,,,"    (40.75544, -73.72199)",0.0,0.0,0,0,0,0,0,0,Sedan,Sedan,0
20656289,4727409,05/19/2024,16:00,fd2eee5c-c341-4d0a-9d7b-ad1dd85d77c7,Sedan,TOYT -CAR/SUV,2012.0,1.0,F,Licensed,Going Straight Ahead,Left Front Bumper,Left Front Bumper,Left Front Quarter Panel,,,N,,Unspecified,Unspecified,BROOKLYN,11223.0,"    (40.609806, -73.96407)",1.0,0.0,0,0,0,0,1,0,Sedan,Moped,1
20581822,4693426,01/08/2024,03:57,e3ca0764-668c-4ec7-991d-d6f498dbb3de,Station Wagon/Sport Utility Vehicle,TOYT -CAR/SUV,2023.0,1.0,M,Licensed,Going Straight Ahead,Center Front End,Center Front End,,,,N,,Unspecified,Unspecified,BROOKLYN,11203.0,"    (40.64858, -73.93004)",1.0,0.0,1,0,0,0,0,0,Station Wagon/Sport Utility Vehicle,,1
20791199,4775394,11/27/2024,07:50,27a39b0d-72e3-4c06-8785-9cc44221d69d,Station Wagon/Sport Utility Vehicle,FORD -CAR/SUV,2011.0,0.0,,,Parked,Center Back End,Center Back End,,,Center Back End,N,,Unspecified,Unspecified,QUEENS,11378.0,"    (40.720947, -73.91195)",1.0,0.0,0,0,0,0,1,0,Pick-up Truck,Station Wagon/Sport Utility Vehicle,1
20595091,4699551,01/28/2024,19:30,26eca637-71f0-4e74-b446-f7e41f9a58c9,Sedan,HOND -CAR/SUV,2009.0,0.0,,,Parked,Left Front Quarter Panel,Left Side Doors,Roof,,,N,,Unspecified,Unspecified,BROOKLYN,11229.0,"    (40.595757, -73.94586)",0.0,0.0,0,0,0,0,0,0,Sedan,,0
20806850,4782832,12/29/2024,21:10,22b9084b-870a-4a33-bdee-85ee3681b716,Station Wagon/Sport Utility Vehicle,TESL -CAR/SUV,2023.0,2.0,M,Licensed,Going Straight Ahead,Left Front Bumper,Left Front Bumper,,,,N,,Unspecified,Unspecified,BROOKLYN,11201.0,"    (40.696033, -73.98453)",1.0,0.0,0,0,0,0,1,0,Station Wagon/Sport Utility Vehicle,Station Wagon/Sport Utility Vehicle,1
20602988,4703236,02/14/2024,20:35,64a6f09d-cec7-4aab-b12c-350dc47b3aa1,Station Wagon/Sport Utility Vehicle,TOYT -CAR/SUV,2022.0,1.0,M,Licensed,Going Straight Ahead,Left Front Quarter Panel,Left Front Quarter Panel,Left Side Doors,No Damage,,N,,Unspecified,Unspecified,MANHATTAN,10016.0,"    (40.743942, -73.983635)",0.0,0.0,0,0,0,0,0,0,Station Wagon/Sport Utility Vehicle,Station Wagon/Sport Utility Vehicle,0
20770195,4765739,10/22/2024,09:56,ba3eb95b-c0bf-4309-bb55-474cfb08449b,Station Wagon/Sport Utility Vehicle,GMC -CAR/SUV,1995.0,1.0,,,Starting from Parking,,,,,,N,,Unspecified,Unspecified,,,"    (40.635445, -73.998856)",1.0,0.0,0,0,0,0,1,0,Station Wagon/Sport Utility Vehicle,Station Wagon/Sport Utility Vehicle,1
20604644,4704088,02/20/2024,13:07,e395135e-655c-49af-a649-fdd473b73917,Sedan,TOYT -CAR/SUV,2015.0,1.0,F,Licensed,Going Straight Ahead,Left Front Bumper,Left Front Bumper,Left Front Quarter Panel,Left Side Doors,,N,,Unspecified,Unspecified,BRONX,10461.0,"    (40.84753, -73.84804)",0.0,0.0,0,0,0,0,0,0,Sedan,,0
20655545,4726918,05/23/2024,12:43,6c510859-d6d9-4401-978f-3bcb427514e1,Station Wagon/Sport Utility Vehicle,TOYT -CAR/SUV,2016.0,1.0,M,Licensed,Going Straight Ahead,Center Front End,Center Front End,,,,N,,Driver Inattention/Distraction,Unspecified,,,"    (40.613453, -74.132355)",1.0,0.0,1,0,0,0,0,0,Station Wagon/Sport Utility Vehicle,,1
20770244,4762227,10/06/2024,03:33,2d456650-afa3-491f-aaf5-52bd710b381d,Station Wagon/Sport Utility Vehicle,ACUR -CAR/SUV,,0.0,,,Parked,Left Rear Bumper,Left Rear Quarter Panel,No Damage,No Damage,No Damage,Unspecified,,Unspecified,Unspecified,BROOKLYN,11211.0,"    (40.71327, -73.96209)",1.0,0.0,0,0,0,0,1,0,Station Wagon/Sport Utility Vehicle,Sedan,1
20788270,4774000,11/24/2024,09:09,0b3e0134-235f-4f8b-8ac8-a76372ab8607,Station Wagon/Sport Utility Vehicle,HOND -CAR/SUV,2024.0,0.0,,,Parked,Center Front End,Center Front End,Left Front Bumper,Left Rear Bumper,,N,,Unspecified,Unspecified,BRONX,10451.0,"    (40.816696, -73.92309)",1.0,0.0,0,0,0,0,1,0,Sedan,Station Wagon/Sport Utility Vehicle,1
20645463,4722448,05/07/2024,01:01,b66002ba-da0b-477d-a678-66802824cd75,Station Wagon/Sport Utility Vehicle,AUDI -CAR/SUV,2020.0,0.0,,,Parked,Left Rear Bumper,Left Rear Bumper,Center Back End,Center Back End,Left Rear Quarter Panel,N,,Unspecified,Unspecified,,,"    (40.58599, -74.15506)",0.0,0.0,0,0,0,0,0,0,Pick-up Truck,Station Wagon/Sport Utility Vehicle,0
20689266,4742451,07/19/2024,23:42,ea272895-efdc-412e-a7bd-5469e7e1c9b4,Sedan,HOND -CAR/SUV,2019.0,2.0,F,Licensed,Stopped in Traffic,Center Back End,Left Rear Bumper,Center Back End,No Damage,No Damage,N,,Other Vehicular,Unspecified,,,"    (40.713844, -74.01057)",1.0,0.0,0,0,0,0,1,0,Station Wagon/Sport Utility Vehicle,Taxi,1
20744189,4744934,08/01/2024,16:18,f6874982-ced8-40c4-be1a-23dcb0756a74,Sedan,MITS -CAR/SUV,1995.0,0.0,,,Parked,Center Back End,Center Back End,Left Rear Bumper,Right Rear Bumper,No Damage,N,,Unspecified,Unspecified,BROOKLYN,11234.0,"    (40.616673, -73.92563)",3.0,0.0,0,0,0,0,3,0,Sedan,Station Wagon/Sport Utility Vehicle,1
20749615,4750181,08/21/2024,22:00,15c8c13a-304e-4c63-8a67-6cac117f1c3b,,Unknown,,0.0,,,,Other,Other,Other,Other,Other,N,,Unspecified,Unspecified,BRONX,10452.0,"    (40.834084, -73.92687)",0.0,0.0,0,0,0,0,0,0,Sedan,,0
20806857,4782942,12/30/2024,20:05,74627d79-2279-4b07-8e5c-3a4f163d3aad,Sedan,DODG -CAR/SUV,2022.0,0.0,,,Parked,Left Rear Bumper,Left Rear Bumper,Center Back End,Left Rear Quarter Panel,No Damage,N,,Unspecified,Unspecified,,,"    (40.680477, -73.95116)",0.0,0.0,0,0,0,0,0,0,Sedan,Motorcycle,0
20616689,4709263,03/05/2024,06:30,0eb61806-688c-4149-b207-fe02453f8e72,Sedan,MERZ -CAR/SUV,2018.0,0.0,,,Parked,Left Front Quarter Panel,Left Front Quarter Panel,Left Front Bumper,No Damage,No Damage,N,,Unspecified,Unspecified,BROOKLYN,11236.0,"    (40.65141, -73.913414)",0.0,0.0,0,0,0,0,0,0,Sedan,,0
20762735,4761175,09/28/2024,23:00,8a94355f-cb85-4cea-b159-ba9d518f0930,Sedan,TOYT -CAR/SUV,2018.0,1.0,M,Licensed,Making Right Turn,Center Front End,Center Front End,No Damage,No Damage,No Damage,N,,Traffic Control Disregarded,Other Vehicular,QUEENS,11370.0,"    (40.760437, -73.89384)",0.0,0.0,0,0,0,0,0,0,Sedan,,0
20669000,4732984,06/15/2024,23:45,7d3139d8-2dde-4398-af02-3b852671f454,Sedan,HYUN -CAR/SUV,2018.0,0.0,M,Licensed,Making Left Turn,Left Front Quarter Panel,Left Front Quarter Panel,,,,N,,Unspecified,Unspecified,,,,0.0,0.0,0,0,0,0,0,0,Sedan,Tow Truck / Wrecker,0