UNIQUE_ID,COLLISION_ID,CRASH_DATE,CRASH_TIME,VEHICLE_ID,VEHICLE_TYPE,VEHICLE_MAKE,VEHICLE_YEAR,VEHICLE_OCCUPANTS,DRIVER_SEX,DRIVER_LICENSE_STATUS,PRE_CRASH,POINT_OF_IMPACT,VEHICLE_DAMAGE,VEHICLE_DAMAGE_1,VEHICLE_DAMAGE_2,VEHICLE_DAMAGE_3,PUBLIC_PROPERTY_DAMAGE,PUBLIC_PROPERTY_DAMAGE_TYPE,CONTRIBUTING_FACTOR_1,CONTRIBUTING_FACTOR_2,BOROUGH,ZIP CODE,LOCATION,NUMBER OF PERSONS INJURED,NUMBER OF PERSONS KILLED,NUMBER OF PEDESTRIANS INJURED,NUMBER OF PEDESTRIANS KILLED,NUMBER OF CYCLIST INJURED,NUMBER OF CYCLIST KILLED,NUMBER OF MOTORIST INJURED,NUMBER OF MOTORIST KILLED,VEHICLE TYPE CODE 1,VEHICLE TYPE CODE 2,Severity
20695301,4744979,08/03/2024,10:13,2ef63f0d-54d4-4104-bcdb-627c106ec1a4,Sedan,TOYT -CAR/SUV,2004.0,0.0,,,Parked,Center Back End,Center Back End,,,Undercarriage,N,,Unspecified,Unspecified,,,,0.0,0.0,0,0,0,0,0,0,Sedan,Sedan,0
20655434,4727062,05/22/2024,19:31,958643a0-6924-405f-b5f2-d804053ad83b,Station Wagon/Sport Utility Vehicle,CHEV -CAR/SUV,2023.0,0.0,,,Parked,Right Front Bumper,Right Front Bumper,,,,N,,Unspecified,Unspecified,,,"    (40.844734, -73.90757)",0.0,0.0,0,0,0,0,0,0,Station Wagon/Sport Utility Vehicle,Station Wagon/Sport Utility Vehicle,0
20595111,4699503,02/01/2024,13:55,578ed017-0c98-4ba7-8308-f7068f263dcc,Pick-up Truck,CHEV -CAR/SUV,2023.0,3.0,M,Licensed,Going Straight Ahead,Right Side Doors,Right Side Doors,,,,N,,Passing Too Closely,Unspecified,QUEENS,11365.0,"    (40.730526, -73.80144)",0.0,0.0,0,0,0,0,0,0,Sedan,Pick-up Truck,0
20745243,4749890,08/21/2024,22:25,ced7e24e-d737-49de-94d4-6d334f033aae,Sedan,HYUN -CAR/SUV,2011.0,1.0,,,Going Straight Ahead,No Damage,No Damage,No Damage,No Damage,No Damage,N,,Unsafe Speed,Driver Inattention/Distraction,STATEN ISLAND,10301.0,"    (40.619537, -74.0994)",0.0,0.0,0,0,0,0,0,0,Sedan,Sedan,0
20610439,4706452,03/01/2024,08:05,5d7b3481-9e60-4b0a-baf5-5d5bb4a2d643,Sedan,HOND -CAR/SUV,2021.0,,,,Going Straight Ahead,Center Front End,Center Front End,,,,N,,Driver Inattention/Distraction,Driver Inexperience,STATEN ISLAND,10309.0,"    (40.519127, -74.19714)",0.0,0.0,0,0,0,0,0,0,Sedan,Sedan,0
20657176,4727892,05/27/2024,16:48,8bca6325-48ad-4de5-96a2-b757ff9e6231,Taxi,TOYT -CAR/SUV,2012.0,2.0,M,Licensed,Going Straight Ahead,Right Front Bumper,Right Front Bumper,Right Rear Quarter Panel,Right Side Doors,,N,,Turning Improperly,Turning Improperly,,,"    (40.79653, -73.97597)",1.0,0.0,0,0,0,0,1,0,Taxi,Taxi,1
20594466,4699277,01/29/2024,17:15,e7c216bf-aca7-4dc6-8117-4675400dbb2c,Station Wagon/Sport Utility Vehicle,NISS -CAR/SUV,2007.0,2.0,M,Licensed,Going Straight Ahead,Left Front Bumper,Right Front Bumper,Right Front Bumper,Center Front End,Left Front Quarter Panel,N,,Brakes Defective,Unspecified,,,"    (40.662296, -73.98874)",2.0,0.0,0,0,0,0,2,0,Station Wagon/Sport Utility Vehicle,Station Wagon/Sport Utility Vehicle,1
20620912,4711414,03/20/2024,13:44,42784455-3ac6-4227-98bc-d5bbc4f8fd66,Station Wagon/Sport Utility Vehicle,LNDR -CAR/SUV,,1.0,,,Going Straight Ahead,Left Front Bumper,Right Front Bumper,Right Front Quarter Panel,Left Side Doors,,N,,Unsafe Speed,Aggressive Driving/Road Rage,MANHATTAN,10027.0,"    (40.80762, -73.95888)",0.0,0.0,0,0,0,0,0,0,Taxi,Station Wagon/Sport Utility Vehicle,0
20654410,4726437,05/19/2024,17:16,d74d61f1-2eb8-495a-9698-9e185ed85f6f,Sedan,TOYT -CAR/SUV,2018.0,2.0,M,Licensed,Going Straight Ahead,Center Back End,Center Back End,Center Back End,,,N,,Unspecified,Unspecified,BROOKLYN,11207.0,"    (40.65838, -73.89725)",1.0,0.0,0,0,0,0,1,0,Sedan,Sedan,1
20628899,4714922,04/04/2024,00:00,3879d980-60bf-4e3f-bcf1-a61d83dcd7cb,,FORD -CAR/SUV,,,,,Making Left Turn,Right Front Bumper,Right Front Bumper,,,,Unspecified,,Unspecified,Unspecified,BROOKLYN,11235.0,"    (40.5916, -73.960686)",0.0,0.0,0,0,0,0,0,0,Sedan,,0
20648428,4724153,05/11/2024,22:30,2cf14d94-32c7-4023-a83e-dae8106b1837,Sedan,INFI -CAR/SUV,,2.0,M,Licensed,Going Straight Ahead,Center Front End,Center Front End,Left Front Bumper,Right Front Bumper,Center Front End,N,,Unspecified,Unspecified,STATEN ISLAND,10312.0,"    (40.539833, -74.18299)",1.0,0.0,0,0,0,0,1,0,Sedan,,1
20752582,4748913,08/15/2024,22:00,cacb9ad2-3139-4874-ab0d-e4836723c716,Sedan,HOND -CAR/SUV,2018.0,1.0,F,Licensed,Going Straight Ahead,Right Front Bumper,Right Front Bumper,Right Front Quarter Panel,No Damage,No Damage,N,,Alcohol Involvement,Driver Inattention/Distraction,QUEENS,11435.0,"    (40.705124, -73.81191)",0.0,0.0,0,0,0,0,0,0,Sedan,Sedan,0
20606136,4704634,02/23/2024,21:55,c0ba1da0-8ced-4168-8aaa-bbfd19f88ea7,Station Wagon/Sport Utility Vehicle,BMW -CAR/SUV,2018.0,1.0,,,Police Pursuit,Center Front End,Center Front End,Center Back End,,,N,,Aggressive Driving/Road Rage,Vehicle Vandalism,,,"    (40.675354, -73.952774)",0.0,0.0,0,0,0,0,0,0,Station Wagon/Sport Utility Vehicle,Sedan,0
20806367,4782533,12/19/2024,05:59,136afdb6-bdab-4abe-9c01-9a06c19eb979,Sedan,TOYT -CAR/SUV,2022.0,1.0,M,Licensed,Parked,Right Side Doors,Right Side Doors,Other,Right Rear Quarter Panel,Right Rear Quarter Panel,N,,Unspecified,Unspecified,BROOKLYN,11233.0,"    (40.67603, -73.90835)",0.0,0.0,0,0,0,0,0,0,Sedan,Sedan,0
20616670,4709453,03/14/2024,00:25,bbace6ea-1463-4264-95f9-4e578498d097,Sedan,INFI -CAR/SUV,2006.0,1.0,M,Unlicensed,Going Straight Ahead,Right Front Bumper,Right Front Bumper,Right Front Quarter Panel,,,N,,Driver Inexperience,Driver Inattention/Distraction,,,"    (40.69985, -73.80974)",0.0,0.0,0,0,0,0,0,0,Sedan,Sedan,0
20767427,4764479,10/19/2024,03:25,eed6fbe8-bc88-419e-b923-c5fa4c5cda2d,Station Wagon/Sport Utility Vehicle,FORD -CAR/SUV,2024.0,0.0,,,Parked,Left Rear Quarter Panel,Left Rear Quarter Panel,Left Rear Bumper,Left Side Doors,,N,,Unspecified,Unspecified,,,"    (40.592484, -73.78417)",0.0,0.0,0,0,0,0,0,0,Station Wagon/Sport Utility Vehicle,Station Wagon/Sport Utility Vehicle,0
20628856,4714884,04/04/2024,12:00,f540f2b1-17bc-40ab-b082-657dbe99fe08,Station Wagon/Sport Utility Vehicle,TESL -CAR/SUV,2020.0,4.0,F,Licensed,Going Straight Ahead,Center Front End,Center Front End,,,,N,,Driver Inattention/Distraction,Unspecified,,,"    (40.61619, -74.13898)",1.0,0.0,0,0,0,0,1,0,Station Wagon/Sport Utility Vehicle,Sedan,1
20629385,4715158,04/06/2024,17:00,a1c72c79-a088-4654-a6a5-fe53e8fc4cee,Taxi,TOYT -CAR/SUV,2021.0,2.0,M,Licensed,Going Straight Ahead,Right Side Doors,Right Side Doors,Right Rear Quarter Panel,Right Rear Bumper,,N,,Unspecified,Unspecified,,,"    (40.589973, -73.90808)",4.0,0.0,0,0,0,0,4,0,Station Wagon/Sport Utility Vehicle,Taxi,1
20583033,4693927,01/02/2024,15:10,714a849a-fd52-4d95-b7da-ef44fcd8ef5d,Bus,FORD-TRUCK/BUS,2021.0,2.0,M,Licensed,Going Straight Ahead,Center Front End,Center Front End,,,,N,,Following Too Closely,Unspecified,,,,0.0,0.0,0,0,0,0,0,0,Sedan,Station Wagon/Sport Utility Vehicle,0
20734467,4762920,10/11/2024,20:28,b7f2936a-03c1-4dcb-9e35-f3f7d80d13f7,Pick-up Truck,CHEV -CAR/SUV,2022.0,1.0,F,Licensed,Making Left Turn,Right Rear Quarter Panel,Left Rear Quarter Panel,,,,N,,Driver Inexperience,Driver Inexperience,BROOKLYN,11207.0,"    (40.68708, -73.913895)",1.0,0.0,0,0,1,0,0,0,Pick-up Truck,Bike,1
20804869,4781960,12/28/2024,14:10,16505162-1fd5-479e-8925-9b9c63f5c29f,Station Wagon/Sport Utility Vehicle,CHRY -CAR/SUV,2021.0,1.0,M,Licensed,Going Straight Ahead,Right Front Bumper,Right Front Bumper,,,,N,,Unspecified,Unspecified,BRONX,10468.0,"    (40.861427, -73.89819)",0.0,0.0,0,0,0,0,0,0,Sedan,Station Wagon/Sport Utility Vehicle,0
20790799,4775587,12/01/2024,10:10,d1ec44f0-2fc5-4260-9547-0f1e910ef6b4,Sedan,VOLV -CAR/SUV,2023.0,0.0,,,Parked,Center Back End,Center Back End,Center Back End,Center Back End,Center Back End,N,,Unspecified,Unspecified,BROOKLYN,11216.0,"    (40.68397, -73.94404)",1.0,0.0,0,0,1,0,0,0,Sedan,Sedan,1
20638545,4719262,04/22/2024,16:00,b11ee0d4-b2b8-4eeb-8330-11bdd5d921a0,Sedan,LEXS -CAR/SUV,2004.0,1.0,M,Licensed,Going Straight Ahead,Left Front Bumper,Left Front Bumper,No Damage,No Damage,No Damage,N,,Failure to Yield Right-of-Way,Unspecified,QUEENS,11354.0,"    (40.771572, -73.81323)",0.0,0.0,0,0,0,0,0,0,Sedan,Sedan,0
20617249,4709576,03/12/2024,20:05,c422f43a-2283-4ca2-8917-bbfad609905b,Station Wagon/Sport Utility Vehicle,INFI -CAR/SUV,2001.0,1.0,M,Licensed,Parked,Left Rear Bumper,Left Rear Bumper,Left Rear Quarter Panel,,,N,,Unspecified,Unspecified,BROOKLYN,11210.0,"    (40.62981, -73.93943)",0.0,0.0,0,0,0,0,0,0,Station Wagon/Sport Utility Vehicle,,0
20739042,4745942,07/30/2024,12:53,e75e92b4-0db3-4580-ac0c-64acab4ce195,Sedan,BMW -CAR/SUV,2012.0,,,,Merging,Left Front Bumper,Left Front Bumper,No Damage,No Damage,No Damage,Unspecified,,Unspecified,Unspecified,MANHATTAN,10040.0,"    (40.86159, -73.92475)",0.0,0.0,0,0,0,0,0,0,Station Wagon/Sport Utility Vehicle,Sedan,0
20679852,4738081,07/05/2024,17:35,01907aee-ece1-4891-a8e5-bf3dd63f812f,Station Wagon/Sport Utility Vehicle,NISS -CAR/SUV,2020.0,1.0,M,Permit,Going Straight Ahead,Center Front End,Center Front End,,,,N,,Unspecified,Unspecified,QUEENS,11369.0,"    (40.76162, -73.877)",1.0,0.0,0,0,0,0,0,0,Station Wagon/Sport Utility Vehicle,E-Scooter,1
20607216,4704443,02/22/2024,22:19,f2bf9c33-ba37-4f50-8fec-daff3d84567b,Station Wagon/Sport Utility Vehicle,MERZ -CAR/SUV,2015.0,1.0,M,Licensed,Going Straight Ahead,Left Rear Bumper,Left Rear Quarter Panel,,,,Unspecified,,Unspecified,Unspecified,,,,0.0,0.0,0,0,0,0,0,0,Sedan,Station Wagon/Sport Utility Vehicle,0
20661472,4729567,06/02/2024,12:21,674d5f35-70d6-4f74-800e-089160463b41,Sedan,BUIC -CAR/SUV,2012.0,1.0,M,Licensed,Making Left Turn,Left Rear Bumper,Left Rear Bumper,Center Back End,Left Rear Quarter Panel,,N,,Unspecified,Unspecified,QUEENS,11435.0,"    (40.68683, -73.79996)",1.0,0.0,0,0,0,0,1,0,Sedan,Sedan,1
20788620,4774471,11/24/2024,20:22,a9d58fba-8979-4481-8c61-13587c82800c,Taxi,CHEV -CAR/SUV,2023.0,0.0,M,Licensed,Parked,Left Rear Bumper,Left Rear Quarter Panel,No Damage,No Damage,No Damage,N,,Unspecified,Unspecified,MANHATTAN,10010.0,"    (40.739864, -73.98958)",1.0,0.0,0,0,0,0,1,0,Taxi,Taxi,1
20739545,4746972,08/08/2024,14:00,52728815-9a8c-4699-8f4e-a556e198da60,E-Scooter,inokim,,1.0,M,Licensed,Going Straight Ahead,Center Front End,Center Front End,No Damage,No Damage,No Damage,N,,Driver Inattention/Distraction,Pedestrian/Bicyclist/Other Pedestrian Error/Confusion,MANHATTAN,10034.0,"    (40.867634, -73.916595)",1.0,0.0,0,0,0,0,0,0,Sedan,E-Scooter,1
20661103,4729539,06/02/2024,14:03,c1602297-dee3-47f5-9221-d453e9b32d5a,Sedan,HOND -CAR/SUV,2008.0,0.0,,,Parked,Right Front Quarter Panel,Right Front Bumper,Right Front Quarter Panel,,,N,,Unspecified,Unspecified,BROOKLYN,11233.0,"    (40.677006, -73.92297)",0.0,0.0,0,0,0,0,0,0,Sedan,Sedan,0
20690375,4735283,06/17/2024,23:37,713d5363-5ad6-4323-80fc-485b601cae7f,Sedan,FORD -CAR/SUV,2022.0,0.0,,,Parked,Center Back End,Center Back End,Right Rear Bumper,Left Rear Bumper,Center Back End,N,,Unspecified,Unspecified,BRONX,10474.0,"    (40.816788, -73.889946)",1.0,0.0,0,0,0,0,1,0,Sedan,Sedan,1
20787611,4773861,11/24/2024,06:54,bb94944b-fbfe-4bd2-a567-d359405f6287,Sedan,CADI -CAR/SUV,2014.0,2.0,M,Licensed,Going Straight Ahead,Left Front Bumper,Left Front Bumper,Left Front Bumper,Left Front Bumper,,N,,Unspecified,Unspecified,QUEENS,11435.0,"    (40.70485, -73.80927)",1.0,0.0,0,0,0,0,1,0,Station Wagon/Sport Utility Vehicle,Sedan,1
20760064,4762814,10/10/2024,07:45,0137ca18-c2a2-4b9a-bf04-15bd008177c8,Station Wagon/Sport Utility Vehicle,FORD -CAR/SUV,2017.0,1.0,M,Licensed,Going Straight Ahead,Left Front Bumper,Left Front Bumper,,,,N,,Traffic Control Disregarded,Unspecified,QUEENS,11412.0,"    (40.701588, -73.74865)",1.0,0.0,0,0,0,0,1,0,Sedan,Station Wagon/Sport Utility Vehicle,1
20745298,4751789,08/28/2024,17:36,5bff6a92-06ae-4ff3-ada8-55a55d36e4d3,Sedan,DODG -CAR/SUV,2021.0,1.0,M,Licensed,Going Straight Ahead,Center Front End,Center Front End,Center Front End,Center Front End,Center Front End,N,,Following Too Closely,Unspecified,BROOKLYN,11207.0,"    (40.650024, -73.89126)",0.0,0.0,0,0,0,0,0,0,Sedan,Sedan,0
20687881,4741820,07/08/2024,09:57,4a3e04b6-5459-43e9-8ed6-748ea14e9371,Sedan,JEEP -CAR/SUV,2019.0,0.0,,,Parked,Left Rear Quarter Panel,Left Side Doors,,,,N,,Unspecified,Unspecified,,,"    (40.67221, -73.92802)",0.0,0.0,0,0,0,0,0,0,Sedan,,0
20645489,4722338,05/06/2024,09:15,c3efadc7-fa3b-48b5-93e5-9a38c13108c0,Sedan,NISS -CAR/SUV,2019.0,1.0,M,Licensed,Making U Turn,Center Front End,Left Front Bumper,Center Front End,Right Front Bumper,,N,,Driver Inattention/Distraction,Failure to Yield Right-of-Way,QUEENS,11364.0,"    (40.75316, -73.76019)",1.0,0.0,0,0,0,0,1,0,Station Wagon/Sport Utility Vehicle,Sedan,1
20680038,4738170,07/03/2024,09:39,a2e0eebe-fd23-4a59-8456-1c758d0a9780,Sedan,JEEP -CAR/SUV,2024.0,3.0,F,Licensed,Going Straight Ahead,Left Front Bumper,Center Front End,Right Front Bumper,Center Front End,Center Front End,N,,Unspecified,Unspecified,BROOKLYN,11230.0,"    (40.613056, -73.95816)",3.0,0.0,0,0,0,0,3,0,Sedan,Sedan,1
20681827,4739153,06/27/2024,16:30,2eb02bdc-c13f-4efc-8e92-e749b1ba2e7c,Sedan,TOYT -CAR/SUV,2011.0,1.0,M,Licensed,Making Right Turn,Left Front Bumper,Left Front Bumper,,,,N,,Driver Inattention/Distraction,Unspecified,STATEN ISLAND,10301.0,"    (40.61118, -74.105606)",0.0,0.0,0,0,0,0,0,0,Station Wagon/Sport Utility Vehicle,Sedan,0
20787004,4773501,11/22/2024,17:00,7d1f576f-8513-44cb-803c-21cfcb0896c6,Sedan,TOYT -CAR/SUV,2017.0,1.0,M,Licensed,Making Left Turn,Center Front End,Center Front End,No Damage,No Damage,No Damage,N,,Unspecified,Unspecified,QUEENS,11355.0,"    (40.756023, -73.82087)",1.0,0.0,1,0,0,0,0,0,Sedan,,1
20639517,4719651,04/16/2024,17:20,b16347b5-f617-4d3c-9024-2d60a8a83404,Sedan,TOYT -CAR/SUV,2011.0,1.0,M,Licensed,Going Straight Ahead,Left Rear Bumper,Left Rear Bumper,Left Rear Bumper,Left Rear Bumper,Left Rear Bumper,N,,Unspecified,Unspecified,,,"    (40.67973, -73.75148)",0.0,0.0,0,0,0,0,0,0,Sedan,,0
20770545,4766028,10/19/2024,06:49,6a3a4d8e-9779-4593-990b-8b0c10587827,Station Wagon/Sport Utility Vehicle,FORD -CAR/SUV,2007.0,1.0,F,Licensed,Going Straight Ahead,Left Side Doors,Left Rear Quarter Panel,,,,N,,Unspecified,Unspecified,QUEENS,11691.0,"    (40.59332, -73.77272)",0.0,0.0,0,0,0,0,0,0,Station Wagon/Sport Utility Vehicle,Station Wagon/Sport Utility Vehicle,0
20783393,4772174,11/12/2024,09:58,fc21a2a6-4b09-4676-afc9-df7b936fbf96,Pick-up Truck,HOND -CAR/SUV,2022.0,3.0,M,,Entering Parked Position,Center Front End,Left Front Bumper,Center Front End,,,N,,Outside Car Distraction,Driver Inattention/Distraction,BROOKLYN,11222.0,"    (40.737164, -73.95557)",1.0,0.0,0,0,0,0,1,0,Pick-up Truck,Tractor Truck Diesel,1
20787887,4773827,11/17/2024,04:10,53f706fe-1304-4c78-9a37-25104d7bc662,,HOND -CAR/SUV,,,,,Making Right Turn,Left Front Bumper,Left Front Bumper,,,,Unspecified,,Driver Inattention/Distraction,Turning Improperly,QUEENS,11105.0,"    (40.77337, -73.90679)",0.0,0.0,0,0,0,0,0,0,Sedan,,0
20685757,4740828,07/16/2024,06:31,f792a89b-a3e8-4af1-a16a-bfcb132d6722,Station Wagon/Sport Utility Vehicle,JEEP -CAR/SUV,2023.0,1.0,F,Licensed,Going Straight Ahead,Left Front Bumper,Left Front Bumper,Right Side Doors,Center Front End,Right Rear Quarter Panel,N,,Driver Inattention/Distraction,Unspecified,BRONX,10461.0,"    (40.845802, -73.82722)",0.0,0.0,0,0,0,0,0,0,Station Wagon/Sport Utility Vehicle,Station Wagon/Sport Utility Vehicle,0
20742882,4746614,07/02/2024,16:47,f85d5b38-cc4d-4a65-8cae-7335c454293c,Tractor Truck Diesel,INTL-TRUCK/BUS,2010.0,1.0,,,Making Right Turn,Right Front Bumper,No Damage,No Damage,No Damage,No Damage,N,,Driver Inattention/Distraction,Driver Inexperience,BRONX,10451.0,"    (40.810863, -73.93087)",0.0,0.0,0,0,0,0,0,0,Station Wagon/Sport Utility Vehicle,Tractor Truck Diesel,0
20758286,4758940,09/26/2024,14:30,e4f488b4-26df-4862-a600-c98fb16ee935,Sedan,NISS -CAR/SUV,2020.0,2.0,M,Licensed,Going Straight Ahead,Center Front End,Right Front Bumper,Right Front Quarter Panel,Right Side Doors,,N,,Driver Inattention/Distraction,Traffic Control Disregarded,QUEENS,11435.0,"    (40.70097, -73.81423)",2.0,0.0,0,0,0,0,2,0,Sedan,Sedan,1
20793109,4776371,12/04/2024,21:40,93792850-1137-4c8b-be56-fcb67f231d8b,Station Wagon/Sport Utility Vehicle,NISS -CAR/SUV,,1.0,,,Going Straight Ahead,Right Front Bumper,No Damage,,,,N,,Driver Inattention/Distraction,Failure to Yield Right-of-Way,MANHATTAN,10027.0,"    (40.810764, -73.95259)",1.0,0.0,1,0,0,0,0,0,Station Wagon/Sport Utility Vehicle,,1
20742377,4759325,09/28/2024,17:40,2c43277e-50cc-4955-b82d-42d27bed54ea,Station Wagon/Sport Utility Vehicle,TOYT -CAR/SUV,2021.0,2.0,M,Licensed,Going Straight Ahead,Right Side Doors,Right Side Doors,No Damage,No Damage,No Damage,N,,Driver Inattention/Distraction,Unspecified,MANHATTAN,10022.0,"    (40.754875, -73.96853)",1.0,0.0,0,0,0,0,1,0,Station Wagon/Sport Utility Vehicle,Station Wagon/Sport Utility Vehicle,1
20632930,4716745,04/12/2024,11:04,d5c2faa1-2d74-48c1-b5f1-a74d3f429ae1,Sedan,BMW -CAR/SUV,2016.0,1.0,M,Licensed,Making Right Turn,Center Back End,Center Back End,,,,N,,Unspecified,Unspecified,BROOKLYN,11218.0,"    (40.64437, -73.9757)",1.0,0.0,0,0,0,0,1,0,Sedan,Sedan,1
20750965,4754479,09/10/2024,02:42,4e43cab9-7a22-4145-a6d9-ea51436fbea8,Sedan,TOYT -CAR/SUV,2010.0,2.0,M,Licensed,Going Straight Ahead,Center Back End,Center Back End,No Damage,No Damage,No Damage,N,,Pedestrian/Bicyclist/Other Pedestrian Error/Confusion,Unspecified,BROOKLYN,11226.0,"    (40.649944, -73.96703)",2.0,0.0,0,0,0,0,2,0,Sedan,Box Truck,1
20797818,4778581,12/13/2024,18:00,4238a607-bc84-48e0-92ec-9c2a9e13d3f1,Station Wagon/Sport Utility Vehicle,HOND -CAR/SUV,2009.0,2.0,M,Licensed,Other*,Right Rear Quarter Panel,Right Rear Quarter Panel,No Damage,No Damage,No Damage,N,,Driver Inattention/Distraction,Unspecified,BRONX,10460.0,"    (40.845097, -73.88296)",0.0,0.0,0,0,0,0,0,0,Station Wagon/Sport Utility Vehicle,Station Wagon/Sport Utility Vehicle,0
20688791,4742081,07/21/2024,06:10,de10f97c-2de0-4fea-85d6-3303996d31d7,Sedan,CHRY -CAR/SUV,2006.0,1.0,F,Licensed,Parked,Left Side Doors,Left Side Doors,No Damage,No Damage,No Damage,N,,Driver Inattention/Distraction,Unspecified,BROOKLYN,11204.0,"    (40.608017, -73.98017)",1.0,0.0,0,0,1,0,0,0,Sedan,Bike,1
20771561,4766460,10/20/2024,02:57,91064a9d-469f-4e1e-8970-720377d122c7,Station Wagon/Sport Utility Vehicle,HYUN -CAR/SUV,2022.0,1.0,M,Licensed,Stopped in Traffic,Center Back End,Center Back End,Left Rear Bumper,Right Rear Bumper,,N,,Unspecified,Unspecified,,,,0.0,0.0,0,0,0,0,0,0,Station Wagon/Sport Utility Vehicle,Sedan,0
20623454,4712412,03/25/2024,15:00,1005db78-52f9-41c2-b5ae-a42c6ae9a1c8,Station Wagon/Sport Utility Vehicle,MAZD -CAR/SUV,2010.0,1.0,M,Licensed,Going Straight Ahead,Left Rear Bumper,Left Rear Quarter Panel,Left Side Doors,,,N,,View Obstructed/Limited,View Obstructed/Limited,QUEENS,11360.0,"    (40.77574, -73.77986)",1.0,0.0,0,0,0,0,1,0,Station Wagon/Sport Utility Vehicle,Station Wagon/Sport Utility Vehicle,1
20746740,4753547,09/05/2024,22:39,7067d8aa-75ae-492c-b8bb-90541a024cbb,Sedan,HOND -CAR/SUV,2008.0,1.0,M,Licensed,Going Straight Ahead,Left Front Bumper,Left Side Doors,Left Front Quarter Panel,Left Front Quarter Panel,Left Side Doors,N,,Aggressive Driving/Road Rage,Aggressive Driving/Road Rage,BROOKLYN,11236.0,"    (40.63531, -73.9005)",0.0,0.0,0,0,0,0,0,0,Sedan,Sedan,0
20589966,4697227,01/21/2024,00:00,aaa2beef-672d-41c3-ab51-d98eabbf3939,Sedan,TOYT -CAR/SUV,2016.0,1.0,,,Making Left Turn,Center Front End,No Damage,No Damage,No Damage,No Damage,N,,Passing Too Closely,Unspecified,MANHATTAN,10019.0,"    (40.770412, -73.987625)",0.0,0.0,0,0,0,0,0,0,Sedan,E-Scooter,0
20741084,4744662,07/30/2024,19:50,e57eb65c-6554-42d1-a6e2-e9f3eabf0d4a,Station Wagon/Sport Utility Vehicle,CHRY -CAR/SUV,2020.0,0.0,,,Parked,Right Rear Quarter Panel,Right Rear Quarter Panel,Right Rear Bumper,No Damage,No Damage,N,,Unspecified,Unspecified,BRONX,10458.0,"    (40.859413, -73.89803)",0.0,0.0,0,0,0,0,0,0,Station Wagon/Sport Utility Vehicle,,0
20637113,4718716,04/20/2024,09:20,9de66388-c3b2-478e-b004-f6bda4fea50f,Taxi,TESL -CAR/SUV,2023.0,1.0,M,Licensed,Going Straight Ahead,Right Front Bumper,Right Front Bumper,,,,N,,Failure to Yield Right-of-Way,Unspecified,,,"    (40.604618, -74.02771)",0.0,0.0,0,0,0,0,0,0,Taxi,Sedan,0
20643686,4721698,04/25/2024,22:21,2a430186-2b55-41d3-9ac5-8a71494617af,Sedan,TOYT -CAR/SUV,2016.0,1.0,M,Licensed,Going Straight Ahead,Right Side Doors,Right Side Doors,No Damage,No Damage,No Damage,N,,Unspecified,Unspecified,BRONX,10452.0,"    (40.841133, -73.924)",1.0,0.0,0,0,0,0,1,0,Sedan,Sedan,1
20755451,4762485,10/10/2024,08:36,a2604ff7-d7f4-4788-9e7e-c93ed66a1d78,Sedan,AUDI -CAR/SUV,2017.0,0.0,,,Parked,Left Rear Bumper,Left Rear Bumper,Left Rear Quarter Panel,Left Rear Bumper,,N,,Unspecified,Unspecified,BROOKLYN,11210.0,"    (40.62005, -73.95043)",1.0,0.0,0,0,0,0,1,0,Sedan,Sedan,1
20671848,4734577,06/18/2024,08:59,877f49ca-824c-4ea6-ba09-fd4220642e4d,Station Wagon/Sport Utility Vehicle,SUBA -CAR/SUV,2018.0,1.0,,,Going Straight Ahead,Right Front Bumper,Right Front Bumper,,,,N,,Driver Inattention/Distraction,Following Too Closely,BROOKLYN,11234.0,"    (40.629353, -73.884766)",0.0,0.0,0,0,0,0,0,0,Station Wagon/Sport Utility Vehicle,Station Wagon/Sport Utility Vehicle,0
20782297,4771179,11/13/2024,18:00,42534097-c149-4890-b82c-b4e2e35886b1,Sedan,NISS -CAR/SUV,2011.0,0.0,M,Licensed,Going Straight Ahead,Center Front End,Center Front End,No Damage,No Damage,No Damage,N,,Following Too Closely,Unspecified,,,"    (40.772156, -73.94541)",0.0,0.0,0,0,0,0,0,0,Sedan,Sedan,0
20619025,4710241,03/16/2024,17:43,6b8c9950-b45c-4309-8ce4-9ee8627d1f9e,Station Wagon/Sport Utility Vehicle,TOYT -CAR/SUV,2017.0,0.0,M,Licensed,Parked,Left Front Bumper,Left Front Bumper,,,,N,,Unspecified,Unspecified,,,"    (0.0, 0.0)",0.0,0.0,0,0,0,0,0,0,Station Wagon/Sport Utility Vehicle,Station Wagon/Sport Utility Vehicle,0
20652320,4725581,05/16/2024,20:00,b6ff8eef-4e49-40e0-8e0d-dc800d2e8d2b,Sedan,MITS -CAR/SUV,2024.0,0.0,,,Parked,Center Front End,Center Front End,Left Front Bumper,Right Front Bumper,No Damage,Unspecified,,Unspecified,Unspecified,MANHATTAN,10001.0,"    (40.749638, -73.99905)",0.0,0.0,0,0,0,0,0,0,Sedan,Sedan,0