UNIQUE_ID,COLLISION_ID,CRASH_DATE,CRASH_TIME,VEHICLE_ID,VEHICLE_TYPE,VEHICLE_MAKE,VEHICLE_YEAR,VEHICLE_OCCUPANTS,DRIVER_SEX,DRIVER_LICENSE_STATUS,PRE_CRASH,POINT_OF_IMPACT,VEHICLE_DAMAGE,VEHICLE_DAMAGE_1,VEHICLE_DAMAGE_2,VEHICLE_DAMAGE_3,PUBLIC_PROPERTY_DAMAGE,PUBLIC_PROPERTY_DAMAGE_TYPE,CONTRIBUTING_FACTOR_1,CONTRIBUTING_FACTOR_2,BOROUGH,ZIP CODE,LOCATION,NUMBER OF PERSONS INJURED,NUMBER OF PERSONS KILLED,NUMBER OF PEDESTRIANS INJURED,NUMBER OF PEDESTRIANS KILLED,NUMBER OF CYCLIST INJURED,NUMBER OF CYCLIST KILLED,NUMBER OF MOTORIST INJURED,NUMBER OF MOTORIST KILLED,VEHICLE TYPE CODE 1,VEHICLE TYPE CODE 2,Severity
20617214,4709534,03/09/2024,16:58,656c8e9e-f74f-4c09-a861-2c66c363bdf2,Sedan,CHEV -CAR/SUV,2011.0,0.0,,,Parked,Center Back End,Center Back End,No Damage,No Damage,No Damage,N,,Unspecified,Unspecified,BRONX,10452.0,"    (40.843822, -73.916565)",0.0,0.0,0,0,0,0,0,0,Sedan,Sedan,0
20761976,4760695,09/17/2024,00:00,eaacf23f-4084-4cdb-97ab-0a9a5b1401dd,Sedan,LEXS -CAR/SUV,,0.0,M,Licensed,Parked,Left Front Quarter Panel,Left Front Quarter Panel,Left Side Doors,Left Rear Quarter Panel,Left Front Bumper,N,,Unspecified,Unspecified,QUEENS,11369.0,"    (40.766552, -73.870155)",0.0,0.0,0,0,0,0,0,0,Sedan,Sedan,0
20676179,4736400,06/28/2024,13:20,95f063ed-4927-459d-885a-472cbbdcfc51,Pick-up Truck,Peterbuilt,2024.0,1.0,M,Licensed,Going Straight Ahead,Right Front Bumper,Right Front Bumper,,,,N,,Unspecified,Unspecified,,,"    (40.71576, -73.74655)",1.0,0.0,0,0,0,0,1,0,Pick-up Truck,Sedan,1
20693450,4744411,07/31/2024,15:50,4cf8e3db-4274-4347-bd1f-7b0cff7d18b9,Sedan,AUDI -CAR/SUV,2024.0,1.0,M,Licensed,Going Straight Ahead,Center Front End,Center Front End,,,,N,,Unspecified,Unspecified,,,,0.0,0.0,0,0,0,0,0,0,Sedan,Station Wagon/Sport Utility Vehicle,0
20744650,4750445,08/22/2024,10:54,788f2daf-4618-4b23-a763-d95ce67a6d27,Sedan,HOND -CAR/SUV,2022.0,1.0,M,Licensed,Going Straight Ahead,Left Rear Quarter Panel,Left Rear Quarter Panel,Left Side Doors,Left Rear Bumper,Left Rear Bumper,N,,Driver Inattention/Distraction,Driver Inattention/Distraction,BROOKLYN,11236.0,"    (40.633186, -73.89945)",0.0,0.0,0,0,0,0,0,0,Sedan,Station Wagon/Sport Utility Vehicle,0
20580531,4693081,01/05/2024,05:22,1f045678-1ed2-4700-b076-303fef3084a6,Bus,CHEV-TRUCK/BUS,2017.0,2.0,F,Licensed,Going Straight Ahead,Right Front Bumper,Right Front Bumper,Center Front End,Right Front Bumper,Right Front Bumper,N,,Unspecified,Unspecified,,,"    (40.681515, -73.90412)",0.0,0.0,0,0,0,0,0,0,Bus,Sedan,0
20808610,4781384,12/24/2024,05:09,7f0624d3-935b-4c54-91d1-6432975e5d2d,Sedan,BMW -CAR/SUV,2020.0,2.0,M,Licensed,Going Straight Ahead,Center Front End,Center Front End,,,,N,,Unspecified,Unspecified,BRONX,10462.0,"    (40.85095, -73.866806)",5.0,0.0,0,0,0,0,5,0,Station Wagon/Sport Utility Vehicle,Sedan,1
20586972,4695811,01/11/2024,20:00,febf1df8-f381-4b08-bfe7-18118ddf4fbe,Station Wagon/Sport Utility Vehicle,INFI -CAR/SUV,2019.0,0.0,,,Parked,Center Front End,Center Front End,Right Front Bumper,Left Front Bumper,Left Front Quarter Panel,N,,Unspecified,Unspecified,BRONX,10467.0,"    (40.87977, -73.86729)",0.0,0.0,0,0,0,0,0,0,Station Wagon/Sport Utility Vehicle,,0
20767432,4764490,10/18/2024,12:30,1876c904-4a78-4e56-8b45-d147c6578e6d,Sedan,HYUN -CAR/SUV,2010.0,1.0,M,Licensed,Going Straight Ahead,Center Front End,Center Front End,Left Front Bumper,Right Front Bumper,,N,,Unspecified,Unspecified,,,"    (40.672886, -73.99922)",0.0,0.0,0,0,0,0,0,0,Sedan,Station Wagon/Sport Utility Vehicle,0
20768384,4764951,10/16/2024,13:25,f75787e7-b614-4ebd-992f-2e8367da3b07,Sedan,BMW -CAR/SUV,2018.0,2.0,M,Licensed,Going Straight Ahead,Center Back End,Center Back End,,,,N,,Other Vehicular,Unspecified,QUEENS,11420.0,"    (40.66612, -73.82225)",0.0,0.0,0,0,0,0,0,0,Sedan,Sedan,0
20781550,4770690,11/12/2024,06:50,a09d7037-1958-491f-a6e4-0738a5f02c62,Station Wagon/Sport Utility Vehicle,NISS -CAR/SUV,2025.0,1.0,F,Licensed,Going Straight Ahead,Right Side Doors,Right Side Doors,No Damage,No Damage,No Damage,N,,Unspecified,Unspecified,BROOKLYN,11208.0,"    (40.675392, -73.88112)",1.0,0.0,0,0,0,0,0,0,Station Wagon/Sport Utility Vehicle,E-Scooter,1
20663956,4730923,06/03/2024,23:56,c08144e5-eed5-4492-b572-6a80b88bea2f,Motorcycle,HD -MCL,2015.0,1.0,M,Licensed,Going Straight Ahead,Left Front Bumper,Left Front Bumper,,,,N,,Unspecified,Unspecified,MANHATTAN,10018.0,"    (40.754745, -73.9879)",0.0,0.0,0,0,0,0,0,0,Motorcycle,Taxi,0
20635570,4718143,04/17/2024,13:24,59c4a334-db18-4b22-9d02-e6ef5841bed5,Sedan,LEXS -CAR/SUV,2008.0,1.0,F,Licensed,Going Straight Ahead,Right Side Doors,Right Front Bumper,Right Front Quarter Panel,Left Front Bumper,,N,,Unspecified,Unspecified,,,,2.0,0.0,0,0,0,0,2,0,Sedan,Sedan,1
20603754,4703499,02/18/2024,18:45,954af186-2037-49ad-828a-5082030671c0,Sedan,HOND -CAR/SUV,2017.0,1.0,M,Licensed,Entering Parked Position,Center Front End,Center Front End,Right Front Bumper,No Damage,No Damage,N,,Driver Inattention/Distraction,Driver Inexperience,QUEENS,11372.0,"    (40.748432, -73.89263)",1.0,0.0,0,0,0,0,1,0,Sedan,Sedan,1
20716027,4754588,09/03/2024,00:54,1c3bb1e5-d95b-41ab-9c8e-b7bac30439fc,Taxi,CHEV -CAR/SUV,2022.0,1.0,,,Going Straight Ahead,Left Front Quarter Panel,Center Front End,No Damage,No Damage,No Damage,N,,Other Vehicular,Unspecified,MANHATTAN,10003.0,,0.0,0.0,0,0,0,0,0,0,Taxi,Sedan,0
20592678,4698425,01/28/2024,21:17,fb384361-0f5f-4f61-9048-56df3b14d6fd,Sedan,HYUN -CAR/SUV,2015.0,1.0,F,Licensed,Making Left Turn,Center Front End,Center Front End,,,,N,,Driver Inattention/Distraction,Unspecified,,,"    (40.726444, -73.76579)",0.0,0.0,0,0,0,0,0,0,Station Wagon/Sport Utility Vehicle,Sedan,0
20627295,4714177,03/31/2024,21:00,43f07850-e7fc-4dd2-be87-33c8044e2b89,Sedan,Unknown,,,,,Going Straight Ahead,Left Front Bumper,No Damage,No Damage,No Damage,No Damage,N,,Unsafe Speed,Unspecified,MANHATTAN,10035.0,"    (40.805737, -73.94065)",0.0,0.0,0,0,0,0,0,0,Sedan,,0
20796859,4777935,12/09/2024,12:20,3fce855a-4637-4e9e-876b-28aaf90b66b2,Sedan,TOYT -CAR/SUV,2005.0,2.0,F,Licensed,Going Straight Ahead,Center Front End,Center Front End,Left Front Bumper,Right Front Bumper,,N,,Pavement Slippery,Steering Failure,,,"    (40.645256, -73.874954)",1.0,0.0,0,0,0,0,1,0,Sedan,,1
20679904,4738162,07/04/2024,15:05,de8f494f-0c90-4a5c-ac91-0c96fed7320e,Sedan,NISS -CAR/SUV,2015.0,2.0,M,Licensed,Going Straight Ahead,Right Front Quarter Panel,Right Side Doors,Right Front Bumper,Right Side Doors,Right Front Bumper,N,,Other Vehicular,Other Vehicular,QUEENS,11693.0,"    (40.586376, -73.81563)",1.0,0.0,0,0,0,0,1,0,Station Wagon/Sport Utility Vehicle,Sedan,1
20771865,4766612,10/21/2024,10:31,dff67078-43b5-4db4-adb8-8314ff0dc7c7,Sedan,TOYT -CAR/SUV,2006.0,2.0,M,Licensed,Going Straight Ahead,No Damage,No Damage,No Damage,No Damage,No Damage,N,,Driver Inattention/Distraction,Unspecified,MANHATTAN,10027.0,"    (40.810093, -73.95309)",1.0,0.0,0,0,1,0,0,0,Sedan,Bike,1
20787516,4773737,11/19/2024,21:45,53e15990-718d-4482-9a58-faf8b358a89b,Station Wagon/Sport Utility Vehicle,LEXS -CAR/SUV,2017.0,1.0,F,Licensed,Stopped in Traffic,Center Back End,Center Back End,,,,N,,Unspecified,Unspecified,BRONX,10466.0,"    (40.894314, -73.86026)",1.0,0.0,0,0,0,0,1,0,Station Wagon/Sport Utility Vehicle,Station Wagon/Sport Utility Vehicle,1
20713735,4753691,08/30/2024,10:38,bac681dd-858d-48fd-b69c-ff6b7452dba8,Station Wagon/Sport Utility Vehicle,TESL -CAR/SUV,2023.0,3.0,M,Licensed,Going Straight Ahead,Center Back End,Center Back End,Right Rear Bumper,Left Rear Bumper,,N,,Unspecified,Unspecified,,,"    (40.840496, -73.94599)",0.0,0.0,0,0,0,0,0,0,Station Wagon/Sport Utility Vehicle,Sedan,0
20792873,4776321,12/02/2024,20:20,b0ee2f3c-756d-4a12-b5af-247ceaec588b,Sedan,HOND -CAR/SUV,2015.0,0.0,,,Parked,Center Front End,Center Front End,,,,N,,Unspecified,Unspecified,QUEENS,11420.0,"    (40.673855, -73.807236)",0.0,0.0,0,0,0,0,0,0,Sedan,,0
20807468,4783151,12/07/2024,05:15,d911cf93-2235-43a9-9261-644b65ebc06c,Dump,MACK-TRUCK/BUS,2018.0,1.0,M,Licensed,Making Left Turn,Left Front Bumper,Left Front Bumper,Left Front Bumper,Left Front Bumper,,Y,,Alcohol Involvement,Alcohol Involvement,MANHATTAN,10014.0,"    (40.728603, -74.00532)",0.0,0.0,0,0,0,0,0,0,Dump,,0
20585355,4693581,01/04/2024,15:45,abddde17-6f78-4cd5-904a-92df0f23fd85,Sedan,NISS -CAR/SUV,2009.0,1.0,F,Licensed,Going Straight Ahead,Center Front End,Center Front End,Left Front Bumper,Right Front Bumper,,N,,Unspecified,Unspecified,,,"    (40.90347, -73.88628)",2.0,0.0,0,0,0,0,2,0,Station Wagon/Sport Utility Vehicle,Station Wagon/Sport Utility Vehicle,1
20608404,4705507,02/27/2024,09:16,de4f0feb-77c5-4d7e-b7e8-300d040f0f6f,Tractor Truck Diesel,FRHT-TRUCK/BUS,2003.0,1.0,M,Licensed,Making Left Turn,Right Front Bumper,Right Front Bumper,,,,N,,Pavement Slippery,Driver Inattention/Distraction,BROOKLYN,11237.0,"    (40.713238, -73.92949)",0.0,0.0,0,0,0,0,0,0,Sedan,Tractor Truck Diesel,0
20586248,4695515,01/14/2024,11:45,e4d290dc-d9ef-4664-bd81-eae878a1187b,Station Wagon/Sport Utility Vehicle,CHEV -CAR/SUV,2006.0,1.0,,,Passing,Right Front Quarter Panel,Right Front Quarter Panel,Right Front Bumper,,,N,,Passing or Lane Usage Improper,Aggressive Driving/Road Rage,,,"    (40.646717, -73.99789)",0.0,0.0,0,0,0,0,0,0,Station Wagon/Sport Utility Vehicle,Station Wagon/Sport Utility Vehicle,0
20599963,4701745,02/08/2024,13:55,0fd4a450-6c6a-43cb-b067-9c99a2ab5cad,Station Wagon/Sport Utility Vehicle,FORD -CAR/SUV,2022.0,1.0,M,Licensed,Going Straight Ahead,Left Rear Quarter Panel,Left Rear Quarter Panel,,,,N,,Unspecified,Unspecified,QUEENS,11419.0,"    (40.689445, -73.808716)",0.0,0.0,0,0,0,0,0,0,Sedan,Station Wagon/Sport Utility Vehicle,0
20804192,4781567,12/26/2024,08:45,d89bb2bf-f623-4cc6-ad90-84452c9e60af,Sedan,HOND -CAR/SUV,2002.0,1.0,F,Licensed,Going Straight Ahead,Center Front End,Center Front End,Left Front Bumper,Right Front Bumper,,N,,Glare,Unspecified,BROOKLYN,11220.0,"    (40.64353, -73.998405)",0.0,0.0,0,0,0,0,0,0,Sedan,Sedan,0
20788752,4774286,11/25/2024,18:05,ce90f780-b54d-45b7-be3e-7122aab6e8e3,Station Wagon/Sport Utility Vehicle,VOLK -CAR/SUV,2018.0,2.0,M,Licensed,Going Straight Ahead,Right Front Quarter Panel,Right Front Quarter Panel,No Damage,No Damage,No Damage,N,,Unspecified,Unspecified,BROOKLYN,11234.0,"    (40.632492, -73.93414)",0.0,0.0,0,0,0,0,0,0,Station Wagon/Sport Utility Vehicle,Sedan,0
20802800,4780902,12/22/2024,04:54,afff5b8d-ab6c-473f-95ec-63ceb5afd364,Sedan,MERZ -CAR/SUV,,1.0,,,Going Straight Ahead,Center Front End,Center Front End,No Damage,No Damage,No Damage,N,,Driver Inattention/Distraction,Unsafe Speed,,,"    (40.737553, -73.85089)",1.0,0.0,0,0,0,0,1,0,Sedan,Sedan,1
20759411,4760554,09/26/2024,07:22,35aca911-5d71-4b0c-a8c7-acc39a125c85,Sedan,TOYT -CAR/SUV,2011.0,0.0,,,Parked,Left Rear Bumper,Left Rear Bumper,,,,N,,Unspecified,Unspecified,BROOKLYN,11206.0,"    (40.703854, -73.94149)",0.0,0.0,0,0,0,0,0,0,Sedan,Sedan,0
20653667,4724653,05/15/2024,00:50,0362c3fa-efbd-485c-8e1e-90c4f378f815,Moped,ukn,,1.0,M,Unlicensed,Going Straight Ahead,Center Front End,Center Front End,,,,N,,Pavement Slippery,Unsafe Speed,QUEENS,11426.0,"    (40.724884, -73.726006)",1.0,0.0,0,0,0,0,1,0,Sedan,Bike,1
20777608,4769286,11/01/2024,13:31,8ad75a7b-82d9-47f3-ab73-891419355757,,RAM PICK UP,2016.0,1.0,M,Licensed,Making Right Turn,Right Front Bumper,Right Front Bumper,,,,N,,Following Too Closely,Following Too Closely,MANHATTAN,10032.0,"    (40.84622, -73.94356)",1.0,0.0,0,0,0,0,1,0,Station Wagon/Sport Utility Vehicle,,1
20736966,4739933,06/03/2024,19:08,1521f742-4810-4f77-8378-542299c24005,Sedan,TOYT -CAR/SUV,2007.0,2.0,M,Licensed,Making Left Turn,No Damage,No Damage,No Damage,No Damage,No Damage,N,,Unspecified,Unspecified,MANHATTAN,10016.0,"    (40.748302, -73.97835)",1.0,0.0,1,0,0,0,0,0,Sedan,,1
20775600,4768346,11/02/2024,22:42,3e84fdd3-94d7-4fea-bf62-a37b638fc5fc,Station Wagon/Sport Utility Vehicle,TOYT -CAR/SUV,,1.0,U,,Going Straight Ahead,Center Front End,Center Front End,No Damage,No Damage,No Damage,N,,Driver Inattention/Distraction,Unsafe Speed,MANHATTAN,10032.0,"    (40.83089, -73.94137)",0.0,1.0,0,0,0,1,0,0,Station Wagon/Sport Utility Vehicle,E-Bike,2
20701833,4747976,08/14/2024,13:50,8c1a98bb-5823-42c1-b2b6-cf2eb14ced5b,Station Wagon/Sport Utility Vehicle,TOYT -CAR/SUV,,0.0,,,Parked,Left Side Doors,No Damage,No Damage,No Damage,No Damage,N,,Unspecified,Unspecified,,,,0.0,0.0,0,0,0,0,0,0,Station Wagon/Sport Utility Vehicle,Station Wagon/Sport Utility Vehicle,0
20610801,4706786,03/02/2024,16:10,71d0637a-6c11-441c-ae88-2d38468d6fab,Station Wagon/Sport Utility Vehicle,LEXS -CAR/SUV,2007.0,1.0,M,Licensed,Parked,Left Side Doors,Left Side Doors,,,,N,,Unspecified,Unspecified,,,"    (40.704185, -73.78599)",0.0,0.0,0,0,0,0,0,0,Station Wagon/Sport Utility Vehicle,Pick-up Truck,0
20687158,4741296,07/16/2024,19:45,d74562c3-74ad-4d51-ac17-b412e27f6187,Station Wagon/Sport Utility Vehicle,HOND -CAR/SUV,2008.0,1.0,M,Licensed,Going Straight Ahead,Right Front Bumper,Right Front Bumper,Right Front Bumper,Right Front Bumper,Right Front Bumper,N,,Unspecified,Unspecified,BRONX,10472.0,"    (40.830868, -73.85897)",0.0,0.0,0,0,0,0,0,0,Station Wagon/Sport Utility Vehicle,Pick-up Truck,0
20786858,4773492,11/20/2024,23:08,8780ab7c-0b50-4f29-a759-100ff222f1f7,Ambulance,Ford,2022.0,2.0,M,Licensed,Making Left Turn,Left Rear Quarter Panel,Left Rear Quarter Panel,No Damage,No Damage,No Damage,N,,Driver Inattention/Distraction,Unspecified,MANHATTAN,10016.0,"    (40.742256, -73.977684)",0.0,0.0,0,0,0,0,0,0,Ambulance,Taxi,0
20739129,4752872,08/28/2024,16:40,dde48d11-9251-43bf-a22a-9eef0bdc8b2b,Station Wagon/Sport Utility Vehicle,TOYT -CAR/SUV,2023.0,2.0,M,Licensed,Going Straight Ahead,Left Front Bumper,Left Front Bumper,Left Front Quarter Panel,Center Front End,,N,,Unspecified,Unspecified,STATEN ISLAND,10309.0,"    (40.533478, -74.22476)",2.0,0.0,0,0,0,0,2,0,Station Wagon/Sport Utility Vehicle,Station Wagon/Sport Utility Vehicle,1
20603102,4703218,02/17/2024,17:00,b389ec15-a9b8-4a9c-b464-aee3d11fc9c2,Station Wagon/Sport Utility Vehicle,INFI -CAR/SUV,2004.0,,,,Backing,Center Back End,Center Back End,,,,N,,Unspecified,Unspecified,BROOKLYN,11220.0,"    (40.641586, -74.00321)",0.0,0.0,0,0,0,0,0,0,Sedan,Station Wagon/Sport Utility Vehicle,0
20598212,4701036,02/07/2024,14:45,19520576-20e0-4205-8b48-66120e6492a7,Sedan,HOND -CAR/SUV,,0.0,,,Parked,Left Rear Quarter Panel,Left Rear Quarter Panel,Left Rear Bumper,Center Front End,Left Front Bumper,N,,Unspecified,Unspecified,QUEENS,11433.0,"    (40.695858, -73.80054)",0.0,0.0,0,0,0,0,0,0,Sedan,Sedan,0
20760436,4761344,09/24/2024,20:24,5e6b4ddf-5fc0-41fe-8abc-9cf9686ff330,Sedan,TESL -CAR/SUV,2022.0,0.0,,,Parked,Left Rear Quarter Panel,Left Rear Quarter Panel,Left Rear Quarter Panel,Left Rear Quarter Panel,Left Rear Quarter Panel,N,,Unspecified,Unspecified,BROOKLYN,11223.0,"    (40.60635, -73.96181)",0.0,0.0,0,0,0,0,0,0,Sedan,,0
20711089,4752252,08/31/2024,22:00,e0ae30d9-e856-48a9-b6e7-10e636d7c407,Sedan,HOND -CAR/SUV,2017.0,0.0,,,Parked,Right Front Bumper,Right Front Bumper,,,,N,,Unspecified,Unspecified,,,,0.0,0.0,0,0,0,0,0,0,Sedan,,0
20789894,4768222,11/01/2024,23:57,72586b51-ec0c-4d9b-b9cc-178d91531cf3,Sedan,LEXS -CAR/SUV,2004.0,1.0,M,,Going Straight Ahead,Center Front End,Center Front End,Right Front Bumper,Demolished,Demolished,N,,Unsafe Speed,Unspecified,BROOKLYN,11224.0,"    (40.578236, -73.99156)",1.0,0.0,0,0,0,0,1,0,Sedan,,1
20662664,4730247,06/04/2024,09:46,0e000d98-9936-4e90-a0a4-b6e60e9500e6,Station Wagon/Sport Utility Vehicle,TOYT -CAR/SUV,2002.0,0.0,,,Parked,Left Front Bumper,Left Front Quarter Panel,,,,N,,Unspecified,Unspecified,BROOKLYN,11226.0,"    (40.649563, -73.96093)",3.0,0.0,0,0,0,0,3,0,Sedan,Van,1
20791639,4774055,11/25/2024,09:45,ca702567-6b84-444d-b2dc-126953829cbe,Station Wagon/Sport Utility Vehicle,HYUN -CAR/SUV,2025.0,1.0,F,Licensed,Going Straight Ahead,Center Back End,Center Back End,,,,N,,Unspecified,Unspecified,,,"    (40.638695, -73.87859)",0.0,0.0,0,0,0,0,0,0,Station Wagon/Sport Utility Vehicle,Station Wagon/Sport Utility Vehicle,0
20577460,4691882,01/01/2024,04:10,9cf8b88d-bb04-41cf-87af-7d03ae05a2e0,Sedan,TOYT -CAR/SUV,2006.0,1.0,M,Permit,Going Straight Ahead,Center Front End,Center Front End,Right Front Bumper,Right Front Bumper,Center Back End,N,,Unsafe Speed,Unsafe Speed,,,"    (40.553833, -74.214584)",1.0,0.0,0,0,0,0,1,0,Sedan,,1
20805586,4782290,12/25/2024,16:15,ca9290b0-6a9b-4d63-acf0-3e37d9158769,Station Wagon/Sport Utility Vehicle,VOLK -CAR/SUV,2019.0,4.0,M,Licensed,Going Straight Ahead,Center Back End,Center Back End,Left Rear Bumper,Right Rear Bumper,,N,,View Obstructed/Limited,Other Vehicular,,,"    (40.65907, -73.98597)",3.0,0.0,0,0,0,0,3,0,Sedan,Station Wagon/Sport Utility Vehicle,1
20642352,4720982,04/29/2024,07:09,19ec7d5f-2a50-42e3-8ce1-0e96d83bbe47,Sedan,HOND -CAR/SUV,2018.0,1.0,F,Licensed,Merging,Center Front End,Center Front End,,,,N,,Failure to Yield Right-of-Way,Driver Inattention/Distraction,BRONX,10472.0,"    (40.828384, -73.87431)",1.0,0.0,0,0,0,0,1,0,Sedan,Sedan,1
20615957,4709112,03/12/2024,15:28,4de37c74-09dc-43f4-b96c-8810fefbf585,Station Wagon/Sport Utility Vehicle,TOYT -CAR/SUV,2022.0,1.0,,,Passing,Left Front Bumper,Left Front Bumper,,,,N,,Passing or Lane Usage Improper,Passing Too Closely,,,"    (40.623672, -73.8956)",0.0,0.0,0,0,0,0,0,0,Station Wagon/Sport Utility Vehicle,Station Wagon/Sport Utility Vehicle,0
20677892,4737020,07/01/2024,06:15,91d35458-f8f2-4a88-8ba8-467fb36b3964,Station Wagon/Sport Utility Vehicle,HOND -CAR/SUV,2017.0,1.0,M,Licensed,Making Left Turn,Center Front End,Center Front End,Left Front Bumper,Right Front Bumper,,N,,Driver Inattention/Distraction,Unspecified,QUEENS,11385.0,"    (40.700653, -73.89628)",0.0,0.0,0,0,0,0,0,0,Station Wagon/Sport Utility Vehicle,Station Wagon/Sport Utility Vehicle,0
20766838,4764273,10/18/2024,01:40,b34af785-48cf-4381-a31c-66d700ecbda8,Station Wagon/Sport Utility Vehicle,MITS -CAR/SUV,2018.0,1.0,M,Licensed,Going Straight Ahead,Left Front Bumper,Center Front End,Right Front Bumper,No Damage,No Damage,N,,Unsafe Speed,Reaction to Uninvolved Vehicle,,,"    (40.70904, -73.84146)",2.0,0.0,0,0,0,0,2,0,Station Wagon/Sport Utility Vehicle,Station Wagon/Sport Utility Vehicle,1
20584673,4694869,01/13/2024,12:45,cf1aeaac-fd5a-48c6-affb-eb17174fa1fd,Station Wagon/Sport Utility Vehicle,NISS -CAR/SUV,2018.0,1.0,M,Licensed,Going Straight Ahead,Left Front Quarter Panel,Left Front Quarter Panel,Center Front End,Left Front Bumper,Left Side Doors,N,,Unsafe Speed,Unspecified,STATEN ISLAND,10312.0,"    (40.559902, -74.17478)",1.0,0.0,0,0,0,0,1,0,Station Wagon/Sport Utility Vehicle,Sedan,1
20622055,4711885,03/20/2024,09:30,0bddc9ed-4bb2-4314-b862-8f1eedb01a13,,INTL-TRUCK/BUS,1986.0,0.0,,,Going Straight Ahead,No Damage,No Damage,No Damage,No Damage,No Damage,N,,Unspecified,Unspecified,BROOKLYN,11210.0,"    (40.62573, -73.9564)",0.0,0.0,0,0,0,0,0,0,Sedan,,0
20674578,4735987,06/26/2024,13:45,b7c77363-5420-4d08-9079-364a364a3421,Station Wagon/Sport Utility Vehicle,FORD -CAR/SUV,2023.0,2.0,M,Licensed,Going Straight Ahead,Right Rear Quarter Panel,Right Rear Quarter Panel,No Damage,No Damage,No Damage,N,,Passing or Lane Usage Improper,Passing Too Closely,MANHATTAN,10029.0,"    (40.786377, -73.95003)",0.0,0.0,0,0,0,0,0,0,Station Wagon/Sport Utility Vehicle,Sedan,0
20950030,4752748,09/02/2024,20:13,a079f5d0-fee3-4359-910f-91d4f546fa97,Sedan,HOND -CAR/SUV,2010.0,1.0,F,Licensed,Going Straight Ahead,Center Front End,Center Front End,Undercarriage,,,N,,Unspecified,Unspecified,,,"    (40.84205, -73.83791)",0.0,1.0,0,1,0,0,0,0,Sedan,Sedan,2
20773781,4755943,09/08/2024,04:12,1d9ae846-dba0-46c9-9df8-465a74a581ea,Taxi,FORD -CAR/SUV,2023.0,1.0,M,Licensed,Making Left Turn,Left Front Quarter Panel,Left Front Quarter Panel,No Damage,No Damage,No Damage,N,,Unspecified,Unspecified,,,,1.0,0.0,0,0,0,0,1,0,Taxi,Station Wagon/Sport Utility Vehicle,1
20780412,4770588,11/07/2024,17:50,a56d9812-4948-44f7-9aa5-e5a437496d64,Station Wagon/Sport Utility Vehicle,TOYT -CAR/SUV,2018.0,1.0,M,Licensed,Going Straight Ahead,Left Front Bumper,Left Front Bumper,Center Front End,Center Front End,Left Front Bumper,N,,Unspecified,Unspecified,MANHATTAN,10027.0,"    (40.810764, -73.95259)",1.0,0.0,1,0,0,0,0,0,Station Wagon/Sport Utility Vehicle,,1
20645356,4722277,05/03/2024,19:40,b5bec9b8-80ba-40e2-aba9-776ef91d5fa0,Sedan,FORD -CAR/SUV,2018.0,1.0,M,Licensed,Parked,Left Rear Bumper,Left Rear Bumper,Left Rear Bumper,Left Rear Quarter Panel,Left Rear Bumper,N,,Unspecified,Unspecified,BRONX,10455.0,"    (40.820545, -73.91452)",0.0,0.0,0,0,0,0,0,0,Sedan,Bus,0
20630161,4715448,04/07/2024,20:56,90eb43ff-42f9-4bcd-9a21-31acc042b1e5,Station Wagon/Sport Utility Vehicle,SUBA -CAR/SUV,2002.0,1.0,M,Licensed,Other*,Left Front Bumper,Right Front Quarter Panel,,,,N,,Failure to Yield Right-of-Way,Unspecified,QUEENS,11361.0,"    (40.761436, -73.76995)",0.0,0.0,0,0,0,0,0,0,Station Wagon/Sport Utility Vehicle,Station Wagon/Sport Utility Vehicle,0
20672624,4734886,06/20/2024,08:30,5bb53e05-cc18-4451-8b7d-1fda7f564e03,Sedan,HYUN -CAR/SUV,2015.0,0.0,,,Parked,Left Front Quarter Panel,No Damage,No Damage,No Damage,No Damage,N,,Unspecified,Unspecified,BROOKLYN,11233.0,"    (40.667465, -73.9247)",0.0,0.0,0,0,0,0,0,0,Bus,Sedan,0
20619434,4710726,03/12/2024,17:27,a1d1e671-8975-49b3-9586-2b91514abf0e,Station Wagon/Sport Utility Vehicle,HOND -CAR/SUV,2012.0,0.0,M,Licensed,Parked,Left Rear Quarter Panel,Left Rear Quarter Panel,No Damage,No Damage,No Damage,N,,Unspecified,Unspecified,BROOKLYN,11229.0,"    (40.602116, -73.94512)",0.0,0.0,0,0,0,0,0,0,Box Truck,Station Wagon/Sport Utility Vehicle,0
20784091,4771852,11/16/2024,20:33,064c515c-5169-445f-bd49-74424fcfd317,Sedan,NISS -CAR/SUV,2017.0,2.0,M,,Police Pursuit,Demolished,Demolished,Demolished,Demolished,Demolished,N,,Unsafe Speed,Unsafe Lane Changing,,,"    (40.775986, -73.78461)",1.0,0.0,0,0,0,0,1,0,Sedan,,1
20658956,4722085,05/05/2024,15:18,2d0e7fc7-eca6-488a-9076-480b2fecdde9,Sedan,FORD -CAR/SUV,2018.0,2.0,M,Licensed,Parked,Right Side Doors,Right Side Doors,Right Side Doors,Right Side Doors,Right Side Doors,N,,Unspecified,Unspecified,MANHATTAN,10036.0,"    (40.761314, -73.991516)",0.0,0.0,0,0,0,0,0,0,Sedan,Sedan,0
20648605,4723942,05/09/2024,18:40,8c02bd4d-ef81-47af-a336-81786559c2e7,Sedan,TOYT -CAR/SUV,2012.0,1.0,M,Licensed,Going Straight Ahead,Center Front End,Center Front End,Left Front Bumper,Right Front Bumper,Center Back End,Unspecified,,Following Too Closely,Unspecified,,,,0.0,0.0,0,0,0,0,0,0,subn,Sedan,0