UNIQUE_ID,COLLISION_ID,CRASH_DATE,CRASH_TIME,VEHICLE_ID,VEHICLE_TYPE,VEHICLE_MAKE,VEHICLE_YEAR,VEHICLE_OCCUPANTS,DRIVER_SEX,DRIVER_LICENSE_STATUS,PRE_CRASH,POINT_OF_IMPACT,VEHICLE_DAMAGE,VEHICLE_DAMAGE_1,VEHICLE_DAMAGE_2,VEHICLE_DAMAGE_3,PUBLIC_PROPERTY_DAMAGE,PUBLIC_PROPERTY_DAMAGE_TYPE,CONTRIBUTING_FACTOR_1,CONTRIBUTING_FACTOR_2,BOROUGH,ZIP CODE,LOCATION,NUMBER OF PERSONS INJURED,NUMBER OF PERSONS KILLED,NUMBER OF PEDESTRIANS INJURED,NUMBER OF PEDESTRIANS KILLED,NUMBER OF CYCLIST INJURED,NUMBER OF CYCLIST KILLED,NUMBER OF MOTORIST INJURED,NUMBER OF MOTORIST KILLED,VEHICLE TYPE CODE 1,VEHICLE TYPE CODE 2,Severity
20669085,4733315,06/17/2024,00:11,956fadb1-4093-48d1-8343-4fa6b0654d82,Sedan,TOYT -CAR/SUV,2007.0,1.0,F,Licensed,Going Straight Ahead,Left Front Quarter Panel,Left Front Bumper,Left Front Quarter Panel,Left Front Bumper,No Damage,N,,Unspecified,Unspecified,,,"    (40.647762, -73.97466)",0.0,0.0,0,0,0,0,0,0,Sedan,Sedan,0
20741353,4757340,09/14/2024,20:15,39c217a2-4d29-4702-8904-5cef68783044,Sedan,TESL -CAR/SUV,2020.0,1.0,F,Licensed,Going Straight Ahead,Center Front End,Center Front End,Center Front End,No Damage,No Damage,N,,Brakes Defective,Unspecified,BRONX,10457.0,"    (40.838196, -73.901184)",1.0,0.0,0,0,0,0,1,0,Sedan,Station Wagon/Sport Utility Vehicle,1
20781042,4770824,11/06/2024,20:00,8c40b5d1-e9d2-4a71-a5ff-976fd5176eca,Sedan,MITS -CAR/SUV,2008.0,0.0,,,Parked,Left Rear Bumper,Left Rear Bumper,No Damage,No Damage,No Damage,N,,Unspecified,Unspecified,BRONX,10457.0,"    (40.852215, -73.892876)",0.0,0.0,0,0,0,0,0,0,Sedan,Sedan,0
20752094,4758854,09/21/2024,13:49,1170d3aa-2157-4251-b2b0-6abc9f8a8610,Station Wagon/Sport Utility Vehicle,HOND -CAR/SUV,2018.0,1.0,M,Licensed,Going Straight Ahead,Left Front Bumper,Left Front Bumper,,,,N,,Lost Consciousness,Unspecified,BRONX,10455.0,"    (40.808437, -73.904724)",3.0,0.0,0,0,0,0,3,0,Station Wagon/Sport Utility Vehicle,Station Wagon/Sport Utility Vehicle,1
20660810,4729507,05/31/2024,23:40,9b2e341a-bd71-47ba-838a-12827e0a5a92,Taxi,TOYT -CAR/SUV,2022.0,1.0,M,Licensed,Going Straight Ahead,Right Front Quarter Panel,Right Front Quarter Panel,Right Rear Quarter Panel,,,N,,Unspecified,Unspecified,,,"    (40.727207, -73.90742)",3.0,0.0,0,0,0,0,3,0,Taxi,Taxi,1
20768256,4765034,10/21/2024,01:04,0d90722e-1214-4549-9f97-97afce9896a3,Station Wagon/Sport Utility Vehicle,HOND -CAR/SUV,2007.0,1.0,,,Going Straight Ahead,Right Side Doors,Right Side Doors,Right Side Doors,Right Side Doors,Right Side Doors,Unspecified,,Driver Inattention/Distraction,Driver Inattention/Distraction,BROOKLYN,11218.0,"    (40.646378, -73.97085)",0.0,0.0,0,0,0,0,0,0,Station Wagon/Sport Utility Vehicle,Station Wagon/Sport Utility Vehicle,0
20632464,4716524,04/11/2024,20:29,5746fb1c-6bd7-4c48-ba42-7edc5254732f,Sedan,HOND -CAR/SUV,2000.0,1.0,M,Licensed,Merging,Left Front Quarter Panel,Left Front Quarter Panel,,,,N,,Driver Inattention/Distraction,Driver Inattention/Distraction,,,,0.0,0.0,0,0,0,0,0,0,Station Wagon/Sport Utility Vehicle,Sedan,0
20672626,4734820,06/15/2024,21:41,0e5e8c8d-77e5-4d16-a1c7-9e6487649db4,Station Wagon/Sport Utility Vehicle,MAZD -CAR/SUV,2024.0,0.0,,,Parked,Center Back End,Center Back End,,,,N,,Unspecified,Unspecified,BRONX,10461.0,"    (40.848186, -73.8466)",1.0,0.0,0,0,0,0,1,0,Station Wagon/Sport Utility Vehicle,Sedan,1
20737577,4747002,08/03/2024,12:30,cf2d8af9-96a1-4209-850d-480e99f750b1,Sedan,NISS -CAR/SUV,2020.0,1.0,M,Licensed,Slowing or Stopping,Center Front End,Right Side Doors,Right Rear Quarter Panel,,,N,,Unspecified,Unspecified,MANHATTAN,10032.0,"    (40.833008, -73.94042)",0.0,0.0,0,0,0,0,0,0,Sedan,Sedan,0
20661166,4729662,05/30/2024,09:49,de59e6bf-191b-4118-a69b-83761be18ac2,Sedan,ACUR -CAR/SUV,2009.0,1.0,M,Licensed,Going Straight Ahead,Center Front End,Center Front End,,,,Unspecified,,Aggressive Driving/Road Rage,Aggressive Driving/Road Rage,,,"    (40.696213, -73.97528)",2.0,0.0,0,0,0,0,2,0,Box Truck,Sedan,1
20625451,4713353,03/27/2024,17:00,f86749ea-da3d-4c0e-a1eb-db92853feaa2,Station Wagon/Sport Utility Vehicle,NISS -CAR/SUV,2021.0,1.0,F,Licensed,Stopped in Traffic,Center Back End,Center Back End,Left Rear Bumper,Right Rear Bumper,,N,,Unspecified,Unspecified,BRONX,10467.0,"    (40.887444, -73.878006)",0.0,0.0,0,0,0,0,0,0,Station Wagon/Sport Utility Vehicle,Sedan,0
20781118,4770978,10/24/2024,18:14,138b726b-2056-45dd-8571-c7670b37750a,Sedan,FORD -CAR/SUV,,2.0,,,Going Straight Ahead,Center Front End,Center Front End,No Damage,No Damage,,N,,Driver Inattention/Distraction,Unspecified,,,"    (40.82054, -73.930786)",2.0,0.0,0,0,0,0,2,0,Sedan,Sedan,1
20800668,4780099,12/15/2024,14:22,78543944-f0ea-44c3-a677-63982bd323fc,Station Wagon/Sport Utility Vehicle,HOND -CAR/SUV,2023.0,3.0,F,Licensed,Going Straight Ahead,Left Front Quarter Panel,Left Front Quarter Panel,Right Front Quarter Panel,,,N,,Unspecified,Unspecified,,,"    (40.68126, -74.00496)",2.0,0.0,0,0,0,0,2,0,Station Wagon/Sport Utility Vehicle,Sedan,1
20626617,4714124,03/30/2024,06:30,51d48f83-c5ec-40d5-8714-cbee629c8fe6,Station Wagon/Sport Utility Vehicle,KIA -CAR/SUV,2022.0,0.0,,,Going Straight Ahead,Right Front Bumper,Right Front Bumper,Right Front Quarter Panel,Right Side Doors,Right Rear Quarter Panel,N,,Driver Inattention/Distraction,Unspecified,BROOKLYN,11205.0,"    (40.69239, -73.97367)",0.0,0.0,0,0,0,0,0,0,Station Wagon/Sport Utility Vehicle,Station Wagon/Sport Utility Vehicle,0
20807012,4775061,11/28/2024,17:46,7d884db2-350e-4043-a5c1-6d510686b06f,Station Wagon/Sport Utility Vehicle,FORD -CAR/SUV,2023.0,2.0,M,Licensed,Going Straight Ahead,Center Front End,Center Front End,Right Front Bumper,Right Front Quarter Panel,Left Front Bumper,N,,Unspecified,Unspecified,,,"    (40.631042, -74.13894)",3.0,0.0,0,0,0,0,3,0,Station Wagon/Sport Utility Vehicle,Sedan,1
20604540,4700194,02/01/2024,08:50,1489fb7e-9627-4959-b233-b0998a04ef6e,,MACK-TRUCK/BUS,2013.0,,,,Going Straight Ahead,Right Front Bumper,Right Front Bumper,,,,N,,Unspecified,Unspecified,BRONX,10454.0,"    (40.80411, -73.91108)",1.0,0.0,0,0,0,0,1,0,Sedan,,1
20720712,4756542,09/17/2024,06:30,1dc9812d-346e-4f2e-bda3-3ef6d9137bea,Sedan,LEXS -CAR/SUV,2009.0,1.0,M,Licensed,Going Straight Ahead,Left Rear Bumper,Left Rear Bumper,,,,N,,Unspecified,Unspecified,,,,1.0,0.0,0,0,0,0,1,0,Sedan,Bus,1
20737170,4762890,10/10/2024,08:20,66a3a96b-4f20-4a8f-815c-cb29ddf796c4,Sedan,TOYT -CAR/SUV,2012.0,1.0,F,Licensed,Making Right Turn,Right Front Quarter Panel,Right Front Quarter Panel,Right Side Doors,Right Rear Quarter Panel,No Damage,N,,Driver Inattention/Distraction,Unspecified,MANHATTAN,10023.0,"    (40.77286, -73.98955)",0.0,0.0,0,0,0,0,0,0,Sedan,Station Wagon/Sport Utility Vehicle,0
20645429,4722480,05/07/2024,01:37,43465c7d-0ab6-4f84-9588-8b797340e6cc,Garbage or Refuse,MACK-TRUCK/BUS,2017.0,1.0,M,Licensed,Going Straight Ahead,Right Front Bumper,Right Front Bumper,,,,N,,Following Too Closely,Unspecified,,,,0.0,0.0,0,0,0,0,0,0,Sedan,Garbage or Refuse,0
20676850,4736734,06/27/2024,15:41,b1b4de98-01a2-41e8-b800-3528cfd3ad8c,Sedan,HOND -CAR/SUV,2007.0,1.0,M,Licensed,Making Left Turn,Left Front Bumper,Left Front Bumper,,,,N,,Driver Inattention/Distraction,Failure to Yield Right-of-Way,MANHATTAN,10065.0,"    (40.76415, -73.95526)",0.0,0.0,0,0,0,0,0,0,Station Wagon/Sport Utility Vehicle,Sedan,0
20742049,4758127,09/22/2024,04:30,5aa324dc-beb4-4b17-a85b-5680feb786c4,Sedan,NISS -CAR/SUV,2020.0,2.0,M,Licensed,Going Straight Ahead,Center Front End,Center Front End,Left Front Bumper,Right Front Bumper,Right Front Quarter Panel,N,,Reaction to Uninvolved Vehicle,Unspecified,BROOKLYN,11238.0,"    (40.682003, -73.9687)",1.0,0.0,0,0,0,0,1,0,Sedan,Sedan,1
20631025,4715945,04/08/2024,07:30,c84e5ce8-5b35-49d0-ae2f-f2dacd7fa66e,Sedan,VOLK -CAR/SUV,2019.0,0.0,M,,Parked,Left Rear Quarter Panel,Left Rear Bumper,,,,N,,Unspecified,Unspecified,BROOKLYN,11214.0,"    (40.58691, -73.98537)",0.0,0.0,0,0,0,0,0,0,Sedan,,0
20673540,4735390,06/21/2024,02:45,44bcb418-547f-43ea-ad5b-e6dab41191ff,Taxi,TOYT -CAR/SUV,2023.0,1.0,,,Going Straight Ahead,Right Front Bumper,No Damage,No Damage,No Damage,No Damage,N,,Driver Inattention/Distraction,Unspecified,,,"    (40.678722, -73.952995)",1.0,0.0,1,0,0,0,0,0,Taxi,,1
20800063,4779687,12/03/2024,15:10,437faa8e-1286-466a-888a-d262017a585c,Box Truck,CHEV-TRUCK/BUS,2020.0,,,,Going Straight Ahead,Right Side Doors,Right Side Doors,,,,Unspecified,,Driver Inattention/Distraction,,BROOKLYN,11235.0,"    (40.577145, -73.9599)",1.0,0.0,0,0,0,0,1,0,Sedan,Box Truck,1
20653342,4726018,05/19/2024,10:05,1471a2bc-cbcf-4dec-93a1-37ce4e4e253c,Sedan,ACUR -CAR/SUV,2006.0,1.0,M,Licensed,Parked,Center Front End,Center Front End,Center Front End,Center Front End,Center Front End,N,,Unspecified,Unspecified,BRONX,10474.0,"    (40.812214, -73.885895)",0.0,0.0,0,0,0,0,0,0,Sedan,Pick-up Truck,0
20641877,4720829,04/25/2024,19:30,59162930-0259-4a64-8799-6bd85809b6fa,Station Wagon/Sport Utility Vehicle,CHEV -CAR/SUV,2013.0,1.0,M,Licensed,Making Right Turn,Right Side Doors,No Damage,No Damage,No Damage,No Damage,N,,Failure to Yield Right-of-Way,Unspecified,QUEENS,11105.0,"    (40.773365, -73.9068)",1.0,0.0,0,0,1,0,0,0,Bike,Station Wagon/Sport Utility Vehicle,1
20747707,4757042,09/17/2024,00:40,75bd7e2e-c2b6-440b-9905-d78ae9cb3ccb,Station Wagon/Sport Utility Vehicle,TOYT -CAR/SUV,2018.0,1.0,M,Licensed,Making U Turn,Left Front Bumper,Left Front Quarter Panel,Left Side Doors,,,N,,Turning Improperly,Driver Inattention/Distraction,BRONX,10457.0,"    (40.84661, -73.89587)",0.0,0.0,0,0,0,0,0,0,Sedan,Station Wagon/Sport Utility Vehicle,0
20688112,4741791,07/20/2024,18:30,e3ef79c6-60b4-4817-bfe9-299f97c08dbf,Station Wagon/Sport Utility Vehicle,CHEV -CAR/SUV,2023.0,1.0,F,Licensed,Merging,Right Front Quarter Panel,Right Front Quarter Panel,Right Front Bumper,Right Front Bumper,No Damage,N,,Failure to Yield Right-of-Way,Unspecified,QUEENS,11419.0,"    (40.691372, -73.80989)",0.0,0.0,0,0,0,0,0,0,Station Wagon/Sport Utility Vehicle,Box Truck,0
20752979,4747644,08/12/2024,17:20,f5d36f8f-cc06-4aae-a317-309daa3403ce,Station Wagon/Sport Utility Vehicle,CHRY -CAR/SUV,2018.0,2.0,M,Licensed,Going Straight Ahead,Left Front Quarter Panel,Left Front Quarter Panel,Left Front Bumper,Left Side Doors,Left Front Quarter Panel,N,,Unspecified,Unspecified,,,"    (40.632717, -74.14643)",3.0,0.0,0,0,0,0,3,0,Station Wagon/Sport Utility Vehicle,Sedan,1
20765260,4752480,09/02/2024,15:38,073ff2d2-6cdc-4238-ade5-f462fadafa29,Station Wagon/Sport Utility Vehicle,TOYT -CAR/SUV,2020.0,1.0,M,Licensed,Parked,Center Back End,Center Back End,Left Rear Bumper,Right Rear Bumper,No Damage,N,,Unspecified,Unspecified,BROOKLYN,11207.0,"    (40.662014, -73.886826)",0.0,0.0,0,0,0,0,0,0,Station Wagon/Sport Utility Vehicle,Station Wagon/Sport Utility Vehicle,0
20673565,4735222,06/24/2024,00:10,2d5c58a1-6f46-4e15-9c3e-27661712ddf4,Taxi,TOYT -CAR/SUV,2022.0,1.0,M,Licensed,Going Straight Ahead,Right Front Quarter Panel,Right Front Quarter Panel,,,,N,,Driver Inattention/Distraction,Unspecified,,,,0.0,0.0,0,0,0,0,0,0,Taxi,Station Wagon/Sport Utility Vehicle,0
20691859,4743446,07/27/2024,22:54,21d52546-4a4c-47df-b46a-0b623b455a12,Sedan,HOND -CAR/SUV,2009.0,,,,Going Straight Ahead,Right Front Bumper,Right Front Bumper,,,,N,,Driver Inattention/Distraction,Driver Inexperience,,,,0.0,0.0,0,0,0,0,0,0,Sedan,Sedan,0
20690955,4743154,07/22/2024,15:31,cf99332f-b16a-4754-8754-f5218712f7bb,Flat Bed,HINO -TRUCK/BUS,2013.0,0.0,,,Parked,Left Rear Quarter Panel,Left Rear Quarter Panel,,,,N,,Unspecified,Unspecified,,,"    (40.674904, -73.94447)",1.0,0.0,0,0,0,0,1,0,Flat Bed,Van,1
20589736,4697092,01/05/2024,14:31,68fae508-4fdb-4e87-8972-d61bdb5508b2,Station Wagon/Sport Utility Vehicle,HOND -CAR/SUV,2022.0,0.0,F,,Parked,Left Side Doors,Left Side Doors,,,,N,,Unspecified,Unspecified,BRONX,10456.0,"    (40.823788, -73.9076)",0.0,0.0,0,0,0,0,0,0,Station Wagon/Sport Utility Vehicle,Bus,0
20748403,4757204,09/16/2024,09:10,ad405d2a-aeaa-40d3-a0b3-adb0e239a32a,Sedan,KIA -CAR/SUV,2023.0,1.0,M,Licensed,Making Left Turn,Center Front End,Center Front End,,,,N,,Unspecified,Unspecified,BROOKLYN,11201.0,"    (40.689922, -73.98352)",1.0,0.0,1,0,0,0,0,0,Sedan,,1
20633180,4716897,04/12/2024,15:30,19813d23-d37d-41fe-ae38-a01a8bd2d1ac,Sedan,TOYT -CAR/SUV,2016.0,1.0,,,Making Left Turn,Left Front Bumper,Left Front Quarter Panel,,,,N,,Following Too Closely,Turning Improperly,,,"    (40.683228, -73.907135)",0.0,0.0,0,0,0,0,0,0,Sedan,Sedan,0
20690313,4713401,03/29/2024,15:30,802bc632-7521-4021-8c21-ffc184f55a19,Station Wagon/Sport Utility Vehicle,HOND -CAR/SUV,2009.0,1.0,F,Licensed,Going Straight Ahead,Center Front End,Left Front Bumper,Center Front End,,,N,,Unspecified,Unspecified,BROOKLYN,11218.0,"    (40.639297, -73.98409)",0.0,1.0,0,1,0,0,0,0,Station Wagon/Sport Utility Vehicle,,2
20620896,4711467,03/03/2024,02:40,23992c4e-2d09-48d6-8f01-84f9e3da4ad6,Sedan,HYUN -CAR/SUV,2011.0,0.0,M,Licensed,Parked,Right Rear Quarter Panel,Right Rear Quarter Panel,,,,N,,Unspecified,Unspecified,MANHATTAN,10003.0,"    (40.726543, -73.99025)",0.0,0.0,0,0,0,0,0,0,Sedan,Sedan,0
20615712,4709089,03/11/2024,12:46,00260158-424d-4639-85ef-194b9533548d,LIMO,CADI -CAR/SUV,2019.0,0.0,,,Parked,Roof,Right Front Quarter Panel,Right Side Doors,Right Rear Quarter Panel,,N,,Unspecified,Unspecified,MANHATTAN,10002.0,"    (40.72185, -73.98745)",0.0,0.0,0,0,0,0,0,0,LIMO,Sedan,0
20765352,4754581,09/09/2024,12:20,bc034f9c-c0ba-4f39-9da6-c6c6ce24c393,Moped,PIAG -MCL,2017.0,1.0,M,,Entering Parked Position,Left Front Quarter Panel,Left Front Quarter Panel,Left Side Doors,No Damage,No Damage,N,,Failure to Yield Right-of-Way,Unspecified,BROOKLYN,11208.0,"    (40.68111, -73.880974)",1.0,0.0,0,0,0,0,1,0,Sedan,Moped,1
20802023,4780583,12/17/2024,18:15,4284f8c1-9845-408f-b302-390ba6600c22,Sedan,Unkmown,,1.0,,,,Right Front Bumper,Right Front Bumper,No Damage,No Damage,No Damage,N,,Unspecified,Unspecified,BROOKLYN,11233.0,"    (40.673637, -73.9166)",0.0,0.0,0,0,0,0,0,0,Station Wagon/Sport Utility Vehicle,Sedan,0
20636527,4718171,04/18/2024,06:40,72ee6253-fa40-4b0b-a043-a0a3d161c530,Pick-up Truck,GMC -CAR/SUV,2014.0,1.0,M,Licensed,Going Straight Ahead,Left Front Quarter Panel,Left Front Quarter Panel,Left Front Quarter Panel,,,N,,Pavement Slippery,Pavement Slippery,BROOKLYN,11203.0,"    (40.655514, -73.927864)",0.0,0.0,0,0,0,0,0,0,Pick-up Truck,Station Wagon/Sport Utility Vehicle,0
20798906,4778904,12/14/2024,03:40,d9c16652-405a-45c7-91ef-07a053aaa61e,Sedan,BMW -CAR/SUV,2015.0,1.0,F,Licensed,Going Straight Ahead,Center Front End,Demolished,,,,N,,Following Too Closely,Unspecified,,,"    (40.651863, -73.86536)",2.0,0.0,0,0,0,0,2,0,Sedan,Sedan,1
20683183,4739407,07/10/2024,18:05,675f7787-a1f6-4427-8c81-13f819750acc,Sedan,SUBA -CAR/SUV,2015.0,2.0,M,Licensed,Going Straight Ahead,Center Back End,Center Back End,Left Rear Bumper,Right Rear Bumper,Center Front End,N,,Unspecified,Unspecified,,,"    (40.753647, -73.7444)",0.0,0.0,0,0,0,0,0,0,Sedan,Sedan,0
20737810,4748641,08/16/2024,09:32,38adbd9b-6750-462b-9aa7-c01da2833b0b,Sedan,MAZD -CAR/SUV,2004.0,2.0,F,Licensed,Going Straight Ahead,Center Back End,Center Back End,No Damage,No Damage,No Damage,N,,Unspecified,Unspecified,,,"    (40.679276, -73.92906)",2.0,0.0,0,0,0,0,2,0,Sedan,,1
20654441,4726450,05/21/2024,13:20,953e8754-a2d1-4ff0-9f8e-18e6837583c3,Sedan,FORD -CAR/SUV,2013.0,0.0,,,Parked,Left Front Bumper,Center Front End,Right Front Bumper,No Damage,No Damage,N,,Unspecified,Unspecified,BROOKLYN,11207.0,"    (40.67482, -73.89368)",4.0,0.0,0,0,0,0,4,0,Sedan,Pick-up Truck,1
20682697,4739642,07/10/2024,21:45,1741b8c4-b185-4e3d-8c03-78f120d48b03,Pick-up Truck,DODG -CAR/SUV,2021.0,0.0,M,Licensed,Parked,Left Front Bumper,Right Front Quarter Panel,Right Side Doors,Left Rear Quarter Panel,Other,N,,Unspecified,Unspecified,BROOKLYN,11231.0,"    (40.68148, -73.993546)",0.0,0.0,0,0,0,0,0,0,Pick-up Truck,,0
20601951,4702612,02/13/2024,23:30,f4ac5d35-0174-48e0-a645-d76b32fad4ad,Station Wagon/Sport Utility Vehicle,LEXS -CAR/SUV,2020.0,1.0,F,Licensed,Going Straight Ahead,Left Front Quarter Panel,Left Front Quarter Panel,Left Front Bumper,No Damage,No Damage,N,,Unspecified,Unspecified,,,"    (40.651974, -73.86542)",0.0,0.0,0,0,0,0,0,0,Station Wagon/Sport Utility Vehicle,AMBULANCE,0
20788241,4774063,11/21/2024,06:33,bea693e5-484f-41ee-a206-2fc4ffb7b29f,,LINC -CAR/SUV,2019.0,,,,Going Straight Ahead,,,,,,N,,Unspecified,Unspecified,BROOKLYN,11210.0,"    (40.62296, -73.937225)",1.0,0.0,1,0,0,0,0,0,,,1
20601490,4702368,02/12/2024,16:00,639deaac-9542-431f-a077-78232c1fafde,Sedan,HOND -CAR/SUV,2015.0,1.0,M,Licensed,Stopped in Traffic,Left Rear Quarter Panel,Left Rear Quarter Panel,Left Rear Quarter Panel,Left Rear Quarter Panel,Left Rear Quarter Panel,N,,Unspecified,Unspecified,BROOKLYN,11208.0,"    (40.67743, -73.87591)",1.0,0.0,0,0,0,0,1,0,Sedan,Station Wagon/Sport Utility Vehicle,1
20616878,4709358,03/13/2024,10:55,48c5f218-4a54-44f8-bfe1-2b15c474b92c,Station Wagon/Sport Utility Vehicle,CHEV -CAR/SUV,1998.0,1.0,M,Licensed,Making Right Turn,Right Side Doors,Right Side Doors,Right Rear Quarter Panel,No Damage,No Damage,N,,Driver Inattention/Distraction,Passing Too Closely,BROOKLYN,11208.0,"    (40.665188, -73.86939)",0.0,0.0,0,0,0,0,0,0,Sedan,Station Wagon/Sport Utility Vehicle,0
20639707,4719886,04/14/2024,18:50,91a18b4a-00ef-4cdb-8407-969991f0734c,Sedan,FORD -CAR/SUV,2014.0,2.0,M,Licensed,Making Left Turn,Center Front End,Center Front End,Right Front Bumper,Left Front Bumper,,N,,Unspecified,Unspecified,BRONX,10457.0,"    (40.8477, -73.90097)",1.0,0.0,0,0,0,0,1,0,Sedan,Sedan,1
20664946,4731115,06/07/2024,17:07,5fdfb2d1-e7fd-401d-a963-442d6bc7f13c,Station Wagon/Sport Utility Vehicle,TOYT -CAR/SUV,2007.0,1.0,M,Licensed,Entering Parked Position,Left Side Doors,Left Side Doors,,,,N,,Driver Inattention/Distraction,Unspecified,QUEENS,11365.0,"    (40.73699, -73.81049)",1.0,0.0,0,0,1,0,0,0,Station Wagon/Sport Utility Vehicle,E-Bike,1
20600236,4701791,02/11/2024,14:55,4de61142-a8ae-4b8c-ad29-bcfd8f79be52,Sedan,NISS -CAR/SUV,2022.0,,,,Going Straight Ahead,Center Front End,Center Front End,No Damage,No Damage,No Damage,N,,Unsafe Speed,Unspecified,,,"    (40.675827, -73.817276)",0.0,0.0,0,0,0,0,0,0,Sedan,Sedan,0
20633409,4717044,04/14/2024,05:50,9791c243-88e4-4d4f-b4fc-0933fa0adb27,Box Truck,FRHT-TRUCK/BUS,2017.0,2.0,M,Licensed,Going Straight Ahead,Right Front Bumper,Right Front Bumper,No Damage,No Damage,No Damage,N,,Other Vehicular,Lane Marking Improper/Inadequate,MANHATTAN,10013.0,"    (40.72135, -74.00465)",0.0,0.0,0,0,0,0,0,0,Sedan,Box Truck,0
20612382,4707281,03/01/2024,17:00,3a69c712-e751-4147-80c9-d17c1fc16025,Station Wagon/Sport Utility Vehicle,BMW -CAR/SUV,2024.0,1.0,M,Licensed,Going Straight Ahead,Center Front End,Center Front End,Center Front End,Center Front End,,Unspecified,,Driver Inattention/Distraction,Following Too Closely,QUEENS,11106.0,"    (40.75658, -73.929756)",2.0,0.0,0,0,0,0,2,0,Station Wagon/Sport Utility Vehicle,Sedan,1
20626736,4714089,04/01/2024,01:00,aa9dd4ad-5816-476c-b415-1884aea74fdb,Station Wagon/Sport Utility Vehicle,TOYT -CAR/SUV,2021.0,0.0,,,Parked,Right Rear Quarter Panel,Right Rear Quarter Panel,No Damage,No Damage,No Damage,N,,Unspecified,Unspecified,MANHATTAN,10021.0,"    (40.76822, -73.96301)",0.0,0.0,0,0,0,0,0,0,Station Wagon/Sport Utility Vehicle,Station Wagon/Sport Utility Vehicle,0
20711610,4752347,08/01/2024,18:35,179c221f-0403-4421-9f37-9e418e8b10cf,Station Wagon/Sport Utility Vehicle,JEEP -CAR/SUV,2018.0,2.0,M,Licensed,Slowing or Stopping,Left Front Bumper,Left Front Bumper,Left Front Bumper,Left Front Bumper,Right Rear Bumper,N,,Following Too Closely,Unspecified,,,"    (40.804745, -73.91194)",0.0,0.0,0,0,0,0,0,0,Station Wagon/Sport Utility Vehicle,Station Wagon/Sport Utility Vehicle,0
20787243,4773584,11/18/2024,00:00,097518af-51eb-4653-900a-249eee1452f7,Station Wagon/Sport Utility Vehicle,HYUN -CAR/SUV,2024.0,1.0,M,Licensed,Stopped in Traffic,Center Back End,Center Back End,No Damage,No Damage,No Damage,N,,Unspecified,Unspecified,BRONX,10459.0,"    (40.824764, -73.89136)",0.0,0.0,0,0,0,0,0,0,Station Wagon/Sport Utility Vehicle,E-Bike,0
20796090,4776664,12/05/2024,07:35,473ee6b0-55c2-449f-bab1-b7b5e437e9a1,Sedan,TOYT -CAR/SUV,2020.0,1.0,M,Licensed,Going Straight Ahead,Left Front Bumper,Center Front End,Right Front Bumper,,,N,,Unspecified,Unspecified,QUEENS,11435.0,"    (40.705578, -73.808105)",2.0,0.0,0,0,0,0,2,0,Sedan,Sedan,1
20664375,4731414,06/08/2024,18:10,eb6acabc-fd64-4333-9994-d994b9ad902c,,MERZ -CAR/SUV,2022.0,,,,Going Straight Ahead,Center Front End,Center Front End,,,,Unspecified,,Driver Inattention/Distraction,Driver Inattention/Distraction,MANHATTAN,10004.0,"    (40.704884, -74.01566)",0.0,0.0,0,0,0,0,0,0,Taxi,,0
20697689,4746284,08/05/2024,15:12,7d2b17e1-fbac-4462-809d-8b677966c235,Tractor Truck Diesel,VOLV -TRUCK/BUS,2016.0,1.0,M,Licensed,Making Right Turn,Right Rear Bumper,No Damage,No Damage,No Damage,No Damage,N,,Driver Inattention/Distraction,Driver Inexperience,,,,0.0,0.0,0,0,0,0,0,0,Tractor Truck Diesel,Sedan,0
20804850,4781961,12/22/2024,16:31,9ed901cd-f463-444e-955e-351b664196ec,Sedan,TOYT -CAR/SUV,2021.0,4.0,M,Licensed,Going Straight Ahead,Left Front Bumper,Left Front Bumper,No Damage,No Damage,,N,,Fell Asleep,Unspecified,MANHATTAN,10022.0,"    (40.756287, -73.96959)",5.0,0.0,0,0,0,0,5,0,Taxi,Sedan,1
20627358,4714190,03/30/2024,14:52,cee0b636-b22a-4e6c-931c-11c9f053db06,Pick-up Truck,FORD -CAR/SUV,2013.0,1.0,M,Unlicensed,Making Left Turn,No Damage,No Damage,No Damage,No Damage,No Damage,N,,Driver Inattention/Distraction,Failure to Yield Right-of-Way,BRONX,10467.0,"    (40.869656, -73.864334)",1.0,0.0,1,0,0,0,0,0,Pick-up Truck,,1
20636552,4718395,04/18/2024,15:15,fef073ba-10f0-4d0d-afd3-325e76fd24b1,Sedan,NISS -CAR/SUV,2011.0,0.0,,,Parked,Right Rear Bumper,Right Rear Bumper,Center Back End,No Damage,No Damage,N,,Unspecified,Unspecified,QUEENS,11366.0,"    (40.720955, -73.80935)",0.0,0.0,0,0,0,0,0,0,Sedan,Sedan,0
20610569,4705277,02/26/2024,10:45,d7e610bb-c720-45ca-a769-4c01358af08d,Sedan,HOND -CAR/SUV,2018.0,1.0,F,Licensed,Passing,Left Side Doors,Left Front Quarter Panel,Left Side Doors,Left Side Doors,Left Side Doors,N,,Passing or Lane Usage Improper,Passing or Lane Usage Improper,,,"    (40.694687, -73.91112)",0.0,0.0,0,0,0,0,0,0,Sedan,Station Wagon/Sport Utility Vehicle,0