UNIQUE_ID,COLLISION_ID,CRASH_DATE,CRASH_TIME,VEHICLE_ID,VEHICLE_TYPE,VEHICLE_MAKE,VEHICLE_YEAR,VEHICLE_OCCUPANTS,DRIVER_SEX,DRIVER_LICENSE_STATUS,PRE_CRASH,POINT_OF_IMPACT,VEHICLE_DAMAGE,VEHICLE_DAMAGE_1,VEHICLE_DAMAGE_2,VEHICLE_DAMAGE_3,PUBLIC_PROPERTY_DAMAGE,PUBLIC_PROPERTY_DAMAGE_TYPE,CONTRIBUTING_FACTOR_1,CONTRIBUTING_FACTOR_2,BOROUGH,ZIP CODE,LOCATION,NUMBER OF PERSONS INJURED,NUMBER OF PERSONS KILLED,NUMBER OF PEDESTRIANS INJURED,NUMBER OF PEDESTRIANS KILLED,NUMBER OF CYCLIST INJURED,NUMBER OF CYCLIST KILLED,NUMBER OF MOTORIST INJURED,NUMBER OF MOTORIST KILLED,VEHICLE TYPE CODE 1,VEHICLE TYPE CODE 2,Severity
20582239,4693768,01/09/2024,13:46,0ce49bc7-37ad-402c-baed-565d66db7e33,Sedan,NISS -CAR/SUV,2008.0,1.0,F,Licensed,Going Straight Ahead,Left Side Doors,Left Side Doors,Left Front Quarter Panel,Left Rear Quarter Panel,Left Front Bumper,N,,Pavement Slippery,Unspecified,BROOKLYN,11231.0,"    (40.675198, -73.99936)",1.0,0.0,0,0,0,0,1,0,Station Wagon/Sport Utility Vehicle,Sedan,1
20787132,4773725,11/24/2024,10:43,da8ce060-b116-411b-b8d4-583a71fbfe83,Ambulance,FORD-TRUCK/BUS,,1.0,M,Licensed,Making Right Turn,Right Front Bumper,Right Front Bumper,Right Front Bumper,No Damage,No Damage,N,,Other Vehicular,Unspecified,MANHATTAN,10037.0,"    (40.813423, -73.93714)",0.0,0.0,0,0,0,0,0,0,Ambulance,Sedan,0
20795635,4777493,12/08/2024,19:00,7b4c634e-778d-42fd-93d6-0d6dfad4b5b4,Sedan,HOND -CAR/SUV,2017.0,1.0,F,Licensed,Making Right Turn,Left Rear Quarter Panel,Left Rear Quarter Panel,No Damage,No Damage,No Damage,Unspecified,,Unspecified,Unspecified,,,"    (40.679348, -73.73047)",0.0,0.0,0,0,0,0,0,0,Sedan,Sedan,0
20784005,4771861,11/16/2024,08:28,9d9128cd-356a-4d56-bb8a-e13f6678299d,Station Wagon/Sport Utility Vehicle,TOYT -CAR/SUV,2008.0,1.0,M,Licensed,Going Straight Ahead,Right Front Bumper,Right Front Quarter Panel,,,,N,,Unspecified,Unspecified,QUEENS,11435.0,"    (40.70835, -73.81324)",0.0,0.0,0,0,0,0,0,0,Station Wagon/Sport Utility Vehicle,Sedan,0
20713291,4753126,09/04/2024,22:51,6c19b9f4-47fa-4551-a874-bd77c35cd67a,Sedan,FORD -CAR/SUV,2014.0,2.0,M,Licensed,Other*,Left Front Bumper,Left Front Bumper,No Damage,No Damage,No Damage,N,,Unspecified,Unspecified,BRONX,10456.0,"    (40.830986, -73.91139)",0.0,0.0,0,0,0,0,0,0,Sedan,Moped,0
20775880,4768264,10/31/2024,21:40,3ca1d407-4068-4396-b8a6-f38ca8a3f9f3,,HOND -CAR/SUV,2008.0,1.0,,,Entering Parked Position,Right Rear Quarter Panel,Right Rear Quarter Panel,Right Rear Bumper,No Damage,No Damage,N,,Driver Inexperience,Driver Inattention/Distraction,BROOKLYN,11224.0,"    (40.57279, -73.995964)",0.0,0.0,0,0,0,0,0,0,Station Wagon/Sport Utility Vehicle,,0
20764060,4756452,09/13/2024,16:00,c9d9ef44-9780-4afb-bf66-7c6cbeff44aa,Station Wagon/Sport Utility Vehicle,HOND -CAR/SUV,2023.0,0.0,F,Licensed,Parked,Left Front Quarter Panel,Left Rear Bumper,Right Rear Bumper,,,N,,Unspecified,Unspecified,QUEENS,11354.0,"    (40.76657, -73.83145)",0.0,0.0,0,0,0,0,0,0,Station Wagon/Sport Utility Vehicle,,0
20622405,4712127,03/15/2024,14:46,92fd8107-fbd4-409b-9213-c7c1d233d1ef,Station Wagon/Sport Utility Vehicle,HOND -CAR/SUV,2020.0,0.0,,,Parked,Center Back End,Center Back End,,,,N,,Unspecified,Unspecified,BRONX,10461.0,"    (40.840214, -73.84481)",0.0,0.0,0,0,0,0,0,0,Bus,Sedan,0
20586502,4695648,01/15/2024,23:10,a837ffc5-31e3-4988-ac7d-ed3ecfab4712,Sedan,SUBA -CAR/SUV,2023.0,2.0,F,Licensed,Going Straight Ahead,Left Front Bumper,Left Front Bumper,Center Front End,Right Front Bumper,,N,,Pavement Slippery,Reaction to Uninvolved Vehicle,QUEENS,11434.0,"    (40.660904, -73.76805)",4.0,0.0,0,0,0,0,4,0,Station Wagon/Sport Utility Vehicle,Sedan,1
20759992,4747676,08/13/2024,19:38,e4f78c7a-f7e1-4c97-9efe-fab4ef34b6cf,Sedan,HOND -CAR/SUV,2018.0,2.0,M,Licensed,Going Straight Ahead,Left Front Bumper,Left Front Bumper,Left Front Bumper,,,N,,Driver Inattention/Distraction,Other Vehicular,BROOKLYN,11203.0,"    (40.652462, -73.92285)",0.0,0.0,0,0,0,0,0,0,Sedan,Sedan,0
20726721,4759335,09/27/2024,23:22,75a82071-9ca0-44be-b467-dbc4f150c85d,Station Wagon/Sport Utility Vehicle,Utilimaster,2020.0,2.0,M,Licensed,Stopped in Traffic,Center Back End,No Damage,,,,N,,Unspecified,Unspecified,,,,1.0,0.0,0,0,0,0,1,0,Sedan,Station Wagon/Sport Utility Vehicle,1
20578828,4692310,01/01/2024,20:49,5b3c9bad-76e7-43b7-a9f4-4b1b814a7d86,Sedan,BMW -CAR/SUV,2023.0,1.0,,,Going Straight Ahead,Left Front Bumper,Center Front End,Right Side Doors,Left Side Doors,,N,,Following Too Closely,Passing Too Closely,,,"    (40.872314, -73.91274)",1.0,0.0,0,0,0,0,1,0,Sedan,Sedan,1
20620175,4710872,03/18/2024,08:26,ec814105-5561-4301-9ea6-e8b02f0c6e2e,Station Wagon/Sport Utility Vehicle,NISS -CAR/SUV,2019.0,4.0,F,Licensed,Changing Lanes,Left Rear Quarter Panel,Left Rear Quarter Panel,Left Rear Bumper,Left Side Doors,Left Rear Quarter Panel,N,,Passing or Lane Usage Improper,Unspecified,,,"    (40.77039, -73.91771)",0.0,0.0,0,0,0,0,0,0,Station Wagon/Sport Utility Vehicle,Chassis Cab,0
20621807,4711583,03/22/2024,01:05,5df33e15-bb1f-4436-96b7-0e7b84779526,Motorscooter,RAZOR,,1.0,M,Unlicensed,Going Straight Ahead,Center Front End,Center Front End,,,,N,,Driver Inattention/Distraction,Driver Inexperience,QUEENS,11373.0,"    (40.735325, -73.865166)",1.0,0.0,0,0,0,0,1,0,Station Wagon/Sport Utility Vehicle,Motorscooter,1
20657917,4728013,05/21/2024,01:08,f990dd7c-3bf3-4e42-8416-3ba8bee6001c,Sedan,NISS -CAR/SUV,2015.0,1.0,M,Licensed,Stopped in Traffic,Left Side Doors,Left Side Doors,Left Rear Quarter Panel,,,N,,Unspecified,Unspecified,,,,0.0,0.0,0,0,0,0,0,0,Sedan,Sedan,0
20679654,4724077,05/11/2024,13:40,512fe1e1-5f03-4f6c-8beb-910b5b1d9aac,Station Wagon/Sport Utility Vehicle,NISS -CAR/SUV,2010.0,1.0,F,Licensed,Going Straight Ahead,Left Side Doors,Left Side Doors,Left Side Doors,No Damage,No Damage,N,,Unspecified,Unspecified,QUEENS,11432.0,"    (40.71461, -73.775635)",0.0,0.0,0,0,0,0,0,0,Sedan,Station Wagon/Sport Utility Vehicle,0
20785616,4772767,11/20/2024,05:20,d0b3ef4f-20c6-4423-aafb-424724e2ea3d,Sedan,HYUN -CAR/SUV,2023.0,0.0,,,Parked,Left Rear Bumper,Left Rear Bumper,Left Rear Bumper,No Damage,No Damage,Unspecified,,Unspecified,Unspecified,BROOKLYN,11223.0,"    (40.604378, -73.97152)",0.0,0.0,0,0,0,0,0,0,Sedan,Sedan,0
20683703,4739844,07/12/2024,15:35,6bb1ae50-b124-4fd2-8aca-981ba72385a6,Sedan,CHEV -CAR/SUV,2013.0,1.0,F,Licensed,Going Straight Ahead,Center Front End,Center Front End,,,,N,,Driver Inattention/Distraction,Unspecified,QUEENS,11432.0,"    (40.720715, -73.80319)",1.0,0.0,0,0,0,0,1,0,Sedan,Sedan,1
20611004,4706699,03/03/2024,15:45,dc7ed80d-8e8b-4962-ac40-90c2dfed105b,Truck,Peter,1997.0,1.0,M,Licensed,Going Straight Ahead,Center Front End,Center Front End,,,,N,,Unspecified,Unspecified,,,"    (40.744465, -73.77179)",2.0,0.0,0,0,0,0,2,0,Truck,Station Wagon/Sport Utility Vehicle,1
20651077,4725136,05/05/2024,01:00,115212bb-89ce-4b2d-914d-8d6640c72def,Station Wagon/Sport Utility Vehicle,ACUR -CAR/SUV,2024.0,0.0,,,Parked,Left Front Bumper,Left Front Quarter Panel,Left Front Quarter Panel,,,N,,Unspecified,Unspecified,QUEENS,11691.0,"    (40.606182, -73.75373)",0.0,0.0,0,0,0,0,0,0,Station Wagon/Sport Utility Vehicle,,0
20800395,4779840,12/18/2024,21:33,bbeeaa7b-8acb-47f6-9d90-b07516bdacdc,Box Truck,ISU-TRUCK/BUS,2023.0,2.0,M,Licensed,Going Straight Ahead,Right Front Bumper,Right Front Bumper,,,,N,,Unspecified,Unspecified,BROOKLYN,11218.0,"    (40.644035, -73.97475)",0.0,0.0,0,0,0,0,0,0,Box Truck,Sedan,0
20588159,4696340,01/19/2024,16:57,07634231-37f0-4819-8ab4-978db3464fa2,Tractor Truck Gasoline,KW-TRUCK/BUS,2024.0,1.0,M,Licensed,Going Straight Ahead,Right Rear Bumper,No Damage,No Damage,No Damage,No Damage,N,,Driver Inattention/Distraction,Driver Inattention/Distraction,,,,0.0,0.0,0,0,0,0,0,0,Tractor Truck Gasoline,Station Wagon/Sport Utility Vehicle,0
20742808,4752234,08/30/2024,14:46,cf2d2c95-9934-4a4a-be0f-593a497afebb,Station Wagon/Sport Utility Vehicle,CHEV -CAR/SUV,2023.0,1.0,,,Backing,Center Back End,No Damage,No Damage,No Damage,No Damage,N,,Backing Unsafely,Backing Unsafely,MANHATTAN,10019.0,"    (40.76317, -73.98429)",1.0,0.0,1,0,0,0,0,0,Station Wagon/Sport Utility Vehicle,,1
20682535,4739165,07/05/2024,02:00,54a89a01-1a94-43cf-abd3-d3ec633bda76,Station Wagon/Sport Utility Vehicle,AUDI -CAR/SUV,2011.0,0.0,,,Parked,Left Front Quarter Panel,Left Side Doors,,,,N,,Unspecified,Unspecified,QUEENS,11385.0,"    (40.700047, -73.906784)",0.0,0.0,0,0,0,0,0,0,Station Wagon/Sport Utility Vehicle,,0
20610532,4706843,02/26/2024,23:03,2d54fae6-e953-42e2-b48f-5c9b271b064e,Station Wagon/Sport Utility Vehicle,HOND -CAR/SUV,2022.0,1.0,,,Going Straight Ahead,Center Front End,No Damage,No Damage,No Damage,No Damage,N,,Alcohol Involvement,Following Too Closely,,,"    (40.78515, -73.94063)",1.0,0.0,0,0,0,0,1,0,Sedan,Station Wagon/Sport Utility Vehicle,1
20807034,4782979,12/30/2024,12:02,e9b8bf43-d3b6-436e-a527-809ab6f2584e,Sedan,HYUN -CAR/SUV,2013.0,2.0,M,Permit,Going Straight Ahead,Center Back End,Center Back End,Center Back End,Center Back End,Center Back End,N,,Following Too Closely,Driver Inexperience,QUEENS,11423.0,"    (40.71125, -73.777084)",1.0,0.0,0,0,0,0,1,0,Sedan,Station Wagon/Sport Utility Vehicle,1
20638270,4718474,04/19/2024,01:54,801c9a92-a947-4362-97b2-c0700eab27d4,Sedan,FORD -CAR/SUV,2014.0,3.0,M,Licensed,Going Straight Ahead,Center Front End,Center Front End,,,,N,,Unspecified,Unspecified,BRONX,10461.0,"    (40.848633, -73.82801)",0.0,0.0,0,0,0,0,0,0,Sedan,Station Wagon/Sport Utility Vehicle,0
20611748,4707012,03/04/2024,09:30,ba90d447-7d04-4651-a644-662592b27bae,Sedan,TOYT -CAR/SUV,2014.0,0.0,M,Licensed,Parked,Center Back End,Right Rear Bumper,Center Back End,Right Rear Bumper,Right Rear Quarter Panel,N,,Unspecified,Unspecified,BROOKLYN,11208.0,"    (40.671345, -73.8709)",0.0,0.0,0,0,0,0,0,0,Pick-up Truck,Sedan,0
20687690,4692479,01/04/2024,01:45,895a6559-4791-4bfb-b730-7514d83d3ba2,Sedan,LINC -CAR/SUV,2005.0,1.0,M,Licensed,Going Straight Ahead,Right Front Bumper,Right Front Bumper,Right Front Quarter Panel,,,N,,Unsafe Speed,Aggressive Driving/Road Rage,,,"    (40.679054, -73.76184)",0.0,0.0,0,0,0,0,0,0,Sedan,Box Truck,0
20607193,4704805,02/22/2024,21:45,b14c56b6-157a-4302-ae5c-f87a51b4b980,Sedan,TOYT -CAR/SUV,2010.0,1.0,F,Licensed,Making Left Turn,Left Front Bumper,Left Front Quarter Panel,No Damage,No Damage,No Damage,N,,Driver Inattention/Distraction,Unspecified,,,"    (40.64495, -73.9249)",1.0,0.0,1,0,0,0,0,0,Sedan,,1
20670594,4733867,06/18/2024,08:00,7a749c7b-cfd6-4d5e-b287-6040796e02f7,Station Wagon/Sport Utility Vehicle,TRANS,2018.0,11.0,F,Licensed,Going Straight Ahead,Center Front End,Center Front End,Left Front Bumper,Right Front Bumper,,N,,Unspecified,Unspecified,,,"    (40.726326, -73.7662)",3.0,0.0,0,0,0,0,3,0,Station Wagon/Sport Utility Vehicle,Station Wagon/Sport Utility Vehicle,1
20596362,4700152,01/19/2024,18:45,fdbfd7e8-d087-408c-96ef-0490f88895cc,Sedan,INFI -CAR/SUV,,2.0,,,Going Straight Ahead,Right Front Bumper,Right Front Bumper,,,,Unspecified,,Aggressive Driving/Road Rage,Driver Inattention/Distraction,,,"    (40.665245, -73.87513)",0.0,0.0,0,0,0,0,0,0,Sedan,Garbage or Refuse,0
20669593,4733182,06/16/2024,21:19,2380b713-90c9-4dba-8e74-12134e6cf231,MOPED,FENG YUAN,2023.0,1.0,,,Going Straight Ahead,Center Front End,Center Front End,Right Front Bumper,Right Front Quarter Panel,,N,,Unsafe Speed,Unspecified,,,"    (40.730118, -73.86232)",0.0,0.0,0,0,0,0,0,0,Sedan,MOPED,0
20620954,4711481,03/19/2024,19:45,3076760f-2ed9-47bf-b365-245e872606ad,Sedan,TOYT -CAR/SUV,2008.0,1.0,M,Licensed,Starting from Parking,Right Rear Quarter Panel,Right Rear Quarter Panel,No Damage,No Damage,No Damage,N,,Backing Unsafely,Backing Unsafely,MANHATTAN,10039.0,"    (40.82484, -73.938805)",0.0,0.0,0,0,0,0,0,0,Sedan,Sedan,0
20628756,4714787,04/02/2024,19:25,66071a2a-28d1-4675-ab15-af013ff8df5b,Station Wagon/Sport Utility Vehicle,TOYT -CAR/SUV,2016.0,1.0,,,Backing,Center Back End,Center Back End,,,,N,,Backing Unsafely,Unspecified,BROOKLYN,11236.0,"    (40.63262, -73.91868)",0.0,0.0,0,0,0,0,0,0,Moped,Station Wagon/Sport Utility Vehicle,0
20583476,4694280,01/11/2024,14:00,c48221b2-9e6d-406f-83f9-5d21dddf9bc1,Station Wagon/Sport Utility Vehicle,NISS -CAR/SUV,2023.0,0.0,,,Parked,Right Front Quarter Panel,Right Front Quarter Panel,,,,N,,Unspecified,Unspecified,BROOKLYN,11209.0,"    (40.623528, -74.02347)",0.0,0.0,0,0,0,0,0,0,Station Wagon/Sport Utility Vehicle,Sedan,0
20784859,4772489,11/18/2024,19:12,0eb40933-48cf-4363-b74a-416cf8983261,Sedan,ACUR -CAR/SUV,2020.0,0.0,,,Making U Turn,Other,Other,,,,N,,Unspecified,Unspecified,MANHATTAN,10029.0,"    (40.799145, -73.94245)",0.0,0.0,0,0,0,0,0,0,Sedan,Sedan,0
20593012,4696844,01/16/2024,20:40,ca0e7793-9cde-4901-9998-07e012efd6b2,Sedan,BMW -CAR/SUV,2020.0,5.0,M,Permit,Going Straight Ahead,Center Back End,Center Back End,Right Rear Quarter Panel,Left Rear Bumper,Center Back End,Unspecified,,Unspecified,Unspecified,QUEENS,11413.0,"    (40.666008, -73.789536)",5.0,0.0,0,0,0,0,5,0,Sedan,Station Wagon/Sport Utility Vehicle,1
20626481,4713684,03/31/2024,15:55,0fa573d8-d2d0-424e-8f14-5982bbb98172,Sedan,KIA -CAR/SUV,2023.0,1.0,F,Licensed,Going Straight Ahead,Left Front Bumper,Left Front Bumper,No Damage,No Damage,No Damage,N,,Unspecified,Unspecified,BROOKLYN,11203.0,"    (40.654797, -73.93943)",2.0,0.0,0,0,0,0,2,0,Sedan,Sedan,1
20758489,4745943,08/06/2024,20:58,1057e90b-de22-4f3a-878d-7763ed1201aa,Sedan,NISS -CAR/SUV,2016.0,1.0,M,Licensed,Making Left Turn,Center Front End,Center Front End,Left Front Bumper,Right Front Bumper,No Damage,N,,Failure to Yield Right-of-Way,Driver Inattention/Distraction,QUEENS,11367.0,"    (40.717678, -73.81713)",1.0,0.0,1,0,0,0,0,0,Sedan,,1
20655329,4726254,05/20/2024,21:01,e9f2b972-1d85-42ca-947c-adc4269ecf07,Sedan,CHRY -CAR/SUV,2007.0,1.0,M,Licensed,Going Straight Ahead,Right Front Bumper,Center Front End,Left Front Bumper,Right Rear Quarter Panel,Right Rear Bumper,Y,,Unsafe Speed,Passing or Lane Usage Improper,STATEN ISLAND,10310.0,"    (40.63444, -74.12611)",1.0,0.0,0,0,0,0,1,0,Sedan,Sedan,1
20684046,4738283,07/03/2024,13:25,575c2681-fa1e-4619-b217-564bae00f154,Station Wagon/Sport Utility Vehicle,LEXS -CAR/SUV,2017.0,1.0,M,Licensed,Going Straight Ahead,Right Side Doors,Right Side Doors,Right Front Bumper,Right Front Quarter Panel,Center Front End,N,,Unspecified,Unspecified,BROOKLYN,11221.0,"    (40.688564, -73.93019)",11.0,0.0,0,0,0,0,11,0,Station Wagon/Sport Utility Vehicle,Station Wagon/Sport Utility Vehicle,1
20586702,4695731,01/16/2024,07:15,7ad474b1-a878-44ce-b84b-b4d163b9ce2b,Station Wagon/Sport Utility Vehicle,KIA -CAR/SUV,2021.0,1.0,M,Licensed,Going Straight Ahead,Center Front End,Center Front End,Right Front Bumper,Left Front Bumper,Center Front End,Y,,Driver Inattention/Distraction,Unsafe Speed,,,"    (40.81691, -73.934006)",0.0,0.0,0,0,0,0,0,0,Station Wagon/Sport Utility Vehicle,,0
20702526,4748398,08/16/2024,22:35,28fd68b7-2b73-4ae8-b961-c712125b6b9c,Sedan,TOYT -CAR/SUV,2024.0,1.0,M,Licensed,Parked,Left Front Quarter Panel,Left Side Doors,,,Left Front Bumper,Unspecified,,Unspecified,Unspecified,,,,0.0,0.0,0,0,0,0,0,0,Sedan,Sedan,0
20595247,4699619,02/01/2024,22:40,823f9986-ea1e-453a-bc3a-b5c19ffd83da,Motorcycle,TRUM -MCL,1966.0,2.0,M,Licensed,Going Straight Ahead,Left Front Bumper,Left Front Bumper,Undercarriage,,,N,,Unspecified,Unspecified,BROOKLYN,11217.0,,2.0,0.0,0,0,0,0,2,0,Motorcycle,,1
20627108,4714061,03/29/2024,18:55,70276a84-3ad0-4331-acc7-258f4569c444,Taxi,INFI -CAR/SUV,2016.0,2.0,M,Licensed,Going Straight Ahead,Center Front End,Right Front Bumper,Right Front Bumper,Right Front Bumper,Right Front Bumper,N,,Unspecified,Unspecified,,,"    (40.679485, -73.897026)",2.0,0.0,0,0,0,0,2,0,Taxi,Station Wagon/Sport Utility Vehicle,1
20679915,4738206,07/03/2024,14:24,4550e2f1-e860-477e-91d4-247b519e5d70,Sedan,HOND -CAR/SUV,2007.0,1.0,M,Licensed,Parked,Right Front Bumper,Right Front Bumper,Right Front Quarter Panel,Right Front Quarter Panel,Right Front Bumper,N,,Driver Inattention/Distraction,Driver Inexperience,MANHATTAN,10027.0,"    (40.806664, -73.94284)",1.0,0.0,0,0,0,0,1,0,Sedan,Bus,1
20589895,4697327,01/23/2024,12:40,c329d49d-478d-4290-8079-667814212b35,Sedan,NOVABUS,2016.0,1.0,F,Licensed,Going Straight Ahead,Right Front Bumper,Right Front Bumper,Center Front End,No Damage,No Damage,N,,Unspecified,Unspecified,MANHATTAN,10010.0,"    (40.73883, -73.983154)",1.0,0.0,0,0,1,0,0,0,Sedan,E-Bike,1
20645988,4720378,04/27/2024,17:34,11070ec7-1f03-456c-8ad9-e8b97cfe136a,Station Wagon/Sport Utility Vehicle,NISS -CAR/SUV,2019.0,4.0,M,Licensed,Going Straight Ahead,Right Rear Bumper,Center Back End,Left Rear Bumper,,,N,,Unspecified,Unspecified,QUEENS,11364.0,"    (40.733974, -73.757126)",4.0,0.0,0,0,0,0,4,0,Station Wagon/Sport Utility Vehicle,Station Wagon/Sport Utility Vehicle,1
20780745,4770639,11/12/2024,02:15,5a46050d-d68b-42bd-a163-9e410076c7b3,Sedan,NISS -CAR/SUV,2007.0,1.0,M,Licensed,Going Straight Ahead,Center Front End,Center Front End,,,,N,,Following Too Closely,Unsafe Speed,QUEENS,11101.0,"    (40.739674, -73.93458)",0.0,0.0,0,0,0,0,0,0,Sedan,Station Wagon/Sport Utility Vehicle,0
20798194,4778849,12/14/2024,11:50,7484f75d-6d25-4246-81c9-7b34849c12b1,Station Wagon/Sport Utility Vehicle,CADI -CAR/SUV,2014.0,0.0,,,Parked,Center Back End,Left Rear Bumper,Right Rear Bumper,,,N,,Unspecified,Unspecified,BROOKLYN,11224.0,"    (40.572876, -73.9949)",1.0,0.0,0,0,0,0,1,0,Sedan,Sedan,1
20783331,4772073,11/11/2024,15:00,a0e5e71a-07be-4ea6-80ea-c8d7cae0347d,Sedan,CHEV -CAR/SUV,2023.0,0.0,,,Parked,Center Back End,Center Back End,No Damage,No Damage,No Damage,N,,Unspecified,Unspecified,MANHATTAN,10013.0,"    (40.721127, -74.000984)",0.0,0.0,0,0,0,0,0,0,Sedan,Sedan,0
20666218,4731916,06/07/2024,15:05,48fad9a2-ca23-44fe-8d91-ea3d93553b8c,Sedan,HOND -CAR/SUV,2016.0,0.0,,,Parked,Left Front Bumper,Left Front Quarter Panel,Left Side Doors,Left Rear Quarter Panel,Left Rear Bumper,N,,Unspecified,Unspecified,,,,0.0,0.0,0,0,0,0,0,0,Sedan,Sedan,0
20762243,4744061,07/28/2024,22:20,7e56bb92-6668-4115-85be-19e3b32ae4ac,Moped,jiajue,2023.0,1.0,M,,Going Straight Ahead,Center Front End,No Damage,No Damage,No Damage,No Damage,N,,Driver Inexperience,Unspecified,QUEENS,11354.0,"    (40.763588, -73.83603)",1.0,0.0,0,0,0,0,1,0,Sedan,Moped,1
20778292,4769524,11/07/2024,19:25,95cd7065-22a6-4654-b47f-99e7263e3df7,Station Wagon/Sport Utility Vehicle,HOND -CAR/SUV,2020.0,1.0,M,Licensed,Merging,Left Front Quarter Panel,Left Front Quarter Panel,No Damage,No Damage,No Damage,N,,Driver Inattention/Distraction,Unspecified,BROOKLYN,11209.0,"    (40.62819, -74.02896)",1.0,0.0,0,0,1,0,0,0,Station Wagon/Sport Utility Vehicle,Bike,1
20588586,4696485,01/19/2024,18:16,268d982e-77bf-4337-8651-7569dfc81081,Sedan,TOYT -CAR/SUV,2022.0,1.0,M,Licensed,Going Straight Ahead,Center Back End,Center Back End,No Damage,No Damage,No Damage,N,,Unspecified,Unspecified,BROOKLYN,11221.0,"    (40.692482, -73.9203)",1.0,0.0,0,0,0,0,1,0,Sedan,Station Wagon/Sport Utility Vehicle,1
20679535,4737944,06/19/2024,19:30,26ff26e1-fd61-4466-9f8f-fb0e8016f438,Tractor Truck Gasoline,MACK-TRUCK/BUS,2017.0,1.0,M,Licensed,Going Straight Ahead,Center Front End,No Damage,No Damage,No Damage,No Damage,N,,Unspecified,Unspecified,QUEENS,11413.0,"    (40.650387, -73.75712)",2.0,0.0,0,0,0,0,2,0,Tractor Truck Gasoline,Sedan,1
20771447,4766226,10/24/2024,00:45,3f41e0ed-4776-4213-a4c4-8b4b644c6ae1,Station Wagon/Sport Utility Vehicle,FORD -CAR/SUV,2005.0,2.0,M,Licensed,Going Straight Ahead,Center Front End,Center Front End,No Damage,No Damage,No Damage,N,,Unspecified,Unspecified,BROOKLYN,11207.0,"    (40.663643, -73.89084)",1.0,0.0,0,0,0,0,1,0,Station Wagon/Sport Utility Vehicle,Sedan,1
20750588,4750048,08/22/2024,18:10,911a9242-cb1a-4a08-a65c-09aeeaf85604,Station Wagon/Sport Utility Vehicle,Ram,2020.0,1.0,M,Licensed,Making Left Turn,Center Front End,Center Front End,,,,N,,Unspecified,Unspecified,BROOKLYN,11214.0,"    (40.600136, -73.99087)",1.0,0.0,0,0,1,0,0,0,Station Wagon/Sport Utility Vehicle,E-Bike,1
20800818,4780006,12/18/2024,20:30,4bac21c8-302c-479c-84b5-3843148a1877,Station Wagon/Sport Utility Vehicle,VOLV -CAR/SUV,2023.0,1.0,M,Licensed,Going Straight Ahead,Left Side Doors,No Damage,No Damage,No Damage,No Damage,Unspecified,,Unspecified,Unspecified,BROOKLYN,11205.0,"    (40.69621, -73.961586)",0.0,0.0,0,0,0,0,0,0,Station Wagon/Sport Utility Vehicle,Station Wagon/Sport Utility Vehicle,0
20737658,4741609,07/19/2024,10:25,63857f53-3565-4425-b853-7415defb1181,Sedan,ACUR -CAR/SUV,2023.0,0.0,F,Licensed,Parked,Right Front Bumper,Center Front End,Center Front End,Center Front End,Center Front End,N,,Unspecified,Unspecified,MANHATTAN,10012.0,"    (40.721485, -73.995125)",0.0,0.0,0,0,0,0,0,0,Sedan,,0
20591536,4697946,01/26/2024,12:20,e231a772-64f4-4de4-8189-128be1077385,Taxi,TOYT -CAR/SUV,2022.0,1.0,M,Licensed,Going Straight Ahead,Center Back End,Right Rear Bumper,Left Rear Bumper,,,N,,Alcohol Involvement,Unspecified,BRONX,10461.0,"    (40.85474, -73.85688)",1.0,0.0,0,0,0,0,1,0,Taxi,Station Wagon/Sport Utility Vehicle,1
20700050,4725101,05/16/2024,03:44,73718708-1632-4bdd-9d2f-5b46034bd3fa,Taxi,MERZ -CAR/SUV,2019.0,1.0,M,Licensed,Going Straight Ahead,Left Front Quarter Panel,Left Front Quarter Panel,Left Front Bumper,,,N,,Unspecified,Unspecified,BRONX,10469.0,"    (40.876858, -73.85925)",1.0,0.0,0,0,1,0,0,0,Taxi,Bike,1
20691008,4743139,07/26/2024,04:00,f71f0607-9ea9-4b95-8ead-2d2f75748f20,Sedan,FORD -CAR/SUV,2024.0,1.0,M,Licensed,Going Straight Ahead,Center Back End,Center Back End,Left Rear Bumper,Right Rear Bumper,Center Back End,N,,Unspecified,Alcohol Involvement,,,,0.0,0.0,0,0,0,0,0,0,Sedan,Convertible,0
20651698,4725206,05/12/2024,05:00,a889eff5-6064-4684-a621-7c0650356146,Station Wagon/Sport Utility Vehicle,TOYT -CAR/SUV,2015.0,2.0,M,Licensed,Going Straight Ahead,Center Back End,Center Back End,Left Rear Bumper,Right Rear Bumper,No Damage,N,,Unspecified,Unspecified,BRONX,10452.0,"    (40.844234, -73.92363)",0.0,0.0,0,0,0,0,0,0,Station Wagon/Sport Utility Vehicle,,0
20633800,4717111,04/12/2024,22:35,d04bc4bf-68d2-4f08-a316-5b88545518cb,Sedan,PORS -CAR/SUV,2021.0,1.0,,,Going Straight Ahead,Right Front Bumper,Right Front Bumper,Center Front End,Left Front Quarter Panel,,N,,Other Vehicular,Other Vehicular,QUEENS,11385.0,"    (40.70433, -73.91208)",0.0,0.0,0,0,0,0,0,0,Sedan,Sedan,0