UNIQUE_ID,COLLISION_ID,CRASH_DATE,CRASH_TIME,VEHICLE_ID,VEHICLE_TYPE,VEHICLE_MAKE,VEHICLE_YEAR,VEHICLE_OCCUPANTS,DRIVER_SEX,DRIVER_LICENSE_STATUS,PRE_CRASH,POINT_OF_IMPACT,VEHICLE_DAMAGE,VEHICLE_DAMAGE_1,VEHICLE_DAMAGE_2,VEHICLE_DAMAGE_3,PUBLIC_PROPERTY_DAMAGE,PUBLIC_PROPERTY_DAMAGE_TYPE,CONTRIBUTING_FACTOR_1,CONTRIBUTING_FACTOR_2,BOROUGH,ZIP CODE,LOCATION,NUMBER OF PERSONS INJURED,NUMBER OF PERSONS KILLED,NUMBER OF PEDESTRIANS INJURED,NUMBER OF PEDESTRIANS KILLED,NUMBER OF CYCLIST INJURED,NUMBER OF CYCLIST KILLED,NUMBER OF MOTORIST INJURED,NUMBER OF MOTORIST KILLED,VEHICLE TYPE CODE 1,VEHICLE TYPE CODE 2,Severity
20784265,4772393,11/15/2024,20:00,a6960e90-1079-4af9-baa4-b8f9abe02230,Sedan,TOYT -CAR/SUV,2024.0,0.0,M,Licensed,Stopped in Traffic,Center Back End,Center Back End,No Damage,No Damage,No Damage,N,,Unspecified,Unspecified,,,"    (40.788906, -73.93765)",1.0,0.0,0,0,0,0,1,0,Sedan,Station Wagon/Sport Utility Vehicle,1
20625741,4713454,03/29/2024,12:30,6bd9de2e-7dbd-4fae-a900-84d13e73b52d,Sedan,NISS -CAR/SUV,2013.0,1.0,M,Licensed,Going Straight Ahead,Center Front End,Center Front End,Right Front Bumper,Left Front Bumper,,N,,Unspecified,Unspecified,BROOKLYN,11234.0,"    (40.611607, -73.93716)",1.0,0.0,0,0,0,0,1,0,Sedan,Sedan,1
20638411,4719189,04/22/2024,07:00,c0b38cbb-6369-4ba5-92f0-a34a7cd6cd67,Station Wagon/Sport Utility Vehicle,NOVB,2023.0,1.0,M,Licensed,Going Straight Ahead,Right Front Bumper,No Damage,,,,N,,Driver Inattention/Distraction,Traffic Control Disregarded,QUEENS,11419.0,"    (40.68546, -73.82925)",1.0,0.0,1,0,0,0,0,0,Station Wagon/Sport Utility Vehicle,,1
20586997,4695833,01/17/2024,14:50,944264cd-598d-4674-b39f-0a49d381d8d9,Pick-up Truck,TOYT -CAR/SUV,2023.0,1.0,M,Licensed,Slowing or Stopping,Center Back End,Right Rear Bumper,Left Rear Bumper,,,N,,Unspecified,Unspecified,,,"    (40.662178, -73.85025)",0.0,0.0,0,0,0,0,0,0,Pick-up Truck,Sedan,0
20752870,4749197,07/26/2024,08:45,2cdea39e-45be-4e60-a4a8-362b7ccc0a37,Sedan,CHEV -CAR/SUV,2022.0,1.0,F,Licensed,Other*,Center Front End,Center Front End,,,,N,,View Obstructed/Limited,Unspecified,BRONX,10472.0,"    (40.835335, -73.87001)",1.0,0.0,0,0,0,0,1,0,Bus,Sedan,1
20677807,4737143,07/01/2024,16:20,d8548e0e-2fb3-4746-a5d8-f9b5044c5852,Pick-up Truck,HOND -CAR/SUV,2017.0,1.0,M,Licensed,Making Right Turn,Right Side Doors,Right Side Doors,Right Rear Quarter Panel,,,N,,Turning Improperly,Passing Too Closely,QUEENS,11432.0,"    (40.70742, -73.792175)",0.0,0.0,0,0,0,0,0,0,Pick-up Truck,Sedan,0
20620041,4710911,03/19/2024,15:20,38bd3eb0-1f53-46ee-9acf-7a6c072098d6,Station Wagon/Sport Utility Vehicle,DODG -CAR/SUV,2019.0,1.0,M,Licensed,Going Straight Ahead,Center Front End,Center Front End,Left Front Bumper,Right Front Bumper,Right Front Quarter Panel,N,,Driver Inattention/Distraction,Unspecified,BRONX,10469.0,"    (40.8781, -73.85339)",2.0,0.0,0,0,0,0,2,0,Station Wagon/Sport Utility Vehicle,Station Wagon/Sport Utility Vehicle,1
20673356,4735158,06/20/2024,16:15,201e751f-02d8-4bc7-9114-2cfdeea6da15,Station Wagon/Sport Utility Vehicle,FORD -CAR/SUV,2023.0,1.0,M,Licensed,Making U Turn,Right Front Quarter Panel,Right Front Quarter Panel,,,,Unspecified,,Turning Improperly,Driver Inexperience,MANHATTAN,10033.0,"    (40.843433, -73.93433)",2.0,0.0,1,0,0,0,1,0,Station Wagon/Sport Utility Vehicle,Sedan,1
20805505,4782116,12/15/2024,14:00,4701baa2-8576-4c4e-9ab9-1c36dfcd0232,,TOYT -CAR/SUV,2015.0,1.0,,,Going Straight Ahead,Center Front End,Center Front End,,,,N,,Following Too Closely,Driver Inattention/Distraction,,,"    (40.896595, -73.86081)",0.0,0.0,0,0,0,0,0,0,Sedan,,0
20615272,4708836,03/11/2024,18:02,cd5029db-4f45-4019-ba4f-b9c815ad7bd1,Station Wagon/Sport Utility Vehicle,SUBA -CAR/SUV,2011.0,1.0,M,Licensed,Changing Lanes,Left Front Bumper,Left Front Bumper,,,,Unspecified,,Passing or Lane Usage Improper,Unspecified,BRONX,10459.0,"    (40.822235, -73.88746)",0.0,0.0,0,0,0,0,0,0,Station Wagon/Sport Utility Vehicle,Station Wagon/Sport Utility Vehicle,0
20746101,4757722,09/19/2024,20:00,6ad25fa9-223a-4d0c-a1d7-bb2ebf53b199,Sedan,HOND -CAR/SUV,2011.0,1.0,M,Licensed,Making Left Turn,Left Front Quarter Panel,Left Front Quarter Panel,Left Front Quarter Panel,,,N,,Driver Inattention/Distraction,Unspecified,BROOKLYN,11222.0,"    (40.73265, -73.95468)",1.0,0.0,0,0,0,0,1,0,Sedan,Moped,1
20768581,4764938,10/19/2024,12:15,cf2e4ef9-81e8-42af-bbdc-da0f44f2f5cc,Sedan,NISS -CAR/SUV,2016.0,1.0,M,Licensed,Going Straight Ahead,Center Front End,Center Front End,Center Front End,Center Front End,,Unspecified,,Unspecified,Unspecified,QUEENS,11365.0,"    (40.741848, -73.78209)",0.0,0.0,0,0,0,0,0,0,Sedan,Sedan,0
20804001,4781537,12/23/2024,08:29,71b7dd26-f92b-440a-b5f3-8a5db6ef2b1c,Sedan,NISS -CAR/SUV,2019.0,0.0,,,Parked,Left Rear Quarter Panel,Left Rear Quarter Panel,Left Rear Bumper,Left Side Doors,Center Front End,N,,Unspecified,Unspecified,BROOKLYN,11231.0,"    (40.684696, -74.0008)",0.0,0.0,0,0,0,0,0,0,Station Wagon/Sport Utility Vehicle,Sedan,0
20795786,4777724,12/09/2024,12:11,605a40e1-947c-4354-8214-b778633dcf2a,Sedan,LEXS -CAR/SUV,2022.0,0.0,,,Parked,Left Side Doors,Left Front Quarter Panel,No Damage,No Damage,No Damage,N,,Unspecified,Unspecified,STATEN ISLAND,10312.0,"    (40.52548, -74.18784)",0.0,0.0,0,0,0,0,0,0,Sedan,,0
20755141,4758155,09/19/2024,22:30,f5ef8760-e305-4c88-9c87-53885314a8d5,Sedan,TESL -CAR/SUV,2023.0,0.0,M,Licensed,Parked,Left Front Bumper,Left Front Quarter Panel,No Damage,No Damage,No Damage,N,,Unspecified,Unspecified,BRONX,10467.0,"    (40.87241, -73.87989)",0.0,0.0,0,0,0,0,0,0,Sedan,,0
20622873,4712166,03/25/2024,01:00,59cf2e3b-e6e1-402b-8bae-1c6fab0cdea0,Station Wagon/Sport Utility Vehicle,MAZD -CAR/SUV,2021.0,0.0,,,Parked,Left Front Quarter Panel,Left Front Quarter Panel,Left Front Bumper,Right Rear Bumper,Center Back End,N,,Unspecified,Unspecified,QUEENS,11367.0,"    (40.725143, -73.82777)",2.0,0.0,0,0,0,0,2,0,Sedan,Station Wagon/Sport Utility Vehicle,1
20763771,4750886,08/23/2024,13:20,fef47e94-a64f-4eb2-a14d-901a2d59f849,Sedan,TOYT -CAR/SUV,2023.0,1.0,M,Licensed,Making Right Turn,Left Side Doors,Left Side Doors,Left Front Quarter Panel,No Damage,No Damage,N,,Turning Improperly,Unsafe Lane Changing,QUEENS,11413.0,"    (40.666172, -73.76265)",1.0,0.0,0,0,0,0,1,0,Sedan,Station Wagon/Sport Utility Vehicle,1
20801612,4780416,12/20/2024,17:15,d318cab3-eac1-472f-8ebd-6e5737b29d98,Station Wagon/Sport Utility Vehicle,TOYT -CAR/SUV,2021.0,2.0,F,Licensed,Going Straight Ahead,Center Front End,Center Front End,Right Front Bumper,No Damage,No Damage,Unspecified,,Unspecified,Unspecified,,,"    (40.847897, -73.92499)",0.0,0.0,0,0,0,0,0,0,Flat Bed,Station Wagon/Sport Utility Vehicle,0
20803519,4781249,12/22/2024,10:00,2449f199-ba70-42ff-a242-9b8f73cdaf65,,AUDI -CAR/SUV,2018.0,,,,,,,,,,Unspecified,,,,QUEENS,11385.0,"    (40.712902, -73.906075)",0.0,0.0,0,0,0,0,0,0,Station Wagon/Sport Utility Vehicle,,0
20601329,4702435,02/13/2024,07:50,e4bf7c07-93dd-4220-b945-fea613da5bb8,Station Wagon/Sport Utility Vehicle,HOND -CAR/SUV,2015.0,1.0,M,Licensed,Going Straight Ahead,Right Front Quarter Panel,Right Front Quarter Panel,No Damage,No Damage,No Damage,N,,Pavement Slippery,Unspecified,,,"    (40.706722, -73.77423)",2.0,0.0,0,0,0,0,2,0,Station Wagon/Sport Utility Vehicle,Van,1
20620844,4711225,03/19/2024,21:50,585ccca2-8aeb-4822-b82e-4e0f7a023f4d,Sedan,HOND -CAR/SUV,2018.0,1.0,M,Licensed,Going Straight Ahead,Left Front Bumper,Left Front Bumper,,,,N,,Unspecified,Unspecified,QUEENS,11356.0,"    (40.78941, -73.847984)",0.0,0.0,0,0,0,0,0,0,Sedan,,0
20630096,4715260,04/05/2024,17:07,14214c34-ef70-4ceb-a2b6-944817a3f30b,Sedan,NISS -CAR/SUV,2012.0,1.0,M,Licensed,Making Left Turn,Left Front Bumper,No Damage,No Damage,No Damage,No Damage,N,,Failure to Yield Right-of-Way,Unspecified,BRONX,10462.0,"    (40.83553, -73.86317)",1.0,0.0,1,0,0,0,0,0,Sedan,,1
20611137,4706585,03/03/2024,13:10,29cd050a-3a0d-4f2e-83fa-20c137c2bfbe,Sedan,TOYT -CAR/SUV,2016.0,3.0,F,Licensed,Stopped in Traffic,Left Rear Quarter Panel,Left Rear Quarter Panel,,,,N,,Unspecified,Unspecified,QUEENS,11411.0,"    (40.692104, -73.74273)",0.0,0.0,0,0,0,0,0,0,Sedan,Sedan,0
20645185,4722402,05/04/2024,15:27,9318627c-8a07-4f00-8e5f-fafab2c4dfa2,Sedan,TESL -CAR/SUV,2020.0,1.0,M,Licensed,Going Straight Ahead,Left Front Bumper,Center Front End,No Damage,No Damage,No Damage,N,,Unspecified,Unspecified,BROOKLYN,11217.0,"    (40.68627, -73.97812)",0.0,0.0,0,0,0,0,0,0,Sedan,Sedan,0
20745899,4760700,09/28/2024,12:50,b0ebf12d-e1c0-40f0-8e63-d3e625f1a7fb,Station Wagon/Sport Utility Vehicle,TOYT -CAR/SUV,2015.0,1.0,F,Licensed,Going Straight Ahead,Left Side Doors,Left Side Doors,No Damage,No Damage,No Damage,N,,View Obstructed/Limited,Driver Inattention/Distraction,MANHATTAN,10013.0,"    (40.722755, -74.00658)",0.0,0.0,0,0,0,0,0,0,Station Wagon/Sport Utility Vehicle,,0
20675983,4736355,06/28/2024,04:08,4364a476-3632-4dfb-823c-8e281f85cac0,Station Wagon/Sport Utility Vehicle,JEEP -CAR/SUV,2022.0,0.0,,,Parked,Center Back End,Right Rear Bumper,,,,N,,Unspecified,Alcohol Involvement,MANHATTAN,10065.0,"    (40.764534, -73.963974)",0.0,0.0,0,0,0,0,0,0,Sedan,Sedan,0
20784774,4772512,11/17/2024,04:44,d1dbedf8-8f47-4d85-810e-72cd9cbf8aa9,Sedan,ACUR -CAR/SUV,2005.0,0.0,,,Parked,Center Back End,Center Back End,Left Rear Quarter Panel,Left Rear Bumper,Right Rear Bumper,N,,Unspecified,Unspecified,MANHATTAN,10034.0,"    (40.871193, -73.91409)",0.0,0.0,0,0,0,0,0,0,Sedan,Sedan,0
20666854,4732312,06/13/2024,02:30,b2705dd9-1ae7-4a0b-9b3f-dcc2334cb18e,Sedan,CHEV -CAR/SUV,2010.0,0.0,,,Parked,Center Back End,Center Back End,Center Front End,,,N,,Unspecified,Unspecified,,,"    (40.715527, -73.96642)",0.0,0.0,0,0,0,0,0,0,Sedan,Station Wagon/Sport Utility Vehicle,0
20630786,4715758,04/09/2024,01:47,317711cd-ee9c-49cd-9142-074f7d018073,Station Wagon/Sport Utility Vehicle,CHRY -CAR/SUV,2021.0,0.0,,,Parked,Left Side Doors,Left Side Doors,Left Front Quarter Panel,Left Front Bumper,,N,,Unspecified,Unspecified,QUEENS,11358.0,"    (40.770046, -73.79327)",0.0,0.0,0,0,0,0,0,0,Station Wagon/Sport Utility Vehicle,Station Wagon/Sport Utility Vehicle,0
20623418,4712344,03/24/2024,16:30,51608ba7-e71f-4380-ae57-25da0fe85ffb,Sedan,MERZ -CAR/SUV,2020.0,0.0,,,Parked,Left Front Bumper,Left Front Bumper,,,,N,,Unspecified,Unspecified,QUEENS,11358.0,"    (40.76643, -73.78864)",0.0,0.0,0,0,0,0,0,0,Sedan,,0
20783030,4771707,11/15/2024,10:15,51b65ce4-120e-4057-812d-cd3a66909fb3,Station Wagon/Sport Utility Vehicle,HOND -CAR/SUV,2022.0,0.0,,,Parked,Left Rear Quarter Panel,Left Rear Bumper,,,,N,,Unspecified,Unspecified,BROOKLYN,11221.0,"    (40.692627, -73.92367)",0.0,0.0,0,0,0,0,0,0,Station Wagon/Sport Utility Vehicle,Station Wagon/Sport Utility Vehicle,0
20675318,4736067,06/25/2024,17:15,a8cf47a9-b305-4088-a73a-dfc88707c874,Station Wagon/Sport Utility Vehicle,GMC -CAR/SUV,2003.0,1.0,M,Licensed,Making Left Turn,Left Front Bumper,No Damage,No Damage,No Damage,No Damage,N,,Failure to Yield Right-of-Way,Unspecified,,,"    (40.685356, -73.93853)",1.0,0.0,1,0,0,0,0,0,Station Wagon/Sport Utility Vehicle,,1
20741060,4755219,09/11/2024,16:55,e6f969ad-db6c-41dd-9a7f-4cd0354c9236,Station Wagon/Sport Utility Vehicle,HOND -CAR/SUV,2005.0,1.0,M,Licensed,Going Straight Ahead,Right Side Doors,Right Side Doors,,,,N,,Unspecified,Unspecified,BRONX,10456.0,"    (40.827644, -73.90651)",0.0,0.0,0,0,0,0,0,0,Sedan,Station Wagon/Sport Utility Vehicle,0
20588217,4696343,01/20/2024,09:00,8e960ad7-d042-4bcf-ba30-e9e2334a6a53,Station Wagon/Sport Utility Vehicle,NISS -CAR/SUV,2023.0,1.0,M,Licensed,Going Straight Ahead,Left Side Doors,Left Side Doors,Left Rear Quarter Panel,,,N,,Unspecified,Unspecified,,,"    (40.665638, -73.995995)",1.0,0.0,0,0,0,0,1,0,Sedan,Station Wagon/Sport Utility Vehicle,1
20605258,4704269,02/16/2024,17:40,50a63dda-4c6d-4b53-9ab5-233c13270861,Box Truck,FORD-TRUCK/BUS,2024.0,0.0,M,Licensed,Making Left Turn,Right Front Quarter Panel,Right Side Doors,,,,N,,Unspecified,Unspecified,BRONX,10468.0,"    (40.862747, -73.90494)",0.0,0.0,0,0,0,0,0,0,Sedan,Box Truck,0
20602228,4702816,02/15/2024,10:27,3f378b60-f80b-4653-9cb8-c9e94fcfb661,Station Wagon/Sport Utility Vehicle,NISS -CAR/SUV,2015.0,1.0,M,Licensed,Making Right Turn,Left Front Bumper,Left Front Bumper,,,,N,,Unspecified,Unspecified,BROOKLYN,11210.0,"    (40.61721, -73.945076)",1.0,0.0,0,0,0,0,0,0,Station Wagon/Sport Utility Vehicle,E-Scooter,1
20745093,4756213,09/14/2024,07:00,79fbe162-0272-4dda-b539-c3f335084461,Sedan,CHRY -CAR/SUV,2012.0,0.0,,,Parked,Left Rear Quarter Panel,Left Rear Quarter Panel,Center Front End,Center Front End,,N,,Unspecified,Unspecified,BROOKLYN,11225.0,"    (40.66655, -73.96098)",0.0,0.0,0,0,0,0,0,0,Sedan,Convertible,0
20678366,4737471,06/30/2024,16:30,f8e74839-7834-4412-a92b-ffa6836f862e,Sedan,NISS -CAR/SUV,2023.0,2.0,F,Licensed,Going Straight Ahead,Center Back End,Center Back End,No Damage,No Damage,No Damage,N,,Unspecified,Unspecified,QUEENS,11373.0,"    (40.738323, -73.8856)",1.0,0.0,0,0,0,0,1,0,Sedan,Sedan,1
20719680,4753447,09/05/2024,15:56,0776303f-2f51-4e69-a316-f0a8fefda12a,Sedan,HOND -CAR/SUV,2013.0,1.0,M,Licensed,Slowing or Stopping,Center Back End,Center Back End,Left Rear Bumper,No Damage,No Damage,N,,Unspecified,Unspecified,,,"    (40.64254, -73.87652)",0.0,0.0,0,0,0,0,0,0,Station Wagon/Sport Utility Vehicle,Sedan,0
20785820,4772685,11/19/2024,19:00,8727f25c-b1e5-47de-9f01-fdac52ff4d5e,Sedan,TOYT -CAR/SUV,2013.0,1.0,M,Licensed,Making Left Turn,Center Front End,No Damage,No Damage,No Damage,No Damage,N,,Unspecified,Unspecified,BROOKLYN,11208.0,"    (40.673546, -73.86667)",1.0,0.0,0,0,0,0,1,0,Sedan,Moped,1
20626122,4713602,03/30/2024,22:35,f307e3c2-2fc8-4148-bcd4-63e884262b7e,Sedan,INFI -CAR/SUV,2010.0,2.0,,,Parked,Left Side Doors,Left Side Doors,Right Front Bumper,,,N,,Unspecified,Unspecified,BROOKLYN,11237.0,"    (40.70543, -73.9181)",0.0,0.0,0,0,0,0,0,0,Sedan,,0
20737845,4744253,07/27/2024,05:00,94223d6c-ca05-4d56-9b99-9ea246f5d13f,Station Wagon/Sport Utility Vehicle,TOYT -CAR/SUV,2018.0,0.0,,,Parked,Center Back End,Right Rear Bumper,,,,N,,Unspecified,Unspecified,STATEN ISLAND,10309.0,"    (40.54815, -74.21887)",0.0,0.0,0,0,0,0,0,0,Station Wagon/Sport Utility Vehicle,Station Wagon/Sport Utility Vehicle,0
20717531,4755248,09/08/2024,21:50,e3df41f0-438b-4eae-aa48-9d5e5989349e,Station Wagon/Sport Utility Vehicle,HOND -CAR/SUV,2019.0,1.0,F,Licensed,Going Straight Ahead,Right Front Bumper,No Damage,No Damage,,,N,,Unspecified,Unspecified,,,,1.0,0.0,1,0,0,0,0,0,Station Wagon/Sport Utility Vehicle,,1
20634467,4717416,04/09/2024,15:40,177b1cce-fecc-42b8-841d-2dfa7278d794,Sedan,HOND -CAR/SUV,2021.0,1.0,F,Licensed,Going Straight Ahead,Right Front Quarter Panel,Right Front Quarter Panel,No Damage,No Damage,No Damage,N,,Unspecified,Unspecified,,,"    (40.805077, -73.91092)",1.0,0.0,0,0,0,0,1,0,Sedan,,1
20795431,4777553,12/07/2024,03:34,b877fed9-2395-4faf-907d-fc008af68a01,Sedan,MCLAREN,2018.0,2.0,M,Licensed,Going Straight Ahead,Right Rear Bumper,Center Front End,,,,N,,Unspecified,Unspecified,,,"    (40.807518, -73.92611)",1.0,0.0,0,0,0,0,1,0,Sedan,,1
20745801,4748760,08/17/2024,18:00,e5414903-d293-4d49-9418-c863f94bc871,Station Wagon/Sport Utility Vehicle,CHEV -CAR/SUV,2011.0,4.0,F,Licensed,Stopped in Traffic,Center Back End,Center Back End,Right Rear Bumper,Left Rear Bumper,No Damage,N,,Unspecified,Unspecified,BROOKLYN,11201.0,"    (40.69977, -73.98294)",0.0,0.0,0,0,0,0,0,0,Station Wagon/Sport Utility Vehicle,Sedan,0
20632927,4716744,04/12/2024,02:08,c972119f-7d22-437e-b6b5-fd922464acf3,Station Wagon/Sport Utility Vehicle,FORD -CAR/SUV,2022.0,3.0,F,Licensed,Going Straight Ahead,Right Side Doors,Right Side Doors,Right Side Doors,Right Side Doors,Right Side Doors,N,,Driver Inattention/Distraction,Driver Inattention/Distraction,BROOKLYN,11219.0,"    (40.63837, -73.997665)",0.0,0.0,0,0,0,0,0,0,Sedan,Station Wagon/Sport Utility Vehicle,0
20636728,4718488,04/17/2024,00:00,1333c0a4-cfd8-430d-934d-2cd16f7790d3,Sedan,AUDI -CAR/SUV,2004.0,1.0,M,Licensed,Going Straight Ahead,Right Front Quarter Panel,Right Front Quarter Panel,,,,N,,Driver Inattention/Distraction,Unspecified,BRONX,10458.0,"    (40.861107, -73.89028)",1.0,0.0,0,0,0,0,1,0,MOPED,Sedan,1
20740071,4751029,08/23/2024,22:04,9aacb364-7370-4f0b-a26f-9ba4597a7cbd,Motorcycle,KAWK -MCL,2015.0,1.0,M,Licensed,Going Straight Ahead,Center Front End,Left Front Quarter Panel,,,,N,,Unsafe Speed,Unsafe Speed,BROOKLYN,11205.0,"    (40.697716, -73.96488)",1.0,0.0,0,0,0,0,1,0,Taxi,Motorcycle,1
20578391,4692066,01/02/2024,07:20,2f8ae393-d20e-4b1e-b9d0-e04155e2232a,Station Wagon/Sport Utility Vehicle,HYUN -CAR/SUV,2021.0,1.0,F,Licensed,Going Straight Ahead,Right Rear Quarter Panel,Right Rear Quarter Panel,Right Side Doors,,,N,,Unsafe Speed,Unsafe Speed,BRONX,10466.0,"    (40.897625, -73.85625)",0.0,0.0,0,0,0,0,0,0,Station Wagon/Sport Utility Vehicle,Bus,0
20702192,4748084,08/14/2024,08:50,733982c4-1f68-484f-ad10-9a234bcca1fb,Sedan,VOLK -CAR/SUV,2013.0,2.0,M,Licensed,Slowing or Stopping,Right Rear Bumper,Right Rear Bumper,Right Rear Quarter Panel,Center Back End,,N,,Unspecified,Unspecified,,,"    (40.62308, -74.1759)",0.0,0.0,0,0,0,0,0,0,Sedan,,0
20684568,4740290,07/13/2024,03:10,550b824f-268b-442a-a982-4e3c308149ff,,ACUR -CAR/SUV,2023.0,,,,Going Straight Ahead,Right Front Bumper,Right Front Bumper,Left Rear Quarter Panel,,,Unspecified,,Unspecified,Unspecified,BROOKLYN,11223.0,"    (40.60776, -73.97279)",2.0,0.0,0,0,0,0,2,0,Station Wagon/Sport Utility Vehicle,Station Wagon/Sport Utility Vehicle,1
20710344,4750456,08/24/2024,14:55,cecb1244-b75f-48f4-8c3c-107b1d95116c,Station Wagon/Sport Utility Vehicle,LNDR -CAR/SUV,2020.0,2.0,F,Licensed,Stopped in Traffic,Center Back End,Center Back End,Left Rear Bumper,Right Rear Bumper,No Damage,N,,Unspecified,Unspecified,,,,1.0,0.0,0,0,0,0,1,0,Station Wagon/Sport Utility Vehicle,Station Wagon/Sport Utility Vehicle,1
20643454,4721446,05/02/2024,14:20,d6e5e895-b6c5-41fa-9c18-95cf017cfa99,Station Wagon/Sport Utility Vehicle,LEXS -CAR/SUV,2023.0,1.0,F,Licensed,Going Straight Ahead,Left Rear Quarter Panel,Left Rear Quarter Panel,,,,N,,Unspecified,Unspecified,BROOKLYN,11207.0,"    (40.677208, -73.89723)",0.0,0.0,0,0,0,0,0,0,Station Wagon/Sport Utility Vehicle,Bus,0
20665919,4731847,06/06/2024,18:06,8274f9fc-3be5-49a1-a14e-c5f453429fd5,subn,ford,2020.0,1.0,M,Licensed,Changing Lanes,Left Rear Quarter Panel,Left Rear Quarter Panel,,,,Unspecified,,Unsafe Lane Changing,Unspecified,,,,0.0,0.0,0,0,0,0,0,0,pick,subn,0
20762540,4745121,08/03/2024,14:30,2adedb8f-030b-450e-8d1a-8193b5d667ab,Station Wagon/Sport Utility Vehicle,SUBA -CAR/SUV,2008.0,1.0,M,Licensed,Making Right Turn,Center Front End,No Damage,No Damage,No Damage,No Damage,N,,Unspecified,Unspecified,,,"    (40.769955, -73.836426)",1.0,0.0,0,0,1,0,0,0,Station Wagon/Sport Utility Vehicle,Bike,1
20598327,4700991,02/07/2024,14:30,9853abb1-f771-4472-9da8-970c384c50df,Station Wagon/Sport Utility Vehicle,LEXS -CAR/SUV,2020.0,1.0,M,Licensed,Making Right Turn,Left Front Bumper,Left Front Bumper,,,,N,,Unspecified,Unspecified,QUEENS,11417.0,"    (40.676243, -73.84792)",0.0,0.0,0,0,0,0,0,0,Station Wagon/Sport Utility Vehicle,Sedan,0
20765947,4763779,10/15/2024,18:49,967ad185-2329-4ce3-bdb7-65baa0c70d06,Sedan,JEEP -CAR/SUV,2012.0,1.0,M,Licensed,Making Left Turn,Right Side Doors,Right Side Doors,Right Rear Quarter Panel,Right Front Quarter Panel,No Damage,N,,Unspecified,Unspecified,BROOKLYN,11215.0,"    (40.673977, -73.9857)",0.0,0.0,0,0,0,0,0,0,Sedan,Moped,0
20745911,4744672,07/27/2024,07:00,dba690b1-e90c-486b-a574-5a2ed366d23e,Tractor Truck Diesel,MACK-TRUCK/BUS,2018.0,1.0,M,,Making Right Turn,Center Back End,Center Back End,Trailer,Trailer,Center Back End,N,,Passing Too Closely,Driver Inattention/Distraction,BRONX,10464.0,"    (40.848022, -73.78954)",0.0,0.0,0,0,0,0,0,0,Station Wagon/Sport Utility Vehicle,Tractor Truck Diesel,0
20778843,4769652,11/07/2024,09:54,8611ab1a-4b75-4d39-8098-89f2686f2c18,Sedan,HYUN -CAR/SUV,2020.0,1.0,F,Licensed,Starting from Parking,Left Front Bumper,Right Front Bumper,Center Front End,,,N,,Driver Inattention/Distraction,Driver Inattention/Distraction,STATEN ISLAND,10308.0,"    (40.546604, -74.15969)",1.0,0.0,0,0,0,0,1,0,Sedan,,1
20639037,4719364,04/23/2024,05:45,40fcc918-8c77-4f1b-9473-a320a7ac485d,Sedan,NISS -CAR/SUV,2015.0,0.0,,,Parked,Left Rear Bumper,Left Rear Bumper,Left Rear Quarter Panel,Center Back End,,N,,Unspecified,Unspecified,QUEENS,11369.0,"    (40.75907, -73.88126)",0.0,0.0,0,0,0,0,0,0,Sedan,,0
20748170,4761380,10/04/2024,14:50,fe84799c-b8a5-405a-9745-0a20e6035ead,Sedan,TOYT -CAR/SUV,2020.0,0.0,M,Licensed,Going Straight Ahead,Center Front End,No Damage,No Damage,No Damage,No Damage,N,,Traffic Control Disregarded,Pedestrian/Bicyclist/Other Pedestrian Error/Confusion,,,"    (40.8575, -73.849365)",1.0,0.0,0,0,0,0,0,0,Sedan,E-Scooter,1
20751839,4747878,08/14/2024,00:00,44494157-a035-4d1c-9af2-998d4cc7b8af,Sedan,CHEV -CAR/SUV,2012.0,1.0,M,Licensed,Going Straight Ahead,Left Rear Quarter Panel,Left Rear Quarter Panel,Left Rear Bumper,Left Side Doors,,N,,Unspecified,Unspecified,BRONX,10475.0,"    (40.884827, -73.8261)",0.0,0.0,0,0,0,0,0,0,Sedan,Sedan,0
20708826,4751257,08/24/2024,23:46,412c78cb-de2a-44cc-8732-0f63cbaeea6f,Sedan,JEEP -CAR/SUV,2024.0,1.0,M,Licensed,Making Left Turn,Right Front Bumper,Right Front Bumper,Center Front End,No Damage,No Damage,N,,Unspecified,Unspecified,,,,2.0,0.0,0,0,0,0,2,0,Bus,Sedan,1
20780481,4770512,11/07/2024,07:21,f0f594f2-f001-46c1-aba4-12c76b0deca7,Sedan,BMW -CAR/SUV,2017.0,0.0,F,Licensed,Going Straight Ahead,Right Side Doors,Right Rear Quarter Panel,No Damage,No Damage,No Damage,N,,Unspecified,Unspecified,BROOKLYN,11201.0,"    (40.68984, -73.97862)",0.0,0.0,0,0,0,0,0,0,Sedan,Sedan,0
20660331,4729398,06/02/2024,01:30,dafbf54b-a5a0-4c34-9a40-300ab48de5c9,Station Wagon/Sport Utility Vehicle,JEEP -CAR/SUV,2016.0,2.0,M,Unlicensed,Going Straight Ahead,Center Front End,Center Front End,Right Front Bumper,Left Front Bumper,Right Front Quarter Panel,Y,,Unsafe Speed,Traffic Control Disregarded,,,"    (40.86811, -73.91976)",3.0,0.0,0,0,0,0,3,0,Station Wagon/Sport Utility Vehicle,Station Wagon/Sport Utility Vehicle,1