UNIQUE_ID,COLLISION_ID,CRASH_DATE,CRASH_TIME,VEHICLE_ID,VEHICLE_TYPE,VEHICLE_MAKE,VEHICLE_YEAR,VEHICLE_OCCUPANTS,DRIVER_SEX,DRIVER_LICENSE_STATUS,PRE_CRASH,POINT_OF_IMPACT,VEHICLE_DAMAGE,VEHICLE_DAMAGE_1,VEHICLE_DAMAGE_2,VEHICLE_DAMAGE_3,PUBLIC_PROPERTY_DAMAGE,PUBLIC_PROPERTY_DAMAGE_TYPE,CONTRIBUTING_FACTOR_1,CONTRIBUTING_FACTOR_2,BOROUGH,ZIP CODE,LOCATION,NUMBER OF PERSONS INJURED,NUMBER OF PERSONS KILLED,NUMBER OF PEDESTRIANS INJURED,NUMBER OF PEDESTRIANS KILLED,NUMBER OF CYCLIST INJURED,NUMBER OF CYCLIST KILLED,NUMBER OF MOTORIST INJURED,NUMBER OF MOTORIST KILLED,VEHICLE TYPE CODE 1,VEHICLE TYPE CODE 2,Severity
20752773,4757645,09/20/2024,11:15,8f43ec28-14dc-448d-be35-0f6c59fc8afc,Sedan,INFI -CAR/SUV,2015.0,1.0,M,Licensed,Going Straight Ahead,Right Rear Bumper,Center Back End,Left Rear Bumper,Left Rear Bumper,Center Back End,N,,Unspecified,Unspecified,BROOKLYN,11218.0,"    (40.6489, -73.96968)",1.0,0.0,0,0,0,0,1,0,Sedan,Box Truck,1
20679038,4737734,07/03/2024,02:48,08198023-79ea-467b-bbe0-c73094160d84,Station Wagon/Sport Utility Vehicle,FORD -CAR/SUV,2019.0,1.0,M,Licensed,Going Straight Ahead,Overturned,Overturned,Left Front Quarter Panel,Left Rear Quarter Panel,Roof,N,,Other Vehicular,Other Vehicular,QUEENS,11385.0,"    (40.70597, -73.90683)",1.0,0.0,0,0,0,0,1,0,Station Wagon/Sport Utility Vehicle,Station Wagon/Sport Utility Vehicle,1
20766158,4763847,10/15/2024,16:23,eee7f898-683d-4a00-9d23-ab5979fe3f8b,Sedan,BMW -CAR/SUV,2023.0,1.0,F,Licensed,Going Straight Ahead,Center Back End,Center Back End,,,,N,,Unspecified,Unspecified,,,"    (40.75455, -73.74317)",1.0,0.0,0,0,0,0,1,0,Sedan,Station Wagon/Sport Utility Vehicle,1
20663369,4730550,06/02/2024,00:14,2112554f-6655-4984-b2a4-cdfd162631ee,Station Wagon/Sport Utility Vehicle,NISS -CAR/SUV,2019.0,4.0,M,Licensed,Going Straight Ahead,Right Rear Bumper,Right Rear Bumper,Right Rear Quarter Panel,Center Back End,,N,,Unspecified,Unspecified,,,"    (40.739357, -73.89103)",0.0,0.0,0,0,0,0,0,0,Station Wagon/Sport Utility Vehicle,,0
20693680,4744430,07/30/2024,07:30,6413efc9-0347-4a6d-8e8b-cd27b95753c4,Sedan,FORD -CAR/SUV,2023.0,1.0,M,Licensed,Slowing or Stopping,Center Back End,Center Back End,No Damage,No Damage,No Damage,N,,Unspecified,Unspecified,,,"    (40.777634, -73.94289)",0.0,0.0,0,0,0,0,0,0,Sedan,Sedan,0
20675636,4735447,06/23/2024,20:34,ceb2fede-5080-4093-98a9-d01651d6a285,Sedan,HOND -CAR/SUV,2014.0,2.0,F,Licensed,Stopped in Traffic,Center Back End,Center Back End,,,,N,,Unspecified,Unspecified,BROOKLYN,11223.0,"    (40.60059, -73.96137)",1.0,0.0,0,0,0,0,1,0,Sedan,Motorcycle,1
20804588,4781752,12/26/2024,22:21,40a7f8a1-e1e1-4dbb-9369-6d586d791477,Station Wagon/Sport Utility Vehicle,JEEP -CAR/SUV,2020.0,1.0,F,Licensed,Going Straight Ahead,Right Front Quarter Panel,Right Front Quarter Panel,,,,Unspecified,,Unspecified,Unspecified,,,,3.0,0.0,0,0,0,0,3,0,Station Wagon/Sport Utility Vehicle,Sedan,1
20590360,4697489,01/19/2024,21:30,0dab95d8-d360-438d-973b-74fa367ffc81,Sedan,LINC -CAR/SUV,2015.0,1.0,M,Licensed,Changing Lanes,Center Front End,Center Front End,,,,N,,Unspecified,Unspecified,,,"    (40.744892, -73.77022)",1.0,0.0,0,0,0,0,1,0,Sedan,Sedan,1
20656936,4727079,05/22/2024,17:30,cc7f5d4c-ba84-4a5a-adce-c8ec8eeae36b,Sedan,HOND -CAR/SUV,2017.0,1.0,M,Licensed,Making Left Turn,Left Rear Quarter Panel,Left Rear Quarter Panel,No Damage,No Damage,No Damage,N,,Passing Too Closely,Unspecified,STATEN ISLAND,10306.0,"    (40.574394, -74.10581)",0.0,0.0,0,0,0,0,0,0,Sedan,Sedan,0
20669331,4733230,06/14/2024,15:10,3c9d9a98-be8e-4d98-91f8-759a377fc6f0,Station Wagon/Sport Utility Vehicle,TOYT -CAR/SUV,2016.0,1.0,M,Licensed,Parked,Left Front Quarter Panel,Left Front Quarter Panel,,,,N,,Unspecified,Unspecified,QUEENS,11377.0,"    (40.754944, -73.901405)",0.0,0.0,0,0,0,0,0,0,Station Wagon/Sport Utility Vehicle,Station Wagon/Sport Utility Vehicle,0
20682312,4739283,07/09/2024,20:12,d2a9191a-5d72-42c5-a28c-17c4219b1202,Station Wagon/Sport Utility Vehicle,JEEP -CAR/SUV,2017.0,1.0,F,Unlicensed,Other*,No Damage,No Damage,No Damage,No Damage,No Damage,N,,Aggressive Driving/Road Rage,Unspecified,BRONX,10460.0,"    (40.844795, -73.88208)",1.0,0.0,0,0,0,0,1,0,Station Wagon/Sport Utility Vehicle,,1
20805877,4782416,12/29/2024,06:25,659fbae7-fa25-4f60-bce7-bf86e2a4480b,Station Wagon/Sport Utility Vehicle,AUDI -CAR/SUV,2019.0,1.0,F,Licensed,Other*,Left Rear Bumper,Left Rear Bumper,Left Rear Quarter Panel,Center Back End,,N,,Unspecified,Unspecified,QUEENS,11377.0,"    (40.750004, -73.89923)",0.0,0.0,0,0,0,0,0,0,Station Wagon/Sport Utility Vehicle,Station Wagon/Sport Utility Vehicle,0
20753676,4751002,08/26/2024,21:00,72aca445-a9e7-46c7-bdda-f18678b2cc44,Station Wagon/Sport Utility Vehicle,NISS -CAR/SUV,2016.0,1.0,M,Unlicensed,Making Right Turn,Left Front Bumper,Left Front Bumper,Center Front End,,,N,,Driver Inattention/Distraction,Unspecified,QUEENS,11432.0,"    (40.70636, -73.792534)",0.0,0.0,0,0,0,0,0,0,Station Wagon/Sport Utility Vehicle,Sedan,0
20768278,4764845,10/20/2024,19:13,521d28d3-150c-4a35-a65b-3e1c941eb95f,Station Wagon/Sport Utility Vehicle,CHEV -CAR/SUV,2021.0,1.0,M,Licensed,Going Straight Ahead,Center Front End,Center Front End,,,,N,,Following Too Closely,Unspecified,BRONX,10466.0,"    (40.88905, -73.84221)",1.0,0.0,0,0,0,0,1,0,Station Wagon/Sport Utility Vehicle,Station Wagon/Sport Utility Vehicle,1
20668516,4732907,06/15/2024,06:20,1aa242fd-06e9-43e0-984f-63571de6742b,Sedan,HOND -CAR/SUV,2009.0,1.0,M,Licensed,Going Straight Ahead,Right Front Bumper,Left Front Bumper,Left Rear Quarter Panel,Other,Other,N,,Other Vehicular,Other Vehicular,BROOKLYN,11208.0,"    (40.680016, -73.87743)",2.0,0.0,0,0,0,0,2,0,Sedan,Sedan,1
20587920,4696229,01/18/2024,14:05,cd2dea40-fdc7-4b3f-8f8e-6157e36d3feb,Box Truck,FORD-TRUCK/BUS,2019.0,1.0,M,Licensed,Going Straight Ahead,Left Front Bumper,Left Front Bumper,,,Left Front Bumper,N,,Following Too Closely,Following Too Closely,STATEN ISLAND,10306.0,"    (40.575165, -74.12785)",0.0,0.0,0,0,0,0,0,0,Box Truck,Sedan,0
20686259,4740982,07/16/2024,15:45,994d81f6-afa2-47f3-8f0f-da1c3d6c0174,Box Truck,ISU-TRUCK/BUS,2015.0,,,,Going Straight Ahead,Left Rear Bumper,No Damage,No Damage,No Damage,No Damage,N,,Driver Inattention/Distraction,Unspecified,MANHATTAN,10018.0,"    (40.7564, -73.99784)",0.0,0.0,0,0,0,0,0,0,Sedan,Box Truck,0
20755331,4763604,10/15/2024,07:44,477bf93c-0254-44d0-92a6-6bee3dc4c00b,,Gmc,2001.0,1.0,F,Licensed,Going Straight Ahead,Center Front End,Center Front End,,,,N,,Unspecified,Unspecified,,,"    (40.67921, -73.91375)",0.0,0.0,0,0,0,0,0,0,Sedan,,0
20795675,4777337,12/06/2024,13:20,030a5f7e-f51f-4391-b036-4d06ead7a228,Station Wagon/Sport Utility Vehicle,TOYT -CAR/SUV,2017.0,2.0,F,Licensed,Making Right Turn,Right Front Bumper,Right Front Bumper,No Damage,No Damage,No Damage,N,,Unspecified,Unspecified,BROOKLYN,11207.0,"    (40.667255, -73.887985)",0.0,0.0,0,0,0,0,0,0,Sedan,Station Wagon/Sport Utility Vehicle,0
20686609,4741214,07/17/2024,07:58,a811c2b5-2785-4633-bd46-dc24f7f2875d,Sedan,FORD -CAR/SUV,2017.0,3.0,M,Licensed,Going Straight Ahead,Center Back End,No Damage,No Damage,No Damage,No Damage,N,,Unspecified,Unspecified,,,"    (40.69942, -73.86878)",2.0,0.0,0,0,0,0,2,0,Sedan,Sedan,1
20782392,4771399,11/14/2024,09:35,c08a3aca-1c4e-4041-9596-a50ac54c0c67,Station Wagon/Sport Utility Vehicle,HOND -CAR/SUV,2007.0,1.0,F,Licensed,Going Straight Ahead,Center Back End,Center Back End,Center Back End,Center Back End,Center Back End,N,,Unspecified,Unspecified,QUEENS,11423.0,"    (40.7118, -73.77134)",0.0,0.0,0,0,0,0,0,0,Station Wagon/Sport Utility Vehicle,Sedan,0
20652768,4725867,05/18/2024,15:15,7c94085e-085a-4607-930f-da3c67ff3611,Station Wagon/Sport Utility Vehicle,ACUR -CAR/SUV,2018.0,1.0,,,Changing Lanes,Right Front Bumper,Right Front Bumper,,,,N,,Driver Inattention/Distraction,Passing or Lane Usage Improper,QUEENS,11423.0,"    (40.709465, -73.77477)",0.0,0.0,0,0,0,0,0,0,Sedan,Station Wagon/Sport Utility Vehicle,0
20645279,4722470,05/02/2024,12:20,b9b46c00-a993-4665-87dc-129cdce031da,Sedan,NISS -CAR/SUV,2017.0,1.0,,,Parked,Left Front Bumper,Left Front Bumper,Left Front Bumper,Left Front Bumper,Left Front Bumper,N,,Driver Inattention/Distraction,Passing or Lane Usage Improper,BROOKLYN,11212.0,"    (40.66814, -73.903435)",1.0,0.0,0,0,0,0,1,0,Sedan,Station Wagon/Sport Utility Vehicle,1
20812633,4785116,12/21/2024,03:00,272d6984-4239-4dfe-986d-4a3f2649c241,Sedan,HYUN -CAR/SUV,2016.0,2.0,M,Licensed,Going Straight Ahead,Right Side Doors,Right Side Doors,Right Rear Quarter Panel,No Damage,No Damage,N,,Unspecified,Unspecified,MANHATTAN,10003.0,"    (40.729877, -73.99072)",0.0,0.0,0,0,0,0,0,0,Sedan,Sedan,0
20747258,4753246,09/03/2024,08:54,c2d68401-ca9e-431f-aa02-6ec2dbd65b95,Station Wagon/Sport Utility Vehicle,LEXS -CAR/SUV,2019.0,0.0,,,Parked,Left Front Quarter Panel,Left Front Quarter Panel,Left Front Bumper,Left Side Doors,No Damage,N,,Unspecified,Unspecified,BROOKLYN,11234.0,"    (40.613857, -73.91215)",0.0,0.0,0,0,0,0,0,0,Bus,Station Wagon/Sport Utility Vehicle,0
20611549,4707029,02/29/2024,13:20,520a7569-951e-4e07-bae2-1e5ee26b1900,Station Wagon/Sport Utility Vehicle,MERZ -CAR/SUV,2017.0,0.0,M,Licensed,Going Straight Ahead,Center Front End,Center Front End,Left Front Bumper,Right Front Bumper,No Damage,N,,Unsafe Speed,Unspecified,BRONX,10466.0,"    (40.89213, -73.85341)",1.0,0.0,0,0,0,0,1,0,Station Wagon/Sport Utility Vehicle,Taxi,1
20586452,4695661,01/15/2024,13:35,d645ffa3-e67d-4420-a1c2-2c0dbee77390,Sedan,ACUR -CAR/SUV,2013.0,1.0,M,Licensed,Going Straight Ahead,Left Side Doors,Left Side Doors,,,,N,,Unspecified,Unspecified,QUEENS,11385.0,"    (40.694107, -73.89737)",0.0,0.0,0,0,0,0,0,0,Sedan,Sedan,0
20783131,4771686,11/12/2024,09:43,40e1bb07-db6d-4a44-a6ee-1a499385c482,Station Wagon/Sport Utility Vehicle,TOYT -CAR/SUV,2024.0,1.0,M,,Making Right Turn,Right Front Bumper,Right Front Bumper,,,,Unspecified,,Driver Inattention/Distraction,Unspecified,QUEENS,11355.0,"    (40.749348, -73.82584)",0.0,0.0,0,0,0,0,0,0,Station Wagon/Sport Utility Vehicle,Bus,0
20676268,4736608,06/26/2024,20:10,fe3c8384-8282-4e6c-b340-5ac3bfcf0f61,Sedan,AUDI -CAR/SUV,2024.0,0.0,M,Licensed,Parked,Left Rear Bumper,Left Rear Bumper,,,,N,,Unspecified,Unspecified,BROOKLYN,11224.0,"    (40.57353, -73.98746)",0.0,0.0,0,0,0,0,0,0,Sedan,Pallet,0
20692532,4739999,07/12/2024,18:00,d536c293-2ea0-409d-95cb-feb3462f9baa,Station Wagon/Sport Utility Vehicle,KIA -CAR/SUV,2023.0,1.0,F,Licensed,Going Straight Ahead,Left Front Bumper,Left Front Bumper,No Damage,No Damage,No Damage,N,,Unspecified,Unspecified,BROOKLYN,11224.0,"    (40.57557, -73.981224)",1.0,0.0,0,0,0,0,1,0,Station Wagon/Sport Utility Vehicle,Sedan,1
20606317,4704522,02/15/2024,14:00,ca8e45e1-4886-4374-be60-ec8cfa3213e9,Box Truck,FORD-TRUCK/BUS,2019.0,1.0,M,Licensed,Going Straight Ahead,Right Rear Quarter Panel,Right Rear Bumper,No Damage,No Damage,No Damage,N,,Unspecified,Unspecified,BROOKLYN,11208.0,"    (40.682663, -73.86815)",0.0,0.0,0,0,0,0,0,0,Box Truck,Van,0
20756652,4751769,08/17/2024,01:40,fe6ca9b2-02e9-4d9f-b04e-2ec5aed743f5,Sedan,TOYT -CAR/SUV,2010.0,0.0,,,Parked,Left Front Quarter Panel,Left Front Quarter Panel,,,,N,,Unspecified,Unspecified,QUEENS,11385.0,"    (40.702633, -73.90739)",0.0,0.0,0,0,0,0,0,0,Sedan,,0
20722380,4757361,09/13/2024,03:20,c31bad45-b175-4300-83ab-5134d6e16016,Station Wagon/Sport Utility Vehicle,FORD -CAR/SUV,2023.0,2.0,M,Licensed,Going Straight Ahead,Center Front End,Center Front End,No Damage,No Damage,No Damage,N,,Unspecified,Unspecified,,,,1.0,0.0,0,0,0,0,0,0,Station Wagon/Sport Utility Vehicle,E-Scooter,1
20637020,4718637,04/18/2024,18:14,68963743-3434-44b3-a6f5-434947bcba38,Bus,ADDBS,2015.0,,,,,Left Front Bumper,Left Front Bumper,,,,N,,Driver Inattention/Distraction,Passing Too Closely,,,"    (40.70435, -74.00612)",0.0,0.0,0,0,0,0,0,0,Sedan,Bus,0
20659813,4729131,05/31/2024,13:26,66f3d0e2-264b-43de-bbe0-630bf460dc70,Motorcycle,BAODI,2022.0,0.0,M,Licensed,Going Straight Ahead,Center Front End,Center Front End,,,,N,,Unspecified,Unspecified,,,"    (40.699436, -73.91229)",1.0,0.0,0,0,0,0,1,0,Motorcycle,Station Wagon/Sport Utility Vehicle,1
20625117,4713190,03/26/2024,17:37,621255d2-a550-4fc1-b0f5-6c81ceefee94,Station Wagon/Sport Utility Vehicle,FORD -CAR/SUV,2018.0,2.0,M,Licensed,Going Straight Ahead,Right Front Bumper,Right Front Bumper,Right Front Quarter Panel,Center Front End,,N,,Passing Too Closely,Passing Too Closely,BRONX,10470.0,"    (40.895374, -73.86356)",2.0,0.0,0,0,0,0,2,0,Station Wagon/Sport Utility Vehicle,Sedan,1
20683459,4739836,06/30/2024,21:57,82a938a1-fc61-476c-9c98-d862543123ee,Sedan,TOYT -CAR/SUV,2021.0,1.0,M,Licensed,Making Right Turn,Right Side Doors,Right Side Doors,Right Side Doors,No Damage,No Damage,N,,Unspecified,Turning Improperly,BROOKLYN,11213.0,"    (40.668507, -73.92561)",0.0,0.0,0,0,0,0,0,0,Sedan,Sedan,0
20792050,4775978,11/27/2024,18:54,9d2c7a97-c778-45cd-9b5d-8db39aeb87bb,Sedan,TOYT -CAR/SUV,2013.0,1.0,M,Licensed,Making Left Turn,Left Front Bumper,No Damage,No Damage,No Damage,No Damage,N,,Failure to Yield Right-of-Way,Driver Inattention/Distraction,BROOKLYN,11216.0,"    (40.669712, -73.94773)",1.0,0.0,1,0,0,0,0,0,Sedan,,1
20770338,4765703,10/18/2024,12:30,9494a128-d6ab-4759-ac9f-ad2d081bce16,Sedan,TOYT -CAR/SUV,2017.0,1.0,M,Licensed,Going Straight Ahead,Left Front Quarter Panel,Left Front Quarter Panel,Left Front Bumper,No Damage,No Damage,N,,Unspecified,Unspecified,,,"    (40.771717, -73.78389)",0.0,0.0,0,0,0,0,0,0,Sedan,,0
20846545,4800502,10/09/2024,20:43,cdce53a4-6149-4e1e-854c-2e2873a83d65,Sedan,HOND -CAR/SUV,2017.0,1.0,M,Licensed,Going Straight Ahead,Left Front Bumper,Left Front Quarter Panel,,,,N,,Following Too Closely,Driver Inattention/Distraction,,,"    (40.722485, -73.974396)",0.0,0.0,0,0,0,0,0,0,Sedan,Box Truck,0
20668536,4733066,06/15/2024,11:55,be591163-bcca-44c2-be04-53e1c1aac6c9,Sedan,MAZD -CAR/SUV,2016.0,1.0,F,Licensed,Going Straight Ahead,Left Front Bumper,No Damage,No Damage,No Damage,No Damage,N,,Unspecified,Unspecified,MANHATTAN,10011.0,"    (40.73656, -74.0011)",1.0,0.0,0,0,1,0,0,0,Sedan,Bike,1
20787122,4773819,11/22/2024,08:18,627703ba-0480-411d-9feb-a4812aff1c74,Station Wagon/Sport Utility Vehicle,SUBA -CAR/SUV,2011.0,1.0,M,Permit,Going Straight Ahead,Left Front Bumper,Left Front Bumper,Center Front End,Right Rear Bumper,Demolished,N,,Following Too Closely,Traffic Control Disregarded,,,"    (40.68659, -74.00842)",1.0,0.0,0,0,0,0,1,0,Sedan,Station Wagon/Sport Utility Vehicle,1
20679944,4738210,07/05/2024,15:29,d2c20584-7080-474f-b32b-0a0c267fda72,Sedan,HOND -CAR/SUV,2016.0,1.0,M,Licensed,Going Straight Ahead,Center Front End,Center Front End,,,,N,,Other Vehicular,Driver Inattention/Distraction,STATEN ISLAND,10312.0,"    (40.52993, -74.16176)",1.0,0.0,0,0,0,0,1,0,Sedan,Station Wagon/Sport Utility Vehicle,1
20773984,4767564,10/26/2024,17:28,26be2b83-9080-4f6c-a348-4acfc3f82909,Station Wagon/Sport Utility Vehicle,NISS -CAR/SUV,2021.0,,,,,Center Front End,Center Front End,,,,N,,Turning Improperly,,BRONX,10457.0,"    (40.844177, -73.89744)",1.0,0.0,0,0,0,0,1,0,Minibike,Station Wagon/Sport Utility Vehicle,1
20755161,4745967,08/06/2024,01:30,9b6b7cb8-d9e7-4a45-8ac7-afb7c0d1ef10,Sedan,ACUR -CAR/SUV,2022.0,0.0,,,Parked,Left Rear Bumper,Left Rear Bumper,Left Rear Bumper,Left Rear Bumper,Left Rear Bumper,N,,Unspecified,Unspecified,QUEENS,11385.0,"    (40.705593, -73.86028)",0.0,0.0,0,0,0,0,0,0,Sedan,Sedan,0
20582958,4694063,01/08/2024,16:50,2ab704cb-2f59-424e-8e8c-02235eefe626,Sedan,KIA -CAR/SUV,2014.0,2.0,F,Licensed,Going Straight Ahead,Right Rear Bumper,Right Rear Bumper,,,,Unspecified,,Unspecified,Unspecified,BROOKLYN,11236.0,"    (40.64275, -73.90378)",2.0,0.0,0,0,0,0,2,0,Sedan,Station Wagon/Sport Utility Vehicle,1
20746560,4747089,08/04/2024,01:49,44c6337b-e095-4fbb-acc1-067d0d1efa76,Station Wagon/Sport Utility Vehicle,CHEV -CAR/SUV,2013.0,2.0,M,Licensed,Making Left Turn,Left Rear Quarter Panel,Left Rear Quarter Panel,No Damage,No Damage,No Damage,N,,Failure to Yield Right-of-Way,Unspecified,BRONX,10454.0,"    (40.806427, -73.91658)",0.0,0.0,0,0,0,0,0,0,Station Wagon/Sport Utility Vehicle,Station Wagon/Sport Utility Vehicle,0
20788194,4774165,11/21/2024,21:00,772a715d-f60b-4ea1-9a87-7520fcd171a7,Sedan,TOYT -CAR/SUV,2017.0,,,,Making Right Turn,Center Front End,No Damage,No Damage,No Damage,No Damage,N,,Unspecified,Unspecified,BRONX,10458.0,"    (40.862286, -73.89683)",0.0,0.0,0,0,0,0,0,0,Sedan,Sedan,0
20682105,4738977,06/30/2024,06:35,c9a4fa64-728c-45ea-80ad-1733293a1366,Sedan,HOND -CAR/SUV,2008.0,0.0,,,Parked,Right Rear Bumper,Center Back End,Right Rear Quarter Panel,Other,,N,,Unspecified,Unspecified,BROOKLYN,11208.0,"    (40.683304, -73.86924)",0.0,0.0,0,0,0,0,0,0,Sedan,Sedan,0
20639414,4719754,04/23/2024,22:40,135cd80f-8563-4bac-8aa4-b8f4097c50dc,Sedan,KIA -CAR/SUV,2023.0,1.0,F,Licensed,Going Straight Ahead,Left Front Quarter Panel,Left Front Quarter Panel,Left Side Doors,Left Front Bumper,,N,,Unspecified,Unspecified,,,,0.0,0.0,0,0,0,0,0,0,Sedan,Sedan,0
20725195,4758729,09/25/2024,09:45,48805b7d-72b0-4673-a122-25d4fc9851bd,Pick-up Truck,DODG -CAR/SUV,1989.0,1.0,M,Licensed,Slowing or Stopping,Right Front Bumper,Left Front Bumper,Center Front End,No Damage,No Damage,Unspecified,,Brakes Defective,Following Too Closely,,,,1.0,0.0,0,0,0,0,1,0,Station Wagon/Sport Utility Vehicle,Pick-up Truck,1
20683752,4739972,05/22/2024,08:25,9926b20d-85cb-4364-8309-a552b8be2edb,Sedan,VOLK -CAR/SUV,2008.0,2.0,M,Licensed,Merging,Left Rear Quarter Panel,Left Rear Quarter Panel,Left Rear Bumper,,,N,,Driver Inattention/Distraction,Unsafe Lane Changing,MANHATTAN,10017.0,"    (40.75519, -73.97122)",1.0,0.0,0,0,0,0,1,0,Flat Bed,Sedan,1
20612215,4707189,03/04/2024,15:35,015a004f-43f7-4330-8940-0931d6dc7933,Sedan,FORD -CAR/SUV,2015.0,1.0,F,Licensed,Changing Lanes,Left Front Quarter Panel,Left Front Quarter Panel,Left Front Bumper,,,N,,Passing or Lane Usage Improper,Unspecified,,,"    (40.70403, -73.81711)",0.0,0.0,0,0,0,0,0,0,Station Wagon/Sport Utility Vehicle,Sedan,0
20627863,4714299,04/02/2024,22:23,76f3bd80-1619-4dae-905d-4464a26d41b1,Station Wagon/Sport Utility Vehicle,PORS -CAR/SUV,2022.0,1.0,M,Licensed,Going Straight Ahead,Left Side Doors,Left Side Doors,,,,N,,Unspecified,Unspecified,MANHATTAN,10016.0,"    (40.74701, -73.977196)",0.0,0.0,0,0,0,0,0,0,Station Wagon/Sport Utility Vehicle,Station Wagon/Sport Utility Vehicle,0
20580165,4692807,01/04/2024,06:55,1e2195a9-c90a-4054-8b69-71f34c4f746a,,school bus,2011.0,5.0,F,Licensed,Going Straight Ahead,Left Front Bumper,Left Front Bumper,No Damage,No Damage,No Damage,N,,Unspecified,Unspecified,BRONX,10461.0,,1.0,0.0,1,0,0,0,0,0,,,1
20801247,4780164,12/19/2024,11:34,4b89d754-61a5-44eb-94da-ff3a7e2dd258,Station Wagon/Sport Utility Vehicle,KIA -CAR/SUV,2012.0,1.0,M,Licensed,Going Straight Ahead,Right Front Quarter Panel,Right Front Quarter Panel,Right Side Doors,,,N,,Driver Inattention/Distraction,Unspecified,,,"    (40.839565, -73.87798)",0.0,0.0,0,0,0,0,0,0,Station Wagon/Sport Utility Vehicle,Bus,0
20725792,4758928,09/24/2024,07:20,3155cb79-e5ac-44b5-96d9-f1f5e10b30f5,Pick-up Truck,GMC -CAR/SUV,2019.0,2.0,M,Licensed,Slowing or Stopping,Center Back End,Center Back End,Right Rear Bumper,Left Rear Bumper,,N,,Unspecified,Unspecified,,,"    (40.696663, -73.98085)",2.0,0.0,0,0,0,0,2,0,Pick-up Truck,,1
20803091,4781050,12/23/2024,13:00,003e8143-37ce-4a88-a667-7280f0d59588,Sedan,HOND -CAR/SUV,2006.0,1.0,M,Licensed,Going Straight Ahead,Center Front End,Left Front Bumper,Center Front End,Right Front Bumper,,N,,Unspecified,Unspecified,QUEENS,11432.0,"    (40.71619, -73.781525)",1.0,0.0,0,0,0,0,1,0,Sedan,Pick-up Truck,1
20787449,4773874,11/15/2024,20:45,30db5e07-13ce-4b1a-a7dc-b5f5151a40eb,Station Wagon/Sport Utility Vehicle,HYUN -CAR/SUV,2023.0,1.0,M,Licensed,Slowing or Stopping,Left Rear Quarter Panel,Center Back End,,,,N,,Unspecified,Unspecified,,,"    (40.60069, -74.010056)",0.0,0.0,0,0,0,0,0,0,Station Wagon/Sport Utility Vehicle,Sedan,0
20764526,4745693,08/04/2024,22:50,ed29a807-b2a6-4a39-b699-a7b5c0e3dc5d,Sedan,NISS -CAR/SUV,2023.0,1.0,F,Permit,Parked,Center Back End,Right Rear Bumper,Left Rear Bumper,,,N,,Unspecified,Unspecified,BROOKLYN,11207.0,"    (40.672844, -73.88943)",1.0,0.0,0,0,0,0,1,0,Sedan,Sedan,1
20840438,4797893,12/22/2024,11:14,5c60fd91-8a85-4829-a4f8-907705214323,Sedan,INFI -CAR/SUV,,,,,Going Straight Ahead,Right Side Doors,Right Side Doors,,,,N,,,,BROOKLYN,11207.0,"    (40.68244, -73.909386)",0.0,0.0,0,0,0,0,0,0,Station Wagon/Sport Utility Vehicle,Sedan,0
20620672,4711267,03/19/2024,00:00,d0c6f567-4353-4a44-9d10-e72f92b7c372,Taxi,TESL -CAR/SUV,2023.0,2.0,M,Licensed,Parked,Left Side Doors,Left Front Quarter Panel,,,,N,,Unspecified,Unspecified,BRONX,10473.0,"    (40.82153, -73.87863)",2.0,0.0,0,0,1,0,1,0,Taxi,E-Bike,1
20792888,4776314,12/04/2024,00:00,d2fb9041-ae1d-47ec-a02a-ebc4802b09a7,Station Wagon/Sport Utility Vehicle,starc bus,2012.0,1.0,F,Licensed,Going Straight Ahead,Center Front End,Center Front End,,,,N,,Driver Inattention/Distraction,Unspecified,QUEENS,11417.0,"    (40.673573, -73.85712)",0.0,0.0,0,0,0,0,0,0,Sedan,Station Wagon/Sport Utility Vehicle,0
20737478,4743899,07/29/2024,11:15,f42bf73c-7219-4fcb-a67e-29cd1bbc8b45,Sedan,TOYT -CAR/SUV,2011.0,2.0,,,Parked,Left Front Bumper,Left Front Bumper,No Damage,No Damage,No Damage,N,,Unspecified,Unspecified,BROOKLYN,11221.0,"    (40.694107, -73.93128)",0.0,0.0,0,0,0,0,0,0,Sedan,,0
20637243,4718942,04/21/2024,14:30,8ef6d911-7559-4726-84dc-605fe73f1ead,Station Wagon/Sport Utility Vehicle,HOND -CAR/SUV,2007.0,1.0,M,Licensed,Going Straight Ahead,Center Front End,Center Front End,Center Front End,,,N,,Unspecified,Unspecified,MANHATTAN,10027.0,"    (40.81183, -73.96112)",1.0,0.0,0,0,1,0,0,0,Station Wagon/Sport Utility Vehicle,Bike,1
20595738,4699038,01/29/2024,07:35,1d4d646d-3be6-438c-b34a-e1d24b01f78b,Sedan,BMW -CAR/SUV,2011.0,1.0,M,Licensed,Going Straight Ahead,Center Back End,Center Back End,No Damage,No Damage,No Damage,N,,Unspecified,Unspecified,,,,1.0,0.0,0,0,0,0,1,0,Sedan,Sedan,1
20744136,4748314,08/15/2024,06:30,03a46ca3-eb68-40d9-8fa8-0d966686d7c0,Sedan,MAZD -CAR/SUV,2011.0,0.0,,,Parked,Left Rear Quarter Panel,Left Rear Quarter Panel,Left Side Doors,,,N,,Unspecified,Unspecified,BRONX,10457.0,"    (40.845203, -73.89253)",0.0,0.0,0,0,0,0,0,0,Sedan,Sedan,0
20779487,4770356,11/08/2024,10:40,d9c68326-06ff-4af4-aa31-f0e75a92eacf,Box Truck,ISU-TRUCK/BUS,2021.0,1.0,M,Licensed,Making Left Turn,Left Rear Quarter Panel,No Damage,No Damage,No Damage,No Damage,N,,Following Too Closely,Unspecified,BROOKLYN,11222.0,"    (40.721096, -73.94)",0.0,0.0,0,0,0,0,0,0,Sedan,Box Truck,0