UNIQUE_ID,COLLISION_ID,CRASH_DATE,CRASH_TIME,VEHICLE_ID,VEHICLE_TYPE,VEHICLE_MAKE,VEHICLE_YEAR,VEHICLE_OCCUPANTS,DRIVER_SEX,DRIVER_LICENSE_STATUS,PRE_CRASH,POINT_OF_IMPACT,VEHICLE_DAMAGE,VEHICLE_DAMAGE_1,VEHICLE_DAMAGE_2,VEHICLE_DAMAGE_3,PUBLIC_PROPERTY_DAMAGE,PUBLIC_PROPERTY_DAMAGE_TYPE,CONTRIBUTING_FACTOR_1,CONTRIBUTING_FACTOR_2,BOROUGH,ZIP CODE,LOCATION,NUMBER OF PERSONS INJURED,NUMBER OF PERSONS KILLED,NUMBER OF PEDESTRIANS INJURED,NUMBER OF PEDESTRIANS KILLED,NUMBER OF CYCLIST INJURED,NUMBER OF CYCLIST KILLED,NUMBER OF MOTORIST INJURED,NUMBER OF MOTORIST KILLED,VEHICLE TYPE CODE 1,VEHICLE TYPE CODE 2,Severity
20652602,4725716,05/16/2024,19:55,ad622b5c-6926-4a2d-8448-cf44bfd676a5,Taxi,TOYT -CAR/SUV,2017.0,1.0,M,Licensed,Going Straight Ahead,Center Front End,Center Front End,Left Front Bumper,Right Front Bumper,Right Front Quarter Panel,N,,Driver Inattention/Distraction,Following Too Closely,,,,0.0,0.0,0,0,0,0,0,0,Sedan,Sedan,0
20777764,4763272,10/14/2024,03:15,c6ba4532-d257-4ec2-b800-238e053c52d4,Station Wagon/Sport Utility Vehicle,DODG -CAR/SUV,2007.0,0.0,,,Parked,Left Rear Bumper,Left Rear Bumper,Left Rear Quarter Panel,,,N,,Unspecified,Unspecified,BROOKLYN,11226.0,"    (40.649868, -73.96183)",1.0,0.0,0,0,0,0,1,0,Station Wagon/Sport Utility Vehicle,Station Wagon/Sport Utility Vehicle,1
20618470,4710216,03/13/2024,22:15,410a3293-539b-4aa4-9dad-1094ad9b8430,Station Wagon/Sport Utility Vehicle,CHEV -CAR/SUV,2011.0,1.0,M,Licensed,Going Straight Ahead,Right Front Bumper,Right Front Bumper,Center Back End,,,N,,Unspecified,Unspecified,,,"    (40.70145, -73.989624)",0.0,0.0,0,0,0,0,0,0,Station Wagon/Sport Utility Vehicle,,0
20632182,4716348,04/10/2024,15:06,70d76e44-1c99-4169-a667-a3fc36d76411,Station Wagon/Sport Utility Vehicle,FORD -CAR/SUV,2020.0,1.0,M,Licensed,Parked,Left Front Bumper,Left Front Bumper,,,,N,,Unspecified,Unspecified,STATEN ISLAND,10301.0,"    (40.62494, -74.093216)",0.0,0.0,0,0,0,0,0,0,Station Wagon/Sport Utility Vehicle,Station Wagon/Sport Utility Vehicle,0
20671208,4734145,06/19/2024,19:50,d45046d1-eaa2-40ac-b469-529a0c228154,Sedan,TOYT -CAR/SUV,2016.0,1.0,F,Licensed,Passing,Right Rear Quarter Panel,Right Side Doors,,,,N,,Aggressive Driving/Road Rage,Following Too Closely,BROOKLYN,11208.0,"    (40.683407, -73.88073)",0.0,0.0,0,0,0,0,0,0,Station Wagon/Sport Utility Vehicle,Sedan,0
20772146,4766535,10/25/2024,23:38,13a5dc2f-e8ec-45ba-924d-eaa401f0cf76,Station Wagon/Sport Utility Vehicle,HOND -CAR/SUV,2008.0,2.0,M,Licensed,Going Straight Ahead,Center Front End,Right Front Bumper,Center Front End,No Damage,No Damage,N,,Alcohol Involvement,Unspecified,BROOKLYN,11210.0,"    (40.61669, -73.949814)",0.0,0.0,0,0,0,0,0,0,Station Wagon/Sport Utility Vehicle,Station Wagon/Sport Utility Vehicle,0
20764535,4760320,10/01/2024,08:32,925ef036-60cf-4f6b-92f7-fe7a23fc7a5d,Stake or Rack,FORD-TRUCK/BUS,2019.0,1.0,M,Licensed,Parked,Center Front End,Center Front End,Center Front End,Right Front Bumper,Right Front Bumper,N,,Unspecified,Unspecified,QUEENS,11355.0,"    (40.75919, -73.80981)",0.0,0.0,0,0,0,0,0,0,Sedan,Stake or Rack,0
20644501,4722151,05/05/2024,12:16,5817ca93-a7bf-42dc-8e07-534a2b48d942,Bus,NEW FLYER,2015.0,1.0,F,Licensed,Going Straight Ahead,Center Front End,No Damage,,,,N,,Unspecified,Unspecified,,,"    (40.687943, -73.98141)",1.0,0.0,1,0,0,0,0,0,Bus,,1
20746369,4756262,09/13/2024,22:30,52e07499-5e09-46e9-a4e9-06217770f794,,NISS -CAR/SUV,,,,,,,,,,,Unspecified,,,,BROOKLYN,11213.0,"    (40.673706, -73.93899)",0.0,0.0,0,0,0,0,0,0,Sedan,,0
20759436,4754707,09/10/2024,08:20,bc55e698-4980-40e5-8aa1-e975dac401ee,Station Wagon/Sport Utility Vehicle,INFI -CAR/SUV,2006.0,1.0,M,Licensed,Making Left Turn,Right Front Bumper,No Damage,No Damage,No Damage,No Damage,N,,Failure to Yield Right-of-Way,Unspecified,QUEENS,11385.0,"    (40.701862, -73.89272)",1.0,0.0,0,0,1,0,0,0,Station Wagon/Sport Utility Vehicle,Bike,1
20595745,4699771,02/03/2024,05:50,6af638ec-6256-47f5-a02a-7ac0e346c25b,Sedan,TOYT -CAR/SUV,2021.0,,,,Going Straight Ahead,Left Front Quarter Panel,,,,,N,,Driver Inattention/Distraction,Unspecified,,,"    (40.730442, -73.91367)",1.0,0.0,0,0,0,0,1,0,Station Wagon/Sport Utility Vehicle,Sedan,1
20754529,4756972,09/19/2024,01:56,4af19c55-4d87-43af-915b-ee044d523d7d,Sedan,TOYT -CAR/SUV,2015.0,0.0,,,Parked,Left Rear Quarter Panel,Right Rear Bumper,Center Back End,Left Rear Bumper,Left Front Quarter Panel,N,,Unspecified,Unspecified,BROOKLYN,11220.0,"    (40.6325, -74.01893)",1.0,0.0,0,0,0,0,1,0,Sedan,Sedan,1
20755832,4751605,08/29/2024,16:26,ff79eeb4-cb06-4d2b-8929-93727fca216a,Sedan,NISS -CAR/SUV,2015.0,1.0,F,Licensed,Making Right Turn,Left Front Quarter Panel,Left Front Quarter Panel,,,,N,,Driver Inattention/Distraction,Driver Inattention/Distraction,,,"    (40.627365, -74.166565)",1.0,0.0,0,0,0,0,1,0,Sedan,Station Wagon/Sport Utility Vehicle,1
20600576,4702174,02/12/2024,17:30,e70cae08-5ab5-4f4a-9f6f-67db922cebb0,Sedan,NISS -CAR/SUV,2017.0,1.0,,,Going Straight Ahead,Center Front End,No Damage,No Damage,No Damage,No Damage,N,,Following Too Closely,Driver Inattention/Distraction,BROOKLYN,11222.0,"    (40.728134, -73.95328)",0.0,0.0,0,0,0,0,0,0,Station Wagon/Sport Utility Vehicle,Sedan,0
20585566,4695250,01/14/2024,18:00,33489736-dfda-4953-a995-0a0568a6cc2f,Station Wagon/Sport Utility Vehicle,HOND -CAR/SUV,2021.0,0.0,,,Parked,Center Back End,Center Back End,No Damage,No Damage,No Damage,N,,Unspecified,Unspecified,BROOKLYN,11211.0,"    (40.717045, -73.958565)",0.0,0.0,0,0,0,0,0,0,Station Wagon/Sport Utility Vehicle,Station Wagon/Sport Utility Vehicle,0
20586880,4695746,01/15/2024,22:48,2f042d26-207f-4cf9-912d-d18422e7343a,Sedan,SUBA -CAR/SUV,2017.0,1.0,M,Licensed,Going Straight Ahead,Right Side Doors,Right Rear Quarter Panel,No Damage,No Damage,No Damage,N,,Accelerator Defective,Unsafe Speed,BROOKLYN,11204.0,"    (40.61553, -73.9833)",0.0,0.0,0,0,0,0,0,0,Sedan,Station Wagon/Sport Utility Vehicle,0
20595585,4699835,02/01/2024,13:00,33a8afc1-a264-4b2e-8a56-4097251750b9,Station Wagon/Sport Utility Vehicle,CHRY -CAR/SUV,2014.0,1.0,M,Licensed,Parked,Left Rear Quarter Panel,Left Rear Quarter Panel,No Damage,No Damage,No Damage,N,,Unspecified,Unspecified,MANHATTAN,10004.0,"    (40.705025, -74.01307)",0.0,0.0,0,0,0,0,0,0,Station Wagon/Sport Utility Vehicle,,0
20637854,4718815,04/20/2024,13:45,44503e39-ddff-4ef1-a68a-3cee17fb2036,Sedan,TOYT -CAR/SUV,2002.0,3.0,M,Licensed,Going Straight Ahead,Center Front End,Center Front End,,,,N,,Unspecified,Unspecified,,,,3.0,0.0,0,0,0,0,3,0,Taxi,Sedan,1
20778735,4769636,11/06/2024,11:04,7c5ce514-55de-4a66-9ff7-a27b14c1aad8,Sedan,HOND -CAR/SUV,2000.0,1.0,M,Licensed,Stopped in Traffic,Center Back End,No Damage,No Damage,No Damage,No Damage,N,,Unspecified,Unspecified,MANHATTAN,10075.0,"    (40.77139, -73.95043)",0.0,0.0,0,0,0,0,0,0,Sedan,,0
20595762,4700109,02/03/2024,02:15,802d6648-b834-4564-b447-633c9769f96a,Sedan,MAZD -CAR/SUV,2022.0,,,,,,,,,,N,,,,,,"    (40.80756, -73.9669)",0.0,0.0,0,0,0,0,0,0,Taxi,Sedan,0
20633730,4717156,04/12/2024,20:30,8bc917d4-1ef6-4214-a98e-d2abd2ca71df,Sedan,AUDI -CAR/SUV,2007.0,1.0,M,Licensed,Going Straight Ahead,Left Front Bumper,Left Front Bumper,Left Front Quarter Panel,No Damage,No Damage,N,,Unspecified,Unspecified,BRONX,10466.0,"    (40.893063, -73.83803)",0.0,0.0,0,0,0,0,0,0,Sedan,,0
20762169,4743506,07/27/2024,10:15,daf66ee9-6ed6-44ef-baeb-4b175a2c9e70,Station Wagon/Sport Utility Vehicle,NISS -CAR/SUV,2019.0,1.0,M,Permit,Entering Parked Position,Right Front Quarter Panel,Right Front Quarter Panel,Right Front Bumper,,,N,,Steering Failure,Driver Inexperience,QUEENS,11354.0,"    (40.760464, -73.826546)",0.0,0.0,0,0,0,0,0,0,Sedan,Station Wagon/Sport Utility Vehicle,0
20770849,4765906,10/22/2024,16:35,35bc9506-4e73-438f-b032-944404482780,Station Wagon/Sport Utility Vehicle,TOYT -CAR/SUV,2023.0,1.0,M,Licensed,Stopped in Traffic,Left Front Bumper,Left Front Bumper,,,,N,,Unspecified,Unspecified,,,"    (40.870182, -73.88552)",0.0,0.0,0,0,0,0,0,0,Station Wagon/Sport Utility Vehicle,,0
20713303,4753346,09/05/2024,00:00,48ffaa5f-5050-44e0-8d0d-eda9a10b066b,Sedan,HOND -CAR/SUV,2019.0,4.0,F,Licensed,Parked,Left Side Doors,Left Side Doors,,,,N,,Unspecified,Unspecified,BROOKLYN,11220.0,"    (40.636517, -74.022736)",0.0,0.0,0,0,0,0,0,0,Sedan,Sedan,0
20651035,4725158,05/08/2024,19:41,99e2385c-1fa2-4b08-8382-4ad974ed24ae,,FORD-TRUCK/BUS,2015.0,,,,Changing Lanes,Left Rear Quarter Panel,,,,,Unspecified,,Unsafe Lane Changing,Failure to Yield Right-of-Way,,,"    (40.76889, -73.9821)",0.0,0.0,0,0,0,0,0,0,Station Wagon/Sport Utility Vehicle,,0
20666460,4732129,06/11/2024,14:11,25490300-237a-4f85-9178-17c8e67e590f,Station Wagon/Sport Utility Vehicle,GMC -CAR/SUV,2023.0,1.0,M,Licensed,Going Straight Ahead,Right Front Bumper,No Damage,,,,Unspecified,,Unspecified,Unspecified,BROOKLYN,11221.0,"    (40.684624, -73.93838)",1.0,0.0,0,0,1,0,0,0,Bike,Station Wagon/Sport Utility Vehicle,1
20675105,4733983,06/18/2024,23:00,2395362e-88cc-4dcc-9ec7-69a2e48596e7,Station Wagon/Sport Utility Vehicle,SUZI -CAR/SUV,2007.0,0.0,,,Parked,Center Back End,Center Back End,Center Front End,,,N,,Unspecified,Unspecified,BROOKLYN,11226.0,"    (40.63948, -73.950294)",0.0,0.0,0,0,0,0,0,0,Station Wagon/Sport Utility Vehicle,Sedan,0
20593874,4698901,01/30/2024,05:53,e83f9f78-4641-4b9b-83bf-0c841e8d490d,Station Wagon/Sport Utility Vehicle,HOND -CAR/SUV,2007.0,0.0,,,Parked,Center Back End,Center Back End,,,,N,,Unspecified,Unspecified,QUEENS,11368.0,"    (40.744328, -73.86225)",0.0,0.0,0,0,0,0,0,0,Sedan,van,0
20789166,4774566,11/26/2024,18:41,e64496d9-c4c8-42cc-b5ea-51086688764c,Station Wagon/Sport Utility Vehicle,AUDI -CAR/SUV,2017.0,2.0,F,Licensed,Changing Lanes,Right Side Doors,Right Side Doors,Right Rear Quarter Panel,,,N,,Passing or Lane Usage Improper,Driver Inattention/Distraction,,,"    (40.583992, -73.96752)",2.0,0.0,0,0,0,0,2,0,Station Wagon/Sport Utility Vehicle,Station Wagon/Sport Utility Vehicle,1
20673795,4735433,06/24/2024,14:30,fdfa105c-9587-4267-9c0e-23dd291c6bf6,Sedan,HOND -CAR/SUV,2015.0,2.0,M,Licensed,Going Straight Ahead,Center Back End,Right Rear Bumper,No Damage,No Damage,No Damage,N,,Unspecified,Unspecified,,,"    (40.607662, -74.11598)",3.0,0.0,0,0,0,0,3,0,Sedan,Sedan,1
20639727,4719951,04/24/2024,20:45,744cdcd7-2a9e-45e4-bc7d-8e785dc120ea,Station Wagon/Sport Utility Vehicle,HOND -CAR/SUV,2019.0,2.0,M,Licensed,Going Straight Ahead,Left Rear Bumper,Left Rear Bumper,Left Rear Quarter Panel,No Damage,No Damage,N,,Unspecified,Unspecified,BRONX,10455.0,"    (40.812996, -73.89805)",2.0,0.0,0,0,0,0,2,0,Station Wagon/Sport Utility Vehicle,Station Wagon/Sport Utility Vehicle,1
20805987,4782308,12/19/2024,10:19,331077de-1a31-40d0-80fd-867ff4018134,Sedan,HOND -CAR/SUV,2006.0,0.0,,,Parked,Right Rear Bumper,Right Rear Bumper,,,,N,,Unspecified,Unspecified,BROOKLYN,11207.0,"    (40.6811, -73.89292)",0.0,0.0,0,0,0,0,0,0,Sedan,Pick-up Truck,0
20744125,4722718,05/07/2024,21:25,bb715def-aded-472a-856d-dbb59c36a869,Sedan,HYUN -CAR/SUV,2020.0,0.0,,,Parked,Left Side Doors,Left Side Doors,Left Front Quarter Panel,Left Front Bumper,,N,,Unspecified,Unspecified,QUEENS,11367.0,"    (40.736603, -73.81471)",0.0,0.0,0,0,0,0,0,0,Sedan,,0
20670829,4732604,06/13/2024,07:00,1089893f-42a0-4bbf-bd41-94f26d6572c2,Sedan,MERZ -CAR/SUV,2009.0,1.0,M,Licensed,Going Straight Ahead,Left Rear Quarter Panel,Right Rear Quarter Panel,Left Rear Quarter Panel,Right Side Doors,Center Back End,N,,Unspecified,Unspecified,,,,1.0,0.0,0,0,0,0,1,0,Station Wagon/Sport Utility Vehicle,Sedan,1
20628761,4714698,04/03/2024,12:20,3f85e4a6-0dd3-495d-a2ef-8a41273a315d,Sedan,CHEV -CAR/SUV,2021.0,0.0,,,Parked,Left Side Doors,Left Rear Quarter Panel,Center Back End,Left Rear Bumper,,N,,Other Vehicular,Unspecified,BROOKLYN,11234.0,"    (40.611656, -73.93349)",0.0,0.0,0,0,0,0,0,0,Box Truck,Sedan,0
20619766,4710922,03/16/2024,15:00,993fe32f-33fc-4c8a-84e3-91aed76633cb,Ambulance,FORD-TRUCK/BUS,2017.0,2.0,M,Licensed,Backing,Center Back End,Center Back End,Right Rear Bumper,,,N,,View Obstructed/Limited,Unspecified,BROOKLYN,11201.0,"    (40.689796, -73.97752)",0.0,0.0,0,0,0,0,0,0,Ambulance,Station Wagon/Sport Utility Vehicle,0
20619319,4710525,03/03/2024,17:04,145f2427-71b7-4eda-b52c-d2f693139fd5,Station Wagon/Sport Utility Vehicle,HOND -CAR/SUV,2015.0,1.0,M,Licensed,Making Right Turn,Right Rear Quarter Panel,Right Rear Quarter Panel,Right Side Doors,Right Front Quarter Panel,,N,,Unspecified,Unspecified,BRONX,10454.0,"    (40.80502, -73.92316)",0.0,0.0,0,0,0,0,0,0,Station Wagon/Sport Utility Vehicle,Station Wagon/Sport Utility Vehicle,0
20783603,4771769,11/10/2024,05:35,13c28330-2f27-4b7b-ba84-c394db6a447f,Sedan,LINC -CAR/SUV,2011.0,1.0,M,Licensed,,Left Front Quarter Panel,Left Front Quarter Panel,No Damage,Other,Other,N,,Other Vehicular,Other Vehicular,BROOKLYN,11226.0,"    (40.652313, -73.95601)",2.0,0.0,0,0,0,0,2,0,Sedan,Sedan,1
20733629,4762597,10/08/2024,17:45,4360b10b-e3e5-40fc-a921-9dac1bc444b9,Station Wagon/Sport Utility Vehicle,MERZ -CAR/SUV,2021.0,1.0,M,Licensed,Stopped in Traffic,Center Back End,Center Back End,Left Rear Bumper,Right Rear Bumper,Undercarriage,N,,Unspecified,Unspecified,,,"    (40.60998, -74.12017)",0.0,0.0,0,0,0,0,0,0,Station Wagon/Sport Utility Vehicle,Station Wagon/Sport Utility Vehicle,0
20656218,4727285,05/24/2024,23:31,3aaebfe0-8617-4251-9a7a-629bcff8e9ae,Station Wagon/Sport Utility Vehicle,FORD -CAR/SUV,2017.0,1.0,M,Licensed,Going Straight Ahead,Center Front End,Center Front End,Left Front Bumper,Right Front Bumper,No Damage,N,,Unspecified,Driver Inattention/Distraction,,,"    (40.63056, -74.1057)",1.0,0.0,0,0,0,0,1,0,Station Wagon/Sport Utility Vehicle,Motorcycle,1
20742515,4760880,10/03/2024,10:00,ad63a468-efb6-4757-94a9-b752eedf952d,PK,FORD-TRUCK/BUS,1997.0,1.0,,,Backing,Left Rear Bumper,,,,,N,,Backing Unsafely,,BRONX,10456.0,"    (40.82881, -73.90828)",0.0,0.0,0,0,0,0,0,0,Station Wagon/Sport Utility Vehicle,PK,0
20608981,4705769,02/27/2024,20:30,82bbea66-c53b-42d8-9663-42465df0b691,Sedan,TOYT -CAR/SUV,2021.0,2.0,F,Licensed,Other*,Center Back End,Center Back End,Center Back End,No Damage,No Damage,N,,Unspecified,Unspecified,,,"    (40.82957, -73.84849)",0.0,0.0,0,0,0,0,0,0,Sedan,Sedan,0
20777622,4769302,11/06/2024,12:10,09c96637-897a-46bf-a9a5-5c3c9ff0dda0,Pick-up Truck,FORD -CAR/SUV,2023.0,1.0,F,Licensed,Slowing or Stopping,Center Front End,Right Front Bumper,Center Front End,Right Front Bumper,Right Front Bumper,N,,Brakes Defective,Unspecified,,,"    (40.849957, -73.9429)",1.0,0.0,0,0,0,0,1,0,Station Wagon/Sport Utility Vehicle,Pick-up Truck,1
20605314,4703955,02/19/2024,22:40,d9818e4d-d2aa-47c6-95df-f29f5fd3c3a8,Station Wagon/Sport Utility Vehicle,TOYT -CAR/SUV,2012.0,1.0,M,Licensed,Going Straight Ahead,Left Front Bumper,Left Front Bumper,Left Front Bumper,Left Front Bumper,No Damage,N,,Driver Inattention/Distraction,Failure to Yield Right-of-Way,BROOKLYN,11206.0,"    (40.701912, -73.93699)",0.0,0.0,0,0,0,0,0,0,Sedan,Station Wagon/Sport Utility Vehicle,0
20742385,4735277,06/05/2024,00:00,349be788-6b99-40b3-8fe0-cdc8c6a8e073,Station Wagon/Sport Utility Vehicle,JEEP -CAR/SUV,2021.0,0.0,M,Licensed,Parked,Right Front Quarter Panel,Right Side Doors,No Damage,,,N,,Unspecified,Unspecified,BRONX,10475.0,"    (40.88377, -73.8294)",0.0,0.0,0,0,0,0,0,0,Station Wagon/Sport Utility Vehicle,,0
20753735,4759405,09/27/2024,02:03,1d49d3ab-9aa7-4efe-9291-ed8cba901b7d,Tractor Truck Diesel,FRHT-TRUCK/BUS,2024.0,1.0,M,Licensed,Making Left Turn,Left Rear Bumper,No Damage,No Damage,No Damage,No Damage,N,,Unspecified,Unspecified,BROOKLYN,11226.0,"    (40.652313, -73.95602)",0.0,0.0,0,0,0,0,0,0,Tractor Truck Diesel,Sedan,0
20655497,4726872,05/05/2024,18:42,9a71b9e8-a487-4f1c-bfa8-7b1867c2786f,Station Wagon/Sport Utility Vehicle,CHEV -CAR/SUV,2023.0,1.0,,,Making U Turn,Left Front Quarter Panel,No Damage,No Damage,No Damage,No Damage,N,,Turning Improperly,Turning Improperly,BROOKLYN,11235.0,"    (40.591084, -73.96066)",1.0,0.0,0,0,0,0,1,0,Station Wagon/Sport Utility Vehicle,Station Wagon/Sport Utility Vehicle,1
20737016,4745691,08/04/2024,07:14,50b555ec-3f97-40c2-8c42-4bfa23ca7d78,Station Wagon/Sport Utility Vehicle,TOYT -CAR/SUV,2012.0,1.0,M,Licensed,Parked,Left Rear Bumper,Left Rear Bumper,Left Rear Quarter Panel,No Damage,No Damage,N,,Driver Inattention/Distraction,Driver Inexperience,MANHATTAN,10002.0,"    (40.72103, -73.984055)",3.0,0.0,0,0,0,0,3,0,Sedan,Station Wagon/Sport Utility Vehicle,1
20684634,4740309,07/14/2024,20:53,a066bceb-fa7d-47cf-b529-f46013016b45,Station Wagon/Sport Utility Vehicle,NISS -CAR/SUV,2022.0,0.0,,,Parked,Left Rear Quarter Panel,Left Rear Quarter Panel,Left Rear Bumper,Left Side Doors,,N,,Unspecified,Unspecified,QUEENS,11385.0,"    (40.698856, -73.904076)",1.0,0.0,0,0,0,0,1,0,Station Wagon/Sport Utility Vehicle,Station Wagon/Sport Utility Vehicle,1
20679255,4737924,07/03/2024,19:38,73fd6a5a-9b1c-4bd1-a739-80bee18c9e25,Station Wagon/Sport Utility Vehicle,HYUN -CAR/SUV,2016.0,0.0,,,Parked,Left Front Quarter Panel,Left Front Quarter Panel,Left Front Bumper,Left Side Doors,,N,,Unspecified,Unspecified,BROOKLYN,11201.0,"    (40.697575, -73.984055)",0.0,0.0,0,0,0,0,0,0,Station Wagon/Sport Utility Vehicle,,0
20603602,4703448,02/18/2024,09:45,10a52e3e-900d-4f02-8604-b7b43fdb5c56,Sedan,HOND -CAR/SUV,2010.0,0.0,,,Parked,Left Rear Bumper,Left Rear Quarter Panel,Left Side Doors,Left Front Quarter Panel,Left Front Bumper,N,,Unspecified,Unspecified,BROOKLYN,11204.0,"    (40.622395, -73.99248)",0.0,0.0,0,0,0,0,0,0,Sedan,Sedan,0
20762815,4753373,09/03/2024,08:00,25a385ac-bf49-46f2-9104-7cc25f52e84e,Sedan,TOYT -CAR/SUV,2021.0,0.0,,,Parked,Right Side Doors,Right Side Doors,Right Front Quarter Panel,No Damage,No Damage,N,,Unspecified,Unspecified,QUEENS,11103.0,"    (40.766335, -73.91631)",0.0,0.0,0,0,0,0,0,0,Sedan,Sedan,0
20587386,4695933,01/17/2024,18:30,da78e551-88fb-49b2-884c-20f5ddbb1039,Station Wagon/Sport Utility Vehicle,AUDI -CAR/SUV,2011.0,1.0,M,Licensed,Making Left Turn,Left Front Bumper,Left Front Bumper,No Damage,No Damage,No Damage,N,,Driver Inattention/Distraction,Unspecified,BROOKLYN,11214.0,"    (40.58703, -73.9854)",1.0,0.0,0,0,1,0,0,0,Station Wagon/Sport Utility Vehicle,Bike,1
20642396,4720938,04/28/2024,09:52,0cfaca48-8728-4237-9d5d-e10c31a08cb8,Station Wagon/Sport Utility Vehicle,MAZD -CAR/SUV,2018.0,1.0,F,Licensed,Merging,Left Front Bumper,Center Front End,Left Rear Bumper,Left Front Quarter Panel,Left Rear Quarter Panel,N,,Unspecified,Other Vehicular,,,,0.0,0.0,0,0,0,0,0,0,Tractor Truck Diesel,Station Wagon/Sport Utility Vehicle,0
20651039,4725017,05/13/2024,15:10,58aed4ae-7bb6-40b7-a167-4976d94091fd,Bus,FORD-TRUCK/BUS,2011.0,3.0,M,Licensed,Going Straight Ahead,Right Rear Bumper,Right Rear Bumper,Right Rear Bumper,,,N,,Driver Inattention/Distraction,Passing or Lane Usage Improper,MANHATTAN,10031.0,"    (40.81531, -73.95006)",0.0,0.0,0,0,0,0,0,0,Sedan,Bus,0
20634986,4717639,04/15/2024,00:00,2f71ad2c-33ae-4f84-8019-119c678d7198,Tow Truck / Wrecker,FORD-TRUCK/BUS,2022.0,1.0,F,Licensed,Parked,Center Back End,Center Back End,No Damage,No Damage,No Damage,N,,Unspecified,Unspecified,BRONX,10462.0,"    (40.848644, -73.866875)",1.0,0.0,0,0,0,0,1,0,Sedan,Tow Truck / Wrecker,1
20757775,4750277,08/24/2024,19:11,e50c6ca9-31c2-4f33-a10c-2ba5c8f6b3ff,Station Wagon/Sport Utility Vehicle,DODG -CAR/SUV,2015.0,3.0,M,Licensed,Going Straight Ahead,Center Back End,Center Back End,,,,N,,Unspecified,Unspecified,QUEENS,11368.0,"    (40.761234, -73.858246)",0.0,0.0,0,0,0,0,0,0,Station Wagon/Sport Utility Vehicle,Sedan,0
20672857,4735100,06/22/2024,08:20,6b67ee33-26e8-443c-8cb3-01f7cc92ba2b,Sedan,ACUR -CAR/SUV,2022.0,1.0,,,Going Straight Ahead,Left Front Bumper,Left Front Bumper,,,,N,,Driver Inexperience,Passing or Lane Usage Improper,QUEENS,11419.0,"    (40.69213, -73.82805)",0.0,0.0,0,0,0,0,0,0,Station Wagon/Sport Utility Vehicle,Sedan,0
20642605,4721169,04/27/2024,22:30,605996ed-0285-4d4a-a52a-f08a8425d643,Sedan,HOND -CAR/SUV,2003.0,1.0,,,Going Straight Ahead,Right Front Quarter Panel,Right Front Quarter Panel,No Damage,No Damage,No Damage,N,,Passing Too Closely,Unspecified,BROOKLYN,11203.0,"    (40.658413, -73.939575)",0.0,0.0,0,0,0,0,0,0,Sedan,Sedan,0
20647262,4723066,05/07/2024,13:20,54db9e9e-3c93-4c99-9090-e0ca95f67d4b,Sedan,FORD -CAR/SUV,2017.0,2.0,M,Licensed,Stopped in Traffic,Right Front Bumper,Right Front Bumper,Other,,,N,,Unspecified,Unspecified,QUEENS,11417.0,"    (40.6807, -73.84465)",0.0,0.0,0,0,0,0,0,0,Sedan,,0
20783754,4772042,11/15/2024,17:51,306b877a-8664-4c61-9489-ca263096a395,Station Wagon/Sport Utility Vehicle,NISS -CAR/SUV,2015.0,1.0,M,Licensed,Making Right Turn,No Damage,No Damage,,,,N,,Failure to Yield Right-of-Way,Unspecified,QUEENS,11416.0,"    (40.681488, -73.84787)",1.0,0.0,1,0,0,0,0,0,Station Wagon/Sport Utility Vehicle,,1
20768502,4764639,10/04/2024,15:49,a494ba9a-17b5-40c3-85d4-1b16794ed686,Sedan,ACUR -CAR/SUV,2016.0,1.0,M,Licensed,Parked,Center Front End,Center Front End,,,,N,,Passing or Lane Usage Improper,Unspecified,QUEENS,11385.0,,0.0,0.0,0,0,0,0,0,0,Sedan,Bike,0
20612615,4707624,03/01/2024,14:00,7c6e14b5-dd81-49e5-b324-a65fb020b76d,Sedan,HOND -CAR/SUV,2019.0,1.0,F,Licensed,Parked,Center Back End,Center Back End,Left Rear Bumper,Right Rear Bumper,No Damage,N,,Unspecified,Unspecified,BRONX,10455.0,"    (40.813095, -73.89827)",0.0,0.0,0,0,0,0,0,0,Sedan,Tractor Truck Gasoline,0
20667059,4732484,05/23/2024,21:30,655e8551-a239-449c-8df3-7a6fe5c1a823,Sedan,HOND -CAR/SUV,2007.0,3.0,M,Licensed,Going Straight Ahead,Left Front Bumper,Left Front Bumper,Center Front End,,,N,,Unspecified,Unspecified,MANHATTAN,10032.0,"    (40.839867, -73.94064)",1.0,0.0,0,0,0,0,1,0,Sedan,Sedan,1
20646262,4722833,05/05/2024,22:31,845bd85f-0b17-4b81-9009-0fdd7a57de83,Station Wagon/Sport Utility Vehicle,TOYT -CAR/SUV,2012.0,1.0,M,Licensed,Making Left Turn,Left Front Bumper,No Damage,No Damage,No Damage,No Damage,N,,Driver Inexperience,Driver Inexperience,MANHATTAN,10033.0,"    (40.847996, -73.9347)",1.0,0.0,1,0,0,0,0,0,Station Wagon/Sport Utility Vehicle,,1