UNIQUE_ID,COLLISION_ID,CRASH_DATE,CRASH_TIME,VEHICLE_ID,VEHICLE_TYPE,VEHICLE_MAKE,VEHICLE_YEAR,VEHICLE_OCCUPANTS,DRIVER_SEX,DRIVER_LICENSE_STATUS,PRE_CRASH,POINT_OF_IMPACT,VEHICLE_DAMAGE,VEHICLE_DAMAGE_1,VEHICLE_DAMAGE_2,VEHICLE_DAMAGE_3,PUBLIC_PROPERTY_DAMAGE,PUBLIC_PROPERTY_DAMAGE_TYPE,CONTRIBUTING_FACTOR_1,CONTRIBUTING_FACTOR_2,BOROUGH,ZIP CODE,LOCATION,NUMBER OF PERSONS INJURED,NUMBER OF PERSONS KILLED,NUMBER OF PEDESTRIANS INJURED,NUMBER OF PEDESTRIANS KILLED,NUMBER OF CYCLIST INJURED,NUMBER OF CYCLIST KILLED,NUMBER OF MOTORIST INJURED,NUMBER OF MOTORIST KILLED,VEHICLE TYPE CODE 1,VEHICLE TYPE CODE 2,Severity
20680857,4738371,07/05/2024,11:49,df78abcc-065f-4c8c-b949-0fa3adfc45a8,Station Wagon/Sport Utility Vehicle,TOYT -CAR/SUV,2016.0,1.0,M,Licensed,Making Right Turn,Left Front Quarter Panel,Left Front Quarter Panel,Left Side Doors,No Damage,No Damage,N,,Unspecified,Unspecified,QUEENS,11355.0,"    (40.75425, -73.827835)",0.0,0.0,0,0,0,0,0,0,Station Wagon/Sport Utility Vehicle,Box Truck,0
20702987,4748451,08/17/2024,10:30,78822c2c-c0c5-4cc3-95da-5a9cfdad05c0,Station Wagon/Sport Utility Vehicle,FORD -CAR/SUV,2018.0,0.0,,,Parked,Center Back End,Center Back End,No Damage,No Damage,No Damage,N,,Unspecified,Unspecified,,,,1.0,0.0,0,0,0,0,1,0,Sedan,Sedan,1
20653410,4726140,05/20/2024,12:26,b0a2074d-c416-4b66-ab08-2c152aa3756b,Taxi,TOYT -CAR/SUV,2017.0,0.0,M,Licensed,Going Straight Ahead,Left Front Bumper,Left Front Bumper,No Damage,No Damage,No Damage,N,,Unsafe Lane Changing,Unspecified,MANHATTAN,10028.0,"    (40.778946, -73.96231)",0.0,0.0,0,0,0,0,0,0,Ambulance,Taxi,0
20799797,4779344,12/17/2024,06:59,485b4ac7-9a43-4a4a-bbd7-f0d4633553ea,Sedan,KIA -CAR/SUV,2022.0,1.0,M,Licensed,Making Left Turn,Center Front End,No Damage,No Damage,No Damage,No Damage,N,,Driver Inattention/Distraction,Failure to Yield Right-of-Way,STATEN ISLAND,10306.0,"    (40.564922, -74.11804)",1.0,0.0,1,0,0,0,0,0,Sedan,,1
20646273,4722901,05/07/2024,16:30,1d06005f-4f81-483f-9df2-b0309ddade31,Station Wagon/Sport Utility Vehicle,HOND -CAR/SUV,2022.0,1.0,F,Licensed,Going Straight Ahead,Left Front Bumper,Left Side Doors,,,,N,,Unspecified,Unspecified,,,,0.0,0.0,0,0,0,0,0,0,Station Wagon/Sport Utility Vehicle,PK,0
20647715,4723445,05/09/2024,03:30,0d9d51e7-9257-439d-902b-687679dc16ce,Station Wagon/Sport Utility Vehicle,LINC -CAR/SUV,2019.0,2.0,M,,Merging,Center Back End,Center Back End,Center Front End,,,N,,Unspecified,Unspecified,,,"    (40.666306, -73.79171)",1.0,0.0,0,0,0,0,1,0,Station Wagon/Sport Utility Vehicle,Station Wagon/Sport Utility Vehicle,1
20747592,4744853,08/02/2024,16:30,b5694f70-7efb-4fea-8130-a5d61217d599,Station Wagon/Sport Utility Vehicle,TOYT -CAR/SUV,2004.0,1.0,,,Going Straight Ahead,Right Side Doors,Right Side Doors,Right Side Doors,Right Side Doors,Right Side Doors,N,,Driver Inattention/Distraction,Driver Inexperience,BROOKLYN,11209.0,"    (40.622, -74.03461)",0.0,0.0,0,0,0,0,0,0,Station Wagon/Sport Utility Vehicle,Station Wagon/Sport Utility Vehicle,0
20654125,4726278,05/01/2024,15:43,4a9efe2d-4c85-44ae-94f0-8a15cecf394c,Sedan,HOND -CAR/SUV,2019.0,0.0,F,Licensed,Parked,Left Rear Quarter Panel,Left Rear Bumper,No Damage,No Damage,No Damage,N,,Unspecified,Unspecified,BRONX,10473.0,"    (40.81824, -73.87001)",0.0,0.0,0,0,0,0,0,0,Sedan,Sedan,0
20642442,4715752,04/08/2024,22:20,677c4a48-d309-4c05-ae6b-1bfd61400f59,Station Wagon/Sport Utility Vehicle,CHEV -CAR/SUV,2015.0,2.0,,,Going Straight Ahead,Right Front Bumper,Right Front Bumper,,,,N,,Passing or Lane Usage Improper,Unspecified,QUEENS,11434.0,"    (40.66673, -73.767624)",1.0,0.0,0,0,0,0,1,0,Station Wagon/Sport Utility Vehicle,Station Wagon/Sport Utility Vehicle,1
20781649,4768607,11/03/2024,06:30,6286be0e-2d04-4534-80bf-3d7527535d19,Station Wagon/Sport Utility Vehicle,FORD -CAR/SUV,2019.0,0.0,,,Parked,Left Front Quarter Panel,Left Front Quarter Panel,No Damage,No Damage,No Damage,N,,Unspecified,Unspecified,MANHATTAN,10010.0,"    (40.736973, -73.98247)",0.0,0.0,0,0,0,0,0,0,Bearcat,Station Wagon/Sport Utility Vehicle,0
20752738,4757641,09/19/2024,22:25,848aaad3-f855-44a2-b53f-17bc5deafa69,Sedan,MAZD -CAR/SUV,2018.0,0.0,F,,Going Straight Ahead,Right Side Doors,Right Rear Quarter Panel,Right Front Quarter Panel,,,N,,Unspecified,Unspecified,BROOKLYN,11210.0,"    (40.638447, -73.95117)",0.0,0.0,0,0,0,0,0,0,Station Wagon/Sport Utility Vehicle,Sedan,0
20643821,4721754,05/02/2024,12:00,b607f76b-bc89-4329-a521-52a2521ce83e,Sedan,BMW -CAR/SUV,2011.0,3.0,M,Licensed,Going Straight Ahead,Center Back End,Center Back End,,,,N,,Unspecified,Unspecified,QUEENS,11363.0,"    (40.76226, -73.75699)",1.0,0.0,0,0,0,0,1,0,Sedan,Station Wagon/Sport Utility Vehicle,1
20772251,4766755,10/23/2024,14:16,62c351e5-8f6e-4163-a9c6-10ee9762d237,Station Wagon/Sport Utility Vehicle,DODG -CAR/SUV,2018.0,1.0,,,Going Straight Ahead,No Damage,No Damage,No Damage,No Damage,No Damage,N,,Unspecified,Unspecified,QUEENS,11421.0,"    (40.694023, -73.86549)",0.0,0.0,0,0,0,0,0,0,Station Wagon/Sport Utility Vehicle,,0
20640061,4719713,04/24/2024,14:55,732bc185-642d-437d-bdbd-873b6c14236b,Sedan,CHRY -CAR/SUV,2016.0,1.0,M,Licensed,Going Straight Ahead,Left Front Bumper,Left Front Bumper,Left Front Bumper,,,N,,Unspecified,Unspecified,,,"    (40.810764, -73.9526)",1.0,0.0,1,0,0,0,0,0,Sedan,,1
20634686,4717315,04/14/2024,18:00,a20f7e23-c0b0-40f0-ae93-c95aa9195719,Sedan,HOND -CAR/SUV,2017.0,1.0,M,Licensed,Parked,Left Front Bumper,Left Front Bumper,Left Front Quarter Panel,,,Unspecified,,Unspecified,Unspecified,BROOKLYN,11208.0,"    (40.660328, -73.86824)",0.0,0.0,0,0,0,0,0,0,Sedan,Sedan,0
20653047,4725832,05/19/2024,12:00,76f73ebc-c0d5-4a53-9a8d-6ff3df23c992,Sedan,HOND -CAR/SUV,2020.0,1.0,M,Licensed,Making Right Turn,Right Rear Quarter Panel,Right Rear Quarter Panel,,,,N,,Unspecified,Unspecified,QUEENS,11377.0,"    (40.757374, -73.90369)",1.0,0.0,0,0,0,0,1,0,Sedan,Electric M,1
20654239,4726229,05/21/2024,07:10,5bea4726-668b-4aa0-a5fb-30bf65245eac,Station Wagon/Sport Utility Vehicle,ACUR -CAR/SUV,2019.0,1.0,M,Licensed,Making Right Turn,Left Front Quarter Panel,Left Front Quarter Panel,Left Front Bumper,,,N,,Unspecified,Unspecified,,,"    (40.57456, -74.10565)",0.0,0.0,0,0,0,0,0,0,Station Wagon/Sport Utility Vehicle,Station Wagon/Sport Utility Vehicle,0
20636604,4718461,04/15/2024,11:50,8b0e5950-241c-4f1d-93a0-8784d2d2706d,Dump,FORD-TRUCK/BUS,2019.0,1.0,M,Licensed,Going Straight Ahead,Left Front Quarter Panel,No Damage,No Damage,No Damage,No Damage,N,,Passing Too Closely,Oversized Vehicle,BROOKLYN,11215.0,"    (40.671978, -73.98158)",1.0,0.0,0,0,0,0,1,0,Station Wagon/Sport Utility Vehicle,Dump,1
20625303,4713398,03/29/2024,10:15,46ebcd73-bfc2-40e0-9134-124229223df4,Station Wagon/Sport Utility Vehicle,FORD -CAR/SUV,2009.0,4.0,M,Licensed,Changing Lanes,Right Rear Quarter Panel,Right Rear Quarter Panel,No Damage,No Damage,No Damage,Unspecified,,Unsafe Lane Changing,Unspecified,BROOKLYN,11231.0,"    (40.681725, -73.996216)",3.0,0.0,0,0,0,0,3,0,Van,Station Wagon/Sport Utility Vehicle,1
20744822,4747601,08/10/2024,18:10,68a30fd7-4124-4690-996d-942ad52c48c9,Station Wagon/Sport Utility Vehicle,BUIC -CAR/SUV,2016.0,2.0,,,Slowing or Stopping,Center Front End,Center Front End,,,,N,,Driver Inattention/Distraction,,BROOKLYN,11201.0,"    (40.68836, -73.988495)",1.0,0.0,0,0,0,0,1,0,Sedan,Station Wagon/Sport Utility Vehicle,1
20705275,4749599,08/20/2024,08:50,06883d2d-330d-4590-a87d-d5ff2b07eb81,Moped,ZHIL,2023.0,1.0,M,Licensed,Going Straight Ahead,Center Front End,Left Front Bumper,,,,N,,Unspecified,Unspecified,,,,1.0,0.0,0,0,0,0,1,0,Station Wagon/Sport Utility Vehicle,Moped,1
20609348,4705923,02/28/2024,14:20,4042b359-a664-469c-9c95-6eabb554b031,Station Wagon/Sport Utility Vehicle,TOYT -CAR/SUV,2022.0,3.0,M,Licensed,Stopped in Traffic,Center Back End,Right Rear Bumper,Left Rear Bumper,Right Rear Quarter Panel,Left Rear Quarter Panel,N,,Unspecified,Unspecified,BROOKLYN,11218.0,"    (40.643906, -73.96856)",2.0,0.0,0,0,0,0,2,0,Station Wagon/Sport Utility Vehicle,Station Wagon/Sport Utility Vehicle,1
20640128,4717828,04/15/2024,20:26,ea10843e-bc96-4ad2-ad17-90c9777e214a,Station Wagon/Sport Utility Vehicle,HOND -CAR/SUV,2015.0,0.0,,,Parked,Right Side Doors,Right Side Doors,Right Rear Quarter Panel,No Damage,No Damage,N,,Unspecified,Unspecified,BRONX,10457.0,"    (40.853905, -73.89864)",2.0,0.0,0,0,0,0,2,0,Motorcycle,Station Wagon/Sport Utility Vehicle,1
20587458,4696046,01/13/2024,18:55,3cd567a3-fc4b-4895-b769-0707c1a750b4,Pick-up Truck,LINC -CAR/SUV,2022.0,1.0,F,Licensed,Making Right Turn,No Damage,No Damage,,,,N,,Unspecified,Unspecified,BROOKLYN,11229.0,"    (40.6056, -73.95958)",1.0,0.0,1,0,0,0,0,0,Pick-up Truck,,1
20672642,4734933,06/22/2024,18:07,d0994437-a204-4a1f-9f46-373cfaa5b8d8,Station Wagon/Sport Utility Vehicle,TOYT -CAR/SUV,2018.0,1.0,M,Licensed,Stopped in Traffic,Center Back End,Center Back End,Right Rear Bumper,,,N,,Unspecified,Unspecified,BRONX,10460.0,"    (40.847233, -73.882)",0.0,0.0,0,0,0,0,0,0,Station Wagon/Sport Utility Vehicle,Station Wagon/Sport Utility Vehicle,0
20793466,4776219,12/04/2024,09:17,9e0d9e2c-fdd3-4bbe-832f-7d7d4605166a,Station Wagon/Sport Utility Vehicle,NISS -CAR/SUV,2007.0,0.0,,,Parked,Left Rear Bumper,Left Rear Bumper,Left Rear Quarter Panel,Center Back End,,N,,Unspecified,Unspecified,QUEENS,11363.0,"    (40.7722, -73.74175)",0.0,0.0,0,0,0,0,0,0,Station Wagon/Sport Utility Vehicle,Station Wagon/Sport Utility Vehicle,0
20616551,4709388,03/13/2024,19:40,7ed92a5a-14a1-4486-80f8-4fde184f9993,Station Wagon/Sport Utility Vehicle,FORD -CAR/SUV,2023.0,1.0,M,Licensed,Making Left Turn,Center Front End,Center Front End,No Damage,No Damage,No Damage,N,,Passing or Lane Usage Improper,Unspecified,BROOKLYN,11236.0,"    (40.63874, -73.8952)",1.0,0.0,0,0,0,0,1,0,Station Wagon/Sport Utility Vehicle,Station Wagon/Sport Utility Vehicle,1
20616995,4709696,03/06/2024,22:13,2a074097-3f91-4f15-aa60-edb86045326b,Dump,Crane nontransferable dump,2020.0,1.0,M,Licensed,Going Straight Ahead,Center Front End,Center Front End,No Damage,No Damage,No Damage,N,,Unspecified,Unspecified,MANHATTAN,10016.0,"    (40.7485, -73.974976)",1.0,0.0,0,0,1,0,0,0,Dump,Bike,1
20715806,4754334,08/18/2024,21:00,b3fe1564-32c7-4d70-ab8b-922eb7c8f959,Station Wagon/Sport Utility Vehicle,TOYT -CAR/SUV,2023.0,3.0,M,Licensed,Stopped in Traffic,Center Back End,Center Back End,Right Rear Bumper,Left Rear Bumper,Center Front End,N,,Following Too Closely,Unspecified,,,,0.0,0.0,0,0,0,0,0,0,Sedan,Sedan,0
20652919,4725808,05/18/2024,12:10,fcae29f5-f4db-49f7-8b86-2ff19becc8ac,Station Wagon/Sport Utility Vehicle,NISS -CAR/SUV,2011.0,1.0,M,Licensed,Making Left Turn,Right Front Bumper,Right Front Bumper,Right Front Bumper,Right Front Bumper,Right Front Bumper,Unspecified,,Failure to Yield Right-of-Way,Failure to Yield Right-of-Way,BRONX,10472.0,"    (40.830025, -73.872765)",0.0,0.0,0,0,0,0,0,0,Bike,Station Wagon/Sport Utility Vehicle,0
20602183,4702939,02/15/2024,13:54,85c3c51f-9ae3-43b6-a515-564f7b996456,Sedan,MAZD -CAR/SUV,2022.0,0.0,F,Licensed,Parked,Right Side Doors,Right Side Doors,Right Front Quarter Panel,Right Rear Quarter Panel,,N,,Unspecified,Unspecified,QUEENS,11374.0,"    (40.711597, -73.85819)",0.0,0.0,0,0,0,0,0,0,Sedan,,0
20580141,4692912,01/05/2024,20:00,0657b892-bcb3-47fb-b3c6-2eb3cf362296,Box Truck,FRUEHAUF,2024.0,1.0,M,Licensed,Merging,Right Rear Bumper,No Damage,,,,N,,Unsafe Lane Changing,Unspecified,,,"    (40.8451, -73.91878)",1.0,0.0,0,0,0,0,1,0,Station Wagon/Sport Utility Vehicle,Box Truck,1
20743851,4757466,09/11/2024,18:20,ed948cc8-ad66-4b80-9743-84a7e152e2f2,Garbage or Refuse,MACK-TRUCK/BUS,2018.0,0.0,,,Parked,Left Front Bumper,No Damage,No Damage,No Damage,No Damage,N,,Unspecified,Unspecified,MANHATTAN,10036.0,"    (40.75969, -73.98963)",0.0,0.0,0,0,0,0,0,0,Garbage or Refuse,Sedan,0
20735794,4763483,10/14/2024,05:30,fc865e6b-a884-4339-ae4b-1548d2e0ecef,Sedan,TOYT -CAR/SUV,2021.0,0.0,,,Parked,Left Front Quarter Panel,Left Side Doors,,,,Unspecified,,Unspecified,Unspecified,,,"    (40.620598, -74.13537)",0.0,0.0,0,0,0,0,0,0,Sedan,Sedan,0
20806759,4782865,12/29/2024,06:02,0e560491-e343-4ee3-9094-f550ca18ef71,Station Wagon/Sport Utility Vehicle,NISS -CAR/SUV,2017.0,1.0,M,Unlicensed,Going Straight Ahead,Right Front Bumper,Right Front Bumper,Right Front Bumper,Right Front Bumper,,N,,Alcohol Involvement,Unspecified,BROOKLYN,11225.0,"    (40.65745, -73.95656)",0.0,0.0,0,0,0,0,0,0,Station Wagon/Sport Utility Vehicle,Station Wagon/Sport Utility Vehicle,0
20649383,4724257,05/12/2024,12:15,251e4b51-dd5b-40b3-9dec-3fb41b796f95,Sedan,BMW -CAR/SUV,2008.0,1.0,M,Licensed,Going Straight Ahead,Center Front End,Center Front End,Left Front Bumper,Right Front Bumper,,N,,Following Too Closely,Following Too Closely,,,"    (40.585026, -73.958275)",0.0,0.0,0,0,0,0,0,0,Sedan,Station Wagon/Sport Utility Vehicle,0
20805146,4782031,12/27/2024,17:10,d96b437d-5ece-4ad5-9677-21bd996cc62c,Sedan,MERZ -CAR/SUV,,1.0,,,Going Straight Ahead,Right Rear Quarter Panel,Right Rear Quarter Panel,Right Side Doors,Right Side Doors,Right Side Doors,N,,Driver Inattention/Distraction,Driver Inattention/Distraction,,,"    (40.790752, -73.98137)",0.0,0.0,0,0,0,0,0,0,Sedan,Sedan,0
20804337,4781541,12/25/2024,22:03,c943c5cd-b555-48b2-a529-285d29575a38,Sedan,MAZD -CAR/SUV,2024.0,0.0,,,Parked,Center Back End,Center Back End,Left Rear Bumper,Left Rear Bumper,Center Back End,N,,Unspecified,Unspecified,QUEENS,11368.0,"    (40.739777, -73.860306)",0.0,0.0,0,0,0,0,0,0,Sedan,Sedan,0
20646389,4722932,05/07/2024,14:50,24194461-7ceb-4759-953f-0b0da8d6be97,Chassis Cab,KW-TRUCK/BUS,2022.0,1.0,M,Licensed,Going Straight Ahead,Left Front Bumper,No Damage,No Damage,No Damage,No Damage,N,,Driver Inattention/Distraction,Unspecified,,,"    (40.675755, -73.95977)",0.0,0.0,0,0,0,0,0,0,Chassis Cab,Box Truck,0
20793670,4776600,12/02/2024,00:00,0ff288cb-e627-443d-95ce-5de7984dc11a,Sedan,NISS -CAR/SUV,2012.0,1.0,F,Licensed,Going Straight Ahead,Center Front End,Right Front Bumper,Center Front End,,,N,,Unspecified,Unspecified,MANHATTAN,10011.0,"    (40.738686, -73.99587)",1.0,0.0,0,0,0,0,1,0,Sedan,,1
20637423,4718988,04/20/2024,18:15,fd5d681b-4616-4c50-9417-5772a6f14ff8,Sedan,INFI -CAR/SUV,2013.0,1.0,M,Licensed,Going Straight Ahead,Left Side Doors,Left Side Doors,,,,N,,Unspecified,Unspecified,BROOKLYN,11216.0,"    (40.678455, -73.949684)",1.0,0.0,0,0,1,0,0,0,Sedan,Bike,1
20618316,4710465,03/17/2024,00:31,9f7f90f7-1600-468c-bb37-144b70a7234b,Sedan,VOLK -CAR/SUV,2009.0,0.0,,,Parked,Center Back End,Center Front End,Right Rear Bumper,Left Rear Bumper,Left Front Bumper,N,,Unspecified,Unspecified,STATEN ISLAND,10312.0,"    (40.54786, -74.1806)",0.0,0.0,0,0,0,0,0,0,Station Wagon/Sport Utility Vehicle,Sedan,0
20785156,4764061,10/16/2024,11:30,a88594fc-861b-4f34-8415-8f9270fde802,Pick-up Truck,FORD -CAR/SUV,2023.0,1.0,M,Licensed,Going Straight Ahead,Center Front End,Center Front End,,,,N,,Passing Too Closely,Driver Inattention/Distraction,QUEENS,11103.0,"    (40.758602, -73.91379)",0.0,0.0,0,0,0,0,0,0,Pick-up Truck,Sedan,0
20635984,4718042,04/17/2024,10:15,29e7f549-ce05-431c-aff1-8292b138e597,BACKHOE,DEERE,,1.0,,,Parked,Center Front End,No Damage,,,,N,,Unspecified,Unspecified,BROOKLYN,11208.0,"    (40.677704, -73.86867)",0.0,0.0,0,0,0,0,0,0,Sedan,BACKHOE,0
20683298,4739634,07/11/2024,18:20,6f3cc6cb-a87d-422a-8fba-b6bef98913d4,Station Wagon/Sport Utility Vehicle,HOND -CAR/SUV,2021.0,1.0,M,Licensed,Going Straight Ahead,Left Rear Bumper,Left Front Quarter Panel,Left Rear Bumper,Left Rear Quarter Panel,Left Side Doors,N,,Unspecified,Unspecified,QUEENS,11432.0,"    (40.712067, -73.79476)",0.0,0.0,0,0,0,0,0,0,Station Wagon/Sport Utility Vehicle,,0
20651220,4725000,05/15/2024,01:25,c210eebd-a8ad-486e-bae2-f52866242507,Sedan,INFI -CAR/SUV,2012.0,0.0,,,Parked,Left Rear Quarter Panel,Left Rear Quarter Panel,Left Front Quarter Panel,Left Front Bumper,Center Front End,N,,Unspecified,Unspecified,BROOKLYN,11226.0,"    (40.655964, -73.95477)",0.0,0.0,0,0,0,0,0,0,Station Wagon/Sport Utility Vehicle,Sedan,0
20593091,4698715,01/29/2024,18:50,1028a3c5-15ba-4d05-8596-713c56ad167b,Sedan,SUBA -CAR/SUV,2017.0,0.0,,,Parked,Left Side Doors,Left Side Doors,,,,N,,Unspecified,Unspecified,BROOKLYN,11217.0,"    (40.685223, -73.988716)",0.0,0.0,0,0,0,0,0,0,Sedan,Tractor Truck Diesel,0
20608810,4700082,01/31/2024,14:00,33a1b49e-c0a3-47d4-bf25-d1cecd36af9e,Station Wagon/Sport Utility Vehicle,MAZD -CAR/SUV,2011.0,1.0,F,Licensed,Going Straight Ahead,Center Back End,Center Back End,No Damage,No Damage,No Damage,N,,Unspecified,Unspecified,QUEENS,11417.0,"    (40.667114, -73.834656)",2.0,0.0,0,0,0,0,2,0,Station Wagon/Sport Utility Vehicle,Station Wagon/Sport Utility Vehicle,1
20773314,4765875,10/23/2024,16:04,dd4ad5a1-2a50-4cec-a4eb-75f336661689,Sedan,HOND -CAR/SUV,2018.0,1.0,M,Licensed,Slowing or Stopping,Right Side Doors,Right Side Doors,,,,N,,Passenger Distraction,Driver Inexperience,BROOKLYN,11217.0,"    (40.68405, -73.97746)",1.0,0.0,0,0,1,0,0,0,Bike,Sedan,1
20733536,4762403,10/08/2024,09:40,1a47073d-2978-439f-8e7c-f385ca1e9630,Station Wagon/Sport Utility Vehicle,LNDR -CAR/SUV,2021.0,1.0,F,Licensed,Going Straight Ahead,Center Back End,Center Back End,Right Rear Bumper,Left Rear Bumper,,N,,Unspecified,Unspecified,,,"    (40.69511, -73.81249)",3.0,0.0,0,0,0,0,3,0,Station Wagon/Sport Utility Vehicle,Station Wagon/Sport Utility Vehicle,1
20644849,4721897,05/04/2024,04:34,30b84316-81ae-4ab7-87e9-a89984cb1ca1,amb,ford,2023.0,2.0,M,Licensed,Parked,Left Rear Bumper,Left Rear Bumper,Left Rear Quarter Panel,,,N,,Unspecified,Unspecified,QUEENS,11373.0,"    (40.737225, -73.8757)",0.0,0.0,0,0,0,0,0,0,amb,Sedan,0
20772738,4766867,10/27/2024,01:40,75982b09-a143-44df-873a-d2fdc8bbd0f5,Sedan,TOYT -CAR/SUV,2019.0,0.0,,,Going Straight Ahead,Demolished,Center Back End,Roof,Center Front End,Right Rear Bumper,N,,Unspecified,Unspecified,,,"    (40.806343, -73.93318)",0.0,0.0,0,0,0,0,0,0,Taxi,Sedan,0
20655006,4726705,05/20/2024,09:00,e43b9bac-661d-42d0-aa42-f0546d9dae01,Sedan,FORD -CAR/SUV,2018.0,1.0,M,Licensed,Making Right Turn,Center Back End,Center Back End,,,,N,,Unspecified,Unspecified,,,,0.0,0.0,0,0,0,0,0,0,Sedan,Sedan,0
20679641,4738055,07/05/2024,13:00,4549b16d-4273-475a-915b-17df6b6c3728,Bus,FORD-TRUCK/BUS,2016.0,0.0,,,Parked,Center Back End,Center Back End,Left Rear Bumper,Right Rear Bumper,,N,,Unspecified,Unspecified,QUEENS,11375.0,"    (40.731617, -73.85149)",1.0,0.0,0,0,0,0,1,0,Station Wagon/Sport Utility Vehicle,Bus,1
20752151,4744825,07/31/2024,07:41,366ba85b-bcd7-4dca-b2c9-abfa20c16bd6,Sedan,HYUN -CAR/SUV,2019.0,1.0,,,Going Straight Ahead,Right Rear Quarter Panel,Right Rear Quarter Panel,No Damage,No Damage,No Damage,N,,Driver Inattention/Distraction,Passing Too Closely,QUEENS,11358.0,"    (40.75746, -73.78749)",0.0,0.0,0,0,0,0,0,0,Sedan,Sedan,0
20742980,4745317,08/04/2024,09:00,2e0c6db4-c9de-43e5-8ca6-a725a675a427,Sedan,FORD -CAR/SUV,2012.0,0.0,M,Licensed,Backing,Center Back End,No Damage,,,,N,,Driver Inexperience,Driver Inattention/Distraction,BROOKLYN,11236.0,"    (40.63182, -73.90786)",0.0,0.0,0,0,0,0,0,0,Sedan,,0
20650456,4724753,05/10/2024,13:43,610e8058-a440-4794-b9b1-c5f3c4a9c05c,Bus,TRANSRAFT CORP,2018.0,1.0,F,Licensed,Going Straight Ahead,Right Rear Quarter Panel,Right Rear Quarter Panel,,,,N,,Driver Inattention/Distraction,Passing or Lane Usage Improper,,,"    (40.69324, -73.92865)",0.0,0.0,0,0,0,0,0,0,Sedan,Bus,0
20659944,4729105,06/01/2024,11:39,fbe64bd3-9d80-4d81-8d03-522a5df5c204,Station Wagon/Sport Utility Vehicle,TOYT -CAR/SUV,2010.0,2.0,M,Licensed,Making Left Turn,Center Front End,Center Front End,,,,N,,Driver Inattention/Distraction,Driver Inexperience,QUEENS,11420.0,"    (40.66386, -73.82297)",2.0,0.0,0,0,0,0,2,0,Station Wagon/Sport Utility Vehicle,Station Wagon/Sport Utility Vehicle,1
20750601,4746645,08/03/2024,05:00,6df7683f-a2d2-4aa1-a109-5e205d6d213a,Sedan,HOND -CAR/SUV,2015.0,1.0,,,Going Straight Ahead,Left Front Bumper,No Damage,,,,N,,Driver Inattention/Distraction,,QUEENS,11418.0,"    (40.698307, -73.8339)",1.0,0.0,0,0,1,0,0,0,Sedan,,1
20750659,4745330,08/03/2024,05:26,db51f973-9a20-45aa-86a3-202c246ca7d0,Sedan,CHEV -CAR/SUV,2010.0,1.0,M,Permit,Going Straight Ahead,Center Front End,Right Front Bumper,No Damage,No Damage,No Damage,N,,Alcohol Involvement,Driver Inattention/Distraction,BROOKLYN,11218.0,"    (40.654377, -73.97914)",1.0,0.0,0,0,0,0,1,0,Sedan,Sedan,1
20593050,4698645,01/29/2024,09:40,7a5fe96f-55aa-4fdd-b889-36e3efcfae33,Sedan,MERZ -CAR/SUV,2016.0,1.0,M,Licensed,Going Straight Ahead,Left Front Bumper,Left Front Bumper,No Damage,No Damage,No Damage,N,,Unspecified,Unspecified,MANHATTAN,10281.0,"    (0.0, 0.0)",0.0,0.0,0,0,0,0,0,0,Sedan,,0
20667824,4732812,06/14/2024,08:16,3ce5394d-c304-4f4d-bb99-cacb056e1f08,Sedan,HYUN -CAR/SUV,2022.0,1.0,F,Licensed,Going Straight Ahead,Left Front Bumper,Center Front End,Right Front Bumper,Left Side Doors,Left Rear Quarter Panel,Y,,Unsafe Speed,Unsafe Speed,BROOKLYN,11236.0,"    (40.63862, -73.89105)",2.0,0.0,0,0,0,0,2,0,Sedan,Sedan,1
20603083,4703155,02/16/2024,16:20,dd392bac-42e2-4f2f-bd5c-62962a83d970,Station Wagon/Sport Utility Vehicle,DODG -CAR/SUV,2023.0,1.0,M,Licensed,Making Left Turn,No Damage,No Damage,,,,N,,Driver Inattention/Distraction,Driver Inattention/Distraction,BRONX,10458.0,"    (40.86463, -73.892136)",1.0,0.0,1,0,0,0,0,0,Station Wagon/Sport Utility Vehicle,,1
20752622,4745157,08/01/2024,15:40,4029e011-d744-4460-bee4-e86ba9063d20,Station Wagon/Sport Utility Vehicle,ACUR -CAR/SUV,2019.0,1.0,F,Licensed,Going Straight Ahead,Right Front Bumper,Right Front Quarter Panel,Right Side Doors,No Damage,No Damage,N,,Driver Inattention/Distraction,Unspecified,STATEN ISLAND,10306.0,"    (40.571243, -74.13817)",0.0,0.0,0,0,0,0,0,0,Sedan,Station Wagon/Sport Utility Vehicle,0
20593262,4698729,01/29/2024,07:30,5ef63336-5ca2-4443-b337-2b2de134b3a1,Station Wagon/Sport Utility Vehicle,NISS -CAR/SUV,2023.0,1.0,M,Licensed,Going Straight Ahead,Center Front End,Left Front Bumper,Left Front Quarter Panel,Center Front End,,N,,Unspecified,Unspecified,,,"    (40.590706, -74.165794)",0.0,0.0,0,0,0,0,0,0,Sedan,Station Wagon/Sport Utility Vehicle,0
20759806,4762854,10/07/2024,17:30,96c9eb63-56d4-4b1b-a84d-f457c2f47faa,Sedan,BMW -CAR/SUV,2020.0,1.0,M,,Going Straight Ahead,Left Front Bumper,Left Front Bumper,Center Front End,Right Front Bumper,No Damage,N,,Passing or Lane Usage Improper,Unspecified,QUEENS,11436.0,"    (40.667004, -73.793976)",1.0,0.0,0,0,0,0,1,0,Sedan,Station Wagon/Sport Utility Vehicle,1